Transaction Type Index,Transaction Name,Start Time (microseconds),Latency (microseconds),Worker Id (start number),Phase Id (index in config file)
2,Payment,1771507208.451621,111667,16,1
1,NewOrder,1771507208.451624,125616,1,1
2,Payment,1771507208.451627,83853,2,1
1,NewOrder,1771507208.451629,149538,4,1
2,Payment,1771507208.451643,125661,3,1
1,NewOrder,1771507208.451644,166218,6,1
1,NewOrder,1771507208.451677,170052,13,1
2,Payment,1771507208.451726,161773,5,1
1,NewOrder,1771507208.451729,170121,0,1
1,NewOrder,1771507208.451743,150859,7,1
3,OrderStatus,1771507208.451761,71519,8,1
2,Payment,1771507208.451791,135668,9,1
2,Payment,1771507208.451803,111994,10,1
4,Delivery,1771507208.451951,155551,11,1
5,StockLevel,1771507208.452174,121965,12,1
1,NewOrder,1771507208.452400,117025,15,1
2,Payment,1771507208.452605,155018,14,1
1,NewOrder,1771507208.452829,164153,18,1
1,NewOrder,1771507208.453039,168323,17,1
3,OrderStatus,1771507208.453241,91156,19,1
1,NewOrder,1771507208.453482,180160,20,1
2,Payment,1771507208.453662,97900,21,1
1,NewOrder,1771507208.453874,115997,22,1
1,NewOrder,1771507208.454077,155597,23,1
2,Payment,1771507208.523510,103819,8,1
1,NewOrder,1771507208.535559,47539,2,1
2,Payment,1771507208.544466,26624,19,1
5,StockLevel,1771507208.551711,27829,21,1
1,NewOrder,1771507208.563361,80548,16,1
2,Payment,1771507208.563886,41159,10,1
2,Payment,1771507208.569492,58244,15,1
4,Delivery,1771507208.569941,59471,22,1
1,NewOrder,1771507208.571128,50676,19,1
5,StockLevel,1771507208.574207,20607,12,1
1,NewOrder,1771507208.577311,25703,1,1
1,NewOrder,1771507208.577370,71012,3,1
4,Delivery,1771507208.579563,50646,21,1
1,NewOrder,1771507208.583137,16218,2,1
1,NewOrder,1771507208.587524,44239,9,1
1,NewOrder,1771507208.594857,60526,12,1
2,Payment,1771507208.599387,49762,2,1
2,Payment,1771507208.601235,65922,4,1
1,NewOrder,1771507208.602656,40419,7,1
1,NewOrder,1771507208.603055,30594,1,1
1,NewOrder,1771507208.605081,56156,10,1
2,Payment,1771507208.607568,32861,11,1
2,Payment,1771507208.607689,30876,14,1
2,Payment,1771507208.609739,33951,23,1
1,NewOrder,1771507208.613563,74233,5,1
1,NewOrder,1771507208.617065,29241,18,1
1,NewOrder,1771507208.617913,25692,6,1
2,Payment,1771507208.621427,42582,17,1
2,Payment,1771507208.621765,60028,13,1
1,NewOrder,1771507208.621845,25005,19,1
2,Payment,1771507208.622037,55758,0,1
1,NewOrder,1771507208.627372,32516,8,1
2,Payment,1771507208.627779,65004,15,1
2,Payment,1771507208.629457,25898,22,1
1,NewOrder,1771507208.630252,32679,21,1
1,NewOrder,1771507208.631805,17913,9,1
2,Payment,1771507208.633673,58206,1,1
2,Payment,1771507208.633704,31837,20,1
2,Payment,1771507208.638593,65790,14,1
1,NewOrder,1771507208.640470,41647,11,1
2,Payment,1771507208.643121,11423,7,1
2,Payment,1771507208.643634,23464,6,1
3,OrderStatus,1771507208.643750,10499,23,1
2,Payment,1771507208.643952,69248,16,1
1,NewOrder,1771507208.646333,24139,18,1
2,Payment,1771507208.646871,28858,19,1
2,Payment,1771507208.648426,6849,3,1
2,Payment,1771507208.649177,62857,2,1
1,NewOrder,1771507208.649760,22081,9,1
1,NewOrder,1771507208.654292,21729,23,1
1,NewOrder,1771507208.654588,28881,7,1
1,NewOrder,1771507208.655319,11322,3,1
2,Payment,1771507208.655390,29468,22,1
2,Payment,1771507208.655411,68010,12,1
2,Payment,1771507208.659918,13805,8,1
3,OrderStatus,1771507208.661265,6597,10,1
2,Payment,1771507208.662966,32045,21,1
1,NewOrder,1771507208.664054,14780,17,1
4,Delivery,1771507208.665584,34931,20,1
2,Payment,1771507208.666676,39626,3,1
2,Payment,1771507208.667115,19758,6,1
2,Payment,1771507208.667197,57485,4,1
1,NewOrder,1771507208.667907,30638,10,1
1,NewOrder,1771507208.670488,26398,18,1
1,NewOrder,1771507208.671884,39067,9,1
1,NewOrder,1771507208.673762,35497,8,1
1,NewOrder,1771507208.675764,21655,19,1
1,NewOrder,1771507208.676068,21423,23,1
1,NewOrder,1771507208.677839,25000,0,1
1,NewOrder,1771507208.678853,23547,17,1
2,Payment,1771507208.681835,50171,13,1
1,NewOrder,1771507208.682152,21289,11,1
2,Payment,1771507208.683492,13304,7,1
2,Payment,1771507208.684899,24720,22,1
2,Payment,1771507208.686917,20323,6,1
2,Payment,1771507208.687819,50781,5,1
2,Payment,1771507208.691931,58231,1,1
1,NewOrder,1771507208.692824,29899,15,1
1,NewOrder,1771507208.695055,13880,21,1
1,NewOrder,1771507208.696843,17615,7,1
2,Payment,1771507208.696930,26643,18,1
1,NewOrder,1771507208.697458,19037,19,1
1,NewOrder,1771507208.697531,8320,23,1
2,Payment,1771507208.698575,16433,10,1
3,OrderStatus,1771507208.700555,5932,20,1
2,Payment,1771507208.702422,41965,17,1
2,Payment,1771507208.702883,59140,0,1
2,Payment,1771507208.703484,32379,11,1
2,Payment,1771507208.704418,54493,14,1
2,Payment,1771507208.705865,26387,23,1
5,StockLevel,1771507208.706338,30563,3,1
1,NewOrder,1771507208.706529,11654,20,1
1,NewOrder,1771507208.707278,16008,6,1
1,NewOrder,1771507208.708965,23270,21,1
4,Delivery,1771507208.709281,70556,8,1
1,NewOrder,1771507208.709659,30103,22,1
2,Payment,1771507208.710979,10576,9,1
1,NewOrder,1771507208.712076,30766,2,1
3,OrderStatus,1771507208.713243,7021,16,1
2,Payment,1771507208.714510,13199,7,1
1,NewOrder,1771507208.715029,23682,10,1
2,Payment,1771507208.716537,26787,19,1
1,NewOrder,1771507208.718225,20956,20,1
2,Payment,1771507208.720329,52216,16,1
1,NewOrder,1771507208.721576,33863,9,1
1,NewOrder,1771507208.722768,61253,15,1
1,NewOrder,1771507208.723330,30627,6,1
2,Payment,1771507208.723464,71138,12,1
3,OrderStatus,1771507208.723617,10981,18,1
1,NewOrder,1771507208.724723,30167,4,1
1,NewOrder,1771507208.727753,38181,7,1
1,NewOrder,1771507208.732051,35058,13,1
1,NewOrder,1771507208.732266,26649,21,1
2,Payment,1771507208.732294,21054,23,1
1,NewOrder,1771507208.734640,45884,18,1
2,Payment,1771507208.735898,13982,11,1
1,NewOrder,1771507208.736942,42920,3,1
1,NewOrder,1771507208.738631,23325,5,1
2,Payment,1771507208.738752,22806,10,1
2,Payment,1771507208.739223,23329,20,1
1,NewOrder,1771507208.739792,18437,22,1
2,Payment,1771507208.742863,28166,2,1
1,NewOrder,1771507208.743370,31685,19,1
1,NewOrder,1771507208.744425,50638,17,1
1,NewOrder,1771507208.749921,31058,11,1
1,NewOrder,1771507208.750213,28056,1,1
2,Payment,1771507208.753391,17974,23,1
1,NewOrder,1771507208.754017,32923,6,1
1,NewOrder,1771507208.754930,19532,4,1
2,Payment,1771507208.755463,21065,9,1
1,NewOrder,1771507208.758250,35476,22,1
1,NewOrder,1771507208.758951,43609,21,1
1,NewOrder,1771507208.758954,94005,14,1
2,Payment,1771507208.761601,31231,10,1
2,Payment,1771507208.762002,19751,5,1
2,Payment,1771507208.762064,55626,0,1
1,NewOrder,1771507208.762594,27294,20,1
1,NewOrder,1771507208.765984,45273,7,1
5,StockLevel,1771507208.767142,46676,13,1
1,NewOrder,1771507208.771065,28940,2,1
1,NewOrder,1771507208.771407,23587,23,1
5,StockLevel,1771507208.772576,44711,16,1
5,StockLevel,1771507208.774505,30236,4,1
4,Delivery,1771507208.775427,32359,19,1
1,NewOrder,1771507208.776573,44146,9,1
3,OrderStatus,1771507208.778310,9374,1,1
1,NewOrder,1771507208.779882,49447,8,1
2,Payment,1771507208.779905,17181,3,1
2,Payment,1771507208.780567,15569,18,1
1,NewOrder,1771507208.781046,19553,11,1
1,NewOrder,1771507208.781791,32459,5,1
1,NewOrder,1771507208.784061,52852,15,1
2,Payment,1771507208.786983,22545,6,1
1,NewOrder,1771507208.787721,26045,1,1
1,NewOrder,1771507208.789934,29930,20,1
1,NewOrder,1771507208.792874,29632,10,1
1,NewOrder,1771507208.793769,20470,22,1
2,Payment,1771507208.794647,17762,12,1
2,Payment,1771507208.795028,12316,23,1
1,NewOrder,1771507208.795098,39097,17,1
5,StockLevel,1771507208.796188,39496,18,1
5,StockLevel,1771507208.797126,18838,3,1
1,NewOrder,1771507208.800041,28666,2,1
2,Payment,1771507208.800643,17519,11,1
1,NewOrder,1771507208.802600,31106,21,1
3,OrderStatus,1771507208.804784,5973,4,1
2,Payment,1771507208.807376,8714,23,1
2,Payment,1771507208.807830,16243,19,1
1,NewOrder,1771507208.809548,34299,6,1
2,Payment,1771507208.810777,16328,4,1
2,Payment,1771507208.811303,27834,7,1
2,Payment,1771507208.812427,16292,12,1
1,NewOrder,1771507208.813806,15523,1,1
2,Payment,1771507208.813861,26908,13,1
1,NewOrder,1771507208.814283,27599,5,1
2,Payment,1771507208.814283,19921,22,1
2,Payment,1771507208.816010,23088,3,1
1,NewOrder,1771507208.816131,22509,23,1
1,NewOrder,1771507208.817312,26834,16,1
3,OrderStatus,1771507208.817732,14852,0,1
5,StockLevel,1771507208.818193,24015,11,1
2,Payment,1771507208.819904,22661,20,1
1,NewOrder,1771507208.820761,23424,9,1
2,Payment,1771507208.822555,26410,10,1
1,NewOrder,1771507208.824114,14924,19,1
5,StockLevel,1771507208.827145,9964,4,1
3,OrderStatus,1771507208.828761,8325,2,1
2,Payment,1771507208.828763,23665,12,1
2,Payment,1771507208.829359,31764,8,1
1,NewOrder,1771507208.829372,27738,1,1
1,NewOrder,1771507208.832627,25944,0,1
2,Payment,1771507208.833750,39029,21,1
2,Payment,1771507208.834230,41375,17,1
2,Payment,1771507208.834250,17211,22,1
2,Payment,1771507208.835721,26858,18,1
4,Delivery,1771507208.836951,70070,15,1
1,NewOrder,1771507208.837125,24276,2,1
1,NewOrder,1771507208.837146,22510,4,1
1,NewOrder,1771507208.838682,18733,23,1
2,Payment,1771507208.839070,59002,19,1
1,NewOrder,1771507208.839129,20193,3,1
2,Payment,1771507208.839178,44903,7,1
2,Payment,1771507208.840806,47998,13,1
1,NewOrder,1771507208.841927,26310,5,1
2,Payment,1771507208.842254,27458,11,1
4,Delivery,1771507208.842601,27658,20,1
1,NewOrder,1771507208.843881,20047,6,1
1,NewOrder,1771507208.844187,41330,16,1
1,NewOrder,1771507208.844224,32167,9,1
2,Payment,1771507208.849006,44875,10,1
1,NewOrder,1771507208.851503,24820,22,1
1,NewOrder,1771507208.852470,36674,12,1
1,NewOrder,1771507208.853001,43047,14,1
1,NewOrder,1771507208.857174,14474,1,1
1,NewOrder,1771507208.857488,13190,23,1
2,Payment,1771507208.858613,12089,0,1
2,Payment,1771507208.859355,21888,3,1
2,Payment,1771507208.859694,40194,4,1
2,Payment,1771507208.861163,44119,8,1
4,Delivery,1771507208.861433,25386,2,1
2,Payment,1771507208.862619,21958,18,1
1,NewOrder,1771507208.863971,30571,6,1
1,NewOrder,1771507208.868276,8546,5,1
4,Delivery,1771507208.869751,21119,11,1
2,Payment,1771507208.870288,19620,20,1
2,Payment,1771507208.870719,22221,23,1
2,Payment,1771507208.870728,23837,0,1
2,Payment,1771507208.871682,37019,1,1
4,Delivery,1771507208.872819,67636,21,1
2,Payment,1771507208.875663,25278,17,1
2,Payment,1771507208.876360,27231,22,1
1,NewOrder,1771507208.876572,15660,9,1
1,NewOrder,1771507208.876859,13602,5,1
1,NewOrder,1771507208.881288,41091,3,1
1,NewOrder,1771507208.884123,26490,7,1
3,OrderStatus,1771507208.884620,6752,18,1
4,Delivery,1771507208.885553,22317,16,1
2,Payment,1771507208.886859,28951,2,1
2,Payment,1771507208.888843,25970,13,1
3,OrderStatus,1771507208.889186,8678,12,1
2,Payment,1771507208.889947,22728,20,1
1,NewOrder,1771507208.890500,16032,5,1
2,Payment,1771507208.890907,21850,11,1
1,NewOrder,1771507208.891409,20746,18,1
1,NewOrder,1771507208.892265,22079,9,1
2,Payment,1771507208.892978,30161,23,1
1,NewOrder,1771507208.893918,31911,10,1
1,NewOrder,1771507208.894578,21712,6,1
1,NewOrder,1771507208.894603,33890,0,1
2,Payment,1771507208.896229,32541,14,1
2,Payment,1771507208.897933,39916,12,1
1,NewOrder,1771507208.898093,14719,19,1
2,Payment,1771507208.899927,20474,4,1
1,NewOrder,1771507208.900968,32165,17,1
3,OrderStatus,1771507208.903633,4769,22,1
2,Payment,1771507208.905307,20843,8,1
1,NewOrder,1771507208.906570,9695,5,1
1,NewOrder,1771507208.907061,36535,15,1
2,Payment,1771507208.907908,42252,16,1
1,NewOrder,1771507208.908421,12112,22,1
2,Payment,1771507208.908731,17389,1,1
1,NewOrder,1771507208.910649,23576,7,1
1,NewOrder,1771507208.912189,38005,18,1
2,Payment,1771507208.912713,19762,20,1
2,Payment,1771507208.912774,26185,11,1
1,NewOrder,1771507208.912839,20629,19,1
2,Payment,1771507208.914370,39290,9,1
1,NewOrder,1771507208.914849,34051,13,1
2,Payment,1771507208.915839,17634,2,1
2,Payment,1771507208.916291,26327,5,1
2,Payment,1771507208.916321,46314,6,1
1,NewOrder,1771507208.920438,22196,4,1
1,NewOrder,1771507208.920571,17913,22,1
1,NewOrder,1771507208.922412,19268,3,1
2,Payment,1771507208.923167,17674,23,1
1,NewOrder,1771507208.925866,34903,10,1
1,NewOrder,1771507208.926159,21302,1,1
2,Payment,1771507208.926179,46486,8,1
1,NewOrder,1771507208.928527,32314,0,1
1,NewOrder,1771507208.928789,31884,14,1
2,Payment,1771507208.932505,16418,20,1
3,OrderStatus,1771507208.933171,8911,17,1
1,NewOrder,1771507208.933498,23752,2,1
2,Payment,1771507208.933510,37095,19,1
2,Payment,1771507208.934262,98498,7,1
1,NewOrder,1771507208.937883,24770,12,1
2,Payment,1771507208.938506,41998,22,1
1,NewOrder,1771507208.938996,26068,11,1
2,Payment,1771507208.940493,20399,21,1
1,NewOrder,1771507208.940875,24213,23,1
2,Payment,1771507208.941712,15562,3,1
5,StockLevel,1771507208.942119,16999,17,1
2,Payment,1771507208.942646,24767,5,1
1,NewOrder,1771507208.942659,14515,4,1
2,Payment,1771507208.943635,21465,15,1
1,NewOrder,1771507208.947501,19956,1,1
2,Payment,1771507208.948948,20861,13,1
5,StockLevel,1771507208.948964,16596,20,1
2,Payment,1771507208.950198,32681,16,1
2,Payment,1771507208.950231,47661,18,1
2,Payment,1771507208.953695,30957,9,1
2,Payment,1771507208.957200,20525,4,1
1,NewOrder,1771507208.957292,11496,2,1
1,NewOrder,1771507208.957315,16879,3,1
1,NewOrder,1771507208.959161,15054,17,1
2,Payment,1771507208.960693,37165,14,1
2,Payment,1771507208.960803,46187,10,1
2,Payment,1771507208.960876,25818,0,1
2,Payment,1771507208.960937,43055,21,1
2,Payment,1771507208.962673,35260,6,1
1,NewOrder,1771507208.962691,26013,12,1
1,NewOrder,1771507208.965130,21669,11,1
2,Payment,1771507208.965144,44051,15,1
1,NewOrder,1771507208.965151,21617,23,1
5,StockLevel,1771507208.965598,2139,20,1
2,Payment,1771507208.967458,32988,5,1
1,NewOrder,1771507208.967491,13167,1,1
4,Delivery,1771507208.967779,15037,20,1
1,NewOrder,1771507208.968818,14079,2,1
2,Payment,1771507208.969850,50375,13,1
1,NewOrder,1771507208.970642,36154,19,1
1,NewOrder,1771507208.972702,17719,8,1
1,NewOrder,1771507208.974232,14539,3,1
1,NewOrder,1771507208.974248,19049,17,1
2,Payment,1771507208.977762,31383,4,1
1,NewOrder,1771507208.980545,22188,22,1
3,OrderStatus,1771507208.980698,3292,1,1
1,NewOrder,1771507208.982856,21176,20,1
2,Payment,1771507208.982919,47484,16,1
5,StockLevel,1771507208.982934,10214,2,1
1,NewOrder,1771507208.984028,13746,1,1
2,Payment,1771507208.984685,35471,9,1
1,NewOrder,1771507208.986762,15898,0,1
4,Delivery,1771507208.986808,55334,23,1
1,NewOrder,1771507208.986837,13428,11,1
1,NewOrder,1771507208.988740,24987,12,1
1,NewOrder,1771507208.988808,18141,3,1
1,NewOrder,1771507208.990496,21840,8,1
2,Payment,1771507208.993189,24329,2,1
2,Payment,1771507208.993336,46624,17,1
2,Payment,1771507208.997814,27844,1,1
2,Payment,1771507208.997914,48311,14,1
1,NewOrder,1771507208.997931,15859,18,1
2,Payment,1771507208.997958,43995,6,1
2,Payment,1771507209.000304,47801,11,1
1,NewOrder,1771507209.000483,19697,5,1
1,NewOrder,1771507209.002695,30021,0,1
2,Payment,1771507209.002771,10990,22,1
5,StockLevel,1771507209.004024,9661,21,1
1,NewOrder,1771507209.004062,17709,20,1
2,Payment,1771507209.006830,13245,19,1
1,NewOrder,1771507209.006985,28028,3,1
2,Payment,1771507209.007027,49602,10,1
1,NewOrder,1771507209.009179,14131,4,1
2,Payment,1771507209.009230,44866,15,1
2,Payment,1771507209.012375,54047,8,1
1,NewOrder,1771507209.013720,16592,21,1
2,Payment,1771507209.013768,49272,12,1
1,NewOrder,1771507209.013793,23700,22,1
1,NewOrder,1771507209.013981,23534,18,1
1,NewOrder,1771507209.017568,17381,2,1
2,Payment,1771507209.020160,7980,19,1
1,NewOrder,1771507209.020196,17376,9,1
2,Payment,1771507209.020217,16046,5,1
2,Payment,1771507209.020264,56798,13,1
2,Payment,1771507209.021808,15741,20,1
1,NewOrder,1771507209.023344,19880,4,1
1,NewOrder,1771507209.025690,10512,1,1
1,NewOrder,1771507209.028175,15050,19,1
2,Payment,1771507209.030347,19822,21,1
1,NewOrder,1771507209.030429,14359,16,1
1,NewOrder,1771507209.032750,12250,0,1
2,Payment,1771507209.032796,42484,7,1
1,NewOrder,1771507209.034977,28910,2,1
4,Delivery,1771507209.035049,35662,3,1
2,Payment,1771507209.036232,11929,1,1
1,NewOrder,1771507209.036289,28642,5,1
1,NewOrder,1771507209.037526,37789,22,1
3,OrderStatus,1771507209.037548,6856,18,1
1,NewOrder,1771507209.037583,27245,20,1
1,NewOrder,1771507209.037607,27301,9,1
1,NewOrder,1771507209.039990,23110,17,1
1,NewOrder,1771507209.041984,16161,6,1
1,NewOrder,1771507209.042191,24169,23,1
2,Payment,1771507209.043258,16484,19,1
1,NewOrder,1771507209.043261,19880,4,1
2,Payment,1771507209.044437,32575,18,1
1,NewOrder,1771507209.044822,21576,16,1
2,Payment,1771507209.045051,11511,0,1
2,Payment,1771507209.046259,39009,14,1
1,NewOrder,1771507209.048192,16666,11,1
2,Payment,1771507209.048196,28892,1,1
2,Payment,1771507209.050205,37779,21,1
2,Payment,1771507209.054167,43609,15,1
5,StockLevel,1771507209.056594,25621,0,1
2,Payment,1771507209.056657,27509,10,1
1,NewOrder,1771507209.058169,14354,6,1
1,NewOrder,1771507209.059768,29668,19,1
1,NewOrder,1771507209.063070,12169,12,1
1,NewOrder,1771507209.063133,30592,17,1
1,NewOrder,1771507209.063178,9264,4,1
1,NewOrder,1771507209.063917,28652,2,1
1,NewOrder,1771507209.064846,24626,20,1
1,NewOrder,1771507209.064887,16935,11,1
1,NewOrder,1771507209.064932,20364,9,1
1,NewOrder,1771507209.064958,24539,5,1
2,Payment,1771507209.066383,32980,23,1
4,Delivery,1771507209.066433,50817,16,1
2,Payment,1771507209.066446,32960,8,1
1,NewOrder,1771507209.070740,14628,3,1
1,NewOrder,1771507209.072472,30776,4,1
2,Payment,1771507209.072551,36832,6,1
2,Payment,1771507209.075269,34052,12,1
4,Delivery,1771507209.075306,35746,7,1
2,Payment,1771507209.075345,35634,22,1
1,NewOrder,1771507209.077056,34017,18,1
2,Payment,1771507209.077089,40155,13,1
2,Payment,1771507209.077111,16688,1,1
2,Payment,1771507209.081851,35431,11,1
1,NewOrder,1771507209.082242,19280,0,1
1,NewOrder,1771507209.084194,22758,10,1
2,Payment,1771507209.085296,59525,14,1
1,NewOrder,1771507209.085326,24022,9,1
1,NewOrder,1771507209.085395,23868,3,1
3,OrderStatus,1771507209.088015,7563,21,1
1,NewOrder,1771507209.089464,26216,19,1
2,Payment,1771507209.089499,32520,20,1
2,Payment,1771507209.089522,13636,5,1
3,OrderStatus,1771507209.092598,3820,2,1
2,Payment,1771507209.093759,39108,17,1
1,NewOrder,1771507209.093825,19830,1,1
1,NewOrder,1771507209.095601,26337,21,1
1,NewOrder,1771507209.096436,19266,2,1
2,Payment,1771507209.097803,57695,15,1
2,Payment,1771507209.099390,33535,23,1
1,NewOrder,1771507209.099436,24926,8,1
2,Payment,1771507209.101550,9392,0,1
2,Payment,1771507209.103192,21139,5,1
1,NewOrder,1771507209.103278,13952,4,1
1,NewOrder,1771507209.106978,20639,10,1
1,NewOrder,1771507209.109288,9840,3,1
2,Payment,1771507209.109352,50966,12,1
1,NewOrder,1771507209.109380,18300,9,1
2,Payment,1771507209.109412,20428,6,1
1,NewOrder,1771507209.110972,28968,0,1
1,NewOrder,1771507209.111000,28838,22,1
1,NewOrder,1771507209.111074,28794,7,1
1,NewOrder,1771507209.111096,24581,18,1
2,Payment,1771507209.113682,16163,1,1
2,Payment,1771507209.115715,29191,19,1
1,NewOrder,1771507209.115728,13996,2,1
4,Delivery,1771507209.117265,33749,4,1
2,Payment,1771507209.117269,61587,13,1
2,Payment,1771507209.117281,52557,16,1
2,Payment,1771507209.117310,25606,11,1
1,NewOrder,1771507209.119156,18670,3,1
2,Payment,1771507209.121966,35751,21,1
1,NewOrder,1771507209.122042,17736,20,1
1,NewOrder,1771507209.124358,18642,5,1
4,Delivery,1771507209.124391,22974,8,1
1,NewOrder,1771507209.127646,17227,10,1
2,Payment,1771507209.127706,27097,9,1
2,Payment,1771507209.129753,16251,2,1
2,Payment,1771507209.129859,8028,1,1
1,NewOrder,1771507209.129870,26967,6,1
1,NewOrder,1771507209.132894,17483,17,1
1,NewOrder,1771507209.132948,15959,23,1
1,NewOrder,1771507209.135705,12065,18,1
1,NewOrder,1771507209.137852,11986,3,1
2,Payment,1771507209.137903,17248,1,1
1,NewOrder,1771507209.139804,20050,20,1
4,Delivery,1771507209.139865,29418,22,1
2,Payment,1771507209.139894,21202,7,1
2,Payment,1771507209.139958,20400,0,1
2,Payment,1771507209.142939,23153,11,1
1,NewOrder,1771507209.143029,20702,5,1
1,NewOrder,1771507209.144846,22943,14,1
1,NewOrder,1771507209.144904,18167,10,1
4,Delivery,1771507209.144934,24806,19,1
2,Payment,1771507209.146025,22430,2,1
1,NewOrder,1771507209.147384,16675,8,1
1,NewOrder,1771507209.147793,7299,18,1
2,Payment,1771507209.148931,11350,23,1
1,NewOrder,1771507209.149856,24153,3,1
1,NewOrder,1771507209.150405,5216,17,1
2,Payment,1771507209.151042,29202,4,1
2,Payment,1771507209.154830,22158,9,1
2,Payment,1771507209.155220,28712,1,1
2,Payment,1771507209.155287,15575,18,1
2,Payment,1771507209.155528,38925,15,1
2,Payment,1771507209.155695,31769,17,1
1,NewOrder,1771507209.156864,11945,6,1
2,Payment,1771507209.157744,23541,21,1
1,NewOrder,1771507209.159874,32074,20,1
2,Payment,1771507209.160307,26684,23,1
1,NewOrder,1771507209.160348,26127,12,1
2,Payment,1771507209.160387,29838,0,1
1,NewOrder,1771507209.161114,21026,7,1
2,Payment,1771507209.163097,20228,10,1
1,NewOrder,1771507209.163751,10592,5,1
1,NewOrder,1771507209.164074,8358,8,1
2,Payment,1771507209.166120,26889,11,1
1,NewOrder,1771507209.167815,12465,14,1
5,StockLevel,1771507209.168478,23517,2,1
2,Payment,1771507209.168830,33621,6,1
2,Payment,1771507209.169300,24268,22,1
2,Payment,1771507209.169766,27414,19,1
1,NewOrder,1771507209.169864,23651,16,1
1,NewOrder,1771507209.170886,8938,18,1
2,Payment,1771507209.172461,14966,8,1
1,NewOrder,1771507209.174041,16573,3,1
1,NewOrder,1771507209.174405,8174,5,1
2,Payment,1771507209.177057,35144,9,1
2,Payment,1771507209.178881,21115,13,1
2,Payment,1771507209.179850,29225,18,1
1,NewOrder,1771507209.180276,9329,4,1
2,Payment,1771507209.180304,26254,14,1
2,Payment,1771507209.181307,21073,21,1
5,StockLevel,1771507209.182164,23736,7,1
1,NewOrder,1771507209.182603,15730,5,1
1,NewOrder,1771507209.183423,12647,10,1
2,Payment,1771507209.183953,12817,1,1
1,NewOrder,1771507209.186503,9253,12,1
3,OrderStatus,1771507209.187017,4718,23,1
1,NewOrder,1771507209.187447,22031,8,1
2,Payment,1771507209.187485,24351,17,1
1,NewOrder,1771507209.189620,22787,4,1
2,Payment,1771507209.190234,12675,0,1
2,Payment,1771507209.190640,19087,3,1
2,Payment,1771507209.191756,21565,23,1
1,NewOrder,1771507209.191964,5715,20,1
2,Payment,1771507209.192019,23381,2,1
2,Payment,1771507209.193046,26718,11,1
2,Payment,1771507209.193527,35035,16,1
2,Payment,1771507209.193587,24338,22,1
2,Payment,1771507209.194475,38078,15,1
2,Payment,1771507209.195783,25130,12,1
2,Payment,1771507209.196087,31290,10,1
1,NewOrder,1771507209.196782,17260,1,1
1,NewOrder,1771507209.197199,8675,19,1
1,NewOrder,1771507209.197701,9569,20,1
1,NewOrder,1771507209.198344,11095,5,1
1,NewOrder,1771507209.200014,26328,13,1
1,NewOrder,1771507209.202398,14711,21,1
2,Payment,1771507209.202471,30916,6,1
2,Payment,1771507209.202920,16190,0,1
1,NewOrder,1771507209.205893,11565,19,1
1,NewOrder,1771507209.205917,19570,7,1
2,Payment,1771507209.206578,32624,14,1
2,Payment,1771507209.207299,15898,20,1
2,Payment,1771507209.209093,18169,18,1
2,Payment,1771507209.209451,23137,5,1
4,Delivery,1771507209.209498,15575,8,1
1,NewOrder,1771507209.209752,12476,3,1
1,NewOrder,1771507209.211853,18597,17,1
1,NewOrder,1771507209.212219,19201,9,1
2,Payment,1771507209.212431,14310,4,1
2,Payment,1771507209.213347,17698,23,1
1,NewOrder,1771507209.214059,15288,1,1
2,Payment,1771507209.215420,25377,2,1
2,Payment,1771507209.217122,16218,21,1
4,Delivery,1771507209.217478,14677,19,1
1,NewOrder,1771507209.217952,11008,22,1
2,Payment,1771507209.219120,26736,0,1
1,NewOrder,1771507209.219784,21412,11,1
1,NewOrder,1771507209.220932,21108,12,1
3,OrderStatus,1771507209.222245,4504,3,1
2,Payment,1771507209.223218,21236,20,1
2,Payment,1771507209.225092,11683,8,1
2,Payment,1771507209.225513,15701,7,1
2,Payment,1771507209.226360,17733,13,1
2,Payment,1771507209.226758,27361,4,1
3,OrderStatus,1771507209.226774,1858,3,1
2,Payment,1771507209.227280,25004,18,1
2,Payment,1771507209.227394,17969,10,1
2,Payment,1771507209.228574,38539,16,1
1,NewOrder,1771507209.228649,17134,3,1
2,Payment,1771507209.228974,8634,22,1
2,Payment,1771507209.229365,31538,1,1
2,Payment,1771507209.230473,22586,17,1
5,StockLevel,1771507209.231061,5477,23,1
1,NewOrder,1771507209.231440,14436,9,1
2,Payment,1771507209.232166,26552,19,1
2,Payment,1771507209.232575,27149,15,1
1,NewOrder,1771507209.232599,21041,5,1
1,NewOrder,1771507209.233354,12054,21,1
1,NewOrder,1771507209.233438,20710,6,1
2,Payment,1771507209.236556,27431,23,1
1,NewOrder,1771507209.236795,9581,8,1
2,Payment,1771507209.237632,33499,22,1
2,Payment,1771507209.239218,35014,14,1
1,NewOrder,1771507209.240815,13354,2,1
2,Payment,1771507209.241208,10649,11,1
1,NewOrder,1771507209.241234,14813,7,1
5,StockLevel,1771507209.242058,8475,12,1
1,NewOrder,1771507209.244119,24293,13,1
2,Payment,1771507209.244475,34791,20,1
1,NewOrder,1771507209.245377,12530,10,1
1,NewOrder,1771507209.245426,14653,21,1
1,NewOrder,1771507209.245803,11075,3,1
1,NewOrder,1771507209.245870,19601,0,1
5,StockLevel,1771507209.245888,25135,9,1
1,NewOrder,1771507209.246398,18687,8,1
1,NewOrder,1771507209.250557,20098,12,1
1,NewOrder,1771507209.251878,25887,11,1
2,Payment,1771507209.252310,35898,18,1
2,Payment,1771507209.253079,32537,17,1
2,Payment,1771507209.253655,13971,5,1
2,Payment,1771507209.254140,21342,4,1
4,Delivery,1771507209.254165,15291,6,1
1,NewOrder,1771507209.254180,21741,2,1
2,Payment,1771507209.256066,5701,7,1
4,Delivery,1771507209.256897,25117,3,1
1,NewOrder,1771507209.257928,10948,10,1
2,Payment,1771507209.258738,33920,19,1
1,NewOrder,1771507209.259741,40245,15,1
2,Payment,1771507209.260097,37058,21,1
1,NewOrder,1771507209.260917,20285,1,1
2,Payment,1771507209.261778,4022,7,1
2,Payment,1771507209.264013,36029,23,1
1,NewOrder,1771507209.265103,14702,8,1
1,NewOrder,1771507209.265489,16241,0,1
1,NewOrder,1771507209.265810,12360,7,1
1,NewOrder,1771507209.267130,34432,16,1
2,Payment,1771507209.267650,16455,5,1
1,NewOrder,1771507209.268429,28461,13,1
2,Payment,1771507209.268896,5702,10,1
2,Payment,1771507209.269471,13764,6,1
1,NewOrder,1771507209.270676,9107,12,1
2,Payment,1771507209.271042,24614,9,1
1,NewOrder,1771507209.271146,28862,22,1
2,Payment,1771507209.274259,22606,14,1
2,Payment,1771507209.274622,27298,10,1
3,OrderStatus,1771507209.275511,8486,4,1
1,NewOrder,1771507209.275937,6413,2,1
2,Payment,1771507209.277785,28951,11,1
4,Delivery,1771507209.278192,29790,7,1
2,Payment,1771507209.279281,26032,20,1
2,Payment,1771507209.279807,22834,12,1
1,NewOrder,1771507209.279824,9971,8,1
4,Delivery,1771507209.281238,1689,1,1
2,Payment,1771507209.281800,10369,0,1
1,NewOrder,1771507209.282027,4457,3,1
2,Payment,1771507209.282370,17215,2,1
1,NewOrder,1771507209.282945,7216,1,1
1,NewOrder,1771507209.283255,43134,6,1
1,NewOrder,1771507209.284017,10724,4,1
1,NewOrder,1771507209.284123,27347,5,1
2,Payment,1771507209.285639,22310,17,1
2,Payment,1771507209.286498,19243,3,1
1,NewOrder,1771507209.288228,21105,18,1
4,Delivery,1771507209.289815,18679,8,1
4,Delivery,1771507209.290181,9731,1,1
4,Delivery,1771507209.292189,8330,0,1
1,NewOrder,1771507209.292676,6042,19,1
2,Payment,1771507209.294765,18062,4,1
1,NewOrder,1771507209.295676,21206,9,1
2,Payment,1771507209.296878,22540,14,1
2,Payment,1771507209.296908,15531,13,1
1,NewOrder,1771507209.297175,22910,21,1
2,Payment,1771507209.298735,12397,19,1
2,Payment,1771507209.299608,23757,2,1
1,NewOrder,1771507209.299927,9723,1,1
1,NewOrder,1771507209.300008,45712,15,1
1,NewOrder,1771507209.300023,15868,22,1
2,Payment,1771507209.300062,16530,23,1
1,NewOrder,1771507209.300535,38971,0,1
2,Payment,1771507209.301582,22313,16,1
2,Payment,1771507209.301937,11781,10,1
1,NewOrder,1771507209.302655,20674,12,1
1,NewOrder,1771507209.305336,17662,20,1
2,Payment,1771507209.305764,26888,3,1
5,StockLevel,1771507209.306747,10339,11,1
2,Payment,1771507209.307965,19295,17,1
1,NewOrder,1771507209.307996,18784,7,1
1,NewOrder,1771507209.308511,33984,8,1
2,Payment,1771507209.309354,22965,18,1
2,Payment,1771507209.309668,30553,1,1
1,NewOrder,1771507209.311151,38810,19,1
1,NewOrder,1771507209.311480,30487,5,1
4,Delivery,1771507209.312455,17990,13,1
4,Delivery,1771507209.312852,52355,4,1
2,Payment,1771507209.313737,3707,10,1
1,NewOrder,1771507209.315912,39319,22,1
1,NewOrder,1771507209.316619,20875,23,1
2,Payment,1771507209.316901,13006,9,1
1,NewOrder,1771507209.317109,13797,11,1
1,NewOrder,1771507209.317459,13425,10,1
2,Payment,1771507209.319429,15217,14,1
1,NewOrder,1771507209.320103,29258,21,1
2,Payment,1771507209.323025,18157,20,1
1,NewOrder,1771507209.323354,18711,12,1
1,NewOrder,1771507209.323385,15969,2,1
2,Payment,1771507209.323909,18488,16,1
2,Payment,1771507209.326406,12431,6,1
2,Payment,1771507209.326796,18563,7,1
2,Payment,1771507209.327268,20275,17,1
2,Payment,1771507209.329931,26692,9,1
1,NewOrder,1771507209.330466,4771,13,1
1,NewOrder,1771507209.330902,5167,10,1
2,Payment,1771507209.330924,18912,11,1
4,Delivery,1771507209.332346,16419,18,1
1,NewOrder,1771507209.332669,22139,3,1
2,Payment,1771507209.334663,24842,14,1
2,Payment,1771507209.335255,18655,13,1
1,NewOrder,1771507209.336093,5930,10,1
2,Payment,1771507209.337518,9669,23,1
1,NewOrder,1771507209.338864,31269,6,1
1,NewOrder,1771507209.339378,11899,2,1
2,Payment,1771507209.339531,5112,0,1
3,OrderStatus,1771507209.340234,5849,1,1
2,Payment,1771507209.341206,12027,20,1
1,NewOrder,1771507209.341989,26363,5,1
1,NewOrder,1771507209.342043,18041,10,1
1,NewOrder,1771507209.342088,23451,12,1
2,Payment,1771507209.342409,36966,16,1
4,Delivery,1771507209.342521,21352,8,1
2,Payment,1771507209.344663,7019,0,1
1,NewOrder,1771507209.345376,36599,7,1
2,Payment,1771507209.345739,41857,15,1
1,NewOrder,1771507209.346093,24924,1,1
5,StockLevel,1771507209.347205,13910,23,1
2,Payment,1771507209.347557,44824,17,1
1,NewOrder,1771507209.348787,30240,18,1
2,Payment,1771507209.349385,9750,21,1
2,Payment,1771507209.349851,17478,11,1
1,NewOrder,1771507209.349971,36086,19,1
1,NewOrder,1771507209.351294,20633,2,1
2,Payment,1771507209.351707,4622,0,1
2,Payment,1771507209.353260,12836,20,1
1,NewOrder,1771507209.353928,22595,13,1
1,NewOrder,1771507209.354834,35722,3,1
2,Payment,1771507209.355245,20517,22,1
4,Delivery,1771507209.356355,9289,0,1
1,NewOrder,1771507209.356641,34688,9,1
1,NewOrder,1771507209.359150,36824,21,1
1,NewOrder,1771507209.359529,39575,14,1
1,NewOrder,1771507209.360107,15389,10,1
1,NewOrder,1771507209.361139,28873,23,1
2,Payment,1771507209.363890,18749,8,1
1,NewOrder,1771507209.365229,17381,4,1
2,Payment,1771507209.365562,17418,12,1
1,NewOrder,1771507209.365661,14168,0,1
3,OrderStatus,1771507209.366114,8220,20,1
1,NewOrder,1771507209.367349,30050,11,1
1,NewOrder,1771507209.368373,15381,5,1
2,Payment,1771507209.370155,19828,6,1
5,StockLevel,1771507209.371035,25808,1,1
5,StockLevel,1771507209.371944,10390,2,1
2,Payment,1771507209.374360,8377,20,1
1,NewOrder,1771507209.375513,16339,10,1
3,OrderStatus,1771507209.375782,7073,22,1
4,Delivery,1771507209.376549,21156,13,1
2,Payment,1771507209.379045,9012,18,1
2,Payment,1771507209.379391,19342,16,1
2,Payment,1771507209.379846,9747,0,1
2,Payment,1771507209.381992,24118,7,1
2,Payment,1771507209.382356,11426,2,1
2,Payment,1771507209.382622,15119,4,1
2,Payment,1771507209.382664,20272,8,1
2,Payment,1771507209.382763,10458,20,1
2,Payment,1771507209.382876,17301,22,1
2,Payment,1771507209.382995,20697,12,1
1,NewOrder,1771507209.383768,15359,5,1
4,Delivery,1771507209.386072,17183,19,1
2,Payment,1771507209.387617,36322,15,1
1,NewOrder,1771507209.388070,26959,18,1
2,Payment,1771507209.389612,13593,0,1
1,NewOrder,1771507209.390008,31115,6,1
5,StockLevel,1771507209.390033,12483,23,1
1,NewOrder,1771507209.390575,12712,3,1
1,NewOrder,1771507209.391346,11825,9,1
2,Payment,1771507209.391877,18689,10,1
2,Payment,1771507209.392394,22664,17,1
1,NewOrder,1771507209.393240,23541,20,1
2,Payment,1771507209.393792,13190,2,1
2,Payment,1771507209.395991,9687,21,1
5,StockLevel,1771507209.396858,16545,1,1
2,Payment,1771507209.397424,18456,11,1
2,Payment,1771507209.397725,11369,13,1
1,NewOrder,1771507209.397766,20451,4,1
2,Payment,1771507209.398748,30342,16,1
1,NewOrder,1771507209.399121,24681,14,1
3,OrderStatus,1771507209.399143,5837,5,1
2,Payment,1771507209.400199,11563,22,1
2,Payment,1771507209.402537,15246,23,1
5,StockLevel,1771507209.402954,19524,8,1
1,NewOrder,1771507209.403188,11534,9,1
2,Payment,1771507209.403227,21702,0,1
2,Payment,1771507209.403272,20672,19,1
2,Payment,1771507209.403308,10005,3,1
2,Payment,1771507209.403712,30329,12,1
4,Delivery,1771507209.405002,71504,5,1
2,Payment,1771507209.405697,34821,21,1
1,NewOrder,1771507209.406121,17405,7,1
1,NewOrder,1771507209.406993,23265,2,1
1,NewOrder,1771507209.409103,15266,13,1
2,Payment,1771507209.410588,14213,10,1
1,NewOrder,1771507209.411789,29166,22,1
1,NewOrder,1771507209.413334,21955,3,1
2,Payment,1771507209.413423,20192,1,1
1,NewOrder,1771507209.414733,29479,9,1
1,NewOrder,1771507209.415055,8844,18,1
1,NewOrder,1771507209.415083,21234,17,1
2,Payment,1771507209.415897,14912,11,1
2,Payment,1771507209.416807,31045,20,1
2,Payment,1771507209.417808,14771,23,1
1,NewOrder,1771507209.418243,19141,4,1
2,Payment,1771507209.421142,16638,6,1
2,Payment,1771507209.422503,23102,8,1
1,NewOrder,1771507209.423552,19925,7,1
2,Payment,1771507209.423826,13924,14,1
1,NewOrder,1771507209.423914,18022,18,1
1,NewOrder,1771507209.423958,16943,15,1
1,NewOrder,1771507209.423970,21603,19,1
1,NewOrder,1771507209.424395,18386,13,1
1,NewOrder,1771507209.424821,20356,10,1
4,Delivery,1771507209.424953,52081,0,1
2,Payment,1771507209.429107,16528,16,1
1,NewOrder,1771507209.430271,24722,2,1
4,Delivery,1771507209.430828,34072,11,1
1,NewOrder,1771507209.432600,22035,23,1
1,NewOrder,1771507209.433639,22463,1,1
1,NewOrder,1771507209.434059,18889,12,1
2,Payment,1771507209.435303,6369,3,1
5,StockLevel,1771507209.436332,18084,17,1
2,Payment,1771507209.437409,10911,4,1
1,NewOrder,1771507209.437762,15733,14,1
2,Payment,1771507209.437797,16419,6,1
2,Payment,1771507209.440534,14897,21,1
3,OrderStatus,1771507209.440911,5741,15,1
2,Payment,1771507209.440983,18914,22,1
2,Payment,1771507209.441698,16482,3,1
2,Payment,1771507209.441952,23044,18,1
2,Payment,1771507209.442803,8549,13,1
1,NewOrder,1771507209.443496,18701,7,1
2,Payment,1771507209.444236,22096,9,1
1,NewOrder,1771507209.445201,10164,10,1
1,NewOrder,1771507209.445590,34530,19,1
2,Payment,1771507209.445633,27132,8,1
1,NewOrder,1771507209.445655,24351,16,1
2,Payment,1771507209.446676,10833,15,1
2,Payment,1771507209.447867,20308,20,1
2,Payment,1771507209.448335,17960,4,1
1,NewOrder,1771507209.451378,15088,13,1
1,NewOrder,1771507209.452974,16621,12,1
2,Payment,1771507209.453509,8296,14,1
2,Payment,1771507209.454238,30401,6,1
2,Payment,1771507209.454429,14111,17,1
1,NewOrder,1771507209.454647,19428,23,1
1,NewOrder,1771507209.455017,25742,2,1
1,NewOrder,1771507209.455394,11279,10,1
2,Payment,1771507209.455443,17837,21,1
1,NewOrder,1771507209.456121,10532,1,1
2,Payment,1771507209.457529,20033,15,1
1,NewOrder,1771507209.458193,17355,3,1
2,Payment,1771507209.459917,23413,22,1
5,StockLevel,1771507209.461825,25267,14,1
2,Payment,1771507209.462216,30212,7,1
2,Payment,1771507209.464920,11217,11,1
2,Payment,1771507209.465014,27813,18,1
2,Payment,1771507209.466316,5685,4,1
1,NewOrder,1771507209.466347,16451,9,1
2,Payment,1771507209.466485,21221,13,1
1,NewOrder,1771507209.466676,23425,1,1
5,StockLevel,1771507209.466692,13709,10,1
2,Payment,1771507209.468189,28250,20,1
1,NewOrder,1771507209.468559,24796,17,1
1,NewOrder,1771507209.469607,11090,12,1
4,Delivery,1771507209.470027,20844,16,1
2,Payment,1771507209.472019,5891,4,1
1,NewOrder,1771507209.472785,10453,8,1
2,Payment,1771507209.473301,27452,21,1
2,Payment,1771507209.474094,32657,23,1
2,Payment,1771507209.475571,12602,3,1
1,NewOrder,1771507209.476153,30236,11,1
2,Payment,1771507209.476524,23822,5,1
1,NewOrder,1771507209.477055,24358,0,1
1,NewOrder,1771507209.477576,33784,15,1
2,Payment,1771507209.477934,14088,4,1
2,Payment,1771507209.480140,35674,19,1
1,NewOrder,1771507209.480414,20357,10,1
1,NewOrder,1771507209.480718,8261,12,1
1,NewOrder,1771507209.480784,26026,2,1
5,StockLevel,1771507209.482812,12585,9,1
2,Payment,1771507209.483260,15958,8,1
2,Payment,1771507209.483342,38636,22,1
2,Payment,1771507209.484667,34226,6,1
2,Payment,1771507209.487111,16546,14,1
2,Payment,1771507209.487726,5600,13,1
3,OrderStatus,1771507209.488199,5846,3,1
1,NewOrder,1771507209.488992,11742,12,1
2,Payment,1771507209.490129,21800,1,1
1,NewOrder,1771507209.490893,26063,16,1
5,StockLevel,1771507209.492047,28303,4,1
2,Payment,1771507209.492455,33566,7,1
3,OrderStatus,1771507209.492850,5563,18,1
1,NewOrder,1771507209.493338,19994,13,1
2,Payment,1771507209.493383,18498,17,1
2,Payment,1771507209.494068,29322,3,1
1,NewOrder,1771507209.495415,14657,9,1
1,NewOrder,1771507209.496458,13212,20,1
4,Delivery,1771507209.498432,8343,18,1
3,OrderStatus,1771507209.499229,9704,8,1
4,Delivery,1771507209.500367,27948,5,1
1,NewOrder,1771507209.500748,25697,12,1
1,NewOrder,1771507209.500778,8101,21,1
1,NewOrder,1771507209.500786,41177,10,1
1,NewOrder,1771507209.501432,9076,0,1
4,Delivery,1771507209.503681,20971,14,1
1,NewOrder,1771507209.506413,55424,11,1
1,NewOrder,1771507209.506767,37385,23,1
5,StockLevel,1771507209.506793,24678,18,1
2,Payment,1771507209.506836,23261,2,1
2,Payment,1771507209.508891,14833,21,1
2,Payment,1771507209.508954,25595,8,1
3,OrderStatus,1771507209.509683,1310,20,1
2,Payment,1771507209.510089,19040,9,1
2,Payment,1771507209.510532,25591,0,1
2,Payment,1771507209.511006,20732,20,1
1,NewOrder,1771507209.511384,22528,15,1
1,NewOrder,1771507209.511906,8870,17,1
2,Payment,1771507209.511956,37972,1,1
3,OrderStatus,1771507209.513358,9564,13,1
2,Payment,1771507209.515832,12027,19,1
1,NewOrder,1771507209.516969,31659,16,1
1,NewOrder,1771507209.518917,30429,6,1
2,Payment,1771507209.520369,37394,4,1
2,Payment,1771507209.520788,3261,17,1
1,NewOrder,1771507209.522004,37957,22,1
1,NewOrder,1771507209.522938,25289,13,1
1,NewOrder,1771507209.523420,22194,3,1
1,NewOrder,1771507209.523740,16899,21,1
5,StockLevel,1771507209.524072,14456,17,1
1,NewOrder,1771507209.524664,46410,14,1
1,NewOrder,1771507209.526044,19117,7,1
1,NewOrder,1771507209.526463,27173,12,1
1,NewOrder,1771507209.527876,17684,19,1
1,NewOrder,1771507209.528334,17259,5,1
1,NewOrder,1771507209.529148,9903,9,1
2,Payment,1771507209.530112,47934,2,1
2,Payment,1771507209.531490,11044,18,1
1,NewOrder,1771507209.531748,16852,20,1
1,NewOrder,1771507209.533937,22201,15,1
1,NewOrder,1771507209.534565,23227,8,1
1,NewOrder,1771507209.536137,30560,0,1
1,NewOrder,1771507209.538554,19140,17,1
2,Payment,1771507209.539068,3946,9,1
2,Payment,1771507209.540658,5383,21,1
3,OrderStatus,1771507209.541987,8542,10,1
2,Payment,1771507209.542547,13301,18,1
2,Payment,1771507209.543030,3481,9,1
1,NewOrder,1771507209.544172,20794,23,1
1,NewOrder,1771507209.545178,21183,7,1
1,NewOrder,1771507209.545571,36992,19,1
2,Payment,1771507209.545616,24348,5,1
1,NewOrder,1771507209.545628,40209,3,1
1,NewOrder,1771507209.546064,18973,21,1
1,NewOrder,1771507209.546522,18981,9,1
2,Payment,1771507209.548245,9915,13,1
1,NewOrder,1771507209.548621,11029,20,1
1,NewOrder,1771507209.548644,31644,16,1
1,NewOrder,1771507209.549365,15146,6,1
2,Payment,1771507209.549942,34750,1,1
1,NewOrder,1771507209.550549,16229,10,1
1,NewOrder,1771507209.553660,19674,12,1
2,Payment,1771507209.555862,10606,18,1
1,NewOrder,1771507209.556148,26682,15,1
2,Payment,1771507209.557714,11738,17,1
1,NewOrder,1771507209.557779,38232,4,1
2,Payment,1771507209.557808,7716,8,1
1,NewOrder,1771507209.558172,23972,13,1
1,NewOrder,1771507209.559673,22139,20,1
1,NewOrder,1771507209.559981,30534,22,1
1,NewOrder,1771507209.561850,8733,11,1
1,NewOrder,1771507209.564539,30743,6,1
1,NewOrder,1771507209.564983,8669,23,1
5,StockLevel,1771507209.565053,18864,21,1
1,NewOrder,1771507209.565529,19107,9,1
2,Payment,1771507209.565538,10260,8,1
1,NewOrder,1771507209.566375,8370,7,1
1,NewOrder,1771507209.566492,24357,18,1
1,NewOrder,1771507209.566708,14684,0,1
1,NewOrder,1771507209.566800,9683,10,1
1,NewOrder,1771507209.569470,25783,17,1
2,Payment,1771507209.569985,27559,5,1
2,Payment,1771507209.570599,8563,11,1
2,Payment,1771507209.571100,5354,14,1
2,Payment,1771507209.573350,7345,12,1
2,Payment,1771507209.573664,2680,23,1
2,Payment,1771507209.574762,9667,7,1
2,Payment,1771507209.575809,19418,8,1
2,Payment,1771507209.576351,4367,23,1
1,NewOrder,1771507209.576471,32153,14,1
5,StockLevel,1771507209.576501,11735,10,1
1,NewOrder,1771507209.578061,24754,2,1
3,OrderStatus,1771507209.579181,6944,11,1
2,Payment,1771507209.580303,14888,16,1
1,NewOrder,1771507209.580707,18995,12,1
1,NewOrder,1771507209.580734,54628,23,1
1,NewOrder,1771507209.581418,41652,0,1
4,Delivery,1771507209.581836,27100,20,1
1,NewOrder,1771507209.582158,18373,13,1
1,NewOrder,1771507209.582578,66584,19,1
1,NewOrder,1771507209.582844,27389,15,1
1,NewOrder,1771507209.583941,20145,21,1
1,NewOrder,1771507209.584454,18744,7,1
1,NewOrder,1771507209.584657,16913,9,1
2,Payment,1771507209.584709,19994,1,1
2,Payment,1771507209.585855,28057,3,1
2,Payment,1771507209.586138,18730,11,1
4,Delivery,1771507209.588252,47861,10,1
1,NewOrder,1771507209.590527,33358,22,1
2,Payment,1771507209.590868,4254,18,1
2,Payment,1771507209.595136,6828,18,1
1,NewOrder,1771507209.595206,38233,16,1
2,Payment,1771507209.595254,21444,8,1
1,NewOrder,1771507209.595273,30811,17,1
1,NewOrder,1771507209.595293,25896,6,1
1,NewOrder,1771507209.596035,44848,4,1
1,NewOrder,1771507209.597558,19330,5,1
1,NewOrder,1771507209.599726,41770,12,1
1,NewOrder,1771507209.600549,15351,13,1
1,NewOrder,1771507209.601591,33800,9,1
2,Payment,1771507209.601980,9198,18,1
5,StockLevel,1771507209.602830,20002,2,1
1,NewOrder,1771507209.603212,38260,7,1
1,NewOrder,1771507209.604102,24111,21,1
2,Payment,1771507209.604729,19188,1,1
1,NewOrder,1771507209.604879,50232,11,1
1,NewOrder,1771507209.608643,13754,14,1
2,Payment,1771507209.608952,14139,20,1
3,OrderStatus,1771507209.610246,3246,15,1
1,NewOrder,1771507209.611195,34857,18,1
2,Payment,1771507209.613509,3038,15,1
2,Payment,1771507209.613929,21445,3,1
2,Payment,1771507209.615917,3936,13,1
4,Delivery,1771507209.616562,22665,15,1
4,Delivery,1771507209.616724,19954,8,1
1,NewOrder,1771507209.616900,12859,5,1
1,NewOrder,1771507209.619871,15472,13,1
1,NewOrder,1771507209.621208,21758,6,1
2,Payment,1771507209.622413,4493,14,1
5,StockLevel,1771507209.622854,19450,2,1
1,NewOrder,1771507209.623085,28151,0,1
1,NewOrder,1771507209.623107,33762,20,1
2,Payment,1771507209.623902,11441,22,1
1,NewOrder,1771507209.623934,32406,1,1
1,NewOrder,1771507209.626100,25178,17,1
5,StockLevel,1771507209.626932,19617,14,1
2,Payment,1771507209.628227,14215,21,1
5,StockLevel,1771507209.629776,10000,5,1
1,NewOrder,1771507209.633456,28897,16,1
1,NewOrder,1771507209.635357,27459,22,1
1,NewOrder,1771507209.635369,9341,13,1
1,NewOrder,1771507209.635382,33025,23,1
1,NewOrder,1771507209.635401,22755,3,1
2,Payment,1771507209.635411,6524,9,1
2,Payment,1771507209.636126,11482,10,1
2,Payment,1771507209.636693,17126,8,1
1,NewOrder,1771507209.639243,18981,15,1
1,NewOrder,1771507209.639801,11363,5,1
2,Payment,1771507209.640899,9942,4,1
2,Payment,1771507209.641488,18905,7,1
1,NewOrder,1771507209.641508,36815,12,1
2,Payment,1771507209.641952,23280,9,1
1,NewOrder,1771507209.642316,16801,2,1
5,StockLevel,1771507209.642453,17885,21,1
1,NewOrder,1771507209.642982,28440,6,1
1,NewOrder,1771507209.644728,20419,13,1
2,Payment,1771507209.646067,5926,18,1
1,NewOrder,1771507209.646565,21379,14,1
1,NewOrder,1771507209.647619,21376,10,1
1,NewOrder,1771507209.649181,29851,19,1
5,StockLevel,1771507209.650854,17644,4,1
1,NewOrder,1771507209.651174,28858,5,1
2,Payment,1771507209.651251,6947,0,1
2,Payment,1771507209.651290,6388,17,1
1,NewOrder,1771507209.652003,25589,18,1
2,Payment,1771507209.653834,24584,8,1
1,NewOrder,1771507209.655127,21208,11,1
2,Payment,1771507209.656366,7988,1,1
2,Payment,1771507209.656885,6073,20,1
1,NewOrder,1771507209.657703,22358,17,1
3,OrderStatus,1771507209.658166,12463,3,1
4,Delivery,1771507209.658212,15580,0,1
1,NewOrder,1771507209.658241,42423,15,1
2,Payment,1771507209.659142,13355,2,1
2,Payment,1771507209.660349,15620,21,1
1,NewOrder,1771507209.660431,13864,7,1
2,Payment,1771507209.662372,17115,16,1
5,StockLevel,1771507209.662830,9001,22,1
1,NewOrder,1771507209.662972,32457,20,1
2,Payment,1771507209.664380,14618,1,1
2,Payment,1771507209.665165,19353,13,1
1,NewOrder,1771507209.665244,35337,9,1
1,NewOrder,1771507209.667973,8768,14,1
2,Payment,1771507209.668433,9830,23,1
1,NewOrder,1771507209.668514,39124,4,1
2,Payment,1771507209.669011,13508,10,1
2,Payment,1771507209.670652,23879,3,1
2,Payment,1771507209.671447,18207,6,1
2,Payment,1771507209.671851,11050,22,1
2,Payment,1771507209.672523,30637,2,1
1,NewOrder,1771507209.673816,15976,0,1
2,Payment,1771507209.674307,28984,7,1
1,NewOrder,1771507209.675995,24552,21,1
4,Delivery,1771507209.676358,39270,11,1
2,Payment,1771507209.676760,17824,14,1
2,Payment,1771507209.677609,17653,18,1
2,Payment,1771507209.678282,25054,23,1
1,NewOrder,1771507209.678344,34210,12,1
1,NewOrder,1771507209.678445,24868,8,1
1,NewOrder,1771507209.679016,24202,1,1
1,NewOrder,1771507209.679059,24164,19,1
3,OrderStatus,1771507209.679507,4974,16,1
5,StockLevel,1771507209.680048,13485,5,1
2,Payment,1771507209.680075,22811,17,1
2,Payment,1771507209.682540,33407,10,1
1,NewOrder,1771507209.682921,20268,22,1
1,NewOrder,1771507209.684501,18863,16,1
1,NewOrder,1771507209.684535,18997,13,1
2,Payment,1771507209.689680,33319,6,1
1,NewOrder,1771507209.689808,26025,0,1
2,Payment,1771507209.693552,22269,5,1
2,Payment,1771507209.694542,29243,3,1
1,NewOrder,1771507209.694610,17947,14,1
1,NewOrder,1771507209.695284,26349,18,1
1,NewOrder,1771507209.695454,17062,20,1
1,NewOrder,1771507209.700572,18997,21,1
2,Payment,1771507209.700622,33879,9,1
1,NewOrder,1771507209.700690,20968,15,1
1,NewOrder,1771507209.702903,20199,17,1
1,NewOrder,1771507209.703180,18194,2,1
2,Payment,1771507209.703215,20554,22,1
2,Payment,1771507209.703234,31346,19,1
1,NewOrder,1771507209.703241,19805,1,1
1,NewOrder,1771507209.703317,23337,7,1
1,NewOrder,1771507209.703332,25242,8,1
2,Payment,1771507209.703349,12564,23,1
1,NewOrder,1771507209.703378,20333,16,1
2,Payment,1771507209.703545,12336,13,1
1,NewOrder,1771507209.707653,24086,4,1
1,NewOrder,1771507209.712534,15174,20,1
2,Payment,1771507209.712570,10497,14,1
1,NewOrder,1771507209.712580,31407,12,1
2,Payment,1771507209.715637,28311,11,1
2,Payment,1771507209.715842,21651,5,1
2,Payment,1771507209.715843,18679,0,1
2,Payment,1771507209.715906,17629,13,1
5,StockLevel,1771507209.715930,10714,23,1
1,NewOrder,1771507209.715966,13548,10,1
2,Payment,1771507209.719585,24323,21,1
2,Payment,1771507209.721393,22480,2,1
1,NewOrder,1771507209.721652,29235,18,1
2,Payment,1771507209.721673,22222,15,1
1,NewOrder,1771507209.723010,29921,6,1
1,NewOrder,1771507209.723066,13853,1,1
2,Payment,1771507209.723075,27855,14,1
1,NewOrder,1771507209.723113,20787,17,1
1,NewOrder,1771507209.723737,9593,16,1
1,NewOrder,1771507209.723780,24789,22,1
5,StockLevel,1771507209.723794,22089,3,1
2,Payment,1771507209.726666,10159,7,1
1,NewOrder,1771507209.726671,29425,23,1
2,Payment,1771507209.727726,23242,20,1
3,OrderStatus,1771507209.728587,8231,8,1
1,NewOrder,1771507209.729524,7405,10,1
2,Payment,1771507209.731747,18905,4,1
2,Payment,1771507209.733336,27931,16,1
5,StockLevel,1771507209.733552,13821,13,1
2,Payment,1771507209.734525,16408,9,1
1,NewOrder,1771507209.734532,16378,0,1
1,NewOrder,1771507209.734603,16198,19,1
1,NewOrder,1771507209.736838,17757,8,1
1,NewOrder,1771507209.736844,17611,7,1
2,Payment,1771507209.736937,19979,1,1
2,Payment,1771507209.736945,20008,10,1
1,NewOrder,1771507209.737506,18620,5,1
2,Payment,1771507209.743898,19522,2,1
1,NewOrder,1771507209.743914,26806,15,1
1,NewOrder,1771507209.743923,18810,21,1
2,Payment,1771507209.743929,32359,17,1
2,Payment,1771507209.743961,19412,11,1
2,Payment,1771507209.744003,25610,12,1
4,Delivery,1771507209.745893,14382,3,1
1,NewOrder,1771507209.747381,12289,13,1
1,NewOrder,1771507209.748592,8281,22,1
1,NewOrder,1771507209.750660,25792,4,1
1,NewOrder,1771507209.750807,25491,19,1
5,StockLevel,1771507209.750905,22713,18,1
2,Payment,1771507209.750925,19923,0,1
1,NewOrder,1771507209.750940,20600,14,1
1,NewOrder,1771507209.750960,30952,9,1
1,NewOrder,1771507209.750989,26470,20,1
2,Payment,1771507209.752939,20071,6,1
5,StockLevel,1771507209.754470,22368,7,1
1,NewOrder,1771507209.754605,28179,8,1
1,NewOrder,1771507209.756118,27573,23,1
2,Payment,1771507209.756152,20356,5,1
2,Payment,1771507209.756888,3399,22,1
1,NewOrder,1771507209.756927,24060,1,1
1,NewOrder,1771507209.756969,13951,10,1
1,NewOrder,1771507209.759680,9077,13,1
2,Payment,1771507209.760293,21533,3,1
3,OrderStatus,1771507209.760302,2207,22,1
1,NewOrder,1771507209.761276,24073,16,1
2,Payment,1771507209.762523,5089,22,1
1,NewOrder,1771507209.762741,19192,21,1
1,NewOrder,1771507209.763389,24522,11,1
1,NewOrder,1771507209.763443,32557,2,1
2,Payment,1771507209.767626,3959,22,1
2,Payment,1771507209.768767,13106,13,1
2,Payment,1771507209.769632,22796,12,1
1,NewOrder,1771507209.770734,13397,15,1
2,Payment,1771507209.770858,21491,0,1
2,Payment,1771507209.770940,10919,10,1
2,Payment,1771507209.771552,26448,14,1
2,Payment,1771507209.771607,4614,22,1
2,Payment,1771507209.773027,18560,6,1
1,NewOrder,1771507209.773634,23081,18,1
1,NewOrder,1771507209.776231,30223,22,1
1,NewOrder,1771507209.776305,21614,17,1
2,Payment,1771507209.776309,16078,19,1
2,Payment,1771507209.776458,21587,4,1
1,NewOrder,1771507209.776527,26870,5,1
1,NewOrder,1771507209.776856,12056,7,1
1,NewOrder,1771507209.777478,19847,20,1
1,NewOrder,1771507209.781007,20841,1,1
5,StockLevel,1771507209.781841,12585,3,1
2,Payment,1771507209.781878,14824,10,1
2,Payment,1771507209.781886,24553,13,1
1,NewOrder,1771507209.781930,19408,9,1
2,Payment,1771507209.781946,16115,21,1
1,NewOrder,1771507209.782802,9514,8,1
1,NewOrder,1771507209.783701,8593,23,1
2,Payment,1771507209.784145,29191,15,1
2,Payment,1771507209.785364,35414,16,1
1,NewOrder,1771507209.787928,23940,11,1
1,NewOrder,1771507209.788922,10155,7,1
1,NewOrder,1771507209.791595,19432,6,1
2,Payment,1771507209.792312,14183,23,1
1,NewOrder,1771507209.792336,9503,8,1
1,NewOrder,1771507209.792367,16497,0,1
2,Payment,1771507209.792405,20922,19,1
2,Payment,1771507209.792436,34270,12,1
2,Payment,1771507209.794441,9486,3,1
2,Payment,1771507209.796019,12258,2,1
2,Payment,1771507209.796719,9007,10,1
1,NewOrder,1771507209.796733,26624,18,1
1,NewOrder,1771507209.797339,26890,20,1
1,NewOrder,1771507209.797939,33796,17,1
1,NewOrder,1771507209.798011,27327,14,1
1,NewOrder,1771507209.798057,26232,4,1
4,Delivery,1771507209.798071,46213,21,1
1,NewOrder,1771507209.799084,9744,7,1
1,NewOrder,1771507209.801355,34577,9,1
2,Payment,1771507209.801850,7000,8,1
2,Payment,1771507209.801870,12798,1,1
1,NewOrder,1771507209.803418,16533,5,1
2,Payment,1771507209.803940,15188,3,1
1,NewOrder,1771507209.805739,18571,10,1
2,Payment,1771507209.806454,28237,13,1
2,Payment,1771507209.806467,18919,22,1
2,Payment,1771507209.806508,11915,23,1
1,NewOrder,1771507209.808292,36882,2,1
1,NewOrder,1771507209.808849,8313,7,1
1,NewOrder,1771507209.808870,8807,8,1
1,NewOrder,1771507209.808876,21889,0,1
2,Payment,1771507209.811042,8106,6,1
2,Payment,1771507209.811880,12835,11,1
2,Payment,1771507209.813343,19170,19,1
1,NewOrder,1771507209.813356,30810,15,1
2,Payment,1771507209.814694,13294,1,1
2,Payment,1771507209.817170,11183,7,1
2,Payment,1771507209.817696,14761,8,1
2,Payment,1771507209.818440,22905,23,1
3,OrderStatus,1771507209.819164,8663,6,1
1,NewOrder,1771507209.819177,17354,3,1
1,NewOrder,1771507209.819962,35059,5,1
2,Payment,1771507209.820791,22421,16,1
5,StockLevel,1771507209.823380,13832,18,1
2,Payment,1771507209.824239,20835,20,1
2,Payment,1771507209.824305,11574,4,1
2,Payment,1771507209.824338,18823,10,1
2,Payment,1771507209.824730,22979,11,1
1,NewOrder,1771507209.825351,22449,14,1
2,Payment,1771507209.825404,25306,22,1
2,Payment,1771507209.826714,23379,12,1
3,OrderStatus,1771507209.827842,6120,6,1
1,NewOrder,1771507209.828014,15012,1,1
1,NewOrder,1771507209.828365,9203,7,1
4,Delivery,1771507209.830791,5725,0,1
1,NewOrder,1771507209.831749,23225,17,1
2,Payment,1771507209.832478,21579,8,1
3,OrderStatus,1771507209.832536,8752,19,1
2,Payment,1771507209.833982,26898,6,1
2,Payment,1771507209.834702,21214,13,1
2,Payment,1771507209.835886,7253,4,1
2,Payment,1771507209.835949,34203,9,1
2,Payment,1771507209.836526,2072,0,1
1,NewOrder,1771507209.836556,9120,3,1
2,Payment,1771507209.837221,23710,18,1
2,Payment,1771507209.837593,38474,7,1
1,NewOrder,1771507209.838613,8494,0,1
2,Payment,1771507209.841305,14285,19,1
1,NewOrder,1771507209.841364,19582,23,1
2,Payment,1771507209.843044,5174,1,1
2,Payment,1771507209.843159,8859,4,1
1,NewOrder,1771507209.843172,13936,10,1
1,NewOrder,1771507209.843227,19189,16,1
2,Payment,1771507209.844174,18927,15,1
1,NewOrder,1771507209.844300,6883,21,1
2,Payment,1771507209.845082,25109,20,1
2,Payment,1771507209.845186,11970,2,1
1,NewOrder,1771507209.845692,15811,3,1
5,StockLevel,1771507209.847123,12500,0,1
1,NewOrder,1771507209.847720,36175,11,1
2,Payment,1771507209.847819,21840,14,1
1,NewOrder,1771507209.848232,12093,1,1
4,Delivery,1771507209.850112,10149,12,1
5,StockLevel,1771507209.850735,8646,22,1
2,Payment,1771507209.851193,25453,21,1
2,Payment,1771507209.852032,16369,4,1
1,NewOrder,1771507209.854074,31376,8,1
2,Payment,1771507209.854984,17514,17,1
1,NewOrder,1771507209.855038,31444,5,1
2,Payment,1771507209.855611,29980,19,1
4,Delivery,1771507209.855926,4998,13,1
1,NewOrder,1771507209.857116,20451,10,1
3,OrderStatus,1771507209.857173,8275,2,1
4,Delivery,1771507209.859396,26149,22,1
1,NewOrder,1771507209.859642,7131,0,1
1,NewOrder,1771507209.860278,9282,12,1
1,NewOrder,1771507209.860345,37091,1,1
2,Payment,1771507209.860892,19912,6,1
1,NewOrder,1771507209.860943,24567,13,1
1,NewOrder,1771507209.860958,9934,18,1
2,Payment,1771507209.860959,36393,23,1
2,Payment,1771507209.861510,15096,3,1
1,NewOrder,1771507209.862433,8197,16,1
2,Payment,1771507209.863110,15860,15,1
2,Payment,1771507209.865466,20195,2,1
2,Payment,1771507209.866781,30660,0,1
4,Delivery,1771507209.868407,27532,4,1
2,Payment,1771507209.869574,27689,12,1
2,Payment,1771507209.869678,16802,14,1
1,NewOrder,1771507209.870170,28362,9,1
2,Payment,1771507209.870217,35822,20,1
1,NewOrder,1771507209.870655,14973,16,1
3,OrderStatus,1771507209.870913,4437,18,1
1,NewOrder,1771507209.872514,26604,17,1
1,NewOrder,1771507209.875367,21902,18,1
2,Payment,1771507209.876093,10349,7,1
1,NewOrder,1771507209.876617,23122,3,1
3,OrderStatus,1771507209.876659,8840,21,1
5,StockLevel,1771507209.877592,7518,10,1
2,Payment,1771507209.878984,26345,15,1
2,Payment,1771507209.880819,19821,6,1
1,NewOrder,1771507209.883920,14818,11,1
5,StockLevel,1771507209.885135,5998,10,1
2,Payment,1771507209.885468,11844,8,1
2,Payment,1771507209.885526,29998,21,1
1,NewOrder,1771507209.885545,13526,13,1
1,NewOrder,1771507209.885559,24358,22,1
4,Delivery,1771507209.885606,14185,19,1
3,OrderStatus,1771507209.885644,7279,16,1
1,NewOrder,1771507209.885673,13302,2,1
3,OrderStatus,1771507209.886451,3540,7,1
2,Payment,1771507209.886498,25325,14,1
5,StockLevel,1771507209.886509,5608,5,1
2,Payment,1771507209.890014,15969,7,1
2,Payment,1771507209.891157,20148,10,1
1,NewOrder,1771507209.892126,9187,5,1
2,Payment,1771507209.892940,23884,16,1
2,Payment,1771507209.895957,6681,4,1
1,NewOrder,1771507209.897279,6895,18,1
1,NewOrder,1771507209.897288,12669,12,1
1,NewOrder,1771507209.897327,23782,8,1
1,NewOrder,1771507209.897359,11339,23,1
2,Payment,1771507209.897460,11958,1,1
2,Payment,1771507209.897468,14447,0,1
2,Payment,1771507209.898538,17682,9,1
2,Payment,1771507209.898772,21905,11,1
1,NewOrder,1771507209.899003,17787,2,1
4,Delivery,1771507209.899086,26037,13,1
2,Payment,1771507209.899143,21996,17,1
1,NewOrder,1771507209.899754,4746,3,1
2,Payment,1771507209.899816,20426,19,1
1,NewOrder,1771507209.900653,16867,6,1
1,NewOrder,1771507209.901322,5688,5,1
2,Payment,1771507209.902644,13680,4,1
1,NewOrder,1771507209.904189,3977,18,1
2,Payment,1771507209.904518,15197,3,1
2,Payment,1771507209.905339,22475,15,1
4,Delivery,1771507209.905998,18206,7,1
2,Payment,1771507209.906047,21923,20,1
1,NewOrder,1771507209.907023,5887,5,1
2,Payment,1771507209.908175,28229,18,1
2,Payment,1771507209.908713,37822,23,1
2,Payment,1771507209.909427,18521,1,1
2,Payment,1771507209.909922,41881,22,1
5,StockLevel,1771507209.909976,6284,12,1
2,Payment,1771507209.911313,21379,10,1
2,Payment,1771507209.911847,21515,14,1
3,OrderStatus,1771507209.911922,2698,0,1
1,NewOrder,1771507209.912924,13377,5,1
1,NewOrder,1771507209.914630,25265,0,1
5,StockLevel,1771507209.915546,8074,21,1
1,NewOrder,1771507209.916240,13119,9,1
2,Payment,1771507209.916270,25102,12,1
2,Payment,1771507209.916353,18129,4,1
2,Payment,1771507209.916809,24611,2,1
2,Payment,1771507209.916839,32974,16,1
1,NewOrder,1771507209.917533,18323,6,1
4,Delivery,1771507209.919723,26493,3,1
1,NewOrder,1771507209.920257,23242,19,1
1,NewOrder,1771507209.920694,28693,11,1
3,OrderStatus,1771507209.921117,2576,8,1
2,Payment,1771507209.921155,34352,17,1
3,OrderStatus,1771507209.923634,4068,21,1
1,NewOrder,1771507209.923703,6392,8,1
4,Delivery,1771507209.924221,6662,7,1
1,NewOrder,1771507209.925136,8567,13,1
1,NewOrder,1771507209.926310,19964,5,1
2,Payment,1771507209.927720,36708,21,1
1,NewOrder,1771507209.927822,21958,15,1
2,Payment,1771507209.927961,21466,1,1
2,Payment,1771507209.927978,29421,20,1
3,OrderStatus,1771507209.929381,6476,9,1
1,NewOrder,1771507209.930114,14659,8,1
1,NewOrder,1771507209.930897,25428,7,1
2,Payment,1771507209.932705,5740,10,1
4,Delivery,1771507209.933380,35359,14,1
1,NewOrder,1771507209.933713,16630,13,1
2,Payment,1771507209.934501,19460,4,1
1,NewOrder,1771507209.935866,9802,9,1
2,Payment,1771507209.935874,12591,6,1
1,NewOrder,1771507209.936416,22507,18,1
1,NewOrder,1771507209.938470,8510,10,1
2,Payment,1771507209.939912,25405,0,1
4,Delivery,1771507209.941382,27859,12,1
3,OrderStatus,1771507209.941438,9275,2,1
2,Payment,1771507209.943512,25778,19,1
2,Payment,1771507209.944783,9729,8,1
2,Payment,1771507209.945678,12511,9,1
2,Payment,1771507209.946221,24287,3,1
2,Payment,1771507209.946278,13215,5,1
5,StockLevel,1771507209.946539,11122,23,1
1,NewOrder,1771507209.946996,19534,10,1
3,OrderStatus,1771507209.948480,6498,6,1
1,NewOrder,1771507209.949406,10129,11,1
2,Payment,1771507209.949443,27497,1,1
1,NewOrder,1771507209.949799,12081,15,1
1,NewOrder,1771507209.949824,17125,16,1
1,NewOrder,1771507209.950367,21251,13,1
2,Payment,1771507209.950727,30753,2,1
2,Payment,1771507209.951815,20630,22,1
1,NewOrder,1771507209.953975,9686,4,1
2,Payment,1771507209.954531,10362,8,1
2,Payment,1771507209.955001,17069,6,1
2,Payment,1771507209.955519,7560,17,1
2,Payment,1771507209.956335,24460,7,1
1,NewOrder,1771507209.957405,12388,20,1
1,NewOrder,1771507209.957686,13185,23,1
2,Payment,1771507209.958203,28765,9,1
2,Payment,1771507209.958939,19038,18,1
2,Payment,1771507209.959499,28062,5,1
2,Payment,1771507209.959553,37454,11,1
2,Payment,1771507209.961893,5162,15,1
2,Payment,1771507209.963101,8153,17,1
2,Payment,1771507209.963672,29541,4,1
2,Payment,1771507209.964442,17134,21,1
1,NewOrder,1771507209.964906,13038,8,1
5,StockLevel,1771507209.965336,7762,0,1
2,Payment,1771507209.966538,41827,10,1
2,Payment,1771507209.966954,9052,16,1
4,Delivery,1771507209.967079,2248,15,1
5,StockLevel,1771507209.968747,10115,14,1
2,Payment,1771507209.969257,10719,12,1
2,Payment,1771507209.969308,16778,19,1
1,NewOrder,1771507209.969348,8670,15,1
1,NewOrder,1771507209.969801,16777,20,1
1,NewOrder,1771507209.970513,10420,3,1
2,Payment,1771507209.970875,21753,23,1
1,NewOrder,1771507209.971284,30369,17,1
2,Payment,1771507209.971630,15426,13,1
4,Delivery,1771507209.972097,9492,6,1
2,Payment,1771507209.972464,33579,22,1
2,Payment,1771507209.973112,29627,0,1
2,Payment,1771507209.976028,17264,16,1
2,Payment,1771507209.976950,30974,1,1
2,Payment,1771507209.977960,37070,8,1
2,Payment,1771507209.977988,31102,18,1
2,Payment,1771507209.978037,18842,15,1
2,Payment,1771507209.978870,23841,14,1
4,Delivery,1771507209.979999,9126,12,1
2,Payment,1771507209.980804,41142,7,1
4,Delivery,1771507209.980975,26298,3,1
2,Payment,1771507209.981520,30216,2,1
2,Payment,1771507209.981619,31221,21,1
1,NewOrder,1771507209.981634,13353,6,1
4,Delivery,1771507209.986113,16580,19,1
1,NewOrder,1771507209.986590,7303,20,1
2,Payment,1771507209.986989,15820,9,1
2,Payment,1771507209.987076,21170,13,1
2,Payment,1771507209.987572,27943,5,1
5,StockLevel,1771507209.989133,4743,12,1
1,NewOrder,1771507209.992647,16643,23,1
1,NewOrder,1771507209.993232,14691,4,1
3,OrderStatus,1771507209.993314,8405,16,1
1,NewOrder,1771507209.993902,8867,12,1
2,Payment,1771507209.993909,27945,20,1
5,StockLevel,1771507209.995006,5577,6,1
2,Payment,1771507209.996901,15347,15,1
5,StockLevel,1771507209.997045,9837,11,1
1,NewOrder,1771507210.000603,16134,6,1
2,Payment,1771507210.001673,13807,17,1
2,Payment,1771507210.001733,19508,16,1
2,Payment,1771507210.002705,14408,19,1
2,Payment,1771507210.002723,23182,14,1
1,NewOrder,1771507210.002753,15354,0,1
2,Payment,1771507210.002788,21316,12,1
1,NewOrder,1771507210.002826,12733,9,1
1,NewOrder,1771507210.006074,9467,22,1
2,Payment,1771507210.006900,19058,11,1
2,Payment,1771507210.007328,14604,3,1
1,NewOrder,1771507210.008123,14281,1,1
1,NewOrder,1771507210.008153,15395,4,1
2,Payment,1771507210.008263,23665,13,1
2,Payment,1771507210.008383,21131,10,1
2,Payment,1771507210.009425,16440,23,1
1,NewOrder,1771507210.009427,12463,18,1
2,Payment,1771507210.011758,17239,2,1
2,Payment,1771507210.012258,31957,15,1
1,NewOrder,1771507210.012878,13856,21,1
2,Payment,1771507210.015070,21517,8,1
2,Payment,1771507210.015496,24622,17,1
1,NewOrder,1771507210.015533,9960,5,1
1,NewOrder,1771507210.015562,9565,22,1
1,NewOrder,1771507210.015588,15838,9,1
2,Payment,1771507210.016751,24316,6,1
1,NewOrder,1771507210.017135,15283,19,1
2,Payment,1771507210.018128,14264,0,1
2,Payment,1771507210.021259,6404,16,1
2,Payment,1771507210.021864,7598,20,1
1,NewOrder,1771507210.021906,20719,18,1
2,Payment,1771507210.021954,27643,7,1
2,Payment,1771507210.021966,19043,3,1
2,Payment,1771507210.022428,13535,1,1
2,Payment,1771507210.023563,27040,4,1
2,Payment,1771507210.024124,28067,12,1
1,NewOrder,1771507210.025144,8921,22,1
1,NewOrder,1771507210.025504,12449,5,1
2,Payment,1771507210.025882,7805,23,1
1,NewOrder,1771507210.025918,18930,14,1
1,NewOrder,1771507210.025971,17627,11,1
2,Payment,1771507210.026746,11752,21,1
2,Payment,1771507210.027680,7804,16,1
2,Payment,1771507210.029012,39254,2,1
1,NewOrder,1771507210.029471,35603,20,1
2,Payment,1771507210.029551,29687,10,1
1,NewOrder,1771507210.031448,15141,9,1
1,NewOrder,1771507210.031940,34620,13,1
1,NewOrder,1771507210.032406,22722,0,1
1,NewOrder,1771507210.032432,26696,19,1
1,NewOrder,1771507210.033704,17504,23,1
2,Payment,1771507210.034077,7487,22,1
2,Payment,1771507210.035493,22175,16,1
2,Payment,1771507210.035980,23109,1,1
1,NewOrder,1771507210.036620,14607,8,1
1,NewOrder,1771507210.037962,12654,5,1
2,Payment,1771507210.038517,6325,21,1
2,Payment,1771507210.040134,30238,17,1
2,Payment,1771507210.041044,34985,3,1
2,Payment,1771507210.041085,21171,6,1
1,NewOrder,1771507210.041575,10231,22,1
2,Payment,1771507210.042640,8026,18,1
1,NewOrder,1771507210.043616,18118,11,1
1,NewOrder,1771507210.044225,39140,15,1
5,StockLevel,1771507210.044857,6695,21,1
1,NewOrder,1771507210.044858,14096,14,1
4,Delivery,1771507210.046603,62107,9,1
2,Payment,1771507210.049605,16994,7,1
2,Payment,1771507210.050627,32670,5,1
2,Payment,1771507210.050628,45589,4,1
2,Payment,1771507210.050691,9590,18,1
2,Payment,1771507210.051223,16674,23,1
1,NewOrder,1771507210.051245,9303,8,1
1,NewOrder,1771507210.051575,8735,21,1
2,Payment,1771507210.051830,23629,22,1
1,NewOrder,1771507210.052201,8025,12,1
1,NewOrder,1771507210.055147,11461,0,1
1,NewOrder,1771507210.057681,25645,16,1
1,NewOrder,1771507210.058963,17048,14,1
1,NewOrder,1771507210.059108,9751,1,1
4,Delivery,1771507210.059161,22397,19,1
1,NewOrder,1771507210.059263,30889,10,1
1,NewOrder,1771507210.060249,40114,12,1
2,Payment,1771507210.060295,23261,18,1
4,Delivery,1771507210.060325,22851,21,1
1,NewOrder,1771507210.060556,24546,8,1
1,NewOrder,1771507210.061749,9183,11,1
5,StockLevel,1771507210.062273,7026,6,1
4,Delivery,1771507210.065094,18159,20,1
1,NewOrder,1771507210.066570,21152,13,1
5,StockLevel,1771507210.066615,8751,7,1
5,StockLevel,1771507210.066622,8575,0,1
2,Payment,1771507210.067914,22648,23,1
1,NewOrder,1771507210.068284,29361,2,1
2,Payment,1771507210.068877,20528,1,1
2,Payment,1771507210.069312,4102,6,1
1,NewOrder,1771507210.070389,18102,17,1
1,NewOrder,1771507210.070949,11790,11,1
1,NewOrder,1771507210.073422,9406,6,1
1,NewOrder,1771507210.075214,12415,0,1
1,NewOrder,1771507210.075391,7988,7,1
1,NewOrder,1771507210.075475,19373,22,1
1,NewOrder,1771507210.076019,18018,14,1
3,OrderStatus,1771507210.076042,7855,3,1
1,NewOrder,1771507210.081581,26173,19,1
3,OrderStatus,1771507210.082760,6594,11,1
1,NewOrder,1771507210.082846,22509,6,1
2,Payment,1771507210.083196,13576,21,1
3,OrderStatus,1771507210.083272,5838,20,1
1,NewOrder,1771507210.083309,25329,5,1
2,Payment,1771507210.083339,8057,16,1
2,Payment,1771507210.083379,15104,15,1
2,Payment,1771507210.083386,6086,7,1
2,Payment,1771507210.083575,20461,18,1
1,NewOrder,1771507210.083907,15353,3,1
2,Payment,1771507210.085110,13383,8,1
1,NewOrder,1771507210.087648,19990,0,1
1,NewOrder,1771507210.087744,31955,13,1
2,Payment,1771507210.088514,16722,17,1
2,Payment,1771507210.089132,19019,20,1
1,NewOrder,1771507210.089378,18114,11,1
2,Payment,1771507210.089421,18142,1,1
1,NewOrder,1771507210.089488,23212,7,1
1,NewOrder,1771507210.090166,23168,10,1
1,NewOrder,1771507210.090575,32247,23,1
5,StockLevel,1771507210.091411,22749,16,1
2,Payment,1771507210.094056,20241,14,1
1,NewOrder,1771507210.094864,16468,22,1
1,NewOrder,1771507210.096242,28773,4,1
1,NewOrder,1771507210.096797,16575,21,1
1,NewOrder,1771507210.097655,17620,2,1
2,Payment,1771507210.098499,28873,15,1
2,Payment,1771507210.098502,9694,8,1
2,Payment,1771507210.099286,16030,3,1
1,NewOrder,1771507210.100381,22593,12,1
1,NewOrder,1771507210.104061,33289,18,1
5,StockLevel,1771507210.105253,29895,17,1
1,NewOrder,1771507210.105365,30242,6,1
1,NewOrder,1771507210.107503,20575,11,1
2,Payment,1771507210.107573,19852,1,1
1,NewOrder,1771507210.107644,20492,0,1
2,Payment,1771507210.107779,5573,19,1
1,NewOrder,1771507210.108175,27280,20,1
1,NewOrder,1771507210.108204,38166,8,1
1,NewOrder,1771507210.108660,37322,5,1
1,NewOrder,1771507210.108737,26766,9,1
1,NewOrder,1771507210.111345,13712,22,1
5,StockLevel,1771507210.112715,9153,7,1
3,OrderStatus,1771507210.113346,6184,10,1
1,NewOrder,1771507210.113375,21555,19,1
2,Payment,1771507210.113396,5025,21,1
1,NewOrder,1771507210.114185,32281,16,1
2,Payment,1771507210.114311,21258,14,1
1,NewOrder,1771507210.115285,41029,2,1
1,NewOrder,1771507210.115338,28900,3,1
1,NewOrder,1771507210.118431,8968,21,1
2,Payment,1771507210.119554,5297,10,1
1,NewOrder,1771507210.119706,26763,13,1
1,NewOrder,1771507210.121875,6241,7,1
2,Payment,1771507210.122847,4502,23,1
1,NewOrder,1771507210.122992,20706,12,1
2,Payment,1771507210.124871,3193,10,1
2,Payment,1771507210.125056,6713,4,1
1,NewOrder,1771507210.125072,19186,22,1
1,NewOrder,1771507210.127375,19025,23,1
1,NewOrder,1771507210.127388,28898,15,1
2,Payment,1771507210.127413,8148,21,1
2,Payment,1771507210.127438,8096,1,1
1,NewOrder,1771507210.128082,30234,10,1
2,Payment,1771507210.128088,5412,11,1
3,OrderStatus,1771507210.128128,2927,7,1
4,Delivery,1771507210.128147,8742,0,1
2,Payment,1771507210.131072,5119,7,1
2,Payment,1771507210.131784,9904,4,1
1,NewOrder,1771507210.133515,27813,11,1
1,NewOrder,1771507210.134945,23513,19,1
4,Delivery,1771507210.135155,105153,17,1
2,Payment,1771507210.135469,6648,20,1
2,Payment,1771507210.135521,19801,9,1
2,Payment,1771507210.135546,13803,1,1
4,Delivery,1771507210.135577,34412,21,1
3,OrderStatus,1771507210.135582,7740,14,1
3,OrderStatus,1771507210.135628,7219,6,1
2,Payment,1771507210.136202,3811,7,1
1,NewOrder,1771507210.136901,25672,0,1
2,Payment,1771507210.137369,12431,18,1
1,NewOrder,1771507210.140037,18396,7,1
1,NewOrder,1771507210.141713,28330,4,1
1,NewOrder,1771507210.142129,24280,20,1
2,Payment,1771507210.142858,17963,6,1
2,Payment,1771507210.143337,8723,14,1
2,Payment,1771507210.143722,12656,12,1
1,NewOrder,1771507210.144263,19287,3,1
2,Payment,1771507210.144270,14656,22,1
2,Payment,1771507210.146008,17095,5,1
1,NewOrder,1771507210.146386,11267,8,1
2,Payment,1771507210.146415,18768,23,1
1,NewOrder,1771507210.146478,23953,16,1
2,Payment,1771507210.146493,14838,13,1
1,NewOrder,1771507210.149367,21738,1,1
1,NewOrder,1771507210.149823,23295,18,1
2,Payment,1771507210.152072,17261,14,1
2,Payment,1771507210.155348,11627,9,1
1,NewOrder,1771507210.156300,21231,15,1
2,Payment,1771507210.156326,11593,2,1
2,Payment,1771507210.156403,30649,12,1
1,NewOrder,1771507210.157673,17120,8,1
2,Payment,1771507210.158338,19911,10,1
2,Payment,1771507210.158447,14637,7,1
4,Delivery,1771507210.158483,12115,19,1
4,Delivery,1771507210.158940,11802,22,1
2,Payment,1771507210.160833,20032,6,1
1,NewOrder,1771507210.161341,39998,11,1
1,NewOrder,1771507210.161356,10828,13,1
2,Payment,1771507210.162587,8899,0,1
2,Payment,1771507210.163128,12216,5,1
1,NewOrder,1771507210.163564,11815,3,1
1,NewOrder,1771507210.165206,35407,23,1
1,NewOrder,1771507210.166422,19516,20,1
1,NewOrder,1771507210.166991,8383,9,1
2,Payment,1771507210.167931,17976,2,1
2,Payment,1771507210.169358,24656,14,1
5,StockLevel,1771507210.170005,22214,21,1
5,StockLevel,1771507210.170061,24704,4,1
1,NewOrder,1771507210.170443,36066,16,1
4,Delivery,1771507210.170618,22342,19,1
2,Payment,1771507210.170759,10735,22,1
1,NewOrder,1771507210.171122,22848,1,1
2,Payment,1771507210.171499,19128,0,1
1,NewOrder,1771507210.172209,12288,13,1
1,NewOrder,1771507210.173098,34130,7,1
4,Delivery,1771507210.173131,20157,18,1
2,Payment,1771507210.174807,10179,8,1
1,NewOrder,1771507210.175351,43472,5,1
1,NewOrder,1771507210.175396,26439,9,1
2,Payment,1771507210.175405,21782,3,1
2,Payment,1771507210.177549,32682,15,1
1,NewOrder,1771507210.178267,7088,10,1
5,StockLevel,1771507210.180877,8098,6,1
2,Payment,1771507210.181508,3412,22,1
2,Payment,1771507210.184512,16819,13,1
1,NewOrder,1771507210.184932,24018,22,1
1,NewOrder,1771507210.185011,16860,8,1
3,OrderStatus,1771507210.185367,4099,10,1
1,NewOrder,1771507210.185917,18875,2,1
2,Payment,1771507210.185949,4215,20,1
2,Payment,1771507210.187062,31737,12,1
1,NewOrder,1771507210.188985,34880,6,1
1,NewOrder,1771507210.189472,25775,10,1
2,Payment,1771507210.190173,6395,20,1
2,Payment,1771507210.190646,12678,0,1
2,Payment,1771507210.192231,10571,21,1
1,NewOrder,1771507210.192971,19180,19,1
5,StockLevel,1771507210.193297,12547,18,1
2,Payment,1771507210.193986,16280,1,1
1,NewOrder,1771507210.194024,20550,14,1
1,NewOrder,1771507210.194787,15005,4,1
1,NewOrder,1771507210.196577,25641,20,1
2,Payment,1771507210.197200,20958,3,1
2,Payment,1771507210.200630,9792,23,1
2,Payment,1771507210.201346,23177,13,1
1,NewOrder,1771507210.201355,12790,11,1
4,Delivery,1771507210.201854,25490,9,1
2,Payment,1771507210.201884,9077,8,1
1,NewOrder,1771507210.202814,18702,21,1
1,NewOrder,1771507210.203333,41363,0,1
5,StockLevel,1771507210.204803,19377,2,1
2,Payment,1771507210.205851,7163,18,1
5,StockLevel,1771507210.206524,21363,16,1
1,NewOrder,1771507210.207242,23390,7,1
1,NewOrder,1771507210.208973,35713,22,1
2,Payment,1771507210.209809,14681,4,1
2,Payment,1771507210.210244,24017,15,1
1,NewOrder,1771507210.210280,23944,1,1
2,Payment,1771507210.210447,8408,23,1
2,Payment,1771507210.210973,8569,8,1
1,NewOrder,1771507210.212161,9325,19,1
5,StockLevel,1771507210.213025,5355,18,1
2,Payment,1771507210.214158,8816,11,1
3,OrderStatus,1771507210.214590,3440,14,1
1,NewOrder,1771507210.215254,31633,10,1
1,NewOrder,1771507210.218043,21660,14,1
2,Payment,1771507210.218172,22096,3,1
1,NewOrder,1771507210.218388,11020,18,1
2,Payment,1771507210.218817,21851,12,1
2,Payment,1771507210.218841,14741,5,1
2,Payment,1771507210.218866,6603,23,1
2,Payment,1771507210.219558,10495,8,1
2,Payment,1771507210.221493,8630,19,1
1,NewOrder,1771507210.221533,27182,21,1
2,Payment,1771507210.222231,14403,20,1
1,NewOrder,1771507210.222989,13228,11,1
1,NewOrder,1771507210.223878,23458,6,1
1,NewOrder,1771507210.224187,18237,2,1
1,NewOrder,1771507210.224508,20273,4,1
2,Payment,1771507210.224546,22731,13,1
1,NewOrder,1771507210.225481,35869,23,1
2,Payment,1771507210.227361,6921,9,1
1,NewOrder,1771507210.227903,19490,16,1
3,OrderStatus,1771507210.229419,4371,18,1
2,Payment,1771507210.230065,14060,8,1
2,Payment,1771507210.230142,10105,19,1
2,Payment,1771507210.230638,22756,7,1
1,NewOrder,1771507210.233607,19514,5,1
2,Payment,1771507210.233807,10832,18,1
1,NewOrder,1771507210.234248,18925,1,1
1,NewOrder,1771507210.234275,14891,15,1
1,NewOrder,1771507210.234307,17565,9,1
4,Delivery,1771507210.236226,31111,11,1
2,Payment,1771507210.236638,16427,20,1
5,StockLevel,1771507210.239744,13469,14,1
2,Payment,1771507210.240255,17694,19,1
1,NewOrder,1771507210.240293,16938,3,1
2,Payment,1771507210.240332,26419,17,1
2,Payment,1771507210.240693,12826,12,1
2,Payment,1771507210.242449,5641,2,1
2,Payment,1771507210.244148,20031,8,1
1,NewOrder,1771507210.244649,16744,18,1
2,Payment,1771507210.244723,22007,22,1
2,Payment,1771507210.244725,15560,0,1
2,Payment,1771507210.244807,8687,4,1
1,NewOrder,1771507210.246912,20266,10,1
3,OrderStatus,1771507210.247284,7130,13,1
2,Payment,1771507210.247362,22682,6,1
2,Payment,1771507210.247418,26416,16,1
2,Payment,1771507210.248115,17647,2,1
1,NewOrder,1771507210.248740,4583,21,1
2,Payment,1771507210.249182,29938,15,1
1,NewOrder,1771507210.251896,10312,9,1
2,Payment,1771507210.253091,24870,20,1
1,NewOrder,1771507210.253141,13379,5,1
1,NewOrder,1771507210.253198,13390,1,1
1,NewOrder,1771507210.253228,13400,14,1
2,Payment,1771507210.253349,28202,21,1
1,NewOrder,1771507210.253404,17310,7,1
1,NewOrder,1771507210.253506,17190,4,1
2,Payment,1771507210.253526,33014,12,1
1,NewOrder,1771507210.254425,12214,13,1
2,Payment,1771507210.257256,13425,3,1
1,NewOrder,1771507210.257958,13824,19,1
2,Payment,1771507210.260310,18964,0,1
2,Payment,1771507210.261375,25241,23,1
1,NewOrder,1771507210.261401,10785,18,1
2,Payment,1771507210.262233,16995,9,1
1,NewOrder,1771507210.264201,8372,8,1
2,Payment,1771507210.265786,20699,2,1
4,Delivery,1771507210.266545,13253,5,1
2,Payment,1771507210.266606,34174,1,1
3,OrderStatus,1771507210.266653,3175,14,1
2,Payment,1771507210.266663,27388,13,1
1,NewOrder,1771507210.266752,18783,22,1
2,Payment,1771507210.266776,34121,17,1
2,Payment,1771507210.267199,19887,10,1
1,NewOrder,1771507210.267353,13702,11,1
1,NewOrder,1771507210.269850,36382,14,1
1,NewOrder,1771507210.270054,33611,6,1
2,Payment,1771507210.270696,36308,3,1
2,Payment,1771507210.270721,45586,4,1
1,NewOrder,1771507210.270739,31270,7,1
4,Delivery,1771507210.271793,14789,19,1
2,Payment,1771507210.272198,22266,18,1
4,Delivery,1771507210.272595,6610,8,1
1,NewOrder,1771507210.273859,13219,16,1
1,NewOrder,1771507210.277973,14053,20,1
1,NewOrder,1771507210.279144,31802,15,1
1,NewOrder,1771507210.279231,19566,8,1
1,NewOrder,1771507210.279243,35520,9,1
1,NewOrder,1771507210.279300,26190,0,1
4,Delivery,1771507210.279817,47122,5,1
1,NewOrder,1771507210.281070,38064,11,1
1,NewOrder,1771507210.281566,8997,21,1
1,NewOrder,1771507210.285560,12885,22,1
1,NewOrder,1771507210.286506,31924,2,1
2,Payment,1771507210.286550,20351,12,1
2,Payment,1771507210.286598,14264,19,1
2,Payment,1771507210.286634,20215,23,1
1,NewOrder,1771507210.287097,10366,16,1
2,Payment,1771507210.287111,9105,10,1
2,Payment,1771507210.290588,21147,21,1
1,NewOrder,1771507210.292051,6720,20,1
4,Delivery,1771507210.294076,19515,13,1
1,NewOrder,1771507210.294475,22929,18,1
2,Payment,1771507210.296242,4003,10,1
2,Payment,1771507210.297489,15373,16,1
1,NewOrder,1771507210.298470,37797,22,1
1,NewOrder,1771507210.298795,10995,20,1
1,NewOrder,1771507210.298823,21350,8,1
1,NewOrder,1771507210.300270,17062,10,1
3,OrderStatus,1771507210.300791,8028,1,1
2,Payment,1771507210.300878,23824,19,1
1,NewOrder,1771507210.300923,15416,17,1
2,Payment,1771507210.302018,4835,7,1
2,Payment,1771507210.303681,8130,6,1
2,Payment,1771507210.305514,17152,0,1
4,Delivery,1771507210.306247,8322,14,1
1,NewOrder,1771507210.306862,20077,7,1
1,NewOrder,1771507210.306874,37245,23,1
2,Payment,1771507210.306922,12234,12,1
1,NewOrder,1771507210.307029,19346,3,1
1,NewOrder,1771507210.308826,12011,1,1
2,Payment,1771507210.309815,22646,20,1
1,NewOrder,1771507210.310953,12471,15,1
1,NewOrder,1771507210.311759,31676,21,1
2,Payment,1771507210.311836,6694,6,1
2,Payment,1771507210.312887,16391,16,1
5,StockLevel,1771507210.313597,10117,13,1
2,Payment,1771507210.314589,19648,14,1
2,Payment,1771507210.314788,12663,9,1
2,Payment,1771507210.316333,15390,4,1
1,NewOrder,1771507210.316356,26115,17,1
2,Payment,1771507210.317357,20354,10,1
4,Delivery,1771507210.317428,12299,18,1
1,NewOrder,1771507210.318454,29253,2,1
2,Payment,1771507210.318555,13788,6,1
2,Payment,1771507210.319146,29365,11,1
5,StockLevel,1771507210.319165,16659,12,1
1,NewOrder,1771507210.320197,12178,8,1
1,NewOrder,1771507210.320863,7860,1,1
1,NewOrder,1771507210.322682,14329,0,1
2,Payment,1771507210.323440,17233,15,1
1,NewOrder,1771507210.323722,16334,13,1
1,NewOrder,1771507210.324727,27829,19,1
2,Payment,1771507210.326380,10590,3,1
1,NewOrder,1771507210.326943,14928,7,1
1,NewOrder,1771507210.326964,36027,5,1
2,Payment,1771507210.327473,31242,9,1
2,Payment,1771507210.328748,15434,1,1
2,Payment,1771507210.329303,19083,16,1
1,NewOrder,1771507210.329752,22005,18,1
1,NewOrder,1771507210.331748,17937,4,1
1,NewOrder,1771507210.332368,35382,6,1
1,NewOrder,1771507210.332401,18613,8,1
2,Payment,1771507210.332486,5722,20,1
2,Payment,1771507210.334244,23581,14,1
1,NewOrder,1771507210.335830,16818,12,1
3,OrderStatus,1771507210.336288,6366,22,1
2,Payment,1771507210.336978,30389,3,1
2,Payment,1771507210.337053,21630,0,1
1,NewOrder,1771507210.337737,22724,10,1
2,Payment,1771507210.338226,6571,20,1
1,NewOrder,1771507210.340064,28207,13,1
3,OrderStatus,1771507210.340678,9221,15,1
2,Payment,1771507210.341897,25474,7,1
1,NewOrder,1771507210.342488,35897,17,1
2,Payment,1771507210.342675,9931,22,1
1,NewOrder,1771507210.343455,12065,21,1
1,NewOrder,1771507210.344141,8376,23,1
1,NewOrder,1771507210.344193,23040,1,1
3,OrderStatus,1771507210.344814,9825,20,1
1,NewOrder,1771507210.347723,5959,2,1
2,Payment,1771507210.348402,18885,16,1
2,Payment,1771507210.348534,27085,11,1
2,Payment,1771507210.349706,25403,4,1
2,Payment,1771507210.349908,26493,15,1
4,Delivery,1771507210.351028,27946,8,1
1,NewOrder,1771507210.351782,7946,18,1
1,NewOrder,1771507210.352531,7938,23,1
1,NewOrder,1771507210.352572,15762,19,1
2,Payment,1771507210.352630,7576,22,1
1,NewOrder,1771507210.352673,26281,12,1
1,NewOrder,1771507210.353708,3183,2,1
1,NewOrder,1771507210.354656,22207,20,1
2,Payment,1771507210.355536,6180,21,1
2,Payment,1771507210.356907,22769,2,1
1,NewOrder,1771507210.357836,17299,14,1
1,NewOrder,1771507210.358691,15911,0,1
2,Payment,1771507210.358740,25465,9,1
1,NewOrder,1771507210.359754,19865,18,1
2,Payment,1771507210.360231,6319,22,1
2,Payment,1771507210.360490,27707,10,1
2,Payment,1771507210.360490,12898,23,1
5,StockLevel,1771507210.361726,2816,21,1
2,Payment,1771507210.363016,23760,5,1
5,StockLevel,1771507210.364552,3932,21,1
2,Payment,1771507210.366566,9776,22,1
1,NewOrder,1771507210.367249,8449,1,1
2,Payment,1771507210.367305,14596,16,1
2,Payment,1771507210.367375,22479,3,1
1,NewOrder,1771507210.367384,11582,7,1
3,OrderStatus,1771507210.367774,2330,6,1
2,Payment,1771507210.368296,19451,13,1
1,NewOrder,1771507210.368348,6734,19,1
2,Payment,1771507210.368492,13447,21,1
2,Payment,1771507210.370127,9467,6,1
2,Payment,1771507210.373412,12264,23,1
2,Payment,1771507210.374622,20448,0,1
1,NewOrder,1771507210.375103,7275,19,1
2,Payment,1771507210.375134,27768,4,1
5,StockLevel,1771507210.375161,7287,14,1
2,Payment,1771507210.375638,19417,11,1
1,NewOrder,1771507210.375712,6727,1,1
1,NewOrder,1771507210.376355,23436,22,1
2,Payment,1771507210.376412,18692,15,1
2,Payment,1771507210.376876,11352,20,1
2,Payment,1771507210.378416,24153,17,1
1,NewOrder,1771507210.378980,19806,12,1
2,Payment,1771507210.378998,22916,8,1
4,Delivery,1771507210.379002,9160,7,1
5,StockLevel,1771507210.379607,15276,6,1
2,Payment,1771507210.379630,14752,18,1
1,NewOrder,1771507210.379700,15455,2,1
1,NewOrder,1771507210.381924,17288,16,1
1,NewOrder,1771507210.381965,17683,21,1
1,NewOrder,1771507210.382391,3969,19,1
2,Payment,1771507210.382465,25334,1,1
2,Payment,1771507210.382472,25722,14,1
1,NewOrder,1771507210.384231,14986,9,1
1,NewOrder,1771507210.385701,11088,23,1
2,Payment,1771507210.386385,11594,19,1
2,Payment,1771507210.386801,27825,5,1
1,NewOrder,1771507210.387759,13048,13,1
3,OrderStatus,1771507210.388177,5421,7,1
2,Payment,1771507210.388212,19650,10,1
1,NewOrder,1771507210.388245,6776,20,1
2,Payment,1771507210.389864,31604,3,1
2,Payment,1771507210.393605,23642,7,1
2,Payment,1771507210.394398,9233,18,1
1,NewOrder,1771507210.394898,6970,6,1
4,Delivery,1771507210.395035,15391,20,1
2,Payment,1771507210.395070,30415,11,1
1,NewOrder,1771507210.395103,37386,0,1
2,Payment,1771507210.395112,18681,15,1
1,NewOrder,1771507210.395181,12982,2,1
5,StockLevel,1771507210.396813,11186,23,1
2,Payment,1771507210.397996,9147,19,1
1,NewOrder,1771507210.398811,13940,12,1
2,Payment,1771507210.399231,21544,16,1
1,NewOrder,1771507210.399242,9740,9,1
2,Payment,1771507210.399656,16587,21,1
2,Payment,1771507210.399817,24731,22,1
2,Payment,1771507210.400811,26452,13,1
1,NewOrder,1771507210.401893,8459,6,1
2,Payment,1771507210.401929,26975,8,1
2,Payment,1771507210.402595,31454,17,1
1,NewOrder,1771507210.402921,15208,4,1
2,Payment,1771507210.403643,6330,18,1
1,NewOrder,1771507210.407163,10886,19,1
1,NewOrder,1771507210.407825,13705,1,1
4,Delivery,1771507210.407887,24650,10,1
1,NewOrder,1771507210.408010,9597,23,1
2,Payment,1771507210.408177,18288,2,1
2,Payment,1771507210.408206,31344,14,1
1,NewOrder,1771507210.408992,9105,9,1
2,Payment,1771507210.409985,21712,18,1
1,NewOrder,1771507210.410364,15083,6,1
2,Payment,1771507210.410453,28508,20,1
1,NewOrder,1771507210.412759,6512,12,1
2,Payment,1771507210.413798,30940,15,1
2,Payment,1771507210.414652,18593,5,1
1,NewOrder,1771507210.416249,23641,21,1
2,Payment,1771507210.417273,15294,7,1
1,NewOrder,1771507210.417626,14851,23,1
1,NewOrder,1771507210.418071,8549,19,1
2,Payment,1771507210.418122,18980,9,1
1,NewOrder,1771507210.418154,20763,4,1
2,Payment,1771507210.419296,47603,12,1
4,Delivery,1771507210.420797,59152,16,1
1,NewOrder,1771507210.421480,23742,3,1
1,NewOrder,1771507210.421553,22315,1,1
1,NewOrder,1771507210.424573,18700,22,1
2,Payment,1771507210.425472,14480,6,1
5,StockLevel,1771507210.425498,10206,11,1
2,Payment,1771507210.426482,11908,2,1
1,NewOrder,1771507210.426645,10009,19,1
1,NewOrder,1771507210.427276,34645,13,1
4,Delivery,1771507210.428918,4015,8,1
2,Payment,1771507210.431710,12649,18,1
3,OrderStatus,1771507210.432495,4284,23,1
2,Payment,1771507210.432499,31578,0,1
1,NewOrder,1771507210.432562,12057,10,1
1,NewOrder,1771507210.432592,33020,7,1
2,Payment,1771507210.432954,9690,8,1
2,Payment,1771507210.433269,37348,5,1
1,NewOrder,1771507210.434072,37414,17,1
2,Payment,1771507210.435729,9002,11,1
1,NewOrder,1771507210.436675,7193,19,1
1,NewOrder,1771507210.436801,25018,23,1
2,Payment,1771507210.437111,29772,9,1
2,Payment,1771507210.438415,38214,2,1
3,OrderStatus,1771507210.438938,25779,4,1
2,Payment,1771507210.438975,27405,20,1
2,Payment,1771507210.439575,38576,14,1
2,Payment,1771507210.439902,36807,21,1
2,Payment,1771507210.439977,35203,6,1
2,Payment,1771507210.442661,39604,8,1
1,NewOrder,1771507210.443296,33448,22,1
2,Payment,1771507210.443896,40018,19,1
1,NewOrder,1771507210.443898,33867,1,1
1,NewOrder,1771507210.444384,56986,18,1
2,Payment,1771507210.444643,55674,10,1
1,NewOrder,1771507210.444755,29498,15,1
2,Payment,1771507210.444758,44444,11,1
2,Payment,1771507210.445231,36546,3,1
1,NewOrder,1771507210.461837,16204,23,1
1,NewOrder,1771507210.461943,21515,13,1
2,Payment,1771507210.464100,22032,0,1
1,NewOrder,1771507210.464739,19198,4,1
2,Payment,1771507210.465627,42849,7,1
1,NewOrder,1771507210.466391,36261,20,1
1,NewOrder,1771507210.466910,25958,9,1
2,Payment,1771507210.466925,17128,12,1
1,NewOrder,1771507210.470635,19509,5,1
2,Payment,1771507210.471511,18280,17,1
1,NewOrder,1771507210.474265,15556,15,1
2,Payment,1771507210.475194,42729,6,1
1,NewOrder,1771507210.476654,13162,2,1
2,Payment,1771507210.476732,17795,21,1
2,Payment,1771507210.476768,13428,22,1
1,NewOrder,1771507210.477790,16792,1,1
1,NewOrder,1771507210.478063,15404,23,1
3,OrderStatus,1771507210.478177,6940,14,1
1,NewOrder,1771507210.479974,14673,16,1
4,Delivery,1771507210.481802,14058,3,1
2,Payment,1771507210.482290,42807,8,1
2,Payment,1771507210.483483,10422,13,1
1,NewOrder,1771507210.483936,32127,19,1
1,NewOrder,1771507210.483955,24673,4,1
2,Payment,1771507210.484068,17272,12,1
1,NewOrder,1771507210.485141,24446,14,1
4,Delivery,1771507210.486150,10251,0,1
2,Payment,1771507210.489226,45950,11,1
2,Payment,1771507210.489816,20142,17,1
1,NewOrder,1771507210.489843,30413,2,1
1,NewOrder,1771507210.489850,10480,15,1
2,Payment,1771507210.490155,4517,5,1
1,NewOrder,1771507210.490221,10093,22,1
2,Payment,1771507210.492882,20542,9,1
1,NewOrder,1771507210.493492,16199,23,1
2,Payment,1771507210.493917,22613,13,1
1,NewOrder,1771507210.494546,19987,21,1
4,Delivery,1771507210.494598,4718,1,1
1,NewOrder,1771507210.494672,25594,16,1
1,NewOrder,1771507210.494699,45550,5,1
2,Payment,1771507210.495874,2140,3,1
2,Payment,1771507210.496416,5389,0,1
1,NewOrder,1771507210.498029,11666,3,1
1,NewOrder,1771507210.499330,20966,1,1
1,NewOrder,1771507210.500329,8264,22,1
1,NewOrder,1771507210.500345,19874,10,1
2,Payment,1771507210.500345,24222,15,1
2,Payment,1771507210.501353,34527,12,1
1,NewOrder,1771507210.501392,35407,18,1
2,Payment,1771507210.501817,2367,0,1
4,Delivery,1771507210.502677,18067,20,1
1,NewOrder,1771507210.504197,5729,0,1
2,Payment,1771507210.508501,35764,7,1
1,NewOrder,1771507210.508616,21064,22,1
1,NewOrder,1771507210.508653,26429,4,1
1,NewOrder,1771507210.509613,19735,14,1
2,Payment,1771507210.509707,4174,3,1
1,NewOrder,1771507210.509717,25507,23,1
1,NewOrder,1771507210.509942,15241,0,1
1,NewOrder,1771507210.509968,25220,17,1
1,NewOrder,1771507210.513441,22399,9,1
2,Payment,1771507210.513890,5906,3,1
2,Payment,1771507210.514557,10587,21,1
1,NewOrder,1771507210.516088,12884,19,1
1,NewOrder,1771507210.516548,23676,13,1
2,Payment,1771507210.517932,35817,6,1
1,NewOrder,1771507210.519807,23429,3,1
2,Payment,1771507210.520238,42940,10,1
1,NewOrder,1771507210.520281,19195,2,1
1,NewOrder,1771507210.520284,13892,16,1
2,Payment,1771507210.520318,3433,1,1
2,Payment,1771507210.520758,7758,20,1
1,NewOrder,1771507210.523768,19518,1,1
4,Delivery,1771507210.524579,34686,15,1
5,StockLevel,1771507210.525102,16134,8,1
1,NewOrder,1771507210.525156,24233,21,1
5,StockLevel,1771507210.525208,15661,0,1
2,Payment,1771507210.528534,5505,20,1
1,NewOrder,1771507210.528983,19045,19,1
1,NewOrder,1771507210.529374,24343,14,1
1,NewOrder,1771507210.529696,19727,22,1
1,NewOrder,1771507210.534054,14784,20,1
1,NewOrder,1771507210.534196,31269,16,1
1,NewOrder,1771507210.535098,28118,4,1
1,NewOrder,1771507210.535198,21462,11,1
2,Payment,1771507210.535199,9998,17,1
1,NewOrder,1771507210.535235,28040,23,1
2,Payment,1771507210.535866,36449,9,1
1,NewOrder,1771507210.535904,27306,12,1
1,NewOrder,1771507210.536810,28671,18,1
2,Payment,1771507210.539501,5664,2,1
2,Payment,1771507210.540245,13523,13,1
3,OrderStatus,1771507210.540266,5873,5,1
1,NewOrder,1771507210.540881,21725,0,1
1,NewOrder,1771507210.541245,19001,8,1
1,NewOrder,1771507210.543242,22265,3,1
5,StockLevel,1771507210.543310,19426,1,1
1,NewOrder,1771507210.544287,21103,7,1
2,Payment,1771507210.545179,7767,2,1
4,Delivery,1771507210.545212,14571,17,1
2,Payment,1771507210.546162,11788,5,1
2,Payment,1771507210.548040,5624,19,1
2,Payment,1771507210.548856,9605,20,1
1,NewOrder,1771507210.549413,23589,21,1
2,Payment,1771507210.549449,13803,22,1
2,Payment,1771507210.552972,14131,2,1
2,Payment,1771507210.553673,17628,19,1
2,Payment,1771507210.553742,11136,14,1
1,NewOrder,1771507210.553764,30891,6,1
1,NewOrder,1771507210.553783,30254,13,1
2,Payment,1771507210.556670,21460,11,1
1,NewOrder,1771507210.557962,20130,5,1
2,Payment,1771507210.558479,19115,20,1
2,Payment,1771507210.559273,15670,15,1
1,NewOrder,1771507210.559801,24751,17,1
2,Payment,1771507210.560259,23247,8,1
2,Payment,1771507210.562617,10795,0,1
1,NewOrder,1771507210.562751,8114,1,1
2,Payment,1771507210.563187,27782,10,1
1,NewOrder,1771507210.563220,22463,12,1
2,Payment,1771507210.563241,14917,4,1
3,OrderStatus,1771507210.563264,7795,22,1
1,NewOrder,1771507210.563299,10140,23,1
1,NewOrder,1771507210.564894,21890,14,1
1,NewOrder,1771507210.565415,7677,7,1
2,Payment,1771507210.565472,13366,16,1
1,NewOrder,1771507210.565506,7125,18,1
2,Payment,1771507210.565519,15668,3,1
1,NewOrder,1771507210.567116,20203,2,1
2,Payment,1771507210.570883,15945,1,1
2,Payment,1771507210.571072,12507,22,1
2,Payment,1771507210.571310,15993,19,1
2,Payment,1771507210.572340,23658,9,1
1,NewOrder,1771507210.572638,10357,18,1
1,NewOrder,1771507210.573046,18951,21,1
4,Delivery,1771507210.573105,6822,7,1
3,OrderStatus,1771507210.573426,5605,0,1
2,Payment,1771507210.573456,23791,23,1
1,NewOrder,1771507210.574958,12871,15,1
2,Payment,1771507210.577610,23526,20,1
2,Payment,1771507210.578116,14623,5,1
2,Payment,1771507210.578151,26627,11,1
2,Payment,1771507210.578175,16914,4,1
1,NewOrder,1771507210.578853,17418,16,1
1,NewOrder,1771507210.579044,19450,0,1
1,NewOrder,1771507210.579952,19978,7,1
1,NewOrder,1771507210.581205,15640,3,1
2,Payment,1771507210.583002,10624,18,1
1,NewOrder,1771507210.583525,18497,8,1
2,Payment,1771507210.583598,25087,22,1
2,Payment,1771507210.584051,11486,13,1
2,Payment,1771507210.584583,15313,17,1
2,Payment,1771507210.584681,14796,6,1
2,Payment,1771507210.585697,17536,12,1
2,Payment,1771507210.586796,18626,14,1
2,Payment,1771507210.586852,12159,1,1
1,NewOrder,1771507210.587316,9891,19,1
5,StockLevel,1771507210.587332,3299,2,1
2,Payment,1771507210.587851,20113,15,1
1,NewOrder,1771507210.590642,5293,2,1
2,Payment,1771507210.590994,18373,10,1
2,Payment,1771507210.592017,22370,21,1
2,Payment,1771507210.592764,9803,5,1
1,NewOrder,1771507210.593640,10095,18,1
2,Payment,1771507210.595114,10347,4,1
2,Payment,1771507210.595549,18347,13,1
2,Payment,1771507210.595960,13929,2,1
1,NewOrder,1771507210.596007,15251,9,1
1,NewOrder,1771507210.596283,14350,16,1
2,Payment,1771507210.596869,15219,3,1
1,NewOrder,1771507210.597227,15775,19,1
2,Payment,1771507210.597261,21526,23,1
1,NewOrder,1771507210.598519,5522,0,1
2,Payment,1771507210.599023,19139,1,1
2,Payment,1771507210.599493,16063,6,1
1,NewOrder,1771507210.599910,13245,17,1
1,NewOrder,1771507210.599956,8760,7,1
1,NewOrder,1771507210.601149,12589,20,1
2,Payment,1771507210.602035,19424,8,1
2,Payment,1771507210.602592,33040,5,1
3,OrderStatus,1771507210.603244,4798,12,1
1,NewOrder,1771507210.603747,12571,18,1
2,Payment,1771507210.604058,35017,0,1
2,Payment,1771507210.604798,24095,11,1
2,Payment,1771507210.605438,14530,14,1
2,Payment,1771507210.605470,23455,4,1
2,Payment,1771507210.607979,13975,15,1
1,NewOrder,1771507210.608051,8979,12,1
1,NewOrder,1771507210.608697,35646,22,1
2,Payment,1771507210.608740,26847,7,1
1,NewOrder,1771507210.609384,21541,10,1
2,Payment,1771507210.609900,32504,2,1
1,NewOrder,1771507210.610641,8043,16,1
1,NewOrder,1771507210.611284,9162,9,1
2,Payment,1771507210.612101,10352,3,1
2,Payment,1771507210.613009,12925,19,1
2,Payment,1771507210.613171,10794,17,1
1,NewOrder,1771507210.613763,17912,20,1
2,Payment,1771507210.613921,12783,13,1
1,NewOrder,1771507210.614400,25523,21,1
2,Payment,1771507210.615581,25735,6,1
2,Payment,1771507210.616334,15384,18,1
1,NewOrder,1771507210.617034,30771,12,1
1,NewOrder,1771507210.618187,8449,1,1
2,Payment,1771507210.618690,13381,16,1
1,NewOrder,1771507210.618807,4124,23,1
1,NewOrder,1771507210.619979,18636,14,1
1,NewOrder,1771507210.620463,16963,9,1
3,OrderStatus,1771507210.621483,8571,8,1
2,Payment,1771507210.621979,13083,15,1
4,Delivery,1771507210.622468,33593,3,1
1,NewOrder,1771507210.622942,13150,23,1
4,Delivery,1771507210.623992,33325,17,1
2,Payment,1771507210.625941,12256,19,1
1,NewOrder,1771507210.626660,9815,1,1
3,OrderStatus,1771507210.626730,3812,13,1
1,NewOrder,1771507210.628916,34968,11,1
4,Delivery,1771507210.628938,28768,4,1
2,Payment,1771507210.630067,18318,8,1
2,Payment,1771507210.630565,8086,13,1
1,NewOrder,1771507210.630937,20475,10,1
1,NewOrder,1771507210.631685,26454,20,1
2,Payment,1771507210.631730,14931,18,1
2,Payment,1771507210.632078,10632,16,1
2,Payment,1771507210.635076,11027,15,1
2,Payment,1771507210.635601,20416,7,1
1,NewOrder,1771507210.635656,26126,5,1
2,Payment,1771507210.636099,14537,23,1
5,StockLevel,1771507210.636499,9000,1,1
1,NewOrder,1771507210.637451,19902,9,1
5,StockLevel,1771507210.638212,23959,19,1
1,NewOrder,1771507210.638627,21180,14,1
2,Payment,1771507210.638674,11432,13,1
4,Delivery,1771507210.639082,17663,0,1
1,NewOrder,1771507210.639948,30432,21,1
1,NewOrder,1771507210.641340,40923,6,1
2,Payment,1771507210.642420,5940,2,1
2,Payment,1771507210.642719,12637,16,1
2,Payment,1771507210.644359,15843,22,1
1,NewOrder,1771507210.645523,28302,1,1
1,NewOrder,1771507210.646127,20783,15,1
2,Payment,1771507210.646669,20262,18,1
2,Payment,1771507210.647819,15536,12,1
2,Payment,1771507210.648378,7576,2,1
2,Payment,1771507210.648397,14189,8,1
1,NewOrder,1771507210.650117,17374,13,1
2,Payment,1771507210.650657,25416,23,1
1,NewOrder,1771507210.651426,20736,10,1
1,NewOrder,1771507210.655363,8524,16,1
1,NewOrder,1771507210.655968,26900,2,1
2,Payment,1771507210.656033,15137,7,1
2,Payment,1771507210.656086,11165,3,1
3,OrderStatus,1771507210.656766,12138,0,1
5,StockLevel,1771507210.657331,23765,17,1
1,NewOrder,1771507210.657378,35826,9,1
2,Payment,1771507210.657714,17086,4,1
1,NewOrder,1771507210.658153,20186,20,1
2,Payment,1771507210.659824,7046,14,1
1,NewOrder,1771507210.660227,19101,22,1
1,NewOrder,1771507210.661807,37968,5,1
2,Payment,1771507210.662190,19239,19,1
1,NewOrder,1771507210.662594,16179,8,1
1,NewOrder,1771507210.663365,12687,12,1
5,StockLevel,1771507210.663899,6244,16,1
1,NewOrder,1771507210.663910,10875,11,1
1,NewOrder,1771507210.666885,32518,14,1
2,Payment,1771507210.666935,10330,15,1
1,NewOrder,1771507210.666947,26200,18,1
2,Payment,1771507210.667276,12552,3,1
2,Payment,1771507210.667503,13217,13,1
1,NewOrder,1771507210.668922,24943,0,1
1,NewOrder,1771507210.670158,14498,16,1
1,NewOrder,1771507210.670405,45682,21,1
1,NewOrder,1771507210.671185,23246,7,1
1,NewOrder,1771507210.672176,27465,10,1
2,Payment,1771507210.673850,12459,1,1
1,NewOrder,1771507210.674798,24947,11,1
5,StockLevel,1771507210.674809,14410,4,1
2,Payment,1771507210.676076,10760,12,1
2,Payment,1771507210.676082,10773,23,1
1,NewOrder,1771507210.677290,39196,15,1
2,Payment,1771507210.678354,15494,20,1
1,NewOrder,1771507210.678798,22947,8,1
1,NewOrder,1771507210.679338,40368,22,1
2,Payment,1771507210.679852,14011,3,1
2,Payment,1771507210.680737,11660,13,1
1,NewOrder,1771507210.681120,27752,17,1
1,NewOrder,1771507210.681441,34301,19,1
5,StockLevel,1771507210.682289,16151,6,1
1,NewOrder,1771507210.682893,21850,2,1
1,NewOrder,1771507210.684668,14243,16,1
1,NewOrder,1771507210.686334,28862,1,1
1,NewOrder,1771507210.686850,37835,12,1
2,Payment,1771507210.686865,14228,23,1
2,Payment,1771507210.689225,9671,4,1
2,Payment,1771507210.692421,5604,13,1
1,NewOrder,1771507210.693158,42558,18,1
1,NewOrder,1771507210.693228,23274,9,1
1,NewOrder,1771507210.693888,39612,20,1
2,Payment,1771507210.693899,21870,0,1
2,Payment,1771507210.693905,14458,3,1
1,NewOrder,1771507210.694441,7327,7,1
2,Payment,1771507210.698042,7776,13,1
2,Payment,1771507210.698464,3254,6,1
1,NewOrder,1771507210.698921,10710,4,1
2,Payment,1771507210.698924,15737,16,1
5,StockLevel,1771507210.699410,5743,14,1
2,Payment,1771507210.699652,6936,10,1
1,NewOrder,1771507210.699756,9189,11,1
1,NewOrder,1771507210.699787,22648,5,1
1,NewOrder,1771507210.701115,39485,23,1
5,StockLevel,1771507210.701743,3792,6,1
2,Payment,1771507210.701764,11200,8,1
2,Payment,1771507210.701783,7129,7,1
1,NewOrder,1771507210.704768,28775,2,1
2,Payment,1771507210.705163,14961,14,1
2,Payment,1771507210.705559,9572,6,1
4,Delivery,1771507210.705833,18453,13,1
3,OrderStatus,1771507210.706614,3330,10,1
5,StockLevel,1771507210.708388,16264,3,1
1,NewOrder,1771507210.708894,24697,17,1
2,Payment,1771507210.708937,24384,7,1
2,Payment,1771507210.708969,11080,11,1
1,NewOrder,1771507210.709642,27000,4,1
1,NewOrder,1771507210.709980,33820,10,1
1,NewOrder,1771507210.712989,37361,8,1
2,Payment,1771507210.714685,15734,16,1
3,OrderStatus,1771507210.715156,4739,6,1
2,Payment,1771507210.715214,24931,1,1
2,Payment,1771507210.715782,17662,0,1
4,Delivery,1771507210.715788,24780,19,1
5,StockLevel,1771507210.716112,25804,21,1
1,NewOrder,1771507210.716508,17445,15,1
5,StockLevel,1771507210.716516,24675,9,1
1,NewOrder,1771507210.719722,13754,22,1
5,StockLevel,1771507210.719919,12318,6,1
1,NewOrder,1771507210.720062,13535,11,1
1,NewOrder,1771507210.720136,13199,14,1
1,NewOrder,1771507210.722457,11061,5,1
2,Payment,1771507210.724298,9113,13,1
2,Payment,1771507210.724665,20381,3,1
1,NewOrder,1771507210.724710,5615,12,1
2,Payment,1771507210.730345,8363,12,1
2,Payment,1771507210.730444,14994,16,1
1,NewOrder,1771507210.732259,21022,6,1
2,Payment,1771507210.733335,1642,7,1
2,Payment,1771507210.733348,2043,14,1
1,NewOrder,1771507210.733435,27505,13,1
1,NewOrder,1771507210.733468,15176,0,1
1,NewOrder,1771507210.733501,18671,22,1
3,OrderStatus,1771507210.733525,6438,20,1
2,Payment,1771507210.733533,17488,5,1
1,NewOrder,1771507210.733555,24934,2,1
2,Payment,1771507210.733602,17447,17,1
3,OrderStatus,1771507210.733618,8906,11,1
2,Payment,1771507210.733967,24548,15,1
1,NewOrder,1771507210.734988,13097,7,1
2,Payment,1771507210.735395,33268,14,1
2,Payment,1771507210.735730,3726,18,1
2,Payment,1771507210.736668,20762,4,1
2,Payment,1771507210.738724,36110,12,1
1,NewOrder,1771507210.739474,33089,18,1
1,NewOrder,1771507210.739985,18589,20,1
2,Payment,1771507210.740158,24582,1,1
1,NewOrder,1771507210.740589,24613,19,1
1,NewOrder,1771507210.740627,38034,23,1
2,Payment,1771507210.741206,6377,9,1
2,Payment,1771507210.741927,6189,21,1
1,NewOrder,1771507210.742534,16060,11,1
4,Delivery,1771507210.743825,25383,10,1
2,Payment,1771507210.745070,27925,3,1
4,Delivery,1771507210.745446,41088,16,1
2,Payment,1771507210.747601,5638,9,1
1,NewOrder,1771507210.748093,26316,7,1
2,Payment,1771507210.748138,4629,21,1
1,NewOrder,1771507210.748650,18566,0,1
2,Payment,1771507210.750375,8254,8,1
1,NewOrder,1771507210.751047,28063,5,1
1,NewOrder,1771507210.751074,21858,17,1
1,NewOrder,1771507210.752189,13766,22,1
1,NewOrder,1771507210.752785,8985,21,1
1,NewOrder,1771507210.753251,12361,9,1
1,NewOrder,1771507210.753298,30972,6,1
2,Payment,1771507210.757440,23888,4,1
2,Payment,1771507210.758501,34073,2,1
2,Payment,1771507210.758521,23730,15,1
2,Payment,1771507210.758582,6610,20,1
2,Payment,1771507210.758599,6617,11,1
2,Payment,1771507210.758653,14414,8,1
1,NewOrder,1771507210.760957,11918,13,1
2,Payment,1771507210.761794,7441,21,1
1,NewOrder,1771507210.764764,17505,1,1
1,NewOrder,1771507210.765204,22024,20,1
2,Payment,1771507210.765228,21308,11,1
1,NewOrder,1771507210.765230,19852,19,1
1,NewOrder,1771507210.765632,9168,9,1
1,NewOrder,1771507210.765979,14224,22,1
1,NewOrder,1771507210.767227,22854,0,1
5,StockLevel,1771507210.768674,13519,14,1
1,NewOrder,1771507210.769225,24374,10,1
2,Payment,1771507210.769253,4259,21,1
1,NewOrder,1771507210.772589,34684,18,1
1,NewOrder,1771507210.772900,23972,13,1
1,NewOrder,1771507210.772950,21402,17,1
1,NewOrder,1771507210.773009,25335,3,1
2,Payment,1771507210.773093,22174,8,1
2,Payment,1771507210.773525,5561,21,1
1,NewOrder,1771507210.774430,15675,7,1
1,NewOrder,1771507210.774812,15291,9,1
2,Payment,1771507210.774849,16011,12,1
2,Payment,1771507210.778686,10395,23,1
2,Payment,1771507210.779102,15386,21,1
3,OrderStatus,1771507210.779125,10477,5,1
1,NewOrder,1771507210.780228,15560,22,1
5,StockLevel,1771507210.781350,12285,4,1
1,NewOrder,1771507210.782218,11303,14,1
1,NewOrder,1771507210.782276,13345,15,1
2,Payment,1771507210.782295,17552,1,1
2,Payment,1771507210.784284,13596,6,1
1,NewOrder,1771507210.785091,10206,19,1
1,NewOrder,1771507210.786548,9003,11,1
2,Payment,1771507210.786559,11835,16,1
2,Payment,1771507210.787253,13224,20,1
2,Payment,1771507210.789105,16058,23,1
2,Payment,1771507210.789624,15314,5,1
2,Payment,1771507210.790106,19767,0,1
4,Delivery,1771507210.790119,19767,7,1
1,NewOrder,1771507210.790134,20704,9,1
1,NewOrder,1771507210.790885,39093,12,1
1,NewOrder,1771507210.792599,25150,2,1
3,OrderStatus,1771507210.793546,8013,14,1
5,StockLevel,1771507210.793625,11124,10,1
2,Payment,1771507210.793644,23510,4,1
2,Payment,1771507210.794377,10517,17,1
5,StockLevel,1771507210.794513,11329,21,1
1,NewOrder,1771507210.795281,21027,8,1
2,Payment,1771507210.795322,25846,19,1
2,Payment,1771507210.795559,5537,11,1
2,Payment,1771507210.795625,14315,15,1
2,Payment,1771507210.795813,16879,22,1
2,Payment,1771507210.796897,20822,13,1
1,NewOrder,1771507210.797903,30897,6,1
2,Payment,1771507210.798369,27895,3,1
1,NewOrder,1771507210.798419,23091,16,1
1,NewOrder,1771507210.799858,16801,1,1
4,Delivery,1771507210.800502,18884,20,1
2,Payment,1771507210.801103,4012,11,1
2,Payment,1771507210.801581,22275,14,1
2,Payment,1771507210.804771,4383,10,1
2,Payment,1771507210.804919,24895,17,1
1,NewOrder,1771507210.804970,12059,5,1
1,NewOrder,1771507210.805126,14697,11,1
1,NewOrder,1771507210.805185,26740,23,1
1,NewOrder,1771507210.805858,26873,21,1
1,NewOrder,1771507210.807297,15740,18,1
1,NewOrder,1771507210.809170,20773,10,1
1,NewOrder,1771507210.809889,23255,0,1
2,Payment,1771507210.809895,9971,7,1
2,Payment,1771507210.809956,29205,15,1
4,Delivery,1771507210.810865,18908,9,1
2,Payment,1771507210.812707,14304,22,1
2,Payment,1771507210.816333,8012,8,1
2,Payment,1771507210.816684,15251,1,1
1,NewOrder,1771507210.817040,14958,5,1
3,OrderStatus,1771507210.817169,6761,4,1
2,Payment,1771507210.817742,26906,13,1
1,NewOrder,1771507210.817774,20652,2,1
2,Payment,1771507210.819403,12588,20,1
2,Payment,1771507210.819839,9992,11,1
1,NewOrder,1771507210.819880,31799,7,1
2,Payment,1771507210.821192,19141,19,1
2,Payment,1771507210.821523,28473,16,1
4,Delivery,1771507210.823063,8443,18,1
1,NewOrder,1771507210.823880,27750,14,1
2,Payment,1771507210.823941,14242,4,1
2,Payment,1771507210.824363,12837,8,1
2,Payment,1771507210.826280,16888,3,1
1,NewOrder,1771507210.827036,10683,22,1
1,NewOrder,1771507210.828813,7100,6,1
2,Payment,1771507210.829783,13803,9,1
2,Payment,1771507210.829830,26481,17,1
1,NewOrder,1771507210.829843,10480,11,1
1,NewOrder,1771507210.829966,11749,10,1
2,Payment,1771507210.830004,23045,12,1
2,Payment,1771507210.831530,14221,18,1
2,Payment,1771507210.831945,15939,1,1
1,NewOrder,1771507210.831951,9429,23,1
1,NewOrder,1771507210.832017,19166,20,1
5,StockLevel,1771507210.832025,9666,5,1
2,Payment,1771507210.832757,15725,21,1
3,OrderStatus,1771507210.833168,4995,0,1
2,Payment,1771507210.835938,12772,6,1
2,Payment,1771507210.837225,14772,8,1
2,Payment,1771507210.837744,14292,22,1
2,Payment,1771507210.838186,13508,0,1
1,NewOrder,1771507210.838193,21735,4,1
2,Payment,1771507210.838452,18318,2,1
1,NewOrder,1771507210.839166,17545,15,1
2,Payment,1771507210.840347,16452,11,1
1,NewOrder,1771507210.840359,7603,19,1
2,Payment,1771507210.841396,13277,23,1
3,OrderStatus,1771507210.841715,2087,5,1
1,NewOrder,1771507210.841738,5703,10,1
2,Payment,1771507210.843194,19247,3,1
2,Payment,1771507210.843600,21262,9,1
2,Payment,1771507210.843821,21538,5,1
1,NewOrder,1771507210.844659,16152,13,1
2,Payment,1771507210.845761,13514,18,1
2,Payment,1771507210.847456,12366,10,1
2,Payment,1771507210.847893,25703,1,1
2,Payment,1771507210.847977,16296,19,1
1,NewOrder,1771507210.848507,11182,21,1
3,OrderStatus,1771507210.848733,3888,6,1
2,Payment,1771507210.850020,10440,16,1
3,OrderStatus,1771507210.851194,3046,20,1
2,Payment,1771507210.851652,13999,14,1
2,Payment,1771507210.851705,20682,7,1
2,Payment,1771507210.851712,8070,0,1
2,Payment,1771507210.852009,26478,8,1
1,NewOrder,1771507210.852061,13692,22,1
1,NewOrder,1771507210.852636,13471,6,1
4,Delivery,1771507210.853062,7504,12,1
1,NewOrder,1771507210.854263,9322,20,1
2,Payment,1771507210.854684,12469,23,1
2,Payment,1771507210.856327,14256,17,1
2,Payment,1771507210.856721,28865,15,1
2,Payment,1771507210.856783,23311,2,1
1,NewOrder,1771507210.856807,8472,11,1
1,NewOrder,1771507210.859285,15304,18,1
1,NewOrder,1771507210.859702,15552,21,1
2,Payment,1771507210.859801,29800,0,1
2,Payment,1771507210.859846,24692,10,1
2,Payment,1771507210.859953,26375,4,1
2,Payment,1771507210.860477,39256,16,1
2,Payment,1771507210.860591,29870,12,1
1,NewOrder,1771507210.860823,15667,13,1
2,Payment,1771507210.862465,31404,3,1
1,NewOrder,1771507210.863602,7968,20,1
2,Payment,1771507210.864298,6962,19,1
1,NewOrder,1771507210.864878,26349,9,1
2,Payment,1771507210.865289,23824,11,1
5,StockLevel,1771507210.865364,17300,5,1
1,NewOrder,1771507210.865679,20634,14,1
1,NewOrder,1771507210.865778,22730,22,1
1,NewOrder,1771507210.866132,9218,6,1
1,NewOrder,1771507210.867166,8527,23,1
2,Payment,1771507210.870607,37233,17,1
2,Payment,1771507210.871284,11617,19,1
2,Payment,1771507210.871583,4554,20,1
5,StockLevel,1771507210.872412,17321,7,1
2,Payment,1771507210.873604,26022,1,1
1,NewOrder,1771507210.874615,22380,18,1
2,Payment,1771507210.875272,10956,21,1
1,NewOrder,1771507210.875375,3637,6,1
2,Payment,1771507210.875708,13848,23,1
2,Payment,1771507210.876145,19403,20,1
1,NewOrder,1771507210.876498,4163,13,1
5,StockLevel,1771507210.878516,2425,8,1
2,Payment,1771507210.879037,14274,6,1
1,NewOrder,1771507210.880120,9125,2,1
2,Payment,1771507210.880686,13147,13,1
5,StockLevel,1771507210.880955,1514,8,1
1,NewOrder,1771507210.882480,11347,8,1
1,NewOrder,1771507210.882694,19120,5,1
2,Payment,1771507210.882926,19859,19,1
1,NewOrder,1771507210.884563,21193,10,1
1,NewOrder,1771507210.885611,14922,15,1
1,NewOrder,1771507210.886246,39413,21,1
1,NewOrder,1771507210.886338,36045,14,1
2,Payment,1771507210.886339,22492,4,1
2,Payment,1771507210.888533,26023,22,1
2,Payment,1771507210.889120,10551,11,1
5,StockLevel,1771507210.889262,18389,2,1
2,Payment,1771507210.889574,40171,23,1
2,Payment,1771507210.889614,28799,0,1
1,NewOrder,1771507210.889758,19106,7,1
4,Delivery,1771507210.890478,8515,12,1
2,Payment,1771507210.891238,19379,9,1
1,NewOrder,1771507210.893327,26379,6,1
1,NewOrder,1771507210.893850,31234,13,1
2,Payment,1771507210.893854,23787,8,1
1,NewOrder,1771507210.893894,20405,3,1
1,NewOrder,1771507210.895556,24149,20,1
2,Payment,1771507210.897048,24251,18,1
1,NewOrder,1771507210.899001,12493,12,1
1,NewOrder,1771507210.899648,18728,1,1
4,Delivery,1771507210.899696,28945,11,1
1,NewOrder,1771507210.899759,33976,16,1
1,NewOrder,1771507210.900538,5863,15,1
1,NewOrder,1771507210.901819,9637,5,1
2,Payment,1771507210.902811,22401,19,1
4,Delivery,1771507210.905780,23325,10,1
1,NewOrder,1771507210.906410,7900,15,1
1,NewOrder,1771507210.907674,27421,2,1
5,StockLevel,1771507210.907859,21090,17,1
1,NewOrder,1771507210.908855,12451,4,1
2,Payment,1771507210.908890,14713,7,1
1,NewOrder,1771507210.910628,29678,9,1
2,Payment,1771507210.911465,9461,5,1
1,NewOrder,1771507210.911503,18263,12,1
4,Delivery,1771507210.914323,36395,3,1
1,NewOrder,1771507210.914335,6265,15,1
2,Payment,1771507210.914581,23942,22,1
5,StockLevel,1771507210.917655,15306,8,1
2,Payment,1771507210.918399,13199,1,1
2,Payment,1771507210.918439,5884,0,1
1,NewOrder,1771507210.919713,23901,20,1
2,Payment,1771507210.919730,10050,6,1
1,NewOrder,1771507210.920619,15183,15,1
5,StockLevel,1771507210.920933,17276,5,1
3,OrderStatus,1771507210.921312,5430,4,1
2,Payment,1771507210.921324,24986,18,1
2,Payment,1771507210.922387,6815,14,1
1,NewOrder,1771507210.923609,16598,7,1
2,Payment,1771507210.924347,15083,0,1
1,NewOrder,1771507210.925091,20700,13,1
1,NewOrder,1771507210.925235,23297,19,1
1,NewOrder,1771507210.925683,31400,21,1
2,Payment,1771507210.926764,19513,4,1
1,NewOrder,1771507210.928659,28409,11,1
2,Payment,1771507210.928974,5245,17,1
1,NewOrder,1771507210.929126,17118,10,1
2,Payment,1771507210.929210,12920,14,1
1,NewOrder,1771507210.929766,25204,23,1
2,Payment,1771507210.929782,17565,12,1
1,NewOrder,1771507210.929806,25107,6,1
5,StockLevel,1771507210.931624,19991,1,1
2,Payment,1771507210.932977,4186,8,1
1,NewOrder,1771507210.933745,23223,16,1
2,Payment,1771507210.934245,20762,17,1
3,OrderStatus,1771507210.935101,11130,2,1
2,Payment,1771507210.935826,26561,15,1
1,NewOrder,1771507210.937187,13568,8,1
1,NewOrder,1771507210.938216,11995,5,1
2,Payment,1771507210.938547,16036,22,1
2,Payment,1771507210.939455,14084,0,1
2,Payment,1771507210.940220,7970,7,1
2,Payment,1771507210.940332,16713,9,1
1,NewOrder,1771507210.942138,14200,14,1
1,NewOrder,1771507210.943621,20217,20,1
1,NewOrder,1771507210.945798,10804,13,1
1,NewOrder,1771507210.946236,10408,2,1
1,NewOrder,1771507210.946268,26747,10,1
2,Payment,1771507210.946296,14373,4,1
3,OrderStatus,1771507210.946332,6918,18,1
2,Payment,1771507210.947372,21907,12,1
1,NewOrder,1771507210.948213,32295,7,1
2,Payment,1771507210.948545,12661,19,1
2,Payment,1771507210.950219,18366,5,1
2,Payment,1771507210.950734,25777,3,1
3,OrderStatus,1771507210.950781,7197,8,1
2,Payment,1771507210.951631,30225,1,1
1,NewOrder,1771507210.953269,28051,18,1
1,NewOrder,1771507210.953565,21669,0,1
2,Payment,1771507210.954608,14675,22,1
1,NewOrder,1771507210.954926,25569,6,1
1,NewOrder,1771507210.954994,24860,23,1
1,NewOrder,1771507210.955016,32796,17,1
2,Payment,1771507210.956364,18838,14,1
1,NewOrder,1771507210.956626,41992,13,1
3,OrderStatus,1771507210.956650,4771,2,1
1,NewOrder,1771507210.956992,16508,16,1
1,NewOrder,1771507210.957061,15518,9,1
2,Payment,1771507210.957087,4136,11,1
2,Payment,1771507210.957110,16911,21,1
1,NewOrder,1771507210.958003,33903,8,1
2,Payment,1771507210.960677,25937,4,1
4,Delivery,1771507210.961230,13540,19,1
1,NewOrder,1771507210.961239,9463,11,1
5,StockLevel,1771507210.961445,14954,2,1
2,Payment,1771507210.962412,19435,15,1
1,NewOrder,1771507210.963846,25819,20,1
1,NewOrder,1771507210.968592,26951,5,1
5,StockLevel,1771507210.969306,16927,12,1
3,OrderStatus,1771507210.969310,4378,22,1
1,NewOrder,1771507210.970717,21197,11,1
2,Payment,1771507210.972591,4682,9,1
2,Payment,1771507210.973069,11249,10,1
1,NewOrder,1771507210.973519,16103,16,1
1,NewOrder,1771507210.973702,49497,22,1
1,NewOrder,1771507210.974027,32700,21,1
1,NewOrder,1771507210.974795,21983,19,1
1,NewOrder,1771507210.975210,50485,14,1
1,NewOrder,1771507210.975241,44502,0,1
2,Payment,1771507210.976424,21552,2,1
2,Payment,1771507210.976533,33112,3,1
1,NewOrder,1771507210.977284,36958,9,1
1,NewOrder,1771507210.979874,16280,23,1
1,NewOrder,1771507210.980507,16273,6,1
2,Payment,1771507210.980517,13126,7,1
2,Payment,1771507210.981344,6137,18,1
2,Payment,1771507210.981859,7040,15,1
1,NewOrder,1771507210.981871,21738,1,1
1,NewOrder,1771507210.984344,28462,10,1
1,NewOrder,1771507210.986258,21377,12,1
2,Payment,1771507210.986632,26959,4,1
2,Payment,1771507210.987506,4356,18,1
2,Payment,1771507210.987820,10824,17,1
1,NewOrder,1771507210.988921,44006,15,1
2,Payment,1771507210.989648,22630,16,1
2,Payment,1771507210.989687,15410,20,1
1,NewOrder,1771507210.991878,10664,18,1
2,Payment,1771507210.991930,20828,8,1
2,Payment,1771507210.991939,8003,11,1
1,NewOrder,1771507210.993651,19118,7,1
1,NewOrder,1771507210.995588,14016,5,1
2,Payment,1771507210.996173,18495,23,1
5,StockLevel,1771507210.996790,8579,6,1
1,NewOrder,1771507210.996823,12780,19,1
1,NewOrder,1771507210.997984,35667,2,1
1,NewOrder,1771507210.998633,26539,13,1
5,StockLevel,1771507210.998651,24174,17,1
1,NewOrder,1771507210.999959,26448,11,1
2,Payment,1771507211.002559,18062,18,1
2,Payment,1771507211.003617,12622,1,1
3,OrderStatus,1771507211.005107,11389,20,1
5,StockLevel,1771507211.005394,3090,6,1
2,Payment,1771507211.006753,26948,21,1
1,NewOrder,1771507211.007661,19189,12,1
2,Payment,1771507211.008502,7191,6,1
2,Payment,1771507211.009625,16087,19,1
2,Payment,1771507211.009625,9670,5,1
1,NewOrder,1771507211.009661,20406,3,1
2,Payment,1771507211.012303,5213,16,1
1,NewOrder,1771507211.012771,38398,8,1
2,Payment,1771507211.012780,8731,7,1
1,NewOrder,1771507211.012821,21479,10,1
1,NewOrder,1771507211.013615,32001,4,1
1,NewOrder,1771507211.014268,23027,9,1
1,NewOrder,1771507211.014695,17586,23,1
2,Payment,1771507211.015712,9959,6,1
1,NewOrder,1771507211.016250,20195,1,1
1,NewOrder,1771507211.016502,16546,20,1
1,NewOrder,1771507211.017534,22932,16,1
2,Payment,1771507211.019314,6305,5,1
1,NewOrder,1771507211.019762,27255,0,1
2,Payment,1771507211.020637,22975,18,1
1,NewOrder,1771507211.021537,19540,7,1
2,Payment,1771507211.022833,6246,17,1
2,Payment,1771507211.023225,27012,22,1
2,Payment,1771507211.025198,9091,13,1
2,Payment,1771507211.025648,4949,5,1
1,NewOrder,1771507211.025690,19026,6,1
1,NewOrder,1771507211.025712,22075,14,1
2,Payment,1771507211.025738,29905,19,1
2,Payment,1771507211.026433,4766,11,1
2,Payment,1771507211.026859,10366,12,1
2,Payment,1771507211.029085,19743,17,1
2,Payment,1771507211.030082,9386,3,1
2,Payment,1771507211.030623,15417,5,1
1,NewOrder,1771507211.031224,30673,11,1
1,NewOrder,1771507211.032307,7741,23,1
2,Payment,1771507211.032950,13540,15,1
1,NewOrder,1771507211.033078,26119,20,1
2,Payment,1771507211.033665,14901,2,1
2,Payment,1771507211.033719,34929,21,1
1,NewOrder,1771507211.034311,5708,13,1
4,Delivery,1771507211.034318,42612,10,1
2,Payment,1771507211.036455,23537,1,1
2,Payment,1771507211.037230,15652,12,1
1,NewOrder,1771507211.037321,25816,9,1
2,Payment,1771507211.039494,12897,3,1
2,Payment,1771507211.040036,18315,13,1
1,NewOrder,1771507211.040073,4169,23,1
2,Payment,1771507211.040490,26010,16,1
2,Payment,1771507211.041101,3195,7,1
2,Payment,1771507211.043637,30257,18,1
2,Payment,1771507211.044256,16617,23,1
1,NewOrder,1771507211.044313,21400,7,1
1,NewOrder,1771507211.044741,9506,6,1
2,Payment,1771507211.045643,20946,4,1
1,NewOrder,1771507211.046065,15471,5,1
5,StockLevel,1771507211.046514,15458,15,1
3,OrderStatus,1771507211.047041,5205,0,1
1,NewOrder,1771507211.047812,19578,14,1
1,NewOrder,1771507211.048592,12169,2,1
2,Payment,1771507211.048838,24324,17,1
2,Payment,1771507211.050254,26504,22,1
4,Delivery,1771507211.051188,26186,8,1
2,Payment,1771507211.052273,22052,0,1
1,NewOrder,1771507211.052407,25610,3,1
1,NewOrder,1771507211.052900,25301,12,1
1,NewOrder,1771507211.054273,35224,6,1
1,NewOrder,1771507211.055661,18305,19,1
1,NewOrder,1771507211.058376,19059,13,1
1,NewOrder,1771507211.059222,22805,20,1
1,NewOrder,1771507211.060018,18468,1,1
2,Payment,1771507211.060777,16627,2,1
5,StockLevel,1771507211.060899,10924,23,1
2,Payment,1771507211.061559,27058,5,1
1,NewOrder,1771507211.061908,17216,11,1
1,NewOrder,1771507211.061990,15339,15,1
1,NewOrder,1771507211.063163,13658,9,1
2,Payment,1771507211.065738,11727,7,1
1,NewOrder,1771507211.066511,17348,16,1
2,Payment,1771507211.066603,29576,4,1
4,Delivery,1771507211.067408,22034,14,1
3,OrderStatus,1771507211.068673,6872,21,1
1,NewOrder,1771507211.071839,17625,23,1
1,NewOrder,1771507211.073183,29016,17,1
2,Payment,1771507211.073920,15490,18,1
2,Payment,1771507211.073991,8714,19,1
2,Payment,1771507211.074346,29133,0,1
1,NewOrder,1771507211.075570,7896,21,1
1,NewOrder,1771507211.076774,24877,22,1
1,NewOrder,1771507211.076832,16532,9,1
2,Payment,1771507211.076956,12564,10,1
2,Payment,1771507211.077349,12958,15,1
1,NewOrder,1771507211.077394,23904,8,1
1,NewOrder,1771507211.077417,26131,2,1
1,NewOrder,1771507211.077461,18756,13,1
1,NewOrder,1771507211.077482,21641,7,1
1,NewOrder,1771507211.078024,23573,3,1
2,Payment,1771507211.078225,18078,12,1
1,NewOrder,1771507211.078492,37016,1,1
2,Payment,1771507211.079155,13504,11,1
2,Payment,1771507211.082053,13509,20,1
1,NewOrder,1771507211.082730,19768,19,1
4,Delivery,1771507211.083482,14775,21,1
1,NewOrder,1771507211.083878,5435,16,1
2,Payment,1771507211.088639,22318,5,1
2,Payment,1771507211.089328,17714,16,1
1,NewOrder,1771507211.089433,22068,18,1
2,Payment,1771507211.089459,11439,14,1
1,NewOrder,1771507211.089476,9123,23,1
1,NewOrder,1771507211.089523,22044,6,1
2,Payment,1771507211.089537,8662,10,1
2,Payment,1771507211.090320,24455,15,1
2,Payment,1771507211.092683,10920,11,1
5,StockLevel,1771507211.093380,22845,9,1
2,Payment,1771507211.095586,9500,20,1
2,Payment,1771507211.096197,18021,4,1
1,NewOrder,1771507211.096243,18947,13,1
1,NewOrder,1771507211.096327,22074,12,1
2,Payment,1771507211.098224,13392,10,1
5,StockLevel,1771507211.098270,14708,21,1
2,Payment,1771507211.098625,9148,23,1
2,Payment,1771507211.099137,18284,7,1
1,NewOrder,1771507211.100913,10700,14,1
1,NewOrder,1771507211.101324,19762,8,1
5,StockLevel,1771507211.101609,15127,3,1
1,NewOrder,1771507211.101677,30755,22,1
2,Payment,1771507211.102207,17077,17,1
5,StockLevel,1771507211.102503,1394,19,1
2,Payment,1771507211.103505,23300,0,1
2,Payment,1771507211.103575,18994,2,1
2,Payment,1771507211.103626,21181,11,1
1,NewOrder,1771507211.103910,7589,19,1
2,Payment,1771507211.105112,6376,20,1
2,Payment,1771507211.107063,17806,16,1
1,NewOrder,1771507211.107788,20814,23,1
2,Payment,1771507211.110982,26239,5,1
1,NewOrder,1771507211.111509,13666,19,1
2,Payment,1771507211.111518,4596,18,1
1,NewOrder,1771507211.111518,34153,20,1
2,Payment,1771507211.111589,19747,6,1
2,Payment,1771507211.111641,19139,14,1
2,Payment,1771507211.111644,25795,10,1
2,Payment,1771507211.113003,6992,21,1
1,NewOrder,1771507211.114235,20396,4,1
1,NewOrder,1771507211.114785,19315,15,1
5,StockLevel,1771507211.115212,18372,13,1
1,NewOrder,1771507211.115518,30919,1,1
1,NewOrder,1771507211.116139,8562,18,1
2,Payment,1771507211.116235,29134,9,1
1,NewOrder,1771507211.116751,8013,3,1
1,NewOrder,1771507211.117428,19193,7,1
2,Payment,1771507211.118426,26905,12,1
2,Payment,1771507211.119289,18011,17,1
2,Payment,1771507211.120021,5138,21,1
2,Payment,1771507211.121100,30856,8,1
1,NewOrder,1771507211.122587,14013,2,1
2,Payment,1771507211.124737,11422,18,1
2,Payment,1771507211.124790,6728,3,1
1,NewOrder,1771507211.124833,19400,11,1
1,NewOrder,1771507211.124895,33055,16,1
2,Payment,1771507211.125176,6259,21,1
5,StockLevel,1771507211.125183,19750,19,1
1,NewOrder,1771507211.126830,12843,0,1
1,NewOrder,1771507211.128619,15705,23,1
2,Payment,1771507211.130793,19366,14,1
2,Payment,1771507211.131355,28220,6,1
1,NewOrder,1771507211.131461,22948,21,1
2,Payment,1771507211.131530,12659,3,1
3,OrderStatus,1771507211.132462,3387,22,1
1,NewOrder,1771507211.133608,10027,13,1
2,Payment,1771507211.134125,26411,15,1
1,NewOrder,1771507211.134647,17996,4,1
1,NewOrder,1771507211.135858,9860,22,1
2,Payment,1771507211.136192,8483,18,1
1,NewOrder,1771507211.136625,20350,2,1
2,Payment,1771507211.136638,32103,7,1
1,NewOrder,1771507211.137251,23270,5,1
1,NewOrder,1771507211.137308,19249,17,1
1,NewOrder,1771507211.137466,24349,10,1
2,Payment,1771507211.139688,8401,0,1
1,NewOrder,1771507211.143661,11200,13,1
2,Payment,1771507211.144215,10706,3,1
1,NewOrder,1771507211.144258,27802,11,1
2,Payment,1771507211.144349,4486,23,1
2,Payment,1771507211.144701,10236,18,1
1,NewOrder,1771507211.144945,15519,19,1
2,Payment,1771507211.145346,10741,12,1
2,Payment,1771507211.145390,29845,9,1
1,NewOrder,1771507211.145697,31144,20,1
1,NewOrder,1771507211.145744,16881,22,1
1,NewOrder,1771507211.146444,14959,1,1
2,Payment,1771507211.148113,11984,0,1
2,Payment,1771507211.148853,11176,23,1
2,Payment,1771507211.150184,17571,14,1
2,Payment,1771507211.151981,28437,8,1
1,NewOrder,1771507211.152664,20080,4,1
2,Payment,1771507211.154422,13818,21,1
1,NewOrder,1771507211.154871,19433,13,1
1,NewOrder,1771507211.154946,32017,3,1
1,NewOrder,1771507211.154957,20814,18,1
1,NewOrder,1771507211.156099,11041,12,1
2,Payment,1771507211.156564,19555,17,1
1,NewOrder,1771507211.156980,8297,2,1
2,Payment,1771507211.157975,25987,16,1
2,Payment,1771507211.159587,29400,6,1
1,NewOrder,1771507211.160054,21599,23,1
1,NewOrder,1771507211.160123,24397,0,1
2,Payment,1771507211.160476,14203,19,1
1,NewOrder,1771507211.160547,25476,5,1
2,Payment,1771507211.160549,28518,15,1
2,Payment,1771507211.161420,2373,1,1
2,Payment,1771507211.161824,35318,10,1
1,NewOrder,1771507211.162646,21815,22,1
1,NewOrder,1771507211.163808,8814,1,1
2,Payment,1771507211.165284,2407,2,1
4,Delivery,1771507211.167157,8032,12,1
4,Delivery,1771507211.167700,34280,2,1
1,NewOrder,1771507211.167780,29950,14,1
2,Payment,1771507211.168259,16171,21,1
1,NewOrder,1771507211.168760,33703,7,1
4,Delivery,1771507211.172073,32894,11,1
1,NewOrder,1771507211.172647,7531,1,1
3,OrderStatus,1771507211.172770,6121,4,1
2,Payment,1771507211.174329,23436,13,1
3,OrderStatus,1771507211.174699,10061,19,1
2,Payment,1771507211.175215,28549,12,1
1,NewOrder,1771507211.175256,27211,9,1
1,NewOrder,1771507211.175786,16282,18,1
1,NewOrder,1771507211.176141,15990,17,1
1,NewOrder,1771507211.176853,15007,20,1
1,NewOrder,1771507211.178917,28437,4,1
2,Payment,1771507211.180199,4188,1,1
2,Payment,1771507211.180434,27358,8,1
1,NewOrder,1771507211.181678,24749,23,1
4,Delivery,1771507211.183988,24937,16,1
1,NewOrder,1771507211.184398,28751,1,1
2,Payment,1771507211.184447,7637,21,1
2,Payment,1771507211.184476,17181,22,1
5,StockLevel,1771507211.184544,22384,0,1
2,Payment,1771507211.184767,24683,19,1
1,NewOrder,1771507211.186048,11727,5,1
2,Payment,1771507211.186971,9636,3,1
2,Payment,1771507211.188992,27017,6,1
1,NewOrder,1771507211.189071,21482,15,1
1,NewOrder,1771507211.191885,15052,20,1
1,NewOrder,1771507211.192095,7292,18,1
1,NewOrder,1771507211.192118,23969,21,1
2,Payment,1771507211.192140,15676,17,1
1,NewOrder,1771507211.196633,17068,3,1
1,NewOrder,1771507211.197151,16607,10,1
2,Payment,1771507211.197754,18295,14,1
1,NewOrder,1771507211.197791,23336,13,1
1,NewOrder,1771507211.197803,10529,5,1
1,NewOrder,1771507211.199412,18782,18,1
2,Payment,1771507211.201674,13438,22,1
1,NewOrder,1771507211.201989,21690,2,1
1,NewOrder,1771507211.202485,16000,7,1
2,Payment,1771507211.202494,23075,9,1
4,Delivery,1771507211.203783,5516,12,1
5,StockLevel,1771507211.204977,16378,11,1
1,NewOrder,1771507211.206459,27463,23,1
1,NewOrder,1771507211.206954,27405,0,1
4,Delivery,1771507211.206964,27440,20,1
1,NewOrder,1771507211.207371,43183,4,1
1,NewOrder,1771507211.207816,30143,8,1
1,NewOrder,1771507211.207835,17696,17,1
2,Payment,1771507211.208347,5471,5,1
1,NewOrder,1771507211.208937,15944,16,1
2,Payment,1771507211.209314,15140,12,1
1,NewOrder,1771507211.209459,21258,19,1
5,StockLevel,1771507211.210557,14177,15,1
1,NewOrder,1771507211.213156,21274,1,1
1,NewOrder,1771507211.213705,17586,3,1
1,NewOrder,1771507211.213760,20960,10,1
2,Payment,1771507211.213846,5528,5,1
2,Payment,1771507211.215129,7058,22,1
1,NewOrder,1771507211.216015,35282,6,1
1,NewOrder,1771507211.216063,54955,14,1
1,NewOrder,1771507211.216114,38303,21,1
1,NewOrder,1771507211.218220,24265,18,1
1,NewOrder,1771507211.218502,16932,7,1
2,Payment,1771507211.219387,7708,5,1
1,NewOrder,1771507211.221152,19431,13,1
2,Payment,1771507211.221380,9865,11,1
2,Payment,1771507211.222203,10958,22,1
1,NewOrder,1771507211.223689,12383,2,1
1,NewOrder,1771507211.224481,27201,12,1
1,NewOrder,1771507211.224741,11732,15,1
1,NewOrder,1771507211.224908,29982,16,1
1,NewOrder,1771507211.225548,15419,17,1
1,NewOrder,1771507211.225595,46067,9,1
5,StockLevel,1771507211.227112,20988,5,1
5,StockLevel,1771507211.230739,5352,19,1
1,NewOrder,1771507211.231254,34330,11,1
1,NewOrder,1771507211.231309,30249,3,1
4,Delivery,1771507211.233175,3803,22,1
2,Payment,1771507211.233948,13039,23,1
2,Payment,1771507211.234367,11945,0,1
1,NewOrder,1771507211.234430,25030,20,1
1,NewOrder,1771507211.234443,36601,1,1
2,Payment,1771507211.234727,12211,10,1
2,Payment,1771507211.235447,16783,7,1
2,Payment,1771507211.236098,17163,2,1
2,Payment,1771507211.236116,15270,19,1
2,Payment,1771507211.236480,1912,15,1
1,NewOrder,1771507211.236994,29544,22,1
2,Payment,1771507211.237975,20844,8,1
2,Payment,1771507211.238406,1679,15,1
2,Payment,1771507211.240094,1906,15,1
1,NewOrder,1771507211.240596,6288,13,1
4,Delivery,1771507211.240985,34286,17,1
1,NewOrder,1771507211.242019,4843,15,1
2,Payment,1771507211.242507,18287,18,1
4,Delivery,1771507211.246321,17447,0,1
1,NewOrder,1771507211.246888,6033,15,1
2,Payment,1771507211.246901,7979,13,1
1,NewOrder,1771507211.246955,22086,10,1
1,NewOrder,1771507211.247012,18056,23,1
1,NewOrder,1771507211.248109,32035,5,1
1,NewOrder,1771507211.250571,26794,4,1
1,NewOrder,1771507211.251473,24259,19,1
1,NewOrder,1771507211.251475,33305,6,1
1,NewOrder,1771507211.251699,26631,12,1
4,Delivery,1771507211.252245,19360,7,1
2,Payment,1771507211.252942,6550,15,1
1,NewOrder,1771507211.253269,18419,2,1
1,NewOrder,1771507211.254434,20817,21,1
1,NewOrder,1771507211.254898,22093,13,1
1,NewOrder,1771507211.254900,25197,16,1
2,Payment,1771507211.258839,8173,8,1
2,Payment,1771507211.259476,7063,20,1
1,NewOrder,1771507211.259510,31325,15,1
2,Payment,1771507211.260814,13859,18,1
1,NewOrder,1771507211.261580,32821,3,1
2,Payment,1771507211.263781,7155,0,1
5,StockLevel,1771507211.265089,11761,23,1
2,Payment,1771507211.265592,6033,11,1
1,NewOrder,1771507211.266557,22784,20,1
2,Payment,1771507211.266565,11739,22,1
2,Payment,1771507211.267031,11877,8,1
3,OrderStatus,1771507211.269066,5594,10,1
1,NewOrder,1771507211.270953,24476,0,1
2,Payment,1771507211.271028,8667,14,1
1,NewOrder,1771507211.271056,20219,1,1
5,StockLevel,1771507211.271617,23374,7,1
2,Payment,1771507211.271633,14398,11,1
1,NewOrder,1771507211.271682,17635,9,1
2,Payment,1771507211.271707,6227,2,1
2,Payment,1771507211.274684,16571,10,1
2,Payment,1771507211.274711,17852,18,1
2,Payment,1771507211.275266,8763,21,1
2,Payment,1771507211.275305,13241,17,1
4,Delivery,1771507211.275749,19693,19,1
1,NewOrder,1771507211.276874,8393,23,1
1,NewOrder,1771507211.277037,8567,13,1
1,NewOrder,1771507211.277381,9849,4,1
3,OrderStatus,1771507211.277960,5291,2,1
2,Payment,1771507211.278320,18589,22,1
2,Payment,1771507211.278351,16721,12,1
2,Payment,1771507211.278935,16037,8,1
2,Payment,1771507211.279707,22847,14,1
2,Payment,1771507211.280102,30957,16,1
2,Payment,1771507211.280160,11418,5,1
1,NewOrder,1771507211.283277,5596,2,1
2,Payment,1771507211.284047,18589,21,1
1,NewOrder,1771507211.284806,19741,6,1
4,Delivery,1771507211.285282,10517,23,1
2,Payment,1771507211.285622,33793,13,1
2,Payment,1771507211.286045,15750,11,1
2,Payment,1771507211.287243,8277,4,1
1,NewOrder,1771507211.288567,16715,17,1
1,NewOrder,1771507211.288894,32760,2,1
1,NewOrder,1771507211.289330,13304,9,1
1,NewOrder,1771507211.289354,18763,20,1
1,NewOrder,1771507211.290860,32824,15,1
1,NewOrder,1771507211.291267,16299,10,1
1,NewOrder,1771507211.291300,24975,1,1
1,NewOrder,1771507211.291594,35298,5,1
2,Payment,1771507211.292575,22210,18,1
1,NewOrder,1771507211.294426,15766,3,1
2,Payment,1771507211.294996,14472,8,1
1,NewOrder,1771507211.294999,16808,7,1
1,NewOrder,1771507211.295088,27421,12,1
4,Delivery,1771507211.295443,17966,0,1
2,Payment,1771507211.295449,24992,19,1
1,NewOrder,1771507211.295528,24310,4,1
1,NewOrder,1771507211.295816,24668,23,1
4,Delivery,1771507211.296933,18340,22,1
2,Payment,1771507211.301804,14038,11,1
1,NewOrder,1771507211.302559,24750,14,1
5,StockLevel,1771507211.302661,20919,9,1
2,Payment,1771507211.302663,23411,21,1
2,Payment,1771507211.304561,15304,6,1
1,NewOrder,1771507211.305298,9575,17,1
2,Payment,1771507211.307590,19347,10,1
1,NewOrder,1771507211.308142,18754,20,1
2,Payment,1771507211.309477,22660,8,1
1,NewOrder,1771507211.310217,5031,3,1
5,StockLevel,1771507211.311083,3795,16,1
2,Payment,1771507211.311811,24748,7,1
2,Payment,1771507211.313435,6986,0,1
1,NewOrder,1771507211.314811,20843,18,1
2,Payment,1771507211.314910,14195,17,1
2,Payment,1771507211.314911,9705,16,1
1,NewOrder,1771507211.315267,4491,3,1
2,Payment,1771507211.315291,15926,22,1
4,Delivery,1771507211.315849,31269,11,1
1,NewOrder,1771507211.316301,16607,1,1
2,Payment,1771507211.319441,18973,13,1
2,Payment,1771507211.319776,10802,3,1
2,Payment,1771507211.319855,7202,4,1
1,NewOrder,1771507211.319878,20028,6,1
2,Payment,1771507211.320440,16047,0,1
2,Payment,1771507211.320450,22776,19,1
2,Payment,1771507211.320509,16715,23,1
2,Payment,1771507211.321680,23812,2,1
4,Delivery,1771507211.322525,4735,12,1
2,Payment,1771507211.323594,20918,9,1
1,NewOrder,1771507211.323710,15051,15,1
1,NewOrder,1771507211.324624,18009,16,1
1,NewOrder,1771507211.326099,15964,21,1
1,NewOrder,1771507211.326911,33372,5,1
2,Payment,1771507211.326921,23833,20,1
2,Payment,1771507211.326954,23345,10,1
2,Payment,1771507211.327070,25214,4,1
2,Payment,1771507211.327276,5281,12,1
1,NewOrder,1771507211.327321,15852,14,1
3,OrderStatus,1771507211.329130,4743,17,1
1,NewOrder,1771507211.330587,20122,3,1
2,Payment,1771507211.331242,22940,22,1
1,NewOrder,1771507211.332161,13816,8,1
1,NewOrder,1771507211.332575,16909,12,1
2,Payment,1771507211.332934,24399,1,1
1,NewOrder,1771507211.333897,12114,17,1
2,Payment,1771507211.335666,24676,18,1
1,NewOrder,1771507211.336513,23300,0,1
1,NewOrder,1771507211.336579,30880,7,1
1,NewOrder,1771507211.337251,29576,23,1
2,Payment,1771507211.338439,7591,13,1
1,NewOrder,1771507211.338773,26715,15,1
1,NewOrder,1771507211.339914,7611,6,1
2,Payment,1771507211.342088,24230,21,1
1,NewOrder,1771507211.342641,6834,16,1
2,Payment,1771507211.343192,6440,14,1
2,Payment,1771507211.343251,32729,19,1
1,NewOrder,1771507211.344538,32357,9,1
2,Payment,1771507211.345515,17074,2,1
2,Payment,1771507211.345995,9930,8,1
2,Payment,1771507211.346037,8580,17,1
2,Payment,1771507211.346048,17333,13,1
1,NewOrder,1771507211.347126,7895,11,1
2,Payment,1771507211.347538,11306,6,1
2,Payment,1771507211.349481,19226,16,1
1,NewOrder,1771507211.349509,17917,12,1
1,NewOrder,1771507211.349638,22129,14,1
5,StockLevel,1771507211.350322,13495,10,1
1,NewOrder,1771507211.350734,22628,3,1
2,Payment,1771507211.350779,33196,20,1
1,NewOrder,1771507211.352291,23197,4,1
2,Payment,1771507211.354203,37361,22,1
2,Payment,1771507211.354643,22745,17,1
1,NewOrder,1771507211.355030,11231,11,1
3,OrderStatus,1771507211.355929,5067,8,1
1,NewOrder,1771507211.357359,26634,1,1
1,NewOrder,1771507211.358870,31677,6,1
1,NewOrder,1771507211.359830,30695,0,1
2,Payment,1771507211.360298,8349,5,1
1,NewOrder,1771507211.360360,17118,18,1
2,Payment,1771507211.361005,6985,8,1
1,NewOrder,1771507211.362615,27015,2,1
1,NewOrder,1771507211.363389,11621,13,1
2,Payment,1771507211.363836,14049,10,1
1,NewOrder,1771507211.365513,23570,15,1
1,NewOrder,1771507211.366272,20638,11,1
1,NewOrder,1771507211.366344,28337,21,1
1,NewOrder,1771507211.366852,28352,23,1
2,Payment,1771507211.367452,17939,12,1
2,Payment,1771507211.367478,17881,7,1
1,NewOrder,1771507211.367999,24132,8,1
1,NewOrder,1771507211.368669,23466,5,1
1,NewOrder,1771507211.368723,26494,16,1
1,NewOrder,1771507211.371793,14380,14,1
2,Payment,1771507211.373378,2996,3,1
1,NewOrder,1771507211.375019,13593,13,1
2,Payment,1771507211.375492,9813,4,1
2,Payment,1771507211.376000,22850,19,1
5,StockLevel,1771507211.376381,8983,3,1
3,OrderStatus,1771507211.376920,8674,9,1
1,NewOrder,1771507211.377409,14767,17,1
2,Payment,1771507211.377504,27173,18,1
2,Payment,1771507211.377902,12376,10,1
2,Payment,1771507211.384000,26731,20,1
1,NewOrder,1771507211.384020,21769,1,1
2,Payment,1771507211.385313,7501,4,1
5,StockLevel,1771507211.385363,18394,7,1
2,Payment,1771507211.385378,3742,3,1
2,Payment,1771507211.385417,10036,12,1
2,Payment,1771507211.385618,13685,9,1
2,Payment,1771507211.386198,11736,14,1
2,Payment,1771507211.386930,16986,11,1
2,Payment,1771507211.388622,11370,13,1
4,Delivery,1771507211.389098,14958,15,1
1,NewOrder,1771507211.389145,6787,3,1
3,OrderStatus,1771507211.389643,4728,2,1
5,StockLevel,1771507211.390304,11425,10,1
1,NewOrder,1771507211.390534,13350,0,1
2,Payment,1771507211.390572,20121,6,1
2,Payment,1771507211.391597,27061,22,1
1,NewOrder,1771507211.392139,18538,8,1
2,Payment,1771507211.392160,11146,5,1
1,NewOrder,1771507211.392201,24906,17,1
2,Payment,1771507211.392821,18689,4,1
5,StockLevel,1771507211.394394,11144,2,1
2,Payment,1771507211.394707,30439,21,1
2,Payment,1771507211.395229,34625,23,1
1,NewOrder,1771507211.395244,8839,16,1
1,NewOrder,1771507211.395473,8598,12,1
2,Payment,1771507211.395949,22335,3,1
2,Payment,1771507211.397944,6113,14,1
2,Payment,1771507211.398875,43612,19,1
1,NewOrder,1771507211.399321,27985,9,1
2,Payment,1771507211.400006,7854,13,1
2,Payment,1771507211.401749,20161,10,1
5,StockLevel,1771507211.403324,6207,5,1
1,NewOrder,1771507211.403766,15898,7,1
1,NewOrder,1771507211.403901,23109,0,1
2,Payment,1771507211.403936,20089,11,1
2,Payment,1771507211.404065,8292,14,1
1,NewOrder,1771507211.404070,28553,15,1
1,NewOrder,1771507211.404097,20722,12,1
2,Payment,1771507211.404109,14101,16,1
2,Payment,1771507211.404694,44620,18,1
1,NewOrder,1771507211.405554,15098,2,1
1,NewOrder,1771507211.405813,13307,1,1
1,NewOrder,1771507211.407877,21467,13,1
1,NewOrder,1771507211.409546,10727,5,1
1,NewOrder,1771507211.410686,10800,8,1
5,StockLevel,1771507211.410706,18187,6,1
1,NewOrder,1771507211.410744,22756,20,1
1,NewOrder,1771507211.411517,9154,4,1
2,Payment,1771507211.412361,12077,14,1
2,Payment,1771507211.417119,12661,17,1
2,Payment,1771507211.418236,18828,16,1
2,Payment,1771507211.418303,7419,3,1
3,OrderStatus,1771507211.418671,6210,22,1
2,Payment,1771507211.419147,11572,1,1
2,Payment,1771507211.419674,10132,7,1
2,Payment,1771507211.420286,16679,5,1
1,NewOrder,1771507211.420667,9067,2,1
2,Payment,1771507211.420687,22969,4,1
1,NewOrder,1771507211.421500,22117,8,1
2,Payment,1771507211.421936,13319,10,1
1,NewOrder,1771507211.424041,16741,11,1
2,Payment,1771507211.424446,19185,14,1
2,Payment,1771507211.424845,25574,12,1
2,Payment,1771507211.424907,12034,22,1
1,NewOrder,1771507211.425160,12695,21,1
1,NewOrder,1771507211.425738,15038,3,1
1,NewOrder,1771507211.427036,15605,0,1
1,NewOrder,1771507211.427319,13008,9,1
2,Payment,1771507211.428918,14224,6,1
1,NewOrder,1771507211.429352,13241,13,1
2,Payment,1771507211.429746,22821,2,1
2,Payment,1771507211.429800,26060,17,1
2,Payment,1771507211.429827,20213,7,1
1,NewOrder,1771507211.429869,18976,23,1
1,NewOrder,1771507211.430736,18158,1,1
1,NewOrder,1771507211.432635,9328,15,1
1,NewOrder,1771507211.433517,23235,20,1
2,Payment,1771507211.435272,20164,10,1
3,OrderStatus,1771507211.436960,5979,22,1
1,NewOrder,1771507211.436982,12445,5,1
2,Payment,1771507211.437079,25170,16,1
1,NewOrder,1771507211.437881,10482,21,1
2,Payment,1771507211.440343,21524,9,1
2,Payment,1771507211.440786,24684,3,1
2,Payment,1771507211.440791,26125,11,1
1,NewOrder,1771507211.441988,19339,15,1
2,Payment,1771507211.442509,10653,19,1
1,NewOrder,1771507211.442600,14906,13,1
3,OrderStatus,1771507211.442666,4835,0,1
2,Payment,1771507211.442950,14671,22,1
2,Payment,1771507211.443166,31455,6,1
1,NewOrder,1771507211.443637,27162,8,1
3,OrderStatus,1771507211.443646,6088,14,1
1,NewOrder,1771507211.443663,31447,4,1
1,NewOrder,1771507211.447519,19889,0,1
1,NewOrder,1771507211.448388,9760,21,1
1,NewOrder,1771507211.448870,23080,23,1
1,NewOrder,1771507211.448912,18626,1,1
1,NewOrder,1771507211.449326,34823,18,1
2,Payment,1771507211.449443,8135,5,1
1,NewOrder,1771507211.449758,25253,14,1
1,NewOrder,1771507211.450066,18992,7,1
1,NewOrder,1771507211.450436,20858,12,1
4,Delivery,1771507211.452582,23458,2,1
1,NewOrder,1771507211.453180,10944,19,1
1,NewOrder,1771507211.455452,22640,10,1
1,NewOrder,1771507211.455879,32899,17,1
2,Payment,1771507211.456769,5496,20,1
3,OrderStatus,1771507211.457521,11308,13,1
3,OrderStatus,1771507211.457593,5360,5,1
2,Payment,1771507211.457636,9745,22,1
5,StockLevel,1771507211.458166,11614,21,1
2,Payment,1771507211.461347,9908,15,1
1,NewOrder,1771507211.461884,17639,9,1
2,Payment,1771507211.462281,20201,16,1
1,NewOrder,1771507211.462290,16495,20,1
3,OrderStatus,1771507211.462964,5517,5,1
2,Payment,1771507211.464138,10942,19,1
1,NewOrder,1771507211.465483,23716,3,1
3,OrderStatus,1771507211.466928,11699,11,1
1,NewOrder,1771507211.467404,17126,22,1
2,Payment,1771507211.467433,14568,0,1
4,Delivery,1771507211.467555,8797,1,1
2,Payment,1771507211.468495,19593,5,1
1,NewOrder,1771507211.468855,33890,13,1
1,NewOrder,1771507211.469074,11987,7,1
1,NewOrder,1771507211.469792,35691,21,1
2,Payment,1771507211.470825,13728,8,1
1,NewOrder,1771507211.471270,21761,15,1
4,Delivery,1771507211.471320,5813,12,1
2,Payment,1771507211.471960,10087,23,1
2,Payment,1771507211.474646,18369,6,1
2,Payment,1771507211.475024,12473,14,1
2,Payment,1771507211.475096,12829,19,1
2,Payment,1771507211.475136,19594,4,1
1,NewOrder,1771507211.476066,13104,2,1
3,OrderStatus,1771507211.476367,6339,1,1
1,NewOrder,1771507211.477158,12947,12,1
3,OrderStatus,1771507211.478115,2130,10,1
4,Delivery,1771507211.478651,51399,11,1
2,Payment,1771507211.478818,16363,20,1
2,Payment,1771507211.479548,17279,9,1
5,StockLevel,1771507211.480263,5923,10,1
2,Payment,1771507211.481087,19046,7,1
1,NewOrder,1771507211.482018,28110,0,1
2,Payment,1771507211.482061,21488,23,1
2,Payment,1771507211.482503,12660,16,1
1,NewOrder,1771507211.482723,10790,1,1
1,NewOrder,1771507211.484175,27661,18,1
1,NewOrder,1771507211.484543,26466,22,1
1,NewOrder,1771507211.484565,20088,8,1
1,NewOrder,1771507211.486202,11730,10,1
1,NewOrder,1771507211.487522,22198,14,1
2,Payment,1771507211.487934,22164,19,1
4,Delivery,1771507211.488114,47808,5,1
2,Payment,1771507211.488805,14784,17,1
1,NewOrder,1771507211.489194,26390,2,1
2,Payment,1771507211.489213,14406,3,1
1,NewOrder,1771507211.490123,5719,12,1
2,Payment,1771507211.493063,10465,6,1
2,Payment,1771507211.493064,18432,15,1
1,NewOrder,1771507211.493532,6984,1,1
2,Payment,1771507211.494742,17116,4,1
3,OrderStatus,1771507211.495188,9250,16,1
1,NewOrder,1771507211.495196,27943,20,1
1,NewOrder,1771507211.495860,4628,12,1
1,NewOrder,1771507211.496852,14619,9,1
2,Payment,1771507211.497948,10431,10,1
2,Payment,1771507211.500152,18398,7,1
1,NewOrder,1771507211.500502,10981,12,1
1,NewOrder,1771507211.500531,10200,1,1
1,NewOrder,1771507211.502762,19742,13,1
1,NewOrder,1771507211.503545,38511,6,1
1,NewOrder,1771507211.503562,39018,23,1
5,StockLevel,1771507211.503619,19510,17,1
1,NewOrder,1771507211.503632,26008,3,1
2,Payment,1771507211.504450,14467,16,1
2,Payment,1771507211.504665,21784,8,1
1,NewOrder,1771507211.505502,25870,21,1
2,Payment,1771507211.508400,21610,10,1
2,Payment,1771507211.509746,15136,14,1
1,NewOrder,1771507211.510118,26638,19,1
1,NewOrder,1771507211.510142,21265,0,1
1,NewOrder,1771507211.510757,25974,1,1
3,OrderStatus,1771507211.511021,6965,22,1
2,Payment,1771507211.511496,28013,9,1
1,NewOrder,1771507211.511509,40385,15,1
1,NewOrder,1771507211.511514,13895,12,1
1,NewOrder,1771507211.511850,37705,18,1
1,NewOrder,1771507211.511882,25272,4,1
1,NewOrder,1771507211.515601,15069,2,1
1,NewOrder,1771507211.517996,43199,22,1
2,Payment,1771507211.518575,24024,7,1
2,Payment,1771507211.518925,16351,16,1
1,NewOrder,1771507211.522529,15006,13,1
1,NewOrder,1771507211.523155,37307,17,1
1,NewOrder,1771507211.523165,12674,20,1
2,Payment,1771507211.524893,18674,14,1
2,Payment,1771507211.525434,26873,12,1
2,Payment,1771507211.526470,19357,8,1
3,OrderStatus,1771507211.529663,8901,3,1
1,NewOrder,1771507211.530021,39550,10,1
1,NewOrder,1771507211.530070,41472,11,1
1,NewOrder,1771507211.530696,7147,2,1
1,NewOrder,1771507211.531387,31118,21,1
1,NewOrder,1771507211.531431,38246,0,1
1,NewOrder,1771507211.535301,28170,16,1
1,NewOrder,1771507211.535865,8290,20,1
1,NewOrder,1771507211.535948,10328,5,1
2,Payment,1771507211.536753,13183,1,1
2,Payment,1771507211.536782,1980,19,1
2,Payment,1771507211.537180,21401,4,1
2,Payment,1771507211.537551,17435,13,1
2,Payment,1771507211.537868,25649,2,1
4,Delivery,1771507211.538589,34944,3,1
1,NewOrder,1771507211.538780,16722,19,1
1,NewOrder,1771507211.539524,16093,9,1
1,NewOrder,1771507211.542074,27554,6,1
1,NewOrder,1771507211.542603,20928,23,1
1,NewOrder,1771507211.542612,20486,7,1
1,NewOrder,1771507211.543576,29256,14,1
2,Payment,1771507211.544170,4098,20,1
1,NewOrder,1771507211.545853,14676,8,1
1,NewOrder,1771507211.546288,10188,5,1
2,Payment,1771507211.548285,5315,20,1
1,NewOrder,1771507211.549580,54409,18,1
2,Payment,1771507211.549949,20553,1,1
5,StockLevel,1771507211.551916,17859,15,1
2,Payment,1771507211.552332,7636,12,1
1,NewOrder,1771507211.553626,40083,20,1
5,StockLevel,1771507211.555007,12194,13,1
1,NewOrder,1771507211.555517,19182,19,1
4,Delivery,1771507211.555643,37631,9,1
1,NewOrder,1771507211.556501,35800,5,1
1,NewOrder,1771507211.558595,16830,4,1
2,Payment,1771507211.559986,6695,12,1
2,Payment,1771507211.560487,14910,17,1
2,Payment,1771507211.560555,6637,8,1
2,Payment,1771507211.561220,7490,22,1
1,NewOrder,1771507211.562521,11034,21,1
2,Payment,1771507211.563114,11733,7,1
1,NewOrder,1771507211.563482,28848,16,1
1,NewOrder,1771507211.563540,28389,23,1
1,NewOrder,1771507211.563551,37764,2,1
1,NewOrder,1771507211.566712,39136,12,1
3,OrderStatus,1771507211.567212,8949,13,1
1,NewOrder,1771507211.567219,33111,8,1
2,Payment,1771507211.568721,10204,22,1
2,Payment,1771507211.569597,10076,10,1
1,NewOrder,1771507211.569648,34385,6,1
2,Payment,1771507211.569704,13494,0,1
1,NewOrder,1771507211.569798,10411,15,1
1,NewOrder,1771507211.570521,23594,1,1
3,OrderStatus,1771507211.571556,11588,11,1
1,NewOrder,1771507211.572844,23731,14,1
1,NewOrder,1771507211.573558,23316,3,1
1,NewOrder,1771507211.573580,20178,21,1
1,NewOrder,1771507211.574724,11815,19,1
2,Payment,1771507211.574872,9033,7,1
2,Payment,1771507211.575413,6148,17,1
1,NewOrder,1771507211.575440,5649,4,1
2,Payment,1771507211.576173,7622,13,1
1,NewOrder,1771507211.578935,29796,22,1
1,NewOrder,1771507211.579691,7126,10,1
2,Payment,1771507211.580234,6181,15,1
2,Payment,1771507211.581115,4841,4,1
2,Payment,1771507211.581584,8423,17,1
1,NewOrder,1771507211.583177,31221,11,1
2,Payment,1771507211.583213,6337,0,1
1,NewOrder,1771507211.583805,33274,13,1
1,NewOrder,1771507211.583931,14673,7,1
2,Payment,1771507211.585981,6710,4,1
2,Payment,1771507211.586440,6201,15,1
2,Payment,1771507211.586565,3399,19,1
1,NewOrder,1771507211.586824,28206,10,1
5,StockLevel,1771507211.589566,22435,0,1
1,NewOrder,1771507211.589982,23797,19,1
4,Delivery,1771507211.590027,50840,17,1
2,Payment,1771507211.591938,6014,23,1
1,NewOrder,1771507211.592327,13874,5,1
2,Payment,1771507211.592356,11112,16,1
2,Payment,1771507211.592655,15632,15,1
1,NewOrder,1771507211.592709,27962,4,1
1,NewOrder,1771507211.593299,25934,9,1
2,Payment,1771507211.593727,20741,20,1
2,Payment,1771507211.593771,12475,21,1
1,NewOrder,1771507211.594127,29683,1,1
2,Payment,1771507211.596582,21589,14,1
2,Payment,1771507211.596878,5359,3,1
1,NewOrder,1771507211.597956,25438,23,1
2,Payment,1771507211.598630,8754,7,1
1,NewOrder,1771507211.600354,20912,8,1
1,NewOrder,1771507211.601341,22556,2,1
4,Delivery,1771507211.602250,29459,3,1
1,NewOrder,1771507211.603473,21101,16,1
2,Payment,1771507211.604003,19832,18,1
2,Payment,1771507211.604060,14276,6,1
2,Payment,1771507211.605869,19321,12,1
2,Payment,1771507211.606221,5217,5,1
1,NewOrder,1771507211.606273,29649,21,1
1,NewOrder,1771507211.607410,27926,7,1
1,NewOrder,1771507211.608301,14130,15,1
1,NewOrder,1771507211.608757,22952,22,1
1,NewOrder,1771507211.611460,20292,5,1
2,Payment,1771507211.612026,7178,0,1
4,Delivery,1771507211.613804,12170,19,1
2,Payment,1771507211.614409,13442,11,1
1,NewOrder,1771507211.614485,25527,20,1
2,Payment,1771507211.615049,21558,10,1
2,Payment,1771507211.617105,23324,13,1
1,NewOrder,1771507211.618182,23384,14,1
5,StockLevel,1771507211.618362,16919,6,1
3,OrderStatus,1771507211.619225,11041,0,1
1,NewOrder,1771507211.619251,19998,9,1
5,StockLevel,1771507211.620697,10487,4,1
2,Payment,1771507211.621293,24855,8,1
2,Payment,1771507211.622448,8225,15,1
2,Payment,1771507211.623405,8350,23,1
2,Payment,1771507211.623837,4740,1,1
1,NewOrder,1771507211.623850,32287,18,1
2,Payment,1771507211.623923,12058,2,1
1,NewOrder,1771507211.624585,22188,16,1
1,NewOrder,1771507211.625216,17955,12,1
1,NewOrder,1771507211.625997,16188,19,1
1,NewOrder,1771507211.627861,13395,11,1
2,Payment,1771507211.628602,12388,1,1
1,NewOrder,1771507211.630272,12569,0,1
2,Payment,1771507211.630705,12437,15,1
1,NewOrder,1771507211.631209,24401,4,1
5,StockLevel,1771507211.631717,22079,22,1
2,Payment,1771507211.631734,24438,3,1
5,StockLevel,1771507211.631762,22599,23,1
2,Payment,1771507211.631778,17890,5,1
2,Payment,1771507211.635305,15769,6,1
4,Delivery,1771507211.635362,14263,7,1
2,Payment,1771507211.635942,11177,21,1
2,Payment,1771507211.635997,28856,2,1
1,NewOrder,1771507211.636633,12367,10,1
2,Payment,1771507211.639274,15846,9,1
1,NewOrder,1771507211.640038,9666,20,1
2,Payment,1771507211.640438,6190,13,1
2,Payment,1771507211.640892,11099,17,1
2,Payment,1771507211.641016,31994,1,1
2,Payment,1771507211.641282,22975,11,1
1,NewOrder,1771507211.641573,20150,14,1
1,NewOrder,1771507211.642203,18145,19,1
3,OrderStatus,1771507211.642853,7695,0,1
1,NewOrder,1771507211.643159,13805,15,1
2,Payment,1771507211.643196,15827,12,1
1,NewOrder,1771507211.646173,18774,8,1
1,NewOrder,1771507211.646653,33627,13,1
1,NewOrder,1771507211.646799,30957,16,1
1,NewOrder,1771507211.647134,30702,21,1
3,OrderStatus,1771507211.649044,5819,10,1
1,NewOrder,1771507211.649642,30634,7,1
1,NewOrder,1771507211.649685,35687,5,1
1,NewOrder,1771507211.649730,9802,20,1
2,Payment,1771507211.650558,29392,0,1
2,Payment,1771507211.651099,21983,6,1
2,Payment,1771507211.652010,17120,17,1
1,NewOrder,1771507211.653803,11049,22,1
1,NewOrder,1771507211.654365,11033,23,1
1,NewOrder,1771507211.654889,29477,10,1
1,NewOrder,1771507211.655136,22597,9,1
2,Payment,1771507211.655635,31065,4,1
2,Payment,1771507211.656152,3809,18,1
1,NewOrder,1771507211.656180,15835,3,1
1,NewOrder,1771507211.656989,23833,15,1
1,NewOrder,1771507211.659048,34705,12,1
1,NewOrder,1771507211.659547,22667,20,1
2,Payment,1771507211.659970,8518,18,1
2,Payment,1771507211.660359,12608,19,1
1,NewOrder,1771507211.661748,6198,14,1
1,NewOrder,1771507211.664274,19072,11,1
1,NewOrder,1771507211.664865,24836,22,1
2,Payment,1771507211.664878,28871,2,1
1,NewOrder,1771507211.664973,12896,8,1
2,Payment,1771507211.665414,11301,23,1
1,NewOrder,1771507211.667964,17431,14,1
2,Payment,1771507211.668495,12807,18,1
2,Payment,1771507211.669155,5112,17,1
1,NewOrder,1771507211.672022,9659,3,1
2,Payment,1771507211.672998,11876,19,1
1,NewOrder,1771507211.673054,18690,1,1
2,Payment,1771507211.673107,8264,6,1
2,Payment,1771507211.674286,6574,17,1
1,NewOrder,1771507211.676733,15067,23,1
2,Payment,1771507211.677748,8991,9,1
2,Payment,1771507211.677765,7677,16,1
2,Payment,1771507211.677861,12451,21,1
1,NewOrder,1771507211.677895,23618,8,1
2,Payment,1771507211.679975,16738,0,1
1,NewOrder,1771507211.680287,11536,13,1
2,Payment,1771507211.680295,11479,7,1
2,Payment,1771507211.680834,10525,15,1
1,NewOrder,1771507211.680877,27318,17,1
3,OrderStatus,1771507211.681314,5198,18,1
2,Payment,1771507211.681397,16364,6,1
2,Payment,1771507211.681707,19168,3,1
2,Payment,1771507211.682240,10736,20,1
1,NewOrder,1771507211.683352,12912,11,1
1,NewOrder,1771507211.684372,17186,10,1
1,NewOrder,1771507211.684901,10886,19,1
1,NewOrder,1771507211.685397,23795,5,1
2,Payment,1771507211.685419,11895,14,1
5,StockLevel,1771507211.685448,17548,16,1
2,Payment,1771507211.686536,9684,18,1
1,NewOrder,1771507211.686725,19137,4,1
2,Payment,1771507211.686757,15187,9,1
1,NewOrder,1771507211.689715,16606,22,1
2,Payment,1771507211.690337,11212,21,1
2,Payment,1771507211.691374,17359,15,1
1,NewOrder,1771507211.691770,13127,1,1
2,Payment,1771507211.691787,13692,7,1
2,Payment,1771507211.691824,16873,23,1
2,Payment,1771507211.691839,10112,13,1
1,NewOrder,1771507211.692992,39779,20,1
2,Payment,1771507211.693778,13586,2,1
2,Payment,1771507211.693781,22948,12,1
1,NewOrder,1771507211.695812,20270,19,1
2,Payment,1771507211.696246,20221,18,1
1,NewOrder,1771507211.696272,39839,11,1
1,NewOrder,1771507211.696726,37701,0,1
2,Payment,1771507211.697340,27925,14,1
1,NewOrder,1771507211.697777,15126,6,1
1,NewOrder,1771507211.700884,26175,3,1
1,NewOrder,1771507211.701538,25585,8,1
2,Payment,1771507211.701568,25089,21,1
1,NewOrder,1771507211.701569,37753,10,1
2,Payment,1771507211.701971,6677,9,1
3,OrderStatus,1771507211.701971,9177,13,1
2,Payment,1771507211.703002,32663,16,1
1,NewOrder,1771507211.704922,9776,1,1
2,Payment,1771507211.705494,10984,7,1
2,Payment,1771507211.705870,6391,4,1
5,StockLevel,1771507211.706325,4685,22,1
1,NewOrder,1771507211.707381,29626,2,1
1,NewOrder,1771507211.708220,21279,17,1
1,NewOrder,1771507211.708664,42531,9,1
1,NewOrder,1771507211.708723,31061,23,1
2,Payment,1771507211.708758,33094,15,1
2,Payment,1771507211.709206,5067,5,1
1,NewOrder,1771507211.711018,6760,22,1
1,NewOrder,1771507211.711173,41379,13,1
2,Payment,1771507211.712266,5057,4,1
2,Payment,1771507211.712918,11671,6,1
3,OrderStatus,1771507211.714287,1843,5,1
1,NewOrder,1771507211.714724,55417,1,1
1,NewOrder,1771507211.716107,21717,19,1
2,Payment,1771507211.716146,3462,5,1
1,NewOrder,1771507211.716475,13703,18,1
2,Payment,1771507211.716502,16240,7,1
1,NewOrder,1771507211.716746,47029,12,1
1,NewOrder,1771507211.717330,14351,4,1
1,NewOrder,1771507211.717782,7479,22,1
1,NewOrder,1771507211.719633,9895,5,1
3,OrderStatus,1771507211.724614,9271,6,1
3,OrderStatus,1771507211.725279,1548,22,1
2,Payment,1771507211.725292,22755,14,1
2,Payment,1771507211.726683,5613,21,1
2,Payment,1771507211.726845,2260,22,1
2,Payment,1771507211.727069,7715,3,1
1,NewOrder,1771507211.727149,23697,8,1
1,NewOrder,1771507211.729120,13772,22,1
3,OrderStatus,1771507211.729525,7086,17,1
2,Payment,1771507211.729554,10172,5,1
2,Payment,1771507211.730198,5874,18,1
2,Payment,1771507211.731689,11934,4,1
1,NewOrder,1771507211.732321,19902,21,1
2,Payment,1771507211.732774,6509,7,1
1,NewOrder,1771507211.732786,19902,20,1
1,NewOrder,1771507211.733920,15575,6,1
1,NewOrder,1771507211.734442,34339,0,1
1,NewOrder,1771507211.734797,38441,3,1
5,StockLevel,1771507211.735673,15067,16,1
2,Payment,1771507211.736088,3662,18,1
1,NewOrder,1771507211.736119,41415,11,1
2,Payment,1771507211.736637,23033,17,1
2,Payment,1771507211.737043,11542,2,1
2,Payment,1771507211.737836,9368,19,1
2,Payment,1771507211.739302,20766,7,1
2,Payment,1771507211.739329,6827,10,1
2,Payment,1771507211.739739,14967,5,1
1,NewOrder,1771507211.739766,12825,18,1
1,NewOrder,1771507211.739809,11368,23,1
1,NewOrder,1771507211.741877,28313,15,1
1,NewOrder,1771507211.742918,27239,22,1
1,NewOrder,1771507211.743649,9231,4,1
2,Payment,1771507211.746172,19808,10,1
1,NewOrder,1771507211.747229,28881,19,1
2,Payment,1771507211.748073,19959,14,1
1,NewOrder,1771507211.748602,27038,2,1
1,NewOrder,1771507211.749510,37005,6,1
1,NewOrder,1771507211.750752,22857,16,1
2,Payment,1771507211.750872,21549,8,1
1,NewOrder,1771507211.751202,24935,23,1
1,NewOrder,1771507211.751221,23981,9,1
1,NewOrder,1771507211.752249,7795,21,1
1,NewOrder,1771507211.752563,16190,13,1
2,Payment,1771507211.752608,2601,18,1
1,NewOrder,1771507211.752714,11775,20,1
2,Payment,1771507211.752889,5411,4,1
1,NewOrder,1771507211.754713,18103,5,1
1,NewOrder,1771507211.755231,14000,18,1
1,NewOrder,1771507211.758308,13417,4,1
1,NewOrder,1771507211.759696,28175,17,1
1,NewOrder,1771507211.760070,9742,21,1
2,Payment,1771507211.760084,18753,7,1
2,Payment,1771507211.763784,11362,12,1
1,NewOrder,1771507211.764515,11641,20,1
2,Payment,1771507211.766005,21954,10,1
4,Delivery,1771507211.768048,22806,14,1
2,Payment,1771507211.768770,16828,13,1
2,Payment,1771507211.768801,8075,0,1
1,NewOrder,1771507211.769258,18662,18,1
1,NewOrder,1771507211.769827,13686,21,1
1,NewOrder,1771507211.770167,33018,1,1
1,NewOrder,1771507211.770182,32654,22,1
1,NewOrder,1771507211.770216,40319,15,1
2,Payment,1771507211.771740,10283,4,1
2,Payment,1771507211.772447,23582,8,1
1,NewOrder,1771507211.772831,27705,5,1
4,Delivery,1771507211.773246,41456,3,1
1,NewOrder,1771507211.773634,41821,16,1
1,NewOrder,1771507211.775152,21383,12,1
5,StockLevel,1771507211.775227,13282,9,1
1,NewOrder,1771507211.775666,20028,2,1
2,Payment,1771507211.776128,5369,19,1
1,NewOrder,1771507211.776156,15496,23,1
1,NewOrder,1771507211.776172,34390,20,1
1,NewOrder,1771507211.776889,34067,0,1
3,OrderStatus,1771507211.777541,12725,11,1
3,OrderStatus,1771507211.778862,10021,7,1
2,Payment,1771507211.781522,5296,19,1
2,Payment,1771507211.782040,5464,4,1
1,NewOrder,1771507211.783519,24702,21,1
2,Payment,1771507211.785616,11698,13,1
2,Payment,1771507211.786541,15280,6,1
2,Payment,1771507211.786827,3555,19,1
2,Payment,1771507211.787513,7807,4,1
2,Payment,1771507211.787875,16530,17,1
5,StockLevel,1771507211.787944,20186,18,1
2,Payment,1771507211.787980,19679,10,1
2,Payment,1771507211.788533,23744,9,1
2,Payment,1771507211.788896,31480,7,1
1,NewOrder,1771507211.790285,27629,11,1
1,NewOrder,1771507211.790397,10477,19,1
5,StockLevel,1771507211.790867,9498,14,1
2,Payment,1771507211.791678,3022,23,1
1,NewOrder,1771507211.794717,8496,23,1
1,NewOrder,1771507211.795347,27462,4,1
1,NewOrder,1771507211.795719,11565,2,1
2,Payment,1771507211.796055,31542,8,1
2,Payment,1771507211.796547,11822,12,1
1,NewOrder,1771507211.797339,20948,13,1
1,NewOrder,1771507211.800391,23880,14,1
1,NewOrder,1771507211.800545,20812,5,1
2,Payment,1771507211.800890,3022,19,1
5,StockLevel,1771507211.801847,21711,6,1
1,NewOrder,1771507211.802854,18475,22,1
2,Payment,1771507211.803201,6873,1,1
2,Payment,1771507211.803240,4370,23,1
1,NewOrder,1771507211.803923,19916,19,1
2,Payment,1771507211.804413,10969,17,1
2,Payment,1771507211.807310,8191,2,1
2,Payment,1771507211.807625,4096,23,1
1,NewOrder,1771507211.807685,23670,10,1
2,Payment,1771507211.808146,24393,18,1
2,Payment,1771507211.808230,12986,21,1
1,NewOrder,1771507211.808397,15819,12,1
2,Payment,1771507211.810082,15559,1,1
3,OrderStatus,1771507211.810553,4972,15,1
3,OrderStatus,1771507211.810577,4310,20,1
2,Payment,1771507211.810975,18947,0,1
2,Payment,1771507211.811728,14870,23,1
1,NewOrder,1771507211.812303,14753,9,1
1,NewOrder,1771507211.814708,7671,3,1
2,Payment,1771507211.814912,23326,20,1
2,Payment,1771507211.815389,11637,17,1
1,NewOrder,1771507211.815469,17020,16,1
1,NewOrder,1771507211.815527,22565,2,1
2,Payment,1771507211.815549,3312,15,1
1,NewOrder,1771507211.817939,8754,11,1
2,Payment,1771507211.818311,14155,13,1
1,NewOrder,1771507211.818881,7330,15,1
2,Payment,1771507211.820403,10133,7,1
2,Payment,1771507211.821241,24722,21,1
2,Payment,1771507211.821346,26641,22,1
1,NewOrder,1771507211.821384,11905,5,1
1,NewOrder,1771507211.822388,9647,3,1
2,Payment,1771507211.822834,14594,4,1
2,Payment,1771507211.823584,9677,6,1
2,Payment,1771507211.823855,27645,19,1
2,Payment,1771507211.824235,13949,12,1
1,NewOrder,1771507211.824296,9151,14,1
2,Payment,1771507211.825663,7282,1,1
1,NewOrder,1771507211.826236,20177,15,1
1,NewOrder,1771507211.826609,18656,23,1
5,StockLevel,1771507211.826718,9775,11,1
1,NewOrder,1771507211.827051,14858,17,1
2,Payment,1771507211.827082,11069,9,1
2,Payment,1771507211.827622,16126,8,1
2,Payment,1771507211.829938,14655,0,1
1,NewOrder,1771507211.830560,20473,7,1
2,Payment,1771507211.831381,16572,10,1
1,NewOrder,1771507211.832060,26964,3,1
2,Payment,1771507211.832478,12017,13,1
1,NewOrder,1771507211.832503,13827,16,1
1,NewOrder,1771507211.832565,17865,18,1
2,Payment,1771507211.832956,18989,1,1
1,NewOrder,1771507211.833286,11965,6,1
1,NewOrder,1771507211.833308,11244,5,1
1,NewOrder,1771507211.833473,14016,14,1
1,NewOrder,1771507211.836508,19026,11,1
2,Payment,1771507211.837444,21560,4,1
2,Payment,1771507211.838112,28604,2,1
1,NewOrder,1771507211.838167,39834,9,1
2,Payment,1771507211.838200,11829,12,1
2,Payment,1771507211.838264,17737,20,1
2,Payment,1771507211.841924,12398,17,1
1,NewOrder,1771507211.843773,24536,8,1
1,NewOrder,1771507211.844520,21185,13,1
2,Payment,1771507211.844577,31042,5,1
2,Payment,1771507211.844620,38204,0,1
2,Payment,1771507211.845264,7288,6,1
1,NewOrder,1771507211.845277,27471,23,1
2,Payment,1771507211.845989,18824,21,1
1,NewOrder,1771507211.846360,21936,16,1
2,Payment,1771507211.846439,12205,15,1
4,Delivery,1771507211.847503,17791,14,1
1,NewOrder,1771507211.847970,15736,10,1
1,NewOrder,1771507211.848003,14236,22,1
2,Payment,1771507211.850039,14251,12,1
1,NewOrder,1771507211.850456,25105,18,1
1,NewOrder,1771507211.851058,23945,7,1
1,NewOrder,1771507211.851513,19336,19,1
1,NewOrder,1771507211.851953,21485,1,1
1,NewOrder,1771507211.852578,18258,6,1
2,Payment,1771507211.854346,16879,17,1
1,NewOrder,1771507211.855552,20811,11,1
4,Delivery,1771507211.856017,27835,20,1
1,NewOrder,1771507211.858663,19955,15,1
1,NewOrder,1771507211.859031,23772,4,1
1,NewOrder,1771507211.859052,37201,3,1
2,Payment,1771507211.862263,7903,22,1
2,Payment,1771507211.863731,4121,10,1
1,NewOrder,1771507211.864304,21493,12,1
1,NewOrder,1771507211.864839,27139,21,1
2,Payment,1771507211.865308,9728,14,1
2,Payment,1771507211.865717,15586,13,1
2,Payment,1771507211.866734,25190,2,1
2,Payment,1771507211.867878,2934,10,1
4,Delivery,1771507211.868322,37070,16,1
1,NewOrder,1771507211.868336,19191,8,1
2,Payment,1771507211.870187,4425,22,1
1,NewOrder,1771507211.870831,11593,10,1
2,Payment,1771507211.870864,4194,6,1
2,Payment,1771507211.870876,8597,19,1
1,NewOrder,1771507211.871238,34623,17,1
1,NewOrder,1771507211.872772,14043,23,1
1,NewOrder,1771507211.873448,32375,1,1
2,Payment,1771507211.874637,9642,22,1
1,NewOrder,1771507211.875028,28819,7,1
4,Delivery,1771507211.875061,30870,14,1
2,Payment,1771507211.875077,5026,6,1
2,Payment,1771507211.875569,16360,18,1
2,Payment,1771507211.875643,24676,5,1
1,NewOrder,1771507211.876376,36867,11,1
3,OrderStatus,1771507211.878014,4643,9,1
2,Payment,1771507211.878644,11964,15,1
2,Payment,1771507211.879499,20899,19,1
1,NewOrder,1771507211.880112,13947,6,1
3,OrderStatus,1771507211.881329,5890,13,1
1,NewOrder,1771507211.882450,15134,10,1
1,NewOrder,1771507211.882681,9878,9,1
3,OrderStatus,1771507211.882827,4205,4,1
2,Payment,1771507211.882832,20109,0,1
1,NewOrder,1771507211.883869,10908,20,1
1,NewOrder,1771507211.884304,11376,22,1
2,Payment,1771507211.885811,14003,12,1
1,NewOrder,1771507211.886841,8512,23,1
2,Payment,1771507211.887050,25276,4,1
1,NewOrder,1771507211.887245,28151,13,1
2,Payment,1771507211.887534,7675,8,1
2,Payment,1771507211.890625,16454,15,1
2,Payment,1771507211.891937,14236,18,1
1,NewOrder,1771507211.891950,35195,2,1
5,StockLevel,1771507211.892003,19660,21,1
1,NewOrder,1771507211.892577,22787,9,1
5,StockLevel,1771507211.894066,13463,6,1
2,Payment,1771507211.894792,16379,20,1
1,NewOrder,1771507211.895216,7760,8,1
2,Payment,1771507211.895379,20597,23,1
2,Payment,1771507211.895704,22965,22,1
4,Delivery,1771507211.896279,16652,3,1
1,NewOrder,1771507211.897599,15735,10,1
1,NewOrder,1771507211.899845,28744,12,1
1,NewOrder,1771507211.900327,23845,5,1
1,NewOrder,1771507211.900423,15755,19,1
1,NewOrder,1771507211.902959,23300,0,1
2,Payment,1771507211.903000,7677,8,1
1,NewOrder,1771507211.903860,12365,7,1
1,NewOrder,1771507211.905401,25313,16,1
2,Payment,1771507211.905843,15074,1,1
5,StockLevel,1771507211.905868,20447,17,1
2,Payment,1771507211.905952,9111,14,1
2,Payment,1771507211.906180,16515,18,1
5,StockLevel,1771507211.907097,8550,15,1
2,Payment,1771507211.907542,11589,6,1
1,NewOrder,1771507211.910692,33294,8,1
2,Payment,1771507211.911197,19074,20,1
1,NewOrder,1771507211.911688,25748,21,1
2,Payment,1771507211.912342,15314,4,1
2,Payment,1771507211.912950,22693,3,1
1,NewOrder,1771507211.913252,25366,11,1
1,NewOrder,1771507211.913347,26846,10,1
2,Payment,1771507211.915089,7982,14,1
1,NewOrder,1771507211.915390,23244,9,1
1,NewOrder,1771507211.915422,21208,13,1
2,Payment,1771507211.915661,11612,15,1
1,NewOrder,1771507211.916001,21555,23,1
1,NewOrder,1771507211.916191,11567,19,1
1,NewOrder,1771507211.916240,14452,7,1
2,Payment,1771507211.918683,18848,22,1
4,Delivery,1771507211.919141,16569,6,1
3,OrderStatus,1771507211.920923,5666,1,1
1,NewOrder,1771507211.922700,33610,18,1
1,NewOrder,1771507211.923096,24837,14,1
1,NewOrder,1771507211.924186,22881,5,1
1,NewOrder,1771507211.926285,26526,0,1
1,NewOrder,1771507211.926323,14180,17,1
2,Payment,1771507211.926594,18330,1,1
3,OrderStatus,1771507211.927162,9981,2,1
2,Payment,1771507211.927299,4464,15,1
2,Payment,1771507211.927669,26097,4,1
2,Payment,1771507211.927774,15136,19,1
1,NewOrder,1771507211.928601,11869,12,1
1,NewOrder,1771507211.930285,22045,20,1
1,NewOrder,1771507211.930712,19419,7,1
2,Payment,1771507211.930732,14231,16,1
1,NewOrder,1771507211.931776,16472,15,1
2,Payment,1771507211.935658,23109,3,1
4,Delivery,1771507211.935720,18505,6,1
3,OrderStatus,1771507211.936648,10327,13,1
2,Payment,1771507211.937168,27732,2,1
2,Payment,1771507211.937451,16761,21,1
1,NewOrder,1771507211.937544,30394,22,1
2,Payment,1771507211.937570,12888,23,1
1,NewOrder,1771507211.938624,19763,11,1
2,Payment,1771507211.938645,1881,9,1
2,Payment,1771507211.940216,3076,10,1
1,NewOrder,1771507211.940484,8835,12,1
1,NewOrder,1771507211.940528,12267,17,1
2,Payment,1771507211.940539,5445,9,1
2,Payment,1771507211.942935,16570,19,1
3,OrderStatus,1771507211.943317,2589,10,1
2,Payment,1771507211.944002,8837,8,1
1,NewOrder,1771507211.944936,24772,1,1
1,NewOrder,1771507211.944973,20377,16,1
5,StockLevel,1771507211.945924,6559,10,1
5,StockLevel,1771507211.945998,6165,9,1
1,NewOrder,1771507211.946999,15147,13,1
1,NewOrder,1771507211.947082,22026,5,1
2,Payment,1771507211.947958,18494,14,1
2,Payment,1771507211.948260,8996,15,1
2,Payment,1771507211.949332,20330,12,1
2,Payment,1771507211.950156,7054,7,1
1,NewOrder,1771507211.950484,23354,23,1
1,NewOrder,1771507211.952188,5652,9,1
2,Payment,1771507211.952344,12988,20,1
2,Payment,1771507211.952498,7437,10,1
2,Payment,1771507211.952806,20527,17,1
1,NewOrder,1771507211.952826,14455,0,1
1,NewOrder,1771507211.952853,16845,8,1
2,Payment,1771507211.953793,14507,4,1
2,Payment,1771507211.954225,17621,21,1
2,Payment,1771507211.954233,11162,6,1
2,Payment,1771507211.956321,22973,18,1
2,Payment,1771507211.957240,13826,7,1
1,NewOrder,1771507211.957282,24714,15,1
2,Payment,1771507211.957854,23039,9,1
1,NewOrder,1771507211.958396,21612,11,1
1,NewOrder,1771507211.958781,14998,3,1
1,NewOrder,1771507211.959530,20407,19,1
2,Payment,1771507211.959953,15020,10,1
2,Payment,1771507211.962168,18357,13,1
2,Payment,1771507211.964915,6966,2,1
2,Payment,1771507211.965353,21112,20,1
2,Payment,1771507211.965363,24213,16,1
3,OrderStatus,1771507211.965421,6197,6,1
1,NewOrder,1771507211.966466,15997,14,1
2,Payment,1771507211.967290,8306,0,1
2,Payment,1771507211.967954,23308,22,1
2,Payment,1771507211.968312,10928,4,1
1,NewOrder,1771507211.969116,16802,5,1
1,NewOrder,1771507211.969687,16742,12,1
1,NewOrder,1771507211.969725,17234,1,1
1,NewOrder,1771507211.969729,16830,8,1
2,Payment,1771507211.971081,16357,7,1
2,Payment,1771507211.971630,19773,6,1
1,NewOrder,1771507211.971863,23723,21,1
1,NewOrder,1771507211.971897,14882,2,1
3,OrderStatus,1771507211.973347,4231,17,1
2,Payment,1771507211.973792,13116,3,1
1,NewOrder,1771507211.973864,12639,23,1
2,Payment,1771507211.974986,20165,10,1
1,NewOrder,1771507211.975605,16338,0,1
2,Payment,1771507211.977595,16992,17,1
1,NewOrder,1771507211.979265,23100,4,1
3,OrderStatus,1771507211.979302,8588,18,1
2,Payment,1771507211.979951,15127,19,1
2,Payment,1771507211.980030,22326,11,1
1,NewOrder,1771507211.980539,19003,13,1
1,NewOrder,1771507211.980911,24722,9,1
2,Payment,1771507211.982008,16430,15,1
1,NewOrder,1771507211.982477,12540,14,1
1,NewOrder,1771507211.985926,14980,5,1
2,Payment,1771507211.986455,18692,12,1
1,NewOrder,1771507211.986490,18191,20,1
2,Payment,1771507211.986510,15242,23,1
3,OrderStatus,1771507211.986584,6688,8,1
2,Payment,1771507211.986792,3776,2,1
2,Payment,1771507211.986918,8232,3,1
1,NewOrder,1771507211.986985,8206,1,1
2,Payment,1771507211.987464,22253,7,1
5,StockLevel,1771507211.987897,14295,18,1
1,NewOrder,1771507211.989591,20728,16,1
4,Delivery,1771507211.990593,25002,2,1
2,Payment,1771507211.991279,17213,22,1
2,Payment,1771507211.991429,23181,6,1
1,NewOrder,1771507211.991957,18332,0,1
2,Payment,1771507211.993296,27646,8,1
1,NewOrder,1771507211.994592,19959,17,1
1,NewOrder,1771507211.995032,15338,14,1
2,Payment,1771507211.995085,18425,19,1
1,NewOrder,1771507211.995156,25225,10,1
1,NewOrder,1771507211.995175,21724,3,1
1,NewOrder,1771507211.995216,15065,1,1
2,Payment,1771507211.995606,25925,21,1
1,NewOrder,1771507211.998454,12685,15,1
1,NewOrder,1771507211.999551,16471,13,1
2,Payment,1771507212.000932,5412,5,1
1,NewOrder,1771507212.001760,35688,23,1
1,NewOrder,1771507212.002195,18698,18,1
1,NewOrder,1771507212.002372,27283,11,1
2,Payment,1771507212.002374,10205,4,1
5,StockLevel,1771507212.004697,13145,20,1
2,Payment,1771507212.005161,8863,12,1
2,Payment,1771507212.005656,24060,9,1
1,NewOrder,1771507212.006370,14556,5,1
2,Payment,1771507212.008518,21091,22,1
1,NewOrder,1771507212.009731,33248,7,1
2,Payment,1771507212.010296,21583,1,1
2,Payment,1771507212.010300,11111,0,1
2,Payment,1771507212.010345,9090,16,1
1,NewOrder,1771507212.010381,18655,14,1
2,Payment,1771507212.011155,13145,15,1
1,NewOrder,1771507212.012595,17148,4,1
1,NewOrder,1771507212.013515,19621,19,1
2,Payment,1771507212.014050,16603,12,1
1,NewOrder,1771507212.014557,10904,17,1
1,NewOrder,1771507212.014627,11494,6,1
1,NewOrder,1771507212.015614,27715,2,1
1,NewOrder,1771507212.016037,31047,13,1
1,NewOrder,1771507212.016925,28917,3,1
2,Payment,1771507212.017855,18318,20,1
1,NewOrder,1771507212.019460,34971,16,1
2,Payment,1771507212.020386,17096,10,1
2,Payment,1771507212.020898,23878,18,1
2,Payment,1771507212.020952,21537,5,1
1,NewOrder,1771507212.020961,23171,8,1
2,Payment,1771507212.021418,28563,0,1
5,StockLevel,1771507212.021547,16807,21,1
1,NewOrder,1771507212.024315,18671,15,1
1,NewOrder,1771507212.025481,5195,17,1
1,NewOrder,1771507212.026147,15915,6,1
2,Payment,1771507212.029053,8407,14,1
5,StockLevel,1771507212.029634,21476,22,1
1,NewOrder,1771507212.029669,24102,11,1
1,NewOrder,1771507212.029742,34441,9,1
3,OrderStatus,1771507212.029756,4150,4,1
1,NewOrder,1771507212.030668,19772,12,1
1,NewOrder,1771507212.030685,18166,17,1
3,OrderStatus,1771507212.031894,6814,1,1
1,NewOrder,1771507212.033142,22116,19,1
1,NewOrder,1771507212.033922,27171,4,1
1,NewOrder,1771507212.036194,43195,20,1
2,Payment,1771507212.037464,17003,23,1
1,NewOrder,1771507212.037478,19855,14,1
2,Payment,1771507212.037508,7305,10,1
1,NewOrder,1771507212.038366,19442,21,1
1,NewOrder,1771507212.038732,28434,1,1
5,StockLevel,1771507212.042087,11915,6,1
2,Payment,1771507212.042500,16161,5,1
1,NewOrder,1771507212.043001,17290,7,1
2,Payment,1771507212.043012,5449,15,1
1,NewOrder,1771507212.043344,15277,2,1
1,NewOrder,1771507212.044158,15685,8,1
2,Payment,1771507212.044784,16782,18,1
1,NewOrder,1771507212.044836,25589,10,1
1,NewOrder,1771507212.045868,11407,3,1
4,Delivery,1771507212.047092,12326,13,1
1,NewOrder,1771507212.048466,22852,15,1
2,Payment,1771507212.048867,7640,17,1
1,NewOrder,1771507212.050007,24614,0,1
1,NewOrder,1771507212.050461,24076,12,1
2,Payment,1771507212.051127,18400,22,1
2,Payment,1771507212.053786,13388,11,1
2,Payment,1771507212.054017,19884,6,1
1,NewOrder,1771507212.054452,27030,16,1
2,Payment,1771507212.054484,20097,23,1
2,Payment,1771507212.055267,27131,19,1
1,NewOrder,1771507212.056513,21995,17,1
5,StockLevel,1771507212.057301,20142,3,1
5,StockLevel,1771507212.057347,17138,14,1
1,NewOrder,1771507212.057826,19368,21,1
1,NewOrder,1771507212.058629,30859,2,1
4,Delivery,1771507212.058674,43850,5,1
1,NewOrder,1771507212.059436,7853,13,1
1,NewOrder,1771507212.059858,6250,8,1
1,NewOrder,1771507212.060306,7545,7,1
4,Delivery,1771507212.061100,41674,4,1
3,OrderStatus,1771507212.061571,7981,18,1
5,StockLevel,1771507212.064208,13614,9,1
2,Payment,1771507212.066124,13390,8,1
2,Payment,1771507212.067183,3215,1,1
1,NewOrder,1771507212.067201,22899,11,1
1,NewOrder,1771507212.067315,11695,13,1
2,Payment,1771507212.067869,18340,7,1
2,Payment,1771507212.069539,22763,22,1
1,NewOrder,1771507212.069562,32580,18,1
2,Payment,1771507212.070414,6289,1,1
5,StockLevel,1771507212.070442,13601,10,1
1,NewOrder,1771507212.071325,35893,15,1
1,NewOrder,1771507212.073915,35558,6,1
1,NewOrder,1771507212.074513,16651,14,1
5,StockLevel,1771507212.074550,13623,12,1
1,NewOrder,1771507212.074607,22540,23,1
1,NewOrder,1771507212.074630,25336,0,1
4,Delivery,1771507212.076717,26221,1,1
2,Payment,1771507212.077220,24923,21,1
5,StockLevel,1771507212.077468,6995,3,1
1,NewOrder,1771507212.077847,18869,9,1
2,Payment,1771507212.078524,4165,17,1
2,Payment,1771507212.079028,8858,13,1
2,Payment,1771507212.079397,36542,20,1
1,NewOrder,1771507212.079539,17121,8,1
1,NewOrder,1771507212.081497,18866,16,1
1,NewOrder,1771507212.082407,24859,19,1
1,NewOrder,1771507212.082694,25094,17,1
1,NewOrder,1771507212.084060,12695,10,1
2,Payment,1771507212.084480,4124,3,1
2,Payment,1771507212.086234,6178,7,1
2,Payment,1771507212.087902,5097,13,1
1,NewOrder,1771507212.088188,18397,12,1
2,Payment,1771507212.088616,3152,3,1
1,NewOrder,1771507212.089497,14108,2,1
1,NewOrder,1771507212.090117,20702,11,1
1,NewOrder,1771507212.091178,11446,14,1
2,Payment,1771507212.091785,4258,3,1
2,Payment,1771507212.092316,30621,22,1
1,NewOrder,1771507212.092427,39213,7,1
1,NewOrder,1771507212.093035,17818,13,1
2,Payment,1771507212.096056,4421,3,1
1,NewOrder,1771507212.096676,46896,8,1
2,Payment,1771507212.096742,4082,9,1
1,NewOrder,1771507212.096781,25356,10,1
2,Payment,1771507212.097159,27798,23,1
1,NewOrder,1771507212.099980,11251,0,1
1,NewOrder,1771507212.100380,9791,16,1
1,NewOrder,1771507212.100497,19866,3,1
2,Payment,1771507212.100835,4804,9,1
1,NewOrder,1771507212.102154,9037,18,1
2,Payment,1771507212.102160,25389,21,1
1,NewOrder,1771507212.102538,32064,5,1
1,NewOrder,1771507212.102636,9860,14,1
1,NewOrder,1771507212.102783,18528,4,1
2,Payment,1771507212.102955,7292,1,1
1,NewOrder,1771507212.103625,26323,2,1
1,NewOrder,1771507212.105656,16029,9,1
1,NewOrder,1771507212.106601,25555,12,1
1,NewOrder,1771507212.107230,24366,15,1
1,NewOrder,1771507212.107274,21014,19,1
1,NewOrder,1771507212.107799,24864,17,1
2,Payment,1771507212.109499,10847,6,1
1,NewOrder,1771507212.110187,6685,16,1
1,NewOrder,1771507212.110261,7084,1,1
2,Payment,1771507212.110833,15247,11,1
2,Payment,1771507212.110862,8842,13,1
2,Payment,1771507212.111196,19993,18,1
2,Payment,1771507212.111238,9186,0,1
1,NewOrder,1771507212.112511,8426,14,1
1,NewOrder,1771507212.115948,20728,20,1
1,NewOrder,1771507212.116897,7689,16,1
1,NewOrder,1771507212.117361,5183,1,1
1,NewOrder,1771507212.119712,19220,13,1
2,Payment,1771507212.120371,11282,6,1
2,Payment,1771507212.120383,7971,3,1
1,NewOrder,1771507212.120432,12717,0,1
1,NewOrder,1771507212.120952,7784,14,1
2,Payment,1771507212.121317,10235,4,1
1,NewOrder,1771507212.121699,6945,9,1
2,Payment,1771507212.122150,16380,10,1
2,Payment,1771507212.122563,14171,1,1
2,Payment,1771507212.122945,14495,22,1
1,NewOrder,1771507212.124604,11842,16,1
2,Payment,1771507212.124976,18706,23,1
2,Payment,1771507212.126093,21097,11,1
2,Payment,1771507212.127574,21119,21,1
5,StockLevel,1771507212.128297,9193,19,1
2,Payment,1771507212.128369,15205,3,1
1,NewOrder,1771507212.128661,25463,9,1
1,NewOrder,1771507212.128762,29265,14,1
2,Payment,1771507212.129960,20651,2,1
2,Payment,1771507212.131203,20907,18,1
2,Payment,1771507212.131583,24647,4,1
1,NewOrder,1771507212.131605,19864,15,1
1,NewOrder,1771507212.131656,17848,7,1
5,StockLevel,1771507212.131679,17935,6,1
2,Payment,1771507212.132168,11317,12,1
4,Delivery,1771507212.132670,15003,17,1
2,Payment,1771507212.133153,28414,0,1
1,NewOrder,1771507212.134616,9016,5,1
1,NewOrder,1771507212.136471,18477,16,1
2,Payment,1771507212.136683,19636,20,1
2,Payment,1771507212.136749,31494,1,1
1,NewOrder,1771507212.137457,31371,22,1
1,NewOrder,1771507212.137497,5420,19,1
2,Payment,1771507212.138556,13908,10,1
2,Payment,1771507212.138947,11265,13,1
1,NewOrder,1771507212.142924,6244,19,1
1,NewOrder,1771507212.143501,27910,12,1
2,Payment,1771507212.143589,12700,8,1
1,NewOrder,1771507212.143593,27340,3,1
2,Payment,1771507212.143650,32402,5,1
4,Delivery,1771507212.143708,35251,23,1
2,Payment,1771507212.147205,13964,11,1
3,OrderStatus,1771507212.147688,2962,17,1
4,Delivery,1771507212.148709,30717,21,1
1,NewOrder,1771507212.149175,10975,19,1
3,OrderStatus,1771507212.149517,4124,7,1
2,Payment,1771507212.149633,18600,6,1
2,Payment,1771507212.150225,5596,13,1
1,NewOrder,1771507212.150626,23141,2,1
2,Payment,1771507212.150667,8144,17,1
2,Payment,1771507212.151476,13613,15,1
1,NewOrder,1771507212.152117,25228,18,1
2,Payment,1771507212.152481,22513,10,1
1,NewOrder,1771507212.153657,38796,7,1
1,NewOrder,1771507212.154150,19867,9,1
1,NewOrder,1771507212.154969,33741,16,1
1,NewOrder,1771507212.155829,17853,13,1
1,NewOrder,1771507212.156235,17113,4,1
2,Payment,1771507212.156304,24826,8,1
5,StockLevel,1771507212.156334,20905,20,1
2,Payment,1771507212.158043,18061,14,1
1,NewOrder,1771507212.158830,13721,17,1
2,Payment,1771507212.160169,3842,19,1
2,Payment,1771507212.161181,23411,11,1
1,NewOrder,1771507212.161576,19164,0,1
1,NewOrder,1771507212.164028,13992,19,1
1,NewOrder,1771507212.165098,33421,15,1
2,Payment,1771507212.168260,9848,6,1
1,NewOrder,1771507212.168270,23789,1,1
1,NewOrder,1771507212.168853,31205,22,1
2,Payment,1771507212.170958,13665,3,1
2,Payment,1771507212.171437,12254,12,1
1,NewOrder,1771507212.172560,19549,17,1
2,Payment,1771507212.173363,18005,4,1
1,NewOrder,1771507212.173698,4850,13,1
1,NewOrder,1771507212.173793,10639,2,1
2,Payment,1771507212.174034,15025,9,1
5,StockLevel,1771507212.175009,17856,10,1
2,Payment,1771507212.176060,23912,5,1
2,Payment,1771507212.176119,13742,14,1
5,StockLevel,1771507212.177255,16353,20,1
2,Payment,1771507212.177352,7191,18,1
1,NewOrder,1771507212.178032,22009,19,1
2,Payment,1771507212.178123,20228,6,1
1,NewOrder,1771507212.178566,11630,13,1
2,Payment,1771507212.178973,12631,23,1
1,NewOrder,1771507212.179444,20224,21,1
2,Payment,1771507212.180748,24635,0,1
1,NewOrder,1771507212.181144,29743,8,1
1,NewOrder,1771507212.183717,16292,12,1
1,NewOrder,1771507212.184458,16663,2,1
2,Payment,1771507212.184552,16178,18,1
1,NewOrder,1771507212.184605,29049,11,1
2,Payment,1771507212.184630,25416,3,1
3,OrderStatus,1771507212.188726,5341,16,1
1,NewOrder,1771507212.189071,24235,9,1
2,Payment,1771507212.189887,4623,14,1
1,NewOrder,1771507212.190208,26472,13,1
1,NewOrder,1771507212.191387,12610,4,1
1,NewOrder,1771507212.191617,32524,23,1
3,OrderStatus,1771507212.192074,6572,1,1
2,Payment,1771507212.192121,7954,17,1
2,Payment,1771507212.192472,12443,7,1
2,Payment,1771507212.192881,17147,10,1
4,Delivery,1771507212.193620,11258,20,1
5,StockLevel,1771507212.194093,16337,16,1
2,Payment,1771507212.194524,8687,14,1
1,NewOrder,1771507212.198363,26276,6,1
1,NewOrder,1771507212.198545,25662,15,1
4,Delivery,1771507212.198672,26559,1,1
2,Payment,1771507212.199684,17691,21,1
2,Payment,1771507212.199981,17439,5,1
1,NewOrder,1771507212.200021,23307,12,1
2,Payment,1771507212.200058,10031,19,1
1,NewOrder,1771507212.200071,36107,22,1
2,Payment,1771507212.200084,9300,17,1
2,Payment,1771507212.200743,4587,18,1
4,Delivery,1771507212.201132,25497,2,1
2,Payment,1771507212.203229,10402,14,1
1,NewOrder,1771507212.204013,39038,4,1
1,NewOrder,1771507212.204887,12963,20,1
2,Payment,1771507212.204940,13759,7,1
1,NewOrder,1771507212.205345,49919,18,1
2,Payment,1771507212.205391,19291,0,1
1,NewOrder,1771507212.209391,45121,17,1
1,NewOrder,1771507212.210046,43903,10,1
1,NewOrder,1771507212.210054,27284,3,1
1,NewOrder,1771507212.210114,41732,19,1
1,NewOrder,1771507212.210445,15275,16,1
1,NewOrder,1771507212.210902,13658,8,1
3,OrderStatus,1771507212.213321,5603,9,1
3,OrderStatus,1771507212.213648,4803,14,1
1,NewOrder,1771507212.213667,42852,11,1
1,NewOrder,1771507212.216695,9435,13,1
2,Payment,1771507212.217393,7905,21,1
2,Payment,1771507212.217429,23640,5,1
1,NewOrder,1771507212.217864,39129,20,1
1,NewOrder,1771507212.218469,38496,14,1
4,Delivery,1771507212.218729,32447,7,1
1,NewOrder,1771507212.218939,9319,9,1
1,NewOrder,1771507212.223342,44364,12,1
2,Payment,1771507212.224157,18875,23,1
1,NewOrder,1771507212.224233,20521,15,1
2,Payment,1771507212.224587,26233,8,1
2,Payment,1771507212.224658,17459,6,1
1,NewOrder,1771507212.224696,31716,0,1
1,NewOrder,1771507212.225246,23237,1,1
1,NewOrder,1771507212.225311,29159,21,1
2,Payment,1771507212.225734,1924,16,1
3,OrderStatus,1771507212.226141,1362,13,1
1,NewOrder,1771507212.226642,35656,2,1
1,NewOrder,1771507212.227518,17258,13,1
2,Payment,1771507212.227672,10062,16,1
2,Payment,1771507212.228269,28745,9,1
1,NewOrder,1771507212.236192,8198,22,1
1,NewOrder,1771507212.237345,11700,3,1
2,Payment,1771507212.237740,4331,16,1
2,Payment,1771507212.241078,11107,5,1
2,Payment,1771507212.242076,12733,16,1
1,NewOrder,1771507212.242138,28160,6,1
1,NewOrder,1771507212.243052,37779,23,1
1,NewOrder,1771507212.243059,21477,4,1
1,NewOrder,1771507212.244395,7460,22,1
1,NewOrder,1771507212.244771,6386,15,1
2,Payment,1771507212.244797,15684,13,1
2,Payment,1771507212.248502,7226,1,1
1,NewOrder,1771507212.249065,18111,3,1
1,NewOrder,1771507212.250833,21914,8,1
2,Payment,1771507212.251167,12513,15,1
2,Payment,1771507212.251199,7965,7,1
2,Payment,1771507212.251860,15387,19,1
2,Payment,1771507212.251863,3792,22,1
1,NewOrder,1771507212.252189,7477,5,1
5,StockLevel,1771507212.253964,3558,10,1
2,Payment,1771507212.254503,19254,21,1
1,NewOrder,1771507212.254532,34538,17,1
2,Payment,1771507212.254824,12844,16,1
5,StockLevel,1771507212.255272,19762,18,1
1,NewOrder,1771507212.255660,33338,22,1
2,Payment,1771507212.255742,10918,1,1
2,Payment,1771507212.256419,15922,0,1
4,Delivery,1771507212.256532,36000,11,1
1,NewOrder,1771507212.256992,29369,14,1
1,NewOrder,1771507212.257011,24202,20,1
1,NewOrder,1771507212.257043,19180,9,1
1,NewOrder,1771507212.257546,15251,10,1
2,Payment,1771507212.259179,2508,7,1
1,NewOrder,1771507212.259677,16240,5,1
2,Payment,1771507212.260497,13816,13,1
1,NewOrder,1771507212.261700,24629,7,1
1,NewOrder,1771507212.262325,31710,2,1
2,Payment,1771507212.263696,16510,15,1
2,Payment,1771507212.264545,14372,4,1
2,Payment,1771507212.266676,16602,1,1
1,NewOrder,1771507212.267185,15575,3,1
4,Delivery,1771507212.267252,18305,19,1
1,NewOrder,1771507212.267673,31558,16,1
2,Payment,1771507212.267719,22449,12,1
1,NewOrder,1771507212.270324,16356,6,1
1,NewOrder,1771507212.272349,14381,0,1
2,Payment,1771507212.272765,6597,8,1
2,Payment,1771507212.272824,13880,10,1
2,Payment,1771507212.273781,6485,21,1
3,OrderStatus,1771507212.274340,7635,13,1
1,NewOrder,1771507212.275043,13468,18,1
2,Payment,1771507212.275923,13089,5,1
1,NewOrder,1771507212.276241,18711,9,1
2,Payment,1771507212.278937,15548,4,1
1,NewOrder,1771507212.279377,23330,8,1
1,NewOrder,1771507212.280220,30708,15,1
2,Payment,1771507212.280284,7714,21,1
2,Payment,1771507212.280849,13668,23,1
2,Payment,1771507212.281224,18081,20,1
5,StockLevel,1771507212.281997,18912,13,1
1,NewOrder,1771507212.282769,9326,3,1
1,NewOrder,1771507212.283295,24964,1,1
2,Payment,1771507212.285566,18445,19,1
5,StockLevel,1771507212.286334,20195,7,1
3,OrderStatus,1771507212.286387,6566,14,1
4,Delivery,1771507212.286694,6361,6,1
4,Delivery,1771507212.286716,6507,10,1
2,Payment,1771507212.286746,12510,0,1
2,Payment,1771507212.288024,19546,21,1
1,NewOrder,1771507212.288520,33914,18,1
1,NewOrder,1771507212.289027,18039,5,1
3,OrderStatus,1771507212.289045,1240,22,1
3,OrderStatus,1771507212.289081,4924,17,1
1,NewOrder,1771507212.290184,18465,12,1
2,Payment,1771507212.290302,37987,22,1
1,NewOrder,1771507212.292100,25780,3,1
2,Payment,1771507212.292549,6197,11,1
1,NewOrder,1771507212.292969,12482,14,1
2,Payment,1771507212.293073,11870,6,1
1,NewOrder,1771507212.293244,21134,10,1
1,NewOrder,1771507212.294018,20355,17,1
1,NewOrder,1771507212.294063,13475,2,1
2,Payment,1771507212.294500,10072,4,1
2,Payment,1771507212.294543,22024,23,1
2,Payment,1771507212.294965,17810,9,1
1,NewOrder,1771507212.298755,29067,11,1
2,Payment,1771507212.299248,5751,16,1
1,NewOrder,1771507212.299264,12115,0,1
2,Payment,1771507212.299321,23665,20,1
2,Payment,1771507212.300929,12866,13,1
5,StockLevel,1771507212.302723,6260,8,1
1,NewOrder,1771507212.304020,7846,19,1
2,Payment,1771507212.304591,4114,4,1
2,Payment,1771507212.304963,13603,6,1
1,NewOrder,1771507212.305012,24375,16,1
1,NewOrder,1771507212.305461,14977,14,1
1,NewOrder,1771507212.306538,25783,7,1
1,NewOrder,1771507212.307071,32811,5,1
2,Payment,1771507212.307565,10909,2,1
2,Payment,1771507212.307585,25800,21,1
1,NewOrder,1771507212.308284,20103,1,1
2,Payment,1771507212.308661,8281,12,1
4,Delivery,1771507212.308720,47863,4,1
1,NewOrder,1771507212.308997,7909,8,1
2,Payment,1771507212.310943,8721,15,1
2,Payment,1771507212.311390,13364,0,1
2,Payment,1771507212.311881,13235,19,1
2,Payment,1771507212.312790,11587,9,1
2,Payment,1771507212.313810,9325,13,1
2,Payment,1771507212.314387,14316,10,1
1,NewOrder,1771507212.314400,6668,17,1
1,NewOrder,1771507212.316583,21185,23,1
1,NewOrder,1771507212.316926,6239,8,1
2,Payment,1771507212.316955,11481,12,1
2,Payment,1771507212.317907,12466,3,1
2,Payment,1771507212.318485,17058,2,1
2,Payment,1771507212.318580,15700,6,1
3,OrderStatus,1771507212.319679,3101,15,1
1,NewOrder,1771507212.320471,22587,14,1
1,NewOrder,1771507212.321101,29207,17,1
1,NewOrder,1771507212.322443,17885,18,1
2,Payment,1771507212.322805,19983,15,1
1,NewOrder,1771507212.323001,20452,20,1
2,Payment,1771507212.323161,11064,13,1
2,Payment,1771507212.323190,14593,8,1
1,NewOrder,1771507212.324391,27478,9,1
3,OrderStatus,1771507212.324762,6700,0,1
1,NewOrder,1771507212.325141,7541,19,1
2,Payment,1771507212.327831,22994,11,1
4,Delivery,1771507212.328295,38426,22,1
1,NewOrder,1771507212.328408,25885,1,1
5,StockLevel,1771507212.328462,22453,12,1
1,NewOrder,1771507212.328726,23779,10,1
1,NewOrder,1771507212.329394,14960,16,1
5,StockLevel,1771507212.330398,11319,3,1
1,NewOrder,1771507212.331469,12541,0,1
2,Payment,1771507212.332346,25567,7,1
2,Payment,1771507212.332697,4433,19,1
2,Payment,1771507212.333411,11317,21,1
1,NewOrder,1771507212.334241,24097,13,1
2,Payment,1771507212.334306,31208,6,1
2,Payment,1771507212.335571,4753,2,1
1,NewOrder,1771507212.337152,13650,19,1
2,Payment,1771507212.337792,9244,23,1
1,NewOrder,1771507212.337803,12398,8,1
2,Payment,1771507212.339892,9665,5,1
1,NewOrder,1771507212.340333,26368,18,1
2,Payment,1771507212.340350,13411,2,1
4,Delivery,1771507212.341724,15395,3,1
2,Payment,1771507212.342814,7455,15,1
2,Payment,1771507212.343084,12737,14,1
2,Payment,1771507212.343466,6862,20,1
2,Payment,1771507212.344018,18374,0,1
2,Payment,1771507212.344360,15624,16,1
1,NewOrder,1771507212.344753,16003,21,1
1,NewOrder,1771507212.347054,9267,23,1
3,OrderStatus,1771507212.349567,5242,5,1
2,Payment,1771507212.350220,26386,8,1
1,NewOrder,1771507212.350286,12650,15,1
1,NewOrder,1771507212.350334,26060,17,1
1,NewOrder,1771507212.350355,12633,20,1
5,StockLevel,1771507212.350819,12321,19,1
2,Payment,1771507212.350834,21157,11,1
2,Payment,1771507212.350931,15303,12,1
4,Delivery,1771507212.351895,21379,9,1
3,OrderStatus,1771507212.352518,4385,10,1
1,NewOrder,1771507212.353779,18668,2,1
2,Payment,1771507212.354306,13653,1,1
1,NewOrder,1771507212.354818,16042,5,1
2,Payment,1771507212.355837,15082,14,1
2,Payment,1771507212.356347,4382,23,1
1,NewOrder,1771507212.356592,25940,4,1
1,NewOrder,1771507212.356918,13672,10,1
1,NewOrder,1771507212.357139,16917,3,1
3,OrderStatus,1771507212.357931,10427,7,1
2,Payment,1771507212.358364,18162,13,1
1,NewOrder,1771507212.359998,22980,16,1
2,Payment,1771507212.360748,3458,23,1
1,NewOrder,1771507212.360774,8563,21,1
2,Payment,1771507212.362407,9034,0,1
2,Payment,1771507212.362952,18338,15,1
2,Payment,1771507212.363012,8559,20,1
2,Payment,1771507212.363156,4262,19,1
5,StockLevel,1771507212.364231,8614,23,1
1,NewOrder,1771507212.365529,13821,6,1
2,Payment,1771507212.366248,18935,12,1
2,Payment,1771507212.366720,13806,18,1
2,Payment,1771507212.366736,8454,22,1
2,Payment,1771507212.367428,15523,19,1
2,Payment,1771507212.367984,8442,1,1
2,Payment,1771507212.368365,12056,7,1
2,Payment,1771507212.369363,16265,21,1
2,Payment,1771507212.370615,13862,10,1
2,Payment,1771507212.370866,11186,5,1
1,NewOrder,1771507212.370936,14748,14,1
1,NewOrder,1771507212.371455,21290,0,1
2,Payment,1771507212.371597,20057,20,1
2,Payment,1771507212.372005,16390,11,1
1,NewOrder,1771507212.372465,7432,2,1
1,NewOrder,1771507212.372871,7678,23,1
2,Payment,1771507212.373281,24649,9,1
1,NewOrder,1771507212.374060,9972,3,1
1,NewOrder,1771507212.375216,22662,22,1
2,Payment,1771507212.376409,26831,17,1
1,NewOrder,1771507212.376443,23401,1,1
2,Payment,1771507212.376552,12364,13,1
2,Payment,1771507212.376632,28543,8,1
1,NewOrder,1771507212.379377,15653,6,1
2,Payment,1771507212.379918,5736,2,1
2,Payment,1771507212.380429,31086,7,1
1,NewOrder,1771507212.380544,13719,18,1
2,Payment,1771507212.380564,16205,23,1
1,NewOrder,1771507212.381301,12939,15,1
1,NewOrder,1771507212.382060,21839,5,1
2,Payment,1771507212.382545,15364,4,1
2,Payment,1771507212.382976,20595,19,1
2,Payment,1771507212.382986,14060,16,1
1,NewOrder,1771507212.384036,9499,3,1
2,Payment,1771507212.384503,34551,10,1
4,Delivery,1771507212.385199,7576,12,1
2,Payment,1771507212.385653,22264,21,1
1,NewOrder,1771507212.385671,14581,2,1
3,OrderStatus,1771507212.385710,5656,14,1
1,NewOrder,1771507212.388412,11936,11,1
1,NewOrder,1771507212.388938,16190,13,1
1,NewOrder,1771507212.391383,15801,14,1
2,Payment,1771507212.391664,23585,20,1
2,Payment,1771507212.392765,11608,0,1
2,Payment,1771507212.392790,15717,12,1
2,Payment,1771507212.393544,14336,3,1
2,Payment,1771507212.394254,18178,15,1
2,Payment,1771507212.394270,26877,18,1
1,NewOrder,1771507212.395056,7685,6,1
1,NewOrder,1771507212.396795,13202,23,1
1,NewOrder,1771507212.397058,10391,16,1
1,NewOrder,1771507212.397902,16399,22,1
1,NewOrder,1771507212.397936,14078,4,1
1,NewOrder,1771507212.397940,17256,9,1
2,Payment,1771507212.399870,15152,1,1
2,Payment,1771507212.400270,21238,2,1
1,NewOrder,1771507212.400356,19701,11,1
1,NewOrder,1771507212.402767,16940,6,1
2,Payment,1771507212.403266,15076,17,1
1,NewOrder,1771507212.403589,20365,19,1
2,Payment,1771507212.403925,25046,5,1
2,Payment,1771507212.404381,32976,0,1
1,NewOrder,1771507212.405145,24573,13,1
2,Payment,1771507212.405201,18251,8,1
1,NewOrder,1771507212.407210,17366,14,1
1,NewOrder,1771507212.407457,10507,16,1
2,Payment,1771507212.407893,34993,3,1
2,Payment,1771507212.407943,20545,21,1
1,NewOrder,1771507212.408525,20754,12,1
1,NewOrder,1771507212.410021,20052,23,1
1,NewOrder,1771507212.411541,14210,7,1
1,NewOrder,1771507212.412039,18352,4,1
3,OrderStatus,1771507212.412457,5764,15,1
1,NewOrder,1771507212.414319,20821,22,1
5,StockLevel,1771507212.415041,25714,1,1
4,Delivery,1771507212.415214,26739,9,1
1,NewOrder,1771507212.415275,35915,20,1
2,Payment,1771507212.417980,4961,16,1
1,NewOrder,1771507212.418238,11394,15,1
1,NewOrder,1771507212.418358,32900,17,1
4,Delivery,1771507212.419080,23489,10,1
2,Payment,1771507212.419720,12494,6,1
1,NewOrder,1771507212.420065,9598,11,1
2,Payment,1771507212.421172,14871,18,1
2,Payment,1771507212.421520,26797,2,1
2,Payment,1771507212.422956,5966,16,1
1,NewOrder,1771507212.423474,19849,8,1
2,Payment,1771507212.423979,16940,19,1
1,NewOrder,1771507212.424591,13311,14,1
4,Delivery,1771507212.425769,16714,7,1
1,NewOrder,1771507212.428515,16839,21,1
2,Payment,1771507212.428937,6676,16,1
1,NewOrder,1771507212.428980,29783,5,1
2,Payment,1771507212.429305,21246,12,1
2,Payment,1771507212.429658,9053,15,1
1,NewOrder,1771507212.429674,6327,11,1
2,Payment,1771507212.429743,14194,13,1
1,NewOrder,1771507212.430086,5483,23,1
1,NewOrder,1771507212.430415,5165,4,1
1,NewOrder,1771507212.432223,26799,6,1
2,Payment,1771507212.435166,11884,22,1
2,Payment,1771507212.435584,15633,23,1
1,NewOrder,1771507212.435590,17679,4,1
3,OrderStatus,1771507212.435638,5507,16,1
2,Payment,1771507212.436007,6046,11,1
1,NewOrder,1771507212.436059,36486,18,1
1,NewOrder,1771507212.437365,18797,0,1
1,NewOrder,1771507212.437907,13229,14,1
1,NewOrder,1771507212.438731,12481,15,1
2,Payment,1771507212.440782,11612,1,1
1,NewOrder,1771507212.440938,32441,19,1
2,Payment,1771507212.441156,17790,16,1
3,OrderStatus,1771507212.441970,8905,9,1
2,Payment,1771507212.442079,9096,11,1
1,NewOrder,1771507212.442498,11557,7,1
1,NewOrder,1771507212.442591,24693,10,1
1,NewOrder,1771507212.442912,16318,3,1
2,Payment,1771507212.443348,14860,8,1
2,Payment,1771507212.443963,23298,13,1
1,NewOrder,1771507212.445370,16335,21,1
2,Payment,1771507212.447067,11775,22,1
1,NewOrder,1771507212.448338,17282,2,1
1,NewOrder,1771507212.450571,33157,12,1
5,StockLevel,1771507212.450899,23346,9,1
4,Delivery,1771507212.451160,28561,14,1
2,Payment,1771507212.451197,18293,11,1
2,Payment,1771507212.451205,16137,20,1
1,NewOrder,1771507212.451227,15975,23,1
5,StockLevel,1771507212.451237,13473,15,1
2,Payment,1771507212.451274,21765,17,1
4,Delivery,1771507212.452406,12427,1,1
1,NewOrder,1771507212.453277,17455,4,1
2,Payment,1771507212.454060,19998,7,1
2,Payment,1771507212.456178,4091,0,1
4,Delivery,1771507212.458226,25931,8,1
2,Payment,1771507212.458771,5684,5,1
1,NewOrder,1771507212.458858,16749,22,1
2,Payment,1771507212.458972,20744,16,1
1,NewOrder,1771507212.459036,25056,6,1
1,NewOrder,1771507212.459245,28160,3,1
2,Payment,1771507212.460282,6563,0,1
5,StockLevel,1771507212.461722,4751,21,1
1,NewOrder,1771507212.464482,32340,5,1
3,OrderStatus,1771507212.464735,4598,15,1
2,Payment,1771507212.464847,5021,1,1
2,Payment,1771507212.465631,7341,2,1
2,Payment,1771507212.466483,3886,21,1
2,Payment,1771507212.466860,11724,0,1
2,Payment,1771507212.467211,9114,23,1
2,Payment,1771507212.467287,21757,13,1
2,Payment,1771507212.467304,12110,10,1
2,Payment,1771507212.467358,14175,20,1
2,Payment,1771507212.469348,28670,15,1
4,Delivery,1771507212.469504,15065,11,1
1,NewOrder,1771507212.469879,19873,1,1
1,NewOrder,1771507212.470378,17564,21,1
1,NewOrder,1771507212.470744,24638,4,1
2,Payment,1771507212.472554,15958,18,1
1,NewOrder,1771507212.472993,12338,2,1
2,Payment,1771507212.473051,34791,17,1
3,OrderStatus,1771507212.473385,6725,19,1
1,NewOrder,1771507212.474071,19853,7,1
2,Payment,1771507212.474255,9865,9,1
4,Delivery,1771507212.475620,36320,22,1
1,NewOrder,1771507212.476334,12729,23,1
2,Payment,1771507212.478591,5475,0,1
2,Payment,1771507212.479447,11581,10,1
1,NewOrder,1771507212.479731,25712,14,1
1,NewOrder,1771507212.479734,28085,16,1
1,NewOrder,1771507212.480134,17251,19,1
2,Payment,1771507212.481557,11637,20,1
1,NewOrder,1771507212.483742,28090,12,1
1,NewOrder,1771507212.484083,34540,0,1
3,OrderStatus,1771507212.484108,4372,6,1
2,Payment,1771507212.484136,10678,9,1
1,NewOrder,1771507212.484173,25725,8,1
2,Payment,1771507212.484583,15376,11,1
1,NewOrder,1771507212.485347,19130,2,1
3,OrderStatus,1771507212.487418,4622,3,1
1,NewOrder,1771507212.487968,14108,21,1
2,Payment,1771507212.488504,17305,6,1
2,Payment,1771507212.488520,18550,18,1
1,NewOrder,1771507212.489070,18649,13,1
2,Payment,1771507212.489079,8895,23,1
1,NewOrder,1771507212.489775,10673,1,1
2,Payment,1771507212.491053,22478,10,1
2,Payment,1771507212.492059,5387,3,1
1,NewOrder,1771507212.493208,12659,20,1
1,NewOrder,1771507212.493942,14650,7,1
1,NewOrder,1771507212.494824,28279,9,1
1,NewOrder,1771507212.495391,28291,4,1
2,Payment,1771507212.496833,14055,5,1
5,StockLevel,1771507212.497393,20805,19,1
2,Payment,1771507212.497449,11112,3,1
1,NewOrder,1771507212.497978,25670,23,1
1,NewOrder,1771507212.498037,23283,15,1
2,Payment,1771507212.499966,18044,11,1
5,StockLevel,1771507212.500468,5761,1,1
1,NewOrder,1771507212.502101,6737,21,1
2,Payment,1771507212.504493,9015,2,1
2,Payment,1771507212.505452,7470,14,1
5,StockLevel,1771507212.505813,13582,6,1
1,NewOrder,1771507212.505892,17833,20,1
2,Payment,1771507212.506243,10422,1,1
3,OrderStatus,1771507212.507075,6674,18,1
2,Payment,1771507212.507756,18778,13,1
5,StockLevel,1771507212.507844,6334,16,1
2,Payment,1771507212.507868,10781,17,1
2,Payment,1771507212.508576,15108,3,1
2,Payment,1771507212.508618,16334,7,1
1,NewOrder,1771507212.508854,7319,21,1
2,Payment,1771507212.509906,23745,8,1
2,Payment,1771507212.510913,21225,5,1
1,NewOrder,1771507212.511847,21782,12,1
3,OrderStatus,1771507212.511966,3282,22,1
2,Payment,1771507212.512929,15540,14,1
3,OrderStatus,1771507212.513523,3166,2,1
2,Payment,1771507212.513539,27984,10,1
1,NewOrder,1771507212.513753,11774,18,1
2,Payment,1771507212.514203,16848,16,1
3,OrderStatus,1771507212.515275,3342,22,1
1,NewOrder,1771507212.516197,16484,21,1
4,Delivery,1771507212.516690,14732,1,1
1,NewOrder,1771507212.516714,16411,2,1
1,NewOrder,1771507212.518036,16207,11,1
1,NewOrder,1771507212.518206,9053,19,1
1,NewOrder,1771507212.518628,8286,0,1
5,StockLevel,1771507212.518641,18958,22,1
2,Payment,1771507212.518665,15638,17,1
4,Delivery,1771507212.519401,6063,6,1
2,Payment,1771507212.521343,15578,15,1
2,Payment,1771507212.523128,14167,9,1
1,NewOrder,1771507212.523673,23231,23,1
1,NewOrder,1771507212.523690,25093,4,1
1,NewOrder,1771507212.523710,26080,3,1
1,NewOrder,1771507212.523741,25988,20,1
1,NewOrder,1771507212.524970,23806,7,1
2,Payment,1771507212.525472,21240,6,1
1,NewOrder,1771507212.525544,22567,18,1
1,NewOrder,1771507212.526545,20263,13,1
1,NewOrder,1771507212.526921,7682,0,1
2,Payment,1771507212.527284,1725,19,1
2,Payment,1771507212.528476,11796,14,1
2,Payment,1771507212.529059,2393,19,1
2,Payment,1771507212.531065,12380,16,1
2,Payment,1771507212.531434,3136,1,1
2,Payment,1771507212.531477,2677,19,1
2,Payment,1771507212.532146,5293,5,1
1,NewOrder,1771507212.532706,17071,21,1
2,Payment,1771507212.533137,9480,2,1
1,NewOrder,1771507212.533655,15732,12,1
2,Payment,1771507212.533662,19758,8,1
2,Payment,1771507212.534165,3154,19,1
2,Payment,1771507212.534251,25147,11,1
1,NewOrder,1771507212.534329,12425,17,1
2,Payment,1771507212.534576,17469,1,1
2,Payment,1771507212.534612,12967,0,1
1,NewOrder,1771507212.536938,9743,15,1
2,Payment,1771507212.537315,27023,9,1
2,Payment,1771507212.537345,3404,19,1
2,Payment,1771507212.537447,19375,5,1
1,NewOrder,1771507212.537624,17724,22,1
2,Payment,1771507212.540283,7221,14,1
2,Payment,1771507212.540766,4423,19,1
2,Payment,1771507212.541530,28611,10,1
1,NewOrder,1771507212.542632,36474,2,1
1,NewOrder,1771507212.543470,14579,16,1
2,Payment,1771507212.545214,3252,19,1
1,NewOrder,1771507212.546694,22226,15,1
5,StockLevel,1771507212.546724,14914,6,1
2,Payment,1771507212.546779,6145,17,1
3,OrderStatus,1771507212.546827,5541,13,1
2,Payment,1771507212.546930,6627,23,1
1,NewOrder,1771507212.547514,31905,14,1
2,Payment,1771507212.547603,15368,0,1
2,Payment,1771507212.548118,10424,18,1
2,Payment,1771507212.548478,27842,19,1
2,Payment,1771507212.548790,30697,4,1
1,NewOrder,1771507212.548802,21023,7,1
1,NewOrder,1771507212.549401,10249,12,1
1,NewOrder,1771507212.549755,15600,20,1
2,Payment,1771507212.549791,13161,21,1
3,OrderStatus,1771507212.549799,4627,3,1
1,NewOrder,1771507212.552051,18610,1,1
2,Payment,1771507212.552382,6257,13,1
2,Payment,1771507212.552949,10877,17,1
4,Delivery,1771507212.553446,24378,8,1
1,NewOrder,1771507212.553573,18682,23,1
1,NewOrder,1771507212.554435,13968,3,1
2,Payment,1771507212.555360,12549,22,1
2,Payment,1771507212.556830,29380,5,1
1,NewOrder,1771507212.558065,12584,16,1
1,NewOrder,1771507212.558550,14125,18,1
1,NewOrder,1771507212.558665,33756,13,1
2,Payment,1771507212.559423,18943,11,1
4,Delivery,1771507212.559662,6595,12,1
2,Payment,1771507212.561645,23534,6,1
1,NewOrder,1771507212.562978,15505,21,1
2,Payment,1771507212.562980,28897,0,1
2,Payment,1771507212.563839,12506,17,1
3,OrderStatus,1771507212.564361,9017,9,1
2,Payment,1771507212.565381,15121,20,1
2,Payment,1771507212.566270,14816,12,1
4,Delivery,1771507212.567934,18663,22,1
2,Payment,1771507212.568411,30695,3,1
2,Payment,1771507212.568945,17977,15,1
1,NewOrder,1771507212.569850,8001,7,1
2,Payment,1771507212.570147,18131,10,1
1,NewOrder,1771507212.570671,15433,1,1
1,NewOrder,1771507212.570672,15654,16,1
1,NewOrder,1771507212.572280,5475,23,1
1,NewOrder,1771507212.572686,5196,18,1
2,Payment,1771507212.573396,19225,9,1
1,NewOrder,1771507212.576344,16097,19,1
2,Payment,1771507212.576368,17389,17,1
1,NewOrder,1771507212.577780,20357,23,1
2,Payment,1771507212.577840,29929,8,1
2,Payment,1771507212.577870,20720,7,1
5,StockLevel,1771507212.577908,10490,18,1
1,NewOrder,1771507212.578374,16209,11,1
3,OrderStatus,1771507212.578509,8096,21,1
2,Payment,1771507212.579119,29872,2,1
2,Payment,1771507212.579433,19719,14,1
2,Payment,1771507212.579495,34499,4,1
2,Payment,1771507212.580512,6500,20,1
2,Payment,1771507212.581110,26611,12,1
1,NewOrder,1771507212.585186,14212,6,1
2,Payment,1771507212.586129,34261,1,1
1,NewOrder,1771507212.586216,21380,5,1
1,NewOrder,1771507212.586351,12321,16,1
1,NewOrder,1771507212.586618,12030,22,1
1,NewOrder,1771507212.586629,10932,21,1
1,NewOrder,1771507212.586958,17928,15,1
2,Payment,1771507212.587038,5445,20,1
1,NewOrder,1771507212.588293,6802,10,1
2,Payment,1771507212.588405,10285,18,1
2,Payment,1771507212.591883,36096,0,1
2,Payment,1771507212.592445,22204,13,1
1,NewOrder,1771507212.592459,15315,19,1
4,Delivery,1771507212.592509,15559,20,1
1,NewOrder,1771507212.592645,15104,9,1
1,NewOrder,1771507212.593784,11807,17,1
1,NewOrder,1771507212.594597,14954,11,1
1,NewOrder,1771507212.595121,24813,10,1
1,NewOrder,1771507212.597580,20326,21,1
4,Delivery,1771507212.598150,10315,23,1
1,NewOrder,1771507212.598607,16957,7,1
1,NewOrder,1771507212.598673,24079,22,1
1,NewOrder,1771507212.598695,22136,16,1
2,Payment,1771507212.598703,8938,18,1
2,Payment,1771507212.599114,33763,3,1
1,NewOrder,1771507212.599163,21246,14,1
2,Payment,1771507212.599424,11349,6,1
2,Payment,1771507212.604911,17028,15,1
2,Payment,1771507212.605615,22339,17,1
2,Payment,1771507212.607604,32815,5,1
1,NewOrder,1771507212.607653,22869,18,1
1,NewOrder,1771507212.607747,20720,12,1
2,Payment,1771507212.607775,13122,9,1
2,Payment,1771507212.607786,7307,8,1
1,NewOrder,1771507212.607800,25028,19,1
1,NewOrder,1771507212.608083,14314,20,1
2,Payment,1771507212.608483,6310,23,1
2,Payment,1771507212.609012,45922,2,1
1,NewOrder,1771507212.609564,9058,11,1
1,NewOrder,1771507212.610799,10060,6,1
2,Payment,1771507212.614010,34465,4,1
1,NewOrder,1771507212.614663,21786,13,1
1,NewOrder,1771507212.614820,23830,23,1
2,Payment,1771507212.615115,12739,8,1
1,NewOrder,1771507212.615589,18890,7,1
2,Payment,1771507212.617930,2429,21,1
1,NewOrder,1771507212.618648,4697,11,1
2,Payment,1771507212.619942,12593,10,1
1,NewOrder,1771507212.620374,6955,21,1
2,Payment,1771507212.620410,39336,1,1
1,NewOrder,1771507212.620416,20528,14,1
1,NewOrder,1771507212.620842,7654,16,1
1,NewOrder,1771507212.620885,3984,6,1
1,NewOrder,1771507212.620923,15908,9,1
1,NewOrder,1771507212.621964,22529,15,1
5,StockLevel,1771507212.622422,15793,20,1
4,Delivery,1771507212.622767,32039,22,1
2,Payment,1771507212.623369,13866,11,1
4,Delivery,1771507212.624878,3116,6,1
1,NewOrder,1771507212.627343,14898,21,1
2,Payment,1771507212.627865,13123,8,1
1,NewOrder,1771507212.627979,13911,17,1
4,Delivery,1771507212.627987,5568,0,1
2,Payment,1771507212.628032,7165,6,1
2,Payment,1771507212.628494,5537,12,1
2,Payment,1771507212.628522,8287,16,1
1,NewOrder,1771507212.630529,14761,18,1
1,NewOrder,1771507212.632561,20701,10,1
2,Payment,1771507212.632852,5222,19,1
2,Payment,1771507212.632890,33039,3,1
1,NewOrder,1771507212.633566,14420,0,1
2,Payment,1771507212.634057,6935,12,1
2,Payment,1771507212.634505,14378,7,1
2,Payment,1771507212.635217,18595,6,1
1,NewOrder,1771507212.636475,14036,13,1
2,Payment,1771507212.636820,6253,16,1
3,OrderStatus,1771507212.636857,4026,9,1
5,StockLevel,1771507212.637249,6170,11,1
2,Payment,1771507212.638100,5798,19,1
2,Payment,1771507212.638227,9737,20,1
3,OrderStatus,1771507212.638676,6230,23,1
1,NewOrder,1771507212.640426,19474,5,1
1,NewOrder,1771507212.640907,14624,9,1
2,Payment,1771507212.640959,6475,14,1
1,NewOrder,1771507212.641016,18687,8,1
5,StockLevel,1771507212.641041,18616,12,1
2,Payment,1771507212.641915,12005,17,1
1,NewOrder,1771507212.642268,17533,21,1
1,NewOrder,1771507212.643098,6394,16,1
1,NewOrder,1771507212.643436,11758,11,1
2,Payment,1771507212.643923,9904,19,1
2,Payment,1771507212.644506,15348,15,1
2,Payment,1771507212.644931,15030,23,1
2,Payment,1771507212.645297,20563,18,1
1,NewOrder,1771507212.647451,13343,14,1
1,NewOrder,1771507212.647983,13267,20,1
2,Payment,1771507212.647999,25126,0,1
2,Payment,1771507212.648486,29976,4,1
1,NewOrder,1771507212.648898,10515,7,1
2,Payment,1771507212.649508,16453,16,1
1,NewOrder,1771507212.650537,11998,13,1
2,Payment,1771507212.653270,12200,10,1
2,Payment,1771507212.653826,5961,6,1
2,Payment,1771507212.653853,15154,19,1
1,NewOrder,1771507212.653946,27911,17,1
2,Payment,1771507212.654821,18272,22,1
2,Payment,1771507212.654941,30939,2,1
2,Payment,1771507212.655220,17224,11,1
1,NewOrder,1771507212.655556,22215,9,1
1,NewOrder,1771507212.659440,8024,7,1
1,NewOrder,1771507212.659680,20971,12,1
2,Payment,1771507212.659716,17460,8,1
1,NewOrder,1771507212.659762,16820,1,1
4,Delivery,1771507212.659803,13809,6,1
1,NewOrder,1771507212.659813,16190,21,1
2,Payment,1771507212.659867,14235,15,1
1,NewOrder,1771507212.659926,22375,5,1
2,Payment,1771507212.659987,20248,23,1
1,NewOrder,1771507212.660798,5762,14,1
1,NewOrder,1771507212.661276,8182,20,1
2,Payment,1771507212.662551,28843,13,1
1,NewOrder,1771507212.665478,22853,10,1
2,Payment,1771507212.665877,24827,18,1
1,NewOrder,1771507212.665944,14672,3,1
2,Payment,1771507212.665973,14713,16,1
1,NewOrder,1771507212.666570,11152,14,1
1,NewOrder,1771507212.667481,6281,7,1
1,NewOrder,1771507212.669034,33514,19,1
1,NewOrder,1771507212.669483,18351,20,1
2,Payment,1771507212.672457,9943,11,1
1,NewOrder,1771507212.673118,30462,22,1
2,Payment,1771507212.673142,21734,0,1
4,Delivery,1771507212.673620,12947,6,1
1,NewOrder,1771507212.673787,21749,7,1
2,Payment,1771507212.674108,25602,15,1
3,OrderStatus,1771507212.676017,4570,21,1
1,NewOrder,1771507212.676596,9962,1,1
1,NewOrder,1771507212.677203,12179,8,1
1,NewOrder,1771507212.677730,15575,14,1
1,NewOrder,1771507212.677774,36258,9,1
1,NewOrder,1771507212.678467,26491,4,1
1,NewOrder,1771507212.680268,22256,23,1
1,NewOrder,1771507212.680611,10171,21,1
5,StockLevel,1771507212.680627,22583,3,1
2,Payment,1771507212.680669,26255,12,1
1,NewOrder,1771507212.680698,25718,16,1
1,NewOrder,1771507212.681874,9414,17,1
2,Payment,1771507212.682318,20255,5,1
1,NewOrder,1771507212.682426,9711,11,1
1,NewOrder,1771507212.685896,9479,2,1
2,Payment,1771507212.686573,21388,1,1
1,NewOrder,1771507212.686579,26936,6,1
1,NewOrder,1771507212.687859,19092,20,1
1,NewOrder,1771507212.688338,15773,10,1
2,Payment,1771507212.689405,6370,8,1
1,NewOrder,1771507212.690711,5662,18,1
2,Payment,1771507212.690796,10643,21,1
1,NewOrder,1771507212.691314,26716,17,1
2,Payment,1771507212.691420,28297,13,1
3,OrderStatus,1771507212.692162,1388,11,1
2,Payment,1771507212.693319,20292,14,1
2,Payment,1771507212.693568,4058,11,1
1,NewOrder,1771507212.694892,20163,0,1
2,Payment,1771507212.695401,17729,2,1
1,NewOrder,1771507212.695562,27242,7,1
2,Payment,1771507212.695788,6307,8,1
1,NewOrder,1771507212.696398,8734,18,1
1,NewOrder,1771507212.697651,5281,11,1
4,Delivery,1771507212.699719,26179,15,1
1,NewOrder,1771507212.701461,22181,21,1
5,StockLevel,1771507212.702120,12454,8,1
1,NewOrder,1771507212.702546,28150,23,1
2,Payment,1771507212.702569,6794,19,1
1,NewOrder,1771507212.702599,32315,5,1
1,NewOrder,1771507212.702945,10652,11,1
2,Payment,1771507212.703225,18035,3,1
1,NewOrder,1771507212.703596,22659,22,1
1,NewOrder,1771507212.704120,23375,10,1
1,NewOrder,1771507212.704963,30008,4,1
2,Payment,1771507212.705156,9022,18,1
1,NewOrder,1771507212.706442,20451,16,1
2,Payment,1771507212.706948,26597,12,1
5,StockLevel,1771507212.706977,11794,20,1
2,Payment,1771507212.707975,20141,1,1
2,Payment,1771507212.709379,11364,19,1
2,Payment,1771507212.713154,20976,2,1
1,NewOrder,1771507212.713530,23981,6,1
1,NewOrder,1771507212.713623,14446,11,1
2,Payment,1771507212.713625,26433,14,1
1,NewOrder,1771507212.714041,28280,9,1
1,NewOrder,1771507212.714204,36469,18,1
1,NewOrder,1771507212.714599,35622,8,1
2,Payment,1771507212.715067,28412,0,1
1,NewOrder,1771507212.718051,12308,17,1
2,Payment,1771507212.718796,5868,20,1
2,Payment,1771507212.719743,26658,13,1
1,NewOrder,1771507212.720768,22591,19,1
2,Payment,1771507212.721269,32418,3,1
1,NewOrder,1771507212.722828,26614,7,1
1,NewOrder,1771507212.723667,14959,21,1
2,Payment,1771507212.724680,3987,20,1
4,Delivery,1771507212.725923,17929,15,1
1,NewOrder,1771507212.726270,14137,22,1
2,Payment,1771507212.726919,29993,16,1
3,OrderStatus,1771507212.727510,3587,10,1
2,Payment,1771507212.728094,7700,11,1
5,StockLevel,1771507212.728143,13059,1,1
1,NewOrder,1771507212.728692,15860,20,1
1,NewOrder,1771507212.730372,10835,17,1
2,Payment,1771507212.730722,7879,23,1
1,NewOrder,1771507212.731127,13096,10,1
2,Payment,1771507212.733571,33361,12,1
2,Payment,1771507212.734156,28060,2,1
1,NewOrder,1771507212.734938,18727,5,1
3,OrderStatus,1771507212.734980,6663,4,1
2,Payment,1771507212.735821,14542,11,1
5,StockLevel,1771507212.737529,14911,6,1
1,NewOrder,1771507212.738617,21359,23,1
2,Payment,1771507212.738640,3724,21,1
3,OrderStatus,1771507212.740069,6850,14,1
2,Payment,1771507212.740426,4159,22,1
2,Payment,1771507212.741223,22994,17,1
1,NewOrder,1771507212.741229,32437,1,1
1,NewOrder,1771507212.741653,17725,4,1
1,NewOrder,1771507212.742333,20246,9,1
1,NewOrder,1771507212.742386,5536,21,1
2,Payment,1771507212.743366,5485,19,1
1,NewOrder,1771507212.743505,47274,0,1
1,NewOrder,1771507212.743868,8911,15,1
1,NewOrder,1771507212.744235,15406,10,1
1,NewOrder,1771507212.744570,16429,20,1
2,Payment,1771507212.744612,7103,22,1
1,NewOrder,1771507212.746414,21296,13,1
2,Payment,1771507212.746933,22268,14,1
1,NewOrder,1771507212.747935,10260,21,1
2,Payment,1771507212.748876,8752,19,1
2,Payment,1771507212.749451,8653,7,1
4,Delivery,1771507212.750246,36155,8,1
1,NewOrder,1771507212.750389,46303,11,1
2,Payment,1771507212.750699,17357,18,1
1,NewOrder,1771507212.751730,8272,22,1
1,NewOrder,1771507212.752447,19090,6,1
5,StockLevel,1771507212.752795,6031,15,1
2,Payment,1771507212.753682,20567,5,1
1,NewOrder,1771507212.753696,30014,3,1
1,NewOrder,1771507212.756937,24933,16,1
1,NewOrder,1771507212.757654,17107,19,1
1,NewOrder,1771507212.758120,23672,7,1
1,NewOrder,1771507212.758221,4868,21,1
2,Payment,1771507212.758850,13172,15,1
1,NewOrder,1771507212.759394,7202,4,1
2,Payment,1771507212.759660,10985,10,1
2,Payment,1771507212.759989,15756,23,1
1,NewOrder,1771507212.760015,21826,22,1
1,NewOrder,1771507212.761042,11736,20,1
2,Payment,1771507212.762241,19093,2,1
1,NewOrder,1771507212.762586,33237,9,1
2,Payment,1771507212.763114,15645,21,1
2,Payment,1771507212.764243,11999,17,1
2,Payment,1771507212.766611,18308,4,1
1,NewOrder,1771507212.766955,8863,12,1
2,Payment,1771507212.767726,11975,13,1
1,NewOrder,1771507212.768066,35315,18,1
1,NewOrder,1771507212.769207,17643,14,1
2,Payment,1771507212.770660,11121,10,1
1,NewOrder,1771507212.771545,47871,6,1
3,OrderStatus,1771507212.772043,2192,15,1
3,OrderStatus,1771507212.772803,2903,20,1
1,NewOrder,1771507212.773690,32926,1,1
1,NewOrder,1771507212.774255,13860,15,1
1,NewOrder,1771507212.774268,43944,5,1
2,Payment,1771507212.774774,7598,19,1
1,NewOrder,1771507212.775731,20847,20,1
4,Delivery,1771507212.775759,67399,23,1
2,Payment,1771507212.775843,8359,12,1
1,NewOrder,1771507212.776254,14623,17,1
2,Payment,1771507212.778774,7170,21,1
2,Payment,1771507212.779716,9475,13,1
2,Payment,1771507212.781351,9846,2,1
1,NewOrder,1771507212.781799,32403,10,1
1,NewOrder,1771507212.781803,19059,7,1
2,Payment,1771507212.781866,12947,22,1
1,NewOrder,1771507212.781895,35164,16,1
2,Payment,1771507212.782379,18897,19,1
2,Payment,1771507212.783715,18296,3,1
1,NewOrder,1771507212.784217,12500,12,1
1,NewOrder,1771507212.784926,27751,4,1
2,Payment,1771507212.785963,22258,21,1
2,Payment,1771507212.786427,8410,8,1
3,OrderStatus,1771507212.786856,3259,14,1
2,Payment,1771507212.788140,6715,15,1
4,Delivery,1771507212.789217,7909,13,1
2,Payment,1771507212.790124,11206,14,1
2,Payment,1771507212.790798,18094,0,1
2,Payment,1771507212.790894,16081,17,1
2,Payment,1771507212.791215,23458,2,1
2,Payment,1771507212.794838,18258,22,1
1,NewOrder,1771507212.794858,19702,8,1
1,NewOrder,1771507212.794865,18200,15,1
1,NewOrder,1771507212.795828,23497,9,1
5,StockLevel,1771507212.796598,5540,20,1
1,NewOrder,1771507212.796717,15240,11,1
1,NewOrder,1771507212.796743,17989,12,1
1,NewOrder,1771507212.797151,8848,13,1
3,OrderStatus,1771507212.800872,5789,7,1
2,Payment,1771507212.801282,21178,19,1
1,NewOrder,1771507212.801355,18963,14,1
2,Payment,1771507212.802017,21081,3,1
2,Payment,1771507212.802150,26538,20,1
1,NewOrder,1771507212.803396,18196,18,1
2,Payment,1771507212.806022,4481,13,1
2,Payment,1771507212.806628,23668,1,1
3,OrderStatus,1771507212.806671,4435,7,1
5,StockLevel,1771507212.807001,10168,17,1
2,Payment,1771507212.808235,27617,21,1
2,Payment,1771507212.808899,28257,0,1
2,Payment,1771507212.810528,4907,13,1
1,NewOrder,1771507212.811113,10184,7,1
2,Payment,1771507212.811972,9912,11,1
1,NewOrder,1771507212.812703,13320,4,1
1,NewOrder,1771507212.813091,14242,15,1
1,NewOrder,1771507212.813113,17831,22,1
2,Payment,1771507212.814227,18906,10,1
2,Payment,1771507212.814573,15640,8,1
1,NewOrder,1771507212.814699,16347,2,1
2,Payment,1771507212.814745,10030,12,1
1,NewOrder,1771507212.815461,13738,13,1
1,NewOrder,1771507212.817074,27130,16,1
4,Delivery,1771507212.817186,25425,17,1
1,NewOrder,1771507212.818239,12689,5,1
2,Payment,1771507212.819334,17838,9,1
1,NewOrder,1771507212.819441,25598,6,1
2,Payment,1771507212.820331,11560,14,1
2,Payment,1771507212.821312,20083,7,1
2,Payment,1771507212.821599,19712,18,1
1,NewOrder,1771507212.821904,18967,11,1
2,Payment,1771507212.822478,24977,19,1
2,Payment,1771507212.823105,20073,3,1
1,NewOrder,1771507212.824794,29547,12,1
1,NewOrder,1771507212.826031,10691,4,1
2,Payment,1771507212.827337,6702,15,1
1,NewOrder,1771507212.828693,31349,20,1
2,Payment,1771507212.829222,8476,13,1
1,NewOrder,1771507212.830229,23443,8,1
4,Delivery,1771507212.830312,18109,1,1
2,Payment,1771507212.830954,21211,5,1
2,Payment,1771507212.830964,22047,22,1
5,StockLevel,1771507212.831070,17578,2,1
1,NewOrder,1771507212.831907,23594,14,1
2,Payment,1771507212.833148,12943,10,1
1,NewOrder,1771507212.834047,9170,15,1
5,StockLevel,1771507212.835865,16253,21,1
1,NewOrder,1771507212.836738,12035,4,1
1,NewOrder,1771507212.837169,35915,0,1
2,Payment,1771507212.837180,12778,9,1
1,NewOrder,1771507212.837724,25254,13,1
1,NewOrder,1771507212.840885,18568,11,1
1,NewOrder,1771507212.841321,26583,18,1
3,OrderStatus,1771507212.841412,3713,7,1
2,Payment,1771507212.842629,6173,17,1
4,Delivery,1771507212.843169,46856,23,1
1,NewOrder,1771507212.843185,33143,3,1
2,Payment,1771507212.843239,11010,15,1
2,Payment,1771507212.844216,18796,16,1
3,OrderStatus,1771507212.845057,3869,6,1
1,NewOrder,1771507212.845137,17898,7,1
2,Payment,1771507212.846101,8944,10,1
2,Payment,1771507212.847473,10208,19,1
1,NewOrder,1771507212.848437,21342,1,1
2,Payment,1771507212.848665,12280,2,1
1,NewOrder,1771507212.848791,18333,4,1
1,NewOrder,1771507212.848815,27445,17,1
1,NewOrder,1771507212.848940,27446,6,1
1,NewOrder,1771507212.849968,20570,9,1
1,NewOrder,1771507212.852131,29235,21,1
1,NewOrder,1771507212.852180,19740,5,1
2,Payment,1771507212.853025,9308,22,1
2,Payment,1771507212.853684,11178,8,1
2,Payment,1771507212.854271,18036,15,1
1,NewOrder,1771507212.854357,21475,12,1
1,NewOrder,1771507212.855057,21177,10,1
2,Payment,1771507212.855509,21643,14,1
1,NewOrder,1771507212.857695,19852,19,1
2,Payment,1771507212.859472,12124,11,1
1,NewOrder,1771507212.860052,20015,20,1
2,Payment,1771507212.860950,7310,2,1
2,Payment,1771507212.862339,5972,22,1
1,NewOrder,1771507212.862995,26997,13,1
1,NewOrder,1771507212.863027,27677,16,1
3,OrderStatus,1771507212.863051,8733,7,1
1,NewOrder,1771507212.864873,18924,8,1
2,Payment,1771507212.867141,9163,4,1
2,Payment,1771507212.867919,10172,18,1
1,NewOrder,1771507212.868270,17801,2,1
2,Payment,1771507212.868328,5246,22,1
1,NewOrder,1771507212.869791,17917,1,1
2,Payment,1771507212.870546,5799,9,1
2,Payment,1771507212.871610,10948,11,1
2,Payment,1771507212.871801,16798,7,1
2,Payment,1771507212.871940,13202,5,1
2,Payment,1771507212.872314,9931,15,1
2,Payment,1771507212.873097,16964,0,1
1,NewOrder,1771507212.873587,14605,22,1
2,Payment,1771507212.875852,12326,12,1
1,NewOrder,1771507212.876250,16167,10,1
1,NewOrder,1771507212.876272,19232,17,1
2,Payment,1771507212.876319,23928,4,1
2,Payment,1771507212.876344,19721,3,1
1,NewOrder,1771507212.876354,16807,9,1
2,Payment,1771507212.876397,19708,6,1
1,NewOrder,1771507212.877160,18838,14,1
1,NewOrder,1771507212.877556,16811,19,1
2,Payment,1771507212.878101,5328,18,1
2,Payment,1771507212.880083,9491,20,1
2,Payment,1771507212.881381,14750,21,1
1,NewOrder,1771507212.882254,23537,15,1
2,Payment,1771507212.882564,19911,11,1
2,Payment,1771507212.883443,19050,18,1
1,NewOrder,1771507212.883808,12366,8,1
2,Payment,1771507212.885155,17321,5,1
3,OrderStatus,1771507212.886087,3102,2,1
2,Payment,1771507212.887724,18765,1,1
1,NewOrder,1771507212.888197,11589,12,1
1,NewOrder,1771507212.888201,19265,22,1
1,NewOrder,1771507212.888615,24545,7,1
1,NewOrder,1771507212.889200,7959,2,1
2,Payment,1771507212.889593,28144,20,1
2,Payment,1771507212.890007,6633,13,1
2,Payment,1771507212.890039,19102,23,1
2,Payment,1771507212.890077,21318,0,1
2,Payment,1771507212.890716,11324,16,1
1,NewOrder,1771507212.892431,7011,10,1
2,Payment,1771507212.893174,15774,9,1
2,Payment,1771507212.894379,28564,19,1
2,Payment,1771507212.895516,11517,17,1
1,NewOrder,1771507212.896012,16799,14,1
1,NewOrder,1771507212.896081,13435,3,1
1,NewOrder,1771507212.896124,11685,6,1
1,NewOrder,1771507212.896146,16328,21,1
2,Payment,1771507212.896188,24684,8,1
2,Payment,1771507212.896652,19218,13,1
2,Payment,1771507212.897186,19326,2,1
2,Payment,1771507212.899457,26051,10,1
1,NewOrder,1771507212.899800,8654,12,1
1,NewOrder,1771507212.900257,24351,4,1
1,NewOrder,1771507212.902057,16054,16,1
2,Payment,1771507212.902488,26049,11,1
1,NewOrder,1771507212.902501,22202,5,1
2,Payment,1771507212.902509,25192,18,1
1,NewOrder,1771507212.905803,12258,15,1
3,OrderStatus,1771507212.906505,5721,1,1
2,Payment,1771507212.907051,17529,17,1
2,Payment,1771507212.907491,28815,22,1
1,NewOrder,1771507212.907823,10267,6,1
5,StockLevel,1771507212.908473,11494,12,1
3,OrderStatus,1771507212.908965,9682,9,1
5,StockLevel,1771507212.909154,17204,23,1
1,NewOrder,1771507212.909529,14868,3,1
1,NewOrder,1771507212.911405,30934,0,1
2,Payment,1771507212.912245,9172,1,1
2,Payment,1771507212.912487,30565,21,1
2,Payment,1771507212.912830,15400,14,1
1,NewOrder,1771507212.913175,19665,7,1
2,Payment,1771507212.915890,20528,13,1
4,Delivery,1771507212.916523,28962,2,1
1,NewOrder,1771507212.917748,30155,20,1
2,Payment,1771507212.918079,24935,15,1
4,Delivery,1771507212.918105,6415,6,1
5,StockLevel,1771507212.918129,8592,16,1
2,Payment,1771507212.918655,16942,9,1
3,OrderStatus,1771507212.919979,4330,12,1
3,OrderStatus,1771507212.920897,4427,8,1
2,Payment,1771507212.921444,3287,1,1
4,Delivery,1771507212.922969,20619,19,1
2,Payment,1771507212.924324,23926,12,1
2,Payment,1771507212.924412,12030,3,1
1,NewOrder,1771507212.924536,12642,6,1
2,Payment,1771507212.924596,29477,17,1
2,Payment,1771507212.924628,4513,4,1
2,Payment,1771507212.924727,8822,5,1
1,NewOrder,1771507212.924744,13979,1,1
1,NewOrder,1771507212.925336,8187,8,1
2,Payment,1771507212.925520,14986,10,1
3,OrderStatus,1771507212.926370,2378,23,1
1,NewOrder,1771507212.926733,26051,16,1
2,Payment,1771507212.927712,19874,18,1
1,NewOrder,1771507212.928249,18146,14,1
1,NewOrder,1771507212.928546,25798,11,1
1,NewOrder,1771507212.928758,7652,23,1
2,Payment,1771507212.929155,13770,4,1
1,NewOrder,1771507212.932866,21524,7,1
1,NewOrder,1771507212.933538,20831,8,1
2,Payment,1771507212.933558,5667,5,1
1,NewOrder,1771507212.935617,20298,9,1
1,NewOrder,1771507212.936323,19325,22,1
2,Payment,1771507212.936427,16002,23,1
1,NewOrder,1771507212.936436,17096,13,1
1,NewOrder,1771507212.936455,15571,3,1
3,OrderStatus,1771507212.937192,1203,6,1
1,NewOrder,1771507212.938408,28382,6,1
1,NewOrder,1771507212.938738,20649,1,1
2,Payment,1771507212.939238,8640,5,1
2,Payment,1771507212.940520,3097,10,1
2,Payment,1771507212.942359,11575,0,1
1,NewOrder,1771507212.942935,20850,4,1
1,NewOrder,1771507212.943028,21426,15,1
2,Payment,1771507212.943075,18933,21,1
2,Payment,1771507212.943601,23663,19,1
2,Payment,1771507212.943630,4367,10,1
2,Payment,1771507212.945502,16135,2,1
1,NewOrder,1771507212.946414,8959,14,1
1,NewOrder,1771507212.947607,21084,18,1
1,NewOrder,1771507212.947892,32640,5,1
2,Payment,1771507212.947915,25679,20,1
3,OrderStatus,1771507212.948008,3777,10,1
2,Payment,1771507212.948274,9995,12,1
4,Delivery,1771507212.951801,39289,10,1
4,Delivery,1771507212.952052,38280,3,1
2,Payment,1771507212.952444,30636,23,1
2,Payment,1771507212.952797,9248,16,1
2,Payment,1771507212.953549,13749,13,1
2,Payment,1771507212.953944,13193,0,1
1,NewOrder,1771507212.954086,28920,17,1
1,NewOrder,1771507212.954360,28806,11,1
4,Delivery,1771507212.954386,37279,8,1
3,OrderStatus,1771507212.954405,4722,7,1
1,NewOrder,1771507212.955399,6681,14,1
1,NewOrder,1771507212.955659,6305,22,1
2,Payment,1771507212.955929,1954,9,1
1,NewOrder,1771507212.957915,12228,9,1
2,Payment,1771507212.958287,12542,12,1
2,Payment,1771507212.959150,6493,7,1
2,Payment,1771507212.959400,12640,1,1
1,NewOrder,1771507212.961652,20519,2,1
1,NewOrder,1771507212.961984,19623,22,1
1,NewOrder,1771507212.962030,27422,21,1
2,Payment,1771507212.962063,15944,16,1
5,StockLevel,1771507212.962099,10378,14,1
1,NewOrder,1771507212.963793,14712,4,1
2,Payment,1771507212.964458,21071,15,1
2,Payment,1771507212.965655,5571,7,1
1,NewOrder,1771507212.966814,14292,6,1
1,NewOrder,1771507212.967145,16068,0,1
2,Payment,1771507212.967289,23826,19,1
1,NewOrder,1771507212.967313,44374,13,1
1,NewOrder,1771507212.968704,14536,18,1
2,Payment,1771507212.970160,4810,9,1
5,StockLevel,1771507212.970855,8901,12,1
2,Payment,1771507212.971240,12736,7,1
2,Payment,1771507212.972054,5522,1,1
2,Payment,1771507212.972492,17887,14,1
1,NewOrder,1771507212.973611,28438,20,1
1,NewOrder,1771507212.974986,15428,9,1
2,Payment,1771507212.977605,5008,1,1
1,NewOrder,1771507212.978069,37219,16,1
4,Delivery,1771507212.978521,12620,4,1
1,NewOrder,1771507212.979777,18269,12,1
1,NewOrder,1771507212.980559,15057,5,1
1,NewOrder,1771507212.981141,12648,6,1
3,OrderStatus,1771507212.981632,2245,22,1
1,NewOrder,1771507212.982209,48981,2,1
4,Delivery,1771507212.982624,8089,1,1
1,NewOrder,1771507212.983025,12267,17,1
4,Delivery,1771507212.983098,40161,23,1
1,NewOrder,1771507212.983177,15559,11,1
3,OrderStatus,1771507212.983231,2351,0,1
1,NewOrder,1771507212.983266,15936,18,1
4,Delivery,1771507212.983889,39069,22,1
1,NewOrder,1771507212.984000,27280,7,1
1,NewOrder,1771507212.985553,25695,15,1
1,NewOrder,1771507212.985598,14104,0,1
1,NewOrder,1771507212.989482,26969,21,1
1,NewOrder,1771507212.990355,31340,3,1
5,StockLevel,1771507212.990390,14780,14,1
2,Payment,1771507212.990438,9890,9,1
5,StockLevel,1771507212.990722,27868,1,1
2,Payment,1771507212.991113,20429,10,1
4,Delivery,1771507212.991148,32161,19,1
5,StockLevel,1771507212.991158,25505,4,1
2,Payment,1771507212.991685,28563,8,1
1,NewOrder,1771507212.993797,11641,6,1
1,NewOrder,1771507212.995318,11042,17,1
2,Payment,1771507212.995642,3076,5,1
2,Payment,1771507212.998063,6903,12,1
1,NewOrder,1771507212.998736,36005,5,1
1,NewOrder,1771507212.998749,43082,11,1
1,NewOrder,1771507212.999221,12026,18,1
1,NewOrder,1771507212.999710,6203,0,1
2,Payment,1771507213.000341,15704,9,1
1,NewOrder,1771507213.002075,41180,20,1
1,NewOrder,1771507213.004992,19067,12,1
2,Payment,1771507213.005196,6449,14,1
3,OrderStatus,1771507213.005452,1914,6,1
5,StockLevel,1771507213.005921,5678,0,1
1,NewOrder,1771507213.006385,5920,17,1
5,StockLevel,1771507213.007383,5384,6,1
2,Payment,1771507213.011275,9365,18,1
2,Payment,1771507213.011279,14227,15,1
1,NewOrder,1771507213.011306,24034,7,1
2,Payment,1771507213.011557,13106,10,1
1,NewOrder,1771507213.011611,4810,0,1
1,NewOrder,1771507213.011659,26876,14,1
2,Payment,1771507213.011723,8957,13,1
1,NewOrder,1771507213.012317,7195,17,1
1,NewOrder,1771507213.012774,5473,6,1
2,Payment,1771507213.015317,15361,16,1
2,Payment,1771507213.016068,13797,9,1
2,Payment,1771507213.016434,2517,0,1
2,Payment,1771507213.016476,9701,21,1
3,OrderStatus,1771507213.016688,6528,4,1
2,Payment,1771507213.018262,22197,6,1
1,NewOrder,1771507213.018615,22675,1,1
2,Payment,1771507213.018965,1690,0,1
2,Payment,1771507213.019526,15683,17,1
1,NewOrder,1771507213.020274,19175,8,1
1,NewOrder,1771507213.020652,18919,18,1
1,NewOrder,1771507213.020669,15978,0,1
1,NewOrder,1771507213.020706,18773,13,1
2,Payment,1771507213.021720,7362,3,1
2,Payment,1771507213.022984,8238,22,1
1,NewOrder,1771507213.023243,38577,4,1
1,NewOrder,1771507213.023275,34055,23,1
2,Payment,1771507213.023324,15206,19,1
1,NewOrder,1771507213.024068,39608,12,1
2,Payment,1771507213.024687,18626,10,1
1,NewOrder,1771507213.025530,12047,15,1
1,NewOrder,1771507213.026190,13733,21,1
2,Payment,1771507213.029108,7968,3,1
1,NewOrder,1771507213.029888,37803,9,1
2,Payment,1771507213.030694,8408,16,1
1,NewOrder,1771507213.031215,11505,2,1
2,Payment,1771507213.031242,16559,22,1
2,Payment,1771507213.034753,9162,5,1
2,Payment,1771507213.035240,12563,17,1
1,NewOrder,1771507213.035366,31720,7,1
2,Payment,1771507213.036654,16703,0,1
2,Payment,1771507213.037092,23486,3,1
2,Payment,1771507213.037611,15787,15,1
1,NewOrder,1771507213.038542,14818,19,1
1,NewOrder,1771507213.038561,21554,14,1
2,Payment,1771507213.039127,18729,16,1
4,Delivery,1771507213.039462,31194,8,1
1,NewOrder,1771507213.039505,21967,13,1
2,Payment,1771507213.039597,13840,18,1
1,NewOrder,1771507213.039937,27194,21,1
3,OrderStatus,1771507213.040484,1531,6,1
1,NewOrder,1771507213.041299,29225,1,1
2,Payment,1771507213.041846,4998,11,1
5,StockLevel,1771507213.042026,4899,6,1
2,Payment,1771507213.042733,23786,2,1
1,NewOrder,1771507213.043281,19402,20,1
1,NewOrder,1771507213.043329,20781,10,1
5,StockLevel,1771507213.043922,20129,5,1
1,NewOrder,1771507213.046870,28352,11,1
1,NewOrder,1771507213.046933,26979,6,1
2,Payment,1771507213.047846,15261,17,1
1,NewOrder,1771507213.047858,22569,22,1
2,Payment,1771507213.053367,18572,0,1
1,NewOrder,1771507213.053384,17086,19,1
1,NewOrder,1771507213.053420,24039,15,1
2,Payment,1771507213.053464,5016,18,1
2,Payment,1771507213.057352,6868,23,1
1,NewOrder,1771507213.057874,32725,16,1
2,Payment,1771507213.058499,12015,18,1
1,NewOrder,1771507213.060123,12962,14,1
2,Payment,1771507213.060594,19100,3,1
2,Payment,1771507213.061483,10554,13,1
5,StockLevel,1771507213.061842,21179,4,1
2,Payment,1771507213.062709,16633,20,1
2,Payment,1771507213.063132,16649,17,1
2,Payment,1771507213.063684,23403,12,1
2,Payment,1771507213.064055,23948,5,1
5,StockLevel,1771507213.064122,22646,10,1
2,Payment,1771507213.064246,25726,23,1
1,NewOrder,1771507213.066545,26831,2,1
2,Payment,1771507213.067113,8429,7,1
5,StockLevel,1771507213.067139,20171,21,1
3,OrderStatus,1771507213.067709,2087,9,1
2,Payment,1771507213.069811,7975,9,1
1,NewOrder,1771507213.070462,5101,22,1
1,NewOrder,1771507213.070485,21958,19,1
2,Payment,1771507213.070526,24437,18,1
1,NewOrder,1771507213.070550,9679,1,1
1,NewOrder,1771507213.070667,17363,8,1
3,OrderStatus,1771507213.071947,4884,0,1
1,NewOrder,1771507213.072063,24518,13,1
1,NewOrder,1771507213.073091,25402,14,1
1,NewOrder,1771507213.073917,26411,6,1
4,Delivery,1771507213.075244,28385,11,1
1,NewOrder,1771507213.075561,7936,7,1
1,NewOrder,1771507213.075578,7545,22,1
1,NewOrder,1771507213.076838,23906,0,1
1,NewOrder,1771507213.077484,20467,15,1
2,Payment,1771507213.077801,3336,9,1
1,NewOrder,1771507213.079367,22286,20,1
2,Payment,1771507213.079713,19774,3,1
2,Payment,1771507213.079799,12570,17,1
2,Payment,1771507213.080236,11622,1,1
2,Payment,1771507213.081161,2358,9,1
2,Payment,1771507213.083036,23945,4,1
1,NewOrder,1771507213.083148,11383,22,1
5,StockLevel,1771507213.083512,7917,7,1
2,Payment,1771507213.083532,4439,9,1
1,NewOrder,1771507213.086793,21935,10,1
2,Payment,1771507213.087096,11440,12,1
2,Payment,1771507213.087314,16680,21,1
1,NewOrder,1771507213.087987,19717,9,1
1,NewOrder,1771507213.088020,28423,5,1
2,Payment,1771507213.088045,8030,8,1
2,Payment,1771507213.089992,16534,23,1
1,NewOrder,1771507213.090624,10670,16,1
2,Payment,1771507213.091440,9888,7,1
5,StockLevel,1771507213.091867,13742,1,1
1,NewOrder,1771507213.092387,19842,17,1
1,NewOrder,1771507213.092461,17488,19,1
2,Payment,1771507213.093388,18448,2,1
2,Payment,1771507213.094549,19320,22,1
2,Payment,1771507213.094981,23565,18,1
1,NewOrder,1771507213.096088,23186,8,1
1,NewOrder,1771507213.096590,23919,13,1
1,NewOrder,1771507213.097965,21779,15,1
2,Payment,1771507213.098501,8422,14,1
1,NewOrder,1771507213.098548,18660,12,1
1,NewOrder,1771507213.099513,18936,3,1
2,Payment,1771507213.100336,2970,6,1
2,Payment,1771507213.100759,17815,0,1
2,Payment,1771507213.101308,8250,16,1
1,NewOrder,1771507213.101344,22147,7,1
2,Payment,1771507213.101668,22346,20,1
1,NewOrder,1771507213.103313,30332,6,1
2,Payment,1771507213.103634,3295,11,1
2,Payment,1771507213.103998,23697,21,1
1,NewOrder,1771507213.105622,13224,1,1
2,Payment,1771507213.106551,26116,23,1
2,Payment,1771507213.106937,5309,11,1
1,NewOrder,1771507213.106949,20222,14,1
2,Payment,1771507213.106995,16967,4,1
2,Payment,1771507213.107716,10293,9,1
1,NewOrder,1771507213.108754,21735,10,1
2,Payment,1771507213.109573,3574,16,1
1,NewOrder,1771507213.109963,26869,19,1
2,Payment,1771507213.111851,16659,2,1
1,NewOrder,1771507213.112242,24616,17,1
1,NewOrder,1771507213.112254,11761,11,1
5,StockLevel,1771507213.113161,10647,16,1
2,Payment,1771507213.113879,31687,22,1
4,Delivery,1771507213.116469,16694,5,1
2,Payment,1771507213.117225,2846,12,1
1,NewOrder,1771507213.118023,24571,9,1
1,NewOrder,1771507213.118475,23994,3,1
2,Payment,1771507213.118559,32970,18,1
2,Payment,1771507213.118584,15110,0,1
3,OrderStatus,1771507213.118854,8853,1,1
2,Payment,1771507213.119286,7424,8,1
2,Payment,1771507213.119757,7967,15,1
2,Payment,1771507213.120083,18611,12,1
1,NewOrder,1771507213.120516,22303,13,1
2,Payment,1771507213.123505,7559,7,1
2,Payment,1771507213.123828,22018,16,1
2,Payment,1771507213.123987,16179,4,1
1,NewOrder,1771507213.124023,22295,11,1
1,NewOrder,1771507213.124041,12280,20,1
1,NewOrder,1771507213.126724,12503,8,1
2,Payment,1771507213.127180,23900,14,1
1,NewOrder,1771507213.127714,13819,1,1
1,NewOrder,1771507213.127721,27932,21,1
2,Payment,1771507213.127739,29896,15,1
1,NewOrder,1771507213.128523,29584,2,1
4,Delivery,1771507213.130507,18240,10,1
2,Payment,1771507213.131075,4444,7,1
4,Delivery,1771507213.132687,30162,23,1
2,Payment,1771507213.133182,14918,5,1
2,Payment,1771507213.133653,11504,6,1
1,NewOrder,1771507213.133709,18739,0,1
1,NewOrder,1771507213.135533,9971,7,1
1,NewOrder,1771507213.136352,37253,20,1
1,NewOrder,1771507213.136898,15159,19,1
1,NewOrder,1771507213.136922,17884,17,1
2,Payment,1771507213.138708,27528,12,1
2,Payment,1771507213.139252,12326,8,1
1,NewOrder,1771507213.140191,17612,4,1
2,Payment,1771507213.141540,12205,1,1
1,NewOrder,1771507213.142480,14798,3,1
2,Payment,1771507213.142619,12544,9,1
2,Payment,1771507213.142836,30121,13,1
1,NewOrder,1771507213.145169,46454,6,1
2,Payment,1771507213.145517,16916,7,1
1,NewOrder,1771507213.145585,27514,22,1
4,Delivery,1771507213.145871,46267,16,1
1,NewOrder,1771507213.146328,26162,11,1
2,Payment,1771507213.148113,10119,5,1
2,Payment,1771507213.148772,16078,10,1
1,NewOrder,1771507213.151088,24773,14,1
2,Payment,1771507213.151555,5222,18,1
1,NewOrder,1771507213.151603,24402,8,1
2,Payment,1771507213.152071,11527,19,1
1,NewOrder,1771507213.152473,9073,0,1
5,StockLevel,1771507213.153753,5061,1,1
2,Payment,1771507213.154830,26132,17,1
1,NewOrder,1771507213.155181,20829,9,1
1,NewOrder,1771507213.155668,27955,21,1
1,NewOrder,1771507213.156801,39123,18,1
2,Payment,1771507213.157294,13813,3,1
2,Payment,1771507213.157646,28504,15,1
1,NewOrder,1771507213.157814,13953,4,1
2,Payment,1771507213.158115,24516,2,1
1,NewOrder,1771507213.158256,21784,5,1
2,Payment,1771507213.158827,17146,1,1
2,Payment,1771507213.161562,28756,0,1
1,NewOrder,1771507213.162456,14590,7,1
2,Payment,1771507213.162871,2424,23,1
1,NewOrder,1771507213.163611,8135,19,1
4,Delivery,1771507213.164865,27290,10,1
1,NewOrder,1771507213.165312,10643,23,1
1,NewOrder,1771507213.166250,30718,12,1
2,Payment,1771507213.171128,30474,3,1
2,Payment,1771507213.171755,8841,19,1
5,StockLevel,1771507213.171798,22555,4,1
1,NewOrder,1771507213.172496,25517,11,1
2,Payment,1771507213.172961,19072,13,1
1,NewOrder,1771507213.173123,25301,22,1
1,NewOrder,1771507213.173631,24055,20,1
1,NewOrder,1771507213.175867,5221,14,1
1,NewOrder,1771507213.175979,38710,23,1
2,Payment,1771507213.175980,32535,1,1
4,Delivery,1771507213.176029,16829,9,1
2,Payment,1771507213.176033,7572,8,1
1,NewOrder,1771507213.177059,6115,7,1
1,NewOrder,1771507213.180060,30092,5,1
1,NewOrder,1771507213.180603,24691,19,1
1,NewOrder,1771507213.180987,24906,17,1
1,NewOrder,1771507213.181094,20993,14,1
1,NewOrder,1771507213.182646,12609,2,1
1,NewOrder,1771507213.183198,28926,7,1
1,NewOrder,1771507213.183632,41342,8,1
2,Payment,1771507213.183647,11085,21,1
1,NewOrder,1771507213.186175,29050,15,1
1,NewOrder,1771507213.190326,15900,0,1
2,Payment,1771507213.191628,4650,6,1
3,OrderStatus,1771507213.192035,4260,13,1
1,NewOrder,1771507213.192162,9918,16,1
2,Payment,1771507213.192181,15602,10,1
2,Payment,1771507213.192877,22338,9,1
4,Delivery,1771507213.194370,44060,4,1
2,Payment,1771507213.194757,11161,21,1
1,NewOrder,1771507213.195279,37017,2,1
2,Payment,1771507213.195949,17386,18,1
1,NewOrder,1771507213.196303,24554,6,1
1,NewOrder,1771507213.196305,12153,13,1
2,Payment,1771507213.196972,5442,12,1
2,Payment,1771507213.197711,18155,20,1
1,NewOrder,1771507213.198020,5077,11,1
2,Payment,1771507213.198437,20714,22,1
5,StockLevel,1771507213.201634,17094,3,1
3,OrderStatus,1771507213.202095,2127,14,1
2,Payment,1771507213.202106,2018,16,1
2,Payment,1771507213.202428,6088,12,1
1,NewOrder,1771507213.203112,5998,11,1
1,NewOrder,1771507213.204138,6593,16,1
2,Payment,1771507213.204235,7019,14,1
2,Payment,1771507213.205303,21138,19,1
1,NewOrder,1771507213.205918,18369,17,1
2,Payment,1771507213.205943,28834,21,1
2,Payment,1771507213.206233,6259,0,1
1,NewOrder,1771507213.207808,29226,10,1
2,Payment,1771507213.208464,4391,13,1
1,NewOrder,1771507213.208527,25400,1,1
1,NewOrder,1771507213.208542,19271,12,1
2,Payment,1771507213.209136,9606,11,1
1,NewOrder,1771507213.210177,27808,5,1
4,Delivery,1771507213.210743,24382,16,1
1,NewOrder,1771507213.211268,16212,14,1
1,NewOrder,1771507213.212140,20103,7,1
1,NewOrder,1771507213.212500,22684,0,1
2,Payment,1771507213.212859,2640,13,1
2,Payment,1771507213.213360,28311,18,1
1,NewOrder,1771507213.214713,24101,23,1
2,Payment,1771507213.215240,9292,9,1
4,Delivery,1771507213.215251,20523,15,1
2,Payment,1771507213.215506,3516,13,1
2,Payment,1771507213.215878,31702,20,1
1,NewOrder,1771507213.218746,35332,3,1
1,NewOrder,1771507213.218767,21994,11,1
1,NewOrder,1771507213.219030,13225,13,1
1,NewOrder,1771507213.219176,25529,22,1
3,OrderStatus,1771507213.220864,3782,6,1
1,NewOrder,1771507213.224311,14543,17,1
5,StockLevel,1771507213.224556,27448,9,1
1,NewOrder,1771507213.224667,12423,6,1
2,Payment,1771507213.224997,9707,8,1
2,Payment,1771507213.226455,27284,19,1
1,NewOrder,1771507213.227489,24174,14,1
2,Payment,1771507213.227818,8473,12,1
2,Payment,1771507213.232255,18489,7,1
2,Payment,1771507213.232264,10569,13,1
1,NewOrder,1771507213.232310,20780,2,1
2,Payment,1771507213.233952,3633,1,1
2,Payment,1771507213.234720,19076,8,1
2,Payment,1771507213.234794,25573,21,1
2,Payment,1771507213.235134,13205,16,1
1,NewOrder,1771507213.235209,5430,0,1
2,Payment,1771507213.235787,19276,15,1
1,NewOrder,1771507213.236302,16380,12,1
2,Payment,1771507213.237058,19859,10,1
1,NewOrder,1771507213.237099,29577,6,1
2,Payment,1771507213.237590,5954,1,1
5,StockLevel,1771507213.237997,1999,5,1
2,Payment,1771507213.238443,9902,4,1
1,NewOrder,1771507213.238826,18054,23,1
1,NewOrder,1771507213.238878,15190,17,1
2,Payment,1771507213.240008,16451,5,1
1,NewOrder,1771507213.240647,13551,0,1
2,Payment,1771507213.240786,23334,11,1
4,Delivery,1771507213.241686,6765,18,1
1,NewOrder,1771507213.242844,27714,13,1
1,NewOrder,1771507213.243569,21687,1,1
2,Payment,1771507213.244730,26294,22,1
2,Payment,1771507213.247604,29775,20,1
1,NewOrder,1771507213.248353,18195,16,1
2,Payment,1771507213.248356,13530,4,1
1,NewOrder,1771507213.248475,26678,18,1
1,NewOrder,1771507213.250750,24523,7,1
2,Payment,1771507213.251668,6098,14,1
1,NewOrder,1771507213.252017,23586,9,1
2,Payment,1771507213.252708,8788,12,1
2,Payment,1771507213.253104,14122,2,1
1,NewOrder,1771507213.253745,26220,19,1
1,NewOrder,1771507213.253814,20756,8,1
1,NewOrder,1771507213.254080,12129,17,1
2,Payment,1771507213.254086,17917,3,1
1,NewOrder,1771507213.254223,23762,0,1
2,Payment,1771507213.255077,14864,15,1
2,Payment,1771507213.256482,24658,5,1
2,Payment,1771507213.256897,7887,23,1
1,NewOrder,1771507213.256942,13703,10,1
1,NewOrder,1771507213.257772,21726,14,1
1,NewOrder,1771507213.260392,10751,21,1
1,NewOrder,1771507213.261504,16367,12,1
1,NewOrder,1771507213.261890,18575,4,1
2,Payment,1771507213.264145,7306,11,1
2,Payment,1771507213.264791,20535,23,1
2,Payment,1771507213.265267,19991,1,1
1,NewOrder,1771507213.266222,13784,17,1
2,Payment,1771507213.266573,8897,16,1
2,Payment,1771507213.266701,9798,6,1
1,NewOrder,1771507213.267251,15153,2,1
2,Payment,1771507213.269957,12893,15,1
1,NewOrder,1771507213.270582,13939,13,1
2,Payment,1771507213.270667,19735,10,1
2,Payment,1771507213.271049,17332,22,1
1,NewOrder,1771507213.271155,13884,21,1
2,Payment,1771507213.271462,12485,11,1
2,Payment,1771507213.272010,16656,3,1
2,Payment,1771507213.274594,21264,8,1
2,Payment,1771507213.275164,16975,18,1
1,NewOrder,1771507213.275297,32995,7,1
1,NewOrder,1771507213.275494,27402,16,1
1,NewOrder,1771507213.275628,40669,9,1
1,NewOrder,1771507213.276524,22756,6,1
2,Payment,1771507213.277392,18832,20,1
1,NewOrder,1771507213.277887,18193,12,1
4,Delivery,1771507213.278010,12807,0,1
2,Payment,1771507213.279504,5411,14,1
1,NewOrder,1771507213.279979,27085,19,1
3,OrderStatus,1771507213.280030,2187,17,1
1,NewOrder,1771507213.280489,8259,4,1
2,Payment,1771507213.281165,11224,5,1
2,Payment,1771507213.282234,9294,17,1
2,Payment,1771507213.282410,12352,2,1
3,OrderStatus,1771507213.282875,3734,15,1
1,NewOrder,1771507213.283971,26520,11,1
1,NewOrder,1771507213.284535,28180,13,1
1,NewOrder,1771507213.284923,28936,14,1
2,Payment,1771507213.285064,16748,21,1
1,NewOrder,1771507213.285264,33488,1,1
2,Payment,1771507213.285352,25114,23,1
1,NewOrder,1771507213.286634,20755,15,1
1,NewOrder,1771507213.288396,26296,22,1
5,StockLevel,1771507213.288674,11762,3,1
2,Payment,1771507213.288753,9970,4,1
1,NewOrder,1771507213.290434,19476,10,1
2,Payment,1771507213.290833,16174,0,1
2,Payment,1771507213.291543,5214,17,1
2,Payment,1771507213.292164,25325,18,1
2,Payment,1771507213.292400,20832,5,1
3,OrderStatus,1771507213.294770,2106,2,1
2,Payment,1771507213.295888,5350,8,1
1,NewOrder,1771507213.296087,23299,12,1
2,Payment,1771507213.296249,30166,20,1
2,Payment,1771507213.296770,5748,17,1
1,NewOrder,1771507213.296883,13600,2,1
5,StockLevel,1771507213.298739,8957,4,1
2,Payment,1771507213.299305,7056,6,1
1,NewOrder,1771507213.300440,30739,3,1
1,NewOrder,1771507213.301261,15450,8,1
2,Payment,1771507213.301823,28794,21,1
1,NewOrder,1771507213.302542,17498,17,1
2,Payment,1771507213.302910,4996,16,1
1,NewOrder,1771507213.306396,14088,6,1
2,Payment,1771507213.307019,15910,0,1
2,Payment,1771507213.307089,30464,19,1
1,NewOrder,1771507213.307398,32290,15,1
1,NewOrder,1771507213.307721,16574,4,1
3,OrderStatus,1771507213.307921,5599,16,1
2,Payment,1771507213.308318,5255,7,1
3,OrderStatus,1771507213.309934,4812,10,1
1,NewOrder,1771507213.310490,34073,23,1
1,NewOrder,1771507213.310499,18979,2,1
1,NewOrder,1771507213.310516,28118,11,1
2,Payment,1771507213.312727,3943,13,1
1,NewOrder,1771507213.313255,25425,5,1
2,Payment,1771507213.313530,5732,16,1
1,NewOrder,1771507213.313590,45079,7,1
1,NewOrder,1771507213.313883,34858,14,1
1,NewOrder,1771507213.314716,30805,22,1
2,Payment,1771507213.314758,10186,10,1
2,Payment,1771507213.316314,10987,9,1
1,NewOrder,1771507213.316694,8282,13,1
2,Payment,1771507213.316735,20163,8,1
1,NewOrder,1771507213.317502,34633,18,1
4,Delivery,1771507213.318766,20268,1,1
1,NewOrder,1771507213.319276,21218,16,1
2,Payment,1771507213.319410,10655,12,1
1,NewOrder,1771507213.320051,4574,17,1
3,OrderStatus,1771507213.320499,833,6,1
1,NewOrder,1771507213.321345,5648,6,1
1,NewOrder,1771507213.322937,20403,0,1
2,Payment,1771507213.324300,7935,4,1
2,Payment,1771507213.324629,12888,17,1
1,NewOrder,1771507213.324969,27896,10,1
3,OrderStatus,1771507213.325001,4536,13,1
2,Payment,1771507213.326439,16991,20,1
3,OrderStatus,1771507213.327017,3147,6,1
2,Payment,1771507213.327323,16069,9,1
2,Payment,1771507213.329502,8179,2,1
1,NewOrder,1771507213.329545,13058,13,1
2,Payment,1771507213.330090,14100,12,1
2,Payment,1771507213.330182,18004,6,1
1,NewOrder,1771507213.330642,32446,21,1
1,NewOrder,1771507213.331205,18625,3,1
1,NewOrder,1771507213.332242,19845,4,1
1,NewOrder,1771507213.336922,20847,8,1
1,NewOrder,1771507213.337534,30069,17,1
2,Payment,1771507213.337577,13417,19,1
1,NewOrder,1771507213.337691,29914,2,1
2,Payment,1771507213.338656,18719,11,1
1,NewOrder,1771507213.338706,17978,5,1
1,NewOrder,1771507213.339050,18384,1,1
1,NewOrder,1771507213.339712,18086,15,1
2,Payment,1771507213.340505,12894,16,1
1,NewOrder,1771507213.342612,13402,13,1
2,Payment,1771507213.343344,5519,0,1
1,NewOrder,1771507213.343406,24239,9,1
1,NewOrder,1771507213.343443,17253,20,1
2,Payment,1771507213.344195,16953,12,1
2,Payment,1771507213.344567,15010,23,1
1,NewOrder,1771507213.345544,22926,22,1
2,Payment,1771507213.348211,12995,6,1
1,NewOrder,1771507213.348765,16335,14,1
4,Delivery,1771507213.348871,13291,0,1
1,NewOrder,1771507213.349854,18653,3,1
3,OrderStatus,1771507213.351000,9482,19,1
2,Payment,1771507213.352091,10127,4,1
2,Payment,1771507213.352149,16392,18,1
1,NewOrder,1771507213.352890,14628,10,1
1,NewOrder,1771507213.353405,19627,16,1
2,Payment,1771507213.356038,12383,13,1
2,Payment,1771507213.356709,11828,5,1
2,Payment,1771507213.357400,17344,11,1
1,NewOrder,1771507213.357460,11822,1,1
2,Payment,1771507213.357780,10571,8,1
2,Payment,1771507213.357811,15939,15,1
2,Payment,1771507213.358691,20048,7,1
3,OrderStatus,1771507213.359588,7640,23,1
2,Payment,1771507213.360488,15312,19,1
1,NewOrder,1771507213.360708,12711,20,1
2,Payment,1771507213.361173,14131,12,1
1,NewOrder,1771507213.361231,25794,6,1
1,NewOrder,1771507213.362174,24758,0,1
1,NewOrder,1771507213.362244,22424,4,1
2,Payment,1771507213.363100,16115,21,1
5,StockLevel,1771507213.365126,4754,14,1
2,Payment,1771507213.367238,20667,23,1
2,Payment,1771507213.367541,14937,10,1
2,Payment,1771507213.367611,8438,2,1
2,Payment,1771507213.367627,12288,17,1
1,NewOrder,1771507213.367669,5775,9,1
1,NewOrder,1771507213.368376,18619,8,1
1,NewOrder,1771507213.368432,18028,13,1
2,Payment,1771507213.368495,14660,22,1
2,Payment,1771507213.368521,12527,3,1
1,NewOrder,1771507213.368552,7264,18,1
1,NewOrder,1771507213.368563,14501,5,1
1,NewOrder,1771507213.369293,14417,1,1
2,Payment,1771507213.369904,14444,14,1
2,Payment,1771507213.373041,16532,16,1
2,Payment,1771507213.373431,21029,20,1
1,NewOrder,1771507213.373461,8264,9,1
2,Payment,1771507213.373768,21460,15,1
2,Payment,1771507213.374759,12211,11,1
2,Payment,1771507213.375312,23140,12,1
2,Payment,1771507213.375812,24571,19,1
1,NewOrder,1771507213.375841,27698,18,1
1,NewOrder,1771507213.376055,23761,2,1
2,Payment,1771507213.378750,13036,7,1
2,Payment,1771507213.379240,24703,21,1
2,Payment,1771507213.379940,22907,17,1
2,Payment,1771507213.381057,8187,3,1
2,Payment,1771507213.381749,13110,9,1
1,NewOrder,1771507213.382493,15029,10,1
2,Payment,1771507213.383077,20299,5,1
2,Payment,1771507213.383180,31560,22,1
1,NewOrder,1771507213.383735,4626,1,1
1,NewOrder,1771507213.384372,10544,14,1
1,NewOrder,1771507213.384679,19171,4,1
2,Payment,1771507213.386473,21253,13,1
5,StockLevel,1771507213.386941,17188,0,1
1,NewOrder,1771507213.386995,21378,11,1
1,NewOrder,1771507213.387019,21896,8,1
3,OrderStatus,1771507213.387050,1021,6,1
1,NewOrder,1771507213.387910,21484,23,1
1,NewOrder,1771507213.388087,9946,6,1
4,Delivery,1771507213.388377,4241,1,1
1,NewOrder,1771507213.389269,19105,3,1
1,NewOrder,1771507213.389581,19809,16,1
1,NewOrder,1771507213.391808,16420,7,1
3,OrderStatus,1771507213.392632,1349,1,1
5,StockLevel,1771507213.393994,5595,1,1
2,Payment,1771507213.394474,26744,20,1
1,NewOrder,1771507213.394874,31129,9,1
1,NewOrder,1771507213.394932,36024,14,1
1,NewOrder,1771507213.395252,27257,15,1
2,Payment,1771507213.397545,5859,10,1
2,Payment,1771507213.398047,14290,6,1
2,Payment,1771507213.398464,16748,12,1
2,Payment,1771507213.399613,8596,1,1
2,Payment,1771507213.399824,16760,2,1
2,Payment,1771507213.400398,22566,19,1
1,NewOrder,1771507213.402858,15711,17,1
1,NewOrder,1771507213.403391,34786,5,1
1,NewOrder,1771507213.403418,13487,10,1
2,Payment,1771507213.403565,23072,18,1
1,NewOrder,1771507213.403856,8858,4,1
1,NewOrder,1771507213.403958,28771,21,1
2,Payment,1771507213.404134,19621,0,1
2,Payment,1771507213.407737,16462,13,1
1,NewOrder,1771507213.408232,22637,1,1
2,Payment,1771507213.408237,12585,7,1
1,NewOrder,1771507213.408401,22077,3,1
5,StockLevel,1771507213.408402,23199,11,1
1,NewOrder,1771507213.408929,20419,8,1
1,NewOrder,1771507213.409396,30283,16,1
5,StockLevel,1771507213.409419,2874,23,1
5,StockLevel,1771507213.412316,4336,23,1
2,Payment,1771507213.412362,14843,6,1
5,StockLevel,1771507213.412729,2937,4,1
2,Payment,1771507213.414765,18003,22,1
3,OrderStatus,1771507213.415237,9457,12,1
2,Payment,1771507213.415678,10976,4,1
1,NewOrder,1771507213.416610,32967,2,1
2,Payment,1771507213.416677,20434,23,1
1,NewOrder,1771507213.416929,4306,10,1
2,Payment,1771507213.418578,7999,17,1
4,Delivery,1771507213.420827,16434,7,1
2,Payment,1771507213.421243,23674,20,1
2,Payment,1771507213.421250,8803,10,1
3,OrderStatus,1771507213.422534,5399,15,1
1,NewOrder,1771507213.422990,9776,19,1
1,NewOrder,1771507213.423762,16309,0,1
1,NewOrder,1771507213.424216,12981,13,1
2,Payment,1771507213.424706,7685,12,1
5,StockLevel,1771507213.426028,10743,9,1
2,Payment,1771507213.426651,23457,18,1
2,Payment,1771507213.426679,5010,4,1
2,Payment,1771507213.427217,9536,6,1
2,Payment,1771507213.429377,15740,8,1
4,Delivery,1771507213.430077,7775,10,1
1,NewOrder,1771507213.430502,11194,3,1
2,Payment,1771507213.430894,13931,1,1
1,NewOrder,1771507213.430981,13071,14,1
5,StockLevel,1771507213.431626,7228,11,1
2,Payment,1771507213.431697,5469,4,1
4,Delivery,1771507213.432396,9697,12,1
1,NewOrder,1771507213.432773,17200,19,1
1,NewOrder,1771507213.432795,12274,22,1
2,Payment,1771507213.436780,10485,9,1
2,Payment,1771507213.437867,12587,10,1
2,Payment,1771507213.442101,2679,12,1
