Transaction Type Index,Transaction Name,Start Time (microseconds),Latency (microseconds),Worker Id (start number),Phase Id (index in config file)
2,Payment,1772070019.224284,112245,17,1
2,Payment,1772070019.224285,54824,19,1
2,Payment,1772070019.224285,89531,20,1
2,Payment,1772070019.224287,53878,16,1
1,NewOrder,1772070019.224329,116384,18,1
1,NewOrder,1772070019.224542,117212,15,1
2,Payment,1772070019.224752,80926,14,1
1,NewOrder,1772070019.224982,120972,21,1
3,OrderStatus,1772070019.225177,48586,12,1
2,Payment,1772070019.225389,72680,22,1
1,NewOrder,1772070019.225604,138600,10,1
3,OrderStatus,1772070019.225829,45426,11,1
1,NewOrder,1772070019.226035,83113,13,1
1,NewOrder,1772070019.226240,115068,9,1
1,NewOrder,1772070019.226453,125210,8,1
2,Payment,1772070019.226726,59604,7,1
2,Payment,1772070019.226879,73677,6,1
2,Payment,1772070019.227100,52715,4,1
2,Payment,1772070019.227302,88507,1,1
1,NewOrder,1772070019.227516,128706,5,1
1,NewOrder,1772070019.227726,78661,0,1
1,NewOrder,1772070019.228076,129009,3,1
1,NewOrder,1772070019.228169,109015,2,1
2,Payment,1772070019.228386,102058,23,1
1,NewOrder,1772070019.271367,97058,11,1
2,Payment,1772070019.273797,84335,12,1
1,NewOrder,1772070019.278199,46639,16,1
3,OrderStatus,1772070019.279180,8547,19,1
2,Payment,1772070019.279851,42865,4,1
3,OrderStatus,1772070019.286368,7528,7,1
2,Payment,1772070019.287750,49390,19,1
1,NewOrder,1772070019.293918,54695,7,1
2,Payment,1772070019.298109,48862,22,1
2,Payment,1772070019.300591,6567,6,1
1,NewOrder,1772070019.305714,81955,14,1
1,NewOrder,1772070019.306417,19047,0,1
2,Payment,1772070019.307174,14571,6,1
1,NewOrder,1772070019.309179,16307,13,1
2,Payment,1772070019.313850,44689,20,1
1,NewOrder,1772070019.315840,65145,1,1
2,Payment,1772070019.321773,9790,6,1
1,NewOrder,1772070019.322735,53663,4,1
1,NewOrder,1772070019.324857,40181,16,1
1,NewOrder,1772070019.325483,40879,0,1
4,Delivery,1772070019.325503,40233,13,1
2,Payment,1772070019.330481,45101,23,1
1,NewOrder,1772070019.331585,65449,6,1
1,NewOrder,1772070019.336561,69058,17,1
1,NewOrder,1772070019.337160,70927,19,1
2,Payment,1772070019.337214,32007,2,1
1,NewOrder,1772070019.340744,30538,18,1
2,Payment,1772070019.341337,27753,9,1
3,OrderStatus,1772070019.341785,19256,15,1
5,StockLevel,1772070019.345984,39753,21,1
5,StockLevel,1772070019.346990,53384,22,1
4,Delivery,1772070019.348640,47993,7,1
1,NewOrder,1772070019.351724,28614,8,1
3,OrderStatus,1772070019.356264,10217,5,1
1,NewOrder,1772070019.357115,37589,3,1
2,Payment,1772070019.358150,16465,12,1
2,Payment,1772070019.358556,26545,20,1
2,Payment,1772070019.361058,21677,15,1
2,Payment,1772070019.364232,24814,10,1
1,NewOrder,1772070019.365062,34526,16,1
1,NewOrder,1772070019.365753,38184,13,1
2,Payment,1772070019.366380,23968,0,1
4,Delivery,1772070019.366503,112795,5,1
2,Payment,1772070019.368443,46846,11,1
2,Payment,1772070019.369107,31327,9,1
5,StockLevel,1772070019.369237,43226,2,1
1,NewOrder,1772070019.371300,36393,18,1
2,Payment,1772070019.374646,16589,12,1
1,NewOrder,1772070019.375601,61298,23,1
2,Payment,1772070019.376415,24647,4,1
2,Payment,1772070019.380359,52124,8,1
1,NewOrder,1772070019.381005,42692,1,1
1,NewOrder,1772070019.382755,46754,15,1
1,NewOrder,1772070019.385117,58693,20,1
2,Payment,1772070019.385757,28920,21,1
1,NewOrder,1772070019.387706,45429,14,1
1,NewOrder,1772070019.389062,34611,10,1
5,StockLevel,1772070019.390366,32517,0,1
2,Payment,1772070019.391250,13429,12,1
1,NewOrder,1772070019.394723,42092,3,1
2,Payment,1772070019.396657,45420,7,1
1,NewOrder,1772070019.397054,39864,6,1
2,Payment,1772070019.399606,9335,16,1
2,Payment,1772070019.400392,22782,22,1
1,NewOrder,1772070019.400452,37204,9,1
1,NewOrder,1772070019.401081,25822,4,1
2,Payment,1772070019.403956,22417,13,1
1,NewOrder,1772070019.404695,46903,12,1
2,Payment,1772070019.405638,32997,17,1
5,StockLevel,1772070019.407711,33698,18,1
2,Payment,1772070019.408105,21867,19,1
2,Payment,1772070019.408958,44309,16,1
1,NewOrder,1772070019.412488,41690,2,1
1,NewOrder,1772070019.414697,32212,21,1
1,NewOrder,1772070019.415307,27558,11,1
1,NewOrder,1772070019.422918,34558,0,1
2,Payment,1772070019.423198,15508,22,1
2,Payment,1772070019.423698,24178,10,1
2,Payment,1772070019.423717,12529,1,1
2,Payment,1772070019.426400,73692,13,1
2,Payment,1772070019.426923,19190,4,1
2,Payment,1772070019.429532,35800,15,1
1,NewOrder,1772070019.429992,27893,19,1
2,Payment,1772070019.432508,20484,8,1
2,Payment,1772070019.433154,41811,14,1
1,NewOrder,1772070019.436269,16312,1,1
1,NewOrder,1772070019.436835,35854,3,1
5,StockLevel,1772070019.436922,30045,23,1
1,NewOrder,1772070019.436937,22972,6,1
2,Payment,1772070019.437674,26702,9,1
1,NewOrder,1772070019.438656,26787,17,1
2,Payment,1772070019.438720,17152,22,1
2,Payment,1772070019.441432,36296,18,1
2,Payment,1772070019.442096,29455,7,1
2,Payment,1772070019.442885,42009,11,1
1,NewOrder,1772070019.443828,33261,20,1
1,NewOrder,1772070019.446132,19374,4,1
1,NewOrder,1772070019.446929,28613,21,1
1,NewOrder,1772070019.447892,42893,10,1
2,Payment,1772070019.451620,38247,12,1
2,Payment,1772070019.452602,18267,1,1
2,Payment,1772070019.453011,57610,8,1
1,NewOrder,1772070019.453284,18298,16,1
1,NewOrder,1772070019.454227,21246,2,1
2,Payment,1772070019.455894,25559,22,1
2,Payment,1772070019.457496,21302,0,1
2,Payment,1772070019.457900,29068,19,1
1,NewOrder,1772070019.459927,17674,6,1
1,NewOrder,1772070019.464405,23036,9,1
4,Delivery,1772070019.465351,46568,15,1
2,Payment,1772070019.465454,17530,17,1
1,NewOrder,1772070019.465528,15576,4,1
2,Payment,1772070019.466990,27472,23,1
1,NewOrder,1772070019.470895,24949,1,1
1,NewOrder,1772070019.471574,35189,7,1
2,Payment,1772070019.471602,40840,16,1
1,NewOrder,1772070019.472705,25601,3,1
2,Payment,1772070019.474989,43964,14,1
3,OrderStatus,1772070019.475490,5668,2,1
2,Payment,1772070019.475562,48125,21,1
2,Payment,1772070019.477112,29535,20,1
2,Payment,1772070019.477620,17997,6,1
1,NewOrder,1772070019.477747,21213,18,1
1,NewOrder,1772070019.478819,37136,0,1
2,Payment,1772070019.479314,12156,5,1
2,Payment,1772070019.481125,20259,4,1
1,NewOrder,1772070019.481177,20000,2,1
2,Payment,1772070019.481484,34163,22,1
2,Payment,1772070019.483005,56198,17,1
2,Payment,1772070019.484912,31114,11,1
2,Payment,1772070019.486988,48067,19,1
2,Payment,1772070019.487474,34825,9,1
1,NewOrder,1772070019.489888,37892,12,1
1,NewOrder,1772070019.490801,21577,10,1
2,Payment,1772070019.491489,16618,5,1
1,NewOrder,1772070019.494480,31064,23,1
1,NewOrder,1772070019.495635,35744,6,1
1,NewOrder,1772070019.495863,10324,1,1
2,Payment,1772070019.498329,24846,3,1
1,NewOrder,1772070019.498977,19075,18,1
2,Payment,1772070019.500121,32528,13,1
1,NewOrder,1772070019.501196,24905,2,1
1,NewOrder,1772070019.501396,26322,4,1
2,Payment,1772070019.506211,24722,1,1
1,NewOrder,1772070019.506670,22879,20,1
5,StockLevel,1772070019.506783,24311,7,1
2,Payment,1772070019.508125,29036,5,1
2,Payment,1772070019.510635,23942,8,1
1,NewOrder,1772070019.511935,21196,15,1
4,Delivery,1772070019.512398,73898,10,1
2,Payment,1772070019.512455,13525,16,1
2,Payment,1772070019.515669,26752,22,1
2,Payment,1772070019.515973,39540,0,1
4,Delivery,1772070019.516047,70812,11,1
2,Payment,1772070019.518070,31956,18,1
3,OrderStatus,1772070019.518973,9853,14,1
1,NewOrder,1772070019.522322,24905,9,1
2,Payment,1772070019.523194,26794,3,1
2,Payment,1772070019.523703,34430,21,1
2,Payment,1772070019.525562,51133,23,1
2,Payment,1772070019.525997,47583,16,1
2,Payment,1772070019.526119,35620,2,1
1,NewOrder,1772070019.527736,15052,4,1
1,NewOrder,1772070019.527798,18000,12,1
2,Payment,1772070019.528845,17011,14,1
1,NewOrder,1772070019.529565,15725,20,1
1,NewOrder,1772070019.530958,23727,1,1
1,NewOrder,1772070019.531117,17665,7,1
4,Delivery,1772070019.531397,55462,6,1
2,Payment,1772070019.532662,23503,13,1
2,Payment,1772070019.533143,31649,15,1
2,Payment,1772070019.534595,17604,8,1
1,NewOrder,1772070019.535074,17167,19,1
1,NewOrder,1772070019.537180,21573,5,1
1,NewOrder,1772070019.539221,17020,17,1
2,Payment,1772070019.542440,23982,22,1
2,Payment,1772070019.542804,47648,4,1
2,Payment,1772070019.545314,36945,20,1
1,NewOrder,1772070019.545813,12892,12,1
2,Payment,1772070019.545873,34538,14,1
1,NewOrder,1772070019.547242,31132,9,1
2,Payment,1772070019.548801,9867,7,1
2,Payment,1772070019.550006,17949,3,1
5,StockLevel,1772070019.550042,11537,18,1
1,NewOrder,1772070019.552215,36334,8,1
1,NewOrder,1772070019.552265,21762,19,1
2,Payment,1772070019.554706,21061,1,1
1,NewOrder,1772070019.555528,11672,0,1
1,NewOrder,1772070019.556178,39847,13,1
1,NewOrder,1772070019.556259,21406,17,1
5,StockLevel,1772070019.558152,11105,21,1
2,Payment,1772070019.558685,8477,7,1
4,Delivery,1772070019.558726,8421,12,1
2,Payment,1772070019.558765,26132,5,1
2,Payment,1772070019.561597,34265,18,1
2,Payment,1772070019.561751,33163,2,1
2,Payment,1772070019.564810,22209,15,1
2,Payment,1772070019.566445,22596,22,1
5,StockLevel,1772070019.567167,21404,12,1
2,Payment,1772070019.567180,8162,7,1
3,OrderStatus,1772070019.567216,6106,0,1
1,NewOrder,1772070019.567973,31230,3,1
1,NewOrder,1772070019.569275,24692,21,1
1,NewOrder,1772070019.573352,16289,0,1
2,Payment,1772070019.573619,21187,16,1
3,OrderStatus,1772070019.574044,4504,19,1
1,NewOrder,1772070019.575359,19503,7,1
2,Payment,1772070019.575779,27488,1,1
2,Payment,1772070019.576717,26853,23,1
3,OrderStatus,1772070019.577683,3938,17,1
2,Payment,1772070019.578390,17590,9,1
2,Payment,1772070019.578566,38926,19,1
1,NewOrder,1772070019.580435,21010,14,1
2,Payment,1772070019.581641,27900,17,1
1,NewOrder,1772070019.582276,13031,20,1
2,Payment,1772070019.584916,27070,5,1
2,Payment,1772070019.586312,16819,10,1
1,NewOrder,1772070019.586878,15691,6,1
2,Payment,1772070019.586880,28537,11,1
1,NewOrder,1772070019.587036,27996,15,1
1,NewOrder,1772070019.588563,32896,8,1
2,Payment,1772070019.588585,28243,12,1
1,NewOrder,1772070019.589058,58940,22,1
2,Payment,1772070019.589657,37057,0,1
2,Payment,1772070019.590468,27051,4,1
2,Payment,1772070019.593984,36677,21,1
1,NewOrder,1772070019.594821,45819,16,1
2,Payment,1772070019.594877,38268,7,1
1,NewOrder,1772070019.594931,19469,2,1
1,NewOrder,1772070019.595319,24039,20,1
1,NewOrder,1772070019.595876,26250,18,1
2,Payment,1772070019.596003,28920,9,1
2,Payment,1772070019.596042,29587,13,1
1,NewOrder,1772070019.599240,32895,3,1
3,OrderStatus,1772070019.601461,7721,14,1
1,NewOrder,1772070019.602587,24554,6,1
1,NewOrder,1772070019.603147,36078,10,1
1,NewOrder,1772070019.603288,19525,1,1
1,NewOrder,1772070019.603587,27630,23,1
5,StockLevel,1772070019.609204,33754,14,1
2,Payment,1772070019.609569,23557,17,1
1,NewOrder,1772070019.612002,28544,5,1
1,NewOrder,1772070019.614421,19702,2,1
2,Payment,1772070019.615044,27126,15,1
1,NewOrder,1772070019.615429,40457,11,1
1,NewOrder,1772070019.616847,48258,12,1
2,Payment,1772070019.617511,17951,19,1
2,Payment,1772070019.617530,20790,4,1
1,NewOrder,1772070019.619375,23957,20,1
2,Payment,1772070019.621489,17766,8,1
1,NewOrder,1772070019.622157,16992,18,1
1,NewOrder,1772070019.622826,36381,1,1
4,Delivery,1772070019.624944,68748,9,1
1,NewOrder,1772070019.625665,40722,13,1
3,OrderStatus,1772070019.626733,5489,0,1
4,Delivery,1772070019.627160,66919,6,1
1,NewOrder,1772070019.630678,42195,21,1
2,Payment,1772070019.631232,12159,23,1
2,Payment,1772070019.632151,15966,3,1
2,Payment,1772070019.632236,27737,0,1
2,Payment,1772070019.633142,14381,17,1
1,NewOrder,1772070019.633156,31415,7,1
2,Payment,1772070019.634138,32653,2,1
1,NewOrder,1772070019.635478,33347,19,1
4,Delivery,1772070019.638339,109951,4,1
1,NewOrder,1772070019.639161,21975,18,1
2,Payment,1772070019.639242,15677,10,1
1,NewOrder,1772070019.639272,25761,8,1
1,NewOrder,1772070019.640558,27549,5,1
2,Payment,1772070019.640648,24418,16,1
2,Payment,1772070019.642185,10583,15,1
2,Payment,1772070019.642973,17039,14,1
2,Payment,1772070019.643349,12477,20,1
1,NewOrder,1772070019.643404,32285,23,1
4,Delivery,1772070019.647542,123128,17,1
3,OrderStatus,1772070019.648012,7630,22,1
4,Delivery,1772070019.648134,100544,3,1
1,NewOrder,1772070019.652785,32809,15,1
5,StockLevel,1772070019.654935,35231,10,1
4,Delivery,1772070019.655657,84309,22,1
3,OrderStatus,1772070019.655843,11010,20,1
2,Payment,1772070019.655899,14400,11,1
2,Payment,1772070019.659225,19501,1,1
2,Payment,1772070019.659982,13694,0,1
1,NewOrder,1772070019.660025,28243,14,1
2,Payment,1772070019.661150,15087,18,1
1,NewOrder,1772070019.664588,25499,7,1
1,NewOrder,1772070019.665047,21486,8,1
1,NewOrder,1772070019.665081,28617,16,1
2,Payment,1772070019.665129,11111,12,1
2,Payment,1772070019.666402,18857,13,1
2,Payment,1772070019.666807,19781,2,1
1,NewOrder,1772070019.666863,31378,20,1
2,Payment,1772070019.668121,26542,5,1
2,Payment,1772070019.668840,13113,19,1
2,Payment,1772070019.670313,13330,11,1
2,Payment,1772070019.672889,20658,21,1
1,NewOrder,1772070019.673690,26964,0,1
5,StockLevel,1772070019.675705,15980,23,1
1,NewOrder,1772070019.676253,25716,18,1
1,NewOrder,1772070019.676253,36522,12,1
2,Payment,1772070019.678744,19802,1,1
1,NewOrder,1772070019.681976,38728,19,1
2,Payment,1772070019.683654,9508,11,1
2,Payment,1772070019.685276,10920,13,1
2,Payment,1772070019.685607,13985,15,1
2,Payment,1772070019.686545,10956,8,1
2,Payment,1772070019.686606,18082,2,1
5,StockLevel,1772070019.688284,24221,14,1
2,Payment,1772070019.690104,13343,7,1
2,Payment,1772070019.690182,23494,10,1
2,Payment,1772070019.691700,10655,23,1
2,Payment,1772070019.693175,38835,11,1
2,Payment,1772070019.693557,13529,21,1
1,NewOrder,1772070019.693707,27018,9,1
1,NewOrder,1772070019.693715,26548,16,1
1,NewOrder,1772070019.694093,23785,6,1
2,Payment,1772070019.694676,14637,5,1
1,NewOrder,1772070019.696208,28423,13,1
2,Payment,1772070019.697513,26498,8,1
2,Payment,1772070019.698256,20531,20,1
1,NewOrder,1772070019.698557,29160,1,1
1,NewOrder,1772070019.699604,19722,15,1
1,NewOrder,1772070019.700662,23955,0,1
1,NewOrder,1772070019.701985,22534,18,1
2,Payment,1772070019.702371,9410,23,1
1,NewOrder,1772070019.703462,46516,7,1
1,NewOrder,1772070019.704701,30420,2,1
1,NewOrder,1772070019.707099,26298,21,1
3,OrderStatus,1772070019.709334,8733,5,1
1,NewOrder,1772070019.711795,23966,23,1
2,Payment,1772070019.712517,10345,14,1
1,NewOrder,1772070019.712791,42343,12,1
5,StockLevel,1772070019.713692,19754,10,1
1,NewOrder,1772070019.717900,37183,6,1
1,NewOrder,1772070019.718084,46205,5,1
1,NewOrder,1772070019.718805,38518,20,1
1,NewOrder,1772070019.719338,24834,15,1
3,OrderStatus,1772070019.720279,12442,16,1
2,Payment,1772070019.720719,11765,19,1
1,NewOrder,1772070019.720741,22614,9,1
1,NewOrder,1772070019.722876,40345,14,1
1,NewOrder,1772070019.724026,31631,8,1
3,OrderStatus,1772070019.724532,7562,18,1
1,NewOrder,1772070019.724627,41948,0,1
4,Delivery,1772070019.724643,46381,13,1
5,StockLevel,1772070019.727728,35697,1,1
1,NewOrder,1772070019.732032,41692,11,1
2,Payment,1772070019.732122,15313,18,1
2,Payment,1772070019.732504,8123,19,1
2,Payment,1772070019.732736,11820,16,1
1,NewOrder,1772070019.733408,13015,21,1
1,NewOrder,1772070019.733458,23888,10,1
1,NewOrder,1772070019.735138,26728,2,1
2,Payment,1772070019.735776,16918,23,1
2,Payment,1772070019.739984,16988,22,1
1,NewOrder,1772070019.740643,44763,19,1
2,Payment,1772070019.743382,10544,9,1
1,NewOrder,1772070019.744191,41239,15,1
2,Payment,1772070019.744595,11082,16,1
4,Delivery,1772070019.746462,78496,21,1
1,NewOrder,1772070019.747452,21541,18,1
1,NewOrder,1772070019.748303,30776,4,1
2,Payment,1772070019.748686,12612,3,1
4,Delivery,1772070019.749989,40909,7,1
2,Payment,1772070019.752705,12573,23,1
2,Payment,1772070019.753936,13386,9,1
1,NewOrder,1772070019.755091,24385,6,1
1,NewOrder,1772070019.755147,39023,12,1
1,NewOrder,1772070019.755670,29272,8,1
1,NewOrder,1772070019.755688,36364,16,1
1,NewOrder,1772070019.756984,42654,22,1
1,NewOrder,1772070019.757334,35458,20,1
1,NewOrder,1772070019.757356,42357,10,1
2,Payment,1772070019.761311,13657,3,1
1,NewOrder,1772070019.761877,33381,2,1
1,NewOrder,1772070019.763231,35587,14,1
2,Payment,1772070019.763438,17669,1,1
2,Payment,1772070019.764299,24216,5,1
1,NewOrder,1772070019.765290,39496,23,1
2,Payment,1772070019.766590,26947,0,1
1,NewOrder,1772070019.767337,40767,9,1
1,NewOrder,1772070019.769003,29164,18,1
2,Payment,1772070019.770682,15734,17,1
1,NewOrder,1772070019.771035,32680,13,1
1,NewOrder,1772070019.773757,37245,11,1
1,NewOrder,1772070019.774983,41398,3,1
5,StockLevel,1772070019.779094,34245,4,1
1,NewOrder,1772070019.779488,19297,6,1
2,Payment,1772070019.781117,18110,1,1
1,NewOrder,1772070019.784952,37211,8,1
4,Delivery,1772070019.785416,39991,19,1
2,Payment,1772070019.785440,13320,15,1
1,NewOrder,1772070019.786424,36914,17,1
1,NewOrder,1772070019.788525,33052,5,1
2,Payment,1772070019.790909,10459,7,1
1,NewOrder,1772070019.792060,30476,16,1
2,Payment,1772070019.792798,13026,20,1
2,Payment,1772070019.793545,10836,0,1
3,OrderStatus,1772070019.794179,7390,12,1
1,NewOrder,1772070019.795266,21089,2,1
1,NewOrder,1772070019.798180,25456,18,1
1,NewOrder,1772070019.798770,18153,15,1
1,NewOrder,1772070019.798797,32467,6,1
2,Payment,1772070019.798827,10747,14,1
2,Payment,1772070019.799233,7537,1,1
1,NewOrder,1772070019.799647,43867,22,1
2,Payment,1772070019.799721,14925,10,1
2,Payment,1772070019.801376,18398,7,1
1,NewOrder,1772070019.801578,26679,12,1
1,NewOrder,1772070019.803726,35821,13,1
1,NewOrder,1772070019.804387,26329,0,1
1,NewOrder,1772070019.804794,32248,23,1
2,Payment,1772070019.805846,11751,20,1
2,Payment,1772070019.806782,9162,1,1
2,Payment,1772070019.808114,20603,9,1
1,NewOrder,1772070019.809583,26141,14,1
2,Payment,1772070019.811011,23273,11,1
2,Payment,1772070019.813349,13975,4,1
3,OrderStatus,1772070019.814655,6582,10,1
2,Payment,1772070019.815952,13328,1,1
2,Payment,1772070019.816365,17184,2,1
1,NewOrder,1772070019.816392,24621,3,1
2,Payment,1772070019.816936,22194,15,1
2,Payment,1772070019.817604,13608,20,1
1,NewOrder,1772070019.819787,41273,7,1
2,Payment,1772070019.821245,20213,10,1
1,NewOrder,1772070019.821588,36078,5,1
5,StockLevel,1772070019.822177,33172,8,1
1,NewOrder,1772070019.822548,34711,16,1
1,NewOrder,1772070019.823353,34261,17,1
1,NewOrder,1772070019.823643,27907,18,1
1,NewOrder,1772070019.824988,25056,21,1
1,NewOrder,1772070019.825419,31890,19,1
1,NewOrder,1772070019.827331,30314,4,1
2,Payment,1772070019.828264,17521,12,1
1,NewOrder,1772070019.828726,26455,9,1
4,Delivery,1772070019.829285,43534,1,1
1,NewOrder,1772070019.830725,25182,0,1
3,OrderStatus,1772070019.831220,7446,20,1
1,NewOrder,1772070019.831277,29411,6,1
2,Payment,1772070019.833557,11212,2,1
2,Payment,1772070019.834289,13385,11,1
1,NewOrder,1772070019.835729,31025,14,1
1,NewOrder,1772070019.837055,23046,23,1
1,NewOrder,1772070019.838676,24200,20,1
1,NewOrder,1772070019.839139,34810,15,1
2,Payment,1772070019.839555,14836,13,1
2,Payment,1772070019.841022,14935,3,1
2,Payment,1772070019.841466,36852,10,1
1,NewOrder,1772070019.843527,38217,22,1
1,NewOrder,1772070019.844780,28672,2,1
1,NewOrder,1772070019.845794,31966,12,1
2,Payment,1772070019.847681,21511,11,1
2,Payment,1772070019.850055,14536,21,1
1,NewOrder,1772070019.851558,36297,18,1
2,Payment,1772070019.854404,10943,13,1
3,OrderStatus,1772070019.855193,8955,9,1
1,NewOrder,1772070019.855358,33286,8,1
1,NewOrder,1772070019.855916,25739,0,1
2,Payment,1772070019.855966,10322,3,1
2,Payment,1772070019.857266,12670,16,1
3,OrderStatus,1772070019.857321,6627,19,1
1,NewOrder,1772070019.857626,41991,17,1
1,NewOrder,1772070019.857656,45395,4,1
1,NewOrder,1772070019.857675,36302,5,1
1,NewOrder,1772070019.860109,27081,23,1
4,Delivery,1772070019.860694,17578,6,1
1,NewOrder,1772070019.861069,40593,7,1
2,Payment,1772070019.862883,18234,20,1
2,Payment,1772070019.863957,10732,19,1
1,NewOrder,1772070019.864163,24237,9,1
4,Delivery,1772070019.864603,49704,21,1
5,StockLevel,1772070019.865355,36607,13,1
1,NewOrder,1772070019.866299,34888,3,1
2,Payment,1772070019.866766,11551,14,1
2,Payment,1772070019.869201,12408,11,1
2,Payment,1772070019.869943,11791,16,1
1,NewOrder,1772070019.872828,35717,1,1
2,Payment,1772070019.873461,18297,2,1
2,Payment,1772070019.873958,26099,15,1
1,NewOrder,1772070019.874696,25325,19,1
2,Payment,1772070019.877771,16969,12,1
2,Payment,1772070019.878280,12474,6,1
1,NewOrder,1772070019.878326,32457,10,1
3,OrderStatus,1772070019.878330,7832,14,1
5,StockLevel,1772070019.881126,29736,20,1
2,Payment,1772070019.881619,11795,11,1
1,NewOrder,1772070019.881667,36350,0,1
2,Payment,1772070019.881745,26531,16,1
2,Payment,1772070019.881752,9576,22,1
2,Payment,1772070019.886173,19919,14,1
1,NewOrder,1772070019.887198,21378,23,1
1,NewOrder,1772070019.887866,24764,18,1
1,NewOrder,1772070019.888413,23708,9,1
1,NewOrder,1772070019.888651,37065,8,1
2,Payment,1772070019.890762,11665,6,1
4,Delivery,1772070019.891343,23529,22,1
1,NewOrder,1772070019.891766,27446,2,1
3,OrderStatus,1772070019.893424,5322,11,1
1,NewOrder,1772070019.893988,38200,5,1
1,NewOrder,1772070019.894749,28136,12,1
1,NewOrder,1772070019.898754,42395,11,1
1,NewOrder,1772070019.899630,35808,17,1
1,NewOrder,1772070019.900039,24721,19,1
2,Payment,1772070019.900066,11384,15,1
1,NewOrder,1772070019.901196,19475,3,1
4,Delivery,1772070019.901672,32560,7,1
2,Payment,1772070019.901967,25829,13,1
1,NewOrder,1772070019.902432,18671,6,1
2,Payment,1772070019.903063,12545,4,1
2,Payment,1772070019.906132,15008,14,1
2,Payment,1772070019.908327,9349,16,1
1,NewOrder,1772070019.908556,33239,1,1
2,Payment,1772070019.908590,7414,23,1
2,Payment,1772070019.910790,12474,10,1
1,NewOrder,1772070019.910867,37529,20,1
1,NewOrder,1772070019.911459,19388,15,1
2,Payment,1772070019.912131,16163,9,1
1,NewOrder,1772070019.912638,24647,18,1
2,Payment,1772070019.914318,13883,21,1
2,Payment,1772070019.914879,3211,22,1
2,Payment,1772070019.915617,8063,4,1
2,Payment,1772070019.916015,15220,23,1
1,NewOrder,1772070019.917683,19133,16,1
4,Delivery,1772070019.918025,17448,0,1
4,Delivery,1772070019.918098,51653,22,1
2,Payment,1772070019.919220,12043,2,1
4,Delivery,1772070019.920676,15135,3,1
1,NewOrder,1772070019.921108,27295,6,1
1,NewOrder,1772070019.921149,27700,14,1
1,NewOrder,1772070019.922892,20879,12,1
1,NewOrder,1772070019.923268,35763,10,1
1,NewOrder,1772070019.923690,38660,4,1
4,Delivery,1772070019.924778,45329,19,1
1,NewOrder,1772070019.925723,38122,8,1
2,Payment,1772070019.927802,7261,13,1
1,NewOrder,1772070019.928209,30384,21,1
2,Payment,1772070019.928302,6860,9,1
2,Payment,1772070019.930857,6958,15,1
2,Payment,1772070019.931242,6595,23,1
2,Payment,1772070019.931272,8710,2,1
1,NewOrder,1772070019.932200,24876,5,1
2,Payment,1772070019.934240,10056,7,1
2,Payment,1772070019.935071,16680,13,1
1,NewOrder,1772070019.935166,28323,9,1
2,Payment,1772070019.935447,13657,17,1
2,Payment,1772070019.935479,11840,0,1
3,OrderStatus,1772070019.935817,4186,3,1
1,NewOrder,1772070019.936821,21728,16,1
5,StockLevel,1772070019.937292,13350,18,1
2,Payment,1772070019.937823,16025,15,1
1,NewOrder,1772070019.937845,33538,23,1
2,Payment,1772070019.939990,10225,2,1
1,NewOrder,1772070019.940010,26585,3,1
1,NewOrder,1772070019.941156,39483,11,1
4,Delivery,1772070019.941804,39297,1,1
1,NewOrder,1772070019.943780,25285,12,1
1,NewOrder,1772070019.944305,32846,7,1
1,NewOrder,1772070019.947324,30645,0,1
2,Payment,1772070019.948405,9199,20,1
2,Payment,1772070019.948411,10695,6,1
2,Payment,1772070019.948857,9289,14,1
1,NewOrder,1772070019.949110,22761,17,1
1,NewOrder,1772070019.950222,20843,2,1
4,Delivery,1772070019.950652,19428,18,1
1,NewOrder,1772070019.951760,26331,13,1
1,NewOrder,1772070019.953857,16820,15,1
4,Delivery,1772070019.957086,24455,5,1
1,NewOrder,1772070019.957608,38702,20,1
1,NewOrder,1772070019.958157,36839,14,1
1,NewOrder,1772070019.958556,30929,16,1
1,NewOrder,1772070019.958602,23863,21,1
1,NewOrder,1772070019.959041,36782,10,1
1,NewOrder,1772070019.959116,30357,6,1
2,Payment,1772070019.962360,8678,4,1
1,NewOrder,1772070019.963499,23403,9,1
1,NewOrder,1772070019.963854,19684,8,1
3,OrderStatus,1772070019.966606,8055,3,1
2,Payment,1772070019.969075,13131,12,1
2,Payment,1772070019.969760,15256,22,1
1,NewOrder,1772070019.970088,32580,18,1
2,Payment,1772070019.970117,7855,19,1
2,Payment,1772070019.970684,13430,15,1
1,NewOrder,1772070019.971046,24028,4,1
3,OrderStatus,1772070019.971072,6970,2,1
1,NewOrder,1772070019.971393,22724,23,1
2,Payment,1772070019.971879,24402,17,1
3,OrderStatus,1772070019.974673,7172,3,1
1,NewOrder,1772070019.977161,37105,7,1
1,NewOrder,1772070019.977977,20959,0,1
2,Payment,1772070019.977984,9269,19,1
1,NewOrder,1772070019.978051,17262,2,1
2,Payment,1772070019.978097,10088,13,1
1,NewOrder,1772070019.980649,27852,11,1
1,NewOrder,1772070019.981109,28781,1,1
2,Payment,1772070019.981549,7905,5,1
1,NewOrder,1772070019.981851,27520,3,1
1,NewOrder,1772070019.982211,29036,12,1
2,Payment,1772070019.982474,11975,21,1
1,NewOrder,1772070019.983545,26277,8,1
1,NewOrder,1772070019.984125,29687,15,1
1,NewOrder,1772070019.985024,32284,22,1
2,Payment,1772070019.986911,8377,9,1
1,NewOrder,1772070019.987263,31203,19,1
3,OrderStatus,1772070019.988195,10177,13,1
2,Payment,1772070019.989460,12368,5,1
2,Payment,1772070019.989482,13102,6,1
1,NewOrder,1772070019.989493,35560,16,1
5,StockLevel,1772070019.994128,16150,23,1
2,Payment,1772070019.994458,12049,21,1
1,NewOrder,1772070019.995006,27615,14,1
1,NewOrder,1772070019.995083,22358,4,1
2,Payment,1772070019.995293,22422,9,1
2,Payment,1772070019.995323,9208,2,1
2,Payment,1772070019.995828,15776,10,1
1,NewOrder,1772070019.996287,38790,17,1
2,Payment,1772070019.996317,13111,20,1
1,NewOrder,1772070019.998379,22026,13,1
1,NewOrder,1772070019.998943,27225,0,1
2,Payment,1772070020.001836,12950,5,1
1,NewOrder,1772070020.002593,25360,6,1
1,NewOrder,1772070020.002679,20032,18,1
1,NewOrder,1772070020.004540,40888,2,1
2,Payment,1772070020.006515,10115,21,1
1,NewOrder,1772070020.008509,22285,11,1
2,Payment,1772070020.009382,12705,3,1
2,Payment,1772070020.009435,9840,20,1
2,Payment,1772070020.009831,13082,8,1
1,NewOrder,1772070020.009895,24707,1,1
1,NewOrder,1772070020.010287,21497,23,1
1,NewOrder,1772070020.011254,20003,12,1
1,NewOrder,1772070020.011613,27427,10,1
1,NewOrder,1772070020.013829,34167,15,1
2,Payment,1772070020.014273,11115,7,1
1,NewOrder,1772070020.014792,40320,5,1
1,NewOrder,1772070020.016640,27740,21,1
1,NewOrder,1772070020.017317,41661,22,1
2,Payment,1772070020.017445,10551,4,1
1,NewOrder,1772070020.017720,34605,9,1
2,Payment,1772070020.018475,8639,19,1
1,NewOrder,1772070020.019281,32701,20,1
2,Payment,1772070020.020414,7442,13,1
1,NewOrder,1772070020.022095,36133,3,1
2,Payment,1772070020.022626,8507,14,1
2,Payment,1772070020.022718,12910,18,1
2,Payment,1772070020.022922,12727,8,1
2,Payment,1772070020.025065,10559,16,1
1,NewOrder,1772070020.025397,18978,7,1
2,Payment,1772070020.026174,12028,0,1
2,Payment,1772070020.027126,11646,19,1
2,Payment,1772070020.027863,10813,13,1
3,OrderStatus,1772070020.027958,9974,6,1
1,NewOrder,1772070020.028006,24386,4,1
2,Payment,1772070020.030801,8512,11,1
2,Payment,1772070020.031142,9673,14,1
1,NewOrder,1772070020.031269,19901,12,1
1,NewOrder,1772070020.031794,36581,23,1
1,NewOrder,1772070020.034614,36649,1,1
2,Payment,1772070020.035085,12027,17,1
2,Payment,1772070020.035635,8325,16,1
2,Payment,1772070020.035636,14453,18,1
1,NewOrder,1772070020.035658,36845,8,1
1,NewOrder,1772070020.037939,38129,6,1
2,Payment,1772070020.038212,9210,0,1
1,NewOrder,1772070020.038682,19598,13,1
1,NewOrder,1772070020.038783,28100,19,1
2,Payment,1772070020.039048,9320,10,1
4,Delivery,1772070020.039321,120666,11,1
3,OrderStatus,1772070020.040824,9745,14,1
1,NewOrder,1772070020.043970,37206,16,1
4,Delivery,1772070020.044385,115973,7,1
1,NewOrder,1772070020.044389,31174,21,1
2,Payment,1772070020.045435,12742,2,1
1,NewOrder,1772070020.047121,33720,17,1
2,Payment,1772070020.047430,14092,0,1
2,Payment,1772070020.048008,7500,15,1
2,Payment,1772070020.048375,9369,10,1
2,Payment,1772070020.050096,10829,18,1
2,Payment,1772070020.050579,9834,14,1
1,NewOrder,1772070020.051180,22882,12,1
2,Payment,1772070020.051991,12047,20,1
3,OrderStatus,1772070020.052351,7360,9,1
2,Payment,1772070020.052404,12291,4,1
1,NewOrder,1772070020.055119,38987,5,1
2,Payment,1772070020.055521,8905,15,1
1,NewOrder,1772070020.057753,21555,10,1
1,NewOrder,1772070020.058187,21447,2,1
1,NewOrder,1772070020.058236,31217,3,1
1,NewOrder,1772070020.058286,27604,13,1
2,Payment,1772070020.058984,9892,22,1
1,NewOrder,1772070020.059717,34314,9,1
4,Delivery,1772070020.060419,70017,14,1
1,NewOrder,1772070020.060935,33958,18,1
4,Delivery,1772070020.061531,18129,0,1
1,NewOrder,1772070020.064050,42541,20,1
1,NewOrder,1772070020.064439,29517,15,1
1,NewOrder,1772070020.064703,42508,4,1
1,NewOrder,1772070020.066893,18507,19,1
3,OrderStatus,1772070020.068386,8563,23,1
2,Payment,1772070020.068883,7154,22,1
1,NewOrder,1772070020.071274,22144,1,1
1,NewOrder,1772070020.072514,21513,8,1
3,OrderStatus,1772070020.074074,9229,12,1
2,Payment,1772070020.075572,11529,21,1
2,Payment,1772070020.076042,13762,22,1
2,Payment,1772070020.076080,11723,6,1
1,NewOrder,1772070020.076955,27710,23,1
2,Payment,1772070020.079316,10564,10,1
1,NewOrder,1772070020.079641,35050,2,1
3,OrderStatus,1772070020.079670,7054,0,1
2,Payment,1772070020.080848,17263,17,1
2,Payment,1772070020.081183,19196,16,1
1,NewOrder,1772070020.083311,36430,12,1
2,Payment,1772070020.085410,8757,19,1
1,NewOrder,1772070020.085900,24334,13,1
3,OrderStatus,1772070020.086734,11055,0,1
1,NewOrder,1772070020.087109,36666,21,1
1,NewOrder,1772070020.087811,37675,6,1
1,NewOrder,1772070020.089466,27410,3,1
1,NewOrder,1772070020.089813,31287,22,1
2,Payment,1772070020.089888,12092,10,1
2,Payment,1772070020.093428,9623,1,1
2,Payment,1772070020.093966,8861,15,1
1,NewOrder,1772070020.094035,24600,8,1
2,Payment,1772070020.094039,9714,9,1
5,StockLevel,1772070020.094112,28855,5,1
1,NewOrder,1772070020.094173,32018,19,1
1,NewOrder,1772070020.094899,22484,18,1
2,Payment,1772070020.097796,7955,0,1
2,Payment,1772070020.098132,9895,17,1
2,Payment,1772070020.100388,10382,16,1
1,NewOrder,1772070020.101991,22311,10,1
2,Payment,1772070020.102835,17306,15,1
2,Payment,1772070020.103061,7908,1,1
1,NewOrder,1772070020.103761,30379,9,1
2,Payment,1772070020.104672,12281,23,1
4,Delivery,1772070020.105760,12579,0,1
2,Payment,1772070020.106620,12745,20,1
1,NewOrder,1772070020.107220,25839,4,1
2,Payment,1772070020.108038,7967,17,1
5,StockLevel,1772070020.110243,24447,13,1
1,NewOrder,1772070020.110780,34913,16,1
2,Payment,1772070020.110979,5045,1,1
1,NewOrder,1772070020.114698,29458,2,1
2,Payment,1772070020.116015,21182,17,1
2,Payment,1772070020.116035,5552,1,1
5,StockLevel,1772070020.116885,21774,3,1
2,Payment,1772070020.116961,7234,23,1
1,NewOrder,1772070020.117394,21801,18,1
1,NewOrder,1772070020.118346,29366,0,1
1,NewOrder,1772070020.118640,36386,8,1
1,NewOrder,1772070020.119373,21330,20,1
2,Payment,1772070020.119747,11462,12,1
2,Payment,1772070020.120158,24774,15,1
1,NewOrder,1772070020.121107,35795,22,1
2,Payment,1772070020.121593,5378,1,1
1,NewOrder,1772070020.122974,24766,5,1
1,NewOrder,1772070020.123780,35712,21,1
4,Delivery,1772070020.124202,118133,23,1
2,Payment,1772070020.124313,7415,10,1
2,Payment,1772070020.125493,9458,6,1
2,Payment,1772070020.126197,6846,19,1
1,NewOrder,1772070020.126979,35790,1,1
2,Payment,1772070020.130444,16821,14,1
1,NewOrder,1772070020.131217,26438,12,1
3,OrderStatus,1772070020.131739,8361,10,1
2,Payment,1772070020.133050,5144,19,1
1,NewOrder,1772070020.133067,22479,4,1
1,NewOrder,1772070020.134158,28157,9,1
2,Payment,1772070020.134694,14875,13,1
1,NewOrder,1772070020.134962,26994,6,1
1,NewOrder,1772070020.137206,39019,17,1
1,NewOrder,1772070020.138206,22829,19,1
4,Delivery,1772070020.138669,82489,3,1
1,NewOrder,1772070020.139201,21210,18,1
5,StockLevel,1772070020.140108,25374,10,1
2,Payment,1772070020.140717,11227,20,1
1,NewOrder,1772070020.144168,34085,2,1
2,Payment,1772070020.144944,12407,15,1
2,Payment,1772070020.145700,14174,16,1
5,StockLevel,1772070020.147275,15957,14,1
5,StockLevel,1772070020.147720,16708,0,1
2,Payment,1772070020.147751,7769,5,1
1,NewOrder,1772070020.149577,26242,13,1
2,Payment,1772070020.151955,5668,20,1
2,Payment,1772070020.155036,8018,8,1
2,Payment,1772070020.155531,10153,5,1
2,Payment,1772070020.155555,7247,4,1
1,NewOrder,1772070020.156910,24920,22,1
1,NewOrder,1772070020.157362,60311,15,1
2,Payment,1772070020.157629,5613,20,1
1,NewOrder,1772070020.157664,32171,12,1
1,NewOrder,1772070020.159500,28550,21,1
1,NewOrder,1772070020.159885,20731,16,1
2,Payment,1772070020.159994,10197,11,1
4,Delivery,1772070020.160366,20277,7,1
2,Payment,1772070020.160418,10917,18,1
2,Payment,1772070020.161046,12191,19,1
2,Payment,1772070020.161963,10849,6,1
1,NewOrder,1772070020.162320,25416,9,1
1,NewOrder,1772070020.162780,44299,1,1
1,NewOrder,1772070020.162811,17409,4,1
1,NewOrder,1772070020.163060,31753,8,1
2,Payment,1772070020.163237,10874,14,1
1,NewOrder,1772070020.163254,41910,20,1
1,NewOrder,1772070020.164434,22004,0,1
2,Payment,1772070020.165491,10673,10,1
1,NewOrder,1772070020.165693,28468,5,1
1,NewOrder,1772070020.170200,34843,11,1
1,NewOrder,1772070020.171345,26352,18,1
2,Payment,1772070020.172819,9700,6,1
1,NewOrder,1772070020.173242,31829,19,1
2,Payment,1772070020.174123,9549,14,1
3,OrderStatus,1772070020.175831,8717,13,1
1,NewOrder,1772070020.176172,38546,10,1
1,NewOrder,1772070020.176235,39977,17,1
1,NewOrder,1772070020.178263,35172,2,1
2,Payment,1772070020.180225,11809,4,1
1,NewOrder,1772070020.180621,21246,16,1
2,Payment,1772070020.180651,9540,7,1
2,Payment,1772070020.181840,8575,22,1
2,Payment,1772070020.182528,10793,6,1
2,Payment,1772070020.183680,6527,14,1
2,Payment,1772070020.184560,10484,13,1
2,Payment,1772070020.186447,14338,0,1
1,NewOrder,1772070020.187745,24371,9,1
1,NewOrder,1772070020.188054,33169,21,1
1,NewOrder,1772070020.189845,29986,12,1
5,StockLevel,1772070020.190199,18086,7,1
1,NewOrder,1772070020.190214,24527,14,1
1,NewOrder,1772070020.190420,20997,22,1
1,NewOrder,1772070020.192041,38525,4,1
1,NewOrder,1772070020.193329,28976,6,1
2,Payment,1772070020.194166,10912,5,1
2,Payment,1772070020.194824,9782,8,1
2,Payment,1772070020.195055,7396,13,1
1,NewOrder,1772070020.197707,35203,18,1
1,NewOrder,1772070020.200794,28561,0,1
3,OrderStatus,1772070020.201873,7531,16,1
1,NewOrder,1772070020.202460,27201,13,1
1,NewOrder,1772070020.204618,23961,8,1
2,Payment,1772070020.205052,8879,11,1
2,Payment,1772070020.205082,6942,19,1
2,Payment,1772070020.205085,5717,5,1
2,Payment,1772070020.205170,8815,20,1
1,NewOrder,1772070020.207087,37477,1,1
5,StockLevel,1772070020.208297,27802,7,1
1,NewOrder,1772070020.209412,27664,16,1
1,NewOrder,1772070020.210808,26876,5,1
2,Payment,1772070020.211429,9325,22,1
1,NewOrder,1772070020.212033,20268,19,1
1,NewOrder,1772070020.212122,30618,9,1
1,NewOrder,1772070020.213441,30160,2,1
5,StockLevel,1772070020.213942,30318,11,1
1,NewOrder,1772070020.213992,22197,20,1
1,NewOrder,1772070020.214725,23623,10,1
1,NewOrder,1772070020.214753,32703,14,1
2,Payment,1772070020.216219,14387,17,1
2,Payment,1772070020.217686,19979,15,1
5,StockLevel,1772070020.219839,17298,12,1
1,NewOrder,1772070020.220763,27386,22,1
1,NewOrder,1772070020.221164,24830,3,1
2,Payment,1772070020.221227,8459,21,1
1,NewOrder,1772070020.222312,18203,6,1
4,Delivery,1772070020.228592,73385,8,1
1,NewOrder,1772070020.229364,40535,0,1
2,Payment,1772070020.229669,10439,13,1
1,NewOrder,1772070020.229696,22072,21,1
1,NewOrder,1772070020.230573,24182,4,1
4,Delivery,1772070020.230614,63542,17,1
1,NewOrder,1772070020.232312,29912,19,1
5,StockLevel,1772070020.232917,13316,18,1
1,NewOrder,1772070020.236107,28575,7,1
1,NewOrder,1772070020.236198,19330,20,1
5,StockLevel,1772070020.237082,27131,16,1
2,Payment,1772070020.237142,11531,12,1
2,Payment,1772070020.237677,6567,15,1
1,NewOrder,1772070020.237691,33935,5,1
2,Payment,1772070020.238358,9793,10,1
2,Payment,1772070020.240116,6226,13,1
2,Payment,1772070020.240523,9268,6,1
1,NewOrder,1772070020.242344,25094,23,1
2,Payment,1772070020.242749,9340,9,1
2,Payment,1772070020.243610,9519,2,1
2,Payment,1772070020.244253,9954,15,1
1,NewOrder,1772070020.244272,25313,11,1
1,NewOrder,1772070020.244570,31606,1,1
1,NewOrder,1772070020.246003,30879,3,1
1,NewOrder,1772070020.246250,22274,18,1
2,Payment,1772070020.246350,9516,13,1
2,Payment,1772070020.247464,12083,14,1
2,Payment,1772070020.248155,9112,22,1
5,StockLevel,1772070020.248158,15625,10,1
2,Payment,1772070020.248682,8922,12,1
1,NewOrder,1772070020.249800,33621,6,1
2,Payment,1772070020.251775,8613,21,1
2,Payment,1772070020.252095,7874,9,1
2,Payment,1772070020.253137,7340,2,1
1,NewOrder,1772070020.254219,26044,15,1
1,NewOrder,1772070020.254764,36932,4,1
2,Payment,1772070020.255538,8271,20,1
1,NewOrder,1772070020.255874,37732,13,1
1,NewOrder,1772070020.257275,40154,22,1
2,Payment,1772070020.257614,7041,12,1
1,NewOrder,1772070020.259555,30976,14,1
1,NewOrder,1772070020.259971,23937,9,1
1,NewOrder,1772070020.260397,27712,21,1
1,NewOrder,1772070020.260487,30070,2,1
1,NewOrder,1772070020.262230,20638,19,1
1,NewOrder,1772070020.263791,24303,10,1
2,Payment,1772070020.263817,6960,20,1
2,Payment,1772070020.264222,7768,16,1
2,Payment,1772070020.264661,8864,12,1
1,NewOrder,1772070020.264689,36715,7,1
2,Payment,1772070020.267453,10336,23,1
1,NewOrder,1772070020.268533,22835,18,1
1,NewOrder,1772070020.269596,21791,11,1
2,Payment,1772070020.269908,9261,0,1
1,NewOrder,1772070020.270785,41507,20,1
1,NewOrder,1772070020.271636,26924,5,1
1,NewOrder,1772070020.271997,22131,16,1
2,Payment,1772070020.273532,8387,12,1
2,Payment,1772070020.276187,13104,1,1
1,NewOrder,1772070020.276890,11106,3,1
2,Payment,1772070020.277799,9737,23,1
2,Payment,1772070020.279178,12557,0,1
2,Payment,1772070020.280272,13928,15,1
2,Payment,1772070020.281929,8512,12,1
4,Delivery,1772070020.282878,42226,19,1
1,NewOrder,1772070020.283433,24363,6,1
2,Payment,1772070020.283916,7988,9,1
2,Payment,1772070020.287550,6573,23,1
2,Payment,1772070020.288004,19828,3,1
2,Payment,1772070020.288102,12422,10,1
1,NewOrder,1772070020.288119,28580,21,1
2,Payment,1772070020.289303,9719,1,1
1,NewOrder,1772070020.290446,37423,12,1
2,Payment,1772070020.290539,5534,14,1
2,Payment,1772070020.290566,10446,2,1
3,OrderStatus,1772070020.291380,6876,18,1
2,Payment,1772070020.291393,15678,11,1
2,Payment,1772070020.291702,21684,4,1
2,Payment,1772070020.291744,17737,0,1
2,Payment,1772070020.291914,12123,9,1
4,Delivery,1772070020.293615,3335,13,1
1,NewOrder,1772070020.294138,22362,16,1
1,NewOrder,1772070020.294142,17673,23,1
5,StockLevel,1772070020.294162,27674,17,1
2,Payment,1772070020.294214,6785,15,1
1,NewOrder,1772070020.296084,28174,14,1
1,NewOrder,1772070020.296955,22906,13,1
1,NewOrder,1772070020.297439,36356,22,1
2,Payment,1772070020.298266,16933,18,1
1,NewOrder,1772070020.298567,29920,5,1
2,Payment,1772070020.299035,13149,1,1
4,Delivery,1772070020.300532,3469,10,1
1,NewOrder,1772070020.301010,25000,15,1
1,NewOrder,1772070020.301019,27847,2,1
5,StockLevel,1772070020.301410,15606,7,1
1,NewOrder,1772070020.301982,26908,8,1
1,NewOrder,1772070020.304008,27349,10,1
2,Payment,1772070020.304044,8636,9,1
2,Payment,1772070020.307078,7262,11,1
2,Payment,1772070020.307807,9225,6,1
1,NewOrder,1772070020.307843,33856,3,1
1,NewOrder,1772070020.309489,33407,0,1
1,NewOrder,1772070020.311826,29465,23,1
2,Payment,1772070020.312190,8036,1,1
1,NewOrder,1772070020.312306,29404,20,1
1,NewOrder,1772070020.312688,33929,9,1
2,Payment,1772070020.313395,9005,4,1
1,NewOrder,1772070020.314347,27324,11,1
2,Payment,1772070020.315209,9839,18,1
2,Payment,1772070020.316514,8119,16,1
1,NewOrder,1772070020.316711,33880,21,1
2,Payment,1772070020.317028,10868,7,1
5,StockLevel,1772070020.317042,21457,6,1
2,Payment,1772070020.319872,8576,13,1
1,NewOrder,1772070020.320237,23037,1,1
4,Delivery,1772070020.321847,61024,17,1
2,Payment,1772070020.322408,7773,4,1
2,Payment,1772070020.324270,6446,14,1
5,StockLevel,1772070020.324641,16626,16,1
1,NewOrder,1772070020.325059,25602,18,1
1,NewOrder,1772070020.325114,34495,19,1
1,NewOrder,1772070020.326022,19670,15,1
1,NewOrder,1772070020.327880,33834,12,1
1,NewOrder,1772070020.327907,32227,7,1
2,Payment,1772070020.328454,6772,13,1
1,NewOrder,1772070020.328496,18099,5,1
1,NewOrder,1772070020.328872,30771,2,1
2,Payment,1772070020.328897,11734,8,1
1,NewOrder,1772070020.330187,35779,4,1
1,NewOrder,1772070020.330727,23202,14,1
1,NewOrder,1772070020.331363,31347,10,1
1,NewOrder,1772070020.333803,37117,22,1
2,Payment,1772070020.335234,6489,13,1
1,NewOrder,1772070020.338508,31343,6,1
2,Payment,1772070020.340643,9186,8,1
2,Payment,1772070020.341276,9201,16,1
1,NewOrder,1772070020.341299,23484,23,1
4,Delivery,1772070020.341678,58403,11,1
3,OrderStatus,1772070020.341710,7697,3,1
3,OrderStatus,1772070020.341723,9589,20,1
1,NewOrder,1772070020.341734,29783,13,1
1,NewOrder,1772070020.342902,28169,0,1
2,Payment,1772070020.343285,9083,1,1
2,Payment,1772070020.345701,7172,15,1
1,NewOrder,1772070020.346603,35604,5,1
1,NewOrder,1772070020.346625,24253,9,1
1,NewOrder,1772070020.349418,29282,3,1
1,NewOrder,1772070020.349837,21542,8,1
1,NewOrder,1772070020.350486,20734,16,1
1,NewOrder,1772070020.350603,35825,21,1
3,OrderStatus,1772070020.350670,6627,18,1
2,Payment,1772070020.351323,7315,20,1
2,Payment,1772070020.352380,7612,1,1
1,NewOrder,1772070020.352881,31671,15,1
3,OrderStatus,1772070020.353940,8144,14,1
1,NewOrder,1772070020.357307,31278,18,1
1,NewOrder,1772070020.358649,33110,20,1
2,Payment,1772070020.359619,14077,19,1
2,Payment,1772070020.359654,10198,2,1
2,Payment,1772070020.360003,13059,1,1
2,Payment,1772070020.360141,10830,7,1
4,Delivery,1772070020.361723,21453,12,1
5,StockLevel,1772070020.362096,16224,14,1
2,Payment,1772070020.362719,15312,10,1
2,Payment,1772070020.364797,11433,23,1
2,Payment,1772070020.365974,9392,4,1
2,Payment,1772070020.369862,11799,2,1
2,Payment,1772070020.369865,15257,6,1
5,StockLevel,1772070020.370884,18950,9,1
2,Payment,1772070020.370931,7789,22,1
2,Payment,1772070020.370983,11236,7,1
1,NewOrder,1772070020.371082,29031,0,1
2,Payment,1772070020.371225,3534,16,1
2,Payment,1772070020.371392,16122,8,1
2,Payment,1772070020.371523,7221,13,1
3,OrderStatus,1772070020.373073,11457,1,1
1,NewOrder,1772070020.373711,37583,19,1
1,NewOrder,1772070020.374769,30320,16,1
1,NewOrder,1772070020.375374,35464,4,1
3,OrderStatus,1772070020.376246,7563,23,1
5,StockLevel,1772070020.378038,19284,10,1
2,Payment,1772070020.378329,8461,14,1
5,StockLevel,1772070020.378712,14264,3,1
2,Payment,1772070020.378727,6297,22,1
2,Payment,1772070020.378752,6405,13,1
1,NewOrder,1772070020.381667,27630,2,1
2,Payment,1772070020.382213,8158,5,1
2,Payment,1772070020.382231,7293,7,1
1,NewOrder,1772070020.382879,37903,17,1
1,NewOrder,1772070020.383184,33407,12,1
2,Payment,1772070020.383822,9235,23,1
2,Payment,1772070020.384541,7714,1,1
1,NewOrder,1772070020.384561,28319,15,1
2,Payment,1772070020.385033,9410,22,1
2,Payment,1772070020.385126,13288,6,1
2,Payment,1772070020.385166,5579,13,1
1,NewOrder,1772070020.386436,18956,21,1
1,NewOrder,1772070020.386795,33400,14,1
2,Payment,1772070020.387525,9345,8,1
2,Payment,1772070020.388596,7947,18,1
2,Payment,1772070020.389530,11292,7,1
1,NewOrder,1772070020.389843,37318,9,1
5,StockLevel,1772070020.390379,23498,5,1
1,NewOrder,1772070020.390750,24478,13,1
1,NewOrder,1772070020.391766,26705,20,1
2,Payment,1772070020.392265,22644,1,1
2,Payment,1772070020.392985,11559,3,1
2,Payment,1772070020.393065,9769,23,1
1,NewOrder,1772070020.394451,37264,22,1
2,Payment,1772070020.396551,10023,18,1
2,Payment,1772070020.396878,8837,8,1
1,NewOrder,1772070020.397330,18616,10,1
1,NewOrder,1772070020.398423,38965,6,1
1,NewOrder,1772070020.400089,30170,11,1
1,NewOrder,1772070020.400122,26062,0,1
5,StockLevel,1772070020.400833,16124,7,1
1,NewOrder,1772070020.402845,38074,23,1
2,Payment,1772070020.404553,7875,3,1
5,StockLevel,1772070020.405098,15571,16,1
1,NewOrder,1772070020.405397,18649,21,1
1,NewOrder,1772070020.405724,15201,8,1
2,Payment,1772070020.406581,7818,18,1
3,OrderStatus,1772070020.409308,6931,2,1
1,NewOrder,1772070020.410844,33643,4,1
2,Payment,1772070020.411302,9971,19,1
2,Payment,1772070020.412433,8266,3,1
1,NewOrder,1772070020.412885,25348,15,1
2,Payment,1772070020.413893,10219,5,1
2,Payment,1772070020.414409,10619,18,1
4,Delivery,1772070020.414920,28903,1,1
1,NewOrder,1772070020.415237,37125,13,1
1,NewOrder,1772070020.415956,28559,10,1
2,Payment,1772070020.416246,10316,2,1
2,Payment,1772070020.416600,6321,12,1
1,NewOrder,1772070020.416974,21933,7,1
2,Payment,1772070020.418477,8058,20,1
1,NewOrder,1772070020.420205,18326,14,1
1,NewOrder,1772070020.420678,34321,16,1
2,Payment,1772070020.420706,9169,3,1
1,NewOrder,1772070020.420788,20761,17,1
3,OrderStatus,1772070020.420937,8182,8,1
1,NewOrder,1772070020.421281,39898,19,1
4,Delivery,1772070020.422929,18598,12,1
1,NewOrder,1772070020.424060,34034,21,1
1,NewOrder,1772070020.424120,27939,5,1
1,NewOrder,1772070020.425037,26214,18,1
1,NewOrder,1772070020.426194,23656,0,1
2,Payment,1772070020.426543,6945,20,1
2,Payment,1772070020.426568,8053,2,1
2,Payment,1772070020.427168,6896,9,1
4,Delivery,1772070020.429130,55238,8,1
2,Payment,1772070020.429884,11991,3,1
4,Delivery,1772070020.430268,53801,11,1
1,NewOrder,1772070020.431725,27990,22,1
5,StockLevel,1772070020.433497,15865,20,1
1,NewOrder,1772070020.434069,34367,9,1
5,StockLevel,1772070020.434632,19144,2,1
2,Payment,1772070020.437400,8402,6,1
1,NewOrder,1772070020.438241,45498,15,1
2,Payment,1772070020.438542,7602,14,1
1,NewOrder,1772070020.438913,23356,7,1
1,NewOrder,1772070020.440929,20268,23,1
1,NewOrder,1772070020.441536,25103,12,1
1,NewOrder,1772070020.441557,16473,17,1
1,NewOrder,1772070020.441886,30395,3,1
2,Payment,1772070020.443833,11570,1,1
2,Payment,1772070020.444493,12516,4,1
1,NewOrder,1772070020.444525,19381,10,1
1,NewOrder,1772070020.445808,24599,6,1
2,Payment,1772070020.446154,10003,14,1
2,Payment,1772070020.449370,4779,20,1
2,Payment,1772070020.449860,9069,0,1
1,NewOrder,1772070020.451260,32250,18,1
1,NewOrder,1772070020.452066,31522,5,1
1,NewOrder,1772070020.452370,17665,13,1
2,Payment,1772070020.453783,6978,2,1
2,Payment,1772070020.454157,7750,20,1
1,NewOrder,1772070020.455005,28563,16,1
2,Payment,1772070020.455413,8969,1,1
2,Payment,1772070020.456168,9254,14,1
1,NewOrder,1772070020.457021,40126,4,1
1,NewOrder,1772070020.458035,39432,17,1
1,NewOrder,1772070020.458104,25937,21,1
1,NewOrder,1772070020.458937,24736,0,1
3,OrderStatus,1772070020.459728,8531,22,1
1,NewOrder,1772070020.460767,24876,2,1
4,Delivery,1772070020.461192,22732,19,1
2,Payment,1772070020.461206,10659,23,1
1,NewOrder,1772070020.461913,21710,20,1
1,NewOrder,1772070020.462274,21893,7,1
2,Payment,1772070020.463915,8348,10,1
2,Payment,1772070020.464393,6779,1,1
2,Payment,1772070020.465433,18282,14,1
4,Delivery,1772070020.466648,16877,12,1
2,Payment,1772070020.468268,11722,22,1
1,NewOrder,1772070020.468443,15696,9,1
2,Payment,1772070020.470042,20890,13,1
2,Payment,1772070020.470414,13345,6,1
2,Payment,1772070020.471184,12382,1,1
2,Payment,1772070020.471870,12843,23,1
1,NewOrder,1772070020.472281,14929,10,1
2,Payment,1772070020.472289,18557,3,1
5,StockLevel,1772070020.480000,2295,22,1
2,Payment,1772070020.482302,26737,22,1
2,Payment,1772070020.483522,8473,18,1
2,Payment,1772070020.483534,12128,12,1
1,NewOrder,1772070020.483581,23458,16,1
1,NewOrder,1772070020.483585,34381,1,1
1,NewOrder,1772070020.483595,40564,5,1
2,Payment,1772070020.483635,20059,20,1
2,Payment,1772070020.483678,11310,0,1
1,NewOrder,1772070020.483727,31109,14,1
1,NewOrder,1772070020.483747,34609,15,1
2,Payment,1772070020.483767,6487,6,1
1,NewOrder,1772070020.483930,20630,19,1
2,Payment,1772070020.484053,21913,21,1
1,NewOrder,1772070020.484075,19648,11,1
1,NewOrder,1772070020.484144,19859,9,1
3,OrderStatus,1772070020.484174,7305,7,1
1,NewOrder,1772070020.484375,16037,8,1
2,Payment,1772070020.484720,13845,23,1
1,NewOrder,1772070020.485648,19276,2,1
2,Payment,1772070020.487218,12828,10,1
2,Payment,1772070020.490261,11259,6,1
5,StockLevel,1772070020.490858,12270,3,1
1,NewOrder,1772070020.490943,25458,13,1
4,Delivery,1772070020.491489,12920,7,1
1,NewOrder,1772070020.492001,41298,18,1
2,Payment,1772070020.494998,8056,0,1
2,Payment,1772070020.495671,8123,12,1
2,Payment,1772070020.497154,11227,4,1
2,Payment,1772070020.497473,7590,17,1
2,Payment,1772070020.498572,17803,23,1
1,NewOrder,1772070020.500053,32494,10,1
1,NewOrder,1772070020.500421,17961,8,1
1,NewOrder,1772070020.501529,45619,6,1
2,Payment,1772070020.503064,24779,0,1
2,Payment,1772070020.503140,23382,3,1
1,NewOrder,1772070020.503712,42673,20,1
2,Payment,1772070020.503731,5283,11,1
1,NewOrder,1772070020.503798,43379,12,1
5,StockLevel,1772070020.504007,10764,9,1
2,Payment,1772070020.504418,7631,7,1
2,Payment,1772070020.504571,9951,19,1
2,Payment,1772070020.504931,24171,2,1
1,NewOrder,1772070020.505070,37065,17,1
1,NewOrder,1772070020.505971,40447,21,1
2,Payment,1772070020.507044,6967,16,1
2,Payment,1772070020.508386,12575,4,1
1,NewOrder,1772070020.509033,16428,11,1
1,NewOrder,1772070020.509048,36907,22,1
1,NewOrder,1772070020.512056,10142,7,1
2,Payment,1772070020.514021,1808,16,1
2,Payment,1772070020.514532,18734,19,1
2,Payment,1772070020.514775,6270,9,1
2,Payment,1772070020.514844,4926,14,1
2,Payment,1772070020.515837,5565,16,1
5,StockLevel,1772070020.516384,19147,23,1
1,NewOrder,1772070020.516407,23260,13,1
2,Payment,1772070020.517977,18449,1,1
1,NewOrder,1772070020.518364,30590,15,1
5,StockLevel,1772070020.518390,20233,8,1
1,NewOrder,1772070020.519775,18474,14,1
1,NewOrder,1772070020.520979,40216,4,1
1,NewOrder,1772070020.521054,17170,9,1
2,Payment,1772070020.521407,3083,16,1
1,NewOrder,1772070020.522207,15683,7,1
1,NewOrder,1772070020.524167,41489,5,1
1,NewOrder,1772070020.524497,23018,16,1
2,Payment,1772070020.525473,5856,11,1
1,NewOrder,1772070020.526532,46615,3,1
2,Payment,1772070020.527852,14288,0,1
3,OrderStatus,1772070020.529110,5575,2,1
2,Payment,1772070020.531342,4319,11,1
2,Payment,1772070020.532556,7713,10,1
2,Payment,1772070020.533277,10733,19,1
2,Payment,1772070020.533309,6990,18,1
1,NewOrder,1772070020.534695,23205,2,1
3,OrderStatus,1772070020.535540,8195,23,1
1,NewOrder,1772070020.535672,24085,11,1
5,StockLevel,1772070020.536437,20970,1,1
1,NewOrder,1772070020.537897,21835,7,1
1,NewOrder,1772070020.538232,20858,9,1
1,NewOrder,1772070020.538261,31245,14,1
1,NewOrder,1772070020.538629,20627,8,1
1,NewOrder,1772070020.539671,31271,13,1
1,NewOrder,1772070020.540277,20484,10,1
2,Payment,1772070020.540309,7273,18,1
2,Payment,1772070020.542145,9398,17,1
2,Payment,1772070020.542152,8667,0,1
2,Payment,1772070020.543741,9376,23,1
4,Delivery,1772070020.544024,41384,19,1
2,Payment,1772070020.545963,9091,22,1
1,NewOrder,1772070020.546395,22622,20,1
1,NewOrder,1772070020.546426,29667,21,1
2,Payment,1772070020.547153,9515,6,1
1,NewOrder,1772070020.547184,32395,12,1
2,Payment,1772070020.547522,6879,16,1
4,Delivery,1772070020.547591,38134,18,1
2,Payment,1772070020.548975,8349,15,1
1,NewOrder,1772070020.550827,26600,0,1
1,NewOrder,1772070020.551555,43677,17,1
1,NewOrder,1772070020.553127,27913,23,1
1,NewOrder,1772070020.554409,15123,16,1
2,Payment,1772070020.555067,7453,22,1
1,NewOrder,1772070020.556674,38091,6,1
1,NewOrder,1772070020.557335,18738,15,1
1,NewOrder,1772070020.557417,19823,1,1
2,Payment,1772070020.557911,4222,2,1
1,NewOrder,1772070020.559099,13664,9,1
1,NewOrder,1772070020.559271,43046,8,1
2,Payment,1772070020.559740,5418,7,1
2,Payment,1772070020.559780,6786,11,1
3,OrderStatus,1772070020.560769,8176,10,1
1,NewOrder,1772070020.561203,21635,4,1
1,NewOrder,1772070020.562141,28774,2,1
2,Payment,1772070020.562535,8110,22,1
2,Payment,1772070020.565169,6394,7,1
1,NewOrder,1772070020.565666,26731,5,1
2,Payment,1772070020.566577,6973,11,1
2,Payment,1772070020.568952,9304,10,1
1,NewOrder,1772070020.569025,26874,20,1
1,NewOrder,1772070020.569512,16694,14,1
2,Payment,1772070020.569542,5772,16,1
2,Payment,1772070020.570653,7995,22,1
2,Payment,1772070020.570947,7733,13,1
2,Payment,1772070020.571570,12051,7,1
3,OrderStatus,1772070020.572769,4740,9,1
2,Payment,1772070020.573157,9658,3,1
1,NewOrder,1772070020.573562,61839,11,1
2,Payment,1772070020.575324,8368,16,1
2,Payment,1772070020.576083,9659,15,1
4,Delivery,1772070020.576103,9593,21,1
1,NewOrder,1772070020.577252,19054,1,1
2,Payment,1772070020.577437,8279,0,1
1,NewOrder,1772070020.577518,17716,9,1
1,NewOrder,1772070020.578264,42461,10,1
1,NewOrder,1772070020.578657,22049,22,1
1,NewOrder,1772070020.578685,23985,13,1
1,NewOrder,1772070020.579583,25736,12,1
3,OrderStatus,1772070020.581045,10487,23,1
1,NewOrder,1772070020.582825,39616,3,1
1,NewOrder,1772070020.582846,26859,4,1
4,Delivery,1772070020.583633,12242,7,1
1,NewOrder,1772070020.583697,15424,16,1
2,Payment,1772070020.585419,12654,19,1
1,NewOrder,1772070020.585704,22114,21,1
2,Payment,1772070020.585725,5694,0,1
2,Payment,1772070020.585733,2551,18,1
4,Delivery,1772070020.585751,69578,15,1
1,NewOrder,1772070020.586211,26029,14,1
1,NewOrder,1772070020.588292,25814,18,1
2,Payment,1772070020.590925,5005,2,1
1,NewOrder,1772070020.591427,16758,0,1
1,NewOrder,1772070020.591538,29874,23,1
1,NewOrder,1772070020.592403,18562,5,1
1,NewOrder,1772070020.594778,37824,6,1
2,Payment,1772070020.595243,8826,17,1
2,Payment,1772070020.595245,7492,9,1
5,StockLevel,1772070020.595885,12253,7,1
2,Payment,1772070020.595906,10173,20,1
2,Payment,1772070020.595962,5170,2,1
2,Payment,1772070020.596312,6402,1,1
1,NewOrder,1772070020.598086,42425,19,1
2,Payment,1772070020.599129,6925,16,1
1,NewOrder,1772070020.600715,22078,22,1
1,NewOrder,1772070020.601136,16361,2,1
2,Payment,1772070020.602320,12153,8,1
5,StockLevel,1772070020.602680,22160,13,1
5,StockLevel,1772070020.602725,9161,1,1
2,Payment,1772070020.602745,13250,9,1
1,NewOrder,1772070020.604075,43005,17,1
1,NewOrder,1772070020.605325,46634,12,1
2,Payment,1772070020.606057,2588,16,1
1,NewOrder,1772070020.606086,12095,20,1
1,NewOrder,1772070020.607830,21875,21,1
1,NewOrder,1772070020.608147,27763,7,1
2,Payment,1772070020.608191,4376,0,1
1,NewOrder,1772070020.608652,16776,16,1
1,NewOrder,1772070020.609715,30465,4,1
1,NewOrder,1772070020.610975,18057,5,1
2,Payment,1772070020.611896,6685,1,1
2,Payment,1772070020.612246,6346,14,1
5,StockLevel,1772070020.612570,12831,0,1
1,NewOrder,1772070020.614115,45025,18,1
3,OrderStatus,1772070020.614481,8560,8,1
2,Payment,1772070020.616001,3528,9,1
2,Payment,1772070020.617505,5236,2,1
1,NewOrder,1772070020.618200,17734,20,1
1,NewOrder,1772070020.618593,19898,1,1
1,NewOrder,1772070020.618597,18894,14,1
2,Payment,1772070020.619537,5378,9,1
5,StockLevel,1772070020.620730,20389,10,1
1,NewOrder,1772070020.621420,27122,23,1
1,NewOrder,1772070020.622449,41187,3,1
2,Payment,1772070020.622749,5739,2,1
2,Payment,1772070020.622800,10233,22,1
1,NewOrder,1772070020.623044,36013,8,1
1,NewOrder,1772070020.624850,35867,13,1
1,NewOrder,1772070020.624922,23235,9,1
1,NewOrder,1772070020.625406,22801,0,1
1,NewOrder,1772070020.625433,16738,16,1
1,NewOrder,1772070020.628495,19149,2,1
1,NewOrder,1772070020.629038,30951,5,1
1,NewOrder,1772070020.629714,35168,21,1
2,Payment,1772070020.632609,14865,6,1
1,NewOrder,1772070020.633040,33529,22,1
2,Payment,1772070020.635409,13553,11,1
4,Delivery,1772070020.635915,14097,7,1
4,Delivery,1772070020.635940,59011,20,1
2,Payment,1772070020.637500,7152,14,1
4,Delivery,1772070020.638502,18291,1,1
5,StockLevel,1772070020.640188,20088,4,1
2,Payment,1772070020.640517,10814,19,1
1,NewOrder,1772070020.641125,23224,10,1
5,StockLevel,1772070020.642177,12544,16,1
1,NewOrder,1772070020.644659,14321,14,1
1,NewOrder,1772070020.647106,28453,17,1
1,NewOrder,1772070020.647509,22354,6,1
1,NewOrder,1772070020.647657,21687,2,1
2,Payment,1772070020.648166,6238,9,1
2,Payment,1772070020.648228,5242,0,1
2,Payment,1772070020.648554,10711,23,1
2,Payment,1772070020.649014,8920,11,1
2,Payment,1772070020.650018,10343,7,1
1,NewOrder,1772070020.651344,27455,19,1
2,Payment,1772070020.651964,10899,12,1
1,NewOrder,1772070020.653494,20312,0,1
1,NewOrder,1772070020.654418,23184,9,1
1,NewOrder,1772070020.654736,23339,16,1
1,NewOrder,1772070020.655340,31633,15,1
2,Payment,1772070020.656803,9056,1,1
2,Payment,1772070020.657942,12678,11,1
1,NewOrder,1772070020.658986,22441,14,1
2,Payment,1772070020.659066,13222,8,1
2,Payment,1772070020.659151,7374,18,1
1,NewOrder,1772070020.659270,32087,23,1
1,NewOrder,1772070020.659998,21462,5,1
1,NewOrder,1772070020.660287,25809,4,1
1,NewOrder,1772070020.660365,20218,7,1
1,NewOrder,1772070020.660741,38837,13,1
2,Payment,1772070020.662868,6970,12,1
2,Payment,1772070020.663647,12935,3,1
2,Payment,1772070020.664360,9998,10,1
1,NewOrder,1772070020.664887,42378,21,1
1,NewOrder,1772070020.665870,29976,1,1
1,NewOrder,1772070020.666534,34073,18,1
1,NewOrder,1772070020.666580,20932,22,1
1,NewOrder,1772070020.669368,32523,2,1
2,Payment,1772070020.669848,9075,12,1
1,NewOrder,1772070020.669871,27643,6,1
1,NewOrder,1772070020.670626,24697,11,1
2,Payment,1772070020.672295,9207,8,1
2,Payment,1772070020.673813,8028,0,1
1,NewOrder,1772070020.674373,24276,10,1
2,Payment,1772070020.675568,9455,17,1
4,Delivery,1772070020.676593,65429,3,1
2,Payment,1772070020.677625,12992,9,1
1,NewOrder,1772070020.678084,19033,16,1
2,Payment,1772070020.678822,8659,19,1
2,Payment,1772070020.678948,8504,12,1
5,StockLevel,1772070020.680592,13080,7,1
1,NewOrder,1772070020.681443,24366,14,1
2,Payment,1772070020.681490,9849,5,1
3,OrderStatus,1772070020.681512,10652,8,1
1,NewOrder,1772070020.681853,25016,0,1
5,StockLevel,1772070020.685044,21623,17,1
2,Payment,1772070020.686104,10253,4,1
1,NewOrder,1772070020.686982,37701,15,1
1,NewOrder,1772070020.687464,26565,12,1
2,Payment,1772070020.687494,9322,19,1
1,NewOrder,1772070020.687531,45092,22,1
2,Payment,1772070020.690627,13027,9,1
1,NewOrder,1772070020.691348,17913,5,1
2,Payment,1772070020.691364,8040,23,1
2,Payment,1772070020.692175,13125,8,1
2,Payment,1772070020.693678,17369,7,1
1,NewOrder,1772070020.694958,16546,20,1
3,OrderStatus,1772070020.695328,6282,11,1
3,OrderStatus,1772070020.695872,5635,1,1
2,Payment,1772070020.696379,6677,4,1
2,Payment,1772070020.696822,6721,19,1
2,Payment,1772070020.697123,5364,16,1
1,NewOrder,1772070020.697527,41194,6,1
1,NewOrder,1772070020.698659,43377,10,1
3,OrderStatus,1772070020.699416,3880,23,1
1,NewOrder,1772070020.699604,37216,13,1
2,Payment,1772070020.700615,11264,18,1
1,NewOrder,1772070020.701517,21954,1,1
2,Payment,1772070020.701619,10682,11,1
1,NewOrder,1772070020.701903,15090,2,1
1,NewOrder,1772070020.702497,30524,16,1
2,Payment,1772070020.703064,8788,4,1
1,NewOrder,1772070020.703307,19577,23,1
1,NewOrder,1772070020.703549,45452,19,1
2,Payment,1772070020.703663,18962,9,1
3,OrderStatus,1772070020.705308,8759,8,1
1,NewOrder,1772070020.705819,19995,14,1
1,NewOrder,1772070020.706674,36337,17,1
1,NewOrder,1772070020.706879,23932,0,1
1,NewOrder,1772070020.707271,44655,21,1
1,NewOrder,1772070020.709267,25792,5,1
1,NewOrder,1772070020.711057,36768,7,1
1,NewOrder,1772070020.711510,24735,20,1
1,NewOrder,1772070020.711860,30123,4,1
2,Payment,1772070020.711886,9720,18,1
1,NewOrder,1772070020.712311,26881,11,1
4,Delivery,1772070020.714034,17910,12,1
1,NewOrder,1772070020.714072,22175,8,1
2,Payment,1772070020.717001,6566,2,1
3,OrderStatus,1772070020.721616,12250,18,1
1,NewOrder,1772070020.722634,32995,9,1
1,NewOrder,1772070020.722896,34894,23,1
1,NewOrder,1772070020.723489,13842,1,1
2,Payment,1772070020.723593,5348,2,1
2,Payment,1772070020.724709,11498,15,1
2,Payment,1772070020.725824,13494,14,1
5,StockLevel,1772070020.728948,7426,2,1
2,Payment,1772070020.730821,6042,0,1
1,NewOrder,1772070020.731954,27973,12,1
2,Payment,1772070020.732628,9383,22,1
5,StockLevel,1772070020.733048,7594,16,1
1,NewOrder,1772070020.733888,26429,18,1
1,NewOrder,1772070020.735069,21848,5,1
2,Payment,1772070020.736232,13550,15,1
1,NewOrder,1772070020.736262,32309,8,1
4,Delivery,1772070020.736273,42533,20,1
2,Payment,1772070020.736400,6984,2,1
1,NewOrder,1772070020.736826,24637,13,1
1,NewOrder,1772070020.736873,12867,0,1
2,Payment,1772070020.737341,4154,1,1
1,NewOrder,1772070020.738726,21564,6,1
2,Payment,1772070020.739201,6444,11,1
2,Payment,1772070020.739322,5236,14,1
4,Delivery,1772070020.740653,85327,16,1
1,NewOrder,1772070020.741513,31145,1,1
2,Payment,1772070020.741989,13146,4,1
2,Payment,1772070020.742022,5441,22,1
1,NewOrder,1772070020.742028,31859,3,1
1,NewOrder,1772070020.742041,35862,10,1
1,NewOrder,1772070020.743015,38657,17,1
1,NewOrder,1772070020.743403,25750,2,1
4,Delivery,1772070020.744562,82205,14,1
1,NewOrder,1772070020.745649,26303,11,1
1,NewOrder,1772070020.747489,35556,22,1
5,StockLevel,1772070020.747851,16427,7,1
2,Payment,1772070020.749010,9267,19,1
2,Payment,1772070020.749764,6777,0,1
1,NewOrder,1772070020.749808,42584,15,1
2,Payment,1772070020.751936,8409,21,1
4,Delivery,1772070020.755145,66539,4,1
2,Payment,1772070020.755636,9988,9,1
2,Payment,1772070020.756551,6095,0,1
1,NewOrder,1772070020.756928,19641,5,1
1,NewOrder,1772070020.757804,18612,23,1
2,Payment,1772070020.758283,8230,19,1
1,NewOrder,1772070020.759934,29903,12,1
2,Payment,1772070020.760300,9331,6,1
2,Payment,1772070020.760328,9266,18,1
5,StockLevel,1772070020.760355,20744,21,1
4,Delivery,1772070020.761478,65562,13,1
1,NewOrder,1772070020.762656,26573,0,1
4,Delivery,1772070020.764303,20680,7,1
1,NewOrder,1772070020.765639,20243,9,1
1,NewOrder,1772070020.766523,19829,19,1
2,Payment,1772070020.768581,10555,8,1
5,StockLevel,1772070020.769164,12800,2,1
1,NewOrder,1772070020.769606,16258,18,1
1,NewOrder,1772070020.769653,29968,6,1
2,Payment,1772070020.771957,10125,11,1
1,NewOrder,1772070020.772672,17635,1,1
1,NewOrder,1772070020.773916,28320,3,1
2,Payment,1772070020.776426,7417,23,1
2,Payment,1772070020.776578,6545,5,1
2,Payment,1772070020.777910,7896,10,1
2,Payment,1772070020.778814,8339,20,1
1,NewOrder,1772070020.779147,38676,8,1
1,NewOrder,1772070020.781124,18163,21,1
1,NewOrder,1772070020.781682,39435,17,1
3,OrderStatus,1772070020.781991,7578,2,1
2,Payment,1772070020.782101,5617,11,1
1,NewOrder,1772070020.783055,32063,22,1
5,StockLevel,1772070020.783130,13656,5,1
2,Payment,1772070020.783869,6472,23,1
2,Payment,1772070020.785008,10039,7,1
5,StockLevel,1772070020.785823,15706,10,1
2,Payment,1772070020.785873,6897,18,1
2,Payment,1772070020.785892,7477,9,1
2,Payment,1772070020.786356,8290,19,1
1,NewOrder,1772070020.787160,13027,20,1
1,NewOrder,1772070020.787724,26831,11,1
2,Payment,1772070020.789240,3803,0,1
2,Payment,1772070020.789576,5567,2,1
1,NewOrder,1772070020.789843,21860,12,1
2,Payment,1772070020.790317,6659,1,1
2,Payment,1772070020.790350,6241,23,1
1,NewOrder,1772070020.792398,38251,15,1
1,NewOrder,1772070020.792780,36304,18,1
3,OrderStatus,1772070020.793048,7113,0,1
1,NewOrder,1772070020.793374,38581,9,1
2,Payment,1772070020.794655,6510,19,1
2,Payment,1772070020.795060,6429,7,1
1,NewOrder,1772070020.795152,30251,2,1
1,NewOrder,1772070020.796598,20869,23,1
2,Payment,1772070020.796790,5348,5,1
1,NewOrder,1772070020.796984,15355,1,1
1,NewOrder,1772070020.799298,35421,21,1
1,NewOrder,1772070020.799627,39821,6,1
2,Payment,1772070020.800168,6653,0,1
2,Payment,1772070020.800194,7763,20,1
1,NewOrder,1772070020.801171,30189,19,1
1,NewOrder,1772070020.801499,34769,7,1
5,StockLevel,1772070020.801534,15682,10,1
1,NewOrder,1772070020.802145,15736,5,1
1,NewOrder,1772070020.802241,26420,3,1
2,Payment,1772070020.806826,8710,0,1
2,Payment,1772070020.807966,7540,20,1
1,NewOrder,1772070020.811714,24573,12,1
2,Payment,1772070020.812345,5521,1,1
3,OrderStatus,1772070020.814579,7709,11,1
1,NewOrder,1772070020.815128,42926,22,1
4,Delivery,1772070020.815516,28082,20,1
2,Payment,1772070020.815545,7128,0,1
5,StockLevel,1772070020.817231,15883,10,1
1,NewOrder,1772070020.817479,30528,23,1
2,Payment,1772070020.817859,9935,8,1
5,StockLevel,1772070020.817876,15057,1,1
2,Payment,1772070020.817891,8032,5,1
1,NewOrder,1772070020.821143,42256,17,1
2,Payment,1772070020.821709,7994,4,1
1,NewOrder,1772070020.822292,17931,11,1
4,Delivery,1772070020.822679,11101,0,1
1,NewOrder,1772070020.825413,16851,2,1
4,Delivery,1772070020.825936,8152,5,1
2,Payment,1772070020.826005,5861,16,1
1,NewOrder,1772070020.826788,23011,14,1
3,OrderStatus,1772070020.827049,2889,13,1
2,Payment,1772070020.827805,7236,8,1
1,NewOrder,1772070020.828671,16665,3,1
1,NewOrder,1772070020.829091,31695,18,1
2,Payment,1772070020.829713,10235,4,1
2,Payment,1772070020.829963,7650,13,1
1,NewOrder,1772070020.830674,29031,15,1
2,Payment,1772070020.831385,6662,19,1
1,NewOrder,1772070020.831876,27113,16,1
2,Payment,1772070020.831962,6179,9,1
2,Payment,1772070020.832958,10688,1,1
1,NewOrder,1772070020.833128,30659,10,1
2,Payment,1772070020.833796,11232,0,1
2,Payment,1772070020.834096,12485,5,1
2,Payment,1772070020.834732,9929,21,1
2,Payment,1772070020.835051,7975,8,1
1,NewOrder,1772070020.836274,25667,7,1
2,Payment,1772070020.836293,7387,12,1
1,NewOrder,1772070020.837638,35614,13,1
1,NewOrder,1772070020.838056,40947,19,1
1,NewOrder,1772070020.838153,43186,9,1
1,NewOrder,1772070020.839454,32226,6,1
1,NewOrder,1772070020.839958,32046,4,1
1,NewOrder,1772070020.840231,21519,11,1
2,Payment,1772070020.842274,6129,2,1
2,Payment,1772070020.843037,10460,8,1
1,NewOrder,1772070020.843604,29349,20,1
2,Payment,1772070020.843654,6802,1,1
1,NewOrder,1772070020.843689,27274,12,1
2,Payment,1772070020.844672,9726,21,1
2,Payment,1772070020.845036,16751,0,1
1,NewOrder,1772070020.845347,20347,3,1
2,Payment,1772070020.846597,17155,5,1
1,NewOrder,1772070020.848019,28615,23,1
1,NewOrder,1772070020.848408,27049,2,1
2,Payment,1772070020.849810,7421,14,1
2,Payment,1772070020.850462,14905,1,1
2,Payment,1772070020.853507,7239,8,1
1,NewOrder,1772070020.854408,29406,21,1
1,NewOrder,1772070020.857240,33161,14,1
1,NewOrder,1772070020.858065,20546,22,1
2,Payment,1772070020.858997,5833,16,1
2,Payment,1772070020.859714,7088,15,1
5,StockLevel,1772070020.860752,21974,8,1
1,NewOrder,1772070020.860797,21445,18,1
2,Payment,1772070020.861759,8408,11,1
1,NewOrder,1772070020.861792,30102,0,1
4,Delivery,1772070020.861944,19424,7,1
1,NewOrder,1772070020.863409,44462,17,1
1,NewOrder,1772070020.863760,22382,5,1
1,NewOrder,1772070020.863798,41090,10,1
1,NewOrder,1772070020.864839,32658,16,1
4,Delivery,1772070020.865374,17813,1,1
2,Payment,1772070020.865705,7594,3,1
1,NewOrder,1772070020.866808,24925,15,1
2,Payment,1772070020.870175,5594,11,1
2,Payment,1772070020.870970,7251,12,1
2,Payment,1772070020.871687,7255,6,1
2,Payment,1772070020.872014,6963,4,1
2,Payment,1772070020.872960,7701,20,1
4,Delivery,1772070020.873257,41502,13,1
1,NewOrder,1772070020.873310,27100,3,1
2,Payment,1772070020.875463,8344,2,1
3,OrderStatus,1772070020.875775,9608,11,1
2,Payment,1772070020.876642,7512,23,1
1,NewOrder,1772070020.878226,35553,12,1
1,NewOrder,1772070020.878619,21680,22,1
2,Payment,1772070020.878949,12059,6,1
1,NewOrder,1772070020.878987,38774,4,1
2,Payment,1772070020.879019,11928,19,1
2,Payment,1772070020.880668,6643,20,1
1,NewOrder,1772070020.881344,26000,9,1
1,NewOrder,1772070020.881379,39024,7,1
1,NewOrder,1772070020.882251,31603,18,1
3,OrderStatus,1772070020.882732,9898,8,1
2,Payment,1772070020.883194,8099,1,1
1,NewOrder,1772070020.883813,30123,2,1
1,NewOrder,1772070020.883821,36416,21,1
2,Payment,1772070020.884159,8015,23,1
2,Payment,1772070020.885389,7394,11,1
5,StockLevel,1772070020.886149,14254,5,1
3,OrderStatus,1772070020.887316,12555,20,1
2,Payment,1772070020.890408,4586,14,1
2,Payment,1772070020.890955,6896,19,1
1,NewOrder,1772070020.891012,23264,6,1
3,OrderStatus,1772070020.891299,9042,1,1
2,Payment,1772070020.891737,4571,15,1
2,Payment,1772070020.891898,3925,0,1
2,Payment,1772070020.892183,7106,23,1
2,Payment,1772070020.892641,8835,8,1
1,NewOrder,1772070020.892790,18496,11,1
2,Payment,1772070020.894999,4911,14,1
2,Payment,1772070020.895828,6115,0,1
2,Payment,1772070020.896310,5541,15,1
1,NewOrder,1772070020.897501,17701,16,1
1,NewOrder,1772070020.897858,22002,19,1
2,Payment,1772070020.899295,4582,23,1
2,Payment,1772070020.899879,14734,20,1
2,Payment,1772070020.899915,8246,14,1
2,Payment,1772070020.900303,12819,22,1
1,NewOrder,1772070020.900343,48013,1,1
2,Payment,1772070020.900415,7254,5,1
1,NewOrder,1772070020.900421,13946,3,1
2,Payment,1772070020.901481,10227,8,1
1,NewOrder,1772070020.901861,31788,15,1
1,NewOrder,1772070020.901948,26943,0,1
1,NewOrder,1772070020.903889,29960,23,1
1,NewOrder,1772070020.904912,27821,10,1
2,Payment,1772070020.907349,7773,9,1
2,Payment,1772070020.907684,4405,5,1
1,NewOrder,1772070020.907897,19599,17,1
1,NewOrder,1772070020.908175,24137,14,1
2,Payment,1772070020.911313,6807,11,1
2,Payment,1772070020.911718,8494,8,1
2,Payment,1772070020.912093,6433,5,1
1,NewOrder,1772070020.913132,40726,22,1
1,NewOrder,1772070020.913785,37299,12,1
2,Payment,1772070020.913864,8023,18,1
1,NewOrder,1772070020.913941,17824,2,1
1,NewOrder,1772070020.914285,32144,6,1
2,Payment,1772070020.914403,11864,3,1
2,Payment,1772070020.914640,17648,20,1
1,NewOrder,1772070020.914785,31664,13,1
2,Payment,1772070020.915127,9994,9,1
5,StockLevel,1772070020.915211,13488,16,1
2,Payment,1772070020.917787,11155,4,1
5,StockLevel,1772070020.918131,16481,11,1
1,NewOrder,1772070020.918535,25061,5,1
1,NewOrder,1772070020.919870,35587,19,1
2,Payment,1772070020.920219,9100,8,1
5,StockLevel,1772070020.920248,21247,21,1
2,Payment,1772070020.920408,12225,7,1
1,NewOrder,1772070020.921897,37264,18,1
2,Payment,1772070020.925129,8846,9,1
2,Payment,1772070020.926277,4949,3,1
2,Payment,1772070020.927505,7953,17,1
1,NewOrder,1772070020.928708,19581,16,1
2,Payment,1772070020.928895,4155,0,1
1,NewOrder,1772070020.928951,23530,4,1
2,Payment,1772070020.929325,8258,8,1
2,Payment,1772070020.931236,5145,3,1
2,Payment,1772070020.931774,6204,2,1
1,NewOrder,1772070020.932294,27236,20,1
3,OrderStatus,1772070020.932318,5072,14,1
1,NewOrder,1772070020.932643,26913,7,1
2,Payment,1772070020.932739,7721,10,1
1,NewOrder,1772070020.933055,32256,0,1
2,Payment,1772070020.933655,6038,15,1
2,Payment,1772070020.933867,6362,23,1
2,Payment,1772070020.933980,12443,9,1
2,Payment,1772070020.934618,13643,11,1
2,Payment,1772070020.935468,9822,17,1
1,NewOrder,1772070020.936392,29253,3,1
1,NewOrder,1772070020.937398,22481,14,1
1,NewOrder,1772070020.937594,33684,8,1
2,Payment,1772070020.937986,9904,2,1
5,StockLevel,1772070020.939704,20050,15,1
1,NewOrder,1772070020.940239,25427,23,1
4,Delivery,1772070020.940471,65735,10,1
2,Payment,1772070020.941504,8877,21,1
1,NewOrder,1772070020.943608,20828,5,1
2,Payment,1772070020.945296,6536,17,1
1,NewOrder,1772070020.946430,43401,9,1
2,Payment,1772070020.946440,6007,6,1
2,Payment,1772070020.946455,6581,13,1
2,Payment,1772070020.947900,6388,2,1
2,Payment,1772070020.948270,5984,11,1
1,NewOrder,1772070020.948310,28320,16,1
2,Payment,1772070020.948361,7607,1,1
1,NewOrder,1772070020.950387,20445,21,1
1,NewOrder,1772070020.951090,30315,12,1
2,Payment,1772070020.951836,9268,17,1
2,Payment,1772070020.952457,8969,6,1
1,NewOrder,1772070020.952488,20073,4,1
1,NewOrder,1772070020.953045,41430,13,1
2,Payment,1772070020.953866,13760,22,1
2,Payment,1772070020.954259,9713,11,1
1,NewOrder,1772070020.954294,29685,2,1
1,NewOrder,1772070020.955463,33269,19,1
1,NewOrder,1772070020.955974,26580,1,1
1,NewOrder,1772070020.959172,34213,18,1
2,Payment,1772070020.959538,10082,20,1
2,Payment,1772070020.959562,9480,7,1
1,NewOrder,1772070020.959763,32773,15,1
5,StockLevel,1772070020.959883,15585,14,1
2,Payment,1772070020.961115,9243,17,1
5,StockLevel,1772070020.961436,20033,6,1
1,NewOrder,1772070020.963992,25296,11,1
2,Payment,1772070020.964448,6393,5,1
1,NewOrder,1772070020.965327,11600,0,1
3,OrderStatus,1772070020.965670,7793,3,1
1,NewOrder,1772070020.965681,17876,23,1
1,NewOrder,1772070020.967630,27127,22,1
2,Payment,1772070020.969049,8031,7,1
2,Payment,1772070020.969631,4107,20,1
2,Payment,1772070020.970384,9595,17,1
5,StockLevel,1772070020.970840,18520,21,1
2,Payment,1772070020.970848,4777,5,1
2,Payment,1772070020.971286,8661,8,1
2,Payment,1772070020.972566,8277,4,1
2,Payment,1772070020.973470,12109,3,1
2,Payment,1772070020.973741,5766,20,1
2,Payment,1772070020.975478,7231,14,1
2,Payment,1772070020.975632,11583,5,1
2,Payment,1772070020.976642,7300,16,1
1,NewOrder,1772070020.976934,19794,0,1
1,NewOrder,1772070020.977087,37904,7,1
2,Payment,1772070020.979517,9683,20,1
2,Payment,1772070020.979952,7981,8,1
1,NewOrder,1772070020.979988,40796,17,1
1,NewOrder,1772070020.980856,26842,4,1
1,NewOrder,1772070020.981416,32738,12,1
5,StockLevel,1772070020.981481,16614,6,1
1,NewOrder,1772070020.982566,30555,1,1
1,NewOrder,1772070020.982725,16358,14,1
2,Payment,1772070020.983563,6999,23,1
1,NewOrder,1772070020.983955,33770,16,1
2,Payment,1772070020.984001,8184,2,1
1,NewOrder,1772070020.985598,24157,3,1
1,NewOrder,1772070020.987221,26387,5,1
2,Payment,1772070020.987936,10136,8,1
2,Payment,1772070020.988741,9541,19,1
1,NewOrder,1772070020.989206,27123,20,1
2,Payment,1772070020.989294,10218,11,1
3,OrderStatus,1772070020.989365,8246,21,1
2,Payment,1772070020.989842,10958,9,1
1,NewOrder,1772070020.990567,16766,23,1
2,Payment,1772070020.992201,5514,2,1
2,Payment,1772070020.992562,5492,15,1
1,NewOrder,1772070020.993398,25243,18,1
2,Payment,1772070020.994501,10504,13,1
1,NewOrder,1772070020.994775,29184,22,1
1,NewOrder,1772070020.996738,18439,0,1
2,Payment,1772070020.997621,11708,21,1
1,NewOrder,1772070020.997721,36364,2,1
4,Delivery,1772070020.998058,35382,15,1
1,NewOrder,1772070020.998080,43935,8,1
1,NewOrder,1772070020.998105,27170,6,1
5,StockLevel,1772070020.998292,24633,19,1
1,NewOrder,1772070020.999088,20701,14,1
1,NewOrder,1772070020.999518,35581,11,1
1,NewOrder,1772070021.000806,33210,9,1
1,NewOrder,1772070021.005015,37381,13,1
1,NewOrder,1772070021.006216,38994,10,1
2,Payment,1772070021.007341,6297,23,1
2,Payment,1772070021.007714,5785,4,1
4,Delivery,1772070021.009337,38996,21,1
2,Payment,1772070021.009761,5889,3,1
2,Payment,1772070021.013147,11197,1,1
1,NewOrder,1772070021.013524,22934,4,1
2,Payment,1772070021.013616,7563,5,1
1,NewOrder,1772070021.013645,29315,23,1
1,NewOrder,1772070021.014164,19015,12,1
2,Payment,1772070021.014998,6969,7,1
2,Payment,1772070021.015184,7823,0,1
1,NewOrder,1772070021.015655,23829,3,1
5,StockLevel,1772070021.016332,15393,20,1
2,Payment,1772070021.017751,8920,16,1
2,Payment,1772070021.018650,7529,18,1
1,NewOrder,1772070021.019813,28904,14,1
2,Payment,1772070021.020802,7616,17,1
1,NewOrder,1772070021.021197,22186,5,1
1,NewOrder,1772070021.021977,34274,7,1
1,NewOrder,1772070021.022936,42122,19,1
1,NewOrder,1772070021.023013,26812,0,1
1,NewOrder,1772070021.023969,27441,22,1
1,NewOrder,1772070021.024353,18582,1,1
1,NewOrder,1772070021.025286,22297,6,1
2,Payment,1772070021.026205,8125,18,1
1,NewOrder,1772070021.026682,30162,16,1
1,NewOrder,1772070021.028436,43249,17,1
1,NewOrder,1772070021.031750,21009,20,1
1,NewOrder,1772070021.033204,44731,12,1
2,Payment,1772070021.033459,10493,15,1
2,Payment,1772070021.034022,8983,9,1
3,OrderStatus,1772070021.034094,8000,2,1
2,Payment,1772070021.034334,8614,18,1
5,StockLevel,1772070021.035106,16574,11,1
4,Delivery,1772070021.036475,61767,4,1
1,NewOrder,1772070021.039508,19968,3,1
2,Payment,1772070021.042037,8932,8,1
2,Payment,1772070021.042104,6564,2,1
1,NewOrder,1772070021.042407,44088,13,1
2,Payment,1772070021.042961,8362,1,1
1,NewOrder,1772070021.042972,23704,18,1
2,Payment,1772070021.042978,5716,23,1
1,NewOrder,1772070021.043031,29597,9,1
1,NewOrder,1772070021.043397,29946,5,1
1,NewOrder,1772070021.043956,19629,15,1
2,Payment,1772070021.045221,9950,10,1
1,NewOrder,1772070021.047608,23626,6,1
5,StockLevel,1772070021.048344,20604,21,1
3,OrderStatus,1772070021.048674,5911,2,1
5,StockLevel,1772070021.048703,15377,23,1
1,NewOrder,1772070021.048722,30890,14,1
1,NewOrder,1772070021.049836,30286,0,1
1,NewOrder,1772070021.050980,52685,8,1
2,Payment,1772070021.051330,12705,1,1
1,NewOrder,1772070021.051428,31526,22,1
2,Payment,1772070021.051697,6537,11,1
2,Payment,1772070021.052768,6093,20,1
2,Payment,1772070021.054601,10855,2,1
3,OrderStatus,1772070021.055180,11908,10,1
1,NewOrder,1772070021.056261,40000,7,1
1,NewOrder,1772070021.056854,34803,16,1
1,NewOrder,1772070021.058259,25752,11,1
2,Payment,1772070021.058868,6643,20,1
1,NewOrder,1772070021.059486,27038,3,1
1,NewOrder,1772070021.063591,28928,15,1
1,NewOrder,1772070021.064045,44477,1,1
1,NewOrder,1772070021.064086,20366,23,1
2,Payment,1772070021.065069,9262,19,1
2,Payment,1772070021.065481,6785,2,1
2,Payment,1772070021.065537,6712,20,1
1,NewOrder,1772070021.066684,27330,18,1
1,NewOrder,1772070021.067099,29583,10,1
2,Payment,1772070021.068958,8195,21,1
2,Payment,1772070021.071257,9608,6,1
2,Payment,1772070021.071700,9063,17,1
2,Payment,1772070021.072261,7772,20,1
2,Payment,1772070021.072274,4548,2,1
2,Payment,1772070021.072641,9889,9,1
2,Payment,1772070021.073352,7568,5,1
2,Payment,1772070021.074344,8598,19,1
2,Payment,1772070021.076849,8562,2,1
1,NewOrder,1772070021.077160,21450,21,1
3,OrderStatus,1772070021.077961,8743,12,1
1,NewOrder,1772070021.079641,20197,14,1
1,NewOrder,1772070021.080038,33502,20,1
2,Payment,1772070021.080126,6772,0,1
2,Payment,1772070021.080788,11572,17,1
1,NewOrder,1772070021.080890,43761,6,1
2,Payment,1772070021.080945,7847,5,1
1,NewOrder,1772070021.082554,22993,9,1
1,NewOrder,1772070021.082951,36449,19,1
2,Payment,1772070021.082964,9357,22,1
2,Payment,1772070021.084035,8518,11,1
2,Payment,1772070021.084477,10023,23,1
2,Payment,1772070021.085419,8729,2,1
1,NewOrder,1772070021.086521,23126,13,1
2,Payment,1772070021.086551,8889,3,1
1,NewOrder,1772070021.086717,27812,12,1
4,Delivery,1772070021.086905,11538,0,1
5,StockLevel,1772070021.088804,17256,5,1
2,Payment,1772070021.091682,8957,16,1
1,NewOrder,1772070021.092345,25582,22,1
4,Delivery,1772070021.092386,71143,17,1
2,Payment,1772070021.092531,9445,15,1
1,NewOrder,1772070021.092580,22148,11,1
3,OrderStatus,1772070021.094027,8484,18,1
2,Payment,1772070021.094159,9855,2,1
2,Payment,1772070021.094510,6629,23,1
5,StockLevel,1772070021.095464,14656,3,1
2,Payment,1772070021.096288,11202,7,1
1,NewOrder,1772070021.096707,43092,10,1
1,NewOrder,1772070021.098251,23697,4,1
2,Payment,1772070021.098451,11227,0,1
1,NewOrder,1772070021.098615,28550,21,1
3,OrderStatus,1772070021.099863,4777,14,1
1,NewOrder,1772070021.100665,23152,16,1
1,NewOrder,1772070021.101146,14577,23,1
1,NewOrder,1772070021.101984,15031,15,1
1,NewOrder,1772070021.102520,44367,18,1
1,NewOrder,1772070021.103676,26941,8,1
1,NewOrder,1772070021.104025,58023,2,1
4,Delivery,1772070021.104646,59195,14,1
2,Payment,1772070021.105572,4926,9,1
2,Payment,1772070021.106068,5345,5,1
2,Payment,1772070021.107497,9076,7,1
2,Payment,1772070021.108533,6104,1,1
2,Payment,1772070021.109656,13944,13,1
1,NewOrder,1772070021.109684,41278,0,1
2,Payment,1772070021.110130,6778,3,1
1,NewOrder,1772070021.110523,36320,9,1
3,OrderStatus,1772070021.111424,5086,5,1
2,Payment,1772070021.113555,7446,20,1
2,Payment,1772070021.114553,10408,12,1
2,Payment,1772070021.114664,3650,1,1
1,NewOrder,1772070021.114755,17771,11,1
2,Payment,1772070021.115748,7887,23,1
2,Payment,1772070021.116537,7870,5,1
2,Payment,1772070021.116583,7169,7,1
2,Payment,1772070021.116919,6114,3,1
1,NewOrder,1772070021.117029,13220,15,1
1,NewOrder,1772070021.117931,35551,22,1
5,StockLevel,1772070021.118321,14049,1,1
2,Payment,1772070021.119426,14128,19,1
1,NewOrder,1772070021.121017,22447,20,1
3,OrderStatus,1772070021.121957,10765,4,1
1,NewOrder,1772070021.123041,22037,3,1
1,NewOrder,1772070021.123604,25131,13,1
1,NewOrder,1772070021.123642,15712,23,1
1,NewOrder,1772070021.123756,21280,7,1
5,StockLevel,1772070021.123829,12179,16,1
1,NewOrder,1772070021.124418,18735,5,1
5,StockLevel,1772070021.124661,19567,6,1
1,NewOrder,1772070021.125003,21208,12,1
2,Payment,1772070021.127176,9476,21,1
1,NewOrder,1772070021.130255,23464,15,1
3,OrderStatus,1772070021.130628,6060,8,1
2,Payment,1772070021.132395,7359,1,1
2,Payment,1772070021.132536,7694,11,1
1,NewOrder,1772070021.132727,23443,4,1
1,NewOrder,1772070021.133580,38816,19,1
1,NewOrder,1772070021.136021,18116,16,1
2,Payment,1772070021.136662,7801,21,1
1,NewOrder,1772070021.136699,39783,8,1
1,NewOrder,1772070021.139365,16817,23,1
5,StockLevel,1772070021.139765,10775,1,1
1,NewOrder,1772070021.139809,22653,10,1
2,Payment,1772070021.140234,8901,11,1
1,NewOrder,1772070021.143163,19398,5,1
2,Payment,1772070021.143472,5695,20,1
2,Payment,1772070021.144239,8494,6,1
3,OrderStatus,1772070021.144468,8791,21,1
1,NewOrder,1772070021.145047,17477,7,1
1,NewOrder,1772070021.145084,13072,3,1
1,NewOrder,1772070021.146222,30428,12,1
2,Payment,1772070021.146850,7561,9,1
2,Payment,1772070021.146895,8646,18,1
1,NewOrder,1772070021.148740,24103,13,1
4,Delivery,1772070021.149141,54805,11,1
1,NewOrder,1772070021.149175,18331,20,1
1,NewOrder,1772070021.150549,24695,1,1
1,NewOrder,1772070021.150973,37263,0,1
2,Payment,1772070021.152741,9754,6,1
1,NewOrder,1772070021.153265,23266,21,1
2,Payment,1772070021.153485,10953,22,1
2,Payment,1772070021.153730,3854,15,1
2,Payment,1772070021.154147,4811,16,1
3,OrderStatus,1772070021.154418,4737,9,1
1,NewOrder,1772070021.155547,34420,18,1
1,NewOrder,1772070021.156176,28766,4,1
2,Payment,1772070021.156191,9490,23,1
1,NewOrder,1772070021.157590,27287,15,1
1,NewOrder,1772070021.158162,29792,3,1
1,NewOrder,1772070021.158965,26085,16,1
2,Payment,1772070021.159162,4879,9,1
2,Payment,1772070021.162051,8524,2,1
2,Payment,1772070021.162470,13759,10,1
1,NewOrder,1772070021.162502,32114,6,1
4,Delivery,1772070021.162530,41688,7,1
1,NewOrder,1772070021.162571,26679,5,1
1,NewOrder,1772070021.163535,37281,17,1
2,Payment,1772070021.163847,4281,14,1
2,Payment,1772070021.164045,13515,9,1
1,NewOrder,1772070021.164447,39054,22,1
1,NewOrder,1772070021.165688,24693,23,1
2,Payment,1772070021.167512,9064,20,1
1,NewOrder,1772070021.168133,26788,14,1
2,Payment,1772070021.170581,5922,2,1
2,Payment,1772070021.172402,12426,19,1
2,Payment,1772070021.172853,13638,13,1
1,NewOrder,1772070021.175250,24165,1,1
3,OrderStatus,1772070021.176240,17852,10,1
2,Payment,1772070021.176492,13967,8,1
1,NewOrder,1772070021.176510,28012,2,1
3,OrderStatus,1772070021.176537,12710,21,1
1,NewOrder,1772070021.176583,28718,20,1
2,Payment,1772070021.176661,13825,12,1
2,Payment,1772070021.177565,15485,9,1
1,NewOrder,1772070021.184840,45276,19,1
2,Payment,1772070021.184887,8543,15,1
1,NewOrder,1772070021.184947,22271,4,1
1,NewOrder,1772070021.185053,20645,16,1
1,NewOrder,1772070021.186501,25293,13,1
3,OrderStatus,1772070021.187964,6919,3,1
3,OrderStatus,1772070021.188242,5751,0,1
1,NewOrder,1772070021.189256,27448,21,1
3,OrderStatus,1772070021.189258,7895,5,1
2,Payment,1772070021.189973,8047,18,1
5,StockLevel,1772070021.190388,12165,23,1
2,Payment,1772070021.190468,8079,8,1
1,NewOrder,1772070021.190493,30593,12,1
2,Payment,1772070021.193059,14068,9,1
3,OrderStatus,1772070021.193435,4395,15,1
1,NewOrder,1772070021.193999,34076,0,1
2,Payment,1772070021.194095,19471,10,1
1,NewOrder,1772070021.194626,39699,6,1
1,NewOrder,1772070021.194892,18313,3,1
2,Payment,1772070021.194931,5164,14,1
2,Payment,1772070021.197163,4446,5,1
2,Payment,1772070021.197838,8197,15,1
1,NewOrder,1772070021.198023,29012,18,1
2,Payment,1772070021.198553,13287,8,1
2,Payment,1772070021.199426,4963,1,1
4,Delivery,1772070021.200105,40510,14,1
1,NewOrder,1772070021.200823,22231,17,1
1,NewOrder,1772070021.201615,26162,5,1
1,NewOrder,1772070021.202560,28945,23,1
2,Payment,1772070021.203509,5012,22,1
1,NewOrder,1772070021.203952,27070,11,1
1,NewOrder,1772070021.204227,18464,7,1
2,Payment,1772070021.204396,5346,1,1
2,Payment,1772070021.204533,7890,2,1
2,Payment,1772070021.205307,5516,20,1
1,NewOrder,1772070021.205707,21994,16,1
1,NewOrder,1772070021.206041,32142,15,1
2,Payment,1772070021.207132,10007,9,1
2,Payment,1772070021.207221,11654,4,1
1,NewOrder,1772070021.208527,26980,22,1
2,Payment,1772070021.209747,31210,1,1
1,NewOrder,1772070021.210830,17243,20,1
1,NewOrder,1772070021.211812,44696,13,1
1,NewOrder,1772070021.211847,28828,8,1
2,Payment,1772070021.212428,10546,2,1
2,Payment,1772070021.213209,30699,3,1
1,NewOrder,1772070021.213574,18930,10,1
1,NewOrder,1772070021.216709,27172,21,1
5,StockLevel,1772070021.217147,26806,9,1
4,Delivery,1772070021.218880,57893,4,1
2,Payment,1772070021.221096,7008,12,1
4,Delivery,1772070021.222710,24927,7,1
2,Payment,1772070021.222985,6178,2,1
1,NewOrder,1772070021.223074,30276,17,1
2,Payment,1772070021.227051,7538,18,1
1,NewOrder,1772070021.227711,13376,16,1
1,NewOrder,1772070021.227787,18648,5,1
1,NewOrder,1772070021.228077,21966,20,1
2,Payment,1772070021.228091,9990,0,1
1,NewOrder,1772070021.228115,28349,12,1
2,Payment,1772070021.229175,10419,2,1
2,Payment,1772070021.230142,9174,19,1
2,Payment,1772070021.231031,5448,11,1
1,NewOrder,1772070021.231514,15148,23,1
1,NewOrder,1772070021.232509,25158,10,1
5,StockLevel,1772070021.234335,20359,6,1
1,NewOrder,1772070021.234601,23058,18,1
1,NewOrder,1772070021.235514,29908,22,1
2,Payment,1772070021.236493,5937,11,1
2,Payment,1772070021.238090,7923,0,1
1,NewOrder,1772070021.238190,38095,15,1
1,NewOrder,1772070021.239326,30914,19,1
2,Payment,1772070021.239601,8348,2,1
2,Payment,1772070021.240629,5843,14,1
1,NewOrder,1772070021.240678,24713,8,1
2,Payment,1772070021.240963,15427,1,1
2,Payment,1772070021.241097,7752,16,1
2,Payment,1772070021.242454,5275,11,1
2,Payment,1772070021.243891,8672,21,1
1,NewOrder,1772070021.243918,13122,3,1
1,NewOrder,1772070021.243959,23181,9,1
2,Payment,1772070021.246018,8509,0,1
1,NewOrder,1772070021.246442,24218,5,1
2,Payment,1772070021.246482,6925,14,1
1,NewOrder,1772070021.246667,18400,23,1
1,NewOrder,1772070021.247647,35583,7,1
2,Payment,1772070021.247755,5683,11,1
1,NewOrder,1772070021.247958,30187,2,1
1,NewOrder,1772070021.248874,15076,16,1
2,Payment,1772070021.250053,5856,20,1
1,NewOrder,1772070021.252573,28704,21,1
1,NewOrder,1772070021.253357,29369,17,1
1,NewOrder,1772070021.253413,17192,14,1
1,NewOrder,1772070021.253448,17185,11,1
3,OrderStatus,1772070021.254538,9851,0,1
1,NewOrder,1772070021.254704,23038,6,1
1,NewOrder,1772070021.255927,33015,20,1
2,Payment,1772070021.256408,4668,1,1
4,Delivery,1772070021.256477,17829,12,1
5,StockLevel,1772070021.256534,18814,13,1
2,Payment,1772070021.257049,6294,3,1
2,Payment,1772070021.257674,10199,18,1
2,Payment,1772070021.257680,6356,10,1
1,NewOrder,1772070021.261101,31420,1,1
5,StockLevel,1772070021.263354,14632,3,1
1,NewOrder,1772070021.263959,20204,16,1
1,NewOrder,1772070021.264049,31699,10,1
1,NewOrder,1772070021.264400,22947,0,1
2,Payment,1772070021.265091,8310,23,1
2,Payment,1772070021.265404,6727,8,1
1,NewOrder,1772070021.265436,37016,22,1
2,Payment,1772070021.267149,8050,9,1
1,NewOrder,1772070021.267879,34608,18,1
2,Payment,1772070021.270250,8915,19,1
1,NewOrder,1772070021.270620,31373,14,1
3,OrderStatus,1772070021.270648,5248,11,1
1,NewOrder,1772070021.270683,41452,5,1
1,NewOrder,1772070021.272135,48470,8,1
2,Payment,1772070021.273405,7764,23,1
2,Payment,1772070021.274312,6875,12,1
2,Payment,1772070021.275225,5460,9,1
2,Payment,1772070021.275368,7832,13,1
1,NewOrder,1772070021.275908,26587,11,1
1,NewOrder,1772070021.276311,20305,15,1
2,Payment,1772070021.276790,8188,4,1
2,Payment,1772070021.277753,12111,6,1
2,Payment,1772070021.277996,8811,3,1
1,NewOrder,1772070021.278153,34895,2,1
1,NewOrder,1772070021.279170,37538,19,1
5,StockLevel,1772070021.280695,18610,9,1
1,NewOrder,1772070021.281174,39403,23,1
4,Delivery,1772070021.281194,12580,12,1
1,NewOrder,1772070021.281284,22875,21,1
2,Payment,1772070021.282730,10241,17,1
2,Payment,1772070021.283211,7749,13,1
2,Payment,1772070021.283241,11544,7,1
1,NewOrder,1772070021.284170,25662,16,1
1,NewOrder,1772070021.284984,24531,4,1
2,Payment,1772070021.286832,11368,3,1
2,Payment,1772070021.287358,12135,0,1
1,NewOrder,1772070021.288947,24973,20,1
1,NewOrder,1772070021.289872,23079,6,1
4,Delivery,1772070021.290974,3756,13,1
2,Payment,1772070021.292534,9045,1,1
1,NewOrder,1772070021.292981,23469,17,1
2,Payment,1772070021.293778,6124,12,1
2,Payment,1772070021.294737,7362,13,1
1,NewOrder,1772070021.294790,29836,7,1
1,NewOrder,1772070021.295757,29323,10,1
2,Payment,1772070021.296627,8310,15,1
1,NewOrder,1772070021.298210,31043,3,1
1,NewOrder,1772070021.299315,41523,9,1
2,Payment,1772070021.299504,8284,0,1
2,Payment,1772070021.299912,11587,12,1
1,NewOrder,1772070021.301603,23424,1,1
2,Payment,1772070021.302018,11941,14,1
2,Payment,1772070021.302125,18938,13,1
1,NewOrder,1772070021.302479,18571,22,1
2,Payment,1772070021.302498,7463,18,1
4,Delivery,1772070021.302502,60834,11,1
1,NewOrder,1772070021.304163,38120,21,1
2,Payment,1772070021.304947,21637,15,1
1,NewOrder,1772070021.307807,32993,0,1
2,Payment,1772070021.309524,6180,4,1
2,Payment,1772070021.309841,8757,16,1
1,NewOrder,1772070021.309964,40323,18,1
1,NewOrder,1772070021.311509,34189,12,1
2,Payment,1772070021.312145,7574,5,1
1,NewOrder,1772070021.312957,28348,6,1
2,Payment,1772070021.313059,8634,2,1
2,Payment,1772070021.313931,7018,20,1
1,NewOrder,1772070021.313970,26851,14,1
2,Payment,1772070021.315710,10483,4,1
1,NewOrder,1772070021.316459,37820,17,1
2,Payment,1772070021.316719,9539,19,1
2,Payment,1772070021.318624,6429,16,1
1,NewOrder,1772070021.319728,32395,5,1
2,Payment,1772070021.320586,9107,23,1
1,NewOrder,1772070021.320616,20698,8,1
1,NewOrder,1772070021.320953,30113,20,1
2,Payment,1772070021.321060,6812,22,1
1,NewOrder,1772070021.321070,36547,13,1
1,NewOrder,1772070021.321711,30996,2,1
1,NewOrder,1772070021.324636,31220,7,1
2,Payment,1772070021.325038,5855,1,1
2,Payment,1772070021.325059,6188,16,1
2,Payment,1772070021.325090,7000,10,1
2,Payment,1772070021.326200,10937,4,1
5,StockLevel,1772070021.326263,24376,19,1
1,NewOrder,1772070021.326599,38554,15,1
1,NewOrder,1772070021.327878,19603,22,1
1,NewOrder,1772070021.329278,35408,3,1
1,NewOrder,1772070021.329718,16468,23,1
1,NewOrder,1772070021.330919,21229,1,1
1,NewOrder,1772070021.331258,31056,16,1
2,Payment,1772070021.332111,6798,10,1
2,Payment,1772070021.337146,6553,4,1
1,NewOrder,1772070021.338932,26852,10,1
2,Payment,1772070021.340824,5398,0,1
1,NewOrder,1772070021.340832,22883,14,1
1,NewOrder,1772070021.340849,17911,9,1
1,NewOrder,1772070021.341315,27944,6,1
1,NewOrder,1772070021.341326,21489,8,1
4,Delivery,1772070021.342307,41214,21,1
1,NewOrder,1772070021.343707,36560,4,1
2,Payment,1772070021.345724,7014,12,1
5,StockLevel,1772070021.346195,12535,23,1
1,NewOrder,1772070021.346232,29385,0,1
2,Payment,1772070021.347490,8813,22,1
2,Payment,1772070021.350312,7702,18,1
2,Payment,1772070021.350663,16129,19,1
3,OrderStatus,1772070021.351072,7633,20,1
2,Payment,1772070021.352139,6621,5,1
1,NewOrder,1772070021.352163,27735,1,1
1,NewOrder,1772070021.352726,27568,2,1
1,NewOrder,1772070021.352749,40438,12,1
3,OrderStatus,1772070021.354294,8278,17,1
1,NewOrder,1772070021.355882,41495,7,1
2,Payment,1772070021.356329,8714,22,1
2,Payment,1772070021.357624,10055,13,1
5,StockLevel,1772070021.358038,19930,18,1
3,OrderStatus,1772070021.358731,5712,20,1
2,Payment,1772070021.358742,10696,23,1
5,StockLevel,1772070021.358779,8818,5,1
2,Payment,1772070021.358780,8934,9,1
1,NewOrder,1772070021.362323,36866,16,1
1,NewOrder,1772070021.362583,22618,17,1
2,Payment,1772070021.362842,6734,8,1
2,Payment,1772070021.363360,12632,11,1
2,Payment,1772070021.363727,5807,14,1
2,Payment,1772070021.364466,6904,20,1
2,Payment,1772070021.364690,4335,3,1
2,Payment,1772070021.365048,8737,22,1
1,NewOrder,1772070021.365167,46211,15,1
2,Payment,1772070021.365788,12877,10,1
1,NewOrder,1772070021.366796,25647,19,1
2,Payment,1772070021.367623,17155,5,1
4,Delivery,1772070021.367702,33300,13,1
2,Payment,1772070021.367741,6532,9,1
2,Payment,1772070021.369030,7063,3,1
1,NewOrder,1772070021.369296,26366,6,1
1,NewOrder,1772070021.369450,41353,23,1
1,NewOrder,1772070021.369542,27715,14,1
1,NewOrder,1772070021.369598,36112,8,1
1,NewOrder,1772070021.371382,34741,20,1
2,Payment,1772070021.373797,11079,22,1
2,Payment,1772070021.374280,12091,9,1
2,Payment,1772070021.375624,11219,0,1
1,NewOrder,1772070021.376003,29733,11,1
2,Payment,1772070021.376098,17490,3,1
2,Payment,1772070021.377978,8961,18,1
5,StockLevel,1772070021.378669,22882,10,1
2,Payment,1772070021.379905,17027,1,1
1,NewOrder,1772070021.380275,39664,4,1
2,Payment,1772070021.380301,10277,2,1
2,Payment,1772070021.383525,10432,21,1
1,NewOrder,1772070021.384787,25576,5,1
2,Payment,1772070021.384886,6439,22,1
2,Payment,1772070021.385211,8360,17,1
5,StockLevel,1772070021.386381,18860,9,1
5,StockLevel,1772070021.386849,21193,0,1
2,Payment,1772070021.386946,9178,18,1
2,Payment,1772070021.390584,11050,2,1
1,NewOrder,1772070021.391333,29879,22,1
1,NewOrder,1772070021.392452,19847,19,1
1,NewOrder,1772070021.393197,21500,12,1
2,Payment,1772070021.393581,8492,17,1
2,Payment,1772070021.393595,12080,3,1
2,Payment,1772070021.393964,8120,21,1
2,Payment,1772070021.395668,8151,6,1
5,StockLevel,1772070021.396134,13136,18,1
4,Delivery,1772070021.396943,22903,1,1
1,NewOrder,1772070021.397262,23400,14,1
2,Payment,1772070021.397387,13488,7,1
1,NewOrder,1772070021.399217,39702,16,1
2,Payment,1772070021.401019,9890,13,1
2,Payment,1772070021.401557,11653,10,1
2,Payment,1772070021.401643,9768,2,1
4,Delivery,1772070021.402083,79060,17,1
5,StockLevel,1772070021.402090,13376,21,1
2,Payment,1772070021.403822,16019,6,1
2,Payment,1772070021.405251,10357,9,1
1,NewOrder,1772070021.405682,33242,3,1
1,NewOrder,1772070021.405721,19168,8,1
5,StockLevel,1772070021.405743,22106,11,1
1,NewOrder,1772070021.406130,36064,20,1
2,Payment,1772070021.408051,7458,0,1
2,Payment,1772070021.409281,8268,18,1
1,NewOrder,1772070021.410370,35015,5,1
2,Payment,1772070021.410813,8568,23,1
3,OrderStatus,1772070021.410880,7595,7,1
1,NewOrder,1772070021.410917,38869,13,1
2,Payment,1772070021.411386,6597,15,1
2,Payment,1772070021.411420,6537,2,1
1,NewOrder,1772070021.412305,43227,19,1
3,OrderStatus,1772070021.413218,7825,10,1
1,NewOrder,1772070021.414707,23598,12,1
1,NewOrder,1772070021.415472,40524,21,1
1,NewOrder,1772070021.415517,37581,0,1
2,Payment,1772070021.415616,11456,9,1
1,NewOrder,1772070021.417556,30848,18,1
2,Payment,1772070021.417965,7247,2,1
2,Payment,1772070021.417989,7328,15,1
2,Payment,1772070021.418484,10503,7,1
2,Payment,1772070021.419388,7652,23,1
1,NewOrder,1772070021.419847,37841,6,1
1,NewOrder,1772070021.419855,19017,1,1
2,Payment,1772070021.419944,9148,4,1
2,Payment,1772070021.420667,7964,14,1
2,Payment,1772070021.421049,17802,10,1
1,NewOrder,1772070021.421216,31582,22,1
1,NewOrder,1772070021.424898,21025,8,1
2,Payment,1772070021.425218,9901,2,1
1,NewOrder,1772070021.425324,26268,15,1
3,OrderStatus,1772070021.427047,8069,23,1
2,Payment,1772070021.427080,8765,9,1
1,NewOrder,1772070021.427857,35564,11,1
2,Payment,1772070021.428638,7187,14,1
2,Payment,1772070021.428995,11691,7,1
2,Payment,1772070021.429099,8596,4,1
1,NewOrder,1772070021.435124,43141,23,1
1,NewOrder,1772070021.435128,23165,2,1
1,NewOrder,1772070021.435831,16987,14,1
1,NewOrder,1772070021.435852,19122,9,1
1,NewOrder,1772070021.437709,29976,4,1
1,NewOrder,1772070021.438315,40550,12,1
2,Payment,1772070021.438868,13159,10,1
5,StockLevel,1772070021.438890,9056,1,1
2,Payment,1772070021.438943,9921,16,1
1,NewOrder,1772070021.438950,15173,3,1
2,Payment,1772070021.440703,8190,7,1
1,NewOrder,1772070021.442204,25713,20,1
3,OrderStatus,1772070021.445390,7197,5,1
4,Delivery,1772070021.445933,48454,8,1
1,NewOrder,1772070021.447955,20898,1,1
2,Payment,1772070021.448429,7539,18,1
1,NewOrder,1772070021.448870,20241,16,1
1,NewOrder,1772070021.448901,18852,7,1
2,Payment,1772070021.449796,6653,13,1
1,NewOrder,1772070021.451617,35237,15,1
2,Payment,1772070021.452036,6977,10,1
2,Payment,1772070021.452591,8215,5,1
1,NewOrder,1772070021.452807,35473,22,1
1,NewOrder,1772070021.452828,29980,14,1
2,Payment,1772070021.453109,9552,0,1
3,OrderStatus,1772070021.454146,7415,3,1
2,Payment,1772070021.454984,6291,9,1
2,Payment,1772070021.455545,7554,19,1
2,Payment,1772070021.455973,11159,18,1
2,Payment,1772070021.456002,5307,21,1
1,NewOrder,1772070021.456456,43041,13,1
1,NewOrder,1772070021.457714,41704,6,1
2,Payment,1772070021.458305,9295,2,1
5,StockLevel,1772070021.459018,12801,10,1
1,NewOrder,1772070021.460811,22391,5,1
2,Payment,1772070021.461302,8584,9,1
1,NewOrder,1772070021.461319,35197,21,1
4,Delivery,1772070021.461571,36725,3,1
2,Payment,1772070021.462681,7885,0,1
4,Delivery,1772070021.463110,27982,19,1
1,NewOrder,1772070021.463433,27693,11,1
1,NewOrder,1772070021.467143,32831,18,1
2,Payment,1772070021.467609,9992,2,1
1,NewOrder,1772070021.467696,34469,4,1
2,Payment,1772070021.467759,8239,7,1
1,NewOrder,1772070021.467922,22344,20,1
1,NewOrder,1772070021.468864,34598,1,1
2,Payment,1772070021.469121,7655,16,1
2,Payment,1772070021.469896,8407,9,1
1,NewOrder,1772070021.470573,32254,0,1
2,Payment,1772070021.471831,8252,10,1
1,NewOrder,1772070021.476004,31832,7,1
3,OrderStatus,1772070021.476782,7507,16,1
1,NewOrder,1772070021.477612,22787,2,1
1,NewOrder,1772070021.478280,30277,23,1
2,Payment,1772070021.478329,9442,9,1
1,NewOrder,1772070021.478871,22081,12,1
5,StockLevel,1772070021.480092,13466,10,1
1,NewOrder,1772070021.481154,30555,17,1
2,Payment,1772070021.482833,6182,14,1
2,Payment,1772070021.483214,5745,5,1
2,Payment,1772070021.484314,6369,16,1
1,NewOrder,1772070021.486867,22617,15,1
2,Payment,1772070021.487795,8327,9,1
2,Payment,1772070021.488291,8511,22,1
2,Payment,1772070021.488992,5812,5,1
2,Payment,1772070021.489027,5691,14,1
2,Payment,1772070021.490291,8676,20,1
2,Payment,1772070021.490694,5746,16,1
2,Payment,1772070021.491102,18731,19,1
1,NewOrder,1772070021.491131,29052,11,1
1,NewOrder,1772070021.493564,35933,10,1
4,Delivery,1772070021.494414,30044,8,1
2,Payment,1772070021.494742,11042,14,1
2,Payment,1772070021.494816,9861,5,1
2,Payment,1772070021.496145,5445,9,1
1,NewOrder,1772070021.496450,26063,16,1
2,Payment,1772070021.496537,14721,21,1
2,Payment,1772070021.496814,7272,22,1
2,Payment,1772070021.498321,7884,3,1
1,NewOrder,1772070021.498971,17753,20,1
2,Payment,1772070021.499429,7212,6,1
1,NewOrder,1772070021.499507,24287,13,1
1,NewOrder,1772070021.499982,29135,18,1
1,NewOrder,1772070021.500409,29100,2,1
1,NewOrder,1772070021.500963,41862,12,1
1,NewOrder,1772070021.501603,33514,9,1
2,Payment,1772070021.502190,9464,4,1
2,Payment,1772070021.502838,11770,0,1
2,Payment,1772070021.503486,6375,1,1
1,NewOrder,1772070021.504094,17480,22,1
2,Payment,1772070021.504690,8392,5,1
2,Payment,1772070021.505822,5932,14,1
2,Payment,1772070021.506216,10437,3,1
2,Payment,1772070021.506653,5642,6,1
2,Payment,1772070021.507843,8421,7,1
2,Payment,1772070021.508567,8133,23,1
2,Payment,1772070021.509506,11224,15,1
2,Payment,1772070021.509845,12883,19,1
1,NewOrder,1772070021.509872,35011,1,1
2,Payment,1772070021.511265,10219,21,1
1,NewOrder,1772070021.511666,36939,4,1
1,NewOrder,1772070021.511734,26010,17,1
2,Payment,1772070021.511766,10646,14,1
1,NewOrder,1772070021.512312,26272,6,1
1,NewOrder,1772070021.513092,22204,5,1
1,NewOrder,1772070021.514634,40435,0,1
2,Payment,1772070021.516278,8141,7,1
5,StockLevel,1772070021.516679,11398,3,1
2,Payment,1772070021.516726,7738,23,1
1,NewOrder,1772070021.516751,28070,20,1
4,Delivery,1772070021.520188,4510,11,1
2,Payment,1772070021.520746,11796,15,1
2,Payment,1772070021.521494,11513,21,1
3,OrderStatus,1772070021.521577,6531,22,1
1,NewOrder,1772070021.522424,30192,14,1
1,NewOrder,1772070021.522539,25763,16,1
1,NewOrder,1772070021.522738,39377,19,1
2,Payment,1772070021.523800,10357,13,1
1,NewOrder,1772070021.524429,33187,7,1
1,NewOrder,1772070021.524470,35932,8,1
1,NewOrder,1772070021.524475,20568,23,1
3,OrderStatus,1772070021.524705,3122,11,1
1,NewOrder,1772070021.527852,30606,11,1
1,NewOrder,1772070021.528090,32359,3,1
1,NewOrder,1772070021.528132,27857,22,1
1,NewOrder,1772070021.529127,41520,18,1
1,NewOrder,1772070021.529503,28916,10,1
1,NewOrder,1772070021.529519,19643,2,1
2,Payment,1772070021.532564,11798,15,1
2,Payment,1772070021.533024,14163,21,1
1,NewOrder,1772070021.534183,26755,13,1
1,NewOrder,1772070021.535143,24807,9,1
1,NewOrder,1772070021.535308,20612,5,1
5,StockLevel,1772070021.537755,21864,17,1
2,Payment,1772070021.538595,10005,6,1
3,OrderStatus,1772070021.542835,9193,12,1
2,Payment,1772070021.544367,6228,15,1
1,NewOrder,1772070021.544830,19695,20,1
1,NewOrder,1772070021.544891,19036,1,1
2,Payment,1772070021.545068,7895,23,1
2,Payment,1772070021.547198,9221,21,1
2,Payment,1772070021.548326,7509,16,1
1,NewOrder,1772070021.548604,33598,6,1
1,NewOrder,1772070021.548616,33976,4,1
1,NewOrder,1772070021.549172,24942,2,1
1,NewOrder,1772070021.550605,42165,15,1
2,Payment,1772070021.552038,8868,12,1
2,Payment,1772070021.552648,9847,14,1
2,Payment,1772070021.552983,5368,23,1
2,Payment,1772070021.555102,6717,0,1
1,NewOrder,1772070021.555847,24678,16,1
1,NewOrder,1772070021.555931,20751,5,1
1,NewOrder,1772070021.555999,22529,22,1
1,NewOrder,1772070021.556439,26181,21,1
1,NewOrder,1772070021.557632,30876,7,1
1,NewOrder,1772070021.558368,14777,23,1
1,NewOrder,1772070021.558436,26388,10,1
2,Payment,1772070021.558484,6072,11,1
2,Payment,1772070021.559624,8298,17,1
2,Payment,1772070021.559959,7193,9,1
2,Payment,1772070021.560417,8385,8,1
1,NewOrder,1772070021.560475,23355,3,1
2,Payment,1772070021.560916,8280,12,1
1,NewOrder,1772070021.560949,31463,13,1
2,Payment,1772070021.561830,11974,0,1
2,Payment,1772070021.562126,8427,19,1
1,NewOrder,1772070021.562524,28301,14,1
2,Payment,1772070021.563934,11906,1,1
1,NewOrder,1772070021.564534,21191,20,1
3,OrderStatus,1772070021.564566,5257,11,1
1,NewOrder,1772070021.567181,40405,9,1
1,NewOrder,1772070021.567926,37506,17,1
1,NewOrder,1772070021.568809,24301,8,1
1,NewOrder,1772070021.569202,20019,12,1
2,Payment,1772070021.569848,7694,11,1
2,Payment,1772070021.570562,10721,19,1
2,Payment,1772070021.570661,8640,18,1
3,OrderStatus,1772070021.573155,6854,23,1
4,Delivery,1772070021.573817,16522,0,1
5,StockLevel,1772070021.574132,21299,2,1
1,NewOrder,1772070021.575866,32906,1,1
1,NewOrder,1772070021.576687,31146,5,1
3,OrderStatus,1772070021.577555,6473,11,1
1,NewOrder,1772070021.578537,16343,22,1
1,NewOrder,1772070021.579325,34949,18,1
2,Payment,1772070021.580014,6491,23,1
3,OrderStatus,1772070021.580530,6069,16,1
1,NewOrder,1772070021.581290,23379,19,1
2,Payment,1772070021.582229,10585,6,1
2,Payment,1772070021.582618,7747,4,1
2,Payment,1772070021.582643,7107,21,1
2,Payment,1772070021.583842,8999,3,1
2,Payment,1772070021.584037,10307,11,1
1,NewOrder,1772070021.584835,20637,10,1
1,NewOrder,1772070021.585735,29347,20,1
3,OrderStatus,1772070021.586511,7634,23,1
1,NewOrder,1772070021.586607,23549,16,1
1,NewOrder,1772070021.588534,34866,7,1
1,NewOrder,1772070021.589226,26363,12,1
5,StockLevel,1772070021.589780,16163,21,1
1,NewOrder,1772070021.590365,36327,0,1
5,StockLevel,1772070021.590379,18904,4,1
1,NewOrder,1772070021.590866,31082,14,1
2,Payment,1772070021.592423,8657,13,1
1,NewOrder,1772070021.592782,22198,15,1
1,NewOrder,1772070021.592841,28416,6,1
2,Payment,1772070021.592854,7184,3,1
1,NewOrder,1772070021.593132,34113,8,1
1,NewOrder,1772070021.594148,28532,23,1
2,Payment,1772070021.594370,7247,11,1
1,NewOrder,1772070021.594890,20775,22,1
1,NewOrder,1772070021.595441,21485,2,1
2,Payment,1772070021.600048,6184,3,1
1,NewOrder,1772070021.601085,20157,13,1
2,Payment,1772070021.601634,6222,11,1
1,NewOrder,1772070021.604684,35159,19,1
2,Payment,1772070021.605458,9555,17,1
1,NewOrder,1772070021.605496,28050,10,1
2,Payment,1772070021.605948,13884,21,1
2,Payment,1772070021.606243,5895,3,1
1,NewOrder,1772070021.607598,23432,9,1
2,Payment,1772070021.607838,7225,5,1
4,Delivery,1772070021.607866,54873,11,1
2,Payment,1772070021.608776,8805,1,1
5,StockLevel,1772070021.609307,19322,4,1
1,NewOrder,1772070021.610168,20501,16,1
2,Payment,1772070021.612145,8630,3,1
1,NewOrder,1772070021.614283,19796,18,1
1,NewOrder,1772070021.614988,31826,15,1
1,NewOrder,1772070021.615022,27579,17,1
3,OrderStatus,1772070021.615074,4974,5,1
2,Payment,1772070021.615092,6241,20,1
5,StockLevel,1772070021.615603,18920,12,1
1,NewOrder,1772070021.615692,19338,22,1
4,Delivery,1772070021.616935,78800,2,1
1,NewOrder,1772070021.617588,29163,1,1
1,NewOrder,1772070021.619843,24975,21,1
2,Payment,1772070021.620057,10014,5,1
3,OrderStatus,1772070021.620780,6377,3,1
2,Payment,1772070021.621254,10565,13,1
2,Payment,1772070021.621268,7046,6,1
2,Payment,1772070021.621342,4696,20,1
2,Payment,1772070021.621962,11490,14,1
2,Payment,1772070021.622706,6251,23,1
1,NewOrder,1772070021.623409,39146,7,1
2,Payment,1772070021.626048,6490,20,1
1,NewOrder,1772070021.626699,38240,0,1
2,Payment,1772070021.627167,6917,3,1
1,NewOrder,1772070021.627265,34354,8,1
1,NewOrder,1772070021.628342,41409,6,1
2,Payment,1772070021.628655,9939,4,1
2,Payment,1772070021.628972,7481,23,1
1,NewOrder,1772070021.630077,26533,5,1
2,Payment,1772070021.630679,7261,16,1
2,Payment,1772070021.631055,8767,9,1
1,NewOrder,1772070021.631824,40865,13,1
2,Payment,1772070021.632563,6693,20,1
1,NewOrder,1772070021.633462,21817,14,1
2,Payment,1772070021.633557,7701,10,1
5,StockLevel,1772070021.634094,16893,18,1
2,Payment,1772070021.634112,6823,3,1
2,Payment,1772070021.634547,9214,12,1
1,NewOrder,1772070021.635039,35159,22,1
1,NewOrder,1772070021.636471,26853,23,1
2,Payment,1772070021.637946,7221,16,1
1,NewOrder,1772070021.638603,30651,4,1
2,Payment,1772070021.639280,7123,20,1
2,Payment,1772070021.639833,7891,9,1
2,Payment,1772070021.639853,11343,19,1
1,NewOrder,1772070021.640959,20853,3,1
2,Payment,1772070021.641268,8447,10,1
3,OrderStatus,1772070021.642618,8724,17,1
1,NewOrder,1772070021.643766,24365,12,1
1,NewOrder,1772070021.644844,33422,21,1
2,Payment,1772070021.645172,9726,16,1
1,NewOrder,1772070021.646429,31898,20,1
2,Payment,1772070021.646760,8496,1,1
1,NewOrder,1772070021.646824,25387,15,1
1,NewOrder,1772070021.647732,22680,9,1
3,OrderStatus,1772070021.649740,5237,10,1
1,NewOrder,1772070021.651002,32797,18,1
2,Payment,1772070021.651211,9094,19,1
2,Payment,1772070021.651366,9907,17,1
2,Payment,1772070021.654909,10182,16,1
2,Payment,1772070021.654985,6719,10,1
2,Payment,1772070021.655267,6014,1,1
1,NewOrder,1772070021.655286,20546,14,1
2,Payment,1772070021.656620,7694,5,1
2,Payment,1772070021.660330,7843,19,1
1,NewOrder,1772070021.661283,24811,17,1
1,NewOrder,1772070021.661289,18929,1,1
2,Payment,1772070021.661629,6140,8,1
2,Payment,1772070021.661715,8268,10,1
2,Payment,1772070021.661823,5318,3,1
1,NewOrder,1772070021.662566,21967,7,1
1,NewOrder,1772070021.662745,14711,11,1
1,NewOrder,1772070021.663329,24968,23,1
2,Payment,1772070021.664330,8233,5,1
2,Payment,1772070021.664944,9337,0,1
5,StockLevel,1772070021.665098,12228,16,1
4,Delivery,1772070021.667165,29116,3,1
2,Payment,1772070021.667775,6115,8,1
2,Payment,1772070021.668147,7225,12,1
2,Payment,1772070021.668183,8265,19,1
5,StockLevel,1772070021.669272,15624,4,1
2,Payment,1772070021.669761,11995,6,1
2,Payment,1772070021.669987,5804,10,1
4,Delivery,1772070021.670208,39882,22,1
1,NewOrder,1772070021.670417,19715,9,1
1,NewOrder,1772070021.672221,30658,15,1
2,Payment,1772070021.672569,9863,5,1
1,NewOrder,1772070021.672698,41981,13,1
3,OrderStatus,1772070021.673894,4194,8,1
2,Payment,1772070021.674295,6862,0,1
2,Payment,1772070021.675398,7816,12,1
1,NewOrder,1772070021.675803,20631,10,1
2,Payment,1772070021.675842,9050,14,1
2,Payment,1772070021.676463,9950,19,1
2,Payment,1772070021.677333,10341,16,1
3,OrderStatus,1772070021.677465,4436,11,1
1,NewOrder,1772070021.678098,27936,8,1
2,Payment,1772070021.678275,11144,21,1
2,Payment,1772070021.678337,9721,20,1
1,NewOrder,1772070021.680225,19500,1,1
2,Payment,1772070021.681166,9395,0,1
1,NewOrder,1772070021.681761,32888,6,1
1,NewOrder,1772070021.681909,26789,11,1
1,NewOrder,1772070021.682435,22363,5,1
1,NewOrder,1772070021.683222,31310,12,1
1,NewOrder,1772070021.683804,40852,18,1
1,NewOrder,1772070021.684536,24194,7,1
2,Payment,1772070021.684904,6157,14,1
2,Payment,1772070021.684904,8650,4,1
2,Payment,1772070021.686104,8136,17,1
1,NewOrder,1772070021.686424,43282,19,1
1,NewOrder,1772070021.687684,31116,16,1
2,Payment,1772070021.688065,12529,20,1
2,Payment,1772070021.688300,14940,23,1
2,Payment,1772070021.689430,9804,21,1
1,NewOrder,1772070021.690141,43272,9,1
1,NewOrder,1772070021.690565,37678,0,1
1,NewOrder,1772070021.691066,24070,14,1
2,Payment,1772070021.693563,8070,4,1
2,Payment,1772070021.694250,10563,17,1
1,NewOrder,1772070021.695743,38905,2,1
1,NewOrder,1772070021.696288,25892,3,1
2,Payment,1772070021.696442,8264,10,1
1,NewOrder,1772070021.699240,37220,21,1
2,Payment,1772070021.699733,8441,1,1
1,NewOrder,1772070021.700610,15469,20,1
1,NewOrder,1772070021.701654,20106,4,1
2,Payment,1772070021.702889,8902,15,1
5,StockLevel,1772070021.703251,12774,23,1
2,Payment,1772070021.704734,6020,10,1
2,Payment,1772070021.704824,5899,5,1
2,Payment,1772070021.704828,8520,17,1
1,NewOrder,1772070021.706039,19012,8,1
2,Payment,1772070021.708181,6946,1,1
1,NewOrder,1772070021.708708,25110,11,1
1,NewOrder,1772070021.708740,34222,7,1
2,Payment,1772070021.710097,9116,22,1
1,NewOrder,1772070021.710737,18206,5,1
1,NewOrder,1772070021.710765,20700,10,1
2,Payment,1772070021.711801,9406,15,1
1,NewOrder,1772070021.713357,27983,17,1
1,NewOrder,1772070021.714555,25333,12,1
2,Payment,1772070021.714677,7125,6,1
4,Delivery,1772070021.714705,23638,13,1
1,NewOrder,1772070021.715151,19949,1,1
1,NewOrder,1772070021.715153,19987,14,1
1,NewOrder,1772070021.716031,22833,23,1
3,OrderStatus,1772070021.716085,9818,20,1
2,Payment,1772070021.718813,6214,16,1
2,Payment,1772070021.719239,5799,22,1
1,NewOrder,1772070021.721217,41586,15,1
2,Payment,1772070021.721765,7902,4,1
2,Payment,1772070021.721813,7805,6,1
2,Payment,1772070021.722191,9783,3,1
2,Payment,1772070021.724672,7500,18,1
1,NewOrder,1772070021.725037,22609,16,1
2,Payment,1772070021.725048,8726,22,1
1,NewOrder,1772070021.725061,21993,8,1
1,NewOrder,1772070021.725915,14774,20,1
2,Payment,1772070021.728250,10544,0,1
2,Payment,1772070021.728955,7376,5,1
2,Payment,1772070021.729646,6200,6,1
1,NewOrder,1772070021.729683,21398,4,1
1,NewOrder,1772070021.729731,38737,19,1
1,NewOrder,1772070021.731482,16250,10,1
4,Delivery,1772070021.731983,33906,3,1
4,Delivery,1772070021.732194,20040,18,1
1,NewOrder,1772070021.733427,25602,9,1
2,Payment,1772070021.733783,5115,22,1
1,NewOrder,1772070021.733842,18377,11,1
2,Payment,1772070021.734653,10965,2,1
2,Payment,1772070021.735116,12291,1,1
2,Payment,1772070021.735168,5045,14,1
2,Payment,1772070021.735860,11173,6,1
2,Payment,1772070021.736354,18879,5,1
4,Delivery,1772070021.736485,16030,21,1
1,NewOrder,1772070021.738352,43397,13,1
2,Payment,1772070021.738800,11814,0,1
1,NewOrder,1772070021.738877,14586,23,1
1,NewOrder,1772070021.738907,19087,22,1
5,StockLevel,1772070021.739898,18331,12,1
2,Payment,1772070021.740225,6915,14,1
1,NewOrder,1772070021.740695,29977,20,1
1,NewOrder,1772070021.741357,25697,17,1
1,NewOrder,1772070021.742977,40043,7,1
2,Payment,1772070021.745628,8325,2,1
2,Payment,1772070021.747039,6901,6,1
1,NewOrder,1772070021.747064,16318,8,1
1,NewOrder,1772070021.747151,32550,14,1
1,NewOrder,1772070021.747425,27354,1,1
1,NewOrder,1772070021.747656,29926,16,1
2,Payment,1772070021.747740,7824,10,1
2,Payment,1772070021.750631,7684,0,1
1,NewOrder,1772070021.751092,24768,4,1
2,Payment,1772070021.752226,9833,11,1
1,NewOrder,1772070021.752239,21070,18,1
1,NewOrder,1772070021.752532,28818,21,1
1,NewOrder,1772070021.753488,29579,23,1
1,NewOrder,1772070021.753944,29047,6,1
1,NewOrder,1772070021.753960,36510,2,1
1,NewOrder,1772070021.755239,18638,5,1
1,NewOrder,1772070021.755575,22167,10,1
5,StockLevel,1772070021.758020,17981,22,1
2,Payment,1772070021.758254,8355,12,1
1,NewOrder,1772070021.758337,22048,0,1
1,NewOrder,1772070021.759038,23496,9,1
1,NewOrder,1772070021.762068,20180,11,1
1,NewOrder,1772070021.762829,19516,15,1
2,Payment,1772070021.763407,7885,8,1
3,OrderStatus,1772070021.765914,7833,3,1
1,NewOrder,1772070021.766626,19832,12,1
1,NewOrder,1772070021.767064,41738,17,1
2,Payment,1772070021.768493,8364,19,1
5,StockLevel,1772070021.770688,14748,20,1
2,Payment,1772070021.771296,6411,8,1
2,Payment,1772070021.773319,8789,18,1
2,Payment,1772070021.773773,6584,3,1
2,Payment,1772070021.773901,8248,5,1
2,Payment,1772070021.774785,9093,1,1
1,NewOrder,1772070021.775870,39850,4,1
1,NewOrder,1772070021.776032,18307,22,1
2,Payment,1772070021.776883,6571,19,1
1,NewOrder,1772070021.777598,28598,16,1
5,StockLevel,1772070021.777733,11980,8,1
1,NewOrder,1772070021.777767,15542,10,1
3,OrderStatus,1772070021.779726,4651,14,1
1,NewOrder,1772070021.780384,16455,3,1
2,Payment,1772070021.780410,7491,0,1
2,Payment,1772070021.781362,7087,21,1
1,NewOrder,1772070021.781774,25755,13,1
2,Payment,1772070021.782118,8394,18,1
3,OrderStatus,1772070021.782152,4444,5,1
2,Payment,1772070021.782259,4663,11,1
2,Payment,1772070021.782356,7045,15,1
2,Payment,1772070021.782559,9742,9,1
1,NewOrder,1772070021.783005,25485,6,1
1,NewOrder,1772070021.783033,32225,7,1
2,Payment,1772070021.783093,9680,23,1
2,Payment,1772070021.783467,11857,19,1
2,Payment,1772070021.783885,6008,1,1
2,Payment,1772070021.784384,6835,14,1
2,Payment,1772070021.785446,11830,20,1
2,Payment,1772070021.786467,11609,12,1
1,NewOrder,1772070021.786600,29142,5,1
2,Payment,1772070021.786933,6632,11,1
1,NewOrder,1772070021.787909,39178,0,1
1,NewOrder,1772070021.788456,22138,21,1
1,NewOrder,1772070021.789416,43335,15,1
4,Delivery,1772070021.789739,27411,8,1
1,NewOrder,1772070021.789901,15018,1,1
2,Payment,1772070021.790475,11586,2,1
1,NewOrder,1772070021.790523,37785,18,1
2,Payment,1772070021.791230,8377,14,1
2,Payment,1772070021.792315,10075,9,1
1,NewOrder,1772070021.792778,18661,23,1
2,Payment,1772070021.793319,10749,10,1
1,NewOrder,1772070021.793574,20412,11,1
1,NewOrder,1772070021.794354,22847,22,1
4,Delivery,1772070021.795334,18640,19,1
2,Payment,1772070021.796864,6671,3,1
3,OrderStatus,1772070021.797289,4426,20,1
2,Payment,1772070021.798081,8548,12,1
1,NewOrder,1772070021.799619,44819,14,1
1,NewOrder,1772070021.801734,26256,20,1
2,Payment,1772070021.802071,16349,2,1
2,Payment,1772070021.802394,7693,9,1
2,Payment,1772070021.803554,7119,3,1
1,NewOrder,1772070021.804080,26108,10,1
3,OrderStatus,1772070021.804929,6013,1,1
2,Payment,1772070021.806206,7021,16,1
1,NewOrder,1772070021.806639,33284,12,1
3,OrderStatus,1772070021.807551,10333,13,1
4,Delivery,1772070021.808500,9132,6,1
2,Payment,1772070021.808827,7403,17,1
1,NewOrder,1772070021.810097,36903,9,1
2,Payment,1772070021.810600,7854,21,1
2,Payment,1772070021.810681,9081,3,1
1,NewOrder,1772070021.810952,20757,1,1
2,Payment,1772070021.811465,8995,23,1
2,Payment,1772070021.813235,4687,16,1
2,Payment,1772070021.813987,11279,19,1
1,NewOrder,1772070021.814013,21663,11,1
1,NewOrder,1772070021.815268,24088,7,1
2,Payment,1772070021.815731,9574,4,1
1,NewOrder,1772070021.815769,25840,5,1
3,OrderStatus,1772070021.816234,8706,17,1
1,NewOrder,1772070021.817170,31945,8,1
2,Payment,1772070021.817214,6647,22,1
1,NewOrder,1772070021.817639,19805,6,1
3,OrderStatus,1772070021.817893,8966,13,1
2,Payment,1772070021.817930,7014,16,1
2,Payment,1772070021.818425,9794,2,1
1,NewOrder,1772070021.818463,40658,21,1
2,Payment,1772070021.819768,10078,3,1
2,Payment,1772070021.820470,7493,23,1
1,NewOrder,1772070021.823870,24298,22,1
3,OrderStatus,1772070021.824952,9376,17,1
1,NewOrder,1772070021.824952,18194,16,1
2,Payment,1772070021.825276,8001,19,1
1,NewOrder,1772070021.825317,36125,4,1
1,NewOrder,1772070021.826872,24923,13,1
1,NewOrder,1772070021.827092,21603,0,1
4,Delivery,1772070021.827981,57087,23,1
1,NewOrder,1772070021.828000,21588,20,1
2,Payment,1772070021.828227,12660,2,1
2,Payment,1772070021.828313,8392,18,1
1,NewOrder,1772070021.829861,33345,3,1
2,Payment,1772070021.830194,7247,10,1
2,Payment,1772070021.831720,10633,1,1
1,NewOrder,1772070021.832763,38241,15,1
1,NewOrder,1772070021.833285,26822,19,1
1,NewOrder,1772070021.834338,38703,17,1
2,Payment,1772070021.835702,7323,11,1
1,NewOrder,1772070021.836709,38971,18,1
2,Payment,1772070021.837451,7370,10,1
1,NewOrder,1772070021.837455,34217,6,1
2,Payment,1772070021.839367,9356,7,1
1,NewOrder,1772070021.839929,46085,12,1
2,Payment,1772070021.840896,12066,2,1
1,NewOrder,1772070021.841618,21617,5,1
2,Payment,1772070021.842359,12135,1,1
1,NewOrder,1772070021.843028,19776,11,1
1,NewOrder,1772070021.843153,33396,16,1
1,NewOrder,1772070021.844443,24649,14,1
3,OrderStatus,1772070021.844830,4350,10,1
2,Payment,1772070021.847008,8310,9,1
2,Payment,1772070021.848179,6073,22,1
1,NewOrder,1772070021.848704,18837,0,1
1,NewOrder,1772070021.848728,32725,7,1
2,Payment,1772070021.849138,8098,8,1
2,Payment,1772070021.849205,10356,10,1
1,NewOrder,1772070021.849594,25664,20,1
2,Payment,1772070021.851811,7760,13,1
1,NewOrder,1772070021.852979,41766,2,1
1,NewOrder,1772070021.854261,20914,22,1
1,NewOrder,1772070021.854504,28054,1,1
1,NewOrder,1772070021.855344,18955,9,1
1,NewOrder,1772070021.857246,24568,8,1
2,Payment,1772070021.859146,8822,21,1
1,NewOrder,1772070021.859567,28269,10,1
1,NewOrder,1772070021.859582,26402,13,1
1,NewOrder,1772070021.860117,33713,19,1
1,NewOrder,1772070021.861452,27569,4,1
1,NewOrder,1772070021.862813,23777,11,1
5,StockLevel,1772070021.863221,14184,3,1
1,NewOrder,1772070021.863246,16789,5,1
1,NewOrder,1772070021.867546,25646,0,1
1,NewOrder,1772070021.867979,34143,21,1
2,Payment,1772070021.869108,6043,14,1
1,NewOrder,1772070021.871015,28681,15,1
1,NewOrder,1772070021.871697,34479,6,1
2,Payment,1772070021.873051,8800,17,1
2,Payment,1772070021.874325,9644,9,1
2,Payment,1772070021.875161,8777,14,1
2,Payment,1772070021.875182,5451,22,1
1,NewOrder,1772070021.875268,20536,20,1
1,NewOrder,1772070021.875695,38737,18,1
2,Payment,1772070021.876575,8859,16,1
1,NewOrder,1772070021.877431,34287,3,1
1,NewOrder,1772070021.880045,31709,5,1
1,NewOrder,1772070021.880658,24413,22,1
1,NewOrder,1772070021.881464,19291,7,1
2,Payment,1772070021.881825,8509,8,1
1,NewOrder,1772070021.881856,29167,17,1
1,NewOrder,1772070021.882569,29135,1,1
1,NewOrder,1772070021.883950,19842,14,1
2,Payment,1772070021.883979,8518,9,1
1,NewOrder,1772070021.885083,33126,23,1
4,Delivery,1772070021.885460,55500,16,1
1,NewOrder,1772070021.885990,30294,13,1
5,StockLevel,1772070021.886025,17088,12,1
2,Payment,1772070021.886600,7528,11,1
1,NewOrder,1772070021.887842,29928,10,1
1,NewOrder,1772070021.889047,22326,4,1
2,Payment,1772070021.890345,6726,8,1
1,NewOrder,1772070021.892510,17998,9,1
2,Payment,1772070021.893196,6793,0,1
1,NewOrder,1772070021.893841,37176,19,1
2,Payment,1772070021.894139,10228,11,1
1,NewOrder,1772070021.894756,26630,2,1
2,Payment,1772070021.895814,7266,20,1
2,Payment,1772070021.897077,10030,8,1
2,Payment,1772070021.899707,8138,15,1
2,Payment,1772070021.899997,7747,0,1
1,NewOrder,1772070021.900780,35901,7,1
2,Payment,1772070021.902148,7873,21,1
2,Payment,1772070021.903085,8576,20,1
2,Payment,1772070021.903123,7381,12,1
1,NewOrder,1772070021.903795,20786,14,1
1,NewOrder,1772070021.904376,23469,11,1
1,NewOrder,1772070021.905081,23714,22,1
2,Payment,1772070021.906185,8860,6,1
2,Payment,1772070021.907121,6681,8,1
1,NewOrder,1772070021.907763,23665,0,1
3,OrderStatus,1772070021.907856,7024,15,1
1,NewOrder,1772070021.910048,40610,21,1
1,NewOrder,1772070021.910529,20869,9,1
2,Payment,1772070021.910533,7746,12,1
1,NewOrder,1772070021.911028,26575,17,1
2,Payment,1772070021.911381,8715,4,1
2,Payment,1772070021.911684,6489,20,1
2,Payment,1772070021.911730,11390,1,1
1,NewOrder,1772070021.911737,23075,3,1
1,NewOrder,1772070021.911778,25649,5,1
5,StockLevel,1772070021.913811,13987,8,1
1,NewOrder,1772070021.914442,31541,18,1
3,OrderStatus,1772070021.914891,8977,15,1
2,Payment,1772070021.915061,8491,6,1
1,NewOrder,1772070021.916293,31583,13,1
1,NewOrder,1772070021.917775,23562,10,1
2,Payment,1772070021.918180,5711,20,1
1,NewOrder,1772070021.918218,28201,23,1
1,NewOrder,1772070021.918287,40268,12,1
2,Payment,1772070021.920106,8757,4,1
3,OrderStatus,1772070021.921395,7795,2,1
2,Payment,1772070021.923130,6976,1,1
1,NewOrder,1772070021.923557,33519,6,1
1,NewOrder,1772070021.923878,36087,15,1
1,NewOrder,1772070021.923898,29400,20,1
1,NewOrder,1772070021.924585,34413,14,1
1,NewOrder,1772070021.927803,18638,8,1
1,NewOrder,1772070021.927855,32085,11,1
1,NewOrder,1772070021.928801,20056,22,1
2,Payment,1772070021.928867,6325,4,1
1,NewOrder,1772070021.929200,22890,2,1
1,NewOrder,1772070021.930111,26455,1,1
1,NewOrder,1772070021.931021,12321,19,1
1,NewOrder,1772070021.931402,27060,9,1
1,NewOrder,1772070021.931439,31299,0,1
2,Payment,1772070021.934818,6540,3,1
1,NewOrder,1772070021.935199,36805,4,1
1,NewOrder,1772070021.936688,42571,7,1
4,Delivery,1772070021.937438,58031,5,1
2,Payment,1772070021.937610,7674,17,1
1,NewOrder,1772070021.940975,31115,16,1
1,NewOrder,1772070021.941343,30721,10,1
2,Payment,1772070021.941362,7154,3,1
2,Payment,1772070021.943349,7921,19,1
2,Payment,1772070021.945291,8890,17,1
2,Payment,1772070021.945993,8404,18,1
1,NewOrder,1772070021.946423,37363,23,1
1,NewOrder,1772070021.946446,22636,8,1
2,Payment,1772070021.947887,8376,13,1
2,Payment,1772070021.948522,7144,3,1
1,NewOrder,1772070021.948861,31425,22,1
2,Payment,1772070021.950670,7076,21,1
2,Payment,1772070021.951277,8032,19,1
1,NewOrder,1772070021.952100,32268,2,1
2,Payment,1772070021.953304,9839,20,1
1,NewOrder,1772070021.954191,36617,17,1
2,Payment,1772070021.954403,10910,18,1
3,OrderStatus,1772070021.955671,7054,3,1
3,OrderStatus,1772070021.956268,6754,13,1
5,StockLevel,1772070021.956591,15221,1,1
2,Payment,1772070021.957100,9430,6,1
1,NewOrder,1772070021.957772,24292,21,1
2,Payment,1772070021.958466,9616,9,1
4,Delivery,1772070021.958560,13464,12,1
1,NewOrder,1772070021.959024,23302,14,1
1,NewOrder,1772070021.959334,27481,19,1
1,NewOrder,1772070021.959945,30182,11,1
1,NewOrder,1772070021.959970,22060,15,1
5,StockLevel,1772070021.962734,13065,3,1
1,NewOrder,1772070021.962744,36822,0,1
2,Payment,1772070021.963031,8702,13,1
1,NewOrder,1772070021.963148,34151,20,1
1,NewOrder,1772070021.965329,29734,18,1
1,NewOrder,1772070021.966556,30306,6,1
2,Payment,1772070021.968089,6898,9,1
2,Payment,1772070021.969108,7610,8,1
2,Payment,1772070021.971747,10250,13,1
1,NewOrder,1772070021.971838,28100,1,1
1,NewOrder,1772070021.972014,24118,4,1
1,NewOrder,1772070021.972032,36523,12,1
2,Payment,1772070021.972075,6641,10,1
2,Payment,1772070021.972100,6274,16,1
2,Payment,1772070021.974992,8368,9,1
2,Payment,1772070021.975814,7935,3,1
1,NewOrder,1772070021.976743,21138,8,1
1,NewOrder,1772070021.978379,34869,16,1
1,NewOrder,1772070021.978728,30553,10,1
5,StockLevel,1772070021.979266,19713,7,1
1,NewOrder,1772070021.980311,31758,22,1
1,NewOrder,1772070021.982010,36903,13,1
2,Payment,1772070021.982055,11811,15,1
1,NewOrder,1772070021.982091,29542,21,1
4,Delivery,1772070021.982337,26973,14,1
1,NewOrder,1772070021.983369,37402,9,1
2,Payment,1772070021.983760,7578,3,1
5,StockLevel,1772070021.983798,14421,23,1
1,NewOrder,1772070021.984382,41061,2,1
1,NewOrder,1772070021.986819,34880,19,1
2,Payment,1772070021.990133,8983,11,1
1,NewOrder,1772070021.990819,40508,17,1
2,Payment,1772070021.991344,5862,3,1
2,Payment,1772070021.993897,7148,15,1
2,Payment,1772070021.995087,8167,18,1
2,Payment,1772070021.995484,6388,5,1
1,NewOrder,1772070021.996137,25028,4,1
2,Payment,1772070021.996898,9199,6,1
1,NewOrder,1772070021.997211,22013,3,1
1,NewOrder,1772070021.997308,17419,20,1
2,Payment,1772070021.997907,11340,8,1
2,Payment,1772070021.998225,6616,23,1
1,NewOrder,1772070021.998988,27255,7,1
1,NewOrder,1772070021.999121,20186,11,1
2,Payment,1772070021.999591,9656,0,1
1,NewOrder,1772070021.999973,15255,1,1
4,Delivery,1772070022.001069,8678,15,1
1,NewOrder,1772070022.001882,21930,5,1
2,Payment,1772070022.003279,9464,18,1
2,Payment,1772070022.004850,9338,23,1
4,Delivery,1772070022.006109,17639,6,1
5,StockLevel,1772070022.008563,17647,12,1
4,Delivery,1772070022.009272,14804,8,1
1,NewOrder,1772070022.009277,22340,0,1
1,NewOrder,1772070022.009305,19941,10,1
2,Payment,1772070022.009326,5798,14,1
1,NewOrder,1772070022.009774,23239,15,1
4,Delivery,1772070022.011657,43402,21,1
1,NewOrder,1772070022.012094,16768,22,1
2,Payment,1772070022.012754,8389,18,1
2,Payment,1772070022.013254,6030,16,1
1,NewOrder,1772070022.014195,29983,23,1
1,NewOrder,1772070022.014731,17416,20,1
2,Payment,1772070022.015134,13046,14,1
1,NewOrder,1772070022.015254,21483,1,1
2,Payment,1772070022.018924,7799,13,1
2,Payment,1772070022.019230,10564,3,1
5,StockLevel,1772070022.019296,16803,16,1
5,StockLevel,1772070022.019318,17009,11,1
1,NewOrder,1772070022.020783,35721,9,1
2,Payment,1772070022.021168,8492,18,1
5,StockLevel,1772070022.021190,15057,4,1
1,NewOrder,1772070022.021712,20080,19,1
1,NewOrder,1772070022.023774,39875,6,1
1,NewOrder,1772070022.023826,26479,5,1
1,NewOrder,1772070022.024083,17778,8,1
1,NewOrder,1772070022.025470,29110,2,1
1,NewOrder,1772070022.026217,31739,12,1
5,StockLevel,1772070022.026253,17130,7,1
2,Payment,1772070022.026735,10406,13,1
1,NewOrder,1772070022.028190,18690,14,1
1,NewOrder,1772070022.028866,23070,22,1
1,NewOrder,1772070022.029256,29282,10,1
1,NewOrder,1772070022.029666,31278,18,1
1,NewOrder,1772070022.029805,33426,3,1
2,Payment,1772070022.031337,7214,17,1
2,Payment,1772070022.031627,5619,0,1
2,Payment,1772070022.032157,8928,20,1
2,Payment,1772070022.033023,7432,15,1
1,NewOrder,1772070022.036105,34728,16,1
1,NewOrder,1772070022.036258,20513,4,1
1,NewOrder,1772070022.036337,32818,11,1
1,NewOrder,1772070022.036742,27993,1,1
2,Payment,1772070022.037148,9361,13,1
1,NewOrder,1772070022.037253,34140,0,1
1,NewOrder,1772070022.038559,25180,17,1
1,NewOrder,1772070022.040463,28379,15,1
1,NewOrder,1772070022.041095,22608,20,1
2,Payment,1772070022.041807,12699,19,1
1,NewOrder,1772070022.041887,29225,8,1
1,NewOrder,1772070022.043387,25931,7,1
1,NewOrder,1772070022.044192,31763,23,1
1,NewOrder,1772070022.046515,25869,13,1
2,Payment,1772070022.046890,6703,14,1
2,Payment,1772070022.050314,7580,5,1
2,Payment,1772070022.051943,7917,22,1
2,Payment,1772070022.053604,10054,14,1
1,NewOrder,1772070022.054529,23526,19,1
2,Payment,1772070022.054605,7595,2,1
2,Payment,1772070022.055083,8652,21,1
1,NewOrder,1772070022.056530,33018,9,1
2,Payment,1772070022.056781,7940,4,1
4,Delivery,1772070022.057907,55780,5,1
1,NewOrder,1772070022.057981,25069,12,1
1,NewOrder,1772070022.058545,32675,10,1
2,Payment,1772070022.059865,7430,22,1
1,NewOrder,1772070022.060989,40372,18,1
1,NewOrder,1772070022.062210,40140,2,1
2,Payment,1772070022.063240,6350,3,1
1,NewOrder,1772070022.063659,26277,6,1
1,NewOrder,1772070022.063664,22676,14,1
2,Payment,1772070022.063714,6206,20,1
1,NewOrder,1772070022.063745,34766,21,1
1,NewOrder,1772070022.063750,33968,17,1
5,StockLevel,1772070022.064730,15601,4,1
1,NewOrder,1772070022.064739,21576,1,1
2,Payment,1772070022.067311,6168,22,1
2,Payment,1772070022.068850,7290,15,1
1,NewOrder,1772070022.069165,28548,11,1
2,Payment,1772070022.069328,6843,7,1
1,NewOrder,1772070022.069595,20820,3,1
2,Payment,1772070022.069931,5710,20,1
1,NewOrder,1772070022.070837,21535,16,1
1,NewOrder,1772070022.071122,16324,8,1
1,NewOrder,1772070022.071400,40594,0,1
1,NewOrder,1772070022.072388,36354,13,1
1,NewOrder,1772070022.073482,19316,22,1
3,OrderStatus,1772070022.075651,6953,20,1
2,Payment,1772070022.075961,7928,23,1
1,NewOrder,1772070022.076148,21594,15,1
1,NewOrder,1772070022.076182,30041,7,1
2,Payment,1772070022.078069,7753,19,1
1,NewOrder,1772070022.080342,37756,4,1
1,NewOrder,1772070022.082611,14515,20,1
1,NewOrder,1772070022.083059,30053,12,1
1,NewOrder,1772070022.083896,28421,23,1
2,Payment,1772070022.085828,8378,19,1
2,Payment,1772070022.086320,8511,1,1
5,StockLevel,1772070022.086345,12436,14,1
3,OrderStatus,1772070022.087451,5091,8,1
1,NewOrder,1772070022.089558,36665,9,1
2,Payment,1772070022.089942,7837,6,1
2,Payment,1772070022.090425,5774,3,1
2,Payment,1772070022.091226,7892,10,1
1,NewOrder,1772070022.092377,27206,16,1
2,Payment,1772070022.092550,7926,8,1
1,NewOrder,1772070022.092804,30652,22,1
2,Payment,1772070022.094210,7538,19,1
2,Payment,1772070022.094836,6882,1,1
1,NewOrder,1772070022.096204,33110,3,1
1,NewOrder,1772070022.097137,16957,20,1
1,NewOrder,1772070022.097725,34346,11,1
2,Payment,1772070022.097725,11478,17,1
1,NewOrder,1772070022.097750,33646,15,1
1,NewOrder,1772070022.097785,39238,6,1
4,Delivery,1772070022.098517,38265,21,1
2,Payment,1772070022.098786,11697,14,1
1,NewOrder,1772070022.099124,25362,10,1
1,NewOrder,1772070022.100485,24373,8,1
1,NewOrder,1772070022.101367,24800,18,1
2,Payment,1772070022.101722,5890,1,1
2,Payment,1772070022.101754,9618,19,1
5,StockLevel,1772070022.102356,17674,2,1
1,NewOrder,1772070022.106234,19830,7,1
1,NewOrder,1772070022.107618,33541,1,1
1,NewOrder,1772070022.108747,28591,13,1
2,Payment,1772070022.109211,7257,17,1
2,Payment,1772070022.110489,19412,14,1
2,Payment,1772070022.111397,6358,19,1
4,Delivery,1772070022.111997,3997,0,1
2,Payment,1772070022.112335,7544,23,1
2,Payment,1772070022.113118,14983,12,1
1,NewOrder,1772070022.113698,16209,5,1
1,NewOrder,1772070022.114118,27423,20,1
1,NewOrder,1772070022.116016,42089,0,1
2,Payment,1772070022.116478,6670,17,1
1,NewOrder,1772070022.117761,25623,19,1
2,Payment,1772070022.118106,7393,4,1
1,NewOrder,1772070022.119589,24043,16,1
1,NewOrder,1772070022.119885,30035,23,1
2,Payment,1772070022.120035,8654,2,1
2,Payment,1772070022.123153,8983,17,1
2,Payment,1772070022.123462,5750,22,1
1,NewOrder,1772070022.124493,31135,10,1
1,NewOrder,1772070022.124866,24013,8,1
2,Payment,1772070022.125510,7921,4,1
2,Payment,1772070022.126072,7683,7,1
1,NewOrder,1772070022.126175,36827,18,1
2,Payment,1772070022.126228,10279,9,1
1,NewOrder,1772070022.128107,27867,12,1
1,NewOrder,1772070022.128696,34768,2,1
4,Delivery,1772070022.129219,7866,22,1
1,NewOrder,1772070022.129324,25246,3,1
2,Payment,1772070022.129906,6119,14,1
2,Payment,1772070022.129913,6556,5,1
1,NewOrder,1772070022.131407,23482,15,1
1,NewOrder,1772070022.132077,30918,11,1
2,Payment,1772070022.132139,8388,17,1
2,Payment,1772070022.133437,12958,4,1
1,NewOrder,1772070022.133766,29309,7,1
5,StockLevel,1772070022.136030,13035,14,1
2,Payment,1772070022.136476,11741,5,1
1,NewOrder,1772070022.136513,36542,9,1
5,StockLevel,1772070022.136793,18373,21,1
2,Payment,1772070022.137031,9734,6,1
1,NewOrder,1772070022.137092,13677,22,1
2,Payment,1772070022.137344,9458,13,1
1,NewOrder,1772070022.140533,35303,17,1
1,NewOrder,1772070022.141166,33715,1,1
2,Payment,1772070022.141551,6338,20,1
2,Payment,1772070022.143394,8195,19,1
2,Payment,1772070022.143637,5907,16,1
4,Delivery,1772070022.146404,51305,4,1
2,Payment,1772070022.146772,6316,6,1
1,NewOrder,1772070022.146808,21216,13,1
2,Payment,1772070022.147896,6055,20,1
2,Payment,1772070022.148226,6315,5,1
1,NewOrder,1772070022.148887,28023,8,1
1,NewOrder,1772070022.149075,30049,14,1
2,Payment,1772070022.149549,6415,16,1
2,Payment,1772070022.149926,6882,23,1
2,Payment,1772070022.150775,16528,22,1
2,Payment,1772070022.151596,7035,19,1
2,Payment,1772070022.153094,7044,6,1
1,NewOrder,1772070022.153962,24798,20,1
1,NewOrder,1772070022.154548,22781,5,1
1,NewOrder,1772070022.154581,28725,3,1
2,Payment,1772070022.154896,7807,15,1
2,Payment,1772070022.155177,9137,21,1
1,NewOrder,1772070022.155634,24437,10,1
4,Delivery,1772070022.155968,41666,16,1
2,Payment,1772070022.155985,10259,12,1
2,Payment,1772070022.156815,12326,23,1
2,Payment,1772070022.158111,8557,0,1
2,Payment,1772070022.158638,11729,19,1
1,NewOrder,1772070022.160145,36566,6,1
1,NewOrder,1772070022.162714,28628,15,1
5,StockLevel,1772070022.163006,16476,11,1
1,NewOrder,1772070022.163009,23673,18,1
1,NewOrder,1772070022.163083,17780,7,1
4,Delivery,1772070022.163474,34408,2,1
1,NewOrder,1772070022.164319,19418,21,1
1,NewOrder,1772070022.166254,22779,12,1
1,NewOrder,1772070022.166679,26025,0,1
4,Delivery,1772070022.167310,42311,22,1
2,Payment,1772070022.168031,8871,13,1
2,Payment,1772070022.169148,11748,23,1
2,Payment,1772070022.170374,6558,19,1
1,NewOrder,1772070022.173066,24861,9,1
4,Delivery,1772070022.174887,23093,1,1
1,NewOrder,1772070022.175847,32434,17,1
1,NewOrder,1772070022.176909,32806,13,1
4,Delivery,1772070022.176924,29976,8,1
1,NewOrder,1772070022.176939,35760,19,1
1,NewOrder,1772070022.177335,17052,5,1
1,NewOrder,1772070022.178768,23943,20,1
2,Payment,1772070022.179129,10696,14,1
5,StockLevel,1772070022.179493,16417,11,1
2,Payment,1772070022.180076,7525,10,1
1,NewOrder,1772070022.180877,26706,7,1
3,OrderStatus,1772070022.180906,5794,23,1
1,NewOrder,1772070022.183316,12943,3,1
2,Payment,1772070022.183748,6066,21,1
2,Payment,1772070022.186688,10510,18,1
1,NewOrder,1772070022.186709,22511,23,1
2,Payment,1772070022.187615,5526,10,1
1,NewOrder,1772070022.189045,37590,12,1
2,Payment,1772070022.189830,9012,21,1
1,NewOrder,1772070022.189850,30655,14,1
5,StockLevel,1772070022.191351,19033,15,1
2,Payment,1772070022.192728,10540,0,1
2,Payment,1772070022.193153,5021,10,1
2,Payment,1772070022.194397,10327,5,1
2,Payment,1772070022.195920,6421,11,1
1,NewOrder,1772070022.196269,23651,3,1
2,Payment,1772070022.196722,10551,6,1
5,StockLevel,1772070022.197208,19589,18,1
2,Payment,1772070022.197640,6395,16,1
2,Payment,1772070022.197720,17435,4,1
1,NewOrder,1772070022.197888,18641,2,1
2,Payment,1772070022.197932,10524,9,1
2,Payment,1772070022.197986,9740,1,1
1,NewOrder,1772070022.198178,35951,10,1
1,NewOrder,1772070022.198859,31924,21,1
1,NewOrder,1772070022.202366,21856,11,1
5,StockLevel,1772070022.202719,15550,20,1
1,NewOrder,1772070022.203279,18183,0,1
1,NewOrder,1772070022.204061,34951,16,1
2,Payment,1772070022.204740,8578,5,1
2,Payment,1772070022.206922,6807,8,1
1,NewOrder,1772070022.207277,29292,6,1
1,NewOrder,1772070022.207595,28919,7,1
2,Payment,1772070022.207736,9461,1,1
2,Payment,1772070022.208292,7681,17,1
2,Payment,1772070022.208466,10214,9,1
2,Payment,1772070022.209244,5550,23,1
1,NewOrder,1772070022.209631,32954,22,1
2,Payment,1772070022.209726,7882,13,1
1,NewOrder,1772070022.210401,21955,15,1
4,Delivery,1772070022.212725,25841,19,1
1,NewOrder,1772070022.213325,28814,5,1
2,Payment,1772070022.213755,8269,8,1
1,NewOrder,1772070022.214801,26936,23,1
4,Delivery,1772070022.215181,53762,4,1
4,Delivery,1772070022.215985,68792,17,1
1,NewOrder,1772070022.216556,26456,2,1
2,Payment,1772070022.216808,8261,18,1
1,NewOrder,1772070022.217207,16266,1,1
2,Payment,1772070022.217624,7417,13,1
1,NewOrder,1772070022.218274,33696,20,1
1,NewOrder,1772070022.218690,31011,9,1
2,Payment,1772070022.219945,7011,3,1
2,Payment,1772070022.220531,7402,14,1
2,Payment,1772070022.221468,8770,0,1
1,NewOrder,1772070022.222030,29409,8,1
2,Payment,1772070022.224233,7685,11,1
1,NewOrder,1772070022.225069,27892,13,1
2,Payment,1772070022.225093,7310,18,1
2,Payment,1772070022.226644,9460,12,1
2,Payment,1772070022.226966,7201,3,1
2,Payment,1772070022.227942,10996,14,1
2,Payment,1772070022.230246,13208,0,1
3,OrderStatus,1772070022.230797,7937,21,1
1,NewOrder,1772070022.231929,20620,11,1
3,OrderStatus,1772070022.232363,10477,15,1
5,StockLevel,1772070022.232415,16624,18,1
5,StockLevel,1772070022.233487,14175,1,1
1,NewOrder,1772070022.234155,24626,10,1
1,NewOrder,1772070022.234193,20531,3,1
1,NewOrder,1772070022.236128,39505,12,1
1,NewOrder,1772070022.236520,32364,7,1
2,Payment,1772070022.236580,7625,6,1
5,StockLevel,1772070022.238582,19954,19,1
2,Payment,1772070022.238759,8951,21,1
2,Payment,1772070022.238946,4023,14,1
5,StockLevel,1772070022.239023,14258,16,1
1,NewOrder,1772070022.241762,12434,23,1
5,StockLevel,1772070022.242149,11409,5,1
2,Payment,1772070022.242605,7771,22,1
2,Payment,1772070022.242851,6879,15,1
4,Delivery,1772070022.242974,42169,14,1
1,NewOrder,1772070022.243022,36904,2,1
2,Payment,1772070022.243465,5860,0,1
2,Payment,1772070022.244221,5534,6,1
1,NewOrder,1772070022.247673,11076,1,1
2,Payment,1772070022.247721,7748,21,1
1,NewOrder,1772070022.249049,33551,18,1
5,StockLevel,1772070022.249329,20567,0,1
2,Payment,1772070022.249711,8647,9,1
2,Payment,1772070022.249741,10287,15,1
1,NewOrder,1772070022.249765,19704,6,1
2,Payment,1772070022.250402,6868,22,1
2,Payment,1772070022.251447,12063,8,1
1,NewOrder,1772070022.251996,20023,20,1
2,Payment,1772070022.252574,18029,11,1
1,NewOrder,1772070022.253006,21710,13,1
2,Payment,1772070022.253294,9495,16,1
1,NewOrder,1772070022.253568,19476,5,1
2,Payment,1772070022.254201,4710,23,1
1,NewOrder,1772070022.254749,17854,3,1
2,Payment,1772070022.255494,9310,21,1
1,NewOrder,1772070022.257276,18604,22,1
2,Payment,1772070022.258383,10618,9,1
5,StockLevel,1772070022.258561,15944,19,1
5,StockLevel,1772070022.258773,14731,1,1
1,NewOrder,1772070022.258801,17201,10,1
3,OrderStatus,1772070022.258921,5882,23,1
1,NewOrder,1772070022.260040,25208,15,1
2,Payment,1772070022.262798,5679,16,1
1,NewOrder,1772070022.263516,23223,8,1
1,NewOrder,1772070022.264818,26046,21,1
5,StockLevel,1772070022.264818,11837,23,1
4,Delivery,1772070022.268494,16663,16,1
2,Payment,1772070022.268910,5317,7,1
2,Payment,1772070022.268990,4397,4,1
2,Payment,1772070022.269027,6889,9,1
1,NewOrder,1772070022.269488,18489,6,1
1,NewOrder,1772070022.269927,31151,0,1
2,Payment,1772070022.270613,7068,11,1
1,NewOrder,1772070022.272025,14311,20,1
1,NewOrder,1772070022.272619,12088,3,1
2,Payment,1772070022.273056,4305,5,1
1,NewOrder,1772070022.273390,30744,4,1
3,OrderStatus,1772070022.273511,8734,1,1
1,NewOrder,1772070022.274253,21789,7,1
5,StockLevel,1772070022.274531,15742,19,1
1,NewOrder,1772070022.274728,31105,13,1
2,Payment,1772070022.275656,7991,12,1
1,NewOrder,1772070022.275900,17195,22,1
2,Payment,1772070022.275941,6342,9,1
2,Payment,1772070022.276016,8235,10,1
1,NewOrder,1772070022.276680,20692,23,1
1,NewOrder,1772070022.277374,28011,5,1
1,NewOrder,1772070022.277696,23026,11,1
2,Payment,1772070022.279952,8004,2,1
2,Payment,1772070022.282255,7011,1,1
2,Payment,1772070022.282293,12118,9,1
2,Payment,1772070022.282605,10931,18,1
2,Payment,1772070022.283659,6864,12,1
2,Payment,1772070022.284257,12559,10,1
2,Payment,1772070022.284731,8904,3,1
5,StockLevel,1772070022.284797,18470,17,1
1,NewOrder,1772070022.285149,15972,14,1
2,Payment,1772070022.285165,6723,16,1
2,Payment,1772070022.285252,8707,15,1
1,NewOrder,1772070022.286341,29494,20,1
2,Payment,1772070022.286745,11595,8,1
1,NewOrder,1772070022.287961,31057,2,1
2,Payment,1772070022.287988,11619,6,1
2,Payment,1772070022.289278,7633,1,1
1,NewOrder,1772070022.290285,36715,19,1
1,NewOrder,1772070022.290560,15312,12,1
1,NewOrder,1772070022.290889,28097,21,1
4,Delivery,1772070022.291896,51781,16,1
2,Payment,1772070022.293105,7897,22,1
1,NewOrder,1772070022.293546,16914,18,1
2,Payment,1772070022.293647,7438,3,1
1,NewOrder,1772070022.293984,26206,15,1
1,NewOrder,1772070022.294437,32695,9,1
2,Payment,1772070022.296052,9814,7,1
1,NewOrder,1772070022.296832,17095,10,1
1,NewOrder,1772070022.296932,22840,1,1
2,Payment,1772070022.297378,10587,23,1
2,Payment,1772070022.298365,9128,8,1
2,Payment,1772070022.299628,10272,6,1
1,NewOrder,1772070022.300748,20038,11,1
1,NewOrder,1772070022.301027,33969,22,1
2,Payment,1772070022.301105,9707,0,1
1,NewOrder,1772070022.301105,34930,3,1
2,Payment,1772070022.301136,7943,14,1
1,NewOrder,1772070022.303273,35676,17,1
2,Payment,1772070022.304151,8271,4,1
1,NewOrder,1772070022.305395,30663,5,1
5,StockLevel,1772070022.305840,19502,13,1
1,NewOrder,1772070022.305874,22825,7,1
2,Payment,1772070022.305883,9319,12,1
2,Payment,1772070022.307499,8676,8,1
1,NewOrder,1772070022.307975,30609,23,1
1,NewOrder,1772070022.309084,21272,14,1
2,Payment,1772070022.309922,8118,6,1
2,Payment,1772070022.310470,7181,18,1
2,Payment,1772070022.310822,7246,0,1
2,Payment,1772070022.312437,9214,4,1
2,Payment,1772070022.313934,6874,10,1
2,Payment,1772070022.315221,7686,12,1
1,NewOrder,1772070022.315848,28361,20,1
1,NewOrder,1772070022.316201,25098,8,1
1,NewOrder,1772070022.317662,24022,18,1
1,NewOrder,1772070022.318051,28993,6,1
2,Payment,1772070022.318075,5825,0,1
2,Payment,1772070022.319002,10968,21,1
2,Payment,1772070022.319029,6578,2,1
1,NewOrder,1772070022.319782,28996,1,1
2,Payment,1772070022.320201,6350,15,1
1,NewOrder,1772070022.320792,23924,11,1
1,NewOrder,1772070022.320814,21687,10,1
2,Payment,1772070022.321662,7523,4,1
4,Delivery,1772070022.322912,20995,12,1
4,Delivery,1772070022.323903,13495,0,1
1,NewOrder,1772070022.325352,43248,13,1
1,NewOrder,1772070022.325610,35376,2,1
1,NewOrder,1772070022.326555,35528,15,1
2,Payment,1772070022.327025,10354,19,1
1,NewOrder,1772070022.327157,16082,9,1
4,Delivery,1772070022.328705,20034,7,1
1,NewOrder,1772070022.329190,20622,4,1
1,NewOrder,1772070022.329989,23540,21,1
2,Payment,1772070022.330365,6651,14,1
1,NewOrder,1772070022.335003,23058,22,1
4,Delivery,1772070022.336061,1813,3,1
2,Payment,1772070022.336084,5823,5,1
1,NewOrder,1772070022.337025,50451,14,1
2,Payment,1772070022.337404,6900,19,1
1,NewOrder,1772070022.337422,37927,0,1
1,NewOrder,1772070022.337881,24473,3,1
1,NewOrder,1772070022.338594,21786,23,1
2,Payment,1772070022.338968,8518,17,1
2,Payment,1772070022.341309,6261,8,1
1,NewOrder,1772070022.341694,32287,18,1
1,NewOrder,1772070022.341918,22372,5,1
2,Payment,1772070022.342520,6821,10,1
1,NewOrder,1772070022.343265,23100,9,1
2,Payment,1772070022.343688,5618,16,1
1,NewOrder,1772070022.343913,17097,12,1
2,Payment,1772070022.344221,7971,20,1
1,NewOrder,1772070022.344329,32361,19,1
2,Payment,1772070022.344722,7209,11,1
1,NewOrder,1772070022.347056,30806,6,1
1,NewOrder,1772070022.347497,25585,17,1
1,NewOrder,1772070022.347576,29594,8,1
2,Payment,1772070022.348744,9993,7,1
1,NewOrder,1772070022.348789,20359,1,1
1,NewOrder,1772070022.349315,19325,16,1
1,NewOrder,1772070022.349346,27391,10,1
2,Payment,1772070022.349838,10176,4,1
2,Payment,1772070022.351962,8393,11,1
2,Payment,1772070022.352197,6456,20,1
2,Payment,1772070022.353543,8443,21,1
2,Payment,1772070022.358072,7820,22,1
2,Payment,1772070022.358683,8915,20,1
2,Payment,1772070022.358740,12760,7,1
1,NewOrder,1772070022.360039,33060,4,1
3,OrderStatus,1772070022.360375,4478,11,1
5,StockLevel,1772070022.360393,11563,23,1
5,StockLevel,1772070022.361000,17089,2,1
5,StockLevel,1772070022.361019,15737,12,1
3,OrderStatus,1772070022.361999,10571,21,1
1,NewOrder,1772070022.362108,31015,15,1
2,Payment,1772070022.362381,6683,3,1
2,Payment,1772070022.364315,6070,5,1
1,NewOrder,1772070022.364865,39247,11,1
1,NewOrder,1772070022.365902,19830,22,1
2,Payment,1772070022.366376,8962,9,1
2,Payment,1772070022.367621,4564,20,1
1,NewOrder,1772070022.368625,35813,13,1
2,Payment,1772070022.368666,6646,16,1
2,Payment,1772070022.369074,6294,3,1
2,Payment,1772070022.369154,9367,1,1
2,Payment,1772070022.370396,10642,5,1
4,Delivery,1772070022.371506,18985,7,1
2,Payment,1772070022.371966,7638,23,1
1,NewOrder,1772070022.372196,22441,20,1
1,NewOrder,1772070022.372581,34325,21,1
1,NewOrder,1772070022.373088,20579,17,1
2,Payment,1772070022.374006,8322,18,1
2,Payment,1772070022.375323,5331,16,1
2,Payment,1772070022.375349,4657,9,1
1,NewOrder,1772070022.375355,29067,0,1
2,Payment,1772070022.375373,7551,3,1
2,Payment,1772070022.376694,8228,19,1
2,Payment,1772070022.376747,6219,10,1
2,Payment,1772070022.376761,8579,12,1
2,Payment,1772070022.377182,8411,8,1
2,Payment,1772070022.377871,10004,6,1
1,NewOrder,1772070022.378099,27189,2,1
2,Payment,1772070022.378525,7173,1,1
1,NewOrder,1772070022.379611,21013,23,1
2,Payment,1772070022.380018,9782,9,1
4,Delivery,1772070022.380665,54410,16,1
1,NewOrder,1772070022.381062,40239,5,1
1,NewOrder,1772070022.382337,29852,18,1
2,Payment,1772070022.382934,6342,3,1
2,Payment,1772070022.382978,8173,10,1
4,Delivery,1772070022.384937,19464,19,1
1,NewOrder,1772070022.385350,24301,12,1
1,NewOrder,1772070022.385609,32797,8,1
1,NewOrder,1772070022.385709,36970,1,1
2,Payment,1772070022.385758,6188,22,1
1,NewOrder,1772070022.387502,25174,14,1
2,Payment,1772070022.387901,8005,6,1
3,OrderStatus,1772070022.389287,4770,3,1
2,Payment,1772070022.389826,7783,9,1
2,Payment,1772070022.390502,8452,7,1
2,Payment,1772070022.391176,9724,10,1
1,NewOrder,1772070022.391953,26128,22,1
2,Payment,1772070022.393110,10455,4,1
1,NewOrder,1772070022.393134,21634,15,1
2,Payment,1772070022.393693,7216,17,1
1,NewOrder,1772070022.394081,26802,3,1
1,NewOrder,1772070022.394652,17981,20,1
3,OrderStatus,1772070022.395921,16477,6,1
1,NewOrder,1772070022.397632,24326,9,1
2,Payment,1772070022.398980,7414,7,1
2,Payment,1772070022.400634,8470,23,1
2,Payment,1772070022.400911,9544,10,1
2,Payment,1772070022.400917,8719,17,1
2,Payment,1772070022.403574,6295,4,1
4,Delivery,1772070022.404138,57911,11,1
4,Delivery,1772070022.404425,20310,19,1
1,NewOrder,1772070022.404448,27854,0,1
1,NewOrder,1772070022.404454,27052,13,1
2,Payment,1772070022.405297,8863,2,1
1,NewOrder,1772070022.406411,22622,7,1
2,Payment,1772070022.406916,6677,21,1
1,NewOrder,1772070022.409128,15898,23,1
2,Payment,1772070022.409646,6708,17,1
2,Payment,1772070022.409663,4950,12,1
2,Payment,1772070022.409879,6140,4,1
1,NewOrder,1772070022.410466,22779,10,1
2,Payment,1772070022.412214,7134,18,1
1,NewOrder,1772070022.412409,41988,6,1
1,NewOrder,1772070022.412658,26755,20,1
4,Delivery,1772070022.412701,22796,14,1
2,Payment,1772070022.413620,9813,21,1
1,NewOrder,1772070022.414169,18557,2,1
2,Payment,1772070022.414620,11753,12,1
1,NewOrder,1772070022.414781,32966,15,1
2,Payment,1772070022.416024,7431,4,1
1,NewOrder,1772070022.416366,17798,17,1
1,NewOrder,1772070022.418091,20232,22,1
1,NewOrder,1772070022.418415,22624,8,1
3,OrderStatus,1772070022.419370,7841,18,1
3,OrderStatus,1772070022.420910,4957,3,1
1,NewOrder,1772070022.421305,26339,5,1
1,NewOrder,1772070022.421976,20394,9,1
3,OrderStatus,1772070022.422690,6670,1,1
1,NewOrder,1772070022.423449,22309,21,1
1,NewOrder,1772070022.423461,28557,4,1
4,Delivery,1772070022.424761,20539,19,1
4,Delivery,1772070022.425032,20690,23,1
2,Payment,1772070022.425889,6407,3,1
1,NewOrder,1772070022.426387,21493,12,1
4,Delivery,1772070022.427220,18349,18,1
2,Payment,1772070022.429036,6020,7,1
1,NewOrder,1772070022.429385,31810,1,1
2,Payment,1772070022.431510,11664,13,1
4,Delivery,1772070022.432306,38757,3,1
2,Payment,1772070022.432312,8405,0,1
3,OrderStatus,1772070022.432739,8844,2,1
1,NewOrder,1772070022.433265,25924,10,1
5,StockLevel,1772070022.434174,16843,17,1
1,NewOrder,1772070022.435066,33571,7,1
2,Payment,1772070022.435081,9500,16,1
1,NewOrder,1772070022.435519,13787,14,1
2,Payment,1772070022.438328,8950,22,1
1,NewOrder,1772070022.439420,17368,20,1
3,OrderStatus,1772070022.440726,5420,0,1
2,Payment,1772070022.441049,7205,8,1
1,NewOrder,1772070022.441593,35738,2,1
2,Payment,1772070022.442380,9262,9,1
1,NewOrder,1772070022.443183,29659,13,1
2,Payment,1772070022.444591,7463,16,1
2,Payment,1772070022.445311,6750,19,1
1,NewOrder,1772070022.445577,10823,18,1
1,NewOrder,1772070022.445729,25359,23,1
2,Payment,1772070022.445763,12489,21,1
2,Payment,1772070022.446152,6291,0,1
2,Payment,1772070022.447284,9471,22,1
1,NewOrder,1772070022.447650,33054,5,1
1,NewOrder,1772070022.447758,23269,15,1
2,Payment,1772070022.447887,5342,12,1
1,NewOrder,1772070022.448258,22860,8,1
2,Payment,1772070022.449315,5709,14,1
2,Payment,1772070022.451022,7356,17,1
2,Payment,1772070022.451651,6968,9,1
2,Payment,1772070022.452025,5326,4,1
5,StockLevel,1772070022.452063,14050,16,1
2,Payment,1772070022.452069,8065,19,1
2,Payment,1772070022.452446,9151,0,1
2,Payment,1772070022.453236,12142,12,1
4,Delivery,1772070022.454402,7889,6,1
2,Payment,1772070022.455045,12101,14,1
1,NewOrder,1772070022.456410,40454,18,1
1,NewOrder,1772070022.456762,25529,22,1
3,OrderStatus,1772070022.456798,4626,20,1
3,OrderStatus,1772070022.457358,10499,4,1
2,Payment,1772070022.458257,9500,21,1
1,NewOrder,1772070022.458383,19900,17,1
1,NewOrder,1772070022.458624,33648,9,1
2,Payment,1772070022.459196,7653,10,1
1,NewOrder,1772070022.460139,20961,19,1
1,NewOrder,1772070022.461203,23032,1,1
2,Payment,1772070022.461429,10850,20,1
2,Payment,1772070022.461602,8972,0,1
5,StockLevel,1772070022.462052,14049,11,1
1,NewOrder,1772070022.462299,12005,6,1
2,Payment,1772070022.465383,7958,12,1
1,NewOrder,1772070022.466124,22018,16,1
1,NewOrder,1772070022.466861,21197,10,1
2,Payment,1772070022.467165,7654,14,1
1,NewOrder,1772070022.467782,18059,21,1
2,Payment,1772070022.467883,7916,4,1
2,Payment,1772070022.468641,8030,7,1
1,NewOrder,1772070022.470579,30058,0,1
2,Payment,1772070022.471038,10104,15,1
1,NewOrder,1772070022.471074,20938,3,1
3,OrderStatus,1772070022.471093,2523,23,1
1,NewOrder,1772070022.471124,16965,8,1
2,Payment,1772070022.472284,6775,20,1
3,OrderStatus,1772070022.472852,7447,13,1
2,Payment,1772070022.473347,9289,12,1
3,OrderStatus,1772070022.473620,5331,23,1
2,Payment,1772070022.474330,8948,6,1
1,NewOrder,1772070022.474824,27106,14,1
2,Payment,1772070022.475831,6562,4,1
4,Delivery,1772070022.476115,55688,11,1
2,Payment,1772070022.476684,8446,7,1
2,Payment,1772070022.477347,7855,2,1
1,NewOrder,1772070022.478293,23658,17,1
2,Payment,1772070022.478961,7083,23,1
2,Payment,1772070022.479063,8593,20,1
2,Payment,1772070022.480308,9179,13,1
2,Payment,1772070022.480716,8381,5,1
2,Payment,1772070022.481104,8331,19,1
1,NewOrder,1772070022.481147,37846,15,1
3,OrderStatus,1772070022.482302,5318,22,1
1,NewOrder,1772070022.482403,30408,4,1
2,Payment,1772070022.482641,8543,12,1
2,Payment,1772070022.483301,10751,6,1
2,Payment,1772070022.484245,6337,1,1
2,Payment,1772070022.485156,7026,7,1
1,NewOrder,1772070022.485227,26173,2,1
2,Payment,1772070022.485845,9298,21,1
2,Payment,1772070022.486070,5222,23,1
2,Payment,1772070022.487637,11574,22,1
2,Payment,1772070022.487668,9689,20,1
1,NewOrder,1772070022.488072,21037,10,1
3,OrderStatus,1772070022.488100,5856,8,1
2,Payment,1772070022.488152,5569,16,1
1,NewOrder,1772070022.489118,29262,5,1
1,NewOrder,1772070022.489444,37734,19,1
2,Payment,1772070022.489496,9356,13,1
1,NewOrder,1772070022.490597,22904,1,1
2,Payment,1772070022.491189,8998,12,1
2,Payment,1772070022.491303,9711,23,1
2,Payment,1772070022.492020,7427,3,1
2,Payment,1772070022.492186,7117,7,1
1,NewOrder,1772070022.492283,40580,9,1
1,NewOrder,1772070022.493738,26590,16,1
3,OrderStatus,1772070022.493968,7101,8,1
1,NewOrder,1772070022.494059,27978,6,1
1,NewOrder,1772070022.495168,32100,21,1
2,Payment,1772070022.496891,9290,18,1
2,Payment,1772070022.497383,9991,20,1
1,NewOrder,1772070022.498877,34987,13,1
4,Delivery,1772070022.499219,44229,22,1
2,Payment,1772070022.499306,7718,7,1
1,NewOrder,1772070022.499450,34887,3,1
2,Payment,1772070022.500202,9417,12,1
1,NewOrder,1772070022.500648,33081,0,1
1,NewOrder,1772070022.501028,25661,23,1
3,OrderStatus,1772070022.501074,5082,8,1
1,NewOrder,1772070022.501941,29007,14,1
1,NewOrder,1772070022.501956,25183,17,1
2,Payment,1772070022.506163,9883,8,1
3,OrderStatus,1772070022.506192,6498,18,1
2,Payment,1772070022.507029,7814,7,1
4,Delivery,1772070022.507380,36492,20,1
2,Payment,1772070022.509117,8791,10,1
5,StockLevel,1772070022.509629,17281,12,1
1,NewOrder,1772070022.511410,31422,2,1
1,NewOrder,1772070022.512702,17619,18,1
1,NewOrder,1772070022.512817,29523,4,1
1,NewOrder,1772070022.513526,15743,1,1
3,OrderStatus,1772070022.514857,9699,7,1
2,Payment,1772070022.516053,5494,8,1
2,Payment,1772070022.517933,6161,10,1
1,NewOrder,1772070022.518407,20060,5,1
1,NewOrder,1772070022.519002,34842,15,1
1,NewOrder,1772070022.520338,28073,16,1
2,Payment,1772070022.521569,8329,8,1
1,NewOrder,1772070022.522045,25042,6,1
5,StockLevel,1772070022.524101,16394,10,1
1,NewOrder,1772070022.524561,22124,7,1
1,NewOrder,1772070022.526701,16293,23,1
1,NewOrder,1772070022.526936,29445,12,1
1,NewOrder,1772070022.527152,28262,17,1
4,Delivery,1772070022.527204,16668,19,1
2,Payment,1772070022.527304,5534,21,1
1,NewOrder,1772070022.529275,18785,1,1
1,NewOrder,1772070022.529909,14696,8,1
1,NewOrder,1772070022.530338,33820,18,1
1,NewOrder,1772070022.530966,28269,14,1
2,Payment,1772070022.531813,6315,11,1
2,Payment,1772070022.532848,6886,21,1
2,Payment,1772070022.532874,7312,9,1
2,Payment,1772070022.533744,6412,0,1
2,Payment,1772070022.533897,4589,13,1
1,NewOrder,1772070022.534349,20735,3,1
1,NewOrder,1772070022.538154,34473,11,1
1,NewOrder,1772070022.538488,36850,5,1
1,NewOrder,1772070022.538510,27745,13,1
2,Payment,1772070022.539744,8189,21,1
1,NewOrder,1772070022.540176,19128,0,1
2,Payment,1772070022.540199,6859,9,1
3,OrderStatus,1772070022.540501,6109,10,1
1,NewOrder,1772070022.542367,33879,4,1
1,NewOrder,1772070022.542848,32520,2,1
1,NewOrder,1772070022.543019,21669,23,1
2,Payment,1772070022.543473,6342,22,1
2,Payment,1772070022.543877,7335,20,1
1,NewOrder,1772070022.543882,11545,19,1
1,NewOrder,1772070022.544619,28112,8,1
1,NewOrder,1772070022.546616,20107,10,1
2,Payment,1772070022.546695,7921,7,1
4,Delivery,1772070022.547065,60564,9,1
1,NewOrder,1772070022.547098,38150,6,1
2,Payment,1772070022.547938,8959,21,1
2,Payment,1772070022.548063,9834,1,1
1,NewOrder,1772070022.548414,39960,16,1
1,NewOrder,1772070022.549825,26856,22,1
2,Payment,1772070022.551218,7441,20,1
2,Payment,1772070022.553870,6965,15,1
3,OrderStatus,1772070022.554625,11745,7,1
1,NewOrder,1772070022.555087,30203,3,1
2,Payment,1772070022.555425,10281,17,1
2,Payment,1772070022.555438,9217,19,1
1,NewOrder,1772070022.556385,41947,12,1
1,NewOrder,1772070022.556914,22587,21,1
4,Delivery,1772070022.557908,23164,1,1
2,Payment,1772070022.558672,12451,20,1
2,Payment,1772070022.559243,9924,14,1
1,NewOrder,1772070022.559308,25428,0,1
1,NewOrder,1772070022.560846,36333,15,1
1,NewOrder,1772070022.564165,20545,18,1
4,Delivery,1772070022.564666,20504,19,1
2,Payment,1772070022.564699,8879,23,1
5,StockLevel,1772070022.565710,18004,17,1
1,NewOrder,1772070022.566265,29982,13,1
1,NewOrder,1772070022.566374,36345,7,1
2,Payment,1772070022.566733,8193,10,1
1,NewOrder,1772070022.569173,26113,14,1
1,NewOrder,1772070022.571134,23173,20,1
1,NewOrder,1772070022.572631,39382,11,1
1,NewOrder,1772070022.572740,37992,8,1
1,NewOrder,1772070022.573589,29616,23,1
2,Payment,1772070022.574935,6538,10,1
2,Payment,1772070022.575349,6347,5,1
2,Payment,1772070022.575379,7936,2,1
4,Delivery,1772070022.576256,5034,4,1
2,Payment,1772070022.576698,7572,22,1
1,NewOrder,1772070022.579527,27546,21,1
1,NewOrder,1772070022.581078,23050,1,1
1,NewOrder,1772070022.581298,21943,4,1
1,NewOrder,1772070022.581478,34326,10,1
3,OrderStatus,1772070022.581721,8061,5,1
1,NewOrder,1772070022.583325,29249,2,1
2,Payment,1772070022.583724,8128,17,1
2,Payment,1772070022.584282,8461,22,1
1,NewOrder,1772070022.584716,26921,18,1
1,NewOrder,1772070022.584755,21914,0,1
2,Payment,1772070022.585182,13969,19,1
1,NewOrder,1772070022.585254,32137,6,1
2,Payment,1772070022.585298,7463,3,1
2,Payment,1772070022.588391,8565,16,1
2,Payment,1772070022.589807,7063,5,1
1,NewOrder,1772070022.591878,34102,17,1
1,NewOrder,1772070022.592749,28921,22,1
2,Payment,1772070022.592772,8732,3,1
2,Payment,1772070022.594332,7556,20,1
1,NewOrder,1772070022.595291,19971,14,1
1,NewOrder,1772070022.596261,22093,13,1
1,NewOrder,1772070022.596881,33915,5,1
3,OrderStatus,1772070022.596983,6658,16,1
3,OrderStatus,1772070022.597203,7820,15,1
1,NewOrder,1772070022.598338,20331,12,1
1,NewOrder,1772070022.599178,25970,19,1
4,Delivery,1772070022.601514,38579,3,1
2,Payment,1772070022.601892,5657,20,1
1,NewOrder,1772070022.602723,24777,7,1
2,Payment,1772070022.603214,7080,23,1
1,NewOrder,1772070022.603251,22832,4,1
5,StockLevel,1772070022.603665,12735,16,1
3,OrderStatus,1772070022.604134,7622,1,1
1,NewOrder,1772070022.605030,34956,15,1
1,NewOrder,1772070022.606674,36258,0,1
2,Payment,1772070022.607077,9609,21,1
2,Payment,1772070022.607559,13398,20,1
4,Delivery,1772070022.607639,35039,9,1
2,Payment,1772070022.610301,12016,23,1
2,Payment,1772070022.610739,5980,8,1
2,Payment,1772070022.611665,13908,18,1
1,NewOrder,1772070022.611768,22730,1,1
1,NewOrder,1772070022.612023,28770,11,1
2,Payment,1772070022.612585,7039,2,1
3,OrderStatus,1772070022.615268,6556,14,1
1,NewOrder,1772070022.615811,18652,10,1
1,NewOrder,1772070022.616411,21386,16,1
2,Payment,1772070022.616709,18324,21,1
1,NewOrder,1772070022.616725,17687,8,1
1,NewOrder,1772070022.617416,16534,6,1
1,NewOrder,1772070022.618358,19368,13,1
2,Payment,1772070022.618681,7188,12,1
2,Payment,1772070022.619636,7130,2,1
5,StockLevel,1772070022.620979,16776,20,1
2,Payment,1772070022.621681,11537,22,1
2,Payment,1772070022.621829,9641,14,1
1,NewOrder,1772070022.622328,28375,23,1
2,Payment,1772070022.625154,11522,19,1
1,NewOrder,1772070022.625583,30650,18,1
1,NewOrder,1772070022.625875,26076,12,1
1,NewOrder,1772070022.625990,17004,17,1
5,StockLevel,1772070022.626090,14920,4,1
4,Delivery,1772070022.626772,13475,2,1
1,NewOrder,1772070022.627507,31883,7,1
2,Payment,1772070022.630806,8791,5,1
1,NewOrder,1772070022.631480,31389,14,1
4,Delivery,1772070022.633227,47197,22,1
3,OrderStatus,1772070022.633961,8464,6,1
5,StockLevel,1772070022.634422,13906,8,1
2,Payment,1772070022.634469,7561,10,1
5,StockLevel,1772070022.634509,13586,1,1
2,Payment,1772070022.635044,6143,21,1
2,Payment,1772070022.636680,11711,19,1
2,Payment,1772070022.637741,5227,13,1
2,Payment,1772070022.637766,12271,20,1
2,Payment,1772070022.637807,6821,16,1
1,NewOrder,1772070022.639619,17869,5,1
2,Payment,1772070022.639996,7061,15,1
2,Payment,1772070022.640104,6716,3,1
2,Payment,1772070022.640253,8243,2,1
2,Payment,1772070022.640799,7325,11,1
1,NewOrder,1772070022.641020,19655,4,1
2,Payment,1772070022.641192,5158,21,1
1,NewOrder,1772070022.642041,17915,10,1
1,NewOrder,1772070022.642430,28620,6,1
1,NewOrder,1772070022.642689,28706,9,1
2,Payment,1772070022.642939,8798,0,1
2,Payment,1772070022.642977,7898,13,1
1,NewOrder,1772070022.643001,24210,17,1
2,Payment,1772070022.644635,12825,16,1
2,Payment,1772070022.646356,8661,21,1
2,Payment,1772070022.646830,6757,3,1
2,Payment,1772070022.647079,8426,15,1
2,Payment,1772070022.648109,16382,1,1
1,NewOrder,1772070022.648135,22086,11,1
1,NewOrder,1772070022.648336,19688,8,1
1,NewOrder,1772070022.648399,29562,19,1
1,NewOrder,1772070022.648507,39842,2,1
1,NewOrder,1772070022.650048,27885,20,1
2,Payment,1772070022.650715,6395,23,1
1,NewOrder,1772070022.650901,27532,13,1
2,Payment,1772070022.651744,14198,0,1
1,NewOrder,1772070022.651973,23273,12,1
1,NewOrder,1772070022.653592,29016,3,1
2,Payment,1772070022.655022,7420,21,1
1,NewOrder,1772070022.655510,31026,15,1
2,Payment,1772070022.656244,8641,18,1
1,NewOrder,1772070022.657137,24519,23,1
2,Payment,1772070022.657485,10575,16,1
1,NewOrder,1772070022.657501,33017,5,1
2,Payment,1772070022.659401,6426,7,1
1,NewOrder,1772070022.659973,20840,10,1
2,Payment,1772070022.660693,8700,4,1
2,Payment,1772070022.662454,8969,21,1
2,Payment,1772070022.662879,9415,14,1
2,Payment,1772070022.664512,6935,1,1
1,NewOrder,1772070022.664895,20949,18,1
1,NewOrder,1772070022.665838,39593,7,1
1,NewOrder,1772070022.665948,29123,0,1
1,NewOrder,1772070022.667222,39660,17,1
1,NewOrder,1772070022.668048,31582,8,1
1,NewOrder,1772070022.668085,29820,16,1
2,Payment,1772070022.669408,7750,4,1
1,NewOrder,1772070022.670246,29944,11,1
1,NewOrder,1772070022.671075,27609,6,1
1,NewOrder,1772070022.671412,38091,9,1
2,Payment,1772070022.671437,11425,21,1
1,NewOrder,1772070022.671461,21935,1,1
1,NewOrder,1772070022.672304,22064,14,1
2,Payment,1772070022.675255,7292,12,1
2,Payment,1772070022.677169,7914,4,1
4,Delivery,1772070022.677959,3338,20,1
2,Payment,1772070022.677978,9194,19,1
5,StockLevel,1772070022.678448,17609,13,1
1,NewOrder,1772070022.680450,33013,22,1
2,Payment,1772070022.680827,9041,10,1
1,NewOrder,1772070022.681303,17143,20,1
1,NewOrder,1772070022.681663,19764,23,1
1,NewOrder,1772070022.682560,32090,12,1
2,Payment,1772070022.682635,11669,3,1
5,StockLevel,1772070022.682882,28474,21,1
2,Payment,1772070022.685094,11551,4,1
2,Payment,1772070022.685856,7173,18,1
1,NewOrder,1772070022.686561,30385,15,1
3,OrderStatus,1772070022.687177,8281,19,1
1,NewOrder,1772070022.688359,34263,2,1
2,Payment,1772070022.689874,6337,10,1
1,NewOrder,1772070022.690544,29485,5,1
1,NewOrder,1772070022.693039,33178,18,1
2,Payment,1772070022.693406,7103,1,1
1,NewOrder,1772070022.694328,34260,3,1
1,NewOrder,1772070022.694394,23498,14,1
3,OrderStatus,1772070022.695077,7043,0,1
1,NewOrder,1772070022.695469,18367,19,1
1,NewOrder,1772070022.696061,31477,13,1
2,Payment,1772070022.696223,9739,10,1
1,NewOrder,1772070022.696650,30741,4,1
2,Payment,1772070022.697914,7992,16,1
1,NewOrder,1772070022.698456,26335,20,1
2,Payment,1772070022.698690,8725,6,1
1,NewOrder,1772070022.699645,13262,8,1
1,NewOrder,1772070022.700195,22624,11,1
2,Payment,1772070022.700514,7520,1,1
1,NewOrder,1772070022.701437,27064,23,1
5,StockLevel,1772070022.702127,18655,0,1
2,Payment,1772070022.705441,8448,7,1
3,OrderStatus,1772070022.705914,6112,16,1
1,NewOrder,1772070022.705966,20913,10,1
1,NewOrder,1772070022.706892,18026,17,1
1,NewOrder,1772070022.707423,18351,6,1
2,Payment,1772070022.708038,7005,1,1
1,NewOrder,1772070022.709509,17969,9,1
2,Payment,1772070022.711362,7232,21,1
1,NewOrder,1772070022.712033,27528,16,1
2,Payment,1772070022.712916,10173,8,1
1,NewOrder,1772070022.713468,19628,22,1
2,Payment,1772070022.713844,7609,19,1
2,Payment,1772070022.713892,6936,7,1
1,NewOrder,1772070022.714661,22789,12,1
2,Payment,1772070022.715049,7640,1,1
2,Payment,1772070022.716957,7021,15,1
4,Delivery,1772070022.717903,30322,14,1
2,Payment,1772070022.718605,8246,21,1
2,Payment,1772070022.720035,8422,5,1
2,Payment,1772070022.720792,9132,0,1
3,OrderStatus,1772070022.720832,5170,7,1
2,Payment,1772070022.721459,6626,19,1
1,NewOrder,1772070022.722626,28035,2,1
2,Payment,1772070022.722697,8576,1,1
3,OrderStatus,1772070022.722829,3281,11,1
2,Payment,1772070022.723093,5675,8,1
2,Payment,1772070022.723985,5458,15,1
3,OrderStatus,1772070022.724795,2481,20,1
2,Payment,1772070022.724929,5730,17,1
2,Payment,1772070022.725779,7665,6,1
2,Payment,1772070022.726008,8836,7,1
2,Payment,1772070022.726120,19026,11,1
2,Payment,1772070022.726229,6100,18,1
5,StockLevel,1772070022.726856,13286,21,1
1,NewOrder,1772070022.726888,31211,10,1
2,Payment,1772070022.727282,8891,20,1
1,NewOrder,1772070022.727402,19781,4,1
2,Payment,1772070022.727484,9119,9,1
2,Payment,1772070022.727542,7508,13,1
2,Payment,1772070022.728089,5913,19,1
1,NewOrder,1772070022.728470,22880,5,1
1,NewOrder,1772070022.728507,23247,23,1
1,NewOrder,1772070022.728599,16190,3,1
2,Payment,1772070022.728777,9050,8,1
1,NewOrder,1772070022.729447,24635,15,1
1,NewOrder,1772070022.729930,32376,0,1
2,Payment,1772070022.730667,7990,17,1
2,Payment,1772070022.731278,4934,1,1
2,Payment,1772070022.732333,10036,18,1
1,NewOrder,1772070022.733102,27312,22,1
1,NewOrder,1772070022.733449,18324,6,1
1,NewOrder,1772070022.734007,33462,19,1
2,Payment,1772070022.734854,8586,7,1
2,Payment,1772070022.735055,8016,13,1
1,NewOrder,1772070022.736177,25543,20,1
1,NewOrder,1772070022.736218,26043,1,1
1,NewOrder,1772070022.736610,32859,9,1
1,NewOrder,1772070022.737458,18594,12,1
1,NewOrder,1772070022.737832,26456,8,1
1,NewOrder,1772070022.738668,34341,17,1
1,NewOrder,1772070022.739572,16129,16,1
1,NewOrder,1772070022.740147,47252,21,1
1,NewOrder,1772070022.742380,24588,18,1
4,Delivery,1772070022.743077,5357,13,1
1,NewOrder,1772070022.743446,35055,7,1
2,Payment,1772070022.744798,7923,3,1
2,Payment,1772070022.745152,6221,11,1
1,NewOrder,1772070022.747189,17839,4,1
1,NewOrder,1772070022.748236,20706,14,1
1,NewOrder,1772070022.748440,19000,13,1
2,Payment,1772070022.750667,8540,2,1
2,Payment,1772070022.751355,9502,5,1
1,NewOrder,1772070022.751378,36675,11,1
2,Payment,1772070022.751761,6054,23,1
2,Payment,1772070022.751779,5720,6,1
1,NewOrder,1772070022.752732,26222,3,1
2,Payment,1772070022.754088,9602,15,1
2,Payment,1772070022.755708,9657,16,1
2,Payment,1772070022.756062,11406,12,1
1,NewOrder,1772070022.757504,35312,6,1
1,NewOrder,1772070022.757821,20164,23,1
1,NewOrder,1772070022.758102,35428,10,1
1,NewOrder,1772070022.759218,21932,2,1
1,NewOrder,1772070022.760420,32421,22,1
1,NewOrder,1772070022.760863,38724,5,1
1,NewOrder,1772070022.761731,30549,20,1
2,Payment,1772070022.762266,8231,1,1
1,NewOrder,1772070022.762311,17131,0,1
2,Payment,1772070022.763696,7189,15,1
1,NewOrder,1772070022.764293,23788,8,1
1,NewOrder,1772070022.765033,19814,4,1
4,Delivery,1772070022.765373,51857,16,1
1,NewOrder,1772070022.766979,22389,18,1
1,NewOrder,1772070022.767447,35906,13,1
3,OrderStatus,1772070022.767474,7395,19,1
2,Payment,1772070022.767479,7022,12,1
1,NewOrder,1772070022.768953,23956,14,1
1,NewOrder,1772070022.769475,32157,9,1
2,Payment,1772070022.770502,10025,1,1
1,NewOrder,1772070022.770896,29386,15,1
2,Payment,1772070022.773020,8110,17,1
5,StockLevel,1772070022.774511,16657,12,1
2,Payment,1772070022.774874,7735,19,1
1,NewOrder,1772070022.777993,20375,23,1
1,NewOrder,1772070022.778506,28833,7,1
1,NewOrder,1772070022.778964,26173,3,1
1,NewOrder,1772070022.779453,23350,0,1
2,Payment,1772070022.780532,8828,1,1
1,NewOrder,1772070022.781137,22242,17,1
2,Payment,1772070022.781155,6925,2,1
2,Payment,1772070022.782615,6361,19,1
1,NewOrder,1772070022.784851,31525,4,1
2,Payment,1772070022.787407,9360,21,1
1,NewOrder,1772070022.788065,30204,11,1
4,Delivery,1772070022.788087,30306,8,1
2,Payment,1772070022.788088,7507,2,1
2,Payment,1772070022.788980,9818,19,1
1,NewOrder,1772070022.789367,34099,1,1
1,NewOrder,1772070022.789375,27023,18,1
1,NewOrder,1772070022.791178,24716,12,1
1,NewOrder,1772070022.792291,23045,20,1
2,Payment,1772070022.792824,9941,6,1
2,Payment,1772070022.792846,18030,22,1
2,Payment,1772070022.792920,6620,14,1
1,NewOrder,1772070022.793537,21756,10,1
4,Delivery,1772070022.795600,53936,2,1
2,Payment,1772070022.796774,15911,21,1
2,Payment,1772070022.798373,11115,23,1
1,NewOrder,1772070022.798805,31988,19,1
1,NewOrder,1772070022.799547,33975,14,1
1,NewOrder,1772070022.799598,37938,5,1
3,OrderStatus,1772070022.800290,5259,15,1
2,Payment,1772070022.801639,9824,9,1
2,Payment,1772070022.802770,10406,6,1
2,Payment,1772070022.802809,5656,0,1
3,OrderStatus,1772070022.803359,6389,13,1
1,NewOrder,1772070022.803388,33509,17,1
1,NewOrder,1772070022.805142,36204,3,1
4,Delivery,1772070022.805555,11955,15,1
2,Payment,1772070022.807345,7235,7,1
1,NewOrder,1772070022.808476,21883,0,1
1,NewOrder,1772070022.809496,38665,23,1
1,NewOrder,1772070022.809753,30007,13,1
1,NewOrder,1772070022.810884,29441,22,1
1,NewOrder,1772070022.811469,31206,9,1
2,Payment,1772070022.812693,6077,21,1
2,Payment,1772070022.813186,8531,6,1
2,Payment,1772070022.814589,5802,7,1
1,NewOrder,1772070022.815299,25713,10,1
2,Payment,1772070022.815347,11210,20,1
2,Payment,1772070022.815904,7931,12,1
2,Payment,1772070022.816386,9792,4,1
1,NewOrder,1772070022.816405,25832,18,1
1,NewOrder,1772070022.817237,25472,16,1
2,Payment,1772070022.817516,7793,15,1
2,Payment,1772070022.818275,9200,11,1
5,StockLevel,1772070022.818400,19179,8,1
1,NewOrder,1772070022.818776,21488,21,1
5,StockLevel,1772070022.820397,17062,7,1
1,NewOrder,1772070022.821727,17354,6,1
2,Payment,1772070022.823471,7635,1,1
2,Payment,1772070022.823841,8669,12,1
1,NewOrder,1772070022.825317,35075,15,1
2,Payment,1772070022.826185,7306,4,1
2,Payment,1772070022.826567,6985,20,1
1,NewOrder,1772070022.827480,27065,11,1
5,StockLevel,1772070022.830370,14266,0,1
2,Payment,1772070022.830799,7057,19,1
1,NewOrder,1772070022.831112,18809,1,1
2,Payment,1772070022.832521,6139,12,1
1,NewOrder,1772070022.833498,32783,4,1
1,NewOrder,1772070022.833533,17538,14,1
2,Payment,1772070022.833558,5451,20,1
1,NewOrder,1772070022.836901,17309,17,1
2,Payment,1772070022.837469,11462,7,1
3,OrderStatus,1772070022.837541,6689,5,1
2,Payment,1772070022.837589,7811,8,1
2,Payment,1772070022.837861,5145,19,1
2,Payment,1772070022.838667,7115,12,1
2,Payment,1772070022.839015,5587,20,1
1,NewOrder,1772070022.839087,29694,6,1
2,Payment,1772070022.839770,7389,13,1
1,NewOrder,1772070022.840275,30923,21,1
2,Payment,1772070022.840329,14210,22,1
1,NewOrder,1772070022.841019,34541,10,1
5,StockLevel,1772070022.841352,15707,3,1
1,NewOrder,1772070022.842247,22801,18,1
1,NewOrder,1772070022.842679,36008,9,1
2,Payment,1772070022.842715,7247,16,1
1,NewOrder,1772070022.843013,33251,19,1
1,NewOrder,1772070022.844238,30923,5,1
2,Payment,1772070022.844605,7685,20,1
1,NewOrder,1772070022.844647,30934,0,1
1,NewOrder,1772070022.845406,23306,8,1
1,NewOrder,1772070022.845786,14576,12,1
2,Payment,1772070022.847165,6177,13,1
1,NewOrder,1772070022.848167,26970,23,1
1,NewOrder,1772070022.848939,34869,7,1
2,Payment,1772070022.849540,7688,2,1
4,Delivery,1772070022.849926,17216,1,1
1,NewOrder,1772070022.849974,18762,16,1
1,NewOrder,1772070022.851082,28639,14,1
2,Payment,1772070022.852295,7769,20,1
1,NewOrder,1772070022.853348,29190,13,1
1,NewOrder,1772070022.854214,33486,17,1
4,Delivery,1772070022.854547,61208,22,1
2,Payment,1772070022.854551,5841,11,1
1,NewOrder,1772070022.857064,16521,3,1
2,Payment,1772070022.857234,7213,2,1
2,Payment,1772070022.860071,8249,20,1
4,Delivery,1772070022.860367,11192,12,1
2,Payment,1772070022.860400,8314,15,1
1,NewOrder,1772070022.860401,28307,11,1
2,Payment,1772070022.864452,8705,2,1
1,NewOrder,1772070022.865054,27271,18,1
1,NewOrder,1772070022.866291,20807,4,1
1,NewOrder,1772070022.867146,24766,1,1
1,NewOrder,1772070022.868325,29172,20,1
3,OrderStatus,1772070022.868717,3806,8,1
1,NewOrder,1772070022.868722,38822,15,1
1,NewOrder,1772070022.868744,25660,16,1
2,Payment,1772070022.868786,5306,6,1
4,Delivery,1772070022.871210,44808,21,1
2,Payment,1772070022.871573,5034,12,1
2,Payment,1772070022.872529,6535,8,1
2,Payment,1772070022.873164,8752,2,1
2,Payment,1772070022.873596,10777,3,1
1,NewOrder,1772070022.874099,22391,6,1
2,Payment,1772070022.875144,7432,23,1
1,NewOrder,1772070022.875167,22097,5,1
2,Payment,1772070022.875566,7051,10,1
1,NewOrder,1772070022.875588,31039,0,1
1,NewOrder,1772070022.876269,20156,19,1
1,NewOrder,1772070022.876612,18283,12,1
5,StockLevel,1772070022.878699,19660,9,1
2,Payment,1772070022.879071,6523,8,1
2,Payment,1772070022.879731,9992,14,1
3,OrderStatus,1772070022.881922,7988,2,1
1,NewOrder,1772070022.882548,35004,13,1
1,NewOrder,1772070022.882583,21544,23,1
1,NewOrder,1772070022.882623,14019,10,1
5,StockLevel,1772070022.883813,14175,7,1
2,Payment,1772070022.884378,6504,3,1
2,Payment,1772070022.885599,6840,8,1
2,Payment,1772070022.887104,6025,4,1
2,Payment,1772070022.887706,8688,17,1
1,NewOrder,1772070022.888719,18410,11,1
1,NewOrder,1772070022.889734,35274,14,1
2,Payment,1772070022.889917,5972,2,1
2,Payment,1772070022.890889,11598,3,1
3,OrderStatus,1772070022.891919,4982,1,1
2,Payment,1772070022.892330,7027,18,1
1,NewOrder,1772070022.892450,30461,8,1
2,Payment,1772070022.893134,7651,4,1
2,Payment,1772070022.894411,9350,16,1
1,NewOrder,1772070022.894901,15664,12,1
1,NewOrder,1772070022.895895,29209,2,1
1,NewOrder,1772070022.896401,22383,17,1
2,Payment,1772070022.896430,5653,19,1
1,NewOrder,1772070022.896493,27105,6,1
1,NewOrder,1772070022.896649,31576,10,1
1,NewOrder,1772070022.896905,19299,1,1
2,Payment,1772070022.897270,6833,5,1
1,NewOrder,1772070022.897501,22669,20,1
1,NewOrder,1772070022.897993,34609,7,1
1,NewOrder,1772070022.898364,36360,9,1
2,Payment,1772070022.899362,7782,18,1
1,NewOrder,1772070022.900791,22085,4,1
3,OrderStatus,1772070022.902086,7554,19,1
1,NewOrder,1772070022.902494,26680,3,1
2,Payment,1772070022.903772,7101,16,1
2,Payment,1772070022.904108,6790,5,1
1,NewOrder,1772070022.904135,18382,23,1
1,NewOrder,1772070022.906643,19235,0,1
2,Payment,1772070022.907134,9146,11,1
1,NewOrder,1772070022.907150,33166,18,1
1,NewOrder,1772070022.907549,24275,15,1
1,NewOrder,1772070022.909647,25483,19,1
1,NewOrder,1772070022.910571,17052,12,1
1,NewOrder,1772070022.910880,22155,16,1
1,NewOrder,1772070022.910903,16090,5,1
3,OrderStatus,1772070022.915762,15813,22,1
2,Payment,1772070022.916026,2436,21,1
1,NewOrder,1772070022.916209,32800,1,1
1,NewOrder,1772070022.916286,18051,11,1
2,Payment,1772070022.917559,6628,13,1
2,Payment,1772070022.918470,7413,21,1
2,Payment,1772070022.918789,7507,17,1
1,NewOrder,1772070022.920181,19164,20,1
1,NewOrder,1772070022.922522,18741,23,1
2,Payment,1772070022.922885,7351,4,1
1,NewOrder,1772070022.922916,31349,8,1
3,OrderStatus,1772070022.923603,8129,6,1
1,NewOrder,1772070022.924197,31565,13,1
1,NewOrder,1772070022.925021,19298,14,1
2,Payment,1772070022.925110,7224,2,1
2,Payment,1772070022.925886,7813,0,1
2,Payment,1772070022.925894,6879,21,1
3,OrderStatus,1772070022.926302,5482,17,1
1,NewOrder,1772070022.926998,30504,5,1
1,NewOrder,1772070022.927633,31631,12,1
2,Payment,1772070022.928232,6552,10,1
1,NewOrder,1772070022.929179,19120,3,1
2,Payment,1772070022.930243,9579,4,1
1,NewOrder,1772070022.931580,33849,22,1
2,Payment,1772070022.931742,9156,6,1
2,Payment,1772070022.931791,8616,17,1
1,NewOrder,1772070022.931830,27037,15,1
2,Payment,1772070022.932340,8996,2,1
2,Payment,1772070022.932606,9564,7,1
2,Payment,1772070022.932784,5650,21,1
1,NewOrder,1772070022.933046,32968,16,1
2,Payment,1772070022.933707,8824,0,1
1,NewOrder,1772070022.934342,17502,11,1
5,StockLevel,1772070022.934730,16199,9,1
1,NewOrder,1772070022.934787,20553,10,1
2,Payment,1772070022.935137,7943,19,1
1,NewOrder,1772070022.938438,49435,21,1
2,Payment,1772070022.939351,9037,20,1
2,Payment,1772070022.939830,7923,4,1
2,Payment,1772070022.940321,9581,18,1
1,NewOrder,1772070022.940410,47754,17,1
2,Payment,1772070022.940909,7365,6,1
2,Payment,1772070022.941268,10081,23,1
1,NewOrder,1772070022.941341,20461,2,1
1,NewOrder,1772070022.942174,22614,7,1
2,Payment,1772070022.942542,6869,0,1
2,Payment,1772070022.943085,9458,19,1
1,NewOrder,1772070022.944325,23202,14,1
1,NewOrder,1772070022.947763,40303,4,1
2,Payment,1772070022.948281,8772,6,1
1,NewOrder,1772070022.948304,20623,3,1
1,NewOrder,1772070022.948396,39803,20,1
1,NewOrder,1772070022.949015,17350,1,1
3,OrderStatus,1772070022.949422,6735,0,1
1,NewOrder,1772070022.949908,24789,18,1
2,Payment,1772070022.950936,9179,9,1
2,Payment,1772070022.951357,6178,23,1
1,NewOrder,1772070022.951849,36285,11,1
2,Payment,1772070022.952549,8534,19,1
1,NewOrder,1772070022.954271,33832,8,1
2,Payment,1772070022.955345,6965,10,1
2,Payment,1772070022.955770,7322,13,1
2,Payment,1772070022.956163,7472,0,1
2,Payment,1772070022.957058,6863,6,1
1,NewOrder,1772070022.957508,22314,5,1
1,NewOrder,1772070022.957543,16913,23,1
2,Payment,1772070022.958872,10081,15,1
2,Payment,1772070022.959274,7068,12,1
2,Payment,1772070022.960122,7352,9,1
1,NewOrder,1772070022.961092,42797,19,1
1,NewOrder,1772070022.961812,34564,2,1
1,NewOrder,1772070022.962317,33230,10,1
1,NewOrder,1772070022.963098,37561,13,1
1,NewOrder,1772070022.963646,35708,0,1
2,Payment,1772070022.963926,5654,6,1
2,Payment,1772070022.964793,9811,7,1
1,NewOrder,1772070022.965435,34311,22,1
2,Payment,1772070022.966020,7612,16,1
1,NewOrder,1772070022.966349,37823,12,1
3,OrderStatus,1772070022.966370,5602,1,1
2,Payment,1772070022.967480,10110,9,1
1,NewOrder,1772070022.967537,20333,14,1
1,NewOrder,1772070022.968932,35916,3,1
2,Payment,1772070022.968958,6075,15,1
2,Payment,1772070022.969585,6303,6,1
1,NewOrder,1772070022.971978,29098,1,1
2,Payment,1772070022.973642,7912,16,1
2,Payment,1772070022.974468,6460,23,1
1,NewOrder,1772070022.974618,40491,7,1
1,NewOrder,1772070022.974717,33178,18,1
1,NewOrder,1772070022.975037,44724,15,1
1,NewOrder,1772070022.975914,28384,6,1
1,NewOrder,1772070022.977601,19315,9,1
1,NewOrder,1772070022.979828,27091,5,1
2,Payment,1772070022.980934,10096,23,1
2,Payment,1772070022.981565,10352,16,1
2,Payment,1772070022.987880,9151,14,1
1,NewOrder,1772070022.987884,24337,21,1
1,NewOrder,1772070022.988075,36684,4,1
1,NewOrder,1772070022.988107,26404,8,1
1,NewOrder,1772070022.988137,23974,11,1
4,Delivery,1772070022.988167,83959,17,1
1,NewOrder,1772070022.988201,23935,20,1
2,Payment,1772070022.991039,7356,23,1
1,NewOrder,1772070022.991924,24930,16,1
2,Payment,1772070022.995551,8650,10,1
1,NewOrder,1772070022.996386,29435,2,1
2,Payment,1772070022.996925,10872,9,1
2,Payment,1772070022.997042,10801,14,1
3,OrderStatus,1772070022.998410,4808,23,1
1,NewOrder,1772070022.999365,27229,0,1
2,Payment,1772070022.999773,5961,22,1
1,NewOrder,1772070023.000682,48269,13,1
1,NewOrder,1772070023.001082,34917,1,1
1,NewOrder,1772070023.003230,16519,23,1
1,NewOrder,1772070023.003906,39614,19,1
1,NewOrder,1772070023.004191,29991,12,1
1,NewOrder,1772070023.004213,38924,10,1
2,Payment,1772070023.004324,6155,6,1
1,NewOrder,1772070023.004871,20457,3,1
1,NewOrder,1772070023.005759,33319,22,1
2,Payment,1772070023.006923,4637,5,1
1,NewOrder,1772070023.007811,30114,9,1
2,Payment,1772070023.007869,8597,14,1
1,NewOrder,1772070023.007920,28783,18,1
2,Payment,1772070023.010489,14302,6,1
1,NewOrder,1772070023.011569,11985,5,1
1,NewOrder,1772070023.012125,13796,11,1
1,NewOrder,1772070023.012146,14674,20,1
1,NewOrder,1772070023.012232,17042,21,1
5,StockLevel,1772070023.014515,8894,8,1
3,OrderStatus,1772070023.015120,10168,7,1
2,Payment,1772070023.016491,9924,14,1
2,Payment,1772070023.016864,5748,16,1
2,Payment,1772070023.019760,3915,23,1
2,Payment,1772070023.019771,9133,15,1
2,Payment,1772070023.022627,10898,16,1
5,StockLevel,1772070023.023416,12004,8,1
1,NewOrder,1772070023.023579,21632,5,1
1,NewOrder,1772070023.023694,11628,23,1
1,NewOrder,1772070023.024770,19540,4,1
2,Payment,1772070023.024810,4792,6,1
2,Payment,1772070023.025297,10805,7,1
1,NewOrder,1772070023.025332,14239,3,1
1,NewOrder,1772070023.025839,19388,2,1
1,NewOrder,1772070023.025945,16021,11,1
1,NewOrder,1772070023.026442,29722,14,1
3,OrderStatus,1772070023.026620,6026,0,1
2,Payment,1772070023.026825,4605,20,1
2,Payment,1772070023.028912,10202,15,1
1,NewOrder,1772070023.029285,19260,21,1
2,Payment,1772070023.029613,10763,6,1
2,Payment,1772070023.031443,4551,20,1
2,Payment,1772070023.032673,8485,0,1
1,NewOrder,1772070023.033535,26259,16,1
1,NewOrder,1772070023.034202,46869,12,1
1,NewOrder,1772070023.035327,19886,23,1
2,Payment,1772070023.035425,11040,8,1
3,OrderStatus,1772070023.036005,3301,20,1
2,Payment,1772070023.036012,7496,1,1
2,Payment,1772070023.036128,12779,7,1
2,Payment,1772070023.036713,8168,18,1
2,Payment,1772070023.037935,15206,9,1
1,NewOrder,1772070023.039091,26223,22,1
2,Payment,1772070023.039133,7004,15,1
1,NewOrder,1772070023.039320,17634,20,1
1,NewOrder,1772070023.039597,10205,3,1
4,Delivery,1772070023.040402,21834,6,1
2,Payment,1772070023.041169,9987,0,1
2,Payment,1772070023.041991,9523,11,1
1,NewOrder,1772070023.043163,44925,10,1
2,Payment,1772070023.043519,9073,1,1
1,NewOrder,1772070023.043530,28055,19,1
2,Payment,1772070023.044322,10705,4,1
2,Payment,1772070023.044888,9775,18,1
1,NewOrder,1772070023.045221,17149,5,1
2,Payment,1772070023.045233,11790,2,1
1,NewOrder,1772070023.046143,38610,15,1
2,Payment,1772070023.046470,10518,8,1
1,NewOrder,1772070023.048555,18210,21,1
2,Payment,1772070023.048933,9414,7,1
2,Payment,1772070023.048963,9462,13,1
1,NewOrder,1772070023.049816,14618,3,1
1,NewOrder,1772070023.051182,37349,0,1
1,NewOrder,1772070023.051520,10707,11,1
2,Payment,1772070023.052598,9001,1,1
2,Payment,1772070023.053160,10465,9,1
2,Payment,1772070023.054671,13159,18,1
2,Payment,1772070023.055034,8932,4,1
3,OrderStatus,1772070023.055219,2733,23,1
1,NewOrder,1772070023.056191,28864,14,1
1,NewOrder,1772070023.056959,14677,20,1
2,Payment,1772070023.056994,10819,8,1
2,Payment,1772070023.057027,8848,2,1
3,OrderStatus,1772070023.057958,1896,23,1
4,Delivery,1772070023.058357,4210,7,1
2,Payment,1772070023.058443,11811,13,1
4,Delivery,1772070023.059805,13029,16,1
1,NewOrder,1772070023.059859,10533,23,1
2,Payment,1772070023.061609,16674,1,1
2,Payment,1772070023.062231,7142,11,1
2,Payment,1772070023.062246,9296,6,1
2,Payment,1772070023.062381,5341,5,1
1,NewOrder,1772070023.062575,38442,7,1
1,NewOrder,1772070023.063628,43689,9,1
2,Payment,1772070023.063986,6313,4,1
2,Payment,1772070023.064445,7690,3,1
3,OrderStatus,1772070023.065326,13260,22,1
2,Payment,1772070023.065883,8979,2,1
1,NewOrder,1772070023.066770,24956,21,1
2,Payment,1772070023.067747,8700,5,1
1,NewOrder,1772070023.067817,25115,8,1
2,Payment,1772070023.067837,8231,18,1
2,Payment,1772070023.069384,4231,11,1
2,Payment,1772070023.070258,9373,13,1
2,Payment,1772070023.070305,9620,4,1
1,NewOrder,1772070023.070412,26972,23,1
1,NewOrder,1772070023.071547,41846,6,1
2,Payment,1772070023.071589,8134,19,1
1,NewOrder,1772070023.071641,23718,20,1
2,Payment,1772070023.072140,9288,17,1
1,NewOrder,1772070023.072147,24870,3,1
4,Delivery,1772070023.072851,46680,16,1
2,Payment,1772070023.073625,5086,11,1
1,NewOrder,1772070023.074867,29729,2,1
1,NewOrder,1772070023.076072,35332,18,1
2,Payment,1772070023.076463,4914,5,1
1,NewOrder,1772070023.078289,26831,1,1
1,NewOrder,1772070023.078597,28183,22,1
2,Payment,1772070023.078715,6353,11,1
2,Payment,1772070023.079641,9838,13,1
1,NewOrder,1772070023.079737,28801,19,1
2,Payment,1772070023.079931,5163,4,1
2,Payment,1772070023.081097,9992,12,1
1,NewOrder,1772070023.081389,14368,5,1
1,NewOrder,1772070023.081440,22435,17,1
4,Delivery,1772070023.084777,35192,15,1
5,StockLevel,1772070023.085066,19066,14,1
1,NewOrder,1772070023.085073,22936,11,1
1,NewOrder,1772070023.085104,22935,4,1
1,NewOrder,1772070023.088092,24800,10,1
1,NewOrder,1772070023.088557,29179,0,1
1,NewOrder,1772070023.089483,29693,13,1
1,NewOrder,1772070023.091100,42654,12,1
1,NewOrder,1772070023.091737,16942,21,1
2,Payment,1772070023.092950,7242,8,1
1,NewOrder,1772070023.095383,16483,20,1
1,NewOrder,1772070023.095778,23740,5,1
2,Payment,1772070023.097030,8216,3,1
5,StockLevel,1772070023.097395,11378,23,1
1,NewOrder,1772070023.100199,23322,8,1
2,Payment,1772070023.101030,7047,7,1
2,Payment,1772070023.103901,9434,17,1
4,Delivery,1772070023.104144,15800,14,1
2,Payment,1772070023.104622,3974,2,1
2,Payment,1772070023.105137,5513,1,1
1,NewOrder,1772070023.105262,14567,3,1
1,NewOrder,1772070023.106791,36810,22,1
2,Payment,1772070023.107326,14757,9,1
1,NewOrder,1772070023.108021,24160,11,1
1,NewOrder,1772070023.108055,14433,4,1
2,Payment,1772070023.108104,6330,7,1
1,NewOrder,1772070023.108563,26795,19,1
1,NewOrder,1772070023.108621,21472,2,1
2,Payment,1772070023.108705,7684,21,1
1,NewOrder,1772070023.108779,21228,23,1
1,NewOrder,1772070023.110656,25308,1,1
1,NewOrder,1772070023.111429,21856,18,1
1,NewOrder,1772070023.111871,19030,20,1
3,OrderStatus,1772070023.112907,5148,10,1
4,Delivery,1772070023.113340,6561,17,1
2,Payment,1772070023.113407,6898,6,1
2,Payment,1772070023.114459,9397,7,1
5,StockLevel,1772070023.116393,10990,21,1
2,Payment,1772070023.117762,11709,0,1
1,NewOrder,1772070023.118064,24224,10,1
1,NewOrder,1772070023.119181,28703,13,1
2,Payment,1772070023.119525,11309,5,1
1,NewOrder,1772070023.119535,28998,16,1
2,Payment,1772070023.119838,17873,3,1
2,Payment,1772070023.119907,3672,17,1
1,NewOrder,1772070023.119953,22712,14,1
2,Payment,1772070023.119974,5522,15,1
1,NewOrder,1772070023.120310,11431,6,1
1,NewOrder,1772070023.122093,25744,9,1
2,Payment,1772070023.122495,13882,4,1
2,Payment,1772070023.123528,12410,8,1
1,NewOrder,1772070023.123584,31874,17,1
2,Payment,1772070023.123866,9862,7,1
5,StockLevel,1772070023.125507,24960,15,1
2,Payment,1772070023.127400,4696,21,1
1,NewOrder,1772070023.129502,28813,0,1
2,Payment,1772070023.130016,3976,23,1
1,NewOrder,1772070023.130104,16441,2,1
1,NewOrder,1772070023.130840,19099,5,1
1,NewOrder,1772070023.130907,22930,20,1
1,NewOrder,1772070023.131748,23846,6,1
2,Payment,1772070023.132106,4210,21,1
3,OrderStatus,1772070023.132191,2999,11,1
1,NewOrder,1772070023.133291,41980,18,1
2,Payment,1772070023.133738,8894,7,1
1,NewOrder,1772070023.133759,39814,12,1
2,Payment,1772070023.133997,6095,23,1
3,OrderStatus,1772070023.135203,3805,11,1
1,NewOrder,1772070023.135377,27381,19,1
1,NewOrder,1772070023.135960,35230,8,1
2,Payment,1772070023.135974,4679,1,1
1,NewOrder,1772070023.136321,15384,21,1
1,NewOrder,1772070023.136382,34758,4,1
2,Payment,1772070023.137721,5227,3,1
2,Payment,1772070023.139015,7178,11,1
2,Payment,1772070023.140105,6468,23,1
2,Payment,1772070023.140678,6739,1,1
1,NewOrder,1772070023.142298,32997,10,1
2,Payment,1772070023.142658,8597,7,1
2,Payment,1772070023.142693,8156,14,1
5,StockLevel,1772070023.142952,12849,3,1
4,Delivery,1772070023.143611,60239,22,1
1,NewOrder,1772070023.146206,20435,11,1
2,Payment,1772070023.146571,5492,2,1
1,NewOrder,1772070023.146599,15431,23,1
1,NewOrder,1772070023.147436,15121,1,1
1,NewOrder,1772070023.147847,31904,9,1
1,NewOrder,1772070023.147889,43839,13,1
2,Payment,1772070023.148543,8951,16,1
1,NewOrder,1772070023.149949,21216,5,1
1,NewOrder,1772070023.150481,38643,15,1
1,NewOrder,1772070023.150864,23290,14,1
1,NewOrder,1772070023.151265,30459,7,1
2,Payment,1772070023.151712,4347,21,1
1,NewOrder,1772070023.152069,13687,2,1
2,Payment,1772070023.153850,5088,20,1
1,NewOrder,1772070023.155462,22701,17,1
2,Payment,1772070023.155604,5984,6,1
1,NewOrder,1772070023.155808,26442,3,1
2,Payment,1772070023.156063,5965,21,1
1,NewOrder,1772070023.157498,25655,16,1
2,Payment,1772070023.158341,10594,0,1
2,Payment,1772070023.158942,6030,20,1
1,NewOrder,1772070023.161613,17554,6,1
1,NewOrder,1772070023.162054,13118,23,1
1,NewOrder,1772070023.162064,17092,21,1
1,NewOrder,1772070023.162582,18747,1,1
1,NewOrder,1772070023.162764,32002,19,1
2,Payment,1772070023.164978,4810,20,1
1,NewOrder,1772070023.165763,20244,2,1
2,Payment,1772070023.166652,5597,11,1
2,Payment,1772070023.168946,10276,0,1
2,Payment,1772070023.169798,6052,20,1
2,Payment,1772070023.171166,9307,4,1
1,NewOrder,1772070023.171192,21736,5,1
1,NewOrder,1772070023.171207,33142,8,1
2,Payment,1772070023.172258,6917,11,1
1,NewOrder,1772070023.173588,28691,12,1
2,Payment,1772070023.174168,9326,14,1
1,NewOrder,1772070023.175199,25107,23,1
2,Payment,1772070023.175288,9604,18,1
1,NewOrder,1772070023.175321,23001,10,1
2,Payment,1772070023.175855,11080,20,1
1,NewOrder,1772070023.178173,33201,17,1
1,NewOrder,1772070023.179166,10027,21,1
1,NewOrder,1772070023.179177,25121,6,1
1,NewOrder,1772070023.179186,14725,11,1
1,NewOrder,1772070023.179233,20351,0,1
2,Payment,1772070023.179761,8980,9,1
2,Payment,1772070023.180479,8619,4,1
1,NewOrder,1772070023.181356,21919,1,1
1,NewOrder,1772070023.181742,35457,7,1
2,Payment,1772070023.182258,8331,3,1
1,NewOrder,1772070023.183163,57468,16,1
1,NewOrder,1772070023.183499,33231,14,1
2,Payment,1772070023.184903,10375,18,1
1,NewOrder,1772070023.186016,24142,2,1
1,NewOrder,1772070023.186945,15959,20,1
2,Payment,1772070023.188766,9525,9,1
1,NewOrder,1772070023.189106,25690,4,1
1,NewOrder,1772070023.189131,45136,15,1
2,Payment,1772070023.189197,8707,21,1
1,NewOrder,1772070023.190599,13660,3,1
1,NewOrder,1772070023.191738,41337,13,1
3,OrderStatus,1772070023.192934,6719,5,1
2,Payment,1772070023.193923,7664,11,1
1,NewOrder,1772070023.194776,47694,19,1
1,NewOrder,1772070023.195288,28148,18,1
1,NewOrder,1772070023.197915,15790,21,1
1,NewOrder,1772070023.198296,44763,9,1
2,Payment,1772070023.198330,11457,10,1
1,NewOrder,1772070023.199597,29470,0,1
1,NewOrder,1772070023.199680,24343,5,1
1,NewOrder,1772070023.200318,17928,23,1
1,NewOrder,1772070023.201598,18932,11,1
2,Payment,1772070023.202296,10452,12,1
2,Payment,1772070023.202914,4825,20,1
1,NewOrder,1772070023.203279,24127,1,1
1,NewOrder,1772070023.203858,27290,22,1
1,NewOrder,1772070023.204284,37149,3,1
3,OrderStatus,1772070023.204324,5584,6,1
1,NewOrder,1772070023.204364,31111,8,1
2,Payment,1772070023.207754,7407,20,1
3,OrderStatus,1772070023.209793,6108,10,1
2,Payment,1772070023.209919,5607,6,1
2,Payment,1772070023.210164,5076,2,1
1,NewOrder,1772070023.211386,39626,17,1
2,Payment,1772070023.212774,9914,12,1
2,Payment,1772070023.213731,4970,21,1
1,NewOrder,1772070023.214810,39787,4,1
1,NewOrder,1772070023.215182,14830,20,1
2,Payment,1772070023.215244,4504,2,1
4,Delivery,1772070023.215537,8912,6,1
1,NewOrder,1772070023.215911,29262,10,1
1,NewOrder,1772070023.216756,46060,14,1
2,Payment,1772070023.217214,9274,7,1
1,NewOrder,1772070023.218257,24172,23,1
2,Payment,1772070023.218709,4606,21,1
2,Payment,1772070023.219759,3576,2,1
2,Payment,1772070023.220540,7611,11,1
1,NewOrder,1772070023.222699,27694,12,1
2,Payment,1772070023.223322,5740,21,1
2,Payment,1772070023.223343,4447,2,1
2,Payment,1772070023.223442,8247,18,1
2,Payment,1772070023.224050,5570,5,1
3,OrderStatus,1772070023.224474,5280,6,1
3,OrderStatus,1772070023.226495,9715,7,1
1,NewOrder,1772070023.227433,14055,1,1
1,NewOrder,1772070023.227815,20147,2,1
1,NewOrder,1772070023.228158,16236,11,1
2,Payment,1772070023.229075,5739,21,1
2,Payment,1772070023.229095,13220,0,1
1,NewOrder,1772070023.229633,16011,5,1
1,NewOrder,1772070023.229762,21362,6,1
2,Payment,1772070023.230022,7261,20,1
2,Payment,1772070023.231162,16058,22,1
2,Payment,1772070023.231696,11223,18,1
1,NewOrder,1772070023.233085,42564,13,1
2,Payment,1772070023.234292,9431,15,1
2,Payment,1772070023.234830,6550,21,1
2,Payment,1772070023.235485,9654,8,1
1,NewOrder,1772070023.236217,23641,7,1
1,NewOrder,1772070023.237292,28089,20,1
1,NewOrder,1772070023.240638,37807,16,1
2,Payment,1772070023.241404,4087,21,1
2,Payment,1772070023.241458,4183,3,1
1,NewOrder,1772070023.241507,24216,1,1
2,Payment,1772070023.242321,10652,0,1
1,NewOrder,1772070023.242436,14086,23,1
1,NewOrder,1772070023.242481,41364,19,1
1,NewOrder,1772070023.242925,33457,18,1
1,NewOrder,1772070023.243069,32614,9,1
1,NewOrder,1772070023.243749,36050,15,1
1,NewOrder,1772070023.244419,27136,11,1
1,NewOrder,1772070023.245150,41406,8,1
1,NewOrder,1772070023.245179,37352,10,1
3,OrderStatus,1772070023.245495,4402,21,1
1,NewOrder,1772070023.245653,25948,3,1
3,OrderStatus,1772070023.245653,3373,5,1
2,Payment,1772070023.247229,11182,22,1
2,Payment,1772070023.247988,7540,2,1
1,NewOrder,1772070023.249034,18336,5,1
1,NewOrder,1772070023.249912,22434,21,1
1,NewOrder,1772070023.250418,24025,12,1
1,NewOrder,1772070023.251019,31738,17,1
2,Payment,1772070023.251135,4429,6,1
1,NewOrder,1772070023.252982,39633,0,1
1,NewOrder,1772070023.254603,31242,4,1
1,NewOrder,1772070023.255547,20608,2,1
1,NewOrder,1772070023.255586,20446,6,1
2,Payment,1772070023.256537,7929,23,1
1,NewOrder,1772070023.258436,41126,22,1
2,Payment,1772070023.259868,10747,7,1
2,Payment,1772070023.262827,10264,14,1
2,Payment,1772070023.264478,6707,23,1
1,NewOrder,1772070023.265392,20070,20,1
2,Payment,1772070023.265733,5840,1,1
1,NewOrder,1772070023.267381,25174,5,1
2,Payment,1772070023.270641,9662,7,1
2,Payment,1772070023.271190,4815,23,1
2,Payment,1772070023.271565,11146,11,1
1,NewOrder,1772070023.271592,12855,1,1
2,Payment,1772070023.271611,4451,3,1
1,NewOrder,1772070023.272356,13456,21,1
1,NewOrder,1772070023.273105,45449,14,1
2,Payment,1772070023.274455,8281,12,1
2,Payment,1772070023.275663,8634,13,1
1,NewOrder,1772070023.275694,29937,9,1
1,NewOrder,1772070023.276020,22647,23,1
1,NewOrder,1772070023.276051,14749,6,1
2,Payment,1772070023.276076,4737,3,1
1,NewOrder,1772070023.276182,22492,2,1
1,NewOrder,1772070023.276397,42860,18,1
1,NewOrder,1772070023.278457,27373,16,1
3,OrderStatus,1772070023.279815,8780,15,1
1,NewOrder,1772070023.280313,32003,7,1
1,NewOrder,1772070023.280818,20324,3,1
2,Payment,1772070023.282541,9542,10,1
2,Payment,1772070023.282721,4810,11,1
2,Payment,1772070023.282747,9408,12,1
2,Payment,1772070023.282768,11082,17,1
1,NewOrder,1772070023.283848,22006,19,1
4,Delivery,1772070023.284312,23707,13,1
2,Payment,1772070023.284459,7227,1,1
2,Payment,1772070023.285474,4683,20,1
1,NewOrder,1772070023.285817,19705,21,1
2,Payment,1772070023.285857,9668,4,1
5,StockLevel,1772070023.286563,23086,8,1
2,Payment,1772070023.287542,5937,11,1
2,Payment,1772070023.288605,9247,15,1
2,Payment,1772070023.290165,6312,20,1
1,NewOrder,1772070023.290808,25846,6,1
1,NewOrder,1772070023.291694,19404,1,1
1,NewOrder,1772070023.292094,32868,10,1
2,Payment,1772070023.292160,8219,12,1
1,NewOrder,1772070023.292582,24400,5,1
1,NewOrder,1772070023.292641,44385,0,1
1,NewOrder,1772070023.293490,25795,11,1
2,Payment,1772070023.293859,8825,17,1
1,NewOrder,1772070023.295538,28624,4,1
2,Payment,1772070023.296487,4989,20,1
1,NewOrder,1772070023.297879,39497,15,1
3,OrderStatus,1772070023.298672,2650,23,1
1,NewOrder,1772070023.298684,21876,2,1
2,Payment,1772070023.299587,10409,22,1
2,Payment,1772070023.300403,9979,12,1
1,NewOrder,1772070023.301152,19971,3,1
2,Payment,1772070023.301330,7170,23,1
5,StockLevel,1772070023.301501,13499,20,1
2,Payment,1772070023.302688,10096,17,1
1,NewOrder,1772070023.305533,14995,21,1
1,NewOrder,1772070023.305638,35519,9,1
1,NewOrder,1772070023.305836,46737,16,1
1,NewOrder,1772070023.305861,27985,19,1
2,Payment,1772070023.308030,11320,13,1
1,NewOrder,1772070023.308513,23382,23,1
1,NewOrder,1772070023.309653,41118,8,1
1,NewOrder,1772070023.310022,45488,22,1
2,Payment,1772070023.310408,10092,12,1
2,Payment,1772070023.311104,5101,1,1
1,NewOrder,1772070023.312326,41283,7,1
2,Payment,1772070023.312794,10366,17,1
2,Payment,1772070023.315004,5164,20,1
2,Payment,1772070023.316214,4287,1,1
2,Payment,1772070023.316658,4477,6,1
3,OrderStatus,1772070023.316992,2971,5,1
2,Payment,1772070023.318560,12176,14,1
1,NewOrder,1772070023.319267,40022,18,1
3,OrderStatus,1772070023.319295,2530,11,1
1,NewOrder,1772070023.319361,41439,13,1
2,Payment,1772070023.319970,5515,5,1
2,Payment,1772070023.320179,5214,20,1
1,NewOrder,1772070023.320506,23961,12,1
1,NewOrder,1772070023.320508,16841,1,1
2,Payment,1772070023.320535,6547,21,1
1,NewOrder,1772070023.320571,26198,2,1
2,Payment,1772070023.321147,5598,3,1
1,NewOrder,1772070023.321194,20348,6,1
1,NewOrder,1772070023.321831,17056,11,1
2,Payment,1772070023.323202,18317,17,1
2,Payment,1772070023.324211,10054,4,1
2,Payment,1772070023.324978,10517,10,1
2,Payment,1772070023.325404,5935,20,1
1,NewOrder,1772070023.325493,27105,5,1
1,NewOrder,1772070023.326755,20723,3,1
1,NewOrder,1772070023.327091,23169,21,1
2,Payment,1772070023.330741,12594,14,1
1,NewOrder,1772070023.331345,27712,20,1
1,NewOrder,1772070023.331910,25396,23,1
2,Payment,1772070023.333857,10272,19,1
2,Payment,1772070023.334275,10167,4,1
1,NewOrder,1772070023.335502,34864,10,1
1,NewOrder,1772070023.337037,36869,0,1
1,NewOrder,1772070023.337356,29436,1,1
1,NewOrder,1772070023.337384,31692,15,1
1,NewOrder,1772070023.338901,25350,11,1
1,NewOrder,1772070023.341162,30024,9,1
1,NewOrder,1772070023.341530,34300,17,1
2,Payment,1772070023.341553,4381,6,1
2,Payment,1772070023.343341,7351,14,1
1,NewOrder,1772070023.344134,27010,19,1
1,NewOrder,1772070023.344446,42278,4,1
1,NewOrder,1772070023.344472,39689,12,1
2,Payment,1772070023.345944,6057,6,1
3,OrderStatus,1772070023.346777,4314,2,1
1,NewOrder,1772070023.347484,21871,3,1
2,Payment,1772070023.350269,6420,21,1
2,Payment,1772070023.350697,4312,14,1
1,NewOrder,1772070023.350777,40837,8,1
2,Payment,1772070023.351097,7866,2,1
1,NewOrder,1772070023.352006,15640,6,1
1,NewOrder,1772070023.352578,26949,16,1
2,Payment,1772070023.352603,8518,5,1
1,NewOrder,1772070023.353623,42343,7,1
1,NewOrder,1772070023.355014,51309,14,1
1,NewOrder,1772070023.355523,20643,22,1
2,Payment,1772070023.356699,6317,21,1
5,StockLevel,1772070023.357311,13695,23,1
4,Delivery,1772070023.358972,24491,2,1
1,NewOrder,1772070023.359061,15697,20,1
1,NewOrder,1772070023.359294,36092,18,1
2,Payment,1772070023.360808,8648,13,1
1,NewOrder,1772070023.361128,20033,5,1
1,NewOrder,1772070023.363027,16949,21,1
5,StockLevel,1772070023.364261,11875,11,1
1,NewOrder,1772070023.366802,25605,1,1
2,Payment,1772070023.367656,5261,6,1
2,Payment,1772070023.369081,10895,15,1
2,Payment,1772070023.369359,5297,3,1
2,Payment,1772070023.369462,7170,13,1
2,Payment,1772070023.370381,9563,10,1
3,OrderStatus,1772070023.371012,2618,23,1
2,Payment,1772070023.371151,8763,19,1
1,NewOrder,1772070023.371197,31395,9,1
2,Payment,1772070023.372922,8544,6,1
1,NewOrder,1772070023.373639,17382,23,1
2,Payment,1772070023.373912,8605,0,1
1,NewOrder,1772070023.374660,27166,3,1
1,NewOrder,1772070023.374767,17669,20,1
1,NewOrder,1772070023.375834,27374,17,1
2,Payment,1772070023.376146,7337,11,1
1,NewOrder,1772070023.376170,49803,22,1
2,Payment,1772070023.376639,8641,13,1
2,Payment,1772070023.379531,7518,16,1
1,NewOrder,1772070023.379925,34447,19,1
1,NewOrder,1772070023.379952,29499,10,1
2,Payment,1772070023.379982,8493,15,1
1,NewOrder,1772070023.379987,17952,21,1
1,NewOrder,1772070023.381166,21986,5,1
1,NewOrder,1772070023.381469,25328,6,1
2,Payment,1772070023.382527,7802,0,1
1,NewOrder,1772070023.383472,25284,2,1
1,NewOrder,1772070023.383488,25724,11,1
1,NewOrder,1772070023.384171,28295,12,1
1,NewOrder,1772070023.385285,34049,13,1
1,NewOrder,1772070023.386731,20132,4,1
1,NewOrder,1772070023.387055,27713,16,1
1,NewOrder,1772070023.388481,22651,15,1
5,StockLevel,1772070023.390340,19526,0,1
2,Payment,1772070023.391028,5761,23,1
5,StockLevel,1772070023.391619,15908,8,1
1,NewOrder,1772070023.392413,21918,1,1
1,NewOrder,1772070023.392455,28813,20,1
2,Payment,1772070023.395396,7784,18,1
1,NewOrder,1772070023.395977,21081,7,1
2,Payment,1772070023.396794,7697,23,1
1,NewOrder,1772070023.397944,24397,21,1
2,Payment,1772070023.401836,4930,3,1
1,NewOrder,1772070023.402599,32306,9,1
1,NewOrder,1772070023.403158,23295,5,1
2,Payment,1772070023.403186,9255,18,1
2,Payment,1772070023.403217,7164,17,1
2,Payment,1772070023.404496,9180,23,1
1,NewOrder,1772070023.406328,20045,14,1
1,NewOrder,1772070023.406785,14834,3,1
2,Payment,1772070023.406808,4899,6,1
3,OrderStatus,1772070023.406868,9050,4,1
2,Payment,1772070023.407532,8824,8,1
1,NewOrder,1772070023.408763,23300,2,1
1,NewOrder,1772070023.409223,28434,11,1
2,Payment,1772070023.409457,10671,10,1
2,Payment,1772070023.409871,6886,0,1
2,Payment,1772070023.410384,6407,17,1
2,Payment,1772070023.411142,7741,15,1
2,Payment,1772070023.411712,6438,6,1
2,Payment,1772070023.412447,8028,18,1
2,Payment,1772070023.412471,9160,12,1
1,NewOrder,1772070023.413681,17154,23,1
1,NewOrder,1772070023.414336,29245,1,1
2,Payment,1772070023.414380,9393,19,1
4,Delivery,1772070023.414772,61580,16,1
1,NewOrder,1772070023.415928,42628,4,1
2,Payment,1772070023.416361,11866,8,1
1,NewOrder,1772070023.416765,26924,0,1
1,NewOrder,1772070023.416798,40841,17,1
2,Payment,1772070023.417063,15036,7,1
2,Payment,1772070023.418156,11859,6,1
1,NewOrder,1772070023.418893,38313,15,1
1,NewOrder,1772070023.419343,32647,13,1
1,NewOrder,1772070023.420135,46137,10,1
1,NewOrder,1772070023.420477,40439,18,1
2,Payment,1772070023.421278,5533,20,1
2,Payment,1772070023.421629,4791,3,1
1,NewOrder,1772070023.421637,20327,12,1
1,NewOrder,1772070023.422348,25451,21,1
1,NewOrder,1772070023.423779,38762,19,1
2,Payment,1772070023.425983,10590,22,1
2,Payment,1772070023.426383,5424,14,1
1,NewOrder,1772070023.426427,24969,3,1
4,Delivery,1772070023.426463,50922,5,1
2,Payment,1772070023.426817,5287,20,1
2,Payment,1772070023.428233,9895,8,1
2,Payment,1772070023.430025,5233,6,1
2,Payment,1772070023.430845,7157,23,1
1,NewOrder,1772070023.431814,29926,14,1
1,NewOrder,1772070023.432067,17929,2,1
2,Payment,1772070023.432105,11469,7,1
1,NewOrder,1772070023.432110,25435,20,1
2,Payment,1772070023.434912,11022,9,1
5,StockLevel,1772070023.435264,14486,6,1
1,NewOrder,1772070023.436583,28133,22,1
1,NewOrder,1772070023.437668,21779,11,1
2,Payment,1772070023.438008,7303,23,1
2,Payment,1772070023.438135,10763,8,1
2,Payment,1772070023.441970,10070,12,1
2,Payment,1772070023.443582,12327,7,1
1,NewOrder,1772070023.443592,29270,1,1
2,Payment,1772070023.443693,8319,0,1
2,Payment,1772070023.445318,5143,23,1
1,NewOrder,1772070023.445942,24039,9,1
2,Payment,1772070023.447804,6571,21,1
1,NewOrder,1772070023.448904,30860,8,1
2,Payment,1772070023.449755,7761,6,1
1,NewOrder,1772070023.450000,26844,2,1
2,Payment,1772070023.450466,6012,23,1
1,NewOrder,1772070023.451403,22039,3,1
1,NewOrder,1772070023.452000,22957,13,1
1,NewOrder,1772070023.452017,26090,0,1
5,StockLevel,1772070023.452050,20223,12,1
3,OrderStatus,1772070023.454380,5499,21,1
1,NewOrder,1772070023.455914,41378,7,1
2,Payment,1772070023.456488,5281,23,1
2,Payment,1772070023.457218,9489,15,1
2,Payment,1772070023.457522,3872,6,1
2,Payment,1772070023.457555,5978,20,1
2,Payment,1772070023.457645,7473,17,1
5,StockLevel,1772070023.458562,16744,4,1
1,NewOrder,1772070023.459458,16464,11,1
1,NewOrder,1772070023.459884,18290,21,1
2,Payment,1772070023.460934,7699,18,1
2,Payment,1772070023.461401,7996,6,1
2,Payment,1772070023.461746,7615,14,1
1,NewOrder,1772070023.461775,29536,23,1
2,Payment,1772070023.462546,7349,19,1
1,NewOrder,1772070023.463540,15090,20,1
2,Payment,1772070023.464722,8710,22,1
1,NewOrder,1772070023.465128,31341,17,1
2,Payment,1772070023.466281,8288,10,1
1,NewOrder,1772070023.466713,22174,15,1
1,NewOrder,1772070023.468639,26045,18,1
2,Payment,1772070023.469367,5525,14,1
1,NewOrder,1772070023.469402,13630,6,1
1,NewOrder,1772070023.469900,41485,19,1
1,NewOrder,1772070023.469987,21913,9,1
4,Delivery,1772070023.472283,4758,12,1
2,Payment,1772070023.472866,7256,1,1
1,NewOrder,1772070023.473438,36084,22,1
1,NewOrder,1772070023.473448,22095,3,1
1,NewOrder,1772070023.474574,28433,10,1
1,NewOrder,1772070023.474897,24972,14,1
2,Payment,1772070023.474968,8738,13,1
2,Payment,1772070023.475314,8956,4,1
1,NewOrder,1772070023.475926,28006,11,1
1,NewOrder,1772070023.476358,34347,16,1
1,NewOrder,1772070023.476849,17827,2,1
2,Payment,1772070023.477046,8068,12,1
1,NewOrder,1772070023.477389,19818,5,1
1,NewOrder,1772070023.478112,32065,0,1
2,Payment,1772070023.478185,6056,21,1
1,NewOrder,1772070023.478636,15618,20,1
2,Payment,1772070023.479769,10462,8,1
1,NewOrder,1772070023.480128,17602,1,1
1,NewOrder,1772070023.483038,15085,6,1
3,OrderStatus,1772070023.483717,9691,13,1
1,NewOrder,1772070023.484247,20205,21,1
2,Payment,1772070023.484280,7894,4,1
2,Payment,1772070023.485120,7762,12,1
1,NewOrder,1772070023.488899,35072,15,1
1,NewOrder,1772070023.490238,25150,8,1
1,NewOrder,1772070023.491319,24560,23,1
1,NewOrder,1772070023.491907,22667,9,1
1,NewOrder,1772070023.492184,29522,4,1
1,NewOrder,1772070023.492888,36537,12,1
2,Payment,1772070023.493418,11671,13,1
1,NewOrder,1772070023.494260,16288,20,1
2,Payment,1772070023.494681,6295,2,1
1,NewOrder,1772070023.494689,40531,18,1
1,NewOrder,1772070023.495551,16269,3,1
1,NewOrder,1772070023.496474,35674,17,1
1,NewOrder,1772070023.497218,28912,5,1
2,Payment,1772070023.497297,8596,7,1
1,NewOrder,1772070023.497734,25722,1,1
1,NewOrder,1772070023.498129,22092,6,1
1,NewOrder,1772070023.499874,14716,14,1
2,Payment,1772070023.500982,7338,2,1
2,Payment,1772070023.503014,7717,10,1
5,StockLevel,1772070023.503939,14310,11,1
2,Payment,1772070023.504464,7332,21,1
2,Payment,1772070023.505099,9114,13,1
4,Delivery,1772070023.505897,23131,7,1
1,NewOrder,1772070023.508330,16375,2,1
2,Payment,1772070023.509533,9855,22,1
1,NewOrder,1772070023.510182,29480,0,1
3,OrderStatus,1772070023.510554,2890,20,1
1,NewOrder,1772070023.510708,35765,16,1
1,NewOrder,1772070023.510741,23890,10,1
2,Payment,1772070023.511395,9358,19,1
1,NewOrder,1772070023.511802,23424,21,1
1,NewOrder,1772070023.511825,23698,3,1
1,NewOrder,1772070023.513452,19647,20,1
2,Payment,1772070023.514219,8065,13,1
2,Payment,1772070023.514582,9301,9,1
1,NewOrder,1772070023.514595,20606,14,1
2,Payment,1772070023.515393,10067,8,1
3,OrderStatus,1772070023.515884,1965,23,1
1,NewOrder,1772070023.517856,17399,23,1
1,NewOrder,1772070023.518260,19160,11,1
3,OrderStatus,1772070023.519392,8681,22,1
5,StockLevel,1772070023.520227,11143,6,1
2,Payment,1772070023.520763,7810,19,1
2,Payment,1772070023.521712,11925,4,1
1,NewOrder,1772070023.522295,31773,13,1
2,Payment,1772070023.523461,11832,1,1
2,Payment,1772070023.523891,9775,9,1
4,Delivery,1772070023.523975,42243,15,1
4,Delivery,1772070023.524715,17795,2,1
4,Delivery,1772070023.525466,3980,8,1
2,Payment,1772070023.526136,17848,5,1
1,NewOrder,1772070023.528084,32233,22,1
2,Payment,1772070023.528580,8834,19,1
2,Payment,1772070023.529033,9464,7,1
1,NewOrder,1772070023.529431,33981,12,1
1,NewOrder,1772070023.529452,16139,8,1
2,Payment,1772070023.531382,8592,6,1
2,Payment,1772070023.532154,7557,17,1
2,Payment,1772070023.533103,5890,20,1
2,Payment,1772070023.533645,8107,4,1
2,Payment,1772070023.533671,13299,9,1
2,Payment,1772070023.534635,13761,10,1
4,Delivery,1772070023.535208,31204,14,1
1,NewOrder,1772070023.535232,31908,18,1
1,NewOrder,1772070023.535232,10466,21,1
1,NewOrder,1772070023.535263,20366,23,1
2,Payment,1772070023.535301,10711,1,1
2,Payment,1772070023.535527,14265,3,1
2,Payment,1772070023.537423,7538,19,1
2,Payment,1772070023.537426,4938,11,1
1,NewOrder,1772070023.538500,23984,7,1
2,Payment,1772070023.538998,7320,20,1
2,Payment,1772070023.539672,8383,0,1
2,Payment,1772070023.539717,6380,17,1
1,NewOrder,1772070023.539979,26191,6,1
1,NewOrder,1772070023.541766,38690,4,1
1,NewOrder,1772070023.542368,13279,11,1
4,Delivery,1772070023.542516,26256,2,1
2,Payment,1772070023.543989,7316,5,1
2,Payment,1772070023.544973,10907,19,1
2,Payment,1772070023.545601,9620,8,1
1,NewOrder,1772070023.545707,24008,21,1
2,Payment,1772070023.546023,6867,1,1
2,Payment,1772070023.546108,8315,17,1
2,Payment,1772070023.546323,18411,20,1
1,NewOrder,1772070023.546478,24238,16,1
2,Payment,1772070023.546980,14573,9,1
4,Delivery,1772070023.548060,21051,0,1
1,NewOrder,1772070023.548412,27102,10,1
1,NewOrder,1772070023.549803,14092,3,1
1,NewOrder,1772070023.551320,24837,5,1
2,Payment,1772070023.552914,6347,1,1
2,Payment,1772070023.554079,14357,13,1
2,Payment,1772070023.554431,15535,17,1
3,OrderStatus,1772070023.555247,4596,8,1
5,StockLevel,1772070023.555638,11431,23,1
5,StockLevel,1772070023.555658,10659,11,1
2,Payment,1772070023.555884,6949,19,1
2,Payment,1772070023.559272,3629,1,1
5,StockLevel,1772070023.559853,14477,8,1
1,NewOrder,1772070023.560331,40529,22,1
2,Payment,1772070023.561574,7782,9,1
1,NewOrder,1772070023.562510,21036,7,1
1,NewOrder,1772070023.562843,20273,19,1
2,Payment,1772070023.562910,5791,1,1
1,NewOrder,1772070023.563418,17756,12,1
2,Payment,1772070023.563910,8913,3,1
2,Payment,1772070023.564744,3993,20,1
2,Payment,1772070023.566173,7994,6,1
1,NewOrder,1772070023.566230,29774,15,1
2,Payment,1772070023.566325,9861,11,1
2,Payment,1772070023.566415,11504,14,1
1,NewOrder,1772070023.567079,22389,23,1
1,NewOrder,1772070023.567147,36727,18,1
1,NewOrder,1772070023.568447,29277,13,1
2,Payment,1772070023.568718,5898,1,1
1,NewOrder,1772070023.568763,31101,20,1
1,NewOrder,1772070023.568801,31954,2,1
1,NewOrder,1772070023.569119,28508,0,1
1,NewOrder,1772070023.569366,25976,9,1
3,OrderStatus,1772070023.569725,5754,21,1
1,NewOrder,1772070023.569981,30849,17,1
1,NewOrder,1772070023.570728,36734,16,1
1,NewOrder,1772070023.572828,29298,3,1
2,Payment,1772070023.574174,7532,6,1
2,Payment,1772070023.574336,9124,8,1
3,OrderStatus,1772070023.574643,5493,1,1
2,Payment,1772070023.575487,6638,21,1
2,Payment,1772070023.575524,9120,10,1
3,OrderStatus,1772070023.576170,5170,5,1
3,OrderStatus,1772070023.576199,1421,11,1
3,OrderStatus,1772070023.577624,3276,11,1
3,OrderStatus,1772070023.577923,5540,14,1
1,NewOrder,1772070023.580147,20300,1,1
2,Payment,1772070023.580483,7352,4,1
1,NewOrder,1772070023.580911,16742,11,1
1,NewOrder,1772070023.581185,37500,12,1
2,Payment,1772070023.581347,8985,5,1
2,Payment,1772070023.581715,7672,6,1
2,Payment,1772070023.582136,5331,21,1
1,NewOrder,1772070023.583127,23148,19,1
2,Payment,1772070023.583467,8787,8,1
2,Payment,1772070023.583473,7992,14,1
1,NewOrder,1772070023.583552,39945,7,1
2,Payment,1772070023.584649,9332,10,1
1,NewOrder,1772070023.587478,10885,21,1
1,NewOrder,1772070023.587845,28783,4,1
2,Payment,1772070023.589410,7648,6,1
2,Payment,1772070023.589494,7001,23,1
1,NewOrder,1772070023.590344,21212,5,1
1,NewOrder,1772070023.591475,32628,14,1
2,Payment,1772070023.592280,7182,8,1
2,Payment,1772070023.593991,6814,10,1
4,Delivery,1772070023.595350,34713,9,1
2,Payment,1772070023.596015,8471,15,1
1,NewOrder,1772070023.596506,17759,23,1
2,Payment,1772070023.597063,5723,6,1
1,NewOrder,1772070023.597635,35327,0,1
1,NewOrder,1772070023.597664,32726,11,1
1,NewOrder,1772070023.597731,34887,13,1
2,Payment,1772070023.598369,9141,21,1
1,NewOrder,1772070023.599466,22453,8,1
1,NewOrder,1772070023.599872,24580,20,1
2,Payment,1772070023.600458,7747,1,1
1,NewOrder,1772070023.600760,18386,2,1
2,Payment,1772070023.600816,7064,10,1
1,NewOrder,1772070023.600834,29645,17,1
1,NewOrder,1772070023.600871,25988,22,1
1,NewOrder,1772070023.602133,34168,3,1
2,Payment,1772070023.602790,6743,6,1
1,NewOrder,1772070023.603881,20199,18,1
1,NewOrder,1772070023.604492,28444,15,1
4,Delivery,1772070023.606286,20913,19,1
2,Payment,1772070023.607469,8132,16,1
2,Payment,1772070023.607514,4523,21,1
1,NewOrder,1772070023.607886,33562,10,1
4,Delivery,1772070023.608212,16930,1,1
2,Payment,1772070023.609537,9124,6,1
2,Payment,1772070023.611561,6776,5,1
1,NewOrder,1772070023.612042,33026,21,1
2,Payment,1772070023.614277,6522,23,1
1,NewOrder,1772070023.615606,38067,16,1
3,OrderStatus,1772070023.616635,10295,4,1
1,NewOrder,1772070023.618344,23933,5,1
1,NewOrder,1772070023.618664,15748,6,1
1,NewOrder,1772070023.618692,37866,12,1
1,NewOrder,1772070023.619155,24358,2,1
2,Payment,1772070023.620806,6439,23,1
2,Payment,1772070023.621924,7765,8,1
2,Payment,1772070023.623500,7774,7,1
1,NewOrder,1772070023.624087,30381,18,1
1,NewOrder,1772070023.624109,35590,14,1
2,Payment,1772070023.624456,6322,20,1
2,Payment,1772070023.625146,5600,1,1
1,NewOrder,1772070023.626870,26183,22,1
2,Payment,1772070023.626940,8130,4,1
1,NewOrder,1772070023.627202,40163,19,1
2,Payment,1772070023.627250,5702,23,1
2,Payment,1772070023.629695,16036,8,1
2,Payment,1772070023.630072,6838,9,1
2,Payment,1772070023.630399,9661,11,1
1,NewOrder,1772070023.630490,32783,17,1
3,OrderStatus,1772070023.630751,5221,1,1
2,Payment,1772070023.630783,6544,20,1
1,NewOrder,1772070023.631280,33361,7,1
2,Payment,1772070023.632624,9114,13,1
1,NewOrder,1772070023.632942,45323,15,1
2,Payment,1772070023.632957,5876,23,1
1,NewOrder,1772070023.632975,21515,0,1
1,NewOrder,1772070023.634418,28025,6,1
1,NewOrder,1772070023.635077,39866,4,1
1,NewOrder,1772070023.635978,31404,1,1
2,Payment,1772070023.636305,6789,3,1
2,Payment,1772070023.636915,7192,9,1
1,NewOrder,1772070023.637331,30476,20,1
2,Payment,1772070023.638838,5351,23,1
1,NewOrder,1772070023.640069,26306,11,1
1,NewOrder,1772070023.641459,20377,10,1
2,Payment,1772070023.641743,10264,13,1
2,Payment,1772070023.642283,6615,5,1
1,NewOrder,1772070023.643097,22307,3,1
2,Payment,1772070023.643522,6714,2,1
2,Payment,1772070023.644113,7566,9,1
2,Payment,1772070023.644200,9176,23,1
1,NewOrder,1772070023.645073,22282,21,1
1,NewOrder,1772070023.645738,29609,8,1
1,NewOrder,1772070023.648904,18424,5,1
2,Payment,1772070023.650243,5777,2,1
2,Payment,1772070023.651684,7114,9,1
2,Payment,1772070023.652013,7373,13,1
2,Payment,1772070023.653064,6768,22,1
2,Payment,1772070023.653387,8996,23,1
1,NewOrder,1772070023.653678,23265,16,1
2,Payment,1772070023.654475,9164,18,1
2,Payment,1772070023.654496,6129,0,1
1,NewOrder,1772070023.656029,30391,2,1
3,OrderStatus,1772070023.656562,5187,12,1
1,NewOrder,1772070023.658804,27037,9,1
2,Payment,1772070023.659391,8425,13,1
1,NewOrder,1772070023.659704,25528,14,1
1,NewOrder,1772070023.659843,28256,22,1
2,Payment,1772070023.660629,8519,0,1
1,NewOrder,1772070023.661753,25879,12,1
2,Payment,1772070023.661846,9001,10,1
2,Payment,1772070023.662393,5448,23,1
1,NewOrder,1772070023.662448,30863,6,1
2,Payment,1772070023.663279,8578,17,1
2,Payment,1772070023.663647,6342,18,1
3,OrderStatus,1772070023.664645,7229,7,1
2,Payment,1772070023.665409,5792,3,1
4,Delivery,1772070023.666386,54669,11,1
2,Payment,1772070023.667332,5625,5,1
2,Payment,1772070023.667360,5247,21,1
3,OrderStatus,1772070023.667391,1502,1,1
2,Payment,1772070023.667391,8020,19,1
2,Payment,1772070023.667812,20904,20,1
1,NewOrder,1772070023.667822,32541,13,1
1,NewOrder,1772070023.667847,30177,23,1
1,NewOrder,1772070023.668897,14960,1,1
1,NewOrder,1772070023.669153,30891,0,1
2,Payment,1772070023.669994,7274,18,1
1,NewOrder,1772070023.670855,21406,10,1
2,Payment,1772070023.671206,5157,3,1
2,Payment,1772070023.671868,6768,17,1
2,Payment,1772070023.671879,8013,7,1
2,Payment,1772070023.672613,18732,21,1
2,Payment,1772070023.672963,5982,5,1
1,NewOrder,1772070023.674950,28821,4,1
1,NewOrder,1772070023.675353,32806,8,1
2,Payment,1772070023.675416,11554,19,1
2,Payment,1772070023.676368,6923,3,1
2,Payment,1772070023.676949,11535,16,1
2,Payment,1772070023.677279,12639,18,1
5,StockLevel,1772070023.678274,20548,15,1
1,NewOrder,1772070023.678641,27989,17,1
2,Payment,1772070023.678950,5572,5,1
2,Payment,1772070023.679898,9497,7,1
1,NewOrder,1772070023.683298,22107,3,1
1,NewOrder,1772070023.683861,21887,1,1
1,NewOrder,1772070023.684526,25422,5,1
1,NewOrder,1772070023.685237,23565,14,1
1,NewOrder,1772070023.685852,29446,9,1
1,NewOrder,1772070023.686425,23945,2,1
2,Payment,1772070023.686980,8130,19,1
1,NewOrder,1772070023.687638,40144,12,1
1,NewOrder,1772070023.688114,32285,22,1
1,NewOrder,1772070023.688494,35848,16,1
1,NewOrder,1772070023.688721,21248,20,1
1,NewOrder,1772070023.689401,38165,7,1
2,Payment,1772070023.689928,7055,18,1
3,OrderStatus,1772070023.691351,5248,21,1
2,Payment,1772070023.692267,8117,10,1
1,NewOrder,1772070023.693317,42714,6,1
2,Payment,1772070023.695118,9387,19,1
3,OrderStatus,1772070023.696604,5542,21,1
2,Payment,1772070023.696989,9103,18,1
1,NewOrder,1772070023.698029,30873,23,1
2,Payment,1772070023.698827,8997,15,1
2,Payment,1772070023.700050,9125,0,1
1,NewOrder,1772070023.700375,33723,13,1
5,StockLevel,1772070023.700389,17053,10,1
2,Payment,1772070023.702151,7008,21,1
1,NewOrder,1772070023.703781,39088,4,1
4,Delivery,1772070023.704508,19790,19,1
1,NewOrder,1772070023.705411,15618,3,1
2,Payment,1772070023.705752,5324,1,1
1,NewOrder,1772070023.706097,20795,18,1
1,NewOrder,1772070023.706635,28403,17,1
2,Payment,1772070023.707839,8844,15,1
2,Payment,1772070023.708169,8987,8,1
2,Payment,1772070023.708813,9073,14,1
2,Payment,1772070023.709167,4553,21,1
1,NewOrder,1772070023.709181,20620,0,1
2,Payment,1772070023.709955,5749,5,1
1,NewOrder,1772070023.709975,13826,20,1
2,Payment,1772070023.710374,6782,2,1
1,NewOrder,1772070023.711081,25372,1,1
1,NewOrder,1772070023.713725,23530,21,1
1,NewOrder,1772070023.715303,21130,9,1
1,NewOrder,1772070023.715709,16677,5,1
2,Payment,1772070023.716689,7479,15,1
1,NewOrder,1772070023.717162,19241,2,1
2,Payment,1772070023.717167,7094,8,1
2,Payment,1772070023.717452,10087,10,1
1,NewOrder,1772070023.717891,24397,14,1
2,Payment,1772070023.720408,9773,22,1
1,NewOrder,1772070023.721034,24552,3,1
1,NewOrder,1772070023.721061,20699,11,1
1,NewOrder,1772070023.723806,24365,20,1
5,StockLevel,1772070023.724174,18499,15,1
5,StockLevel,1772070023.724287,15719,8,1
1,NewOrder,1772070023.724307,29688,19,1
2,Payment,1772070023.724353,11242,16,1
1,NewOrder,1772070023.726902,35908,18,1
1,NewOrder,1772070023.727543,28826,10,1
1,NewOrder,1772070023.727571,22904,7,1
2,Payment,1772070023.727786,10088,12,1
2,Payment,1772070023.728913,7092,23,1
1,NewOrder,1772070023.729812,16238,0,1
2,Payment,1772070023.730190,7660,22,1
2,Payment,1772070023.732392,6389,5,1
1,NewOrder,1772070023.734106,34097,13,1
1,NewOrder,1772070023.735049,21268,17,1
1,NewOrder,1772070023.735601,19124,16,1
2,Payment,1772070023.736010,9920,23,1
2,Payment,1772070023.736037,6279,6,1
2,Payment,1772070023.736408,6436,2,1
3,OrderStatus,1772070023.736440,6442,9,1
1,NewOrder,1772070023.736457,31350,1,1
3,OrderStatus,1772070023.737261,4266,21,1
2,Payment,1772070023.737857,6092,22,1
1,NewOrder,1772070023.737885,27597,12,1
1,NewOrder,1772070023.738791,18488,5,1
3,OrderStatus,1772070023.740012,5348,8,1
1,NewOrder,1772070023.741533,24590,21,1
1,NewOrder,1772070023.741771,18117,11,1
2,Payment,1772070023.742295,6538,14,1
1,NewOrder,1772070023.742323,16686,6,1
1,NewOrder,1772070023.742679,31871,15,1
1,NewOrder,1772070023.742849,22553,2,1
2,Payment,1772070023.742875,7928,4,1
1,NewOrder,1772070023.742888,31657,9,1
2,Payment,1772070023.743960,9634,22,1
1,NewOrder,1772070023.745364,40468,8,1
1,NewOrder,1772070023.745593,28927,3,1
3,OrderStatus,1772070023.745937,1778,23,1
1,NewOrder,1772070023.746055,22799,0,1
1,NewOrder,1772070023.747721,23937,23,1
1,NewOrder,1772070023.748178,28609,20,1
2,Payment,1772070023.748837,6626,14,1
2,Payment,1772070023.750483,8202,7,1
2,Payment,1772070023.750814,7851,4,1
1,NewOrder,1772070023.753605,20563,22,1
2,Payment,1772070023.754009,8132,19,1
2,Payment,1772070023.754731,8867,16,1
4,Delivery,1772070023.755471,29964,14,1
2,Payment,1772070023.756323,9131,17,1
1,NewOrder,1772070023.756376,33759,10,1
2,Payment,1772070023.757285,7614,5,1
1,NewOrder,1772070023.758676,32608,4,1
3,OrderStatus,1772070023.758704,6141,7,1
1,NewOrder,1772070023.759019,30678,6,1
2,Payment,1772070023.759894,9984,11,1
1,NewOrder,1772070023.762147,19999,19,1
2,Payment,1772070023.762816,7939,18,1
1,NewOrder,1772070023.763609,41798,16,1
2,Payment,1772070023.764855,8624,7,1
1,NewOrder,1772070023.764905,25545,5,1
2,Payment,1772070023.765408,8091,2,1
2,Payment,1772070023.765464,5086,17,1
2,Payment,1772070023.765488,6770,12,1
1,NewOrder,1772070023.766129,30378,21,1
1,NewOrder,1772070023.767813,23433,1,1
1,NewOrder,1772070023.768210,27419,13,1
1,NewOrder,1772070023.768860,38376,0,1
3,OrderStatus,1772070023.769889,4818,11,1
2,Payment,1772070023.770555,9047,17,1
2,Payment,1772070023.770760,7239,18,1
1,NewOrder,1772070023.771669,17369,23,1
2,Payment,1772070023.772268,8909,12,1
4,Delivery,1772070023.773483,21043,7,1
1,NewOrder,1772070023.773510,18868,2,1
1,NewOrder,1772070023.774174,38027,22,1
3,OrderStatus,1772070023.774528,3221,3,1
1,NewOrder,1772070023.774551,25843,9,1
3,OrderStatus,1772070023.774567,6076,15,1
1,NewOrder,1772070023.774716,25640,11,1
2,Payment,1772070023.776793,8346,20,1
1,NewOrder,1772070023.777753,26376,3,1
2,Payment,1772070023.778004,10386,18,1
1,NewOrder,1772070023.779608,20465,17,1
2,Payment,1772070023.780650,13091,15,1
2,Payment,1772070023.781180,5905,12,1
2,Payment,1772070023.782157,7954,19,1
1,NewOrder,1772070023.785159,28339,20,1
3,OrderStatus,1772070023.785444,4045,14,1
2,Payment,1772070023.785837,11805,8,1
4,Delivery,1772070023.787090,13689,12,1
2,Payment,1772070023.788422,11552,18,1
1,NewOrder,1772070023.789051,30982,23,1
4,Delivery,1772070023.789495,11577,14,1
1,NewOrder,1772070023.789701,29209,6,1
1,NewOrder,1772070023.790120,38472,19,1
1,NewOrder,1772070023.790140,27432,10,1
1,NewOrder,1772070023.790458,15451,5,1
2,Payment,1772070023.791249,9542,1,1
2,Payment,1772070023.791290,7139,4,1
2,Payment,1772070023.792403,9674,2,1
1,NewOrder,1772070023.793752,37414,15,1
2,Payment,1772070023.794536,9087,7,1
2,Payment,1772070023.795645,8394,13,1
1,NewOrder,1772070023.796516,31694,21,1
5,StockLevel,1772070023.797659,15608,8,1
2,Payment,1772070023.798439,8772,4,1
2,Payment,1772070023.799984,8213,18,1
2,Payment,1772070023.800099,6736,17,1
1,NewOrder,1772070023.800382,20008,11,1
1,NewOrder,1772070023.800405,21154,9,1
1,NewOrder,1772070023.800805,37954,12,1
1,NewOrder,1772070023.800819,24813,1,1
2,Payment,1772070023.801077,14892,14,1
1,NewOrder,1772070023.802102,26471,2,1
1,NewOrder,1772070023.803648,21272,7,1
1,NewOrder,1772070023.804049,35116,13,1
1,NewOrder,1772070023.804134,25536,3,1
2,Payment,1772070023.805418,7260,16,1
2,Payment,1772070023.805914,6616,5,1
1,NewOrder,1772070023.806860,39839,17,1
2,Payment,1772070023.807236,10756,4,1
2,Payment,1772070023.807263,6638,0,1
2,Payment,1772070023.808203,7117,18,1
2,Payment,1772070023.812211,10988,22,1
2,Payment,1772070023.812536,7831,5,1
2,Payment,1772070023.812692,11181,16,1
5,StockLevel,1772070023.813280,16884,8,1
2,Payment,1772070023.813523,10985,20,1
1,NewOrder,1772070023.813910,24048,0,1
2,Payment,1772070023.815347,10898,18,1
2,Payment,1772070023.815995,6471,14,1
5,StockLevel,1772070023.817598,16891,10,1
3,OrderStatus,1772070023.818008,10172,4,1
1,NewOrder,1772070023.818937,31254,6,1
2,Payment,1772070023.820043,7487,23,1
1,NewOrder,1772070023.820379,21182,5,1
1,NewOrder,1772070023.820397,25091,11,1
1,NewOrder,1772070023.821585,17907,9,1
1,NewOrder,1772070023.822476,29915,14,1
1,NewOrder,1772070023.823208,20793,22,1
2,Payment,1772070023.823880,6384,16,1
2,Payment,1772070023.824516,6677,20,1
1,NewOrder,1772070023.824925,24888,7,1
1,NewOrder,1772070023.825645,33295,1,1
2,Payment,1772070023.826256,7264,18,1
1,NewOrder,1772070023.827545,17153,23,1
2,Payment,1772070023.828186,8014,4,1
1,NewOrder,1772070023.828221,20720,21,1
2,Payment,1772070023.828577,9050,2,1
1,NewOrder,1772070023.828603,34063,19,1
2,Payment,1772070023.829685,9784,3,1
1,NewOrder,1772070023.830174,29455,8,1
1,NewOrder,1772070023.830268,40173,16,1
1,NewOrder,1772070023.831176,24802,15,1
1,NewOrder,1772070023.831204,17758,20,1
2,Payment,1772070023.833537,7158,18,1
1,NewOrder,1772070023.834513,21370,10,1
1,NewOrder,1772070023.836226,27586,4,1
1,NewOrder,1772070023.837652,25838,2,1
1,NewOrder,1772070023.837964,26597,0,1
2,Payment,1772070023.838776,9591,12,1
1,NewOrder,1772070023.839171,44771,13,1
1,NewOrder,1772070023.839479,27830,3,1
1,NewOrder,1772070023.839496,24019,9,1
1,NewOrder,1772070023.840706,27302,18,1
2,Payment,1772070023.841579,8583,5,1
1,NewOrder,1772070023.844007,43359,22,1
2,Payment,1772070023.844703,6267,23,1
1,NewOrder,1772070023.845513,28957,11,1
2,Payment,1772070023.846709,8626,17,1
2,Payment,1772070023.848376,8684,12,1
1,NewOrder,1772070023.848951,21973,21,1
1,NewOrder,1772070023.848980,29318,20,1
1,NewOrder,1772070023.849818,42883,7,1
2,Payment,1772070023.850178,8113,5,1
2,Payment,1772070023.850202,8405,6,1
1,NewOrder,1772070023.850976,17795,23,1
5,StockLevel,1772070023.852413,15487,14,1
1,NewOrder,1772070023.855345,33161,17,1
2,Payment,1772070023.855893,7954,10,1
1,NewOrder,1772070023.855989,36632,15,1
1,NewOrder,1772070023.857065,36592,12,1
2,Payment,1772070023.858301,4699,5,1
2,Payment,1772070023.858618,16159,6,1
1,NewOrder,1772070023.858945,24254,1,1
1,NewOrder,1772070023.859636,32941,8,1
1,NewOrder,1772070023.862690,36504,19,1
2,Payment,1772070023.863040,5753,5,1
1,NewOrder,1772070023.863499,28264,2,1
2,Payment,1772070023.863525,33292,9,1
1,NewOrder,1772070023.863816,36121,4,1
2,Payment,1772070023.863856,9385,10,1
1,NewOrder,1772070023.864574,31411,0,1
1,NewOrder,1772070023.867335,15841,3,1
1,NewOrder,1772070023.867913,26006,14,1
1,NewOrder,1772070023.868019,34975,18,1
2,Payment,1772070023.868782,4398,23,1
2,Payment,1772070023.868804,3643,5,1
2,Payment,1772070023.870465,7398,16,1
2,Payment,1772070023.870930,5453,21,1
1,NewOrder,1772070023.872454,19332,5,1
2,Payment,1772070023.873196,5974,23,1
2,Payment,1772070023.873258,9106,10,1
2,Payment,1772070023.874480,23945,11,1
1,NewOrder,1772070023.874804,16872,6,1
4,Delivery,1772070023.876439,29693,21,1
1,NewOrder,1772070023.877899,19217,16,1
1,NewOrder,1772070023.878303,15031,20,1
2,Payment,1772070023.879176,5317,23,1
2,Payment,1772070023.882374,8827,10,1
2,Payment,1772070023.883180,6225,3,1
2,Payment,1772070023.883204,8389,1,1
2,Payment,1772070023.883967,8649,13,1
2,Payment,1772070023.884506,6670,23,1
5,StockLevel,1772070023.887376,20622,22,1
2,Payment,1772070023.888521,7423,17,1
2,Payment,1772070023.889418,4609,3,1
2,Payment,1772070023.891185,3670,23,1
2,Payment,1772070023.891211,9091,10,1
2,Payment,1772070023.891600,10962,1,1
2,Payment,1772070023.891679,16279,6,1
2,Payment,1772070023.891774,3772,2,1
1,NewOrder,1772070023.891796,32246,5,1
3,OrderStatus,1772070023.892599,3265,8,1
1,NewOrder,1772070023.892645,33951,13,1
1,NewOrder,1772070023.892648,22971,15,1
1,NewOrder,1772070023.892726,34423,7,1
1,NewOrder,1772070023.893339,18715,20,1
2,Payment,1772070023.893668,8915,12,1
2,Payment,1772070023.893933,9858,14,1
1,NewOrder,1772070023.894039,34227,3,1
1,NewOrder,1772070023.894878,32567,23,1
1,NewOrder,1772070023.895572,31853,2,1
2,Payment,1772070023.895880,10558,8,1
5,StockLevel,1772070023.895961,17884,17,1
2,Payment,1772070023.896011,9331,0,1
1,NewOrder,1772070023.896829,28626,9,1
1,NewOrder,1772070023.897125,38601,16,1
1,NewOrder,1772070023.898442,25568,11,1
2,Payment,1772070023.899221,7245,19,1
1,NewOrder,1772070023.899948,19579,4,1
5,StockLevel,1772070023.900311,13216,10,1
5,StockLevel,1772070023.902587,20958,1,1
1,NewOrder,1772070023.902598,25202,12,1
2,Payment,1772070023.903000,7763,18,1
1,NewOrder,1772070023.903798,23311,14,1
4,Delivery,1772070023.905367,11130,0,1
2,Payment,1772070023.906142,6770,21,1
2,Payment,1772070023.906447,7776,8,1
3,OrderStatus,1772070023.906475,10555,19,1
2,Payment,1772070023.907984,9555,6,1
2,Payment,1772070023.908025,16436,22,1
1,NewOrder,1772070023.910778,25243,18,1
2,Payment,1772070023.912063,9114,20,1
5,StockLevel,1772070023.912915,15450,21,1
2,Payment,1772070023.913538,7351,10,1
1,NewOrder,1772070023.913869,38111,17,1
1,NewOrder,1772070023.914248,38705,8,1
1,NewOrder,1772070023.915644,38870,15,1
1,NewOrder,1772070023.916508,37483,0,1
1,NewOrder,1772070023.917036,25841,19,1
1,NewOrder,1772070023.917550,22098,6,1
2,Payment,1772070023.919532,7648,4,1
2,Payment,1772070023.920899,9577,10,1
5,StockLevel,1772070023.921182,14347,20,1
1,NewOrder,1772070023.923571,19967,1,1
1,NewOrder,1772070023.924021,25245,11,1
1,NewOrder,1772070023.924053,19789,5,1
2,Payment,1772070023.924471,6387,22,1
2,Payment,1772070023.925465,6410,9,1
1,NewOrder,1772070023.926601,27878,13,1
1,NewOrder,1772070023.927122,17823,14,1
1,NewOrder,1772070023.927166,30809,7,1
5,StockLevel,1772070023.927192,20750,4,1
2,Payment,1772070023.927452,7347,2,1
1,NewOrder,1772070023.927457,22713,23,1
1,NewOrder,1772070023.927825,21591,12,1
5,StockLevel,1772070023.928276,15265,3,1
1,NewOrder,1772070023.928369,17547,21,1
2,Payment,1772070023.930502,9050,10,1
2,Payment,1772070023.930868,8190,22,1
1,NewOrder,1772070023.931888,33863,9,1
4,Delivery,1772070023.934826,26278,2,1
2,Payment,1772070023.935539,7906,20,1
2,Payment,1772070023.935736,10062,16,1
5,StockLevel,1772070023.936032,18533,18,1
2,Payment,1772070023.939083,8446,22,1
1,NewOrder,1772070023.939578,27521,10,1
2,Payment,1772070023.939658,5559,6,1
2,Payment,1772070023.942887,8048,19,1
2,Payment,1772070023.943468,9016,20,1
1,NewOrder,1772070023.943544,15424,3,1
1,NewOrder,1772070023.943550,6745,1,1
2,Payment,1772070023.943853,4917,5,1
1,NewOrder,1772070023.944957,26171,14,1
1,NewOrder,1772070023.945227,32569,6,1
2,Payment,1772070023.945803,6692,16,1
2,Payment,1772070023.945932,8424,21,1
2,Payment,1772070023.947554,8219,22,1
1,NewOrder,1772070023.947955,24706,4,1
1,NewOrder,1772070023.948785,26297,5,1
2,Payment,1772070023.949292,8195,11,1
1,NewOrder,1772070023.949430,35478,12,1
1,NewOrder,1772070023.950175,26696,23,1
1,NewOrder,1772070023.950316,23920,1,1
1,NewOrder,1772070023.950945,20132,19,1
2,Payment,1772070023.951984,7365,17,1
2,Payment,1772070023.952493,7340,20,1
1,NewOrder,1772070023.952508,22602,16,1
1,NewOrder,1772070023.952977,38799,8,1
2,Payment,1772070023.954001,9274,0,1
1,NewOrder,1772070023.954382,26856,21,1
2,Payment,1772070023.954496,7357,13,1
2,Payment,1772070023.954543,9120,15,1
1,NewOrder,1772070023.954576,20228,18,1
2,Payment,1772070023.955783,13927,22,1
2,Payment,1772070023.957512,6736,11,1
2,Payment,1772070023.957985,8194,7,1
1,NewOrder,1772070023.958999,27023,3,1
1,NewOrder,1772070023.959361,38027,17,1
1,NewOrder,1772070023.959840,18333,20,1
1,NewOrder,1772070023.961114,16710,2,1
1,NewOrder,1772070023.961879,30446,13,1
1,NewOrder,1772070023.963286,25018,0,1
2,Payment,1772070023.963691,7134,15,1
2,Payment,1772070023.964254,7487,11,1
4,Delivery,1772070023.965765,35969,9,1
1,NewOrder,1772070023.966183,19527,7,1
4,Delivery,1772070023.967109,34929,10,1
2,Payment,1772070023.969736,6782,22,1
1,NewOrder,1772070023.970836,18214,15,1
3,OrderStatus,1772070023.971086,8053,19,1
2,Payment,1772070023.971134,5760,14,1
1,NewOrder,1772070023.971752,27677,11,1
1,NewOrder,1772070023.972676,37618,4,1
1,NewOrder,1772070023.974263,30156,1,1
1,NewOrder,1772070023.974813,40994,18,1
1,NewOrder,1772070023.975087,17861,5,1
1,NewOrder,1772070023.975115,35201,16,1
2,Payment,1772070023.976528,7593,22,1
4,Delivery,1772070023.976882,57635,23,1
1,NewOrder,1772070023.976900,23021,14,1
1,NewOrder,1772070023.977814,24155,6,1
2,Payment,1772070023.977839,6559,2,1
5,StockLevel,1772070023.978179,13169,20,1
2,Payment,1772070023.979150,8646,19,1
2,Payment,1772070023.981248,8635,21,1
1,NewOrder,1772070023.984145,19675,22,1
2,Payment,1772070023.984413,6143,2,1
1,NewOrder,1772070023.984918,26047,12,1
1,NewOrder,1772070023.985717,25265,7,1
1,NewOrder,1772070023.986041,34228,3,1
1,NewOrder,1772070023.987805,18364,19,1
2,Payment,1772070023.988314,8209,0,1
2,Payment,1772070023.989060,9777,15,1
3,OrderStatus,1772070023.989893,2968,21,1
2,Payment,1772070023.990562,8890,2,1
2,Payment,1772070023.991352,8188,20,1
1,NewOrder,1772070023.991802,33828,8,1
2,Payment,1772070023.992331,8119,13,1
5,StockLevel,1772070023.992885,12358,21,1
1,NewOrder,1772070023.992990,16909,5,1
3,OrderStatus,1772070023.996545,5646,0,1
1,NewOrder,1772070023.997396,28536,17,1
1,NewOrder,1772070023.998863,34380,15,1
2,Payment,1772070023.999435,6342,11,1
1,NewOrder,1772070023.999463,29575,2,1
1,NewOrder,1772070023.999551,20743,20,1
2,Payment,1772070023.999935,6178,14,1
2,Payment,1772070024.000475,7483,13,1
1,NewOrder,1772070024.001760,22256,9,1
1,NewOrder,1772070024.001977,17676,6,1
1,NewOrder,1772070024.002046,30630,10,1
3,OrderStatus,1772070024.002200,5002,0,1
2,Payment,1772070024.003834,6522,22,1
1,NewOrder,1772070024.004434,28730,1,1
2,Payment,1772070024.005248,6741,21,1
2,Payment,1772070024.005782,6612,11,1
1,NewOrder,1772070024.006116,26554,14,1
2,Payment,1772070024.006179,14511,19,1
1,NewOrder,1772070024.007227,30603,0,1
1,NewOrder,1772070024.007963,24325,13,1
2,Payment,1772070024.009904,9324,5,1
5,StockLevel,1772070024.010305,15115,4,1
2,Payment,1772070024.010325,12119,16,1
1,NewOrder,1772070024.010366,26406,22,1
5,StockLevel,1772070024.010991,17671,12,1
1,NewOrder,1772070024.010996,30667,7,1
2,Payment,1772070024.011998,6859,21,1
1,NewOrder,1772070024.012398,22217,11,1
5,StockLevel,1772070024.015816,14211,18,1
2,Payment,1772070024.018867,8111,21,1
1,NewOrder,1772070024.019254,37955,5,1
1,NewOrder,1772070024.019665,32865,6,1
2,Payment,1772070024.020280,8261,3,1
5,StockLevel,1772070024.020304,15750,20,1
2,Payment,1772070024.020715,8309,19,1
1,NewOrder,1772070024.022471,33894,16,1
2,Payment,1772070024.024025,6107,9,1
1,NewOrder,1772070024.025435,29225,4,1
1,NewOrder,1772070024.025653,29753,8,1
2,Payment,1772070024.025941,7863,17,1
1,NewOrder,1772070024.026983,25898,21,1
2,Payment,1772070024.028550,4576,3,1
5,StockLevel,1772070024.028673,12004,12,1
4,Delivery,1772070024.029048,5767,19,1
4,Delivery,1772070024.029064,30120,2,1
2,Payment,1772070024.030033,7164,18,1
2,Payment,1772070024.030151,6173,9,1
1,NewOrder,1772070024.032292,21801,13,1
1,NewOrder,1772070024.032673,30021,14,1
1,NewOrder,1772070024.032681,37807,10,1
1,NewOrder,1772070024.033132,28113,3,1
2,Payment,1772070024.033174,8561,1,1
2,Payment,1772070024.033253,7688,15,1
2,Payment,1772070024.033821,5810,17,1
2,Payment,1772070024.034544,9606,23,1
3,OrderStatus,1772070024.034624,4655,11,1
1,NewOrder,1772070024.034821,43328,19,1
1,NewOrder,1772070024.036080,31055,20,1
2,Payment,1772070024.036337,7124,9,1
2,Payment,1772070024.036782,9754,22,1
2,Payment,1772070024.037201,11242,18,1
1,NewOrder,1772070024.037854,37818,0,1
2,Payment,1772070024.039289,10359,11,1
2,Payment,1772070024.039635,10330,17,1
2,Payment,1772070024.040686,10863,12,1
1,NewOrder,1772070024.040947,34744,15,1
5,StockLevel,1772070024.041667,20147,7,1
2,Payment,1772070024.041750,8629,1,1
5,StockLevel,1772070024.043474,16241,9,1
2,Payment,1772070024.044159,8690,23,1
1,NewOrder,1772070024.046548,24033,22,1
1,NewOrder,1772070024.048468,25632,18,1
1,NewOrder,1772070024.049657,20834,11,1
1,NewOrder,1772070024.049970,25686,17,1
2,Payment,1772070024.050404,5812,1,1
1,NewOrder,1772070024.051559,30187,12,1
2,Payment,1772070024.052555,8406,6,1
1,NewOrder,1772070024.052864,19737,23,1
1,NewOrder,1772070024.052895,15659,21,1
1,NewOrder,1772070024.054112,32365,13,1
2,Payment,1772070024.054670,7323,4,1
1,NewOrder,1772070024.055416,26918,8,1
2,Payment,1772070024.056226,8328,1,1
2,Payment,1772070024.056376,7828,16,1
2,Payment,1772070024.057226,9316,5,1
2,Payment,1772070024.059194,10716,2,1
2,Payment,1772070024.059739,7703,9,1
1,NewOrder,1772070024.060982,21706,6,1
2,Payment,1772070024.061257,10110,3,1
1,NewOrder,1772070024.061831,17119,7,1
4,Delivery,1772070024.062017,45914,4,1
1,NewOrder,1772070024.062712,27854,14,1
1,NewOrder,1772070024.064231,15313,16,1
2,Payment,1772070024.064579,8324,1,1
4,Delivery,1772070024.066560,41649,5,1
2,Payment,1772070024.067142,8982,20,1
5,StockLevel,1772070024.067452,11898,9,1
2,Payment,1772070024.068581,8985,21,1
4,Delivery,1772070024.069920,38323,2,1
1,NewOrder,1772070024.070512,20032,11,1
2,Payment,1772070024.070518,5076,10,1
2,Payment,1772070024.070606,19042,22,1
2,Payment,1772070024.071382,3817,3,1
2,Payment,1772070024.072606,6998,23,1
1,NewOrder,1772070024.072908,23750,1,1
2,Payment,1772070024.074114,18569,18,1
1,NewOrder,1772070024.075210,17129,3,1
1,NewOrder,1772070024.075604,23705,10,1
1,NewOrder,1772070024.075666,28616,17,1
4,Delivery,1772070024.075683,32986,0,1
2,Payment,1772070024.075701,5322,15,1
1,NewOrder,1772070024.076129,19577,20,1
2,Payment,1772070024.077591,5132,21,1
2,Payment,1772070024.078154,7676,19,1
3,OrderStatus,1772070024.078960,3575,7,1
2,Payment,1772070024.079365,7499,9,1
3,OrderStatus,1772070024.079555,4045,16,1
4,Delivery,1772070024.079615,41615,23,1
1,NewOrder,1772070024.081048,20560,15,1
2,Payment,1772070024.081755,4756,12,1
2,Payment,1772070024.082340,6192,8,1
2,Payment,1772070024.082545,7615,7,1
5,StockLevel,1772070024.082696,13513,6,1
4,Delivery,1772070024.082729,38908,21,1
2,Payment,1772070024.083606,5510,16,1
2,Payment,1772070024.085845,8579,19,1
2,Payment,1772070024.086482,6700,13,1
3,OrderStatus,1772070024.086521,7357,12,1
1,NewOrder,1772070024.086870,19161,9,1
1,NewOrder,1772070024.088537,30936,8,1
2,Payment,1772070024.089126,8711,16,1
1,NewOrder,1772070024.089659,28750,22,1
5,StockLevel,1772070024.090166,13629,7,1
5,StockLevel,1772070024.090553,9529,11,1
1,NewOrder,1772070024.090572,11395,14,1
2,Payment,1772070024.092351,4027,3,1
1,NewOrder,1772070024.092694,21389,18,1
1,NewOrder,1772070024.093185,30842,13,1
1,NewOrder,1772070024.093906,37487,12,1
2,Payment,1772070024.094447,28190,19,1
1,NewOrder,1772070024.095716,13932,20,1
2,Payment,1772070024.096221,4881,6,1
1,NewOrder,1772070024.096389,14738,3,1
2,Payment,1772070024.096665,4127,1,1
1,NewOrder,1772070024.097863,18451,16,1
1,NewOrder,1772070024.099334,35252,10,1
1,NewOrder,1772070024.100088,19313,11,1
4,Delivery,1772070024.100801,7484,1,1
2,Payment,1772070024.101108,4383,6,1
1,NewOrder,1772070024.101618,22318,15,1
2,Payment,1772070024.101978,4089,14,1
2,Payment,1772070024.103805,8631,7,1
2,Payment,1772070024.104287,8469,17,1
2,Payment,1772070024.105516,8943,6,1
2,Payment,1772070024.106036,9726,9,1
2,Payment,1772070024.106073,8466,14,1
1,NewOrder,1772070024.107941,22128,4,1
2,Payment,1772070024.108215,2389,5,1
1,NewOrder,1772070024.108251,27517,2,1
1,NewOrder,1772070024.108291,22648,1,1
4,Delivery,1772070024.108678,5794,0,1
2,Payment,1772070024.109654,14597,20,1
1,NewOrder,1772070024.110609,17093,5,1
1,NewOrder,1772070024.111138,30194,3,1
1,NewOrder,1772070024.112446,21091,7,1
2,Payment,1772070024.112765,9504,17,1
1,NewOrder,1772070024.114104,33228,18,1
1,NewOrder,1772070024.114475,27754,6,1
1,NewOrder,1772070024.114497,28148,0,1
2,Payment,1772070024.114544,4498,14,1
1,NewOrder,1772070024.115772,23238,9,1
2,Payment,1772070024.116339,7559,16,1
2,Payment,1772070024.118426,9964,22,1
1,NewOrder,1772070024.119055,21224,14,1
5,StockLevel,1772070024.119426,14125,11,1
1,NewOrder,1772070024.119498,37446,8,1
1,NewOrder,1772070024.121247,17114,23,1
2,Payment,1772070024.121658,5164,21,1
1,NewOrder,1772070024.122279,20322,17,1
1,NewOrder,1772070024.122664,43049,19,1
5,StockLevel,1772070024.123926,16996,16,1
2,Payment,1772070024.123962,7404,15,1
2,Payment,1772070024.124052,8805,13,1
4,Delivery,1772070024.124265,30669,20,1
1,NewOrder,1772070024.126847,19799,21,1
1,NewOrder,1772070024.127712,24985,5,1
2,Payment,1772070024.128401,6653,22,1
2,Payment,1772070024.130079,6576,4,1
1,NewOrder,1772070024.130964,20008,1,1
2,Payment,1772070024.131392,7665,15,1
1,NewOrder,1772070024.131419,18358,12,1
2,Payment,1772070024.132867,7752,13,1
1,NewOrder,1772070024.133544,19467,7,1
1,NewOrder,1772070024.133557,24578,11,1
1,NewOrder,1772070024.134599,25487,10,1
1,NewOrder,1772070024.135064,24982,22,1
2,Payment,1772070024.135784,6925,2,1
1,NewOrder,1772070024.136660,25142,4,1
3,OrderStatus,1772070024.138387,2397,23,1
2,Payment,1772070024.139015,6880,9,1
1,NewOrder,1772070024.139067,18409,15,1
2,Payment,1772070024.140305,11047,14,1
2,Payment,1772070024.140644,7127,13,1
2,Payment,1772070024.140794,6989,23,1
2,Payment,1772070024.140932,7979,16,1
3,OrderStatus,1772070024.141342,5067,3,1
1,NewOrder,1772070024.142236,26606,6,1
1,NewOrder,1772070024.142627,22013,17,1
1,NewOrder,1772070024.142670,42353,0,1
2,Payment,1772070024.142734,5632,2,1
1,NewOrder,1772070024.145921,28672,9,1
2,Payment,1772070024.146435,5452,3,1
4,Delivery,1772070024.146658,8492,21,1
2,Payment,1772070024.147341,8667,18,1
2,Payment,1772070024.147777,9135,13,1
2,Payment,1772070024.147790,5286,23,1
2,Payment,1772070024.148370,7138,2,1
1,NewOrder,1772070024.148917,36130,16,1
3,OrderStatus,1772070024.149787,7735,12,1
2,Payment,1772070024.150982,6508,1,1
2,Payment,1772070024.151358,7323,14,1
2,Payment,1772070024.151909,7295,3,1
2,Payment,1772070024.152708,9441,5,1
1,NewOrder,1772070024.153035,31411,7,1
5,StockLevel,1772070024.153090,14163,23,1
1,NewOrder,1772070024.154944,14773,20,1
2,Payment,1772070024.155158,3002,21,1
2,Payment,1772070024.155513,16181,2,1
1,NewOrder,1772070024.156018,32844,18,1
3,OrderStatus,1772070024.156919,6335,13,1
2,Payment,1772070024.156954,5946,8,1
2,Payment,1772070024.157487,6644,15,1
2,Payment,1772070024.157495,16969,1,1
2,Payment,1772070024.157526,7969,12,1
4,Delivery,1772070024.158144,48545,11,1
2,Payment,1772070024.158170,6326,21,1
5,StockLevel,1772070024.158686,11564,14,1
2,Payment,1772070024.159213,16633,3,1
2,Payment,1772070024.160073,6621,22,1
1,NewOrder,1772070024.160111,18224,10,1
2,Payment,1772070024.161826,8779,4,1
1,NewOrder,1772070024.162154,27140,5,1
2,Payment,1772070024.162911,7731,8,1
2,Payment,1772070024.163279,7333,13,1
2,Payment,1772070024.164141,12403,15,1
5,StockLevel,1772070024.164507,8119,21,1
2,Payment,1772070024.164664,8330,17,1
2,Payment,1772070024.165507,8937,12,1
1,NewOrder,1772070024.165718,30398,19,1
1,NewOrder,1772070024.166704,35881,22,1
1,NewOrder,1772070024.167278,15711,23,1
2,Payment,1772070024.168868,5891,6,1
1,NewOrder,1772070024.169728,17341,20,1
1,NewOrder,1772070024.170261,22256,14,1
2,Payment,1772070024.170615,12025,4,1
2,Payment,1772070024.170632,8232,13,1
1,NewOrder,1772070024.170652,23508,8,1
5,StockLevel,1772070024.171711,16848,2,1
1,NewOrder,1772070024.172652,19013,21,1
2,Payment,1772070024.173001,10319,17,1
2,Payment,1772070024.174457,7499,12,1
2,Payment,1772070024.174489,4863,1,1
1,NewOrder,1772070024.174617,28399,9,1
1,NewOrder,1772070024.174784,23278,6,1
4,Delivery,1772070024.175870,28327,3,1
1,NewOrder,1772070024.176569,34669,15,1
1,NewOrder,1772070024.178361,35588,10,1
5,StockLevel,1772070024.178870,21692,13,1
4,Delivery,1772070024.179355,25041,1,1
1,NewOrder,1772070024.181960,34467,12,1
2,Payment,1772070024.182650,8104,4,1
5,StockLevel,1772070024.182996,9872,23,1
2,Payment,1772070024.183338,7882,17,1
1,NewOrder,1772070024.184472,32566,7,1
5,StockLevel,1772070024.185035,18638,0,1
1,NewOrder,1772070024.185057,24244,16,1
1,NewOrder,1772070024.187082,24580,20,1
2,Payment,1772070024.188585,6811,2,1
1,NewOrder,1772070024.188875,32056,18,1
2,Payment,1772070024.189298,7317,5,1
1,NewOrder,1772070024.190764,32788,4,1
1,NewOrder,1772070024.192522,26125,14,1
2,Payment,1772070024.192893,6661,23,1
2,Payment,1772070024.195407,5930,2,1
2,Payment,1772070024.196126,8648,19,1
2,Payment,1772070024.196622,6365,5,1
2,Payment,1772070024.199579,6754,23,1
3,OrderStatus,1772070024.201342,4884,2,1
1,NewOrder,1772070024.203005,20268,5,1
2,Payment,1772070024.204780,9212,19,1
2,Payment,1772070024.206231,7300,2,1
