Transaction Type Index,Transaction Name,Start Time (microseconds),Latency (microseconds),Worker Id (start number),Phase Id (index in config file)
2,Payment,1772266497.480167,136454,23,1
2,Payment,1772266497.480172,90322,5,1
2,Payment,1772266497.480183,121384,0,1
2,Payment,1772266497.480207,151091,1,1
1,NewOrder,1772266497.480214,122481,6,1
2,Payment,1772266497.480231,71855,10,1
1,NewOrder,1772266497.480256,97376,8,1
5,StockLevel,1772266497.480257,81714,9,1
1,NewOrder,1772266497.480283,105283,7,1
1,NewOrder,1772266497.480494,106526,4,1
2,Payment,1772266497.480710,68332,2,1
2,Payment,1772266497.480920,78277,14,1
1,NewOrder,1772266497.481139,87914,3,1
1,NewOrder,1772266497.481347,90134,12,1
1,NewOrder,1772266497.481554,117917,15,1
2,Payment,1772266497.481774,93882,11,1
2,Payment,1772266497.481993,82834,19,1
1,NewOrder,1772266497.482197,106345,13,1
2,Payment,1772266497.482426,94472,16,1
3,OrderStatus,1772266497.482671,66677,18,1
1,NewOrder,1772266497.482868,125312,17,1
2,Payment,1772266497.483068,109088,22,1
1,NewOrder,1772266497.483276,110951,20,1
1,NewOrder,1772266497.483484,101257,21,1
1,NewOrder,1772266497.549298,84473,2,1
2,Payment,1772266497.549435,85452,18,1
2,Payment,1772266497.552197,38205,10,1
1,NewOrder,1772266497.559339,49971,14,1
1,NewOrder,1772266497.562047,53664,9,1
1,NewOrder,1772266497.564859,68268,19,1
2,Payment,1772266497.569080,79184,3,1
4,Delivery,1772266497.570536,124399,5,1
2,Payment,1772266497.571532,18279,12,1
4,Delivery,1772266497.575687,99279,11,1
1,NewOrder,1772266497.576929,49619,16,1
1,NewOrder,1772266497.577721,35675,8,1
2,Payment,1772266497.584798,93679,21,1
2,Payment,1772266497.585643,20892,7,1
2,Payment,1772266497.587081,74935,4,1
2,Payment,1772266497.588612,20824,13,1
3,OrderStatus,1772266497.589869,9101,12,1
2,Payment,1772266497.590425,23665,10,1
2,Payment,1772266497.592192,111336,22,1
2,Payment,1772266497.594265,57162,20,1
2,Payment,1772266497.598998,15797,12,1
3,OrderStatus,1772266497.599537,16916,15,1
1,NewOrder,1772266497.601606,66132,0,1
1,NewOrder,1772266497.602730,22485,6,1
1,NewOrder,1772266497.606579,47252,7,1
1,NewOrder,1772266497.608227,41969,17,1
1,NewOrder,1772266497.609347,21224,14,1
2,Payment,1772266497.609464,24342,13,1
3,OrderStatus,1772266497.613441,9625,8,1
1,NewOrder,1772266497.614137,67084,10,1
1,NewOrder,1772266497.614841,31530,12,1
1,NewOrder,1772266497.615756,26098,9,1
1,NewOrder,1772266497.616491,42260,15,1
1,NewOrder,1772266497.616687,72685,23,1
2,Payment,1772266497.623137,19657,8,1
1,NewOrder,1772266497.625239,33014,6,1
1,NewOrder,1772266497.626593,34316,16,1
2,Payment,1772266497.630592,13745,14,1
2,Payment,1772266497.631400,46431,1,1
4,Delivery,1772266497.633169,41350,19,1
1,NewOrder,1772266497.633813,40211,2,1
1,NewOrder,1772266497.633841,31784,13,1
2,Payment,1772266497.634953,51646,18,1
1,NewOrder,1772266497.641900,47866,9,1
2,Payment,1772266497.642822,16430,8,1
2,Payment,1772266497.644376,14376,14,1
2,Payment,1772266497.646400,18243,12,1
1,NewOrder,1772266497.648307,43261,3,1
1,NewOrder,1772266497.650225,44102,17,1
4,Delivery,1772266497.651466,24430,20,1
1,NewOrder,1772266497.653883,23005,7,1
1,NewOrder,1772266497.658301,44470,6,1
2,Payment,1772266497.658798,27394,15,1
2,Payment,1772266497.658802,15801,14,1
1,NewOrder,1772266497.659289,61360,8,1
4,Delivery,1772266497.660949,87941,16,1
1,NewOrder,1772266497.662057,44245,4,1
5,StockLevel,1772266497.664672,31239,12,1
1,NewOrder,1772266497.665685,26486,13,1
2,Payment,1772266497.667766,18779,0,1
1,NewOrder,1772266497.674073,40724,2,1
2,Payment,1772266497.674564,43420,19,1
1,NewOrder,1772266497.674639,34473,14,1
1,NewOrder,1772266497.675003,65851,11,1
2,Payment,1772266497.675927,61227,20,1
1,NewOrder,1772266497.676928,31622,7,1
1,NewOrder,1772266497.677875,60246,1,1
3,OrderStatus,1772266497.678518,12421,21,1
2,Payment,1772266497.681263,13711,10,1
1,NewOrder,1772266497.686238,42031,15,1
1,NewOrder,1772266497.686589,28161,0,1
1,NewOrder,1772266497.686640,57868,18,1
2,Payment,1772266497.689415,61471,23,1
2,Payment,1772266497.689800,20062,9,1
2,Payment,1772266497.690975,36310,21,1
2,Payment,1772266497.691617,12411,3,1
2,Payment,1772266497.692191,11759,13,1
1,NewOrder,1772266497.694366,41420,17,1
1,NewOrder,1772266497.694982,80652,5,1
1,NewOrder,1772266497.695019,37514,10,1
4,Delivery,1772266497.695955,54133,12,1
1,NewOrder,1772266497.702819,25812,6,1
1,NewOrder,1772266497.703573,80496,22,1
1,NewOrder,1772266497.703983,45681,13,1
2,Payment,1772266497.704074,10070,3,1
2,Payment,1772266497.706341,18087,4,1
1,NewOrder,1772266497.708587,44389,7,1
3,OrderStatus,1772266497.709157,6460,14,1
1,NewOrder,1772266497.709908,26168,9,1
2,Payment,1772266497.714188,16311,3,1
1,NewOrder,1772266497.714786,28781,0,1
2,Payment,1772266497.714822,25500,2,1
2,Payment,1772266497.715662,14057,14,1
1,NewOrder,1772266497.718026,41747,19,1
2,Payment,1772266497.720715,22092,8,1
2,Payment,1772266497.724477,22757,4,1
1,NewOrder,1772266497.727330,36561,21,1
2,Payment,1772266497.728318,16743,15,1
2,Payment,1772266497.728669,32561,6,1
1,NewOrder,1772266497.729764,30909,14,1
1,NewOrder,1772266497.730541,33416,3,1
2,Payment,1772266497.732561,48266,10,1
1,NewOrder,1772266497.735839,45140,17,1
2,Payment,1772266497.736148,52178,9,1
2,Payment,1772266497.737198,24894,20,1
1,NewOrder,1772266497.738163,23182,1,1
2,Payment,1772266497.740365,15024,2,1
1,NewOrder,1772266497.740902,31483,11,1
2,Payment,1772266497.742848,29246,8,1
1,NewOrder,1772266497.743605,40026,0,1
2,Payment,1772266497.744533,26256,18,1
1,NewOrder,1772266497.745101,36816,15,1
2,Payment,1772266497.747279,19240,4,1
1,NewOrder,1772266497.748935,27949,16,1
1,NewOrder,1772266497.749728,32843,13,1
1,NewOrder,1772266497.750125,22267,12,1
2,Payment,1772266497.750934,29025,23,1
1,NewOrder,1772266497.753021,38397,7,1
4,Delivery,1772266497.755424,74813,2,1
2,Payment,1772266497.759822,31688,19,1
1,NewOrder,1772266497.760719,30147,14,1
2,Payment,1772266497.761276,34546,6,1
2,Payment,1772266497.761386,14414,1,1
5,StockLevel,1772266497.762134,41657,20,1
2,Payment,1772266497.763936,37783,21,1
1,NewOrder,1772266497.763999,23732,3,1
4,Delivery,1772266497.766563,64454,4,1
1,NewOrder,1772266497.770849,53240,18,1
1,NewOrder,1772266497.772138,38651,8,1
1,NewOrder,1772266497.772430,30462,11,1
3,OrderStatus,1772266497.772435,2755,12,1
3,OrderStatus,1772266497.775246,4197,12,1
1,NewOrder,1772266497.775678,44071,5,1
1,NewOrder,1772266497.775846,29363,1,1
1,NewOrder,1772266497.776930,27306,16,1
1,NewOrder,1772266497.779510,28556,12,1
1,NewOrder,1772266497.780003,34803,23,1
2,Payment,1772266497.780868,20904,10,1
1,NewOrder,1772266497.781027,39870,17,1
1,NewOrder,1772266497.781974,32364,15,1
2,Payment,1772266497.782616,18297,13,1
5,StockLevel,1772266497.783688,36354,0,1
5,StockLevel,1772266497.784091,35588,22,1
2,Payment,1772266497.787781,15140,3,1
3,OrderStatus,1772266497.788376,6929,9,1
2,Payment,1772266497.790908,15864,14,1
1,NewOrder,1772266497.791448,31925,7,1
1,NewOrder,1772266497.791570,35245,19,1
1,NewOrder,1772266497.795352,28112,9,1
1,NewOrder,1772266497.795880,27659,6,1
2,Payment,1772266497.800958,18480,13,1
2,Payment,1772266497.801747,8236,21,1
2,Payment,1772266497.801817,6861,10,1
2,Payment,1772266497.802935,12492,11,1
2,Payment,1772266497.802965,9228,3,1
2,Payment,1772266497.803814,14270,20,1
2,Payment,1772266497.804294,34268,16,1
2,Payment,1772266497.805266,13995,1,1
2,Payment,1772266497.806816,38685,14,1
2,Payment,1772266497.808093,52428,12,1
2,Payment,1772266497.808695,12100,10,1
3,OrderStatus,1772266497.810028,5947,21,1
1,NewOrder,1772266497.810831,21488,8,1
4,Delivery,1772266497.812232,18822,3,1
1,NewOrder,1772266497.814373,48000,15,1
2,Payment,1772266497.814827,9367,23,1
2,Payment,1772266497.815466,13704,11,1
2,Payment,1772266497.816019,20327,21,1
2,Payment,1772266497.818129,29409,20,1
1,NewOrder,1772266497.819283,29672,1,1
1,NewOrder,1772266497.819487,31588,13,1
2,Payment,1772266497.819717,56519,22,1
1,NewOrder,1772266497.819797,14424,5,1
2,Payment,1772266497.820081,15420,0,1
2,Payment,1772266497.820815,13838,10,1
2,Payment,1772266497.820943,57998,17,1
1,NewOrder,1772266497.823411,24032,7,1
1,NewOrder,1772266497.823504,52769,9,1
1,NewOrder,1772266497.823579,21437,6,1
2,Payment,1772266497.824129,63058,18,1
5,StockLevel,1772266497.824221,25972,23,1
1,NewOrder,1772266497.826849,19960,19,1
1,NewOrder,1772266497.829215,26869,11,1
1,NewOrder,1772266497.830708,25892,2,1
1,NewOrder,1772266497.831068,33001,4,1
1,NewOrder,1772266497.831099,22459,3,1
1,NewOrder,1772266497.832356,15130,8,1
4,Delivery,1772266497.834263,58298,5,1
1,NewOrder,1772266497.834694,28855,10,1
5,StockLevel,1772266497.835538,12444,0,1
2,Payment,1772266497.836389,59091,21,1
5,StockLevel,1772266497.838599,24934,16,1
5,StockLevel,1772266497.845069,47137,6,1
1,NewOrder,1772266497.845546,43058,14,1
1,NewOrder,1772266497.846854,29417,19,1
1,NewOrder,1772266497.847461,34956,7,1
1,NewOrder,1772266497.847530,31664,8,1
1,NewOrder,1772266497.847585,50346,20,1
1,NewOrder,1772266497.848026,17142,0,1
2,Payment,1772266497.849003,12050,1,1
1,NewOrder,1772266497.850238,32168,23,1
1,NewOrder,1772266497.851123,15198,13,1
3,OrderStatus,1772266497.853598,4719,3,1
1,NewOrder,1772266497.856139,19630,11,1
1,NewOrder,1772266497.856641,13882,2,1
1,NewOrder,1772266497.858402,17913,3,1
1,NewOrder,1772266497.860562,38017,12,1
1,NewOrder,1772266497.861101,27903,1,1
1,NewOrder,1772266497.862428,42581,15,1
2,Payment,1772266497.863573,38881,16,1
2,Payment,1772266497.863585,14852,10,1
2,Payment,1772266497.864121,14775,4,1
4,Delivery,1772266497.865199,27983,0,1
1,NewOrder,1772266497.866352,29059,13,1
5,StockLevel,1772266497.870592,22823,2,1
1,NewOrder,1772266497.875809,24788,11,1
1,NewOrder,1772266497.876274,22892,22,1
1,NewOrder,1772266497.876293,42043,19,1
1,NewOrder,1772266497.876316,19122,9,1
2,Payment,1772266497.876361,18686,3,1
1,NewOrder,1772266497.878475,27116,10,1
3,OrderStatus,1772266497.878931,8784,4,1
5,StockLevel,1772266497.878984,48688,17,1
1,NewOrder,1772266497.879239,38142,8,1
1,NewOrder,1772266497.882443,33202,7,1
2,Payment,1772266497.882445,24720,23,1
2,Payment,1772266497.887230,32631,18,1
2,Payment,1772266497.887757,16359,4,1
2,Payment,1772266497.888643,25091,14,1
1,NewOrder,1772266497.889041,42330,1,1
2,Payment,1772266497.892246,19288,6,1
2,Payment,1772266497.892598,20650,5,1
5,StockLevel,1772266497.893223,25908,0,1
1,NewOrder,1772266497.893456,11527,2,1
1,NewOrder,1772266497.895080,34704,3,1
1,NewOrder,1772266497.895449,33385,13,1
2,Payment,1772266497.895464,25835,9,1
2,Payment,1772266497.895522,32784,21,1
2,Payment,1772266497.897973,40795,20,1
1,NewOrder,1772266497.898615,23976,12,1
1,NewOrder,1772266497.899200,14605,22,1
4,Delivery,1772266497.900647,33314,11,1
2,Payment,1772266497.902497,20270,16,1
2,Payment,1772266497.904151,27264,4,1
2,Payment,1772266497.905026,14374,2,1
1,NewOrder,1772266497.905039,30555,15,1
1,NewOrder,1772266497.905629,13666,10,1
2,Payment,1772266497.907205,37961,23,1
2,Payment,1772266497.911574,17783,6,1
2,Payment,1772266497.913293,30519,5,1
1,NewOrder,1772266497.913752,22441,14,1
2,Payment,1772266497.913826,36251,22,1
1,NewOrder,1772266497.915664,27497,7,1
2,Payment,1772266497.917428,22276,8,1
1,NewOrder,1772266497.918407,25355,19,1
5,StockLevel,1772266497.919183,12377,0,1
1,NewOrder,1772266497.919315,29287,10,1
1,NewOrder,1772266497.919439,28678,2,1
1,NewOrder,1772266497.919876,23966,18,1
2,Payment,1772266497.921341,24846,9,1
3,OrderStatus,1772266497.922616,8168,12,1
1,NewOrder,1772266497.922804,19457,16,1
2,Payment,1772266497.927720,13204,17,1
4,Delivery,1772266497.928335,48544,21,1
2,Payment,1772266497.928863,20241,13,1
2,Payment,1772266497.929408,27428,6,1
2,Payment,1772266497.929808,26905,3,1
5,StockLevel,1772266497.930822,13423,12,1
2,Payment,1772266497.931401,36765,1,1
3,OrderStatus,1772266497.931453,4850,4,1
1,NewOrder,1772266497.931587,19781,0,1
1,NewOrder,1772266497.933984,22215,11,1
2,Payment,1772266497.935629,17572,15,1
2,Payment,1772266497.936233,21580,14,1
2,Payment,1772266497.936333,38416,4,1
2,Payment,1772266497.938809,15850,20,1
2,Payment,1772266497.939745,32879,8,1
2,Payment,1772266497.940959,24768,17,1
2,Payment,1772266497.942306,30275,16,1
1,NewOrder,1772266497.943199,18078,7,1
2,Payment,1772266497.943795,38690,19,1
1,NewOrder,1772266497.943841,26685,5,1
2,Payment,1772266497.943885,25704,18,1
2,Payment,1772266497.944279,39021,12,1
2,Payment,1772266497.945211,13248,23,1
2,Payment,1772266497.946229,53296,9,1
4,Delivery,1772266497.948158,24615,2,1
1,NewOrder,1772266497.948641,12076,10,1
2,Payment,1772266497.949136,43887,13,1
1,NewOrder,1772266497.950112,18449,22,1
1,NewOrder,1772266497.951407,20750,0,1
1,NewOrder,1772266497.953245,28745,15,1
2,Payment,1772266497.954703,34880,20,1
1,NewOrder,1772266497.956238,14887,11,1
1,NewOrder,1772266497.956748,26155,3,1
1,NewOrder,1772266497.956880,25214,6,1
2,Payment,1772266497.957841,48633,14,1
2,Payment,1772266497.958499,38168,23,1
5,StockLevel,1772266497.960752,9539,10,1
2,Payment,1772266497.961321,22854,7,1
2,Payment,1772266497.965770,34534,17,1
1,NewOrder,1772266497.968211,18035,1,1
2,Payment,1772266497.968599,36483,22,1
1,NewOrder,1772266497.969629,17572,18,1
1,NewOrder,1772266497.970320,16908,10,1
5,StockLevel,1772266497.970559,28086,5,1
2,Payment,1772266497.971167,21401,11,1
1,NewOrder,1772266497.972189,18313,0,1
1,NewOrder,1772266497.972620,23627,16,1
1,NewOrder,1772266497.972662,22748,8,1
1,NewOrder,1772266497.972813,9579,2,1
1,NewOrder,1772266497.974782,33383,4,1
2,Payment,1772266497.976919,32903,21,1
1,NewOrder,1772266497.982033,32245,15,1
4,Delivery,1772266497.982139,10600,6,1
2,Payment,1772266497.982438,12334,2,1
2,Payment,1772266497.982523,34038,19,1
1,NewOrder,1772266497.982933,24750,3,1
1,NewOrder,1772266497.983343,23685,12,1
1,NewOrder,1772266497.984211,25875,7,1
3,OrderStatus,1772266497.986282,9045,1,1
2,Payment,1772266497.987240,33565,18,1
1,NewOrder,1772266497.987262,22057,10,1
2,Payment,1772266497.989621,37367,20,1
5,StockLevel,1772266497.990541,13277,0,1
2,Payment,1772266497.992603,14147,11,1
1,NewOrder,1772266497.992783,26458,6,1
1,NewOrder,1772266497.993057,25112,13,1
2,Payment,1772266497.994801,10985,2,1
2,Payment,1772266497.995367,17904,1,1
2,Payment,1772266497.995452,24961,8,1
1,NewOrder,1772266497.996283,15823,16,1
1,NewOrder,1772266497.996696,16908,23,1
2,Payment,1772266497.998685,22250,5,1
2,Payment,1772266497.999564,27492,9,1
2,Payment,1772266498.000339,18200,17,1
1,NewOrder,1772266498.003858,22535,0,1
1,NewOrder,1772266498.005120,21397,22,1
2,Payment,1772266498.005828,27118,2,1
1,NewOrder,1772266498.006504,28586,14,1
1,NewOrder,1772266498.006787,23669,11,1
1,NewOrder,1772266498.007054,40449,12,1
2,Payment,1772266498.007730,34505,3,1
2,Payment,1772266498.008193,40373,4,1
1,NewOrder,1772266498.009352,22394,10,1
1,NewOrder,1772266498.009853,17157,21,1
2,Payment,1772266498.010127,41551,7,1
1,NewOrder,1772266498.012144,20683,16,1
2,Payment,1772266498.013309,44071,1,1
2,Payment,1772266498.013643,19178,23,1
4,Delivery,1772266498.014328,85309,15,1
1,NewOrder,1772266498.016597,26122,19,1
1,NewOrder,1772266498.018200,41174,13,1
1,NewOrder,1772266498.018576,31386,17,1
1,NewOrder,1772266498.019278,31028,6,1
2,Payment,1772266498.020443,18344,8,1
1,NewOrder,1772266498.020846,39315,18,1
2,Payment,1772266498.020974,57889,5,1
1,NewOrder,1772266498.026436,26031,0,1
2,Payment,1772266498.026608,12583,22,1
1,NewOrder,1772266498.027026,25668,20,1
1,NewOrder,1772266498.027050,18112,21,1
1,NewOrder,1772266498.027100,27528,9,1
1,NewOrder,1772266498.030503,33577,11,1
1,NewOrder,1772266498.031833,32273,10,1
2,Payment,1772266498.032851,13658,23,1
2,Payment,1772266498.032863,10328,16,1
1,NewOrder,1772266498.032982,31495,2,1
1,NewOrder,1772266498.035136,41594,14,1
1,NewOrder,1772266498.038876,24737,8,1
2,Payment,1772266498.039211,11068,22,1
2,Payment,1772266498.042269,26170,3,1
1,NewOrder,1772266498.042752,18489,19,1
2,Payment,1772266498.043225,9039,16,1
2,Payment,1772266498.045195,24344,21,1
1,NewOrder,1772266498.046542,52325,23,1
1,NewOrder,1772266498.047537,30069,12,1
1,NewOrder,1772266498.048600,37843,4,1
1,NewOrder,1772266498.049988,33804,17,1
1,NewOrder,1772266498.050316,45556,22,1
2,Payment,1772266498.050336,22811,6,1
2,Payment,1772266498.051710,29768,7,1
2,Payment,1772266498.052301,7714,16,1
2,Payment,1772266498.052514,37747,0,1
1,NewOrder,1772266498.052716,13768,20,1
2,Payment,1772266498.054655,44688,9,1
2,Payment,1772266498.057449,42358,1,1
2,Payment,1772266498.059407,7369,13,1
1,NewOrder,1772266498.060045,12523,16,1
1,NewOrder,1772266498.060186,49867,18,1
5,StockLevel,1772266498.061266,15945,19,1
1,NewOrder,1772266498.063648,9467,8,1
2,Payment,1772266498.064104,23155,11,1
2,Payment,1772266498.064134,39706,10,1
1,NewOrder,1772266498.064509,11204,2,1
2,Payment,1772266498.066507,6570,20,1
1,NewOrder,1772266498.066799,13360,13,1
2,Payment,1772266498.068470,35962,3,1
1,NewOrder,1772266498.069568,44545,21,1
2,Payment,1772266498.072594,5807,16,1
2,Payment,1772266498.073099,5221,20,1
2,Payment,1772266498.073147,44270,8,1
1,NewOrder,1772266498.073171,13757,6,1
2,Payment,1772266498.075743,33466,2,1
2,Payment,1772266498.076758,10433,14,1
2,Payment,1772266498.077234,5206,19,1
1,NewOrder,1772266498.077630,30250,12,1
2,Payment,1772266498.078347,7400,20,1
2,Payment,1772266498.078425,12551,16,1
1,NewOrder,1772266498.078884,22028,5,1
1,NewOrder,1772266498.080188,13293,13,1
1,NewOrder,1772266498.081497,22507,7,1
2,Payment,1772266498.082457,8784,19,1
1,NewOrder,1772266498.083817,29170,17,1
2,Payment,1772266498.085776,8040,20,1
1,NewOrder,1772266498.086464,25424,4,1
2,Payment,1772266498.086952,38659,6,1
2,Payment,1772266498.087217,12087,14,1
1,NewOrder,1772266498.087309,22769,11,1
3,OrderStatus,1772266498.090292,12138,0,1
2,Payment,1772266498.091003,11689,16,1
2,Payment,1772266498.091262,5811,19,1
2,Payment,1772266498.093509,15826,13,1
1,NewOrder,1772266498.093842,19642,20,1
5,StockLevel,1772266498.095898,15588,22,1
2,Payment,1772266498.097101,4485,19,1
1,NewOrder,1772266498.098903,29307,23,1
2,Payment,1772266498.099329,33966,14,1
2,Payment,1772266498.099368,11205,9,1
2,Payment,1772266498.099656,23597,15,1
1,NewOrder,1772266498.099832,33424,1,1
1,NewOrder,1772266498.100932,20656,5,1
2,Payment,1772266498.101618,7743,19,1
1,NewOrder,1772266498.102458,20206,0,1
1,NewOrder,1772266498.102722,20953,16,1
2,Payment,1772266498.103866,26535,10,1
1,NewOrder,1772266498.104030,21106,7,1
1,NewOrder,1772266498.104457,30880,3,1
1,NewOrder,1772266498.107907,27228,12,1
1,NewOrder,1772266498.109246,23687,2,1
2,Payment,1772266498.109363,29526,13,1
2,Payment,1772266498.109388,6490,19,1
1,NewOrder,1772266498.110089,25573,18,1
2,Payment,1772266498.110099,31814,11,1
1,NewOrder,1772266498.110595,16279,9,1
2,Payment,1772266498.111504,13075,22,1
1,NewOrder,1772266498.111913,36351,4,1
2,Payment,1772266498.113008,36616,17,1
2,Payment,1772266498.113510,13825,20,1
3,OrderStatus,1772266498.114132,6869,21,1
3,OrderStatus,1772266498.115901,6708,19,1
1,NewOrder,1772266498.117448,40166,8,1
2,Payment,1772266498.121028,18479,21,1
2,Payment,1772266498.121616,7900,5,1
2,Payment,1772266498.122639,32746,19,1
2,Payment,1772266498.122687,20769,0,1
1,NewOrder,1772266498.123273,20623,15,1
1,NewOrder,1772266498.123708,29452,16,1
2,Payment,1772266498.124606,42926,22,1
1,NewOrder,1772266498.125161,22449,7,1
1,NewOrder,1772266498.125629,39646,6,1
1,NewOrder,1772266498.126891,29468,9,1
1,NewOrder,1772266498.127361,23494,20,1
1,NewOrder,1772266498.128236,48162,23,1
2,Payment,1772266498.129546,30228,5,1
1,NewOrder,1772266498.130429,22406,10,1
2,Payment,1772266498.132955,41350,2,1
1,NewOrder,1772266498.133278,20429,1,1
1,NewOrder,1772266498.133313,14900,14,1
3,OrderStatus,1772266498.135190,4879,12,1
1,NewOrder,1772266498.135368,14887,3,1
2,Payment,1772266498.135678,40779,18,1
2,Payment,1772266498.138920,15191,13,1
1,NewOrder,1772266498.139539,43230,21,1
1,NewOrder,1772266498.140096,13997,12,1
1,NewOrder,1772266498.141936,36566,11,1
2,Payment,1772266498.143483,23342,0,1
1,NewOrder,1772266498.143914,40301,15,1
1,NewOrder,1772266498.147637,16577,7,1
2,Payment,1772266498.148250,8962,14,1
2,Payment,1772266498.148284,43308,4,1
2,Payment,1772266498.149654,15140,17,1
1,NewOrder,1772266498.150285,20971,3,1
2,Payment,1772266498.150878,6715,20,1
2,Payment,1772266498.152864,9701,10,1
1,NewOrder,1772266498.153188,38230,16,1
2,Payment,1772266498.153732,51676,1,1
1,NewOrder,1772266498.154155,22691,12,1
1,NewOrder,1772266498.154191,22086,13,1
2,Payment,1772266498.155411,26082,19,1
1,NewOrder,1772266498.156385,20490,9,1
2,Payment,1772266498.157234,10230,14,1
1,NewOrder,1772266498.157613,16722,20,1
1,NewOrder,1772266498.157637,15940,8,1
1,NewOrder,1772266498.159792,28951,5,1
1,NewOrder,1772266498.162590,28809,10,1
2,Payment,1772266498.164236,10142,7,1
1,NewOrder,1772266498.164818,30575,17,1
2,Payment,1772266498.165294,18036,6,1
4,Delivery,1772266498.166851,24189,0,1
1,NewOrder,1772266498.167485,19329,14,1
4,Delivery,1772266498.167554,81147,22,1
4,Delivery,1772266498.171282,20361,3,1
1,NewOrder,1772266498.173603,11162,8,1
3,OrderStatus,1772266498.174334,4569,2,1
1,NewOrder,1772266498.174359,16327,20,1
1,NewOrder,1772266498.174395,44566,7,1
2,Payment,1772266498.176301,27628,13,1
2,Payment,1772266498.176415,14488,23,1
2,Payment,1772266498.176481,20709,18,1
2,Payment,1772266498.176864,18934,12,1
1,NewOrder,1772266498.176955,35806,9,1
1,NewOrder,1772266498.178521,19024,11,1
1,NewOrder,1772266498.178940,11779,2,1
1,NewOrder,1772266498.181514,36649,19,1
2,Payment,1772266498.182794,23208,21,1
1,NewOrder,1772266498.183357,22327,6,1
1,NewOrder,1772266498.184241,34278,15,1
1,NewOrder,1772266498.184786,7885,8,1
2,Payment,1772266498.186889,18969,14,1
5,StockLevel,1772266498.188798,20567,5,1
1,NewOrder,1772266498.190701,9484,20,1
2,Payment,1772266498.190738,28301,2,1
1,NewOrder,1772266498.190922,34529,23,1
2,Payment,1772266498.191051,46347,0,1
1,NewOrder,1772266498.191423,25449,10,1
4,Delivery,1772266498.191441,48661,16,1
1,NewOrder,1772266498.191600,33254,4,1
2,Payment,1772266498.191661,31147,3,1
3,OrderStatus,1772266498.192692,2932,8,1
1,NewOrder,1772266498.195411,38204,17,1
1,NewOrder,1772266498.195644,6017,8,1
1,NewOrder,1772266498.195818,21616,12,1
1,NewOrder,1772266498.197206,43517,18,1
3,OrderStatus,1772266498.197567,14349,11,1
1,NewOrder,1772266498.200203,11630,20,1
2,Payment,1772266498.201695,6367,8,1
1,NewOrder,1772266498.203953,32664,13,1
1,NewOrder,1772266498.205419,46354,1,1
2,Payment,1772266498.205701,16003,6,1
5,StockLevel,1772266498.205880,13451,14,1
1,NewOrder,1772266498.206024,47135,21,1
1,NewOrder,1772266498.208079,15119,8,1
2,Payment,1772266498.209384,21952,5,1
2,Payment,1772266498.211853,4647,20,1
1,NewOrder,1772266498.211932,37066,11,1
2,Payment,1772266498.212780,18592,9,1
1,NewOrder,1772266498.216523,14352,20,1
1,NewOrder,1772266498.216891,23752,10,1
4,Delivery,1772266498.217451,23450,12,1
1,NewOrder,1772266498.218179,21449,19,1
2,Payment,1772266498.218537,14744,15,1
1,NewOrder,1772266498.218974,14608,7,1
2,Payment,1772266498.219054,29098,2,1
2,Payment,1772266498.219346,16582,14,1
2,Payment,1772266498.221720,15260,6,1
2,Payment,1772266498.222825,32063,3,1
1,NewOrder,1772266498.223219,16904,8,1
2,Payment,1772266498.224870,36244,4,1
5,StockLevel,1772266498.225463,17273,23,1
2,Payment,1772266498.230895,7494,20,1
1,NewOrder,1772266498.231350,23965,5,1
2,Payment,1772266498.231392,13905,9,1
1,NewOrder,1772266498.233307,15228,15,1
1,NewOrder,1772266498.233603,23180,7,1
1,NewOrder,1772266498.233637,32679,17,1
2,Payment,1772266498.235946,4207,14,1
1,NewOrder,1772266498.236644,26069,13,1
1,NewOrder,1772266498.236996,28592,6,1
2,Payment,1772266498.237418,30144,0,1
1,NewOrder,1772266498.238402,16838,20,1
2,Payment,1772266498.239654,11489,19,1
2,Payment,1772266498.240122,20832,16,1
2,Payment,1772266498.240139,10325,8,1
2,Payment,1772266498.240173,6462,14,1
1,NewOrder,1772266498.240659,7902,10,1
2,Payment,1772266498.240737,21236,18,1
1,NewOrder,1772266498.240921,24634,12,1
1,NewOrder,1772266498.242752,28391,23,1
1,NewOrder,1772266498.245315,39512,9,1
5,StockLevel,1772266498.246658,15724,14,1
2,Payment,1772266498.248171,21974,2,1
2,Payment,1772266498.248556,23527,15,1
2,Payment,1772266498.248575,6703,10,1
1,NewOrder,1772266498.248724,41366,22,1
1,NewOrder,1772266498.249022,12038,11,1
1,NewOrder,1772266498.250482,9930,8,1
2,Payment,1772266498.251159,14458,19,1
3,OrderStatus,1772266498.251790,6137,1,1
3,OrderStatus,1772266498.253182,7099,21,1
2,Payment,1772266498.254904,18562,3,1
1,NewOrder,1772266498.255262,11920,20,1
2,Payment,1772266498.255302,5689,10,1
2,Payment,1772266498.255338,27665,5,1
2,Payment,1772266498.256804,17427,7,1
2,Payment,1772266498.257947,40594,1,1
1,NewOrder,1772266498.260301,14613,21,1
2,Payment,1772266498.260428,4658,8,1
1,NewOrder,1772266498.260969,23827,16,1
2,Payment,1772266498.261010,15112,10,1
2,Payment,1772266498.261080,26818,11,1
2,Payment,1772266498.261127,29899,4,1
1,NewOrder,1772266498.261984,38975,18,1
2,Payment,1772266498.262404,17495,14,1
3,OrderStatus,1772266498.262732,6959,13,1
2,Payment,1772266498.265103,15647,8,1
1,NewOrder,1772266498.265574,8610,12,1
1,NewOrder,1772266498.265610,37654,6,1
3,OrderStatus,1772266498.265636,7675,19,1
1,NewOrder,1772266498.266331,26067,17,1
1,NewOrder,1772266498.267200,11514,20,1
2,Payment,1772266498.267580,39390,0,1
4,Delivery,1772266498.269699,37071,13,1
4,Delivery,1772266498.270162,42313,2,1
1,NewOrder,1772266498.271155,47709,23,1
1,NewOrder,1772266498.272094,34295,15,1
1,NewOrder,1772266498.273331,26544,19,1
2,Payment,1772266498.273477,36181,3,1
1,NewOrder,1772266498.274200,9746,12,1
5,StockLevel,1772266498.274252,25564,7,1
2,Payment,1772266498.274927,5698,21,1
2,Payment,1772266498.276143,20355,10,1
2,Payment,1772266498.278732,3858,20,1
1,NewOrder,1772266498.279924,56033,14,1
1,NewOrder,1772266498.280648,15021,21,1
2,Payment,1772266498.280773,27369,8,1
1,NewOrder,1772266498.282609,23353,20,1
1,NewOrder,1772266498.283015,15846,5,1
1,NewOrder,1772266498.283960,17906,12,1
1,NewOrder,1772266498.284807,32894,16,1
5,StockLevel,1772266498.284842,19872,9,1
1,NewOrder,1772266498.287914,31878,11,1
2,Payment,1772266498.290106,16321,22,1
1,NewOrder,1772266498.291047,47003,4,1
2,Payment,1772266498.292416,14553,17,1
1,NewOrder,1772266498.295685,13604,21,1
2,Payment,1772266498.296523,15277,10,1
1,NewOrder,1772266498.298567,50017,1,1
1,NewOrder,1772266498.298886,43689,5,1
2,Payment,1772266498.299841,16449,7,1
1,NewOrder,1772266498.299891,18503,19,1
2,Payment,1772266498.300985,15331,18,1
1,NewOrder,1772266498.301884,21771,12,1
5,StockLevel,1772266498.303278,10378,6,1
1,NewOrder,1772266498.304731,46731,9,1
1,NewOrder,1772266498.305985,19563,20,1
5,StockLevel,1772266498.306403,29477,15,1
1,NewOrder,1772266498.306441,35723,22,1
3,OrderStatus,1772266498.306780,3034,13,1
2,Payment,1772266498.306984,18180,0,1
1,NewOrder,1772266498.306996,29863,17,1
1,NewOrder,1772266498.308154,37386,8,1
1,NewOrder,1772266498.309312,26746,21,1
2,Payment,1772266498.309698,5636,3,1
2,Payment,1772266498.309833,10039,13,1
1,NewOrder,1772266498.311826,39035,10,1
1,NewOrder,1772266498.312501,25880,2,1
2,Payment,1772266498.313700,6635,6,1
1,NewOrder,1772266498.315355,20689,3,1
2,Payment,1772266498.316308,9256,7,1
2,Payment,1772266498.316335,19761,18,1
1,NewOrder,1772266498.317717,34448,16,1
1,NewOrder,1772266498.318413,17569,19,1
2,Payment,1772266498.318878,23743,23,1
1,NewOrder,1772266498.319811,33425,11,1
1,NewOrder,1772266498.319888,16125,13,1
2,Payment,1772266498.320355,15769,6,1
1,NewOrder,1772266498.323676,13491,12,1
5,StockLevel,1772266498.325184,11223,0,1
1,NewOrder,1772266498.325577,13056,20,1
1,NewOrder,1772266498.325584,16916,7,1
3,OrderStatus,1772266498.335899,3698,15,1
1,NewOrder,1772266498.335975,26768,14,1
1,NewOrder,1772266498.335999,36748,19,1
3,OrderStatus,1772266498.336040,8125,13,1
2,Payment,1772266498.336075,28099,21,1
2,Payment,1772266498.336078,6477,3,1
2,Payment,1772266498.336110,25293,18,1
1,NewOrder,1772266498.336145,28036,6,1
1,NewOrder,1772266498.336426,31853,0,1
2,Payment,1772266498.336877,9904,17,1
1,NewOrder,1772266498.337179,11742,12,1
1,NewOrder,1772266498.338064,26225,4,1
2,Payment,1772266498.338391,10566,2,1
2,Payment,1772266498.338653,27276,20,1
1,NewOrder,1772266498.339607,23948,15,1
2,Payment,1772266498.342180,34901,22,1
2,Payment,1772266498.342509,11785,7,1
1,NewOrder,1772266498.342574,27112,3,1
2,Payment,1772266498.342595,13457,5,1
1,NewOrder,1772266498.342645,28194,23,1
2,Payment,1772266498.344183,7127,13,1
2,Payment,1772266498.345556,11325,8,1
2,Payment,1772266498.346798,12213,17,1
1,NewOrder,1772266498.348604,41328,1,1
2,Payment,1772266498.348939,25113,12,1
2,Payment,1772266498.348986,9603,2,1
5,StockLevel,1772266498.350875,16950,10,1
1,NewOrder,1772266498.351330,27977,13,1
2,Payment,1772266498.351478,9067,9,1
4,Delivery,1772266498.352187,64913,16,1
1,NewOrder,1772266498.353251,25421,11,1
1,NewOrder,1772266498.354313,20086,7,1
1,NewOrder,1772266498.356064,21506,5,1
2,Payment,1772266498.356901,8210,8,1
1,NewOrder,1772266498.358609,22660,2,1
2,Payment,1772266498.359034,22276,17,1
2,Payment,1772266498.360552,7365,9,1
1,NewOrder,1772266498.361419,26714,18,1
1,NewOrder,1772266498.362762,44876,14,1
2,Payment,1772266498.363577,25259,15,1
2,Payment,1772266498.364187,7044,21,1
1,NewOrder,1772266498.364201,41038,6,1
3,OrderStatus,1772266498.364299,5384,4,1
5,StockLevel,1772266498.365125,24746,8,1
1,NewOrder,1772266498.365948,21564,20,1
2,Payment,1772266498.367844,12008,10,1
1,NewOrder,1772266498.367926,28547,9,1
2,Payment,1772266498.368295,11644,0,1
2,Payment,1772266498.369698,18428,3,1
1,NewOrder,1772266498.369703,18392,4,1
1,NewOrder,1772266498.370849,11966,23,1
2,Payment,1772266498.371250,17282,21,1
4,Delivery,1772266498.372764,37706,19,1
1,NewOrder,1772266498.374067,52055,12,1
2,Payment,1772266498.374424,14828,7,1
3,OrderStatus,1772266498.377092,10037,22,1
1,NewOrder,1772266498.377582,12758,5,1
1,NewOrder,1772266498.378693,46296,11,1
1,NewOrder,1772266498.379331,31846,13,1
1,NewOrder,1772266498.379866,36136,10,1
1,NewOrder,1772266498.379952,14687,0,1
2,Payment,1772266498.381282,13832,2,1
1,NewOrder,1772266498.381323,29830,17,1
2,Payment,1772266498.382833,12251,23,1
1,NewOrder,1772266498.387153,13841,22,1
2,Payment,1772266498.387529,17148,20,1
1,NewOrder,1772266498.388115,37337,4,1
3,OrderStatus,1772266498.388150,7352,3,1
2,Payment,1772266498.388162,11018,18,1
1,NewOrder,1772266498.388545,35382,21,1
2,Payment,1772266498.388846,8173,15,1
1,NewOrder,1772266498.389266,27720,7,1
1,NewOrder,1772266498.389888,30912,8,1
2,Payment,1772266498.389954,11391,1,1
2,Payment,1772266498.390356,17679,5,1
2,Payment,1772266498.394653,8588,0,1
2,Payment,1772266498.395109,30230,23,1
1,NewOrder,1772266498.395124,24709,2,1
2,Payment,1772266498.395523,16850,3,1
2,Payment,1772266498.396489,10006,9,1
2,Payment,1772266498.397037,3398,15,1
2,Payment,1772266498.399204,11892,18,1
1,NewOrder,1772266498.400452,17041,15,1
1,NewOrder,1772266498.401012,21744,22,1
1,NewOrder,1772266498.401363,16923,1,1
1,NewOrder,1772266498.403258,19013,0,1
2,Payment,1772266498.404697,23141,20,1
1,NewOrder,1772266498.405255,34873,6,1
2,Payment,1772266498.406519,13960,9,1
2,Payment,1772266498.407651,14301,14,1
1,NewOrder,1772266498.408049,12226,5,1
2,Payment,1772266498.410494,7115,19,1
2,Payment,1772266498.411119,21054,18,1
1,NewOrder,1772266498.411175,37001,17,1
1,NewOrder,1772266498.411197,35224,13,1
2,Payment,1772266498.412384,5251,3,1
1,NewOrder,1772266498.416021,45513,10,1
4,Delivery,1772266498.416997,37604,7,1
2,Payment,1772266498.417119,11231,16,1
2,Payment,1772266498.417506,17015,15,1
1,NewOrder,1772266498.417635,14137,19,1
1,NewOrder,1772266498.417659,30447,3,1
1,NewOrder,1772266498.418306,13379,1,1
2,Payment,1772266498.419854,3281,2,1
1,NewOrder,1772266498.420293,10692,5,1
2,Payment,1772266498.420494,5798,9,1
4,Delivery,1772266498.420823,34614,8,1
2,Payment,1772266498.421967,15037,14,1
2,Payment,1772266498.422288,11553,0,1
2,Payment,1772266498.422766,16109,22,1
2,Payment,1772266498.423155,14741,2,1
1,NewOrder,1772266498.423945,22950,21,1
2,Payment,1772266498.425003,18936,11,1
1,NewOrder,1772266498.425362,35624,23,1
1,NewOrder,1772266498.425463,47964,4,1
1,NewOrder,1772266498.426140,18306,12,1
2,Payment,1772266498.426305,25018,9,1
2,Payment,1772266498.427856,15337,20,1
2,Payment,1772266498.428362,12486,16,1
2,Payment,1772266498.431000,10200,5,1
1,NewOrder,1772266498.431711,15673,1,1
5,StockLevel,1772266498.431786,8701,19,1
2,Payment,1772266498.432199,13563,18,1
1,NewOrder,1772266498.433866,45246,0,1
1,NewOrder,1772266498.434541,25820,15,1
2,Payment,1772266498.437024,9771,14,1
2,Payment,1772266498.437913,6506,2,1
4,Delivery,1772266498.438897,41471,22,1
1,NewOrder,1772266498.440143,30897,6,1
1,NewOrder,1772266498.440496,20513,19,1
2,Payment,1772266498.440867,14136,16,1
5,StockLevel,1772266498.441216,12903,5,1
2,Payment,1772266498.443207,7132,20,1
1,NewOrder,1772266498.443965,45825,11,1
2,Payment,1772266498.444437,3634,2,1
2,Payment,1772266498.444459,33493,12,1
1,NewOrder,1772266498.445789,25214,18,1
2,Payment,1772266498.446439,15684,13,1
1,NewOrder,1772266498.446815,29081,14,1
2,Payment,1772266498.446904,12153,21,1
2,Payment,1772266498.447399,5929,1,1
5,StockLevel,1772266498.448085,12602,2,1
1,NewOrder,1772266498.448131,28935,3,1
1,NewOrder,1772266498.448186,23578,17,1
3,OrderStatus,1772266498.450358,7622,20,1
2,Payment,1772266498.451341,10166,9,1
2,Payment,1772266498.453342,4900,1,1
1,NewOrder,1772266498.454136,16945,5,1
2,Payment,1772266498.454630,10632,7,1
2,Payment,1772266498.455024,26494,16,1
3,OrderStatus,1772266498.455457,2230,8,1
2,Payment,1772266498.457705,19550,8,1
2,Payment,1772266498.458001,4508,20,1
1,NewOrder,1772266498.458260,14755,1,1
4,Delivery,1772266498.459074,21857,21,1
1,NewOrder,1772266498.460383,24888,15,1
1,NewOrder,1772266498.460712,15903,2,1
2,Payment,1772266498.461000,12468,23,1
2,Payment,1772266498.461027,4669,19,1
5,StockLevel,1772266498.461519,15298,9,1
2,Payment,1772266498.461547,11954,10,1
1,NewOrder,1772266498.462137,34468,13,1
2,Payment,1772266498.462534,7940,20,1
2,Payment,1772266498.465287,15635,7,1
2,Payment,1772266498.465711,10942,19,1
2,Payment,1772266498.470489,12846,20,1
4,Delivery,1772266498.471019,9971,18,1
1,NewOrder,1772266498.471069,27961,6,1
1,NewOrder,1772266498.471095,12716,5,1
2,Payment,1772266498.471783,16522,17,1
1,NewOrder,1772266498.473028,10761,1,1
2,Payment,1772266498.473452,10404,4,1
2,Payment,1772266498.473490,12150,23,1
1,NewOrder,1772266498.473522,28819,10,1
3,OrderStatus,1772266498.475913,10305,14,1
1,NewOrder,1772266498.476640,29127,2,1
3,OrderStatus,1772266498.476672,9131,19,1
2,Payment,1772266498.476836,14181,9,1
2,Payment,1772266498.477086,9078,3,1
1,NewOrder,1772266498.477266,28474,8,1
2,Payment,1772266498.477969,21220,12,1
1,NewOrder,1772266498.479129,34878,0,1
2,Payment,1772266498.480390,8493,22,1
1,NewOrder,1772266498.480942,15908,7,1
1,NewOrder,1772266498.480952,22182,21,1
1,NewOrder,1772266498.481011,32533,18,1
1,NewOrder,1772266498.481542,23588,16,1
1,NewOrder,1772266498.483352,26856,20,1
2,Payment,1772266498.483806,8532,1,1
2,Payment,1772266498.483829,5158,5,1
5,StockLevel,1772266498.483876,30758,4,1
2,Payment,1772266498.485286,22476,15,1
2,Payment,1772266498.485656,6094,23,1
2,Payment,1772266498.485819,13326,19,1
2,Payment,1772266498.486177,9685,3,1
1,NewOrder,1772266498.486235,22569,14,1
2,Payment,1772266498.488325,33937,17,1
1,NewOrder,1772266498.488904,15576,22,1
2,Payment,1772266498.489001,14193,5,1
1,NewOrder,1772266498.489806,22092,11,1
2,Payment,1772266498.491032,7372,9,1
1,NewOrder,1772266498.491771,40311,23,1
1,NewOrder,1772266498.492358,18524,1,1
2,Payment,1772266498.495882,10467,3,1
2,Payment,1772266498.496620,17340,13,1
2,Payment,1772266498.496869,11919,7,1
1,NewOrder,1772266498.498419,33600,9,1
2,Payment,1772266498.499046,12894,6,1
1,NewOrder,1772266498.499163,32936,19,1
1,NewOrder,1772266498.499202,32890,12,1
2,Payment,1772266498.502361,11730,10,1
1,NewOrder,1772266498.503159,28764,21,1
1,NewOrder,1772266498.503210,15801,5,1
2,Payment,1772266498.504498,6405,22,1
1,NewOrder,1772266498.505141,26923,16,1
4,Delivery,1772266498.505753,61304,8,1
1,NewOrder,1772266498.505788,26155,2,1
2,Payment,1772266498.506361,5044,3,1
2,Payment,1772266498.507783,24238,15,1
1,NewOrder,1772266498.508808,25268,7,1
3,OrderStatus,1772266498.508823,8232,14,1
2,Payment,1772266498.510224,9521,20,1
1,NewOrder,1772266498.510902,10249,1,1
2,Payment,1772266498.510922,10923,22,1
1,NewOrder,1772266498.511418,24656,3,1
2,Payment,1772266498.511911,19535,11,1
1,NewOrder,1772266498.511952,20103,6,1
1,NewOrder,1772266498.513562,18409,18,1
1,NewOrder,1772266498.513979,18077,13,1
1,NewOrder,1772266498.514025,17888,0,1
2,Payment,1772266498.514102,24151,10,1
1,NewOrder,1772266498.514650,27364,4,1
2,Payment,1772266498.517083,22799,14,1
2,Payment,1772266498.519028,12926,5,1
1,NewOrder,1772266498.519763,20566,20,1
2,Payment,1772266498.521163,15468,1,1
2,Payment,1772266498.521864,10190,22,1
2,Payment,1772266498.522283,20202,17,1
2,Payment,1772266498.531468,15734,11,1
2,Payment,1772266498.531936,14373,0,1
2,Payment,1772266498.531946,9113,21,1
1,NewOrder,1772266498.531960,13288,2,1
1,NewOrder,1772266498.531981,26723,5,1
1,NewOrder,1772266498.532007,32007,18,1
1,NewOrder,1772266498.532036,41732,15,1
1,NewOrder,1772266498.532041,30484,9,1
1,NewOrder,1772266498.532074,15179,6,1
1,NewOrder,1772266498.532075,19911,22,1
2,Payment,1772266498.532078,15836,13,1
1,NewOrder,1772266498.532083,36128,16,1
3,OrderStatus,1772266498.532096,11350,23,1
1,NewOrder,1772266498.532112,19244,19,1
2,Payment,1772266498.532122,25569,12,1
1,NewOrder,1772266498.534095,33505,7,1
1,NewOrder,1772266498.536087,25819,3,1
1,NewOrder,1772266498.536640,30483,1,1
2,Payment,1772266498.538270,13719,10,1
2,Payment,1772266498.539910,25793,14,1
1,NewOrder,1772266498.540356,34809,20,1
2,Payment,1772266498.541077,6822,21,1
1,NewOrder,1772266498.542027,15147,4,1
3,OrderStatus,1772266498.542496,7743,17,1
1,NewOrder,1772266498.543474,39737,23,1
1,NewOrder,1772266498.545264,28203,2,1
1,NewOrder,1772266498.546331,38624,0,1
1,NewOrder,1772266498.547220,47586,11,1
1,NewOrder,1772266498.547270,30560,6,1
2,Payment,1772266498.547911,7621,21,1
2,Payment,1772266498.547937,24790,13,1
2,Payment,1772266498.550259,31148,17,1
3,OrderStatus,1772266498.551372,7699,19,1
1,NewOrder,1772266498.552002,21281,22,1
1,NewOrder,1772266498.552007,25403,10,1
2,Payment,1772266498.555543,6998,21,1
2,Payment,1772266498.557200,10225,4,1
1,NewOrder,1772266498.557719,46156,12,1
1,NewOrder,1772266498.558723,15028,5,1
2,Payment,1772266498.559098,9994,19,1
2,Payment,1772266498.561924,7993,3,1
2,Payment,1772266498.562541,10977,9,1
1,NewOrder,1772266498.562554,19432,21,1
4,Delivery,1772266498.564028,18612,18,1
1,NewOrder,1772266498.565711,43646,14,1
2,Payment,1772266498.567083,10787,8,1
1,NewOrder,1772266498.567143,10716,1,1
3,OrderStatus,1772266498.567446,8660,4,1
1,NewOrder,1772266498.567607,32376,7,1
2,Payment,1772266498.568238,18070,16,1
1,NewOrder,1772266498.569119,17154,19,1
2,Payment,1772266498.569942,5181,3,1
1,NewOrder,1772266498.572752,41344,13,1
2,Payment,1772266498.573310,5623,22,1
5,StockLevel,1772266498.573487,16319,2,1
1,NewOrder,1772266498.573535,18208,9,1
4,Delivery,1772266498.573778,42166,5,1
1,NewOrder,1772266498.573782,22553,15,1
1,NewOrder,1772266498.575149,11430,3,1
2,Payment,1772266498.575192,7869,20,1
1,NewOrder,1772266498.576129,17399,4,1
2,Payment,1772266498.577423,13887,10,1
2,Payment,1772266498.577841,7808,6,1
2,Payment,1772266498.577884,5136,1,1
1,NewOrder,1772266498.577885,21159,8,1
2,Payment,1772266498.578960,8171,22,1
2,Payment,1772266498.581434,11740,17,1
1,NewOrder,1772266498.582012,27767,21,1
2,Payment,1772266498.582664,19289,18,1
1,NewOrder,1772266498.583046,19584,1,1
2,Payment,1772266498.583088,12514,20,1
5,StockLevel,1772266498.583230,20540,23,1
1,NewOrder,1772266498.584973,24828,0,1
2,Payment,1772266498.585661,8795,6,1
1,NewOrder,1772266498.586300,23452,19,1
1,NewOrder,1772266498.586332,14422,16,1
1,NewOrder,1772266498.586599,13068,3,1
1,NewOrder,1772266498.587144,13332,22,1
1,NewOrder,1772266498.589826,45011,2,1
2,Payment,1772266498.591337,11292,10,1
1,NewOrder,1772266498.591769,48289,9,1
1,NewOrder,1772266498.593189,31289,17,1
2,Payment,1772266498.593555,13926,4,1
1,NewOrder,1772266498.594466,37765,6,1
1,NewOrder,1772266498.594823,54174,11,1
2,Payment,1772266498.595617,8614,20,1
2,Payment,1772266498.596362,4515,15,1
2,Payment,1772266498.599070,8954,8,1
2,Payment,1772266498.599693,10074,3,1
1,NewOrder,1772266498.600004,21641,7,1
1,NewOrder,1772266498.600500,16995,22,1
1,NewOrder,1772266498.600777,27874,16,1
2,Payment,1772266498.600906,6171,15,1
1,NewOrder,1772266498.601975,47621,18,1
1,NewOrder,1772266498.602647,24111,1,1
1,NewOrder,1772266498.602657,40166,10,1
1,NewOrder,1772266498.603778,14178,23,1
2,Payment,1772266498.603892,15020,12,1
1,NewOrder,1772266498.604255,18212,20,1
4,Delivery,1772266498.607104,42375,15,1
2,Payment,1772266498.607499,16167,4,1
2,Payment,1772266498.608037,19725,8,1
2,Payment,1772266498.609385,11468,14,1
2,Payment,1772266498.609780,9808,19,1
1,NewOrder,1772266498.609792,10735,3,1
1,NewOrder,1772266498.609801,50226,21,1
2,Payment,1772266498.609822,16389,0,1
3,OrderStatus,1772266498.614114,9347,13,1
1,NewOrder,1772266498.615972,13672,5,1
1,NewOrder,1772266498.617524,28226,22,1
2,Payment,1772266498.617971,6793,23,1
2,Payment,1772266498.618923,11597,12,1
4,Delivery,1772266498.619607,43396,19,1
2,Payment,1772266498.620554,7809,3,1
2,Payment,1772266498.620889,11959,14,1
1,NewOrder,1772266498.621655,17550,7,1
2,Payment,1772266498.622488,5764,20,1
1,NewOrder,1772266498.623488,47657,13,1
2,Payment,1772266498.623680,11507,4,1
2,Payment,1772266498.624504,10728,17,1
2,Payment,1772266498.624788,6245,23,1
1,NewOrder,1772266498.626223,25216,0,1
1,NewOrder,1772266498.626778,23042,1,1
3,OrderStatus,1772266498.627780,11117,8,1
1,NewOrder,1772266498.628268,17809,20,1
1,NewOrder,1772266498.628374,20775,3,1
1,NewOrder,1772266498.628676,37729,16,1
1,NewOrder,1772266498.629687,16419,5,1
2,Payment,1772266498.630537,9956,12,1
4,Delivery,1772266498.631047,32804,23,1
1,NewOrder,1772266498.632241,40925,6,1
2,Payment,1772266498.632872,9488,14,1
2,Payment,1772266498.634862,10338,2,1
1,NewOrder,1772266498.635200,43839,4,1
1,NewOrder,1772266498.635258,23872,17,1
2,Payment,1772266498.638923,13303,8,1
2,Payment,1772266498.639224,10566,7,1
2,Payment,1772266498.640080,19912,9,1
2,Payment,1772266498.640516,9176,12,1
1,NewOrder,1772266498.642387,45518,14,1
1,NewOrder,1772266498.642847,26267,10,1
1,NewOrder,1772266498.645226,46518,2,1
5,StockLevel,1772266498.645777,8541,22,1
2,Payment,1772266498.646097,3998,20,1
1,NewOrder,1772266498.646128,13985,5,1
1,NewOrder,1772266498.649015,26880,11,1
3,OrderStatus,1772266498.649177,5202,3,1
1,NewOrder,1772266498.649498,10638,15,1
2,Payment,1772266498.649624,13012,18,1
1,NewOrder,1772266498.649719,46405,12,1
2,Payment,1772266498.649805,13139,7,1
2,Payment,1772266498.649833,5314,1,1
2,Payment,1772266498.650112,4374,20,1
5,StockLevel,1772266498.651454,8283,0,1
1,NewOrder,1772266498.652254,32281,8,1
2,Payment,1772266498.654339,13461,22,1
3,OrderStatus,1772266498.654403,3549,3,1
1,NewOrder,1772266498.654508,19893,20,1
1,NewOrder,1772266498.655165,15657,1,1
1,NewOrder,1772266498.657969,38237,3,1
1,NewOrder,1772266498.659153,25784,17,1
1,NewOrder,1772266498.659759,17422,0,1
1,NewOrder,1772266498.660006,30840,9,1
2,Payment,1772266498.660045,13844,21,1
2,Payment,1772266498.660131,4758,5,1
1,NewOrder,1772266498.660157,19796,15,1
2,Payment,1772266498.662653,22607,18,1
1,NewOrder,1772266498.662965,23604,7,1
2,Payment,1772266498.663018,13280,19,1
1,NewOrder,1772266498.663872,16742,23,1
5,StockLevel,1772266498.664908,11266,5,1
2,Payment,1772266498.666417,9961,16,1
1,NewOrder,1772266498.667821,17072,22,1
2,Payment,1772266498.669133,9358,10,1
4,Delivery,1772266498.670841,31932,1,1
1,NewOrder,1772266498.671159,43669,13,1
2,Payment,1772266498.673187,14174,6,1
1,NewOrder,1772266498.673909,53489,21,1
3,OrderStatus,1772266498.674429,4302,20,1
2,Payment,1772266498.675911,13745,11,1
1,NewOrder,1772266498.676195,16801,5,1
3,OrderStatus,1772266498.676318,9648,19,1
3,OrderStatus,1772266498.676390,8775,16,1
4,Delivery,1772266498.677205,25974,0,1
1,NewOrder,1772266498.678504,30106,10,1
2,Payment,1772266498.678754,8606,20,1
2,Payment,1772266498.679059,9399,4,1
5,StockLevel,1772266498.679966,12739,15,1
2,Payment,1772266498.680637,10155,23,1
1,NewOrder,1772266498.684552,25888,8,1
2,Payment,1772266498.684915,33311,22,1
1,NewOrder,1772266498.684962,21920,17,1
1,NewOrder,1772266498.685181,38370,16,1
2,Payment,1772266498.685280,10557,18,1
2,Payment,1772266498.685978,13358,19,1
1,NewOrder,1772266498.686585,22534,7,1
3,OrderStatus,1772266498.687382,8241,6,1
1,NewOrder,1772266498.687391,23744,20,1
2,Payment,1772266498.687920,6620,14,1
2,Payment,1772266498.688485,6734,4,1
2,Payment,1772266498.689697,8265,11,1
2,Payment,1772266498.690819,21659,23,1
1,NewOrder,1772266498.690862,31359,9,1
2,Payment,1772266498.691769,10413,2,1
5,StockLevel,1772266498.692716,8970,15,1
1,NewOrder,1772266498.693002,13580,5,1
1,NewOrder,1772266498.694558,42665,14,1
2,Payment,1772266498.695241,11613,4,1
2,Payment,1772266498.695649,15151,6,1
1,NewOrder,1772266498.695851,37902,18,1
2,Payment,1772266498.696136,12862,12,1
1,NewOrder,1772266498.696220,16486,3,1
1,NewOrder,1772266498.697975,35829,11,1
1,NewOrder,1772266498.699358,24987,19,1
2,Payment,1772266498.701697,9272,15,1
1,NewOrder,1772266498.702202,33779,2,1
2,Payment,1772266498.702806,6839,1,1
1,NewOrder,1772266498.703195,11278,0,1
1,NewOrder,1772266498.706594,27188,5,1
1,NewOrder,1772266498.706875,25224,4,1
4,Delivery,1772266498.706905,135907,17,1
4,Delivery,1772266498.708625,111303,10,1
5,StockLevel,1772266498.709012,21762,12,1
1,NewOrder,1772266498.709138,30000,7,1
2,Payment,1772266498.709699,5717,1,1
1,NewOrder,1772266498.710467,28212,8,1
2,Payment,1772266498.710813,11007,6,1
2,Payment,1772266498.710981,5179,15,1
2,Payment,1772266498.711152,11945,20,1
1,NewOrder,1772266498.712505,51481,23,1
2,Payment,1772266498.712719,4668,3,1
2,Payment,1772266498.714500,7671,0,1
1,NewOrder,1772266498.714840,51735,13,1
2,Payment,1772266498.715432,9223,1,1
2,Payment,1772266498.716171,6894,15,1
1,NewOrder,1772266498.717406,20854,3,1
1,NewOrder,1772266498.718244,34219,22,1
4,Delivery,1772266498.721836,98604,6,1
2,Payment,1772266498.722183,7627,0,1
1,NewOrder,1772266498.722242,31190,9,1
2,Payment,1772266498.723079,5879,15,1
2,Payment,1772266498.723116,10249,20,1
1,NewOrder,1772266498.723572,30718,16,1
2,Payment,1772266498.724360,10749,19,1
1,NewOrder,1772266498.724676,28508,1,1
2,Payment,1772266498.727416,9168,21,1
2,Payment,1772266498.728976,7042,15,1
1,NewOrder,1772266498.729827,29840,0,1
1,NewOrder,1772266498.730794,36363,12,1
1,NewOrder,1772266498.732115,31852,4,1
1,NewOrder,1772266498.733380,38787,20,1
2,Payment,1772266498.733774,7435,18,1
2,Payment,1772266498.733794,7042,5,1
1,NewOrder,1772266498.733819,41753,11,1
1,NewOrder,1772266498.735129,22561,19,1
2,Payment,1772266498.735998,7627,2,1
1,NewOrder,1772266498.736032,26918,15,1
1,NewOrder,1772266498.736598,26884,21,1
2,Payment,1772266498.737237,8076,14,1
2,Payment,1772266498.738274,7438,3,1
1,NewOrder,1772266498.738699,38144,8,1
1,NewOrder,1772266498.739154,27860,7,1
1,NewOrder,1772266498.740863,18742,5,1
1,NewOrder,1772266498.741225,17578,18,1
2,Payment,1772266498.743644,9867,2,1
5,StockLevel,1772266498.745328,23523,14,1
1,NewOrder,1772266498.745732,15168,3,1
3,OrderStatus,1772266498.752484,14420,22,1
2,Payment,1772266498.753202,9249,1,1
2,Payment,1772266498.753452,8345,9,1
3,OrderStatus,1772266498.753532,10272,2,1
2,Payment,1772266498.754301,9260,16,1
2,Payment,1772266498.757717,9344,19,1
1,NewOrder,1772266498.758821,21159,18,1
2,Payment,1772266498.759630,6096,5,1
2,Payment,1772266498.759689,9434,0,1
2,Payment,1772266498.760920,10382,3,1
1,NewOrder,1772266498.761818,43577,9,1
1,NewOrder,1772266498.762473,19023,1,1
5,StockLevel,1772266498.762962,9971,15,1
4,Delivery,1772266498.763493,46677,21,1
2,Payment,1772266498.763572,7351,16,1
1,NewOrder,1772266498.763830,21093,2,1
1,NewOrder,1772266498.763976,33726,4,1
2,Payment,1772266498.764003,7386,23,1
2,Payment,1772266498.765752,14609,5,1
3,OrderStatus,1772266498.766591,9535,13,1
1,NewOrder,1772266498.766923,29852,22,1
2,Payment,1772266498.767030,5977,7,1
1,NewOrder,1772266498.767073,42676,19,1
1,NewOrder,1772266498.767167,31636,12,1
2,Payment,1772266498.768878,10099,14,1
2,Payment,1772266498.769145,8907,0,1
1,NewOrder,1772266498.770937,42854,16,1
3,OrderStatus,1772266498.771322,9736,3,1
3,OrderStatus,1772266498.771411,8970,23,1
1,NewOrder,1772266498.772181,28109,20,1
2,Payment,1772266498.772950,8139,15,1
1,NewOrder,1772266498.773028,16305,7,1
1,NewOrder,1772266498.775593,26038,11,1
2,Payment,1772266498.776146,7154,13,1
1,NewOrder,1772266498.776855,37583,8,1
1,NewOrder,1772266498.778071,29229,0,1
3,OrderStatus,1772266498.778995,8032,14,1
1,NewOrder,1772266498.780000,19898,18,1
1,NewOrder,1772266498.780380,24231,5,1
1,NewOrder,1772266498.780402,39062,23,1
2,Payment,1772266498.781071,8638,3,1
2,Payment,1772266498.781104,6866,15,1
1,NewOrder,1772266498.781509,28720,1,1
2,Payment,1772266498.783318,6427,13,1
2,Payment,1772266498.784946,11869,2,1
1,NewOrder,1772266498.787046,25864,14,1
2,Payment,1772266498.787996,8073,15,1
2,Payment,1772266498.789352,8439,7,1
2,Payment,1772266498.789722,17611,3,1
1,NewOrder,1772266498.789765,24985,13,1
2,Payment,1772266498.796084,6952,15,1
1,NewOrder,1772266498.796786,32827,22,1
2,Payment,1772266498.796840,13269,2,1
1,NewOrder,1772266498.797717,39336,4,1
2,Payment,1772266498.797815,6448,7,1
2,Payment,1772266498.798818,11340,12,1
1,NewOrder,1772266498.799912,31309,18,1
2,Payment,1772266498.800312,6618,20,1
2,Payment,1772266498.801650,14824,11,1
2,Payment,1772266498.803054,8875,15,1
2,Payment,1772266498.804286,13897,7,1
1,NewOrder,1772266498.804630,18310,5,1
1,NewOrder,1772266498.805419,36281,9,1
1,NewOrder,1772266498.806950,31946,20,1
1,NewOrder,1772266498.807327,37351,0,1
1,NewOrder,1772266498.807345,35789,3,1
1,NewOrder,1772266498.809770,17275,19,1
1,NewOrder,1772266498.810134,32573,2,1
1,NewOrder,1772266498.810178,35192,12,1
2,Payment,1772266498.810187,9252,21,1
1,NewOrder,1772266498.810249,28695,1,1
3,OrderStatus,1772266498.811945,6573,15,1
2,Payment,1772266498.812929,8597,14,1
4,Delivery,1772266498.813809,29413,16,1
1,NewOrder,1772266498.814454,28885,8,1
1,NewOrder,1772266498.814772,32109,13,1
1,NewOrder,1772266498.816496,31225,11,1
2,Payment,1772266498.818201,6012,7,1
1,NewOrder,1772266498.818538,23539,15,1
2,Payment,1772266498.819460,11730,21,1
2,Payment,1772266498.819479,9907,23,1
1,NewOrder,1772266498.819942,25810,10,1
1,NewOrder,1772266498.820462,34943,6,1
2,Payment,1772266498.821544,7342,14,1
1,NewOrder,1772266498.822961,28475,5,1
2,Payment,1772266498.824228,6586,7,1
2,Payment,1772266498.827071,7276,19,1
2,Payment,1772266498.828914,7637,14,1
2,Payment,1772266498.829407,21247,23,1
1,NewOrder,1772266498.829648,14261,22,1
2,Payment,1772266498.830834,7584,7,1
4,Delivery,1772266498.831211,31305,21,1
2,Payment,1772266498.831239,15755,18,1
2,Payment,1772266498.834369,17879,19,1
2,Payment,1772266498.836572,6782,14,1
1,NewOrder,1772266498.837069,25390,4,1
4,Delivery,1772266498.838433,27729,7,1
2,Payment,1772266498.838915,22834,20,1
4,Delivery,1772266498.838969,27173,1,1
1,NewOrder,1772266498.841716,22370,9,1
1,NewOrder,1772266498.842091,20453,15,1
1,NewOrder,1772266498.842753,28717,2,1
1,NewOrder,1772266498.842836,44264,17,1
1,NewOrder,1772266498.843146,55248,3,1
2,Payment,1772266498.843246,3239,16,1
1,NewOrder,1772266498.843368,44883,8,1
2,Payment,1772266498.843381,8093,14,1
1,NewOrder,1772266498.843929,20748,22,1
2,Payment,1772266498.844704,4893,0,1
1,NewOrder,1772266498.845395,29804,12,1
1,NewOrder,1772266498.845769,39310,10,1
1,NewOrder,1772266498.846504,28628,16,1
4,Delivery,1772266498.846898,70452,13,1
3,OrderStatus,1772266498.847014,21346,18,1
1,NewOrder,1772266498.847735,22531,11,1
1,NewOrder,1772266498.849619,25567,0,1
1,NewOrder,1772266498.850671,28856,23,1
2,Payment,1772266498.851457,7455,5,1
1,NewOrder,1772266498.851502,41957,14,1
1,NewOrder,1772266498.852273,39110,19,1
2,Payment,1772266498.855423,10311,6,1
2,Payment,1772266498.858931,4276,5,1
2,Payment,1772266498.861771,10430,20,1
1,NewOrder,1772266498.862482,39628,4,1
2,Payment,1772266498.862538,5972,21,1
2,Payment,1772266498.862566,4372,15,1
1,NewOrder,1772266498.863221,24945,5,1
1,NewOrder,1772266498.864111,23457,9,1
3,OrderStatus,1772266498.864700,5639,22,1
1,NewOrder,1772266498.865756,27729,6,1
2,Payment,1772266498.866158,5647,1,1
2,Payment,1772266498.866180,5595,7,1
2,Payment,1772266498.866954,5352,15,1
1,NewOrder,1772266498.868380,33692,18,1
2,Payment,1772266498.868525,5166,21,1
2,Payment,1772266498.870292,10675,11,1
2,Payment,1772266498.870364,5982,22,1
5,StockLevel,1772266498.871497,21154,2,1
1,NewOrder,1772266498.871802,15867,7,1
2,Payment,1772266498.871831,4947,1,1
1,NewOrder,1772266498.872216,24552,20,1
4,Delivery,1772266498.872326,45675,15,1
4,Delivery,1772266498.873710,23898,21,1
4,Delivery,1772266498.875157,42910,16,1
2,Payment,1772266498.875207,6787,0,1
1,NewOrder,1772266498.875230,22356,12,1
1,NewOrder,1772266498.876362,12712,22,1
2,Payment,1772266498.876794,6989,1,1
2,Payment,1772266498.879554,8753,23,1
2,Payment,1772266498.880986,7778,11,1
1,NewOrder,1772266498.882015,15608,0,1
1,NewOrder,1772266498.883803,16599,1,1
2,Payment,1772266498.885106,7774,10,1
1,NewOrder,1772266498.887113,18690,17,1
2,Payment,1772266498.887578,15932,9,1
2,Payment,1772266498.887696,18519,7,1
1,NewOrder,1772266498.888183,9329,5,1
2,Payment,1772266498.888267,9188,8,1
1,NewOrder,1772266498.888333,23361,23,1
3,OrderStatus,1772266498.888791,10085,11,1
1,NewOrder,1772266498.889100,8867,22,1
1,NewOrder,1772266498.891409,24809,19,1
2,Payment,1772266498.892678,9458,2,1
2,Payment,1772266498.892904,8845,10,1
1,NewOrder,1772266498.893476,20839,14,1
1,NewOrder,1772266498.893502,23694,6,1
1,NewOrder,1772266498.896786,25686,20,1
2,Payment,1772266498.897482,14600,8,1
1,NewOrder,1772266498.897539,32051,5,1
2,Payment,1772266498.897608,9790,12,1
2,Payment,1772266498.897633,3425,21,1
2,Payment,1772266498.897651,6392,0,1
1,NewOrder,1772266498.897992,14175,22,1
4,Delivery,1772266498.898421,97534,3,1
1,NewOrder,1772266498.898894,38803,11,1
1,NewOrder,1772266498.900418,23520,1,1
1,NewOrder,1772266498.901084,27372,21,1
1,NewOrder,1772266498.901775,40779,10,1
1,NewOrder,1772266498.902091,22453,18,1
1,NewOrder,1772266498.902134,20254,4,1
2,Payment,1772266498.902154,9952,2,1
1,NewOrder,1772266498.903526,26222,9,1
1,NewOrder,1772266498.904058,20450,0,1
3,OrderStatus,1772266498.905827,7456,17,1
2,Payment,1772266498.906229,9945,7,1
2,Payment,1772266498.907419,13125,12,1
2,Payment,1772266498.911715,10321,23,1
1,NewOrder,1772266498.912101,47851,8,1
2,Payment,1772266498.912118,8092,2,1
5,StockLevel,1772266498.912186,14949,22,1
1,NewOrder,1772266498.913347,21042,17,1
1,NewOrder,1772266498.914331,41506,14,1
1,NewOrder,1772266498.916196,15819,7,1
4,Delivery,1772266498.916235,25243,19,1
1,NewOrder,1772266498.917218,25736,6,1
2,Payment,1772266498.917368,10629,13,1
1,NewOrder,1772266498.918022,10942,15,1
1,NewOrder,1772266498.918090,36770,16,1
1,NewOrder,1772266498.920233,22697,2,1
1,NewOrder,1772266498.920560,39774,12,1
1,NewOrder,1772266498.922060,34192,23,1
1,NewOrder,1772266498.922399,38003,4,1
2,Payment,1772266498.922487,8566,20,1
2,Payment,1772266498.923965,5586,1,1
3,OrderStatus,1772266498.924527,4261,0,1
2,Payment,1772266498.924569,8475,18,1
2,Payment,1772266498.927162,8800,22,1
2,Payment,1772266498.928029,9008,13,1
2,Payment,1772266498.928481,9720,21,1
1,NewOrder,1772266498.928808,22077,0,1
1,NewOrder,1772266498.928998,21854,15,1
1,NewOrder,1772266498.929570,22697,1,1
2,Payment,1772266498.929617,4142,5,1
2,Payment,1772266498.929770,7953,9,1
2,Payment,1772266498.931078,8921,20,1
2,Payment,1772266498.932042,7647,7,1
2,Payment,1772266498.933070,12825,18,1
5,StockLevel,1772266498.933773,15442,5,1
2,Payment,1772266498.934406,13858,17,1
1,NewOrder,1772266498.935988,14578,22,1
2,Payment,1772266498.937056,14453,13,1
1,NewOrder,1772266498.937722,35331,11,1
2,Payment,1772266498.937745,9728,9,1
1,NewOrder,1772266498.938219,22848,21,1
1,NewOrder,1772266498.939713,30380,7,1
2,Payment,1772266498.940020,8022,20,1
1,NewOrder,1772266498.941504,32917,19,1
1,NewOrder,1772266498.942580,38113,10,1
1,NewOrder,1772266498.942950,36363,2,1
2,Payment,1772266498.942970,9953,6,1
2,Payment,1772266498.945920,9933,18,1
2,Payment,1772266498.947487,7399,9,1
2,Payment,1772266498.948062,10577,20,1
2,Payment,1772266498.948287,9571,17,1
2,Payment,1772266498.949241,5244,5,1
1,NewOrder,1772266498.950592,27909,22,1
2,Payment,1772266498.950867,8452,15,1
1,NewOrder,1772266498.950908,30717,0,1
1,NewOrder,1772266498.951526,36396,13,1
1,NewOrder,1772266498.952292,35985,1,1
1,NewOrder,1772266498.952948,35080,6,1
2,Payment,1772266498.954503,9583,5,1
1,NewOrder,1772266498.954887,37294,16,1
2,Payment,1772266498.954904,5055,9,1
1,NewOrder,1772266498.955865,21228,14,1
2,Payment,1772266498.955880,9522,18,1
1,NewOrder,1772266498.956270,18568,23,1
4,Delivery,1772266498.957883,70033,17,1
2,Payment,1772266498.958658,9621,20,1
1,NewOrder,1772266498.959337,23350,15,1
1,NewOrder,1772266498.959976,33000,8,1
2,Payment,1772266498.959987,12767,9,1
2,Payment,1772266498.960355,13377,12,1
2,Payment,1772266498.960430,11297,4,1
5,StockLevel,1772266498.961082,20884,21,1
5,StockLevel,1772266498.964106,11531,5,1
1,NewOrder,1772266498.965430,28300,18,1
1,NewOrder,1772266498.968304,21767,20,1
1,NewOrder,1772266498.970109,19139,7,1
1,NewOrder,1772266498.971752,19902,4,1
1,NewOrder,1772266498.972779,26598,9,1
2,Payment,1772266498.973079,10966,11,1
2,Payment,1772266498.973758,13820,12,1
1,NewOrder,1772266498.974449,33372,19,1
1,NewOrder,1772266498.974853,32331,23,1
1,NewOrder,1772266498.975663,34959,5,1
2,Payment,1772266498.977115,13074,14,1
5,StockLevel,1772266498.978527,12942,22,1
2,Payment,1772266498.979329,8714,2,1
3,OrderStatus,1772266498.980719,8130,10,1
1,NewOrder,1772266498.981641,22915,0,1
1,NewOrder,1772266498.981992,33936,21,1
1,NewOrder,1772266498.982713,34531,15,1
1,NewOrder,1772266498.984060,30927,11,1
1,NewOrder,1772266498.987603,47657,12,1
1,NewOrder,1772266498.987941,31406,13,1
1,NewOrder,1772266498.988054,24945,6,1
1,NewOrder,1772266498.988055,27305,2,1
2,Payment,1772266498.988299,9169,1,1
2,Payment,1772266498.988874,10606,10,1
2,Payment,1772266498.989262,11911,7,1
4,Delivery,1772266498.990089,69809,20,1
2,Payment,1772266498.990201,8355,14,1
1,NewOrder,1772266498.991487,32528,22,1
1,NewOrder,1772266498.991670,18425,4,1
2,Payment,1772266498.992193,11760,16,1
5,StockLevel,1772266498.993003,19482,8,1
2,Payment,1772266498.993758,10230,18,1
2,Payment,1772266498.995971,7574,3,1
1,NewOrder,1772266498.997488,22274,1,1
2,Payment,1772266498.998575,9145,14,1
2,Payment,1772266498.999402,6693,9,1
1,NewOrder,1772266498.999507,18192,10,1
2,Payment,1772266499.001188,6871,7,1
2,Payment,1772266499.003570,7559,3,1
1,NewOrder,1772266499.003976,32651,16,1
1,NewOrder,1772266499.004015,26760,18,1
2,Payment,1772266499.004571,13765,0,1
4,Delivery,1772266499.006120,84908,9,1
1,NewOrder,1772266499.007201,20754,23,1
2,Payment,1772266499.007744,5484,14,1
2,Payment,1772266499.007848,12375,19,1
2,Payment,1772266499.008070,7888,7,1
1,NewOrder,1772266499.010121,19994,4,1
2,Payment,1772266499.010647,9938,5,1
2,Payment,1772266499.011154,16333,3,1
1,NewOrder,1772266499.012511,25565,8,1
1,NewOrder,1772266499.013016,25038,6,1
5,StockLevel,1772266499.013248,16290,14,1
1,NewOrder,1772266499.015002,26457,11,1
1,NewOrder,1772266499.015384,24602,2,1
1,NewOrder,1772266499.015947,32734,21,1
1,NewOrder,1772266499.015973,33936,7,1
1,NewOrder,1772266499.017258,21281,15,1
1,NewOrder,1772266499.017719,24092,10,1
1,NewOrder,1772266499.018349,18859,0,1
1,NewOrder,1772266499.019371,43123,13,1
1,NewOrder,1772266499.019783,20825,1,1
1,NewOrder,1772266499.020237,66647,19,1
2,Payment,1772266499.020609,14052,5,1
5,StockLevel,1772266499.024033,13686,22,1
2,Payment,1772266499.027501,14512,3,1
1,NewOrder,1772266499.027939,13862,17,1
1,NewOrder,1772266499.027974,54816,23,1
5,StockLevel,1772266499.029552,12050,14,1
2,Payment,1772266499.030139,24127,4,1
1,NewOrder,1772266499.030792,36999,18,1
2,Payment,1772266499.034686,16014,5,1
3,OrderStatus,1772266499.035279,7535,12,1
2,Payment,1772266499.036643,12541,16,1
1,NewOrder,1772266499.037234,14329,0,1
1,NewOrder,1772266499.037743,21626,22,1
1,NewOrder,1772266499.038076,15736,6,1
1,NewOrder,1772266499.038090,13454,8,1
1,NewOrder,1772266499.038554,33356,15,1
2,Payment,1772266499.040005,17228,2,1
1,NewOrder,1772266499.040641,38061,1,1
1,NewOrder,1772266499.041474,21932,11,1
4,Delivery,1772266499.041619,60602,14,1
1,NewOrder,1772266499.041824,24042,17,1
4,Delivery,1772266499.041827,49692,10,1
1,NewOrder,1772266499.042028,49974,3,1
1,NewOrder,1772266499.042831,39512,12,1
1,NewOrder,1772266499.048700,31341,21,1
1,NewOrder,1772266499.049208,17960,16,1
2,Payment,1772266499.049933,8781,7,1
1,NewOrder,1772266499.050714,42150,5,1
2,Payment,1772266499.051564,9322,8,1
2,Payment,1772266499.051584,7412,0,1
3,OrderStatus,1772266499.053831,6133,6,1
1,NewOrder,1772266499.054287,18653,4,1
1,NewOrder,1772266499.057259,30150,2,1
1,NewOrder,1772266499.058739,25346,7,1
1,NewOrder,1772266499.059017,18288,0,1
2,Payment,1772266499.059378,8252,22,1
2,Payment,1772266499.059919,9254,20,1
1,NewOrder,1772266499.059988,16961,6,1
2,Payment,1772266499.060910,5508,8,1
1,NewOrder,1772266499.062511,32679,13,1
2,Payment,1772266499.063439,7161,11,1
1,NewOrder,1772266499.065899,28442,17,1
1,NewOrder,1772266499.066444,24709,8,1
5,StockLevel,1772266499.067195,20371,16,1
1,NewOrder,1772266499.067650,22496,22,1
1,NewOrder,1772266499.067811,20341,18,1
2,Payment,1772266499.069197,9008,20,1
2,Payment,1772266499.070614,6648,11,1
1,NewOrder,1772266499.071935,30861,15,1
4,Delivery,1772266499.072965,105487,4,1
1,NewOrder,1772266499.076972,26373,6,1
1,NewOrder,1772266499.077288,30674,11,1
2,Payment,1772266499.077329,10129,0,1
1,NewOrder,1772266499.078227,56175,20,1
1,NewOrder,1772266499.078728,52024,1,1
2,Payment,1772266499.080067,7742,21,1
5,StockLevel,1772266499.082368,14215,12,1
2,Payment,1772266499.082810,22644,23,1
4,Delivery,1772266499.084110,7662,7,1
1,NewOrder,1772266499.086911,20086,19,1
1,NewOrder,1772266499.087437,39029,2,1
2,Payment,1772266499.087489,8334,0,1
2,Payment,1772266499.087593,4914,16,1
1,NewOrder,1772266499.087835,48517,21,1
1,NewOrder,1772266499.088166,41374,18,1
3,OrderStatus,1772266499.090169,4351,22,1
1,NewOrder,1772266499.091045,16587,9,1
1,NewOrder,1772266499.091179,24553,8,1
1,NewOrder,1772266499.091535,37388,10,1
1,NewOrder,1772266499.091794,19740,7,1
1,NewOrder,1772266499.092017,18898,3,1
1,NewOrder,1772266499.092533,16981,16,1
2,Payment,1772266499.092891,7652,5,1
1,NewOrder,1772266499.094367,37288,17,1
2,Payment,1772266499.094538,13734,22,1
1,NewOrder,1772266499.095207,15679,13,1
2,Payment,1772266499.095834,8138,0,1
2,Payment,1772266499.096609,6656,12,1
1,NewOrder,1772266499.100569,10941,5,1
1,NewOrder,1772266499.102239,46949,14,1
2,Payment,1772266499.102823,20603,15,1
2,Payment,1772266499.103291,7061,12,1
2,Payment,1772266499.103371,9425,6,1
2,Payment,1772266499.103996,8904,0,1
2,Payment,1772266499.105468,17262,23,1
2,Payment,1772266499.107027,17764,19,1
1,NewOrder,1772266499.107658,20171,9,1
5,StockLevel,1772266499.107988,29475,11,1
2,Payment,1772266499.108297,18651,22,1
2,Payment,1772266499.109540,3693,16,1
2,Payment,1772266499.110377,4667,12,1
2,Payment,1772266499.110912,7237,13,1
2,Payment,1772266499.110941,5802,3,1
1,NewOrder,1772266499.111536,17446,5,1
1,NewOrder,1772266499.111552,21971,7,1
4,Delivery,1772266499.112813,18755,6,1
1,NewOrder,1772266499.112926,33941,0,1
1,NewOrder,1772266499.113257,21408,16,1
1,NewOrder,1772266499.115068,16930,12,1
2,Payment,1772266499.115754,14191,8,1
1,NewOrder,1772266499.116761,15278,3,1
1,NewOrder,1772266499.118173,47389,13,1
1,NewOrder,1772266499.122757,37153,23,1
2,Payment,1772266499.123443,8846,15,1
2,Payment,1772266499.124810,7248,19,1
1,NewOrder,1772266499.126491,33343,2,1
2,Payment,1772266499.126974,7157,22,1
2,Payment,1772266499.127856,6379,9,1
1,NewOrder,1772266499.128949,11610,10,1
1,NewOrder,1772266499.129007,16206,5,1
2,Payment,1772266499.129566,6372,18,1
2,Payment,1772266499.129969,10624,8,1
3,OrderStatus,1772266499.130777,9860,1,1
5,StockLevel,1772266499.131584,21849,6,1
1,NewOrder,1772266499.131681,30613,17,1
1,NewOrder,1772266499.132012,19756,12,1
1,NewOrder,1772266499.132056,26645,3,1
1,NewOrder,1772266499.132084,27446,19,1
5,StockLevel,1772266499.132309,23959,15,1
1,NewOrder,1772266499.133536,20280,7,1
2,Payment,1772266499.134142,5485,22,1
2,Payment,1772266499.134243,7898,9,1
1,NewOrder,1772266499.134418,29718,20,1
2,Payment,1772266499.134691,5432,16,1
1,NewOrder,1772266499.135952,34367,18,1
1,NewOrder,1772266499.136377,67924,21,1
1,NewOrder,1772266499.137489,31002,11,1
1,NewOrder,1772266499.139652,34761,22,1
2,Payment,1772266499.140149,6032,16,1
1,NewOrder,1772266499.140573,17764,10,1
1,NewOrder,1772266499.140616,33428,8,1
1,NewOrder,1772266499.140664,33315,1,1
2,Payment,1772266499.142166,5543,9,1
2,Payment,1772266499.145230,7261,5,1
2,Payment,1772266499.146199,7260,16,1
1,NewOrder,1772266499.146893,60987,0,1
4,Delivery,1772266499.147728,56568,9,1
1,NewOrder,1772266499.149214,18924,14,1
2,Payment,1772266499.151784,10163,12,1
1,NewOrder,1772266499.152509,20833,5,1
1,NewOrder,1772266499.153445,25489,6,1
5,StockLevel,1772266499.153485,19093,16,1
1,NewOrder,1772266499.153830,30181,7,1
2,Payment,1772266499.156294,10915,15,1
5,StockLevel,1772266499.158357,17719,10,1
3,OrderStatus,1772266499.158716,7345,3,1
2,Payment,1772266499.159554,6475,19,1
2,Payment,1772266499.159860,6068,2,1
1,NewOrder,1772266499.159924,24833,23,1
2,Payment,1772266499.161962,10272,12,1
2,Payment,1772266499.162309,24354,17,1
2,Payment,1772266499.164161,4377,20,1
5,StockLevel,1772266499.165584,20359,13,1
2,Payment,1772266499.165951,8085,2,1
2,Payment,1772266499.166055,4988,19,1
2,Payment,1772266499.166074,15954,3,1
4,Delivery,1772266499.167222,45808,15,1
1,NewOrder,1772266499.168153,17226,14,1
2,Payment,1772266499.168513,6315,11,1
2,Payment,1772266499.168562,5524,20,1
2,Payment,1772266499.170336,10006,18,1
2,Payment,1772266499.171063,6631,19,1
1,NewOrder,1772266499.172252,32443,12,1
2,Payment,1772266499.172590,17428,16,1
2,Payment,1772266499.173354,17349,5,1
1,NewOrder,1772266499.173992,16552,1,1
2,Payment,1772266499.174059,15005,2,1
2,Payment,1772266499.174063,8332,8,1
3,OrderStatus,1772266499.174103,5277,20,1
5,StockLevel,1772266499.174425,11264,22,1
4,Delivery,1772266499.174842,30106,11,1
1,NewOrder,1772266499.176088,32410,10,1
1,NewOrder,1772266499.177718,12260,19,1
1,NewOrder,1772266499.178474,15476,4,1
5,StockLevel,1772266499.178949,7913,6,1
1,NewOrder,1772266499.179396,15062,20,1
2,Payment,1772266499.180367,5504,18,1
4,Delivery,1772266499.182054,54895,3,1
1,NewOrder,1772266499.182411,27106,8,1
2,Payment,1772266499.184034,12595,7,1
4,Delivery,1772266499.184776,96288,23,1
2,Payment,1772266499.185402,7407,14,1
1,NewOrder,1772266499.185709,20918,22,1
1,NewOrder,1772266499.185885,24646,18,1
2,Payment,1772266499.185969,11216,13,1
5,StockLevel,1772266499.186688,26976,17,1
2,Payment,1772266499.186878,12311,6,1
2,Payment,1772266499.189082,10409,2,1
2,Payment,1772266499.189991,2359,19,1
4,Delivery,1772266499.190032,23399,16,1
2,Payment,1772266499.190570,12851,1,1
2,Payment,1772266499.190727,7214,5,1
1,NewOrder,1772266499.192364,19184,19,1
2,Payment,1772266499.192829,7169,14,1
3,OrderStatus,1772266499.193976,4188,4,1
1,NewOrder,1772266499.194476,17412,20,1
2,Payment,1772266499.196650,9500,7,1
1,NewOrder,1772266499.197209,24881,13,1
1,NewOrder,1772266499.197957,18222,5,1
4,Delivery,1772266499.198183,39259,4,1
2,Payment,1772266499.199212,9401,6,1
1,NewOrder,1772266499.199506,28635,2,1
1,NewOrder,1772266499.200023,22436,14,1
2,Payment,1772266499.203440,6579,1,1
2,Payment,1772266499.204316,11404,9,1
2,Payment,1772266499.204321,7196,21,1
2,Payment,1772266499.204721,4408,12,1
2,Payment,1772266499.204965,12365,11,1
1,NewOrder,1772266499.206174,28358,7,1
2,Payment,1772266499.206641,9584,22,1
2,Payment,1772266499.207896,13648,0,1
2,Payment,1772266499.208519,12685,10,1
2,Payment,1772266499.208630,10711,6,1
1,NewOrder,1772266499.209143,16509,12,1
1,NewOrder,1772266499.209542,25834,8,1
1,NewOrder,1772266499.210034,22868,1,1
2,Payment,1772266499.210549,10214,18,1
2,Payment,1772266499.211533,18235,21,1
4,Delivery,1772266499.211562,70413,19,1
1,NewOrder,1772266499.211903,18353,20,1
2,Payment,1772266499.213042,5653,15,1
1,NewOrder,1772266499.213448,33753,16,1
1,NewOrder,1772266499.213691,26122,17,1
1,NewOrder,1772266499.215746,31126,9,1
4,Delivery,1772266499.216200,21383,5,1
1,NewOrder,1772266499.216242,18274,22,1
2,Payment,1772266499.217350,9121,11,1
1,NewOrder,1772266499.218710,21673,15,1
1,NewOrder,1772266499.219359,18923,6,1
1,NewOrder,1772266499.220790,41559,18,1
1,NewOrder,1772266499.221218,27649,10,1
2,Payment,1772266499.221566,9152,0,1
1,NewOrder,1772266499.222110,23081,13,1
3,OrderStatus,1772266499.222478,7580,14,1
2,Payment,1772266499.225692,7863,12,1
2,Payment,1772266499.226490,10356,11,1
1,NewOrder,1772266499.228154,28412,2,1
1,NewOrder,1772266499.229788,32654,21,1
2,Payment,1772266499.230077,11353,14,1
1,NewOrder,1772266499.230276,24504,20,1
1,NewOrder,1772266499.230738,32146,0,1
2,Payment,1772266499.232919,3571,1,1
2,Payment,1772266499.233567,9952,12,1
1,NewOrder,1772266499.234533,35907,22,1
1,NewOrder,1772266499.234551,30946,7,1
2,Payment,1772266499.235389,5406,8,1
2,Payment,1772266499.236506,4587,1,1
1,NewOrder,1772266499.236861,38038,11,1
1,NewOrder,1772266499.236958,13466,3,1
2,Payment,1772266499.237456,7399,4,1
2,Payment,1772266499.237598,12488,5,1
1,NewOrder,1772266499.238302,27173,6,1
1,NewOrder,1772266499.239832,27704,17,1
4,Delivery,1772266499.240400,31009,15,1
1,NewOrder,1772266499.240821,13488,8,1
1,NewOrder,1772266499.241106,36390,1,1
5,StockLevel,1772266499.241446,20112,14,1
1,NewOrder,1772266499.243545,13568,12,1
2,Payment,1772266499.244880,7948,4,1
5,StockLevel,1772266499.245215,23112,13,1
2,Payment,1772266499.246887,12100,9,1
5,StockLevel,1772266499.247226,18073,16,1
2,Payment,1772266499.248885,12386,10,1
2,Payment,1772266499.250105,9283,5,1
2,Payment,1772266499.250449,6582,3,1
1,NewOrder,1772266499.252845,26299,4,1
5,StockLevel,1772266499.254335,12891,8,1
1,NewOrder,1772266499.254804,25666,20,1
1,NewOrder,1772266499.256592,27089,2,1
2,Payment,1772266499.257055,8140,3,1
2,Payment,1772266499.257139,5345,12,1
1,NewOrder,1772266499.258998,34482,9,1
1,NewOrder,1772266499.259404,36987,5,1
5,StockLevel,1772266499.261285,13286,10,1
2,Payment,1772266499.261574,8773,14,1
1,NewOrder,1772266499.262372,19103,18,1
2,Payment,1772266499.262465,5887,21,1
4,Delivery,1772266499.262509,9245,12,1
2,Payment,1772266499.262901,7032,0,1
1,NewOrder,1772266499.265221,22693,3,1
1,NewOrder,1772266499.265325,17195,16,1
1,NewOrder,1772266499.265501,19549,6,1
1,NewOrder,1772266499.265513,32589,7,1
1,NewOrder,1772266499.267242,26739,8,1
2,Payment,1772266499.267561,6539,17,1
1,NewOrder,1772266499.268351,29432,13,1
2,Payment,1772266499.268379,5275,21,1
2,Payment,1772266499.269959,16611,0,1
1,NewOrder,1772266499.270362,38111,14,1
2,Payment,1772266499.270455,8255,22,1
1,NewOrder,1772266499.271417,35499,15,1
1,NewOrder,1772266499.271775,28868,12,1
5,StockLevel,1772266499.273689,18698,21,1
1,NewOrder,1772266499.274125,27501,17,1
1,NewOrder,1772266499.274597,31875,10,1
2,Payment,1772266499.274912,7951,11,1
1,NewOrder,1772266499.277514,21489,1,1
1,NewOrder,1772266499.278736,22859,22,1
5,StockLevel,1772266499.279158,27694,4,1
1,NewOrder,1772266499.280496,17878,20,1
1,NewOrder,1772266499.281077,16756,23,1
1,NewOrder,1772266499.281493,31018,18,1
4,Delivery,1772266499.281997,15806,19,1
2,Payment,1772266499.282534,13021,16,1
1,NewOrder,1772266499.282877,25218,11,1
2,Payment,1772266499.283706,9413,2,1
1,NewOrder,1772266499.285062,29730,6,1
1,NewOrder,1772266499.286609,28106,0,1
1,NewOrder,1772266499.287939,27793,3,1
2,Payment,1772266499.292418,12043,21,1
2,Payment,1772266499.293146,11681,2,1
2,Payment,1772266499.293504,9172,9,1
5,StockLevel,1772266499.294010,5992,8,1
2,Payment,1772266499.295579,9292,16,1
1,NewOrder,1772266499.296417,18430,5,1
2,Payment,1772266499.297812,14602,13,1
1,NewOrder,1772266499.297823,25505,19,1
1,NewOrder,1772266499.297858,13856,23,1
2,Payment,1772266499.298124,8830,7,1
2,Payment,1772266499.298397,16362,20,1
2,Payment,1772266499.299022,17146,1,1
1,NewOrder,1772266499.300021,44438,8,1
1,NewOrder,1772266499.300675,14191,12,1
2,Payment,1772266499.301623,18731,22,1
2,Payment,1772266499.301648,18222,17,1
5,StockLevel,1772266499.302691,14633,9,1
2,Payment,1772266499.304487,22715,21,1
2,Payment,1772266499.304853,9328,2,1
2,Payment,1772266499.304897,16844,16,1
1,NewOrder,1772266499.306489,22725,10,1
2,Payment,1772266499.306875,13442,4,1
2,Payment,1772266499.306941,24153,15,1
1,NewOrder,1772266499.306973,21866,7,1
5,StockLevel,1772266499.308126,12697,11,1
4,Delivery,1772266499.308498,36707,14,1
5,StockLevel,1772266499.311739,2631,23,1
2,Payment,1772266499.312440,25066,13,1
2,Payment,1772266499.312537,28034,18,1
1,NewOrder,1772266499.314205,24350,2,1
2,Payment,1772266499.314387,35538,23,1
1,NewOrder,1772266499.314728,22091,0,1
2,Payment,1772266499.314785,32708,20,1
1,NewOrder,1772266499.314818,14520,6,1
1,NewOrder,1772266499.314863,32580,5,1
2,Payment,1772266499.314885,8826,12,1
1,NewOrder,1772266499.315747,21727,3,1
2,Payment,1772266499.316187,5802,1,1
1,NewOrder,1772266499.317339,15535,9,1
1,NewOrder,1772266499.319886,19368,17,1
1,NewOrder,1772266499.320334,31036,4,1
1,NewOrder,1772266499.320380,47825,22,1
4,Delivery,1772266499.320839,34161,11,1
2,Payment,1772266499.321759,23473,16,1
2,Payment,1772266499.322005,6536,1,1
1,NewOrder,1772266499.323350,27989,19,1
2,Payment,1772266499.323726,23356,12,1
1,NewOrder,1772266499.327221,32556,21,1
1,NewOrder,1772266499.328577,31541,1,1
1,NewOrder,1772266499.328853,19185,7,1
1,NewOrder,1772266499.329228,43275,10,1
4,Delivery,1772266499.329364,26134,6,1
1,NewOrder,1772266499.331121,47371,15,1
5,StockLevel,1772266499.332892,7512,9,1
3,OrderStatus,1772266499.336848,9689,0,1
1,NewOrder,1772266499.337493,34106,3,1
1,NewOrder,1772266499.337524,50395,13,1
2,Payment,1772266499.338582,2963,2,1
1,NewOrder,1772266499.339279,10065,17,1
3,OrderStatus,1772266499.340422,2843,9,1
2,Payment,1772266499.340589,13140,18,1
2,Payment,1772266499.341565,3629,2,1
1,NewOrder,1772266499.343283,16155,9,1
2,Payment,1772266499.344476,15027,8,1
2,Payment,1772266499.345209,7694,2,1
2,Payment,1772266499.345225,6167,14,1
1,NewOrder,1772266499.345248,36390,16,1
1,NewOrder,1772266499.346563,38668,0,1
1,NewOrder,1772266499.347104,34000,12,1
4,Delivery,1772266499.347458,61805,5,1
2,Payment,1772266499.347518,11543,20,1
2,Payment,1772266499.348064,15844,7,1
5,StockLevel,1772266499.349353,9072,17,1
1,NewOrder,1772266499.349944,36754,23,1
1,NewOrder,1772266499.351356,33367,19,1
2,Payment,1772266499.351383,6436,4,1
2,Payment,1772266499.351413,3079,14,1
1,NewOrder,1772266499.352919,24034,2,1
1,NewOrder,1772266499.353745,25208,18,1
2,Payment,1772266499.354509,6197,14,1
1,NewOrder,1772266499.355022,18137,11,1
1,NewOrder,1772266499.355514,31818,6,1
1,NewOrder,1772266499.357835,25407,4,1
2,Payment,1772266499.358435,5963,17,1
1,NewOrder,1772266499.359079,26547,20,1
2,Payment,1772266499.359457,7850,9,1
1,NewOrder,1772266499.359519,24137,8,1
1,NewOrder,1772266499.359794,23836,21,1
2,Payment,1772266499.360131,4297,1,1
2,Payment,1772266499.360719,5695,14,1
2,Payment,1772266499.363923,10753,7,1
2,Payment,1772266499.364414,6130,17,1
4,Delivery,1772266499.364454,45315,1,1
1,NewOrder,1772266499.366431,27165,14,1
1,NewOrder,1772266499.367321,22858,9,1
2,Payment,1772266499.368223,7779,22,1
4,Delivery,1772266499.370557,62701,17,1
2,Payment,1772266499.371615,7878,3,1
1,NewOrder,1772266499.372522,19792,10,1
2,Payment,1772266499.373174,6563,11,1
1,NewOrder,1772266499.374697,20141,7,1
2,Payment,1772266499.376016,10200,22,1
1,NewOrder,1772266499.376979,18159,2,1
1,NewOrder,1772266499.378511,16645,15,1
2,Payment,1772266499.378968,9384,18,1
2,Payment,1772266499.379504,7168,3,1
3,OrderStatus,1772266499.379748,7739,11,1
1,NewOrder,1772266499.381127,27754,12,1
5,StockLevel,1772266499.381650,13097,16,1
1,NewOrder,1772266499.383260,17489,4,1
2,Payment,1772266499.383648,7850,21,1
5,StockLevel,1772266499.383676,14482,8,1
1,NewOrder,1772266499.384747,18250,19,1
4,Delivery,1772266499.385248,24452,0,1
1,NewOrder,1772266499.385645,13631,20,1
2,Payment,1772266499.386234,6597,22,1
1,NewOrder,1772266499.386688,23474,3,1
1,NewOrder,1772266499.386712,17145,23,1
1,NewOrder,1772266499.387348,27535,6,1
2,Payment,1772266499.387506,7364,11,1
2,Payment,1772266499.387934,6357,13,1
2,Payment,1772266499.388365,9880,18,1
2,Payment,1772266499.390205,6126,9,1
2,Payment,1772266499.391524,8229,21,1
2,Payment,1772266499.392327,6385,10,1
2,Payment,1772266499.392848,10118,22,1
1,NewOrder,1772266499.393614,45873,14,1
2,Payment,1772266499.394310,8222,13,1
2,Payment,1772266499.394765,11455,16,1
2,Payment,1772266499.394850,8192,7,1
1,NewOrder,1772266499.394893,24218,11,1
1,NewOrder,1772266499.395148,20597,2,1
2,Payment,1772266499.395170,12976,15,1
2,Payment,1772266499.396350,12952,9,1
4,Delivery,1772266499.398172,64034,8,1
3,OrderStatus,1772266499.398260,14430,18,1
2,Payment,1772266499.398729,7464,10,1
2,Payment,1772266499.399292,6168,20,1
1,NewOrder,1772266499.399772,20091,21,1
2,Payment,1772266499.400774,6871,4,1
3,OrderStatus,1772266499.402547,6865,13,1
1,NewOrder,1772266499.402982,23547,22,1
2,Payment,1772266499.403014,8744,19,1
2,Payment,1772266499.403065,8224,7,1
2,Payment,1772266499.403868,9718,23,1
1,NewOrder,1772266499.405476,26327,20,1
1,NewOrder,1772266499.406213,34182,10,1
2,Payment,1772266499.406238,6915,16,1
1,NewOrder,1772266499.407659,41040,4,1
1,NewOrder,1772266499.408164,24707,15,1
2,Payment,1772266499.408896,10268,12,1
1,NewOrder,1772266499.409282,30600,5,1
2,Payment,1772266499.409326,9081,9,1
2,Payment,1772266499.409436,12813,13,1
2,Payment,1772266499.409717,3897,0,1
1,NewOrder,1772266499.409785,30574,1,1
1,NewOrder,1772266499.410176,32137,3,1
1,NewOrder,1772266499.411314,23385,7,1
1,NewOrder,1772266499.411777,35021,19,1
2,Payment,1772266499.412702,11580,18,1
1,NewOrder,1772266499.413167,23148,16,1
1,NewOrder,1772266499.413604,31087,23,1
3,OrderStatus,1772266499.413632,8575,0,1
1,NewOrder,1772266499.414897,37568,6,1
4,Delivery,1772266499.415762,34021,2,1
1,NewOrder,1772266499.418425,28719,9,1
2,Payment,1772266499.419129,10661,11,1
1,NewOrder,1772266499.419184,13951,12,1
2,Payment,1772266499.419877,10328,21,1
2,Payment,1772266499.422227,9544,0,1
1,NewOrder,1772266499.422269,30227,13,1
1,NewOrder,1772266499.424307,23846,18,1
2,Payment,1772266499.426554,8970,22,1
2,Payment,1772266499.429805,8599,11,1
1,NewOrder,1772266499.430222,19642,21,1
3,OrderStatus,1772266499.431797,7505,0,1
1,NewOrder,1772266499.431829,23556,20,1
1,NewOrder,1772266499.432889,17938,15,1
1,NewOrder,1772266499.433151,31298,12,1
1,NewOrder,1772266499.433284,20353,17,1
2,Payment,1772266499.434732,9160,7,1
2,Payment,1772266499.435547,7086,22,1
1,NewOrder,1772266499.436341,51560,16,1
1,NewOrder,1772266499.438422,49422,11,1
2,Payment,1772266499.439328,7790,0,1
1,NewOrder,1772266499.439509,18647,14,1
3,OrderStatus,1772266499.439895,8554,5,1
1,NewOrder,1772266499.440377,22670,1,1
1,NewOrder,1772266499.440420,27456,10,1
3,OrderStatus,1772266499.442338,6785,3,1
2,Payment,1772266499.442650,6616,22,1
2,Payment,1772266499.443910,5855,7,1
2,Payment,1772266499.444710,12843,23,1
2,Payment,1772266499.446819,15293,19,1
1,NewOrder,1772266499.447134,42021,0,1
2,Payment,1772266499.447168,6895,9,1
1,NewOrder,1772266499.448171,58168,18,1
1,NewOrder,1772266499.448460,40722,5,1
2,Payment,1772266499.448723,8862,4,1
1,NewOrder,1772266499.449149,58832,3,1
1,NewOrder,1772266499.449281,61001,22,1
2,Payment,1772266499.449785,8400,7,1
1,NewOrder,1772266499.449796,38946,2,1
2,Payment,1772266499.449881,14981,21,1
3,OrderStatus,1772266499.450853,13440,15,1
1,NewOrder,1772266499.452476,39978,6,1
2,Payment,1772266499.452514,9123,13,1
5,StockLevel,1772266499.453657,34580,17,1
1,NewOrder,1772266499.454076,46023,9,1
2,Payment,1772266499.455399,50156,20,1
2,Payment,1772266499.457569,40658,23,1
1,NewOrder,1772266499.457610,40502,4,1
2,Payment,1772266499.458180,9512,14,1
2,Payment,1772266499.458203,8731,7,1
2,Payment,1772266499.461653,33554,13,1
2,Payment,1772266499.462129,26999,19,1
1,NewOrder,1772266499.462223,38263,8,1
2,Payment,1772266499.463056,27318,1,1
5,StockLevel,1772266499.464317,25773,15,1
4,Delivery,1772266499.464460,33861,12,1
2,Payment,1772266499.464878,36608,21,1
2,Payment,1772266499.466951,27734,7,1
5,StockLevel,1772266499.467721,20653,14,1
1,NewOrder,1772266499.467898,43665,10,1
2,Payment,1772266499.487872,9581,11,1
4,Delivery,1772266499.487917,10740,16,1
2,Payment,1772266499.488262,8728,17,1
1,NewOrder,1772266499.488378,28257,14,1
1,NewOrder,1772266499.488761,22028,2,1
1,NewOrder,1772266499.489146,21715,19,1
5,StockLevel,1772266499.489164,20620,0,1
1,NewOrder,1772266499.489199,20579,5,1
1,NewOrder,1772266499.490098,36361,15,1
1,NewOrder,1772266499.490393,33401,1,1
2,Payment,1772266499.492477,11105,6,1
1,NewOrder,1772266499.494692,18194,7,1
1,NewOrder,1772266499.495226,30231,13,1
1,NewOrder,1772266499.497004,26839,17,1
2,Payment,1772266499.497476,8921,11,1
2,Payment,1772266499.498125,6440,4,1
2,Payment,1772266499.498245,10633,23,1
2,Payment,1772266499.498349,8849,12,1
1,NewOrder,1772266499.498667,26709,16,1
2,Payment,1772266499.500130,21023,9,1
2,Payment,1772266499.500502,18622,8,1
1,NewOrder,1772266499.501514,19028,21,1
2,Payment,1772266499.503608,12065,6,1
1,NewOrder,1772266499.504579,20785,4,1
1,NewOrder,1772266499.505574,38769,20,1
1,NewOrder,1772266499.506353,23735,18,1
3,OrderStatus,1772266499.506425,5847,11,1
1,NewOrder,1772266499.507208,16092,12,1
2,Payment,1772266499.508008,7006,3,1
2,Payment,1772266499.508902,9598,23,1
4,Delivery,1772266499.509803,53849,5,1
3,OrderStatus,1772266499.509811,5526,0,1
2,Payment,1772266499.510298,10919,22,1
1,NewOrder,1772266499.510815,31716,2,1
1,NewOrder,1772266499.510892,16834,19,1
4,Delivery,1772266499.511588,51145,10,1
4,Delivery,1772266499.512291,50903,11,1
4,Delivery,1772266499.512903,50569,7,1
4,Delivery,1772266499.515034,50071,3,1
1,NewOrder,1772266499.515350,33042,0,1
2,Payment,1772266499.515698,9346,6,1
1,NewOrder,1772266499.516649,33050,14,1
1,NewOrder,1772266499.518527,35396,23,1
2,Payment,1772266499.519143,7777,8,1
1,NewOrder,1772266499.520556,19690,21,1
1,NewOrder,1772266499.521178,19039,9,1
1,NewOrder,1772266499.521234,18229,22,1
1,NewOrder,1772266499.523314,31220,12,1
1,NewOrder,1772266499.523810,25792,1,1
2,Payment,1772266499.523870,5843,17,1
2,Payment,1772266499.525070,11509,6,1
2,Payment,1772266499.525391,5382,4,1
2,Payment,1772266499.525401,5809,16,1
2,Payment,1772266499.525472,7193,13,1
1,NewOrder,1772266499.526484,16373,15,1
2,Payment,1772266499.526947,14426,8,1
1,NewOrder,1772266499.527750,19216,19,1
2,Payment,1772266499.529735,7378,17,1
2,Payment,1772266499.530108,7497,18,1
2,Payment,1772266499.530798,6841,4,1
2,Payment,1772266499.531228,8851,16,1
2,Payment,1772266499.532681,9487,13,1
1,NewOrder,1772266499.536604,30692,6,1
1,NewOrder,1772266499.537138,30135,17,1
1,NewOrder,1772266499.537632,28355,18,1
1,NewOrder,1772266499.537665,24529,4,1
1,NewOrder,1772266499.539489,19421,22,1
1,NewOrder,1772266499.540106,21443,16,1
2,Payment,1772266499.540242,7404,9,1
1,NewOrder,1772266499.540272,19185,21,1
2,Payment,1772266499.541384,8545,8,1
4,Delivery,1772266499.542182,29972,13,1
2,Payment,1772266499.542550,6519,2,1
1,NewOrder,1772266499.542877,18224,15,1
2,Payment,1772266499.544368,9053,20,1
1,NewOrder,1772266499.546992,18945,19,1
4,Delivery,1772266499.547673,15725,9,1
2,Payment,1772266499.548419,8704,0,1
2,Payment,1772266499.549088,10275,2,1
2,Payment,1772266499.549615,12501,1,1
2,Payment,1772266499.549726,6771,14,1
2,Payment,1772266499.549955,5668,8,1
2,Payment,1772266499.553446,6507,20,1
1,NewOrder,1772266499.553938,26060,23,1
5,StockLevel,1772266499.554560,17064,12,1
1,NewOrder,1772266499.555649,35498,8,1
1,NewOrder,1772266499.556523,34943,14,1
2,Payment,1772266499.557149,11292,0,1
2,Payment,1772266499.558922,8787,22,1
2,Payment,1772266499.559381,6143,2,1
2,Payment,1772266499.559474,11340,21,1
2,Payment,1772266499.559978,9134,20,1
2,Payment,1772266499.561123,9174,15,1
2,Payment,1772266499.561575,13667,16,1
5,StockLevel,1772266499.562131,22792,1,1
1,NewOrder,1772266499.562209,30875,4,1
2,Payment,1772266499.562747,8545,10,1
1,NewOrder,1772266499.563208,21964,11,1
2,Payment,1772266499.563418,10432,9,1
3,OrderStatus,1772266499.563493,2332,7,1
1,NewOrder,1772266499.563667,26235,5,1
2,Payment,1772266499.565126,8269,3,1
5,StockLevel,1772266499.565550,15679,2,1
1,NewOrder,1772266499.565850,21268,7,1
1,NewOrder,1772266499.565963,22260,19,1
1,NewOrder,1772266499.566005,27458,18,1
2,Payment,1772266499.567292,10339,17,1
2,Payment,1772266499.567311,8491,6,1
4,Delivery,1772266499.567725,48302,22,1
2,Payment,1772266499.568460,10047,0,1
1,NewOrder,1772266499.569138,20713,20,1
1,NewOrder,1772266499.570324,27130,15,1
2,Payment,1772266499.570831,8447,21,1
1,NewOrder,1772266499.571307,16565,10,1
5,StockLevel,1772266499.571649,13400,12,1
1,NewOrder,1772266499.572177,32409,13,1
1,NewOrder,1772266499.573421,43607,3,1
1,NewOrder,1772266499.573877,24014,9,1
2,Payment,1772266499.575257,12994,16,1
1,NewOrder,1772266499.575828,33457,6,1
1,NewOrder,1772266499.577649,18442,17,1
1,NewOrder,1772266499.578524,41530,0,1
1,NewOrder,1772266499.579293,27204,21,1
2,Payment,1772266499.580009,6075,23,1
2,Payment,1772266499.581264,8155,2,1
1,NewOrder,1772266499.584945,36879,1,1
1,NewOrder,1772266499.585072,31922,12,1
2,Payment,1772266499.585187,7017,11,1
1,NewOrder,1772266499.586109,19382,23,1
1,NewOrder,1772266499.587144,37979,7,1
2,Payment,1772266499.587898,7423,10,1
1,NewOrder,1772266499.588236,22000,19,1
1,NewOrder,1772266499.588276,33589,16,1
2,Payment,1772266499.589445,8054,2,1
1,NewOrder,1772266499.589874,32357,20,1
2,Payment,1772266499.589928,10400,5,1
1,NewOrder,1772266499.591173,19879,8,1
2,Payment,1772266499.591491,7634,14,1
3,OrderStatus,1772266499.592231,8509,11,1
2,Payment,1772266499.593100,9402,4,1
2,Payment,1772266499.593489,7175,18,1
2,Payment,1772266499.595348,6579,10,1
1,NewOrder,1772266499.596115,34234,17,1
2,Payment,1772266499.597468,12337,15,1
2,Payment,1772266499.597525,7628,2,1
2,Payment,1772266499.597908,8614,9,1
1,NewOrder,1772266499.599140,29315,14,1
2,Payment,1772266499.600354,9498,5,1
2,Payment,1772266499.600682,12909,18,1
5,StockLevel,1772266499.600754,16967,11,1
1,NewOrder,1772266499.601948,33293,10,1
1,NewOrder,1772266499.602521,29034,4,1
1,NewOrder,1772266499.604611,19571,13,1
1,NewOrder,1772266499.605176,34520,2,1
5,StockLevel,1772266499.605505,19301,23,1
2,Payment,1772266499.606513,9087,21,1
1,NewOrder,1772266499.606533,23781,9,1
2,Payment,1772266499.609307,6702,6,1
1,NewOrder,1772266499.609822,17660,15,1
1,NewOrder,1772266499.609866,44724,5,1
2,Payment,1772266499.610255,10239,19,1
1,NewOrder,1772266499.611077,32751,8,1
4,Delivery,1772266499.613617,4774,18,1
2,Payment,1772266499.615625,6994,21,1
2,Payment,1772266499.616034,7369,6,1
1,NewOrder,1772266499.616042,31317,22,1
2,Payment,1772266499.617017,9672,12,1
1,NewOrder,1772266499.617042,35520,3,1
2,Payment,1772266499.617732,8536,11,1
2,Payment,1772266499.618410,8440,18,1
1,NewOrder,1772266499.620078,21722,0,1
1,NewOrder,1772266499.620514,31394,19,1
1,NewOrder,1772266499.621850,19991,1,1
2,Payment,1772266499.621881,7819,16,1
1,NewOrder,1772266499.622246,19536,20,1
1,NewOrder,1772266499.622636,18682,21,1
2,Payment,1772266499.623429,7807,6,1
4,Delivery,1772266499.624208,24885,13,1
2,Payment,1772266499.624821,8813,23,1
1,NewOrder,1772266499.625138,20243,7,1
2,Payment,1772266499.626279,6664,11,1
2,Payment,1772266499.626711,7005,12,1
1,NewOrder,1772266499.626876,16489,18,1
1,NewOrder,1772266499.627506,16387,15,1
1,NewOrder,1772266499.628468,24069,14,1
4,Delivery,1772266499.629719,19757,16,1
2,Payment,1772266499.630338,16434,9,1
1,NewOrder,1772266499.630375,34226,17,1
2,Payment,1772266499.631261,10553,6,1
2,Payment,1772266499.631570,7153,4,1
1,NewOrder,1772266499.632962,23289,11,1
1,NewOrder,1772266499.633650,25025,23,1
1,NewOrder,1772266499.633730,19628,12,1
2,Payment,1772266499.635255,14163,10,1
1,NewOrder,1772266499.638738,28972,4,1
1,NewOrder,1772266499.639713,18082,2,1
1,NewOrder,1772266499.641343,36391,21,1
2,Payment,1772266499.641806,5401,20,1
1,NewOrder,1772266499.641826,20214,0,1
2,Payment,1772266499.641837,10672,6,1
2,Payment,1772266499.641857,5310,1,1
2,Payment,1772266499.643381,9218,18,1
5,StockLevel,1772266499.643853,17398,8,1
3,OrderStatus,1772266499.643908,6654,15,1
1,NewOrder,1772266499.645407,31958,7,1
3,OrderStatus,1772266499.646795,8640,9,1
2,Payment,1772266499.647185,8245,1,1
1,NewOrder,1772266499.647226,22107,20,1
3,OrderStatus,1772266499.647386,8387,22,1
1,NewOrder,1772266499.649118,38267,13,1
1,NewOrder,1772266499.649438,31830,10,1
1,NewOrder,1772266499.649494,18589,16,1
1,NewOrder,1772266499.650580,33541,15,1
1,NewOrder,1772266499.651925,35893,19,1
1,NewOrder,1772266499.652534,16280,6,1
1,NewOrder,1772266499.652551,39691,14,1
2,Payment,1772266499.652588,8574,3,1
2,Payment,1772266499.652616,6899,18,1
2,Payment,1772266499.653384,6699,12,1
1,NewOrder,1772266499.654616,23826,5,1
2,Payment,1772266499.655452,7119,1,1
2,Payment,1772266499.655462,8349,9,1
1,NewOrder,1772266499.655798,22020,22,1
1,NewOrder,1772266499.656270,34162,11,1
1,NewOrder,1772266499.657814,29172,2,1
1,NewOrder,1772266499.658693,31641,23,1
2,Payment,1772266499.659541,8200,18,1
2,Payment,1772266499.660104,6080,12,1
1,NewOrder,1772266499.661176,26084,3,1
2,Payment,1772266499.661277,8880,8,1
2,Payment,1772266499.662052,9320,0,1
2,Payment,1772266499.662590,10270,1,1
1,NewOrder,1772266499.663837,41548,9,1
1,NewOrder,1772266499.664616,19973,17,1
4,Delivery,1772266499.666210,16135,12,1
1,NewOrder,1772266499.667724,30384,4,1
1,NewOrder,1772266499.667768,24586,18,1
1,NewOrder,1772266499.668097,30400,16,1
2,Payment,1772266499.668835,8969,6,1
2,Payment,1772266499.669359,8406,20,1
1,NewOrder,1772266499.670183,23303,8,1
2,Payment,1772266499.671388,10179,0,1
1,NewOrder,1772266499.672885,18970,1,1
1,NewOrder,1772266499.677387,26882,7,1
2,Payment,1772266499.677759,12083,21,1
1,NewOrder,1772266499.677784,27592,20,1
2,Payment,1772266499.677830,6723,6,1
1,NewOrder,1772266499.677834,30418,22,1
2,Payment,1772266499.678468,8835,5,1
1,NewOrder,1772266499.681290,18377,10,1
2,Payment,1772266499.681585,8839,0,1
2,Payment,1772266499.682371,5708,12,1
1,NewOrder,1772266499.684145,19901,15,1
2,Payment,1772266499.684568,7419,6,1
2,Payment,1772266499.684615,7271,17,1
1,NewOrder,1772266499.687013,20440,2,1
2,Payment,1772266499.687286,8547,3,1
1,NewOrder,1772266499.687329,39569,5,1
4,Delivery,1772266499.687398,21372,13,1
1,NewOrder,1772266499.687844,41313,19,1
2,Payment,1772266499.688096,8508,12,1
1,NewOrder,1772266499.689862,34739,21,1
5,StockLevel,1772266499.690351,13939,23,1
1,NewOrder,1772266499.690431,22801,0,1
4,Delivery,1772266499.690457,60171,11,1
1,NewOrder,1772266499.691881,22143,1,1
1,NewOrder,1772266499.691906,30531,17,1
1,NewOrder,1772266499.692007,20088,6,1
4,Delivery,1772266499.692249,16874,14,1
1,NewOrder,1772266499.692381,36292,18,1
2,Payment,1772266499.693505,7250,8,1
1,NewOrder,1772266499.695847,17431,3,1
2,Payment,1772266499.696629,6820,12,1
1,NewOrder,1772266499.698135,30998,4,1
2,Payment,1772266499.698514,9515,16,1
1,NewOrder,1772266499.699686,50898,10,1
1,NewOrder,1772266499.700767,33250,8,1
2,Payment,1772266499.703473,6331,12,1
2,Payment,1772266499.704067,9562,15,1
2,Payment,1772266499.704300,11647,7,1
2,Payment,1772266499.704305,9763,23,1
2,Payment,1772266499.705387,10107,20,1
1,NewOrder,1772266499.705400,40790,9,1
2,Payment,1772266499.707479,6699,2,1
1,NewOrder,1772266499.708044,38864,16,1
1,NewOrder,1772266499.708269,16668,22,1
2,Payment,1772266499.708785,11854,13,1
2,Payment,1772266499.709139,6839,14,1
1,NewOrder,1772266499.709836,16473,12,1
2,Payment,1772266499.712109,6079,6,1
1,NewOrder,1772266499.713258,37826,0,1
5,StockLevel,1772266499.713304,24151,3,1
1,NewOrder,1772266499.713654,30944,15,1
2,Payment,1772266499.714034,6284,1,1
1,NewOrder,1772266499.714082,32601,23,1
2,Payment,1772266499.714202,7852,2,1
2,Payment,1772266499.715511,5132,20,1
4,Delivery,1772266499.715974,35036,7,1
1,NewOrder,1772266499.716003,24049,14,1
3,OrderStatus,1772266499.718215,6696,6,1
1,NewOrder,1772266499.720345,22905,1,1
1,NewOrder,1772266499.720663,19020,13,1
1,NewOrder,1772266499.720664,32984,20,1
1,NewOrder,1772266499.722079,28469,2,1
2,Payment,1772266499.722449,6980,17,1
2,Payment,1772266499.724627,8647,21,1
2,Payment,1772266499.724926,6491,6,1
1,NewOrder,1772266499.724952,17089,22,1
3,OrderStatus,1772266499.726327,5607,12,1
1,NewOrder,1772266499.726924,36943,5,1
5,StockLevel,1772266499.728695,25051,18,1
1,NewOrder,1772266499.729157,26609,4,1
2,Payment,1772266499.729176,10909,19,1
2,Payment,1772266499.729446,8116,17,1
1,NewOrder,1772266499.731434,19217,6,1
1,NewOrder,1772266499.731953,19362,12,1
2,Payment,1772266499.733293,9775,21,1
2,Payment,1772266499.734043,7342,8,1
1,NewOrder,1772266499.737481,27619,3,1
1,NewOrder,1772266499.737580,25273,17,1
2,Payment,1772266499.739709,10704,13,1
5,StockLevel,1772266499.740080,19918,14,1
2,Payment,1772266499.740106,8953,19,1
1,NewOrder,1772266499.741402,20848,8,1
1,NewOrder,1772266499.742061,30104,22,1
1,NewOrder,1772266499.743094,26709,21,1
2,Payment,1772266499.743269,7941,1,1
4,Delivery,1772266499.744625,34999,15,1
1,NewOrder,1772266499.746209,46509,9,1
1,NewOrder,1772266499.746703,27923,23,1
5,StockLevel,1772266499.746932,15544,16,1
2,Payment,1772266499.749085,12096,19,1
1,NewOrder,1772266499.750438,37866,13,1
1,NewOrder,1772266499.750567,29558,2,1
2,Payment,1772266499.750601,4563,10,1
2,Payment,1772266499.750646,5996,11,1
1,NewOrder,1772266499.750667,30420,6,1
1,NewOrder,1772266499.751025,30345,7,1
2,Payment,1772266499.751098,8779,0,1
2,Payment,1772266499.751236,11633,1,1
1,NewOrder,1772266499.751333,27440,12,1
2,Payment,1772266499.753661,9532,20,1
3,OrderStatus,1772266499.753773,8353,18,1
1,NewOrder,1772266499.755182,31196,10,1
1,NewOrder,1772266499.755791,37467,4,1
3,OrderStatus,1772266499.756661,5151,11,1
1,NewOrder,1772266499.759903,42916,0,1
1,NewOrder,1772266499.760010,30505,14,1
2,Payment,1772266499.761201,9019,19,1
2,Payment,1772266499.761827,7250,11,1
1,NewOrder,1772266499.762142,39363,18,1
3,OrderStatus,1772266499.762270,8512,8,1
1,NewOrder,1772266499.762488,30740,16,1
1,NewOrder,1772266499.762867,33227,17,1
2,Payment,1772266499.762895,5616,1,1
2,Payment,1772266499.763211,9350,20,1
1,NewOrder,1772266499.763889,27022,5,1
2,Payment,1772266499.765117,10705,3,1
2,Payment,1772266499.768529,10709,1,1
2,Payment,1772266499.769103,6257,11,1
2,Payment,1772266499.769823,11175,21,1
1,NewOrder,1772266499.770238,40698,19,1
1,NewOrder,1772266499.770802,47483,8,1
2,Payment,1772266499.772184,12709,22,1
2,Payment,1772266499.772576,10153,20,1
1,NewOrder,1772266499.774640,27442,23,1
5,StockLevel,1772266499.775386,14431,11,1
2,Payment,1772266499.775834,9904,3,1
2,Payment,1772266499.778797,6988,12,1
2,Payment,1772266499.779263,8125,1,1
5,StockLevel,1772266499.779645,14773,15,1
1,NewOrder,1772266499.780148,21914,2,1
4,Delivery,1772266499.781014,48438,21,1
1,NewOrder,1772266499.781094,29209,6,1
1,NewOrder,1772266499.781385,12975,7,1
1,NewOrder,1772266499.782746,19313,20,1
1,NewOrder,1772266499.784912,31122,22,1
1,NewOrder,1772266499.785753,37142,3,1
1,NewOrder,1772266499.785810,16296,12,1
1,NewOrder,1772266499.786405,32312,10,1
1,NewOrder,1772266499.787413,21504,1,1
1,NewOrder,1772266499.788317,41499,13,1
2,Payment,1772266499.789850,7218,11,1
2,Payment,1772266499.790548,8912,14,1
1,NewOrder,1772266499.790928,23272,5,1
2,Payment,1772266499.792735,10872,9,1
2,Payment,1772266499.793245,11363,16,1
2,Payment,1772266499.793278,10366,4,1
1,NewOrder,1772266499.794375,37670,7,1
2,Payment,1772266499.794431,12550,15,1
2,Payment,1772266499.796118,14609,17,1
1,NewOrder,1772266499.797093,17453,11,1
1,NewOrder,1772266499.799482,38550,14,1
4,Delivery,1772266499.801532,28354,18,1
3,OrderStatus,1772266499.802087,6860,20,1
1,NewOrder,1772266499.802091,20377,2,1
2,Payment,1772266499.802107,7815,23,1
2,Payment,1772266499.802126,11110,12,1
3,OrderStatus,1772266499.802836,9210,0,1
2,Payment,1772266499.803621,9153,9,1
1,NewOrder,1772266499.803670,34769,4,1
2,Payment,1772266499.804626,10893,16,1
2,Payment,1772266499.807003,10157,15,1
1,NewOrder,1772266499.808930,16190,1,1
1,NewOrder,1772266499.808973,25102,20,1
1,NewOrder,1772266499.809956,23611,23,1
1,NewOrder,1772266499.810321,33731,6,1
1,NewOrder,1772266499.810741,28064,17,1
2,Payment,1772266499.810955,9159,19,1
2,Payment,1772266499.812058,8853,0,1
1,NewOrder,1772266499.812799,39741,9,1
2,Payment,1772266499.813248,5374,12,1
1,NewOrder,1772266499.814225,33381,5,1
2,Payment,1772266499.814561,7032,11,1
1,NewOrder,1772266499.815543,35981,16,1
1,NewOrder,1772266499.816060,27994,22,1
2,Payment,1772266499.817185,6648,15,1
1,NewOrder,1772266499.818311,25362,8,1
1,NewOrder,1772266499.818632,32918,12,1
1,NewOrder,1772266499.818733,21012,10,1
1,NewOrder,1772266499.820132,25660,19,1
2,Payment,1772266499.820938,9694,0,1
1,NewOrder,1772266499.821619,30339,11,1
2,Payment,1772266499.822495,12119,2,1
1,NewOrder,1772266499.822912,27982,3,1
1,NewOrder,1772266499.823853,34690,15,1
2,Payment,1772266499.825147,11677,1,1
1,NewOrder,1772266499.829468,22161,21,1
1,NewOrder,1772266499.829839,23819,13,1
2,Payment,1772266499.829908,2773,18,1
1,NewOrder,1772266499.830651,27511,0,1
2,Payment,1772266499.832063,9890,7,1
1,NewOrder,1772266499.832698,32840,18,1
1,NewOrder,1772266499.833582,32278,23,1
1,NewOrder,1772266499.834086,20108,20,1
1,NewOrder,1772266499.834624,29375,2,1
1,NewOrder,1772266499.836849,15070,1,1
1,NewOrder,1772266499.838059,39878,14,1
3,OrderStatus,1772266499.838454,8640,4,1
2,Payment,1772266499.838830,7394,17,1
1,NewOrder,1772266499.839760,21380,10,1
1,NewOrder,1772266499.841970,32531,7,1
2,Payment,1772266499.843700,8315,8,1
1,NewOrder,1772266499.844081,18198,6,1
1,NewOrder,1772266499.844083,21796,22,1
5,StockLevel,1772266499.845815,19696,19,1
1,NewOrder,1772266499.846240,28668,17,1
1,NewOrder,1772266499.847116,23970,4,1
1,NewOrder,1772266499.847632,19948,5,1
1,NewOrder,1772266499.850920,36326,3,1
2,Payment,1772266499.851549,9152,16,1
2,Payment,1772266499.851564,7064,12,1
1,NewOrder,1772266499.851656,35051,21,1
3,OrderStatus,1772266499.851944,7818,1,1
1,NewOrder,1772266499.851984,27387,11,1
2,Payment,1772266499.852029,6504,8,1
1,NewOrder,1772266499.852555,30884,9,1
2,Payment,1772266499.853704,13846,13,1
2,Payment,1772266499.854206,6963,20,1
1,NewOrder,1772266499.858188,25119,0,1
2,Payment,1772266499.858561,8620,8,1
2,Payment,1772266499.858563,7250,15,1
2,Payment,1772266499.858651,10733,12,1
1,NewOrder,1772266499.859787,22834,1,1
1,NewOrder,1772266499.860718,24016,16,1
1,NewOrder,1772266499.861155,32191,10,1
2,Payment,1772266499.861195,6489,20,1
1,NewOrder,1772266499.862304,25342,6,1
2,Payment,1772266499.864025,8062,2,1
2,Payment,1772266499.865529,12774,19,1
1,NewOrder,1772266499.865564,34175,18,1
1,NewOrder,1772266499.865838,34776,15,1
2,Payment,1772266499.865885,16068,23,1
1,NewOrder,1772266499.865903,24195,22,1
2,Payment,1772266499.867192,9711,8,1
2,Payment,1772266499.867565,14415,13,1
5,StockLevel,1772266499.867604,17022,5,1
1,NewOrder,1772266499.867710,21200,20,1
2,Payment,1772266499.869412,6880,12,1
5,StockLevel,1772266499.871101,18544,4,1
5,StockLevel,1772266499.872113,18075,2,1
1,NewOrder,1772266499.874528,33926,7,1
1,NewOrder,1772266499.874933,32886,17,1
1,NewOrder,1772266499.876318,31580,12,1
2,Payment,1772266499.876916,8094,8,1
1,NewOrder,1772266499.877963,18834,14,1
1,NewOrder,1772266499.878330,46119,19,1
2,Payment,1772266499.879403,8212,11,1
1,NewOrder,1772266499.881976,29877,23,1
4,Delivery,1772266499.881998,28950,13,1
2,Payment,1772266499.882645,7933,1,1
2,Payment,1772266499.883332,8624,0,1
2,Payment,1772266499.883465,7706,9,1
2,Payment,1772266499.884641,9365,5,1
4,Delivery,1772266499.884760,26644,16,1
1,NewOrder,1772266499.885037,22137,8,1
5,StockLevel,1772266499.886732,20195,21,1
2,Payment,1772266499.887272,9084,3,1
3,OrderStatus,1772266499.887630,6157,11,1
1,NewOrder,1772266499.887662,34088,6,1
2,Payment,1772266499.888936,7783,20,1
2,Payment,1772266499.889665,8610,4,1
2,Payment,1772266499.890124,9587,22,1
3,OrderStatus,1772266499.890206,6060,2,1
4,Delivery,1772266499.890604,31484,1,1
1,NewOrder,1772266499.891197,44100,9,1
3,OrderStatus,1772266499.891974,5856,0,1
1,NewOrder,1772266499.893365,35959,10,1
2,Payment,1772266499.893817,9317,11,1
1,NewOrder,1772266499.894022,33359,5,1
2,Payment,1772266499.896288,9029,2,1
1,NewOrder,1772266499.896382,30002,3,1
2,Payment,1772266499.896741,9783,20,1
1,NewOrder,1772266499.896820,39398,14,1
1,NewOrder,1772266499.897850,22062,0,1
1,NewOrder,1772266499.898289,21580,4,1
2,Payment,1772266499.899727,13151,22,1
2,Payment,1772266499.899764,11592,18,1
1,NewOrder,1772266499.900627,36670,15,1
1,NewOrder,1772266499.903160,36839,11,1
1,NewOrder,1772266499.905335,16786,2,1
1,NewOrder,1772266499.906550,21898,20,1
1,NewOrder,1772266499.906940,24625,21,1
1,NewOrder,1772266499.907197,38509,8,1
2,Payment,1772266499.907845,7233,17,1
2,Payment,1772266499.907925,9273,12,1
1,NewOrder,1772266499.908470,23790,7,1
2,Payment,1772266499.910961,8417,13,1
1,NewOrder,1772266499.911382,20372,18,1
1,NewOrder,1772266499.911425,28153,16,1
1,NewOrder,1772266499.911875,21869,23,1
1,NewOrder,1772266499.912908,32412,22,1
2,Payment,1772266499.915103,8434,17,1
2,Payment,1772266499.917223,8471,12,1
2,Payment,1772266499.919403,8984,13,1
2,Payment,1772266499.919880,8345,4,1
2,Payment,1772266499.919938,11522,0,1
2,Payment,1772266499.921774,9311,6,1
1,NewOrder,1772266499.922101,20228,1,1
2,Payment,1772266499.922145,15742,2,1
1,NewOrder,1772266499.923555,19812,17,1
2,Payment,1772266499.924474,8825,19,1
1,NewOrder,1772266499.925719,25034,12,1
1,NewOrder,1772266499.926410,23754,3,1
2,Payment,1772266499.927406,8236,5,1
1,NewOrder,1772266499.928251,21301,4,1
5,StockLevel,1772266499.928412,19731,13,1
2,Payment,1772266499.928474,9478,20,1
2,Payment,1772266499.929349,8571,10,1
1,NewOrder,1772266499.931110,34688,6,1
1,NewOrder,1772266499.931486,24837,0,1
3,OrderStatus,1772266499.931589,5804,21,1
2,Payment,1772266499.931770,8214,18,1
1,NewOrder,1772266499.932276,36260,7,1
2,Payment,1772266499.933325,8277,19,1
1,NewOrder,1772266499.933771,36522,23,1
1,NewOrder,1772266499.935324,35009,9,1
1,NewOrder,1772266499.935668,17898,5,1
1,NewOrder,1772266499.936230,31506,14,1
1,NewOrder,1772266499.937323,19356,15,1
1,NewOrder,1772266499.937411,34631,21,1
2,Payment,1772266499.937911,5968,2,1
1,NewOrder,1772266499.937944,19908,10,1
1,NewOrder,1772266499.937974,20394,20,1
1,NewOrder,1772266499.939593,42411,16,1
1,NewOrder,1772266499.940009,31413,18,1
2,Payment,1772266499.940015,8229,11,1
5,StockLevel,1772266499.941620,21973,19,1
2,Payment,1772266499.942344,9210,1,1
3,OrderStatus,1772266499.943393,8583,17,1
1,NewOrder,1772266499.943895,24918,2,1
1,NewOrder,1772266499.945342,36539,22,1
1,NewOrder,1772266499.945720,32597,8,1
1,NewOrder,1772266499.948158,23772,13,1
1,NewOrder,1772266499.948268,20650,11,1
2,Payment,1772266499.949576,7296,4,1
2,Payment,1772266499.950174,8685,3,1
2,Payment,1772266499.950760,7737,12,1
1,NewOrder,1772266499.951572,32735,1,1
1,NewOrder,1772266499.951987,24485,17,1
2,Payment,1772266499.953592,10691,5,1
4,Delivery,1772266499.956340,18555,0,1
2,Payment,1772266499.956700,12176,15,1
1,NewOrder,1772266499.956886,24986,4,1
5,StockLevel,1772266499.957866,19381,10,1
1,NewOrder,1772266499.958393,30436,20,1
2,Payment,1772266499.958523,16384,12,1
2,Payment,1772266499.958884,8861,3,1
5,StockLevel,1772266499.963630,17109,19,1
1,NewOrder,1772266499.964310,36065,5,1
3,OrderStatus,1772266499.965823,6608,6,1
2,Payment,1772266499.967762,9140,14,1
1,NewOrder,1772266499.967773,24400,3,1
3,OrderStatus,1772266499.968564,7483,7,1
2,Payment,1772266499.968831,5486,2,1
1,NewOrder,1772266499.968894,21070,15,1
1,NewOrder,1772266499.968945,28645,11,1
1,NewOrder,1772266499.970318,25818,23,1
2,Payment,1772266499.970361,7613,9,1
2,Payment,1772266499.971439,6907,18,1
4,Delivery,1772266499.971951,17989,13,1
3,OrderStatus,1772266499.972067,4086,21,1
2,Payment,1772266499.972457,7918,6,1
1,NewOrder,1772266499.974331,30457,2,1
2,Payment,1772266499.974922,6966,0,1
2,Payment,1772266499.974931,6443,12,1
4,Delivery,1772266499.976073,29476,7,1
2,Payment,1772266499.976179,6733,21,1
1,NewOrder,1772266499.976489,19319,17,1
2,Payment,1772266499.976928,6978,14,1
2,Payment,1772266499.977274,9455,10,1
1,NewOrder,1772266499.977992,32447,9,1
4,Delivery,1772266499.978334,27620,8,1
2,Payment,1772266499.978361,8735,18,1
1,NewOrder,1772266499.980388,19198,6,1
1,NewOrder,1772266499.980750,24867,19,1
2,Payment,1772266499.981395,8160,12,1
2,Payment,1772266499.981897,8889,4,1
2,Payment,1772266499.981899,6008,0,1
1,NewOrder,1772266499.981909,33731,22,1
2,Payment,1772266499.982015,9511,16,1
1,NewOrder,1772266499.982922,19107,21,1
4,Delivery,1772266499.983931,6380,14,1
2,Payment,1772266499.984324,8231,1,1
1,NewOrder,1772266499.986755,39620,10,1
1,NewOrder,1772266499.987115,43703,18,1
4,Delivery,1772266499.987933,15733,0,1
1,NewOrder,1772266499.988844,36245,20,1
1,NewOrder,1772266499.989573,26185,12,1
1,NewOrder,1772266499.989966,17566,13,1
1,NewOrder,1772266499.989990,22113,15,1
3,OrderStatus,1772266499.990332,2710,14,1
1,NewOrder,1772266499.990811,29773,4,1
1,NewOrder,1772266499.991547,24212,16,1
5,StockLevel,1772266499.992199,16346,3,1
1,NewOrder,1772266499.992570,32294,1,1
2,Payment,1772266499.993059,8583,14,1
2,Payment,1772266499.995831,7868,17,1
2,Payment,1772266499.996155,6879,23,1
1,NewOrder,1772266499.997604,18174,11,1
2,Payment,1772266499.999617,7887,6,1
2,Payment,1772266500.000401,6805,5,1
1,NewOrder,1772266500.001683,17776,14,1
2,Payment,1772266500.002055,6691,21,1
2,Payment,1772266500.003060,9709,23,1
2,Payment,1772266500.003686,7307,0,1
1,NewOrder,1772266500.003717,22030,17,1
1,NewOrder,1772266500.004815,30802,2,1
3,OrderStatus,1772266500.005573,7810,7,1
1,NewOrder,1772266500.005640,33247,19,1
1,NewOrder,1772266500.005970,15800,8,1
2,Payment,1772266500.007230,7393,5,1
4,Delivery,1772266500.007522,17303,6,1
2,Payment,1772266500.007554,7963,13,1
1,NewOrder,1772266500.008564,29347,3,1
1,NewOrder,1772266500.008763,28031,21,1
2,Payment,1772266500.010458,7994,9,1
2,Payment,1772266500.011008,6989,0,1
2,Payment,1772266500.012118,7892,15,1
2,Payment,1772266500.012795,7191,23,1
1,NewOrder,1772266500.013409,19970,7,1
2,Payment,1772266500.014649,7756,5,1
2,Payment,1772266500.015532,7045,13,1
2,Payment,1772266500.015647,8825,22,1
1,NewOrder,1772266500.015774,21526,16,1
1,NewOrder,1772266500.015782,22553,12,1
1,NewOrder,1772266500.015803,25362,11,1
2,Payment,1772266500.018013,6799,0,1
1,NewOrder,1772266500.018475,18811,9,1
1,NewOrder,1772266500.019485,18781,14,1
5,StockLevel,1772266500.020012,17505,23,1
5,StockLevel,1772266500.020035,16259,15,1
1,NewOrder,1772266500.020602,35814,4,1
1,NewOrder,1772266500.021794,27636,8,1
2,Payment,1772266500.022429,10237,5,1
3,OrderStatus,1772266500.022602,7940,13,1
2,Payment,1772266500.024488,7080,22,1
5,StockLevel,1772266500.024834,19413,0,1
2,Payment,1772266500.024847,6622,6,1
1,NewOrder,1772266500.024889,34557,1,1
5,StockLevel,1772266500.025102,17846,20,1
1,NewOrder,1772266500.025760,25583,17,1
2,Payment,1772266500.026388,7617,10,1
1,NewOrder,1772266500.030564,21624,13,1
1,NewOrder,1772266500.030845,31171,18,1
2,Payment,1772266500.031486,6735,6,1
2,Payment,1772266500.031582,5878,22,1
5,StockLevel,1772266500.032692,13996,5,1
1,NewOrder,1772266500.033405,17137,7,1
1,NewOrder,1772266500.034021,19009,10,1
1,NewOrder,1772266500.035643,21809,2,1
1,NewOrder,1772266500.036320,26774,15,1
1,NewOrder,1772266500.036819,23700,21,1
1,NewOrder,1772266500.037309,17769,9,1
2,Payment,1772266500.037319,8733,16,1
1,NewOrder,1772266500.037478,30488,22,1
3,OrderStatus,1772266500.037530,8042,23,1
1,NewOrder,1772266500.037920,22596,3,1
2,Payment,1772266500.038248,6899,6,1
1,NewOrder,1772266500.038291,37538,14,1
2,Payment,1772266500.038363,10075,12,1
2,Payment,1772266500.038901,7698,19,1
2,Payment,1772266500.041178,8671,11,1
1,NewOrder,1772266500.042968,22726,20,1
2,Payment,1772266500.044265,9948,0,1
1,NewOrder,1772266500.045159,34913,6,1
1,NewOrder,1772266500.045591,39740,23,1
1,NewOrder,1772266500.046064,34600,16,1
1,NewOrder,1772266500.046625,20082,19,1
2,Payment,1772266500.046704,9242,5,1
2,Payment,1772266500.048463,7966,12,1
1,NewOrder,1772266500.049457,30734,8,1
1,NewOrder,1772266500.049874,29298,11,1
2,Payment,1772266500.050556,7711,7,1
1,NewOrder,1772266500.051367,21464,17,1
2,Payment,1772266500.052214,9142,13,1
2,Payment,1772266500.053055,7919,10,1
1,NewOrder,1772266500.054229,31782,0,1
3,OrderStatus,1772266500.055095,6810,9,1
2,Payment,1772266500.055970,6507,5,1
2,Payment,1772266500.056443,9684,4,1
1,NewOrder,1772266500.056456,31173,12,1
1,NewOrder,1772266500.057480,33612,2,1
1,NewOrder,1772266500.058282,27695,7,1
2,Payment,1772266500.059474,17063,1,1
1,NewOrder,1772266500.060533,27110,3,1
2,Payment,1772266500.060544,7042,21,1
2,Payment,1772266500.060999,6993,10,1
1,NewOrder,1772266500.061382,31289,13,1
1,NewOrder,1772266500.061920,26632,9,1
1,NewOrder,1772266500.062033,33952,18,1
2,Payment,1772266500.062492,9929,5,1
5,StockLevel,1772266500.063119,13770,15,1
1,NewOrder,1772266500.065709,21835,20,1
2,Payment,1772266500.066144,7806,4,1
5,StockLevel,1772266500.066732,16526,19,1
5,StockLevel,1772266500.067598,14990,21,1
1,NewOrder,1772266500.067992,28406,22,1
2,Payment,1772266500.068017,7321,10,1
2,Payment,1772266500.072446,8542,5,1
2,Payment,1772266500.072847,6830,17,1
1,NewOrder,1772266500.073966,23828,4,1
2,Payment,1772266500.075364,6729,10,1
1,NewOrder,1772266500.075844,41058,14,1
2,Payment,1772266500.076554,13363,1,1
3,OrderStatus,1772266500.076916,6364,15,1
2,Payment,1772266500.079192,7068,11,1
2,Payment,1772266500.079690,6713,17,1
2,Payment,1772266500.080097,9782,6,1
1,NewOrder,1772266500.080206,35772,8,1
2,Payment,1772266500.080690,7311,16,1
2,Payment,1772266500.081013,5544,5,1
1,NewOrder,1772266500.082118,30197,10,1
2,Payment,1772266500.082604,6700,21,1
2,Payment,1772266500.083270,8395,19,1
2,Payment,1772266500.083304,7053,15,1
1,NewOrder,1772266500.085344,23663,23,1
1,NewOrder,1772266500.085989,30691,7,1
2,Payment,1772266500.086033,7196,0,1
1,NewOrder,1772266500.086282,27492,11,1
2,Payment,1772266500.086429,7288,17,1
1,NewOrder,1772266500.086582,37794,5,1
2,Payment,1772266500.087570,12984,20,1
2,Payment,1772266500.087655,7597,12,1
1,NewOrder,1772266500.087659,31565,3,1
1,NewOrder,1772266500.088026,28638,16,1
1,NewOrder,1772266500.088565,28678,9,1
2,Payment,1772266500.089329,7899,21,1
1,NewOrder,1772266500.089902,36634,6,1
2,Payment,1772266500.089938,6362,1,1
1,NewOrder,1772266500.090384,19952,15,1
2,Payment,1772266500.091116,8413,2,1
2,Payment,1772266500.091679,10432,19,1
1,NewOrder,1772266500.092697,28800,13,1
1,NewOrder,1772266500.093255,24162,0,1
1,NewOrder,1772266500.093740,29711,17,1
2,Payment,1772266500.095272,7622,12,1
1,NewOrder,1772266500.096011,25456,18,1
1,NewOrder,1772266500.096318,31371,1,1
1,NewOrder,1772266500.096423,15536,22,1
2,Payment,1772266500.097247,9000,21,1
3,OrderStatus,1772266500.097819,9237,4,1
1,NewOrder,1772266500.099553,38497,2,1
2,Payment,1772266500.100575,7840,20,1
2,Payment,1772266500.102136,9169,19,1
1,NewOrder,1772266500.102907,27534,12,1
2,Payment,1772266500.106270,10522,21,1
1,NewOrder,1772266500.107070,22420,4,1
2,Payment,1772266500.108438,16026,20,1
2,Payment,1772266500.109032,17864,23,1
1,NewOrder,1772266500.110351,13492,15,1
2,Payment,1772266500.111331,9585,19,1
1,NewOrder,1772266500.111985,24241,22,1
2,Payment,1772266500.112341,6286,10,1
2,Payment,1772266500.113799,7615,11,1
3,OrderStatus,1772266500.116004,5420,8,1
1,NewOrder,1772266500.116690,33376,16,1
2,Payment,1772266500.116706,12281,7,1
2,Payment,1772266500.116818,5674,21,1
1,NewOrder,1772266500.116928,15571,14,1
1,NewOrder,1772266500.117259,17600,9,1
1,NewOrder,1772266500.117444,29622,0,1
2,Payment,1772266500.118654,8642,10,1
1,NewOrder,1772266500.119251,37391,3,1
4,Delivery,1772266500.120933,20600,19,1
1,NewOrder,1772266500.121434,27043,11,1
2,Payment,1772266500.121438,11682,8,1
1,NewOrder,1772266500.121493,26036,18,1
1,NewOrder,1772266500.121523,37942,13,1
2,Payment,1772266500.122513,8350,21,1
1,NewOrder,1772266500.123477,23347,17,1
1,NewOrder,1772266500.123870,22500,15,1
1,NewOrder,1772266500.124391,20373,5,1
1,NewOrder,1772266500.124488,22294,20,1
2,Payment,1772266500.126559,10660,6,1
2,Payment,1772266500.126913,7448,23,1
1,NewOrder,1772266500.127320,28402,10,1
2,Payment,1772266500.127698,7687,1,1
1,NewOrder,1772266500.129005,19762,7,1
1,NewOrder,1772266500.129508,34451,4,1
1,NewOrder,1772266500.130466,33354,12,1
2,Payment,1772266500.130876,8139,21,1
1,NewOrder,1772266500.132521,37368,14,1
2,Payment,1772266500.133145,9006,8,1
2,Payment,1772266500.134387,10835,23,1
2,Payment,1772266500.134885,10245,9,1
2,Payment,1772266500.135409,7523,1,1
1,NewOrder,1772266500.136250,22843,22,1
3,OrderStatus,1772266500.137235,9218,6,1
1,NewOrder,1772266500.138072,31913,2,1
1,NewOrder,1772266500.139041,32018,21,1
2,Payment,1772266500.141557,11188,19,1
2,Payment,1772266500.142163,7298,8,1
1,NewOrder,1772266500.142953,19142,1,1
1,NewOrder,1772266500.144789,26299,5,1
2,Payment,1772266500.145156,6454,9,1
2,Payment,1772266500.145248,12247,23,1
2,Payment,1772266500.146388,8512,15,1
2,Payment,1772266500.146478,16595,6,1
2,Payment,1772266500.146796,17200,20,1
1,NewOrder,1772266500.146851,23099,17,1
1,NewOrder,1772266500.147075,24589,0,1
2,Payment,1772266500.147544,22316,18,1
2,Payment,1772266500.148503,20746,11,1
1,NewOrder,1772266500.148794,29508,7,1
1,NewOrder,1772266500.149487,28800,8,1
2,Payment,1772266500.150091,9440,16,1
2,Payment,1772266500.151636,8942,9,1
4,Delivery,1772266500.152771,27030,19,1
2,Payment,1772266500.154932,7617,15,1
2,Payment,1772266500.155739,16210,10,1
3,OrderStatus,1772266500.156658,9584,3,1
5,StockLevel,1772266500.157521,10457,23,1
2,Payment,1772266500.159107,22206,22,1
2,Payment,1772266500.159491,10437,13,1
1,NewOrder,1772266500.159557,26051,16,1
4,Delivery,1772266500.160596,28030,9,1
4,Delivery,1772266500.162119,12467,1,1
1,NewOrder,1772266500.162576,15298,15,1
2,Payment,1772266500.163098,11924,6,1
3,OrderStatus,1772266500.163846,2708,12,1
1,NewOrder,1772266500.163985,27738,4,1
2,Payment,1772266500.164013,20708,20,1
1,NewOrder,1772266500.166266,41139,3,1
2,Payment,1772266500.166577,16646,12,1
1,NewOrder,1772266500.168003,21226,23,1
5,StockLevel,1772266500.169265,6157,11,1
2,Payment,1772266500.169876,16910,18,1
1,NewOrder,1772266500.169902,21350,14,1
1,NewOrder,1772266500.169955,43466,13,1
2,Payment,1772266500.169968,21744,17,1
1,NewOrder,1772266500.170010,35001,2,1
1,NewOrder,1772266500.171074,34414,21,1
2,Payment,1772266500.171101,7303,5,1
2,Payment,1772266500.171676,25365,0,1
2,Payment,1772266500.171971,11224,10,1
1,NewOrder,1772266500.174600,48032,1,1
2,Payment,1772266500.175049,16626,6,1
3,OrderStatus,1772266500.175438,3285,11,1
1,NewOrder,1772266500.177890,7931,15,1
1,NewOrder,1772266500.178313,33645,8,1
1,NewOrder,1772266500.178320,44760,7,1
4,Delivery,1772266500.178431,52120,5,1
1,NewOrder,1772266500.178739,6987,11,1
1,NewOrder,1772266500.179816,34708,19,1
1,NewOrder,1772266500.181338,47905,22,1
1,NewOrder,1772266500.183221,29134,10,1
1,NewOrder,1772266500.183248,45597,12,1
2,Payment,1772266500.184737,12276,20,1
2,Payment,1772266500.185618,11357,16,1
1,NewOrder,1772266500.185751,5993,11,1
4,Delivery,1772266500.185837,8659,15,1
1,NewOrder,1772266500.186812,28164,18,1
1,NewOrder,1772266500.188646,42599,9,1
2,Payment,1772266500.189253,12782,23,1
2,Payment,1772266500.191265,11765,14,1
2,Payment,1772266500.191692,8548,6,1
1,NewOrder,1772266500.191729,31374,17,1
2,Payment,1772266500.191749,11388,4,1
1,NewOrder,1772266500.191762,4882,11,1
2,Payment,1772266500.194512,10949,15,1
1,NewOrder,1772266500.196659,46869,11,1
2,Payment,1772266500.196987,12244,16,1
2,Payment,1772266500.197038,9537,20,1
1,NewOrder,1772266500.197055,16919,0,1
2,Payment,1772266500.200266,8185,6,1
1,NewOrder,1772266500.202048,15448,23,1
2,Payment,1772266500.203045,9938,14,1
5,StockLevel,1772266500.203158,21348,4,1
1,NewOrder,1772266500.205035,26279,2,1
1,NewOrder,1772266500.205487,19809,15,1
2,Payment,1772266500.205514,10935,21,1
2,Payment,1772266500.206590,11977,20,1
3,OrderStatus,1772266500.207431,7451,3,1
2,Payment,1772266500.208477,11138,6,1
1,NewOrder,1772266500.209242,17376,16,1
2,Payment,1772266500.211983,9442,8,1
1,NewOrder,1772266500.212380,28016,10,1
1,NewOrder,1772266500.212995,25663,14,1
5,StockLevel,1772266500.213448,17932,13,1
2,Payment,1772266500.214001,5622,0,1
1,NewOrder,1772266500.214551,28303,19,1
1,NewOrder,1772266500.214894,35273,3,1
2,Payment,1772266500.214999,5163,18,1
2,Payment,1772266500.216473,12738,21,1
2,Payment,1772266500.217511,5712,23,1
1,NewOrder,1772266500.218590,16686,20,1
2,Payment,1772266500.219640,6453,6,1
1,NewOrder,1772266500.219650,23849,0,1
2,Payment,1772266500.220188,6408,18,1
1,NewOrder,1772266500.221446,36380,8,1
1,NewOrder,1772266500.222645,31563,1,1
2,Payment,1772266500.223095,11357,7,1
1,NewOrder,1772266500.223117,35116,17,1
1,NewOrder,1772266500.223250,21653,23,1
2,Payment,1772266500.224532,7592,4,1
1,NewOrder,1772266500.225313,20662,15,1
2,Payment,1772266500.226119,11856,6,1
2,Payment,1772266500.226620,9055,18,1
1,NewOrder,1772266500.226634,36976,16,1
3,OrderStatus,1772266500.228859,7536,12,1
2,Payment,1772266500.229237,8067,21,1
1,NewOrder,1772266500.229269,42054,22,1
1,NewOrder,1772266500.230578,18276,5,1
5,StockLevel,1772266500.231270,15559,9,1
1,NewOrder,1772266500.231342,28580,2,1
4,Delivery,1772266500.231406,23480,13,1
1,NewOrder,1772266500.232148,24221,4,1
2,Payment,1772266500.234477,14873,7,1
3,OrderStatus,1772266500.235302,6522,20,1
2,Payment,1772266500.235693,6496,18,1
4,Delivery,1772266500.236422,18840,12,1
2,Payment,1772266500.237320,9756,21,1
5,StockLevel,1772266500.237993,22512,6,1
2,Payment,1772266500.238684,10643,14,1
2,Payment,1772266500.240411,10878,10,1
1,NewOrder,1772266500.241848,13911,20,1
2,Payment,1772266500.242215,7086,18,1
1,NewOrder,1772266500.242870,40014,19,1
1,NewOrder,1772266500.243524,29361,0,1
4,Delivery,1772266500.243553,48098,11,1
2,Payment,1772266500.244915,5944,23,1
1,NewOrder,1772266500.245992,21996,15,1
2,Payment,1772266500.246847,8316,9,1
1,NewOrder,1772266500.247099,31245,21,1
1,NewOrder,1772266500.248870,19600,5,1
2,Payment,1772266500.249317,6890,18,1
2,Payment,1772266500.249354,5419,14,1
2,Payment,1772266500.249365,8428,7,1
2,Payment,1772266500.250181,9071,3,1
2,Payment,1772266500.250884,7400,23,1
4,Delivery,1772266500.251305,40713,10,1
1,NewOrder,1772266500.254233,25700,1,1
1,NewOrder,1772266500.254793,31670,14,1
2,Payment,1772266500.254913,8283,13,1
1,NewOrder,1772266500.255182,21940,9,1
1,NewOrder,1772266500.255283,19270,12,1
4,Delivery,1772266500.255772,45097,20,1
1,NewOrder,1772266500.256228,17656,18,1
1,NewOrder,1772266500.256395,26119,4,1
1,NewOrder,1772266500.257810,33762,7,1
1,NewOrder,1772266500.257840,30608,8,1
1,NewOrder,1772266500.258258,35458,17,1
2,Payment,1772266500.258310,3823,23,1
2,Payment,1772266500.259272,8042,3,1
4,Delivery,1772266500.259931,33095,2,1
2,Payment,1772266500.260523,8958,6,1
2,Payment,1772266500.262152,5568,23,1
2,Payment,1772266500.263222,10745,13,1
3,OrderStatus,1772266500.263623,9664,16,1
2,Payment,1772266500.267341,8829,3,1
2,Payment,1772266500.267747,6794,23,1
2,Payment,1772266500.268004,14850,15,1
2,Payment,1772266500.268495,10814,5,1
1,NewOrder,1772266500.269497,30721,6,1
4,Delivery,1772266500.271344,29888,22,1
3,OrderStatus,1772266500.272901,3060,0,1
1,NewOrder,1772266500.273307,39043,16,1
2,Payment,1772266500.273910,2940,18,1
2,Payment,1772266500.273981,5861,13,1
2,Payment,1772266500.274567,7455,23,1
2,Payment,1772266500.274579,10730,12,1
2,Payment,1772266500.275985,13511,0,1
2,Payment,1772266500.276198,11880,3,1
1,NewOrder,1772266500.276868,28300,18,1
2,Payment,1772266500.277148,6791,9,1
2,Payment,1772266500.278364,8942,21,1
4,Delivery,1772266500.279334,14277,5,1
4,Delivery,1772266500.279868,20988,13,1
1,NewOrder,1772266500.279958,27632,1,1
2,Payment,1772266500.282033,9080,23,1
1,NewOrder,1772266500.282525,13970,4,1
1,NewOrder,1772266500.282878,14561,15,1
2,Payment,1772266500.282911,10696,19,1
1,NewOrder,1772266500.283965,17994,9,1
1,NewOrder,1772266500.285324,36150,12,1
2,Payment,1772266500.286488,7541,14,1
2,Payment,1772266500.287334,7887,21,1
1,NewOrder,1772266500.288103,22216,3,1
2,Payment,1772266500.288463,7837,8,1
1,NewOrder,1772266500.289505,22139,0,1
2,Payment,1772266500.291133,18612,23,1
1,NewOrder,1772266500.291592,37986,7,1
4,Delivery,1772266500.291668,56514,11,1
1,NewOrder,1772266500.292039,14808,10,1
2,Payment,1772266500.293052,10463,2,1
1,NewOrder,1772266500.293625,23992,5,1
2,Payment,1772266500.293635,7274,19,1
1,NewOrder,1772266500.293742,32383,17,1
1,NewOrder,1772266500.294041,30726,14,1
2,Payment,1772266500.295247,9062,21,1
1,NewOrder,1772266500.296313,20056,8,1
1,NewOrder,1772266500.296509,30017,4,1
2,Payment,1772266500.297465,6784,15,1
2,Payment,1772266500.300235,10099,6,1
1,NewOrder,1772266500.300876,27025,13,1
2,Payment,1772266500.300895,10600,20,1
3,OrderStatus,1772266500.300935,4322,19,1
1,NewOrder,1772266500.301248,27938,22,1
1,NewOrder,1772266500.301985,31152,9,1
2,Payment,1772266500.303540,7669,2,1
1,NewOrder,1772266500.304261,22856,15,1
1,NewOrder,1772266500.304328,33478,21,1
2,Payment,1772266500.305191,8164,18,1
2,Payment,1772266500.305282,9841,19,1
5,StockLevel,1772266500.306873,14816,10,1
2,Payment,1772266500.307604,9266,1,1
2,Payment,1772266500.309757,10133,23,1
2,Payment,1772266500.310345,8125,3,1
1,NewOrder,1772266500.310353,19209,6,1
1,NewOrder,1772266500.311235,38507,2,1
2,Payment,1772266500.311520,10487,20,1
3,OrderStatus,1772266500.311669,7910,0,1
1,NewOrder,1772266500.312365,34203,16,1
1,NewOrder,1772266500.313375,18697,18,1
2,Payment,1772266500.315149,10181,19,1
1,NewOrder,1772266500.316382,33500,8,1
1,NewOrder,1772266500.316896,36687,1,1
1,NewOrder,1772266500.317643,25445,5,1
1,NewOrder,1772266500.318483,23269,3,1
1,NewOrder,1772266500.319604,30271,0,1
2,Payment,1772266500.319916,9612,23,1
1,NewOrder,1772266500.321500,20310,12,1
2,Payment,1772266500.321703,9039,10,1
2,Payment,1772266500.322027,5429,20,1
1,NewOrder,1772266500.324792,39161,14,1
2,Payment,1772266500.325342,6086,19,1
2,Payment,1772266500.326150,9530,17,1
2,Payment,1772266500.326539,5904,4,1
2,Payment,1772266500.327134,10627,15,1
2,Payment,1772266500.327476,11254,20,1
5,StockLevel,1772266500.327929,18911,13,1
4,Delivery,1772266500.329212,56622,22,1
2,Payment,1772266500.329552,7688,23,1
2,Payment,1772266500.329590,11476,6,1
1,NewOrder,1772266500.329596,20346,7,1
1,NewOrder,1772266500.330755,16113,10,1
2,Payment,1772266500.331447,9093,19,1
1,NewOrder,1772266500.332098,22521,18,1
5,StockLevel,1772266500.332456,15137,4,1
2,Payment,1772266500.333163,10272,9,1
1,NewOrder,1772266500.335706,36829,17,1
2,Payment,1772266500.337258,11497,23,1
2,Payment,1772266500.337778,5698,15,1
2,Payment,1772266500.337833,12551,21,1
2,Payment,1772266500.338753,6097,20,1
2,Payment,1772266500.340567,12488,19,1
2,Payment,1772266500.341092,8980,6,1
1,NewOrder,1772266500.341764,29566,3,1
5,StockLevel,1772266500.341832,18643,12,1
2,Payment,1772266500.343105,6186,5,1
1,NewOrder,1772266500.343447,22633,9,1
1,NewOrder,1772266500.343501,18496,15,1
2,Payment,1772266500.344875,10966,20,1
1,NewOrder,1772266500.346594,18993,16,1
1,NewOrder,1772266500.346863,19166,13,1
2,Payment,1772266500.346893,10100,10,1
2,Payment,1772266500.347603,9375,4,1
1,NewOrder,1772266500.348208,35727,11,1
5,StockLevel,1772266500.348781,24740,23,1
3,OrderStatus,1772266500.349317,9797,5,1
1,NewOrder,1772266500.349756,26614,2,1
3,OrderStatus,1772266500.349889,4764,0,1
1,NewOrder,1772266500.349896,24234,8,1
1,NewOrder,1772266500.349963,22539,7,1
1,NewOrder,1772266500.350084,29994,6,1
1,NewOrder,1772266500.350395,31786,21,1
1,NewOrder,1772266500.353081,27642,19,1
1,NewOrder,1772266500.353609,20542,1,1
2,Payment,1772266500.354642,6928,18,1
1,NewOrder,1772266500.354672,30563,0,1
5,StockLevel,1772266500.355865,16321,20,1
2,Payment,1772266500.357005,7304,4,1
1,NewOrder,1772266500.357008,22135,10,1
2,Payment,1772266500.359139,6847,5,1
1,NewOrder,1772266500.360499,35578,12,1
1,NewOrder,1772266500.361595,24124,18,1
2,Payment,1772266500.362022,5448,15,1
1,NewOrder,1772266500.363974,24552,14,1
2,Payment,1772266500.364322,7834,4,1
2,Payment,1772266500.365605,9365,16,1
1,NewOrder,1772266500.366003,23073,5,1
2,Payment,1772266500.366055,10832,13,1
2,Payment,1772266500.366101,8569,9,1
1,NewOrder,1772266500.367487,15207,15,1
2,Payment,1772266500.371356,8771,3,1
2,Payment,1772266500.372172,10538,4,1
2,Payment,1772266500.372211,6529,20,1
2,Payment,1772266500.372522,8046,7,1
2,Payment,1772266500.372562,8113,17,1
1,NewOrder,1772266500.373546,25909,23,1
2,Payment,1772266500.374156,13814,8,1
1,NewOrder,1772266500.374165,25268,1,1
2,Payment,1772266500.374680,14827,9,1
2,Payment,1772266500.374998,7711,16,1
3,OrderStatus,1772266500.376387,10445,2,1
2,Payment,1772266500.376913,11495,13,1
1,NewOrder,1772266500.378764,24188,20,1
2,Payment,1772266500.379153,12389,10,1
2,Payment,1772266500.380104,16044,6,1
1,NewOrder,1772266500.380153,43639,3,1
5,StockLevel,1772266500.380584,23553,7,1
2,Payment,1772266500.380699,11374,17,1
2,Payment,1772266500.380749,4449,19,1
2,Payment,1772266500.382201,11947,21,1
2,Payment,1772266500.382721,19474,15,1
2,Payment,1772266500.382737,14752,16,1
2,Payment,1772266500.382739,2099,4,1
4,Delivery,1772266500.383963,59657,11,1
1,NewOrder,1772266500.384854,29558,4,1
1,NewOrder,1772266500.385218,28819,19,1
2,Payment,1772266500.385255,9449,0,1
3,OrderStatus,1772266500.385745,7044,18,1
2,Payment,1772266500.385845,10887,22,1
2,Payment,1772266500.386852,9842,2,1
1,NewOrder,1772266500.387994,33520,8,1
5,StockLevel,1772266500.388420,17858,13,1
2,Payment,1772266500.388542,11281,14,1
1,NewOrder,1772266500.389092,22402,5,1
1,NewOrder,1772266500.389521,25552,9,1
2,Payment,1772266500.391553,6487,10,1
1,NewOrder,1772266500.392100,27950,17,1
2,Payment,1772266500.392813,7619,18,1
1,NewOrder,1772266500.394170,28328,21,1
1,NewOrder,1772266500.394731,22050,0,1
1,NewOrder,1772266500.396102,29091,12,1
2,Payment,1772266500.396165,7633,6,1
1,NewOrder,1772266500.396706,29825,2,1
1,NewOrder,1772266500.396746,28853,22,1
2,Payment,1772266500.397518,8256,16,1
1,NewOrder,1772266500.398064,16359,10,1
1,NewOrder,1772266500.399459,28574,1,1
2,Payment,1772266500.399477,7281,23,1
2,Payment,1772266500.399838,8380,14,1
1,NewOrder,1772266500.400447,34381,18,1
1,NewOrder,1772266500.402207,28687,15,1
1,NewOrder,1772266500.402978,21149,20,1
2,Payment,1772266500.403820,9154,6,1
2,Payment,1772266500.404162,13787,7,1
2,Payment,1772266500.405791,12128,16,1
5,StockLevel,1772266500.406292,16950,13,1
5,StockLevel,1772266500.406774,15564,23,1
4,Delivery,1772266500.408244,36165,14,1
2,Payment,1772266500.411518,6910,5,1
2,Payment,1772266500.413001,8450,6,1
2,Payment,1772266500.414053,6900,19,1
2,Payment,1772266500.414436,6075,4,1
5,StockLevel,1772266500.414440,13487,10,1
2,Payment,1772266500.415084,8286,9,1
1,NewOrder,1772266500.416808,26753,0,1
1,NewOrder,1772266500.417945,25326,16,1
1,NewOrder,1772266500.417965,21540,7,1
1,NewOrder,1772266500.418455,33732,5,1
1,NewOrder,1772266500.420078,41610,17,1
1,NewOrder,1772266500.420529,31245,4,1
2,Payment,1772266500.420970,7469,19,1
1,NewOrder,1772266500.421477,29850,6,1
1,NewOrder,1772266500.421531,33657,8,1
2,Payment,1772266500.422362,8007,23,1
1,NewOrder,1772266500.422512,16496,21,1
1,NewOrder,1772266500.423254,39077,13,1
2,Payment,1772266500.423394,5140,9,1
2,Payment,1772266500.423812,8711,3,1
1,NewOrder,1772266500.424139,31584,20,1
2,Payment,1772266500.425219,8168,12,1
2,Payment,1772266500.425614,11409,22,1
1,NewOrder,1772266500.426546,32919,2,1
2,Payment,1772266500.427942,8013,10,1
1,NewOrder,1772266500.428059,31850,1,1
2,Payment,1772266500.428473,6880,19,1
1,NewOrder,1772266500.428543,24798,9,1
1,NewOrder,1772266500.430388,27277,23,1
1,NewOrder,1772266500.430919,21333,15,1
1,NewOrder,1772266500.432540,29170,3,1
1,NewOrder,1772266500.433403,27937,12,1
2,Payment,1772266500.434842,8686,18,1
1,NewOrder,1772266500.435374,30016,19,1
1,NewOrder,1772266500.435968,29078,10,1
1,NewOrder,1772266500.437038,22121,22,1
1,NewOrder,1772266500.439026,24735,21,1
2,Payment,1772266500.439531,9852,7,1
1,NewOrder,1772266500.443299,25454,16,1
2,Payment,1772266500.443543,6298,18,1
1,NewOrder,1772266500.443586,32787,0,1
1,NewOrder,1772266500.443636,24701,11,1
1,NewOrder,1772266500.444428,31119,14,1
1,NewOrder,1772266500.449403,37254,7,1
1,NewOrder,1772266500.449868,32086,18,1
1,NewOrder,1772266500.451342,23394,6,1
4,Delivery,1772266500.451800,57542,4,1
2,Payment,1772266500.452207,7302,5,1
2,Payment,1772266500.452273,11907,15,1
2,Payment,1772266500.453357,6946,9,1
1,NewOrder,1772266500.455215,45732,8,1
1,NewOrder,1772266500.455747,25691,20,1
2,Payment,1772266500.457699,6439,23,1
2,Payment,1772266500.459185,13138,22,1
1,NewOrder,1772266500.459481,42770,2,1
1,NewOrder,1772266500.459527,20000,5,1
2,Payment,1772266500.459935,8781,1,1
2,Payment,1772266500.460328,9539,9,1
2,Payment,1772266500.461367,7892,12,1
1,NewOrder,1772266500.461701,39382,17,1
1,NewOrder,1772266500.461722,45475,3,1
2,Payment,1772266500.462349,11731,13,1
1,NewOrder,1772266500.463776,36659,21,1
4,Delivery,1772266500.464153,64107,23,1
1,NewOrder,1772266500.464192,23722,15,1
2,Payment,1772266500.465062,6957,10,1
1,NewOrder,1772266500.465411,21291,19,1
1,NewOrder,1772266500.468356,29741,11,1
1,NewOrder,1772266500.468732,28047,1,1
1,NewOrder,1772266500.468777,40700,16,1
1,NewOrder,1772266500.469269,24309,12,1
2,Payment,1772266500.469880,7400,9,1
2,Payment,1772266500.472034,8686,10,1
2,Payment,1772266500.472334,12975,22,1
1,NewOrder,1772266500.474100,42649,13,1
2,Payment,1772266500.474752,13795,6,1
1,NewOrder,1772266500.475567,27311,14,1
2,Payment,1772266500.476399,8263,0,1
2,Payment,1772266500.477298,12737,9,1
3,OrderStatus,1772266500.479587,7960,5,1
1,NewOrder,1772266500.480738,20985,10,1
2,Payment,1772266500.481455,9543,20,1
1,NewOrder,1772266500.481980,27032,18,1
2,Payment,1772266500.484685,7602,0,1
2,Payment,1772266500.485327,9194,22,1
1,NewOrder,1772266500.486679,25720,7,1
1,NewOrder,1772266500.486722,21555,19,1
1,NewOrder,1772266500.487572,20378,5,1
2,Payment,1772266500.487932,8018,15,1
2,Payment,1772266500.488560,8189,6,1
1,NewOrder,1772266500.490052,33353,9,1
2,Payment,1772266500.491020,6393,20,1
2,Payment,1772266500.492306,6394,0,1
1,NewOrder,1772266500.493604,19551,12,1
2,Payment,1772266500.494541,7181,22,1
1,NewOrder,1772266500.495985,32335,15,1
2,Payment,1772266500.496766,6850,6,1
1,NewOrder,1772266500.496798,16205,1,1
2,Payment,1772266500.497425,7499,20,1
1,NewOrder,1772266500.498117,31473,11,1
1,NewOrder,1772266500.498718,32413,0,1
2,Payment,1772266500.500453,7908,21,1
2,Payment,1772266500.500960,13839,8,1
1,NewOrder,1772266500.501111,22276,17,1
2,Payment,1772266500.501741,13831,22,1
2,Payment,1772266500.501750,11056,10,1
1,NewOrder,1772266500.502267,32536,2,1
2,Payment,1772266500.502897,6587,14,1
2,Payment,1772266500.503642,13480,6,1
2,Payment,1772266500.504948,7881,20,1
1,NewOrder,1772266500.507218,34023,3,1
1,NewOrder,1772266500.507976,24073,5,1
1,NewOrder,1772266500.508303,20031,19,1
3,OrderStatus,1772266500.508386,4082,21,1
1,NewOrder,1772266500.509038,30693,18,1
2,Payment,1772266500.509358,7789,4,1
2,Payment,1772266500.509491,7784,16,1
1,NewOrder,1772266500.509511,25323,14,1
1,NewOrder,1772266500.512425,27409,7,1
2,Payment,1772266500.512487,9965,21,1
5,StockLevel,1772266500.512820,14711,10,1
1,NewOrder,1772266500.512856,33657,20,1
2,Payment,1772266500.513027,7868,1,1
2,Payment,1772266500.513181,8088,12,1
1,NewOrder,1772266500.514817,32783,8,1
2,Payment,1772266500.515597,11132,22,1
2,Payment,1772266500.516776,11087,13,1
4,Delivery,1772266500.517136,15548,6,1
2,Payment,1772266500.517162,6840,4,1
2,Payment,1772266500.517293,8151,16,1
2,Payment,1772266500.520912,9771,1,1
1,NewOrder,1772266500.521295,25919,12,1
2,Payment,1772266500.522465,10265,21,1
1,NewOrder,1772266500.523397,37823,17,1
1,NewOrder,1772266500.523429,20619,9,1
2,Payment,1772266500.524028,8466,4,1
2,Payment,1772266500.525461,9380,16,1
1,NewOrder,1772266500.526750,33362,22,1
2,Payment,1772266500.527556,6785,10,1
2,Payment,1772266500.527881,10583,13,1
2,Payment,1772266500.528276,7914,23,1
2,Payment,1772266500.528347,8214,15,1
2,Payment,1772266500.528350,12876,19,1
1,NewOrder,1772266500.529607,24438,11,1
1,NewOrder,1772266500.530706,36999,1,1
1,NewOrder,1772266500.531157,17960,0,1
2,Payment,1772266500.532067,9657,5,1
1,NewOrder,1772266500.532520,24825,4,1
2,Payment,1772266500.532708,7967,6,1
2,Payment,1772266500.532756,6487,21,1
1,NewOrder,1772266500.534367,25245,10,1
2,Payment,1772266500.534820,9925,2,1
1,NewOrder,1772266500.534860,32488,14,1
2,Payment,1772266500.534867,10431,16,1
1,NewOrder,1772266500.536216,16497,23,1
5,StockLevel,1772266500.536581,16005,15,1
3,OrderStatus,1772266500.538482,10380,13,1
2,Payment,1772266500.539261,8304,21,1
1,NewOrder,1772266500.539747,21379,18,1
1,NewOrder,1772266500.539845,26046,7,1
5,StockLevel,1772266500.540696,18945,6,1
2,Payment,1772266500.541239,9850,19,1
2,Payment,1772266500.541267,10187,3,1
2,Payment,1772266500.541735,5976,5,1
1,NewOrder,1772266500.544075,23759,9,1
2,Payment,1772266500.544771,8287,2,1
1,NewOrder,1772266500.545314,40689,16,1
2,Payment,1772266500.546539,7028,20,1
2,Payment,1772266500.547240,9929,12,1
3,OrderStatus,1772266500.547581,8356,21,1
2,Payment,1772266500.547626,9030,8,1
1,NewOrder,1772266500.547724,34598,5,1
1,NewOrder,1772266500.548876,36624,13,1
1,NewOrder,1772266500.549141,25060,0,1
1,NewOrder,1772266500.551114,28803,19,1
2,Payment,1772266500.551469,8749,3,1
2,Payment,1772266500.552601,6570,15,1
2,Payment,1772266500.552720,6796,23,1
1,NewOrder,1772266500.553076,37330,2,1
2,Payment,1772266500.553585,7865,20,1
3,OrderStatus,1772266500.554069,5179,11,1
2,Payment,1772266500.555953,7673,21,1
1,NewOrder,1772266500.556680,25268,8,1
2,Payment,1772266500.557191,8737,12,1
2,Payment,1772266500.557360,8042,4,1
2,Payment,1772266500.559187,9152,15,1
1,NewOrder,1772266500.559265,34061,11,1
1,NewOrder,1772266500.559528,19638,23,1
2,Payment,1772266500.559637,8087,10,1
1,NewOrder,1772266500.559657,43115,6,1
1,NewOrder,1772266500.560130,21746,22,1
1,NewOrder,1772266500.560244,24118,3,1
2,Payment,1772266500.561152,8143,18,1
2,Payment,1772266500.561246,9811,17,1
5,StockLevel,1772266500.561467,14865,20,1
2,Payment,1772266500.563642,11874,21,1
1,NewOrder,1772266500.565428,33415,4,1
1,NewOrder,1772266500.565905,26659,7,1
2,Payment,1772266500.565949,13268,12,1
1,NewOrder,1772266500.567374,36492,14,1
2,Payment,1772266500.567731,10403,1,1
3,OrderStatus,1772266500.567751,6895,10,1
1,NewOrder,1772266500.567848,28395,9,1
1,NewOrder,1772266500.568366,19729,15,1
1,NewOrder,1772266500.569312,23958,18,1
1,NewOrder,1772266500.571071,26169,17,1
1,NewOrder,1772266500.574219,25350,0,1
1,NewOrder,1772266500.574672,34463,10,1
1,NewOrder,1772266500.575536,34246,21,1
2,Payment,1772266500.576349,6013,20,1
1,NewOrder,1772266500.578156,25688,1,1
2,Payment,1772266500.579199,9810,23,1
1,NewOrder,1772266500.579242,27337,12,1
3,OrderStatus,1772266500.579934,6973,19,1
2,Payment,1772266500.581891,9543,22,1
1,NewOrder,1772266500.581976,33156,8,1
1,NewOrder,1772266500.582336,29189,5,1
2,Payment,1772266500.582387,11398,20,1
2,Payment,1772266500.584389,8998,3,1
2,Payment,1772266500.585525,8324,13,1
2,Payment,1772266500.586027,12187,16,1
2,Payment,1772266500.586926,8671,19,1
1,NewOrder,1772266500.588121,18042,15,1
2,Payment,1772266500.589042,9031,23,1
2,Payment,1772266500.590426,11202,2,1
2,Payment,1772266500.591460,11339,22,1
2,Payment,1772266500.592579,10261,7,1
4,Delivery,1772266500.593285,13646,18,1
2,Payment,1772266500.593358,20210,11,1
1,NewOrder,1772266500.593413,32535,3,1
1,NewOrder,1772266500.593811,20818,20,1
1,NewOrder,1772266500.593862,39728,13,1
1,NewOrder,1772266500.595622,18397,19,1
3,OrderStatus,1772266500.596269,6562,9,1
2,Payment,1772266500.597266,12364,17,1
2,Payment,1772266500.598092,6447,23,1
2,Payment,1772266500.598240,8452,16,1
1,NewOrder,1772266500.598871,22912,4,1
2,Payment,1772266500.599584,7326,0,1
1,NewOrder,1772266500.601654,21539,2,1
2,Payment,1772266500.602797,6976,6,1
1,NewOrder,1772266500.602816,29382,22,1
2,Payment,1772266500.602861,9080,7,1
5,StockLevel,1772266500.602861,13359,9,1
1,NewOrder,1772266500.603869,24365,1,1
3,OrderStatus,1772266500.603887,6670,14,1
2,Payment,1772266500.604562,6242,23,1
2,Payment,1772266500.606178,15955,15,1
1,NewOrder,1772266500.606605,25064,12,1
2,Payment,1772266500.606712,10747,16,1
2,Payment,1772266500.606936,5915,0,1
5,StockLevel,1772266500.606949,13095,18,1
2,Payment,1772266500.609150,14356,10,1
2,Payment,1772266500.609656,9411,17,1
2,Payment,1772266500.609798,10878,6,1
1,NewOrder,1772266500.609808,21461,21,1
5,StockLevel,1772266500.610574,20845,14,1
1,NewOrder,1772266500.610830,14422,23,1
1,NewOrder,1772266500.611551,24446,5,1
1,NewOrder,1772266500.611956,33758,7,1
1,NewOrder,1772266500.612876,30125,0,1
2,Payment,1772266500.613595,11536,11,1
2,Payment,1772266500.614045,4580,19,1
2,Payment,1772266500.614654,6709,20,1
1,NewOrder,1772266500.615160,29513,8,1
2,Payment,1772266500.616236,11627,9,1
2,Payment,1772266500.617482,8488,16,1
2,Payment,1772266500.618652,5029,19,1
1,NewOrder,1772266500.619087,24719,17,1
1,NewOrder,1772266500.620063,25499,18,1
2,Payment,1772266500.620695,9209,6,1
2,Payment,1772266500.621389,5087,20,1
1,NewOrder,1772266500.621810,31232,4,1
1,NewOrder,1772266500.622146,26184,15,1
1,NewOrder,1772266500.623203,18816,2,1
2,Payment,1772266500.623521,8238,10,1
1,NewOrder,1772266500.623708,32787,19,1
5,StockLevel,1772266500.625158,14864,11,1
2,Payment,1772266500.625270,7895,23,1
1,NewOrder,1772266500.625966,31645,3,1
5,StockLevel,1772266500.625987,17896,16,1
1,NewOrder,1772266500.626501,27621,20,1
1,NewOrder,1772266500.627889,28213,9,1
1,NewOrder,1772266500.628260,21522,1,1
1,NewOrder,1772266500.629930,22070,6,1
2,Payment,1772266500.631294,8236,21,1
2,Payment,1772266500.631434,8498,14,1
2,Payment,1772266500.631685,4736,12,1
5,StockLevel,1772266500.631785,11777,10,1
1,NewOrder,1772266500.632225,36393,22,1
2,Payment,1772266500.633191,17176,23,1
2,Payment,1772266500.633616,8751,13,1
1,NewOrder,1772266500.636011,20521,5,1
1,NewOrder,1772266500.636446,32143,12,1
2,Payment,1772266500.639555,7982,21,1
1,NewOrder,1772266500.639946,33384,14,1
2,Payment,1772266500.640038,8400,11,1
2,Payment,1772266500.642039,7474,2,1
2,Payment,1772266500.642378,7422,13,1
5,StockLevel,1772266500.643028,17591,0,1
2,Payment,1772266500.643588,9902,10,1
1,NewOrder,1772266500.643831,24155,17,1
1,NewOrder,1772266500.643898,21923,16,1
2,Payment,1772266500.644685,11737,8,1
1,NewOrder,1772266500.645587,23043,18,1
2,Payment,1772266500.645728,16821,7,1
2,Payment,1772266500.647553,8496,21,1
2,Payment,1772266500.648355,8075,15,1
5,StockLevel,1772266500.648464,9050,11,1
3,OrderStatus,1772266500.649539,9122,2,1
1,NewOrder,1772266500.649807,27239,1,1
1,NewOrder,1772266500.649819,36399,13,1
4,Delivery,1772266500.650395,56549,23,1
2,Payment,1772266500.652026,8659,6,1
1,NewOrder,1772266500.653069,25904,4,1
2,Payment,1772266500.653516,11458,10,1
1,NewOrder,1772266500.654137,12583,20,1
2,Payment,1772266500.656075,8298,21,1
2,Payment,1772266500.656115,12211,9,1
1,NewOrder,1772266500.656449,33490,8,1
3,OrderStatus,1772266500.656457,1610,15,1
2,Payment,1772266500.656522,10170,19,1
1,NewOrder,1772266500.656557,12943,5,1
5,StockLevel,1772266500.657536,14133,11,1
2,Payment,1772266500.657633,8667,3,1
1,NewOrder,1772266500.658084,26119,15,1
2,Payment,1772266500.658673,15226,2,1
2,Payment,1772266500.660639,16189,0,1
3,OrderStatus,1772266500.660703,7954,6,1
1,NewOrder,1772266500.662575,18163,7,1
1,NewOrder,1772266500.664389,41199,21,1
2,Payment,1772266500.664992,6243,10,1
2,Payment,1772266500.665846,8164,16,1
2,Payment,1772266500.666312,12239,3,1
1,NewOrder,1772266500.666719,17503,19,1
1,NewOrder,1772266500.666735,33880,20,1
2,Payment,1772266500.668012,8468,17,1
2,Payment,1772266500.668353,5538,9,1
1,NewOrder,1772266500.668602,34580,12,1
2,Payment,1772266500.668634,7454,22,1
1,NewOrder,1772266500.668658,17043,18,1
2,Payment,1772266500.668682,7908,6,1
1,NewOrder,1772266500.669515,17799,5,1
2,Payment,1772266500.671251,7740,10,1
1,NewOrder,1772266500.671680,33395,11,1
2,Payment,1772266500.673356,11076,14,1
1,NewOrder,1772266500.673905,31505,9,1
2,Payment,1772266500.673918,7405,2,1
2,Payment,1772266500.674031,7461,16,1
2,Payment,1772266500.676120,7547,22,1
2,Payment,1772266500.676498,9621,17,1
1,NewOrder,1772266500.676617,38410,6,1
2,Payment,1772266500.676842,9988,0,1
2,Payment,1772266500.677059,7493,1,1
2,Payment,1772266500.678576,10298,3,1
1,NewOrder,1772266500.678999,16305,4,1
2,Payment,1772266500.679017,5621,10,1
1,NewOrder,1772266500.680763,38682,7,1
2,Payment,1772266500.681351,9118,2,1
2,Payment,1772266500.681518,6872,16,1
1,NewOrder,1772266500.683692,22660,22,1
1,NewOrder,1772266500.684228,30267,15,1
2,Payment,1772266500.684242,7550,19,1
1,NewOrder,1772266500.684457,24826,14,1
2,Payment,1772266500.684577,10035,1,1
2,Payment,1772266500.684654,7556,10,1
1,NewOrder,1772266500.685712,23565,18,1
1,NewOrder,1772266500.686135,36885,17,1
2,Payment,1772266500.686238,11577,13,1
1,NewOrder,1772266500.686856,25039,0,1
1,NewOrder,1772266500.687329,22454,5,1
2,Payment,1772266500.688407,11201,16,1
1,NewOrder,1772266500.688896,24656,3,1
3,OrderStatus,1772266500.689972,7101,8,1
1,NewOrder,1772266500.690494,26865,2,1
2,Payment,1772266500.691809,6535,19,1
2,Payment,1772266500.692236,6443,10,1
2,Payment,1772266500.694637,9002,1,1
1,NewOrder,1772266500.695332,15688,4,1
1,NewOrder,1772266500.697091,39003,8,1
2,Payment,1772266500.697840,9098,13,1
1,NewOrder,1772266500.698356,24676,19,1
1,NewOrder,1772266500.698690,23921,10,1
2,Payment,1772266500.699634,9058,16,1
1,NewOrder,1772266500.700628,22392,20,1
2,Payment,1772266500.703208,8246,12,1
1,NewOrder,1772266500.703664,25100,1,1
1,NewOrder,1772266500.705101,30102,11,1
2,Payment,1772266500.705430,6496,9,1
1,NewOrder,1772266500.705607,29080,21,1
2,Payment,1772266500.706367,8631,22,1
2,Payment,1772266500.706948,9894,13,1
2,Payment,1772266500.706970,11194,23,1
2,Payment,1772266500.708710,9765,16,1
1,NewOrder,1772266500.709291,29057,18,1
1,NewOrder,1772266500.709310,29920,14,1
1,NewOrder,1772266500.709809,25302,5,1
2,Payment,1772266500.711034,7592,4,1
1,NewOrder,1772266500.711480,28782,12,1
2,Payment,1772266500.711909,8241,0,1
2,Payment,1772266500.711949,7791,9,1
5,StockLevel,1772266500.713578,21161,3,1
5,StockLevel,1772266500.714514,14945,15,1
1,NewOrder,1772266500.715014,24128,22,1
2,Payment,1772266500.715043,12278,6,1
1,NewOrder,1772266500.716857,20262,13,1
1,NewOrder,1772266500.717370,21356,2,1
2,Payment,1772266500.718189,5308,23,1
2,Payment,1772266500.718500,4963,16,1
2,Payment,1772266500.718654,7324,4,1
1,NewOrder,1772266500.719472,30222,7,1
4,Delivery,1772266500.719764,39377,9,1
2,Payment,1772266500.720167,8898,0,1
2,Payment,1772266500.722639,9444,10,1
5,StockLevel,1772266500.723039,16884,17,1
1,NewOrder,1772266500.723045,25263,20,1
2,Payment,1772266500.723048,8707,19,1
2,Payment,1772266500.723476,11716,16,1
5,StockLevel,1772266500.723515,14186,23,1
2,Payment,1772266500.726004,9158,4,1
5,StockLevel,1772266500.727339,11662,6,1
2,Payment,1772266500.728779,14521,1,1
1,NewOrder,1772266500.729090,27089,0,1
1,NewOrder,1772266500.729485,35941,15,1
1,NewOrder,1772266500.731776,20238,19,1
2,Payment,1772266500.732104,5621,10,1
2,Payment,1772266500.734713,4055,21,1
2,Payment,1772266500.734755,6959,3,1
1,NewOrder,1772266500.735125,24623,5,1
1,NewOrder,1772266500.735181,17271,4,1
1,NewOrder,1772266500.735219,37597,16,1
2,Payment,1772266500.735230,5922,11,1
1,NewOrder,1772266500.736108,21625,8,1
1,NewOrder,1772266500.737140,35269,13,1
2,Payment,1772266500.737726,11119,23,1
1,NewOrder,1772266500.737741,22486,10,1
2,Payment,1772266500.738364,8696,18,1
2,Payment,1772266500.738738,6008,2,1
1,NewOrder,1772266500.738794,25815,21,1
1,NewOrder,1772266500.739017,26062,6,1
2,Payment,1772266500.739167,26920,22,1
2,Payment,1772266500.739256,6881,14,1
2,Payment,1772266500.739937,10629,17,1
2,Payment,1772266500.740273,12140,12,1
1,NewOrder,1772266500.741177,20242,11,1
2,Payment,1772266500.741727,6953,3,1
2,Payment,1772266500.743317,7210,1,1
1,NewOrder,1772266500.744764,26182,2,1
1,NewOrder,1772266500.746163,28899,14,1
2,Payment,1772266500.747080,8596,18,1
2,Payment,1772266500.748323,10196,20,1
1,NewOrder,1772266500.748691,24355,3,1
1,NewOrder,1772266500.748862,18167,23,1
2,Payment,1772266500.749711,8376,7,1
1,NewOrder,1772266500.750550,19550,1,1
1,NewOrder,1772266500.750580,18164,17,1
1,NewOrder,1772266500.752031,21090,19,1
2,Payment,1772266500.752427,5679,12,1
1,NewOrder,1772266500.752478,21536,4,1
2,Payment,1772266500.755689,8273,18,1
5,StockLevel,1772266500.756206,14437,0,1
2,Payment,1772266500.757759,7995,8,1
2,Payment,1772266500.758112,10997,7,1
1,NewOrder,1772266500.758126,30581,12,1
1,NewOrder,1772266500.758545,14554,20,1
2,Payment,1772266500.759156,12305,9,1
1,NewOrder,1772266500.759774,20921,5,1
1,NewOrder,1772266500.760248,17491,10,1
2,Payment,1772266500.761445,15431,11,1
1,NewOrder,1772266500.763979,19529,18,1
1,NewOrder,1772266500.764635,30016,21,1
4,Delivery,1772266500.765105,16036,6,1
2,Payment,1772266500.765440,6123,15,1
2,Payment,1772266500.765764,13023,8,1
2,Payment,1772266500.766113,6330,22,1
2,Payment,1772266500.767055,8459,23,1
2,Payment,1772266500.768770,5702,17,1
2,Payment,1772266500.769136,11977,7,1
2,Payment,1772266500.770114,5501,1,1
1,NewOrder,1772266500.770669,26560,0,1
1,NewOrder,1772266500.770973,35777,2,1
2,Payment,1772266500.771487,12052,9,1
2,Payment,1772266500.771582,13472,15,1
2,Payment,1772266500.772433,22735,13,1
2,Payment,1772266500.772458,7027,22,1
1,NewOrder,1772266500.772843,23664,16,1
2,Payment,1772266500.773072,6459,3,1
2,Payment,1772266500.773111,8407,20,1
5,StockLevel,1772266500.773136,15209,19,1
2,Payment,1772266500.774039,7700,4,1
1,NewOrder,1772266500.774498,27612,17,1
2,Payment,1772266500.775088,7731,14,1
2,Payment,1772266500.775528,8715,23,1
2,Payment,1772266500.775632,8278,1,1
1,NewOrder,1772266500.776902,37152,11,1
2,Payment,1772266500.777754,7638,10,1
1,NewOrder,1772266500.778805,23760,8,1
1,NewOrder,1772266500.779501,33060,22,1
1,NewOrder,1772266500.779557,23734,3,1
2,Payment,1772266500.780721,9306,5,1
1,NewOrder,1772266500.781139,21441,7,1
1,NewOrder,1772266500.781167,35675,6,1
3,OrderStatus,1772266500.781534,6976,20,1
2,Payment,1772266500.781754,9944,4,1
4,Delivery,1772266500.782844,38099,14,1
2,Payment,1772266500.783526,9652,18,1
1,NewOrder,1772266500.783555,28051,9,1
2,Payment,1772266500.783936,9283,1,1
1,NewOrder,1772266500.784256,27021,23,1
2,Payment,1772266500.785081,7583,15,1
1,NewOrder,1772266500.785407,33055,10,1
1,NewOrder,1772266500.788363,31683,19,1
1,NewOrder,1772266500.788516,23681,20,1
2,Payment,1772266500.788733,9009,12,1
1,NewOrder,1772266500.790046,24064,5,1
2,Payment,1772266500.791721,7098,4,1
1,NewOrder,1772266500.792678,24905,15,1
2,Payment,1772266500.793205,7901,18,1
2,Payment,1772266500.793242,9283,1,1
1,NewOrder,1772266500.794677,40344,21,1
1,NewOrder,1772266500.795182,29767,13,1
1,NewOrder,1772266500.796533,28041,16,1
1,NewOrder,1772266500.797255,37771,0,1
2,Payment,1772266500.797768,7819,12,1
1,NewOrder,1772266500.798837,30206,4,1
1,NewOrder,1772266500.801127,36659,18,1
2,Payment,1772266500.802135,7601,17,1
1,NewOrder,1772266500.802538,32590,1,1
1,NewOrder,1772266500.802591,33422,8,1
2,Payment,1772266500.802609,7488,7,1
1,NewOrder,1772266500.803317,25409,3,1
2,Payment,1772266500.805602,9091,12,1
1,NewOrder,1772266500.806776,22788,2,1
2,Payment,1772266500.809760,9401,17,1
1,NewOrder,1772266500.810115,34110,7,1
2,Payment,1772266500.811304,7839,23,1
5,StockLevel,1772266500.811632,16565,9,1
2,Payment,1772266500.812223,9070,20,1
1,NewOrder,1772266500.812573,22044,22,1
2,Payment,1772266500.814082,7165,11,1
2,Payment,1772266500.814137,6420,5,1
2,Payment,1772266500.814719,10267,12,1
1,NewOrder,1772266500.816867,29289,6,1
1,NewOrder,1772266500.817602,30716,15,1
1,NewOrder,1772266500.818474,29157,10,1
2,Payment,1772266500.819155,8111,23,1
2,Payment,1772266500.819188,9495,17,1
1,NewOrder,1772266500.820057,24406,19,1
2,Payment,1772266500.820583,8186,5,1
1,NewOrder,1772266500.820960,23107,14,1
5,StockLevel,1772266500.821270,15758,11,1
2,Payment,1772266500.821318,7706,20,1
3,OrderStatus,1772266500.824600,7632,16,1
5,StockLevel,1772266500.824967,16445,13,1
1,NewOrder,1772266500.825002,19178,12,1
1,NewOrder,1772266500.827279,17166,23,1
1,NewOrder,1772266500.828221,28825,9,1
5,StockLevel,1772266500.828709,16774,17,1
2,Payment,1772266500.828753,6187,3,1
1,NewOrder,1772266500.828795,25130,5,1
2,Payment,1772266500.829050,5894,20,1
1,NewOrder,1772266500.829065,20742,4,1
2,Payment,1772266500.829579,7083,2,1
2,Payment,1772266500.832249,8536,16,1
2,Payment,1772266500.834643,16383,22,1
2,Payment,1772266500.834956,7378,3,1
2,Payment,1772266500.834964,7833,20,1
1,NewOrder,1772266500.835037,34865,21,1
1,NewOrder,1772266500.835052,25964,0,1
1,NewOrder,1772266500.835154,17047,1,1
4,Delivery,1772266500.836027,34134,8,1
1,NewOrder,1772266500.836679,36182,2,1
2,Payment,1772266500.837056,8026,11,1
1,NewOrder,1772266500.837802,21569,18,1
2,Payment,1772266500.840811,6082,16,1
5,StockLevel,1772266500.841439,14150,13,1
2,Payment,1772266500.842360,7882,3,1
2,Payment,1772266500.842823,10905,20,1
3,OrderStatus,1772266500.844081,5646,14,1
2,Payment,1772266500.844206,6076,12,1
4,Delivery,1772266500.844252,26347,7,1
2,Payment,1772266500.844472,12880,23,1
2,Payment,1772266500.844481,10914,19,1
2,Payment,1772266500.845097,5629,11,1
2,Payment,1772266500.845501,6675,17,1
2,Payment,1772266500.846165,6837,6,1
2,Payment,1772266500.846911,7822,16,1
2,Payment,1772266500.847644,7062,10,1
5,StockLevel,1772266500.848335,12255,15,1
3,OrderStatus,1772266500.849744,7644,14,1
1,NewOrder,1772266500.849833,34629,4,1
1,NewOrder,1772266500.850262,18152,3,1
4,Delivery,1772266500.850308,15023,12,1
1,NewOrder,1772266500.850740,21285,11,1
1,NewOrder,1772266500.851052,17007,22,1
1,NewOrder,1772266500.852201,31476,17,1
2,Payment,1772266500.852216,8442,1,1
5,StockLevel,1772266500.853015,14599,6,1
1,NewOrder,1772266500.853752,34770,20,1
1,NewOrder,1772266500.853950,17603,5,1
2,Payment,1772266500.854723,6317,10,1
2,Payment,1772266500.854748,6826,16,1
2,Payment,1772266500.855423,5711,19,1
1,NewOrder,1772266500.855603,29212,13,1
2,Payment,1772266500.857070,7000,9,1
2,Payment,1772266500.857368,7162,23,1
1,NewOrder,1772266500.857402,22326,14,1
2,Payment,1772266500.859397,7101,18,1
2,Payment,1772266500.860605,9444,15,1
2,Payment,1772266500.860688,6216,1,1
2,Payment,1772266500.861040,7858,0,1
1,NewOrder,1772266500.861055,28703,10,1
1,NewOrder,1772266500.861147,27407,19,1
1,NewOrder,1772266500.861600,23825,16,1
3,OrderStatus,1772266500.864088,7433,9,1
1,NewOrder,1772266500.864555,33598,23,1
2,Payment,1772266500.865356,7531,12,1
2,Payment,1772266500.866512,8161,18,1
4,Delivery,1772266500.866920,21033,1,1
5,StockLevel,1772266500.867626,14674,6,1
2,Payment,1772266500.868084,11987,22,1
2,Payment,1772266500.868440,10017,3,1
2,Payment,1772266500.868907,7716,0,1
1,NewOrder,1772266500.869923,22933,21,1
1,NewOrder,1772266500.870063,30106,15,1
1,NewOrder,1772266500.870170,23120,8,1
1,NewOrder,1772266500.870614,22665,7,1
2,Payment,1772266500.871547,8551,9,1
1,NewOrder,1772266500.871568,31778,5,1
1,NewOrder,1772266500.872051,34929,11,1
1,NewOrder,1772266500.872875,24701,2,1
1,NewOrder,1772266500.872900,32706,12,1
1,NewOrder,1772266500.874699,16739,18,1
2,Payment,1772266500.876637,8245,0,1
2,Payment,1772266500.878483,9931,3,1
1,NewOrder,1772266500.879754,32783,14,1
1,NewOrder,1772266500.880094,36601,22,1
1,NewOrder,1772266500.880116,19072,9,1
4,Delivery,1772266500.882314,15796,6,1
2,Payment,1772266500.883687,8413,17,1
1,NewOrder,1772266500.884487,20113,4,1
1,NewOrder,1772266500.884837,22074,13,1
2,Payment,1772266500.884903,5855,0,1
2,Payment,1772266500.885438,10223,16,1
1,NewOrder,1772266500.887970,26786,1,1
1,NewOrder,1772266500.888435,35800,3,1
1,NewOrder,1772266500.888543,36408,20,1
1,NewOrder,1772266500.888581,34774,19,1
1,NewOrder,1772266500.889773,24620,10,1
2,Payment,1772266500.890775,8686,0,1
4,Delivery,1772266500.891458,16729,18,1
2,Payment,1772266500.892120,10396,17,1
1,NewOrder,1772266500.892871,33489,21,1
2,Payment,1772266500.893305,7990,7,1
1,NewOrder,1772266500.893312,18638,8,1
1,NewOrder,1772266500.895688,19117,16,1
1,NewOrder,1772266500.897593,34819,2,1
1,NewOrder,1772266500.898136,38006,6,1
1,NewOrder,1772266500.898170,22870,23,1
5,StockLevel,1772266500.899214,16278,9,1
1,NewOrder,1772266500.899479,22113,0,1
1,NewOrder,1772266500.900185,25775,15,1
1,NewOrder,1772266500.901318,22947,7,1
3,OrderStatus,1772266500.902531,8990,17,1
2,Payment,1772266500.903360,6778,5,1
2,Payment,1772266500.904627,7861,4,1
5,StockLevel,1772266500.905623,14907,12,1
1,NewOrder,1772266500.906929,38015,13,1
1,NewOrder,1772266500.906994,18104,11,1
4,Delivery,1772266500.908213,13911,18,1
3,OrderStatus,1772266500.910155,7691,5,1
1,NewOrder,1772266500.911539,23083,17,1
2,Payment,1772266500.911966,7206,8,1
2,Payment,1772266500.912506,7847,4,1
4,Delivery,1772266500.912563,31823,14,1
2,Payment,1772266500.914411,7619,10,1
2,Payment,1772266500.914780,9425,1,1
3,OrderStatus,1772266500.914831,6542,16,1
2,Payment,1772266500.915507,9348,9,1
1,NewOrder,1772266500.916721,23047,22,1
1,NewOrder,1772266500.917864,23871,5,1
2,Payment,1772266500.919190,7567,8,1
2,Payment,1772266500.920379,5942,4,1
1,NewOrder,1772266500.920546,27832,12,1
1,NewOrder,1772266500.921050,22314,23,1
2,Payment,1772266500.921390,7555,16,1
2,Payment,1772266500.921605,7001,0,1
2,Payment,1772266500.922051,7070,10,1
1,NewOrder,1772266500.922150,26752,18,1
2,Payment,1772266500.923371,7112,19,1
1,NewOrder,1772266500.924229,21931,1,1
1,NewOrder,1772266500.924249,27209,3,1
2,Payment,1772266500.924291,9287,7,1
2,Payment,1772266500.924873,5999,9,1
1,NewOrder,1772266500.924962,25217,20,1
2,Payment,1772266500.925112,12744,11,1
2,Payment,1772266500.925975,7344,15,1
4,Delivery,1772266500.926347,49999,4,1
1,NewOrder,1772266500.926377,19758,21,1
2,Payment,1772266500.926770,9266,8,1
2,Payment,1772266500.928618,6999,0,1
2,Payment,1772266500.928955,7023,16,1
2,Payment,1772266500.929147,10654,10,1
1,NewOrder,1772266500.930500,30929,19,1
1,NewOrder,1772266500.930897,35708,9,1
2,Payment,1772266500.932438,6754,2,1
1,NewOrder,1772266500.933345,37620,15,1
2,Payment,1772266500.933603,13906,7,1
1,NewOrder,1772266500.934637,24616,17,1
2,Payment,1772266500.935636,9416,0,1
2,Payment,1772266500.936003,7814,16,1
2,Payment,1772266500.936048,13249,8,1
1,NewOrder,1772266500.936152,27963,6,1
2,Payment,1772266500.937882,7754,11,1
3,OrderStatus,1772266500.939208,6319,2,1
5,StockLevel,1772266500.939783,19085,22,1
2,Payment,1772266500.939818,12359,10,1
1,NewOrder,1772266500.941760,37473,5,1
1,NewOrder,1772266500.943391,35519,23,1
2,Payment,1772266500.943833,8444,16,1
1,NewOrder,1772266500.944412,27076,14,1
1,NewOrder,1772266500.944958,32988,13,1
1,NewOrder,1772266500.945076,18666,0,1
2,Payment,1772266500.945548,8715,2,1
1,NewOrder,1772266500.945651,30276,11,1
1,NewOrder,1772266500.946160,17983,21,1
2,Payment,1772266500.946178,10084,1,1
1,NewOrder,1772266500.947535,38805,7,1
5,StockLevel,1772266500.948392,14083,12,1
1,NewOrder,1772266500.948928,31237,18,1
3,OrderStatus,1772266500.949317,5494,8,1
1,NewOrder,1772266500.950194,25465,20,1
2,Payment,1772266500.951485,8135,3,1
2,Payment,1772266500.952201,6659,10,1
1,NewOrder,1772266500.952303,25621,16,1
2,Payment,1772266500.954289,7667,2,1
1,NewOrder,1772266500.954829,22717,8,1
1,NewOrder,1772266500.956278,35853,1,1
2,Payment,1772266500.958888,7331,10,1
1,NewOrder,1772266500.958894,25780,22,1
1,NewOrder,1772266500.959275,36129,17,1
2,Payment,1772266500.959640,8373,3,1
1,NewOrder,1772266500.961456,30752,19,1
1,NewOrder,1772266500.961971,23140,2,1
1,NewOrder,1772266500.962492,24401,12,1
4,Delivery,1772266500.963768,13123,0,1
1,NewOrder,1772266500.964128,22751,6,1
3,OrderStatus,1772266500.964168,7770,21,1
2,Payment,1772266500.966245,7884,10,1
1,NewOrder,1772266500.966631,21765,9,1
1,NewOrder,1772266500.968027,25458,3,1
1,NewOrder,1772266500.970985,28230,15,1
2,Payment,1772266500.971513,7799,14,1
1,NewOrder,1772266500.971966,29676,21,1
1,NewOrder,1772266500.974144,23172,10,1
2,Payment,1772266500.975684,7075,20,1
1,NewOrder,1772266500.975943,35992,11,1
2,Payment,1772266500.976358,6927,4,1
2,Payment,1772266500.976910,8115,0,1
4,Delivery,1772266500.977559,34352,8,1
1,NewOrder,1772266500.977950,30837,16,1
2,Payment,1772266500.977962,8959,13,1
2,Payment,1772266500.978928,8724,23,1
1,NewOrder,1772266500.979247,18038,5,1
3,OrderStatus,1772266500.979332,6744,14,1
1,NewOrder,1772266500.980191,18554,18,1
4,Delivery,1772266500.982784,32082,20,1
1,NewOrder,1772266500.983300,41089,4,1
2,Payment,1772266500.984700,7079,22,1
4,Delivery,1772266500.985035,14737,0,1
2,Payment,1772266500.985136,7090,2,1
1,NewOrder,1772266500.986093,18114,14,1
1,NewOrder,1772266500.986362,31637,7,1
4,Delivery,1772266500.986907,25388,6,1
2,Payment,1772266500.986912,6257,12,1
1,NewOrder,1772266500.986934,30077,13,1
1,NewOrder,1772266500.987670,21144,23,1
2,Payment,1772266500.988410,8457,9,1
1,NewOrder,1772266500.991799,27681,22,1
1,NewOrder,1772266500.992147,22081,1,1
2,Payment,1772266500.992233,7026,19,1
4,Delivery,1772266500.992252,8018,2,1
2,Payment,1772266500.993191,7016,12,1
3,OrderStatus,1772266500.993501,6510,3,1
5,StockLevel,1772266500.995429,13366,17,1
1,NewOrder,1772266500.996891,16104,9,1
1,NewOrder,1772266500.997297,27494,5,1
1,NewOrder,1772266500.997342,14999,10,1
4,Delivery,1772266500.998758,16456,18,1
1,NewOrder,1772266500.999226,35736,15,1
2,Payment,1772266500.999286,6547,19,1
2,Payment,1772266500.999798,10468,0,1
2,Payment,1772266501.000036,8030,3,1
1,NewOrder,1772266501.000233,26880,12,1
2,Payment,1772266501.000291,2395,2,1
2,Payment,1772266501.001687,7022,21,1
2,Payment,1772266501.002704,9703,2,1
2,Payment,1772266501.004232,6952,14,1
1,NewOrder,1772266501.005847,23983,19,1
1,NewOrder,1772266501.008093,23414,3,1
2,Payment,1772266501.008734,7212,21,1
1,NewOrder,1772266501.008805,34344,16,1
4,Delivery,1772266501.008821,62465,17,1
2,Payment,1772266501.008833,9599,23,1
1,NewOrder,1772266501.010284,23467,0,1
4,Delivery,1772266501.011210,60501,14,1
1,NewOrder,1772266501.011925,37136,8,1
1,NewOrder,1772266501.011951,29995,11,1
1,NewOrder,1772266501.012313,17507,6,1
2,Payment,1772266501.012363,10330,10,1
1,NewOrder,1772266501.012432,37011,2,1
1,NewOrder,1772266501.013021,38449,9,1
2,Payment,1772266501.014253,7611,1,1
2,Payment,1772266501.014892,9999,20,1
3,OrderStatus,1772266501.015235,1494,18,1
1,NewOrder,1772266501.015971,27817,21,1
1,NewOrder,1772266501.016747,32979,18,1
2,Payment,1772266501.017033,9646,13,1
2,Payment,1772266501.018023,9946,7,1
1,NewOrder,1772266501.018450,23122,23,1
1,NewOrder,1772266501.019506,34821,22,1
2,Payment,1772266501.021883,7531,1,1
5,StockLevel,1772266501.022714,17662,10,1
2,Payment,1772266501.024403,7417,4,1
1,NewOrder,1772266501.024805,32886,5,1
1,NewOrder,1772266501.024916,34541,20,1
1,NewOrder,1772266501.026705,17846,13,1
1,NewOrder,1772266501.027140,22791,12,1
2,Payment,1772266501.027988,7593,7,1
1,NewOrder,1772266501.029433,20039,1,1
2,Payment,1772266501.029837,7431,6,1
2,Payment,1772266501.029858,6625,19,1
3,OrderStatus,1772266501.031521,3935,3,1
2,Payment,1772266501.031846,8199,4,1
1,NewOrder,1772266501.033768,30373,0,1
1,NewOrder,1772266501.034987,18572,15,1
1,NewOrder,1772266501.035472,26132,3,1
3,OrderStatus,1772266501.035607,8456,7,1
2,Payment,1772266501.036503,7217,19,1
2,Payment,1772266501.037283,11211,6,1
2,Payment,1772266501.040060,8008,4,1
3,OrderStatus,1772266501.040402,8716,10,1
2,Payment,1772266501.041598,9180,23,1
1,NewOrder,1772266501.041973,16099,11,1
5,StockLevel,1772266501.043175,14943,16,1
1,NewOrder,1772266501.043747,35302,19,1
1,NewOrder,1772266501.043809,30676,21,1
1,NewOrder,1772266501.044091,19660,7,1
1,NewOrder,1772266501.044566,20321,13,1
2,Payment,1772266501.048094,7214,4,1
1,NewOrder,1772266501.048520,19276,6,1
1,NewOrder,1772266501.049077,32922,8,1
1,NewOrder,1772266501.049136,26054,10,1
2,Payment,1772266501.049471,10837,2,1
2,Payment,1772266501.049498,9397,1,1
1,NewOrder,1772266501.049741,31049,18,1
1,NewOrder,1772266501.049948,21409,12,1
1,NewOrder,1772266501.050795,26845,23,1
2,Payment,1772266501.051495,6546,9,1
1,NewOrder,1772266501.053577,32521,15,1
5,StockLevel,1772266501.054344,15910,22,1
2,Payment,1772266501.055334,6823,4,1
1,NewOrder,1772266501.057718,30221,5,1
1,NewOrder,1772266501.058057,31688,9,1
2,Payment,1772266501.058087,12814,11,1
1,NewOrder,1772266501.058136,34371,16,1
2,Payment,1772266501.058913,6442,1,1
2,Payment,1772266501.059483,7629,20,1
2,Payment,1772266501.060322,7197,2,1
2,Payment,1772266501.061615,10314,3,1
2,Payment,1772266501.062171,19313,4,1
1,NewOrder,1772266501.063768,29025,7,1
2,Payment,1772266501.064157,19693,0,1
2,Payment,1772266501.064913,6878,13,1
2,Payment,1772266501.065373,9874,1,1
5,StockLevel,1772266501.067128,15648,20,1
1,NewOrder,1772266501.067533,24514,2,1
5,StockLevel,1772266501.067812,17680,6,1
1,NewOrder,1772266501.070271,24797,22,1
2,Payment,1772266501.070921,5081,11,1
1,NewOrder,1772266501.071299,36047,17,1
2,Payment,1772266501.071370,8194,12,1
2,Payment,1772266501.071728,6410,14,1
2,Payment,1772266501.071807,10096,13,1
2,Payment,1772266501.071951,7061,3,1
1,NewOrder,1772266501.074508,18732,21,1
5,StockLevel,1772266501.075217,11285,10,1
1,NewOrder,1772266501.075266,17569,1,1
4,Delivery,1772266501.076016,58985,11,1
2,Payment,1772266501.077662,5713,23,1
1,NewOrder,1772266501.078156,35755,14,1
2,Payment,1772266501.079037,7470,3,1
2,Payment,1772266501.079075,6071,19,1
2,Payment,1772266501.079590,7262,12,1
2,Payment,1772266501.080816,6152,18,1
1,NewOrder,1772266501.081498,28932,4,1
1,NewOrder,1772266501.081921,29093,13,1
2,Payment,1772266501.082018,8464,8,1
2,Payment,1772266501.082788,9599,20,1
2,Payment,1772266501.083387,7430,23,1
1,NewOrder,1772266501.083870,30027,0,1
2,Payment,1772266501.085161,8779,19,1
2,Payment,1772266501.085510,7705,6,1
1,NewOrder,1772266501.086113,48967,15,1
1,NewOrder,1772266501.086514,21473,10,1
1,NewOrder,1772266501.086526,32420,3,1
4,Delivery,1772266501.086868,14355,12,1
2,Payment,1772266501.086994,8406,18,1
1,NewOrder,1772266501.087965,16972,5,1
2,Payment,1772266501.089761,8879,9,1
1,NewOrder,1772266501.090497,29704,8,1
2,Payment,1772266501.090831,7392,23,1
1,NewOrder,1772266501.092064,22743,2,1
2,Payment,1772266501.092413,12857,20,1
2,Payment,1772266501.092522,6146,16,1
1,NewOrder,1772266501.092808,21981,7,1
1,NewOrder,1772266501.092861,26500,1,1
2,Payment,1772266501.093230,7140,6,1
2,Payment,1772266501.093257,8547,21,1
2,Payment,1772266501.093954,9683,19,1
1,NewOrder,1772266501.095079,19309,22,1
1,NewOrder,1772266501.095420,23981,18,1
1,NewOrder,1772266501.098237,21196,23,1
1,NewOrder,1772266501.098656,34181,9,1
2,Payment,1772266501.098684,7322,16,1
2,Payment,1772266501.100385,6938,6,1
2,Payment,1772266501.101238,8398,12,1
1,NewOrder,1772266501.101821,24416,21,1
2,Payment,1772266501.103654,7087,19,1
2,Payment,1772266501.104965,8252,5,1
1,NewOrder,1772266501.105282,18763,20,1
1,NewOrder,1772266501.106033,22102,16,1
1,NewOrder,1772266501.107343,25986,6,1
2,Payment,1772266501.107364,7977,17,1
4,Delivery,1772266501.108003,27450,10,1
2,Payment,1772266501.109650,7435,12,1
5,StockLevel,1772266501.110443,18513,4,1
1,NewOrder,1772266501.110756,30636,19,1
1,NewOrder,1772266501.111031,21860,13,1
2,Payment,1772266501.113236,6082,5,1
2,Payment,1772266501.113923,6871,0,1
1,NewOrder,1772266501.113929,20664,14,1
1,NewOrder,1772266501.114402,34130,22,1
2,Payment,1772266501.114802,7591,7,1
1,NewOrder,1772266501.114821,18478,2,1
2,Payment,1772266501.115352,7382,17,1
2,Payment,1772266501.117101,7381,12,1
1,NewOrder,1772266501.118959,29195,3,1
2,Payment,1772266501.119338,9651,5,1
2,Payment,1772266501.119375,7362,1,1
2,Payment,1772266501.119416,7704,18,1
2,Payment,1772266501.119451,9196,23,1
4,Delivery,1772266501.120213,15292,8,1
1,NewOrder,1772266501.120810,14861,0,1
2,Payment,1772266501.122420,9836,7,1
1,NewOrder,1772266501.122759,33326,17,1
1,NewOrder,1772266501.124059,30242,20,1
5,StockLevel,1772266501.124497,15553,12,1
1,NewOrder,1772266501.126253,25086,21,1
2,Payment,1772266501.126754,6112,1,1
1,NewOrder,1772266501.127129,25894,18,1
1,NewOrder,1772266501.128147,25665,16,1
1,NewOrder,1772266501.128661,31029,23,1
2,Payment,1772266501.128977,7291,4,1
1,NewOrder,1772266501.129008,32763,5,1
2,Payment,1772266501.132274,7479,7,1
1,NewOrder,1772266501.132863,20446,9,1
1,NewOrder,1772266501.132881,34444,1,1
1,NewOrder,1772266501.132905,36136,13,1
1,NewOrder,1772266501.133314,25972,2,1
2,Payment,1772266501.133344,8434,6,1
2,Payment,1772266501.134612,10079,14,1
4,Delivery,1772266501.135018,64993,11,1
2,Payment,1772266501.135095,13418,15,1
2,Payment,1772266501.135469,7610,10,1
1,NewOrder,1772266501.135523,22664,8,1
5,StockLevel,1772266501.135684,16419,0,1
2,Payment,1772266501.136282,8047,4,1
1,NewOrder,1772266501.139770,24914,7,1
1,NewOrder,1772266501.140077,20490,12,1
2,Payment,1772266501.141409,7838,19,1
1,NewOrder,1772266501.141795,37048,6,1
2,Payment,1772266501.143097,8660,10,1
1,NewOrder,1772266501.144341,38165,4,1
5,StockLevel,1772266501.144708,18038,14,1
2,Payment,1772266501.148182,9089,3,1
2,Payment,1772266501.148532,6766,15,1
1,NewOrder,1772266501.148558,23129,22,1
1,NewOrder,1772266501.149262,30119,19,1
2,Payment,1772266501.151355,11266,21,1
1,NewOrder,1772266501.151774,23037,10,1
2,Payment,1772266501.152114,7555,0,1
2,Payment,1772266501.153039,11532,18,1
1,NewOrder,1772266501.153334,26018,9,1
2,Payment,1772266501.153831,6344,16,1
1,NewOrder,1772266501.154313,27034,20,1
1,NewOrder,1772266501.155314,23485,15,1
1,NewOrder,1772266501.156100,30919,17,1
2,Payment,1772266501.157285,6840,3,1
2,Payment,1772266501.158203,6649,8,1
2,Payment,1772266501.159307,6976,2,1
1,NewOrder,1772266501.159683,30225,0,1
2,Payment,1772266501.159704,7519,23,1
2,Payment,1772266501.160192,8404,16,1
1,NewOrder,1772266501.160581,23757,12,1
1,NewOrder,1772266501.161786,28509,5,1
2,Payment,1772266501.162641,9062,21,1
1,NewOrder,1772266501.162760,38926,14,1
1,NewOrder,1772266501.164140,28632,3,1
1,NewOrder,1772266501.164586,34554,18,1
1,NewOrder,1772266501.164694,29554,7,1
2,Payment,1772266501.164866,6458,8,1
2,Payment,1772266501.166302,7017,2,1
2,Payment,1772266501.167235,8957,23,1
2,Payment,1772266501.167343,7912,1,1
1,NewOrder,1772266501.168613,34998,16,1
2,Payment,1772266501.169055,9185,13,1
2,Payment,1772266501.171342,10702,8,1
2,Payment,1772266501.171705,7634,22,1
2,Payment,1772266501.171724,9256,21,1
1,NewOrder,1772266501.173333,26337,2,1
1,NewOrder,1772266501.174828,25153,10,1
1,NewOrder,1772266501.175278,23863,1,1
1,NewOrder,1772266501.176208,36763,23,1
1,NewOrder,1772266501.178262,18694,13,1
1,NewOrder,1772266501.178813,34754,15,1
1,NewOrder,1772266501.178871,24270,6,1
2,Payment,1772266501.179355,9646,22,1
1,NewOrder,1772266501.179370,34226,9,1
2,Payment,1772266501.179393,8076,19,1
3,OrderStatus,1772266501.180996,5596,21,1
4,Delivery,1772266501.181364,31985,20,1
1,NewOrder,1772266501.182060,18454,8,1
3,OrderStatus,1772266501.182520,11412,4,1
2,Payment,1772266501.184352,9230,12,1
1,NewOrder,1772266501.186610,40247,21,1
4,Delivery,1772266501.187047,66395,17,1
2,Payment,1772266501.187488,10211,19,1
1,NewOrder,1772266501.189019,25496,22,1
2,Payment,1772266501.189930,8830,0,1
3,OrderStatus,1772266501.190311,7291,5,1
1,NewOrder,1772266501.192788,31952,3,1
2,Payment,1772266501.193600,6820,12,1
1,NewOrder,1772266501.193950,32860,4,1
2,Payment,1772266501.194274,7358,7,1
2,Payment,1772266501.196975,8047,13,1
2,Payment,1772266501.197620,9548,5,1
2,Payment,1772266501.197720,8326,19,1
1,NewOrder,1772266501.198774,18329,0,1
1,NewOrder,1772266501.199155,38154,1,1
2,Payment,1772266501.199166,8324,18,1
1,NewOrder,1772266501.199695,39160,2,1
1,NewOrder,1772266501.199997,29773,10,1
1,NewOrder,1772266501.200032,21685,11,1
2,Payment,1772266501.200437,8006,12,1
5,StockLevel,1772266501.200529,18263,8,1
2,Payment,1772266501.201649,7882,7,1
2,Payment,1772266501.201705,8317,14,1
1,NewOrder,1772266501.203168,28926,6,1
2,Payment,1772266501.203626,24857,16,1
2,Payment,1772266501.205043,8363,13,1
2,Payment,1772266501.206059,9946,19,1
1,NewOrder,1772266501.207186,20386,5,1
2,Payment,1772266501.207509,11867,18,1
1,NewOrder,1772266501.208455,24044,12,1
3,OrderStatus,1772266501.209545,8048,7,1
2,Payment,1772266501.210038,7452,14,1
1,NewOrder,1772266501.212997,37621,23,1
1,NewOrder,1772266501.213364,28701,20,1
2,Payment,1772266501.213417,7836,13,1
5,StockLevel,1772266501.213582,14872,15,1
2,Payment,1772266501.213621,8823,9,1
4,Delivery,1772266501.214534,54847,22,1
5,StockLevel,1772266501.216022,16623,19,1
2,Payment,1772266501.217116,7967,0,1
2,Payment,1772266501.217505,8028,14,1
2,Payment,1772266501.217618,9878,7,1
2,Payment,1772266501.218806,10290,8,1
1,NewOrder,1772266501.219394,28324,18,1
3,OrderStatus,1772266501.221270,5833,13,1
2,Payment,1772266501.221744,10783,11,1
2,Payment,1772266501.222458,12369,9,1
1,NewOrder,1772266501.224767,28635,3,1
1,NewOrder,1772266501.225098,25544,0,1
1,NewOrder,1772266501.225560,21705,14,1
2,Payment,1772266501.226828,8716,4,1
2,Payment,1772266501.226874,7495,21,1
2,Payment,1772266501.227111,8929,13,1
1,NewOrder,1772266501.227522,35965,7,1
2,Payment,1772266501.227588,13965,5,1
2,Payment,1772266501.228471,10911,15,1
5,StockLevel,1772266501.228499,15913,16,1
1,NewOrder,1772266501.229109,27064,8,1
3,OrderStatus,1772266501.229784,9666,10,1
1,NewOrder,1772266501.232112,33526,6,1
2,Payment,1772266501.232513,8310,12,1
2,Payment,1772266501.232543,6871,11,1
1,NewOrder,1772266501.232657,19832,19,1
2,Payment,1772266501.234384,8364,21,1
1,NewOrder,1772266501.234854,27715,9,1
3,OrderStatus,1772266501.235557,7319,4,1
2,Payment,1772266501.236067,9118,13,1
1,NewOrder,1772266501.237324,28289,1,1
3,OrderStatus,1772266501.238871,6689,2,1
1,NewOrder,1772266501.239395,35544,15,1
2,Payment,1772266501.239435,8292,11,1
2,Payment,1772266501.239469,10247,10,1
4,Delivery,1772266501.240838,13029,12,1
1,NewOrder,1772266501.241572,22401,5,1
1,NewOrder,1772266501.242090,22666,20,1
2,Payment,1772266501.242765,6534,21,1
1,NewOrder,1772266501.242892,22643,4,1
2,Payment,1772266501.244425,10560,16,1
2,Payment,1772266501.245201,12045,13,1
2,Payment,1772266501.245577,7403,2,1
1,NewOrder,1772266501.247284,35452,14,1
1,NewOrder,1772266501.247733,30253,18,1
1,NewOrder,1772266501.247756,35009,11,1
2,Payment,1772266501.249316,7614,21,1
1,NewOrder,1772266501.249732,27492,10,1
1,NewOrder,1772266501.250635,29639,23,1
2,Payment,1772266501.250657,7413,0,1
1,NewOrder,1772266501.252502,20611,19,1
2,Payment,1772266501.253000,11035,2,1
2,Payment,1772266501.253417,12505,3,1
1,NewOrder,1772266501.253465,35117,17,1
1,NewOrder,1772266501.253882,12467,12,1
4,Delivery,1772266501.255003,54540,16,1
1,NewOrder,1772266501.256187,23525,8,1
2,Payment,1772266501.256945,9075,21,1
5,StockLevel,1772266501.257269,17350,13,1
1,NewOrder,1772266501.258087,26573,0,1
2,Payment,1772266501.262595,8677,9,1
1,NewOrder,1772266501.263514,18579,7,1
4,Delivery,1772266501.263995,66987,5,1
2,Payment,1772266501.264051,8534,2,1
1,NewOrder,1772266501.264768,19924,20,1
1,NewOrder,1772266501.265550,37984,4,1
1,NewOrder,1772266501.265632,24631,1,1
1,NewOrder,1772266501.265655,25139,6,1
2,Payment,1772266501.265935,9687,3,1
3,OrderStatus,1772266501.266038,3043,21,1
2,Payment,1772266501.266363,6845,12,1
1,NewOrder,1772266501.269100,22443,21,1
1,NewOrder,1772266501.269392,26742,22,1
1,NewOrder,1772266501.271295,25802,9,1
1,NewOrder,1772266501.272601,18166,2,1
2,Payment,1772266501.273128,7844,19,1
1,NewOrder,1772266501.273221,24962,12,1
1,NewOrder,1772266501.274635,30027,13,1
1,NewOrder,1772266501.274954,21984,15,1
2,Payment,1772266501.275641,8349,3,1
2,Payment,1772266501.277237,8048,10,1
1,NewOrder,1772266501.278012,27471,18,1
2,Payment,1772266501.279727,7976,8,1
1,NewOrder,1772266501.280289,29258,23,1
2,Payment,1772266501.280989,7650,19,1
3,OrderStatus,1772266501.282119,10164,7,1
1,NewOrder,1772266501.282751,25716,14,1
1,NewOrder,1772266501.282785,39613,11,1
2,Payment,1772266501.284017,6811,3,1
2,Payment,1772266501.284677,8458,0,1
2,Payment,1772266501.284710,7842,20,1
2,Payment,1772266501.285301,8461,10,1
2,Payment,1772266501.287720,9839,8,1
1,NewOrder,1772266501.288608,39665,17,1
2,Payment,1772266501.288654,8201,19,1
1,NewOrder,1772266501.290282,46108,1,1
1,NewOrder,1772266501.290781,35527,2,1
1,NewOrder,1772266501.290810,18430,6,1
1,NewOrder,1772266501.290841,23134,3,1
1,NewOrder,1772266501.291560,17322,21,1
2,Payment,1772266501.292295,8212,7,1
2,Payment,1772266501.292568,8445,20,1
1,NewOrder,1772266501.293156,29672,0,1
1,NewOrder,1772266501.293775,33458,10,1
1,NewOrder,1772266501.296155,28766,22,1
1,NewOrder,1772266501.296870,36302,19,1
1,NewOrder,1772266501.296953,41408,15,1
1,NewOrder,1772266501.297110,28617,9,1
2,Payment,1772266501.297573,7872,8,1
1,NewOrder,1772266501.298195,44130,12,1
2,Payment,1772266501.300527,7232,7,1
4,Delivery,1772266501.301030,36227,20,1
1,NewOrder,1772266501.303560,24380,4,1
1,NewOrder,1772266501.304676,43420,13,1
2,Payment,1772266501.305461,9379,8,1
2,Payment,1772266501.305509,9400,18,1
1,NewOrder,1772266501.307776,42599,7,1
1,NewOrder,1772266501.308478,30705,14,1
2,Payment,1772266501.308909,18360,21,1
1,NewOrder,1772266501.309257,30518,6,1
1,NewOrder,1772266501.309560,27734,23,1
1,NewOrder,1772266501.309569,40218,16,1
2,Payment,1772266501.313999,13640,3,1
1,NewOrder,1772266501.314856,28802,8,1
2,Payment,1772266501.314925,13908,18,1
5,StockLevel,1772266501.322423,16279,11,1
2,Payment,1772266501.322851,8928,0,1
2,Payment,1772266501.324947,7933,22,1
4,Delivery,1772266501.325747,37408,9,1
2,Payment,1772266501.326323,9645,2,1
1,NewOrder,1772266501.327244,24329,10,1
1,NewOrder,1772266501.327297,37261,21,1
1,NewOrder,1772266501.327666,35146,3,1
1,NewOrder,1772266501.327966,21893,4,1
1,NewOrder,1772266501.328287,26694,17,1
4,Delivery,1772266501.328850,8806,18,1
2,Payment,1772266501.331008,6794,5,1
1,NewOrder,1772266501.331805,31407,0,1
5,StockLevel,1772266501.332895,19442,22,1
2,Payment,1772266501.333193,6547,19,1
1,NewOrder,1772266501.335994,19492,2,1
2,Payment,1772266501.336419,7864,1,1
2,Payment,1772266501.337283,7001,20,1
1,NewOrder,1772266501.337320,20649,23,1
2,Payment,1772266501.337695,8573,18,1
2,Payment,1772266501.337828,10860,5,1
1,NewOrder,1772266501.338372,29820,15,1
2,Payment,1772266501.338710,7999,11,1
3,OrderStatus,1772266501.339201,4593,14,1
2,Payment,1772266501.339767,8948,19,1
1,NewOrder,1772266501.339802,15615,6,1
4,Delivery,1772266501.342350,13387,12,1
2,Payment,1772266501.343675,7966,8,1
2,Payment,1772266501.343809,7514,14,1
2,Payment,1772266501.344297,7308,1,1
2,Payment,1772266501.344304,8265,20,1
1,NewOrder,1772266501.346283,34802,18,1
2,Payment,1772266501.346722,7820,11,1
2,Payment,1772266501.348114,7241,13,1
2,Payment,1772266501.348700,8854,5,1
1,NewOrder,1772266501.348731,17726,19,1
1,NewOrder,1772266501.349802,20242,16,1
2,Payment,1772266501.349880,11471,4,1
2,Payment,1772266501.350396,9648,7,1
1,NewOrder,1772266501.351350,35635,14,1
2,Payment,1772266501.351587,6353,10,1
2,Payment,1772266501.351619,8392,1,1
2,Payment,1772266501.351656,10101,8,1
2,Payment,1772266501.352349,7048,22,1
1,NewOrder,1772266501.352579,25674,20,1
1,NewOrder,1772266501.354556,36254,11,1
1,NewOrder,1772266501.355007,35315,17,1
1,NewOrder,1772266501.355379,26411,13,1
2,Payment,1772266501.355442,8121,6,1
1,NewOrder,1772266501.355498,22116,2,1
2,Payment,1772266501.355757,7422,12,1
2,Payment,1772266501.357573,8919,5,1
1,NewOrder,1772266501.357957,33539,10,1
2,Payment,1772266501.357985,8069,23,1
3,OrderStatus,1772266501.359408,8582,22,1
1,NewOrder,1772266501.360035,19054,1,1
2,Payment,1772266501.360058,7783,7,1
1,NewOrder,1772266501.361366,24293,4,1
1,NewOrder,1772266501.361774,17905,8,1
1,NewOrder,1772266501.362825,25146,3,1
1,NewOrder,1772266501.363181,32800,9,1
1,NewOrder,1772266501.363206,18548,12,1
2,Payment,1772266501.363225,7529,0,1
1,NewOrder,1772266501.363576,23373,6,1
2,Payment,1772266501.364574,8707,21,1
2,Payment,1772266501.366073,8823,23,1
1,NewOrder,1772266501.366471,20665,19,1
2,Payment,1772266501.366508,6038,5,1
1,NewOrder,1772266501.367854,26396,7,1
1,NewOrder,1772266501.368017,27960,22,1
4,Delivery,1772266501.368205,38854,15,1
2,Payment,1772266501.370070,8968,16,1
1,NewOrder,1772266501.370765,19288,0,1
2,Payment,1772266501.372581,8918,5,1
2,Payment,1772266501.373298,8339,21,1
5,StockLevel,1772266501.374911,16551,23,1
1,NewOrder,1772266501.377626,25846,2,1
2,Payment,1772266501.378279,8394,20,1
2,Payment,1772266501.379065,10464,16,1
2,Payment,1772266501.379106,7501,1,1
1,NewOrder,1772266501.379696,15472,8,1
2,Payment,1772266501.381111,8364,18,1
1,NewOrder,1772266501.381525,28841,5,1
4,Delivery,1772266501.381648,37654,21,1
1,NewOrder,1772266501.381781,19251,12,1
2,Payment,1772266501.381817,10257,13,1
2,Payment,1772266501.385691,11056,4,1
2,Payment,1772266501.386634,11530,1,1
2,Payment,1772266501.386686,6894,20,1
2,Payment,1772266501.386966,7224,6,1
4,Delivery,1772266501.387012,20680,14,1
5,StockLevel,1772266501.387162,14702,19,1
1,NewOrder,1772266501.387990,37078,3,1
3,OrderStatus,1772266501.389491,4726,18,1
1,NewOrder,1772266501.389555,27982,16,1
2,Payment,1772266501.390065,9639,0,1
1,NewOrder,1772266501.390347,15898,17,1
1,NewOrder,1772266501.390827,32387,11,1
1,NewOrder,1772266501.391489,20170,23,1
1,NewOrder,1772266501.391514,25169,10,1
4,Delivery,1772266501.392099,15643,13,1
1,NewOrder,1772266501.393594,18436,20,1
1,NewOrder,1772266501.394205,27171,6,1
2,Payment,1772266501.394241,6825,18,1
2,Payment,1772266501.394267,6240,7,1
1,NewOrder,1772266501.395188,18997,8,1
1,NewOrder,1772266501.395990,32741,22,1
1,NewOrder,1772266501.395998,23027,9,1
2,Payment,1772266501.396759,8041,4,1
1,NewOrder,1772266501.398180,34214,1,1
1,NewOrder,1772266501.399727,23128,0,1
1,NewOrder,1772266501.400538,28840,7,1
1,NewOrder,1772266501.401049,25083,12,1
1,NewOrder,1772266501.401081,24563,18,1
1,NewOrder,1772266501.401890,22801,19,1
5,StockLevel,1772266501.403487,19879,2,1
1,NewOrder,1772266501.404822,22309,4,1
1,NewOrder,1772266501.406259,44359,17,1
1,NewOrder,1772266501.407085,34534,15,1
2,Payment,1772266501.407714,1499,14,1
2,Payment,1772266501.407759,3211,13,1
4,Delivery,1772266501.409229,35431,14,1
1,NewOrder,1772266501.410391,39797,5,1
2,Payment,1772266501.410996,8266,13,1
2,Payment,1772266501.411676,7702,23,1
1,NewOrder,1772266501.412044,20395,20,1
1,NewOrder,1772266501.414199,20306,8,1
2,Payment,1772266501.416698,6987,10,1
2,Payment,1772266501.417552,7110,16,1
2,Payment,1772266501.419051,7066,9,1
1,NewOrder,1772266501.419277,17250,13,1
1,NewOrder,1772266501.419327,31837,21,1
2,Payment,1772266501.419403,6290,23,1
1,NewOrder,1772266501.421402,36298,6,1
2,Payment,1772266501.422870,7442,0,1
2,Payment,1772266501.423235,8083,11,1
1,NewOrder,1772266501.423381,29140,2,1
2,Payment,1772266501.423710,9042,10,1
2,Payment,1772266501.424673,7399,16,1
1,NewOrder,1772266501.424706,39044,19,1
1,NewOrder,1772266501.425084,18851,3,1
1,NewOrder,1772266501.425660,32078,18,1
2,Payment,1772266501.425718,6751,23,1
2,Payment,1772266501.426133,9297,9,1
3,OrderStatus,1772266501.426151,5620,12,1
2,Payment,1772266501.427144,8409,4,1
4,Delivery,1772266501.428750,53485,22,1
4,Delivery,1772266501.429394,25263,7,1
1,NewOrder,1772266501.430327,24907,0,1
2,Payment,1772266501.431333,11634,11,1
1,NewOrder,1772266501.431797,28507,12,1
2,Payment,1772266501.432088,10915,16,1
2,Payment,1772266501.432408,10467,1,1
2,Payment,1772266501.432465,10440,20,1
1,NewOrder,1772266501.432495,28435,23,1
2,Payment,1772266501.432766,12528,10,1
2,Payment,1772266501.434524,18260,8,1
1,NewOrder,1772266501.435447,27177,9,1
1,NewOrder,1772266501.435567,39610,4,1
2,Payment,1772266501.436553,9353,13,1
1,NewOrder,1772266501.441643,38212,15,1
2,Payment,1772266501.442888,7225,1,1
1,NewOrder,1772266501.442930,19671,20,1
2,Payment,1772266501.442987,7682,11,1
2,Payment,1772266501.443029,6322,16,1
1,NewOrder,1772266501.443946,18769,3,1
1,NewOrder,1772266501.444685,37189,14,1
1,NewOrder,1772266501.445312,20039,10,1
1,NewOrder,1772266501.445917,18950,13,1
1,NewOrder,1772266501.449374,34734,16,1
2,Payment,1772266501.450139,7038,1,1
1,NewOrder,1772266501.450214,26631,5,1
1,NewOrder,1772266501.450645,17336,17,1
2,Payment,1772266501.450685,8973,11,1
2,Payment,1772266501.451182,8931,21,1
2,Payment,1772266501.452557,7418,2,1
2,Payment,1772266501.452808,8788,8,1
2,Payment,1772266501.454683,8720,7,1
1,NewOrder,1772266501.455260,26955,0,1
2,Payment,1772266501.457195,8148,1,1
2,Payment,1772266501.457725,8117,6,1
1,NewOrder,1772266501.457763,22551,18,1
2,Payment,1772266501.459684,8744,11,1
2,Payment,1772266501.460002,9818,2,1
1,NewOrder,1772266501.460132,25485,21,1
1,NewOrder,1772266501.460320,22008,12,1
1,NewOrder,1772266501.460949,36071,23,1
1,NewOrder,1772266501.461622,40438,8,1
2,Payment,1772266501.462627,7904,20,1
1,NewOrder,1772266501.462650,33964,9,1
2,Payment,1772266501.462730,8476,3,1
1,NewOrder,1772266501.463417,30553,7,1
1,NewOrder,1772266501.463762,18480,19,1
1,NewOrder,1772266501.464885,28291,13,1
2,Payment,1772266501.465370,8029,1,1
2,Payment,1772266501.465378,7694,10,1
1,NewOrder,1772266501.465854,26610,6,1
1,NewOrder,1772266501.468006,29852,17,1
2,Payment,1772266501.468447,6302,11,1
1,NewOrder,1772266501.469846,34472,2,1
1,NewOrder,1772266501.470565,35034,20,1
2,Payment,1772266501.471232,7175,3,1
1,NewOrder,1772266501.473084,32902,10,1
1,NewOrder,1772266501.473424,23729,1,1
1,NewOrder,1772266501.474776,34425,11,1
1,NewOrder,1772266501.475200,28581,4,1
5,StockLevel,1772266501.476861,19639,5,1
1,NewOrder,1772266501.478421,32242,3,1
1,NewOrder,1772266501.479881,31706,15,1
2,Payment,1772266501.480341,6475,18,1
2,Payment,1772266501.481887,9927,14,1
1,NewOrder,1772266501.482240,20294,0,1
1,NewOrder,1772266501.482262,25784,22,1
2,Payment,1772266501.482269,6750,19,1
1,NewOrder,1772266501.482354,26330,12,1
2,Payment,1772266501.484122,9463,16,1
2,Payment,1772266501.485648,7573,21,1
1,NewOrder,1772266501.486835,25207,18,1
1,NewOrder,1772266501.489036,22594,19,1
2,Payment,1772266501.491825,7078,14,1
2,Payment,1772266501.492490,10029,6,1
1,NewOrder,1772266501.493190,39538,13,1
4,Delivery,1772266501.493243,39964,21,1
4,Delivery,1772266501.493610,51824,16,1
1,NewOrder,1772266501.493983,21446,7,1
1,NewOrder,1772266501.496512,23347,5,1
2,Payment,1772266501.496639,8325,9,1
2,Payment,1772266501.497041,6210,23,1
2,Payment,1772266501.497179,9843,1,1
1,NewOrder,1772266501.497884,19245,17,1
2,Payment,1772266501.498928,7712,14,1
2,Payment,1772266501.502086,7017,8,1
2,Payment,1772266501.502535,8899,6,1
2,Payment,1772266501.502558,6610,0,1
1,NewOrder,1772266501.503268,35140,23,1
3,OrderStatus,1772266501.503808,7431,4,1
2,Payment,1772266501.504344,8104,2,1
1,NewOrder,1772266501.504990,31535,9,1
1,NewOrder,1772266501.505625,26184,20,1
2,Payment,1772266501.505997,8423,10,1
1,NewOrder,1772266501.506666,27099,14,1
4,Delivery,1772266501.507040,22294,1,1
2,Payment,1772266501.508072,8091,22,1
1,NewOrder,1772266501.508710,38085,12,1
1,NewOrder,1772266501.509124,20814,8,1
3,OrderStatus,1772266501.509202,3781,0,1
2,Payment,1772266501.509216,7360,11,1
3,OrderStatus,1772266501.510689,4421,3,1
1,NewOrder,1772266501.511265,29370,4,1
1,NewOrder,1772266501.511452,28155,6,1
1,NewOrder,1772266501.511613,28995,15,1
1,NewOrder,1772266501.511646,33268,19,1
2,Payment,1772266501.512060,7369,18,1
1,NewOrder,1772266501.512465,22036,2,1
2,Payment,1772266501.512997,6821,0,1
2,Payment,1772266501.514446,7396,10,1
1,NewOrder,1772266501.515134,18510,3,1
5,StockLevel,1772266501.515441,20030,7,1
1,NewOrder,1772266501.516188,19732,22,1
2,Payment,1772266501.516601,6949,11,1
2,Payment,1772266501.517155,9422,17,1
2,Payment,1772266501.519454,10549,18,1
1,NewOrder,1772266501.519844,27639,0,1
2,Payment,1772266501.519884,8467,5,1
2,Payment,1772266501.521860,8522,10,1
1,NewOrder,1772266501.523576,19367,11,1
2,Payment,1772266501.526597,7151,17,1
1,NewOrder,1772266501.528376,21699,5,1
1,NewOrder,1772266501.529360,18451,1,1
2,Payment,1772266501.529954,8831,8,1
2,Payment,1772266501.530027,7193,18,1
2,Payment,1772266501.530402,6779,10,1
1,NewOrder,1772266501.531827,34415,20,1
2,Payment,1772266501.532740,7684,13,1
2,Payment,1772266501.533224,6875,21,1
2,Payment,1772266501.533688,8872,3,1
1,NewOrder,1772266501.533773,31776,17,1
4,Delivery,1772266501.533777,12026,14,1
1,NewOrder,1772266501.534515,24184,2,1
2,Payment,1772266501.535487,8310,7,1
1,NewOrder,1772266501.535941,40730,22,1
2,Payment,1772266501.536548,9418,9,1
2,Payment,1772266501.537206,11126,10,1
2,Payment,1772266501.537246,11257,18,1
2,Payment,1772266501.538433,11980,23,1
1,NewOrder,1772266501.538802,27288,8,1
1,NewOrder,1772266501.539617,23562,6,1
2,Payment,1772266501.540124,11714,21,1
1,NewOrder,1772266501.540436,28873,13,1
5,StockLevel,1772266501.540633,18295,15,1
1,NewOrder,1772266501.540661,33751,4,1
5,StockLevel,1772266501.542587,20058,3,1
2,Payment,1772266501.542969,7485,11,1
1,NewOrder,1772266501.543820,18443,7,1
1,NewOrder,1772266501.544940,20652,19,1
1,NewOrder,1772266501.545460,28566,16,1
2,Payment,1772266501.545825,1957,14,1
1,NewOrder,1772266501.545985,19633,9,1
1,NewOrder,1772266501.546821,29526,12,1
2,Payment,1772266501.547501,8744,0,1
1,NewOrder,1772266501.547799,17771,14,1
5,StockLevel,1772266501.547825,16944,1,1
1,NewOrder,1772266501.548346,26035,10,1
1,NewOrder,1772266501.548529,28470,18,1
2,Payment,1772266501.550099,9149,5,1
1,NewOrder,1772266501.550439,17588,23,1
2,Payment,1772266501.550468,8826,11,1
1,NewOrder,1772266501.551864,24789,21,1
1,NewOrder,1772266501.556271,18171,0,1
2,Payment,1772266501.558725,6433,2,1
1,NewOrder,1772266501.558954,28697,15,1
1,NewOrder,1772266501.559264,19712,5,1
2,Payment,1772266501.559321,7038,11,1
2,Payment,1772266501.562290,6604,7,1
1,NewOrder,1772266501.562670,28470,3,1
2,Payment,1772266501.563205,15729,6,1
2,Payment,1772266501.564786,9667,1,1
1,NewOrder,1772266501.565184,25327,2,1
2,Payment,1772266501.565575,12921,17,1
2,Payment,1772266501.565588,8385,14,1
2,Payment,1772266501.565607,6511,19,1
2,Payment,1772266501.565631,8692,9,1
2,Payment,1772266501.566107,21544,8,1
2,Payment,1772266501.566254,11308,20,1
4,Delivery,1772266501.566385,62159,11,1
1,NewOrder,1772266501.568054,24951,23,1
5,StockLevel,1772266501.568907,3733,7,1
1,NewOrder,1772266501.569327,22188,13,1
1,NewOrder,1772266501.572143,23363,19,1
2,Payment,1772266501.572657,18895,7,1
1,NewOrder,1772266501.573999,28074,14,1
2,Payment,1772266501.574042,6520,16,1
1,NewOrder,1772266501.574350,30956,9,1
1,NewOrder,1772266501.574391,32956,10,1
1,NewOrder,1772266501.574427,20617,4,1
2,Payment,1772266501.574470,6599,0,1
2,Payment,1772266501.574472,13123,1,1
2,Payment,1772266501.576373,11329,12,1
4,Delivery,1772266501.576667,36947,21,1
2,Payment,1772266501.576685,11038,22,1
2,Payment,1772266501.577012,14524,18,1
1,NewOrder,1772266501.577577,21632,20,1
3,OrderStatus,1772266501.578513,8111,17,1
5,StockLevel,1772266501.578956,17368,6,1
4,Delivery,1772266501.578995,59427,5,1
2,Payment,1772266501.580580,10998,16,1
1,NewOrder,1772266501.581086,35193,0,1
2,Payment,1772266501.586650,13460,17,1
1,NewOrder,1772266501.587611,21914,1,1
4,Delivery,1772266501.587679,32633,15,1
1,NewOrder,1772266501.587683,19271,8,1
1,NewOrder,1772266501.587729,24575,12,1
5,StockLevel,1772266501.587736,14044,22,1
1,NewOrder,1772266501.590523,31338,2,1
2,Payment,1772266501.591166,7672,3,1
1,NewOrder,1772266501.591533,22500,13,1
2,Payment,1772266501.591562,4003,18,1
1,NewOrder,1772266501.591571,23316,7,1
1,NewOrder,1772266501.591595,20326,16,1
1,NewOrder,1772266501.593018,32122,23,1
4,Delivery,1772266501.595072,43815,4,1
2,Payment,1772266501.595529,7108,19,1
2,Payment,1772266501.595591,5149,18,1
2,Payment,1772266501.596345,8353,6,1
1,NewOrder,1772266501.598865,29959,3,1
2,Payment,1772266501.599229,13094,20,1
1,NewOrder,1772266501.600134,26603,17,1
2,Payment,1772266501.600765,13252,18,1
2,Payment,1772266501.601806,8135,22,1
2,Payment,1772266501.602099,5980,14,1
3,OrderStatus,1772266501.602653,4726,19,1
4,Delivery,1772266501.604724,24134,6,1
1,NewOrder,1772266501.605331,26360,9,1
2,Payment,1772266501.606980,6618,8,1
1,NewOrder,1772266501.607360,20333,10,1
1,NewOrder,1772266501.607397,24639,19,1
2,Payment,1772266501.608105,11338,14,1
2,Payment,1772266501.609542,5766,1,1
1,NewOrder,1772266501.609968,15922,22,1
1,NewOrder,1772266501.611946,29471,16,1
3,OrderStatus,1772266501.612319,3998,12,1
2,Payment,1772266501.612342,4831,20,1
2,Payment,1772266501.613625,6830,8,1
1,NewOrder,1772266501.613629,15429,21,1
2,Payment,1772266501.614042,7339,18,1
2,Payment,1772266501.614052,11669,13,1
2,Payment,1772266501.614904,7520,7,1
2,Payment,1772266501.615330,5203,1,1
2,Payment,1772266501.616292,7502,0,1
2,Payment,1772266501.616332,12134,12,1
1,NewOrder,1772266501.617188,21198,20,1
3,OrderStatus,1772266501.619468,4799,14,1
1,NewOrder,1772266501.620329,26146,15,1
2,Payment,1772266501.620479,5319,8,1
2,Payment,1772266501.620547,8045,1,1
2,Payment,1772266501.621400,7207,18,1
2,Payment,1772266501.621882,10127,2,1
2,Payment,1772266501.622443,5984,7,1
1,NewOrder,1772266501.623808,14589,0,1
2,Payment,1772266501.624294,29728,14,1
2,Payment,1772266501.625160,6498,23,1
2,Payment,1772266501.625747,8055,13,1
4,Delivery,1772266501.625817,3219,8,1
1,NewOrder,1772266501.625905,24337,22,1
2,Payment,1772266501.626763,8939,17,1
2,Payment,1772266501.627721,7664,10,1
1,NewOrder,1772266501.628442,24033,7,1
2,Payment,1772266501.628492,8602,12,1
2,Payment,1772266501.628571,9777,11,1
1,NewOrder,1772266501.628620,25493,1,1
2,Payment,1772266501.628634,5806,18,1
1,NewOrder,1772266501.628837,27185,3,1
2,Payment,1772266501.628876,14840,6,1
2,Payment,1772266501.629059,16891,8,1
1,NewOrder,1772266501.629071,21204,21,1
2,Payment,1772266501.631676,6710,23,1
1,NewOrder,1772266501.631704,36894,9,1
2,Payment,1772266501.632036,7876,2,1
2,Payment,1772266501.632046,10275,19,1
2,Payment,1772266501.633822,9404,13,1
2,Payment,1772266501.634466,15352,18,1
2,Payment,1772266501.635411,11946,10,1
2,Payment,1772266501.635719,8900,17,1
5,StockLevel,1772266501.637107,15140,12,1
5,StockLevel,1772266501.638374,17431,11,1
2,Payment,1772266501.638413,8108,23,1
2,Payment,1772266501.638415,5836,20,1
2,Payment,1772266501.638423,5380,0,1
1,NewOrder,1772266501.638449,35272,5,1
1,NewOrder,1772266501.638903,37693,4,1
1,NewOrder,1772266501.639939,32783,2,1
1,NewOrder,1772266501.641436,25603,16,1
2,Payment,1772266501.642347,15016,19,1
2,Payment,1772266501.643252,8570,13,1
2,Payment,1772266501.643744,6572,6,1
1,NewOrder,1772266501.643830,20262,0,1
1,NewOrder,1772266501.644266,36048,20,1
1,NewOrder,1772266501.644639,19258,17,1
2,Payment,1772266501.645968,8149,8,1
2,Payment,1772266501.646489,10910,15,1
2,Payment,1772266501.646546,7066,23,1
1,NewOrder,1772266501.647380,31493,10,1
1,NewOrder,1772266501.649833,28687,18,1
2,Payment,1772266501.650269,8789,22,1
4,Delivery,1772266501.650300,37487,21,1
2,Payment,1772266501.650341,9302,6,1
2,Payment,1772266501.651847,13590,13,1
1,NewOrder,1772266501.652273,32886,12,1
1,NewOrder,1772266501.652501,33521,7,1
2,Payment,1772266501.653637,9764,23,1
2,Payment,1772266501.654038,9332,14,1
2,Payment,1772266501.654131,8687,8,1
5,StockLevel,1772266501.654141,17380,1,1
1,NewOrder,1772266501.655830,32487,11,1
2,Payment,1772266501.656047,7614,3,1
1,NewOrder,1772266501.657374,34021,19,1
1,NewOrder,1772266501.657412,35962,15,1
2,Payment,1772266501.659077,6009,22,1
2,Payment,1772266501.659655,8225,6,1
2,Payment,1772266501.662844,9153,8,1
1,NewOrder,1772266501.663390,23180,14,1
1,NewOrder,1772266501.663427,30295,23,1
1,NewOrder,1772266501.663684,26482,3,1
2,Payment,1772266501.663908,7730,17,1
1,NewOrder,1772266501.664118,16571,0,1
2,Payment,1772266501.665098,7534,22,1
1,NewOrder,1772266501.665453,26279,13,1
1,NewOrder,1772266501.667057,26712,16,1
2,Payment,1772266501.667901,8304,6,1
5,StockLevel,1772266501.668613,19390,9,1
1,NewOrder,1772266501.671545,19000,1,1
2,Payment,1772266501.671650,7178,17,1
1,NewOrder,1772266501.672023,32521,8,1
2,Payment,1772266501.672660,6206,22,1
2,Payment,1772266501.672748,6150,2,1
2,Payment,1772266501.673747,8062,5,1
1,NewOrder,1772266501.676222,17532,6,1
1,NewOrder,1772266501.676621,22272,4,1
1,NewOrder,1772266501.678546,18046,18,1
2,Payment,1772266501.678844,7201,17,1
5,StockLevel,1772266501.678883,12181,22,1
1,NewOrder,1772266501.678893,24597,10,1
2,Payment,1772266501.678924,21309,2,1
2,Payment,1772266501.680340,8023,20,1
1,NewOrder,1772266501.680715,23796,0,1
2,Payment,1772266501.681835,7595,5,1
3,OrderStatus,1772266501.685184,3892,12,1
1,NewOrder,1772266501.686047,33385,7,1
2,Payment,1772266501.686070,5713,17,1
1,NewOrder,1772266501.686582,16953,14,1
1,NewOrder,1772266501.687797,25552,21,1
5,StockLevel,1772266501.688020,9231,9,1
1,NewOrder,1772266501.688329,28174,11,1
2,Payment,1772266501.688388,6830,20,1
2,Payment,1772266501.689091,6612,12,1
2,Payment,1772266501.689456,7845,5,1
2,Payment,1772266501.690190,11525,3,1
2,Payment,1772266501.690572,13554,1,1
2,Payment,1772266501.691092,6859,22,1
2,Payment,1772266501.691422,11526,19,1
3,OrderStatus,1772266501.691744,2773,13,1
1,NewOrder,1772266501.691809,21150,17,1
1,NewOrder,1772266501.693386,27449,15,1
1,NewOrder,1772266501.693748,23330,23,1
3,OrderStatus,1772266501.693781,6487,6,1
1,NewOrder,1772266501.693793,31487,16,1
1,NewOrder,1772266501.694536,29872,13,1
1,NewOrder,1772266501.695230,29096,20,1
1,NewOrder,1772266501.695713,27800,12,1
1,NewOrder,1772266501.696609,36555,18,1
1,NewOrder,1772266501.697262,26218,9,1
1,NewOrder,1772266501.697318,21509,5,1
1,NewOrder,1772266501.697970,33249,22,1
2,Payment,1772266501.698919,13144,4,1
2,Payment,1772266501.700259,9442,2,1
2,Payment,1772266501.700295,7965,6,1
3,OrderStatus,1772266501.701740,4514,3,1
4,Delivery,1772266501.702973,21456,19,1
1,NewOrder,1772266501.703516,23587,10,1
1,NewOrder,1772266501.703562,19073,14,1
2,Payment,1772266501.704140,13122,1,1
2,Payment,1772266501.704526,9415,0,1
2,Payment,1772266501.704570,7120,8,1
1,NewOrder,1772266501.706278,29950,3,1
1,NewOrder,1772266501.708277,19250,6,1
5,StockLevel,1772266501.709717,17937,2,1
1,NewOrder,1772266501.711716,23145,8,1
1,NewOrder,1772266501.712089,13242,4,1
2,Payment,1772266501.712973,6899,17,1
2,Payment,1772266501.713374,6549,21,1
2,Payment,1772266501.713963,7240,0,1
1,NewOrder,1772266501.716524,20978,11,1
1,NewOrder,1772266501.717094,25930,23,1
2,Payment,1772266501.717289,21012,1,1
2,Payment,1772266501.718853,14691,5,1
2,Payment,1772266501.719458,8092,7,1
1,NewOrder,1772266501.719886,30623,17,1
2,Payment,1772266501.719949,7635,21,1
4,Delivery,1772266501.720851,39188,15,1
2,Payment,1772266501.721219,8046,0,1
2,Payment,1772266501.722652,7091,14,1
2,Payment,1772266501.723505,6689,9,1
1,NewOrder,1772266501.723539,29462,12,1
5,StockLevel,1772266501.724341,15574,20,1
1,NewOrder,1772266501.724434,19396,13,1
1,NewOrder,1772266501.724454,22197,19,1
2,Payment,1772266501.725306,8192,16,1
1,NewOrder,1772266501.725355,32899,4,1
2,Payment,1772266501.727119,10660,10,1
1,NewOrder,1772266501.727545,27717,6,1
1,NewOrder,1772266501.727576,15450,7,1
2,Payment,1772266501.727600,4191,21,1
2,Payment,1772266501.727670,13433,2,1
2,Payment,1772266501.729284,6996,0,1
1,NewOrder,1772266501.729759,24032,14,1
2,Payment,1772266501.730214,5616,9,1
2,Payment,1772266501.731245,7570,22,1
1,NewOrder,1772266501.731813,33214,21,1
2,Payment,1772266501.733190,8806,18,1
4,Delivery,1772266501.733514,26890,16,1
1,NewOrder,1772266501.733568,27276,5,1
2,Payment,1772266501.734886,7563,8,1
2,Payment,1772266501.735845,9898,9,1
2,Payment,1772266501.736253,8334,3,1
4,Delivery,1772266501.736298,14128,0,1
1,NewOrder,1772266501.737527,24005,11,1
2,Payment,1772266501.737795,6407,10,1
1,NewOrder,1772266501.738319,33104,1,1
2,Payment,1772266501.738827,8996,22,1
1,NewOrder,1772266501.739933,19962,20,1
4,Delivery,1772266501.741116,9674,2,1
1,NewOrder,1772266501.742019,51880,18,1
2,Payment,1772266501.742475,7612,8,1
1,NewOrder,1772266501.743044,16347,23,1
1,NewOrder,1772266501.743046,29528,7,1
1,NewOrder,1772266501.743856,24621,13,1
1,NewOrder,1772266501.744218,14862,10,1
1,NewOrder,1772266501.744601,24233,3,1
4,Delivery,1772266501.745760,43583,9,1
1,NewOrder,1772266501.746677,29465,19,1
2,Payment,1772266501.747839,7191,22,1
2,Payment,1772266501.750111,6641,8,1
4,Delivery,1772266501.750443,40362,0,1
2,Payment,1772266501.750535,7344,17,1
4,Delivery,1772266501.750806,39636,2,1
2,Payment,1772266501.753017,10698,12,1
1,NewOrder,1772266501.753818,18401,14,1
2,Payment,1772266501.755048,7138,22,1
1,NewOrder,1772266501.755281,17247,6,1
1,NewOrder,1772266501.756775,32460,8,1
2,Payment,1772266501.757906,8067,17,1
2,Payment,1772266501.758269,7267,4,1
1,NewOrder,1772266501.759096,17638,10,1
2,Payment,1772266501.759408,6528,23,1
2,Payment,1772266501.759913,7908,20,1
3,OrderStatus,1772266501.760054,5557,15,1
2,Payment,1772266501.760424,7766,16,1
1,NewOrder,1772266501.760857,27369,5,1
2,Payment,1772266501.761541,7607,11,1
1,NewOrder,1772266501.762204,26705,22,1
3,OrderStatus,1772266501.763730,4785,12,1
1,NewOrder,1772266501.765040,23647,21,1
1,NewOrder,1772266501.765553,25995,4,1
1,NewOrder,1772266501.765629,36553,15,1
2,Payment,1772266501.765951,10136,23,1
3,OrderStatus,1772266501.765998,12820,17,1
5,StockLevel,1772266501.767837,15752,20,1
2,Payment,1772266501.768210,8486,16,1
4,Delivery,1772266501.768493,20232,13,1
2,Payment,1772266501.768530,10082,12,1
2,Payment,1772266501.768849,6309,3,1
3,OrderStatus,1772266501.769162,6879,11,1
2,Payment,1772266501.771435,6586,1,1
1,NewOrder,1772266501.772245,16450,14,1
2,Payment,1772266501.772554,7090,6,1
1,NewOrder,1772266501.772600,16294,7,1
2,Payment,1772266501.775175,14526,3,1
1,NewOrder,1772266501.776059,26094,11,1
1,NewOrder,1772266501.776113,28228,23,1
2,Payment,1772266501.776170,12917,19,1
1,NewOrder,1772266501.776714,23832,16,1
1,NewOrder,1772266501.776760,16258,10,1
5,StockLevel,1772266501.778037,10014,1,1
5,StockLevel,1772266501.778629,9392,12,1
4,Delivery,1772266501.778836,10392,17,1
1,NewOrder,1772266501.779658,21360,6,1
1,NewOrder,1772266501.783601,37202,20,1
4,Delivery,1772266501.788039,2278,12,1
2,Payment,1772266501.788077,11096,1,1
2,Payment,1772266501.788245,5617,5,1
1,NewOrder,1772266501.788710,30297,21,1
2,Payment,1772266501.788721,12210,14,1
1,NewOrder,1772266501.788751,20669,13,1
2,Payment,1772266501.788921,5939,7,1
1,NewOrder,1772266501.788927,20884,22,1
2,Payment,1772266501.789112,5639,19,1
4,Delivery,1772266501.789241,63541,17,1
2,Payment,1772266501.789250,7486,8,1
1,NewOrder,1772266501.789355,26571,9,1
2,Payment,1772266501.789719,5833,3,1
2,Payment,1772266501.790328,19453,12,1
1,NewOrder,1772266501.790451,34558,2,1
1,NewOrder,1772266501.790817,24275,0,1
1,NewOrder,1772266501.791561,25959,4,1
2,Payment,1772266501.793044,11852,10,1
1,NewOrder,1772266501.793879,29234,5,1
3,OrderStatus,1772266501.793920,1519,18,1
2,Payment,1772266501.794764,8379,19,1
1,NewOrder,1772266501.794886,35049,7,1
4,Delivery,1772266501.795456,15336,18,1
2,Payment,1772266501.795568,9352,3,1
1,NewOrder,1772266501.796754,22605,8,1
1,NewOrder,1772266501.799191,22837,1,1
1,NewOrder,1772266501.800566,32884,16,1
1,NewOrder,1772266501.800951,22548,14,1
1,NewOrder,1772266501.801039,26513,6,1
4,Delivery,1772266501.802174,55831,11,1
1,NewOrder,1772266501.802198,28083,15,1
1,NewOrder,1772266501.803154,31884,19,1
2,Payment,1772266501.804351,9276,23,1
1,NewOrder,1772266501.804910,35457,10,1
2,Payment,1772266501.804937,6851,3,1
1,NewOrder,1772266501.809436,27298,13,1
2,Payment,1772266501.809798,8161,12,1
2,Payment,1772266501.809827,8161,22,1
3,OrderStatus,1772266501.810811,7278,18,1
2,Payment,1772266501.811802,7205,3,1
1,NewOrder,1772266501.813648,21333,23,1
5,StockLevel,1772266501.815107,14425,0,1
2,Payment,1772266501.815941,8965,9,1
2,Payment,1772266501.817538,6666,4,1
1,NewOrder,1772266501.817978,50125,12,1
4,Delivery,1772266501.818006,50063,22,1
2,Payment,1772266501.818101,8067,18,1
1,NewOrder,1772266501.819021,21951,3,1
1,NewOrder,1772266501.819024,18981,21,1
2,Payment,1772266501.819375,15230,8,1
2,Payment,1772266501.820816,7402,20,1
2,Payment,1772266501.822045,8523,1,1
1,NewOrder,1772266501.823135,20553,5,1
1,NewOrder,1772266501.823515,32171,14,1
1,NewOrder,1772266501.824215,17700,4,1
2,Payment,1772266501.824919,11339,9,1
1,NewOrder,1772266501.825026,33064,2,1
1,NewOrder,1772266501.826190,27037,18,1
2,Payment,1772266501.827570,29709,6,1
2,Payment,1772266501.828243,6369,20,1
1,NewOrder,1772266501.829549,16327,0,1
2,Payment,1772266501.829961,9520,7,1
5,StockLevel,1772266501.830294,14434,15,1
1,NewOrder,1772266501.830583,37551,1,1
1,NewOrder,1772266501.833475,18242,16,1
2,Payment,1772266501.834623,17221,8,1
1,NewOrder,1772266501.834638,22151,20,1
2,Payment,1772266501.835006,7519,23,1
2,Payment,1772266501.835054,9006,19,1
1,NewOrder,1772266501.836275,37430,9,1
5,StockLevel,1772266501.836749,14339,13,1
5,StockLevel,1772266501.838023,15947,21,1
2,Payment,1772266501.839507,14372,7,1
1,NewOrder,1772266501.840393,28433,10,1
1,NewOrder,1772266501.840998,34822,3,1
2,Payment,1772266501.841940,5744,4,1
1,NewOrder,1772266501.842538,15811,23,1
4,Delivery,1772266501.843706,53223,5,1
3,OrderStatus,1772266501.844079,5487,19,1
2,Payment,1772266501.844750,6513,15,1
1,NewOrder,1772266501.845896,30529,0,1
2,Payment,1772266501.847701,5691,4,1
2,Payment,1772266501.849584,7534,19,1
2,Payment,1772266501.851105,9978,13,1
1,NewOrder,1772266501.851291,22521,15,1
2,Payment,1772266501.851736,5799,16,1
1,NewOrder,1772266501.851871,36309,8,1
2,Payment,1772266501.852795,10491,17,1
2,Payment,1772266501.853243,9334,18,1
2,Payment,1772266501.853415,5419,4,1
2,Payment,1772266501.853905,7930,7,1
2,Payment,1772266501.853983,13006,21,1
1,NewOrder,1772266501.855702,19606,14,1
2,Payment,1772266501.856815,12931,20,1
1,NewOrder,1772266501.857138,16620,19,1
2,Payment,1772266501.857292,16429,6,1
1,NewOrder,1772266501.857557,12782,16,1
2,Payment,1772266501.858020,9709,11,1
4,Delivery,1772266501.858106,39201,2,1
4,Delivery,1772266501.858376,10067,23,1
4,Delivery,1772266501.858847,38562,4,1
2,Payment,1772266501.861105,11973,13,1
1,NewOrder,1772266501.861861,19956,7,1
5,StockLevel,1772266501.862594,16879,18,1
1,NewOrder,1772266501.863312,53854,17,1
1,NewOrder,1772266501.867014,21131,21,1
2,Payment,1772266501.867743,7934,11,1
1,NewOrder,1772266501.868084,20125,22,1
1,NewOrder,1772266501.868116,12782,12,1
2,Payment,1772266501.868161,5565,1,1
1,NewOrder,1772266501.868460,22764,23,1
1,NewOrder,1772266501.868853,27394,10,1
1,NewOrder,1772266501.869771,31738,20,1
4,Delivery,1772266501.870359,46794,16,1
2,Payment,1772266501.873104,12233,13,1
1,NewOrder,1772266501.873720,21485,9,1
1,NewOrder,1772266501.873737,31674,6,1
2,Payment,1772266501.873746,6225,1,1
1,NewOrder,1772266501.873783,32122,19,1
2,Payment,1772266501.873820,13250,15,1
1,NewOrder,1772266501.875327,26804,14,1
1,NewOrder,1772266501.875689,20508,11,1
1,NewOrder,1772266501.875835,17484,3,1
1,NewOrder,1772266501.876437,21699,0,1
4,Delivery,1772266501.879499,11125,18,1
1,NewOrder,1772266501.879997,20085,1,1
1,NewOrder,1772266501.880919,20516,12,1
1,NewOrder,1772266501.881843,25792,7,1
2,Payment,1772266501.885353,14148,13,1
1,NewOrder,1772266501.887083,19775,15,1
2,Payment,1772266501.888156,7637,21,1
2,Payment,1772266501.888197,5655,8,1
5,StockLevel,1772266501.888236,11811,22,1
1,NewOrder,1772266501.890649,14119,18,1
1,NewOrder,1772266501.891249,25888,23,1
2,Payment,1772266501.893345,5195,3,1
2,Payment,1772266501.893876,5196,8,1
1,NewOrder,1772266501.895231,22944,9,1
2,Payment,1772266501.895810,9008,21,1
2,Payment,1772266501.896225,6371,11,1
2,Payment,1772266501.896273,8125,10,1
2,Payment,1772266501.896957,8357,5,1
2,Payment,1772266501.897325,3559,2,1
2,Payment,1772266501.897426,5691,4,1
2,Payment,1772266501.898157,9087,0,1
2,Payment,1772266501.898557,14883,3,1
1,NewOrder,1772266501.899088,19105,8,1
1,NewOrder,1772266501.899528,36823,13,1
2,Payment,1772266501.900072,14485,22,1
1,NewOrder,1772266501.900102,20774,1,1
2,Payment,1772266501.900911,9630,2,1
2,Payment,1772266501.901447,5782,12,1
1,NewOrder,1772266501.901533,21022,20,1
1,NewOrder,1772266501.902157,24009,14,1
2,Payment,1772266501.902632,8824,11,1
1,NewOrder,1772266501.903135,21395,4,1
1,NewOrder,1772266501.904424,13028,10,1
2,Payment,1772266501.904791,12827,18,1
2,Payment,1772266501.904841,7750,21,1
3,OrderStatus,1772266501.905332,7485,5,1
2,Payment,1772266501.905426,11046,6,1
2,Payment,1772266501.905920,19111,19,1
1,NewOrder,1772266501.906873,18056,15,1
2,Payment,1772266501.907244,4962,12,1
2,Payment,1772266501.907270,13160,0,1
5,StockLevel,1772266501.907651,12725,7,1
2,Payment,1772266501.910567,6999,2,1
1,NewOrder,1772266501.911481,22616,11,1
1,NewOrder,1772266501.912218,21907,12,1
2,Payment,1772266501.912614,9144,21,1
1,NewOrder,1772266501.912845,26339,5,1
2,Payment,1772266501.913467,8782,3,1
2,Payment,1772266501.914577,13289,22,1
4,Delivery,1772266501.916487,26652,6,1
5,StockLevel,1772266501.917151,13475,23,1
3,OrderStatus,1772266501.917181,7786,16,1
2,Payment,1772266501.917181,9324,17,1
1,NewOrder,1772266501.917465,32534,10,1
2,Payment,1772266501.917586,9924,2,1
1,NewOrder,1772266501.917644,27786,18,1
2,Payment,1772266501.918202,5385,9,1
2,Payment,1772266501.918218,7183,8,1
4,Delivery,1772266501.920403,22299,7,1
2,Payment,1772266501.920449,11049,0,1
2,Payment,1772266501.920895,14225,1,1
2,Payment,1772266501.921772,11984,21,1
1,NewOrder,1772266501.922271,27815,3,1
1,NewOrder,1772266501.922569,35031,20,1
2,Payment,1772266501.923613,8376,9,1
1,NewOrder,1772266501.924555,16713,4,1
1,NewOrder,1772266501.924955,14745,15,1
1,NewOrder,1772266501.924981,21111,16,1
2,Payment,1772266501.925050,10478,19,1
1,NewOrder,1772266501.925416,33094,8,1
1,NewOrder,1772266501.926193,28023,14,1
2,Payment,1772266501.926525,10423,17,1
2,Payment,1772266501.927535,13277,2,1
2,Payment,1772266501.927883,9443,22,1
1,NewOrder,1772266501.930643,22889,23,1
1,NewOrder,1772266501.931513,42297,0,1
1,NewOrder,1772266501.932016,24826,9,1
2,Payment,1772266501.933769,15512,21,1
1,NewOrder,1772266501.934123,21597,11,1
1,NewOrder,1772266501.934152,18529,12,1
2,Payment,1772266501.935136,8227,1,1
1,NewOrder,1772266501.935547,36358,19,1
2,Payment,1772266501.936369,5510,13,1
1,NewOrder,1772266501.936962,30464,17,1
2,Payment,1772266501.937350,14081,22,1
2,Payment,1772266501.939202,7463,5,1
2,Payment,1772266501.939714,7598,15,1
2,Payment,1772266501.940831,11256,2,1
2,Payment,1772266501.941285,8584,4,1
5,StockLevel,1772266501.941903,14165,13,1
2,Payment,1772266501.942719,8382,7,1
1,NewOrder,1772266501.943156,29248,6,1
2,Payment,1772266501.943381,25008,1,1
1,NewOrder,1772266501.945443,22302,18,1
3,OrderStatus,1772266501.946117,4754,16,1
3,OrderStatus,1772266501.946685,7091,5,1
1,NewOrder,1772266501.947329,20069,15,1
2,Payment,1772266501.949307,15079,21,1
2,Payment,1772266501.949884,5910,4,1
1,NewOrder,1772266501.950015,22356,10,1
1,NewOrder,1772266501.950108,28004,3,1
5,StockLevel,1772266501.950893,15362,16,1
1,NewOrder,1772266501.951127,23984,7,1
1,NewOrder,1772266501.951445,15617,22,1
2,Payment,1772266501.952105,8055,2,1
2,Payment,1772266501.952696,8114,12,1
1,NewOrder,1772266501.953546,15181,23,1
2,Payment,1772266501.953802,8079,5,1
5,StockLevel,1772266501.954229,11910,14,1
1,NewOrder,1772266501.955747,12639,11,1
1,NewOrder,1772266501.955820,30872,4,1
1,NewOrder,1772266501.956085,30584,13,1
2,Payment,1772266501.956858,8364,9,1
1,NewOrder,1772266501.957615,29049,20,1
2,Payment,1772266501.958529,9894,8,1
2,Payment,1772266501.960173,5889,2,1
2,Payment,1772266501.960821,8768,12,1
2,Payment,1772266501.961903,8158,5,1
3,OrderStatus,1772266501.964411,8674,21,1
2,Payment,1772266501.965238,8540,9,1
2,Payment,1772266501.966077,6361,2,1
4,Delivery,1772266501.966154,32825,14,1
2,Payment,1772266501.966274,6395,16,1
2,Payment,1772266501.967076,6204,22,1
1,NewOrder,1772266501.967425,35243,15,1
2,Payment,1772266501.967443,6881,17,1
2,Payment,1772266501.967763,7747,18,1
2,Payment,1772266501.968406,9031,1,1
2,Payment,1772266501.968416,8358,11,1
1,NewOrder,1772266501.968438,33210,8,1
1,NewOrder,1772266501.968741,27373,23,1
1,NewOrder,1772266501.969602,20939,12,1
2,Payment,1772266501.970081,8833,5,1
2,Payment,1772266501.971920,6601,19,1
1,NewOrder,1772266501.972388,29743,10,1
1,NewOrder,1772266501.972423,34449,6,1
1,NewOrder,1772266501.972456,30263,2,1
2,Payment,1772266501.972690,9018,16,1
1,NewOrder,1772266501.973098,23386,21,1
2,Payment,1772266501.973295,7416,22,1
1,NewOrder,1772266501.973789,18917,9,1
2,Payment,1772266501.973823,12264,0,1
2,Payment,1772266501.974340,9291,17,1
2,Payment,1772266501.975122,8589,7,1
2,Payment,1772266501.975523,7734,18,1
4,Delivery,1772266501.976800,64213,11,1
2,Payment,1772266501.977450,10788,1,1
1,NewOrder,1772266501.978121,34189,3,1
1,NewOrder,1772266501.978539,36741,19,1
3,OrderStatus,1772266501.978926,5686,5,1
1,NewOrder,1772266501.980726,32363,22,1
1,NewOrder,1772266501.981727,22208,16,1
2,Payment,1772266501.983273,9456,18,1
3,OrderStatus,1772266501.983647,4495,17,1
1,NewOrder,1772266501.983723,27180,7,1
2,Payment,1772266501.984630,9466,5,1
2,Payment,1772266501.986104,6165,0,1
1,NewOrder,1772266501.986681,29156,20,1
2,Payment,1772266501.986696,8078,13,1
4,Delivery,1772266501.986707,52507,4,1
2,Payment,1772266501.988158,8282,17,1
1,NewOrder,1772266501.988253,16239,1,1
1,NewOrder,1772266501.990553,16854,12,1
1,NewOrder,1772266501.992287,25632,0,1
4,Delivery,1772266501.992732,48688,9,1
2,Payment,1772266501.992747,6639,18,1
2,Payment,1772266501.994116,7824,5,1
2,Payment,1772266501.994784,8674,13,1
1,NewOrder,1772266501.996127,19739,23,1
1,NewOrder,1772266501.996456,34652,17,1
1,NewOrder,1772266501.996501,20314,21,1
1,NewOrder,1772266501.998994,36749,14,1
1,NewOrder,1772266501.999396,17886,18,1
1,NewOrder,1772266502.001683,33093,8,1
2,Payment,1772266502.001952,6393,5,1
3,OrderStatus,1772266502.002150,6862,10,1
1,NewOrder,1772266502.002683,46678,15,1
2,Payment,1772266502.002743,7452,2,1
2,Payment,1772266502.003474,6239,13,1
2,Payment,1772266502.003951,8749,16,1
1,NewOrder,1772266502.004509,35223,1,1
1,NewOrder,1772266502.006888,28226,6,1
2,Payment,1772266502.007422,7028,12,1
1,NewOrder,1772266502.008361,38074,5,1
4,Delivery,1772266502.009030,32428,10,1
2,Payment,1772266502.009726,7554,13,1
1,NewOrder,1772266502.010210,29108,2,1
1,NewOrder,1772266502.010920,28855,7,1
1,NewOrder,1772266502.012324,22826,3,1
2,Payment,1772266502.012719,6802,16,1
4,Delivery,1772266502.013099,48023,22,1
3,OrderStatus,1772266502.014465,3645,12,1
2,Payment,1772266502.015299,6572,19,1
3,OrderStatus,1772266502.015861,6126,20,1
2,Payment,1772266502.015881,7588,23,1
1,NewOrder,1772266502.016830,15833,21,1
2,Payment,1772266502.017297,7586,18,1
3,OrderStatus,1772266502.017308,4398,13,1
1,NewOrder,1772266502.017945,22130,0,1
1,NewOrder,1772266502.018124,30933,12,1
1,NewOrder,1772266502.019537,32335,16,1
2,Payment,1772266502.021731,7034,13,1
2,Payment,1772266502.021888,7302,19,1
1,NewOrder,1772266502.022006,16249,20,1
2,Payment,1772266502.023488,9838,23,1
1,NewOrder,1772266502.024900,13739,18,1
1,NewOrder,1772266502.028790,27349,13,1
2,Payment,1772266502.029206,6578,19,1
1,NewOrder,1772266502.031124,37460,17,1
3,OrderStatus,1772266502.032682,4268,21,1
2,Payment,1772266502.033352,7622,23,1
1,NewOrder,1772266502.034793,25160,8,1
2,Payment,1772266502.035134,5362,6,1
1,NewOrder,1772266502.035176,36091,3,1
2,Payment,1772266502.035763,7997,14,1
2,Payment,1772266502.035801,7230,19,1
3,OrderStatus,1772266502.036965,3079,21,1
2,Payment,1772266502.038268,10754,20,1
2,Payment,1772266502.038657,7667,18,1
2,Payment,1772266502.039240,9060,4,1
2,Payment,1772266502.039343,6311,2,1
1,NewOrder,1772266502.039749,27885,1,1
2,Payment,1772266502.039790,8202,7,1
2,Payment,1772266502.040059,11075,21,1
1,NewOrder,1772266502.040097,26138,0,1
2,Payment,1772266502.040509,9226,6,1
1,NewOrder,1772266502.040984,38988,23,1
1,NewOrder,1772266502.041028,34614,11,1
2,Payment,1772266502.041437,10479,9,1
1,NewOrder,1772266502.041473,21459,10,1
1,NewOrder,1772266502.043045,27197,19,1
1,NewOrder,1772266502.043776,36257,14,1
2,Payment,1772266502.045694,7962,2,1
1,NewOrder,1772266502.046342,26686,18,1
1,NewOrder,1772266502.046452,40142,5,1
2,Payment,1772266502.048003,8783,7,1
1,NewOrder,1772266502.048317,23912,4,1
1,NewOrder,1772266502.049039,19673,20,1
1,NewOrder,1772266502.049083,20072,12,1
1,NewOrder,1772266502.049376,19620,15,1
2,Payment,1772266502.049753,8822,6,1
1,NewOrder,1772266502.051158,22485,21,1
1,NewOrder,1772266502.051888,37071,16,1
1,NewOrder,1772266502.051932,28790,9,1
2,Payment,1772266502.053687,7873,2,1
2,Payment,1772266502.056155,9409,13,1
1,NewOrder,1772266502.056803,24770,7,1
2,Payment,1772266502.058593,5873,6,1
2,Payment,1772266502.059971,9089,8,1
2,Payment,1772266502.061137,8066,22,1
2,Payment,1772266502.061578,7853,2,1
2,Payment,1772266502.062948,7888,10,1
1,NewOrder,1772266502.064483,21500,6,1
1,NewOrder,1772266502.065591,34302,13,1
2,Payment,1772266502.066253,7361,0,1
2,Payment,1772266502.067653,9392,1,1
4,Delivery,1772266502.068598,62783,17,1
2,Payment,1772266502.068738,6109,20,1
1,NewOrder,1772266502.069008,20725,15,1
4,Delivery,1772266502.069075,32469,8,1
1,NewOrder,1772266502.069173,35389,12,1
2,Payment,1772266502.069230,8421,22,1
1,NewOrder,1772266502.069442,40335,2,1
1,NewOrder,1772266502.070255,35207,19,1
2,Payment,1772266502.070853,8233,10,1
1,NewOrder,1772266502.071286,20018,3,1
1,NewOrder,1772266502.072244,22605,4,1
1,NewOrder,1772266502.073047,34261,18,1
2,Payment,1772266502.073637,10757,0,1
5,StockLevel,1772266502.073658,15374,21,1
2,Payment,1772266502.074863,8467,20,1
2,Payment,1772266502.075657,10314,11,1
1,NewOrder,1772266502.077060,38577,1,1
3,OrderStatus,1772266502.077698,5275,22,1
1,NewOrder,1772266502.079112,33445,10,1
1,NewOrder,1772266502.079987,34885,23,1
5,StockLevel,1772266502.080048,14765,14,1
3,OrderStatus,1772266502.080737,8738,9,1
1,NewOrder,1772266502.081589,29113,7,1
5,StockLevel,1772266502.082988,15206,22,1
1,NewOrder,1772266502.083348,20057,20,1
4,Delivery,1772266502.084410,10458,0,1
5,StockLevel,1772266502.085999,16230,11,1
2,Payment,1772266502.086000,6198,6,1
2,Payment,1772266502.086620,7893,5,1
1,NewOrder,1772266502.088973,30571,16,1
1,NewOrder,1772266502.089047,27026,21,1
1,NewOrder,1772266502.089501,21525,9,1
1,NewOrder,1772266502.089746,25866,15,1
1,NewOrder,1772266502.091322,23069,3,1
1,NewOrder,1772266502.092214,35772,6,1
2,Payment,1772266502.094539,9641,5,1
2,Payment,1772266502.094837,7267,14,1
2,Payment,1772266502.094864,10952,4,1
2,Payment,1772266502.094887,14233,0,1
2,Payment,1772266502.098213,8584,22,1
2,Payment,1772266502.099909,9838,13,1
2,Payment,1772266502.101563,7336,8,1
1,NewOrder,1772266502.102123,36956,14,1
1,NewOrder,1772266502.102245,19936,11,1
1,NewOrder,1772266502.103424,20638,20,1
2,Payment,1772266502.104196,8866,5,1
4,Delivery,1772266502.104578,27302,12,1
1,NewOrder,1772266502.105490,30770,19,1
1,NewOrder,1772266502.105836,16525,4,1
4,Delivery,1772266502.106813,51769,22,1
2,Payment,1772266502.107320,6436,18,1
2,Payment,1772266502.108918,5396,8,1
1,NewOrder,1772266502.109138,16319,0,1
1,NewOrder,1772266502.109759,32708,13,1
5,StockLevel,1772266502.109791,16750,2,1
1,NewOrder,1772266502.110726,25534,7,1
1,NewOrder,1772266502.111039,21221,9,1
2,Payment,1772266502.112582,10688,10,1
2,Payment,1772266502.113077,6047,5,1
1,NewOrder,1772266502.113771,19648,18,1
1,NewOrder,1772266502.114332,18802,8,1
2,Payment,1772266502.114406,9308,3,1
1,NewOrder,1772266502.114899,22868,23,1
2,Payment,1772266502.115627,8870,15,1
1,NewOrder,1772266502.115659,28344,1,1
5,StockLevel,1772266502.116087,13686,21,1
1,NewOrder,1772266502.119138,27715,5,1
1,NewOrder,1772266502.119564,38545,16,1
1,NewOrder,1772266502.122207,17735,11,1
1,NewOrder,1772266502.122386,26897,4,1
2,Payment,1772266502.123290,8723,10,1
5,StockLevel,1772266502.123742,19321,3,1
2,Payment,1772266502.124087,8200,20,1
2,Payment,1772266502.124516,8045,15,1
2,Payment,1772266502.125472,7886,0,1
4,Delivery,1772266502.126556,34089,2,1
2,Payment,1772266502.128004,7444,6,1
1,NewOrder,1772266502.129807,30289,21,1
1,NewOrder,1772266502.131396,19112,17,1
2,Payment,1772266502.131902,4018,12,1
1,NewOrder,1772266502.132030,30694,10,1
4,Delivery,1772266502.132276,39787,9,1
2,Payment,1772266502.132303,6757,20,1
2,Payment,1772266502.132572,7099,15,1
1,NewOrder,1772266502.133147,16675,8,1
1,NewOrder,1772266502.133371,32403,0,1
2,Payment,1772266502.133433,7244,18,1
3,OrderStatus,1772266502.135469,7425,6,1
2,Payment,1772266502.135937,7515,12,1
1,NewOrder,1772266502.136274,25427,19,1
2,Payment,1772266502.136290,9869,7,1
2,Payment,1772266502.137788,9366,23,1
3,OrderStatus,1772266502.139077,8356,20,1
4,Delivery,1772266502.139097,31029,14,1
2,Payment,1772266502.139694,8233,15,1
1,NewOrder,1772266502.139955,34478,11,1
1,NewOrder,1772266502.140693,27316,18,1
2,Payment,1772266502.142482,8865,13,1
2,Payment,1772266502.142913,8011,6,1
2,Payment,1772266502.143081,7823,3,1
2,Payment,1772266502.143467,23464,12,1
3,OrderStatus,1772266502.144023,8944,1,1
2,Payment,1772266502.146365,7024,7,1
3,OrderStatus,1772266502.146871,4359,5,1
2,Payment,1772266502.147232,6804,23,1
1,NewOrder,1772266502.147453,37940,20,1
2,Payment,1772266502.148103,6460,15,1
2,Payment,1772266502.149658,10325,4,1
2,Payment,1772266502.149916,8695,8,1
4,Delivery,1772266502.150526,21426,17,1
1,NewOrder,1772266502.150921,35015,3,1
1,NewOrder,1772266502.150944,30213,6,1
1,NewOrder,1772266502.151249,22913,5,1
2,Payment,1772266502.151359,7755,13,1
2,Payment,1772266502.152990,9141,1,1
5,StockLevel,1772266502.153412,15017,7,1
1,NewOrder,1772266502.154055,27797,23,1
5,StockLevel,1772266502.154585,15835,15,1
2,Payment,1772266502.158124,7120,16,1
4,Delivery,1772266502.158608,50200,22,1
1,NewOrder,1772266502.158628,16975,8,1
1,NewOrder,1772266502.159127,32695,13,1
1,NewOrder,1772266502.160009,32740,4,1
2,Payment,1772266502.160111,4724,21,1
1,NewOrder,1772266502.160666,18857,2,1
2,Payment,1772266502.161729,8071,19,1
1,NewOrder,1772266502.162157,29116,1,1
1,NewOrder,1772266502.162746,26977,10,1
2,Payment,1772266502.164851,9549,21,1
2,Payment,1772266502.165270,7716,16,1
2,Payment,1772266502.165805,7147,0,1
1,NewOrder,1772266502.166960,27071,12,1
1,NewOrder,1772266502.168024,21539,18,1
1,NewOrder,1772266502.168447,26982,7,1
2,Payment,1772266502.169820,10110,19,1
2,Payment,1772266502.170149,7629,14,1
3,OrderStatus,1772266502.170436,5099,15,1
2,Payment,1772266502.171971,7909,17,1
3,OrderStatus,1772266502.172080,7756,9,1
1,NewOrder,1772266502.172977,23727,0,1
2,Payment,1772266502.173000,8820,16,1
2,Payment,1772266502.174173,7704,5,1
2,Payment,1772266502.174416,8837,21,1
1,NewOrder,1772266502.174459,33018,11,1
1,NewOrder,1772266502.175550,35341,15,1
5,StockLevel,1772266502.175620,16528,8,1
4,Delivery,1772266502.177792,29367,14,1
1,NewOrder,1772266502.179539,28363,2,1
1,NewOrder,1772266502.179859,27245,9,1
4,Delivery,1772266502.179894,27645,17,1
1,NewOrder,1772266502.179948,34587,19,1
1,NewOrder,1772266502.181172,20229,6,1
2,Payment,1772266502.181837,6398,16,1
1,NewOrder,1772266502.181865,14446,23,1
1,NewOrder,1772266502.181896,29615,5,1
1,NewOrder,1772266502.183265,30518,21,1
1,NewOrder,1772266502.185412,22547,20,1
2,Payment,1772266502.185954,7491,3,1
1,NewOrder,1772266502.188251,27399,16,1
2,Payment,1772266502.189580,8253,18,1
3,OrderStatus,1772266502.189742,7772,10,1
1,NewOrder,1772266502.191291,28913,1,1
2,Payment,1772266502.191841,7873,13,1
2,Payment,1772266502.192164,8731,8,1
1,NewOrder,1772266502.192763,37639,4,1
5,StockLevel,1772266502.193463,14962,3,1
1,NewOrder,1772266502.194047,20898,12,1
2,Payment,1772266502.195449,8162,7,1
1,NewOrder,1772266502.196326,36715,23,1
2,Payment,1772266502.196729,10770,0,1
1,NewOrder,1772266502.197529,21322,10,1
2,Payment,1772266502.197847,8079,18,1
2,Payment,1772266502.199732,6848,13,1
2,Payment,1772266502.200923,7411,8,1
1,NewOrder,1772266502.201429,31588,6,1
1,NewOrder,1772266502.203629,25039,7,1
1,NewOrder,1772266502.205944,17416,18,1
2,Payment,1772266502.206596,8272,13,1
1,NewOrder,1772266502.207121,17983,9,1
1,NewOrder,1772266502.207183,28267,14,1
1,NewOrder,1772266502.207497,31974,11,1
1,NewOrder,1772266502.207519,27296,0,1
1,NewOrder,1772266502.207561,13073,17,1
1,NewOrder,1772266502.207916,13903,2,1
2,Payment,1772266502.207972,6948,20,1
2,Payment,1772266502.208350,11023,8,1
1,NewOrder,1772266502.208438,19634,3,1
2,Payment,1772266502.208823,7651,22,1
1,NewOrder,1772266502.210909,23580,15,1
1,NewOrder,1772266502.211525,21101,5,1
3,OrderStatus,1772266502.213797,3904,21,1
2,Payment,1772266502.214552,9182,19,1
5,StockLevel,1772266502.214895,18230,13,1
1,NewOrder,1772266502.214960,18947,12,1
1,NewOrder,1772266502.214967,25854,20,1
1,NewOrder,1772266502.215665,29468,16,1
1,NewOrder,1772266502.216490,34123,22,1
2,Payment,1772266502.217714,7823,21,1
1,NewOrder,1772266502.218879,40434,10,1
2,Payment,1772266502.219389,7988,8,1
2,Payment,1772266502.220220,7801,1,1
2,Payment,1772266502.220650,9325,17,1
2,Payment,1772266502.221838,8528,2,1
1,NewOrder,1772266502.223378,35561,18,1
2,Payment,1772266502.223751,9298,19,1
2,Payment,1772266502.225123,7911,9,1
1,NewOrder,1772266502.225563,28715,21,1
2,Payment,1772266502.227395,8091,8,1
2,Payment,1772266502.228037,19410,1,1
2,Payment,1772266502.228089,9886,3,1
2,Payment,1772266502.228689,11280,7,1
5,StockLevel,1772266502.229991,11214,17,1
2,Payment,1772266502.230381,18451,2,1
2,Payment,1772266502.230418,26570,4,1
2,Payment,1772266502.232653,27050,5,1
1,NewOrder,1772266502.233043,34135,6,1
1,NewOrder,1772266502.233059,21608,9,1
1,NewOrder,1772266502.233075,19238,23,1
3,OrderStatus,1772266502.233079,5567,19,1
2,Payment,1772266502.233151,3937,13,1
1,NewOrder,1772266502.233933,34454,12,1
1,NewOrder,1772266502.234506,17795,15,1
1,NewOrder,1772266502.234832,24453,0,1
1,NewOrder,1772266502.235461,18420,14,1
2,Payment,1772266502.235504,7444,8,1
5,StockLevel,1772266502.237102,9078,13,1
2,Payment,1772266502.237991,7360,3,1
2,Payment,1772266502.238672,9142,19,1
2,Payment,1772266502.239485,5253,11,1
1,NewOrder,1772266502.239980,23843,7,1
3,OrderStatus,1772266502.240839,6610,20,1
3,OrderStatus,1772266502.241219,3823,17,1
2,Payment,1772266502.242968,8858,8,1
2,Payment,1772266502.244753,8568,11,1
1,NewOrder,1772266502.245057,30798,17,1
1,NewOrder,1772266502.245150,32704,16,1
2,Payment,1772266502.245362,10124,3,1
2,Payment,1772266502.246193,6012,13,1
5,StockLevel,1772266502.247468,15375,20,1
1,NewOrder,1772266502.247470,35933,1,1
1,NewOrder,1772266502.247831,26655,19,1
2,Payment,1772266502.248846,12318,2,1
1,NewOrder,1772266502.250626,24918,22,1
4,Delivery,1772266502.251844,36383,8,1
1,NewOrder,1772266502.252224,26354,13,1
2,Payment,1772266502.252315,6937,15,1
1,NewOrder,1772266502.252340,24908,23,1
1,NewOrder,1772266502.253334,25876,11,1
1,NewOrder,1772266502.253894,40972,14,1
2,Payment,1772266502.254295,9120,21,1
5,StockLevel,1772266502.254679,16221,9,1
1,NewOrder,1772266502.255503,23759,3,1
2,Payment,1772266502.257002,8240,4,1
2,Payment,1772266502.258960,6703,18,1
1,NewOrder,1772266502.259279,37305,15,1
2,Payment,1772266502.259312,8269,0,1
1,NewOrder,1772266502.259326,34848,10,1
2,Payment,1772266502.259714,9096,5,1
4,Delivery,1772266502.261182,33625,2,1
1,NewOrder,1772266502.262858,22060,20,1
1,NewOrder,1772266502.263432,24696,21,1
2,Payment,1772266502.263842,7839,7,1
1,NewOrder,1772266502.265260,40545,4,1
2,Payment,1772266502.265694,7807,18,1
3,OrderStatus,1772266502.267194,6795,6,1
1,NewOrder,1772266502.267604,25548,0,1
1,NewOrder,1772266502.268401,25730,12,1
1,NewOrder,1772266502.268825,39195,5,1
1,NewOrder,1772266502.270914,23195,9,1
2,Payment,1772266502.271695,7597,7,1
2,Payment,1772266502.273517,6738,18,1
1,NewOrder,1772266502.274006,38217,6,1
2,Payment,1772266502.274511,7735,19,1
1,NewOrder,1772266502.275558,31296,22,1
1,NewOrder,1772266502.275871,37957,17,1
2,Payment,1772266502.277274,8735,23,1
2,Payment,1772266502.277868,8619,16,1
1,NewOrder,1772266502.278591,33007,13,1
2,Payment,1772266502.279225,8556,11,1
1,NewOrder,1772266502.279280,34054,3,1
1,NewOrder,1772266502.279314,25018,7,1
5,StockLevel,1772266502.280270,17822,18,1
1,NewOrder,1772266502.282264,35272,19,1
2,Payment,1772266502.283413,11009,1,1
1,NewOrder,1772266502.284933,16874,20,1
1,NewOrder,1772266502.286020,24890,23,1
2,Payment,1772266502.286505,8333,16,1
1,NewOrder,1772266502.287796,25056,11,1
1,NewOrder,1772266502.288142,18741,21,1
1,NewOrder,1772266502.288252,22573,8,1
2,Payment,1772266502.293179,6908,0,1
2,Payment,1772266502.294128,5308,9,1
3,OrderStatus,1772266502.294147,2912,12,1
1,NewOrder,1772266502.294197,25114,10,1
2,Payment,1772266502.294440,8215,1,1
2,Payment,1772266502.294823,10946,2,1
2,Payment,1772266502.294852,5147,16,1
2,Payment,1772266502.294883,7893,14,1
4,Delivery,1772266502.296598,38843,15,1
3,OrderStatus,1772266502.297076,4609,12,1
2,Payment,1772266502.298107,8801,18,1
2,Payment,1772266502.299452,8323,9,1
2,Payment,1772266502.300017,9867,16,1
1,NewOrder,1772266502.300105,35360,0,1
1,NewOrder,1772266502.301703,21634,12,1
1,NewOrder,1772266502.301817,33977,20,1
5,StockLevel,1772266502.302671,16768,1,1
2,Payment,1772266502.302789,9214,14,1
2,Payment,1772266502.304354,6135,7,1
3,OrderStatus,1772266502.305784,4315,2,1
1,NewOrder,1772266502.305832,21332,4,1
1,NewOrder,1772266502.306872,35084,22,1
2,Payment,1772266502.306902,5935,21,1
2,Payment,1772266502.306923,10993,18,1
1,NewOrder,1772266502.307788,28774,9,1
2,Payment,1772266502.308034,7009,5,1
1,NewOrder,1772266502.309911,37869,16,1
2,Payment,1772266502.310117,6373,2,1
1,NewOrder,1772266502.310505,19509,7,1
1,NewOrder,1772266502.310836,23318,8,1
3,OrderStatus,1772266502.310923,6281,23,1
1,NewOrder,1772266502.311616,36631,13,1
3,OrderStatus,1772266502.312029,3760,14,1
2,Payment,1772266502.312235,7648,6,1
1,NewOrder,1772266502.312851,29851,21,1
2,Payment,1772266502.312878,8439,11,1
1,NewOrder,1772266502.313349,35523,3,1
2,Payment,1772266502.313840,8112,17,1
1,NewOrder,1772266502.315063,33288,5,1
1,NewOrder,1772266502.315810,25513,14,1
1,NewOrder,1772266502.316506,26385,2,1
1,NewOrder,1772266502.317220,27388,23,1
2,Payment,1772266502.317562,8830,19,1
1,NewOrder,1772266502.317932,33230,18,1
2,Payment,1772266502.319332,10725,10,1
2,Payment,1772266502.319454,7682,1,1
1,NewOrder,1772266502.319910,37115,6,1
2,Payment,1772266502.321335,10704,11,1
2,Payment,1772266502.321963,6708,17,1
1,NewOrder,1772266502.323354,31054,12,1
5,StockLevel,1772266502.326418,18508,19,1
1,NewOrder,1772266502.327162,35248,1,1
1,NewOrder,1772266502.327188,24743,4,1
2,Payment,1772266502.328685,8857,17,1
2,Payment,1772266502.330030,7890,7,1
3,OrderStatus,1772266502.330073,5817,10,1
2,Payment,1772266502.332056,8850,11,1
1,NewOrder,1772266502.334181,16945,8,1
1,NewOrder,1772266502.335468,28457,15,1
2,Payment,1772266502.335490,6875,0,1
2,Payment,1772266502.335806,6869,20,1
1,NewOrder,1772266502.335917,23731,10,1
1,NewOrder,1772266502.336589,21312,9,1
1,NewOrder,1772266502.337560,19553,17,1
1,NewOrder,1772266502.337938,25626,7,1
1,NewOrder,1772266502.340930,35110,11,1
1,NewOrder,1772266502.341348,16541,14,1
1,NewOrder,1772266502.341976,25314,22,1
1,NewOrder,1772266502.342389,18150,0,1
2,Payment,1772266502.342701,8401,20,1
2,Payment,1772266502.342727,6705,21,1
2,Payment,1772266502.342925,7461,2,1
1,NewOrder,1772266502.344621,33738,23,1
1,NewOrder,1772266502.344952,25319,19,1
2,Payment,1772266502.347805,11123,16,1
1,NewOrder,1772266502.348273,30792,13,1
1,NewOrder,1772266502.348376,29351,5,1
2,Payment,1772266502.348898,7740,3,1
4,Delivery,1772266502.349448,38961,21,1
2,Payment,1772266502.350402,8461,2,1
2,Payment,1772266502.351128,6002,20,1
2,Payment,1772266502.351140,9789,8,1
2,Payment,1772266502.351189,8405,18,1
1,NewOrder,1772266502.351947,16673,4,1
2,Payment,1772266502.354435,7192,12,1
2,Payment,1772266502.356664,8758,3,1
3,OrderStatus,1772266502.357037,6476,6,1
1,NewOrder,1772266502.357138,19445,17,1
2,Payment,1772266502.357156,7524,20,1
1,NewOrder,1772266502.357918,20917,14,1
2,Payment,1772266502.357919,8179,9,1
2,Payment,1772266502.358881,10239,2,1
2,Payment,1772266502.358942,6697,16,1
2,Payment,1772266502.359620,9508,18,1
1,NewOrder,1772266502.359676,32930,10,1
3,OrderStatus,1772266502.360558,3060,0,1
2,Payment,1772266502.360955,8138,8,1
1,NewOrder,1772266502.361641,20794,12,1
2,Payment,1772266502.362435,8928,1,1
1,NewOrder,1772266502.363540,33091,6,1
3,OrderStatus,1772266502.363577,7270,7,1
2,Payment,1772266502.363643,9830,0,1
4,Delivery,1772266502.363940,39539,15,1
2,Payment,1772266502.364706,7566,20,1
1,NewOrder,1772266502.365445,24175,3,1
1,NewOrder,1772266502.365655,27441,16,1
3,OrderStatus,1772266502.366113,7047,9,1
2,Payment,1772266502.367316,6591,22,1
2,Payment,1772266502.368644,7976,4,1
2,Payment,1772266502.369114,5856,8,1
3,OrderStatus,1772266502.369144,6168,2,1
2,Payment,1772266502.369153,6312,18,1
1,NewOrder,1772266502.370287,32173,19,1
2,Payment,1772266502.370874,7461,7,1
2,Payment,1772266502.371381,7337,1,1
2,Payment,1772266502.372292,7366,20,1
2,Payment,1772266502.373186,7963,9,1
2,Payment,1772266502.373500,6970,0,1
4,Delivery,1772266502.373934,14821,22,1
2,Payment,1772266502.374996,7978,8,1
2,Payment,1772266502.375325,6625,2,1
2,Payment,1772266502.375481,6065,18,1
2,Payment,1772266502.376056,8435,11,1
1,NewOrder,1772266502.376609,32345,17,1
2,Payment,1772266502.376650,7301,4,1
3,OrderStatus,1772266502.377754,5751,5,1
2,Payment,1772266502.378353,9166,7,1
2,Payment,1772266502.378372,11019,23,1
1,NewOrder,1772266502.378743,32243,1,1
2,Payment,1772266502.378862,7451,14,1
4,Delivery,1772266502.379090,24713,13,1
2,Payment,1772266502.379685,8066,20,1
2,Payment,1772266502.380484,6680,0,1
2,Payment,1772266502.381170,8214,9,1
2,Payment,1772266502.381573,9577,18,1
1,NewOrder,1772266502.381970,19170,2,1
2,Payment,1772266502.382457,7286,12,1
4,Delivery,1772266502.382989,29801,8,1
2,Payment,1772266502.383519,7202,5,1
2,Payment,1772266502.383967,9030,4,1
2,Payment,1772266502.384505,6641,11,1
1,NewOrder,1772266502.386329,20650,14,1
1,NewOrder,1772266502.387191,40919,0,1
2,Payment,1772266502.387544,6968,7,1
2,Payment,1772266502.387782,11572,20,1
2,Payment,1772266502.388435,18022,21,1
2,Payment,1772266502.388773,6337,22,1
4,Delivery,1772266502.389399,23795,9,1
2,Payment,1772266502.389418,7892,23,1
1,NewOrder,1772266502.389633,26129,3,1
2,Payment,1772266502.389769,6092,12,1
1,NewOrder,1772266502.390738,29216,5,1
1,NewOrder,1772266502.391158,25305,11,1
1,NewOrder,1772266502.391169,29451,18,1
1,NewOrder,1772266502.392627,17951,10,1
2,Payment,1772266502.393025,7144,4,1
1,NewOrder,1772266502.393122,34974,16,1
2,Payment,1772266502.394538,5226,7,1
1,NewOrder,1772266502.395136,22713,22,1
2,Payment,1772266502.395873,6938,12,1
2,Payment,1772266502.396648,7380,6,1
2,Payment,1772266502.397337,7551,23,1
4,Delivery,1772266502.399373,31534,20,1
1,NewOrder,1772266502.399791,31096,7,1
1,NewOrder,1772266502.400196,10501,4,1
1,NewOrder,1772266502.401155,36417,2,1
2,Payment,1772266502.402486,8546,19,1
1,NewOrder,1772266502.402824,23334,12,1
1,NewOrder,1772266502.403495,24574,15,1
1,NewOrder,1772266502.403824,23669,13,1
1,NewOrder,1772266502.404041,31498,6,1
3,OrderStatus,1772266502.404913,9421,23,1
2,Payment,1772266502.406473,7118,21,1
1,NewOrder,1772266502.407007,33840,14,1
2,Payment,1772266502.408980,8503,17,1
1,NewOrder,1772266502.410600,32784,10,1
1,NewOrder,1772266502.410721,31141,4,1
5,StockLevel,1772266502.411009,17337,1,1
1,NewOrder,1772266502.411059,36051,19,1
1,NewOrder,1772266502.412807,33837,8,1
3,OrderStatus,1772266502.413216,1853,9,1
3,OrderStatus,1772266502.413605,4898,21,1
2,Payment,1772266502.414359,7674,23,1
2,Payment,1772266502.415087,7769,9,1
2,Payment,1772266502.415788,7665,3,1
1,NewOrder,1772266502.416478,34044,11,1
1,NewOrder,1772266502.417509,30008,17,1
1,NewOrder,1772266502.417876,39004,22,1
1,NewOrder,1772266502.418517,20627,21,1
1,NewOrder,1772266502.419965,26115,5,1
2,Payment,1772266502.420646,9791,18,1
1,NewOrder,1772266502.422059,32455,23,1
2,Payment,1772266502.422872,6892,9,1
1,NewOrder,1772266502.423464,24277,3,1
4,Delivery,1772266502.426184,12317,12,1
2,Payment,1772266502.427517,8464,13,1
1,NewOrder,1772266502.428093,32871,15,1
1,NewOrder,1772266502.428120,18361,16,1
1,NewOrder,1772266502.428138,17478,0,1
2,Payment,1772266502.428362,7660,1,1
2,Payment,1772266502.429776,9463,9,1
2,Payment,1772266502.430462,8374,18,1
1,NewOrder,1772266502.430914,27548,7,1
5,StockLevel,1772266502.430924,14605,20,1
2,Payment,1772266502.435554,7072,6,1
2,Payment,1772266502.436003,7187,13,1
2,Payment,1772266502.436049,7160,1,1
2,Payment,1772266502.437598,8570,2,1
2,Payment,1772266502.438528,7466,12,1
1,NewOrder,1772266502.438862,27462,18,1
1,NewOrder,1772266502.439158,33644,21,1
1,NewOrder,1772266502.439265,29538,9,1
2,Payment,1772266502.440862,9257,14,1
2,Payment,1772266502.441877,7739,4,1
1,NewOrder,1772266502.442633,32334,6,1
2,Payment,1772266502.443215,10259,13,1
2,Payment,1772266502.443231,10342,1,1
5,StockLevel,1772266502.443412,18232,10,1
2,Payment,1772266502.445552,7599,20,1
2,Payment,1772266502.445642,10527,0,1
1,NewOrder,1772266502.446010,27338,12,1
1,NewOrder,1772266502.446107,25161,5,1
2,Payment,1772266502.446195,11613,2,1
1,NewOrder,1772266502.446507,16109,16,1
1,NewOrder,1772266502.446656,21305,8,1
2,Payment,1772266502.447135,8198,19,1
2,Payment,1772266502.447530,8730,17,1
1,NewOrder,1772266502.447755,23626,3,1
1,NewOrder,1772266502.449633,19797,4,1
5,StockLevel,1772266502.450138,16555,14,1
2,Payment,1772266502.450548,8380,11,1
1,NewOrder,1772266502.453166,20240,20,1
1,NewOrder,1772266502.453495,17366,13,1
2,Payment,1772266502.453599,6317,1,1
2,Payment,1772266502.454528,7415,23,1
1,NewOrder,1772266502.455358,23219,19,1
2,Payment,1772266502.456276,6319,17,1
2,Payment,1772266502.457823,8817,2,1
4,Delivery,1772266502.458488,20065,7,1
3,OrderStatus,1772266502.461690,7965,10,1
2,Payment,1772266502.462617,7546,17,1
2,Payment,1772266502.469457,8921,4,1
2,Payment,1772266502.469688,6909,10,1
3,OrderStatus,1772266502.474992,3273,6,1
