Transaction Type Index,Transaction Name,Start Time (microseconds),Latency (microseconds),Worker Id (start number),Phase Id (index in config file)
2,Payment,1772290845.950129,49559,20,1
2,Payment,1772290845.950129,78252,15,1
2,Payment,1772290845.950129,72194,22,1
2,Payment,1772290845.950129,84768,17,1
2,Payment,1772290845.950287,80572,23,1
5,StockLevel,1772290845.964098,76780,13,1
1,NewOrder,1772290845.964114,104348,18,1
1,NewOrder,1772290845.964129,87169,16,1
2,Payment,1772290845.964136,25662,19,1
1,NewOrder,1772290845.964158,121058,21,1
2,Payment,1772290845.964165,58700,14,1
1,NewOrder,1772290845.964178,89456,3,1
4,Delivery,1772290845.964190,19632,6,1
1,NewOrder,1772290845.964209,80813,4,1
2,Payment,1772290845.964227,55723,0,1
1,NewOrder,1772290845.964242,106385,9,1
2,Payment,1772290845.964256,67353,2,1
2,Payment,1772290845.964272,61096,1,1
1,NewOrder,1772290845.964279,108925,5,1
1,NewOrder,1772290845.964292,100733,8,1
1,NewOrder,1772290845.964301,99945,7,1
1,NewOrder,1772290845.964311,114767,10,1
2,Payment,1772290845.964322,60332,11,1
1,NewOrder,1772290845.964330,82269,12,1
1,NewOrder,1772290845.983920,68548,6,1
2,Payment,1772290845.989831,5611,19,1
1,NewOrder,1772290845.995462,115483,19,1
2,Payment,1772290845.999745,14876,20,1
1,NewOrder,1772290846.014648,85658,20,1
2,Payment,1772290846.019981,30583,0,1
1,NewOrder,1772290846.022350,125551,22,1
2,Payment,1772290846.022892,16364,14,1
1,NewOrder,1772290846.024680,66725,11,1
2,Payment,1772290846.025393,18848,1,1
1,NewOrder,1772290846.028410,82065,15,1
2,Payment,1772290846.030885,25529,23,1
1,NewOrder,1772290846.031636,64519,2,1
2,Payment,1772290846.034921,8940,17,1
2,Payment,1772290846.039273,7891,14,1
1,NewOrder,1772290846.040906,108514,13,1
2,Payment,1772290846.043881,11141,17,1
1,NewOrder,1772290846.044260,62010,1,1
1,NewOrder,1772290846.045049,42764,4,1
2,Payment,1772290846.046628,49159,12,1
1,NewOrder,1772290846.047179,94937,14,1
4,Delivery,1772290846.050580,22174,0,1
2,Payment,1772290846.051321,48462,16,1
2,Payment,1772290846.052490,16443,6,1
2,Payment,1772290846.053654,18124,3,1
2,Payment,1772290846.055041,47855,17,1
2,Payment,1772290846.056428,33321,23,1
2,Payment,1772290846.064272,11235,7,1
1,NewOrder,1772290846.065049,26361,8,1
1,NewOrder,1772290846.068493,20612,18,1
1,NewOrder,1772290846.068949,57105,6,1
2,Payment,1772290846.070651,9831,9,1
1,NewOrder,1772290846.071797,61128,3,1
2,Payment,1772290846.072772,6409,0,1
1,NewOrder,1772290846.073230,23959,5,1
1,NewOrder,1772290846.075531,49918,7,1
2,Payment,1772290846.079125,6038,10,1
2,Payment,1772290846.079227,5510,0,1
2,Payment,1772290846.080498,20811,9,1
4,Delivery,1772290846.084754,20422,0,1
2,Payment,1772290846.085179,20518,10,1
2,Payment,1772290846.085244,12410,21,1
2,Payment,1772290846.087835,36129,4,1
2,Payment,1772290846.089127,11746,18,1
5,StockLevel,1772290846.089765,45282,23,1
1,NewOrder,1772290846.091422,21444,11,1
2,Payment,1772290846.091426,23320,8,1
4,Delivery,1772290846.095803,25836,12,1
2,Payment,1772290846.096176,32939,2,1
2,Payment,1772290846.097208,35748,5,1
1,NewOrder,1772290846.097670,24712,21,1
2,Payment,1772290846.099799,8055,16,1
2,Payment,1772290846.100322,19568,20,1
2,Payment,1772290846.100889,13970,18,1
1,NewOrder,1772290846.101321,31057,9,1
3,OrderStatus,1772290846.102913,2656,17,1
4,Delivery,1772290846.105193,16967,0,1
1,NewOrder,1772290846.105586,52439,17,1
2,Payment,1772290846.105709,11831,10,1
1,NewOrder,1772290846.106286,38520,1,1
2,Payment,1772290846.107868,14351,16,1
2,Payment,1772290846.110494,18051,15,1
1,NewOrder,1772290846.110961,26780,19,1
2,Payment,1772290846.112885,9533,11,1
2,Payment,1772290846.114768,43058,8,1
1,NewOrder,1772290846.114879,57597,18,1
2,Payment,1772290846.117560,36030,10,1
1,NewOrder,1772290846.119911,57589,20,1
1,NewOrder,1772290846.121657,27281,12,1
1,NewOrder,1772290846.122180,65600,0,1
2,Payment,1772290846.122233,12104,16,1
2,Payment,1772290846.122393,31838,21,1
2,Payment,1772290846.122434,38180,11,1
2,Payment,1772290846.123982,12102,4,1
2,Payment,1772290846.125468,52372,7,1
1,NewOrder,1772290846.126075,42696,6,1
2,Payment,1772290846.128583,17158,15,1
2,Payment,1772290846.129129,9590,2,1
4,Delivery,1772290846.132402,81736,9,1
1,NewOrder,1772290846.132946,24264,3,1
1,NewOrder,1772290846.132972,33083,5,1
1,NewOrder,1772290846.134354,27027,16,1
2,Payment,1772290846.135063,22838,23,1
1,NewOrder,1772290846.136102,31533,4,1
1,NewOrder,1772290846.137759,20240,19,1
3,OrderStatus,1772290846.138738,3094,2,1
1,NewOrder,1772290846.141852,36651,2,1
1,NewOrder,1772290846.142137,22491,14,1
2,Payment,1772290846.144826,20800,1,1
1,NewOrder,1772290846.145758,61073,15,1
1,NewOrder,1772290846.147920,41529,22,1
2,Payment,1772290846.148956,16898,12,1
2,Payment,1772290846.149436,22463,13,1
2,Payment,1772290846.153615,18895,10,1
2,Payment,1772290846.154253,6948,21,1
1,NewOrder,1772290846.157234,38095,3,1
1,NewOrder,1772290846.157844,17562,8,1
1,NewOrder,1772290846.157921,74005,23,1
1,NewOrder,1772290846.158019,63081,19,1
2,Payment,1772290846.158045,31413,17,1
1,NewOrder,1772290846.160635,19658,11,1
2,Payment,1772290846.161222,4457,21,1
1,NewOrder,1772290846.161396,64826,16,1
3,OrderStatus,1772290846.164661,37752,14,1
2,Payment,1772290846.165664,5572,1,1
2,Payment,1772290846.165698,40758,21,1
3,OrderStatus,1772290846.165873,19883,12,1
1,NewOrder,1772290846.166073,11887,5,1
1,NewOrder,1772290846.167651,31252,4,1
1,NewOrder,1772290846.168790,63670,6,1
2,Payment,1772290846.171256,9379,1,1
2,Payment,1772290846.171919,5947,13,1
2,Payment,1772290846.172493,10840,18,1
2,Payment,1772290846.172527,9693,10,1
2,Payment,1772290846.175426,13028,8,1
1,NewOrder,1772290846.177521,29553,20,1
3,OrderStatus,1772290846.177866,2029,7,1
1,NewOrder,1772290846.177885,42811,13,1
2,Payment,1772290846.177979,45001,5,1
2,Payment,1772290846.178521,11487,2,1
2,Payment,1772290846.179913,16053,7,1
2,Payment,1772290846.180312,10689,11,1
2,Payment,1772290846.180649,45603,1,1
1,NewOrder,1772290846.182237,31068,10,1
1,NewOrder,1772290846.183353,25986,18,1
1,NewOrder,1772290846.185778,55328,12,1
1,NewOrder,1772290846.187801,57019,0,1
1,NewOrder,1772290846.188478,18624,8,1
1,NewOrder,1772290846.189467,39473,22,1
1,NewOrder,1772290846.189476,54503,17,1
1,NewOrder,1772290846.190029,19893,2,1
1,NewOrder,1772290846.191026,30108,11,1
4,Delivery,1772290846.195352,94613,3,1
2,Payment,1772290846.195988,3341,7,1
2,Payment,1772290846.198925,35529,4,1
2,Payment,1772290846.199348,15242,7,1
2,Payment,1772290846.202435,18729,14,1
5,StockLevel,1772290846.206476,50469,21,1
1,NewOrder,1772290846.206850,39481,15,1
3,OrderStatus,1772290846.207092,3123,20,1
2,Payment,1772290846.207121,10933,8,1
2,Payment,1772290846.209360,10860,18,1
1,NewOrder,1772290846.209942,41805,2,1
2,Payment,1772290846.210232,41993,20,1
1,NewOrder,1772290846.213325,66766,10,1
1,NewOrder,1772290846.214156,65100,9,1
2,Payment,1772290846.214609,7251,7,1
1,NewOrder,1772290846.218076,63602,8,1
2,Payment,1772290846.220240,43714,18,1
2,Payment,1772290846.220710,4910,13,1
2,Payment,1772290846.221113,33706,19,1
2,Payment,1772290846.221154,7349,11,1
1,NewOrder,1772290846.221182,22836,14,1
1,NewOrder,1772290846.221877,21379,7,1
3,OrderStatus,1772290846.222993,7505,5,1
2,Payment,1772290846.225640,14286,13,1
1,NewOrder,1772290846.226237,14278,16,1
1,NewOrder,1772290846.226269,11360,1,1
1,NewOrder,1772290846.228521,51218,11,1
1,NewOrder,1772290846.228958,20159,22,1
1,NewOrder,1772290846.230513,21570,5,1
1,NewOrder,1772290846.231938,24575,23,1
5,StockLevel,1772290846.232477,20654,6,1
2,Payment,1772290846.234471,6084,4,1
2,Payment,1772290846.237646,8250,1,1
2,Payment,1772290846.239957,24668,13,1
1,NewOrder,1772290846.240535,61825,16,1
1,NewOrder,1772290846.240573,27845,4,1
1,NewOrder,1772290846.241121,20902,12,1
1,NewOrder,1772290846.243273,35956,7,1
2,Payment,1772290846.243990,25042,17,1
2,Payment,1772290846.244039,27744,14,1
1,NewOrder,1772290846.244837,12294,0,1
1,NewOrder,1772290846.245914,33724,1,1
1,NewOrder,1772290846.246351,42287,15,1
2,Payment,1772290846.249135,17476,22,1
4,Delivery,1772290846.251767,38671,2,1
1,NewOrder,1772290846.252109,44099,5,1
1,NewOrder,1772290846.252243,36576,20,1
1,NewOrder,1772290846.253148,41457,6,1
5,StockLevel,1772290846.254835,33949,19,1
2,Payment,1772290846.256529,21957,23,1
1,NewOrder,1772290846.256965,42776,21,1
2,Payment,1772290846.257150,22207,0,1
2,Payment,1772290846.262054,32995,12,1
1,NewOrder,1772290846.263985,28080,18,1
1,NewOrder,1772290846.264648,42009,13,1
1,NewOrder,1772290846.266630,33076,22,1
1,NewOrder,1772290846.268437,30873,4,1
1,NewOrder,1772290846.269052,19615,17,1
1,NewOrder,1772290846.271801,23280,14,1
4,Delivery,1772290846.278512,105942,23,1
1,NewOrder,1772290846.279251,36507,7,1
1,NewOrder,1772290846.279280,20485,9,1
1,NewOrder,1772290846.279375,49946,0,1
2,Payment,1772290846.279656,13432,1,1
2,Payment,1772290846.279758,3087,11,1
1,NewOrder,1772290846.280105,36223,10,1
1,NewOrder,1772290846.281691,30910,8,1
2,Payment,1772290846.282861,2450,11,1
1,NewOrder,1772290846.285328,58107,11,1
1,NewOrder,1772290846.288659,37350,15,1
1,NewOrder,1772290846.288687,52993,17,1
1,NewOrder,1772290846.288803,30107,19,1
2,Payment,1772290846.288838,15810,20,1
1,NewOrder,1772290846.289981,33239,3,1
1,NewOrder,1772290846.290453,13351,2,1
1,NewOrder,1772290846.292082,31166,18,1
2,Payment,1772290846.293106,11881,1,1
1,NewOrder,1772290846.294624,57405,6,1
1,NewOrder,1772290846.295064,55714,12,1
1,NewOrder,1772290846.295097,63243,14,1
2,Payment,1772290846.296221,21975,5,1
2,Payment,1772290846.299341,21601,4,1
2,Payment,1772290846.299739,26317,22,1
2,Payment,1772290846.299759,19634,21,1
2,Payment,1772290846.299781,30712,9,1
2,Payment,1772290846.302373,2636,16,1
1,NewOrder,1772290846.303821,22525,2,1
2,Payment,1772290846.304668,30319,20,1
1,NewOrder,1772290846.305000,19453,1,1
2,Payment,1772290846.305026,2342,16,1
2,Payment,1772290846.306671,3001,13,1
1,NewOrder,1772290846.307384,43462,16,1
1,NewOrder,1772290846.309689,34563,13,1
2,Payment,1772290846.312628,25711,8,1
2,Payment,1772290846.315776,25420,7,1
2,Payment,1772290846.316344,29167,10,1
1,NewOrder,1772290846.318215,23541,5,1
2,Payment,1772290846.318928,10921,19,1
5,StockLevel,1772290846.319404,21506,21,1
4,Delivery,1772290846.320968,55327,4,1
2,Payment,1772290846.323238,34185,3,1
1,NewOrder,1772290846.323267,34850,18,1
1,NewOrder,1772290846.324473,69214,1,1
1,NewOrder,1772290846.326042,28019,15,1
1,NewOrder,1772290846.326075,34803,22,1
2,Payment,1772290846.326361,49972,2,1
2,Payment,1772290846.329337,50596,0,1
5,StockLevel,1772290846.329866,24309,19,1
1,NewOrder,1772290846.330507,73268,9,1
1,NewOrder,1772290846.335010,21987,20,1
2,Payment,1772290846.338356,11806,8,1
1,NewOrder,1772290846.340931,26287,21,1
2,Payment,1772290846.341214,6538,7,1
1,NewOrder,1772290846.341695,64243,17,1
2,Payment,1772290846.341772,46616,5,1
5,StockLevel,1772290846.343451,23446,11,1
2,Payment,1772290846.344264,3087,13,1
2,Payment,1772290846.345528,30811,10,1
2,Payment,1772290846.347368,16713,13,1
2,Payment,1772290846.347768,15566,7,1
1,NewOrder,1772290846.350180,39989,8,1
2,Payment,1772290846.350807,15902,12,1
5,StockLevel,1772290846.350862,24368,16,1
3,OrderStatus,1772290846.352047,6257,6,1
5,StockLevel,1772290846.354077,14261,15,1
4,Delivery,1772290846.354193,30742,19,1
1,NewOrder,1772290846.357011,54128,20,1
1,NewOrder,1772290846.357439,46017,3,1
1,NewOrder,1772290846.358131,43246,18,1
1,NewOrder,1772290846.358315,18116,6,1
1,NewOrder,1772290846.358356,5605,14,1
2,Payment,1772290846.360895,6275,22,1
4,Delivery,1772290846.363349,161799,7,1
2,Payment,1772290846.363977,30241,14,1
4,Delivery,1772290846.364096,55083,13,1
1,NewOrder,1772290846.366724,35386,12,1
2,Payment,1772290846.366913,13403,11,1
2,Payment,1772290846.367180,3521,22,1
1,NewOrder,1772290846.367233,8251,21,1
1,NewOrder,1772290846.368354,15404,15,1
1,NewOrder,1772290846.370718,39274,22,1
2,Payment,1772290846.375252,22008,16,1
4,Delivery,1772290846.375501,13732,21,1
1,NewOrder,1772290846.376308,70637,4,1
1,NewOrder,1772290846.376351,39774,2,1
3,OrderStatus,1772290846.376355,2441,10,1
2,Payment,1772290846.376440,8952,6,1
2,Payment,1772290846.378814,10147,10,1
1,NewOrder,1772290846.379949,28645,0,1
4,Delivery,1772290846.380330,144505,11,1
2,Payment,1772290846.383777,30182,15,1
2,Payment,1772290846.384469,9782,23,1
3,OrderStatus,1772290846.384952,1967,19,1
1,NewOrder,1772290846.385406,64655,6,1
2,Payment,1772290846.386936,9802,19,1
2,Payment,1772290846.388406,15834,5,1
2,Payment,1772290846.388972,2242,10,1
2,Payment,1772290846.389248,10025,21,1
1,NewOrder,1772290846.390182,25921,8,1
2,Payment,1772290846.391228,2984,10,1
1,NewOrder,1772290846.393704,22451,1,1
2,Payment,1772290846.394229,16950,10,1
2,Payment,1772290846.394236,5549,14,1
2,Payment,1772290846.394266,52493,23,1
2,Payment,1772290846.396753,18753,19,1
2,Payment,1772290846.397270,5748,16,1
4,Delivery,1772290846.399289,100082,21,1
1,NewOrder,1772290846.399796,54359,14,1
2,Payment,1772290846.401391,19584,18,1
1,NewOrder,1772290846.402128,14625,12,1
1,NewOrder,1772290846.403034,67583,16,1
2,Payment,1772290846.403471,3615,3,1
2,Payment,1772290846.403789,10693,9,1
2,Payment,1772290846.404255,4847,5,1
1,NewOrder,1772290846.405950,19642,17,1
1,NewOrder,1772290846.407101,48901,3,1
1,NewOrder,1772290846.408613,18338,0,1
1,NewOrder,1772290846.409117,32060,5,1
2,Payment,1772290846.410006,16406,22,1
1,NewOrder,1772290846.411156,15697,20,1
1,NewOrder,1772290846.411197,65247,10,1
2,Payment,1772290846.413979,37975,15,1
2,Payment,1772290846.414497,31147,9,1
1,NewOrder,1772290846.415523,33358,19,1
1,NewOrder,1772290846.416118,12869,8,1
2,Payment,1772290846.416137,4441,2,1
1,NewOrder,1772290846.416170,12637,1,1
1,NewOrder,1772290846.416766,11448,12,1
3,OrderStatus,1772290846.419194,3885,13,1
2,Payment,1772290846.420592,8122,2,1
5,StockLevel,1772290846.420992,47418,18,1
2,Payment,1772290846.423098,31686,13,1
2,Payment,1772290846.425609,43924,17,1
1,NewOrder,1772290846.426426,6887,22,1
1,NewOrder,1772290846.426867,5657,20,1
2,Payment,1772290846.426970,3886,0,1
1,NewOrder,1772290846.428229,13747,12,1
3,OrderStatus,1772290846.428725,3929,2,1
5,StockLevel,1772290846.428816,10374,1,1
2,Payment,1772290846.429001,20345,8,1
1,NewOrder,1772290846.430873,5070,0,1
1,NewOrder,1772290846.432536,17446,20,1
2,Payment,1772290846.432672,2397,2,1
1,NewOrder,1772290846.433331,7960,22,1
1,NewOrder,1772290846.435081,7303,2,1
2,Payment,1772290846.435952,2840,0,1
1,NewOrder,1772290846.438811,34074,0,1
1,NewOrder,1772290846.439207,53923,1,1
1,NewOrder,1772290846.441192,40252,5,1
2,Payment,1772290846.441306,9996,22,1
1,NewOrder,1772290846.441992,16591,12,1
2,Payment,1772290846.442395,33287,2,1
1,NewOrder,1772290846.445661,42418,9,1
2,Payment,1772290846.446770,6855,23,1
3,OrderStatus,1772290846.446963,8242,4,1
1,NewOrder,1772290846.448901,42059,19,1
1,NewOrder,1772290846.449361,40032,8,1
1,NewOrder,1772290846.449993,21941,20,1
2,Payment,1772290846.450078,5390,6,1
2,Payment,1772290846.451315,5043,22,1
2,Payment,1772290846.451969,15495,15,1
2,Payment,1772290846.453640,5309,23,1
3,OrderStatus,1772290846.454165,6893,14,1
2,Payment,1772290846.454802,18099,13,1
1,NewOrder,1772290846.455220,29351,4,1
1,NewOrder,1772290846.455483,51680,6,1
2,Payment,1772290846.456012,22655,3,1
2,Payment,1772290846.456400,7609,22,1
2,Payment,1772290846.458631,17360,12,1
1,NewOrder,1772290846.458969,58309,23,1
5,StockLevel,1772290846.461074,26333,14,1
1,NewOrder,1772290846.464026,38872,22,1
1,NewOrder,1772290846.467489,32997,15,1
1,NewOrder,1772290846.468425,23822,18,1
1,NewOrder,1772290846.469549,7905,17,1
3,OrderStatus,1772290846.470633,9190,16,1
2,Payment,1772290846.471949,10713,20,1
2,Payment,1772290846.472901,12070,0,1
2,Payment,1772290846.472916,5430,13,1
2,Payment,1772290846.475699,22761,2,1
1,NewOrder,1772290846.476004,23817,12,1
1,NewOrder,1772290846.476462,18465,10,1
4,Delivery,1772290846.477467,77384,17,1
2,Payment,1772290846.478359,2634,13,1
1,NewOrder,1772290846.478680,27799,3,1
4,Delivery,1772290846.479843,75790,16,1
1,NewOrder,1772290846.481024,11213,13,1
1,NewOrder,1772290846.481458,40939,5,1
2,Payment,1772290846.482678,11628,20,1
2,Payment,1772290846.484584,27576,4,1
1,NewOrder,1772290846.484986,40547,0,1
2,Payment,1772290846.487428,12011,14,1
1,NewOrder,1772290846.488090,41022,9,1
2,Payment,1772290846.489408,19242,8,1
2,Payment,1772290846.490986,12950,19,1
1,NewOrder,1772290846.492250,20707,13,1
1,NewOrder,1772290846.492258,47533,18,1
2,Payment,1772290846.493140,13992,1,1
2,Payment,1772290846.494318,12779,20,1
2,Payment,1772290846.494933,18062,10,1
1,NewOrder,1772290846.498480,28811,2,1
1,NewOrder,1772290846.499383,46171,21,1
3,OrderStatus,1772290846.499451,3458,14,1
5,StockLevel,1772290846.499831,17041,12,1
2,Payment,1772290846.500494,25980,15,1
3,OrderStatus,1772290846.502908,8692,22,1
1,NewOrder,1772290846.502921,58977,14,1
1,NewOrder,1772290846.503947,17821,19,1
1,NewOrder,1772290846.506492,64545,3,1
1,NewOrder,1772290846.507109,46928,20,1
1,NewOrder,1772290846.507149,3174,1,1
1,NewOrder,1772290846.507174,15187,6,1
2,Payment,1772290846.508661,6238,8,1
1,NewOrder,1772290846.510334,15216,1,1
2,Payment,1772290846.511611,6043,22,1
2,Payment,1772290846.512169,10137,4,1
1,NewOrder,1772290846.512968,11356,13,1
1,NewOrder,1772290846.513003,9333,10,1
4,Delivery,1772290846.514909,10267,8,1
2,Payment,1772290846.516883,12153,12,1
4,Delivery,1772290846.517285,34640,23,1
2,Payment,1772290846.517667,4615,22,1
1,NewOrder,1772290846.521781,11903,19,1
1,NewOrder,1772290846.522293,16184,22,1
2,Payment,1772290846.522315,17850,4,1
2,Payment,1772290846.522348,27756,10,1
1,NewOrder,1772290846.522370,60936,6,1
1,NewOrder,1772290846.522408,32542,5,1
5,StockLevel,1772290846.524333,56565,13,1
1,NewOrder,1772290846.524840,15298,11,1
1,NewOrder,1772290846.525158,7697,7,1
2,Payment,1772290846.525187,27245,8,1
1,NewOrder,1772290846.525550,35582,0,1
1,NewOrder,1772290846.525559,65563,1,1
2,Payment,1772290846.526486,22675,15,1
1,NewOrder,1772290846.527305,12879,2,1
2,Payment,1772290846.529054,3455,12,1
1,NewOrder,1772290846.529120,33439,9,1
1,NewOrder,1772290846.532524,39697,12,1
1,NewOrder,1772290846.532866,5950,7,1
2,Payment,1772290846.533701,6464,19,1
1,NewOrder,1772290846.538492,11276,22,1
2,Payment,1772290846.538827,16072,7,1
2,Payment,1772290846.539799,16166,18,1
2,Payment,1772290846.540150,22131,11,1
1,NewOrder,1772290846.540176,13207,19,1
4,Delivery,1772290846.540180,68038,4,1
2,Payment,1772290846.540191,3895,2,1
5,StockLevel,1772290846.544097,10023,2,1
1,NewOrder,1772290846.545565,30104,21,1
2,Payment,1772290846.549176,15126,15,1
2,Payment,1772290846.549780,30235,22,1
2,Payment,1772290846.550112,6421,10,1
2,Payment,1772290846.551936,31863,23,1
1,NewOrder,1772290846.552443,15611,8,1
1,NewOrder,1772290846.553391,17001,19,1
2,Payment,1772290846.554061,34048,20,1
1,NewOrder,1772290846.554137,24927,2,1
1,NewOrder,1772290846.554859,19078,17,1
1,NewOrder,1772290846.554916,7555,7,1
2,Payment,1772290846.554967,17429,5,1
1,NewOrder,1772290846.555647,4306,16,1
2,Payment,1772290846.555975,20861,18,1
1,NewOrder,1772290846.556548,9584,10,1
2,Payment,1772290846.559964,6673,16,1
1,NewOrder,1772290846.561144,47110,0,1
2,Payment,1772290846.561916,18644,14,1
1,NewOrder,1772290846.562294,6593,11,1
1,NewOrder,1772290846.562478,34330,7,1
2,Payment,1772290846.562578,18901,9,1
1,NewOrder,1772290846.564316,26177,15,1
2,Payment,1772290846.566143,17562,10,1
1,NewOrder,1772290846.566647,11816,16,1
3,OrderStatus,1772290846.568067,4220,8,1
1,NewOrder,1772290846.568896,33757,11,1
1,NewOrder,1772290846.570409,7639,19,1
1,NewOrder,1772290846.571050,34996,3,1
2,Payment,1772290846.572234,27804,12,1
2,Payment,1772290846.572298,35629,8,1
2,Payment,1772290846.572403,12487,5,1
2,Payment,1772290846.573947,36713,17,1
2,Payment,1772290846.575682,10321,21,1
1,NewOrder,1772290846.576846,36814,18,1
2,Payment,1772290846.578057,37868,19,1
1,NewOrder,1772290846.578472,6031,16,1
3,OrderStatus,1772290846.579070,41234,2,1
4,Delivery,1772290846.580025,72922,22,1
2,Payment,1772290846.580572,10388,14,1
2,Payment,1772290846.580906,12108,13,1
2,Payment,1772290846.581489,10295,9,1
2,Payment,1772290846.583319,18406,6,1
1,NewOrder,1772290846.583715,23737,10,1
2,Payment,1772290846.583804,6273,23,1
2,Payment,1772290846.584511,13090,16,1
1,NewOrder,1772290846.584898,18783,5,1
1,NewOrder,1772290846.586011,53414,21,1
1,NewOrder,1772290846.588121,33186,20,1
2,Payment,1772290846.590088,2171,23,1
2,Payment,1772290846.590503,13265,15,1
1,NewOrder,1772290846.590970,29727,14,1
2,Payment,1772290846.591136,12766,1,1
1,NewOrder,1772290846.591791,43212,9,1
1,NewOrder,1772290846.592269,31349,23,1
5,StockLevel,1772290846.593021,15163,13,1
2,Payment,1772290846.596823,8796,7,1
4,Delivery,1772290846.597610,137140,16,1
1,NewOrder,1772290846.600048,18779,12,1
1,NewOrder,1772290846.601739,23167,6,1
1,NewOrder,1772290846.602664,39381,11,1
1,NewOrder,1772290846.603690,32590,5,1
1,NewOrder,1772290846.603779,17555,15,1
1,NewOrder,1772290846.603909,17976,1,1
2,Payment,1772290846.605632,6777,7,1
1,NewOrder,1772290846.606056,20899,3,1
1,NewOrder,1772290846.607461,28792,10,1
5,StockLevel,1772290846.607938,25374,8,1
1,NewOrder,1772290846.608193,25281,13,1
2,Payment,1772290846.608230,11239,4,1
1,NewOrder,1772290846.608261,34503,0,1
2,Payment,1772290846.610700,8843,17,1
1,NewOrder,1772290846.612458,4810,7,1
2,Payment,1772290846.613671,10607,18,1
2,Payment,1772290846.615949,11338,19,1
1,NewOrder,1772290846.617278,14112,7,1
1,NewOrder,1772290846.618835,22633,12,1
2,Payment,1772290846.619479,9535,4,1
1,NewOrder,1772290846.619548,17405,17,1
1,NewOrder,1772290846.620315,23283,2,1
1,NewOrder,1772290846.620704,79548,14,1
2,Payment,1772290846.621316,8062,20,1
2,Payment,1772290846.621342,10831,15,1
1,NewOrder,1772290846.621891,58510,1,1
4,Delivery,1772290846.623627,29660,23,1
1,NewOrder,1772290846.624287,77625,18,1
2,Payment,1772290846.624913,23699,6,1
1,NewOrder,1772290846.626963,73320,3,1
2,Payment,1772290846.627294,6517,19,1
1,NewOrder,1772290846.629023,73858,4,1
5,StockLevel,1772290846.629384,10609,20,1
1,NewOrder,1772290846.631402,12552,7,1
1,NewOrder,1772290846.632180,21797,15,1
2,Payment,1772290846.633322,16922,8,1
1,NewOrder,1772290846.633485,51226,13,1
2,Payment,1772290846.633821,2094,19,1
1,NewOrder,1772290846.635009,53011,9,1
2,Payment,1772290846.635923,2354,19,1
2,Payment,1772290846.636260,18799,10,1
2,Payment,1772290846.636288,2420,5,1
2,Payment,1772290846.636958,7675,17,1
1,NewOrder,1772290846.638287,44967,19,1
1,NewOrder,1772290846.638721,48890,5,1
1,NewOrder,1772290846.639433,21998,21,1
1,NewOrder,1772290846.640001,61084,20,1
1,NewOrder,1772290846.641476,20097,12,1
2,Payment,1772290846.642052,11323,11,1
1,NewOrder,1772290846.642773,44894,0,1
2,Payment,1772290846.643605,5850,2,1
3,OrderStatus,1772290846.643964,5010,7,1
2,Payment,1772290846.644638,5138,17,1
1,NewOrder,1772290846.648622,51689,6,1
1,NewOrder,1772290846.648984,11951,7,1
1,NewOrder,1772290846.649464,38241,2,1
2,Payment,1772290846.649785,3615,17,1
3,OrderStatus,1772290846.650252,1399,8,1
1,NewOrder,1772290846.651658,18064,8,1
2,Payment,1772290846.652955,7343,22,1
1,NewOrder,1772290846.653295,4320,23,1
2,Payment,1772290846.653380,12893,11,1
2,Payment,1772290846.653409,2059,17,1
1,NewOrder,1772290846.653983,14791,15,1
2,Payment,1772290846.655066,2207,10,1
1,NewOrder,1772290846.655476,14321,17,1
1,NewOrder,1772290846.657284,23022,10,1
1,NewOrder,1772290846.657624,4834,23,1
2,Payment,1772290846.660309,1674,22,1
2,Payment,1772290846.660944,7142,7,1
2,Payment,1772290846.661437,6236,21,1
1,NewOrder,1772290846.661581,35056,12,1
1,NewOrder,1772290846.661992,7703,22,1
5,StockLevel,1772290846.662465,15040,23,1
2,Payment,1772290846.666282,3867,11,1
2,Payment,1772290846.667683,12260,21,1
2,Payment,1772290846.668094,6190,7,1
3,OrderStatus,1772290846.668781,6011,15,1
1,NewOrder,1772290846.669701,38757,22,1
2,Payment,1772290846.669733,7162,8,1
1,NewOrder,1772290846.669805,6382,17,1
3,OrderStatus,1772290846.670159,1274,11,1
2,Payment,1772290846.671441,7280,11,1
1,NewOrder,1772290846.674295,29305,7,1
1,NewOrder,1772290846.674802,53373,15,1
2,Payment,1772290846.676194,21438,17,1
2,Payment,1772290846.676903,8876,8,1
2,Payment,1772290846.677517,5208,23,1
2,Payment,1772290846.678727,18342,11,1
2,Payment,1772290846.679951,20908,21,1
1,NewOrder,1772290846.680317,12586,10,1
2,Payment,1772290846.680411,5434,1,1
2,Payment,1772290846.682735,3877,23,1
1,NewOrder,1772290846.683261,30313,19,1
2,Payment,1772290846.684717,16330,13,1
2,Payment,1772290846.685788,8427,8,1
1,NewOrder,1772290846.685855,8992,1,1
2,Payment,1772290846.686617,1341,23,1
5,StockLevel,1772290846.687622,41176,5,1
2,Payment,1772290846.687675,18940,0,1
2,Payment,1772290846.687713,6578,2,1
1,NewOrder,1772290846.687965,11551,23,1
2,Payment,1772290846.688027,20374,9,1
2,Payment,1772290846.692915,17267,10,1
1,NewOrder,1772290846.694223,39940,8,1
1,NewOrder,1772290846.694299,4295,2,1
1,NewOrder,1772290846.694858,9270,1,1
2,Payment,1772290846.696644,12166,12,1
1,NewOrder,1772290846.697074,7411,11,1
2,Payment,1772290846.697639,7426,17,1
2,Payment,1772290846.698600,10240,2,1
1,NewOrder,1772290846.699526,22834,23,1
1,NewOrder,1772290846.700259,23559,14,1
2,Payment,1772290846.700292,20303,3,1
2,Payment,1772290846.700317,15936,6,1
1,NewOrder,1772290846.700870,20057,21,1
1,NewOrder,1772290846.701055,34016,13,1
2,Payment,1772290846.701090,10140,20,1
2,Payment,1772290846.701918,15943,18,1
1,NewOrder,1772290846.702895,34370,4,1
1,NewOrder,1772290846.703605,19052,7,1
1,NewOrder,1772290846.704136,17823,1,1
1,NewOrder,1772290846.704500,37547,11,1
2,Payment,1772290846.705074,7904,17,1
1,NewOrder,1772290846.706624,26290,0,1
2,Payment,1772290846.708408,17057,9,1
2,Payment,1772290846.708469,11468,22,1
1,NewOrder,1772290846.708819,30248,12,1
1,NewOrder,1772290846.708854,3096,2,1
1,NewOrder,1772290846.710192,17944,10,1
1,NewOrder,1772290846.711238,27249,20,1
1,NewOrder,1772290846.711955,13104,2,1
1,NewOrder,1772290846.712989,14500,17,1
1,NewOrder,1772290846.713582,18976,19,1
3,OrderStatus,1772290846.716263,7728,6,1
2,Payment,1772290846.717871,9880,18,1
2,Payment,1772290846.719946,15187,22,1
2,Payment,1772290846.720603,12840,3,1
2,Payment,1772290846.720933,16666,21,1
2,Payment,1772290846.721968,15831,1,1
2,Payment,1772290846.722369,17213,23,1
2,Payment,1772290846.722661,16746,7,1
1,NewOrder,1772290846.723827,18877,14,1
1,NewOrder,1772290846.723997,23391,6,1
1,NewOrder,1772290846.725064,32123,2,1
1,NewOrder,1772290846.725473,14728,9,1
1,NewOrder,1772290846.727499,27249,17,1
1,NewOrder,1772290846.727762,14974,18,1
1,NewOrder,1772290846.728141,25856,10,1
2,Payment,1772290846.728185,1336,15,1
2,Payment,1772290846.728806,11172,5,1
1,NewOrder,1772290846.729528,23788,15,1
2,Payment,1772290846.732567,8998,19,1
1,NewOrder,1772290846.732926,37660,0,1
1,NewOrder,1772290846.733451,39878,3,1
2,Payment,1772290846.734168,19979,8,1
1,NewOrder,1772290846.734755,51871,16,1
2,Payment,1772290846.735076,7064,13,1
1,NewOrder,1772290846.735145,17347,22,1
1,NewOrder,1772290846.737273,35440,4,1
2,Payment,1772290846.737608,16974,21,1
2,Payment,1772290846.737806,7420,1,1
2,Payment,1772290846.738493,7180,20,1
1,NewOrder,1772290846.739075,19746,12,1
2,Payment,1772290846.739416,9150,7,1
4,Delivery,1772290846.739587,35472,23,1
2,Payment,1772290846.739986,7791,5,1
4,Delivery,1772290846.740211,41844,9,1
2,Payment,1772290846.741572,10219,19,1
2,Payment,1772290846.742055,15919,11,1
1,NewOrder,1772290846.742151,36653,13,1
1,NewOrder,1772290846.742711,37520,14,1
2,Payment,1772290846.742745,24514,18,1
2,Payment,1772290846.745234,7229,1,1
1,NewOrder,1772290846.745683,55193,20,1
5,StockLevel,1772290846.747397,38951,6,1
2,Payment,1772290846.747789,16344,5,1
1,NewOrder,1772290846.748581,20215,7,1
2,Payment,1772290846.751798,21425,19,1
2,Payment,1772290846.752480,1959,1,1
4,Delivery,1772290846.752503,22924,22,1
1,NewOrder,1772290846.753327,52008,15,1
2,Payment,1772290846.754005,6051,10,1
3,OrderStatus,1772290846.754156,10975,8,1
1,NewOrder,1772290846.754448,10102,1,1
2,Payment,1772290846.754589,4787,21,1
5,StockLevel,1772290846.754753,8369,17,1
1,NewOrder,1772290846.757194,22210,2,1
2,Payment,1772290846.757983,3951,11,1
1,NewOrder,1772290846.758831,14422,12,1
1,NewOrder,1772290846.759386,47483,21,1
2,Payment,1772290846.760065,6788,10,1
1,NewOrder,1772290846.761944,16885,11,1
1,NewOrder,1772290846.763132,55588,17,1
2,Payment,1772290846.764144,11353,5,1
2,Payment,1772290846.764556,16507,1,1
1,NewOrder,1772290846.765142,35637,8,1
2,Payment,1772290846.766860,4672,10,1
2,Payment,1772290846.767268,13413,18,1
4,Delivery,1772290846.768804,13696,7,1
2,Payment,1772290846.770596,16828,0,1
2,Payment,1772290846.771538,3143,10,1
1,NewOrder,1772290846.772720,61465,4,1
2,Payment,1772290846.773232,16979,19,1
1,NewOrder,1772290846.773264,24300,12,1
5,StockLevel,1772290846.773335,38607,3,1
1,NewOrder,1772290846.774688,23216,10,1
1,NewOrder,1772290846.775068,24568,23,1
1,NewOrder,1772290846.775435,8050,22,1
2,Payment,1772290846.775508,3900,5,1
1,NewOrder,1772290846.778812,56779,13,1
2,Payment,1772290846.778842,1493,11,1
3,OrderStatus,1772290846.779410,4499,2,1
2,Payment,1772290846.779417,18461,5,1
4,Delivery,1772290846.780240,87651,14,1
4,Delivery,1772290846.780339,2237,11,1
2,Payment,1772290846.780691,11154,18,1
1,NewOrder,1772290846.781075,75128,1,1
2,Payment,1772290846.782064,6463,9,1
2,Payment,1772290846.782508,7997,7,1
2,Payment,1772290846.782584,9887,11,1
2,Payment,1772290846.783493,10132,22,1
1,NewOrder,1772290846.783917,18665,2,1
2,Payment,1772290846.786355,18949,6,1
1,NewOrder,1772290846.786633,22021,16,1
1,NewOrder,1772290846.787434,56701,0,1
1,NewOrder,1772290846.788533,16006,9,1
2,Payment,1772290846.790220,13421,19,1
1,NewOrder,1772290846.790513,6165,7,1
1,NewOrder,1772290846.791853,36365,18,1
1,NewOrder,1772290846.792480,18725,11,1
1,NewOrder,1772290846.793633,13258,22,1
2,Payment,1772290846.796687,10745,7,1
1,NewOrder,1772290846.797573,17577,12,1
2,Payment,1772290846.797886,3288,5,1
1,NewOrder,1772290846.797910,10784,10,1
2,Payment,1772290846.799640,6174,23,1
2,Payment,1772290846.800795,8240,8,1
1,NewOrder,1772290846.800885,42292,20,1
2,Payment,1772290846.801178,22277,5,1
1,NewOrder,1772290846.802603,12515,2,1
1,NewOrder,1772290846.803647,41813,19,1
1,NewOrder,1772290846.804549,13937,9,1
2,Payment,1772290846.805314,23445,6,1
1,NewOrder,1772290846.805343,54911,15,1
2,Payment,1772290846.805824,4064,23,1
1,NewOrder,1772290846.806878,45860,21,1
2,Payment,1772290846.806899,4921,22,1
2,Payment,1772290846.807437,4986,7,1
1,NewOrder,1772290846.808663,50629,16,1
1,NewOrder,1772290846.808702,20640,10,1
5,StockLevel,1772290846.809041,48332,8,1
2,Payment,1772290846.809893,7130,23,1
2,Payment,1772290846.811210,3400,11,1
2,Payment,1772290846.811833,7019,22,1
1,NewOrder,1772290846.811952,32595,3,1
3,OrderStatus,1772290846.812433,1808,7,1
2,Payment,1772290846.814249,2261,7,1
1,NewOrder,1772290846.814623,32047,11,1
1,NewOrder,1772290846.815126,9416,2,1
3,OrderStatus,1772290846.815160,2054,12,1
1,NewOrder,1772290846.816518,31218,7,1
2,Payment,1772290846.817030,4135,23,1
1,NewOrder,1772290846.817223,14282,12,1
4,Delivery,1772290846.818498,20256,9,1
1,NewOrder,1772290846.818727,42955,17,1
2,Payment,1772290846.818862,4186,22,1
2,Payment,1772290846.821176,7685,23,1
1,NewOrder,1772290846.823054,9228,22,1
3,OrderStatus,1772290846.823462,1316,5,1
2,Payment,1772290846.824551,5803,2,1
1,NewOrder,1772290846.824786,3948,5,1
1,NewOrder,1772290846.828227,33074,18,1
5,StockLevel,1772290846.828743,27121,5,1
2,Payment,1772290846.828767,13202,6,1
1,NewOrder,1772290846.828870,9400,23,1
2,Payment,1772290846.829349,15171,10,1
1,NewOrder,1772290846.830360,7176,2,1
1,NewOrder,1772290846.831516,7217,12,1
2,Payment,1772290846.832292,6469,22,1
4,Delivery,1772290846.834190,82480,4,1
2,Payment,1772290846.835599,13282,13,1
2,Payment,1772290846.837546,2146,2,1
1,NewOrder,1772290846.838279,6634,23,1
2,Payment,1772290846.838749,13650,12,1
2,Payment,1772290846.838763,7513,9,1
1,NewOrder,1772290846.838771,40799,22,1
5,StockLevel,1772290846.839702,3731,2,1
4,Delivery,1772290846.841976,14723,6,1
2,Payment,1772290846.843182,9890,20,1
2,Payment,1772290846.843441,30801,2,1
1,NewOrder,1772290846.844142,60943,0,1
1,NewOrder,1772290846.844528,6567,10,1
2,Payment,1772290846.844554,32197,3,1
4,Delivery,1772290846.844926,60633,23,1
1,NewOrder,1772290846.845466,60044,19,1
2,Payment,1772290846.846284,10861,9,1
2,Payment,1772290846.846678,13036,11,1
1,NewOrder,1772290846.847748,10534,7,1
1,NewOrder,1772290846.848889,57015,13,1
1,NewOrder,1772290846.851103,25107,10,1
2,Payment,1772290846.852412,8059,12,1
2,Payment,1772290846.852749,1892,21,1
1,NewOrder,1772290846.853082,22718,20,1
2,Payment,1772290846.854648,1978,21,1
1,NewOrder,1772290846.855873,70254,5,1
2,Payment,1772290846.856211,41846,1,1
1,NewOrder,1772290846.856633,21177,21,1
2,Payment,1772290846.856705,5035,6,1
1,NewOrder,1772290846.857153,19515,9,1
1,NewOrder,1772290846.857378,53902,8,1
2,Payment,1772290846.858287,14034,7,1
1,NewOrder,1772290846.859303,66295,16,1
2,Payment,1772290846.859726,5134,11,1
2,Payment,1772290846.860261,1996,15,1
2,Payment,1772290846.860482,12254,12,1
1,NewOrder,1772290846.861308,68477,18,1
1,NewOrder,1772290846.861689,45547,17,1
4,Delivery,1772290846.861748,4105,6,1
1,NewOrder,1772290846.862266,53153,15,1
4,Delivery,1772290846.864867,1280,11,1
1,NewOrder,1772290846.865861,18395,6,1
1,NewOrder,1772290846.866154,24331,11,1
2,Payment,1772290846.867899,37669,14,1
2,Payment,1772290846.872332,5861,7,1
1,NewOrder,1772290846.872745,12612,12,1
2,Payment,1772290846.874251,3981,2,1
2,Payment,1772290846.875811,7455,20,1
2,Payment,1772290846.876221,3890,10,1
2,Payment,1772290846.876676,4848,9,1
1,NewOrder,1772290846.876761,31767,3,1
1,NewOrder,1772290846.877817,7521,21,1
1,NewOrder,1772290846.878198,7187,7,1
2,Payment,1772290846.878242,1951,2,1
2,Payment,1772290846.879576,5358,22,1
1,NewOrder,1772290846.880123,19397,10,1
2,Payment,1772290846.880198,5132,2,1
1,NewOrder,1772290846.881535,16500,9,1
2,Payment,1772290846.883276,13635,20,1
1,NewOrder,1772290846.884267,4003,6,1
1,NewOrder,1772290846.884941,6038,22,1
1,NewOrder,1772290846.885340,38830,2,1
1,NewOrder,1772290846.885344,7201,21,1
1,NewOrder,1772290846.885363,4703,12,1
1,NewOrder,1772290846.885394,5062,7,1
5,StockLevel,1772290846.888278,2486,6,1
2,Payment,1772290846.890073,17931,12,1
1,NewOrder,1772290846.890464,4205,7,1
2,Payment,1772290846.890498,7569,11,1
1,NewOrder,1772290846.890770,19521,6,1
2,Payment,1772290846.890985,19889,22,1
1,NewOrder,1772290846.892557,19997,21,1
2,Payment,1772290846.894677,13782,7,1
2,Payment,1772290846.896922,3961,20,1
5,StockLevel,1772290846.898044,2583,9,1
1,NewOrder,1772290846.898065,39564,1,1
1,NewOrder,1772290846.898075,10415,11,1
2,Payment,1772290846.899527,2055,10,1
2,Payment,1772290846.900636,4921,9,1
1,NewOrder,1772290846.900894,26165,20,1
1,NewOrder,1772290846.901588,43756,10,1
1,NewOrder,1772290846.905091,48331,0,1
1,NewOrder,1772290846.905520,25732,19,1
1,NewOrder,1772290846.905562,38428,9,1
2,Payment,1772290846.905572,7727,23,1
1,NewOrder,1772290846.905578,32021,14,1
1,NewOrder,1772290846.905910,24639,13,1
1,NewOrder,1772290846.907244,24051,17,1
1,NewOrder,1772290846.908011,4800,12,1
2,Payment,1772290846.908470,1532,7,1
1,NewOrder,1772290846.908499,36755,11,1
1,NewOrder,1772290846.908538,32733,3,1
2,Payment,1772290846.910009,7294,7,1
4,Delivery,1772290846.910297,13271,6,1
1,NewOrder,1772290846.910883,37941,22,1
2,Payment,1772290846.911291,8444,8,1
2,Payment,1772290846.912565,6661,21,1
1,NewOrder,1772290846.912819,37477,12,1
1,NewOrder,1772290846.913308,13082,23,1
4,Delivery,1772290846.915430,70660,15,1
2,Payment,1772290846.916682,11663,4,1
5,StockLevel,1772290846.917314,36227,7,1
2,Payment,1772290846.919232,12101,21,1
1,NewOrder,1772290846.919744,21611,8,1
3,OrderStatus,1772290846.923577,11156,6,1
1,NewOrder,1772290846.924181,3508,2,1
1,NewOrder,1772290846.925609,38729,16,1
2,Payment,1772290846.926138,4868,5,1
1,NewOrder,1772290846.926400,23961,23,1
5,StockLevel,1772290846.927068,20320,20,1
2,Payment,1772290846.927697,13138,2,1
3,OrderStatus,1772290846.928352,1025,4,1
1,NewOrder,1772290846.929384,7706,4,1
2,Payment,1772290846.929796,13865,18,1
1,NewOrder,1772290846.930559,42870,13,1
2,Payment,1772290846.931016,18716,5,1
1,NewOrder,1772290846.931257,40607,19,1
2,Payment,1772290846.931298,10782,17,1
1,NewOrder,1772290846.931345,3360,21,1
3,OrderStatus,1772290846.934712,1089,21,1
1,NewOrder,1772290846.934743,14262,6,1
2,Payment,1772290846.935810,10839,21,1
1,NewOrder,1772290846.937097,6518,4,1
1,NewOrder,1772290846.937608,26315,14,1
2,Payment,1772290846.937636,16025,1,1
2,Payment,1772290846.940843,19675,2,1
1,NewOrder,1772290846.941279,3196,3,1
2,Payment,1772290846.941366,2596,8,1
1,NewOrder,1772290846.942087,33889,17,1
2,Payment,1772290846.943623,8158,4,1
2,Payment,1772290846.943687,9583,18,1
1,NewOrder,1772290846.943967,59924,8,1
1,NewOrder,1772290846.943996,10845,9,1
1,NewOrder,1772290846.944482,31891,3,1
2,Payment,1772290846.945260,2927,11,1
1,NewOrder,1772290846.945356,28807,10,1
2,Payment,1772290846.946659,17652,21,1
2,Payment,1772290846.947397,20970,20,1
1,NewOrder,1772290846.948194,10793,11,1
2,Payment,1772290846.948835,26134,22,1
3,OrderStatus,1772290846.949013,3659,6,1
2,Payment,1772290846.949742,19042,5,1
2,Payment,1772290846.950304,12847,12,1
2,Payment,1772290846.950369,28265,23,1
2,Payment,1772290846.951792,3559,4,1
1,NewOrder,1772290846.952682,10938,6,1
3,OrderStatus,1772290846.953278,11523,18,1
2,Payment,1772290846.953429,17115,0,1
3,OrderStatus,1772290846.953549,3214,7,1
2,Payment,1772290846.953670,3606,1,1
3,OrderStatus,1772290846.954848,3041,9,1
2,Payment,1772290846.955358,9647,4,1
2,Payment,1772290846.956772,4278,7,1
1,NewOrder,1772290846.957284,23378,1,1
1,NewOrder,1772290846.957897,50605,9,1
2,Payment,1772290846.958994,38855,11,1
2,Payment,1772290846.960528,11682,2,1
2,Payment,1772290846.961060,38817,7,1
1,NewOrder,1772290846.963160,21359,12,1
1,NewOrder,1772290846.963630,48994,6,1
5,StockLevel,1772290846.963929,56642,14,1
2,Payment,1772290846.964319,5797,21,1
3,OrderStatus,1772290846.964348,1022,16,1
1,NewOrder,1772290846.964811,19683,18,1
2,Payment,1772290846.965012,16660,4,1
1,NewOrder,1772290846.965376,43944,16,1
2,Payment,1772290846.968377,14324,20,1
2,Payment,1772290846.968792,5031,5,1
1,NewOrder,1772290846.970124,21899,21,1
1,NewOrder,1772290846.970554,34341,0,1
2,Payment,1772290846.971872,4810,19,1
1,NewOrder,1772290846.972216,18534,2,1
4,Delivery,1772290846.973438,12953,13,1
2,Payment,1772290846.973834,9795,5,1
1,NewOrder,1772290846.974174,23272,10,1
3,OrderStatus,1772290846.974980,6146,22,1
2,Payment,1772290846.975983,5347,17,1
1,NewOrder,1772290846.976384,8907,3,1
1,NewOrder,1772290846.976691,21790,19,1
2,Payment,1772290846.978643,8944,23,1
2,Payment,1772290846.980671,5110,1,1
2,Payment,1772290846.981135,9445,22,1
2,Payment,1772290846.981335,2648,17,1
1,NewOrder,1772290846.981680,27250,4,1
4,Delivery,1772290846.982711,51434,20,1
2,Payment,1772290846.983638,6444,5,1
2,Payment,1772290846.983989,1757,17,1
1,NewOrder,1772290846.984501,29022,18,1
4,Delivery,1772290846.984529,1884,12,1
2,Payment,1772290846.985297,22648,3,1
2,Payment,1772290846.985753,1521,17,1
1,NewOrder,1772290846.985787,13134,1,1
1,NewOrder,1772290846.986095,37520,15,1
1,NewOrder,1772290846.986398,3195,13,1
2,Payment,1772290846.986422,2130,12,1
2,Payment,1772290846.987280,19137,17,1
2,Payment,1772290846.987597,5034,23,1
2,Payment,1772290846.988563,22797,12,1
2,Payment,1772290846.989602,23690,13,1
1,NewOrder,1772290846.990091,17779,5,1
2,Payment,1772290846.990586,3357,22,1
3,OrderStatus,1772290846.990754,4621,2,1
5,StockLevel,1772290846.992033,13271,21,1
1,NewOrder,1772290846.992636,12826,23,1
2,Payment,1772290846.993951,1207,22,1
2,Payment,1772290846.995166,1312,22,1
1,NewOrder,1772290846.995385,65701,2,1
5,StockLevel,1772290846.996485,24982,22,1
2,Payment,1772290846.997464,8043,10,1
1,NewOrder,1772290846.997855,20503,11,1
2,Payment,1772290846.998488,6997,19,1
1,NewOrder,1772290846.998927,47627,1,1
4,Delivery,1772290846.999886,28062,7,1
1,NewOrder,1772290847.003900,13964,8,1
4,Delivery,1772290847.004905,11646,0,1
1,NewOrder,1772290847.005317,18883,21,1
1,NewOrder,1772290847.005475,51052,23,1
1,NewOrder,1772290847.005493,40620,19,1
4,Delivery,1772290847.005515,23956,10,1
2,Payment,1772290847.006423,34464,17,1
1,NewOrder,1772290847.007876,54999,5,1
2,Payment,1772290847.007955,16618,3,1
1,NewOrder,1772290847.008512,22140,9,1
2,Payment,1772290847.008936,19038,4,1
2,Payment,1772290847.009325,5325,16,1
1,NewOrder,1772290847.011371,31465,12,1
1,NewOrder,1772290847.012631,17617,6,1
2,Payment,1772290847.013303,2907,13,1
2,Payment,1772290847.013531,11010,18,1
1,NewOrder,1772290847.014658,39908,16,1
1,NewOrder,1772290847.016218,30120,13,1
4,Delivery,1772290847.016573,2179,0,1
2,Payment,1772290847.017872,5403,8,1
1,NewOrder,1772290847.018364,16954,11,1
1,NewOrder,1772290847.018760,8638,0,1
2,Payment,1772290847.020580,22697,14,1
2,Payment,1772290847.021474,25105,22,1
2,Payment,1772290847.023285,4629,8,1
3,OrderStatus,1772290847.023629,19276,15,1
1,NewOrder,1772290847.024207,12058,21,1
2,Payment,1772290847.024549,24572,18,1
2,Payment,1772290847.024579,24929,3,1
4,Delivery,1772290847.027408,16951,0,1
3,OrderStatus,1772290847.027921,1196,8,1
1,NewOrder,1772290847.027956,4736,7,1
1,NewOrder,1772290847.027983,12073,4,1
2,Payment,1772290847.029123,3228,8,1
1,NewOrder,1772290847.029481,25472,10,1
5,StockLevel,1772290847.030256,4975,6,1
1,NewOrder,1772290847.030662,10166,9,1
1,NewOrder,1772290847.032358,17173,8,1
1,NewOrder,1772290847.032699,25756,7,1
2,Payment,1772290847.034155,23921,20,1
1,NewOrder,1772290847.035249,8035,6,1
1,NewOrder,1772290847.035322,5530,11,1
2,Payment,1772290847.036276,31638,21,1
2,Payment,1772290847.040066,11188,4,1
1,NewOrder,1772290847.040837,38918,9,1
1,NewOrder,1772290847.040861,41935,11,1
1,NewOrder,1772290847.040897,54896,17,1
1,NewOrder,1772290847.042847,38872,12,1
1,NewOrder,1772290847.042912,26810,15,1
2,Payment,1772290847.043289,3446,14,1
2,Payment,1772290847.043293,5169,6,1
2,Payment,1772290847.044367,14753,0,1
1,NewOrder,1772290847.046123,28300,19,1
3,OrderStatus,1772290847.046344,1483,13,1
4,Delivery,1772290847.046564,71812,1,1
1,NewOrder,1772290847.046586,46775,22,1
1,NewOrder,1772290847.046740,33789,14,1
3,OrderStatus,1772290847.047836,23883,13,1
2,Payment,1772290847.048471,34279,6,1
1,NewOrder,1772290847.049129,10468,18,1
1,NewOrder,1772290847.049514,15094,3,1
2,Payment,1772290847.049536,1392,8,1
1,NewOrder,1772290847.050934,7541,8,1
2,Payment,1772290847.051265,1544,4,1
1,NewOrder,1772290847.052816,29513,4,1
1,NewOrder,1772290847.054572,32514,16,1
4,Delivery,1772290847.054958,112229,10,1
2,Payment,1772290847.056538,10066,23,1
2,Payment,1772290847.058086,5240,20,1
2,Payment,1772290847.058464,1503,7,1
2,Payment,1772290847.058482,3830,8,1
2,Payment,1772290847.059126,4621,0,1
2,Payment,1772290847.059602,5352,18,1
1,NewOrder,1772290847.059977,22375,7,1
2,Payment,1772290847.061096,3824,2,1
1,NewOrder,1772290847.062317,15496,8,1
1,NewOrder,1772290847.062885,54607,5,1
1,NewOrder,1772290847.063332,5342,20,1
1,NewOrder,1772290847.063752,18549,0,1
2,Payment,1772290847.064616,7945,3,1
4,Delivery,1772290847.064929,53868,2,1
2,Payment,1772290847.064961,6859,18,1
2,Payment,1772290847.066614,3458,23,1
1,NewOrder,1772290847.067922,7012,21,1
3,OrderStatus,1772290847.068685,1254,20,1
2,Payment,1772290847.069733,17264,15,1
1,NewOrder,1772290847.069947,45230,20,1
2,Payment,1772290847.070082,6694,23,1
1,NewOrder,1772290847.071727,15772,13,1
2,Payment,1772290847.071828,15577,18,1
2,Payment,1772290847.072570,2386,3,1
2,Payment,1772290847.074434,14429,19,1
1,NewOrder,1772290847.074944,8867,21,1
1,NewOrder,1772290847.074963,51569,3,1
4,Delivery,1772290847.076787,70287,23,1
1,NewOrder,1772290847.077820,9135,8,1
1,NewOrder,1772290847.079763,16274,9,1
2,Payment,1772290847.080537,7968,14,1
3,OrderStatus,1772290847.081729,21676,12,1
2,Payment,1772290847.082307,1480,0,1
1,NewOrder,1772290847.082335,19163,4,1
1,NewOrder,1772290847.082357,40102,7,1
2,Payment,1772290847.082757,2410,6,1
1,NewOrder,1772290847.082804,10738,11,1
2,Payment,1772290847.083798,2824,0,1
1,NewOrder,1772290847.083818,41797,21,1
2,Payment,1772290847.085174,2599,6,1
1,NewOrder,1772290847.086629,19536,0,1
3,OrderStatus,1772290847.086963,3738,8,1
2,Payment,1772290847.087006,18845,15,1
1,NewOrder,1772290847.087092,40546,16,1
2,Payment,1772290847.087419,5636,18,1
2,Payment,1772290847.087504,2896,13,1
1,NewOrder,1772290847.087777,9381,6,1
4,Delivery,1772290847.088514,40240,14,1
2,Payment,1772290847.088872,11582,19,1
1,NewOrder,1772290847.090409,22693,13,1
2,Payment,1772290847.090705,2821,8,1
1,NewOrder,1772290847.093062,33442,18,1
1,NewOrder,1772290847.093373,32222,22,1
1,NewOrder,1772290847.093537,8032,8,1
2,Payment,1772290847.093549,2571,11,1
1,NewOrder,1772290847.095802,33803,17,1
1,NewOrder,1772290847.096042,18463,9,1
1,NewOrder,1772290847.096123,5348,11,1
1,NewOrder,1772290847.097166,8735,6,1
4,Delivery,1772290847.100463,46846,19,1
1,NewOrder,1772290847.101480,21773,11,1
1,NewOrder,1772290847.101507,4964,4,1
2,Payment,1772290847.101580,4558,8,1
2,Payment,1772290847.103415,12610,12,1
1,NewOrder,1772290847.105862,24262,15,1
2,Payment,1772290847.105908,4253,6,1
1,NewOrder,1772290847.106146,12313,8,1
1,NewOrder,1772290847.106176,15717,0,1
2,Payment,1772290847.106475,1540,4,1
1,NewOrder,1772290847.108021,12266,4,1
2,Payment,1772290847.110171,3848,6,1
2,Payment,1772290847.113112,10595,13,1
1,NewOrder,1772290847.114029,45999,6,1
1,NewOrder,1772290847.114515,11019,9,1
2,Payment,1772290847.115184,10068,20,1
2,Payment,1772290847.116032,9606,12,1
1,NewOrder,1772290847.117501,23609,5,1
2,Payment,1772290847.118382,7774,1,1
5,StockLevel,1772290847.118469,41692,8,1
2,Payment,1772290847.118805,9239,2,1
2,Payment,1772290847.120298,36814,4,1
2,Payment,1772290847.121901,36812,0,1
1,NewOrder,1772290847.122469,29627,7,1
2,Payment,1772290847.123264,38208,11,1
2,Payment,1772290847.123716,5990,13,1
1,NewOrder,1772290847.125257,15497,20,1
1,NewOrder,1772290847.125544,57676,9,1
2,Payment,1772290847.125609,3161,22,1
1,NewOrder,1772290847.125626,41421,21,1
4,Delivery,1772290847.125647,24352,12,1
1,NewOrder,1772290847.126162,18456,1,1
2,Payment,1772290847.126512,4179,18,1
2,Payment,1772290847.126541,3819,3,1
4,Delivery,1772290847.127643,2052,16,1
2,Payment,1772290847.128052,5044,2,1
2,Payment,1772290847.128764,2756,14,1
2,Payment,1772290847.128778,10182,22,1
2,Payment,1772290847.129613,3867,17,1
2,Payment,1772290847.129703,8858,16,1
1,NewOrder,1772290847.129712,41415,13,1
3,OrderStatus,1772290847.130133,3840,15,1
1,NewOrder,1772290847.130366,54548,3,1
3,OrderStatus,1772290847.130697,7219,18,1
1,NewOrder,1772290847.131527,48901,14,1
2,Payment,1772290847.133108,4512,2,1
1,NewOrder,1772290847.133489,52587,17,1
1,NewOrder,1772290847.133982,18141,15,1
2,Payment,1772290847.137629,4000,2,1
2,Payment,1772290847.137924,9735,18,1
1,NewOrder,1772290847.138566,40652,16,1
2,Payment,1772290847.138970,10630,22,1
1,NewOrder,1772290847.140762,17161,20,1
2,Payment,1772290847.141116,4241,5,1
1,NewOrder,1772290847.141637,6890,2,1
1,NewOrder,1772290847.144628,18310,1,1
1,NewOrder,1772290847.145367,22033,5,1
2,Payment,1772290847.147085,7410,23,1
1,NewOrder,1772290847.147318,4342,19,1
2,Payment,1772290847.147669,5473,18,1
2,Payment,1772290847.148537,3623,2,1
2,Payment,1772290847.149609,6616,22,1
2,Payment,1772290847.150009,13274,12,1
1,NewOrder,1772290847.151667,4934,19,1
1,NewOrder,1772290847.152104,27592,7,1
1,NewOrder,1772290847.152134,2821,15,1
2,Payment,1772290847.152170,1444,2,1
3,OrderStatus,1772290847.153150,2259,18,1
2,Payment,1772290847.153623,1819,2,1
1,NewOrder,1772290847.154503,27050,23,1
2,Payment,1772290847.154962,9592,15,1
2,Payment,1772290847.155417,14082,18,1
1,NewOrder,1772290847.155448,23341,2,1
2,Payment,1772290847.156234,2070,22,1
2,Payment,1772290847.156614,15504,19,1
2,Payment,1772290847.157122,11539,4,1
5,StockLevel,1772290847.157932,30990,20,1
2,Payment,1772290847.158312,17421,22,1
1,NewOrder,1772290847.158718,30918,0,1
1,NewOrder,1772290847.160038,22472,6,1
2,Payment,1772290847.160168,7582,8,1
1,NewOrder,1772290847.161482,31909,11,1
1,NewOrder,1772290847.162945,24708,1,1
2,Payment,1772290847.163294,4131,12,1
2,Payment,1772290847.164563,4541,15,1
1,NewOrder,1772290847.167055,25969,21,1
2,Payment,1772290847.167214,12587,10,1
1,NewOrder,1772290847.167412,20628,5,1
2,Payment,1772290847.167433,3042,12,1
1,NewOrder,1772290847.167756,6143,8,1
1,NewOrder,1772290847.168672,19855,4,1
2,Payment,1772290847.169111,17833,15,1
2,Payment,1772290847.169506,4752,18,1
1,NewOrder,1772290847.170482,4899,12,1
2,Payment,1772290847.171132,8059,13,1
2,Payment,1772290847.172127,7067,19,1
1,NewOrder,1772290847.173906,54876,8,1
2,Payment,1772290847.174266,2861,18,1
2,Payment,1772290847.175390,25159,12,1
1,NewOrder,1772290847.175741,55330,22,1
1,NewOrder,1772290847.177134,46241,18,1
5,StockLevel,1772290847.178801,15658,2,1
1,NewOrder,1772290847.179199,18444,13,1
1,NewOrder,1772290847.179202,4833,19,1
2,Payment,1772290847.179224,9772,16,1
4,Delivery,1772290847.179709,31803,7,1
1,NewOrder,1772290847.179809,36535,10,1
2,Payment,1772290847.180440,10065,14,1
2,Payment,1772290847.181559,8141,23,1
3,OrderStatus,1772290847.182517,7546,6,1
2,Payment,1772290847.183227,6802,9,1
2,Payment,1772290847.184042,21758,19,1
2,Payment,1772290847.184922,5961,3,1
2,Payment,1772290847.186086,5924,17,1
2,Payment,1772290847.186953,36451,15,1
1,NewOrder,1772290847.187663,43555,1,1
1,NewOrder,1772290847.188052,55726,5,1
1,NewOrder,1772290847.188533,14225,4,1
2,Payment,1772290847.188934,18291,20,1
2,Payment,1772290847.189006,7028,16,1
1,NewOrder,1772290847.189645,32731,0,1
1,NewOrder,1772290847.189704,59388,23,1
2,Payment,1772290847.190035,5107,9,1
1,NewOrder,1772290847.190071,17708,6,1
2,Payment,1772290847.190515,7511,14,1
1,NewOrder,1772290847.190891,5228,3,1
1,NewOrder,1772290847.192017,14863,17,1
1,NewOrder,1772290847.193030,29640,21,1
2,Payment,1772290847.193398,9043,11,1
1,NewOrder,1772290847.194465,28478,2,1
1,NewOrder,1772290847.195149,34255,9,1
1,NewOrder,1772290847.196042,35148,16,1
2,Payment,1772290847.196128,4762,3,1
1,NewOrder,1772290847.197650,17020,13,1
1,NewOrder,1772290847.198038,6883,14,1
2,Payment,1772290847.200560,6391,12,1
5,StockLevel,1772290847.200898,28778,3,1
2,Payment,1772290847.202449,6893,11,1
5,StockLevel,1772290847.202766,15491,4,1
2,Payment,1772290847.204929,21028,14,1
1,NewOrder,1772290847.205813,48094,19,1
1,NewOrder,1772290847.206891,53506,17,1
1,NewOrder,1772290847.206960,63696,12,1
1,NewOrder,1772290847.207236,4449,20,1
2,Payment,1772290847.207786,3297,6,1
3,OrderStatus,1772290847.209352,4918,11,1
2,Payment,1772290847.211090,1912,6,1
2,Payment,1772290847.211518,4820,7,1
4,Delivery,1772290847.211694,83412,20,1
1,NewOrder,1772290847.213009,3750,6,1
1,NewOrder,1772290847.214279,22147,11,1
5,StockLevel,1772290847.214679,4134,13,1
2,Payment,1772290847.216349,12956,7,1
2,Payment,1772290847.216357,2651,10,1
2,Payment,1772290847.216765,21352,6,1
1,NewOrder,1772290847.218264,28954,4,1
2,Payment,1772290847.218818,20738,13,1
3,OrderStatus,1772290847.219016,1104,10,1
1,NewOrder,1772290847.220132,18010,10,1
2,Payment,1772290847.222386,12502,0,1
1,NewOrder,1772290847.222677,29187,21,1
3,OrderStatus,1772290847.222968,9663,2,1
1,NewOrder,1772290847.223382,7775,18,1
1,NewOrder,1772290847.223415,9493,15,1
1,NewOrder,1772290847.225967,6881,14,1
2,Payment,1772290847.228793,6124,8,1
3,OrderStatus,1772290847.229317,5988,7,1
1,NewOrder,1772290847.229420,19562,9,1
2,Payment,1772290847.229685,20734,3,1
2,Payment,1772290847.231081,17993,22,1
3,OrderStatus,1772290847.231164,15019,18,1
1,NewOrder,1772290847.231201,29157,16,1
3,OrderStatus,1772290847.231229,12383,1,1
1,NewOrder,1772290847.232641,23115,2,1
5,StockLevel,1772290847.232858,20583,14,1
1,NewOrder,1772290847.232916,36420,15,1
1,NewOrder,1772290847.234901,6031,0,1
4,Delivery,1772290847.234928,123392,8,1
1,NewOrder,1772290847.235314,15136,7,1
1,NewOrder,1772290847.236433,19301,11,1
2,Payment,1772290847.238126,2776,6,1
1,NewOrder,1772290847.238149,12225,10,1
1,NewOrder,1772290847.239565,23170,13,1
2,Payment,1772290847.240910,5061,6,1
2,Payment,1772290847.240941,14664,0,1
3,OrderStatus,1772290847.243623,13224,1,1
1,NewOrder,1772290847.243790,31824,5,1
2,Payment,1772290847.245982,3002,6,1
1,NewOrder,1772290847.246193,41044,18,1
2,Payment,1772290847.247229,12884,4,1
1,NewOrder,1772290847.248991,11116,9,1
2,Payment,1772290847.248993,17957,6,1
1,NewOrder,1772290847.249080,54363,22,1
2,Payment,1772290847.249103,9138,23,1
1,NewOrder,1772290847.250381,31482,10,1
1,NewOrder,1772290847.250423,52430,3,1
1,NewOrder,1772290847.250457,31332,7,1
2,Payment,1772290847.251869,11097,21,1
1,NewOrder,1772290847.253450,72791,14,1
1,NewOrder,1772290847.253917,63818,19,1
2,Payment,1772290847.255615,12681,0,1
3,OrderStatus,1772290847.255746,1377,11,1
1,NewOrder,1772290847.255767,10060,2,1
2,Payment,1772290847.256853,13594,1,1
1,NewOrder,1772290847.257130,25192,11,1
2,Payment,1772290847.258247,7426,23,1
2,Payment,1772290847.260113,16674,9,1
2,Payment,1772290847.260122,14034,4,1
5,StockLevel,1772290847.260366,32631,16,1
1,NewOrder,1772290847.260411,44109,17,1
2,Payment,1772290847.262745,5848,13,1
1,NewOrder,1772290847.262974,19963,21,1
2,Payment,1772290847.265683,3675,23,1
2,Payment,1772290847.265837,15828,2,1
1,NewOrder,1772290847.266958,7273,6,1
2,Payment,1772290847.268304,9067,0,1
1,NewOrder,1772290847.268603,22050,13,1
1,NewOrder,1772290847.269346,10259,15,1
2,Payment,1772290847.269364,2851,23,1
1,NewOrder,1772290847.270453,50828,1,1
2,Payment,1772290847.270662,12827,12,1
2,Payment,1772290847.272224,3426,23,1
1,NewOrder,1772290847.274168,7197,4,1
1,NewOrder,1772290847.274243,8863,6,1
3,OrderStatus,1772290847.275623,17289,5,1
2,Payment,1772290847.275661,7115,23,1
2,Payment,1772290847.276793,4601,9,1
1,NewOrder,1772290847.277380,55645,0,1
2,Payment,1772290847.279614,15475,15,1
2,Payment,1772290847.281373,3936,4,1
2,Payment,1772290847.281402,2510,9,1
2,Payment,1772290847.281674,6037,2,1
1,NewOrder,1772290847.281798,7161,7,1
2,Payment,1772290847.281868,4865,10,1
2,Payment,1772290847.282330,7298,11,1
2,Payment,1772290847.282780,11177,23,1
2,Payment,1772290847.282942,2331,21,1
2,Payment,1772290847.283114,34735,6,1
2,Payment,1772290847.283496,14585,12,1
1,NewOrder,1772290847.283917,22841,9,1
1,NewOrder,1772290847.285280,18721,21,1
2,Payment,1772290847.285343,5817,4,1
2,Payment,1772290847.286745,5747,10,1
1,NewOrder,1772290847.287248,28160,18,1
2,Payment,1772290847.287717,6312,2,1
2,Payment,1772290847.288970,15217,7,1
1,NewOrder,1772290847.289637,17085,11,1
1,NewOrder,1772290847.290662,27450,13,1
2,Payment,1772290847.291164,7203,4,1
2,Payment,1772290847.292504,16886,10,1
5,StockLevel,1772290847.292922,26579,5,1
1,NewOrder,1772290847.293008,80432,16,1
2,Payment,1772290847.293967,2140,23,1
1,NewOrder,1772290847.294038,16740,2,1
2,Payment,1772290847.295096,8084,15,1
2,Payment,1772290847.295116,5159,20,1
5,StockLevel,1772290847.296115,6679,23,1
2,Payment,1772290847.298089,7514,12,1
2,Payment,1772290847.298375,7355,4,1
5,StockLevel,1772290847.300286,1727,20,1
3,OrderStatus,1772290847.302020,8064,20,1
2,Payment,1772290847.302801,16478,23,1
1,NewOrder,1772290847.302863,33531,3,1
2,Payment,1772290847.303187,14394,15,1
2,Payment,1772290847.303449,11862,22,1
3,OrderStatus,1772290847.304010,7981,21,1
1,NewOrder,1772290847.304196,8203,7,1
2,Payment,1772290847.304529,16779,17,1
3,OrderStatus,1772290847.305610,19962,12,1
5,StockLevel,1772290847.305740,9026,4,1
2,Payment,1772290847.306732,6163,11,1
5,StockLevel,1772290847.306765,2063,9,1
1,NewOrder,1772290847.308838,41748,9,1
2,Payment,1772290847.309401,11852,10,1
2,Payment,1772290847.310093,14332,20,1
1,NewOrder,1772290847.310786,16993,2,1
1,NewOrder,1772290847.311997,25917,21,1
2,Payment,1772290847.312405,18078,7,1
2,Payment,1772290847.312904,10672,11,1
2,Payment,1772290847.314777,4601,4,1
3,OrderStatus,1772290847.315320,8484,22,1
1,NewOrder,1772290847.315417,15270,18,1
5,StockLevel,1772290847.317590,33956,15,1
1,NewOrder,1772290847.317739,41664,19,1
2,Payment,1772290847.317857,10006,6,1
1,NewOrder,1772290847.318122,12650,13,1
2,Payment,1772290847.319288,8828,23,1
3,OrderStatus,1772290847.319385,6944,4,1
2,Payment,1772290847.319511,19421,5,1
1,NewOrder,1772290847.321258,7695,10,1
2,Payment,1772290847.321289,21674,1,1
1,NewOrder,1772290847.321321,53058,17,1
2,Payment,1772290847.323585,10012,11,1
1,NewOrder,1772290847.323816,50589,22,1
1,NewOrder,1772290847.324434,18391,20,1
2,Payment,1772290847.325580,25951,12,1
2,Payment,1772290847.326249,14795,14,1
1,NewOrder,1772290847.326336,14423,4,1
1,NewOrder,1772290847.327789,26266,2,1
2,Payment,1772290847.327870,8723,6,1
2,Payment,1772290847.328123,6811,23,1
1,NewOrder,1772290847.328960,6075,10,1
2,Payment,1772290847.330491,10390,7,1
2,Payment,1772290847.330691,10290,18,1
2,Payment,1772290847.330778,13601,13,1
2,Payment,1772290847.333031,23855,0,1
2,Payment,1772290847.333606,10809,11,1
1,NewOrder,1772290847.334943,19466,23,1
4,Delivery,1772290847.335044,23535,10,1
2,Payment,1772290847.336404,33143,3,1
2,Payment,1772290847.336597,13875,6,1
1,NewOrder,1772290847.337919,10500,21,1
2,Payment,1772290847.338942,35001,5,1
2,Payment,1772290847.340778,20842,4,1
2,Payment,1772290847.340906,15616,7,1
2,Payment,1772290847.341006,5479,18,1
1,NewOrder,1772290847.341063,35452,14,1
5,StockLevel,1772290847.342835,2330,20,1
2,Payment,1772290847.342974,5807,1,1
2,Payment,1772290847.344386,13744,13,1
3,OrderStatus,1772290847.344420,1818,11,1
1,NewOrder,1772290847.345178,34469,20,1
2,Payment,1772290847.346247,14170,11,1
2,Payment,1772290847.346493,7405,18,1
1,NewOrder,1772290847.348427,45583,21,1
5,StockLevel,1772290847.348790,5524,1,1
2,Payment,1772290847.350477,36328,6,1
2,Payment,1772290847.350595,28201,9,1
5,StockLevel,1772290847.351541,2713,12,1
5,StockLevel,1772290847.351552,23177,15,1
1,NewOrder,1772290847.353911,7640,18,1
2,Payment,1772290847.354061,38448,2,1
1,NewOrder,1772290847.354264,9675,12,1
2,Payment,1772290847.354321,31493,1,1
5,StockLevel,1772290847.354414,5014,23,1
2,Payment,1772290847.356531,6218,7,1
4,Delivery,1772290847.356906,18376,0,1
1,NewOrder,1772290847.358138,17211,13,1
1,NewOrder,1772290847.358330,12816,8,1
2,Payment,1772290847.358587,6084,10,1
2,Payment,1772290847.359412,15959,19,1
1,NewOrder,1772290847.359438,6902,23,1
2,Payment,1772290847.360424,7930,11,1
3,OrderStatus,1772290847.361562,1436,18,1
1,NewOrder,1772290847.361627,14885,4,1
2,Payment,1772290847.362756,19365,7,1
1,NewOrder,1772290847.363007,13567,18,1
2,Payment,1772290847.363946,6410,12,1
2,Payment,1772290847.364682,7424,10,1
1,NewOrder,1772290847.366350,29744,23,1
5,StockLevel,1772290847.368360,2270,11,1
2,Payment,1772290847.369558,13682,3,1
2,Payment,1772290847.370365,20133,12,1
2,Payment,1772290847.370635,23912,11,1
1,NewOrder,1772290847.371153,51620,8,1
2,Payment,1772290847.372116,19001,10,1
2,Payment,1772290847.373447,22768,16,1
1,NewOrder,1772290847.373949,18836,5,1
2,Payment,1772290847.374389,30065,17,1
1,NewOrder,1772290847.374414,6387,22,1
1,NewOrder,1772290847.374736,67902,15,1
1,NewOrder,1772290847.375288,11473,0,1
2,Payment,1772290847.375353,24093,13,1
1,NewOrder,1772290847.375378,17526,19,1
1,NewOrder,1772290847.376525,12500,4,1
4,Delivery,1772290847.376529,23071,14,1
1,NewOrder,1772290847.376584,44290,18,1
3,OrderStatus,1772290847.378804,10006,9,1
2,Payment,1772290847.379656,4904,20,1
1,NewOrder,1772290847.380806,77837,22,1
3,OrderStatus,1772290847.382131,2867,7,1
1,NewOrder,1772290847.383245,35840,3,1
1,NewOrder,1772290847.384567,13136,20,1
3,OrderStatus,1772290847.385008,4150,7,1
2,Payment,1772290847.385823,14808,1,1
1,NewOrder,1772290847.386770,34715,0,1
2,Payment,1772290847.386813,13841,6,1
1,NewOrder,1772290847.388820,17595,9,1
2,Payment,1772290847.389035,19041,4,1
1,NewOrder,1772290847.389167,61233,7,1
1,NewOrder,1772290847.390503,7365,12,1
1,NewOrder,1772290847.391127,59233,10,1
2,Payment,1772290847.392515,18209,2,1
2,Payment,1772290847.392794,20544,5,1
2,Payment,1772290847.392914,9231,19,1
1,NewOrder,1772290847.394016,36799,21,1
1,NewOrder,1772290847.394555,30337,11,1
3,OrderStatus,1772290847.396103,2405,23,1
1,NewOrder,1772290847.396224,15728,16,1
1,NewOrder,1772290847.397710,49997,20,1
2,Payment,1772290847.397876,25760,12,1
1,NewOrder,1772290847.398513,36535,23,1
2,Payment,1772290847.399450,6694,13,1
1,NewOrder,1772290847.399612,20897,14,1
3,OrderStatus,1772290847.400637,1041,1,1
2,Payment,1772290847.400662,2401,6,1
1,NewOrder,1772290847.401686,21814,1,1
1,NewOrder,1772290847.402151,21847,19,1
1,NewOrder,1772290847.403066,18814,6,1
1,NewOrder,1772290847.404462,18984,17,1
2,Payment,1772290847.406151,3095,13,1
2,Payment,1772290847.406424,12758,9,1
2,Payment,1772290847.408081,9575,4,1
2,Payment,1772290847.409250,6536,13,1
1,NewOrder,1772290847.410732,14126,2,1
2,Payment,1772290847.411958,7194,16,1
2,Payment,1772290847.413343,10182,5,1
1,NewOrder,1772290847.415796,16032,13,1
1,NewOrder,1772290847.417661,18513,4,1
1,NewOrder,1772290847.419095,71093,3,1
2,Payment,1772290847.419179,18771,16,1
1,NewOrder,1772290847.419193,28264,9,1
1,NewOrder,1772290847.420515,69499,14,1
1,NewOrder,1772290847.420878,42840,18,1
1,NewOrder,1772290847.421495,69773,0,1
2,Payment,1772290847.421889,6105,6,1
1,NewOrder,1772290847.422780,10833,8,1
2,Payment,1772290847.423453,6664,17,1
4,Delivery,1772290847.423507,14467,1,1
2,Payment,1772290847.423531,4367,5,1
2,Payment,1772290847.423641,2909,12,1
2,Payment,1772290847.424002,5754,19,1
2,Payment,1772290847.424876,15562,2,1
1,NewOrder,1772290847.424902,22577,11,1
1,NewOrder,1772290847.426556,38253,12,1
2,Payment,1772290847.427905,4121,5,1
1,NewOrder,1772290847.428005,11255,6,1
3,OrderStatus,1772290847.429762,1621,19,1
1,NewOrder,1772290847.430128,19162,17,1
2,Payment,1772290847.430824,4199,21,1
2,Payment,1772290847.431389,11175,19,1
2,Payment,1772290847.431835,3268,13,1
1,NewOrder,1772290847.432032,36200,5,1
1,NewOrder,1772290847.433620,35913,8,1
2,Payment,1772290847.435031,12158,21,1
2,Payment,1772290847.435071,18142,23,1
1,NewOrder,1772290847.435113,3723,13,1
1,NewOrder,1772290847.436178,33280,4,1
2,Payment,1772290847.437963,2575,16,1
2,Payment,1772290847.437979,10878,1,1
2,Payment,1772290847.438844,7053,13,1
2,Payment,1772290847.439268,5398,6,1
2,Payment,1772290847.440445,4332,2,1
5,StockLevel,1772290847.440542,1609,16,1
2,Payment,1772290847.442155,24755,16,1
1,NewOrder,1772290847.442572,25744,19,1
2,Payment,1772290847.442648,16070,15,1
1,NewOrder,1772290847.444673,55472,6,1
2,Payment,1772290847.444787,7939,2,1
2,Payment,1772290847.445907,9793,13,1
2,Payment,1772290847.447196,17575,21,1
2,Payment,1772290847.447467,3075,9,1
2,Payment,1772290847.447486,6695,11,1
1,NewOrder,1772290847.447718,51125,20,1
1,NewOrder,1772290847.448865,32529,1,1
1,NewOrder,1772290847.449301,26291,17,1
1,NewOrder,1772290847.450369,42193,10,1
2,Payment,1772290847.450407,6839,7,1
1,NewOrder,1772290847.450552,16760,9,1
2,Payment,1772290847.452733,3082,2,1
1,NewOrder,1772290847.453220,19556,23,1
2,Payment,1772290847.454188,9671,11,1
2,Payment,1772290847.455709,15291,13,1
2,Payment,1772290847.455822,11164,2,1
1,NewOrder,1772290847.457250,7558,7,1
1,NewOrder,1772290847.458652,10167,22,1
1,NewOrder,1772290847.458723,6056,15,1
2,Payment,1772290847.463727,31310,18,1
2,Payment,1772290847.463867,7806,11,1
2,Payment,1772290847.464789,3964,21,1
1,NewOrder,1772290847.464791,25823,15,1
2,Payment,1772290847.464815,23601,7,1
1,NewOrder,1772290847.464821,19335,12,1
3,OrderStatus,1772290847.466923,3105,16,1
4,Delivery,1772290847.466991,16938,2,1
2,Payment,1772290847.467318,24811,9,1
1,NewOrder,1772290847.468244,17262,5,1
2,Payment,1772290847.468321,29792,19,1
5,StockLevel,1772290847.468760,2186,21,1
1,NewOrder,1772290847.468830,41964,22,1
2,Payment,1772290847.469469,5155,4,1
2,Payment,1772290847.469539,21035,8,1
1,NewOrder,1772290847.470033,12864,16,1
1,NewOrder,1772290847.470951,41991,21,1
1,NewOrder,1772290847.471008,18873,13,1
2,Payment,1772290847.471682,22940,11,1
3,OrderStatus,1772290847.472786,1507,23,1
2,Payment,1772290847.474299,9953,23,1
1,NewOrder,1772290847.474633,8371,4,1
2,Payment,1772290847.475598,10443,17,1
1,NewOrder,1772290847.481402,4980,1,1
4,Delivery,1772290847.482906,73688,16,1
1,NewOrder,1772290847.483010,11987,4,1
2,Payment,1772290847.483937,3308,2,1
2,Payment,1772290847.484166,3374,12,1
1,NewOrder,1772290847.484263,4874,23,1
2,Payment,1772290847.485516,3226,5,1
1,NewOrder,1772290847.486051,19929,17,1
2,Payment,1772290847.486387,3850,1,1
1,NewOrder,1772290847.487251,59646,2,1
2,Payment,1772290847.487546,2068,12,1
2,Payment,1772290847.488425,4877,7,1
1,NewOrder,1772290847.488752,65326,5,1
2,Payment,1772290847.489146,7597,23,1
1,NewOrder,1772290847.489619,60925,12,1
2,Payment,1772290847.489891,10661,13,1
1,NewOrder,1772290847.490020,19134,14,1
2,Payment,1772290847.490199,9502,3,1
2,Payment,1772290847.490245,13824,1,1
2,Payment,1772290847.490588,5779,8,1
2,Payment,1772290847.490628,11135,15,1
5,StockLevel,1772290847.491274,18498,0,1
1,NewOrder,1772290847.492136,38731,9,1
1,NewOrder,1772290847.492568,19450,10,1
2,Payment,1772290847.493309,10725,7,1
1,NewOrder,1772290847.494630,27961,11,1
2,Payment,1772290847.495007,64801,4,1
2,Payment,1772290847.495049,5064,18,1
1,NewOrder,1772290847.496373,27800,8,1
4,Delivery,1772290847.496753,54236,23,1
2,Payment,1772290847.498123,10177,19,1
1,NewOrder,1772290847.498854,11426,20,1
2,Payment,1772290847.499708,58472,3,1
2,Payment,1772290847.500121,13650,18,1
1,NewOrder,1772290847.500151,22468,6,1
2,Payment,1772290847.500563,2480,13,1
2,Payment,1772290847.501772,3849,15,1
1,NewOrder,1772290847.503051,26208,13,1
4,Delivery,1772290847.504046,31581,7,1
1,NewOrder,1772290847.504081,26405,1,1
1,NewOrder,1772290847.505628,22571,15,1
2,Payment,1772290847.505986,1404,17,1
2,Payment,1772290847.507411,1357,17,1
1,NewOrder,1772290847.508308,21775,19,1
1,NewOrder,1772290847.508772,18698,17,1
1,NewOrder,1772290847.509160,8675,14,1
2,Payment,1772290847.509782,52833,0,1
1,NewOrder,1772290847.510288,10689,20,1
2,Payment,1772290847.510800,5323,22,1
1,NewOrder,1772290847.512029,10245,10,1
1,NewOrder,1772290847.512953,9687,21,1
1,NewOrder,1772290847.513778,19408,18,1
2,Payment,1772290847.516132,4144,22,1
1,NewOrder,1772290847.517843,23511,14,1
4,Delivery,1772290847.520296,31353,22,1
2,Payment,1772290847.520985,2167,20,1
2,Payment,1772290847.522284,2164,10,1
2,Payment,1772290847.522601,5220,11,1
2,Payment,1772290847.522629,6906,6,1
2,Payment,1772290847.522648,4459,21,1
2,Payment,1772290847.523159,19720,20,1
1,NewOrder,1772290847.524184,22739,8,1
5,StockLevel,1772290847.524454,70061,10,1
2,Payment,1772290847.527111,19450,21,1
2,Payment,1772290847.527479,2635,17,1
2,Payment,1772290847.527830,3584,11,1
1,NewOrder,1772290847.528207,4101,15,1
1,NewOrder,1772290847.529269,13213,13,1
2,Payment,1772290847.529545,3070,6,1
1,NewOrder,1772290847.530091,22411,19,1
1,NewOrder,1772290847.530120,15130,17,1
1,NewOrder,1772290847.530502,19208,1,1
2,Payment,1772290847.530874,2994,9,1
2,Payment,1772290847.531424,3838,11,1
2,Payment,1772290847.532317,7344,15,1
1,NewOrder,1772290847.532622,70768,6,1
1,NewOrder,1772290847.533195,20912,18,1
2,Payment,1772290847.533877,2803,9,1
1,NewOrder,1772290847.535268,60480,11,1
1,NewOrder,1772290847.535638,3778,7,1
2,Payment,1772290847.536694,1391,9,1
2,Payment,1772290847.538093,3639,9,1
1,NewOrder,1772290847.539426,53995,7,1
1,NewOrder,1772290847.539673,53409,15,1
2,Payment,1772290847.541362,8594,14,1
1,NewOrder,1772290847.541737,56620,9,1
1,NewOrder,1772290847.542493,23681,13,1
1,NewOrder,1772290847.542890,50947,20,1
2,Payment,1772290847.545256,44866,17,1
1,NewOrder,1772290847.546570,52710,21,1
2,Payment,1772290847.546907,14229,2,1
2,Payment,1772290847.546928,1547,8,1
1,NewOrder,1772290847.548485,8606,8,1
1,NewOrder,1772290847.549716,16437,1,1
2,Payment,1772290847.549964,1203,14,1
1,NewOrder,1772290847.550554,12084,12,1
2,Payment,1772290847.550998,42388,23,1
2,Payment,1772290847.551174,2590,14,1
2,Payment,1772290847.551656,3917,22,1
1,NewOrder,1772290847.552508,13627,19,1
1,NewOrder,1772290847.553782,36305,14,1
1,NewOrder,1772290847.554092,5134,5,1
3,OrderStatus,1772290847.554120,1238,18,1
2,Payment,1772290847.555366,1691,18,1
1,NewOrder,1772290847.555580,40130,22,1
1,NewOrder,1772290847.556604,18637,16,1
1,NewOrder,1772290847.557064,8171,18,1
1,NewOrder,1772290847.557102,37665,8,1
1,NewOrder,1772290847.558196,3952,3,1
1,NewOrder,1772290847.559230,38039,5,1
1,NewOrder,1772290847.559825,5986,4,1
2,Payment,1772290847.561144,2967,2,1
2,Payment,1772290847.562158,3352,3,1
2,Payment,1772290847.562631,4717,0,1
2,Payment,1772290847.562649,29214,12,1
2,Payment,1772290847.564117,6416,2,1
1,NewOrder,1772290847.565251,47114,18,1
1,NewOrder,1772290847.565535,3984,3,1
2,Payment,1772290847.565819,3086,4,1
2,Payment,1772290847.566146,2235,19,1
1,NewOrder,1772290847.566163,7374,1,1
1,NewOrder,1772290847.566179,11556,13,1
2,Payment,1772290847.567355,4944,0,1
3,OrderStatus,1772290847.568411,2948,19,1
1,NewOrder,1772290847.568920,3726,4,1
2,Payment,1772290847.569536,4931,3,1
1,NewOrder,1772290847.570543,20772,2,1
1,NewOrder,1772290847.571366,7336,19,1
1,NewOrder,1772290847.572306,7375,0,1
1,NewOrder,1772290847.572653,4292,4,1
2,Payment,1772290847.573541,2804,1,1
1,NewOrder,1772290847.574478,25790,3,1
4,Delivery,1772290847.575245,36825,16,1
1,NewOrder,1772290847.576351,8172,1,1
2,Payment,1772290847.576951,2153,4,1
1,NewOrder,1772290847.577745,12107,13,1
1,NewOrder,1772290847.578713,11048,19,1
2,Payment,1772290847.579110,8995,4,1
5,StockLevel,1772290847.579685,14521,0,1
2,Payment,1772290847.584534,14255,1,1
1,NewOrder,1772290847.588115,39681,4,1
1,NewOrder,1772290847.589768,45830,19,1
2,Payment,1772290847.589863,16663,13,1
1,NewOrder,1772290847.590098,9292,14,1
1,NewOrder,1772290847.590132,6836,17,1
1,NewOrder,1772290847.591322,26143,2,1
1,NewOrder,1772290847.591871,9443,12,1
2,Payment,1772290847.593089,8252,15,1
2,Payment,1772290847.593393,12096,23,1
2,Payment,1772290847.593432,9981,7,1
2,Payment,1772290847.593842,13097,20,1
1,NewOrder,1772290847.594212,45539,0,1
1,NewOrder,1772290847.594526,36439,10,1
1,NewOrder,1772290847.594773,43304,8,1
1,NewOrder,1772290847.595716,36028,22,1
1,NewOrder,1772290847.595758,44926,11,1
1,NewOrder,1772290847.596973,9222,17,1
2,Payment,1772290847.597277,5456,5,1
1,NewOrder,1772290847.598363,26138,9,1
1,NewOrder,1772290847.598796,21709,1,1
1,NewOrder,1772290847.599286,33229,21,1
5,StockLevel,1772290847.599396,6766,14,1
1,NewOrder,1772290847.600273,36923,3,1
1,NewOrder,1772290847.601320,18261,12,1
1,NewOrder,1772290847.601346,3128,15,1
2,Payment,1772290847.602743,11028,5,1
1,NewOrder,1772290847.603398,39937,6,1
1,NewOrder,1772290847.603420,70052,7,1
2,Payment,1772290847.604481,3725,15,1
1,NewOrder,1772290847.605497,26212,23,1
5,StockLevel,1772290847.606168,13722,14,1
2,Payment,1772290847.606202,8287,17,1
1,NewOrder,1772290847.606536,29178,13,1
2,Payment,1772290847.606945,1598,20,1
1,NewOrder,1772290847.608212,27882,15,1
2,Payment,1772290847.608552,2505,20,1
1,NewOrder,1772290847.611064,26979,20,1
2,Payment,1772290847.612077,5866,16,1
2,Payment,1772290847.612370,8503,18,1
2,Payment,1772290847.613782,11091,5,1
1,NewOrder,1772290847.614496,21155,17,1
2,Payment,1772290847.617472,9503,2,1
1,NewOrder,1772290847.617951,25682,16,1
1,NewOrder,1772290847.619593,16041,12,1
2,Payment,1772290847.619897,11073,14,1
1,NewOrder,1772290847.620511,20608,1,1
2,Payment,1772290847.620879,1278,18,1
2,Payment,1772290847.622164,1450,18,1
2,Payment,1772290847.623620,1216,18,1
2,Payment,1772290847.624508,10437,9,1
4,Delivery,1772290847.624839,3393,18,1
2,Payment,1772290847.624884,3312,5,1
1,NewOrder,1772290847.626985,34670,2,1
1,NewOrder,1772290847.627804,25308,4,1
2,Payment,1772290847.628221,1838,5,1
1,NewOrder,1772290847.628246,50194,18,1
1,NewOrder,1772290847.630075,47905,5,1
2,Payment,1772290847.630981,10585,10,1
3,OrderStatus,1772290847.630992,3761,14,1
2,Payment,1772290847.631735,13488,23,1
1,NewOrder,1772290847.631763,38936,22,1
4,Delivery,1772290847.632542,72289,21,1
1,NewOrder,1772290847.634765,20016,14,1
2,Payment,1772290847.634970,8699,9,1
2,Payment,1772290847.635614,11647,19,1
2,Payment,1772290847.635661,4126,12,1
2,Payment,1772290847.635670,6508,17,1
1,NewOrder,1772290847.635724,32447,13,1
3,OrderStatus,1772290847.636100,1008,15,1
2,Payment,1772290847.637113,9659,15,1
4,Delivery,1772290847.637207,67080,3,1
5,StockLevel,1772290847.638053,35129,20,1
2,Payment,1772290847.638094,8693,8,1
1,NewOrder,1772290847.639767,3924,0,1
2,Payment,1772290847.639813,8964,12,1
1,NewOrder,1772290847.640708,24128,11,1
1,NewOrder,1772290847.641133,22540,1,1
1,NewOrder,1772290847.641592,23616,10,1
2,Payment,1772290847.642182,7839,17,1
1,NewOrder,1772290847.643363,29270,6,1
1,NewOrder,1772290847.643643,34710,16,1
1,NewOrder,1772290847.643678,4316,9,1
1,NewOrder,1772290847.643696,3665,0,1
1,NewOrder,1772290847.645226,30441,23,1
1,NewOrder,1772290847.646791,21514,15,1
1,NewOrder,1772290847.646812,27796,8,1
1,NewOrder,1772290847.647273,16415,19,1
1,NewOrder,1772290847.647386,31018,0,1
1,NewOrder,1772290847.648010,15157,9,1
2,Payment,1772290847.648786,2861,12,1
1,NewOrder,1772290847.650030,17433,17,1
1,NewOrder,1772290847.651654,17648,12,1
1,NewOrder,1772290847.653127,48576,4,1
2,Payment,1772290847.654792,7933,14,1
2,Payment,1772290847.661681,8683,2,1
2,Payment,1772290847.662730,5476,14,1
2,Payment,1772290847.663177,6887,9,1
1,NewOrder,1772290847.663683,19952,1,1
3,OrderStatus,1772290847.663698,10153,19,1
1,NewOrder,1772290847.664841,22293,11,1
3,OrderStatus,1772290847.665218,1883,10,1
1,NewOrder,1772290847.667108,19015,10,1
4,Delivery,1772290847.667474,53047,17,1
1,NewOrder,1772290847.668197,28289,13,1
1,NewOrder,1772290847.668231,28313,14,1
1,NewOrder,1772290847.668329,28305,15,1
1,NewOrder,1772290847.669328,24877,12,1
1,NewOrder,1772290847.670073,30179,9,1
2,Payment,1772290847.670369,2726,2,1
1,NewOrder,1772290847.670709,6443,22,1
2,Payment,1772290847.672644,7027,6,1
4,Delivery,1772290847.673101,31602,2,1
1,NewOrder,1772290847.673190,33755,20,1
2,Payment,1772290847.673480,11746,7,1
2,Payment,1772290847.673872,8756,19,1
2,Payment,1772290847.674626,12894,8,1
4,Delivery,1772290847.675675,29377,23,1
1,NewOrder,1772290847.677159,42758,22,1
1,NewOrder,1772290847.677990,58939,5,1
1,NewOrder,1772290847.678358,4567,16,1
2,Payment,1772290847.678410,12852,0,1
2,Payment,1772290847.678450,15273,18,1
3,OrderStatus,1772290847.679681,12687,6,1
2,Payment,1772290847.682639,13156,19,1
2,Payment,1772290847.682935,2684,16,1
3,OrderStatus,1772290847.683652,6593,1,1
1,NewOrder,1772290847.685237,50321,7,1
2,Payment,1772290847.685625,2731,16,1
1,NewOrder,1772290847.686129,15225,10,1
4,Delivery,1772290847.687141,55237,11,1
5,StockLevel,1772290847.687544,25016,8,1
2,Payment,1772290847.688372,16530,16,1
1,NewOrder,1772290847.690262,19383,1,1
1,NewOrder,1772290847.691269,32473,0,1
1,NewOrder,1772290847.692376,53770,6,1
2,Payment,1772290847.693736,10014,18,1
1,NewOrder,1772290847.694232,6667,12,1
1,NewOrder,1772290847.695822,50722,19,1
1,NewOrder,1772290847.696501,18188,13,1
3,OrderStatus,1772290847.696580,4384,14,1
1,NewOrder,1772290847.696638,23843,15,1
3,OrderStatus,1772290847.700263,10933,9,1
2,Payment,1772290847.700905,8267,12,1
4,Delivery,1772290847.700972,19962,14,1
2,Payment,1772290847.701366,2855,10,1
5,StockLevel,1772290847.701714,1591,4,1
1,NewOrder,1772290847.703330,8446,4,1
2,Payment,1772290847.703770,14357,18,1
2,Payment,1772290847.704225,5359,10,1
2,Payment,1772290847.704297,1321,3,1
2,Payment,1772290847.704712,4850,2,1
1,NewOrder,1772290847.704836,39231,21,1
1,NewOrder,1772290847.704912,47148,16,1
4,Delivery,1772290847.705059,58592,23,1
2,Payment,1772290847.705624,36756,3,1
1,NewOrder,1772290847.706970,17616,20,1
2,Payment,1772290847.709188,21533,12,1
1,NewOrder,1772290847.709569,32148,2,1
1,NewOrder,1772290847.709590,52006,10,1
1,NewOrder,1772290847.709654,8903,1,1
4,Delivery,1772290847.711205,31404,9,1
5,StockLevel,1772290847.711798,14473,4,1
2,Payment,1772290847.712581,10148,8,1
1,NewOrder,1772290847.714704,8727,13,1
2,Payment,1772290847.718137,13226,18,1
1,NewOrder,1772290847.718568,5452,1,1
1,NewOrder,1772290847.719927,18428,22,1
1,NewOrder,1772290847.720496,10725,15,1
1,NewOrder,1772290847.720546,10780,17,1
1,NewOrder,1772290847.720955,6826,14,1
1,NewOrder,1772290847.722735,44772,8,1
5,StockLevel,1772290847.723440,6559,13,1
1,NewOrder,1772290847.723768,41460,0,1
2,Payment,1772290847.724040,20405,1,1
1,NewOrder,1772290847.724605,6660,20,1
2,Payment,1772290847.726288,32064,4,1
2,Payment,1772290847.727798,9050,14,1
3,OrderStatus,1772290847.730025,3023,13,1
5,StockLevel,1772290847.730741,29427,12,1
1,NewOrder,1772290847.731247,5700,15,1
1,NewOrder,1772290847.731282,22390,20,1
1,NewOrder,1772290847.731351,12968,17,1
2,Payment,1772290847.731389,10962,18,1
1,NewOrder,1772290847.733053,11235,13,1
1,NewOrder,1772290847.735569,32596,7,1
3,OrderStatus,1772290847.736858,1709,14,1
2,Payment,1772290847.736940,19369,5,1
2,Payment,1772290847.736953,5702,15,1
5,StockLevel,1772290847.738381,2139,22,1
1,NewOrder,1772290847.738575,42012,14,1
1,NewOrder,1772290847.740534,52306,22,1
1,NewOrder,1772290847.741725,21634,2,1
3,OrderStatus,1772290847.742362,8873,18,1
1,NewOrder,1772290847.742384,46721,11,1
2,Payment,1772290847.742387,10447,3,1
2,Payment,1772290847.742615,1871,9,1
2,Payment,1772290847.742659,2578,15,1
1,NewOrder,1772290847.744076,27544,21,1
2,Payment,1772290847.744294,8910,13,1
2,Payment,1772290847.744329,33039,17,1
2,Payment,1772290847.744457,9939,1,1
2,Payment,1772290847.744493,2007,9,1
1,NewOrder,1772290847.745248,48308,15,1
1,NewOrder,1772290847.746151,26703,6,1
5,StockLevel,1772290847.746516,2892,9,1
5,StockLevel,1772290847.746569,3091,19,1
2,Payment,1772290847.749436,3465,9,1
2,Payment,1772290847.749685,3352,19,1
2,Payment,1772290847.751245,3549,18,1
1,NewOrder,1772290847.752086,21058,16,1
1,NewOrder,1772290847.752845,18272,3,1
1,NewOrder,1772290847.752922,30140,9,1
1,NewOrder,1772290847.753053,43757,19,1
2,Payment,1772290847.753229,29455,13,1
2,Payment,1772290847.753679,3160,20,1
1,NewOrder,1772290847.754404,18114,1,1
2,Payment,1772290847.754806,4240,18,1
1,NewOrder,1772290847.756329,38825,5,1
1,NewOrder,1772290847.756859,33420,20,1
1,NewOrder,1772290847.758357,5213,4,1
1,NewOrder,1772290847.759057,31237,18,1
3,OrderStatus,1772290847.760193,8016,12,1
2,Payment,1772290847.761622,9163,10,1
5,StockLevel,1772290847.763370,10942,2,1
1,NewOrder,1772290847.763580,31505,4,1
2,Payment,1772290847.763661,1225,23,1
2,Payment,1772290847.764892,1469,23,1
2,Payment,1772290847.765238,1451,0,1
2,Payment,1772290847.766375,2155,23,1
3,OrderStatus,1772290847.766705,825,0,1
1,NewOrder,1772290847.767517,16355,8,1
2,Payment,1772290847.767536,1715,0,1
1,NewOrder,1772290847.768176,26437,7,1
2,Payment,1772290847.768234,11606,12,1
2,Payment,1772290847.768536,1524,23,1
4,Delivery,1772290847.769273,16978,0,1
1,NewOrder,1772290847.770074,28507,23,1
1,NewOrder,1772290847.770795,4232,10,1
3,OrderStatus,1772290847.771124,1265,3,1
2,Payment,1772290847.771646,3001,21,1
1,NewOrder,1772290847.772405,7400,3,1
2,Payment,1772290847.772528,3269,1,1
3,OrderStatus,1772290847.772858,2754,6,1
2,Payment,1772290847.773155,22115,16,1
2,Payment,1772290847.774321,4865,2,1
2,Payment,1772290847.774673,3890,21,1
1,NewOrder,1772290847.775054,16207,10,1
2,Payment,1772290847.775638,4752,6,1
2,Payment,1772290847.775804,4975,1,1
2,Payment,1772290847.777378,6601,17,1
1,NewOrder,1772290847.778589,41816,21,1
2,Payment,1772290847.779191,32423,2,1
2,Payment,1772290847.779831,33151,3,1
2,Payment,1772290847.779865,11757,12,1
1,NewOrder,1772290847.780401,49691,6,1
3,OrderStatus,1772290847.780591,7758,14,1
5,StockLevel,1772290847.780794,40020,1,1
2,Payment,1772290847.782693,4125,13,1
1,NewOrder,1772290847.783072,8772,9,1
2,Payment,1772290847.783877,31032,8,1
1,NewOrder,1772290847.783985,4353,17,1
4,Delivery,1772290847.786258,14007,0,1
1,NewOrder,1772290847.786825,43666,13,1
5,StockLevel,1772290847.788342,31056,17,1
2,Payment,1772290847.788358,4867,14,1
2,Payment,1772290847.789110,6084,11,1
2,Payment,1772290847.790305,6211,20,1
2,Payment,1772290847.790319,8908,18,1
1,NewOrder,1772290847.791288,10014,10,1
1,NewOrder,1772290847.791648,68089,12,1
2,Payment,1772290847.791868,24682,9,1
2,Payment,1772290847.792866,9039,22,1
2,Payment,1772290847.793250,6572,14,1
2,Payment,1772290847.793566,9575,15,1
2,Payment,1772290847.794624,24849,7,1
2,Payment,1772290847.795101,20415,4,1
1,NewOrder,1772290847.795178,9922,5,1
1,NewOrder,1772290847.795219,7396,11,1
1,NewOrder,1772290847.795287,69023,16,1
3,OrderStatus,1772290847.796541,6442,20,1
2,Payment,1772290847.796819,6957,19,1
1,NewOrder,1772290847.798595,12205,23,1
5,StockLevel,1772290847.799253,7300,18,1
1,NewOrder,1772290847.799832,8683,14,1
1,NewOrder,1772290847.800276,9066,0,1
2,Payment,1772290847.801320,3644,10,1
2,Payment,1772290847.801911,3436,22,1
3,OrderStatus,1772290847.802625,2507,11,1
2,Payment,1772290847.802993,3881,20,1
2,Payment,1772290847.803147,2165,15,1
2,Payment,1772290847.803802,7451,19,1
1,NewOrder,1772290847.804982,35444,10,1
2,Payment,1772290847.805109,40677,5,1
4,Delivery,1772290847.805142,91420,11,1
3,OrderStatus,1772290847.805318,2548,15,1
1,NewOrder,1772290847.805353,37478,22,1
2,Payment,1772290847.806563,2813,18,1
1,NewOrder,1772290847.806879,30870,20,1
2,Payment,1772290847.807873,2043,15,1
1,NewOrder,1772290847.808525,12237,14,1
2,Payment,1772290847.809354,7528,0,1
2,Payment,1772290847.809384,6023,18,1
2,Payment,1772290847.809922,26021,15,1
2,Payment,1772290847.810812,6042,23,1
2,Payment,1772290847.811259,21749,19,1
1,NewOrder,1772290847.811620,5011,2,1
1,NewOrder,1772290847.812993,24812,3,1
5,StockLevel,1772290847.814918,12974,8,1
2,Payment,1772290847.815414,4747,18,1
2,Payment,1772290847.815522,4509,4,1
1,NewOrder,1772290847.816561,33475,9,1
2,Payment,1772290847.816637,13774,2,1
3,OrderStatus,1772290847.816861,10998,23,1
1,NewOrder,1772290847.816889,18679,0,1
1,NewOrder,1772290847.819409,45907,17,1
1,NewOrder,1772290847.819479,54021,7,1
2,Payment,1772290847.820037,12073,4,1
2,Payment,1772290847.820167,9398,18,1
2,Payment,1772290847.820411,10952,21,1
1,NewOrder,1772290847.820768,11798,14,1
1,NewOrder,1772290847.820825,51878,1,1
1,NewOrder,1772290847.827869,21208,23,1
2,Payment,1772290847.827904,34893,8,1
2,Payment,1772290847.829571,5529,18,1
1,NewOrder,1772290847.830100,51984,6,1
2,Payment,1772290847.830417,5540,2,1
1,NewOrder,1772290847.830502,41845,13,1
1,NewOrder,1772290847.831367,50152,21,1
2,Payment,1772290847.832120,2488,4,1
2,Payment,1772290847.832576,17774,14,1
4,Delivery,1772290847.833014,29749,19,1
2,Payment,1772290847.834614,2720,4,1
1,NewOrder,1772290847.835107,29527,18,1
1,NewOrder,1772290847.835572,24095,0,1
2,Payment,1772290847.835953,2019,15,1
2,Payment,1772290847.835963,8151,2,1
1,NewOrder,1772290847.837339,5829,4,1
1,NewOrder,1772290847.837758,5433,20,1
1,NewOrder,1772290847.837815,5403,3,1
2,Payment,1772290847.837980,3257,15,1
1,NewOrder,1772290847.840433,22589,10,1
1,NewOrder,1772290847.841241,12905,15,1
4,Delivery,1772290847.842838,20363,22,1
4,Delivery,1772290847.843174,66103,4,1
2,Payment,1772290847.843197,2903,20,1
1,NewOrder,1772290847.843226,19999,3,1
1,NewOrder,1772290847.844124,23531,2,1
2,Payment,1772290847.845793,2653,5,1
1,NewOrder,1772290847.846107,65276,20,1
5,StockLevel,1772290847.848451,8958,5,1
2,Payment,1772290847.849086,4207,23,1
2,Payment,1772290847.850043,8514,9,1
2,Payment,1772290847.850355,10015,14,1
2,Payment,1772290847.853298,3757,23,1
2,Payment,1772290847.854157,7413,15,1
1,NewOrder,1772290847.857060,43667,23,1
1,NewOrder,1772290847.857420,55153,5,1
1,NewOrder,1772290847.858564,28699,9,1
1,NewOrder,1772290847.859674,22903,0,1
2,Payment,1772290847.859749,5104,12,1
1,NewOrder,1772290847.860380,20484,14,1
2,Payment,1772290847.861577,30930,15,1
3,OrderStatus,1772290847.862767,8199,19,1
1,NewOrder,1772290847.862803,2987,8,1
1,NewOrder,1772290847.863028,60833,10,1
2,Payment,1772290847.863206,2314,22,1
5,StockLevel,1772290847.863234,47980,3,1
1,NewOrder,1772290847.864314,15937,16,1
1,NewOrder,1772290847.864644,17902,18,1
2,Payment,1772290847.864859,1691,12,1
4,Delivery,1772290847.865334,62486,17,1
1,NewOrder,1772290847.865524,29886,22,1
2,Payment,1772290847.865795,1514,8,1
1,NewOrder,1772290847.866561,39248,12,1
2,Payment,1772290847.867314,5359,8,1
1,NewOrder,1772290847.867660,5277,2,1
2,Payment,1772290847.870973,6678,19,1
2,Payment,1772290847.872352,21702,13,1
1,NewOrder,1772290847.872679,42816,8,1
1,NewOrder,1772290847.872710,4636,1,1
2,Payment,1772290847.872947,20405,2,1
1,NewOrder,1772290847.873506,14646,7,1
1,NewOrder,1772290847.877352,33663,1,1
1,NewOrder,1772290847.877658,11770,19,1
1,NewOrder,1772290847.880255,41785,16,1
2,Payment,1772290847.880874,15285,14,1
1,NewOrder,1772290847.881530,40516,21,1
1,NewOrder,1772290847.882091,43379,6,1
2,Payment,1772290847.882553,5249,18,1
1,NewOrder,1772290847.882583,41234,0,1
2,Payment,1772290847.887273,6054,9,1
2,Payment,1772290847.887810,7114,18,1
3,OrderStatus,1772290847.888159,12404,7,1
1,NewOrder,1772290847.889436,23568,19,1
1,NewOrder,1772290847.892516,41550,15,1
2,Payment,1772290847.893336,21023,9,1
2,Payment,1772290847.893364,2463,2,1
1,NewOrder,1772290847.894062,16529,13,1
1,NewOrder,1772290847.894931,28872,18,1
1,NewOrder,1772290847.895418,40648,22,1
2,Payment,1772290847.895835,5551,2,1
2,Payment,1772290847.896165,5260,14,1
1,NewOrder,1772290847.896569,4789,11,1
3,OrderStatus,1772290847.900571,15813,7,1
2,Payment,1772290847.900737,9876,23,1
1,NewOrder,1772290847.901366,36921,11,1
1,NewOrder,1772290847.901394,32070,2,1
5,StockLevel,1772290847.901432,22083,14,1
3,OrderStatus,1772290847.905818,5667,12,1
1,NewOrder,1772290847.909284,20507,4,1
2,Payment,1772290847.910600,11471,13,1
1,NewOrder,1772290847.910622,6467,23,1
2,Payment,1772290847.911025,2611,1,1
2,Payment,1772290847.911221,5310,3,1
2,Payment,1772290847.911392,1526,20,1
2,Payment,1772290847.911494,15360,12,1
1,NewOrder,1772290847.912581,32891,5,1
2,Payment,1772290847.912925,15275,20,1
2,Payment,1772290847.913013,16850,19,1
2,Payment,1772290847.913642,7914,1,1
1,NewOrder,1772290847.914369,30288,9,1
3,OrderStatus,1772290847.915510,12317,8,1
4,Delivery,1772290847.916394,19561,7,1
1,NewOrder,1772290847.916541,45327,3,1
1,NewOrder,1772290847.917108,44874,23,1
1,NewOrder,1772290847.921582,46471,1,1
5,StockLevel,1772290847.922052,1855,16,1
1,NewOrder,1772290847.922057,23566,21,1
2,Payment,1772290847.922082,2987,13,1
1,NewOrder,1772290847.923524,21716,14,1
2,Payment,1772290847.923813,8438,18,1
2,Payment,1772290847.923825,7527,0,1
1,NewOrder,1772290847.923865,37631,10,1
1,NewOrder,1772290847.923916,38955,16,1
2,Payment,1772290847.925078,4264,13,1
1,NewOrder,1772290847.925476,18788,6,1
4,Delivery,1772290847.926873,2058,12,1
1,NewOrder,1772290847.927829,28720,17,1
4,Delivery,1772290847.927832,8622,8,1
1,NewOrder,1772290847.928225,4397,20,1
2,Payment,1772290847.928937,6104,12,1
2,Payment,1772290847.929348,7895,13,1
1,NewOrder,1772290847.929797,33645,4,1
1,NewOrder,1772290847.929874,32328,19,1
2,Payment,1772290847.931363,7818,0,1
2,Payment,1772290847.932256,1168,18,1
1,NewOrder,1772290847.932627,46929,20,1
1,NewOrder,1772290847.933430,21684,18,1
1,NewOrder,1772290847.933477,43130,2,1
1,NewOrder,1772290847.934077,24798,15,1
2,Payment,1772290847.935049,9895,12,1
2,Payment,1772290847.935980,7575,7,1
2,Payment,1772290847.936091,8790,22,1
4,Delivery,1772290847.936476,34303,8,1
1,NewOrder,1772290847.937252,16019,13,1
2,Payment,1772290847.938293,10143,11,1
1,NewOrder,1772290847.939186,16346,0,1
4,Delivery,1772290847.943561,27381,7,1
1,NewOrder,1772290847.944291,32421,6,1
1,NewOrder,1772290847.944682,11935,9,1
1,NewOrder,1772290847.944890,20441,22,1
1,NewOrder,1772290847.944952,28906,12,1
1,NewOrder,1772290847.945248,5102,14,1
5,StockLevel,1772290847.945482,16735,5,1
2,Payment,1772290847.945626,5426,21,1
1,NewOrder,1772290847.948460,41316,11,1
2,Payment,1772290847.950357,4726,14,1
2,Payment,1772290847.951074,4602,21,1
1,NewOrder,1772290847.953296,12122,13,1
2,Payment,1772290847.955088,1852,14,1
1,NewOrder,1772290847.955123,76012,18,1
3,OrderStatus,1772290847.955557,4758,0,1
2,Payment,1772290847.955699,3879,21,1
2,Payment,1772290847.956559,40538,17,1
1,NewOrder,1772290847.956627,30591,9,1
2,Payment,1772290847.956956,4128,14,1
2,Payment,1772290847.958889,5997,15,1
2,Payment,1772290847.959587,20359,21,1
1,NewOrder,1772290847.960324,28080,0,1
1,NewOrder,1772290847.961091,48005,14,1
2,Payment,1772290847.961505,3878,10,1
1,NewOrder,1772290847.961878,14732,3,1
2,Payment,1772290847.961992,19978,23,1
1,NewOrder,1772290847.962207,14367,19,1
2,Payment,1772290847.962222,3227,5,1
2,Payment,1772290847.962881,3608,16,1
2,Payment,1772290847.963452,3607,4,1
1,NewOrder,1772290847.964896,10193,15,1
2,Payment,1772290847.965341,21188,22,1
4,Delivery,1772290847.965390,5665,10,1
2,Payment,1772290847.965428,2279,13,1
3,OrderStatus,1772290847.965457,3618,5,1
1,NewOrder,1772290847.966499,28076,16,1
4,Delivery,1772290847.967065,41952,4,1
2,Payment,1772290847.967718,2385,13,1
2,Payment,1772290847.968059,6254,1,1
1,NewOrder,1772290847.969084,53292,5,1
2,Payment,1772290847.970110,4199,13,1
2,Payment,1772290847.970789,3541,8,1
1,NewOrder,1772290847.970948,3399,7,1
2,Payment,1772290847.971063,5987,10,1
2,Payment,1772290847.973863,22031,12,1
2,Payment,1772290847.974339,25623,13,1
1,NewOrder,1772290847.974341,7201,1,1
1,NewOrder,1772290847.974343,28364,8,1
1,NewOrder,1772290847.974371,19853,7,1
5,StockLevel,1772290847.975093,14864,15,1
1,NewOrder,1772290847.976599,19825,19,1
2,Payment,1772290847.976635,8887,2,1
1,NewOrder,1772290847.976638,32517,3,1
2,Payment,1772290847.976736,7680,6,1
1,NewOrder,1772290847.977072,44295,10,1
2,Payment,1772290847.979564,3786,20,1
4,Delivery,1772290847.979956,28056,21,1
1,NewOrder,1772290847.981553,40852,1,1
1,NewOrder,1772290847.981978,8923,23,1
1,NewOrder,1772290847.983361,7056,20,1
2,Payment,1772290847.984426,3412,6,1
2,Payment,1772290847.985532,6647,2,1
1,NewOrder,1772290847.986538,4281,22,1
1,NewOrder,1772290847.987229,5371,9,1
1,NewOrder,1772290847.987845,10484,6,1
2,Payment,1772290847.988408,6144,0,1
1,NewOrder,1772290847.989783,30456,11,1
2,Payment,1772290847.989962,8748,15,1
1,NewOrder,1772290847.990428,29756,20,1
1,NewOrder,1772290847.990830,25565,22,1
2,Payment,1772290847.990919,20800,23,1
4,Delivery,1772290847.992200,17040,2,1
4,Delivery,1772290847.992607,62333,9,1
1,NewOrder,1772290847.994231,37765,7,1
1,NewOrder,1772290847.994563,27470,0,1
2,Payment,1772290847.994581,10085,16,1
1,NewOrder,1772290847.995902,36068,12,1
1,NewOrder,1772290847.996434,20703,19,1
2,Payment,1772290847.997105,4646,17,1
2,Payment,1772290847.998337,8484,6,1
1,NewOrder,1772290847.998720,57530,15,1
1,NewOrder,1772290847.999973,5061,13,1
2,Payment,1772290848.001758,1367,17,1
1,NewOrder,1772290848.002714,29845,8,1
1,NewOrder,1772290848.003134,6689,17,1
1,NewOrder,1772290848.004671,6276,16,1
2,Payment,1772290848.005041,1322,13,1
5,StockLevel,1772290848.006369,1701,13,1
2,Payment,1772290848.006824,13388,6,1
2,Payment,1772290848.008022,10294,21,1
1,NewOrder,1772290848.008075,49319,13,1
1,NewOrder,1772290848.009031,23048,4,1
2,Payment,1772290848.009103,23699,14,1
1,NewOrder,1772290848.009161,47503,3,1
1,NewOrder,1772290848.009246,40047,2,1
2,Payment,1772290848.009832,1566,17,1
2,Payment,1772290848.010954,25445,16,1
1,NewOrder,1772290848.011402,8378,17,1
1,NewOrder,1772290848.011725,2881,23,1
1,NewOrder,1772290848.014611,30736,23,1
1,NewOrder,1772290848.016404,19329,22,1
1,NewOrder,1772290848.017144,16210,19,1
2,Payment,1772290848.018323,14213,21,1
1,NewOrder,1772290848.019790,47691,17,1
1,NewOrder,1772290848.020191,16237,20,1
1,NewOrder,1772290848.020223,39163,6,1
1,NewOrder,1772290848.020244,53321,11,1
5,StockLevel,1772290848.021374,9965,10,1
2,Payment,1772290848.022040,14310,0,1
1,NewOrder,1772290848.022383,4611,5,1
2,Payment,1772290848.022415,1356,1,1
2,Payment,1772290848.023777,1720,1,1
5,StockLevel,1772290848.025503,2950,1,1
5,StockLevel,1772290848.027004,8975,5,1
3,OrderStatus,1772290848.028457,19970,1,1
1,NewOrder,1772290848.031146,40060,18,1
2,Payment,1772290848.031346,4554,10,1
2,Payment,1772290848.031973,2623,12,1
2,Payment,1772290848.032006,1736,7,1
2,Payment,1772290848.032089,5899,4,1
2,Payment,1772290848.032547,16732,21,1
2,Payment,1772290848.032564,8564,8,1
1,NewOrder,1772290848.032805,28286,14,1
1,NewOrder,1772290848.033361,60751,19,1
1,NewOrder,1772290848.033748,21717,7,1
2,Payment,1772290848.034606,7304,12,1
1,NewOrder,1772290848.035750,55844,22,1
1,NewOrder,1772290848.035910,22184,10,1
2,Payment,1772290848.036004,12642,5,1
4,Delivery,1772290848.036363,17895,0,1
1,NewOrder,1772290848.036410,3269,16,1
1,NewOrder,1772290848.036442,8193,20,1
1,NewOrder,1772290848.038013,7006,4,1
1,NewOrder,1772290848.039690,15753,16,1
5,StockLevel,1772290848.041143,20335,8,1
2,Payment,1772290848.041914,11119,12,1
2,Payment,1772290848.044661,10749,20,1
1,NewOrder,1772290848.045028,36199,4,1
1,NewOrder,1772290848.045354,4037,23,1
1,NewOrder,1772290848.048454,20213,1,1
1,NewOrder,1772290848.048656,22172,5,1
1,NewOrder,1772290848.049289,32927,21,1
1,NewOrder,1772290848.049304,34731,2,1
1,NewOrder,1772290848.049397,11432,23,1
2,Payment,1772290848.053053,7587,12,1
3,OrderStatus,1772290848.054284,8426,0,1
1,NewOrder,1772290848.054950,20304,9,1
2,Payment,1772290848.055435,7404,20,1
1,NewOrder,1772290848.055458,36097,16,1
2,Payment,1772290848.055481,11479,7,1
2,Payment,1772290848.056276,5743,15,1
1,NewOrder,1772290848.056675,16561,3,1
4,Delivery,1772290848.057407,36161,13,1
1,NewOrder,1772290848.058106,40980,10,1
2,Payment,1772290848.059408,9612,6,1
2,Payment,1772290848.060647,20956,12,1
2,Payment,1772290848.060839,20904,23,1
2,Payment,1772290848.061098,2356,14,1
1,NewOrder,1772290848.061482,44269,8,1
2,Payment,1772290848.062043,3178,15,1
1,NewOrder,1772290848.062722,25871,0,1
2,Payment,1772290848.062849,20132,20,1
2,Payment,1772290848.063463,7920,14,1
2,Payment,1772290848.065228,8066,15,1
1,NewOrder,1772290848.066969,33176,7,1
1,NewOrder,1772290848.067492,5333,17,1
2,Payment,1772290848.068677,6077,1,1
1,NewOrder,1772290848.069031,8742,6,1
1,NewOrder,1772290848.070838,28364,5,1
1,NewOrder,1772290848.071215,21016,18,1
2,Payment,1772290848.071394,19763,14,1
1,NewOrder,1772290848.072832,32445,17,1
1,NewOrder,1772290848.073242,7526,3,1
2,Payment,1772290848.073299,4739,15,1
1,NewOrder,1772290848.073571,4053,11,1
2,Payment,1772290848.074759,4690,1,1
1,NewOrder,1772290848.075265,15507,9,1
2,Payment,1772290848.077630,3526,11,1
1,NewOrder,1772290848.077780,42978,6,1
2,Payment,1772290848.078044,1815,15,1
2,Payment,1772290848.079456,8179,1,1
1,NewOrder,1772290848.079864,24383,15,1
3,OrderStatus,1772290848.080773,5682,3,1
2,Payment,1772290848.081161,6890,11,1
1,NewOrder,1772290848.081237,32460,4,1
2,Payment,1772290848.081615,11038,12,1
1,NewOrder,1772290848.081747,31558,23,1
2,Payment,1772290848.082226,2605,21,1
1,NewOrder,1772290848.082989,15758,20,1
1,NewOrder,1772290848.084045,33215,2,1
2,Payment,1772290848.084838,1343,21,1
2,Payment,1772290848.086186,1841,21,1
2,Payment,1772290848.086463,18257,3,1
1,NewOrder,1772290848.087641,34612,1,1
1,NewOrder,1772290848.088031,46064,21,1
2,Payment,1772290848.088055,20880,11,1
1,NewOrder,1772290848.088604,34217,0,1
1,NewOrder,1772290848.090782,21688,9,1
2,Payment,1772290848.091166,2639,14,1
1,NewOrder,1772290848.091562,14561,16,1
4,Delivery,1772290848.091600,62712,22,1
2,Payment,1772290848.092237,12317,18,1
1,NewOrder,1772290848.092659,11986,12,1
2,Payment,1772290848.093578,11817,13,1
1,NewOrder,1772290848.093813,3123,14,1
2,Payment,1772290848.094119,11974,19,1
1,NewOrder,1772290848.096942,18388,14,1
1,NewOrder,1772290848.098756,23433,20,1
2,Payment,1772290848.099093,11230,10,1
1,NewOrder,1772290848.099208,17082,5,1
1,NewOrder,1772290848.100155,44119,7,1
2,Payment,1772290848.104252,17243,15,1
1,NewOrder,1772290848.104560,18159,18,1
2,Payment,1772290848.104652,18929,12,1
1,NewOrder,1772290848.104727,38706,3,1
2,Payment,1772290848.105282,14209,17,1
1,NewOrder,1772290848.105400,26675,13,1
1,NewOrder,1772290848.105756,34592,8,1
1,NewOrder,1772290848.106098,3442,19,1
1,NewOrder,1772290848.106134,35710,16,1
1,NewOrder,1772290848.108941,73796,11,1
2,Payment,1772290848.109546,1726,19,1
3,OrderStatus,1772290848.110330,1463,10,1
1,NewOrder,1772290848.111285,41379,19,1
5,StockLevel,1772290848.111799,29462,10,1
2,Payment,1772290848.112486,4356,9,1
2,Payment,1772290848.113309,9788,23,1
1,NewOrder,1772290848.113703,41107,4,1
2,Payment,1772290848.115364,11690,14,1
2,Payment,1772290848.116300,6339,5,1
1,NewOrder,1772290848.116857,15713,9,1
1,NewOrder,1772290848.117278,28244,2,1
1,NewOrder,1772290848.119496,32246,17,1
2,Payment,1772290848.120776,25131,6,1
2,Payment,1772290848.121512,3546,15,1
1,NewOrder,1772290848.122202,3903,20,1
1,NewOrder,1772290848.122278,23939,1,1
1,NewOrder,1772290848.122647,53938,5,1
2,Payment,1772290848.122729,1424,18,1
2,Payment,1772290848.122832,6284,0,1
5,StockLevel,1772290848.123107,28276,23,1
1,NewOrder,1772290848.123591,7990,12,1
2,Payment,1772290848.124160,1643,18,1
4,Delivery,1772290848.125070,30108,15,1
3,OrderStatus,1772290848.125809,823,18,1
1,NewOrder,1772290848.126112,10468,20,1
2,Payment,1772290848.126648,1791,18,1
1,NewOrder,1772290848.127080,7643,14,1
1,NewOrder,1772290848.128454,15856,18,1
1,NewOrder,1772290848.129128,17135,0,1
1,NewOrder,1772290848.131607,20695,12,1
1,NewOrder,1772290848.132086,20203,13,1
2,Payment,1772290848.132577,16072,9,1
2,Payment,1772290848.134109,13783,21,1
1,NewOrder,1772290848.134733,43415,14,1
1,NewOrder,1772290848.136606,51246,20,1
1,NewOrder,1772290848.140365,14354,8,1
2,Payment,1772290848.141266,11368,10,1
2,Payment,1772290848.141851,8823,16,1
1,NewOrder,1772290848.143438,48228,3,1
2,Payment,1772290848.144300,5531,7,1
2,Payment,1772290848.144342,7037,18,1
1,NewOrder,1772290848.145532,53363,2,1
1,NewOrder,1772290848.145913,20845,6,1
1,NewOrder,1772290848.146231,45501,1,1
1,NewOrder,1772290848.146288,53075,0,1
1,NewOrder,1772290848.147914,40025,21,1
2,Payment,1772290848.148662,21019,9,1
2,Payment,1772290848.149857,11313,7,1
2,Payment,1772290848.150699,1991,16,1
2,Payment,1772290848.151401,16011,18,1
1,NewOrder,1772290848.151402,10065,23,1
2,Payment,1772290848.151749,2260,17,1
2,Payment,1772290848.152307,21322,13,1
3,OrderStatus,1772290848.152328,2897,12,1
2,Payment,1772290848.152640,6515,10,1
1,NewOrder,1772290848.152674,8190,19,1
1,NewOrder,1772290848.152695,13438,16,1
1,NewOrder,1772290848.154013,10628,17,1
2,Payment,1772290848.154318,14368,22,1
1,NewOrder,1772290848.154723,17151,8,1
2,Payment,1772290848.154819,6674,4,1
1,NewOrder,1772290848.155182,8895,15,1
1,NewOrder,1772290848.155234,21036,12,1
1,NewOrder,1772290848.159179,6494,10,1
2,Payment,1772290848.160889,9206,19,1
1,NewOrder,1772290848.161195,5674,7,1
2,Payment,1772290848.161492,21639,23,1
2,Payment,1772290848.161519,3754,4,1
2,Payment,1772290848.164103,8024,15,1
1,NewOrder,1772290848.164657,40198,17,1
2,Payment,1772290848.165297,34116,4,1
1,NewOrder,1772290848.165704,3941,10,1
5,StockLevel,1772290848.166154,1789,16,1
2,Payment,1772290848.166764,4233,6,1
4,Delivery,1772290848.166874,10719,7,1
2,Payment,1772290848.167436,5809,18,1
1,NewOrder,1772290848.167954,37589,16,1
2,Payment,1772290848.168691,2756,22,1
2,Payment,1772290848.169651,20286,10,1
2,Payment,1772290848.169691,2836,9,1
1,NewOrder,1772290848.170105,10051,19,1
2,Payment,1772290848.171010,6249,6,1
2,Payment,1772290848.171461,5277,22,1
1,NewOrder,1772290848.171883,35274,8,1
2,Payment,1772290848.172131,27791,15,1
2,Payment,1772290848.172544,2460,9,1
2,Payment,1772290848.173270,5305,18,1
2,Payment,1772290848.173639,1696,13,1
2,Payment,1772290848.175013,4115,9,1
1,NewOrder,1772290848.175347,27393,13,1
2,Payment,1772290848.176273,26779,12,1
1,NewOrder,1772290848.176595,12735,5,1
3,OrderStatus,1772290848.176757,5104,22,1
2,Payment,1772290848.177284,4613,6,1
2,Payment,1772290848.177604,5866,7,1
2,Payment,1772290848.178157,23206,14,1
1,NewOrder,1772290848.178583,26634,18,1
1,NewOrder,1772290848.179153,26118,9,1
2,Payment,1772290848.180159,5110,19,1
2,Payment,1772290848.181885,10140,22,1
1,NewOrder,1772290848.181915,27632,6,1
2,Payment,1772290848.182744,2144,11,1
2,Payment,1772290848.183136,10468,23,1
1,NewOrder,1772290848.183495,35218,7,1
2,Payment,1772290848.184893,1306,11,1
2,Payment,1772290848.185276,1893,19,1
2,Payment,1772290848.186204,1418,11,1
2,Payment,1772290848.187185,2457,19,1
1,NewOrder,1772290848.187626,5633,11,1
2,Payment,1772290848.187877,12068,20,1
2,Payment,1772290848.187964,30581,21,1
2,Payment,1772290848.189340,30924,5,1
1,NewOrder,1772290848.189647,34699,19,1
1,NewOrder,1772290848.189944,13230,10,1
2,Payment,1772290848.191675,31156,3,1
2,Payment,1772290848.191741,33225,1,1
4,Delivery,1772290848.192035,42416,22,1
1,NewOrder,1772290848.193272,37735,11,1
1,NewOrder,1772290848.193631,25125,23,1
1,NewOrder,1772290848.198905,34934,2,1
1,NewOrder,1772290848.199372,37070,0,1
2,Payment,1772290848.199423,26920,4,1
1,NewOrder,1772290848.199931,10854,15,1
1,NewOrder,1772290848.199954,35155,20,1
2,Payment,1772290848.201381,16451,14,1
1,NewOrder,1772290848.202766,15461,13,1
5,StockLevel,1772290848.203084,12674,12,1
1,NewOrder,1772290848.203198,15441,10,1
2,Payment,1772290848.204860,2782,17,1
5,StockLevel,1772290848.205227,6650,18,1
2,Payment,1772290848.205278,4787,9,1
5,StockLevel,1772290848.205548,1906,16,1
1,NewOrder,1772290848.207183,6248,8,1
1,NewOrder,1772290848.207464,78595,16,1
1,NewOrder,1772290848.207656,7152,17,1
2,Payment,1772290848.209571,2916,6,1
2,Payment,1772290848.210078,4128,9,1
1,NewOrder,1772290848.210795,14093,15,1
1,NewOrder,1772290848.211899,5601,18,1
2,Payment,1772290848.212506,4034,6,1
2,Payment,1772290848.213441,25437,8,1
2,Payment,1772290848.214214,6550,9,1
1,NewOrder,1772290848.214818,68081,17,1
2,Payment,1772290848.215783,6650,12,1
4,Delivery,1772290848.216555,6901,6,1
2,Payment,1772290848.217511,26613,18,1
1,NewOrder,1772290848.217842,23272,14,1
1,NewOrder,1772290848.218239,33537,13,1
2,Payment,1772290848.218552,2662,21,1
1,NewOrder,1772290848.218650,38889,10,1
2,Payment,1772290848.218724,4301,7,1
2,Payment,1772290848.218761,4186,23,1
1,NewOrder,1772290848.220273,22160,5,1
4,Delivery,1772290848.220792,3512,9,1
2,Payment,1772290848.221229,10588,21,1
2,Payment,1772290848.222439,11431,12,1
2,Payment,1772290848.222849,4808,3,1
2,Payment,1772290848.222965,10208,23,1
1,NewOrder,1772290848.223051,42486,7,1
1,NewOrder,1772290848.223472,16052,6,1
3,OrderStatus,1772290848.224312,11117,9,1
3,OrderStatus,1772290848.224352,6353,19,1
2,Payment,1772290848.224913,10552,15,1
1,NewOrder,1772290848.224977,16508,1,1
1,NewOrder,1772290848.226347,6243,4,1
4,Delivery,1772290848.227662,30849,3,1
1,NewOrder,1772290848.230713,31940,19,1
1,NewOrder,1772290848.231018,13423,11,1
1,NewOrder,1772290848.231822,22345,21,1
2,Payment,1772290848.232600,5386,4,1
1,NewOrder,1772290848.233184,34868,23,1
2,Payment,1772290848.233862,6053,2,1
1,NewOrder,1772290848.233895,22901,12,1
1,NewOrder,1772290848.234460,14858,22,1
1,NewOrder,1772290848.235126,14323,20,1
1,NewOrder,1772290848.235452,34519,9,1
1,NewOrder,1772290848.235473,18332,15,1
1,NewOrder,1772290848.236451,17874,0,1
1,NewOrder,1772290848.237999,24727,4,1
2,Payment,1772290848.238894,7591,8,1
1,NewOrder,1772290848.239536,29240,6,1
1,NewOrder,1772290848.239926,7622,2,1
2,Payment,1772290848.241132,9952,14,1
4,Delivery,1772290848.241511,17367,1,1
2,Payment,1772290848.242439,4745,5,1
4,Delivery,1772290848.244128,17991,18,1
2,Payment,1772290848.244452,3684,11,1
2,Payment,1772290848.246510,3233,8,1
1,NewOrder,1772290848.247189,31481,5,1
1,NewOrder,1772290848.247552,46524,2,1
2,Payment,1772290848.248145,12279,11,1
1,NewOrder,1772290848.249329,20436,22,1
1,NewOrder,1772290848.249460,25438,20,1
2,Payment,1772290848.249748,2053,8,1
2,Payment,1772290848.251093,8859,14,1
1,NewOrder,1772290848.251786,19920,13,1
1,NewOrder,1772290848.251808,18782,8,1
2,Payment,1772290848.253811,24298,15,1
1,NewOrder,1772290848.254175,6197,21,1
1,NewOrder,1772290848.254333,30135,0,1
2,Payment,1772290848.256807,8271,12,1
2,Payment,1772290848.257550,5460,10,1
2,Payment,1772290848.258517,8017,3,1
3,OrderStatus,1772290848.258886,1361,1,1
2,Payment,1772290848.259959,8627,14,1
1,NewOrder,1772290848.260255,5245,1,1
1,NewOrder,1772290848.260378,64139,21,1
5,StockLevel,1772290848.260433,22141,11,1
4,Delivery,1772290848.262144,17985,18,1
2,Payment,1772290848.262670,8235,19,1
4,Delivery,1772290848.262744,43172,4,1
1,NewOrder,1772290848.263041,9793,10,1
2,Payment,1772290848.265103,8052,12,1
2,Payment,1772290848.265511,3035,1,1
1,NewOrder,1772290848.265551,23024,7,1
3,OrderStatus,1772290848.266554,8579,3,1
1,NewOrder,1772290848.268062,17442,23,1
1,NewOrder,1772290848.268552,13998,1,1
1,NewOrder,1772290848.268592,29822,14,1
1,NewOrder,1772290848.268781,25434,6,1
2,Payment,1772290848.269771,13619,22,1
2,Payment,1772290848.269976,2484,9,1
2,Payment,1772290848.270614,17536,8,1
1,NewOrder,1772290848.270925,23632,19,1
5,StockLevel,1772290848.271732,12664,13,1
1,NewOrder,1772290848.272486,3490,9,1
1,NewOrder,1772290848.272840,39426,10,1
2,Payment,1772290848.273161,1759,12,1
5,StockLevel,1772290848.274909,19551,20,1
2,Payment,1772290848.274926,1805,12,1
1,NewOrder,1772290848.275142,22859,3,1
1,NewOrder,1772290848.275981,34811,9,1
1,NewOrder,1772290848.276736,10466,12,1
1,NewOrder,1772290848.278115,39866,15,1
1,NewOrder,1772290848.278681,37643,5,1
1,NewOrder,1772290848.280139,17427,18,1
1,NewOrder,1772290848.282560,17927,1,1
2,Payment,1772290848.282585,7347,11,1
1,NewOrder,1772290848.282910,18841,17,1
1,NewOrder,1772290848.283395,38620,22,1
1,NewOrder,1772290848.284422,21638,13,1
1,NewOrder,1772290848.284480,38416,0,1
2,Payment,1772290848.285512,6990,23,1
1,NewOrder,1772290848.286085,20349,16,1
1,NewOrder,1772290848.287219,39481,12,1
2,Payment,1772290848.288161,20088,8,1
1,NewOrder,1772290848.288586,5994,7,1
1,NewOrder,1772290848.289939,37536,11,1
3,OrderStatus,1772290848.292511,5609,23,1
2,Payment,1772290848.294084,21748,2,1
1,NewOrder,1772290848.294225,15852,6,1
2,Payment,1772290848.294472,10852,20,1
2,Payment,1772290848.294565,1500,19,1
4,Delivery,1772290848.294590,27029,7,1
1,NewOrder,1772290848.296071,16737,19,1
1,NewOrder,1772290848.297574,12115,18,1
2,Payment,1772290848.298011,20440,3,1
2,Payment,1772290848.298126,10289,23,1
1,NewOrder,1772290848.298424,9539,14,1
2,Payment,1772290848.300495,27362,1,1
2,Payment,1772290848.301761,4203,17,1
2,Payment,1772290848.305350,7214,20,1
2,Payment,1772290848.305925,23341,4,1
2,Payment,1772290848.305972,2440,17,1
1,NewOrder,1772290848.306071,6598,13,1
2,Payment,1772290848.306440,5857,16,1
2,Payment,1772290848.307978,32010,14,1
1,NewOrder,1772290848.308274,18113,8,1
1,NewOrder,1772290848.308423,8749,23,1
1,NewOrder,1772290848.308424,31066,17,1
2,Payment,1772290848.309708,47634,18,1
5,StockLevel,1772290848.310103,3679,6,1
2,Payment,1772290848.310817,8530,9,1
1,NewOrder,1772290848.312291,21578,10,1
2,Payment,1772290848.312315,29241,16,1
2,Payment,1772290848.312574,3721,20,1
1,NewOrder,1772290848.312681,46064,13,1
2,Payment,1772290848.312818,7216,19,1
1,NewOrder,1772290848.313788,80236,6,1
2,Payment,1772290848.315842,3917,2,1
1,NewOrder,1772290848.316300,63412,20,1
2,Payment,1772290848.316330,4548,5,1
2,Payment,1772290848.317180,4810,23,1
1,NewOrder,1772290848.317989,13145,15,1
2,Payment,1772290848.318461,18207,3,1
1,NewOrder,1772290848.319352,23977,9,1
2,Payment,1772290848.319770,2745,2,1
1,NewOrder,1772290848.320039,63817,19,1
2,Payment,1772290848.320892,3865,5,1
1,NewOrder,1772290848.321644,12941,7,1
2,Payment,1772290848.322000,13273,23,1
1,NewOrder,1772290848.322020,40806,22,1
1,NewOrder,1772290848.322520,54329,2,1
2,Payment,1772290848.322910,3110,0,1
4,Delivery,1772290848.324542,26301,21,1
2,Payment,1772290848.324763,10089,5,1
2,Payment,1772290848.326027,4777,0,1
2,Payment,1772290848.326393,1492,8,1
2,Payment,1772290848.326708,16270,12,1
1,NewOrder,1772290848.327483,23744,11,1
1,NewOrder,1772290848.327863,4197,1,1
2,Payment,1772290848.327892,2432,8,1
2,Payment,1772290848.329272,11101,4,1
1,NewOrder,1772290848.330332,42769,8,1
1,NewOrder,1772290848.330812,45515,0,1
1,NewOrder,1772290848.331144,4484,15,1
2,Payment,1772290848.332064,6182,1,1
1,NewOrder,1772290848.333875,17411,10,1
1,NewOrder,1772290848.334595,16621,7,1
3,OrderStatus,1772290848.334884,1349,5,1
1,NewOrder,1772290848.335289,49881,23,1
1,NewOrder,1772290848.335635,38694,15,1
1,NewOrder,1772290848.336249,25601,5,1
1,NewOrder,1772290848.336693,4225,3,1
1,NewOrder,1772290848.338256,5179,1,1
1,NewOrder,1772290848.339499,45288,17,1
1,NewOrder,1772290848.340014,45147,14,1
1,NewOrder,1772290848.340410,34843,4,1
2,Payment,1772290848.340924,1587,3,1
5,StockLevel,1772290848.341566,50217,16,1
2,Payment,1772290848.342525,1389,3,1
2,Payment,1772290848.343002,1624,12,1
2,Payment,1772290848.343347,1623,9,1
3,OrderStatus,1772290848.343440,2765,1,1
2,Payment,1772290848.343918,3317,3,1
2,Payment,1772290848.344632,1653,12,1
2,Payment,1772290848.344976,1833,9,1
3,OrderStatus,1772290848.346215,2518,1,1
1,NewOrder,1772290848.346292,38928,12,1
1,NewOrder,1772290848.346815,11896,9,1
1,NewOrder,1772290848.347260,19201,3,1
1,NewOrder,1772290848.348744,25557,1,1
1,NewOrder,1772290848.350853,8980,21,1
2,Payment,1772290848.351226,2264,7,1
2,Payment,1772290848.351238,3792,11,1
1,NewOrder,1772290848.351292,13399,10,1
1,NewOrder,1772290848.353499,10277,7,1
2,Payment,1772290848.355055,4754,11,1
1,NewOrder,1772290848.357350,34298,18,1
1,NewOrder,1772290848.358721,42686,9,1
1,NewOrder,1772290848.358756,42682,13,1
1,NewOrder,1772290848.359835,17147,11,1
1,NewOrder,1772290848.359859,10858,21,1
2,Payment,1772290848.361861,8553,5,1
1,NewOrder,1772290848.362848,4045,22,1
1,NewOrder,1772290848.363785,7207,7,1
2,Payment,1772290848.364699,5031,10,1
5,StockLevel,1772290848.366486,21808,3,1
1,NewOrder,1772290848.366900,62896,22,1
1,NewOrder,1772290848.369742,23217,10,1
2,Payment,1772290848.370440,6436,5,1
2,Payment,1772290848.370726,4884,21,1
5,StockLevel,1772290848.371000,9496,7,1
2,Payment,1772290848.373112,10338,8,1
1,NewOrder,1772290848.374315,27671,1,1
1,NewOrder,1772290848.374346,32257,15,1
4,Delivery,1772290848.375261,39798,4,1
2,Payment,1772290848.375635,1814,21,1
2,Payment,1772290848.376352,1866,0,1
2,Payment,1772290848.376860,3675,2,1
1,NewOrder,1772290848.376884,75558,5,1
1,NewOrder,1772290848.376992,61685,11,1
2,Payment,1772290848.377456,6094,21,1
2,Payment,1772290848.378225,5527,0,1
5,StockLevel,1772290848.379720,17204,20,1
2,Payment,1772290848.380502,11519,7,1
5,StockLevel,1772290848.380540,2288,2,1
1,NewOrder,1772290848.382853,59573,2,1
2,Payment,1772290848.383475,6769,8,1
1,NewOrder,1772290848.383575,55111,21,1
2,Payment,1772290848.383777,2145,0,1
4,Delivery,1772290848.383881,16764,19,1
2,Payment,1772290848.384796,7219,17,1
1,NewOrder,1772290848.385176,26763,14,1
2,Payment,1772290848.385195,7071,23,1
2,Payment,1772290848.385252,8054,12,1
2,Payment,1772290848.385928,2160,0,1
1,NewOrder,1772290848.388093,46439,0,1
2,Payment,1772290848.388305,13069,3,1
2,Payment,1772290848.390254,3436,8,1
2,Payment,1772290848.391658,9795,18,1
2,Payment,1772290848.391794,10523,16,1
1,NewOrder,1772290848.392030,22559,17,1
1,NewOrder,1772290848.392032,54826,7,1
1,NewOrder,1772290848.392272,17421,23,1
1,NewOrder,1772290848.392977,53800,10,1
1,NewOrder,1772290848.393318,13684,12,1
1,NewOrder,1772290848.393707,32287,8,1
1,NewOrder,1772290848.394035,31607,6,1
2,Payment,1772290848.396949,7234,20,1
4,Delivery,1772290848.400655,60653,19,1
1,NewOrder,1772290848.401385,20700,3,1
2,Payment,1772290848.401449,3455,9,1
1,NewOrder,1772290848.401464,8684,13,1
4,Delivery,1772290848.401480,7795,18,1
2,Payment,1772290848.402001,5034,1,1
2,Payment,1772290848.402329,5098,16,1
2,Payment,1772290848.404189,3956,20,1
5,StockLevel,1772290848.404911,11549,9,1
1,NewOrder,1772290848.406613,9133,15,1
2,Payment,1772290848.407024,4881,12,1
2,Payment,1772290848.407050,4432,1,1
1,NewOrder,1772290848.407451,8348,16,1
2,Payment,1772290848.408151,2602,20,1
1,NewOrder,1772290848.409281,19080,18,1
1,NewOrder,1772290848.409703,8984,23,1
2,Payment,1772290848.410158,9901,13,1
1,NewOrder,1772290848.410760,16121,20,1
1,NewOrder,1772290848.411489,11428,1,1
1,NewOrder,1772290848.411912,3782,12,1
2,Payment,1772290848.411949,3121,14,1
1,NewOrder,1772290848.414614,16425,17,1
2,Payment,1772290848.415070,3250,4,1
2,Payment,1772290848.415077,1387,14,1
2,Payment,1772290848.415713,6015,12,1
2,Payment,1772290848.415764,2976,15,1
2,Payment,1772290848.415824,15276,16,1
2,Payment,1772290848.416471,4341,9,1
1,NewOrder,1772290848.416480,26279,14,1
1,NewOrder,1772290848.418339,10099,4,1
2,Payment,1772290848.418694,2542,23,1
2,Payment,1772290848.418743,13678,15,1
2,Payment,1772290848.420075,2912,13,1
1,NewOrder,1772290848.420821,26647,9,1
2,Payment,1772290848.421251,5603,23,1
2,Payment,1772290848.421734,7664,12,1
4,Delivery,1772290848.422096,17552,3,1
1,NewOrder,1772290848.422927,18693,1,1
2,Payment,1772290848.422993,5045,13,1
1,NewOrder,1772290848.425652,41913,6,1
1,NewOrder,1772290848.426004,22835,8,1
1,NewOrder,1772290848.426860,28674,23,1
2,Payment,1772290848.426893,8449,20,1
1,NewOrder,1772290848.428065,25779,13,1
2,Payment,1772290848.428386,17989,18,1
2,Payment,1772290848.428456,6810,4,1
1,NewOrder,1772290848.429407,12849,12,1
2,Payment,1772290848.429800,19330,22,1
1,NewOrder,1772290848.431064,22429,17,1
2,Payment,1772290848.431124,4170,16,1
1,NewOrder,1772290848.432428,7455,15,1
1,NewOrder,1772290848.434558,49954,0,1
2,Payment,1772290848.435279,1459,4,1
1,NewOrder,1772290848.435313,3670,16,1
2,Payment,1772290848.435367,16000,20,1
1,NewOrder,1772290848.436744,3735,4,1
2,Payment,1772290848.438695,9620,11,1
4,Delivery,1772290848.438722,23072,21,1
2,Payment,1772290848.438989,1879,16,1
1,NewOrder,1772290848.439673,14146,3,1
2,Payment,1772290848.439893,3481,15,1
1,NewOrder,1772290848.440483,47442,4,1
1,NewOrder,1772290848.440876,21924,16,1
2,Payment,1772290848.441631,3787,1,1
2,Payment,1772290848.442272,7710,12,1
2,Payment,1772290848.442451,6852,2,1
2,Payment,1772290848.442769,10033,14,1
2,Payment,1772290848.443399,12284,15,1
3,OrderStatus,1772290848.445429,7727,1,1
1,NewOrder,1772290848.446380,3868,18,1
2,Payment,1772290848.446788,16947,10,1
1,NewOrder,1772290848.446869,8091,7,1
2,Payment,1772290848.447475,17559,9,1
2,Payment,1772290848.448342,20110,11,1
2,Payment,1772290848.448845,22005,8,1
2,Payment,1772290848.449135,6065,22,1
2,Payment,1772290848.449312,13712,2,1
2,Payment,1772290848.450017,7020,12,1
2,Payment,1772290848.450262,9161,18,1
3,OrderStatus,1772290848.451385,11596,20,1
1,NewOrder,1772290848.452449,38125,5,1
5,StockLevel,1772290848.452806,1575,14,1
2,Payment,1772290848.453162,11183,1,1
1,NewOrder,1772290848.453515,7620,17,1
2,Payment,1772290848.453830,15129,3,1
5,StockLevel,1772290848.453856,1512,13,1
1,NewOrder,1772290848.454392,3066,14,1
2,Payment,1772290848.454979,11942,7,1
2,Payment,1772290848.455222,10831,22,1
2,Payment,1772290848.455394,4366,13,1
3,OrderStatus,1772290848.455544,11175,23,1
1,NewOrder,1772290848.455688,4206,15,1
1,NewOrder,1772290848.457047,5686,12,1
4,Delivery,1772290848.457463,43548,14,1
2,Payment,1772290848.459448,8500,18,1
1,NewOrder,1772290848.459767,44425,13,1
2,Payment,1772290848.459901,1863,15,1
1,NewOrder,1772290848.461150,37080,17,1
2,Payment,1772290848.461332,13808,19,1
3,OrderStatus,1772290848.461770,1060,15,1
2,Payment,1772290848.461803,8214,21,1
1,NewOrder,1772290848.462745,31244,12,1
1,NewOrder,1772290848.462809,39572,16,1
1,NewOrder,1772290848.462837,17918,15,1
2,Payment,1772290848.462987,14044,20,1
2,Payment,1772290848.463035,3494,2,1
1,NewOrder,1772290848.463747,52222,10,1
1,NewOrder,1772290848.464350,27600,1,1
2,Payment,1772290848.465051,7099,9,1
2,Payment,1772290848.466059,15060,22,1
1,NewOrder,1772290848.466539,29952,2,1
1,NewOrder,1772290848.466724,34450,23,1
2,Payment,1772290848.466931,6893,7,1
1,NewOrder,1772290848.467576,57858,6,1
1,NewOrder,1772290848.467959,47679,18,1
1,NewOrder,1772290848.468466,61424,11,1
2,Payment,1772290848.468969,1496,3,1
2,Payment,1772290848.470023,12839,21,1
2,Payment,1772290848.470472,6862,3,1
1,NewOrder,1772290848.470860,3806,8,1
2,Payment,1772290848.472159,3461,9,1
3,OrderStatus,1772290848.473850,1573,7,1
3,OrderStatus,1772290848.474678,1161,8,1
1,NewOrder,1772290848.475145,54800,19,1
2,Payment,1772290848.475429,1932,7,1
2,Payment,1772290848.475631,3522,9,1
2,Payment,1772290848.475846,10812,8,1
2,Payment,1772290848.477041,19192,20,1
2,Payment,1772290848.477338,1233,3,1
2,Payment,1772290848.477370,3920,7,1
1,NewOrder,1772290848.478585,3951,3,1
2,Payment,1772290848.479170,4197,9,1
2,Payment,1772290848.480766,15694,15,1
1,NewOrder,1772290848.481126,5061,22,1
2,Payment,1772290848.481296,7150,7,1
1,NewOrder,1772290848.482541,54184,3,1
2,Payment,1772290848.482872,2112,21,1
2,Payment,1772290848.483375,1510,9,1
2,Payment,1772290848.484524,8137,0,1
1,NewOrder,1772290848.484902,56818,9,1
1,NewOrder,1772290848.484999,51570,21,1
1,NewOrder,1772290848.486198,14457,22,1
1,NewOrder,1772290848.486665,14416,8,1
2,Payment,1772290848.487953,8099,4,1
3,OrderStatus,1772290848.488457,2651,7,1
1,NewOrder,1772290848.490597,46082,5,1
1,NewOrder,1772290848.491118,14209,7,1
1,NewOrder,1772290848.491968,19392,1,1
5,StockLevel,1772290848.492666,35993,0,1
4,Delivery,1772290848.493995,7230,12,1
2,Payment,1772290848.496079,18762,4,1
2,Payment,1772290848.496258,30682,20,1
2,Payment,1772290848.496475,2037,15,1
1,NewOrder,1772290848.496515,37518,2,1
2,Payment,1772290848.498240,2885,17,1
2,Payment,1772290848.498518,4402,15,1
1,NewOrder,1772290848.500664,12127,22,1
4,Delivery,1772290848.501016,12273,14,1
2,Payment,1772290848.501089,3674,8,1
2,Payment,1772290848.501134,3934,17,1
2,Payment,1772290848.501178,27638,23,1
1,NewOrder,1772290848.501232,10484,12,1
1,NewOrder,1772290848.502395,33323,16,1
2,Payment,1772290848.502928,3306,15,1
2,Payment,1772290848.504202,3294,13,1
1,NewOrder,1772290848.504772,8150,8,1
2,Payment,1772290848.505077,3765,17,1
1,NewOrder,1772290848.505338,30378,7,1
1,NewOrder,1772290848.506241,17704,15,1
1,NewOrder,1772290848.507504,2861,13,1
2,Payment,1772290848.508852,2117,17,1
2,Payment,1772290848.510374,2020,13,1
2,Payment,1772290848.510974,2674,17,1
2,Payment,1772290848.511366,5283,1,1
1,NewOrder,1772290848.511720,4106,12,1
2,Payment,1772290848.512401,2888,13,1
2,Payment,1772290848.512799,33536,22,1
2,Payment,1772290848.512932,5795,8,1
1,NewOrder,1772290848.513294,52917,14,1
1,NewOrder,1772290848.513653,11534,17,1
1,NewOrder,1772290848.514846,25395,4,1
1,NewOrder,1772290848.515293,51881,13,1
2,Payment,1772290848.515643,27915,18,1
1,NewOrder,1772290848.515831,9322,12,1
2,Payment,1772290848.515973,3983,10,1
4,Delivery,1772290848.516656,3937,1,1
2,Payment,1772290848.518737,2575,8,1
2,Payment,1772290848.519961,5171,10,1
2,Payment,1772290848.520599,1346,1,1
5,StockLevel,1772290848.521322,41803,8,1
1,NewOrder,1772290848.521951,6493,1,1
2,Payment,1772290848.523949,6335,15,1
2,Payment,1772290848.525142,1493,10,1
2,Payment,1772290848.525160,40437,12,1
1,NewOrder,1772290848.525198,42417,17,1
2,Payment,1772290848.525444,4023,6,1
2,Payment,1772290848.526642,16285,10,1
2,Payment,1772290848.526947,4548,20,1
2,Payment,1772290848.528450,13635,1,1
2,Payment,1772290848.528669,15194,0,1
2,Payment,1772290848.528825,6487,23,1
1,NewOrder,1772290848.529478,27425,6,1
1,NewOrder,1772290848.529897,13077,11,1
1,NewOrder,1772290848.529956,15008,19,1
1,NewOrder,1772290848.530289,16564,15,1
5,StockLevel,1772290848.531500,14372,20,1
2,Payment,1772290848.534042,12785,2,1
2,Payment,1772290848.535321,6795,23,1
3,OrderStatus,1772290848.535724,898,16,1
2,Payment,1772290848.535728,8656,7,1
1,NewOrder,1772290848.536577,23107,21,1
2,Payment,1772290848.536625,1233,16,1
1,NewOrder,1772290848.536689,60285,5,1
4,Delivery,1772290848.536731,64955,3,1
1,NewOrder,1772290848.537863,10451,16,1
1,NewOrder,1772290848.540248,65858,4,1
1,NewOrder,1772290848.541725,25901,9,1
2,Payment,1772290848.542095,3228,1,1
2,Payment,1772290848.542127,9717,23,1
1,NewOrder,1772290848.542937,22729,10,1
1,NewOrder,1772290848.542980,26500,11,1
2,Payment,1772290848.543569,4198,18,1
2,Payment,1772290848.543872,4330,0,1
1,NewOrder,1772290848.544395,12952,7,1
3,OrderStatus,1772290848.544971,6659,19,1
2,Payment,1772290848.545333,5452,1,1
1,NewOrder,1772290848.545877,18286,20,1
1,NewOrder,1772290848.546349,16613,22,1
1,NewOrder,1772290848.546834,10689,2,1
2,Payment,1772290848.546859,1811,15,1
1,NewOrder,1772290848.547782,7341,18,1
1,NewOrder,1772290848.548216,52769,0,1
1,NewOrder,1772290848.548327,58117,16,1
2,Payment,1772290848.548676,3191,15,1
1,NewOrder,1772290848.550790,55819,1,1
2,Payment,1772290848.551646,8413,19,1
2,Payment,1772290848.551854,6311,23,1
2,Payment,1772290848.551877,4108,15,1
2,Payment,1772290848.555138,7863,18,1
1,NewOrder,1772290848.555990,50705,15,1
2,Payment,1772290848.556909,5280,6,1
2,Payment,1772290848.557371,37784,7,1
2,Payment,1772290848.557535,35928,2,1
1,NewOrder,1772290848.558172,4783,23,1
1,NewOrder,1772290848.559690,47030,21,1
1,NewOrder,1772290848.560062,46602,19,1
2,Payment,1772290848.562214,34375,6,1
2,Payment,1772290848.562968,22775,23,1
2,Payment,1772290848.562998,3176,22,1
2,Payment,1772290848.563027,9451,18,1
2,Payment,1772290848.563150,36182,8,1
1,NewOrder,1772290848.564173,23893,20,1
1,NewOrder,1772290848.565615,4892,12,1
4,Delivery,1772290848.565693,40885,10,1
1,NewOrder,1772290848.566191,6872,22,1
4,Delivery,1772290848.566227,14738,14,1
1,NewOrder,1772290848.567187,12956,13,1
2,Payment,1772290848.567621,2041,17,1
1,NewOrder,1772290848.567636,5990,9,1
1,NewOrder,1772290848.569490,16672,11,1
2,Payment,1772290848.569669,1486,17,1
2,Payment,1772290848.570524,5647,12,1
1,NewOrder,1772290848.571160,5455,17,1
1,NewOrder,1772290848.572488,10127,18,1
1,NewOrder,1772290848.573073,8457,22,1
1,NewOrder,1772290848.573636,9890,9,1
1,NewOrder,1772290848.576186,7250,12,1
2,Payment,1772290848.576620,1175,17,1
4,Delivery,1772290848.577800,3787,17,1
1,NewOrder,1772290848.580153,26483,13,1
2,Payment,1772290848.580989,3955,14,1
2,Payment,1772290848.581556,2834,22,1
5,StockLevel,1772290848.581592,1986,17,1
1,NewOrder,1772290848.582640,23749,18,1
2,Payment,1772290848.583449,9269,12,1
1,NewOrder,1772290848.583538,52882,9,1
2,Payment,1772290848.583587,5702,17,1
2,Payment,1772290848.584406,2537,22,1
1,NewOrder,1772290848.584951,21522,14,1
1,NewOrder,1772290848.585753,3008,23,1
2,Payment,1772290848.586172,11962,11,1
1,NewOrder,1772290848.586947,7931,22,1
1,NewOrder,1772290848.588077,18349,20,1
2,Payment,1772290848.588776,3222,23,1
1,NewOrder,1772290848.589314,37803,17,1
2,Payment,1772290848.592004,36375,23,1
3,OrderStatus,1772290848.592722,3699,12,1
3,OrderStatus,1772290848.593490,1043,2,1
1,NewOrder,1772290848.594541,14615,2,1
1,NewOrder,1772290848.594888,42969,22,1
2,Payment,1772290848.595162,6596,7,1
1,NewOrder,1772290848.596435,40224,12,1
2,Payment,1772290848.596595,17226,6,1
1,NewOrder,1772290848.596978,8926,5,1
1,NewOrder,1772290848.598144,31427,11,1
1,NewOrder,1772290848.599359,23666,8,1
2,Payment,1772290848.600994,5552,0,1
2,Payment,1772290848.601709,9836,3,1
1,NewOrder,1772290848.601788,5537,7,1
1,NewOrder,1772290848.605910,30461,5,1
1,NewOrder,1772290848.606118,8558,4,1
1,NewOrder,1772290848.606395,10653,18,1
2,Payment,1772290848.606437,29344,20,1
2,Payment,1772290848.606450,6868,16,1
3,OrderStatus,1772290848.606483,6585,14,1
2,Payment,1772290848.606557,6389,0,1
3,OrderStatus,1772290848.606588,7004,10,1
1,NewOrder,1772290848.606616,15390,1,1
2,Payment,1772290848.606643,5302,13,1
3,OrderStatus,1772290848.606671,5051,19,1
2,Payment,1772290848.606703,9643,15,1
2,Payment,1772290848.606726,23179,21,1
1,NewOrder,1772290848.607328,5331,7,1
1,NewOrder,1772290848.609161,58875,2,1
1,NewOrder,1772290848.611571,13066,3,1
2,Payment,1772290848.611746,19792,19,1
2,Payment,1772290848.611950,7309,13,1
2,Payment,1772290848.612663,52206,7,1
1,NewOrder,1772290848.612955,9479,0,1
2,Payment,1772290848.613076,8017,14,1
2,Payment,1772290848.613328,4182,16,1
1,NewOrder,1772290848.613617,10561,10,1
1,NewOrder,1772290848.613826,12633,6,1
5,StockLevel,1772290848.614687,46428,4,1
2,Payment,1772290848.616372,6185,15,1
2,Payment,1772290848.617053,15876,18,1
1,NewOrder,1772290848.617515,43801,16,1
2,Payment,1772290848.619278,9862,13,1
1,NewOrder,1772290848.621109,39341,14,1
2,Payment,1772290848.622033,2960,1,1
4,Delivery,1772290848.622451,30224,0,1
5,StockLevel,1772290848.622573,32411,15,1
1,NewOrder,1772290848.623050,13009,8,1
4,Delivery,1772290848.624186,42947,10,1
1,NewOrder,1772290848.624647,21479,3,1
2,Payment,1772290848.625017,1748,1,1
2,Payment,1772290848.626470,40353,6,1
4,Delivery,1772290848.626771,25576,1,1
2,Payment,1772290848.627127,4844,17,1
2,Payment,1772290848.628392,5991,23,1
2,Payment,1772290848.629150,18969,13,1
2,Payment,1772290848.629582,38866,11,1
1,NewOrder,1772290848.629915,16566,21,1
1,NewOrder,1772290848.631550,24206,19,1
2,Payment,1772290848.631977,8327,17,1
1,NewOrder,1772290848.632955,16186,18,1
1,NewOrder,1772290848.634400,14051,23,1
2,Payment,1772290848.635791,3994,20,1
2,Payment,1772290848.636064,38146,8,1
1,NewOrder,1772290848.636379,4381,5,1
1,NewOrder,1772290848.636425,12970,9,1
1,NewOrder,1772290848.636663,3725,12,1
5,StockLevel,1772290848.637873,2043,22,1
2,Payment,1772290848.639810,1501,20,1
2,Payment,1772290848.639930,10119,22,1
2,Payment,1772290848.640329,2207,17,1
2,Payment,1772290848.640400,6145,12,1
3,OrderStatus,1772290848.640767,2564,5,1
2,Payment,1772290848.641318,2167,20,1
3,OrderStatus,1772290848.642555,2683,17,1
1,NewOrder,1772290848.643338,21055,5,1
5,StockLevel,1772290848.643491,2185,20,1
2,Payment,1772290848.645254,4283,17,1
1,NewOrder,1772290848.645680,63355,20,1
2,Payment,1772290848.646135,5758,3,1
3,OrderStatus,1772290848.646486,5557,21,1
2,Payment,1772290848.646552,15724,12,1
2,Payment,1772290848.648145,2615,13,1
2,Payment,1772290848.648462,2931,23,1
2,Payment,1772290848.649154,4006,18,1
1,NewOrder,1772290848.649441,62929,9,1
2,Payment,1772290848.649563,40380,17,1
2,Payment,1772290848.650058,42691,22,1
4,Delivery,1772290848.650770,51986,13,1
1,NewOrder,1772290848.651411,50564,23,1
1,NewOrder,1772290848.651918,4608,3,1
1,NewOrder,1772290848.652056,14387,21,1
2,Payment,1772290848.652362,6745,1,1
3,OrderStatus,1772290848.652682,4497,0,1
4,Delivery,1772290848.653177,3708,18,1
2,Payment,1772290848.654994,8704,15,1
4,Delivery,1772290848.655781,1337,19,1
1,NewOrder,1772290848.656530,47181,3,1
2,Payment,1772290848.656894,2630,18,1
2,Payment,1772290848.657124,5111,19,1
2,Payment,1772290848.657183,4453,0,1
1,NewOrder,1772290848.659119,15499,1,1
3,OrderStatus,1772290848.659547,32995,18,1
2,Payment,1772290848.660459,8131,14,1
2,Payment,1772290848.661132,4979,4,1
2,Payment,1772290848.661341,5173,16,1
1,NewOrder,1772290848.661662,12058,0,1
2,Payment,1772290848.662244,13680,19,1
3,OrderStatus,1772290848.662282,33518,12,1
1,NewOrder,1772290848.663723,19243,15,1
2,Payment,1772290848.664413,15363,5,1
1,NewOrder,1772290848.664879,14980,7,1
2,Payment,1772290848.666138,2643,4,1
1,NewOrder,1772290848.666467,17494,21,1
1,NewOrder,1772290848.666540,19013,16,1
2,Payment,1772290848.666832,5591,6,1
2,Payment,1772290848.667141,4031,10,1
2,Payment,1772290848.668054,3497,2,1
5,StockLevel,1772290848.668464,16441,11,1
1,NewOrder,1772290848.668595,18253,14,1
1,NewOrder,1772290848.668790,21560,4,1
1,NewOrder,1772290848.671176,13991,10,1
2,Payment,1772290848.671560,3403,2,1
2,Payment,1772290848.672433,3011,6,1
1,NewOrder,1772290848.673744,40598,0,1
2,Payment,1772290848.674218,2589,8,1
1,NewOrder,1772290848.674629,53967,1,1
3,OrderStatus,1772290848.674970,9787,2,1
1,NewOrder,1772290848.675450,4830,6,1
2,Payment,1772290848.675948,3479,19,1
2,Payment,1772290848.676813,1280,8,1
5,StockLevel,1772290848.678100,1671,8,1
2,Payment,1772290848.679446,4420,19,1
2,Payment,1772290848.679778,4203,8,1
1,NewOrder,1772290848.679786,36296,5,1
2,Payment,1772290848.679869,5640,7,1
3,OrderStatus,1772290848.680287,898,6,1
2,Payment,1772290848.681190,6100,6,1
1,NewOrder,1772290848.682977,15692,15,1
1,NewOrder,1772290848.683876,9831,19,1
2,Payment,1772290848.683972,7367,21,1
2,Payment,1772290848.683991,17534,8,1
1,NewOrder,1772290848.684766,60955,2,1
1,NewOrder,1772290848.684911,12691,11,1
1,NewOrder,1772290848.685177,23137,10,1
1,NewOrder,1772290848.685514,59760,7,1
2,Payment,1772290848.685563,6089,16,1
1,NewOrder,1772290848.686858,9117,14,1
2,Payment,1772290848.687297,1300,6,1
2,Payment,1772290848.688605,18477,6,1
2,Payment,1772290848.689969,3407,17,1
2,Payment,1772290848.690368,22897,4,1
2,Payment,1772290848.691363,23103,21,1
2,Payment,1772290848.691668,6307,16,1
2,Payment,1772290848.692545,6043,18,1
4,Delivery,1772290848.692755,52603,22,1
2,Payment,1772290848.693403,1352,17,1
4,Delivery,1772290848.693712,52257,19,1
1,NewOrder,1772290848.694761,50889,17,1
1,NewOrder,1772290848.695805,18563,12,1
1,NewOrder,1772290848.695979,13020,14,1
1,NewOrder,1772290848.697614,17193,11,1
2,Payment,1772290848.697980,1807,16,1
2,Payment,1772290848.698592,5506,18,1
1,NewOrder,1772290848.698674,8994,15,1
1,NewOrder,1772290848.699794,49671,16,1
2,Payment,1772290848.701535,31165,8,1
1,NewOrder,1772290848.701982,9476,23,1
1,NewOrder,1772290848.702766,5114,13,1
1,NewOrder,1772290848.703721,13288,3,1
2,Payment,1772290848.704105,4588,18,1
4,Delivery,1772290848.707107,4452,6,1
1,NewOrder,1772290848.707694,48046,15,1
4,Delivery,1772290848.707887,39086,13,1
2,Payment,1772290848.708324,4396,10,1
2,Payment,1772290848.708703,7924,18,1
2,Payment,1772290848.709004,4961,14,1
2,Payment,1772290848.709045,10512,20,1
3,OrderStatus,1772290848.711474,20170,23,1
1,NewOrder,1772290848.711585,30522,6,1
4,Delivery,1772290848.712398,9476,9,1
2,Payment,1772290848.712729,22386,10,1
2,Payment,1772290848.713273,15691,4,1
2,Payment,1772290848.713991,2780,14,1
2,Payment,1772290848.714368,16244,0,1
2,Payment,1772290848.714382,5566,12,1
2,Payment,1772290848.714491,15639,21,1
1,NewOrder,1772290848.714817,6773,11,1
2,Payment,1772290848.716089,18616,5,1
1,NewOrder,1772290848.716631,10678,18,1
5,StockLevel,1772290848.716786,2561,14,1
1,NewOrder,1772290848.717035,50976,3,1
1,NewOrder,1772290848.719351,7753,14,1
1,NewOrder,1772290848.719564,5225,20,1
1,NewOrder,1772290848.719952,5753,12,1
2,Payment,1772290848.721600,31491,11,1
2,Payment,1772290848.721882,27648,9,1
1,NewOrder,1772290848.724804,4890,20,1
5,StockLevel,1772290848.725711,1912,12,1
2,Payment,1772290848.727130,1795,14,1
2,Payment,1772290848.727321,4034,18,1
1,NewOrder,1772290848.727628,37714,12,1
1,NewOrder,1772290848.728607,44015,1,1
1,NewOrder,1772290848.728930,36024,14,1
1,NewOrder,1772290848.728972,25570,4,1
1,NewOrder,1772290848.729703,37334,20,1
2,Payment,1772290848.730143,3076,21,1
2,Payment,1772290848.730621,9822,0,1
2,Payment,1772290848.731361,4177,18,1
1,NewOrder,1772290848.731652,22150,23,1
2,Payment,1772290848.732722,4275,8,1
2,Payment,1772290848.733245,6710,21,1
2,Payment,1772290848.734717,7255,5,1
2,Payment,1772290848.735148,5427,10,1
4,Delivery,1772290848.735545,18519,18,1
5,StockLevel,1772290848.737013,1741,8,1
2,Payment,1772290848.738765,21050,8,1
2,Payment,1772290848.739965,15255,21,1
2,Payment,1772290848.740452,2821,0,1
1,NewOrder,1772290848.740612,14951,10,1
2,Payment,1772290848.741980,2930,5,1
5,StockLevel,1772290848.742115,11539,6,1
1,NewOrder,1772290848.743285,23322,0,1
2,Payment,1772290848.744916,12391,5,1
2,Payment,1772290848.745283,5831,7,1
1,NewOrder,1772290848.745368,3616,22,1
2,Payment,1772290848.745654,5069,17,1
2,Payment,1772290848.745731,13749,2,1
1,NewOrder,1772290848.745977,10351,19,1
1,NewOrder,1772290848.746982,38375,13,1
1,NewOrder,1772290848.748993,19122,22,1
1,NewOrder,1772290848.749491,9524,16,1
3,OrderStatus,1772290848.749554,6151,9,1
5,StockLevel,1772290848.750733,4232,17,1
3,OrderStatus,1772290848.751124,2417,7,1
2,Payment,1772290848.753111,2813,11,1
2,Payment,1772290848.753558,32113,7,1
2,Payment,1772290848.753665,27997,6,1
2,Payment,1772290848.753812,20634,23,1
2,Payment,1772290848.754070,8567,18,1
2,Payment,1772290848.754569,11705,4,1
2,Payment,1772290848.754974,34470,17,1
2,Payment,1772290848.755225,5665,21,1
1,NewOrder,1772290848.755578,7716,10,1
2,Payment,1772290848.755729,20185,9,1
1,NewOrder,1772290848.755766,77594,15,1
5,StockLevel,1772290848.755936,3231,11,1
2,Payment,1772290848.756338,7644,19,1
1,NewOrder,1772290848.757318,15381,5,1
1,NewOrder,1772290848.759031,16172,16,1
2,Payment,1772290848.759177,4485,11,1
2,Payment,1772290848.759498,13773,2,1
1,NewOrder,1772290848.759824,37003,8,1
1,NewOrder,1772290848.760915,25571,21,1
2,Payment,1772290848.762662,3029,18,1
2,Payment,1772290848.763308,11045,10,1
1,NewOrder,1772290848.763669,68555,11,1
4,Delivery,1772290848.763985,4085,19,1
1,NewOrder,1772290848.764979,10628,14,1
1,NewOrder,1772290848.765355,15916,12,1
2,Payment,1772290848.765702,1776,18,1
1,NewOrder,1772290848.766301,61772,4,1
5,StockLevel,1772290848.766624,9619,0,1
1,NewOrder,1772290848.767043,15954,20,1
4,Delivery,1772290848.767485,1004,18,1
2,Payment,1772290848.768024,6804,3,1
2,Payment,1772290848.768090,9448,19,1
1,NewOrder,1772290848.768140,19966,22,1
2,Payment,1772290848.768502,10943,18,1
2,Payment,1772290848.772627,16698,1,1
1,NewOrder,1772290848.772709,30829,5,1
1,NewOrder,1772290848.773296,65315,2,1
4,Delivery,1772290848.774379,81844,10,1
1,NewOrder,1772290848.774472,25089,23,1
1,NewOrder,1772290848.774835,8130,3,1
1,NewOrder,1772290848.775209,9719,16,1
2,Payment,1772290848.775616,23505,14,1
2,Payment,1772290848.775925,1936,9,1
2,Payment,1772290848.776253,4174,0,1
2,Payment,1772290848.777563,9321,19,1
1,NewOrder,1772290848.777867,21226,9,1
2,Payment,1772290848.779461,5925,18,1
2,Payment,1772290848.780452,5641,0,1
2,Payment,1772290848.781278,21813,12,1
2,Payment,1772290848.781669,7796,6,1
1,NewOrder,1772290848.782990,27251,3,1
3,OrderStatus,1772290848.783011,22069,20,1
2,Payment,1772290848.784934,21967,16,1
2,Payment,1772290848.785370,20163,13,1
2,Payment,1772290848.785399,3660,18,1
1,NewOrder,1772290848.785704,55021,7,1
1,NewOrder,1772290848.786103,24450,0,1
1,NewOrder,1772290848.786505,23670,21,1
2,Payment,1772290848.786891,4166,19,1
2,Payment,1772290848.788133,21327,22,1
2,Payment,1772290848.789069,4247,18,1
1,NewOrder,1772290848.789332,11211,1,1
2,Payment,1772290848.789454,1881,17,1
2,Payment,1772290848.789470,1844,6,1
2,Payment,1772290848.791067,6274,19,1
1,NewOrder,1772290848.791320,42389,6,1
2,Payment,1772290848.791342,1353,17,1
2,Payment,1772290848.792699,2823,17,1
5,StockLevel,1772290848.793327,3212,18,1
2,Payment,1772290848.795540,2256,17,1
4,Delivery,1772290848.796565,3560,18,1
1,NewOrder,1772290848.796838,53615,8,1
2,Payment,1772290848.797347,13741,19,1
1,NewOrder,1772290848.797804,49633,17,1
2,Payment,1772290848.799120,27466,9,1
1,NewOrder,1772290848.799148,4301,14,1
1,NewOrder,1772290848.799586,19532,23,1
1,NewOrder,1772290848.800135,32193,18,1
1,NewOrder,1772290848.800549,10990,1,1
1,NewOrder,1772290848.803115,13050,12,1
5,StockLevel,1772290848.803467,30053,14,1
2,Payment,1772290848.803547,6651,5,1
3,OrderStatus,1772290848.805106,3608,20,1
1,NewOrder,1772290848.805549,43128,13,1
1,NewOrder,1772290848.806911,28175,16,1
1,NewOrder,1772290848.808724,7124,20,1
5,StockLevel,1772290848.809470,55160,22,1
1,NewOrder,1772290848.810182,5730,21,1
3,OrderStatus,1772290848.810204,701,5,1
1,NewOrder,1772290848.810246,33228,3,1
1,NewOrder,1772290848.810561,5623,0,1
2,Payment,1772290848.810911,1265,5,1
1,NewOrder,1772290848.811101,27972,19,1
2,Payment,1772290848.811551,2162,1,1
1,NewOrder,1772290848.812188,3126,5,1
1,NewOrder,1772290848.813724,28194,1,1
2,Payment,1772290848.815323,1978,5,1
1,NewOrder,1772290848.815880,5012,20,1
1,NewOrder,1772290848.815937,7301,21,1
2,Payment,1772290848.816191,6464,12,1
1,NewOrder,1772290848.816209,26150,0,1
2,Payment,1772290848.817314,2172,5,1
2,Payment,1772290848.819144,2158,23,1
2,Payment,1772290848.819506,3161,5,1
2,Payment,1772290848.820900,2674,20,1
2,Payment,1772290848.821310,7154,23,1
2,Payment,1772290848.822682,5750,12,1
2,Payment,1772290848.822684,5774,5,1
1,NewOrder,1772290848.823255,20893,21,1
1,NewOrder,1772290848.823584,6268,20,1
3,OrderStatus,1772290848.826612,8572,9,1
1,NewOrder,1772290848.828083,37342,4,1
1,NewOrder,1772290848.828445,53387,12,1
2,Payment,1772290848.828466,3391,5,1
2,Payment,1772290848.828475,1815,23,1
5,StockLevel,1772290848.829857,14187,20,1
1,NewOrder,1772290848.830298,51395,23,1
1,NewOrder,1772290848.831873,15582,5,1
1,NewOrder,1772290848.832243,6947,11,1
3,OrderStatus,1772290848.832354,961,18,1
2,Payment,1772290848.833323,2124,18,1
2,Payment,1772290848.833369,15393,15,1
1,NewOrder,1772290848.833526,60626,14,1
1,NewOrder,1772290848.833713,59409,6,1
1,NewOrder,1772290848.835091,28903,16,1
2,Payment,1772290848.835194,10140,9,1
1,NewOrder,1772290848.835451,3640,18,1
2,Payment,1772290848.838622,8850,2,1
2,Payment,1772290848.839082,7974,19,1
2,Payment,1772290848.839097,9162,18,1
1,NewOrder,1772290848.839201,27251,11,1
1,NewOrder,1772290848.840731,52623,7,1
1,NewOrder,1772290848.841926,25290,1,1
2,Payment,1772290848.842369,12585,0,1
2,Payment,1772290848.843482,13311,3,1
1,NewOrder,1772290848.844055,40432,20,1
2,Payment,1772290848.844152,21701,21,1
4,Delivery,1772290848.845344,11049,9,1
1,NewOrder,1772290848.847066,23616,19,1
1,NewOrder,1772290848.847448,49339,17,1
2,Payment,1772290848.847462,34186,5,1
1,NewOrder,1772290848.847478,34102,2,1
5,StockLevel,1772290848.848265,2660,18,1
1,NewOrder,1772290848.848684,4059,13,1
2,Payment,1772290848.848773,2201,15,1
1,NewOrder,1772290848.850458,31307,8,1
2,Payment,1772290848.850932,16594,18,1
1,NewOrder,1772290848.850982,4562,15,1
3,OrderStatus,1772290848.852752,1160,13,1
2,Payment,1772290848.853920,3198,13,1
2,Payment,1772290848.854965,12196,0,1
3,OrderStatus,1772290848.855550,1106,15,1
1,NewOrder,1772290848.856233,46094,10,1
2,Payment,1772290848.856399,1232,9,1
2,Payment,1772290848.856662,2892,15,1
1,NewOrder,1772290848.856799,4165,3,1
1,NewOrder,1772290848.857123,14452,13,1
5,StockLevel,1772290848.857637,14867,9,1
1,NewOrder,1772290848.859558,8049,15,1
1,NewOrder,1772290848.860969,6603,3,1
1,NewOrder,1772290848.864002,19979,16,1
2,Payment,1772290848.864640,28728,22,1
2,Payment,1772290848.865431,30483,4,1
1,NewOrder,1772290848.865863,26944,21,1
2,Payment,1772290848.866458,15320,11,1
1,NewOrder,1772290848.867170,22733,0,1
2,Payment,1772290848.867223,29960,1,1
1,NewOrder,1772290848.867534,18960,18,1
1,NewOrder,1772290848.867577,17327,3,1
2,Payment,1772290848.867618,17672,15,1
2,Payment,1772290848.870690,25630,19,1
5,StockLevel,1772290848.871586,8374,13,1
5,StockLevel,1772290848.872512,1812,9,1
2,Payment,1772290848.874329,34325,9,1
1,NewOrder,1772290848.879967,9144,13,1
1,NewOrder,1772290848.881589,40656,2,1
1,NewOrder,1772290848.881651,5042,5,1
1,NewOrder,1772290848.881704,13876,23,1
2,Payment,1772290848.881773,1533,8,1
5,StockLevel,1772290848.881788,6726,11,1
1,NewOrder,1772290848.881841,8365,12,1
4,Delivery,1772290848.883313,4620,8,1
1,NewOrder,1772290848.883991,11615,16,1
2,Payment,1772290848.884493,23561,20,1
1,NewOrder,1772290848.884909,18303,3,1
3,OrderStatus,1772290848.885301,3675,15,1
1,NewOrder,1772290848.886503,13774,18,1
2,Payment,1772290848.886698,5392,5,1
2,Payment,1772290848.887939,2214,8,1
5,StockLevel,1772290848.888520,15639,11,1
4,Delivery,1772290848.888986,27593,15,1
1,NewOrder,1772290848.889117,25493,13,1
2,Payment,1772290848.889913,4370,0,1
1,NewOrder,1772290848.890159,5058,8,1
1,NewOrder,1772290848.890211,2790,12,1
4,Delivery,1772290848.892095,105665,5,1
2,Payment,1772290848.892813,5512,21,1
1,NewOrder,1772290848.893017,58452,12,1
2,Payment,1772290848.893126,4925,6,1
2,Payment,1772290848.893364,6268,7,1
1,NewOrder,1772290848.893373,15382,22,1
2,Payment,1772290848.894157,5447,14,1
2,Payment,1772290848.894293,38771,0,1
2,Payment,1772290848.895222,39003,8,1
2,Payment,1772290848.895589,10570,23,1
2,Payment,1772290848.895621,39705,16,1
2,Payment,1772290848.895918,3298,4,1
2,Payment,1772290848.896329,3917,19,1
2,Payment,1772290848.896792,39844,17,1
1,NewOrder,1772290848.897189,17502,1,1
1,NewOrder,1772290848.898057,14589,6,1
3,OrderStatus,1772290848.898331,6198,21,1
2,Payment,1772290848.899222,5941,4,1
4,Delivery,1772290848.899609,18847,14,1
2,Payment,1772290848.899638,1545,7,1
1,NewOrder,1772290848.900251,9572,19,1
1,NewOrder,1772290848.900287,19346,18,1
1,NewOrder,1772290848.901188,18990,7,1
4,Delivery,1772290848.902352,26069,10,1
2,Payment,1772290848.903219,5482,3,1
1,NewOrder,1772290848.904188,17714,11,1
4,Delivery,1772290848.904541,48765,21,1
1,NewOrder,1772290848.905190,40883,4,1
2,Payment,1772290848.906169,7288,23,1
2,Payment,1772290848.908069,7208,20,1
3,OrderStatus,1772290848.908678,1175,9,1
1,NewOrder,1772290848.908714,34825,3,1
2,Payment,1772290848.908792,9916,22,1
2,Payment,1772290848.909839,10871,19,1
1,NewOrder,1772290848.909877,25311,9,1
1,NewOrder,1772290848.912671,9900,6,1
1,NewOrder,1772290848.913486,23934,23,1
2,Payment,1772290848.914619,29782,13,1
5,StockLevel,1772290848.914697,38994,1,1
1,NewOrder,1772290848.915302,38859,20,1
1,NewOrder,1772290848.916587,11113,15,1
1,NewOrder,1772290848.918463,12970,14,1
4,Delivery,1772290848.918716,34889,22,1
2,Payment,1772290848.919658,2536,18,1
1,NewOrder,1772290848.920203,33168,7,1
2,Payment,1772290848.920718,15583,19,1
1,NewOrder,1772290848.921926,9195,11,1
2,Payment,1772290848.922219,4672,18,1
1,NewOrder,1772290848.922261,5066,2,1
1,NewOrder,1772290848.922597,5057,6,1
2,Payment,1772290848.926905,7340,18,1
2,Payment,1772290848.927341,7264,2,1
1,NewOrder,1772290848.927662,24160,6,1
2,Payment,1772290848.927714,10615,15,1
2,Payment,1772290848.928431,13906,10,1
4,Delivery,1772290848.931130,74256,11,1
1,NewOrder,1772290848.931443,4288,14,1
2,Payment,1772290848.933089,14935,0,1
2,Payment,1772290848.934235,9654,8,1
2,Payment,1772290848.934253,3250,18,1
2,Payment,1772290848.934615,1594,2,1
4,Delivery,1772290848.935198,70457,9,1
2,Payment,1772290848.935336,7766,16,1
2,Payment,1772290848.935738,5868,14,1
4,Delivery,1772290848.936215,62046,2,1
1,NewOrder,1772290848.936306,4476,19,1
4,Delivery,1772290848.936642,10416,17,1
1,NewOrder,1772290848.937431,53185,23,1
1,NewOrder,1772290848.937508,34361,18,1
1,NewOrder,1772290848.938339,4095,15,1
1,NewOrder,1772290848.940788,47852,19,1
2,Payment,1772290848.941610,30359,14,1
1,NewOrder,1772290848.942347,41786,10,1
2,Payment,1772290848.942440,25871,15,1
2,Payment,1772290848.943128,3250,16,1
2,Payment,1772290848.943550,5846,3,1
1,NewOrder,1772290848.943897,34928,8,1
2,Payment,1772290848.944407,4066,13,1
2,Payment,1772290848.946085,5150,4,1
2,Payment,1772290848.946383,4435,16,1
2,Payment,1772290848.947066,5064,17,1
1,NewOrder,1772290848.948049,10064,0,1
1,NewOrder,1772290848.948479,38568,13,1
2,Payment,1772290848.949406,3509,3,1
1,NewOrder,1772290848.950826,33649,16,1
2,Payment,1772290848.951246,7464,4,1
1,NewOrder,1772290848.951476,7750,12,1
2,Payment,1772290848.951834,10807,6,1
1,NewOrder,1772290848.952142,13527,17,1
1,NewOrder,1772290848.952920,19398,3,1
2,Payment,1772290848.953312,2025,21,1
1,NewOrder,1772290848.953377,10040,7,1
1,NewOrder,1772290848.953613,13422,22,1
2,Payment,1772290848.953697,6725,1,1
1,NewOrder,1772290848.954165,8851,20,1
1,NewOrder,1772290848.955350,13517,21,1
1,NewOrder,1772290848.958127,11086,0,1
1,NewOrder,1772290848.958737,21993,4,1
2,Payment,1772290848.959231,1705,12,1
2,Payment,1772290848.960432,2677,1,1
2,Payment,1772290848.960949,2246,12,1
2,Payment,1772290848.962667,1840,6,1
1,NewOrder,1772290848.963032,24189,20,1
1,NewOrder,1772290848.963125,8552,1,1
2,Payment,1772290848.963206,21240,12,1
1,NewOrder,1772290848.963433,9694,7,1
5,StockLevel,1772290848.964522,9256,6,1
2,Payment,1772290848.965686,15578,17,1
1,NewOrder,1772290848.967045,29131,22,1
2,Payment,1772290848.968320,7755,15,1
4,Delivery,1772290848.968892,48982,21,1
2,Payment,1772290848.969239,1525,0,1
2,Payment,1772290848.970770,4545,0,1
2,Payment,1772290848.971703,9838,1,1
1,NewOrder,1772290848.971878,17744,18,1
2,Payment,1772290848.971980,5995,14,1
4,Delivery,1772290848.972324,25999,3,1
2,Payment,1772290848.973152,30663,7,1
1,NewOrder,1772290848.973783,22185,6,1
2,Payment,1772290848.975348,13436,0,1
2,Payment,1772290848.976083,3401,15,1
1,NewOrder,1772290848.977982,4359,14,1
2,Payment,1772290848.978828,26684,8,1
2,Payment,1772290848.979491,3243,15,1
1,NewOrder,1772290848.980742,12860,4,1
1,NewOrder,1772290848.981290,27728,17,1
2,Payment,1772290848.981545,30494,1,1
2,Payment,1772290848.982349,3337,14,1
1,NewOrder,1772290848.982747,29328,15,1
2,Payment,1772290848.984144,26380,10,1
2,Payment,1772290848.984458,6308,12,1
2,Payment,1772290848.984487,2968,16,1
2,Payment,1772290848.985711,19177,14,1
1,NewOrder,1772290848.987073,9713,13,1
1,NewOrder,1772290848.987234,30256,20,1
2,Payment,1772290848.987479,5581,16,1
2,Payment,1772290848.988665,4958,19,1
5,StockLevel,1772290848.988798,23479,0,1
2,Payment,1772290848.989642,5141,18,1
1,NewOrder,1772290848.990642,6364,23,1
2,Payment,1772290848.990776,17593,12,1
1,NewOrder,1772290848.993084,13440,16,1
1,NewOrder,1772290848.993613,9032,4,1
2,Payment,1772290848.993634,2667,19,1
1,NewOrder,1772290848.994788,8557,18,1
2,Payment,1772290848.995994,29071,6,1
2,Payment,1772290848.996201,8276,22,1
2,Payment,1772290848.996313,1922,19,1
2,Payment,1772290848.996796,9685,13,1
1,NewOrder,1772290848.997016,6092,23,1
2,Payment,1772290848.997784,39735,5,1
1,NewOrder,1772290848.998251,4669,19,1
2,Payment,1772290848.998283,37294,2,1
2,Payment,1772290848.998339,34013,3,1
2,Payment,1772290849.002681,31470,4,1
5,StockLevel,1772290849.002930,54709,19,1
2,Payment,1772290849.003115,30420,23,1
1,NewOrder,1772290849.003353,43247,18,1
2,Payment,1772290849.003824,4508,7,1
2,Payment,1772290849.004482,3305,22,1
2,Payment,1772290849.004892,5238,14,1
1,NewOrder,1772290849.005395,53214,11,1
2,Payment,1772290849.005523,7022,8,1
1,NewOrder,1772290849.005661,26357,9,1
1,NewOrder,1772290849.006505,10925,13,1
2,Payment,1772290849.006538,18777,16,1
1,NewOrder,1772290849.007795,9719,22,1
1,NewOrder,1772290849.008355,41110,7,1
2,Payment,1772290849.008386,3202,12,1
3,OrderStatus,1772290849.009023,4741,17,1
1,NewOrder,1772290849.010147,34528,14,1
2,Payment,1772290849.010552,4107,10,1
2,Payment,1772290849.011603,4065,12,1
1,NewOrder,1772290849.012056,12531,1,1
2,Payment,1772290849.012100,4955,15,1
2,Payment,1772290849.012304,3611,0,1
4,Delivery,1772290849.012561,34092,8,1
1,NewOrder,1772290849.013771,8878,17,1
2,Payment,1772290849.014680,5584,10,1
2,Payment,1772290849.015701,8120,12,1
4,Delivery,1772290849.015922,1633,0,1
2,Payment,1772290849.017072,1778,15,1
1,NewOrder,1772290849.017457,5900,13,1
2,Payment,1772290849.017505,19345,20,1
2,Payment,1772290849.017538,17299,22,1
1,NewOrder,1772290849.017566,12243,0,1
3,OrderStatus,1772290849.017883,2519,21,1
1,NewOrder,1772290849.018856,29023,15,1
1,NewOrder,1772290849.020278,30115,10,1
1,NewOrder,1772290849.020417,68739,21,1
1,NewOrder,1772290849.022659,70117,17,1
1,NewOrder,1772290849.023363,67146,13,1
2,Payment,1772290849.023830,4130,12,1
2,Payment,1772290849.024592,5787,1,1
2,Payment,1772290849.025089,5461,6,1
5,StockLevel,1772290849.025341,1690,16,1
1,NewOrder,1772290849.027041,67580,16,1
1,NewOrder,1772290849.027978,4320,12,1
2,Payment,1772290849.029820,11349,0,1
1,NewOrder,1772290849.030390,19033,1,1
2,Payment,1772290849.030561,10998,6,1
2,Payment,1772290849.032028,11031,9,1
2,Payment,1772290849.032306,44245,12,1
3,OrderStatus,1772290849.032360,1459,3,1
2,Payment,1772290849.033560,9815,23,1
1,NewOrder,1772290849.033824,34319,3,1
2,Payment,1772290849.034163,4796,4,1
1,NewOrder,1772290849.034845,23163,22,1
1,NewOrder,1772290849.035585,29135,2,1
2,Payment,1772290849.036864,1685,20,1
4,Delivery,1772290849.037525,61600,5,1
1,NewOrder,1772290849.038555,7958,20,1
2,Payment,1772290849.038968,5318,4,1
2,Payment,1772290849.041179,23261,0,1
1,NewOrder,1772290849.041566,33202,6,1
1,NewOrder,1772290849.043071,23717,9,1
2,Payment,1772290849.043386,4142,23,1
2,Payment,1772290849.044296,1902,4,1
1,NewOrder,1772290849.044681,8957,14,1
1,NewOrder,1772290849.046221,27266,4,1
2,Payment,1772290849.046538,17336,20,1
2,Payment,1772290849.046616,2499,18,1
2,Payment,1772290849.046679,1907,8,1
1,NewOrder,1772290849.047539,11046,23,1
1,NewOrder,1772290849.047889,10687,15,1
1,NewOrder,1772290849.048593,14100,8,1
2,Payment,1772290849.049125,3181,18,1
1,NewOrder,1772290849.049429,12116,1,1
2,Payment,1772290849.049472,1348,7,1
2,Payment,1772290849.050401,5006,10,1
2,Payment,1772290849.050826,1129,7,1
1,NewOrder,1772290849.051961,21990,7,1
1,NewOrder,1772290849.052313,32338,18,1
1,NewOrder,1772290849.053652,26672,14,1
1,NewOrder,1772290849.055414,6987,10,1
5,StockLevel,1772290849.057658,2863,19,1
2,Payment,1772290849.058018,9728,22,1
2,Payment,1772290849.058586,19311,15,1
5,StockLevel,1772290849.058595,1935,23,1
1,NewOrder,1772290849.058619,5762,11,1
3,OrderStatus,1772290849.060533,1463,19,1
2,Payment,1772290849.060557,8923,23,1
2,Payment,1772290849.061559,9438,1,1
1,NewOrder,1772290849.062011,55099,19,1
1,NewOrder,1772290849.062426,63796,10,1
1,NewOrder,1772290849.062697,5853,8,1
2,Payment,1772290849.063883,7960,20,1
2,Payment,1772290849.064390,18624,11,1
1,NewOrder,1772290849.064445,4712,0,1
1,NewOrder,1772290849.064730,5277,2,1
1,NewOrder,1772290849.066799,28249,9,1
1,NewOrder,1772290849.067771,21406,22,1
2,Payment,1772290849.068150,4958,3,1
2,Payment,1772290849.068556,16060,8,1
1,NewOrder,1772290849.069183,54608,0,1
5,StockLevel,1772290849.069493,7137,23,1
2,Payment,1772290849.070013,12987,2,1
1,NewOrder,1772290849.071006,48021,1,1
1,NewOrder,1772290849.071859,19105,20,1
1,NewOrder,1772290849.073119,48316,3,1
1,NewOrder,1772290849.073496,2650,4,1
1,NewOrder,1772290849.073968,54029,7,1
1,NewOrder,1772290849.074774,18383,6,1
2,Payment,1772290849.076158,8032,4,1
2,Payment,1772290849.076561,2692,12,1
1,NewOrder,1772290849.076635,18436,23,1
2,Payment,1772290849.077908,2794,15,1
2,Payment,1772290849.079263,3284,12,1
1,NewOrder,1772290849.080332,17240,14,1
2,Payment,1772290849.080708,33538,15,1
2,Payment,1772290849.082563,33672,12,1
2,Payment,1772290849.083010,30030,2,1
1,NewOrder,1772290849.083025,60682,11,1
4,Delivery,1772290849.084208,15443,4,1
1,NewOrder,1772290849.084628,45969,8,1
1,NewOrder,1772290849.084677,4058,18,1
2,Payment,1772290849.088740,3646,18,1
3,OrderStatus,1772290849.089166,1243,21,1
1,NewOrder,1772290849.089184,8099,22,1
2,Payment,1772290849.090415,4750,21,1
2,Payment,1772290849.090519,31287,13,1
1,NewOrder,1772290849.090969,9275,20,1
1,NewOrder,1772290849.092400,46616,18,1
1,NewOrder,1772290849.092787,4809,17,1
2,Payment,1772290849.093182,2176,6,1
4,Delivery,1772290849.094645,14304,16,1
1,NewOrder,1772290849.095062,6114,9,1
1,NewOrder,1772290849.095081,9573,23,1
2,Payment,1772290849.095175,2915,21,1
2,Payment,1772290849.095366,1838,6,1
2,Payment,1772290849.097219,1500,6,1
1,NewOrder,1772290849.097296,24538,22,1
2,Payment,1772290849.097603,22387,14,1
2,Payment,1772290849.097604,20934,17,1
2,Payment,1772290849.098100,2709,21,1
1,NewOrder,1772290849.098733,41399,6,1
1,NewOrder,1772290849.099142,5887,5,1
2,Payment,1772290849.099673,15072,4,1
2,Payment,1772290849.100257,3126,20,1
5,StockLevel,1772290849.100814,43757,21,1
5,StockLevel,1772290849.101184,1915,9,1
5,StockLevel,1772290849.103135,1703,9,1
1,NewOrder,1772290849.103396,6349,20,1
1,NewOrder,1772290849.104662,6682,23,1
2,Payment,1772290849.104848,6160,9,1
1,NewOrder,1772290849.105034,3504,5,1
2,Payment,1772290849.108544,15843,5,1
1,NewOrder,1772290849.108954,32490,16,1
1,NewOrder,1772290849.109766,51315,20,1
4,Delivery,1772290849.111019,44264,9,1
2,Payment,1772290849.111354,2782,23,1
2,Payment,1772290849.113066,8798,2,1
2,Payment,1772290849.114153,30412,23,1
1,NewOrder,1772290849.114271,20015,15,1
1,NewOrder,1772290849.114755,15819,4,1
2,Payment,1772290849.116244,8105,12,1
5,StockLevel,1772290849.117117,13326,19,1
1,NewOrder,1772290849.118541,13979,17,1
2,Payment,1772290849.119052,12852,1,1
1,NewOrder,1772290849.119997,11715,14,1
1,NewOrder,1772290849.121446,36560,3,1
1,NewOrder,1772290849.121817,4755,13,1
1,NewOrder,1772290849.121840,5591,22,1
1,NewOrder,1772290849.121870,36199,2,1
2,Payment,1772290849.123801,11826,0,1
1,NewOrder,1772290849.124363,6411,12,1
2,Payment,1772290849.124414,9097,5,1
1,NewOrder,1772290849.126233,56128,10,1
1,NewOrder,1772290849.126578,22651,13,1
2,Payment,1772290849.127436,19930,22,1
2,Payment,1772290849.128003,2295,7,1
1,NewOrder,1772290849.130323,19270,7,1
1,NewOrder,1772290849.130457,25673,19,1
2,Payment,1772290849.130580,12705,4,1
2,Payment,1772290849.130607,1811,8,1
2,Payment,1772290849.130779,2126,12,1
1,NewOrder,1772290849.131730,26929,14,1
1,NewOrder,1772290849.131930,23670,1,1
2,Payment,1772290849.132429,18010,8,1
1,NewOrder,1772290849.132532,26497,17,1
2,Payment,1772290849.132915,2137,12,1
1,NewOrder,1772290849.133522,2946,5,1
3,OrderStatus,1772290849.134318,3473,15,1
1,NewOrder,1772290849.135057,48324,12,1
3,OrderStatus,1772290849.135645,8965,0,1
5,StockLevel,1772290849.136484,2153,5,1
1,NewOrder,1772290849.137800,19494,15,1
1,NewOrder,1772290849.138648,35027,5,1
2,Payment,1772290849.139022,10531,18,1
2,Payment,1772290849.140157,11878,6,1
1,NewOrder,1772290849.141461,19138,16,1
2,Payment,1772290849.143296,10634,4,1
2,Payment,1772290849.143717,10247,11,1
1,NewOrder,1772290849.144600,46562,21,1
1,NewOrder,1772290849.144603,16395,23,1
1,NewOrder,1772290849.144621,39080,0,1
5,StockLevel,1772290849.147383,10974,22,1
1,NewOrder,1772290849.149254,17442,13,1
2,Payment,1772290849.149568,1762,18,1
1,NewOrder,1772290849.149618,18270,7,1
1,NewOrder,1772290849.150444,59900,8,1
2,Payment,1772290849.151334,2118,18,1
1,NewOrder,1772290849.152045,29577,6,1
2,Payment,1772290849.153479,2095,18,1
1,NewOrder,1772290849.153941,20548,4,1
2,Payment,1772290849.153975,3397,11,1
2,Payment,1772290849.155300,21361,9,1
1,NewOrder,1772290849.155588,28742,18,1
1,NewOrder,1772290849.155628,44836,1,1
1,NewOrder,1772290849.156137,10450,19,1
2,Payment,1772290849.157300,3748,15,1
1,NewOrder,1772290849.157375,48151,11,1
1,NewOrder,1772290849.158017,52644,3,1
2,Payment,1772290849.158081,16775,2,1
2,Payment,1772290849.158384,7684,22,1
1,NewOrder,1772290849.158663,3617,14,1
1,NewOrder,1772290849.159032,5351,17,1
1,NewOrder,1772290849.160610,8522,16,1
2,Payment,1772290849.161010,9253,23,1
1,NewOrder,1772290849.161053,11693,15,1
2,Payment,1772290849.161094,7159,20,1
2,Payment,1772290849.162285,3832,14,1
5,StockLevel,1772290849.164389,39221,17,1
2,Payment,1772290849.166097,5645,22,1
3,OrderStatus,1772290849.166143,8393,14,1
1,NewOrder,1772290849.166600,32196,19,1
4,Delivery,1772290849.166731,5545,13,1
3,OrderStatus,1772290849.167913,1149,7,1
2,Payment,1772290849.168279,5786,20,1
5,StockLevel,1772290849.169081,18807,7,1
2,Payment,1772290849.169144,9146,16,1
1,NewOrder,1772290849.170288,6076,23,1
2,Payment,1772290849.171750,15860,22,1
2,Payment,1772290849.172294,10096,13,1
2,Payment,1772290849.172757,13772,15,1
4,Delivery,1772290849.173700,71507,5,1
1,NewOrder,1772290849.174070,22974,20,1
1,NewOrder,1772290849.174500,16846,4,1
1,NewOrder,1772290849.174542,38018,14,1
4,Delivery,1772290849.174872,70774,2,1
2,Payment,1772290849.176374,12938,23,1
1,NewOrder,1772290849.176686,41214,9,1
2,Payment,1772290849.178315,12873,16,1
2,Payment,1772290849.181633,2036,6,1
4,Delivery,1772290849.182389,25719,10,1
1,NewOrder,1772290849.182415,19467,13,1
1,NewOrder,1772290849.183397,25058,12,1
1,NewOrder,1772290849.183685,77895,6,1
1,NewOrder,1772290849.183713,32491,0,1
2,Payment,1772290849.184354,6221,18,1
2,Payment,1772290849.186539,5920,15,1
2,Payment,1772290849.187616,6598,22,1
1,NewOrder,1772290849.187897,23418,7,1
1,NewOrder,1772290849.189319,13143,23,1
1,NewOrder,1772290849.190601,10567,18,1
1,NewOrder,1772290849.191172,46020,21,1
1,NewOrder,1772290849.191196,6374,16,1
1,NewOrder,1772290849.191357,29625,4,1
2,Payment,1772290849.192470,2558,15,1
2,Payment,1772290849.194220,3913,22,1
3,OrderStatus,1772290849.195044,1764,15,1
1,NewOrder,1772290849.196833,24543,15,1
4,Delivery,1772290849.197058,19984,20,1
1,NewOrder,1772290849.197581,17202,16,1
1,NewOrder,1772290849.198143,15348,22,1
1,NewOrder,1772290849.198801,18758,19,1
1,NewOrder,1772290849.200474,31004,1,1
1,NewOrder,1772290849.201173,15499,18,1
1,NewOrder,1772290849.201888,16030,13,1
2,Payment,1772290849.202472,6061,23,1
2,Payment,1772290849.203630,8552,17,1
2,Payment,1772290849.205532,7099,11,1
1,NewOrder,1772290849.208119,37859,10,1
2,Payment,1772290849.208464,12604,12,1
1,NewOrder,1772290849.208543,16961,23,1
1,NewOrder,1772290849.210359,34663,8,1
2,Payment,1772290849.210667,10361,3,1
2,Payment,1772290849.211321,8689,7,1
1,NewOrder,1772290849.212208,49183,17,1
1,NewOrder,1772290849.212566,32600,14,1
1,NewOrder,1772290849.212633,30766,11,1
2,Payment,1772290849.213502,3514,22,1
2,Payment,1772290849.214792,7854,16,1
1,NewOrder,1772290849.216209,43317,0,1
2,Payment,1772290849.216682,5578,18,1
2,Payment,1772290849.217026,8725,22,1
2,Payment,1772290849.217049,6757,20,1
1,NewOrder,1772290849.217565,19041,19,1
2,Payment,1772290849.217925,17999,9,1
1,NewOrder,1772290849.217944,20854,13,1
5,StockLevel,1772290849.220018,17882,7,1
2,Payment,1772290849.220991,16172,4,1
1,NewOrder,1772290849.221034,37904,3,1
1,NewOrder,1772290849.221078,51775,12,1
1,NewOrder,1772290849.221387,4390,15,1
2,Payment,1772290849.222266,14328,18,1
1,NewOrder,1772290849.222653,24631,16,1
2,Payment,1772290849.223822,3797,20,1
1,NewOrder,1772290849.225529,17053,23,1
1,NewOrder,1772290849.225776,10789,22,1
1,NewOrder,1772290849.225816,20716,15,1
1,NewOrder,1772290849.227633,13225,20,1
1,NewOrder,1772290849.231488,31606,1,1
2,Payment,1772290849.235935,23466,9,1
2,Payment,1772290849.236587,3642,22,1
1,NewOrder,1772290849.236613,16251,18,1
1,NewOrder,1772290849.236631,9946,19,1
1,NewOrder,1772290849.237177,65802,4,1
1,NewOrder,1772290849.237219,58408,21,1
1,NewOrder,1772290849.237908,52927,7,1
2,Payment,1772290849.238805,6649,13,1
2,Payment,1772290849.240242,5164,22,1
5,StockLevel,1772290849.240872,4876,20,1
1,NewOrder,1772290849.242591,10210,23,1
5,StockLevel,1772290849.243425,28163,11,1
1,NewOrder,1772290849.245043,53278,8,1
2,Payment,1772290849.245192,23399,14,1
1,NewOrder,1772290849.245234,48417,5,1
2,Payment,1772290849.245441,3386,22,1
1,NewOrder,1772290849.245483,10741,13,1
2,Payment,1772290849.245668,3399,2,1
1,NewOrder,1772290849.245753,8959,20,1
2,Payment,1772290849.245983,15444,10,1
2,Payment,1772290849.246537,3521,15,1
1,NewOrder,1772290849.246582,6618,19,1
4,Delivery,1772290849.247310,39613,16,1
1,NewOrder,1772290849.248839,13434,22,1
1,NewOrder,1772290849.249077,7063,2,1
2,Payment,1772290849.250072,2223,15,1
1,NewOrder,1772290849.252307,20173,15,1
2,Payment,1772290849.252827,3044,23,1
2,Payment,1772290849.252874,8009,18,1
1,NewOrder,1772290849.253210,28196,19,1
1,NewOrder,1772290849.254736,32925,20,1
1,NewOrder,1772290849.255878,23854,23,1
2,Payment,1772290849.256145,1354,2,1
1,NewOrder,1772290849.256234,5592,13,1
1,NewOrder,1772290849.257505,6147,2,1
2,Payment,1772290849.258947,10356,3,1
2,Payment,1772290849.259408,16163,9,1
1,NewOrder,1772290849.259531,39702,0,1
2,Payment,1772290849.260911,4772,18,1
2,Payment,1772290849.261401,8468,17,1
2,Payment,1772290849.261435,1799,10,1
4,Delivery,1772290849.261588,29268,6,1
1,NewOrder,1772290849.261832,29048,13,1
2,Payment,1772290849.262292,4915,22,1
1,NewOrder,1772290849.263099,24949,1,1
1,NewOrder,1772290849.263238,21258,10,1
1,NewOrder,1772290849.263659,42731,2,1
1,NewOrder,1772290849.265694,22830,18,1
5,StockLevel,1772290849.267225,1416,22,1
2,Payment,1772290849.268601,2961,14,1
2,Payment,1772290849.268646,16418,22,1
1,NewOrder,1772290849.269310,40518,3,1
1,NewOrder,1772290849.269895,6522,17,1
2,Payment,1772290849.271588,1676,14,1
2,Payment,1772290849.271613,8092,11,1
1,NewOrder,1772290849.272493,16599,15,1
2,Payment,1772290849.272863,2346,12,1
2,Payment,1772290849.273279,3478,14,1
1,NewOrder,1772290849.275215,6555,12,1
2,Payment,1772290849.275581,21925,9,1
2,Payment,1772290849.276422,8614,17,1
2,Payment,1772290849.276762,1959,14,1
1,NewOrder,1772290849.278732,19206,14,1
3,OrderStatus,1772290849.279722,10907,11,1
2,Payment,1772290849.279742,6783,23,1
2,Payment,1772290849.281438,6551,19,1
1,NewOrder,1772290849.281781,36104,12,1
1,NewOrder,1772290849.284529,28832,10,1
1,NewOrder,1772290849.285043,29058,17,1
1,NewOrder,1772290849.285072,18998,22,1
2,Payment,1772290849.286535,2796,23,1
2,Payment,1772290849.286933,1543,16,1
2,Payment,1772290849.287687,12062,20,1
2,Payment,1772290849.288014,2516,19,1
1,NewOrder,1772290849.288066,41326,1,1
1,NewOrder,1772290849.288487,3251,16,1
2,Payment,1772290849.288539,14051,18,1
1,NewOrder,1772290849.289098,31244,15,1
1,NewOrder,1772290849.289336,27144,23,1
1,NewOrder,1772290849.290536,30726,19,1
1,NewOrder,1772290849.290637,29356,11,1
5,StockLevel,1772290849.290845,1939,7,1
1,NewOrder,1772290849.290860,5146,6,1
1,NewOrder,1772290849.290885,24061,13,1
3,OrderStatus,1772290849.291752,1262,16,1
1,NewOrder,1772290849.292810,23697,7,1
1,NewOrder,1772290849.293021,15587,16,1
1,NewOrder,1772290849.293676,43037,5,1
2,Payment,1772290849.295652,5362,21,1
1,NewOrder,1772290849.296012,14707,6,1
5,StockLevel,1772290849.297534,16140,9,1
2,Payment,1772290849.297948,8398,14,1
1,NewOrder,1772290849.298329,45239,8,1
1,NewOrder,1772290849.299258,44698,0,1
1,NewOrder,1772290849.299754,16309,20,1
2,Payment,1772290849.301025,3444,21,1
1,NewOrder,1772290849.302605,21140,18,1
5,StockLevel,1772290849.302991,28726,4,1
2,Payment,1772290849.304090,8675,22,1
3,OrderStatus,1772290849.304475,9351,21,1
1,NewOrder,1772290849.306356,16710,14,1
2,Payment,1772290849.306396,8541,2,1
4,Delivery,1772290849.308621,49331,16,1
2,Payment,1772290849.309854,16245,3,1
1,NewOrder,1772290849.310728,18571,6,1
1,NewOrder,1772290849.312783,41358,22,1
1,NewOrder,1772290849.313387,38701,10,1
4,Delivery,1772290849.313685,42218,9,1
3,OrderStatus,1772290849.313836,22836,21,1
2,Payment,1772290849.314106,6678,17,1
2,Payment,1772290849.314961,18597,2,1
2,Payment,1772290849.314964,7681,13,1
1,NewOrder,1772290849.316069,14511,20,1
2,Payment,1772290849.316492,4315,23,1
1,NewOrder,1772290849.316522,10076,7,1
2,Payment,1772290849.317895,13306,12,1
1,NewOrder,1772290849.320012,34218,11,1
1,NewOrder,1772290849.320368,27642,15,1
2,Payment,1772290849.320796,3329,17,1
3,OrderStatus,1772290849.320817,1056,23,1
2,Payment,1772290849.321269,3212,19,1
2,Payment,1772290849.321890,4543,23,1
2,Payment,1772290849.322655,10526,13,1
2,Payment,1772290849.323090,20246,14,1
1,NewOrder,1772290849.323761,27770,18,1
2,Payment,1772290849.324132,15388,17,1
2,Payment,1772290849.324493,3050,19,1
1,NewOrder,1772290849.326120,31461,3,1
2,Payment,1772290849.326444,2420,23,1
2,Payment,1772290849.326605,1430,7,1
1,NewOrder,1772290849.327557,56939,19,1
1,NewOrder,1772290849.328040,20443,7,1
2,Payment,1772290849.328870,1814,23,1
3,OrderStatus,1772290849.329305,22933,6,1
1,NewOrder,1772290849.329403,3409,1,1
2,Payment,1772290849.330590,39298,20,1
1,NewOrder,1772290849.330689,58843,23,1
2,Payment,1772290849.331211,4918,12,1
1,NewOrder,1772290849.331728,22485,4,1
1,NewOrder,1772290849.332830,53625,1,1
1,NewOrder,1772290849.333186,43011,13,1
5,StockLevel,1772290849.333584,1715,2,1
1,NewOrder,1772290849.335309,50777,2,1
2,Payment,1772290849.336154,5020,12,1
1,NewOrder,1772290849.336679,20824,21,1
2,Payment,1772290849.336735,1463,5,1
4,Delivery,1772290849.338210,57353,5,1
2,Payment,1772290849.339528,14267,17,1
1,NewOrder,1772290849.341199,45898,12,1
1,NewOrder,1772290849.343361,43063,14,1
2,Payment,1772290849.343579,1968,8,1
3,OrderStatus,1772290849.343967,839,0,1
2,Payment,1772290849.344812,1825,0,1
2,Payment,1772290849.345554,1659,8,1
1,NewOrder,1772290849.346662,39731,0,1
2,Payment,1772290849.347221,1659,8,1
2,Payment,1772290849.348017,9073,15,1
2,Payment,1772290849.348491,18194,7,1
1,NewOrder,1772290849.348895,37465,8,1
1,NewOrder,1772290849.351542,35474,18,1
1,NewOrder,1772290849.352094,8899,10,1
2,Payment,1772290849.352263,23964,6,1
2,Payment,1772290849.353805,24890,17,1
1,NewOrder,1772290849.354150,13142,22,1
1,NewOrder,1772290849.354217,12652,4,1
1,NewOrder,1772290849.354240,8763,11,1
2,Payment,1772290849.355908,23849,9,1
2,Payment,1772290849.357100,2512,15,1
5,StockLevel,1772290849.357507,1552,21,1
1,NewOrder,1772290849.357589,6692,3,1
5,StockLevel,1772290849.357961,2736,16,1
4,Delivery,1772290849.359064,9966,21,1
2,Payment,1772290849.359617,2871,15,1
2,Payment,1772290849.360703,10972,16,1
2,Payment,1772290849.360998,31625,10,1
2,Payment,1772290849.362494,2517,15,1
1,NewOrder,1772290849.363011,11828,11,1
1,NewOrder,1772290849.364287,5284,3,1
2,Payment,1772290849.365015,3800,15,1
1,NewOrder,1772290849.366693,10323,7,1
2,Payment,1772290849.366880,45500,4,1
1,NewOrder,1772290849.367298,5489,22,1
2,Payment,1772290849.368827,6952,15,1
1,NewOrder,1772290849.369050,16677,21,1
2,Payment,1772290849.369585,44226,3,1
1,NewOrder,1772290849.369895,3308,20,1
1,NewOrder,1772290849.371680,53004,16,1
2,Payment,1772290849.372794,2157,22,1
2,Payment,1772290849.373208,20675,20,1
3,OrderStatus,1772290849.374864,52752,11,1
1,NewOrder,1772290849.374967,86245,22,1
3,OrderStatus,1772290849.375785,36455,15,1
1,NewOrder,1772290849.376207,19011,13,1
1,NewOrder,1772290849.376232,22858,6,1
1,NewOrder,1772290849.377027,7483,7,1
2,Payment,1772290849.378706,3459,17,1
1,NewOrder,1772290849.379763,16793,9,1
1,NewOrder,1772290849.382176,17379,17,1
1,NewOrder,1772290849.384504,17069,19,1
5,StockLevel,1772290849.384516,15072,7,1
1,NewOrder,1772290849.385737,9372,21,1
1,NewOrder,1772290849.386097,8737,2,1
3,OrderStatus,1772290849.386364,1259,8,1
2,Payment,1772290849.386400,28635,0,1
2,Payment,1772290849.386432,2654,14,1
2,Payment,1772290849.386466,31293,1,1
1,NewOrder,1772290849.387023,15084,18,1
4,Delivery,1772290849.387104,7327,12,1
2,Payment,1772290849.387630,7302,8,1
2,Payment,1772290849.389092,1443,14,1
1,NewOrder,1772290849.389539,13353,23,1
2,Payment,1772290849.390540,1490,14,1
2,Payment,1772290849.392035,9149,14,1
2,Payment,1772290849.392628,7224,10,1
1,NewOrder,1772290849.393890,16194,20,1
1,NewOrder,1772290849.394437,9035,12,1
2,Payment,1772290849.394841,24453,2,1
1,NewOrder,1772290849.394937,33024,8,1
1,NewOrder,1772290849.395115,18216,21,1
2,Payment,1772290849.395228,8681,13,1
4,Delivery,1772290849.395571,56010,5,1
5,StockLevel,1772290849.396566,9929,9,1
1,NewOrder,1772290849.399099,9989,6,1
2,Payment,1772290849.399560,5533,17,1
1,NewOrder,1772290849.399599,10497,7,1
1,NewOrder,1772290849.399862,26689,10,1
2,Payment,1772290849.401188,6450,14,1
3,OrderStatus,1772290849.401584,741,19,1
2,Payment,1772290849.402113,1843,18,1
2,Payment,1772290849.402329,11145,19,1
2,Payment,1772290849.402898,12685,23,1
1,NewOrder,1772290849.403477,14335,12,1
1,NewOrder,1772290849.403919,7547,13,1
2,Payment,1772290849.403961,12884,18,1
2,Payment,1772290849.405097,1447,17,1
2,Payment,1772290849.406502,6521,9,1
1,NewOrder,1772290849.406550,34098,17,1
1,NewOrder,1772290849.407644,31536,14,1
2,Payment,1772290849.409098,16269,6,1
5,StockLevel,1772290849.410095,21652,20,1
2,Payment,1772290849.410104,16804,7,1
3,OrderStatus,1772290849.411476,5075,13,1
5,StockLevel,1772290849.412247,29693,15,1
1,NewOrder,1772290849.412387,45368,4,1
1,NewOrder,1772290849.413033,49386,9,1
2,Payment,1772290849.413341,15830,21,1
1,NewOrder,1772290849.413479,28781,19,1
1,NewOrder,1772290849.413820,7133,3,1
5,StockLevel,1772290849.415040,1617,0,1
2,Payment,1772290849.415590,2850,23,1
2,Payment,1772290849.416554,20846,13,1
1,NewOrder,1772290849.416662,7645,0,1
2,Payment,1772290849.416848,15201,18,1
5,StockLevel,1772290849.417769,1616,1,1
2,Payment,1772290849.417819,21764,12,1
1,NewOrder,1772290849.418445,19017,23,1
2,Payment,1772290849.419300,1107,2,1
2,Payment,1772290849.419390,2190,1,1
1,NewOrder,1772290849.420412,3336,2,1
3,OrderStatus,1772290849.420959,7915,3,1
1,NewOrder,1772290849.421584,8703,1,1
3,OrderStatus,1772290849.423753,9961,2,1
1,NewOrder,1772290849.424312,6353,0,1
1,NewOrder,1772290849.424694,4466,16,1
4,Delivery,1772290849.425375,11684,6,1
1,NewOrder,1772290849.426559,35066,10,1
2,Payment,1772290849.426913,3341,7,1
1,NewOrder,1772290849.427625,29162,11,1
1,NewOrder,1772290849.427966,39124,8,1
2,Payment,1772290849.428881,13406,3,1
2,Payment,1772290849.429164,13507,16,1
2,Payment,1772290849.429180,10447,21,1
3,OrderStatus,1772290849.430258,5541,7,1
1,NewOrder,1772290849.430293,16029,1,1
1,NewOrder,1772290849.430671,15178,0,1
4,Delivery,1772290849.431757,39651,20,1
1,NewOrder,1772290849.432060,17338,18,1
1,NewOrder,1772290849.433719,21372,2,1
1,NewOrder,1772290849.435806,35727,7,1
2,Payment,1772290849.437065,20023,6,1
5,StockLevel,1772290849.437418,3700,13,1
2,Payment,1772290849.437470,8884,23,1
2,Payment,1772290849.439190,1941,14,1
1,NewOrder,1772290849.439586,7097,12,1
3,OrderStatus,1772290849.439632,5995,21,1
1,NewOrder,1772290849.440652,27252,17,1
1,NewOrder,1772290849.441124,61904,13,1
1,NewOrder,1772290849.441136,45486,14,1
1,NewOrder,1772290849.441950,38450,15,1
4,Delivery,1772290849.442265,29358,19,1
1,NewOrder,1772290849.442293,5000,3,1
2,Payment,1772290849.442681,3698,16,1
2,Payment,1772290849.445638,4777,21,1
5,StockLevel,1772290849.445856,26390,0,1
2,Payment,1772290849.446328,1250,1,1
2,Payment,1772290849.446360,6486,23,1
2,Payment,1772290849.446384,1829,16,1
2,Payment,1772290849.446689,3302,12,1
1,NewOrder,1772290849.447299,38769,3,1
2,Payment,1772290849.447584,1447,1,1
2,Payment,1772290849.448217,3751,16,1
2,Payment,1772290849.449035,1298,1,1
2,Payment,1772290849.449404,7770,18,1
2,Payment,1772290849.449998,3061,12,1
2,Payment,1772290849.450338,1715,1,1
4,Delivery,1772290849.450420,21336,21,1
1,NewOrder,1772290849.451587,22650,5,1
2,Payment,1772290849.451973,2255,16,1
1,NewOrder,1772290849.452064,11970,1,1
1,NewOrder,1772290849.452851,35685,23,1
2,Payment,1772290849.453066,2633,12,1
3,OrderStatus,1772290849.454233,7370,16,1
1,NewOrder,1772290849.455102,16276,2,1
2,Payment,1772290849.455704,5104,12,1
2,Payment,1772290849.456792,7540,11,1
1,NewOrder,1772290849.457094,31112,6,1
1,NewOrder,1772290849.457178,25060,18,1
3,OrderStatus,1772290849.457762,8169,4,1
2,Payment,1772290849.460814,10109,12,1
1,NewOrder,1772290849.461219,3091,22,1
2,Payment,1772290849.461609,11851,16,1
1,NewOrder,1772290849.461636,60341,10,1
2,Payment,1772290849.462425,5943,9,1
1,NewOrder,1772290849.464044,22681,1,1
4,Delivery,1772290849.464318,7389,22,1
2,Payment,1772290849.464338,5752,11,1
3,OrderStatus,1772290849.465937,7080,4,1
1,NewOrder,1772290849.467096,54299,8,1
5,StockLevel,1772290849.467908,10064,17,1
1,NewOrder,1772290849.468376,60437,9,1
3,OrderStatus,1772290849.470097,11559,11,1
2,Payment,1772290849.470929,4186,12,1
2,Payment,1772290849.471385,1670,2,1
2,Payment,1772290849.471418,15369,20,1
1,NewOrder,1772290849.471540,64746,7,1
4,Delivery,1772290849.471630,7328,19,1
2,Payment,1772290849.471716,2567,22,1
4,Delivery,1772290849.471764,6897,21,1
2,Payment,1772290849.472255,31829,0,1
1,NewOrder,1772290849.473023,49014,4,1
1,NewOrder,1772290849.473058,8399,2,1
2,Payment,1772290849.473467,3104,16,1
2,Payment,1772290849.474241,5037,5,1
1,NewOrder,1772290849.474289,40132,22,1
1,NewOrder,1772290849.475122,27227,12,1
1,NewOrder,1772290849.476581,49529,16,1
1,NewOrder,1772290849.477977,10062,17,1
2,Payment,1772290849.478668,3018,21,1
2,Payment,1772290849.478965,3910,19,1
4,Delivery,1772290849.479292,19681,5,1
2,Payment,1772290849.480406,22727,15,1
2,Payment,1772290849.481469,24147,2,1
1,NewOrder,1772290849.481664,52677,11,1
2,Payment,1772290849.481692,8317,21,1
1,NewOrder,1772290849.482243,6778,18,1
2,Payment,1772290849.482881,5680,19,1
1,NewOrder,1772290849.486075,36165,3,1
1,NewOrder,1772290849.486629,12578,14,1
2,Payment,1772290849.486735,20213,1,1
1,NewOrder,1772290849.486797,40154,20,1
2,Payment,1772290849.488045,16451,17,1
1,NewOrder,1772290849.488210,39548,6,1
2,Payment,1772290849.488549,2827,23,1
2,Payment,1772290849.488571,4205,19,1
1,NewOrder,1772290849.489027,7213,18,1
1,NewOrder,1772290849.490017,8705,21,1
2,Payment,1772290849.491381,3014,23,1
3,OrderStatus,1772290849.492786,887,19,1
2,Payment,1772290849.493678,3014,19,1
2,Payment,1772290849.494401,6563,23,1
2,Payment,1772290849.496246,35109,18,1
2,Payment,1772290849.496697,2903,19,1
1,NewOrder,1772290849.498727,39954,21,1
1,NewOrder,1772290849.498984,43986,5,1
2,Payment,1772290849.499218,10653,14,1
1,NewOrder,1772290849.499605,11345,19,1
2,Payment,1772290849.500968,2122,23,1
2,Payment,1772290849.502354,3855,12,1
2,Payment,1772290849.503034,12793,13,1
1,NewOrder,1772290849.503095,45738,23,1
2,Payment,1772290849.503145,5416,15,1
1,NewOrder,1772290849.504091,49733,0,1
2,Payment,1772290849.504502,6777,17,1
1,NewOrder,1772290849.505627,20803,2,1
4,Delivery,1772290849.506215,3432,12,1
2,Payment,1772290849.506959,2062,1,1
1,NewOrder,1772290849.508566,18264,15,1
2,Payment,1772290849.509027,1936,1,1
2,Payment,1772290849.509651,7947,12,1
2,Payment,1772290849.509874,2763,14,1
1,NewOrder,1772290849.510960,40291,19,1
1,NewOrder,1772290849.510969,13401,1,1
1,NewOrder,1772290849.511285,8586,17,1
1,NewOrder,1772290849.512643,31103,14,1
2,Payment,1772290849.514433,7569,22,1
1,NewOrder,1772290849.515835,32651,13,1
1,NewOrder,1772290849.517607,25375,12,1
2,Payment,1772290849.519876,9294,17,1
2,Payment,1772290849.521402,8661,8,1
1,NewOrder,1772290849.521989,38046,10,1
1,NewOrder,1772290849.522010,29783,22,1
2,Payment,1772290849.522043,7903,4,1
3,OrderStatus,1772290849.522251,7408,3,1
2,Payment,1772290849.524381,7524,1,1
2,Payment,1772290849.526121,6558,16,1
2,Payment,1772290849.526437,6695,2,1
1,NewOrder,1772290849.526836,26590,15,1
4,Delivery,1772290849.526962,5862,20,1
2,Payment,1772290849.527768,7974,6,1
4,Delivery,1772290849.528820,61938,9,1
2,Payment,1772290849.529180,5516,17,1
2,Payment,1772290849.529669,8229,3,1
2,Payment,1772290849.529950,18751,4,1
1,NewOrder,1772290849.530070,52510,8,1
1,NewOrder,1772290849.531365,28686,18,1
1,NewOrder,1772290849.531916,2802,1,1
2,Payment,1772290849.532686,8659,16,1
4,Delivery,1772290849.532832,26859,20,1
1,NewOrder,1772290849.533139,5881,2,1
2,Payment,1772290849.534347,17353,11,1
2,Payment,1772290849.534703,7831,17,1
2,Payment,1772290849.534724,4728,1,1
2,Payment,1772290849.535747,18055,6,1
1,NewOrder,1772290849.536292,53789,7,1
1,NewOrder,1772290849.537909,55224,3,1
2,Payment,1772290849.538692,5747,21,1
2,Payment,1772290849.539030,2701,2,1
3,OrderStatus,1772290849.539458,702,1,1
4,Delivery,1772290849.540165,40986,1,1
2,Payment,1772290849.541356,15579,16,1
1,NewOrder,1772290849.541737,53381,2,1
1,NewOrder,1772290849.542545,7210,17,1
1,NewOrder,1772290849.542981,2544,5,1
1,NewOrder,1772290849.542993,48139,12,1
5,StockLevel,1772290849.543751,14147,14,1
2,Payment,1772290849.544451,4865,21,1
1,NewOrder,1772290849.545532,23017,5,1
1,NewOrder,1772290849.548494,20484,13,1
1,NewOrder,1772290849.548709,42936,4,1
1,NewOrder,1772290849.548840,19675,23,1
1,NewOrder,1772290849.549327,30123,21,1
1,NewOrder,1772290849.549762,10379,17,1
1,NewOrder,1772290849.551256,17217,19,1
1,NewOrder,1772290849.551706,41090,11,1
2,Payment,1772290849.551804,7369,22,1
4,Delivery,1772290849.553433,29657,15,1
2,Payment,1772290849.553809,1333,6,1
2,Payment,1772290849.553831,8394,0,1
2,Payment,1772290849.555147,2243,6,1
2,Payment,1772290849.556942,8025,16,1
1,NewOrder,1772290849.557397,32609,6,1
2,Payment,1772290849.557903,11918,14,1
4,Delivery,1772290849.559184,1605,22,1
1,NewOrder,1772290849.559701,20239,20,1
1,NewOrder,1772290849.560040,41949,10,1
1,NewOrder,1772290849.560058,23002,18,1
1,NewOrder,1772290849.560146,37212,17,1
1,NewOrder,1772290849.560795,33408,22,1
1,NewOrder,1772290849.562235,35837,0,1
3,OrderStatus,1772290849.564976,26086,16,1
1,NewOrder,1772290849.568481,40023,19,1
5,StockLevel,1772290849.568518,13096,23,1
2,Payment,1772290849.568557,1593,5,1
3,OrderStatus,1772290849.568990,1002,13,1
2,Payment,1772290849.569831,1183,14,1
1,NewOrder,1772290849.569998,6913,13,1
1,NewOrder,1772290849.570155,4805,5,1
2,Payment,1772290849.571019,1275,14,1
3,OrderStatus,1772290849.572298,768,14,1
5,StockLevel,1772290849.573071,1303,14,1
5,StockLevel,1772290849.574378,10101,14,1
2,Payment,1772290849.574966,2312,5,1
2,Payment,1772290849.576921,9788,13,1
2,Payment,1772290849.577284,1779,5,1
1,NewOrder,1772290849.579068,30139,5,1
2,Payment,1772290849.579461,3628,21,1
1,NewOrder,1772290849.579945,29645,20,1
3,OrderStatus,1772290849.581157,6145,1,1
1,NewOrder,1772290849.581618,28001,23,1
1,NewOrder,1772290849.582591,22423,8,1
2,Payment,1772290849.583065,5897,18,1
1,NewOrder,1772290849.583095,29607,21,1
2,Payment,1772290849.583101,19474,15,1
2,Payment,1772290849.584489,20919,14,1
2,Payment,1772290849.586717,20145,13,1
2,Payment,1772290849.587308,5903,1,1
1,NewOrder,1772290849.588972,24419,18,1
2,Payment,1772290849.590017,4573,6,1
3,OrderStatus,1772290849.590095,724,7,1
1,NewOrder,1772290849.590768,14999,9,1
1,NewOrder,1772290849.590829,11638,7,1
1,NewOrder,1772290849.591069,40364,16,1
1,NewOrder,1772290849.591142,12723,12,1
1,NewOrder,1772290849.591653,8839,4,1
1,NewOrder,1772290849.592801,36825,11,1
2,Payment,1772290849.593138,4431,3,1
2,Payment,1772290849.593221,5804,1,1
1,NewOrder,1772290849.594208,31048,22,1
1,NewOrder,1772290849.594596,10536,6,1
1,NewOrder,1772290849.595122,31680,2,1
3,OrderStatus,1772290849.597368,4183,17,1
1,NewOrder,1772290849.597575,34179,3,1
2,Payment,1772290849.598083,22712,0,1
4,Delivery,1772290849.599036,32758,1,1
2,Payment,1772290849.600499,21638,4,1
2,Payment,1772290849.601561,18072,17,1
2,Payment,1772290849.601996,27972,10,1
1,NewOrder,1772290849.602473,40259,7,1
2,Payment,1772290849.602583,5550,15,1
1,NewOrder,1772290849.603870,10455,12,1
1,NewOrder,1772290849.605018,42189,8,1
1,NewOrder,1772290849.605143,19330,6,1
1,NewOrder,1772290849.605423,33218,14,1
2,Payment,1772290849.605770,26059,9,1
1,NewOrder,1772290849.606868,20235,13,1
1,NewOrder,1772290849.608144,4043,15,1
1,NewOrder,1772290849.608514,8283,19,1
2,Payment,1772290849.609217,15687,5,1
1,NewOrder,1772290849.609596,8240,20,1
2,Payment,1772290849.609625,3446,23,1
1,NewOrder,1772290849.612193,29847,15,1
1,NewOrder,1772290849.612708,5956,21,1
1,NewOrder,1772290849.613078,5448,23,1
2,Payment,1772290849.613396,1266,18,1
1,NewOrder,1772290849.614330,4374,12,1
1,NewOrder,1772290849.614668,3974,18,1
2,Payment,1772290849.616802,2062,19,1
3,OrderStatus,1772290849.617844,44004,20,1
2,Payment,1772290849.618532,2204,23,1
1,NewOrder,1772290849.618646,26424,18,1
2,Payment,1772290849.618669,33669,21,1
1,NewOrder,1772290849.618709,65384,12,1
3,OrderStatus,1772290849.618868,657,19,1
3,OrderStatus,1772290849.619529,611,19,1
1,NewOrder,1772290849.619643,21896,17,1
1,NewOrder,1772290849.620144,57582,19,1
4,Delivery,1772290849.620741,74233,23,1
1,NewOrder,1772290849.620800,21589,0,1
5,StockLevel,1772290849.622147,1658,4,1
2,Payment,1772290849.623814,3884,4,1
2,Payment,1772290849.624480,8536,6,1
1,NewOrder,1772290849.624912,15647,5,1
1,NewOrder,1772290849.625263,29167,22,1
2,Payment,1772290849.626809,2096,2,1
2,Payment,1772290849.627111,5383,13,1
2,Payment,1772290849.627702,9952,4,1
4,Delivery,1772290849.628910,3387,2,1
2,Payment,1772290849.629637,4723,11,1
1,NewOrder,1772290849.629973,31613,10,1
2,Payment,1772290849.631439,6536,16,1
1,NewOrder,1772290849.631760,20699,3,1
1,NewOrder,1772290849.631800,16587,1,1
1,NewOrder,1772290849.631840,23309,9,1
1,NewOrder,1772290849.632303,37605,2,1
1,NewOrder,1772290849.632499,17148,13,1
1,NewOrder,1772290849.633022,39805,6,1
2,Payment,1772290849.634366,1688,11,1
2,Payment,1772290849.636058,3190,11,1
1,NewOrder,1772290849.637659,17325,4,1
2,Payment,1772290849.637985,6478,16,1
2,Payment,1772290849.638646,7796,14,1
3,OrderStatus,1772290849.639253,5945,11,1
2,Payment,1772290849.640569,6615,5,1
2,Payment,1772290849.641550,7490,17,1
2,Payment,1772290849.642047,8152,15,1
2,Payment,1772290849.642392,6674,0,1
1,NewOrder,1772290849.642740,10275,7,1
2,Payment,1772290849.644469,8361,16,1
1,NewOrder,1772290849.645076,37006,18,1
4,Delivery,1772290849.645202,53676,11,1
2,Payment,1772290849.646449,4969,14,1
1,NewOrder,1772290849.647195,26438,5,1
2,Payment,1772290849.647213,1877,8,1
1,NewOrder,1772290849.648393,10743,1,1
1,NewOrder,1772290849.649049,7989,17,1
1,NewOrder,1772290849.649072,19540,0,1
1,NewOrder,1772290849.649096,24281,8,1
1,NewOrder,1772290849.649654,8324,13,1
2,Payment,1772290849.650205,4586,15,1
2,Payment,1772290849.651424,4519,14,1
1,NewOrder,1772290849.652343,32516,21,1
2,Payment,1772290849.652466,3806,3,1
2,Payment,1772290849.652833,5460,16,1
2,Payment,1772290849.653019,3281,7,1
1,NewOrder,1772290849.654441,33719,22,1
2,Payment,1772290849.654797,7356,15,1
2,Payment,1772290849.654989,9808,4,1
1,NewOrder,1772290849.655159,26571,9,1
2,Payment,1772290849.655947,3421,14,1
1,NewOrder,1772290849.656278,5779,3,1
1,NewOrder,1772290849.656304,67208,7,1
2,Payment,1772290849.657041,21256,17,1
2,Payment,1772290849.657982,23351,13,1
2,Payment,1772290849.658299,5923,16,1
1,NewOrder,1772290849.659142,46594,1,1
2,Payment,1772290849.659374,8305,14,1
2,Payment,1772290849.661654,7549,10,1
1,NewOrder,1772290849.661858,3327,20,1
2,Payment,1772290849.662063,7827,3,1
2,Payment,1772290849.662159,8336,15,1
2,Payment,1772290849.664306,12254,16,1
2,Payment,1772290849.664807,1332,4,1
1,NewOrder,1772290849.665195,61051,20,1
4,Delivery,1772290849.666144,68426,4,1
5,StockLevel,1772290849.667688,35651,14,1
2,Payment,1772290849.668625,4681,0,1
5,StockLevel,1772290849.669209,15750,10,1
1,NewOrder,1772290849.669900,48884,3,1
4,Delivery,1772290849.669924,65540,2,1
4,Delivery,1772290849.670503,63676,15,1
1,NewOrder,1772290849.672835,12341,6,1
2,Payment,1772290849.673312,4450,0,1
1,NewOrder,1772290849.673390,4997,8,1
1,NewOrder,1772290849.673638,3025,5,1
1,NewOrder,1772290849.676594,46881,16,1
2,Payment,1772290849.676673,4214,5,1
1,NewOrder,1772290849.677732,13161,19,1
2,Payment,1772290849.677768,14505,0,1
2,Payment,1772290849.678305,6278,17,1
5,StockLevel,1772290849.678395,41912,8,1
2,Payment,1772290849.680892,20314,5,1
2,Payment,1772290849.681342,11027,13,1
2,Payment,1772290849.681742,2812,9,1
2,Payment,1772290849.682091,2416,18,1
2,Payment,1772290849.684103,9720,12,1
2,Payment,1772290849.684525,1964,18,1
2,Payment,1772290849.684572,3100,9,1
1,NewOrder,1772290849.684598,45989,17,1
2,Payment,1772290849.684869,2797,21,1
1,NewOrder,1772290849.684974,8472,10,1
1,NewOrder,1772290849.685202,18535,6,1
1,NewOrder,1772290849.686503,46176,18,1
1,NewOrder,1772290849.687670,16999,21,1
2,Payment,1772290849.687677,4821,9,1
2,Payment,1772290849.688165,3562,22,1
1,NewOrder,1772290849.690903,13152,19,1
1,NewOrder,1772290849.691733,6423,22,1
2,Payment,1772290849.692293,11989,0,1
1,NewOrder,1772290849.692378,36253,13,1
2,Payment,1772290849.692509,11649,9,1
1,NewOrder,1772290849.693456,11770,10,1
1,NewOrder,1772290849.693833,27653,12,1
1,NewOrder,1772290849.694981,9443,23,1
2,Payment,1772290849.698177,4003,22,1
2,Payment,1772290849.698883,6601,11,1
1,NewOrder,1772290849.701212,42315,5,1
2,Payment,1772290849.702200,2700,22,1
2,Payment,1772290849.703365,17029,14,1
2,Payment,1772290849.703747,14628,6,1
2,Payment,1772290849.704061,2329,19,1
1,NewOrder,1772290849.704168,37775,9,1
1,NewOrder,1772290849.704289,4574,0,1
1,NewOrder,1772290849.704431,14100,23,1
1,NewOrder,1772290849.704679,17165,21,1
2,Payment,1772290849.704914,3095,22,1
1,NewOrder,1772290849.705241,13320,10,1
1,NewOrder,1772290849.705495,5356,11,1
2,Payment,1772290849.705746,12091,1,1
2,Payment,1772290849.706400,4125,19,1
1,NewOrder,1772290849.708021,11520,22,1
1,NewOrder,1772290849.708874,21831,0,1
1,NewOrder,1772290849.710530,20088,19,1
2,Payment,1772290849.710865,10596,11,1
2,Payment,1772290849.717842,7774,1,1
1,NewOrder,1772290849.718385,25113,6,1
1,NewOrder,1772290849.718543,14384,23,1
1,NewOrder,1772290849.718572,15914,10,1
1,NewOrder,1772290849.718795,26767,3,1
1,NewOrder,1772290849.719555,47143,22,1
1,NewOrder,1772290849.720333,22099,8,1
2,Payment,1772290849.720411,7608,14,1
2,Payment,1772290849.721473,1684,11,1
1,NewOrder,1772290849.721510,18076,12,1
1,NewOrder,1772290849.721870,37119,21,1
1,NewOrder,1772290849.723168,6161,11,1
4,Delivery,1772290849.723488,11975,16,1
1,NewOrder,1772290849.723527,5457,7,1
3,OrderStatus,1772290849.725632,5640,1,1
1,NewOrder,1772290849.726251,13596,20,1
2,Payment,1772290849.728035,7991,14,1
1,NewOrder,1772290849.728656,17919,13,1
2,Payment,1772290849.728995,9994,7,1
2,Payment,1772290849.729336,27227,11,1
4,Delivery,1772290849.730595,4869,17,1
1,NewOrder,1772290849.730627,42135,19,1
1,NewOrder,1772290849.730715,38951,0,1
2,Payment,1772290849.731287,8904,1,1
1,NewOrder,1772290849.732690,13344,18,1
3,OrderStatus,1772290849.732938,3252,23,1
1,NewOrder,1772290849.734194,24918,15,1
4,Delivery,1772290849.734512,52532,10,1
2,Payment,1772290849.734596,7384,4,1
2,Payment,1772290849.735472,6116,16,1
2,Payment,1772290849.735474,3907,17,1
2,Payment,1772290849.735475,8296,2,1
2,Payment,1772290849.736031,7030,14,1
2,Payment,1772290849.736201,25575,23,1
2,Payment,1772290849.739010,22161,7,1
2,Payment,1772290849.739406,8211,17,1
2,Payment,1772290849.739611,10616,12,1
4,Delivery,1772290849.739858,28984,20,1
1,NewOrder,1772290849.740202,15692,1,1
1,NewOrder,1772290849.741599,13866,16,1
2,Payment,1772290849.741969,17771,9,1
2,Payment,1772290849.741995,8136,4,1
1,NewOrder,1772290849.742458,7118,8,1
1,NewOrder,1772290849.743067,16083,14,1
2,Payment,1772290849.743524,19105,6,1
2,Payment,1772290849.743552,10107,5,1
1,NewOrder,1772290849.743797,6900,2,1
2,Payment,1772290849.745572,10295,3,1
1,NewOrder,1772290849.746039,42707,18,1
1,NewOrder,1772290849.746583,36659,13,1
2,Payment,1772290849.747627,3733,17,1
1,NewOrder,1772290849.749580,41789,8,1
1,NewOrder,1772290849.750146,42883,4,1
2,Payment,1772290849.750253,2356,12,1
1,NewOrder,1772290849.750704,7750,2,1
2,Payment,1772290849.751367,2709,17,1
1,NewOrder,1772290849.752620,40919,12,1
2,Payment,1772290849.753683,5543,5,1
2,Payment,1772290849.754093,1881,17,1
1,NewOrder,1772290849.755479,17312,16,1
2,Payment,1772290849.755893,11782,3,1
2,Payment,1772290849.755920,15075,1,1
4,Delivery,1772290849.755989,58287,17,1
5,StockLevel,1772290849.756574,8816,11,1
2,Payment,1772290849.758468,10675,2,1
2,Payment,1772290849.758995,4502,21,1
1,NewOrder,1772290849.759115,39661,15,1
1,NewOrder,1772290849.759159,31840,14,1
3,OrderStatus,1772290849.759230,30725,5,1
1,NewOrder,1772290849.759746,23243,9,1
3,OrderStatus,1772290849.761197,664,7,1
1,NewOrder,1772290849.761786,14666,23,1
2,Payment,1772290849.761867,1962,7,1
2,Payment,1772290849.762640,16349,6,1
1,NewOrder,1772290849.763502,12973,21,1
1,NewOrder,1772290849.763834,27594,7,1
2,Payment,1772290849.765400,15058,11,1
2,Payment,1772290849.766709,3855,22,1
1,NewOrder,1772290849.767700,41634,3,1
2,Payment,1772290849.768852,6447,20,1
3,OrderStatus,1772290849.769149,857,2,1
1,NewOrder,1772290849.769676,38290,0,1
2,Payment,1772290849.770011,2373,2,1
3,OrderStatus,1772290849.770591,4008,22,1
1,NewOrder,1772290849.771006,22568,1,1
1,NewOrder,1772290849.772397,5787,2,1
3,OrderStatus,1772290849.772769,615,19,1
2,Payment,1772290849.772796,1507,16,1
2,Payment,1772290849.773393,3848,19,1
2,Payment,1772290849.774310,1773,16,1
2,Payment,1772290849.774609,4955,22,1
5,StockLevel,1772290849.775312,1913,20,1
2,Payment,1772290849.776089,3046,16,1
2,Payment,1772290849.776460,11883,23,1
1,NewOrder,1772290849.776481,38272,21,1
2,Payment,1772290849.777250,55241,20,1
2,Payment,1772290849.777255,8343,19,1
2,Payment,1772290849.778188,1741,2,1
1,NewOrder,1772290849.778994,21533,6,1
1,NewOrder,1772290849.779140,33616,16,1
1,NewOrder,1772290849.779574,35704,22,1
1,NewOrder,1772290849.779935,6081,2,1
1,NewOrder,1772290849.780482,6921,11,1
5,StockLevel,1772290849.782997,12726,9,1
2,Payment,1772290849.783252,9868,13,1
2,Payment,1772290849.785622,4148,19,1
2,Payment,1772290849.786022,4625,2,1
1,NewOrder,1772290849.787057,12075,10,1
1,NewOrder,1772290849.787409,35649,11,1
1,NewOrder,1772290849.788348,50377,23,1
1,NewOrder,1772290849.788757,26751,18,1
1,NewOrder,1772290849.789778,36613,19,1
2,Payment,1772290849.789966,6982,5,1
1,NewOrder,1772290849.790652,39354,2,1
1,NewOrder,1772290849.791011,38710,14,1
5,StockLevel,1772290849.791375,12877,8,1
1,NewOrder,1772290849.791432,25038,7,1
3,OrderStatus,1772290849.793033,4856,4,1
1,NewOrder,1772290849.793130,20203,13,1
1,NewOrder,1772290849.793543,15161,12,1
2,Payment,1772290849.793584,4599,1,1
2,Payment,1772290849.795729,3435,9,1
1,NewOrder,1772290849.796958,42739,5,1
1,NewOrder,1772290849.797895,39728,4,1
2,Payment,1772290849.798194,2842,1,1
4,Delivery,1772290849.798786,15846,15,1
2,Payment,1772290849.799144,2629,10,1
2,Payment,1772290849.799173,4085,9,1
1,NewOrder,1772290849.800533,13757,6,1
2,Payment,1772290849.801046,1639,1,1
1,NewOrder,1772290849.801780,25707,10,1
2,Payment,1772290849.802692,2287,1,1
3,OrderStatus,1772290849.803263,2314,9,1
1,NewOrder,1772290849.804257,45450,8,1
2,Payment,1772290849.804985,6495,1,1
2,Payment,1772290849.805582,5562,9,1
2,Payment,1772290849.807976,5935,0,1
1,NewOrder,1772290849.808708,46070,12,1
2,Payment,1772290849.809340,6554,3,1
2,Payment,1772290849.811150,4429,9,1
2,Payment,1772290849.811489,11899,1,1
3,OrderStatus,1772290849.812763,12203,16,1
1,NewOrder,1772290849.813339,38265,13,1
1,NewOrder,1772290849.813916,35203,0,1
1,NewOrder,1772290849.814280,11521,17,1
1,NewOrder,1772290849.814295,53075,6,1
2,Payment,1772290849.814637,1563,15,1
1,NewOrder,1772290849.814757,29396,21,1
1,NewOrder,1772290849.815289,28843,22,1
1,NewOrder,1772290849.815514,29895,18,1
2,Payment,1772290849.815584,7838,9,1
4,Delivery,1772290849.815899,27572,3,1
2,Payment,1772290849.816208,1335,15,1
2,Payment,1772290849.816477,9885,7,1
1,NewOrder,1772290849.817548,2637,15,1
1,NewOrder,1772290849.820190,26801,15,1
2,Payment,1772290849.823069,4675,11,1
1,NewOrder,1772290849.823394,15846,1,1
5,StockLevel,1772290849.823427,34230,9,1
4,Delivery,1772290849.824976,28145,16,1
2,Payment,1772290849.825812,10115,17,1
2,Payment,1772290849.826368,7418,7,1
2,Payment,1772290849.826396,1640,19,1
2,Payment,1772290849.827498,17216,10,1
1,NewOrder,1772290849.827748,18994,11,1
2,Payment,1772290849.828042,1261,19,1
1,NewOrder,1772290849.829309,12231,19,1
1,NewOrder,1772290849.829728,12654,14,1
5,StockLevel,1772290849.830013,5413,2,1
3,OrderStatus,1772290849.832498,1583,20,1
1,NewOrder,1772290849.833791,36525,7,1
1,NewOrder,1772290849.834090,35181,20,1
1,NewOrder,1772290849.835437,9218,2,1
2,Payment,1772290849.835932,7831,17,1
2,Payment,1772290849.837628,7834,4,1
3,OrderStatus,1772290849.838736,3757,23,1
1,NewOrder,1772290849.839246,15042,1,1
2,Payment,1772290849.839702,7370,5,1
2,Payment,1772290849.841544,15439,19,1
4,Delivery,1772290849.842391,11884,14,1
2,Payment,1772290849.842498,15932,23,1
2,Payment,1772290849.843477,16864,3,1
1,NewOrder,1772290849.843767,7081,17,1
2,Payment,1772290849.844142,20560,22,1
2,Payment,1772290849.844158,15662,21,1
1,NewOrder,1772290849.844661,33376,2,1
2,Payment,1772290849.844719,16013,10,1
3,OrderStatus,1772290849.845418,808,18,1
2,Payment,1772290849.845475,2946,4,1
1,NewOrder,1772290849.846231,10032,18,1
1,NewOrder,1772290849.846748,28288,11,1
2,Payment,1772290849.846996,16616,15,1
1,NewOrder,1772290849.847077,6890,5,1
3,OrderStatus,1772290849.848427,2337,4,1
2,Payment,1772290849.849125,3636,0,1
2,Payment,1772290849.849718,21445,8,1
2,Payment,1772290849.850770,13340,4,1
1,NewOrder,1772290849.850853,5747,17,1
1,NewOrder,1772290849.851615,19163,13,1
2,Payment,1772290849.852766,2327,0,1
2,Payment,1772290849.853127,1356,16,1
2,Payment,1772290849.853972,7851,5,1
1,NewOrder,1772290849.854284,24837,14,1
1,NewOrder,1772290849.854293,43253,1,1
2,Payment,1772290849.854487,32363,16,1
3,OrderStatus,1772290849.854785,7667,12,1
2,Payment,1772290849.855098,1470,0,1
2,Payment,1772290849.856273,10369,18,1
2,Payment,1772290849.856573,2508,0,1
3,OrderStatus,1772290849.856606,1653,17,1
1,NewOrder,1772290849.856988,23361,19,1
2,Payment,1772290849.857666,16309,9,1
2,Payment,1772290849.858267,41250,17,1
1,NewOrder,1772290849.858436,3721,23,1
1,NewOrder,1772290849.859086,51098,0,1
1,NewOrder,1772290849.859824,37622,21,1
2,Payment,1772290849.860344,5764,3,1
2,Payment,1772290849.860740,1476,10,1
4,Delivery,1772290849.861829,55677,5,1
1,NewOrder,1772290849.862163,34090,23,1
1,NewOrder,1772290849.862222,30680,10,1
2,Payment,1772290849.862459,39088,12,1
1,NewOrder,1772290849.863617,17586,15,1
1,NewOrder,1772290849.864115,36864,4,1
2,Payment,1772290849.864713,7764,22,1
5,StockLevel,1772290849.866113,29915,3,1
2,Payment,1772290849.866651,11049,18,1
1,NewOrder,1772290849.867376,13276,6,1
2,Payment,1772290849.869281,10424,20,1
2,Payment,1772290849.870322,2535,7,1
1,NewOrder,1772290849.870789,10334,13,1
1,NewOrder,1772290849.871174,29048,8,1
1,NewOrder,1772290849.872481,34695,22,1
1,NewOrder,1772290849.872865,22500,7,1
1,NewOrder,1772290849.873982,4455,9,1
5,StockLevel,1772290849.875042,5344,11,1
2,Payment,1772290849.877706,12284,18,1
1,NewOrder,1772290849.878041,5059,2,1
2,Payment,1772290849.878442,10659,9,1
2,Payment,1772290849.879132,9661,14,1
3,OrderStatus,1772290849.879715,971,20,1
1,NewOrder,1772290849.880370,57433,19,1
2,Payment,1772290849.880392,15901,11,1
1,NewOrder,1772290849.880660,4241,6,1
3,OrderStatus,1772290849.880692,634,20,1
1,NewOrder,1772290849.881127,49371,13,1
2,Payment,1772290849.881212,14685,15,1
2,Payment,1772290849.881332,2610,20,1
1,NewOrder,1772290849.883104,49649,2,1
2,Payment,1772290849.883947,7888,20,1
1,NewOrder,1772290849.884906,58460,6,1
2,Payment,1772290849.886861,3429,16,1
1,NewOrder,1772290849.888804,43643,14,1
2,Payment,1772290849.889108,1571,9,1
1,NewOrder,1772290849.889995,21538,18,1
2,Payment,1772290849.890297,1138,16,1
1,NewOrder,1772290849.890685,38450,9,1
4,Delivery,1772290849.891440,68253,16,1
1,NewOrder,1772290849.891842,16982,20,1
2,Payment,1772290849.892914,4910,10,1
1,NewOrder,1772290849.895371,13968,7,1
1,NewOrder,1772290849.895908,38537,15,1
1,NewOrder,1772290849.896032,13852,3,1
1,NewOrder,1772290849.896263,14965,23,1
2,Payment,1772290849.896301,17333,11,1
2,Payment,1772290849.897452,5782,21,1
1,NewOrder,1772290849.897556,22652,1,1
5,StockLevel,1772290849.897830,26873,10,1
3,OrderStatus,1772290849.899526,3416,17,1
2,Payment,1772290849.900232,3032,8,1
5,StockLevel,1772290849.900986,10896,4,1
1,NewOrder,1772290849.901553,11765,12,1
2,Payment,1772290849.902953,6445,17,1
1,NewOrder,1772290849.903239,17339,21,1
2,Payment,1772290849.903271,1292,8,1
1,NewOrder,1772290849.904568,40653,8,1
3,OrderStatus,1772290849.907187,3499,22,1
1,NewOrder,1772290849.908828,33343,20,1
1,NewOrder,1772290849.909349,7448,7,1
4,Delivery,1772290849.909405,50603,17,1
1,NewOrder,1772290849.909891,12464,3,1
3,OrderStatus,1772290849.910188,3400,0,1
2,Payment,1772290849.910695,4373,22,1
3,OrderStatus,1772290849.911233,17840,23,1
2,Payment,1772290849.911544,5692,18,1
2,Payment,1772290849.911886,5295,4,1
1,NewOrder,1772290849.913333,21788,12,1
1,NewOrder,1772290849.913594,8514,0,1
1,NewOrder,1772290849.913639,30015,11,1
1,NewOrder,1772290849.915078,7303,22,1
2,Payment,1772290849.916804,16727,7,1
5,StockLevel,1772290849.917186,3118,4,1
5,StockLevel,1772290849.917239,32854,18,1
1,NewOrder,1772290849.917511,33258,5,1
2,Payment,1772290849.920233,2090,1,1
1,NewOrder,1772290849.920329,9212,4,1
1,NewOrder,1772290849.920592,21606,21,1
2,Payment,1772290849.922135,2093,0,1
2,Payment,1772290849.922340,7176,1,1
2,Payment,1772290849.922370,5274,3,1
2,Payment,1772290849.922402,1238,22,1
2,Payment,1772290849.923646,1275,22,1
2,Payment,1772290849.924254,14012,0,1
2,Payment,1772290849.924728,10367,10,1
1,NewOrder,1772290849.924925,3202,22,1
1,NewOrder,1772290849.927654,73505,3,1
2,Payment,1772290849.928132,2054,22,1
2,Payment,1772290849.929080,3707,23,1
1,NewOrder,1772290849.929145,51528,9,1
2,Payment,1772290849.929523,3204,1,1
2,Payment,1772290849.929547,5643,4,1
1,NewOrder,1772290849.930191,58345,22,1
2,Payment,1772290849.930508,8504,13,1
1,NewOrder,1772290849.932458,23262,14,1
1,NewOrder,1772290849.932740,59052,1,1
2,Payment,1772290849.932769,4078,2,1
2,Payment,1772290849.932804,2351,23,1
1,NewOrder,1772290849.933556,29847,7,1
1,NewOrder,1772290849.934456,17091,15,1
1,NewOrder,1772290849.935101,17931,10,1
1,NewOrder,1772290849.935128,15385,12,1
4,Delivery,1772290849.935163,71885,23,1
2,Payment,1772290849.935196,6465,4,1
2,Payment,1772290849.936860,2588,2,1
1,NewOrder,1772290849.937813,20570,19,1
1,NewOrder,1772290849.938271,14370,0,1
1,NewOrder,1772290849.939022,29637,13,1
1,NewOrder,1772290849.939461,7405,2,1
1,NewOrder,1772290849.941686,59398,4,1
2,Payment,1772290849.942182,1443,20,1
2,Payment,1772290849.942209,20900,21,1
1,NewOrder,1772290849.943374,19401,6,1
1,NewOrder,1772290849.943631,5606,20,1
2,Payment,1772290849.943659,2240,11,1
1,NewOrder,1772290849.945227,25297,8,1
4,Delivery,1772290849.945916,58217,11,1
2,Payment,1772290849.946875,5093,2,1
2,Payment,1772290849.949250,19398,20,1
1,NewOrder,1772290849.950107,23216,18,1
2,Payment,1772290849.950537,6610,12,1
1,NewOrder,1772290849.950781,53833,5,1
1,NewOrder,1772290849.951557,25458,15,1
1,NewOrder,1772290849.951975,32973,2,1
2,Payment,1772290849.952664,10202,0,1
1,NewOrder,1772290849.953038,4611,10,1
1,NewOrder,1772290849.955747,17954,14,1
1,NewOrder,1772290849.957157,13172,12,1
2,Payment,1772290849.957658,1295,10,1
4,Delivery,1772290849.958393,49090,19,1
1,NewOrder,1772290849.958969,42240,10,1
1,NewOrder,1772290849.959704,4507,16,1
4,Delivery,1772290849.960018,18483,17,1
2,Payment,1772290849.962790,5188,6,1
1,NewOrder,1772290849.962881,42838,0,1
2,Payment,1772290849.963134,15013,21,1
2,Payment,1772290849.963428,6236,7,1
1,NewOrder,1772290849.964221,3086,16,1
1,NewOrder,1772290849.967311,15098,16,1
2,Payment,1772290849.967988,5014,6,1
1,NewOrder,1772290849.968657,32575,20,1
4,Delivery,1772290849.968665,10135,13,1
1,NewOrder,1772290849.969675,23333,7,1
2,Payment,1772290849.970338,3008,12,1
3,OrderStatus,1772290849.970529,3830,8,1
1,NewOrder,1772290849.973012,20105,6,1
1,NewOrder,1772290849.973332,50979,18,1
2,Payment,1772290849.973351,5301,12,1
1,NewOrder,1772290849.973713,50323,14,1
2,Payment,1772290849.974369,7192,8,1
2,Payment,1772290849.977022,12461,15,1
1,NewOrder,1772290849.978155,25362,21,1
1,NewOrder,1772290849.978505,4350,17,1
2,Payment,1772290849.978660,5617,12,1
1,NewOrder,1772290849.978809,5124,13,1
1,NewOrder,1772290849.980679,33092,9,1
2,Payment,1772290849.981566,4771,8,1
1,NewOrder,1772290849.982420,22528,16,1
2,Payment,1772290849.982867,4325,17,1
5,StockLevel,1772290849.983940,12689,13,1
2,Payment,1772290849.984283,8750,12,1
2,Payment,1772290849.984953,14382,2,1
2,Payment,1772290849.986342,10319,8,1
1,NewOrder,1772290849.987200,56327,17,1
2,Payment,1772290849.988542,12573,22,1
1,NewOrder,1772290849.989489,40157,15,1
1,NewOrder,1772290849.991802,27297,1,1
2,Payment,1772290849.993012,8096,7,1
1,NewOrder,1772290849.993043,52110,12,1
1,NewOrder,1772290849.993129,36371,6,1
1,NewOrder,1772290849.996635,60750,13,1
4,Delivery,1772290849.996670,26916,8,1
1,NewOrder,1772290849.999347,10756,2,1
1,NewOrder,1772290850.001089,14513,4,1
2,Payment,1772290850.001118,26494,7,1
1,NewOrder,1772290850.001121,31702,22,1
2,Payment,1772290850.001169,4261,3,1
1,NewOrder,1772290850.001220,14329,10,1
2,Payment,1772290850.001238,3252,20,1
1,NewOrder,1772290850.003522,15270,21,1
2,Payment,1772290850.004139,4803,11,1
2,Payment,1772290850.004494,4819,20,1
2,Payment,1772290850.004626,3593,5,1
1,NewOrder,1772290850.004953,10236,16,1
1,NewOrder,1772290850.005440,53103,3,1
1,NewOrder,1772290850.005728,38254,0,1
1,NewOrder,1772290850.007061,16610,23,1
2,Payment,1772290850.007500,3057,19,1
2,Payment,1772290850.008227,7683,5,1
1,NewOrder,1772290850.008967,13494,11,1
1,NewOrder,1772290850.009327,13880,20,1
2,Payment,1772290850.010108,6968,2,1
2,Payment,1772290850.010563,2121,19,1
1,NewOrder,1772290850.012687,8033,19,1
1,NewOrder,1772290850.013796,14175,9,1
1,NewOrder,1772290850.015214,37754,16,1
1,NewOrder,1772290850.015575,29337,10,1
2,Payment,1772290850.015607,13907,4,1
1,NewOrder,1772290850.015922,23635,5,1
1,NewOrder,1772290850.017093,3258,2,1
2,Payment,1772290850.018802,3075,21,1
2,Payment,1772290850.019106,12019,1,1
2,Payment,1772290850.020365,12152,2,1
1,NewOrder,1772290850.020730,21577,19,1
2,Payment,1772290850.021890,2563,21,1
1,NewOrder,1772290850.022472,7847,11,1
1,NewOrder,1772290850.023216,17300,20,1
1,NewOrder,1772290850.023592,22478,8,1
1,NewOrder,1772290850.023681,8508,23,1
1,NewOrder,1772290850.024048,30481,14,1
4,Delivery,1772290850.024317,16424,18,1
2,Payment,1772290850.024460,3533,21,1
1,NewOrder,1772290850.027618,31176,7,1
1,NewOrder,1772290850.027978,14070,9,1
2,Payment,1772290850.027998,2390,21,1
1,NewOrder,1772290850.029524,34404,6,1
1,NewOrder,1772290850.029541,30785,4,1
1,NewOrder,1772290850.029658,34661,15,1
2,Payment,1772290850.030332,5999,11,1
4,Delivery,1772290850.030403,12829,21,1
1,NewOrder,1772290850.031129,9314,1,1
4,Delivery,1772290850.032214,11375,23,1
2,Payment,1772290850.032528,1591,2,1
2,Payment,1772290850.032834,1645,22,1
1,NewOrder,1772290850.034125,55969,2,1
4,Delivery,1772290850.034486,6613,22,1
1,NewOrder,1772290850.036357,64111,11,1
1,NewOrder,1772290850.039568,24694,5,1
2,Payment,1772290850.040469,18360,1,1
2,Payment,1772290850.040531,51513,20,1
2,Payment,1772290850.040774,3179,18,1
3,OrderStatus,1772290850.041106,1563,22,1
2,Payment,1772290850.042068,9041,9,1
1,NewOrder,1772290850.042318,21573,19,1
2,Payment,1772290850.042676,6032,22,1
1,NewOrder,1772290850.043253,63730,21,1
1,NewOrder,1772290850.043545,21191,17,1
1,NewOrder,1772290850.043611,56789,23,1
2,Payment,1772290850.043957,1799,18,1
1,NewOrder,1772290850.043990,7620,0,1
3,OrderStatus,1772290850.044917,5365,10,1
2,Payment,1772290850.045162,7375,12,1
2,Payment,1772290850.045761,5666,18,1
5,StockLevel,1772290850.046092,2216,8,1
1,NewOrder,1772290850.048326,48018,8,1
2,Payment,1772290850.048744,4119,22,1
2,Payment,1772290850.050306,9546,10,1
3,OrderStatus,1772290850.051118,5701,9,1
2,Payment,1772290850.051432,3446,18,1
1,NewOrder,1772290850.051616,55817,0,1
2,Payment,1772290850.052544,7374,12,1
2,Payment,1772290850.052874,3565,22,1
1,NewOrder,1772290850.052993,2919,16,1
1,NewOrder,1772290850.054554,13911,14,1
2,Payment,1772290850.054883,33696,18,1
1,NewOrder,1772290850.055919,46651,16,1
2,Payment,1772290850.056451,30843,22,1
2,Payment,1772290850.056829,6577,9,1
3,OrderStatus,1772290850.057396,5120,13,1
2,Payment,1772290850.058569,5736,3,1
1,NewOrder,1772290850.058800,9791,7,1
2,Payment,1772290850.058835,74705,1,1
1,NewOrder,1772290850.059862,45929,10,1
2,Payment,1772290850.059929,1222,12,1
1,NewOrder,1772290850.060336,22083,4,1
1,NewOrder,1772290850.061158,19303,12,1
3,OrderStatus,1772290850.062541,2167,13,1
2,Payment,1772290850.063431,19405,9,1
1,NewOrder,1772290850.063901,16159,19,1
2,Payment,1772290850.063936,3544,6,1
2,Payment,1772290850.064273,2427,5,1
1,NewOrder,1772290850.064314,16159,3,1
2,Payment,1772290850.064329,3649,15,1
1,NewOrder,1772290850.064713,9075,13,1
1,NewOrder,1772290850.064747,5377,17,1
2,Payment,1772290850.066710,2113,5,1
1,NewOrder,1772290850.067486,14222,6,1
3,OrderStatus,1772290850.067986,3484,15,1
4,Delivery,1772290850.068473,11600,14,1
1,NewOrder,1772290850.068601,11903,7,1
2,Payment,1772290850.068830,1673,5,1
1,NewOrder,1772290850.070131,5420,17,1
1,NewOrder,1772290850.070509,7971,5,1
1,NewOrder,1772290850.071477,13366,15,1
1,NewOrder,1772290850.073793,33106,13,1
2,Payment,1772290850.075558,1907,17,1
2,Payment,1772290850.077470,3272,17,1
5,StockLevel,1772290850.078490,1672,5,1
2,Payment,1772290850.080070,9903,19,1
2,Payment,1772290850.080080,15536,14,1
2,Payment,1772290850.080172,51535,5,1
2,Payment,1772290850.080465,3528,12,1
1,NewOrder,1772290850.080492,8957,3,1
2,Payment,1772290850.080514,3840,7,1
2,Payment,1772290850.080747,1737,17,1
1,NewOrder,1772290850.081718,15284,6,1
1,NewOrder,1772290850.082424,9645,4,1
4,Delivery,1772290850.082490,66622,17,1
1,NewOrder,1772290850.082846,23400,9,1
1,NewOrder,1772290850.083999,54056,12,1
3,OrderStatus,1772290850.084365,1256,7,1
2,Payment,1772290850.084853,1265,15,1
2,Payment,1772290850.085627,6028,7,1
2,Payment,1772290850.086125,1718,15,1
1,NewOrder,1772290850.087302,22502,22,1
1,NewOrder,1772290850.087848,39664,15,1
1,NewOrder,1772290850.088584,11281,18,1
1,NewOrder,1772290850.089457,45893,3,1
2,Payment,1772290850.089984,4127,19,1
2,Payment,1772290850.090100,47561,2,1
2,Payment,1772290850.091662,9448,7,1
1,NewOrder,1772290850.092050,18356,20,1
1,NewOrder,1772290850.092075,47458,4,1
1,NewOrder,1772290850.094117,27117,19,1
2,Payment,1772290850.095626,6160,14,1
4,Delivery,1772290850.096350,19635,8,1
2,Payment,1772290850.097008,5257,6,1
2,Payment,1772290850.099869,6291,18,1
2,Payment,1772290850.100406,6835,23,1
5,StockLevel,1772290850.100479,9585,11,1
1,NewOrder,1772290850.101114,39005,7,1
5,StockLevel,1772290850.101795,48449,14,1
1,NewOrder,1772290850.102270,4586,6,1
4,Delivery,1772290850.102581,46918,16,1
1,NewOrder,1772290850.105798,11853,10,1
2,Payment,1772290850.106166,4594,18,1
1,NewOrder,1772290850.106251,12430,9,1
1,NewOrder,1772290850.106861,39717,6,1
1,NewOrder,1772290850.106910,12709,13,1
2,Payment,1772290850.106996,6357,21,1
2,Payment,1772290850.107251,4772,23,1
2,Payment,1772290850.107437,28763,0,1
1,NewOrder,1772290850.109809,8781,22,1
3,OrderStatus,1772290850.110074,3095,11,1
1,NewOrder,1772290850.110417,57546,20,1
1,NewOrder,1772290850.110766,7875,18,1
1,NewOrder,1772290850.112028,8457,23,1
5,StockLevel,1772290850.113176,4632,11,1
2,Payment,1772290850.113363,1241,21,1
3,OrderStatus,1772290850.114609,1182,21,1
1,NewOrder,1772290850.115796,27649,21,1
2,Payment,1772290850.115990,2038,8,1
2,Payment,1772290850.117659,1535,10,1
1,NewOrder,1772290850.117819,7631,11,1
2,Payment,1772290850.118034,2474,8,1
1,NewOrder,1772290850.118607,11418,22,1
2,Payment,1772290850.118659,2975,18,1
2,Payment,1772290850.118691,3413,9,1
2,Payment,1772290850.119199,4085,10,1
2,Payment,1772290850.119625,11052,13,1
1,NewOrder,1772290850.120489,45683,23,1
1,NewOrder,1772290850.120517,6537,8,1
2,Payment,1772290850.121240,12257,19,1
5,StockLevel,1772290850.121642,16112,18,1
1,NewOrder,1772290850.122114,3722,9,1
1,NewOrder,1772290850.123289,9844,10,1
1,NewOrder,1772290850.125456,29946,11,1
2,Payment,1772290850.125842,1972,9,1
1,NewOrder,1772290850.127059,27660,8,1
2,Payment,1772290850.127523,4656,15,1
2,Payment,1772290850.127819,1300,9,1
2,Payment,1772290850.129122,1954,9,1
2,Payment,1772290850.130036,44770,22,1
2,Payment,1772290850.130687,3746,13,1
4,Delivery,1772290850.131081,58195,9,1
2,Payment,1772290850.131711,3257,5,1
1,NewOrder,1772290850.132189,20364,15,1
1,NewOrder,1772290850.133137,17568,10,1
1,NewOrder,1772290850.133505,14210,19,1
2,Payment,1772290850.133544,6521,1,1
1,NewOrder,1772290850.134444,16609,13,1
1,NewOrder,1772290850.134973,13320,5,1
1,NewOrder,1772290850.135355,12484,3,1
1,NewOrder,1772290850.136206,14142,0,1
1,NewOrder,1772290850.137668,11349,2,1
1,NewOrder,1772290850.137764,27288,18,1
2,Payment,1772290850.138059,2029,12,1
2,Payment,1772290850.139544,10781,4,1
1,NewOrder,1772290850.140070,3809,1,1
1,NewOrder,1772290850.140094,31801,12,1
2,Payment,1772290850.140124,9073,7,1
2,Payment,1772290850.143455,17274,21,1
1,NewOrder,1772290850.143884,4321,1,1
2,Payment,1772290850.146588,18217,6,1
2,Payment,1772290850.147721,14253,19,1
1,NewOrder,1772290850.147850,29724,3,1
2,Payment,1772290850.148210,5756,1,1
2,Payment,1772290850.148305,7685,5,1
1,NewOrder,1772290850.149026,5986,2,1
2,Payment,1772290850.149119,15516,17,1
1,NewOrder,1772290850.149208,23291,7,1
3,OrderStatus,1772290850.149506,765,16,1
2,Payment,1772290850.150251,25553,14,1
2,Payment,1772290850.150277,16240,16,1
1,NewOrder,1772290850.150337,22820,4,1
1,NewOrder,1772290850.150354,4009,0,1
1,NewOrder,1772290850.150710,37202,10,1
1,NewOrder,1772290850.151064,14985,13,1
2,Payment,1772290850.152560,21802,15,1
4,Delivery,1772290850.153971,12522,1,1
1,NewOrder,1772290850.154368,2759,0,1
1,NewOrder,1772290850.154728,5571,8,1
2,Payment,1772290850.155017,2666,2,1
2,Payment,1772290850.155412,55770,11,1
2,Payment,1772290850.155996,2837,5,1
2,Payment,1772290850.157134,4665,0,1
1,NewOrder,1772290850.157687,30134,2,1
2,Payment,1772290850.158844,5405,5,1
2,Payment,1772290850.160305,41031,8,1
2,Payment,1772290850.160741,2435,21,1
1,NewOrder,1772290850.161804,27984,0,1
2,Payment,1772290850.161984,6758,19,1
2,Payment,1772290850.163183,6801,21,1
1,NewOrder,1772290850.164256,24783,5,1
1,NewOrder,1772290850.164639,3930,17,1
2,Payment,1772290850.164816,1721,6,1
2,Payment,1772290850.165061,23793,18,1
1,NewOrder,1772290850.166056,31173,13,1
2,Payment,1772290850.166178,7367,23,1
1,NewOrder,1772290850.166499,33751,1,1
1,NewOrder,1772290850.166527,19064,16,1
4,Delivery,1772290850.166543,23042,6,1
2,Payment,1772290850.167968,3273,20,1
4,Delivery,1772290850.168576,25137,17,1
2,Payment,1772290850.168747,9910,19,1
1,NewOrder,1772290850.169989,18178,21,1
2,Payment,1772290850.171247,25400,20,1
3,OrderStatus,1772290850.171906,6331,12,1
2,Payment,1772290850.172508,27518,7,1
2,Payment,1772290850.173168,29689,4,1
1,NewOrder,1772290850.173552,48500,23,1
2,Payment,1772290850.174367,11351,15,1
5,StockLevel,1772290850.174815,1723,22,1
1,NewOrder,1772290850.175812,12058,14,1
1,NewOrder,1772290850.176543,41633,22,1
2,Payment,1772290850.177579,31532,3,1
2,Payment,1772290850.178247,37985,12,1
5,StockLevel,1772290850.178667,1688,19,1
2,Payment,1772290850.180365,24190,19,1
5,StockLevel,1772290850.185598,17099,16,1
2,Payment,1772290850.185723,5073,15,1
2,Payment,1772290850.187835,24421,2,1
2,Payment,1772290850.187881,4335,14,1
1,NewOrder,1772290850.187923,3105,10,1
1,NewOrder,1772290850.188172,33080,21,1
2,Payment,1772290850.188864,8917,18,1
1,NewOrder,1772290850.189046,8647,5,1
1,NewOrder,1772290850.189287,20865,9,1
1,NewOrder,1772290850.189593,19444,6,1
1,NewOrder,1772290850.189797,12279,0,1
2,Payment,1772290850.190800,3469,15,1
1,NewOrder,1772290850.191035,5294,10,1
2,Payment,1772290850.192223,3369,14,1
1,NewOrder,1772290850.193721,21350,17,1
4,Delivery,1772290850.194276,29713,15,1
1,NewOrder,1772290850.195603,25623,14,1
1,NewOrder,1772290850.196339,42651,10,1
2,Payment,1772290850.196652,2668,20,1
2,Payment,1772290850.197236,10734,13,1
2,Payment,1772290850.197699,20650,5,1
2,Payment,1772290850.197787,3077,18,1
1,NewOrder,1772290850.199328,12798,20,1
4,Delivery,1772290850.200032,22605,7,1
2,Payment,1772290850.200256,20926,1,1
2,Payment,1772290850.200869,21588,18,1
2,Payment,1772290850.201342,5973,8,1
1,NewOrder,1772290850.202082,4256,0,1
2,Payment,1772290850.202702,37662,16,1
1,NewOrder,1772290850.202868,19556,4,1
2,Payment,1772290850.204563,5485,19,1
2,Payment,1772290850.206344,28892,0,1
1,NewOrder,1772290850.207320,9123,8,1
1,NewOrder,1772290850.207981,7314,13,1
2,Payment,1772290850.209043,10564,6,1
2,Payment,1772290850.209125,14222,3,1
2,Payment,1772290850.210053,3486,19,1
2,Payment,1772290850.210159,12311,9,1
1,NewOrder,1772290850.211192,4577,11,1
2,Payment,1772290850.212140,7596,20,1
2,Payment,1772290850.212266,1906,2,1
1,NewOrder,1772290850.213545,12138,19,1
5,StockLevel,1772290850.214177,2905,2,1
2,Payment,1772290850.215083,20025,17,1
2,Payment,1772290850.215303,23148,13,1
1,NewOrder,1772290850.215776,5059,11,1
1,NewOrder,1772290850.216260,17320,12,1
2,Payment,1772290850.216453,34663,8,1
2,Payment,1772290850.217093,8388,2,1
3,OrderStatus,1772290850.218182,3510,22,1
2,Payment,1772290850.218355,18859,5,1
2,Payment,1772290850.219613,6677,6,1
1,NewOrder,1772290850.219746,18665,20,1
1,NewOrder,1772290850.220841,19483,11,1
3,OrderStatus,1772290850.221185,4591,1,1
1,NewOrder,1772290850.221238,10262,14,1
1,NewOrder,1772290850.221259,38897,21,1
2,Payment,1772290850.221700,2887,22,1
1,NewOrder,1772290850.222060,37800,23,1
5,StockLevel,1772290850.222429,25518,4,1
1,NewOrder,1772290850.222462,11335,18,1
1,NewOrder,1772290850.222476,37586,9,1
1,NewOrder,1772290850.222642,36450,7,1
2,Payment,1772290850.223353,3743,3,1
2,Payment,1772290850.223993,37117,15,1
2,Payment,1772290850.224593,4491,22,1
2,Payment,1772290850.225485,4725,2,1
2,Payment,1772290850.225688,22385,19,1
2,Payment,1772290850.225783,6562,1,1
2,Payment,1772290850.226294,4999,6,1
1,NewOrder,1772290850.227102,33083,3,1
1,NewOrder,1772290850.229095,10416,22,1
1,NewOrder,1772290850.230215,23505,2,1
2,Payment,1772290850.231298,16743,6,1
3,OrderStatus,1772290850.231511,794,14,1
2,Payment,1772290850.232312,25841,14,1
5,StockLevel,1772290850.232351,12873,1,1
1,NewOrder,1772290850.233591,6814,12,1
1,NewOrder,1772290850.233807,10451,18,1
1,NewOrder,1772290850.235121,9937,17,1
4,Delivery,1772290850.235243,4403,0,1
2,Payment,1772290850.237218,4802,5,1
1,NewOrder,1772290850.238417,10716,20,1
2,Payment,1772290850.238459,4583,13,1
1,NewOrder,1772290850.238995,7306,10,1
1,NewOrder,1772290850.239516,6757,22,1
2,Payment,1772290850.239651,6806,0,1
2,Payment,1772290850.240329,22404,11,1
2,Payment,1772290850.240383,5882,16,1
2,Payment,1772290850.240415,12895,12,1
1,NewOrder,1772290850.242025,29019,5,1
1,NewOrder,1772290850.243047,4954,13,1
1,NewOrder,1772290850.244269,15862,18,1
1,NewOrder,1772290850.245069,32440,17,1
4,Delivery,1772290850.245235,25059,1,1
2,Payment,1772290850.246270,9463,16,1
5,StockLevel,1772290850.246278,3232,22,1
1,NewOrder,1772290850.246307,35373,10,1
1,NewOrder,1772290850.246462,17410,0,1
3,OrderStatus,1772290850.247958,6100,4,1
2,Payment,1772290850.248007,18324,13,1
2,Payment,1772290850.248045,6967,6,1
2,Payment,1772290850.248083,2066,19,1
2,Payment,1772290850.249138,8384,20,1
1,NewOrder,1772290850.249515,40649,22,1
1,NewOrder,1772290850.250154,21045,19,1
5,StockLevel,1772290850.251125,3743,8,1
3,OrderStatus,1772290850.253320,12526,12,1
2,Payment,1772290850.253731,6607,2,1
1,NewOrder,1772290850.254063,36417,4,1
1,NewOrder,1772290850.254875,19795,8,1
1,NewOrder,1772290850.255018,11891,6,1
2,Payment,1772290850.255737,8755,16,1
2,Payment,1772290850.257528,8349,20,1
3,OrderStatus,1772290850.258158,870,14,1
1,NewOrder,1772290850.259031,16267,14,1
1,NewOrder,1772290850.259098,6896,7,1
4,Delivery,1772290850.259870,28369,23,1
1,NewOrder,1772290850.260068,34355,9,1
1,NewOrder,1772290850.260138,58694,18,1
1,NewOrder,1772290850.260166,48521,21,1
2,Payment,1772290850.260190,14163,3,1
2,Payment,1772290850.260343,21787,2,1
5,StockLevel,1772290850.261117,1818,15,1
1,NewOrder,1772290850.262740,13603,11,1
1,NewOrder,1772290850.262939,59444,15,1
2,Payment,1772290850.263878,19940,0,1
2,Payment,1772290850.264498,3048,16,1
1,NewOrder,1772290850.265856,8839,12,1
1,NewOrder,1772290850.265883,21427,20,1
2,Payment,1772290850.265999,15196,7,1
2,Payment,1772290850.266338,2378,13,1
2,Payment,1772290850.266918,15520,6,1
1,NewOrder,1772290850.267551,40176,16,1
4,Delivery,1772290850.268722,24245,13,1
4,Delivery,1772290850.270299,34958,1,1
2,Payment,1772290850.271051,14130,5,1
2,Payment,1772290850.271205,3515,19,1
1,NewOrder,1772290850.274358,57937,3,1
1,NewOrder,1772290850.274678,4764,8,1
1,NewOrder,1772290850.274700,4769,12,1
2,Payment,1772290850.274725,4327,19,1
4,Delivery,1772290850.275309,18072,14,1
1,NewOrder,1772290850.276356,32716,11,1
2,Payment,1772290850.277520,2933,17,1
1,NewOrder,1772290850.279063,43656,19,1
1,NewOrder,1772290850.279447,26745,8,1
4,Delivery,1772290850.279474,13927,12,1
2,Payment,1772290850.280462,2822,17,1
1,NewOrder,1772290850.281204,48103,7,1
1,NewOrder,1772290850.281691,11348,10,1
2,Payment,1772290850.282135,17291,2,1
3,OrderStatus,1772290850.282449,783,6,1
2,Payment,1772290850.283237,16348,6,1
2,Payment,1772290850.283291,2284,17,1
4,Delivery,1772290850.283825,21941,0,1
1,NewOrder,1772290850.285185,38176,5,1
2,Payment,1772290850.285581,3047,17,1
1,NewOrder,1772290850.287317,37023,20,1
2,Payment,1772290850.288244,2572,23,1
1,NewOrder,1772290850.288634,4816,17,1
2,Payment,1772290850.290170,3421,22,1
5,StockLevel,1772290850.290488,24018,4,1
1,NewOrder,1772290850.290823,41054,23,1
2,Payment,1772290850.292977,7161,13,1
2,Payment,1772290850.293145,8369,10,1
2,Payment,1772290850.293390,2743,14,1
2,Payment,1772290850.293407,3924,12,1
2,Payment,1772290850.293456,1412,17,1
1,NewOrder,1772290850.293597,4558,22,1
1,NewOrder,1772290850.294427,7006,9,1
2,Payment,1772290850.294873,16593,17,1
4,Delivery,1772290850.296138,13137,14,1
5,StockLevel,1772290850.297337,2775,12,1
1,NewOrder,1772290850.298160,2849,22,1
1,NewOrder,1772290850.299430,29421,2,1
1,NewOrder,1772290850.299594,23158,6,1
1,NewOrder,1772290850.300116,21084,12,1
1,NewOrder,1772290850.300149,2773,13,1
1,NewOrder,1772290850.301031,6635,22,1
2,Payment,1772290850.301438,7666,9,1
1,NewOrder,1772290850.301522,20800,10,1
1,NewOrder,1772290850.302928,31685,13,1
2,Payment,1772290850.305268,9760,1,1
2,Payment,1772290850.305787,2700,0,1
2,Payment,1772290850.306214,4528,8,1
2,Payment,1772290850.307677,10591,22,1
4,Delivery,1772290850.307737,3162,16,1
4,Delivery,1772290850.308494,1681,0,1
1,NewOrder,1772290850.308696,31013,21,1
2,Payment,1772290850.309115,3252,11,1
1,NewOrder,1772290850.309117,33223,9,1
3,OrderStatus,1772290850.309286,9195,14,1
2,Payment,1772290850.310179,6596,0,1
3,OrderStatus,1772290850.310748,827,8,1
1,NewOrder,1772290850.310907,41152,16,1
2,Payment,1772290850.311476,12312,17,1
1,NewOrder,1772290850.311582,4381,8,1
2,Payment,1772290850.312379,1203,11,1
5,StockLevel,1772290850.313607,1489,11,1
2,Payment,1772290850.314520,9254,4,1
2,Payment,1772290850.315037,10409,1,1
1,NewOrder,1772290850.315099,10078,11,1
1,NewOrder,1772290850.315968,18667,8,1
2,Payment,1772290850.316798,9977,0,1
1,NewOrder,1772290850.318286,52281,22,1
5,StockLevel,1772290850.318506,19928,14,1
2,Payment,1772290850.318837,8631,18,1
1,NewOrder,1772290850.321223,17821,12,1
2,Payment,1772290850.322334,9008,10,1
2,Payment,1772290850.322408,2718,15,1
2,Payment,1772290850.322734,7511,19,1
1,NewOrder,1772290850.322777,47417,6,1
2,Payment,1772290850.323370,10863,5,1
2,Payment,1772290850.323783,18805,4,1
2,Payment,1772290850.323797,9612,17,1
5,StockLevel,1772290850.324345,29704,20,1
1,NewOrder,1772290850.325136,5514,15,1
3,OrderStatus,1772290850.325183,7171,11,1
4,Delivery,1772290850.325452,3825,1,1
2,Payment,1772290850.326785,16918,0,1
1,NewOrder,1772290850.327478,34054,18,1
5,StockLevel,1772290850.328857,30863,2,1
1,NewOrder,1772290850.329282,43294,1,1
2,Payment,1772290850.329317,14954,7,1
1,NewOrder,1772290850.330251,37913,19,1
4,Delivery,1772290850.330657,55995,15,1
2,Payment,1772290850.331347,4196,10,1
1,NewOrder,1772290850.331886,9991,23,1
1,NewOrder,1772290850.332300,39295,3,1
2,Payment,1772290850.332359,4951,11,1
1,NewOrder,1772290850.333425,10888,17,1
1,NewOrder,1772290850.334238,49726,5,1
2,Payment,1772290850.334617,1340,13,1
1,NewOrder,1772290850.334644,37486,8,1
2,Payment,1772290850.335547,4199,10,1
1,NewOrder,1772290850.335966,31261,13,1
2,Payment,1772290850.337322,5312,11,1
1,NewOrder,1772290850.338444,12311,14,1
1,NewOrder,1772290850.339056,9064,12,1
2,Payment,1772290850.339743,18178,21,1
5,StockLevel,1772290850.339751,1590,10,1
1,NewOrder,1772290850.341351,17089,10,1
2,Payment,1772290850.341901,2952,23,1
1,NewOrder,1772290850.342364,6143,9,1
1,NewOrder,1772290850.342611,34473,4,1
2,Payment,1772290850.342648,3946,11,1
3,OrderStatus,1772290850.343715,5275,0,1
1,NewOrder,1772290850.344288,36706,7,1
2,Payment,1772290850.344336,1822,17,1
1,NewOrder,1772290850.344857,21081,23,1
1,NewOrder,1772290850.346164,3514,17,1
1,NewOrder,1772290850.346603,6563,11,1
2,Payment,1772290850.348129,4487,12,1
5,StockLevel,1772290850.348531,8735,9,1
2,Payment,1772290850.348997,10954,0,1
2,Payment,1772290850.349684,4224,17,1
2,Payment,1772290850.350765,8863,14,1
2,Payment,1772290850.352076,3014,16,1
1,NewOrder,1772290850.352626,38508,12,1
2,Payment,1772290850.353188,8598,11,1
2,Payment,1772290850.353913,4436,17,1
1,NewOrder,1772290850.354059,24305,20,1
1,NewOrder,1772290850.355099,10046,16,1
2,Payment,1772290850.357289,8208,9,1
1,NewOrder,1772290850.357945,34681,21,1
1,NewOrder,1772290850.358361,45660,17,1
2,Payment,1772290850.358447,9774,10,1
2,Payment,1772290850.359651,4767,14,1
2,Payment,1772290850.359743,9304,2,1
1,NewOrder,1772290850.359964,4732,0,1
1,NewOrder,1772290850.361555,31201,18,1
2,Payment,1772290850.361791,8845,11,1
1,NewOrder,1772290850.364442,26730,14,1
2,Payment,1772290850.364705,5825,0,1
2,Payment,1772290850.365155,24277,16,1
2,Payment,1772290850.365502,13076,9,1
2,Payment,1772290850.365962,10723,23,1
1,NewOrder,1772290850.367232,39490,13,1
1,NewOrder,1772290850.368179,5941,19,1
2,Payment,1772290850.368246,3957,10,1
1,NewOrder,1772290850.369057,44489,2,1
1,NewOrder,1772290850.370217,25321,6,1
3,OrderStatus,1772290850.370554,2840,0,1
2,Payment,1772290850.370591,8313,22,1
1,NewOrder,1772290850.370649,46539,11,1
1,NewOrder,1772290850.371599,42032,3,1
1,NewOrder,1772290850.372144,25651,8,1
2,Payment,1772290850.372219,2203,10,1
3,OrderStatus,1772290850.372586,4326,1,1
1,NewOrder,1772290850.373435,22801,0,1
2,Payment,1772290850.374129,13907,19,1
2,Payment,1772290850.374428,1330,10,1
1,NewOrder,1772290850.375768,24939,10,1
1,NewOrder,1772290850.376694,25715,23,1
2,Payment,1772290850.376922,7414,1,1
1,NewOrder,1772290850.377094,10280,4,1
2,Payment,1772290850.378378,1718,20,1
1,NewOrder,1772290850.378590,38245,9,1
1,NewOrder,1772290850.378914,8365,22,1
2,Payment,1772290850.380110,1357,20,1
2,Payment,1772290850.381004,8754,7,1
1,NewOrder,1772290850.381471,5855,20,1
1,NewOrder,1772290850.383974,44920,5,1
2,Payment,1772290850.384347,10406,1,1
1,NewOrder,1772290850.386657,39930,15,1
1,NewOrder,1772290850.387303,28073,22,1
2,Payment,1772290850.387351,4329,20,1
2,Payment,1772290850.387398,8489,4,1
2,Payment,1772290850.388043,2220,19,1
1,NewOrder,1772290850.389441,22214,16,1
3,OrderStatus,1772290850.389768,7048,7,1
2,Payment,1772290850.390270,2862,19,1
2,Payment,1772290850.391142,7159,12,1
2,Payment,1772290850.391197,4764,14,1
2,Payment,1772290850.391689,7147,20,1
1,NewOrder,1772290850.392630,30955,21,1
1,NewOrder,1772290850.392787,25942,18,1
2,Payment,1772290850.393141,6969,19,1
2,Payment,1772290850.394764,9590,1,1
2,Payment,1772290850.395547,8766,6,1
1,NewOrder,1772290850.395903,24272,4,1
1,NewOrder,1772290850.395966,33353,14,1
1,NewOrder,1772290850.396256,27608,0,1
2,Payment,1772290850.396819,9312,7,1
4,Delivery,1772290850.397805,39537,8,1
2,Payment,1772290850.398306,4659,12,1
1,NewOrder,1772290850.398840,20717,20,1
1,NewOrder,1772290850.400119,56877,19,1
1,NewOrder,1772290850.400717,30492,10,1
2,Payment,1772290850.402415,13028,23,1
2,Payment,1772290850.402974,12760,12,1
1,NewOrder,1772290850.404030,25491,17,1
1,NewOrder,1772290850.404323,9636,6,1
3,OrderStatus,1772290850.404357,1231,1,1
2,Payment,1772290850.405592,1716,1,1
1,NewOrder,1772290850.406137,7772,7,1
2,Payment,1772290850.406732,10846,13,1
2,Payment,1772290850.407313,4265,1,1
2,Payment,1772290850.411587,2346,1,1
1,NewOrder,1772290850.411664,15330,16,1
1,NewOrder,1772290850.413570,37220,2,1
2,Payment,1772290850.413637,9895,3,1
1,NewOrder,1772290850.413921,26859,7,1
4,Delivery,1772290850.413944,38925,1,1
1,NewOrder,1772290850.413973,31420,6,1
1,NewOrder,1772290850.415398,22863,22,1
1,NewOrder,1772290850.415466,15713,23,1
1,NewOrder,1772290850.415745,14451,12,1
1,NewOrder,1772290850.416859,17851,9,1
2,Payment,1772290850.417202,5886,11,1
2,Payment,1772290850.417581,6304,13,1
1,NewOrder,1772290850.418738,45479,18,1
2,Payment,1772290850.419571,9804,20,1
4,Delivery,1772290850.420181,33013,4,1
2,Payment,1772290850.423110,4269,11,1
2,Payment,1772290850.423554,11584,3,1
2,Payment,1772290850.423599,11925,21,1
5,StockLevel,1772290850.423868,1967,0,1
2,Payment,1772290850.423890,11199,13,1
2,Payment,1772290850.425839,13227,0,1
1,NewOrder,1772290850.426597,26876,15,1
2,Payment,1772290850.427039,13690,16,1
2,Payment,1772290850.427403,1934,11,1
2,Payment,1772290850.428904,17966,5,1
2,Payment,1772290850.429343,12741,14,1
1,NewOrder,1772290850.429352,4609,11,1
2,Payment,1772290850.429398,7455,20,1
1,NewOrder,1772290850.429544,22484,17,1
1,NewOrder,1772290850.430219,23064,12,1
1,NewOrder,1772290850.431184,19516,23,1
1,NewOrder,1772290850.431214,18880,10,1
2,Payment,1772290850.433971,2862,11,1
2,Payment,1772290850.434714,13987,9,1
2,Payment,1772290850.435101,1354,13,1
1,NewOrder,1772290850.435161,5168,3,1
1,NewOrder,1772290850.435534,31873,21,1
2,Payment,1772290850.436459,2643,13,1
2,Payment,1772290850.436857,3531,11,1
1,NewOrder,1772290850.436870,29824,20,1
1,NewOrder,1772290850.437365,33986,8,1
1,NewOrder,1772290850.438265,34183,22,1
1,NewOrder,1772290850.439075,16756,0,1
1,NewOrder,1772290850.439106,36623,13,1
2,Payment,1772290850.440336,9055,3,1
1,NewOrder,1772290850.440391,15000,11,1
4,Delivery,1772290850.440734,19582,16,1
1,NewOrder,1772290850.440789,35032,7,1
1,NewOrder,1772290850.442092,9607,14,1
2,Payment,1772290850.445405,21654,6,1
1,NewOrder,1772290850.446893,33769,5,1
2,Payment,1772290850.448723,3975,9,1
2,Payment,1772290850.449432,9153,3,1
3,OrderStatus,1772290850.450117,4467,10,1
2,Payment,1772290850.450708,5142,23,1
1,NewOrder,1772290850.450794,23642,2,1
4,Delivery,1772290850.451709,8831,14,1
1,NewOrder,1772290850.452038,14519,17,1
1,NewOrder,1772290850.452714,11436,9,1
1,NewOrder,1772290850.452906,28091,1,1
2,Payment,1772290850.453207,6770,4,1
2,Payment,1772290850.453296,5633,12,1
2,Payment,1772290850.453486,13563,15,1
1,NewOrder,1772290850.454588,36137,10,1
1,NewOrder,1772290850.455401,9520,11,1
1,NewOrder,1772290850.455854,26280,0,1
1,NewOrder,1772290850.455874,10479,23,1
2,Payment,1772290850.457001,15971,19,1
1,NewOrder,1772290850.458595,48919,3,1
1,NewOrder,1772290850.458933,3627,12,1
4,Delivery,1772290850.459992,25084,4,1
2,Payment,1772290850.460337,17397,16,1
1,NewOrder,1772290850.460546,3902,14,1
2,Payment,1772290850.462569,25937,12,1
1,NewOrder,1772290850.464159,29674,9,1
2,Payment,1772290850.464226,11865,18,1
1,NewOrder,1772290850.464461,6153,14,1
3,OrderStatus,1772290850.464927,24424,11,1
2,Payment,1772290850.466376,24381,23,1
2,Payment,1772290850.466565,23782,17,1
1,NewOrder,1772290850.466702,27524,20,1
1,NewOrder,1772290850.467055,3150,15,1
1,NewOrder,1772290850.467068,8213,6,1
2,Payment,1772290850.467416,11899,21,1
2,Payment,1772290850.470209,16805,15,1
5,StockLevel,1772290850.470625,17442,14,1
2,Payment,1772290850.471375,6839,8,1
1,NewOrder,1772290850.472457,32512,22,1
2,Payment,1772290850.472995,4845,19,1
2,Payment,1772290850.474445,5736,2,1
1,NewOrder,1772290850.475305,32318,6,1
2,Payment,1772290850.475740,25422,13,1
2,Payment,1772290850.475829,3880,7,1
1,NewOrder,1772290850.476100,11022,18,1
1,NewOrder,1772290850.477741,21460,16,1
2,Payment,1772290850.477846,3637,19,1
2,Payment,1772290850.478223,3621,8,1
1,NewOrder,1772290850.479339,9175,21,1
2,Payment,1772290850.479733,4260,7,1
2,Payment,1772290850.480204,3454,2,1
2,Payment,1772290850.480684,5216,5,1
2,Payment,1772290850.481006,24167,1,1
1,NewOrder,1772290850.481493,8307,19,1
2,Payment,1772290850.481853,3508,8,1
1,NewOrder,1772290850.482138,5911,0,1
1,NewOrder,1772290850.483682,60529,2,1
2,Payment,1772290850.484016,2537,7,1
4,Delivery,1772290850.485084,82429,4,1
1,NewOrder,1772290850.485365,51144,8,1
2,Payment,1772290850.485910,24259,5,1
1,NewOrder,1772290850.486558,62337,7,1
2,Payment,1772290850.487030,12581,15,1
1,NewOrder,1772290850.487145,57343,18,1
1,NewOrder,1772290850.488059,65129,0,1
2,Payment,1772290850.488079,8262,14,1
4,Delivery,1772290850.488529,5573,12,1
2,Payment,1772290850.488538,7298,21,1
1,NewOrder,1772290850.489363,8525,11,1
2,Payment,1772290850.489804,10411,19,1
2,Payment,1772290850.490359,7852,17,1
1,NewOrder,1772290850.490732,3472,10,1
1,NewOrder,1772290850.490766,5816,23,1
2,Payment,1772290850.493843,2908,9,1
1,NewOrder,1772290850.494105,49716,12,1
2,Payment,1772290850.494214,5081,10,1
1,NewOrder,1772290850.494231,18016,20,1
1,NewOrder,1772290850.495848,51889,21,1
1,NewOrder,1772290850.496352,48465,14,1
1,NewOrder,1772290850.496597,42274,23,1
1,NewOrder,1772290850.496755,4051,9,1
1,NewOrder,1772290850.497893,12654,11,1
1,NewOrder,1772290850.498236,10021,17,1
1,NewOrder,1772290850.499209,13786,16,1
1,NewOrder,1772290850.499304,12359,10,1
2,Payment,1772290850.499617,2865,15,1
2,Payment,1772290850.500226,1393,19,1
1,NewOrder,1772290850.500810,39595,9,1
2,Payment,1772290850.501168,2923,13,1
2,Payment,1772290850.501631,1220,19,1
1,NewOrder,1772290850.502498,25275,15,1
1,NewOrder,1772290850.502864,33187,19,1
2,Payment,1772290850.504102,16385,13,1
1,NewOrder,1772290850.504974,35875,22,1
1,NewOrder,1772290850.505179,31300,1,1
2,Payment,1772290850.507525,16263,3,1
2,Payment,1772290850.507646,3239,6,1
3,OrderStatus,1772290850.508279,3158,17,1
2,Payment,1772290850.510182,15621,5,1
2,Payment,1772290850.510554,1600,11,1
3,OrderStatus,1772290850.510890,614,6,1
1,NewOrder,1772290850.511446,5274,17,1
2,Payment,1772290850.511509,4538,6,1
4,Delivery,1772290850.511666,20219,10,1
1,NewOrder,1772290850.512159,4999,11,1
2,Payment,1772290850.512256,1720,20,1
2,Payment,1772290850.513008,8922,16,1
2,Payment,1772290850.513983,1235,20,1
2,Payment,1772290850.515229,1877,20,1
1,NewOrder,1772290850.516052,11804,6,1
1,NewOrder,1772290850.516736,19742,17,1
1,NewOrder,1772290850.517117,10004,20,1
2,Payment,1772290850.517181,1616,11,1
1,NewOrder,1772290850.518803,17727,11,1
1,NewOrder,1772290850.520496,41800,13,1
1,NewOrder,1772290850.521939,6648,16,1
1,NewOrder,1772290850.523794,23841,3,1
1,NewOrder,1772290850.525811,26672,5,1
1,NewOrder,1772290850.527145,40621,20,1
1,NewOrder,1772290850.527776,4551,15,1
2,Payment,1772290850.527866,1534,6,1
1,NewOrder,1772290850.528610,14356,16,1
1,NewOrder,1772290850.529435,7068,6,1
1,NewOrder,1772290850.531908,21606,10,1
1,NewOrder,1772290850.532351,11194,15,1
4,Delivery,1772290850.536075,22160,19,1
5,StockLevel,1772290850.536485,18564,17,1
1,NewOrder,1772290850.536488,30626,1,1
5,StockLevel,1772290850.536508,30870,6,1
2,Payment,1772290850.536519,7730,8,1
2,Payment,1772290850.536536,5944,11,1
2,Payment,1772290850.538880,8417,23,1
1,NewOrder,1772290850.540414,20156,9,1
1,NewOrder,1772290850.540872,20166,22,1
1,NewOrder,1772290850.542503,31646,11,1
2,Payment,1772290850.542978,15249,16,1
2,Payment,1772290850.543568,20538,15,1
2,Payment,1772290850.543845,23559,12,1
1,NewOrder,1772290850.544221,10004,2,1
1,NewOrder,1772290850.544253,17764,8,1
1,NewOrder,1772290850.544497,13341,18,1
1,NewOrder,1772290850.544829,9970,14,1
1,NewOrder,1772290850.547308,19698,23,1
1,NewOrder,1772290850.547654,24873,3,1
3,OrderStatus,1772290850.547760,4144,21,1
2,Payment,1772290850.548918,8144,7,1
1,NewOrder,1772290850.551914,49121,21,1
1,NewOrder,1772290850.552488,22651,5,1
5,StockLevel,1772290850.553202,18505,0,1
5,StockLevel,1772290850.553537,16045,10,1
1,NewOrder,1772290850.554234,29711,2,1
1,NewOrder,1772290850.554808,18676,14,1
1,NewOrder,1772290850.555075,25643,17,1
2,Payment,1772290850.557071,7630,7,1
5,StockLevel,1772290850.557847,23560,18,1
4,Delivery,1772290850.558237,28911,16,1
1,NewOrder,1772290850.558244,7683,19,1
4,Delivery,1772290850.560583,63846,9,1
2,Payment,1772290850.561062,5303,22,1
4,Delivery,1772290850.562025,62654,8,1
1,NewOrder,1772290850.562306,59161,13,1
1,NewOrder,1772290850.564130,14867,15,1
2,Payment,1772290850.564706,2745,7,1
2,Payment,1772290850.565951,7033,19,1
3,OrderStatus,1772290850.566389,12041,22,1
2,Payment,1772290850.567014,12991,23,1
2,Payment,1772290850.567118,11456,1,1
1,NewOrder,1772290850.567402,18131,6,1
1,NewOrder,1772290850.567427,32177,12,1
1,NewOrder,1772290850.567461,72283,7,1
1,NewOrder,1772290850.567524,38573,4,1
1,NewOrder,1772290850.567783,5151,20,1
1,NewOrder,1772290850.569611,11138,10,1
1,NewOrder,1772290850.571712,39005,0,1
2,Payment,1772290850.572530,17519,3,1
1,NewOrder,1772290850.572948,56590,20,1
3,OrderStatus,1772290850.573006,15967,19,1
1,NewOrder,1772290850.573506,11625,14,1
2,Payment,1772290850.574166,4801,11,1
2,Payment,1772290850.575152,18618,5,1
2,Payment,1772290850.578453,18892,22,1
1,NewOrder,1772290850.578589,51828,1,1
2,Payment,1772290850.578975,1323,11,1
2,Payment,1772290850.579006,2578,15,1
1,NewOrder,1772290850.580009,40607,23,1
2,Payment,1772290850.580303,1674,11,1
1,NewOrder,1772290850.580723,7997,17,1
2,Payment,1772290850.580759,2383,10,1
1,NewOrder,1772290850.581425,10459,18,1
2,Payment,1772290850.581588,4287,15,1
1,NewOrder,1772290850.581987,12238,11,1
1,NewOrder,1772290850.583151,5663,10,1
2,Payment,1772290850.583955,7476,2,1
2,Payment,1772290850.585140,3188,14,1
1,NewOrder,1772290850.585542,13672,6,1
1,NewOrder,1772290850.585880,9614,15,1
4,Delivery,1772290850.587156,26585,16,1
1,NewOrder,1772290850.588352,14784,14,1
1,NewOrder,1772290850.588724,4643,17,1
2,Payment,1772290850.588823,1791,10,1
1,NewOrder,1772290850.588979,57867,19,1
3,OrderStatus,1772290850.590058,9044,3,1
2,Payment,1772290850.590621,15000,10,1
1,NewOrder,1772290850.591440,36139,2,1
2,Payment,1772290850.591899,7749,18,1
1,NewOrder,1772290850.593377,20399,17,1
1,NewOrder,1772290850.593779,5860,5,1
2,Payment,1772290850.594250,22598,11,1
2,Payment,1772290850.595503,10478,15,1
1,NewOrder,1772290850.597368,21327,22,1
3,OrderStatus,1772290850.599126,8297,3,1
2,Payment,1772290850.599235,20200,6,1
1,NewOrder,1772290850.599618,6925,12,1
2,Payment,1772290850.599644,1606,5,1
5,StockLevel,1772290850.599652,5352,18,1
4,Delivery,1772290850.601057,47237,21,1
1,NewOrder,1772290850.601262,36306,5,1
1,NewOrder,1772290850.603159,10248,14,1
1,NewOrder,1772290850.605010,8775,18,1
1,NewOrder,1772290850.605635,43707,10,1
2,Payment,1772290850.605991,1497,15,1
1,NewOrder,1772290850.606120,26720,4,1
2,Payment,1772290850.606568,12122,12,1
5,StockLevel,1772290850.607432,28575,3,1
1,NewOrder,1772290850.607492,3937,15,1
2,Payment,1772290850.610725,18866,0,1
1,NewOrder,1772290850.611441,32129,15,1
2,Payment,1772290850.613425,8011,14,1
1,NewOrder,1772290850.613764,41766,16,1
1,NewOrder,1772290850.613793,6784,18,1
1,NewOrder,1772290850.613801,48651,17,1
1,NewOrder,1772290850.616857,36874,11,1
1,NewOrder,1772290850.618699,18171,12,1
1,NewOrder,1772290850.618705,13590,22,1
2,Payment,1772290850.619441,2045,6,1
1,NewOrder,1772290850.620602,41366,18,1
1,NewOrder,1772290850.620620,27226,23,1
1,NewOrder,1772290850.621459,21651,14,1
1,NewOrder,1772290850.621484,7226,13,1
1,NewOrder,1772290850.621497,10700,6,1
5,StockLevel,1772290850.624436,18972,9,1
1,NewOrder,1772290850.624687,8126,8,1
1,NewOrder,1772290850.627593,24342,2,1
1,NewOrder,1772290850.628733,13191,13,1
2,Payment,1772290850.629562,3727,20,1
1,NewOrder,1772290850.629606,11953,0,1
2,Payment,1772290850.630426,3743,1,1
2,Payment,1772290850.632221,3743,6,1
2,Payment,1772290850.632319,2378,22,1
1,NewOrder,1772290850.632825,3533,8,1
2,Payment,1772290850.632850,11178,4,1
1,NewOrder,1772290850.633293,43300,20,1
1,NewOrder,1772290850.634174,46069,1,1
1,NewOrder,1772290850.634701,41839,22,1
1,NewOrder,1772290850.635976,17773,6,1
1,NewOrder,1772290850.636031,40530,3,1
1,NewOrder,1772290850.636368,20187,8,1
5,StockLevel,1772290850.636893,17891,12,1
2,Payment,1772290850.637581,7651,5,1
1,NewOrder,1772290850.639753,36191,7,1
1,NewOrder,1772290850.641569,27492,0,1
2,Payment,1772290850.641934,13352,13,1
2,Payment,1772290850.643132,13714,14,1
2,Payment,1772290850.643431,6559,9,1
3,OrderStatus,1772290850.643592,749,15,1
2,Payment,1772290850.644038,2471,4,1
1,NewOrder,1772290850.644347,9044,15,1
1,NewOrder,1772290850.645248,12377,5,1
2,Payment,1772290850.646533,1697,4,1
4,Delivery,1772290850.646856,1909,19,1
2,Payment,1772290850.647858,15031,23,1
1,NewOrder,1772290850.648245,35778,4,1
2,Payment,1772290850.648307,15859,21,1
1,NewOrder,1772290850.648769,6306,19,1
2,Payment,1772290850.649351,22088,10,1
5,StockLevel,1772290850.649996,23699,9,1
2,Payment,1772290850.651959,14723,2,1
1,NewOrder,1772290850.653405,16436,15,1
2,Payment,1772290850.653741,28173,11,1
1,NewOrder,1772290850.653758,7403,6,1
2,Payment,1772290850.654793,4126,12,1
2,Payment,1772290850.655089,32478,19,1
1,NewOrder,1772290850.655309,26202,13,1
1,NewOrder,1772290850.655542,13643,16,1
1,NewOrder,1772290850.656564,4974,8,1
2,Payment,1772290850.656856,3949,14,1
2,Payment,1772290850.657649,13892,5,1
4,Delivery,1772290850.658924,8143,12,1
2,Payment,1772290850.660814,6283,14,1
2,Payment,1772290850.661167,15595,6,1
3,OrderStatus,1772290850.661561,4435,8,1
2,Payment,1772290850.661981,9000,18,1
1,NewOrder,1772290850.662476,7027,17,1
2,Payment,1772290850.662900,5669,23,1
2,Payment,1772290850.664174,12561,21,1
1,NewOrder,1772290850.666020,41052,8,1
1,NewOrder,1772290850.666696,30222,2,1
2,Payment,1772290850.667077,1641,12,1
1,NewOrder,1772290850.667108,5091,14,1
2,Payment,1772290850.668592,9531,23,1
2,Payment,1772290850.668733,7338,12,1
2,Payment,1772290850.669067,45727,0,1
5,StockLevel,1772290850.669190,24845,16,1
4,Delivery,1772290850.669508,33677,17,1
2,Payment,1772290850.669865,28686,15,1
2,Payment,1772290850.671004,25077,18,1
1,NewOrder,1772290850.671466,21097,10,1
1,NewOrder,1772290850.671549,24862,5,1
1,NewOrder,1772290850.672215,4285,14,1
2,Payment,1772290850.673699,4768,9,1
2,Payment,1772290850.675967,3922,7,1
2,Payment,1772290850.676093,19285,12,1
1,NewOrder,1772290850.676512,33299,14,1
5,StockLevel,1772290850.676561,6703,22,1
1,NewOrder,1772290850.676585,9166,3,1
2,Payment,1772290850.676617,4640,20,1
1,NewOrder,1772290850.676744,19063,21,1
2,Payment,1772290850.676768,12517,6,1
2,Payment,1772290850.678134,6025,23,1
2,Payment,1772290850.678477,5168,9,1
1,NewOrder,1772290850.679895,17037,7,1
1,NewOrder,1772290850.680253,12404,1,1
2,Payment,1772290850.681280,5058,20,1
1,NewOrder,1772290850.681525,36943,13,1
2,Payment,1772290850.681924,4369,11,1
2,Payment,1772290850.683271,22286,22,1
1,NewOrder,1772290850.683651,25750,9,1
2,Payment,1772290850.684034,3408,4,1
2,Payment,1772290850.684169,4786,23,1
2,Payment,1772290850.685755,24820,3,1
2,Payment,1772290850.686298,1822,11,1
1,NewOrder,1772290850.686345,34943,20,1
1,NewOrder,1772290850.687446,34189,4,1
2,Payment,1772290850.687573,3059,19,1
2,Payment,1772290850.688130,4080,11,1
1,NewOrder,1772290850.688965,27272,23,1
1,NewOrder,1772290850.689292,19806,6,1
2,Payment,1772290850.690644,4057,19,1
2,Payment,1772290850.692235,19929,11,1
5,StockLevel,1772290850.692586,15589,10,1
2,Payment,1772290850.692680,19945,1,1
1,NewOrder,1772290850.694058,5365,16,1
1,NewOrder,1772290850.694708,24565,19,1
2,Payment,1772290850.695383,1698,12,1
2,Payment,1772290850.695810,4680,21,1
2,Payment,1772290850.696090,1516,18,1
2,Payment,1772290850.696417,20323,5,1
2,Payment,1772290850.696927,21939,2,1
2,Payment,1772290850.696942,17452,7,1
3,OrderStatus,1772290850.697094,3901,12,1
1,NewOrder,1772290850.697617,4606,18,1
1,NewOrder,1772290850.698566,5026,15,1
1,NewOrder,1772290850.699436,62099,16,1
1,NewOrder,1772290850.700500,5345,21,1
2,Payment,1772290850.701002,2487,12,1
2,Payment,1772290850.702227,1645,18,1
2,Payment,1772290850.703209,35075,17,1
1,NewOrder,1772290850.703504,45794,12,1
2,Payment,1772290850.703615,36823,15,1
2,Payment,1772290850.703876,9717,18,1
1,NewOrder,1772290850.705580,43730,22,1
2,Payment,1772290850.705850,1678,21,1
1,NewOrder,1772290850.707080,18843,8,1
1,NewOrder,1772290850.707551,45990,21,1
1,NewOrder,1772290850.708188,19414,10,1
3,OrderStatus,1772290850.709119,4733,6,1
2,Payment,1772290850.709406,11925,9,1
2,Payment,1772290850.709821,32475,14,1
1,NewOrder,1772290850.710579,18082,3,1
1,NewOrder,1772290850.712186,22644,11,1
1,NewOrder,1772290850.712647,4447,1,1
2,Payment,1772290850.713600,34222,18,1
1,NewOrder,1772290850.713862,24360,6,1
1,NewOrder,1772290850.714407,33407,7,1
2,Payment,1772290850.714806,5555,0,1
2,Payment,1772290850.716245,32971,23,1
1,NewOrder,1772290850.716754,41020,5,1
4,Delivery,1772290850.717119,10109,1,1
1,NewOrder,1772290850.718476,13363,13,1
1,NewOrder,1772290850.718880,21117,2,1
1,NewOrder,1772290850.719287,32264,19,1
1,NewOrder,1772290850.720390,9505,0,1
5,StockLevel,1772290850.721300,9375,20,1
2,Payment,1772290850.721354,2723,9,1
3,OrderStatus,1772290850.721645,4956,4,1
1,NewOrder,1772290850.724083,8558,9,1
1,NewOrder,1772290850.725929,14480,8,1
1,NewOrder,1772290850.726611,13766,4,1
1,NewOrder,1772290850.727241,36571,1,1
1,NewOrder,1772290850.727626,9964,10,1
1,NewOrder,1772290850.728676,11411,3,1
1,NewOrder,1772290850.729901,24261,0,1
5,StockLevel,1772290850.730685,7404,20,1
1,NewOrder,1772290850.731843,10118,13,1
2,Payment,1772290850.732646,2549,9,1
2,Payment,1772290850.734839,3740,11,1
2,Payment,1772290850.735200,13555,9,1
1,NewOrder,1772290850.737613,25317,10,1
2,Payment,1772290850.738112,26847,20,1
1,NewOrder,1772290850.738233,10014,6,1
1,NewOrder,1772290850.738300,25473,17,1
2,Payment,1772290850.738603,1745,11,1
2,Payment,1772290850.740021,14475,2,1
4,Delivery,1772290850.740110,59091,3,1
2,Payment,1772290850.740366,3052,11,1
3,OrderStatus,1772290850.740388,974,4,1
1,NewOrder,1772290850.740423,35480,8,1
1,NewOrder,1772290850.740461,7387,15,1
2,Payment,1772290850.741367,29768,4,1
2,Payment,1772290850.741977,3331,13,1
1,NewOrder,1772290850.742309,3515,14,1
1,NewOrder,1772290850.743442,7634,11,1
2,Payment,1772290850.745319,2062,13,1
1,NewOrder,1772290850.745830,19728,14,1
2,Payment,1772290850.747394,35082,13,1
2,Payment,1772290850.747833,3812,18,1
2,Payment,1772290850.747834,4122,7,1
2,Payment,1772290850.747857,36462,15,1
1,NewOrder,1772290850.748269,52934,6,1
2,Payment,1772290850.748763,5333,9,1
1,NewOrder,1772290850.749231,9239,23,1
1,NewOrder,1772290850.749322,12862,12,1
1,NewOrder,1772290850.749324,14104,22,1
1,NewOrder,1772290850.751079,51840,11,1
2,Payment,1772290850.751583,2609,19,1
2,Payment,1772290850.751669,7445,18,1
2,Payment,1772290850.751978,9106,7,1
1,NewOrder,1772290850.753550,17445,21,1
1,NewOrder,1772290850.754119,12532,9,1
2,Payment,1772290850.754185,18483,0,1
5,StockLevel,1772290850.754208,7293,19,1
5,StockLevel,1772290850.754504,5836,2,1
1,NewOrder,1772290850.757783,9225,5,1
1,NewOrder,1772290850.758494,5449,23,1
2,Payment,1772290850.759137,4291,18,1
3,OrderStatus,1772290850.760362,5508,2,1
1,NewOrder,1772290850.761096,12168,7,1
1,NewOrder,1772290850.761511,34793,19,1
2,Payment,1772290850.761540,24011,16,1
2,Payment,1772290850.762206,25307,12,1
1,NewOrder,1772290850.762943,12581,10,1
1,NewOrder,1772290850.763454,12482,22,1
4,Delivery,1772290850.763455,15169,18,1
2,Payment,1772290850.763782,25798,17,1
1,NewOrder,1772290850.763817,6865,1,1
1,NewOrder,1772290850.763948,17263,23,1
3,OrderStatus,1772290850.764966,1685,20,1
2,Payment,1772290850.765570,28404,14,1
2,Payment,1772290850.765895,9953,2,1
2,Payment,1772290850.766656,4377,20,1
2,Payment,1772290850.766660,6677,9,1
2,Payment,1772290850.767017,7290,5,1
1,NewOrder,1772290850.770705,17169,1,1
3,OrderStatus,1772290850.771005,2302,21,1
2,Payment,1772290850.771040,5241,20,1
1,NewOrder,1772290850.771145,58306,4,1
4,Delivery,1772290850.772691,27124,0,1
1,NewOrder,1772290850.773274,53871,7,1
1,NewOrder,1772290850.773312,15917,21,1
1,NewOrder,1772290850.773346,56148,9,1
2,Payment,1772290850.774330,2746,5,1
2,Payment,1772290850.775546,6066,10,1
2,Payment,1772290850.775858,3160,2,1
2,Payment,1772290850.775908,7547,8,1
1,NewOrder,1772290850.775940,18795,22,1
2,Payment,1772290850.776286,5854,20,1
1,NewOrder,1772290850.777088,13143,5,1
3,OrderStatus,1772290850.778631,5982,18,1
1,NewOrder,1772290850.779022,4099,2,1
2,Payment,1772290850.781224,12383,23,1
1,NewOrder,1772290850.781622,30745,10,1
4,Delivery,1772290850.782144,52253,20,1
1,NewOrder,1772290850.782479,24334,13,1
1,NewOrder,1772290850.783126,7691,2,1
2,Payment,1772290850.783460,1708,8,1
2,Payment,1772290850.784332,6929,15,1
1,NewOrder,1772290850.784636,22954,18,1
1,NewOrder,1772290850.785177,43922,8,1
2,Payment,1772290850.785561,9757,16,1
2,Payment,1772290850.787535,10197,12,1
3,OrderStatus,1772290850.787884,599,1,1
1,NewOrder,1772290850.788496,5661,1,1
1,NewOrder,1772290850.789232,27077,21,1
2,Payment,1772290850.789593,12284,17,1
2,Payment,1772290850.790236,7236,5,1
1,NewOrder,1772290850.790826,24903,2,1
3,OrderStatus,1772290850.791266,669,15,1
1,NewOrder,1772290850.791938,11639,15,1
1,NewOrder,1772290850.793616,33152,23,1
4,Delivery,1772290850.793979,33713,14,1
1,NewOrder,1772290850.794167,47504,1,1
1,NewOrder,1772290850.794739,57738,22,1
2,Payment,1772290850.795324,5392,16,1
2,Payment,1772290850.796308,7357,19,1
2,Payment,1772290850.797489,16115,5,1
5,StockLevel,1772290850.797741,1739,12,1
2,Payment,1772290850.799213,15863,3,1
1,NewOrder,1772290850.799492,12849,12,1
1,NewOrder,1772290850.799822,31458,0,1
1,NewOrder,1772290850.800721,7494,16,1
2,Payment,1772290850.801208,10770,6,1
2,Payment,1772290850.801887,1698,17,1
1,NewOrder,1772290850.802928,31863,11,1
2,Payment,1772290850.803608,4588,17,1
2,Payment,1772290850.803608,8796,15,1
5,StockLevel,1772290850.803675,1674,19,1
2,Payment,1772290850.805372,2884,19,1
2,Payment,1772290850.806825,14342,13,1
2,Payment,1772290850.807599,24233,18,1
2,Payment,1772290850.808206,1494,17,1
1,NewOrder,1772290850.808220,5204,16,1
1,NewOrder,1772290850.808262,31403,19,1
2,Payment,1772290850.809714,4698,17,1
2,Payment,1772290850.811982,17501,6,1
2,Payment,1772290850.812364,3603,12,1
2,Payment,1772290850.812384,1665,10,1
2,Payment,1772290850.812427,4837,15,1
1,NewOrder,1772290850.813429,14739,16,1
2,Payment,1772290850.813614,2873,5,1
2,Payment,1772290850.814053,2118,10,1
1,NewOrder,1772290850.814417,9328,17,1
2,Payment,1772290850.815100,3260,3,1
1,NewOrder,1772290850.815738,44990,2,1
1,NewOrder,1772290850.815976,34050,12,1
1,NewOrder,1772290850.816181,18865,10,1
2,Payment,1772290850.816315,31228,21,1
1,NewOrder,1772290850.816510,43731,5,1
2,Payment,1772290850.817288,1502,15,1
1,NewOrder,1772290850.818374,7018,3,1
2,Payment,1772290850.818796,15196,15,1
2,Payment,1772290850.821172,3612,13,1
2,Payment,1772290850.823768,2644,17,1
1,NewOrder,1772290850.824797,32394,13,1
1,NewOrder,1772290850.825407,27824,3,1
2,Payment,1772290850.826420,9446,17,1
1,NewOrder,1772290850.826773,6647,23,1
1,NewOrder,1772290850.827154,9633,7,1
2,Payment,1772290850.827696,11209,14,1
2,Payment,1772290850.828193,12485,16,1
5,StockLevel,1772290850.829104,16632,8,1
2,Payment,1772290850.829455,5861,4,1
4,Delivery,1772290850.829493,10821,6,1
1,NewOrder,1772290850.829503,20183,9,1
2,Payment,1772290850.831291,5957,0,1
1,NewOrder,1772290850.831841,46091,18,1
2,Payment,1772290850.833426,3097,23,1
2,Payment,1772290850.833997,3657,15,1
3,OrderStatus,1772290850.834408,5228,20,1
1,NewOrder,1772290850.834799,59812,11,1
1,NewOrder,1772290850.835054,28252,10,1
3,OrderStatus,1772290850.835326,5235,4,1
1,NewOrder,1772290850.835877,43105,17,1
4,Delivery,1772290850.836528,45215,23,1
2,Payment,1772290850.836794,1398,7,1
1,NewOrder,1772290850.837253,7668,0,1
3,OrderStatus,1772290850.837658,2563,15,1
2,Payment,1772290850.838197,13111,7,1
2,Payment,1772290850.838910,3040,14,1
1,NewOrder,1772290850.839646,61716,20,1
3,OrderStatus,1772290850.839669,4671,19,1
1,NewOrder,1772290850.840231,23565,15,1
2,Payment,1772290850.840318,13661,6,1
1,NewOrder,1772290850.840566,40366,4,1
2,Payment,1772290850.840687,4617,16,1
2,Payment,1772290850.841676,8444,1,1
5,StockLevel,1772290850.841955,47801,14,1
4,Delivery,1772290850.844344,38271,19,1
2,Payment,1772290850.844926,6733,0,1
2,Payment,1772290850.845312,1625,16,1
1,NewOrder,1772290850.845741,52352,8,1
1,NewOrder,1772290850.846942,7484,16,1
2,Payment,1772290850.847552,6053,21,1
1,NewOrder,1772290850.849692,22590,9,1
2,Payment,1772290850.850029,8332,12,1
1,NewOrder,1772290850.850128,58139,1,1
4,Delivery,1772290850.851317,57200,7,1
5,StockLevel,1772290850.851664,1681,0,1
2,Payment,1772290850.852490,5847,22,1
2,Payment,1772290850.853241,5732,3,1
2,Payment,1772290850.853349,1492,0,1
2,Payment,1772290850.853610,6170,21,1
2,Payment,1772290850.853984,16680,6,1
1,NewOrder,1772290850.854431,59536,16,1
1,NewOrder,1772290850.854844,3451,0,1
2,Payment,1772290850.857201,7859,13,1
1,NewOrder,1772290850.858300,56120,0,1
2,Payment,1772290850.858347,2742,22,1
3,OrderStatus,1772290850.858366,730,12,1
5,StockLevel,1772290850.858982,7618,3,1
1,NewOrder,1772290850.859101,7057,12,1
3,OrderStatus,1772290850.859786,1055,21,1
2,Payment,1772290850.860250,2530,5,1
1,NewOrder,1772290850.860738,8764,2,1
1,NewOrder,1772290850.860845,8235,21,1
1,NewOrder,1772290850.861092,5095,22,1
1,NewOrder,1772290850.862786,11394,5,1
1,NewOrder,1772290850.863316,16054,10,1
1,NewOrder,1772290850.863805,9456,15,1
2,Payment,1772290850.865069,1842,13,1
2,Payment,1772290850.866162,3351,12,1
1,NewOrder,1772290850.866191,48282,22,1
5,StockLevel,1772290850.866606,32399,3,1
1,NewOrder,1772290850.866914,43147,13,1
2,Payment,1772290850.869084,18702,21,1
2,Payment,1772290850.869512,1314,2,1
1,NewOrder,1772290850.869518,36480,12,1
1,NewOrder,1772290850.870673,37025,6,1
1,NewOrder,1772290850.870832,3720,2,1
1,NewOrder,1772290850.872286,10996,9,1
2,Payment,1772290850.873266,3035,15,1
1,NewOrder,1772290850.874186,10326,5,1
2,Payment,1772290850.874557,4864,2,1
1,NewOrder,1772290850.876311,11551,15,1
2,Payment,1772290850.877936,14037,18,1
3,OrderStatus,1772290850.878985,19261,17,1
1,NewOrder,1772290850.879377,9152,10,1
1,NewOrder,1772290850.879425,35017,2,1
2,Payment,1772290850.880935,14382,4,1
1,NewOrder,1772290850.881753,6476,23,1
1,NewOrder,1772290850.882620,2624,19,1
1,NewOrder,1772290850.883289,6728,9,1
1,NewOrder,1772290850.884517,5681,5,1
1,NewOrder,1772290850.885250,21141,19,1
1,NewOrder,1772290850.887796,26615,21,1
2,Payment,1772290850.887866,1484,15,1
2,Payment,1772290850.888234,11845,23,1
2,Payment,1772290850.888535,2238,10,1
1,NewOrder,1772290850.889354,5726,15,1
1,NewOrder,1772290850.889761,40716,14,1
2,Payment,1772290850.890022,2396,9,1
2,Payment,1772290850.890777,4183,10,1
1,NewOrder,1772290850.891982,25744,18,1
2,Payment,1772290850.892423,3793,9,1
4,Delivery,1772290850.894622,34910,11,1
2,Payment,1772290850.895084,3453,15,1
1,NewOrder,1772290850.895323,4784,4,1
4,Delivery,1772290850.896222,33461,9,1
1,NewOrder,1772290850.898097,18853,8,1
2,Payment,1772290850.898256,10320,17,1
5,StockLevel,1772290850.898544,7117,15,1
2,Payment,1772290850.899011,12115,3,1
2,Payment,1772290850.900082,1672,23,1
1,NewOrder,1772290850.900116,46745,4,1
1,NewOrder,1772290850.901375,16352,20,1
2,Payment,1772290850.901756,1142,23,1
1,NewOrder,1772290850.902901,5294,23,1
2,Payment,1772290850.905670,43578,15,1
2,Payment,1772290850.906395,7479,19,1
2,Payment,1772290850.907721,6663,6,1
1,NewOrder,1772290850.908275,22557,1,1
1,NewOrder,1772290850.908522,34062,7,1
2,Payment,1772290850.908585,1842,17,1
2,Payment,1772290850.910075,2219,13,1
1,NewOrder,1772290850.910442,24147,17,1
1,NewOrder,1772290850.911150,15909,3,1
5,StockLevel,1772290850.912307,30017,13,1
2,Payment,1772290850.913879,4655,19,1
1,NewOrder,1772290850.913977,16775,16,1
2,Payment,1772290850.914390,4507,6,1
5,StockLevel,1772290850.914415,19510,21,1
1,NewOrder,1772290850.914429,16708,0,1
2,Payment,1772290850.914447,4760,2,1
1,NewOrder,1772290850.914478,15610,22,1
3,OrderStatus,1772290850.916954,1276,8,1
2,Payment,1772290850.917740,2810,18,1
1,NewOrder,1772290850.917752,7655,20,1
2,Payment,1772290850.918243,3399,8,1
1,NewOrder,1772290850.918546,13621,19,1
1,NewOrder,1772290850.918907,24062,6,1
2,Payment,1772290850.919230,4125,2,1
2,Payment,1772290850.920697,1796,18,1
2,Payment,1772290850.921657,2883,8,1
2,Payment,1772290850.922503,2818,18,1
2,Payment,1772290850.923364,1533,2,1
1,NewOrder,1772290850.924905,4293,2,1
5,StockLevel,1772290850.925432,6295,20,1
1,NewOrder,1772290850.927063,12582,3,1
2,Payment,1772290850.929537,1574,11,1
1,NewOrder,1772290850.929689,15946,9,1
1,NewOrder,1772290850.930092,15196,22,1
2,Payment,1772290850.930485,4933,14,1
2,Payment,1772290850.930755,10336,16,1
1,NewOrder,1772290850.930840,14407,1,1
1,NewOrder,1772290850.931114,3872,11,1
1,NewOrder,1772290850.932170,16275,19,1
2,Payment,1772290850.933928,6185,21,1
1,NewOrder,1772290850.934597,12353,17,1
3,OrderStatus,1772290850.934992,612,11,1
2,Payment,1772290850.935422,1307,14,1
2,Payment,1772290850.935607,1471,11,1
2,Payment,1772290850.936732,5465,14,1
2,Payment,1772290850.939648,5615,3,1
2,Payment,1772290850.940120,4682,21,1
2,Payment,1772290850.942201,3961,14,1
2,Payment,1772290850.942326,5565,13,1
2,Payment,1772290850.942591,2716,7,1
2,Payment,1772290850.944809,2527,21,1
2,Payment,1772290850.945254,3739,1,1
2,Payment,1772290850.945266,1972,3,1
2,Payment,1772290850.945294,3315,22,1
2,Payment,1772290850.945309,2263,7,1
