Transaction Type Index,Transaction Name,Start Time (microseconds),Latency (microseconds),Worker Id (start number),Phase Id (index in config file)
2,Payment,1770895844.150725,80263,22,1
1,NewOrder,1770895844.150726,124092,10,1
1,NewOrder,1770895844.150726,107490,3,1
5,StockLevel,1770895844.150726,61113,4,1
2,Payment,1770895844.150726,56902,7,1
1,NewOrder,1770895844.150727,126424,9,1
2,Payment,1770895844.150727,107356,12,1
1,NewOrder,1770895844.150735,120318,0,1
2,Payment,1770895844.150746,94769,5,1
1,NewOrder,1770895844.150812,106575,6,1
1,NewOrder,1770895844.150814,120664,2,1
1,NewOrder,1770895844.150818,86331,8,1
2,Payment,1770895844.150947,82133,11,1
2,Payment,1770895844.151161,68811,1,1
2,Payment,1770895844.151367,169789,14,1
1,NewOrder,1770895844.151611,131752,13,1
2,Payment,1770895844.151799,71086,15,1
1,NewOrder,1770895844.152019,107072,17,1
1,NewOrder,1770895844.152281,77633,18,1
1,NewOrder,1770895844.152430,118210,19,1
2,Payment,1770895844.152644,53827,20,1
2,Payment,1770895844.152858,98110,23,1
2,Payment,1770895844.153078,139263,16,1
1,NewOrder,1770895844.153287,124322,21,1
2,Payment,1770895844.206572,51479,20,1
1,NewOrder,1770895844.207658,57092,7,1
1,NewOrder,1770895844.211867,46308,4,1
2,Payment,1770895844.220038,38090,1,1
2,Payment,1770895844.222916,118027,15,1
2,Payment,1770895844.229941,41912,18,1
2,Payment,1770895844.231018,47838,22,1
1,NewOrder,1770895844.233104,39435,11,1
1,NewOrder,1770895844.237176,26544,8,1
2,Payment,1770895844.245542,21337,5,1
2,Payment,1770895844.250991,38647,23,1
2,Payment,1770895844.257414,26815,6,1
1,NewOrder,1770895844.258073,81444,20,1
2,Payment,1770895844.258112,94821,12,1
2,Payment,1770895844.258152,16202,1,1
1,NewOrder,1770895844.258189,22565,4,1
3,OrderStatus,1770895844.258246,12138,3,1
1,NewOrder,1770895844.259113,46914,17,1
2,Payment,1770895844.263739,33473,8,1
2,Payment,1770895844.264766,42544,7,1
1,NewOrder,1770895844.266899,38068,5,1
2,Payment,1770895844.270402,11832,3,1
3,OrderStatus,1770895844.270665,17050,19,1
1,NewOrder,1770895844.271079,39799,0,1
1,NewOrder,1770895844.271505,38905,2,1
2,Payment,1770895844.271874,47929,18,1
2,Payment,1770895844.272554,45864,11,1
1,NewOrder,1770895844.274368,54737,1,1
1,NewOrder,1770895844.274847,34810,10,1
3,OrderStatus,1770895844.277175,16423,9,1
2,Payment,1770895844.277634,27925,21,1
1,NewOrder,1770895844.278872,57675,22,1
2,Payment,1770895844.280771,10915,4,1
2,Payment,1770895844.282250,16259,3,1
1,NewOrder,1770895844.283399,25236,13,1
2,Payment,1770895844.284256,61930,6,1
1,NewOrder,1770895844.287733,31575,19,1
1,NewOrder,1770895844.289657,48393,23,1
2,Payment,1770895844.291704,21617,4,1
2,Payment,1770895844.292383,72973,16,1
2,Payment,1770895844.293614,42153,9,1
1,NewOrder,1770895844.297231,31903,8,1
1,NewOrder,1770895844.298531,18884,3,1
2,Payment,1770895844.304989,20901,5,1
1,NewOrder,1770895844.305577,32971,21,1
1,NewOrder,1770895844.306045,22643,17,1
1,NewOrder,1770895844.307329,16426,7,1
1,NewOrder,1770895844.308650,22614,13,1
1,NewOrder,1770895844.309673,23992,10,1
1,NewOrder,1770895844.310426,34386,2,1
1,NewOrder,1770895844.310891,22725,0,1
2,Payment,1770895844.313338,21888,4,1
2,Payment,1770895844.317435,25776,3,1
1,NewOrder,1770895844.318434,19036,11,1
2,Payment,1770895844.319325,18673,19,1
1,NewOrder,1770895844.319827,53837,18,1
2,Payment,1770895844.321185,55948,14,1
1,NewOrder,1770895844.323774,18692,7,1
2,Payment,1770895844.325907,25058,5,1
2,Payment,1770895844.328710,67417,17,1
1,NewOrder,1770895844.329124,15239,1,1
2,Payment,1770895844.329147,36674,8,1
2,Payment,1770895844.331284,94729,13,1
2,Payment,1770895844.333634,57589,0,1
5,StockLevel,1770895844.333688,29141,10,1
4,Delivery,1770895844.335245,59920,4,1
2,Payment,1770895844.335782,20360,9,1
1,NewOrder,1770895844.336564,27888,22,1
1,NewOrder,1770895844.337487,25729,11,1
1,NewOrder,1770895844.338014,19369,19,1
3,OrderStatus,1770895844.338063,6341,23,1
1,NewOrder,1770895844.338568,18395,21,1
5,StockLevel,1770895844.339534,32520,20,1
1,NewOrder,1770895844.340960,89854,15,1
1,NewOrder,1770895844.342486,34796,7,1
1,NewOrder,1770895844.343228,15986,3,1
2,Payment,1770895844.344385,17981,1,1
2,Payment,1770895844.344421,9687,23,1
2,Payment,1770895844.344845,76453,2,1
1,NewOrder,1770895844.346204,27433,6,1
2,Payment,1770895844.350983,21082,5,1
2,Payment,1770895844.352952,89536,12,1
1,NewOrder,1770895844.354128,24086,23,1
2,Payment,1770895844.356162,19250,9,1
2,Payment,1770895844.356983,10688,21,1
4,Delivery,1770895844.357400,36604,19,1
1,NewOrder,1770895844.359231,22577,3,1
1,NewOrder,1770895844.362385,26498,1,1
2,Payment,1770895844.362849,30687,10,1
1,NewOrder,1770895844.363234,26094,11,1
2,Payment,1770895844.364473,15997,22,1
1,NewOrder,1770895844.365376,100395,16,1
2,Payment,1770895844.365840,37825,8,1
2,Payment,1770895844.367691,26363,21,1
1,NewOrder,1770895844.372075,30391,20,1
2,Payment,1770895844.372084,26695,5,1
5,StockLevel,1770895844.373657,37435,6,1
1,NewOrder,1770895844.373682,49487,18,1
1,NewOrder,1770895844.375434,36423,9,1
1,NewOrder,1770895844.377149,86631,14,1
1,NewOrder,1770895844.377302,23363,7,1
2,Payment,1770895844.378233,25005,23,1
1,NewOrder,1770895844.380487,17485,22,1
3,OrderStatus,1770895844.381835,3822,3,1
4,Delivery,1770895844.385678,9859,3,1
1,NewOrder,1770895844.388903,14932,1,1
2,Payment,1770895844.389346,23700,11,1
2,Payment,1770895844.391243,60798,0,1
1,NewOrder,1770895844.393555,43041,10,1
1,NewOrder,1770895844.394022,35222,19,1
1,NewOrder,1770895844.394074,38619,21,1
1,NewOrder,1770895844.395183,23690,4,1
1,NewOrder,1770895844.395555,32720,3,1
1,NewOrder,1770895844.396143,35413,17,1
2,Payment,1770895844.397988,15666,22,1
4,Delivery,1770895844.398793,81107,5,1
2,Payment,1770895844.400683,22887,7,1
2,Payment,1770895844.402486,35190,20,1
1,NewOrder,1770895844.403251,31744,23,1
1,NewOrder,1770895844.403675,32180,8,1
2,Payment,1770895844.403856,27539,1,1
3,OrderStatus,1770895844.411123,10733,6,1
4,Delivery,1770895844.411868,95263,9,1
1,NewOrder,1770895844.413065,27222,11,1
5,StockLevel,1770895844.413672,28053,22,1
4,Delivery,1770895844.418902,61335,4,1
1,NewOrder,1770895844.421322,34653,2,1
1,NewOrder,1770895844.421884,34586,6,1
5,StockLevel,1770895844.423193,41660,18,1
2,Payment,1770895844.423590,9756,7,1
3,OrderStatus,1770895844.426032,12027,13,1
1,NewOrder,1770895844.428308,20540,3,1
2,Payment,1770895844.429272,23431,19,1
2,Payment,1770895844.430832,27695,15,1
2,Payment,1770895844.431413,26505,1,1
1,NewOrder,1770895844.431575,58917,17,1
1,NewOrder,1770895844.432711,57164,21,1
3,OrderStatus,1770895844.433362,6650,7,1
2,Payment,1770895844.435010,27405,23,1
1,NewOrder,1770895844.435869,14873,8,1
2,Payment,1770895844.436615,16051,10,1
1,NewOrder,1770895844.437698,49881,20,1
2,Payment,1770895844.438075,33306,13,1
1,NewOrder,1770895844.440029,14220,7,1
4,Delivery,1770895844.440303,67098,11,1
1,NewOrder,1770895844.441742,11263,22,1
2,Payment,1770895844.442508,45110,12,1
2,Payment,1770895844.448865,18089,3,1
2,Payment,1770895844.450760,8297,8,1
2,Payment,1770895844.452057,36993,0,1
1,NewOrder,1770895844.452683,60430,10,1
4,Delivery,1770895844.452716,44810,19,1
1,NewOrder,1770895844.453023,17325,22,1
2,Payment,1770895844.454267,17597,7,1
1,NewOrder,1770895844.455989,36529,2,1
2,Payment,1770895844.456489,30628,6,1
1,NewOrder,1770895844.457934,19106,1,1
1,NewOrder,1770895844.458543,47519,15,1
1,NewOrder,1770895844.459074,16025,8,1
1,NewOrder,1770895844.462434,25730,23,1
2,Payment,1770895844.463799,43219,14,1
1,NewOrder,1770895844.464868,47800,18,1
2,Payment,1770895844.465788,58322,16,1
1,NewOrder,1770895844.466969,28082,3,1
1,NewOrder,1770895844.470366,20955,22,1
1,NewOrder,1770895844.471394,50890,13,1
1,NewOrder,1770895844.471873,17204,7,1
1,NewOrder,1770895844.475114,21100,8,1
1,NewOrder,1770895844.477059,25480,1,1
4,Delivery,1770895844.479921,42915,5,1
1,NewOrder,1770895844.480253,19342,4,1
1,NewOrder,1770895844.487139,44036,6,1
1,NewOrder,1770895844.487597,37340,20,1
1,NewOrder,1770895844.487633,94327,12,1
1,NewOrder,1770895844.488177,22753,23,1
1,NewOrder,1770895844.489066,45616,0,1
2,Payment,1770895844.489093,8408,7,1
2,Payment,1770895844.489886,18030,21,1
1,NewOrder,1770895844.490507,50965,17,1
1,NewOrder,1770895844.491334,21695,22,1
1,NewOrder,1770895844.492533,45821,2,1
1,NewOrder,1770895844.495066,30312,3,1
2,Payment,1770895844.496234,10608,8,1
2,Payment,1770895844.497520,17632,7,1
2,Payment,1770895844.497546,25306,19,1
1,NewOrder,1770895844.499613,16110,4,1
1,NewOrder,1770895844.502556,20747,1,1
1,NewOrder,1770895844.506079,37720,15,1
2,Payment,1770895844.506858,19642,8,1
1,NewOrder,1770895844.507053,55524,14,1
1,NewOrder,1770895844.507150,48050,9,1
1,NewOrder,1770895844.507415,25342,11,1
2,Payment,1770895844.507937,31024,21,1
2,Payment,1770895844.510945,89720,23,1
2,Payment,1770895844.512687,43780,18,1
1,NewOrder,1770895844.513042,24345,22,1
3,OrderStatus,1770895844.513122,16822,10,1
4,Delivery,1770895844.515170,26900,7,1
2,Payment,1770895844.515739,16153,4,1
1,NewOrder,1770895844.522309,39713,13,1
1,NewOrder,1770895844.522854,22369,5,1
2,Payment,1770895844.522872,55937,19,1
1,NewOrder,1770895844.523320,19991,1,1
4,Delivery,1770895844.524128,113033,16,1
1,NewOrder,1770895844.524955,39147,20,1
2,Payment,1770895844.525389,14369,3,1
1,NewOrder,1770895844.526521,12304,8,1
1,NewOrder,1770895844.529963,32535,10,1
2,Payment,1770895844.531190,19596,6,1
2,Payment,1770895844.531908,14049,4,1
2,Payment,1770895844.532774,24312,11,1
1,NewOrder,1770895844.534702,31978,0,1
2,Payment,1770895844.537404,74262,22,1
2,Payment,1770895844.538382,35220,2,1
2,Payment,1770895844.538853,23569,8,1
1,NewOrder,1770895844.538981,40313,21,1
1,NewOrder,1770895844.539774,13798,3,1
1,NewOrder,1770895844.541488,34727,17,1
1,NewOrder,1770895844.542081,13076,7,1
4,Delivery,1770895844.543324,19070,1,1
1,NewOrder,1770895844.543815,54411,15,1
4,Delivery,1770895844.545238,17543,5,1
1,NewOrder,1770895844.545972,8836,4,1
1,NewOrder,1770895844.550805,32121,6,1
1,NewOrder,1770895844.553588,23319,3,1
1,NewOrder,1770895844.554820,13155,4,1
1,NewOrder,1770895844.555173,15155,7,1
1,NewOrder,1770895844.555216,51387,9,1
1,NewOrder,1770895844.556479,49689,18,1
2,Payment,1770895844.557097,13793,11,1
2,Payment,1770895844.562044,38614,13,1
4,Delivery,1770895844.562429,22867,1,1
1,NewOrder,1770895844.562455,17485,8,1
2,Payment,1770895844.562513,23742,10,1
2,Payment,1770895844.562587,25454,14,1
1,NewOrder,1770895844.562795,27779,5,1
1,NewOrder,1770895844.564137,25063,20,1
2,Payment,1770895844.566698,35548,0,1
2,Payment,1770895844.567997,45543,4,1
4,Delivery,1770895844.570345,19692,7,1
1,NewOrder,1770895844.570905,22710,11,1
2,Payment,1770895844.573619,67118,2,1
2,Payment,1770895844.576231,41964,17,1
5,StockLevel,1770895844.576922,14825,3,1
1,NewOrder,1770895844.578822,27711,19,1
2,Payment,1770895844.579305,57933,21,1
1,NewOrder,1770895844.579957,20668,8,1
2,Payment,1770895844.581977,49277,12,1
1,NewOrder,1770895844.582938,43038,6,1
3,OrderStatus,1770895844.585323,3484,1,1
1,NewOrder,1770895844.586285,28002,10,1
1,NewOrder,1770895844.588054,27497,14,1
1,NewOrder,1770895844.588824,11379,1,1
1,NewOrder,1770895844.589222,34220,20,1
5,StockLevel,1770895844.590053,15286,7,1
2,Payment,1770895844.590595,32643,5,1
5,StockLevel,1770895844.591763,5925,3,1
2,Payment,1770895844.593629,6061,11,1
1,NewOrder,1770895844.597706,21142,3,1
2,Payment,1770895844.598237,44554,15,1
1,NewOrder,1770895844.599709,25314,11,1
2,Payment,1770895844.600215,28889,1,1
5,StockLevel,1770895844.600636,21558,8,1
1,NewOrder,1770895844.600675,43163,13,1
2,Payment,1770895844.600681,19781,23,1
1,NewOrder,1770895844.602261,32757,0,1
2,Payment,1770895844.605357,9591,7,1
1,NewOrder,1770895844.606184,37193,18,1
2,Payment,1770895844.606547,43308,19,1
2,Payment,1770895844.606618,20451,9,1
1,NewOrder,1770895844.611688,24918,22,1
1,NewOrder,1770895844.613560,22014,4,1
1,NewOrder,1770895844.614304,27332,10,1
2,Payment,1770895844.614968,17553,7,1
2,Payment,1770895844.615566,39919,14,1
2,Payment,1770895844.618209,43772,17,1
2,Payment,1770895844.618862,28128,3,1
1,NewOrder,1770895844.620480,22945,23,1
2,Payment,1770895844.622210,16897,8,1
1,NewOrder,1770895844.623248,20094,5,1
1,NewOrder,1770895844.623457,30454,20,1
5,StockLevel,1770895844.625042,17234,11,1
2,Payment,1770895844.625991,25832,6,1
2,Payment,1770895844.627082,39462,9,1
2,Payment,1770895844.629118,56720,1,1
4,Delivery,1770895844.631274,6255,12,1
1,NewOrder,1770895844.632536,13142,7,1
2,Payment,1770895844.635037,24403,0,1
2,Payment,1770895844.635593,59164,4,1
2,Payment,1770895844.636621,34434,22,1
4,Delivery,1770895844.637178,49357,16,1
2,Payment,1770895844.637251,22751,21,1
1,NewOrder,1770895844.637541,26091,12,1
2,Payment,1770895844.639125,32710,8,1
2,Payment,1770895844.640751,32779,2,1
2,Payment,1770895844.641650,42334,10,1
1,NewOrder,1770895844.642292,11029,11,1
1,NewOrder,1770895844.642800,37162,15,1
1,NewOrder,1770895844.643362,11726,5,1
2,Payment,1770895844.643395,37912,18,1
1,NewOrder,1770895844.643439,8912,23,1
1,NewOrder,1770895844.643855,28497,13,1
1,NewOrder,1770895844.645693,6682,7,1
2,Payment,1770895844.647005,54403,3,1
1,NewOrder,1770895844.649870,23947,19,1
3,OrderStatus,1770895844.651838,6660,6,1
2,Payment,1770895844.652364,35866,23,1
1,NewOrder,1770895844.652389,7605,7,1
1,NewOrder,1770895844.653337,11988,11,1
1,NewOrder,1770895844.653925,21797,20,1
1,NewOrder,1770895844.655100,10317,5,1
2,Payment,1770895844.655498,9777,14,1
2,Payment,1770895844.658514,42229,6,1
1,NewOrder,1770895844.659452,24638,0,1
2,Payment,1770895844.660008,31690,7,1
1,NewOrder,1770895844.660017,19374,21,1
2,Payment,1770895844.661998,10496,17,1
2,Payment,1770895844.663647,19051,12,1
1,NewOrder,1770895844.665290,28282,14,1
4,Delivery,1770895844.665339,64603,11,1
2,Payment,1770895844.665430,58462,5,1
1,NewOrder,1770895844.666558,29215,9,1
1,NewOrder,1770895844.671077,27920,22,1
1,NewOrder,1770895844.671849,14332,8,1
1,NewOrder,1770895844.672369,42116,13,1
2,Payment,1770895844.672509,24452,17,1
1,NewOrder,1770895844.673543,22128,2,1
2,Payment,1770895844.673835,23164,19,1
2,Payment,1770895844.675734,30110,20,1
1,NewOrder,1770895844.679409,17180,21,1
1,NewOrder,1770895844.679972,20789,15,1
1,NewOrder,1770895844.681322,19004,18,1
1,NewOrder,1770895844.682716,59853,12,1
1,NewOrder,1770895844.684002,27158,10,1
2,Payment,1770895844.684104,26101,0,1
1,NewOrder,1770895844.685852,22679,1,1
4,Delivery,1770895844.686195,44197,8,1
1,NewOrder,1770895844.686547,30221,16,1
1,NewOrder,1770895844.688240,19093,23,1
1,NewOrder,1770895844.691713,24456,7,1
2,Payment,1770895844.693588,13185,14,1
2,Payment,1770895844.694773,22357,4,1
2,Payment,1770895844.695687,38711,2,1
2,Payment,1770895844.695786,13546,9,1
2,Payment,1770895844.696605,32980,21,1
2,Payment,1770895844.696979,19748,17,1
2,Payment,1770895844.697013,21167,19,1
1,NewOrder,1770895844.699012,31926,22,1
3,OrderStatus,1770895844.700337,5456,18,1
2,Payment,1770895844.700760,16402,6,1
2,Payment,1770895844.700775,32967,15,1
1,NewOrder,1770895844.701418,13414,3,1
1,NewOrder,1770895844.705809,42781,18,1
1,NewOrder,1770895844.705859,70622,20,1
1,NewOrder,1770895844.706786,29403,14,1
5,StockLevel,1770895844.707351,34136,23,1
1,NewOrder,1770895844.708543,25910,1,1
1,NewOrder,1770895844.709346,39274,9,1
1,NewOrder,1770895844.710214,41074,0,1
2,Payment,1770895844.711195,32334,10,1
1,NewOrder,1770895844.714531,61975,13,1
1,NewOrder,1770895844.714845,56870,3,1
2,Payment,1770895844.716182,40051,7,1
1,NewOrder,1770895844.716744,56715,17,1
5,StockLevel,1770895844.716778,40027,16,1
2,Payment,1770895844.717141,19635,4,1
1,NewOrder,1770895844.717169,53498,6,1
1,NewOrder,1770895844.718191,30457,19,1
2,Payment,1770895844.723908,15482,5,1
3,OrderStatus,1770895844.729604,11484,21,1
2,Payment,1770895844.729955,18127,11,1
1,NewOrder,1770895844.730405,34616,8,1
2,Payment,1770895844.730951,12674,22,1
1,NewOrder,1770895844.733754,37510,15,1
2,Payment,1770895844.734406,10630,2,1
1,NewOrder,1770895844.734468,29075,1,1
1,NewOrder,1770895844.736201,10982,14,1
2,Payment,1770895844.736783,12907,4,1
3,OrderStatus,1770895844.739401,2547,5,1
1,NewOrder,1770895844.741098,28986,21,1
1,NewOrder,1770895844.741494,29743,23,1
1,NewOrder,1770895844.741961,27418,5,1
1,NewOrder,1770895844.742580,31449,12,1
2,Payment,1770895844.743556,31684,10,1
1,NewOrder,1770895844.743641,26955,22,1
2,Payment,1770895844.745065,13639,2,1
2,Payment,1770895844.747226,6462,14,1
1,NewOrder,1770895844.748102,16419,11,1
1,NewOrder,1770895844.748601,31116,18,1
2,Payment,1770895844.748628,44157,9,1
2,Payment,1770895844.748654,14474,19,1
1,NewOrder,1770895844.749699,19237,4,1
1,NewOrder,1770895844.751294,18128,0,1
4,Delivery,1770895844.753697,47607,14,1
1,NewOrder,1770895844.756242,25348,7,1
4,Delivery,1770895844.756811,45061,16,1
3,OrderStatus,1770895844.758715,13538,2,1
1,NewOrder,1770895844.763137,26720,19,1
1,NewOrder,1770895844.763554,29185,1,1
2,Payment,1770895844.764528,43504,11,1
4,Delivery,1770895844.765028,51359,8,1
1,NewOrder,1770895844.768944,44381,4,1
2,Payment,1770895844.769388,9948,5,1
1,NewOrder,1770895844.769434,30451,0,1
1,NewOrder,1770895844.770090,40029,21,1
2,Payment,1770895844.770600,6929,22,1
1,NewOrder,1770895844.770674,30094,6,1
2,Payment,1770895844.771242,14433,23,1
2,Payment,1770895844.771273,8409,15,1
1,NewOrder,1770895844.771723,25023,3,1
2,Payment,1770895844.772260,14731,2,1
2,Payment,1770895844.773468,18591,17,1
1,NewOrder,1770895844.774036,42794,12,1
1,NewOrder,1770895844.775250,38762,10,1
2,Payment,1770895844.776489,25615,20,1
2,Payment,1770895844.776513,34675,13,1
1,NewOrder,1770895844.777536,21165,22,1
1,NewOrder,1770895844.779342,23357,5,1
2,Payment,1770895844.779687,48321,15,1
1,NewOrder,1770895844.779726,40978,18,1
2,Payment,1770895844.781597,38235,7,1
1,NewOrder,1770895844.785682,37928,23,1
1,NewOrder,1770895844.787003,17139,2,1
1,NewOrder,1770895844.789867,20841,19,1
1,NewOrder,1770895844.792068,40863,17,1
1,NewOrder,1770895844.792745,36392,1,1
5,StockLevel,1770895844.792796,35432,9,1
4,Delivery,1770895844.796753,48687,3,1
1,NewOrder,1770895844.798706,50877,22,1
2,Payment,1770895844.799893,15042,0,1
1,NewOrder,1770895844.800778,27864,6,1
1,NewOrder,1770895844.801310,17545,14,1
1,NewOrder,1770895844.801884,51713,16,1
2,Payment,1770895844.802112,14741,20,1
1,NewOrder,1770895844.802706,15052,5,1
2,Payment,1770895844.804153,20213,2,1
1,NewOrder,1770895844.808040,24244,11,1
2,Payment,1770895844.810139,27444,21,1
1,NewOrder,1770895844.810723,20098,19,1
2,Payment,1770895844.811198,40465,13,1
3,OrderStatus,1770895844.813349,12408,4,1
1,NewOrder,1770895844.814028,44429,10,1
2,Payment,1770895844.814945,28207,0,1
1,NewOrder,1770895844.816394,35529,8,1
1,NewOrder,1770895844.816835,40344,12,1
1,NewOrder,1770895844.816864,33776,20,1
1,NewOrder,1770895844.817770,42618,5,1
1,NewOrder,1770895844.818865,18514,14,1
2,Payment,1770895844.819847,5623,7,1
4,Delivery,1770895844.820715,9238,18,1
2,Payment,1770895844.823620,17932,23,1
1,NewOrder,1770895844.824374,27232,2,1
1,NewOrder,1770895844.825479,29476,7,1
2,Payment,1770895844.825764,28744,4,1
2,Payment,1770895844.828025,33309,15,1
1,NewOrder,1770895844.828254,7708,9,1
2,Payment,1770895844.828646,17637,6,1
5,StockLevel,1770895844.829173,7681,1,1
2,Payment,1770895844.829963,16915,18,1
2,Payment,1770895844.830831,23247,19,1
2,Payment,1770895844.832294,21777,11,1
3,OrderStatus,1770895844.832967,14213,17,1
1,NewOrder,1770895844.835980,9433,9,1
5,StockLevel,1770895844.836863,5028,1,1
2,Payment,1770895844.837388,35275,14,1
2,Payment,1770895844.837588,27501,21,1
1,NewOrder,1770895844.841559,10332,23,1
2,Payment,1770895844.841909,17844,1,1
2,Payment,1770895844.843159,30785,0,1
1,NewOrder,1770895844.845439,18214,9,1
2,Payment,1770895844.845478,32838,3,1
1,NewOrder,1770895844.846297,23266,6,1
2,Payment,1770895844.846907,27070,18,1
1,NewOrder,1770895844.847195,23396,17,1
1,NewOrder,1770895844.849593,16571,22,1
4,Delivery,1770895844.850645,26168,20,1
1,NewOrder,1770895844.851618,17924,2,1
1,NewOrder,1770895844.851674,20390,13,1
1,NewOrder,1770895844.851899,17357,23,1
2,Payment,1770895844.851933,15017,8,1
2,Payment,1770895844.853613,35473,16,1
2,Payment,1770895844.854082,22375,11,1
1,NewOrder,1770895844.854088,22764,19,1
2,Payment,1770895844.854519,28870,4,1
2,Payment,1770895844.854962,27845,7,1
1,NewOrder,1770895844.857189,31260,12,1
2,Payment,1770895844.858469,35442,10,1
2,Payment,1770895844.859761,29259,1,1
1,NewOrder,1770895844.860393,16444,5,1
5,StockLevel,1770895844.861339,33295,15,1
1,NewOrder,1770895844.863661,25340,9,1
1,NewOrder,1770895844.865101,27915,21,1
2,Payment,1770895844.866174,19329,22,1
2,Payment,1770895844.866957,33812,8,1
2,Payment,1770895844.869276,29154,23,1
2,Payment,1770895844.869552,31753,2,1
2,Payment,1770895844.869570,42377,6,1
1,NewOrder,1770895844.870601,16420,17,1
2,Payment,1770895844.872069,26522,13,1
2,Payment,1770895844.872675,37023,14,1
1,NewOrder,1770895844.873951,22024,0,1
2,Payment,1770895844.873983,17869,18,1
1,NewOrder,1770895844.876468,15746,11,1
2,Payment,1770895844.876821,26922,20,1
1,NewOrder,1770895844.876845,8254,5,1
2,Payment,1770895844.876861,31144,19,1
1,NewOrder,1770895844.878326,5842,3,1
2,Payment,1770895844.882815,36328,7,1
1,NewOrder,1770895844.883398,15524,4,1
1,NewOrder,1770895844.884174,13837,3,1
1,NewOrder,1770895844.885106,19139,5,1
1,NewOrder,1770895844.885526,29607,22,1
1,NewOrder,1770895844.887029,19063,17,1
1,NewOrder,1770895844.888457,16747,12,1
1,NewOrder,1770895844.889005,17113,9,1
1,NewOrder,1770895844.889054,31589,1,1
2,Payment,1770895844.889098,33955,16,1
2,Payment,1770895844.891859,29395,18,1
2,Payment,1770895844.892225,33529,11,1
2,Payment,1770895844.893027,22772,21,1
1,NewOrder,1770895844.893918,27180,10,1
1,NewOrder,1770895844.894643,27129,15,1
2,Payment,1770895844.895992,16034,0,1
2,Payment,1770895844.898020,25612,3,1
2,Payment,1770895844.898440,26184,23,1
1,NewOrder,1770895844.898618,28276,13,1
5,StockLevel,1770895844.898950,10449,4,1
2,Payment,1770895844.900778,32276,8,1
1,NewOrder,1770895844.901311,7086,2,1
1,NewOrder,1770895844.903768,8214,20,1
2,Payment,1770895844.904270,26083,5,1
1,NewOrder,1770895844.905222,23134,12,1
2,Payment,1770895844.906117,31761,17,1
1,NewOrder,1770895844.906144,25745,9,1
4,Delivery,1770895844.908024,7059,19,1
2,Payment,1770895844.908423,27887,2,1
1,NewOrder,1770895844.909410,5624,4,1
2,Payment,1770895844.909704,34294,14,1
4,Delivery,1770895844.911953,14306,6,1
1,NewOrder,1770895844.911989,31656,20,1
1,NewOrder,1770895844.912034,15908,0,1
2,Payment,1770895844.915057,26693,4,1
5,StockLevel,1770895844.915106,13969,19,1
1,NewOrder,1770895844.915158,36841,22,1
2,Payment,1770895844.915813,12924,21,1
2,Payment,1770895844.919151,19160,7,1
2,Payment,1770895844.920667,29307,1,1
2,Payment,1770895844.921118,22916,10,1
2,Payment,1770895844.921289,11020,18,1
3,OrderStatus,1770895844.921787,4651,15,1
2,Payment,1770895844.923069,30547,16,1
1,NewOrder,1770895844.923639,24763,3,1
2,Payment,1770895844.924637,11243,23,1
1,NewOrder,1770895844.925764,16941,11,1
2,Payment,1770895844.926279,34245,6,1
1,NewOrder,1770895844.926466,28811,15,1
1,NewOrder,1770895844.926900,19477,13,1
1,NewOrder,1770895844.927954,14398,0,1
1,NewOrder,1770895844.928361,30934,12,1
2,Payment,1770895844.928748,14499,21,1
1,NewOrder,1770895844.929085,11429,19,1
2,Payment,1770895844.930362,27830,5,1
2,Payment,1770895844.931896,17600,9,1
1,NewOrder,1770895844.932319,11386,18,1
1,NewOrder,1770895844.933061,16051,8,1
1,NewOrder,1770895844.935891,18358,23,1
2,Payment,1770895844.936315,29212,2,1
2,Payment,1770895844.937889,30544,17,1
1,NewOrder,1770895844.938320,16639,7,1
2,Payment,1770895844.940524,10231,19,1
2,Payment,1770895844.941757,30879,4,1
2,Payment,1770895844.942360,39073,0,1
1,NewOrder,1770895844.942711,21038,11,1
2,Payment,1770895844.943254,13781,21,1
1,NewOrder,1770895844.943652,20121,20,1
2,Payment,1770895844.943716,23934,18,1
5,StockLevel,1770895844.944005,18865,14,1
2,Payment,1770895844.944041,25848,10,1
2,Payment,1770895844.946381,30011,13,1
1,NewOrder,1770895844.948408,22848,3,1
1,NewOrder,1770895844.949118,21613,8,1
1,NewOrder,1770895844.949500,19817,9,1
3,OrderStatus,1770895844.949982,7821,1,1
2,Payment,1770895844.950765,23459,19,1
1,NewOrder,1770895844.952009,9439,22,1
2,Payment,1770895844.953628,29470,16,1
1,NewOrder,1770895844.954255,16915,23,1
1,NewOrder,1770895844.954966,21881,7,1
4,Delivery,1770895844.955285,40873,15,1
1,NewOrder,1770895844.957041,18953,21,1
1,NewOrder,1770895844.957823,22056,1,1
2,Payment,1770895844.958208,36405,5,1
1,NewOrder,1770895844.959312,19800,12,1
4,Delivery,1770895844.960548,12963,6,1
2,Payment,1770895844.961473,20312,22,1
2,Payment,1770895844.962879,29913,14,1
1,NewOrder,1770895844.963774,21946,11,1
1,NewOrder,1770895844.963800,8372,20,1
2,Payment,1770895844.965538,33353,2,1
2,Payment,1770895844.967668,24243,18,1
4,Delivery,1770895844.968449,28120,17,1
2,Payment,1770895844.969342,7596,9,1
1,NewOrder,1770895844.969895,19647,10,1
2,Payment,1770895844.970743,11009,8,1
1,NewOrder,1770895844.971195,27045,23,1
4,Delivery,1770895844.971283,62057,3,1
1,NewOrder,1770895844.972179,25595,20,1
2,Payment,1770895844.972662,31401,4,1
1,NewOrder,1770895844.973518,37865,6,1
1,NewOrder,1770895844.974230,38675,19,1
5,StockLevel,1770895844.976003,14595,21,1
2,Payment,1770895844.976397,30308,13,1
1,NewOrder,1770895844.976857,13098,7,1
2,Payment,1770895844.976948,23330,9,1
1,NewOrder,1770895844.979121,17397,12,1
1,NewOrder,1770895844.979888,29996,1,1
1,NewOrder,1770895844.981439,45194,0,1
1,NewOrder,1770895844.981759,32552,8,1
2,Payment,1770895844.981789,16488,22,1
1,NewOrder,1770895844.983108,23043,16,1
2,Payment,1770895844.985736,22729,11,1
2,Payment,1770895844.989546,26693,10,1
2,Payment,1770895844.989966,48782,7,1
1,NewOrder,1770895844.990607,4579,21,1
2,Payment,1770895844.991922,16773,18,1
1,NewOrder,1770895844.992800,36365,14,1
1,NewOrder,1770895844.994620,23811,5,1
4,Delivery,1770895844.995199,45035,21,1
2,Payment,1770895844.996166,17259,15,1
1,NewOrder,1770895844.996527,23586,12,1
1,NewOrder,1770895844.996578,9452,17,1
2,Payment,1770895844.997780,22716,20,1
1,NewOrder,1770895844.998244,28450,23,1
1,NewOrder,1770895844.998284,22870,22,1
2,Payment,1770895844.998901,11055,2,1
2,Payment,1770895845.000288,29977,9,1
1,NewOrder,1770895845.004071,29685,4,1
3,OrderStatus,1770895845.006040,5485,17,1
2,Payment,1770895845.006161,17656,16,1
5,StockLevel,1770895845.006711,23274,13,1
1,NewOrder,1770895845.008495,18781,11,1
2,Payment,1770895845.008706,21270,18,1
2,Payment,1770895845.009909,17284,1,1
2,Payment,1770895845.009976,7723,2,1
1,NewOrder,1770895845.011394,21344,6,1
2,Payment,1770895845.011534,25627,17,1
5,StockLevel,1770895845.012916,15752,19,1
1,NewOrder,1770895845.013433,20793,15,1
1,NewOrder,1770895845.014320,19825,8,1
2,Payment,1770895845.016269,32434,10,1
1,NewOrder,1770895845.017724,25429,2,1
2,Payment,1770895845.018434,13730,5,1
1,NewOrder,1770895845.020123,10375,12,1
2,Payment,1770895845.020505,17068,20,1
2,Payment,1770895845.021161,27167,22,1
2,Payment,1770895845.023824,27033,16,1
1,NewOrder,1770895845.026642,23322,0,1
4,Delivery,1770895845.026704,13819,23,1
1,NewOrder,1770895845.027197,27168,1,1
1,NewOrder,1770895845.027286,31844,11,1
1,NewOrder,1770895845.028693,22203,19,1
2,Payment,1770895845.029190,29910,14,1
1,NewOrder,1770895845.030005,33118,18,1
5,StockLevel,1770895845.030005,24069,13,1
2,Payment,1770895845.030276,30082,9,1
1,NewOrder,1770895845.030504,24198,12,1
1,NewOrder,1770895845.032189,15014,5,1
2,Payment,1770895845.032748,37980,6,1
1,NewOrder,1770895845.033366,30696,3,1
2,Payment,1770895845.033772,5385,4,1
1,NewOrder,1770895845.034166,25295,8,1
1,NewOrder,1770895845.034243,18455,15,1
1,NewOrder,1770895845.037168,32314,17,1
1,NewOrder,1770895845.037581,22729,20,1
2,Payment,1770895845.038754,45986,7,1
1,NewOrder,1770895845.039166,41566,4,1
5,StockLevel,1770895845.040238,14095,21,1
1,NewOrder,1770895845.040540,38661,23,1
2,Payment,1770895845.043179,9892,2,1
1,NewOrder,1770895845.047227,20093,5,1
1,NewOrder,1770895845.048338,31901,22,1
1,NewOrder,1770895845.048709,38186,10,1
1,NewOrder,1770895845.049989,13610,0,1
1,NewOrder,1770895845.050880,35688,16,1
2,Payment,1770895845.050922,5935,19,1
2,Payment,1770895845.052708,17433,15,1
2,Payment,1770895845.053080,6305,2,1
2,Payment,1770895845.054084,24293,13,1
2,Payment,1770895845.054348,9312,21,1
2,Payment,1770895845.054376,11097,1,1
5,StockLevel,1770895845.054712,21993,12,1
3,OrderStatus,1770895845.056864,5907,19,1
1,NewOrder,1770895845.059110,22726,14,1
2,Payment,1770895845.059137,18617,11,1
1,NewOrder,1770895845.059395,28206,2,1
1,NewOrder,1770895845.059466,17022,8,1
1,NewOrder,1770895845.060319,22993,20,1
1,NewOrder,1770895845.060379,38378,9,1
4,Delivery,1770895845.062781,18573,19,1
1,NewOrder,1770895845.063133,33513,18,1
2,Payment,1770895845.063608,7023,0,1
5,StockLevel,1770895845.063664,10909,21,1
4,Delivery,1770895845.064074,29459,3,1
2,Payment,1770895845.065483,12475,1,1
4,Delivery,1770895845.067327,26588,5,1
2,Payment,1770895845.069493,20494,17,1
4,Delivery,1770895845.070167,39360,15,1
1,NewOrder,1770895845.070641,17412,0,1
2,Payment,1770895845.070738,19850,6,1
1,NewOrder,1770895845.074582,24441,21,1
1,NewOrder,1770895845.076495,28443,8,1
1,NewOrder,1770895845.076729,25759,12,1
2,Payment,1770895845.077767,18975,11,1
2,Payment,1770895845.077984,6205,1,1
5,StockLevel,1770895845.078386,23837,13,1
2,Payment,1770895845.079211,8810,23,1
1,NewOrder,1770895845.080265,25658,22,1
3,OrderStatus,1770895845.080742,10181,4,1
5,StockLevel,1770895845.081364,13321,19,1
2,Payment,1770895845.081853,14319,14,1
2,Payment,1770895845.083317,13961,20,1
2,Payment,1770895845.084199,5367,1,1
2,Payment,1770895845.084751,17149,7,1
2,Payment,1770895845.086575,19196,16,1
1,NewOrder,1770895845.086904,21541,10,1
2,Payment,1770895845.087611,7423,2,1
4,Delivery,1770895845.088031,66027,23,1
2,Payment,1770895845.088063,12661,0,1
1,NewOrder,1770895845.089576,27550,1,1
1,NewOrder,1770895845.089996,38943,17,1
5,StockLevel,1770895845.090596,17194,6,1
1,NewOrder,1770895845.090932,22229,4,1
2,Payment,1770895845.093539,17934,3,1
2,Payment,1770895845.093924,25680,5,1
2,Payment,1770895845.094709,8509,19,1
2,Payment,1770895845.095049,34663,2,1
1,NewOrder,1770895845.096181,31719,14,1
2,Payment,1770895845.096653,13486,18,1
2,Payment,1770895845.096752,13425,11,1
2,Payment,1770895845.097283,17774,20,1
2,Payment,1770895845.098784,48216,9,1
2,Payment,1770895845.099028,18506,21,1
2,Payment,1770895845.100732,24002,0,1
1,NewOrder,1770895845.101910,21325,7,1
2,Payment,1770895845.102249,16925,13,1
1,NewOrder,1770895845.102514,13138,12,1
1,NewOrder,1770895845.103229,25346,19,1
2,Payment,1770895845.104948,11169,8,1
5,StockLevel,1770895845.105791,20132,16,1
2,Payment,1770895845.105948,14113,22,1
2,Payment,1770895845.107799,13596,6,1
2,Payment,1770895845.108455,16764,10,1
3,OrderStatus,1770895845.109550,4880,15,1
2,Payment,1770895845.110148,15987,18,1
2,Payment,1770895845.110187,29211,11,1
1,NewOrder,1770895845.111510,33988,3,1
2,Payment,1770895845.113174,23745,4,1
2,Payment,1770895845.114438,8104,15,1
2,Payment,1770895845.115073,16156,20,1
2,Payment,1770895845.115661,12898,12,1
2,Payment,1770895845.116127,18303,8,1
2,Payment,1770895845.117152,29418,1,1
2,Payment,1770895845.117541,26755,21,1
1,NewOrder,1770895845.119185,19099,13,1
1,NewOrder,1770895845.119614,25961,5,1
1,NewOrder,1770895845.120069,17169,22,1
1,NewOrder,1770895845.121421,21443,6,1
2,Payment,1770895845.122548,12551,15,1
2,Payment,1770895845.123240,32228,7,1
1,NewOrder,1770895845.124760,26183,0,1
2,Payment,1770895845.125244,42137,10,1
1,NewOrder,1770895845.125948,15619,16,1
3,OrderStatus,1770895845.126148,8592,18,1
2,Payment,1770895845.127907,12049,14,1
1,NewOrder,1770895845.128584,21512,12,1
2,Payment,1770895845.128602,7812,19,1
1,NewOrder,1770895845.128949,19359,17,1
2,Payment,1770895845.129738,25194,2,1
1,NewOrder,1770895845.131237,17878,20,1
2,Payment,1770895845.134440,42179,8,1
1,NewOrder,1770895845.134751,14896,18,1
2,Payment,1770895845.135116,10491,15,1
2,Payment,1770895845.136440,14873,19,1
4,Delivery,1770895845.136944,67888,4,1
2,Payment,1770895845.137254,31668,22,1
3,OrderStatus,1770895845.138295,6241,13,1
2,Payment,1770895845.139407,43911,11,1
4,Delivery,1770895845.139965,19467,14,1
4,Delivery,1770895845.141578,18488,16,1
5,StockLevel,1770895845.142873,13807,6,1
1,NewOrder,1770895845.144316,21423,21,1
2,Payment,1770895845.144575,10687,13,1
1,NewOrder,1770895845.145507,38208,3,1
1,NewOrder,1770895845.145583,27568,5,1
2,Payment,1770895845.145612,19788,15,1
3,OrderStatus,1770895845.146580,10805,1,1
2,Payment,1770895845.147025,42850,9,1
2,Payment,1770895845.148319,27894,17,1
5,StockLevel,1770895845.149124,6318,20,1
1,NewOrder,1770895845.149672,9385,18,1
5,StockLevel,1770895845.150112,5383,12,1
1,NewOrder,1770895845.150953,21158,0,1
1,NewOrder,1770895845.151318,27011,19,1
2,Payment,1770895845.154065,27076,23,1
1,NewOrder,1770895845.154942,29795,2,1
2,Payment,1770895845.155271,28487,13,1
1,NewOrder,1770895845.155446,4375,20,1
1,NewOrder,1770895845.155474,23409,7,1
2,Payment,1770895845.155500,33425,12,1
2,Payment,1770895845.156693,39204,6,1
2,Payment,1770895845.157395,8321,1,1
1,NewOrder,1770895845.159063,7073,18,1
2,Payment,1770895845.159448,35898,14,1
1,NewOrder,1770895845.159837,4269,20,1
2,Payment,1770895845.160088,42951,16,1
1,NewOrder,1770895845.164110,8086,20,1
1,NewOrder,1770895845.165411,34529,15,1
2,Payment,1770895845.165721,3561,1,1
1,NewOrder,1770895845.165747,9040,21,1
3,OrderStatus,1770895845.166141,2053,18,1
1,NewOrder,1770895845.167386,21790,10,1
2,Payment,1770895845.168202,15477,18,1
1,NewOrder,1770895845.168931,26992,22,1
2,Payment,1770895845.169305,2355,1,1
4,Delivery,1770895845.171666,33868,1,1
1,NewOrder,1770895845.172128,9329,0,1
2,Payment,1770895845.172220,14580,20,1
1,NewOrder,1770895845.173166,8319,5,1
1,NewOrder,1770895845.174802,7134,21,1
2,Payment,1770895845.176224,31480,17,1
2,Payment,1770895845.176627,24945,8,1
1,NewOrder,1770895845.178335,41841,19,1
5,StockLevel,1770895845.178907,19242,7,1
1,NewOrder,1770895845.181167,30104,23,1
1,NewOrder,1770895845.181462,17987,0,1
2,Payment,1770895845.181495,5746,5,1
1,NewOrder,1770895845.181946,25353,21,1
1,NewOrder,1770895845.183323,27904,11,1
2,Payment,1770895845.183682,8215,18,1
1,NewOrder,1770895845.183725,16105,3,1
2,Payment,1770895845.183769,34550,13,1
1,NewOrder,1770895845.184742,22145,2,1
1,NewOrder,1770895845.186808,9097,20,1
2,Payment,1770895845.187251,8756,5,1
1,NewOrder,1770895845.188950,19143,12,1
2,Payment,1770895845.189200,24570,10,1
2,Payment,1770895845.189880,32007,9,1
1,NewOrder,1770895845.191906,19463,18,1
1,NewOrder,1770895845.195356,13696,14,1
1,NewOrder,1770895845.195909,20381,6,1
1,NewOrder,1770895845.195912,13658,20,1
2,Payment,1770895845.195933,9375,22,1
1,NewOrder,1770895845.196018,30322,5,1
1,NewOrder,1770895845.198155,16261,7,1
2,Payment,1770895845.199459,5836,0,1
4,Delivery,1770895845.199838,5543,3,1
1,NewOrder,1770895845.199947,35549,15,1
2,Payment,1770895845.201579,27556,8,1
3,OrderStatus,1770895845.203049,5104,16,1
3,OrderStatus,1770895845.204856,10696,4,1
1,NewOrder,1770895845.205325,21485,0,1
1,NewOrder,1770895845.205326,41994,22,1
2,Payment,1770895845.205403,13935,3,1
2,Payment,1770895845.205542,20053,1,1
1,NewOrder,1770895845.206901,30228,2,1
3,OrderStatus,1770895845.207306,11408,21,1
2,Payment,1770895845.207713,21030,17,1
1,NewOrder,1770895845.208108,28591,12,1
2,Payment,1770895845.208161,14751,16,1
1,NewOrder,1770895845.209061,9620,14,1
1,NewOrder,1770895845.209592,13650,20,1
5,StockLevel,1770895845.211241,24605,11,1
2,Payment,1770895845.211296,5620,23,1
1,NewOrder,1770895845.211394,10455,18,1
1,NewOrder,1770895845.213775,25908,10,1
1,NewOrder,1770895845.214442,33585,7,1
2,Payment,1770895845.215559,17744,4,1
2,Payment,1770895845.216295,22210,6,1
1,NewOrder,1770895845.216924,42365,23,1
1,NewOrder,1770895845.218336,19333,13,1
2,Payment,1770895845.218686,15600,14,1
4,Delivery,1770895845.218721,34436,21,1
2,Payment,1770895845.219363,31199,3,1
2,Payment,1770895845.220189,6536,19,1
2,Payment,1770895845.221858,9356,18,1
2,Payment,1770895845.221893,29318,9,1
1,NewOrder,1770895845.222937,19429,16,1
2,Payment,1770895845.223263,15126,20,1
2,Payment,1770895845.225616,34832,1,1
1,NewOrder,1770895845.226361,14453,5,1
3,OrderStatus,1770895845.226732,6944,19,1
1,NewOrder,1770895845.226820,21690,0,1
2,Payment,1770895845.228753,14026,17,1
1,NewOrder,1770895845.229141,30177,8,1
1,NewOrder,1770895845.231223,21481,18,1
1,NewOrder,1770895845.233313,27733,4,1
2,Payment,1770895845.233683,15771,19,1
2,Payment,1770895845.234290,15034,14,1
3,OrderStatus,1770895845.235506,4829,15,1
3,OrderStatus,1770895845.235851,12561,11,1
1,NewOrder,1770895845.236708,15455,12,1
2,Payment,1770895845.237136,38341,2,1
5,StockLevel,1770895845.237673,10768,13,1
5,StockLevel,1770895845.238395,21752,20,1
1,NewOrder,1770895845.238508,20835,6,1
1,NewOrder,1770895845.239692,14289,10,1
1,NewOrder,1770895845.240344,10532,15,1
1,NewOrder,1770895845.240818,13517,5,1
2,Payment,1770895845.242377,14215,16,1
2,Payment,1770895845.242790,18973,17,1
3,OrderStatus,1770895845.247327,13111,22,1
2,Payment,1770895845.248033,11192,7,1
1,NewOrder,1770895845.248421,30498,11,1
2,Payment,1770895845.248446,18133,13,1
1,NewOrder,1770895845.248515,19410,0,1
2,Payment,1770895845.249333,21165,14,1
2,Payment,1770895845.249460,9797,19,1
1,NewOrder,1770895845.250567,8800,3,1
1,NewOrder,1770895845.250886,16546,15,1
2,Payment,1770895845.251215,13595,9,1
2,Payment,1770895845.252174,29052,12,1
1,NewOrder,1770895845.252711,30153,18,1
2,Payment,1770895845.253167,14210,21,1
2,Payment,1770895845.253987,21834,10,1
1,NewOrder,1770895845.254341,5049,5,1
1,NewOrder,1770895845.256597,12990,16,1
2,Payment,1770895845.259232,20133,7,1
2,Payment,1770895845.259265,18131,19,1
1,NewOrder,1770895845.259293,27235,23,1
1,NewOrder,1770895845.259331,26728,8,1
1,NewOrder,1770895845.259352,20787,6,1
2,Payment,1770895845.259373,23929,3,1
2,Payment,1770895845.259394,4395,5,1
2,Payment,1770895845.260151,24589,20,1
2,Payment,1770895845.260443,27711,22,1
2,Payment,1770895845.260458,31824,1,1
3,OrderStatus,1770895845.261050,3643,4,1
1,NewOrder,1770895845.261769,14082,17,1
1,NewOrder,1770895845.263799,27994,5,1
5,StockLevel,1770895845.264702,6873,4,1
1,NewOrder,1770895845.264818,30305,9,1
5,StockLevel,1770895845.266586,5226,13,1
1,NewOrder,1770895845.267386,16933,21,1
1,NewOrder,1770895845.267439,22282,15,1
3,OrderStatus,1770895845.267949,15593,0,1
2,Payment,1770895845.269594,18971,16,1
2,Payment,1770895845.270520,21736,14,1
1,NewOrder,1770895845.271584,3152,4,1
2,Payment,1770895845.271824,26195,13,1
2,Payment,1770895845.274743,22568,4,1
1,NewOrder,1770895845.275481,24671,2,1
2,Payment,1770895845.275830,7558,10,1
1,NewOrder,1770895845.275861,7812,17,1
2,Payment,1770895845.277403,17173,19,1
2,Payment,1770895845.278928,7574,11,1
1,NewOrder,1770895845.279371,20304,7,1
2,Payment,1770895845.280149,11182,6,1
1,NewOrder,1770895845.281235,19691,12,1
2,Payment,1770895845.282873,22223,18,1
1,NewOrder,1770895845.283307,17232,3,1
1,NewOrder,1770895845.283396,23465,10,1
2,Payment,1770895845.283551,24809,0,1
2,Payment,1770895845.283678,20787,17,1
2,Payment,1770895845.284325,38074,21,1
2,Payment,1770895845.284750,32146,20,1
1,NewOrder,1770895845.286064,10899,8,1
1,NewOrder,1770895845.286508,33790,11,1
2,Payment,1770895845.286536,41293,23,1
1,NewOrder,1770895845.288173,38821,22,1
3,OrderStatus,1770895845.288601,5921,16,1
1,NewOrder,1770895845.289748,11556,15,1
5,StockLevel,1770895845.291336,21421,6,1
2,Payment,1770895845.291799,23210,5,1
1,NewOrder,1770895845.292265,18334,14,1
1,NewOrder,1770895845.292292,22229,1,1
1,NewOrder,1770895845.294531,34404,16,1
1,NewOrder,1770895845.294583,30983,19,1
2,Payment,1770895845.295132,10995,9,1
2,Payment,1770895845.296970,13008,8,1
1,NewOrder,1770895845.297329,46918,4,1
2,Payment,1770895845.298044,13432,13,1
1,NewOrder,1770895845.299688,9117,7,1
2,Payment,1770895845.300178,22783,2,1
2,Payment,1770895845.300549,28445,3,1
1,NewOrder,1770895845.300944,6425,12,1
1,NewOrder,1770895845.301325,10740,15,1
2,Payment,1770895845.304492,12875,17,1
1,NewOrder,1770895845.305105,25877,18,1
2,Payment,1770895845.306139,6827,9,1
2,Payment,1770895845.306866,9237,10,1
1,NewOrder,1770895845.307383,6360,12,1
2,Payment,1770895845.308382,36984,0,1
2,Payment,1770895845.308830,9263,7,1
2,Payment,1770895845.310007,10266,8,1
1,NewOrder,1770895845.310609,4864,14,1
4,Delivery,1770895845.311486,29467,13,1
2,Payment,1770895845.312075,7744,15,1
1,NewOrder,1770895845.312763,56612,6,1
2,Payment,1770895845.312976,13704,9,1
1,NewOrder,1770895845.313753,14788,12,1
2,Payment,1770895845.314538,42355,1,1
2,Payment,1770895845.315035,50893,5,1
2,Payment,1770895845.315499,10569,14,1
2,Payment,1770895845.316108,19966,10,1
3,OrderStatus,1770895845.316901,7768,20,1
1,NewOrder,1770895845.317395,42767,17,1
2,Payment,1770895845.318116,24057,7,1
2,Payment,1770895845.319829,11871,15,1
1,NewOrder,1770895845.320282,12259,8,1
1,NewOrder,1770895845.320309,41106,11,1
2,Payment,1770895845.322414,10652,21,1
1,NewOrder,1770895845.322987,15077,2,1
2,Payment,1770895845.324676,13921,20,1
1,NewOrder,1770895845.325570,13058,19,1
1,NewOrder,1770895845.326079,23540,14,1
1,NewOrder,1770895845.326690,33650,9,1
1,NewOrder,1770895845.327001,40886,22,1
1,NewOrder,1770895845.327833,14690,23,1
2,Payment,1770895845.328552,12008,12,1
1,NewOrder,1770895845.328944,49217,16,1
1,NewOrder,1770895845.329000,26229,3,1
2,Payment,1770895845.330992,10586,18,1
1,NewOrder,1770895845.331709,19673,15,1
1,NewOrder,1770895845.332554,34603,8,1
2,Payment,1770895845.333073,12836,21,1
1,NewOrder,1770895845.336080,30206,10,1
2,Payment,1770895845.338070,32916,2,1
1,NewOrder,1770895845.338605,13112,20,1
1,NewOrder,1770895845.338635,10036,19,1
2,Payment,1770895845.340571,9604,12,1
2,Payment,1770895845.340959,12426,13,1
1,NewOrder,1770895845.341588,8554,18,1
5,StockLevel,1770895845.342180,17930,7,1
1,NewOrder,1770895845.342529,9596,23,1
1,NewOrder,1770895845.344252,40947,4,1
1,NewOrder,1770895845.345372,43991,0,1
1,NewOrder,1770895845.345912,14460,21,1
1,NewOrder,1770895845.348679,5073,19,1
2,Payment,1770895845.349629,6000,14,1
2,Payment,1770895845.350148,10766,18,1
1,NewOrder,1770895845.350180,35097,12,1
3,OrderStatus,1770895845.351392,2522,15,1
2,Payment,1770895845.351726,18382,20,1
2,Payment,1770895845.352131,25384,23,1
2,Payment,1770895845.353392,7567,13,1
2,Payment,1770895845.353757,34911,19,1
1,NewOrder,1770895845.353922,6413,15,1
1,NewOrder,1770895845.355233,37309,3,1
1,NewOrder,1770895845.355636,5286,14,1
2,Payment,1770895845.356900,19695,1,1
1,NewOrder,1770895845.360115,29182,7,1
2,Payment,1770895845.360168,5260,17,1
2,Payment,1770895845.360339,12256,15,1
1,NewOrder,1770895845.360352,23238,9,1
1,NewOrder,1770895845.360384,24301,21,1
1,NewOrder,1770895845.360920,32602,18,1
1,NewOrder,1770895845.360926,12059,14,1
5,StockLevel,1770895845.360969,11229,13,1
2,Payment,1770895845.361419,7205,11,1
2,Payment,1770895845.365435,13682,17,1
1,NewOrder,1770895845.365943,24970,5,1
4,Delivery,1770895845.366297,57589,10,1
1,NewOrder,1770895845.367164,26883,8,1
1,NewOrder,1770895845.367892,25184,22,1
2,Payment,1770895845.368633,6822,11,1
2,Payment,1770895845.369384,13254,6,1
1,NewOrder,1770895845.370115,27789,20,1
2,Payment,1770895845.370990,12052,2,1
1,NewOrder,1770895845.372204,18685,13,1
2,Payment,1770895845.372605,12495,15,1
1,NewOrder,1770895845.372992,17585,14,1
1,NewOrder,1770895845.375462,36262,11,1
1,NewOrder,1770895845.376601,37303,1,1
2,Payment,1770895845.377522,15934,23,1
2,Payment,1770895845.378167,15888,16,1
2,Payment,1770895845.379124,19147,17,1
3,OrderStatus,1770895845.382647,10437,6,1
2,Payment,1770895845.383050,12692,2,1
2,Payment,1770895845.383600,13348,9,1
2,Payment,1770895845.384690,12853,21,1
2,Payment,1770895845.385105,16966,15,1
1,NewOrder,1770895845.385204,18835,4,1
1,NewOrder,1770895845.385284,25733,12,1
1,NewOrder,1770895845.388672,47642,19,1
2,Payment,1770895845.389302,13560,7,1
2,Payment,1770895845.389368,13957,0,1
1,NewOrder,1770895845.390587,30633,14,1
1,NewOrder,1770895845.390896,44113,13,1
1,NewOrder,1770895845.390923,23536,5,1
2,Payment,1770895845.392555,19158,3,1
2,Payment,1770895845.393083,22141,22,1
1,NewOrder,1770895845.393093,21928,6,1
2,Payment,1770895845.393472,32764,23,1
2,Payment,1770895845.393547,10476,18,1
1,NewOrder,1770895845.394061,43235,8,1
2,Payment,1770895845.394072,19114,16,1
2,Payment,1770895845.395746,26179,2,1
1,NewOrder,1770895845.396954,18021,9,1
1,NewOrder,1770895845.397553,34233,21,1
1,NewOrder,1770895845.397910,21500,20,1
1,NewOrder,1770895845.398281,19867,17,1
1,NewOrder,1770895845.402111,31588,15,1
1,NewOrder,1770895845.402868,13404,7,1
5,StockLevel,1770895845.403341,12139,0,1
1,NewOrder,1770895845.404049,20133,18,1
2,Payment,1770895845.404054,26935,4,1
2,Payment,1770895845.411033,18188,12,1
1,NewOrder,1770895845.411717,10595,3,1
2,Payment,1770895845.411734,12483,11,1
1,NewOrder,1770895845.413210,34374,16,1
2,Payment,1770895845.413914,26751,1,1
2,Payment,1770895845.414464,33530,5,1
1,NewOrder,1770895845.414984,25649,9,1
5,StockLevel,1770895845.415046,21895,6,1
1,NewOrder,1770895845.415230,24851,22,1
2,Payment,1770895845.415484,37048,0,1
2,Payment,1770895845.416281,10609,7,1
2,Payment,1770895845.418173,17620,17,1
2,Payment,1770895845.419425,10411,20,1
1,NewOrder,1770895845.421231,25713,14,1
1,NewOrder,1770895845.421951,29789,2,1
1,NewOrder,1770895845.422337,8168,3,1
2,Payment,1770895845.423911,9759,10,1
1,NewOrder,1770895845.424209,17075,18,1
1,NewOrder,1770895845.424243,24326,11,1
1,NewOrder,1770895845.426243,26590,23,1
1,NewOrder,1770895845.426914,14973,7,1
2,Payment,1770895845.429232,13293,12,1
1,NewOrder,1770895845.429842,16777,20,1
1,NewOrder,1770895845.430515,10150,3,1
2,Payment,1770895845.430999,29200,4,1
1,NewOrder,1770895845.431797,19544,21,1
1,NewOrder,1770895845.433680,20522,10,1
2,Payment,1770895845.433711,19165,15,1
2,Payment,1770895845.435019,31285,13,1
2,Payment,1770895845.435800,34737,17,1
2,Payment,1770895845.436332,7272,19,1
5,StockLevel,1770895845.436948,10998,6,1
2,Payment,1770895845.437306,9667,8,1
1,NewOrder,1770895845.440087,19209,22,1
2,Payment,1770895845.440640,18334,9,1
1,NewOrder,1770895845.440687,21441,3,1
1,NewOrder,1770895845.440688,28038,1,1
1,NewOrder,1770895845.441289,19236,18,1
2,Payment,1770895845.441892,24882,7,1
1,NewOrder,1770895845.442530,11561,12,1
1,NewOrder,1770895845.443614,13728,19,1
1,NewOrder,1770895845.446630,22031,20,1
2,Payment,1770895845.446955,38051,14,1
2,Payment,1770895845.446980,29108,8,1
2,Payment,1770895845.447590,42906,16,1
2,Payment,1770895845.447953,42973,6,1
1,NewOrder,1770895845.448000,27651,5,1
2,Payment,1770895845.448574,45638,11,1
1,NewOrder,1770895845.451348,7979,21,1
3,OrderStatus,1770895845.451746,4464,2,1
4,Delivery,1770895845.452540,13029,0,1
4,Delivery,1770895845.452838,44158,23,1
2,Payment,1770895845.452885,22301,15,1
2,Payment,1770895845.454096,24889,12,1
2,Payment,1770895845.454207,26706,10,1
2,Payment,1770895845.456218,12541,2,1
2,Payment,1770895845.457348,1999,19,1
2,Payment,1770895845.458984,12567,9,1
1,NewOrder,1770895845.459305,9475,22,1
1,NewOrder,1770895845.459333,6882,21,1
5,StockLevel,1770895845.459353,6099,19,1
1,NewOrder,1770895845.460208,15902,4,1
2,Payment,1770895845.460532,7496,18,1
1,NewOrder,1770895845.462134,21489,3,1
1,NewOrder,1770895845.465462,12270,19,1
2,Payment,1770895845.465574,7237,0,1
2,Payment,1770895845.466221,7222,21,1
2,Payment,1770895845.466312,55856,13,1
3,OrderStatus,1770895845.466782,5928,7,1
2,Payment,1770895845.468035,10315,18,1
2,Payment,1770895845.468665,21440,20,1
2,Payment,1770895845.468736,21021,1,1
2,Payment,1770895845.468765,9502,2,1
2,Payment,1770895845.468785,16739,22,1
1,NewOrder,1770895845.470542,11833,17,1
2,Payment,1770895845.471557,25920,9,1
2,Payment,1770895845.472718,28423,7,1
2,Payment,1770895845.472815,20965,0,1
2,Payment,1770895845.473450,20652,21,1
1,NewOrder,1770895845.475193,7659,15,1
1,NewOrder,1770895845.475658,13529,5,1
3,OrderStatus,1770895845.476098,10292,8,1
2,Payment,1770895845.476117,24611,4,1
1,NewOrder,1770895845.477738,3549,19,1
2,Payment,1770895845.478272,27491,2,1
2,Payment,1770895845.478357,20941,18,1
2,Payment,1770895845.478991,24629,12,1
4,Delivery,1770895845.480924,18788,10,1
2,Payment,1770895845.481294,23219,19,1
5,StockLevel,1770895845.482383,4992,17,1
2,Payment,1770895845.482864,12365,15,1
1,NewOrder,1770895845.483628,12962,3,1
2,Payment,1770895845.485011,24452,14,1
1,NewOrder,1770895845.485533,10662,22,1
1,NewOrder,1770895845.486397,14786,8,1
2,Payment,1770895845.487384,12481,17,1
2,Payment,1770895845.489192,38852,5,1
1,NewOrder,1770895845.489766,32419,1,1
1,NewOrder,1770895845.490114,17211,20,1
2,Payment,1770895845.490504,37133,16,1
1,NewOrder,1770895845.490931,26615,6,1
1,NewOrder,1770895845.493787,31534,0,1
1,NewOrder,1770895845.494112,20167,21,1
1,NewOrder,1770895845.494220,22255,11,1
5,StockLevel,1770895845.495240,20372,15,1
2,Payment,1770895845.496202,14424,22,1
2,Payment,1770895845.496595,19438,3,1
1,NewOrder,1770895845.497003,36490,23,1
1,NewOrder,1770895845.497483,24985,9,1
2,Payment,1770895845.499305,23945,18,1
1,NewOrder,1770895845.499720,32548,10,1
4,Delivery,1770895845.499870,33062,17,1
2,Payment,1770895845.500735,36924,4,1
1,NewOrder,1770895845.501145,21070,7,1
2,Payment,1770895845.501189,4114,8,1
2,Payment,1770895845.503625,31701,12,1
1,NewOrder,1770895845.504519,12965,19,1
1,NewOrder,1770895845.505308,32951,8,1
1,NewOrder,1770895845.505770,30363,2,1
1,NewOrder,1770895845.507335,9625,20,1
1,NewOrder,1770895845.509474,43483,14,1
1,NewOrder,1770895845.510636,30611,22,1
2,Payment,1770895845.514287,11584,21,1
1,NewOrder,1770895845.515617,32153,15,1
1,NewOrder,1770895845.516040,23923,3,1
1,NewOrder,1770895845.516479,10037,11,1
2,Payment,1770895845.516968,12863,20,1
2,Payment,1770895845.517492,16513,19,1
1,NewOrder,1770895845.517551,22792,6,1
1,NewOrder,1770895845.522181,18184,13,1
1,NewOrder,1770895845.522193,30338,1,1
1,NewOrder,1770895845.522226,29002,7,1
1,NewOrder,1770895845.522474,25268,9,1
5,StockLevel,1770895845.523259,20805,18,1
2,Payment,1770895845.525327,23327,0,1
1,NewOrder,1770895845.525877,12534,21,1
1,NewOrder,1770895845.526523,23437,11,1
1,NewOrder,1770895845.527647,25373,16,1
2,Payment,1770895845.528050,27242,5,1
2,Payment,1770895845.529838,8450,20,1
1,NewOrder,1770895845.532278,12139,10,1
2,Payment,1770895845.532939,6377,17,1
1,NewOrder,1770895845.533503,29490,23,1
2,Payment,1770895845.534011,9217,19,1
2,Payment,1770895845.535333,12529,12,1
2,Payment,1770895845.536141,24690,2,1
1,NewOrder,1770895845.537664,21542,4,1
1,NewOrder,1770895845.538265,39699,8,1
2,Payment,1770895845.538295,9352,20,1
2,Payment,1770895845.538418,15244,21,1
1,NewOrder,1770895845.539320,32475,17,1
1,NewOrder,1770895845.539971,31790,3,1
2,Payment,1770895845.540349,12645,6,1
1,NewOrder,1770895845.540373,9322,13,1
1,NewOrder,1770895845.541256,7357,22,1
2,Payment,1770895845.543234,19236,19,1
2,Payment,1770895845.544069,24110,18,1
2,Payment,1770895845.544423,11265,10,1
2,Payment,1770895845.547654,25815,20,1
2,Payment,1770895845.547747,12163,9,1
2,Payment,1770895845.547775,3795,15,1
1,NewOrder,1770895845.547872,11705,12,1
2,Payment,1770895845.548616,28745,22,1
2,Payment,1770895845.548659,19893,0,1
2,Payment,1770895845.549701,4407,13,1
1,NewOrder,1770895845.549965,10428,11,1
2,Payment,1770895845.551239,14327,7,1
1,NewOrder,1770895845.551588,19896,15,1
2,Payment,1770895845.552541,23003,1,1
1,NewOrder,1770895845.552962,27936,14,1
1,NewOrder,1770895845.552997,21737,6,1
1,NewOrder,1770895845.553042,28356,16,1
2,Payment,1770895845.553669,27359,21,1
1,NewOrder,1770895845.554115,31787,13,1
4,Delivery,1770895845.555299,45756,5,1
1,NewOrder,1770895845.555698,9091,10,1
1,NewOrder,1770895845.559212,26171,4,1
1,NewOrder,1770895845.559588,30556,12,1
2,Payment,1770895845.559916,16353,9,1
1,NewOrder,1770895845.560398,35008,11,1
1,NewOrder,1770895845.560837,34209,2,1
1,NewOrder,1770895845.562476,18580,19,1
1,NewOrder,1770895845.563000,16939,23,1
1,NewOrder,1770895845.564795,9845,10,1
1,NewOrder,1770895845.565570,20931,7,1
2,Payment,1770895845.568188,22643,18,1
2,Payment,1770895845.568559,14734,0,1
5,StockLevel,1770895845.571496,20527,15,1
5,StockLevel,1770895845.571768,24619,3,1
2,Payment,1770895845.571801,13190,17,1
1,NewOrder,1770895845.573476,8461,20,1
2,Payment,1770895845.574646,5872,10,1
2,Payment,1770895845.574744,13008,6,1
2,Payment,1770895845.575549,15783,1,1
2,Payment,1770895845.576275,15034,9,1
2,Payment,1770895845.577367,17336,22,1
2,Payment,1770895845.577969,18256,8,1
2,Payment,1770895845.579944,20696,23,1
5,StockLevel,1770895845.580524,15240,10,1
1,NewOrder,1770895845.580908,4106,14,1
2,Payment,1770895845.581035,26986,21,1
2,Payment,1770895845.581065,22766,19,1
2,Payment,1770895845.581404,5871,16,1
2,Payment,1770895845.581941,30583,20,1
1,NewOrder,1770895845.583302,15734,0,1
2,Payment,1770895845.585001,12692,17,1
2,Payment,1770895845.585021,4010,14,1
3,OrderStatus,1770895845.585390,6880,4,1
2,Payment,1770895845.585907,6873,13,1
2,Payment,1770895845.586506,15530,7,1
2,Payment,1770895845.587280,16938,16,1
1,NewOrder,1770895845.587760,18797,6,1
2,Payment,1770895845.589037,19993,14,1
2,Payment,1770895845.590152,25694,12,1
2,Payment,1770895845.590841,29066,18,1
1,NewOrder,1770895845.591317,22243,9,1
1,NewOrder,1770895845.591339,30095,1,1
1,NewOrder,1770895845.592036,15090,15,1
2,Payment,1770895845.592279,4807,4,1
2,Payment,1770895845.592785,29302,13,1
1,NewOrder,1770895845.594710,20061,22,1
1,NewOrder,1770895845.595049,26987,2,1
2,Payment,1770895845.595413,14189,11,1
2,Payment,1770895845.595772,9241,10,1
1,NewOrder,1770895845.596232,28503,8,1
2,Payment,1770895845.596395,4636,3,1
4,Delivery,1770895845.597092,4353,4,1
1,NewOrder,1770895845.597699,26562,17,1
2,Payment,1770895845.599041,4268,0,1
1,NewOrder,1770895845.600647,24826,23,1
2,Payment,1770895845.601038,6462,3,1
2,Payment,1770895845.601060,12010,5,1
1,NewOrder,1770895845.601462,26873,4,1
3,OrderStatus,1770895845.602051,6932,7,1
1,NewOrder,1770895845.603322,15867,0,1
2,Payment,1770895845.603847,22126,19,1
3,OrderStatus,1770895845.604241,5744,16,1
2,Payment,1770895845.605030,8162,10,1
1,NewOrder,1770895845.606567,24235,6,1
2,Payment,1770895845.607137,19545,15,1
2,Payment,1770895845.607507,9647,3,1
2,Payment,1770895845.608027,25055,21,1
1,NewOrder,1770895845.608990,19595,7,1
1,NewOrder,1770895845.609035,21767,14,1
1,NewOrder,1770895845.609608,20740,11,1
3,OrderStatus,1770895845.610009,7396,16,1
2,Payment,1770895845.612549,27688,20,1
1,NewOrder,1770895845.613085,40191,5,1
1,NewOrder,1770895845.613207,21433,10,1
2,Payment,1770895845.613565,8647,9,1
2,Payment,1770895845.614781,29322,22,1
2,Payment,1770895845.615856,21451,12,1
2,Payment,1770895845.617158,4955,3,1
2,Payment,1770895845.617414,26316,16,1
2,Payment,1770895845.619213,6856,0,1
2,Payment,1770895845.619929,31080,18,1
1,NewOrder,1770895845.621443,22587,1,1
1,NewOrder,1770895845.622062,13299,2,1
3,OrderStatus,1770895845.622100,9180,13,1
1,NewOrder,1770895845.622130,19265,3,1
2,Payment,1770895845.622246,10994,9,1
3,OrderStatus,1770895845.624274,4288,17,1
2,Payment,1770895845.624750,14869,8,1
2,Payment,1770895845.625484,34289,23,1
1,NewOrder,1770895845.625986,27671,19,1
2,Payment,1770895845.626094,4735,0,1
1,NewOrder,1770895845.626693,13568,15,1
1,NewOrder,1770895845.628345,9588,4,1
2,Payment,1770895845.628570,19492,17,1
1,NewOrder,1770895845.628592,4939,7,1
1,NewOrder,1770895845.630353,23332,11,1
2,Payment,1770895845.630817,28881,14,1
5,StockLevel,1770895845.630819,18276,6,1
2,Payment,1770895845.630838,4394,0,1
2,Payment,1770895845.631290,33273,13,1
2,Payment,1770895845.633107,32189,21,1
2,Payment,1770895845.633255,12068,9,1
1,NewOrder,1770895845.633541,21729,7,1
1,NewOrder,1770895845.634649,20162,10,1
1,NewOrder,1770895845.635242,17958,0,1
1,NewOrder,1770895845.635371,8681,2,1
2,Payment,1770895845.637317,18404,12,1
2,Payment,1770895845.637958,2178,4,1
2,Payment,1770895845.639627,10344,8,1
1,NewOrder,1770895845.640154,18885,4,1
1,NewOrder,1770895845.640262,22161,20,1
1,NewOrder,1770895845.640290,70232,15,1
5,StockLevel,1770895845.641413,19541,3,1
2,Payment,1770895845.643735,27810,16,1
1,NewOrder,1770895845.644041,22332,1,1
2,Payment,1770895845.644062,4555,2,1
2,Payment,1770895845.644109,26970,22,1
3,OrderStatus,1770895845.645332,6408,9,1
1,NewOrder,1770895845.648068,27174,17,1
2,Payment,1770895845.648642,4194,2,1
2,Payment,1770895845.649116,4484,6,1
1,NewOrder,1770895845.649977,9767,8,1
1,NewOrder,1770895845.651013,46022,18,1
2,Payment,1770895845.651761,9526,9,1
2,Payment,1770895845.652847,5359,2,1
1,NewOrder,1770895845.653206,29347,0,1
2,Payment,1770895845.653282,10021,5,1
2,Payment,1770895845.653609,19006,6,1
1,NewOrder,1770895845.653664,28916,19,1
2,Payment,1770895845.653689,13658,11,1
1,NewOrder,1770895845.654817,14187,10,1
1,NewOrder,1770895845.655279,34103,7,1
4,Delivery,1770895845.655745,13729,12,1
3,OrderStatus,1770895845.658216,7910,2,1
2,Payment,1770895845.659051,10366,4,1
1,NewOrder,1770895845.659708,26219,14,1
1,NewOrder,1770895845.659750,15389,8,1
2,Payment,1770895845.659784,19034,23,1
2,Payment,1770895845.660968,22806,3,1
1,NewOrder,1770895845.661291,24607,9,1
5,StockLevel,1770895845.662429,15810,20,1
1,NewOrder,1770895845.663330,17689,5,1
5,StockLevel,1770895845.664572,17109,13,1
5,StockLevel,1770895845.665302,21734,21,1
1,NewOrder,1770895845.666135,25117,2,1
4,Delivery,1770895845.666381,21715,1,1
2,Payment,1770895845.667357,9420,11,1
2,Payment,1770895845.669029,16315,10,1
2,Payment,1770895845.669442,31290,4,1
2,Payment,1770895845.669499,8825,12,1
1,NewOrder,1770895845.671092,41588,22,1
4,Delivery,1770895845.671549,53269,16,1
1,NewOrder,1770895845.672640,18579,6,1
1,NewOrder,1770895845.675149,44738,8,1
2,Payment,1770895845.675253,15366,17,1
1,NewOrder,1770895845.676786,14481,11,1
2,Payment,1770895845.678249,5081,20,1
2,Payment,1770895845.678331,20297,12,1
2,Payment,1770895845.678829,11936,23,1
4,Delivery,1770895845.681026,7362,5,1
5,StockLevel,1770895845.681686,21852,13,1
2,Payment,1770895845.682563,26565,0,1
1,NewOrder,1770895845.682586,42575,19,1
4,Delivery,1770895845.683335,14106,20,1
2,Payment,1770895845.683779,30387,3,1
2,Payment,1770895845.685354,13585,10,1
5,StockLevel,1770895845.685903,30420,9,1
2,Payment,1770895845.685936,23667,14,1
2,Payment,1770895845.687046,11880,21,1
5,StockLevel,1770895845.688106,6139,1,1
1,NewOrder,1770895845.688396,6007,5,1
1,NewOrder,1770895845.689389,18155,7,1
2,Payment,1770895845.690625,24724,17,1
1,NewOrder,1770895845.690776,30866,23,1
1,NewOrder,1770895845.691231,35467,6,1
3,OrderStatus,1770895845.691267,13414,2,1
1,NewOrder,1770895845.691281,22917,11,1
1,NewOrder,1770895845.694254,4678,1,1
2,Payment,1770895845.694412,23368,5,1
2,Payment,1770895845.697041,5554,18,1
2,Payment,1770895845.697464,7211,20,1
1,NewOrder,1770895845.698638,38453,12,1
1,NewOrder,1770895845.698931,12010,21,1
1,NewOrder,1770895845.698939,9057,1,1
1,NewOrder,1770895845.698950,11087,10,1
1,NewOrder,1770895845.700757,20454,4,1
2,Payment,1770895845.702605,5905,18,1
2,Payment,1770895845.703564,18581,13,1
5,StockLevel,1770895845.704689,6864,20,1
2,Payment,1770895845.704708,21250,2,1
4,Delivery,1770895845.707567,33674,7,1
2,Payment,1770895845.708006,24369,1,1
2,Payment,1770895845.708518,5224,18,1
1,NewOrder,1770895845.709153,16739,0,1
1,NewOrder,1770895845.709612,26848,14,1
1,NewOrder,1770895845.710045,34823,10,1
1,NewOrder,1770895845.710543,25043,15,1
1,NewOrder,1770895845.710946,32293,21,1
1,NewOrder,1770895845.711557,15868,20,1
1,NewOrder,1770895845.712691,17955,22,1
2,Payment,1770895845.713769,6972,18,1
2,Payment,1770895845.714181,26670,3,1
2,Payment,1770895845.714223,8096,11,1
1,NewOrder,1770895845.715355,26564,17,1
1,NewOrder,1770895845.716333,32537,9,1
4,Delivery,1770895845.717787,34947,5,1
1,NewOrder,1770895845.719897,13755,8,1
1,NewOrder,1770895845.720769,45806,18,1
1,NewOrder,1770895845.721245,28865,4,1
2,Payment,1770895845.721652,10205,23,1
1,NewOrder,1770895845.722160,18992,13,1
2,Payment,1770895845.722343,9029,11,1
2,Payment,1770895845.724824,7576,16,1
2,Payment,1770895845.725166,12833,19,1
2,Payment,1770895845.725917,36482,0,1
2,Payment,1770895845.725972,26346,2,1
1,NewOrder,1770895845.726722,21534,6,1
2,Payment,1770895845.727442,22217,20,1
1,NewOrder,1770895845.730670,20141,22,1
1,NewOrder,1770895845.731397,32648,11,1
5,StockLevel,1770895845.731866,34672,23,1
1,NewOrder,1770895845.732379,41271,1,1
2,Payment,1770895845.732406,5552,16,1
1,NewOrder,1770895845.733663,20944,8,1
1,NewOrder,1770895845.735592,12214,15,1
2,Payment,1770895845.736464,7894,14,1
2,Payment,1770895845.737118,13051,12,1
2,Payment,1770895845.737979,19564,16,1
1,NewOrder,1770895845.738028,20410,19,1
1,NewOrder,1770895845.740860,39973,3,1
2,Payment,1770895845.741162,23678,13,1
1,NewOrder,1770895845.741251,39688,7,1
2,Payment,1770895845.741944,28086,17,1
1,NewOrder,1770895845.743246,7968,21,1
2,Payment,1770895845.744367,37223,14,1
1,NewOrder,1770895845.744878,35985,10,1
1,NewOrder,1770895845.747831,7862,15,1
1,NewOrder,1770895845.748273,8240,6,1
1,NewOrder,1770895845.748882,21949,9,1
2,Payment,1770895845.749664,11229,20,1
2,Payment,1770895845.750127,20734,4,1
3,OrderStatus,1770895845.750195,9784,12,1
1,NewOrder,1770895845.750822,24158,22,1
1,NewOrder,1770895845.751244,8955,21,1
1,NewOrder,1770895845.752327,26042,2,1
2,Payment,1770895845.752740,24793,5,1
1,NewOrder,1770895845.754631,21245,8,1
1,NewOrder,1770895845.755703,4917,15,1
1,NewOrder,1770895845.756518,7953,6,1
2,Payment,1770895845.757549,36690,16,1
3,OrderStatus,1770895845.758447,10839,19,1
1,NewOrder,1770895845.759988,26205,12,1
2,Payment,1770895845.760209,2829,21,1
1,NewOrder,1770895845.760629,9792,15,1
2,Payment,1770895845.760905,3966,20,1
1,NewOrder,1770895845.762409,18421,0,1
2,Payment,1770895845.763062,5278,21,1
2,Payment,1770895845.764055,10647,11,1
1,NewOrder,1770895845.764487,23468,6,1
1,NewOrder,1770895845.764854,22419,13,1
3,OrderStatus,1770895845.764895,9200,20,1
2,Payment,1770895845.766547,13693,23,1
1,NewOrder,1770895845.766587,30819,18,1
5,StockLevel,1770895845.768350,11494,21,1
2,Payment,1770895845.769313,17302,19,1
2,Payment,1770895845.770046,35565,17,1
1,NewOrder,1770895845.770446,23788,15,1
1,NewOrder,1770895845.770837,27282,9,1
2,Payment,1770895845.770867,14002,4,1
2,Payment,1770895845.773659,15426,1,1
1,NewOrder,1770895845.774105,23259,20,1
2,Payment,1770895845.774727,6186,11,1
4,Delivery,1770895845.774993,95408,22,1
2,Payment,1770895845.775902,9951,8,1
1,NewOrder,1770895845.777565,16697,5,1
2,Payment,1770895845.778374,15189,2,1
1,NewOrder,1770895845.779853,15248,21,1
2,Payment,1770895845.780261,18413,23,1
1,NewOrder,1770895845.780839,15978,0,1
1,NewOrder,1770895845.780844,41514,3,1
1,NewOrder,1770895845.780868,25921,10,1
1,NewOrder,1770895845.780917,26335,11,1
1,NewOrder,1770895845.780944,18046,7,1
2,Payment,1770895845.781600,27413,14,1
2,Payment,1770895845.784878,13025,4,1
1,NewOrder,1770895845.785859,41426,8,1
1,NewOrder,1770895845.786218,17683,12,1
1,NewOrder,1770895845.786625,32589,19,1
1,NewOrder,1770895845.787288,20041,13,1
1,NewOrder,1770895845.787959,10102,6,1
2,Payment,1770895845.789111,21344,1,1
1,NewOrder,1770895845.793588,32037,2,1
1,NewOrder,1770895845.794250,34285,16,1
2,Payment,1770895845.794252,17192,15,1
2,Payment,1770895845.794272,5176,5,1
2,Payment,1770895845.795114,13183,21,1
2,Payment,1770895845.796827,21753,0,1
1,NewOrder,1770895845.797374,41555,20,1
2,Payment,1770895845.797416,18242,18,1
1,NewOrder,1770895845.797928,28883,4,1
2,Payment,1770895845.798086,1697,6,1
1,NewOrder,1770895845.798144,40757,9,1
2,Payment,1770895845.798680,25058,23,1
4,Delivery,1770895845.799016,26121,7,1
2,Payment,1770895845.799465,29582,5,1
1,NewOrder,1770895845.799788,5217,6,1
2,Payment,1770895845.803911,18469,12,1
2,Payment,1770895845.805056,2295,6,1
1,NewOrder,1770895845.805623,20062,17,1
1,NewOrder,1770895845.806802,33093,10,1
1,NewOrder,1770895845.807261,31212,11,1
1,NewOrder,1770895845.807334,14608,13,1
2,Payment,1770895845.807356,2210,6,1
1,NewOrder,1770895845.808322,26470,21,1
5,StockLevel,1770895845.809038,15396,14,1
1,NewOrder,1770895845.809572,16348,6,1
2,Payment,1770895845.810460,14351,1,1
1,NewOrder,1770895845.811452,9701,15,1
5,StockLevel,1770895845.815666,21657,18,1
1,NewOrder,1770895845.818596,35906,0,1
4,Delivery,1770895845.819225,51551,19,1
1,NewOrder,1770895845.821162,9470,15,1
1,NewOrder,1770895845.821952,35141,13,1
2,Payment,1770895845.822369,12950,3,1
1,NewOrder,1770895845.822384,33577,12,1
1,NewOrder,1770895845.823751,31384,23,1
2,Payment,1770895845.824444,7258,14,1
2,Payment,1770895845.824818,15991,1,1
1,NewOrder,1770895845.825141,33309,7,1
5,StockLevel,1770895845.825635,29306,2,1
2,Payment,1770895845.825689,10761,17,1
1,NewOrder,1770895845.825926,13019,6,1
1,NewOrder,1770895845.826821,22420,4,1
2,Payment,1770895845.827295,6708,8,1
2,Payment,1770895845.828540,14829,16,1
2,Payment,1770895845.829057,18565,5,1
1,NewOrder,1770895845.830637,21436,15,1
2,Payment,1770895845.831711,19464,14,1
1,NewOrder,1770895845.834019,25512,8,1
1,NewOrder,1770895845.834797,29809,21,1
1,NewOrder,1770895845.835329,19805,3,1
1,NewOrder,1770895845.836457,23530,17,1
1,NewOrder,1770895845.837329,23637,18,1
2,Payment,1770895845.838478,9624,11,1
3,OrderStatus,1770895845.838907,9922,9,1
1,NewOrder,1770895845.838939,30977,20,1
2,Payment,1770895845.838955,12639,6,1
4,Delivery,1770895845.839904,58310,10,1
1,NewOrder,1770895845.840813,45164,1,1
2,Payment,1770895845.843376,22761,16,1
2,Payment,1770895845.847630,3924,5,1
2,Payment,1770895845.848112,15195,11,1
2,Payment,1770895845.848839,23937,9,1
1,NewOrder,1770895845.849246,37853,4,1
1,NewOrder,1770895845.851179,36068,14,1
1,NewOrder,1770895845.851558,26308,5,1
1,NewOrder,1770895845.851602,36608,6,1
2,Payment,1770895845.852083,15968,15,1
2,Payment,1770895845.854508,6789,0,1
4,Delivery,1770895845.854950,13402,2,1
2,Payment,1770895845.855143,11823,23,1
2,Payment,1770895845.855145,16204,3,1
2,Payment,1770895845.855967,14458,12,1
1,NewOrder,1770895845.857109,7848,13,1
1,NewOrder,1770895845.858461,27050,7,1
4,Delivery,1770895845.859541,39003,8,1
2,Payment,1770895845.859991,13294,17,1
2,Payment,1770895845.860976,13416,18,1
2,Payment,1770895845.861301,17298,0,1
2,Payment,1770895845.863317,19954,11,1
1,NewOrder,1770895845.864612,21964,21,1
4,Delivery,1770895845.864965,11811,13,1
2,Payment,1770895845.866141,13174,16,1
1,NewOrder,1770895845.866975,33085,23,1
2,Payment,1770895845.868056,15197,15,1
2,Payment,1770895845.868359,14803,2,1
2,Payment,1770895845.869924,9302,20,1
2,Payment,1770895845.870406,16665,22,1
1,NewOrder,1770895845.870431,13191,12,1
3,OrderStatus,1770895845.870785,3293,19,1
1,NewOrder,1770895845.871354,27330,3,1
2,Payment,1770895845.872782,18209,9,1
1,NewOrder,1770895845.873291,11425,17,1
1,NewOrder,1770895845.874085,17318,19,1
2,Payment,1770895845.874397,21805,18,1
1,NewOrder,1770895845.876781,19118,13,1
2,Payment,1770895845.877875,13559,5,1
5,StockLevel,1770895845.878605,15567,0,1
1,NewOrder,1770895845.879232,26198,20,1
1,NewOrder,1770895845.879325,30565,16,1
2,Payment,1770895845.883176,22681,2,1
1,NewOrder,1770895845.883270,10432,15,1
2,Payment,1770895845.883295,15896,11,1
1,NewOrder,1770895845.883632,10694,12,1
2,Payment,1770895845.884722,4233,17,1
2,Payment,1770895845.885521,20981,7,1
2,Payment,1770895845.885981,25963,1,1
1,NewOrder,1770895845.886586,24785,21,1
1,NewOrder,1770895845.887076,33515,22,1
2,Payment,1770895845.887106,32285,4,1
1,NewOrder,1770895845.887253,13511,14,1
2,Payment,1770895845.888220,37826,6,1
1,NewOrder,1770895845.888965,23523,17,1
1,NewOrder,1770895845.891008,20726,9,1
2,Payment,1770895845.891411,9386,19,1
2,Payment,1770895845.891440,34722,5,1
2,Payment,1770895845.893707,1490,15,1
2,Payment,1770895845.894181,37841,0,1
2,Payment,1770895845.894333,3206,12,1
1,NewOrder,1770895845.895209,7848,15,1
2,Payment,1770895845.895908,6821,13,1
1,NewOrder,1770895845.896216,24345,18,1
1,NewOrder,1770895845.897548,10095,12,1
1,NewOrder,1770895845.898237,22350,10,1
2,Payment,1770895845.898551,13212,8,1
1,NewOrder,1770895845.898694,18245,3,1
2,Payment,1770895845.899196,21098,11,1
1,NewOrder,1770895845.900084,16825,23,1
4,Delivery,1770895845.900774,27043,14,1
1,NewOrder,1770895845.900807,29098,19,1
1,NewOrder,1770895845.902752,18962,13,1
2,Payment,1770895845.903080,2796,15,1
1,NewOrder,1770895845.905453,33629,20,1
2,Payment,1770895845.905866,32611,2,1
1,NewOrder,1770895845.905883,27373,15,1
2,Payment,1770895845.906526,24890,7,1
1,NewOrder,1770895845.907649,17800,12,1
3,OrderStatus,1770895845.909911,5932,16,1
2,Payment,1770895845.911379,4933,21,1
1,NewOrder,1770895845.911744,27365,9,1
2,Payment,1770895845.911790,24561,8,1
2,Payment,1770895845.911968,35680,1,1
1,NewOrder,1770895845.912509,32234,17,1
2,Payment,1770895845.915850,3828,16,1
1,NewOrder,1770895845.916321,8198,21,1
1,NewOrder,1770895845.916933,13445,23,1
2,Payment,1770895845.916963,37409,3,1
2,Payment,1770895845.919427,39182,4,1
1,NewOrder,1770895845.919683,10821,16,1
1,NewOrder,1770895845.920304,21372,11,1
2,Payment,1770895845.920577,8735,18,1
2,Payment,1770895845.920592,20735,10,1
1,NewOrder,1770895845.920602,10220,22,1
1,NewOrder,1770895845.921738,19164,13,1
1,NewOrder,1770895845.924526,10749,21,1
2,Payment,1770895845.925472,6362,12,1
1,NewOrder,1770895845.926071,17175,6,1
2,Payment,1770895845.926169,36748,5,1
1,NewOrder,1770895845.927823,14516,14,1
1,NewOrder,1770895845.929347,19489,18,1
2,Payment,1770895845.929912,4939,19,1
1,NewOrder,1770895845.930386,16033,23,1
2,Payment,1770895845.930515,5119,16,1
5,StockLevel,1770895845.930832,15510,22,1
2,Payment,1770895845.931441,17052,7,1
2,Payment,1770895845.931838,13685,12,1
2,Payment,1770895845.932026,47856,0,1
2,Payment,1770895845.933302,16349,15,1
1,NewOrder,1770895845.934861,7986,19,1
2,Payment,1770895845.935285,5019,21,1
1,NewOrder,1770895845.935639,18114,16,1
4,Delivery,1770895845.936379,34685,8,1
1,NewOrder,1770895845.938484,21962,2,1
2,Payment,1770895845.939084,10995,20,1
2,Payment,1770895845.939116,14103,9,1
4,Delivery,1770895845.940307,25563,21,1
1,NewOrder,1770895845.940908,28111,13,1
2,Payment,1770895845.941340,16684,10,1
1,NewOrder,1770895845.941685,19436,11,1
2,Payment,1770895845.942343,9473,14,1
2,Payment,1770895845.942854,10871,19,1
1,NewOrder,1770895845.943250,5556,6,1
1,NewOrder,1770895845.944754,19840,17,1
2,Payment,1770895845.945532,12045,12,1
2,Payment,1770895845.946347,26671,22,1
2,Payment,1770895845.946428,13517,23,1
2,Payment,1770895845.947657,35029,1,1
2,Payment,1770895845.948500,15358,7,1
2,Payment,1770895845.948811,19543,6,1
2,Payment,1770895845.948841,33253,18,1
1,NewOrder,1770895845.949656,15605,15,1
1,NewOrder,1770895845.950085,27948,20,1
3,OrderStatus,1770895845.951821,2995,14,1
2,Payment,1770895845.953228,23519,9,1
1,NewOrder,1770895845.953732,21442,19,1
5,StockLevel,1770895845.953760,20172,16,1
2,Payment,1770895845.954377,32151,3,1
1,NewOrder,1770895845.954821,15759,14,1
1,NewOrder,1770895845.957582,32917,12,1
2,Payment,1770895845.958030,29249,10,1
5,StockLevel,1770895845.958612,10346,4,1
2,Payment,1770895845.959952,29974,23,1
2,Payment,1770895845.960455,9628,2,1
2,Payment,1770895845.961130,31883,11,1
1,NewOrder,1770895845.962922,8621,5,1
1,NewOrder,1770895845.963861,18273,7,1
2,Payment,1770895845.964598,9367,17,1
1,NewOrder,1770895845.965271,25722,15,1
1,NewOrder,1770895845.965879,5638,21,1
2,Payment,1770895845.968363,30355,6,1
2,Payment,1770895845.968963,21475,4,1
5,StockLevel,1770895845.969025,21990,13,1
5,StockLevel,1770895845.970089,2838,2,1
1,NewOrder,1770895845.970588,19947,14,1
1,NewOrder,1770895845.971088,31353,8,1
1,NewOrder,1770895845.971525,4052,21,1
2,Payment,1770895845.971554,24137,5,1
1,NewOrder,1770895845.972939,6512,2,1
1,NewOrder,1770895845.973026,34818,22,1
1,NewOrder,1770895845.973936,30355,16,1
2,Payment,1770895845.973971,7665,17,1
1,NewOrder,1770895845.975177,32143,19,1
1,NewOrder,1770895845.975602,8171,21,1
2,Payment,1770895845.976756,27929,9,1
1,NewOrder,1770895845.978039,24293,20,1
1,NewOrder,1770895845.979455,16260,2,1
1,NewOrder,1770895845.979892,15766,0,1
2,Payment,1770895845.981662,7457,17,1
2,Payment,1770895845.982108,13080,18,1
1,NewOrder,1770895845.982152,17520,7,1
1,NewOrder,1770895845.982695,19719,1,1
2,Payment,1770895845.983797,19772,21,1
1,NewOrder,1770895845.986533,15821,3,1
2,Payment,1770895845.987288,22807,10,1
1,NewOrder,1770895845.989144,14132,17,1
2,Payment,1770895845.989936,10427,23,1
1,NewOrder,1770895845.990460,20306,4,1
2,Payment,1770895845.990524,6663,12,1
1,NewOrder,1770895845.990560,32586,14,1
2,Payment,1770895845.991005,10963,15,1
1,NewOrder,1770895845.991028,14040,13,1
2,Payment,1770895845.993037,21951,11,1
2,Payment,1770895845.995215,14021,18,1
2,Payment,1770895845.995663,16010,0,1
2,Payment,1770895845.995698,4777,5,1
2,Payment,1770895845.995725,10516,2,1
2,Payment,1770895845.997196,11617,12,1
2,Payment,1770895845.998727,18931,6,1
1,NewOrder,1770895845.999682,23556,7,1
1,NewOrder,1770895846.000367,18960,23,1
2,Payment,1770895846.000493,17238,5,1
2,Payment,1770895846.001977,15725,15,1
2,Payment,1770895846.002338,14812,20,1
2,Payment,1770895846.002359,23068,3,1
1,NewOrder,1770895846.002429,22240,1,1
1,NewOrder,1770895846.002452,28810,8,1
1,NewOrder,1770895846.003286,14511,17,1
1,NewOrder,1770895846.003578,26545,21,1
1,NewOrder,1770895846.004311,14455,16,1
2,Payment,1770895846.004695,20685,9,1
3,OrderStatus,1770895846.005079,4578,13,1
1,NewOrder,1770895846.006245,16492,2,1
2,Payment,1770895846.007323,12588,19,1
1,NewOrder,1770895846.007854,11528,22,1
2,Payment,1770895846.008839,10939,12,1
1,NewOrder,1770895846.009260,13914,18,1
2,Payment,1770895846.009666,22087,13,1
2,Payment,1770895846.010099,22526,10,1
1,NewOrder,1770895846.010789,28784,4,1
2,Payment,1770895846.011679,19947,0,1
2,Payment,1770895846.015004,23664,11,1
2,Payment,1770895846.017165,14426,20,1
4,Delivery,1770895846.017664,19233,6,1
1,NewOrder,1770895846.017712,29367,15,1
1,NewOrder,1770895846.017741,30469,5,1
4,Delivery,1770895846.017807,39453,17,1
2,Payment,1770895846.018774,10596,16,1
2,Payment,1770895846.019347,19769,23,1
1,NewOrder,1770895846.019406,19184,22,1
3,OrderStatus,1770895846.019795,2231,12,1
4,Delivery,1770895846.019935,19339,19,1
2,Payment,1770895846.022033,15385,12,1
1,NewOrder,1770895846.022761,11115,2,1
4,Delivery,1770895846.023159,34346,14,1
1,NewOrder,1770895846.023198,17956,18,1
3,OrderStatus,1770895846.023265,3570,7,1
2,Payment,1770895846.024674,13326,1,1
2,Payment,1770895846.025389,19689,9,1
4,Delivery,1770895846.025436,23844,3,1
1,NewOrder,1770895846.026844,15714,7,1
1,NewOrder,1770895846.029376,20587,16,1
2,Payment,1770895846.030132,21310,21,1
4,Delivery,1770895846.031272,5991,8,1
2,Payment,1770895846.031597,11425,20,1
2,Payment,1770895846.031632,9975,0,1
2,Payment,1770895846.031763,11575,13,1
2,Payment,1770895846.032638,17734,10,1
5,StockLevel,1770895846.033887,9410,2,1
2,Payment,1770895846.036906,17629,6,1
2,Payment,1770895846.037281,25176,8,1
2,Payment,1770895846.037422,14054,12,1
2,Payment,1770895846.038003,7626,1,1
2,Payment,1770895846.038616,20326,22,1
1,NewOrder,1770895846.038672,27347,11,1
1,NewOrder,1770895846.039125,26831,23,1
2,Payment,1770895846.039298,26189,19,1
1,NewOrder,1770895846.039589,37558,4,1
5,StockLevel,1770895846.041164,14112,18,1
1,NewOrder,1770895846.041621,13869,0,1
1,NewOrder,1770895846.042564,13728,7,1
2,Payment,1770895846.043030,29579,20,1
4,Delivery,1770895846.043321,6248,2,1
2,Payment,1770895846.043363,14971,13,1
1,NewOrder,1770895846.045085,27479,9,1
2,Payment,1770895846.045654,7584,1,1
2,Payment,1770895846.047088,27380,15,1
2,Payment,1770895846.048232,10585,5,1
2,Payment,1770895846.049286,13829,3,1
2,Payment,1770895846.049578,22551,2,1
1,NewOrder,1770895846.049968,4157,16,1
1,NewOrder,1770895846.050382,22259,10,1
2,Payment,1770895846.051447,27078,21,1
5,StockLevel,1770895846.051485,12725,12,1
2,Payment,1770895846.053248,16069,1,1
1,NewOrder,1770895846.054131,10176,16,1
1,NewOrder,1770895846.054542,26111,6,1
2,Payment,1770895846.055283,28932,18,1
2,Payment,1770895846.055496,24698,0,1
1,NewOrder,1770895846.056303,24324,7,1
2,Payment,1770895846.057274,9476,17,1
2,Payment,1770895846.057512,27825,14,1
4,Delivery,1770895846.058338,23808,13,1
2,Payment,1770895846.058821,28094,5,1
3,OrderStatus,1770895846.058952,3177,22,1
1,NewOrder,1770895846.062138,6749,22,1
1,NewOrder,1770895846.062466,23287,8,1
4,Delivery,1770895846.063121,34299,3,1
2,Payment,1770895846.064219,33175,12,1
1,NewOrder,1770895846.064311,18982,16,1
3,OrderStatus,1770895846.065494,3078,19,1
1,NewOrder,1770895846.065963,16599,23,1
2,Payment,1770895846.066024,3317,11,1
2,Payment,1770895846.066755,33645,17,1
2,Payment,1770895846.068579,20665,19,1
1,NewOrder,1770895846.068893,17209,22,1
1,NewOrder,1770895846.069325,32398,1,1
2,Payment,1770895846.069346,2352,11,1
3,OrderStatus,1770895846.071703,5131,11,1
2,Payment,1770895846.072132,20065,2,1
2,Payment,1770895846.072572,16275,9,1
1,NewOrder,1770895846.072618,19510,20,1
4,Delivery,1770895846.072647,30642,10,1
3,OrderStatus,1770895846.074473,4752,15,1
2,Payment,1770895846.076842,15400,11,1
2,Payment,1770895846.077154,22481,4,1
2,Payment,1770895846.078535,15395,21,1
2,Payment,1770895846.079232,8130,15,1
2,Payment,1770895846.080198,24675,0,1
2,Payment,1770895846.080633,14914,7,1
1,NewOrder,1770895846.080661,8541,6,1
2,Payment,1770895846.082154,23968,13,1
1,NewOrder,1770895846.082566,9585,23,1
5,StockLevel,1770895846.083299,4135,16,1
2,Payment,1770895846.084222,12837,18,1
1,NewOrder,1770895846.085344,19484,14,1
2,Payment,1770895846.085758,19854,8,1
5,StockLevel,1770895846.086106,11847,22,1
2,Payment,1770895846.086919,24649,5,1
1,NewOrder,1770895846.087369,15309,15,1
1,NewOrder,1770895846.087438,2405,16,1
2,Payment,1770895846.088856,26169,9,1
4,Delivery,1770895846.089206,14325,6,1
2,Payment,1770895846.089248,26705,19,1
1,NewOrder,1770895846.089849,12179,16,1
1,NewOrder,1770895846.092133,36963,20,1
2,Payment,1770895846.092156,12148,23,1
1,NewOrder,1770895846.092202,10784,2,1
1,NewOrder,1770895846.092247,48166,11,1
2,Payment,1770895846.093935,33913,21,1
1,NewOrder,1770895846.095556,29590,7,1
2,Payment,1770895846.097065,40934,18,1
2,Payment,1770895846.097403,11204,12,1
2,Payment,1770895846.097426,21116,3,1
2,Payment,1770895846.097959,43166,22,1
1,NewOrder,1770895846.099641,30721,4,1
1,NewOrder,1770895846.100406,9976,17,1
1,NewOrder,1770895846.101733,28692,1,1
1,NewOrder,1770895846.102040,27930,16,1
2,Payment,1770895846.102683,9350,15,1
2,Payment,1770895846.102990,24306,2,1
1,NewOrder,1770895846.103292,4931,10,1
1,NewOrder,1770895846.103538,6468,6,1
1,NewOrder,1770895846.104311,26433,23,1
1,NewOrder,1770895846.104832,42707,14,1
1,NewOrder,1770895846.104883,46942,0,1
2,Payment,1770895846.105617,19553,8,1
2,Payment,1770895846.106126,11046,13,1
4,Delivery,1770895846.108231,37363,10,1
1,NewOrder,1770895846.108613,19168,12,1
1,NewOrder,1770895846.110011,17706,6,1
1,NewOrder,1770895846.110388,17411,17,1
1,NewOrder,1770895846.111573,19257,5,1
1,NewOrder,1770895846.112038,18769,15,1
1,NewOrder,1770895846.115035,34411,9,1
2,Payment,1770895846.115961,28584,19,1
3,OrderStatus,1770895846.117178,5258,13,1
2,Payment,1770895846.118547,18300,3,1
1,NewOrder,1770895846.122441,29990,13,1
1,NewOrder,1770895846.125151,28774,7,1
1,NewOrder,1770895846.125181,35250,8,1
2,Payment,1770895846.127306,17998,2,1
1,NewOrder,1770895846.127727,9789,6,1
1,NewOrder,1770895846.127791,28961,12,1
2,Payment,1770895846.127804,6998,17,1
2,Payment,1770895846.127850,20708,21,1
1,NewOrder,1770895846.129102,25251,20,1
1,NewOrder,1770895846.129981,47315,16,1
1,NewOrder,1770895846.130368,4768,4,1
2,Payment,1770895846.130435,20889,1,1
2,Payment,1770895846.130747,24256,23,1
1,NewOrder,1770895846.130810,4246,15,1
2,Payment,1770895846.130835,25070,5,1
1,NewOrder,1770895846.134811,21672,17,1
4,Delivery,1770895846.135061,9857,15,1
2,Payment,1770895846.135145,35486,4,1
3,OrderStatus,1770895846.136854,10768,3,1
2,Payment,1770895846.137519,3304,6,1
1,NewOrder,1770895846.138022,9903,18,1
2,Payment,1770895846.140418,8616,11,1
1,NewOrder,1770895846.140830,29382,6,1
2,Payment,1770895846.141129,27547,22,1
1,NewOrder,1770895846.144560,16602,19,1
2,Payment,1770895846.144931,5330,15,1
1,NewOrder,1770895846.145328,37859,2,1
5,StockLevel,1770895846.145604,24135,10,1
2,Payment,1770895846.147548,13647,14,1
1,NewOrder,1770895846.147627,23031,3,1
1,NewOrder,1770895846.147929,41513,18,1
2,Payment,1770895846.148564,29279,21,1
2,Payment,1770895846.149044,9377,11,1
1,NewOrder,1770895846.149471,38737,9,1
1,NewOrder,1770895846.150269,37871,15,1
2,Payment,1770895846.151331,28746,1,1
2,Payment,1770895846.151838,35800,0,1
1,NewOrder,1770895846.152436,25303,13,1
4,Delivery,1770895846.153935,18458,7,1
1,NewOrder,1770895846.154359,24222,20,1
3,OrderStatus,1770895846.155028,5225,23,1
1,NewOrder,1770895846.155910,25283,5,1
2,Payment,1770895846.156506,23542,17,1
1,NewOrder,1770895846.156776,19240,12,1
2,Payment,1770895846.158445,17572,11,1
2,Payment,1770895846.160262,23372,23,1
1,NewOrder,1770895846.160440,17725,8,1
4,Delivery,1770895846.161171,27490,19,1
1,NewOrder,1770895846.161203,38059,14,1
2,Payment,1770895846.168687,22376,22,1
2,Payment,1770895846.169746,13848,10,1
1,NewOrder,1770895846.170225,27133,6,1
2,Payment,1770895846.170646,30832,4,1
2,Payment,1770895846.170682,23050,3,1
1,NewOrder,1770895846.172403,7222,7,1
5,StockLevel,1770895846.176029,16814,11,1
2,Payment,1770895846.176030,8672,12,1
2,Payment,1770895846.177305,19424,16,1
1,NewOrder,1770895846.177757,12022,13,1
1,NewOrder,1770895846.177859,17725,21,1
2,Payment,1770895846.178189,10042,8,1
1,NewOrder,1770895846.178597,18099,20,1
1,NewOrder,1770895846.179632,18291,7,1
2,Payment,1770895846.180073,26985,17,1
1,NewOrder,1770895846.180094,27444,1,1
4,Delivery,1770895846.181209,32990,5,1
1,NewOrder,1770895846.183211,24306,2,1
5,StockLevel,1770895846.183604,12396,10,1
2,Payment,1770895846.183641,15154,23,1
2,Payment,1770895846.184713,29283,12,1
1,NewOrder,1770895846.187647,42295,0,1
2,Payment,1770895846.188150,27040,15,1
1,NewOrder,1770895846.188217,45759,9,1
1,NewOrder,1770895846.188239,21103,8,1
2,Payment,1770895846.188667,24648,19,1
1,NewOrder,1770895846.189452,15500,18,1
1,NewOrder,1770895846.189789,35344,13,1
1,NewOrder,1770895846.191070,39318,22,1
2,Payment,1770895846.192850,4937,11,1
2,Payment,1770895846.193738,18355,3,1
1,NewOrder,1770895846.195588,47498,21,1
1,NewOrder,1770895846.196006,33959,10,1
5,StockLevel,1770895846.196706,15348,20,1
2,Payment,1770895846.196734,20597,16,1
2,Payment,1770895846.197367,7184,6,1
2,Payment,1770895846.197797,3284,11,1
5,StockLevel,1770895846.197934,20059,7,1
2,Payment,1770895846.198801,16810,23,1
1,NewOrder,1770895846.199267,14968,14,1
1,NewOrder,1770895846.201085,23641,11,1
1,NewOrder,1770895846.201483,52465,4,1
3,OrderStatus,1770895846.204565,3967,6,1
2,Payment,1770895846.204968,12706,18,1
1,NewOrder,1770895846.207081,29020,17,1
1,NewOrder,1770895846.207527,47132,2,1
3,OrderStatus,1770895846.207544,15629,1,1
3,OrderStatus,1770895846.208556,2913,6,1
2,Payment,1770895846.209352,10353,8,1
1,NewOrder,1770895846.211482,22464,6,1
1,NewOrder,1770895846.212076,29499,20,1
2,Payment,1770895846.212115,8741,3,1
2,Payment,1770895846.213338,7043,19,1
3,OrderStatus,1770895846.214020,9576,12,1
2,Payment,1770895846.214213,8779,5,1
1,NewOrder,1770895846.214260,58803,14,1
1,NewOrder,1770895846.215205,8149,15,1
2,Payment,1770895846.215627,7792,23,1
1,NewOrder,1770895846.217335,6056,16,1
2,Payment,1770895846.217681,12200,18,1
2,Payment,1770895846.218006,11302,7,1
2,Payment,1770895846.219713,17768,8,1
1,NewOrder,1770895846.220406,26403,19,1
2,Payment,1770895846.220869,6327,3,1
1,NewOrder,1770895846.223018,16565,5,1
1,NewOrder,1770895846.223184,50225,1,1
1,NewOrder,1770895846.223368,17818,15,1
1,NewOrder,1770895846.223406,30636,16,1
1,NewOrder,1770895846.223443,23743,23,1
2,Payment,1770895846.223604,9921,12,1
2,Payment,1770895846.224735,19517,11,1
4,Delivery,1770895846.225158,25821,13,1
1,NewOrder,1770895846.227221,11990,3,1
1,NewOrder,1770895846.229322,25406,7,1
2,Payment,1770895846.229898,5183,18,1
1,NewOrder,1770895846.229965,29724,0,1
1,NewOrder,1770895846.229978,34548,10,1
1,NewOrder,1770895846.230394,24985,22,1
1,NewOrder,1770895846.233530,23723,12,1
4,Delivery,1770895846.233951,15978,6,1
3,OrderStatus,1770895846.233985,9319,9,1
1,NewOrder,1770895846.235093,22842,18,1
2,Payment,1770895846.236111,7738,17,1
1,NewOrder,1770895846.237506,30395,8,1
1,NewOrder,1770895846.239235,16120,3,1
1,NewOrder,1770895846.239592,15157,5,1
3,OrderStatus,1770895846.241190,5526,15,1
2,Payment,1770895846.241585,12355,20,1
2,Payment,1770895846.243089,22075,21,1
1,NewOrder,1770895846.243313,38642,9,1
1,NewOrder,1770895846.243858,12026,17,1
5,StockLevel,1770895846.244256,21247,11,1
2,Payment,1770895846.246723,8037,15,1
1,NewOrder,1770895846.246820,24421,19,1
1,NewOrder,1770895846.247196,27603,23,1
1,NewOrder,1770895846.249934,37088,6,1
1,NewOrder,1770895846.250990,12192,13,1
1,NewOrder,1770895846.253950,26808,20,1
1,NewOrder,1770895846.253954,36022,4,1
2,Payment,1770895846.254053,8614,16,1
2,Payment,1770895846.254666,8490,2,1
1,NewOrder,1770895846.254737,11749,7,1
2,Payment,1770895846.254759,5583,5,1
1,NewOrder,1770895846.254767,35244,15,1
1,NewOrder,1770895846.255368,32190,3,1
1,NewOrder,1770895846.255385,34522,22,1
2,Payment,1770895846.255888,10982,17,1
1,NewOrder,1770895846.257256,12854,12,1
2,Payment,1770895846.257943,13884,18,1
2,Payment,1770895846.259695,8908,0,1
2,Payment,1770895846.260352,14177,5,1
1,NewOrder,1770895846.262684,24775,16,1
1,NewOrder,1770895846.263179,38023,2,1
1,NewOrder,1770895846.263196,7587,13,1
2,Payment,1770895846.264538,8900,10,1
2,Payment,1770895846.265178,13334,21,1
1,NewOrder,1770895846.265506,18090,11,1
2,Payment,1770895846.266498,14996,7,1
1,NewOrder,1770895846.266879,24038,17,1
2,Payment,1770895846.267912,22031,8,1
2,Payment,1770895846.268606,13321,0,1
2,Payment,1770895846.270117,3260,12,1
1,NewOrder,1770895846.270808,11084,13,1
1,NewOrder,1770895846.271265,33582,19,1
2,Payment,1770895846.271837,15600,18,1
2,Payment,1770895846.273068,6792,14,1
1,NewOrder,1770895846.273382,29235,12,1
2,Payment,1770895846.273418,16095,1,1
2,Payment,1770895846.273445,24346,10,1
5,StockLevel,1770895846.274539,27409,5,1
5,StockLevel,1770895846.274811,22527,23,1
1,NewOrder,1770895846.278522,30646,21,1
1,NewOrder,1770895846.279884,32769,14,1
2,Payment,1770895846.280767,19301,20,1
1,NewOrder,1770895846.281503,28143,7,1
1,NewOrder,1770895846.281895,29826,13,1
1,NewOrder,1770895846.281933,45916,0,1
2,Payment,1770895846.281962,23559,9,1
1,NewOrder,1770895846.283607,10825,11,1
1,NewOrder,1770895846.287047,17831,6,1
1,NewOrder,1770895846.287448,20931,18,1
2,Payment,1770895846.287473,8275,16,1
2,Payment,1770895846.287582,15929,3,1
2,Payment,1770895846.289522,19052,1,1
1,NewOrder,1770895846.289918,23293,22,1
1,NewOrder,1770895846.289947,37377,8,1
1,NewOrder,1770895846.289982,14883,4,1
1,NewOrder,1770895846.290017,14872,15,1
1,NewOrder,1770895846.290927,20850,17,1
2,Payment,1770895846.294450,16677,11,1
1,NewOrder,1770895846.295760,37184,16,1
2,Payment,1770895846.297342,8536,23,1
1,NewOrder,1770895846.297808,43672,10,1
2,Payment,1770895846.300099,15820,20,1
2,Payment,1770895846.301227,16663,2,1
1,NewOrder,1770895846.301951,12493,5,1
1,NewOrder,1770895846.302642,13403,12,1
1,NewOrder,1770895846.303531,49786,3,1
1,NewOrder,1770895846.304859,26451,19,1
2,Payment,1770895846.304871,19585,4,1
2,Payment,1770895846.304887,11386,6,1
3,OrderStatus,1770895846.304894,9819,15,1
1,NewOrder,1770895846.305531,29272,9,1
1,NewOrder,1770895846.305881,36474,23,1
2,Payment,1770895846.308403,11922,18,1
5,StockLevel,1770895846.308577,26703,1,1
1,NewOrder,1770895846.309183,37678,21,1
2,Payment,1770895846.309670,11019,7,1
1,NewOrder,1770895846.311134,36680,11,1
1,NewOrder,1770895846.311745,31728,13,1
1,NewOrder,1770895846.311802,23921,17,1
1,NewOrder,1770895846.312673,37879,14,1
2,Payment,1770895846.313225,12850,22,1
1,NewOrder,1770895846.314451,23386,5,1
2,Payment,1770895846.314722,13156,15,1
1,NewOrder,1770895846.315927,15851,20,1
1,NewOrder,1770895846.316055,17354,12,1
2,Payment,1770895846.316283,10223,6,1
2,Payment,1770895846.317900,13849,2,1
1,NewOrder,1770895846.320334,39534,18,1
4,Delivery,1770895846.320694,19301,7,1
1,NewOrder,1770895846.324477,26037,4,1
2,Payment,1770895846.326086,8139,22,1
1,NewOrder,1770895846.326515,41167,6,1
1,NewOrder,1770895846.327336,38528,8,1
1,NewOrder,1770895846.327874,48563,0,1
2,Payment,1770895846.327903,6884,15,1
2,Payment,1770895846.331320,12339,19,1
1,NewOrder,1770895846.331754,24945,2,1
1,NewOrder,1770895846.331785,22991,20,1
2,Payment,1770895846.332962,10600,16,1
1,NewOrder,1770895846.333432,16314,12,1
1,NewOrder,1770895846.334238,48805,22,1
1,NewOrder,1770895846.334796,47803,15,1
2,Payment,1770895846.334813,9222,9,1
1,NewOrder,1770895846.335284,27840,1,1
2,Payment,1770895846.335733,17484,17,1
2,Payment,1770895846.337840,6064,5,1
4,Delivery,1770895846.340005,27707,7,1
1,NewOrder,1770895846.341491,19812,10,1
1,NewOrder,1770895846.342383,19883,23,1
1,NewOrder,1770895846.343498,20376,13,1
2,Payment,1770895846.343578,17158,16,1
1,NewOrder,1770895846.343684,29358,19,1
2,Payment,1770895846.343926,4707,5,1
1,NewOrder,1770895846.344060,23651,9,1
1,NewOrder,1770895846.346872,15743,21,1
2,Payment,1770895846.347826,5516,11,1
1,NewOrder,1770895846.348641,20358,5,1
1,NewOrder,1770895846.349756,24321,12,1
1,NewOrder,1770895846.350521,17965,4,1
1,NewOrder,1770895846.350563,34843,14,1
1,NewOrder,1770895846.353226,39329,17,1
1,NewOrder,1770895846.353322,31006,3,1
4,Delivery,1770895846.353348,15044,11,1
2,Payment,1770895846.354780,8703,20,1
1,NewOrder,1770895846.356709,34741,2,1
1,NewOrder,1770895846.359878,21160,18,1
1,NewOrder,1770895846.360744,31334,16,1
1,NewOrder,1770895846.361309,43098,10,1
1,NewOrder,1770895846.362272,19323,23,1
1,NewOrder,1770895846.362625,18035,21,1
2,Payment,1770895846.363129,5365,1,1
2,Payment,1770895846.363486,6863,20,1
2,Payment,1770895846.363884,3948,13,1
2,Payment,1770895846.365869,9015,8,1
2,Payment,1770895846.367694,13799,6,1
1,NewOrder,1770895846.367721,18936,9,1
2,Payment,1770895846.367722,24861,7,1
1,NewOrder,1770895846.367835,10515,13,1
1,NewOrder,1770895846.368399,30972,11,1
2,Payment,1770895846.368492,3691,4,1
1,NewOrder,1770895846.368507,40194,1,1
3,OrderStatus,1770895846.369009,4483,5,1
2,Payment,1770895846.370354,6996,20,1
2,Payment,1770895846.372191,3712,4,1
1,NewOrder,1770895846.373051,20544,19,1
1,NewOrder,1770895846.373497,9921,5,1
4,Delivery,1770895846.374087,14550,12,1
4,Delivery,1770895846.374892,38040,8,1
2,Payment,1770895846.375908,3790,4,1
2,Payment,1770895846.376441,10943,0,1
2,Payment,1770895846.377353,10698,20,1
2,Payment,1770895846.378355,5094,13,1
1,NewOrder,1770895846.379704,22355,4,1
1,NewOrder,1770895846.380669,23779,21,1
2,Payment,1770895846.381042,13039,18,1
2,Payment,1770895846.381500,16580,6,1
1,NewOrder,1770895846.381601,15114,23,1
2,Payment,1770895846.382609,8368,15,1
2,Payment,1770895846.383048,15826,22,1
1,NewOrder,1770895846.383425,13564,5,1
2,Payment,1770895846.383456,13978,13,1
1,NewOrder,1770895846.384334,18361,3,1
2,Payment,1770895846.385438,16216,14,1
2,Payment,1770895846.386663,16652,9,1
3,OrderStatus,1770895846.387391,4026,0,1
2,Payment,1770895846.388071,15893,20,1
2,Payment,1770895846.388646,17249,12,1
1,NewOrder,1770895846.391001,15458,15,1
1,NewOrder,1770895846.391433,14094,0,1
3,OrderStatus,1770895846.391460,7183,2,1
1,NewOrder,1770895846.392082,25402,16,1
1,NewOrder,1770895846.392565,14238,17,1
2,Payment,1770895846.392592,15142,7,1
2,Payment,1770895846.393602,12387,19,1
4,Delivery,1770895846.394091,10372,18,1
1,NewOrder,1770895846.396719,24822,23,1
2,Payment,1770895846.396995,5100,5,1
2,Payment,1770895846.397437,12204,13,1
1,NewOrder,1770895846.398090,18767,6,1
2,Payment,1770895846.398658,7268,2,1
2,Payment,1770895846.398885,10782,22,1
2,Payment,1770895846.399387,15705,11,1
2,Payment,1770895846.401665,13454,14,1
2,Payment,1770895846.402072,7240,4,1
2,Payment,1770895846.402110,12654,5,1
2,Payment,1770895846.402712,22672,3,1
1,NewOrder,1770895846.403324,29320,9,1
2,Payment,1770895846.403970,10698,20,1
2,Payment,1770895846.404430,20950,10,1
1,NewOrder,1770895846.404460,11288,21,1
1,NewOrder,1770895846.404473,18948,18,1
2,Payment,1770895846.405530,39217,0,1
1,NewOrder,1770895846.405899,14509,12,1
2,Payment,1770895846.405930,29577,2,1
2,Payment,1770895846.405991,18749,19,1
2,Payment,1770895846.406468,18971,15,1
1,NewOrder,1770895846.406813,30654,17,1
1,NewOrder,1770895846.407740,13143,7,1
4,Delivery,1770895846.408726,17471,1,1
3,OrderStatus,1770895846.409325,6402,4,1
1,NewOrder,1770895846.409649,9770,13,1
4,Delivery,1770895846.409676,27768,22,1
2,Payment,1770895846.412937,16678,8,1
2,Payment,1770895846.414683,16707,20,1
1,NewOrder,1770895846.414788,22314,5,1
2,Payment,1770895846.415114,17978,11,1
4,Delivery,1770895846.415134,28812,14,1
2,Payment,1770895846.415732,15227,4,1
1,NewOrder,1770895846.415756,17836,21,1
2,Payment,1770895846.416883,27048,6,1
1,NewOrder,1770895846.417490,17546,16,1
2,Payment,1770895846.419424,12010,13,1
2,Payment,1770895846.420431,17257,12,1
1,NewOrder,1770895846.420907,10557,7,1
1,NewOrder,1770895846.421565,9798,23,1
2,Payment,1770895846.423430,12944,18,1
1,NewOrder,1770895846.424745,15570,19,1
4,Delivery,1770895846.425394,1633,3,1
2,Payment,1770895846.425404,29085,10,1
1,NewOrder,1770895846.425464,22280,15,1
2,Payment,1770895846.426219,24201,1,1
1,NewOrder,1770895846.427033,20233,3,1
2,Payment,1770895846.429621,33262,8,1
1,NewOrder,1770895846.430976,15142,4,1
2,Payment,1770895846.431387,14333,23,1
1,NewOrder,1770895846.431414,16609,20,1
1,NewOrder,1770895846.431464,50126,13,1
1,NewOrder,1770895846.431474,20340,7,1
2,Payment,1770895846.432656,5598,9,1
3,OrderStatus,1770895846.433113,7233,11,1
2,Payment,1770895846.433598,22267,21,1
2,Payment,1770895846.435060,7858,16,1
3,OrderStatus,1770895846.435517,5575,2,1
2,Payment,1770895846.436386,30250,18,1
1,NewOrder,1770895846.437112,27729,5,1
1,NewOrder,1770895846.437454,29674,22,1
5,StockLevel,1770895846.437474,36670,17,1
2,Payment,1770895846.437693,16122,12,1
5,StockLevel,1770895846.438260,8869,9,1
2,Payment,1770895846.440340,33459,19,1
1,NewOrder,1770895846.440358,40303,11,1
1,NewOrder,1770895846.441100,27145,2,1
2,Payment,1770895846.442942,19520,16,1
1,NewOrder,1770895846.443955,35603,6,1
2,Payment,1770895846.443970,26873,14,1
1,NewOrder,1770895846.444771,41149,0,1
2,Payment,1770895846.445725,34263,23,1
1,NewOrder,1770895846.446143,30810,4,1
1,NewOrder,1770895846.447141,9186,9,1
1,NewOrder,1770895846.447275,9079,3,1
1,NewOrder,1770895846.447768,10513,15,1
1,NewOrder,1770895846.448036,10843,20,1
1,NewOrder,1770895846.450431,32176,1,1
4,Delivery,1770895846.451823,20261,7,1
2,Payment,1770895846.453827,23951,12,1
2,Payment,1770895846.454495,12600,10,1
2,Payment,1770895846.455870,36138,21,1
3,OrderStatus,1770895846.456338,2593,9,1
1,NewOrder,1770895846.456358,6418,3,1
4,Delivery,1770895846.458299,10958,15,1
2,Payment,1770895846.458904,25452,20,1
1,NewOrder,1770895846.458953,9926,9,1
1,NewOrder,1770895846.462471,27031,16,1
1,NewOrder,1770895846.462784,6780,3,1
2,Payment,1770895846.462893,11029,8,1
2,Payment,1770895846.464851,8466,5,1
1,NewOrder,1770895846.466645,28495,18,1
2,Payment,1770895846.467105,10276,10,1
1,NewOrder,1770895846.467134,27913,22,1
1,NewOrder,1770895846.468270,16586,2,1
2,Payment,1770895846.468889,13261,9,1
1,NewOrder,1770895846.469283,4931,15,1
1,NewOrder,1770895846.469576,9229,3,1
2,Payment,1770895846.470853,13667,14,1
5,StockLevel,1770895846.472106,23593,7,1
2,Payment,1770895846.473340,6767,5,1
1,NewOrder,1770895846.473820,28490,19,1
1,NewOrder,1770895846.473932,11584,8,1
2,Payment,1770895846.474148,20586,17,1
1,NewOrder,1770895846.474224,19567,15,1
2,Payment,1770895846.476962,7064,4,1
1,NewOrder,1770895846.477391,25380,10,1
2,Payment,1770895846.477790,22639,12,1
2,Payment,1770895846.478815,10666,3,1
2,Payment,1770895846.479578,11858,6,1
2,Payment,1770895846.480012,14183,23,1
2,Payment,1770895846.480131,17200,5,1
2,Payment,1770895846.480670,12731,11,1
1,NewOrder,1770895846.481599,10238,13,1
1,NewOrder,1770895846.482154,21243,9,1
3,OrderStatus,1770895846.482631,4590,1,1
1,NewOrder,1770895846.484050,7804,4,1
2,Payment,1770895846.484380,16584,20,1
2,Payment,1770895846.484526,22487,14,1
2,Payment,1770895846.484861,20488,2,1
1,NewOrder,1770895846.485522,16368,8,1
2,Payment,1770895846.485924,26820,0,1
1,NewOrder,1770895846.487235,14293,1,1
2,Payment,1770895846.489490,32230,3,1
1,NewOrder,1770895846.489511,23949,16,1
1,NewOrder,1770895846.491459,21266,6,1
3,OrderStatus,1770895846.491849,6171,13,1
1,NewOrder,1770895846.491879,35532,4,1
1,NewOrder,1770895846.492033,20020,21,1
2,Payment,1770895846.493407,6289,11,1
2,Payment,1770895846.493800,20919,15,1
1,NewOrder,1770895846.494222,33227,23,1
2,Payment,1770895846.494744,29115,17,1
1,NewOrder,1770895846.495055,31251,22,1
1,NewOrder,1770895846.495149,29187,18,1
1,NewOrder,1770895846.495710,19325,7,1
1,NewOrder,1770895846.497346,21972,5,1
1,NewOrder,1770895846.498024,18997,13,1
2,Payment,1770895846.499706,11291,11,1
2,Payment,1770895846.500441,29507,12,1
1,NewOrder,1770895846.500969,34330,20,1
1,NewOrder,1770895846.501552,20793,1,1
2,Payment,1770895846.501914,16352,8,1
2,Payment,1770895846.502334,7394,19,1
1,NewOrder,1770895846.502780,16997,10,1
3,OrderStatus,1770895846.503407,4111,9,1
1,NewOrder,1770895846.505354,25009,2,1
2,Payment,1770895846.507019,31168,14,1
2,Payment,1770895846.507526,19590,9,1
2,Payment,1770895846.509752,8999,19,1
2,Payment,1770895846.511006,21506,11,1
5,StockLevel,1770895846.512062,7753,21,1
4,Delivery,1770895846.512734,6518,6,1
2,Payment,1770895846.512754,14309,0,1
5,StockLevel,1770895846.513467,6695,16,1
1,NewOrder,1770895846.514733,31833,15,1
2,Payment,1770895846.515040,25456,7,1
2,Payment,1770895846.517036,16012,13,1
2,Payment,1770895846.518290,25587,8,1
2,Payment,1770895846.518759,5548,19,1
3,OrderStatus,1770895846.519262,1387,6,1
2,Payment,1770895846.519328,12455,5,1
2,Payment,1770895846.519801,30605,10,1
2,Payment,1770895846.519840,6884,21,1
1,NewOrder,1770895846.520170,8519,16,1
5,StockLevel,1770895846.520655,2589,6,1
2,Payment,1770895846.521744,14881,3,1
1,NewOrder,1770895846.522354,21841,1,1
3,OrderStatus,1770895846.523266,1436,6,1
1,NewOrder,1770895846.523875,25506,17,1
4,Delivery,1770895846.524311,13411,19,1
1,NewOrder,1770895846.524346,15402,18,1
2,Payment,1770895846.524709,31664,6,1
1,NewOrder,1770895846.526322,17857,22,1
1,NewOrder,1770895846.526729,15030,21,1
2,Payment,1770895846.527069,24053,0,1
2,Payment,1770895846.527119,36678,9,1
2,Payment,1770895846.527415,13767,4,1
1,NewOrder,1770895846.527460,14646,23,1
1,NewOrder,1770895846.528692,10207,16,1
2,Payment,1770895846.529973,14196,12,1
2,Payment,1770895846.530387,28730,2,1
2,Payment,1770895846.531793,33629,5,1
1,NewOrder,1770895846.532517,29103,11,1
2,Payment,1770895846.533054,17940,13,1
4,Delivery,1770895846.535320,2968,20,1
1,NewOrder,1770895846.536650,31673,3,1
1,NewOrder,1770895846.537745,15333,19,1
1,NewOrder,1770895846.538201,17235,14,1
2,Payment,1770895846.538295,4704,20,1
2,Payment,1770895846.538904,17003,16,1
2,Payment,1770895846.539755,10721,18,1
1,NewOrder,1770895846.540506,21059,7,1
5,StockLevel,1770895846.541194,27199,4,1
2,Payment,1770895846.541761,15850,21,1
2,Payment,1770895846.542115,22243,23,1
1,NewOrder,1770895846.543008,16531,20,1
4,Delivery,1770895846.543901,29845,8,1
2,Payment,1770895846.544182,15406,12,1
4,Delivery,1770895846.544189,16962,22,1
2,Payment,1770895846.544221,27620,1,1
1,NewOrder,1770895846.546576,10273,15,1
1,NewOrder,1770895846.549405,37540,17,1
1,NewOrder,1770895846.550430,31291,10,1
2,Payment,1770895846.550502,20767,18,1
2,Payment,1770895846.551004,14334,13,1
2,Payment,1770895846.551128,26400,0,1
4,Delivery,1770895846.553087,8526,19,1
1,NewOrder,1770895846.555461,7915,14,1
1,NewOrder,1770895846.555931,14864,16,1
2,Payment,1770895846.556382,10590,6,1
2,Payment,1770895846.556852,15415,15,1
3,OrderStatus,1770895846.557636,8636,21,1
1,NewOrder,1770895846.559126,23278,2,1
2,Payment,1770895846.559562,14646,20,1
2,Payment,1770895846.559612,18379,12,1
1,NewOrder,1770895846.561164,4200,22,1
4,Delivery,1770895846.561601,12330,7,1
2,Payment,1770895846.561622,15282,19,1
2,Payment,1770895846.561626,9718,11,1
1,NewOrder,1770895846.563386,11734,14,1
1,NewOrder,1770895846.563807,10466,9,1
1,NewOrder,1770895846.564366,27191,23,1
2,Payment,1770895846.565353,23520,13,1
1,NewOrder,1770895846.565382,6502,22,1
1,NewOrder,1770895846.565446,19905,5,1
1,NewOrder,1770895846.566281,29109,21,1
1,NewOrder,1770895846.566982,9547,6,1
1,NewOrder,1770895846.568335,18638,3,1
2,Payment,1770895846.568417,15874,4,1
2,Payment,1770895846.570815,11614,16,1
2,Payment,1770895846.571293,9013,18,1
1,NewOrder,1770895846.571349,10759,11,1
2,Payment,1770895846.571845,17625,1,1
2,Payment,1770895846.571894,11776,22,1
1,NewOrder,1770895846.572276,23642,15,1
2,Payment,1770895846.573756,7242,8,1
1,NewOrder,1770895846.573939,16166,7,1
2,Payment,1770895846.574215,15933,20,1
1,NewOrder,1770895846.574283,20536,9,1
1,NewOrder,1770895846.575144,21755,14,1
2,Payment,1770895846.576534,10095,6,1
2,Payment,1770895846.576914,19048,19,1
1,NewOrder,1770895846.577542,18883,0,1
3,OrderStatus,1770895846.577999,7084,12,1
4,Delivery,1770895846.580324,16098,18,1
3,OrderStatus,1770895846.581022,6516,8,1
2,Payment,1770895846.581732,15105,10,1
2,Payment,1770895846.582112,25303,11,1
2,Payment,1770895846.582414,13586,2,1
2,Payment,1770895846.582435,13027,16,1
1,NewOrder,1770895846.583679,15858,22,1
2,Payment,1770895846.584315,19115,4,1
3,OrderStatus,1770895846.585100,4342,12,1
2,Payment,1770895846.585360,25749,5,1
3,OrderStatus,1770895846.586653,5401,6,1
4,Delivery,1770895846.586967,26498,17,1
2,Payment,1770895846.586987,31744,3,1
2,Payment,1770895846.587551,13652,8,1
1,NewOrder,1770895846.588897,14835,13,1
2,Payment,1770895846.589452,11434,12,1
3,OrderStatus,1770895846.589479,7694,1,1
1,NewOrder,1770895846.590113,15253,7,1
1,NewOrder,1770895846.590157,15887,20,1
2,Payment,1770895846.591574,7356,23,1
2,Payment,1770895846.592070,25109,6,1
2,Payment,1770895846.594829,31394,9,1
2,Payment,1770895846.595406,18301,21,1
1,NewOrder,1770895846.595469,12461,16,1
1,NewOrder,1770895846.595932,21842,15,1
2,Payment,1770895846.595970,7791,19,1
1,NewOrder,1770895846.596003,20051,2,1
1,NewOrder,1770895846.596427,15047,18,1
2,Payment,1770895846.596429,28968,0,1
2,Payment,1770895846.596846,35799,10,1
1,NewOrder,1770895846.596904,24550,14,1
2,Payment,1770895846.597176,34816,1,1
1,NewOrder,1770895846.598939,14141,23,1
1,NewOrder,1770895846.599541,28078,22,1
2,Payment,1770895846.600896,3741,12,1
2,Payment,1770895846.601209,36988,8,1
1,NewOrder,1770895846.603439,39687,4,1
2,Payment,1770895846.603742,9899,13,1
1,NewOrder,1770895846.603769,29548,19,1
1,NewOrder,1770895846.604647,34084,12,1
1,NewOrder,1770895846.605390,8648,7,1
2,Payment,1770895846.606057,14014,20,1
1,NewOrder,1770895846.607435,27943,11,1
1,NewOrder,1770895846.607939,38765,16,1
2,Payment,1770895846.611129,27533,5,1
2,Payment,1770895846.611496,12178,18,1
1,NewOrder,1770895846.613090,21315,23,1
3,OrderStatus,1770895846.613478,1952,17,1
1,NewOrder,1770895846.613666,26660,13,1
2,Payment,1770895846.613720,13917,21,1
2,Payment,1770895846.614061,27997,7,1
2,Payment,1770895846.615444,2010,17,1
1,NewOrder,1770895846.616059,7272,2,1
1,NewOrder,1770895846.617203,19206,6,1
2,Payment,1770895846.617466,2258,17,1
2,Payment,1770895846.617784,5933,15,1
1,NewOrder,1770895846.618745,30201,3,1
1,NewOrder,1770895846.619735,9600,17,1
1,NewOrder,1770895846.620087,13765,20,1
3,OrderStatus,1770895846.621467,8474,14,1
2,Payment,1770895846.623341,28548,2,1
1,NewOrder,1770895846.623680,8950,18,1
2,Payment,1770895846.623727,3506,15,1
2,Payment,1770895846.625424,19983,0,1
2,Payment,1770895846.626247,22020,9,1
2,Payment,1770895846.627238,5381,15,1
4,Delivery,1770895846.627629,24991,22,1
4,Delivery,1770895846.627643,24731,21,1
4,Delivery,1770895846.629345,63812,17,1
1,NewOrder,1770895846.629948,34616,14,1
2,Payment,1770895846.632000,26571,1,1
2,Payment,1770895846.632623,3777,15,1
1,NewOrder,1770895846.632644,17177,18,1
1,NewOrder,1770895846.632655,19668,10,1
1,NewOrder,1770895846.633321,22202,19,1
2,Payment,1770895846.633864,2931,20,1
2,Payment,1770895846.634415,8430,23,1
1,NewOrder,1770895846.635384,21240,11,1
1,NewOrder,1770895846.636404,34404,15,1
1,NewOrder,1770895846.636420,17419,6,1
1,NewOrder,1770895846.636801,21424,20,1
1,NewOrder,1770895846.638207,44970,8,1
2,Payment,1770895846.638666,24745,5,1
1,NewOrder,1770895846.638739,18315,12,1
2,Payment,1770895846.640335,4258,13,1
2,Payment,1770895846.642063,12979,7,1
1,NewOrder,1770895846.642856,29738,23,1
2,Payment,1770895846.643132,27717,4,1
2,Payment,1770895846.644600,4788,13,1
1,NewOrder,1770895846.645411,33235,0,1
1,NewOrder,1770895846.646709,23473,16,1
2,Payment,1770895846.648273,12060,9,1
2,Payment,1770895846.648950,38280,3,1
1,NewOrder,1770895846.649393,25936,13,1
1,NewOrder,1770895846.649824,28297,18,1
1,NewOrder,1770895846.651895,18220,2,1
1,NewOrder,1770895846.652332,20123,10,1
1,NewOrder,1770895846.652379,26370,21,1
1,NewOrder,1770895846.652628,33166,22,1
2,Payment,1770895846.653844,24837,6,1
2,Payment,1770895846.655047,13318,7,1
2,Payment,1770895846.655533,5683,19,1
1,NewOrder,1770895846.656628,22877,11,1
1,NewOrder,1770895846.657059,30136,12,1
2,Payment,1770895846.658229,11349,20,1
2,Payment,1770895846.658576,21889,1,1
1,NewOrder,1770895846.660337,25865,9,1
4,Delivery,1770895846.661221,19986,19,1
1,NewOrder,1770895846.663418,20889,5,1
1,NewOrder,1770895846.664569,16721,14,1
3,OrderStatus,1770895846.668370,5124,7,1
2,Payment,1770895846.669585,12068,20,1
4,Delivery,1770895846.670120,70302,2,1
1,NewOrder,1770895846.670187,28732,16,1
3,OrderStatus,1770895846.670812,14718,15,1
1,NewOrder,1770895846.670851,37846,4,1
1,NewOrder,1770895846.672463,20273,10,1
5,StockLevel,1770895846.672604,13878,23,1
5,StockLevel,1770895846.673499,10261,7,1
2,Payment,1770895846.675339,6887,13,1
2,Payment,1770895846.678130,10424,18,1
1,NewOrder,1770895846.678665,49940,0,1
2,Payment,1770895846.678706,5369,6,1
1,NewOrder,1770895846.678774,42712,21,1
1,NewOrder,1770895846.679529,33077,11,1
2,Payment,1770895846.680477,15025,1,1
2,Payment,1770895846.681216,17740,19,1
2,Payment,1770895846.681315,6497,14,1
1,NewOrder,1770895846.681657,18119,20,1
2,Payment,1770895846.682234,10987,13,1
5,StockLevel,1770895846.683201,24327,8,1
1,NewOrder,1770895846.683775,9407,7,1
1,NewOrder,1770895846.684100,29050,6,1
3,OrderStatus,1770895846.684318,11548,5,1
1,NewOrder,1770895846.685545,25269,15,1
2,Payment,1770895846.685818,21835,22,1
1,NewOrder,1770895846.686223,11655,9,1
4,Delivery,1770895846.686498,29771,23,1
1,NewOrder,1770895846.687199,28763,12,1
2,Payment,1770895846.687236,16570,3,1
2,Payment,1770895846.687835,10785,14,1
2,Payment,1770895846.688564,29551,18,1
1,NewOrder,1770895846.692746,60624,10,1
1,NewOrder,1770895846.693162,22002,17,1
2,Payment,1770895846.693188,3384,7,1
1,NewOrder,1770895846.693231,18098,13,1
2,Payment,1770895846.695506,14956,1,1
1,NewOrder,1770895846.695885,28239,5,1
2,Payment,1770895846.696585,2756,7,1
2,Payment,1770895846.697891,4245,9,1
4,Delivery,1770895846.698630,22820,14,1
1,NewOrder,1770895846.698928,24875,16,1
2,Payment,1770895846.698962,26655,19,1
2,Payment,1770895846.699345,5977,7,1
1,NewOrder,1770895846.699785,21733,20,1
4,Delivery,1770895846.702148,28848,9,1
1,NewOrder,1770895846.703813,35001,3,1
1,NewOrder,1770895846.705328,16103,7,1
1,NewOrder,1770895846.707550,42353,8,1
1,NewOrder,1770895846.707680,33030,22,1
1,NewOrder,1770895846.708705,48695,4,1
1,NewOrder,1770895846.710485,29875,1,1
2,Payment,1770895846.710825,14825,15,1
2,Payment,1770895846.711332,7198,13,1
2,Payment,1770895846.712612,8415,11,1
1,NewOrder,1770895846.713172,17276,6,1
1,NewOrder,1770895846.715187,11140,17,1
2,Payment,1770895846.715971,22693,12,1
1,NewOrder,1770895846.716283,10593,23,1
2,Payment,1770895846.718124,14949,18,1
2,Payment,1770895846.718553,25888,13,1
1,NewOrder,1770895846.721047,29441,11,1
2,Payment,1770895846.721440,3484,7,1
2,Payment,1770895846.721456,29632,14,1
4,Delivery,1770895846.721496,42722,21,1
2,Payment,1770895846.721529,22271,20,1
2,Payment,1770895846.723806,33230,16,1
1,NewOrder,1770895846.724133,32795,5,1
1,NewOrder,1770895846.724939,13327,7,1
1,NewOrder,1770895846.725626,31355,19,1
1,NewOrder,1770895846.725654,26801,15,1
2,Payment,1770895846.726336,54685,17,1
1,NewOrder,1770895846.726886,9138,23,1
1,NewOrder,1770895846.728614,27462,0,1
2,Payment,1770895846.730453,4457,6,1
1,NewOrder,1770895846.731005,8957,9,1
1,NewOrder,1770895846.733077,31068,18,1
2,Payment,1770895846.734918,4599,6,1
1,NewOrder,1770895846.736028,20815,23,1
2,Payment,1770895846.738272,6260,7,1
1,NewOrder,1770895846.738688,9963,12,1
2,Payment,1770895846.738849,10643,3,1
2,Payment,1770895846.739528,11601,6,1
1,NewOrder,1770895846.739966,4768,9,1
2,Payment,1770895846.740363,17370,1,1
2,Payment,1770895846.740431,14709,2,1
2,Payment,1770895846.740715,10326,22,1
2,Payment,1770895846.743803,12984,20,1
1,NewOrder,1770895846.744467,11686,13,1
2,Payment,1770895846.744543,12444,7,1
1,NewOrder,1770895846.744740,4362,9,1
2,Payment,1770895846.748658,15527,12,1
2,Payment,1770895846.749116,13612,9,1
1,NewOrder,1770895846.749501,24798,3,1
2,Payment,1770895846.749912,18154,8,1
2,Payment,1770895846.750506,21994,11,1
1,NewOrder,1770895846.751056,21563,22,1
1,NewOrder,1770895846.751109,23218,14,1
2,Payment,1770895846.751155,30842,6,1
2,Payment,1770895846.752479,17596,15,1
2,Payment,1770895846.753393,34029,10,1
2,Payment,1770895846.755149,4823,2,1
2,Payment,1770895846.756100,7446,0,1
1,NewOrder,1770895846.756166,5759,13,1
1,NewOrder,1770895846.756801,20565,20,1
1,NewOrder,1770895846.756868,17112,23,1
4,Delivery,1770895846.756953,49188,5,1
4,Delivery,1770895846.756992,7562,19,1
2,Payment,1770895846.757014,21855,7,1
1,NewOrder,1770895846.757061,15938,16,1
3,OrderStatus,1770895846.757433,6771,4,1
1,NewOrder,1770895846.757743,18919,1,1
1,NewOrder,1770895846.759977,12111,2,1
5,StockLevel,1770895846.761934,21431,13,1
2,Payment,1770895846.762745,32317,9,1
1,NewOrder,1770895846.763558,26915,0,1
2,Payment,1770895846.764150,6335,18,1
1,NewOrder,1770895846.764192,17828,12,1
2,Payment,1770895846.764209,8316,4,1
1,NewOrder,1770895846.764222,23540,21,1
1,NewOrder,1770895846.764560,30391,19,1
2,Payment,1770895846.768075,33399,8,1
1,NewOrder,1770895846.770088,24310,15,1
2,Payment,1770895846.770493,7338,18,1
2,Payment,1770895846.772101,21222,2,1
2,Payment,1770895846.772507,34029,11,1
2,Payment,1770895846.772535,14213,4,1
1,NewOrder,1770895846.772629,28506,22,1
1,NewOrder,1770895846.773007,5451,16,1
1,NewOrder,1770895846.774004,10101,23,1
2,Payment,1770895846.774304,22033,3,1
1,NewOrder,1770895846.774337,9239,14,1
1,NewOrder,1770895846.776667,14374,1,1
2,Payment,1770895846.777374,12090,20,1
4,Delivery,1770895846.777855,15085,18,1
2,Payment,1770895846.778463,13001,16,1
1,NewOrder,1770895846.778881,8857,7,1
1,NewOrder,1770895846.781031,19420,17,1
1,NewOrder,1770895846.782021,8476,6,1
2,Payment,1770895846.782033,11243,12,1
1,NewOrder,1770895846.783379,44873,13,1
3,OrderStatus,1770895846.783586,2272,14,1
1,NewOrder,1770895846.784114,5856,23,1
2,Payment,1770895846.785872,9557,14,1
5,StockLevel,1770895846.786770,22794,4,1
1,NewOrder,1770895846.787429,26309,10,1
2,Payment,1770895846.787748,28733,7,1
2,Payment,1770895846.787771,7345,21,1
2,Payment,1770895846.789488,12953,20,1
2,Payment,1770895846.789975,24400,23,1
1,NewOrder,1770895846.790498,6460,0,1
2,Payment,1770895846.790511,39409,6,1
1,NewOrder,1770895846.791065,11864,1,1
2,Payment,1770895846.791473,7441,16,1
1,NewOrder,1770895846.792948,42703,18,1
2,Payment,1770895846.793282,9700,12,1
2,Payment,1770895846.793330,7672,2,1
4,Delivery,1770895846.794404,43107,15,1
2,Payment,1770895846.794968,25413,19,1
1,NewOrder,1770895846.795086,37353,9,1
1,NewOrder,1770895846.795127,25239,21,1
1,NewOrder,1770895846.795440,7597,14,1
2,Payment,1770895846.796361,8130,3,1
2,Payment,1770895846.796981,10998,0,1
1,NewOrder,1770895846.798924,11272,16,1
1,NewOrder,1770895846.800457,39589,17,1
1,NewOrder,1770895846.801015,9585,2,1
3,OrderStatus,1770895846.801160,4660,22,1
1,NewOrder,1770895846.801498,12888,8,1
1,NewOrder,1770895846.802450,28166,20,1
1,NewOrder,1770895846.802940,33764,1,1
1,NewOrder,1770895846.802996,39504,12,1
1,NewOrder,1770895846.803060,35626,14,1
2,Payment,1770895846.804503,6154,3,1
2,Payment,1770895846.805826,19161,22,1
2,Payment,1770895846.806154,11084,5,1
1,NewOrder,1770895846.806548,25029,11,1
1,NewOrder,1770895846.808004,9204,0,1
1,NewOrder,1770895846.809580,25524,4,1
1,NewOrder,1770895846.810216,11096,16,1
1,NewOrder,1770895846.810626,9354,2,1
1,NewOrder,1770895846.810665,8744,3,1
2,Payment,1770895846.813747,21505,10,1
5,StockLevel,1770895846.814381,11719,23,1
4,Delivery,1770895846.814397,14241,8,1
1,NewOrder,1770895846.816508,29011,7,1
2,Payment,1770895846.817232,3611,0,1
3,OrderStatus,1770895846.817254,9554,5,1
2,Payment,1770895846.819433,5512,3,1
4,Delivery,1770895846.819996,8672,2,1
1,NewOrder,1770895846.820376,26384,21,1
2,Payment,1770895846.820406,13730,19,1
2,Payment,1770895846.820849,10343,0,1
2,Payment,1770895846.821337,3570,16,1
1,NewOrder,1770895846.824921,30372,16,1
5,StockLevel,1770895846.824969,23732,3,1
3,OrderStatus,1770895846.824999,12147,22,1
2,Payment,1770895846.826111,11082,23,1
1,NewOrder,1770895846.826817,19581,5,1
2,Payment,1770895846.828257,9714,13,1
2,Payment,1770895846.828661,9287,8,1
1,NewOrder,1770895846.828690,6592,2,1
2,Payment,1770895846.829927,12589,6,1
2,Payment,1770895846.830623,13030,20,1
1,NewOrder,1770895846.831203,14765,0,1
2,Payment,1770895846.831586,18370,11,1
1,NewOrder,1770895846.832444,27199,9,1
2,Payment,1770895846.834160,17291,19,1
2,Payment,1770895846.835136,7024,4,1
1,NewOrder,1770895846.835266,23502,10,1
4,Delivery,1770895846.835306,19467,2,1
1,NewOrder,1770895846.835661,17526,18,1
1,NewOrder,1770895846.836713,16119,1,1
2,Payment,1770895846.837158,22106,22,1
2,Payment,1770895846.837217,28899,23,1
1,NewOrder,1770895846.837518,41425,15,1
1,NewOrder,1770895846.837955,21248,8,1
2,Payment,1770895846.837980,7938,13,1
1,NewOrder,1770895846.838691,38787,14,1
2,Payment,1770895846.840048,16753,17,1
1,NewOrder,1770895846.842168,15729,4,1
1,NewOrder,1770895846.842509,22322,12,1
1,NewOrder,1770895846.842521,42854,6,1
1,NewOrder,1770895846.843662,38945,20,1
1,NewOrder,1770895846.845522,19338,7,1
1,NewOrder,1770895846.845942,41056,13,1
1,NewOrder,1770895846.845980,38593,0,1
2,Payment,1770895846.846401,16854,5,1
4,Delivery,1770895846.846764,44997,21,1
1,NewOrder,1770895846.848709,15562,3,1
2,Payment,1770895846.849964,12864,11,1
3,OrderStatus,1770895846.851476,9340,19,1
1,NewOrder,1770895846.852857,13640,1,1
4,Delivery,1770895846.853197,38822,18,1
2,Payment,1770895846.854798,13824,2,1
3,OrderStatus,1770895846.855309,3344,16,1
2,Payment,1770895846.856807,11174,17,1
1,NewOrder,1770895846.857907,7290,4,1
4,Delivery,1770895846.858660,46018,16,1
1,NewOrder,1770895846.858778,36723,10,1
1,NewOrder,1770895846.859214,27083,8,1
1,NewOrder,1770895846.859274,38361,22,1
1,NewOrder,1770895846.859650,14663,9,1
3,OrderStatus,1770895846.860840,11247,19,1
2,Payment,1770895846.862851,11126,11,1
2,Payment,1770895846.863282,12794,5,1
1,NewOrder,1770895846.864280,5791,3,1
2,Payment,1770895846.864845,12343,12,1
1,NewOrder,1770895846.864871,4364,7,1
2,Payment,1770895846.865203,12244,4,1
1,NewOrder,1770895846.866131,11373,23,1
2,Payment,1770895846.866507,16154,1,1
2,Payment,1770895846.867990,15010,17,1
2,Payment,1770895846.868632,20034,2,1
2,Payment,1770895846.869240,6396,7,1
1,NewOrder,1770895846.870087,4201,3,1
1,NewOrder,1770895846.872098,33265,19,1
1,NewOrder,1770895846.873987,17028,11,1
2,Payment,1770895846.874296,20847,3,1
2,Payment,1770895846.874322,3219,9,1
2,Payment,1770895846.875642,4351,7,1
2,Payment,1770895846.876087,25877,5,1
2,Payment,1770895846.877212,10891,12,1
1,NewOrder,1770895846.877457,26210,4,1
1,NewOrder,1770895846.877485,20089,14,1
1,NewOrder,1770895846.877509,25676,23,1
1,NewOrder,1770895846.877552,20417,9,1
1,NewOrder,1770895846.878954,16569,15,1
2,Payment,1770895846.880003,2263,7,1
1,NewOrder,1770895846.882281,18855,7,1
2,Payment,1770895846.882644,6730,20,1
1,NewOrder,1770895846.882666,25869,1,1
2,Payment,1770895846.883010,10988,17,1
3,OrderStatus,1770895846.884576,7070,0,1
1,NewOrder,1770895846.885391,20457,6,1
2,Payment,1770895846.886323,7750,8,1
1,NewOrder,1770895846.887008,18936,13,1
2,Payment,1770895846.888127,11097,12,1
2,Payment,1770895846.888674,18627,2,1
1,NewOrder,1770895846.889382,16442,20,1
1,NewOrder,1770895846.891039,22439,11,1
2,Payment,1770895846.891654,26634,0,1
1,NewOrder,1770895846.891765,14931,21,1
5,StockLevel,1770895846.892024,20805,18,1
2,Payment,1770895846.894007,10301,17,1
2,Payment,1770895846.894095,8366,8,1
1,NewOrder,1770895846.895167,33033,3,1
2,Payment,1770895846.895526,17359,10,1
1,NewOrder,1770895846.895530,60628,15,1
1,NewOrder,1770895846.897584,28156,14,1
2,Payment,1770895846.897644,11431,22,1
1,NewOrder,1770895846.897979,23021,9,1
1,NewOrder,1770895846.899234,30132,12,1
2,Payment,1770895846.901145,17515,7,1
2,Payment,1770895846.901978,21680,5,1
2,Payment,1770895846.902471,21627,8,1
1,NewOrder,1770895846.903191,19970,23,1
1,NewOrder,1770895846.903673,30288,4,1
1,NewOrder,1770895846.904313,21035,17,1
2,Payment,1770895846.904687,12267,16,1
2,Payment,1770895846.905369,7770,19,1
1,NewOrder,1770895846.905833,30253,20,1
1,NewOrder,1770895846.905851,15923,6,1
1,NewOrder,1770895846.905953,12671,13,1
2,Payment,1770895846.906706,11668,21,1
1,NewOrder,1770895846.907307,31869,2,1
1,NewOrder,1770895846.908541,45433,1,1
1,NewOrder,1770895846.909084,18769,22,1
2,Payment,1770895846.912853,11195,18,1
2,Payment,1770895846.912911,18819,10,1
1,NewOrder,1770895846.913155,22035,19,1
1,NewOrder,1770895846.913481,22550,11,1
1,NewOrder,1770895846.916972,47147,16,1
2,Payment,1770895846.918303,14019,0,1
1,NewOrder,1770895846.918400,12370,21,1
5,StockLevel,1770895846.918628,8056,13,1
2,Payment,1770895846.918671,22284,7,1
3,OrderStatus,1770895846.921016,6283,9,1
2,Payment,1770895846.921779,23306,6,1
2,Payment,1770895846.923170,6663,23,1
2,Payment,1770895846.923662,14892,5,1
1,NewOrder,1770895846.924052,20397,18,1
1,NewOrder,1770895846.924107,39154,8,1
1,NewOrder,1770895846.925358,32675,17,1
1,NewOrder,1770895846.925753,18140,14,1
1,NewOrder,1770895846.926687,9437,13,1
2,Payment,1770895846.927331,27046,9,1
2,Payment,1770895846.927862,7674,22,1
1,NewOrder,1770895846.928205,13292,3,1
2,Payment,1770895846.929375,5493,12,1
4,Delivery,1770895846.929840,19145,23,1
1,NewOrder,1770895846.930784,9622,21,1
1,NewOrder,1770895846.931740,45090,10,1
1,NewOrder,1770895846.932345,38604,0,1
1,NewOrder,1770895846.933970,33018,4,1
5,StockLevel,1770895846.934892,23809,12,1
1,NewOrder,1770895846.935200,37364,19,1
4,Delivery,1770895846.935542,13702,22,1
2,Payment,1770895846.936048,26526,11,1
2,Payment,1770895846.936097,5415,20,1
2,Payment,1770895846.936133,2939,13,1
2,Payment,1770895846.938561,5753,5,1
1,NewOrder,1770895846.939082,32464,13,1
2,Payment,1770895846.939185,10537,2,1
2,Payment,1770895846.940409,3844,21,1
1,NewOrder,1770895846.940960,26620,7,1
2,Payment,1770895846.941521,11027,3,1
1,NewOrder,1770895846.941540,6208,20,1
2,Payment,1770895846.943903,10483,14,1
1,NewOrder,1770895846.944257,25721,21,1
2,Payment,1770895846.944321,11417,5,1
2,Payment,1770895846.944455,9893,18,1
1,NewOrder,1770895846.945094,30307,6,1
1,NewOrder,1770895846.947753,7363,20,1
2,Payment,1770895846.949000,8174,23,1
2,Payment,1770895846.949251,16220,22,1
1,NewOrder,1770895846.949732,8697,2,1
5,StockLevel,1770895846.952568,11569,3,1
2,Payment,1770895846.953984,7132,1,1
1,NewOrder,1770895846.954361,22756,18,1
2,Payment,1770895846.954404,16215,9,1
5,StockLevel,1770895846.954410,20266,14,1
2,Payment,1770895846.955128,14432,20,1
1,NewOrder,1770895846.955747,20311,5,1
1,NewOrder,1770895846.956163,37893,15,1
1,NewOrder,1770895846.957184,14978,23,1
1,NewOrder,1770895846.958043,19406,17,1
1,NewOrder,1770895846.958438,30725,2,1
2,Payment,1770895846.958725,8726,12,1
2,Payment,1770895846.961126,6424,1,1
2,Payment,1770895846.962584,20770,11,1
2,Payment,1770895846.963266,26457,8,1
5,StockLevel,1770895846.964125,12111,16,1
1,NewOrder,1770895846.964145,37568,3,1
2,Payment,1770895846.965482,14109,22,1
1,NewOrder,1770895846.966992,19432,4,1
1,NewOrder,1770895846.967471,13084,12,1
3,OrderStatus,1770895846.967575,11577,1,1
1,NewOrder,1770895846.967607,29728,7,1
2,Payment,1770895846.969585,19216,20,1
1,NewOrder,1770895846.970002,31769,21,1
2,Payment,1770895846.970630,24043,9,1
2,Payment,1770895846.970959,5121,0,1
2,Payment,1770895846.971557,4444,13,1
1,NewOrder,1770895846.972173,24625,23,1
2,Payment,1770895846.972570,24731,19,1
5,StockLevel,1770895846.974688,3527,14,1
2,Payment,1770895846.975426,22926,6,1
2,Payment,1770895846.976006,12538,13,1
2,Payment,1770895846.976063,20050,5,1
2,Payment,1770895846.976083,11924,0,1
2,Payment,1770895846.976259,2049,16,1
1,NewOrder,1770895846.976854,9979,10,1
1,NewOrder,1770895846.977135,26994,18,1
1,NewOrder,1770895846.977458,24283,17,1
1,NewOrder,1770895846.978224,7230,14,1
2,Payment,1770895846.978317,13653,16,1
5,StockLevel,1770895846.979156,20170,1,1
2,Payment,1770895846.979601,23402,22,1
1,NewOrder,1770895846.980561,6944,12,1
1,NewOrder,1770895846.983363,21676,11,1
2,Payment,1770895846.985477,9512,14,1
1,NewOrder,1770895846.986434,30713,4,1
1,NewOrder,1770895846.986844,30292,10,1
2,Payment,1770895846.987517,13774,12,1
3,OrderStatus,1770895846.988017,7278,0,1
2,Payment,1770895846.988554,19714,13,1
4,Delivery,1770895846.988810,24776,20,1
1,NewOrder,1770895846.989170,15846,2,1
2,Payment,1770895846.989728,12081,8,1
2,Payment,1770895846.991994,21160,16,1
2,Payment,1770895846.994063,23485,15,1
2,Payment,1770895846.994700,9867,9,1
2,Payment,1770895846.995014,43466,14,1
2,Payment,1770895846.995325,9176,0,1
1,NewOrder,1770895846.996116,21014,5,1
2,Payment,1770895846.996822,13464,23,1
1,NewOrder,1770895846.997325,23391,19,1
1,NewOrder,1770895846.997361,19066,7,1
2,Payment,1770895846.998364,11658,6,1
2,Payment,1770895846.999331,10050,1,1
1,NewOrder,1770895847.001301,9126,12,1
2,Payment,1770895847.001727,11821,3,1
2,Payment,1770895847.001750,28215,17,1
1,NewOrder,1770895847.001781,39921,21,1
3,OrderStatus,1770895847.001813,6537,8,1
2,Payment,1770895847.003026,14657,22,1
1,NewOrder,1770895847.004138,23509,18,1
1,NewOrder,1770895847.004510,26250,0,1
4,Delivery,1770895847.004578,23535,9,1
1,NewOrder,1770895847.005025,21962,2,1
2,Payment,1770895847.005045,8573,11,1
1,NewOrder,1770895847.008291,15506,13,1
2,Payment,1770895847.008372,14505,8,1
2,Payment,1770895847.009406,12192,1,1
2,Payment,1770895847.010032,16196,6,1
4,Delivery,1770895847.010298,3898,23,1
2,Payment,1770895847.010434,38768,12,1
2,Payment,1770895847.013161,30210,16,1
5,StockLevel,1770895847.013554,11977,3,1
2,Payment,1770895847.013597,11743,20,1
1,NewOrder,1770895847.013628,12060,11,1
3,OrderStatus,1770895847.014216,10480,23,1
2,Payment,1770895847.016454,12503,7,1
1,NewOrder,1770895847.017139,6739,5,1
1,NewOrder,1770895847.017147,6218,10,1
2,Payment,1770895847.017155,13697,4,1
2,Payment,1770895847.017572,37657,15,1
1,NewOrder,1770895847.017707,38276,22,1
2,Payment,1770895847.020721,10809,19,1
2,Payment,1770895847.021607,15371,1,1
4,Delivery,1770895847.022893,5537,8,1
2,Payment,1770895847.023381,8610,10,1
2,Payment,1770895847.023803,35867,13,1
2,Payment,1770895847.023889,16629,5,1
4,Delivery,1770895847.024720,50914,23,1
2,Payment,1770895847.025350,14757,20,1
5,StockLevel,1770895847.025540,12009,3,1
2,Payment,1770895847.025698,14859,11,1
2,Payment,1770895847.026236,18906,6,1
3,OrderStatus,1770895847.027011,1412,2,1
1,NewOrder,1770895847.027657,18700,18,1
1,NewOrder,1770895847.028121,8882,9,1
1,NewOrder,1770895847.028428,8600,2,1
2,Payment,1770895847.028438,21303,8,1
1,NewOrder,1770895847.028968,7653,7,1
3,OrderStatus,1770895847.029988,6964,17,1
2,Payment,1770895847.030766,13920,0,1
1,NewOrder,1770895847.030862,19767,4,1
4,Delivery,1770895847.031568,44248,19,1
1,NewOrder,1770895847.032015,29807,10,1
1,NewOrder,1770895847.036630,10296,7,1
2,Payment,1770895847.036957,28367,17,1
1,NewOrder,1770895847.036983,19812,1,1
1,NewOrder,1770895847.037011,20453,9,1
2,Payment,1770895847.037033,12677,2,1
1,NewOrder,1770895847.037558,18863,3,1
4,Delivery,1770895847.038486,24881,14,1
2,Payment,1770895847.040117,5807,20,1
2,Payment,1770895847.040532,14213,5,1
5,StockLevel,1770895847.040580,13113,11,1
2,Payment,1770895847.041715,9980,21,1
1,NewOrder,1770895847.043375,17713,16,1
2,Payment,1770895847.044695,15642,0,1
2,Payment,1770895847.045150,9049,6,1
1,NewOrder,1770895847.045931,19374,20,1
1,NewOrder,1770895847.046366,41277,18,1
5,StockLevel,1770895847.046950,12205,7,1
2,Payment,1770895847.049226,20613,12,1
1,NewOrder,1770895847.049716,22659,2,1
3,OrderStatus,1770895847.049750,6622,8,1
1,NewOrder,1770895847.050653,27000,4,1
1,NewOrder,1770895847.051703,15532,21,1
2,Payment,1770895847.053716,7024,11,1
5,StockLevel,1770895847.054223,11607,6,1
1,NewOrder,1770895847.054755,22447,5,1
2,Payment,1770895847.055253,19340,15,1
1,NewOrder,1770895847.055993,25588,22,1
2,Payment,1770895847.056379,8513,8,1
1,NewOrder,1770895847.056430,40371,3,1
1,NewOrder,1770895847.056805,12886,1,1
2,Payment,1770895847.057491,12162,9,1
2,Payment,1770895847.059171,16453,7,1
2,Payment,1770895847.059679,19892,13,1
2,Payment,1770895847.060341,4939,0,1
2,Payment,1770895847.060763,23931,11,1
2,Payment,1770895847.061113,24029,16,1
2,Payment,1770895847.061827,36069,10,1
1,NewOrder,1770895847.063390,16551,14,1
2,Payment,1770895847.064900,37361,8,1
2,Payment,1770895847.065298,4781,0,1
1,NewOrder,1770895847.065317,17682,20,1
2,Payment,1770895847.065348,29808,17,1
1,NewOrder,1770895847.065840,12993,6,1
2,Payment,1770895847.067242,5902,21,1
1,NewOrder,1770895847.069665,20017,9,1
1,NewOrder,1770895847.069695,28521,1,1
1,NewOrder,1770895847.069847,16656,12,1
2,Payment,1770895847.070084,5060,0,1
1,NewOrder,1770895847.072384,15963,2,1
2,Payment,1770895847.073158,5258,21,1
1,NewOrder,1770895847.074603,15671,15,1
2,Payment,1770895847.075168,7031,0,1
2,Payment,1770895847.075634,37707,7,1
1,NewOrder,1770895847.075645,16879,23,1
1,NewOrder,1770895847.075822,30540,19,1
1,NewOrder,1770895847.077212,22677,5,1
1,NewOrder,1770895847.077663,20957,4,1
2,Payment,1770895847.078422,6630,21,1
1,NewOrder,1770895847.078842,25079,6,1
1,NewOrder,1770895847.079575,9601,13,1
1,NewOrder,1770895847.079947,21850,14,1
1,NewOrder,1770895847.081590,28219,22,1
2,Payment,1770895847.082210,12658,0,1
2,Payment,1770895847.083005,14417,20,1
1,NewOrder,1770895847.084702,30727,11,1
1,NewOrder,1770895847.085057,17231,21,1
1,NewOrder,1770895847.085152,34602,16,1
2,Payment,1770895847.086513,10835,12,1
2,Payment,1770895847.087663,15280,18,1
1,NewOrder,1770895847.088351,23040,2,1
2,Payment,1770895847.089181,11461,13,1
1,NewOrder,1770895847.089687,5438,9,1
2,Payment,1770895847.090278,14029,15,1
2,Payment,1770895847.092534,16094,23,1
3,OrderStatus,1770895847.094877,8235,0,1
2,Payment,1770895847.095135,24113,9,1
1,NewOrder,1770895847.095162,24653,17,1
1,NewOrder,1770895847.096806,22118,3,1
2,Payment,1770895847.097358,9877,12,1
2,Payment,1770895847.097426,19746,20,1
3,OrderStatus,1770895847.097904,5716,10,1
1,NewOrder,1770895847.098226,20693,1,1
1,NewOrder,1770895847.098625,32448,4,1
1,NewOrder,1770895847.099894,18565,5,1
1,NewOrder,1770895847.100650,14405,13,1
2,Payment,1770895847.101802,11997,14,1
2,Payment,1770895847.102266,22806,8,1
1,NewOrder,1770895847.102294,23209,21,1
3,OrderStatus,1770895847.102949,9226,18,1
2,Payment,1770895847.103115,6086,0,1
2,Payment,1770895847.103626,28093,10,1
2,Payment,1770895847.103926,34259,6,1
3,OrderStatus,1770895847.104311,2747,15,1
2,Payment,1770895847.106368,17816,19,1
2,Payment,1770895847.107063,12213,15,1
1,NewOrder,1770895847.107242,15614,12,1
1,NewOrder,1770895847.108632,30292,23,1
3,OrderStatus,1770895847.109206,5258,0,1
4,Delivery,1770895847.109818,20069,22,1
3,OrderStatus,1770895847.111400,3881,2,1
2,Payment,1770895847.112183,14873,18,1
2,Payment,1770895847.113348,30488,7,1
2,Payment,1770895847.113804,12643,14,1
2,Payment,1770895847.114470,6245,0,1
2,Payment,1770895847.115064,19328,13,1
1,NewOrder,1770895847.115289,8379,2,1
1,NewOrder,1770895847.115434,10103,11,1
1,NewOrder,1770895847.117182,26124,20,1
1,NewOrder,1770895847.118468,19237,5,1
2,Payment,1770895847.118929,11369,1,1
2,Payment,1770895847.118935,14814,3,1
1,NewOrder,1770895847.119252,18828,9,1
5,StockLevel,1770895847.119281,21512,15,1
2,Payment,1770895847.119759,25520,16,1
2,Payment,1770895847.119818,32303,17,1
2,Payment,1770895847.120720,17536,0,1
3,OrderStatus,1770895847.122866,4169,12,1
2,Payment,1770895847.123673,17782,2,1
1,NewOrder,1770895847.124194,7915,19,1
1,NewOrder,1770895847.125078,37485,8,1
2,Payment,1770895847.125514,3329,21,1
2,Payment,1770895847.125551,26703,11,1
2,Payment,1770895847.126462,15347,14,1
3,OrderStatus,1770895847.127055,6341,12,1
1,NewOrder,1770895847.127081,13846,18,1
2,Payment,1770895847.128858,2937,21,1
1,NewOrder,1770895847.129893,5466,22,1
2,Payment,1770895847.130316,18131,1,1
2,Payment,1770895847.131084,25447,4,1
2,Payment,1770895847.131723,16300,10,1
1,NewOrder,1770895847.131798,14562,21,1
2,Payment,1770895847.132119,3863,19,1
1,NewOrder,1770895847.133418,26481,12,1
1,NewOrder,1770895847.133763,35417,3,1
1,NewOrder,1770895847.134400,19270,13,1
2,Payment,1770895847.135383,2903,22,1
2,Payment,1770895847.135991,15753,19,1
2,Payment,1770895847.137714,28732,5,1
1,NewOrder,1770895847.138084,18065,9,1
1,NewOrder,1770895847.138194,48616,6,1
2,Payment,1770895847.138259,36942,0,1
2,Payment,1770895847.138295,18195,22,1
1,NewOrder,1770895847.138934,16069,23,1
1,NewOrder,1770895847.140798,12405,15,1
1,NewOrder,1770895847.140937,55439,18,1
1,NewOrder,1770895847.141465,17888,2,1
1,NewOrder,1770895847.141812,39711,14,1
1,NewOrder,1770895847.143316,12193,20,1
1,NewOrder,1770895847.143845,18307,7,1
2,Payment,1770895847.145289,11653,16,1
2,Payment,1770895847.146370,16107,21,1
2,Payment,1770895847.148032,12074,10,1
2,Payment,1770895847.148471,40599,1,1
1,NewOrder,1770895847.151774,32848,19,1
1,NewOrder,1770895847.152143,55472,17,1
2,Payment,1770895847.152264,15516,11,1
1,NewOrder,1770895847.153229,5972,15,1
2,Payment,1770895847.153679,12636,13,1
1,NewOrder,1770895847.155018,8959,23,1
1,NewOrder,1770895847.155513,10672,20,1
2,Payment,1770895847.156173,20902,9,1
1,NewOrder,1770895847.156496,22776,22,1
5,StockLevel,1770895847.156541,32121,4,1
1,NewOrder,1770895847.156948,25088,16,1
1,NewOrder,1770895847.159225,7251,15,1
2,Payment,1770895847.159388,31773,2,1
2,Payment,1770895847.159910,14704,12,1
2,Payment,1770895847.160117,27848,10,1
2,Payment,1770895847.162159,36566,7,1
1,NewOrder,1770895847.162482,30932,21,1
1,NewOrder,1770895847.162573,17558,8,1
1,NewOrder,1770895847.164001,4422,23,1
1,NewOrder,1770895847.166195,10071,20,1
1,NewOrder,1770895847.166340,54069,13,1
1,NewOrder,1770895847.166471,9772,5,1
2,Payment,1770895847.166502,16932,15,1
1,NewOrder,1770895847.167789,16063,11,1
1,NewOrder,1770895847.168429,7414,23,1
2,Payment,1770895847.169194,33095,3,1
1,NewOrder,1770895847.174624,26543,12,1
2,Payment,1770895847.175211,29711,0,1
2,Payment,1770895847.175849,1668,23,1
1,NewOrder,1770895847.176248,5679,5,1
2,Payment,1770895847.176271,7586,20,1
2,Payment,1770895847.177079,30073,9,1
1,NewOrder,1770895847.177525,21872,23,1
1,NewOrder,1770895847.179281,11025,22,1
1,NewOrder,1770895847.180137,22992,8,1
2,Payment,1770895847.181536,9629,14,1
1,NewOrder,1770895847.181932,53207,5,1
1,NewOrder,1770895847.182041,51724,16,1
5,StockLevel,1770895847.183445,3135,15,1
3,OrderStatus,1770895847.183863,12544,20,1
1,NewOrder,1770895847.183868,23918,11,1
2,Payment,1770895847.184627,12154,19,1
4,Delivery,1770895847.186589,7473,15,1
5,StockLevel,1770895847.186820,27390,6,1
4,Delivery,1770895847.187970,11400,10,1
1,NewOrder,1770895847.188666,21242,4,1
4,Delivery,1770895847.189075,28002,1,1
1,NewOrder,1770895847.190311,14089,22,1
1,NewOrder,1770895847.191166,5575,2,1
1,NewOrder,1770895847.191171,34140,14,1
2,Payment,1770895847.193424,7317,21,1
2,Payment,1770895847.194069,15428,15,1
2,Payment,1770895847.196385,29997,18,1
2,Payment,1770895847.196417,21256,20,1
1,NewOrder,1770895847.196746,31561,2,1
2,Payment,1770895847.196783,11687,19,1
2,Payment,1770895847.198731,16000,7,1
1,NewOrder,1770895847.199383,41856,10,1
2,Payment,1770895847.199407,36737,23,1
2,Payment,1770895847.200750,33373,21,1
1,NewOrder,1770895847.201171,41135,12,1
2,Payment,1770895847.202292,9647,3,1
2,Payment,1770895847.203135,15063,8,1
5,StockLevel,1770895847.204408,4804,22,1
1,NewOrder,1770895847.204930,5002,0,1
1,NewOrder,1770895847.207158,30539,9,1
5,StockLevel,1770895847.207621,27686,17,1
2,Payment,1770895847.207796,24566,11,1
2,Payment,1770895847.208480,30073,19,1
1,NewOrder,1770895847.209216,5163,22,1
2,Payment,1770895847.209500,2125,15,1
2,Payment,1770895847.209913,4146,4,1
1,NewOrder,1770895847.209938,9636,0,1
4,Delivery,1770895847.211629,51173,15,1
2,Payment,1770895847.211944,6282,3,1
1,NewOrder,1770895847.214063,9877,4,1
1,NewOrder,1770895847.214213,28579,6,1
1,NewOrder,1770895847.214384,9189,22,1
1,NewOrder,1770895847.214736,8216,7,1
2,Payment,1770895847.217087,9723,1,1
1,NewOrder,1770895847.217683,39119,20,1
2,Payment,1770895847.218201,21774,8,1
1,NewOrder,1770895847.218232,28960,3,1
2,Payment,1770895847.219584,9570,0,1
1,NewOrder,1770895847.220413,12949,13,1
1,NewOrder,1770895847.222956,3099,7,1
1,NewOrder,1770895847.223577,9832,22,1
2,Payment,1770895847.223946,8980,4,1
2,Payment,1770895847.225317,8931,14,1
1,NewOrder,1770895847.226059,7640,7,1
1,NewOrder,1770895847.226390,7829,18,1
2,Payment,1770895847.226820,13680,1,1
1,NewOrder,1770895847.228316,22449,2,1
2,Payment,1770895847.229163,13582,0,1
2,Payment,1770895847.232375,14939,11,1
1,NewOrder,1770895847.232935,40592,4,1
1,NewOrder,1770895847.233372,7094,13,1
1,NewOrder,1770895847.233415,45054,22,1
2,Payment,1770895847.233705,22629,7,1
1,NewOrder,1770895847.233768,12127,16,1
2,Payment,1770895847.234128,18063,21,1
2,Payment,1770895847.234228,7057,18,1
4,Delivery,1770895847.234258,29091,14,1
4,Delivery,1770895847.235152,33208,5,1
2,Payment,1770895847.235319,9617,17,1
1,NewOrder,1770895847.236168,10515,23,1
2,Payment,1770895847.237701,28396,9,1
2,Payment,1770895847.238578,21321,19,1
2,Payment,1770895847.239985,34494,8,1
3,OrderStatus,1770895847.240495,1903,13,1
4,Delivery,1770895847.240524,28309,1,1
1,NewOrder,1770895847.241263,26673,10,1
1,NewOrder,1770895847.241297,55828,18,1
1,NewOrder,1770895847.242314,30352,12,1
1,NewOrder,1770895847.242403,6633,13,1
2,Payment,1770895847.242769,2481,0,1
1,NewOrder,1770895847.242806,34883,6,1
1,NewOrder,1770895847.244941,43870,17,1
1,NewOrder,1770895847.245256,38376,0,1
2,Payment,1770895847.245908,2641,16,1
1,NewOrder,1770895847.246693,6632,23,1
2,Payment,1770895847.247196,9454,3,1
5,StockLevel,1770895847.247323,23306,11,1
1,NewOrder,1770895847.248554,6219,16,1
5,StockLevel,1770895847.249049,5338,13,1
1,NewOrder,1770895847.250789,8520,2,1
2,Payment,1770895847.252215,16543,21,1
2,Payment,1770895847.253341,19899,23,1
2,Payment,1770895847.254410,2217,13,1
3,OrderStatus,1770895847.254778,1563,16,1
4,Delivery,1770895847.256342,19047,7,1
1,NewOrder,1770895847.256346,4343,16,1
2,Payment,1770895847.256632,16661,13,1
2,Payment,1770895847.256656,8822,3,1
1,NewOrder,1770895847.256812,38928,20,1
2,Payment,1770895847.259332,11613,2,1
1,NewOrder,1770895847.259923,8864,19,1
1,NewOrder,1770895847.260693,5439,16,1
2,Payment,1770895847.262812,19637,15,1
1,NewOrder,1770895847.263356,57776,14,1
1,NewOrder,1770895847.265483,36723,3,1
1,NewOrder,1770895847.266111,40782,9,1
1,NewOrder,1770895847.266157,52333,16,1
2,Payment,1770895847.267945,20913,10,1
1,NewOrder,1770895847.268371,10048,5,1
1,NewOrder,1770895847.268770,9674,21,1
2,Payment,1770895847.268806,17250,19,1
1,NewOrder,1770895847.268855,9243,1,1
1,NewOrder,1770895847.270634,37814,11,1
2,Payment,1770895847.270949,3957,2,1
2,Payment,1770895847.272675,18183,12,1
1,NewOrder,1770895847.273253,32090,23,1
1,NewOrder,1770895847.273318,50089,13,1
4,Delivery,1770895847.273544,69312,4,1
1,NewOrder,1770895847.274491,36976,8,1
2,Payment,1770895847.274910,13454,2,1
2,Payment,1770895847.275394,25598,7,1
2,Payment,1770895847.277703,28466,6,1
1,NewOrder,1770895847.278124,4971,1,1
1,NewOrder,1770895847.278424,6312,5,1
1,NewOrder,1770895847.278449,5627,21,1
1,NewOrder,1770895847.278473,8536,22,1
2,Payment,1770895847.282460,19145,15,1
1,NewOrder,1770895847.283100,9224,1,1
2,Payment,1770895847.283641,14468,0,1
1,NewOrder,1770895847.284081,10600,21,1
1,NewOrder,1770895847.284741,10234,5,1
1,NewOrder,1770895847.286066,52123,19,1
1,NewOrder,1770895847.287013,8304,22,1
1,NewOrder,1770895847.288389,35835,2,1
1,NewOrder,1770895847.288821,34023,17,1
1,NewOrder,1770895847.288883,48845,10,1
1,NewOrder,1770895847.290882,19370,12,1
1,NewOrder,1770895847.292337,14898,1,1
1,NewOrder,1770895847.294691,12567,21,1
1,NewOrder,1770895847.294983,11094,5,1
5,StockLevel,1770895847.295326,10107,22,1
2,Payment,1770895847.295751,5201,20,1
1,NewOrder,1770895847.297149,28893,18,1
3,OrderStatus,1770895847.298133,11964,0,1
2,Payment,1770895847.300963,5151,20,1
1,NewOrder,1770895847.301016,8361,7,1
2,Payment,1770895847.301616,17133,15,1
1,NewOrder,1770895847.302220,13546,3,1
2,Payment,1770895847.305367,13282,23,1
1,NewOrder,1770895847.305456,7624,22,1
2,Payment,1770895847.306092,12629,5,1
1,NewOrder,1770895847.306140,31242,20,1
2,Payment,1770895847.306194,12546,6,1
1,NewOrder,1770895847.306897,42084,9,1
2,Payment,1770895847.307241,16267,1,1
3,OrderStatus,1770895847.307267,15237,21,1
1,NewOrder,1770895847.308453,10294,11,1
2,Payment,1770895847.309382,14090,7,1
1,NewOrder,1770895847.310121,36795,0,1
2,Payment,1770895847.310267,13985,12,1
1,NewOrder,1770895847.311471,40588,8,1
1,NewOrder,1770895847.313089,5433,22,1
1,NewOrder,1770895847.315772,14829,3,1
1,NewOrder,1770895847.318497,30872,16,1
2,Payment,1770895847.318527,4964,22,1
1,NewOrder,1770895847.318659,29218,23,1
1,NewOrder,1770895847.318732,30989,5,1
1,NewOrder,1770895847.318749,35955,6,1
4,Delivery,1770895847.318751,34923,11,1
2,Payment,1770895847.318760,11159,15,1
1,NewOrder,1770895847.321157,43641,14,1
1,NewOrder,1770895847.322521,29949,21,1
2,Payment,1770895847.322856,13110,17,1
2,Payment,1770895847.323422,18411,13,1
2,Payment,1770895847.323498,4340,7,1
1,NewOrder,1770895847.323505,15141,22,1
2,Payment,1770895847.323522,5969,1,1
1,NewOrder,1770895847.324227,25878,2,1
1,NewOrder,1770895847.324263,20611,12,1
1,NewOrder,1770895847.326067,37693,18,1
2,Payment,1770895847.327862,3424,7,1
2,Payment,1770895847.329502,6011,1,1
2,Payment,1770895847.329931,17759,15,1
2,Payment,1770895847.330611,11798,3,1
2,Payment,1770895847.331301,4628,7,1
3,OrderStatus,1770895847.335517,5315,1,1
2,Payment,1770895847.335939,4508,7,1
2,Payment,1770895847.335975,20941,17,1
1,NewOrder,1770895847.337401,25168,20,1
1,NewOrder,1770895847.337738,14813,10,1
5,StockLevel,1770895847.338194,23866,19,1
2,Payment,1770895847.338651,21414,22,1
2,Payment,1770895847.340464,4885,7,1
3,OrderStatus,1770895847.340849,4771,1,1
2,Payment,1770895847.341860,23441,13,1
2,Payment,1770895847.342435,5236,3,1
1,NewOrder,1770895847.342862,26461,4,1
2,Payment,1770895847.344898,23436,12,1
4,Delivery,1770895847.345373,8780,7,1
2,Payment,1770895847.345630,11748,1,1
1,NewOrder,1770895847.346926,36377,0,1
2,Payment,1770895847.347679,19211,3,1
1,NewOrder,1770895847.347694,16662,15,1
2,Payment,1770895847.347886,18543,23,1
1,NewOrder,1770895847.348985,42786,9,1
3,OrderStatus,1770895847.349375,14481,16,1
1,NewOrder,1770895847.349726,33091,5,1
2,Payment,1770895847.350131,26353,2,1
2,Payment,1770895847.352068,1926,8,1
2,Payment,1770895847.352475,23191,21,1
2,Payment,1770895847.352560,3448,10,1
1,NewOrder,1770895847.353689,18294,11,1
2,Payment,1770895847.354002,6897,8,1
2,Payment,1770895847.354175,3645,7,1
2,Payment,1770895847.354708,10552,6,1
1,NewOrder,1770895847.356017,16512,10,1
1,NewOrder,1770895847.356940,29762,17,1
1,NewOrder,1770895847.357388,35114,1,1
1,NewOrder,1770895847.357826,9085,7,1
1,NewOrder,1770895847.360090,25409,22,1
1,NewOrder,1770895847.360905,15838,8,1
2,Payment,1770895847.362068,21498,19,1
2,Payment,1770895847.362572,32047,20,1
2,Payment,1770895847.363786,36718,18,1
1,NewOrder,1770895847.363869,38550,16,1
2,Payment,1770895847.364366,8062,15,1
2,Payment,1770895847.364807,11810,14,1
1,NewOrder,1770895847.365281,11240,6,1
1,NewOrder,1770895847.365313,45188,13,1
1,NewOrder,1770895847.366435,45106,23,1
4,Delivery,1770895847.366899,40037,3,1
3,OrderStatus,1770895847.366920,8682,7,1
2,Payment,1770895847.368341,16607,12,1
2,Payment,1770895847.369348,16844,4,1
2,Payment,1770895847.372000,4513,11,1
1,NewOrder,1770895847.372434,7304,15,1
2,Payment,1770895847.372538,5605,10,1
2,Payment,1770895847.375611,4632,7,1
2,Payment,1770895847.375675,29753,21,1
5,StockLevel,1770895847.376497,24940,2,1
5,StockLevel,1770895847.376537,27230,11,1
1,NewOrder,1770895847.376549,37502,6,1
2,Payment,1770895847.376642,15839,14,1
2,Payment,1770895847.376754,6427,8,1
1,NewOrder,1770895847.378152,22339,10,1
1,NewOrder,1770895847.379749,25266,15,1
1,NewOrder,1770895847.380251,30621,7,1
2,Payment,1770895847.382826,12176,5,1
5,StockLevel,1770895847.383190,7877,8,1
2,Payment,1770895847.383312,15967,0,1
1,NewOrder,1770895847.383570,11392,19,1
2,Payment,1770895847.384960,15507,12,1
1,NewOrder,1770895847.385501,37967,22,1
1,NewOrder,1770895847.386223,30998,4,1
2,Payment,1770895847.386707,20041,17,1
1,NewOrder,1770895847.391075,14280,8,1
1,NewOrder,1770895847.391781,20635,9,1
2,Payment,1770895847.392491,20508,14,1
2,Payment,1770895847.392507,12873,1,1
1,NewOrder,1770895847.394625,22202,20,1
1,NewOrder,1770895847.394972,22641,19,1
1,NewOrder,1770895847.395012,32919,5,1
5,StockLevel,1770895847.399304,13183,0,1
2,Payment,1770895847.400492,19196,12,1
2,Payment,1770895847.400502,10551,10,1
1,NewOrder,1770895847.400522,12360,18,1
2,Payment,1770895847.401461,10833,2,1
2,Payment,1770895847.402429,26352,16,1
1,NewOrder,1770895847.403791,13562,11,1
2,Payment,1770895847.405038,28780,15,1
2,Payment,1770895847.405379,10706,8,1
1,NewOrder,1770895847.405397,30014,1,1
3,OrderStatus,1770895847.405438,4414,21,1
2,Payment,1770895847.406757,33282,17,1
2,Payment,1770895847.406948,13409,3,1
1,NewOrder,1770895847.409875,18423,21,1
1,NewOrder,1770895847.410527,11565,13,1
2,Payment,1770895847.410884,12268,7,1
2,Payment,1770895847.411077,17684,10,1
2,Payment,1770895847.411565,4968,23,1
2,Payment,1770895847.412298,15068,2,1
1,NewOrder,1770895847.412425,21333,9,1
1,NewOrder,1770895847.412491,24630,0,1
2,Payment,1770895847.412890,7970,18,1
1,NewOrder,1770895847.413009,21989,14,1
2,Payment,1770895847.414064,24611,6,1
2,Payment,1770895847.416098,17741,8,1
1,NewOrder,1770895847.416542,16353,23,1
2,Payment,1770895847.416831,9492,20,1
1,NewOrder,1770895847.417228,7932,4,1
4,Delivery,1770895847.417363,25738,11,1
1,NewOrder,1770895847.417622,15319,19,1
2,Payment,1770895847.419712,28066,12,1
2,Payment,1770895847.420381,12191,3,1
1,NewOrder,1770895847.420887,12537,18,1
2,Payment,1770895847.422100,31189,13,1
2,Payment,1770895847.423161,24572,7,1
1,NewOrder,1770895847.423482,20418,22,1
2,Payment,1770895847.425170,14766,4,1
1,NewOrder,1770895847.426328,39270,20,1
2,Payment,1770895847.427388,8731,2,1
2,Payment,1770895847.427956,21417,5,1
1,NewOrder,1770895847.428322,22492,21,1
1,NewOrder,1770895847.428770,10678,10,1
2,Payment,1770895847.428791,31232,16,1
1,NewOrder,1770895847.432582,10872,3,1
2,Payment,1770895847.432915,7683,23,1
2,Payment,1770895847.432965,15266,19,1
1,NewOrder,1770895847.433435,32137,18,1
1,NewOrder,1770895847.433763,34720,9,1
1,NewOrder,1770895847.433828,27374,15,1
2,Payment,1770895847.433845,21108,8,1
2,Payment,1770895847.435004,30638,14,1
5,StockLevel,1770895847.435417,7957,1,1
1,NewOrder,1770895847.436131,10577,2,1
2,Payment,1770895847.437131,16729,0,1
1,NewOrder,1770895847.438682,15203,6,1
1,NewOrder,1770895847.439457,6637,10,1
1,NewOrder,1770895847.439941,16670,4,1
2,Payment,1770895847.440049,31337,17,1
2,Payment,1770895847.440608,15532,23,1
2,Payment,1770895847.443110,18497,11,1
2,Payment,1770895847.443378,14322,1,1
1,NewOrder,1770895847.443465,33648,3,1
1,NewOrder,1770895847.443905,4074,22,1
2,Payment,1770895847.446103,20115,10,1
3,OrderStatus,1770895847.446711,910,2,1
1,NewOrder,1770895847.447625,1600,2,1
3,OrderStatus,1770895847.447742,9360,7,1
1,NewOrder,1770895847.447788,25210,12,1
2,Payment,1770895847.447983,10647,22,1
3,OrderStatus,1770895847.448242,8891,19,1
2,Payment,1770895847.449230,1249,2,1
1,NewOrder,1770895847.449382,24046,5,1
1,NewOrder,1770895847.450484,6103,2,1
2,Payment,1770895847.450819,14226,21,1
2,Payment,1770895847.453299,24239,13,1
1,NewOrder,1770895847.453869,11121,0,1
2,Payment,1770895847.453889,17892,6,1
1,NewOrder,1770895847.454959,18484,8,1
3,OrderStatus,1770895847.456150,7155,23,1
2,Payment,1770895847.456593,3855,2,1
1,NewOrder,1770895847.456618,7560,4,1
2,Payment,1770895847.457110,26221,7,1
2,Payment,1770895847.457140,13074,19,1
2,Payment,1770895847.457705,7027,1,1
2,Payment,1770895847.458633,15166,22,1
5,StockLevel,1770895847.460033,15207,16,1
2,Payment,1770895847.460452,7185,2,1
1,NewOrder,1770895847.461212,22608,15,1
5,StockLevel,1770895847.461614,12871,11,1
2,Payment,1770895847.463317,19584,23,1
1,NewOrder,1770895847.464191,16971,4,1
2,Payment,1770895847.464756,10255,1,1
2,Payment,1770895847.464999,14032,0,1
2,Payment,1770895847.465061,28621,21,1
2,Payment,1770895847.465579,31093,18,1
4,Delivery,1770895847.465608,26142,20,1
2,Payment,1770895847.465646,21178,14,1
1,NewOrder,1770895847.466224,21207,10,1
4,Delivery,1770895847.467644,13005,2,1
1,NewOrder,1770895847.468508,26961,9,1
5,StockLevel,1770895847.470228,11743,19,1
1,NewOrder,1770895847.471393,25699,17,1
3,OrderStatus,1770895847.471795,8606,6,1
4,Delivery,1770895847.473007,15431,12,1
2,Payment,1770895847.473439,11890,5,1
1,NewOrder,1770895847.473455,35342,8,1
2,Payment,1770895847.473803,28993,22,1
2,Payment,1770895847.474493,19297,11,1
2,Payment,1770895847.475020,21319,1,1
1,NewOrder,1770895847.475250,34083,16,1
1,NewOrder,1770895847.477121,37923,3,1
2,Payment,1770895847.477545,14223,13,1
2,Payment,1770895847.479041,23698,0,1
2,Payment,1770895847.480411,19316,6,1
1,NewOrder,1770895847.480655,6799,2,1
5,StockLevel,1770895847.481187,4459,4,1
1,NewOrder,1770895847.481977,9388,19,1
2,Payment,1770895847.482910,22865,23,1
1,NewOrder,1770895847.483341,9019,7,1
1,NewOrder,1770895847.483845,20961,15,1
2,Payment,1770895847.485338,25860,5,1
2,Payment,1770895847.485655,34143,4,1
1,NewOrder,1770895847.486835,32259,14,1
1,NewOrder,1770895847.487441,46678,10,1
1,NewOrder,1770895847.487459,35090,2,1
1,NewOrder,1770895847.488448,40754,12,1
2,Payment,1770895847.491389,18105,19,1
1,NewOrder,1770895847.491756,10245,20,1
3,OrderStatus,1770895847.491774,1535,13,1
2,Payment,1770895847.492384,16942,7,1
1,NewOrder,1770895847.493330,10074,13,1
3,OrderStatus,1770895847.493686,2566,21,1
2,Payment,1770895847.493795,26871,11,1
3,OrderStatus,1770895847.495480,4145,9,1
1,NewOrder,1770895847.496258,23126,21,1
2,Payment,1770895847.496347,22167,1,1
2,Payment,1770895847.496679,15895,18,1
1,NewOrder,1770895847.497117,10036,17,1
1,NewOrder,1770895847.499635,16537,9,1
3,OrderStatus,1770895847.499737,5817,6,1
2,Payment,1770895847.502025,14050,20,1
1,NewOrder,1770895847.502763,36482,0,1
2,Payment,1770895847.502821,23894,22,1
2,Payment,1770895847.503413,1996,13,1
1,NewOrder,1770895847.504830,21457,15,1
2,Payment,1770895847.505416,2259,13,1
2,Payment,1770895847.505565,22831,6,1
1,NewOrder,1770895847.505783,8774,23,1
2,Payment,1770895847.507163,2596,17,1
2,Payment,1770895847.507680,4197,13,1
2,Payment,1770895847.508807,26355,8,1
2,Payment,1770895847.509336,33956,7,1
1,NewOrder,1770895847.509343,42120,16,1
2,Payment,1770895847.509504,20914,19,1
2,Payment,1770895847.509763,5681,17,1
1,NewOrder,1770895847.511215,11491,5,1
1,NewOrder,1770895847.511901,7085,13,1
1,NewOrder,1770895847.512599,6363,18,1
3,OrderStatus,1770895847.514568,2106,23,1
2,Payment,1770895847.515055,12032,3,1
2,Payment,1770895847.515452,4622,17,1
1,NewOrder,1770895847.516098,44803,20,1
1,NewOrder,1770895847.516199,37537,9,1
2,Payment,1770895847.516680,16128,23,1
3,OrderStatus,1770895847.518520,9267,1,1
1,NewOrder,1770895847.518968,34815,18,1
1,NewOrder,1770895847.518991,26464,13,1
1,NewOrder,1770895847.519098,34672,14,1
2,Payment,1770895847.519387,17674,21,1
1,NewOrder,1770895847.519801,29868,4,1
1,NewOrder,1770895847.520079,6574,17,1
2,Payment,1770895847.520675,26743,11,1
1,NewOrder,1770895847.522559,8189,2,1
1,NewOrder,1770895847.522710,4398,5,1
1,NewOrder,1770895847.526311,22122,15,1
1,NewOrder,1770895847.526662,19188,17,1
2,Payment,1770895847.526724,15039,22,1
3,OrderStatus,1770895847.527098,3973,3,1
1,NewOrder,1770895847.527113,23985,5,1
1,NewOrder,1770895847.527794,39287,1,1
1,NewOrder,1770895847.528420,22192,6,1
1,NewOrder,1770895847.529227,36248,12,1
4,Delivery,1770895847.530423,12381,19,1
1,NewOrder,1770895847.530758,27741,2,1
2,Payment,1770895847.531077,4563,3,1
1,NewOrder,1770895847.532832,11612,23,1
2,Payment,1770895847.534129,22014,10,1
2,Payment,1770895847.535172,27395,8,1
1,NewOrder,1770895847.535655,16464,3,1
1,NewOrder,1770895847.537070,33581,21,1
2,Payment,1770895847.539257,7509,0,1
2,Payment,1770895847.541769,5768,22,1
2,Payment,1770895847.542813,13279,19,1
2,Payment,1770895847.543302,26430,7,1
4,Delivery,1770895847.544452,41673,23,1
1,NewOrder,1770895847.545465,19986,13,1
1,NewOrder,1770895847.545874,33484,17,1
2,Payment,1770895847.546776,6429,0,1
1,NewOrder,1770895847.547433,15833,11,1
4,Delivery,1770895847.547561,38824,22,1
2,Payment,1770895847.548443,6989,15,1
1,NewOrder,1770895847.549677,15422,4,1
1,NewOrder,1770895847.550623,26061,6,1
1,NewOrder,1770895847.551107,34265,5,1
1,NewOrder,1770895847.551468,36111,16,1
1,NewOrder,1770895847.552143,33169,3,1
4,Delivery,1770895847.553212,13954,0,1
2,Payment,1770895847.553761,22524,9,1
1,NewOrder,1770895847.553797,18013,14,1
1,NewOrder,1770895847.553797,16389,18,1
2,Payment,1770895847.555445,6151,15,1
1,NewOrder,1770895847.556105,40634,19,1
1,NewOrder,1770895847.556167,34653,10,1
2,Payment,1770895847.558503,8076,2,1
1,NewOrder,1770895847.560918,15737,20,1
2,Payment,1770895847.561606,5435,15,1
1,NewOrder,1770895847.562583,26032,8,1
5,StockLevel,1770895847.563272,17647,11,1
2,Payment,1770895847.565108,11145,4,1
1,NewOrder,1770895847.565462,18670,13,1
2,Payment,1770895847.565485,12572,12,1
1,NewOrder,1770895847.566588,43662,2,1
2,Payment,1770895847.567055,18308,15,1
4,Delivery,1770895847.567105,25906,1,1
1,NewOrder,1770895847.567190,27216,0,1
2,Payment,1770895847.569736,15119,7,1
3,OrderStatus,1770895847.570195,5759,18,1
2,Payment,1770895847.570675,11800,21,1
1,NewOrder,1770895847.571816,27341,14,1
1,NewOrder,1770895847.575964,16280,18,1
1,NewOrder,1770895847.576257,20886,4,1
2,Payment,1770895847.576296,12964,9,1
2,Payment,1770895847.576662,10042,20,1
1,NewOrder,1770895847.576691,16777,6,1
1,NewOrder,1770895847.578061,40205,12,1
1,NewOrder,1770895847.579368,18992,17,1
2,Payment,1770895847.580928,12610,11,1
2,Payment,1770895847.582480,12854,21,1
2,Payment,1770895847.584141,7254,13,1
1,NewOrder,1770895847.584864,12245,7,1
2,Payment,1770895847.585322,9985,3,1
2,Payment,1770895847.585369,14964,15,1
2,Payment,1770895847.585377,15309,5,1
2,Payment,1770895847.586134,19898,23,1
2,Payment,1770895847.586390,14821,22,1
2,Payment,1770895847.586709,17342,20,1
3,OrderStatus,1770895847.587589,11864,16,1
2,Payment,1770895847.588620,13898,8,1
1,NewOrder,1770895847.589276,15813,9,1
2,Payment,1770895847.590834,19860,10,1
1,NewOrder,1770895847.591404,31950,13,1
2,Payment,1770895847.592280,15530,18,1
1,NewOrder,1770895847.593027,13445,1,1
3,OrderStatus,1770895847.593480,6806,6,1
2,Payment,1770895847.593542,24415,11,1
1,NewOrder,1770895847.594416,4368,0,1
1,NewOrder,1770895847.595331,31069,3,1
2,Payment,1770895847.595347,16851,21,1
1,NewOrder,1770895847.596756,7921,19,1
1,NewOrder,1770895847.597123,21170,7,1
1,NewOrder,1770895847.597155,26877,4,1
2,Payment,1770895847.598365,9495,17,1
3,OrderStatus,1770895847.598788,893,0,1
2,Payment,1770895847.599167,16251,14,1
2,Payment,1770895847.599477,11566,16,1
2,Payment,1770895847.599693,7777,0,1
1,NewOrder,1770895847.600308,29232,6,1
2,Payment,1770895847.600357,22087,15,1
1,NewOrder,1770895847.600692,21276,5,1
1,NewOrder,1770895847.601221,34664,22,1
2,Payment,1770895847.602540,22381,8,1
1,NewOrder,1770895847.604075,26854,20,1
2,Payment,1770895847.604683,15701,19,1
2,Payment,1770895847.605107,27051,9,1
2,Payment,1770895847.606039,24507,23,1
1,NewOrder,1770895847.606475,17660,1,1
2,Payment,1770895847.607480,7494,0,1
1,NewOrder,1770895847.607815,33089,18,1
2,Payment,1770895847.607869,28157,17,1
1,NewOrder,1770895847.610258,18447,2,1
1,NewOrder,1770895847.610721,18382,10,1
1,NewOrder,1770895847.611059,29361,16,1
2,Payment,1770895847.612203,24446,21,1
2,Payment,1770895847.614999,5972,0,1
1,NewOrder,1770895847.615424,25505,14,1
1,NewOrder,1770895847.617982,20422,11,1
2,Payment,1770895847.618291,26357,12,1
1,NewOrder,1770895847.618316,19228,7,1
5,StockLevel,1770895847.620393,19737,19,1
3,OrderStatus,1770895847.620981,8726,0,1
2,Payment,1770895847.621976,4950,5,1
2,Payment,1770895847.622450,31208,15,1
5,StockLevel,1770895847.623379,9974,13,1
1,NewOrder,1770895847.624038,19136,4,1
1,NewOrder,1770895847.624140,32024,1,1
1,NewOrder,1770895847.624946,21451,8,1
1,NewOrder,1770895847.626409,26878,3,1
1,NewOrder,1770895847.626937,20519,5,1
2,Payment,1770895847.628715,3806,2,1
2,Payment,1770895847.629109,6401,10,1
2,Payment,1770895847.629548,11402,6,1
1,NewOrder,1770895847.629713,27462,0,1
2,Payment,1770895847.630570,11649,23,1
1,NewOrder,1770895847.630953,22667,20,1
2,Payment,1770895847.632167,17207,9,1
4,Delivery,1770895847.632530,23260,2,1
1,NewOrder,1770895847.633376,24727,13,1
1,NewOrder,1770895847.635531,17763,10,1
3,OrderStatus,1770895847.635891,11801,22,1
1,NewOrder,1770895847.636037,40651,17,1
1,NewOrder,1770895847.636673,17564,21,1
1,NewOrder,1770895847.637557,20567,7,1
2,Payment,1770895847.638429,20211,11,1
2,Payment,1770895847.640154,6735,19,1
2,Payment,1770895847.640445,23917,16,1
3,OrderStatus,1770895847.640915,5250,18,1
2,Payment,1770895847.640949,28362,14,1
1,NewOrder,1770895847.640967,21945,6,1
1,NewOrder,1770895847.642229,24927,23,1
2,Payment,1770895847.643211,8061,4,1
2,Payment,1770895847.644659,30657,12,1
2,Payment,1770895847.646174,7146,18,1
2,Payment,1770895847.646405,20087,8,1
1,NewOrder,1770895847.646894,12591,19,1
1,NewOrder,1770895847.647466,20382,5,1
1,NewOrder,1770895847.647703,37697,22,1
1,NewOrder,1770895847.649402,36357,9,1
1,NewOrder,1770895847.651282,15861,4,1
2,Payment,1770895847.653297,5799,3,1
2,Payment,1770895847.653305,20107,10,1
1,NewOrder,1770895847.653327,32106,18,1
2,Payment,1770895847.653644,3199,20,1
2,Payment,1770895847.653670,28110,15,1
2,Payment,1770895847.654263,4742,21,1
2,Payment,1770895847.655801,9585,2,1
2,Payment,1770895847.656169,16393,1,1
2,Payment,1770895847.656857,4380,20,1
1,NewOrder,1770895847.657200,9980,0,1
2,Payment,1770895847.658113,31624,13,1
1,NewOrder,1770895847.658128,26932,7,1
2,Payment,1770895847.658647,22247,11,1
1,NewOrder,1770895847.659031,18216,21,1
1,NewOrder,1770895847.659120,20368,3,1
2,Payment,1770895847.659494,4499,19,1
1,NewOrder,1770895847.661243,10023,20,1
2,Payment,1770895847.662919,25124,6,1
1,NewOrder,1770895847.663997,12326,19,1
2,Payment,1770895847.664371,33912,16,1
1,NewOrder,1770895847.665397,25179,2,1
1,NewOrder,1770895847.666496,22122,8,1
1,NewOrder,1770895847.667157,24044,4,1
2,Payment,1770895847.667165,4674,23,1
3,OrderStatus,1770895847.667194,3192,0,1
3,OrderStatus,1770895847.667853,8700,5,1
1,NewOrder,1770895847.669325,33804,14,1
1,NewOrder,1770895847.670408,15320,0,1
1,NewOrder,1770895847.671291,20178,20,1
2,Payment,1770895847.671863,3822,23,1
2,Payment,1770895847.672567,7212,1,1
2,Payment,1770895847.673419,21233,10,1
2,Payment,1770895847.675325,32556,12,1
1,NewOrder,1770895847.675692,22930,23,1
1,NewOrder,1770895847.676337,21380,19,1
2,Payment,1770895847.676564,10994,5,1
2,Payment,1770895847.676697,43071,17,1
1,NewOrder,1770895847.677255,18249,21,1
1,NewOrder,1770895847.679512,38860,3,1
4,Delivery,1770895847.679783,18424,1,1
3,OrderStatus,1770895847.680918,6679,11,1
2,Payment,1770895847.681790,47888,15,1
1,NewOrder,1770895847.685084,15316,7,1
2,Payment,1770895847.685411,10112,22,1
2,Payment,1770895847.685443,3872,18,1
1,NewOrder,1770895847.685733,57229,0,1
1,NewOrder,1770895847.685768,24930,9,1
5,StockLevel,1770895847.687562,17495,5,1
3,OrderStatus,1770895847.687606,5750,11,1
2,Payment,1770895847.688050,11703,6,1
2,Payment,1770895847.688628,21572,8,1
1,NewOrder,1770895847.689324,20491,18,1
1,NewOrder,1770895847.689747,23074,13,1
1,NewOrder,1770895847.690586,18035,2,1
2,Payment,1770895847.691211,5715,4,1
1,NewOrder,1770895847.691486,61390,20,1
1,NewOrder,1770895847.693380,28082,11,1
2,Payment,1770895847.694657,8979,10,1
2,Payment,1770895847.695513,5296,21,1
1,NewOrder,1770895847.695534,40751,22,1
1,NewOrder,1770895847.696936,39717,4,1
1,NewOrder,1770895847.697744,18929,19,1
2,Payment,1770895847.698230,4339,1,1
1,NewOrder,1770895847.698297,36069,16,1
2,Payment,1770895847.698632,13912,23,1
1,NewOrder,1770895847.699768,15756,6,1
4,Delivery,1770895847.700411,20152,7,1
2,Payment,1770895847.700816,23819,21,1
2,Payment,1770895847.702584,3998,1,1
1,NewOrder,1770895847.703153,12781,14,1
1,NewOrder,1770895847.703641,11274,10,1
4,Delivery,1770895847.705062,26234,5,1
2,Payment,1770895847.706592,4524,1,1
2,Payment,1770895847.707891,30883,12,1
2,Payment,1770895847.708647,9033,2,1
1,NewOrder,1770895847.709820,20724,18,1
2,Payment,1770895847.710202,6783,8,1
2,Payment,1770895847.710711,10433,9,1
4,Delivery,1770895847.711140,20684,1,1
4,Delivery,1770895847.712568,70133,23,1
1,NewOrder,1770895847.712845,28013,13,1
1,NewOrder,1770895847.714925,7763,10,1
2,Payment,1770895847.715529,9520,6,1
2,Payment,1770895847.715947,26008,14,1
1,NewOrder,1770895847.716683,11607,19,1
1,NewOrder,1770895847.716997,16984,8,1
1,NewOrder,1770895847.717691,16565,2,1
1,NewOrder,1770895847.718406,34173,3,1
1,NewOrder,1770895847.719783,43781,17,1
2,Payment,1770895847.720570,10905,7,1
2,Payment,1770895847.721158,20390,9,1
4,Delivery,1770895847.721467,25589,11,1
1,NewOrder,1770895847.722702,10076,10,1
1,NewOrder,1770895847.724663,29518,21,1
1,NewOrder,1770895847.725064,29798,6,1
2,Payment,1770895847.728314,3017,19,1
1,NewOrder,1770895847.729683,24631,15,1
2,Payment,1770895847.730550,16933,18,1
2,Payment,1770895847.731309,10681,5,1
2,Payment,1770895847.731345,10684,19,1
2,Payment,1770895847.731499,15883,7,1
1,NewOrder,1770895847.731845,42745,1,1
2,Payment,1770895847.732787,21885,10,1
1,NewOrder,1770895847.734004,5138,8,1
1,NewOrder,1770895847.734279,16376,2,1
1,NewOrder,1770895847.734376,4740,16,1
2,Payment,1770895847.736295,17322,22,1
2,Payment,1770895847.736678,10832,4,1
1,NewOrder,1770895847.738794,19903,12,1
1,NewOrder,1770895847.739127,19907,16,1
1,NewOrder,1770895847.739155,12660,8,1
2,Payment,1770895847.740868,6604,13,1
1,NewOrder,1770895847.741558,33682,9,1
3,OrderStatus,1770895847.741971,7446,14,1
1,NewOrder,1770895847.742006,16155,5,1
2,Payment,1770895847.742040,14741,19,1
2,Payment,1770895847.742968,11182,0,1
2,Payment,1770895847.747080,14558,11,1
1,NewOrder,1770895847.747406,36505,7,1
3,OrderStatus,1770895847.747477,16786,13,1
1,NewOrder,1770895847.747492,35780,18,1
2,Payment,1770895847.747520,17321,4,1
2,Payment,1770895847.749426,6694,14,1
1,NewOrder,1770895847.750665,36160,2,1
2,Payment,1770895847.751838,15236,8,1
2,Payment,1770895847.752584,17841,3,1
1,NewOrder,1770895847.752890,19352,20,1
1,NewOrder,1770895847.753623,36119,22,1
2,Payment,1770895847.754153,21876,0,1
1,NewOrder,1770895847.754191,30033,21,1
2,Payment,1770895847.754321,7817,15,1
2,Payment,1770895847.754680,25600,10,1
2,Payment,1770895847.754887,18642,6,1
2,Payment,1770895847.756145,9138,14,1
2,Payment,1770895847.756792,2220,19,1
1,NewOrder,1770895847.758174,8020,5,1
2,Payment,1770895847.758703,10533,12,1
2,Payment,1770895847.759019,1809,19,1
1,NewOrder,1770895847.759038,14455,16,1
1,NewOrder,1770895847.760833,14769,19,1
1,NewOrder,1770895847.761648,14543,11,1
2,Payment,1770895847.762161,11304,15,1
1,NewOrder,1770895847.763587,21558,17,1
2,Payment,1770895847.764274,14729,13,1
2,Payment,1770895847.764865,16493,4,1
2,Payment,1770895847.765293,16947,14,1
2,Payment,1770895847.766205,20263,5,1
2,Payment,1770895847.767084,22218,8,1
4,Delivery,1770895847.769260,7255,12,1
2,Payment,1770895847.770435,22827,3,1
1,NewOrder,1770895847.772252,18660,20,1
1,NewOrder,1770895847.773475,23344,15,1
1,NewOrder,1770895847.773502,15044,16,1
2,Payment,1770895847.773535,22239,6,1
1,NewOrder,1770895847.774600,22244,1,1
1,NewOrder,1770895847.775245,14471,9,1
1,NewOrder,1770895847.775607,14624,19,1
2,Payment,1770895847.776037,22763,0,1
1,NewOrder,1770895847.776200,32559,11,1
1,NewOrder,1770895847.776519,21465,12,1
2,Payment,1770895847.779013,14618,13,1
2,Payment,1770895847.780287,19427,10,1
1,NewOrder,1770895847.781363,21959,4,1
1,NewOrder,1770895847.782250,13548,14,1
1,NewOrder,1770895847.782711,37621,23,1
1,NewOrder,1770895847.783282,13242,18,1
2,Payment,1770895847.783921,21422,7,1
1,NewOrder,1770895847.784236,11159,21,1
2,Payment,1770895847.785150,14023,17,1
2,Payment,1770895847.786476,16138,5,1
1,NewOrder,1770895847.786829,34153,2,1
2,Payment,1770895847.788551,15591,16,1
1,NewOrder,1770895847.789306,21170,8,1
2,Payment,1770895847.789721,19083,9,1
2,Payment,1770895847.789750,7129,22,1
2,Payment,1770895847.790234,11452,19,1
1,NewOrder,1770895847.790920,14407,20,1
1,NewOrder,1770895847.793283,24293,3,1
1,NewOrder,1770895847.793639,24423,13,1
2,Payment,1770895847.795401,9374,21,1
2,Payment,1770895847.795779,17382,6,1
1,NewOrder,1770895847.795803,12148,14,1
2,Payment,1770895847.796530,15005,18,1
5,StockLevel,1770895847.796826,11009,15,1
2,Payment,1770895847.796851,15871,1,1
2,Payment,1770895847.796883,11591,22,1
1,NewOrder,1770895847.797988,10832,12,1
1,NewOrder,1770895847.798810,19557,0,1
1,NewOrder,1770895847.799177,24615,17,1
2,Payment,1770895847.799719,17425,10,1
2,Payment,1770895847.801691,14965,19,1
1,NewOrder,1770895847.802622,18746,5,1
2,Payment,1770895847.803327,14188,4,1
1,NewOrder,1770895847.804147,19422,16,1
2,Payment,1770895847.804787,19389,21,1
2,Payment,1770895847.805337,22531,20,1
1,NewOrder,1770895847.805355,28942,7,1
1,NewOrder,1770895847.807840,47102,15,1
1,NewOrder,1770895847.807955,23970,14,1
1,NewOrder,1770895847.808484,30518,22,1
2,Payment,1770895847.808765,19539,11,1
2,Payment,1770895847.808812,14174,9,1
1,NewOrder,1770895847.808825,18192,12,1
2,Payment,1770895847.810480,22002,8,1
2,Payment,1770895847.811545,20867,18,1
1,NewOrder,1770895847.812727,11040,1,1
2,Payment,1770895847.813168,24617,6,1
1,NewOrder,1770895847.816661,27374,19,1
1,NewOrder,1770895847.817149,14155,10,1
5,StockLevel,1770895847.817520,22793,4,1
2,Payment,1770895847.817582,11421,3,1
1,NewOrder,1770895847.818065,39336,13,1
1,NewOrder,1770895847.818372,30421,0,1
2,Payment,1770895847.820337,15838,23,1
2,Payment,1770895847.820992,11457,2,1
2,Payment,1770895847.821372,14694,5,1
1,NewOrder,1770895847.822995,19799,9,1
1,NewOrder,1770895847.823578,33853,16,1
2,Payment,1770895847.823772,16341,1,1
1,NewOrder,1770895847.823797,6812,17,1
1,NewOrder,1770895847.824188,11557,21,1
1,NewOrder,1770895847.827026,21201,12,1
2,Payment,1770895847.827876,15750,20,1
2,Payment,1770895847.828313,16776,11,1
1,NewOrder,1770895847.829014,32092,3,1
2,Payment,1770895847.830613,4327,17,1
1,NewOrder,1770895847.831310,25651,10,1
1,NewOrder,1770895847.831935,22050,14,1
2,Payment,1770895847.832415,19061,18,1
2,Payment,1770895847.832458,11617,2,1
1,NewOrder,1770895847.832487,22479,8,1
1,NewOrder,1770895847.834301,23952,7,1
2,Payment,1770895847.834945,4782,17,1
2,Payment,1770895847.835755,31750,21,1
1,NewOrder,1770895847.836073,15748,5,1
2,Payment,1770895847.836178,19908,23,1
1,NewOrder,1770895847.837790,34407,6,1
1,NewOrder,1770895847.839010,19862,22,1
2,Payment,1770895847.839732,4364,17,1
1,NewOrder,1770895847.840123,11720,1,1
1,NewOrder,1770895847.840317,20815,4,1
4,Delivery,1770895847.842804,26434,9,1
2,Payment,1770895847.843635,30448,20,1
1,NewOrder,1770895847.844040,21862,19,1
1,NewOrder,1770895847.844079,23898,2,1
1,NewOrder,1770895847.844101,23846,17,1
3,OrderStatus,1770895847.845094,9130,11,1
1,NewOrder,1770895847.848233,15154,12,1
1,NewOrder,1770895847.848796,12306,0,1
2,Payment,1770895847.851480,28361,18,1
5,StockLevel,1770895847.851830,15502,5,1
1,NewOrder,1770895847.851847,20415,1,1
1,NewOrder,1770895847.853994,37536,14,1
2,Payment,1770895847.854235,10745,11,1
1,NewOrder,1770895847.854946,29156,15,1
1,NewOrder,1770895847.854972,28510,8,1
5,StockLevel,1770895847.856096,22645,23,1
2,Payment,1770895847.856967,15800,10,1
1,NewOrder,1770895847.857409,27985,13,1
2,Payment,1770895847.857440,8773,16,1
2,Payment,1770895847.858257,21895,7,1
1,NewOrder,1770895847.858884,7352,22,1
1,NewOrder,1770895847.861107,5152,0,1
1,NewOrder,1770895847.861113,20027,3,1
2,Payment,1770895847.861139,10583,4,1
2,Payment,1770895847.863394,4526,12,1
1,NewOrder,1770895847.864989,30085,11,1
2,Payment,1770895847.865908,20342,19,1
2,Payment,1770895847.866223,5984,16,1
1,NewOrder,1770895847.866241,5976,22,1
2,Payment,1770895847.866263,9315,0,1
5,StockLevel,1770895847.867338,15608,5,1
1,NewOrder,1770895847.867517,23440,21,1
1,NewOrder,1770895847.867924,14107,12,1
1,NewOrder,1770895847.867951,12699,17,1
5,StockLevel,1770895847.867985,12307,2,1
2,Payment,1770895847.869247,20016,9,1
1,NewOrder,1770895847.871726,16900,4,1
2,Payment,1770895847.872203,24790,6,1
1,NewOrder,1770895847.872217,22831,16,1
2,Payment,1770895847.872222,21613,22,1
4,Delivery,1770895847.872266,18199,1,1
5,StockLevel,1770895847.872774,22202,10,1
2,Payment,1770895847.874087,24591,20,1
1,NewOrder,1770895847.875583,11908,0,1
1,NewOrder,1770895847.878747,17472,23,1
2,Payment,1770895847.879847,23475,18,1
2,Payment,1770895847.880157,25424,7,1
1,NewOrder,1770895847.880300,14681,2,1
2,Payment,1770895847.880659,5143,17,1
4,Delivery,1770895847.881150,10277,3,1
1,NewOrder,1770895847.882036,15356,12,1
4,Delivery,1770895847.882951,8420,5,1
2,Payment,1770895847.883487,29653,8,1
1,NewOrder,1770895847.884106,17502,15,1
1,NewOrder,1770895847.885398,25114,13,1
1,NewOrder,1770895847.885811,11967,17,1
1,NewOrder,1770895847.886257,16928,19,1
2,Payment,1770895847.887496,3518,0,1
1,NewOrder,1770895847.888630,20443,4,1
1,NewOrder,1770895847.889282,24829,9,1
2,Payment,1770895847.890470,13355,1,1
2,Payment,1770895847.890967,19180,21,1
2,Payment,1770895847.891017,3560,0,1
2,Payment,1770895847.891377,19539,5,1
2,Payment,1770895847.891432,17678,3,1
5,StockLevel,1770895847.891534,8759,14,1
1,NewOrder,1770895847.893843,22393,22,1
2,Payment,1770895847.894582,19889,0,1
1,NewOrder,1770895847.894982,7450,10,1
1,NewOrder,1770895847.894988,17455,2,1
2,Payment,1770895847.895060,8953,16,1
2,Payment,1770895847.895084,22028,11,1
2,Payment,1770895847.896224,18293,23,1
2,Payment,1770895847.896998,44372,6,1
1,NewOrder,1770895847.897397,22282,12,1
2,Payment,1770895847.897783,12830,17,1
2,Payment,1770895847.898682,21413,20,1
3,OrderStatus,1770895847.900302,1986,14,1
1,NewOrder,1770895847.901613,7153,15,1
1,NewOrder,1770895847.902296,6839,14,1
1,NewOrder,1770895847.902436,3983,10,1
3,OrderStatus,1770895847.903192,4964,19,1
2,Payment,1770895847.903332,21521,18,1
1,NewOrder,1770895847.903829,27685,1,1
2,Payment,1770895847.904023,10411,16,1
2,Payment,1770895847.905591,28592,7,1
2,Payment,1770895847.906425,22381,10,1
2,Payment,1770895847.908163,22714,19,1
2,Payment,1770895847.908771,12281,15,1
2,Payment,1770895847.909083,18406,4,1
2,Payment,1770895847.909119,11830,3,1
1,NewOrder,1770895847.909139,21119,14,1
1,NewOrder,1770895847.910151,17729,21,1
2,Payment,1770895847.910517,17017,13,1
1,NewOrder,1770895847.910627,33614,17,1
1,NewOrder,1770895847.910926,29869,5,1
1,NewOrder,1770895847.912451,18353,2,1
1,NewOrder,1770895847.913147,14758,8,1
3,OrderStatus,1770895847.914116,3929,9,1
1,NewOrder,1770895847.914440,34653,16,1
1,NewOrder,1770895847.914474,20165,0,1
2,Payment,1770895847.914521,21093,23,1
1,NewOrder,1770895847.916246,10549,22,1
1,NewOrder,1770895847.917117,10241,11,1
2,Payment,1770895847.918051,28713,9,1
2,Payment,1770895847.919683,13550,12,1
2,Payment,1770895847.920101,22217,20,1
2,Payment,1770895847.920954,11948,3,1
2,Payment,1770895847.921057,15150,15,1
2,Payment,1770895847.924863,20472,18,1
1,NewOrder,1770895847.926800,4345,22,1
3,OrderStatus,1770895847.927379,2539,11,1
2,Payment,1770895847.927499,11697,4,1
2,Payment,1770895847.927544,12035,13,1
1,NewOrder,1770895847.927889,5304,21,1
2,Payment,1770895847.927911,23885,8,1
2,Payment,1770895847.928808,28832,10,1
2,Payment,1770895847.929925,33488,11,1
5,StockLevel,1770895847.930265,18549,14,1
2,Payment,1770895847.930811,11110,2,1
1,NewOrder,1770895847.930887,32558,19,1
2,Payment,1770895847.931149,17284,22,1
1,NewOrder,1770895847.931525,8020,1,1
1,NewOrder,1770895847.932905,29163,3,1
1,NewOrder,1770895847.933199,3997,21,1
1,NewOrder,1770895847.933239,13114,12,1
1,NewOrder,1770895847.934188,26112,7,1
1,NewOrder,1770895847.934643,27923,0,1
1,NewOrder,1770895847.935618,22891,23,1
1,NewOrder,1770895847.936212,37301,15,1
5,StockLevel,1770895847.937202,5753,21,1
1,NewOrder,1770895847.939208,26193,4,1
2,Payment,1770895847.939552,6478,1,1
2,Payment,1770895847.939585,3850,13,1
2,Payment,1770895847.940801,14669,5,1
1,NewOrder,1770895847.941377,15487,6,1
2,Payment,1770895847.941932,18740,2,1
2,Payment,1770895847.942325,10378,20,1
1,NewOrder,1770895847.942962,18633,21,1
1,NewOrder,1770895847.943445,28043,13,1
1,NewOrder,1770895847.944245,21473,17,1
2,Payment,1770895847.945342,12369,18,1
1,NewOrder,1770895847.946036,28729,1,1
3,OrderStatus,1770895847.946362,7600,12,1
2,Payment,1770895847.946770,28357,9,1
1,NewOrder,1770895847.948440,28060,22,1
2,Payment,1770895847.948824,5921,14,1
2,Payment,1770895847.949098,10005,16,1
1,NewOrder,1770895847.951800,48816,8,1
2,Payment,1770895847.952707,11877,20,1
1,NewOrder,1770895847.953970,51866,12,1
2,Payment,1770895847.954750,7809,14,1
2,Payment,1770895847.955475,16542,5,1
1,NewOrder,1770895847.956869,10525,6,1
1,NewOrder,1770895847.957645,30684,10,1
3,OrderStatus,1770895847.957717,6539,18,1
2,Payment,1770895847.958513,16192,23,1
2,Payment,1770895847.959113,5863,16,1
2,Payment,1770895847.960310,23063,7,1
1,NewOrder,1770895847.960680,47269,2,1
1,NewOrder,1770895847.961600,36521,21,1
1,NewOrder,1770895847.962078,40096,3,1
2,Payment,1770895847.962563,12175,14,1
2,Payment,1770895847.962571,17823,0,1
1,NewOrder,1770895847.963416,37657,11,1
1,NewOrder,1770895847.963451,36847,19,1
1,NewOrder,1770895847.964266,35102,18,1
1,NewOrder,1770895847.964590,51604,20,1
1,NewOrder,1770895847.964986,12238,16,1
1,NewOrder,1770895847.965411,4622,4,1
2,Payment,1770895847.965723,11417,17,1
1,NewOrder,1770895847.967397,4627,6,1
5,StockLevel,1770895847.970039,3175,4,1
5,StockLevel,1770895847.971498,26063,13,1
2,Payment,1770895847.972027,17662,5,1
1,NewOrder,1770895847.972034,6556,6,1
1,NewOrder,1770895847.973221,7953,4,1
2,Payment,1770895847.973518,7562,15,1
2,Payment,1770895847.974712,10926,23,1
2,Payment,1770895847.974743,10516,14,1
1,NewOrder,1770895847.974771,26665,1,1
2,Payment,1770895847.975131,17300,9,1
2,Payment,1770895847.976506,12264,22,1
1,NewOrder,1770895847.977148,6634,17,1
5,StockLevel,1770895847.977234,5941,16,1
2,Payment,1770895847.978595,24699,6,1
1,NewOrder,1770895847.980400,37599,0,1
2,Payment,1770895847.981086,8337,15,1
1,NewOrder,1770895847.981184,5164,4,1
1,NewOrder,1770895847.983188,10141,16,1
5,StockLevel,1770895847.983378,23180,7,1
2,Payment,1770895847.983789,18018,17,1
1,NewOrder,1770895847.985273,9103,14,1
1,NewOrder,1770895847.985644,8336,23,1
2,Payment,1770895847.986366,15783,4,1
1,NewOrder,1770895847.988334,33113,10,1
2,Payment,1770895847.988778,12712,22,1
1,NewOrder,1770895847.989427,33642,15,1
1,NewOrder,1770895847.989695,31671,5,1
2,Payment,1770895847.992437,16466,9,1
3,OrderStatus,1770895847.993335,2166,16,1
1,NewOrder,1770895847.993986,5951,23,1
4,Delivery,1770895847.994386,6283,14,1
2,Payment,1770895847.995505,10736,16,1
2,Payment,1770895847.997566,20036,13,1
1,NewOrder,1770895847.998132,19289,21,1
1,NewOrder,1770895847.999378,17721,18,1
1,NewOrder,1770895847.999947,13294,23,1
1,NewOrder,1770895848.000305,31458,19,1
1,NewOrder,1770895848.000624,21437,8,1
2,Payment,1770895848.000674,30191,14,1
2,Payment,1770895848.001078,19526,11,1
2,Payment,1770895848.001439,20689,1,1
1,NewOrder,1770895848.001496,15904,22,1
1,NewOrder,1770895848.001811,15633,17,1
2,Payment,1770895848.002152,7146,4,1
1,NewOrder,1770895848.002180,15262,3,1
2,Payment,1770895848.003303,26238,6,1
1,NewOrder,1770895848.005840,47808,12,1
1,NewOrder,1770895848.006248,45990,16,1
1,NewOrder,1770895848.006562,46587,7,1
5,StockLevel,1770895848.007955,21717,2,1
4,Delivery,1770895848.008908,50925,9,1
1,NewOrder,1770895848.009304,34672,4,1
1,NewOrder,1770895848.013246,8177,23,1
1,NewOrder,1770895848.016204,30691,20,1
1,NewOrder,1770895848.017110,43805,18,1
1,NewOrder,1770895848.017412,39684,22,1
2,Payment,1770895848.017432,7915,21,1
1,NewOrder,1770895848.017449,31939,17,1
1,NewOrder,1770895848.017451,5225,3,1
2,Payment,1770895848.017608,23282,13,1
2,Payment,1770895848.018002,6409,0,1
1,NewOrder,1770895848.020609,54103,11,1
1,NewOrder,1770895848.021369,33180,5,1
2,Payment,1770895848.021428,12582,23,1
1,NewOrder,1770895848.021453,39904,10,1
2,Payment,1770895848.022071,11277,8,1
2,Payment,1770895848.022134,10457,1,1
5,StockLevel,1770895848.022682,7366,3,1
4,Delivery,1770895848.023074,30545,15,1
2,Payment,1770895848.024421,12087,0,1
1,NewOrder,1770895848.025352,43636,21,1
3,OrderStatus,1770895848.029550,2100,6,1
2,Payment,1770895848.029682,22067,2,1
3,OrderStatus,1770895848.030055,5010,3,1
1,NewOrder,1770895848.030870,40357,14,1
2,Payment,1770895848.031654,6967,6,1
1,NewOrder,1770895848.031769,25057,19,1
2,Payment,1770895848.032599,7575,1,1
1,NewOrder,1770895848.033357,23708,8,1
2,Payment,1770895848.034018,5337,23,1
1,NewOrder,1770895848.035071,21044,3,1
2,Payment,1770895848.036518,7774,0,1
2,Payment,1770895848.038629,5626,6,1
2,Payment,1770895848.039360,4574,23,1
1,NewOrder,1770895848.040185,21680,1,1
1,NewOrder,1770895848.040898,28114,13,1
5,StockLevel,1770895848.043944,12526,23,1
2,Payment,1770895848.043981,18454,4,1
2,Payment,1770895848.044261,5560,6,1
1,NewOrder,1770895848.044298,19015,0,1
3,OrderStatus,1770895848.046903,10127,20,1
2,Payment,1770895848.049397,6098,17,1
2,Payment,1770895848.049826,5600,6,1
2,Payment,1770895848.051757,17199,2,1
1,NewOrder,1770895848.052253,25522,16,1
1,NewOrder,1770895848.053154,28399,7,1
2,Payment,1770895848.053625,16778,15,1
2,Payment,1770895848.053653,8698,12,1
2,Payment,1770895848.054552,23196,5,1
2,Payment,1770895848.055430,12961,6,1
1,NewOrder,1770895848.055501,28575,17,1
1,NewOrder,1770895848.056120,31945,3,1
4,Delivery,1770895848.056479,15082,23,1
2,Payment,1770895848.056837,12207,19,1
2,Payment,1770895848.057036,18076,20,1
1,NewOrder,1770895848.057068,6222,8,1
2,Payment,1770895848.057104,5127,22,1
1,NewOrder,1770895848.059837,24567,9,1
2,Payment,1770895848.060924,22362,18,1
1,NewOrder,1770895848.061362,7552,10,1
2,Payment,1770895848.061870,22577,1,1
1,NewOrder,1770895848.062238,17800,22,1
2,Payment,1770895848.062355,14310,12,1
1,NewOrder,1770895848.062439,27810,4,1
2,Payment,1770895848.063296,8594,8,1
2,Payment,1770895848.063317,28302,0,1
3,OrderStatus,1770895848.068401,5059,6,1
1,NewOrder,1770895848.068918,33882,10,1
2,Payment,1770895848.068963,27650,2,1
5,StockLevel,1770895848.068998,16324,21,1
4,Delivery,1770895848.069018,18082,13,1
1,NewOrder,1770895848.069050,24928,19,1
5,StockLevel,1770895848.070409,13453,15,1
2,Payment,1770895848.071230,12392,14,1
2,Payment,1770895848.071570,14954,23,1
2,Payment,1770895848.071895,3178,8,1
1,NewOrder,1770895848.073466,18689,6,1
1,NewOrder,1770895848.074722,30117,11,1
1,NewOrder,1770895848.075078,15318,8,1
3,OrderStatus,1770895848.075118,7755,20,1
1,NewOrder,1770895848.076675,27154,12,1
2,Payment,1770895848.077753,24275,5,1
2,Payment,1770895848.077780,11082,16,1
3,OrderStatus,1770895848.080045,4705,22,1
1,NewOrder,1770895848.081559,21831,7,1
1,NewOrder,1770895848.082878,23712,20,1
2,Payment,1770895848.083292,7992,18,1
2,Payment,1770895848.083625,9968,14,1
2,Payment,1770895848.083871,14810,15,1
1,NewOrder,1770895848.084081,23889,17,1
2,Payment,1770895848.084414,8179,9,1
2,Payment,1770895848.084451,23956,1,1
2,Payment,1770895848.084761,11381,22,1
4,Delivery,1770895848.085341,24394,21,1
2,Payment,1770895848.086533,14517,23,1
1,NewOrder,1770895848.087115,17134,13,1
2,Payment,1770895848.088071,26335,3,1
2,Payment,1770895848.088865,15885,16,1
2,Payment,1770895848.090259,29959,4,1
4,Delivery,1770895848.090402,25710,8,1
2,Payment,1770895848.091291,13917,18,1
1,NewOrder,1770895848.091625,24430,0,1
1,NewOrder,1770895848.092178,21492,6,1
1,NewOrder,1770895848.092598,32045,9,1
1,NewOrder,1770895848.093598,15537,14,1
2,Payment,1770895848.093985,21679,19,1
1,NewOrder,1770895848.096152,18111,22,1
2,Payment,1770895848.096618,27582,2,1
2,Payment,1770895848.098687,16968,15,1
2,Payment,1770895848.101059,22464,23,1
1,NewOrder,1770895848.102052,14584,5,1
1,NewOrder,1770895848.102805,11553,10,1
1,NewOrder,1770895848.103413,33552,7,1
5,StockLevel,1770895848.103840,27999,12,1
5,StockLevel,1770895848.104254,24254,13,1
4,Delivery,1770895848.104760,36793,16,1
5,StockLevel,1770895848.104847,19147,11,1
2,Payment,1770895848.105234,21650,18,1
4,Delivery,1770895848.106603,3475,20,1
2,Payment,1770895848.108001,13562,17,1
2,Payment,1770895848.108431,21497,1,1
2,Payment,1770895848.109140,18148,14,1
1,NewOrder,1770895848.109746,8874,21,1
1,NewOrder,1770895848.110086,5924,20,1
2,Payment,1770895848.113680,7334,6,1
2,Payment,1770895848.114287,25943,22,1
2,Payment,1770895848.114382,13625,10,1
1,NewOrder,1770895848.114417,23427,3,1
2,Payment,1770895848.115667,17291,15,1
5,StockLevel,1770895848.115689,16505,19,1
2,Payment,1770895848.116022,16546,20,1
1,NewOrder,1770895848.116079,7089,0,1
2,Payment,1770895848.116125,17777,8,1
1,NewOrder,1770895848.116641,5314,5,1
1,NewOrder,1770895848.118626,4032,21,1
1,NewOrder,1770895848.120235,27832,4,1
2,Payment,1770895848.121023,20203,6,1
1,NewOrder,1770895848.121570,15922,17,1
2,Payment,1770895848.121960,14606,5,1
2,Payment,1770895848.122668,22704,21,1
1,NewOrder,1770895848.123178,13904,0,1
2,Payment,1770895848.123528,26022,23,1
2,Payment,1770895848.123998,24416,11,1
4,Delivery,1770895848.124207,27337,2,1
2,Payment,1770895848.124653,25821,9,1
1,NewOrder,1770895848.126908,20230,18,1
1,NewOrder,1770895848.127297,32417,14,1
1,NewOrder,1770895848.128031,13588,10,1
1,NewOrder,1770895848.128514,13121,13,1
2,Payment,1770895848.129937,12570,1,1
2,Payment,1770895848.131853,11666,12,1
1,NewOrder,1770895848.132217,9361,19,1
1,NewOrder,1770895848.132577,19709,20,1
2,Payment,1770895848.132968,17157,15,1
2,Payment,1770895848.133908,19395,8,1
2,Payment,1770895848.136582,17809,5,1
1,NewOrder,1770895848.136975,27766,7,1
2,Payment,1770895848.137092,12065,0,1
1,NewOrder,1770895848.137501,10147,17,1
4,Delivery,1770895848.137854,13952,3,1
1,NewOrder,1770895848.140239,24499,22,1
1,NewOrder,1770895848.141239,26714,6,1
1,NewOrder,1770895848.141563,6215,16,1
2,Payment,1770895848.141584,11134,19,1
1,NewOrder,1770895848.141629,6803,10,1
2,Payment,1770895848.141645,12055,13,1
2,Payment,1770895848.142510,16833,1,1
2,Payment,1770895848.143528,17434,12,1
1,NewOrder,1770895848.145396,20540,21,1
1,NewOrder,1770895848.147147,19281,18,1
2,Payment,1770895848.147673,17784,17,1
2,Payment,1770895848.147802,21149,16,1
1,NewOrder,1770895848.148093,11521,4,1
2,Payment,1770895848.148426,13184,11,1
2,Payment,1770895848.148444,9055,10,1
2,Payment,1770895848.149181,15537,0,1
2,Payment,1770895848.149567,6865,23,1
1,NewOrder,1770895848.150134,23434,15,1
2,Payment,1770895848.150498,16530,9,1
1,NewOrder,1770895848.151554,17062,2,1
2,Payment,1770895848.151815,21802,3,1
2,Payment,1770895848.152305,12057,20,1
1,NewOrder,1770895848.152728,27402,19,1
1,NewOrder,1770895848.153338,26150,8,1
1,NewOrder,1770895848.153709,12747,13,1
1,NewOrder,1770895848.154395,13923,5,1
1,NewOrder,1770895848.156438,18569,23,1
2,Payment,1770895848.157509,15827,10,1
2,Payment,1770895848.159348,18276,1,1
2,Payment,1770895848.159619,24284,4,1
2,Payment,1770895848.159718,17489,14,1
1,NewOrder,1770895848.160971,27186,12,1
2,Payment,1770895848.161621,17426,11,1
1,NewOrder,1770895848.164372,30450,20,1
1,NewOrder,1770895848.164727,19934,0,1
2,Payment,1770895848.164748,20994,7,1
2,Payment,1770895848.164750,12903,22,1
3,OrderStatus,1770895848.165466,7920,17,1
2,Payment,1770895848.165960,23600,21,1
2,Payment,1770895848.166432,15306,18,1
1,NewOrder,1770895848.166462,14790,13,1
1,NewOrder,1770895848.167035,13410,9,1
2,Payment,1770895848.167962,7496,6,1
1,NewOrder,1770895848.168326,4151,5,1
1,NewOrder,1770895848.168627,5012,2,1
2,Payment,1770895848.168975,14076,16,1
2,Payment,1770895848.172480,15279,5,1
4,Delivery,1770895848.173345,25731,10,1
2,Payment,1770895848.173395,18493,17,1
4,Delivery,1770895848.173578,30779,15,1
1,NewOrder,1770895848.173622,20196,3,1
2,Payment,1770895848.173647,19695,2,1
1,NewOrder,1770895848.175031,21562,23,1
2,Payment,1770895848.175467,15060,6,1
1,NewOrder,1770895848.177231,24658,14,1
2,Payment,1770895848.177630,23015,1,1
1,NewOrder,1770895848.177657,29212,22,1
3,OrderStatus,1770895848.179054,7787,11,1
2,Payment,1770895848.179512,19038,8,1
2,Payment,1770895848.180140,16753,19,1
1,NewOrder,1770895848.180448,29543,9,1
1,NewOrder,1770895848.181256,12532,13,1
5,StockLevel,1770895848.181747,13841,18,1
2,Payment,1770895848.183075,16469,16,1
2,Payment,1770895848.183909,21963,4,1
1,NewOrder,1770895848.184686,11615,0,1
1,NewOrder,1770895848.185746,44918,7,1
1,NewOrder,1770895848.186849,21147,11,1
1,NewOrder,1770895848.187763,14994,5,1
2,Payment,1770895848.188160,16812,12,1
3,OrderStatus,1770895848.189570,10797,21,1
2,Payment,1770895848.190536,13317,6,1
2,Payment,1770895848.191897,19880,17,1
1,NewOrder,1770895848.193366,25741,2,1
2,Payment,1770895848.193806,23358,13,1
2,Payment,1770895848.193843,24814,3,1
1,NewOrder,1770895848.194827,24741,20,1
2,Payment,1770895848.195602,3601,18,1
2,Payment,1770895848.196325,13198,0,1
2,Payment,1770895848.196601,5819,23,1
2,Payment,1770895848.196902,11140,19,1
2,Payment,1770895848.198557,10229,8,1
1,NewOrder,1770895848.199093,22565,10,1
1,NewOrder,1770895848.199210,24373,18,1
5,StockLevel,1770895848.199549,17976,16,1
2,Payment,1770895848.200382,16128,21,1
1,NewOrder,1770895848.200651,33508,1,1
1,NewOrder,1770895848.201896,14565,14,1
3,OrderStatus,1770895848.202426,2980,23,1
2,Payment,1770895848.202762,24132,5,1
1,NewOrder,1770895848.203858,12210,6,1
1,NewOrder,1770895848.204361,35148,15,1
1,NewOrder,1770895848.204982,29826,12,1
2,Payment,1770895848.205414,17106,23,1
2,Payment,1770895848.205883,23800,4,1
1,NewOrder,1770895848.206881,13001,22,1
1,NewOrder,1770895848.208004,34425,11,1
4,Delivery,1770895848.208053,22584,19,1
1,NewOrder,1770895848.208791,12843,8,1
1,NewOrder,1770895848.209529,15159,0,1
2,Payment,1770895848.210001,11195,9,1
1,NewOrder,1770895848.211783,32424,17,1
2,Payment,1770895848.216073,12861,6,1
1,NewOrder,1770895848.216464,7361,14,1
4,Delivery,1770895848.216521,14499,21,1
2,Payment,1770895848.217172,7250,13,1
2,Payment,1770895848.217529,14580,16,1
5,StockLevel,1770895848.218666,25223,3,1
5,StockLevel,1770895848.219112,21199,2,1
2,Payment,1770895848.219578,11031,20,1
2,Payment,1770895848.219889,16955,22,1
2,Payment,1770895848.221203,20683,9,1
1,NewOrder,1770895848.221643,13488,8,1
2,Payment,1770895848.221664,14756,10,1
1,NewOrder,1770895848.222529,29980,23,1
1,NewOrder,1770895848.223588,20591,18,1
1,NewOrder,1770895848.223834,2677,14,1
2,Payment,1770895848.224427,15753,13,1
2,Payment,1770895848.224694,8353,0,1
1,NewOrder,1770895848.226517,6047,14,1
1,NewOrder,1770895848.226905,8798,5,1
2,Payment,1770895848.228951,17762,6,1
2,Payment,1770895848.229708,7157,4,1
2,Payment,1770895848.230619,11783,20,1
1,NewOrder,1770895848.230642,13057,19,1
2,Payment,1770895848.230669,23682,7,1
1,NewOrder,1770895848.231029,18413,21,1
2,Payment,1770895848.232113,14972,16,1
1,NewOrder,1770895848.232568,7736,14,1
1,NewOrder,1770895848.233057,37057,0,1
1,NewOrder,1770895848.234164,16084,1,1
2,Payment,1770895848.234815,15866,12,1
1,NewOrder,1770895848.235141,24752,8,1
2,Payment,1770895848.235712,7285,5,1
2,Payment,1770895848.236430,27062,10,1
5,StockLevel,1770895848.236851,20812,22,1
1,NewOrder,1770895848.236875,13399,4,1
1,NewOrder,1770895848.239513,15432,15,1
1,NewOrder,1770895848.240189,17396,13,1
2,Payment,1770895848.240314,24677,14,1
3,OrderStatus,1770895848.240323,5973,2,1
1,NewOrder,1770895848.241895,14988,9,1
1,NewOrder,1770895848.242409,26991,20,1
2,Payment,1770895848.242439,28628,11,1
2,Payment,1770895848.243003,4796,5,1
2,Payment,1770895848.243708,6198,19,1
2,Payment,1770895848.243901,12439,3,1
2,Payment,1770895848.244183,15033,18,1
1,NewOrder,1770895848.244216,30400,17,1
2,Payment,1770895848.246306,19761,2,1
5,StockLevel,1770895848.246738,9758,6,1
2,Payment,1770895848.247101,6508,16,1
1,NewOrder,1770895848.247812,40346,5,1
3,OrderStatus,1770895848.249483,8983,21,1
1,NewOrder,1770895848.249912,38280,19,1
2,Payment,1770895848.250252,27842,1,1
1,NewOrder,1770895848.250283,35413,4,1
2,Payment,1770895848.250690,6547,12,1
2,Payment,1770895848.252515,8404,23,1
2,Payment,1770895848.253613,13917,16,1
1,NewOrder,1770895848.254356,16337,7,1
5,StockLevel,1770895848.254970,23299,15,1
1,NewOrder,1770895848.256365,37874,3,1
1,NewOrder,1770895848.256504,8518,6,1
1,NewOrder,1770895848.256893,38396,9,1
2,Payment,1770895848.257242,12779,12,1
2,Payment,1770895848.257593,16988,13,1
1,NewOrder,1770895848.257671,26014,22,1
2,Payment,1770895848.258470,6137,21,1
2,Payment,1770895848.259224,10865,18,1
2,Payment,1770895848.259902,18311,8,1
5,StockLevel,1770895848.260928,3860,23,1
1,NewOrder,1770895848.263502,33241,10,1
4,Delivery,1770895848.264616,39829,21,1
2,Payment,1770895848.264808,9319,23,1
1,NewOrder,1770895848.265000,12091,14,1
2,Payment,1770895848.265032,18281,6,1
1,NewOrder,1770895848.266076,27597,2,1
1,NewOrder,1770895848.267539,40907,16,1
1,NewOrder,1770895848.269409,21040,20,1
1,NewOrder,1770895848.270037,28984,12,1
1,NewOrder,1770895848.270102,33463,18,1
4,Delivery,1770895848.270129,21613,0,1
2,Payment,1770895848.270707,21892,7,1
5,StockLevel,1770895848.271082,19079,11,1
1,NewOrder,1770895848.274132,30290,23,1
2,Payment,1770895848.274587,4096,13,1
2,Payment,1770895848.274626,13114,17,1
4,Delivery,1770895848.277097,37651,14,1
1,NewOrder,1770895848.278098,22765,1,1
1,NewOrder,1770895848.278218,38857,8,1
1,NewOrder,1770895848.278278,14220,15,1
1,NewOrder,1770895848.278688,29273,13,1
1,NewOrder,1770895848.283319,39482,6,1
2,Payment,1770895848.283694,12621,22,1
1,NewOrder,1770895848.285707,12052,4,1
1,NewOrder,1770895848.287750,27500,17,1
2,Payment,1770895848.288164,13092,5,1
2,Payment,1770895848.288202,14744,19,1
1,NewOrder,1770895848.290167,21818,11,1
1,NewOrder,1770895848.290456,22067,20,1
2,Payment,1770895848.291747,16674,0,1
2,Payment,1770895848.292508,4864,15,1
2,Payment,1770895848.292604,7671,7,1
1,NewOrder,1770895848.293678,23030,2,1
5,StockLevel,1770895848.294250,8946,3,1
2,Payment,1770895848.295294,9293,9,1
2,Payment,1770895848.296321,13295,22,1
2,Payment,1770895848.296747,11699,10,1
1,NewOrder,1770895848.297378,23494,15,1
2,Payment,1770895848.297763,14801,4,1
1,NewOrder,1770895848.299029,21567,12,1
1,NewOrder,1770895848.300285,27262,7,1
5,StockLevel,1770895848.300868,11898,1,1
1,NewOrder,1770895848.301274,52251,5,1
1,NewOrder,1770895848.302951,33794,19,1
2,Payment,1770895848.303202,14226,3,1
2,Payment,1770895848.303570,12021,18,1
3,OrderStatus,1770895848.304427,8324,23,1
2,Payment,1770895848.304453,15627,21,1
1,NewOrder,1770895848.304597,18768,9,1
2,Payment,1770895848.307967,7203,13,1
2,Payment,1770895848.308431,17840,0,1
3,OrderStatus,1770895848.308452,4130,16,1
2,Payment,1770895848.308454,4809,10,1
4,Delivery,1770895848.309621,39130,22,1
2,Payment,1770895848.311990,11408,11,1
1,NewOrder,1770895848.312531,24806,20,1
1,NewOrder,1770895848.312567,19491,4,1
2,Payment,1770895848.312590,7895,16,1
2,Payment,1770895848.312755,13003,23,1
2,Payment,1770895848.312771,24004,1,1
3,OrderStatus,1770895848.313277,7094,10,1
1,NewOrder,1770895848.314756,19669,14,1
1,NewOrder,1770895848.315175,17639,13,1
2,Payment,1770895848.315262,13088,17,1
1,NewOrder,1770895848.315595,21089,18,1
1,NewOrder,1770895848.316718,15654,2,1
1,NewOrder,1770895848.317080,22691,8,1
1,NewOrder,1770895848.317436,17776,3,1
5,StockLevel,1770895848.320085,15963,21,1
2,Payment,1770895848.320378,7936,10,1
1,NewOrder,1770895848.320494,23202,16,1
2,Payment,1770895848.320601,13254,12,1
3,OrderStatus,1770895848.320877,14293,15,1
2,Payment,1770895848.322804,16316,6,1
5,StockLevel,1770895848.323371,14888,9,1
1,NewOrder,1770895848.323402,21278,11,1
1,NewOrder,1770895848.325763,29707,23,1
2,Payment,1770895848.326280,20838,0,1
2,Payment,1770895848.327552,17952,7,1
1,NewOrder,1770895848.328321,31486,10,1
2,Payment,1770895848.328358,11734,17,1
1,NewOrder,1770895848.332069,15437,4,1
2,Payment,1770895848.332388,18846,2,1
1,NewOrder,1770895848.332819,21102,13,1
1,NewOrder,1770895848.333862,25508,12,1
2,Payment,1770895848.334432,11644,14,1
4,Delivery,1770895848.335177,30118,15,1
1,NewOrder,1770895848.335218,11535,3,1
2,Payment,1770895848.336057,7167,21,1
2,Payment,1770895848.336688,12564,18,1
1,NewOrder,1770895848.336758,24495,19,1
1,NewOrder,1770895848.336785,26355,1,1
1,NewOrder,1770895848.337346,10186,20,1
5,StockLevel,1770895848.338266,8033,9,1
5,StockLevel,1770895848.339124,20476,6,1
2,Payment,1770895848.339777,15249,8,1
2,Payment,1770895848.340097,11540,17,1
2,Payment,1770895848.343229,10732,21,1
2,Payment,1770895848.343702,14826,16,1
2,Payment,1770895848.344690,14828,11,1
2,Payment,1770895848.345510,25183,7,1
2,Payment,1770895848.346081,21808,14,1
3,OrderStatus,1770895848.346309,2589,9,1
1,NewOrder,1770895848.346761,5655,3,1
2,Payment,1770895848.347122,8324,0,1
2,Payment,1770895848.347511,11450,4,1
2,Payment,1770895848.347542,11503,20,1
1,NewOrder,1770895848.348757,7183,22,1
1,NewOrder,1770895848.348903,15992,9,1
2,Payment,1770895848.349257,18615,18,1
2,Payment,1770895848.351240,17010,2,1
2,Payment,1770895848.351647,21304,17,1
4,Delivery,1770895848.352422,24028,3,1
1,NewOrder,1770895848.353534,13746,5,1
2,Payment,1770895848.353925,24463,13,1
2,Payment,1770895848.353971,18713,21,1
2,Payment,1770895848.355035,25288,8,1
2,Payment,1770895848.355453,17526,0,1
1,NewOrder,1770895848.355475,43894,23,1
1,NewOrder,1770895848.355948,23760,22,1
1,NewOrder,1770895848.358539,40480,16,1
1,NewOrder,1770895848.358975,21927,4,1
1,NewOrder,1770895848.359070,30273,20,1
4,Delivery,1770895848.359381,6215,12,1
1,NewOrder,1770895848.359556,36015,11,1
2,Payment,1770895848.359610,27469,6,1
2,Payment,1770895848.359811,34829,10,1
1,NewOrder,1770895848.361294,6986,19,1
1,NewOrder,1770895848.363155,12163,1,1
1,NewOrder,1770895848.364905,20480,9,1
4,Delivery,1770895848.365305,40925,15,1
1,NewOrder,1770895848.365602,37512,12,1
3,OrderStatus,1770895848.367284,3856,5,1
2,Payment,1770895848.367887,10061,18,1
1,NewOrder,1770895848.367914,17116,14,1
2,Payment,1770895848.368268,10009,2,1
1,NewOrder,1770895848.368305,8733,19,1
2,Payment,1770895848.370716,30216,7,1
2,Payment,1770895848.371157,10701,5,1
1,NewOrder,1770895848.372696,32461,21,1
1,NewOrder,1770895848.372956,22298,17,1
2,Payment,1770895848.372984,14450,0,1
1,NewOrder,1770895848.375325,12073,1,1
1,NewOrder,1770895848.376470,19861,3,1
1,NewOrder,1770895848.377047,12722,19,1
2,Payment,1770895848.377953,7451,18,1
1,NewOrder,1770895848.378283,20969,2,1
1,NewOrder,1770895848.378396,42356,13,1
2,Payment,1770895848.379714,10698,22,1
2,Payment,1770895848.380348,34945,8,1
2,Payment,1770895848.380915,13260,4,1
1,NewOrder,1770895848.381867,33397,5,1
1,NewOrder,1770895848.385040,39506,14,1
1,NewOrder,1770895848.385396,37381,9,1
2,Payment,1770895848.385409,9196,18,1
5,StockLevel,1770895848.387088,16784,6,1
1,NewOrder,1770895848.387402,20780,1,1
5,StockLevel,1770895848.387443,18885,0,1
1,NewOrder,1770895848.389353,18017,20,1
2,Payment,1770895848.389778,8911,19,1
1,NewOrder,1770895848.390422,26227,22,1
1,NewOrder,1770895848.394181,26458,4,1
1,NewOrder,1770895848.394629,26038,18,1
1,NewOrder,1770895848.394663,30748,10,1
2,Payment,1770895848.395278,7502,17,1
1,NewOrder,1770895848.395577,35411,11,1
1,NewOrder,1770895848.396335,19125,3,1
2,Payment,1770895848.398692,5384,19,1
2,Payment,1770895848.399025,16189,16,1
1,NewOrder,1770895848.399260,53172,2,1
3,OrderStatus,1770895848.399391,9152,23,1
1,NewOrder,1770895848.400941,19226,7,1
1,NewOrder,1770895848.402797,30368,17,1
1,NewOrder,1770895848.403139,27005,12,1
1,NewOrder,1770895848.403882,23163,6,1
2,Payment,1770895848.404085,5576,19,1
2,Payment,1770895848.405184,15053,21,1
2,Payment,1770895848.406239,14029,15,1
1,NewOrder,1770895848.406336,22614,0,1
1,NewOrder,1770895848.407394,10840,20,1
4,Delivery,1770895848.408195,12524,1,1
1,NewOrder,1770895848.408552,23726,23,1
2,Payment,1770895848.409685,16334,19,1
1,NewOrder,1770895848.415222,22289,16,1
1,NewOrder,1770895848.415273,23013,5,1
1,NewOrder,1770895848.415302,41469,8,1
1,NewOrder,1770895848.415467,27996,3,1
2,Payment,1770895848.416670,16059,22,1
1,NewOrder,1770895848.418244,28553,20,1
1,NewOrder,1770895848.420173,20535,7,1
1,NewOrder,1770895848.420247,22225,21,1
4,Delivery,1770895848.420276,31243,15,1
1,NewOrder,1770895848.420650,17300,4,1
2,Payment,1770895848.420677,22276,18,1
2,Payment,1770895848.420722,5905,1,1
1,NewOrder,1770895848.420762,38848,13,1
5,StockLevel,1770895848.422789,15337,9,1
4,Delivery,1770895848.424556,27369,14,1
2,Payment,1770895848.425422,7355,10,1
1,NewOrder,1770895848.426029,28619,19,1
1,NewOrder,1770895848.426651,29325,1,1
1,NewOrder,1770895848.427069,30255,6,1
1,NewOrder,1770895848.428966,22523,0,1
2,Payment,1770895848.430153,6085,12,1
1,NewOrder,1770895848.431014,25357,11,1
2,Payment,1770895848.432303,15619,23,1
2,Payment,1770895848.432740,20522,22,1
2,Payment,1770895848.432783,10134,10,1
3,OrderStatus,1770895848.433173,10982,17,1
2,Payment,1770895848.436248,4974,12,1
2,Payment,1770895848.437520,12137,16,1
2,Payment,1770895848.437974,6583,4,1
5,StockLevel,1770895848.438135,3291,9,1
2,Payment,1770895848.438298,12792,5,1
1,NewOrder,1770895848.440732,19976,7,1
2,Payment,1770895848.441238,15099,12,1
2,Payment,1770895848.441450,5099,9,1
2,Payment,1770895848.442498,15679,21,1
3,OrderStatus,1770895848.442929,5763,10,1
5,StockLevel,1770895848.442966,10700,18,1
2,Payment,1770895848.443471,12843,3,1
1,NewOrder,1770895848.444176,15779,17,1
1,NewOrder,1770895848.444582,18148,4,1
2,Payment,1770895848.446559,2541,9,1
2,Payment,1770895848.446806,21158,20,1
1,NewOrder,1770895848.447946,34149,23,1
1,NewOrder,1770895848.448703,39836,10,1
2,Payment,1770895848.449106,5501,9,1
2,Payment,1770895848.449680,16485,16,1
2,Payment,1770895848.451114,15610,5,1
2,Payment,1770895848.451516,24743,0,1
1,NewOrder,1770895848.451545,30143,15,1
5,StockLevel,1770895848.451933,14054,14,1
1,NewOrder,1770895848.452438,12339,2,1
4,Delivery,1770895848.453304,47289,22,1
1,NewOrder,1770895848.453682,26256,18,1
5,StockLevel,1770895848.454610,11742,9,1
2,Payment,1770895848.454659,21664,19,1
3,OrderStatus,1770895848.455985,7999,1,1
1,NewOrder,1770895848.456329,33689,3,1
1,NewOrder,1770895848.456343,34061,12,1
2,Payment,1770895848.456381,11800,11,1
2,Payment,1770895848.456782,24326,8,1
1,NewOrder,1770895848.457334,11395,6,1
1,NewOrder,1770895848.458185,28006,21,1
4,Delivery,1770895848.459615,23583,13,1
1,NewOrder,1770895848.459961,27293,17,1
1,NewOrder,1770895848.460717,8542,7,1
1,NewOrder,1770895848.462739,9587,4,1
2,Payment,1770895848.463991,16962,1,1
3,OrderStatus,1770895848.464783,1559,2,1
1,NewOrder,1770895848.465993,23310,14,1
2,Payment,1770895848.466175,10519,16,1
1,NewOrder,1770895848.466348,5373,2,1
5,StockLevel,1770895848.466358,15254,9,1
2,Payment,1770895848.466730,22523,5,1
2,Payment,1770895848.467989,13213,20,1
2,Payment,1770895848.468202,20516,11,1
2,Payment,1770895848.468740,26034,6,1
1,NewOrder,1770895848.469284,3958,7,1
2,Payment,1770895848.471729,20624,2,1
1,NewOrder,1770895848.472333,3568,4,1
2,Payment,1770895848.473252,26786,7,1
2,Payment,1770895848.475913,19682,4,1
2,Payment,1770895848.476266,24376,0,1
1,NewOrder,1770895848.476331,14661,19,1
3,OrderStatus,1770895848.476709,3065,16,1
1,NewOrder,1770895848.479779,17867,16,1
3,OrderStatus,1770895848.479942,4691,18,1
1,NewOrder,1770895848.480978,38299,1,1
2,Payment,1770895848.481133,26462,8,1
2,Payment,1770895848.481226,7548,20,1
1,NewOrder,1770895848.481637,10997,9,1
5,StockLevel,1770895848.481692,15602,15,1
2,Payment,1770895848.482098,12565,23,1
1,NewOrder,1770895848.483208,7257,13,1
2,Payment,1770895848.484642,16021,18,1
2,Payment,1770895848.486195,21743,21,1
1,NewOrder,1770895848.487263,24009,17,1
1,NewOrder,1770895848.488550,19353,10,1
2,Payment,1770895848.488728,28806,11,1
4,Delivery,1770895848.488784,12053,20,1
2,Payment,1770895848.489296,19948,5,1
2,Payment,1770895848.489329,5101,14,1
2,Payment,1770895848.490029,24354,3,1
2,Payment,1770895848.490415,7613,12,1
2,Payment,1770895848.490469,10759,13,1
1,NewOrder,1770895848.491002,19766,19,1
1,NewOrder,1770895848.492371,15522,2,1
2,Payment,1770895848.492643,31317,9,1
5,StockLevel,1770895848.494458,9276,14,1
1,NewOrder,1770895848.494669,20101,23,1
2,Payment,1770895848.494784,35887,6,1
2,Payment,1770895848.495604,27313,4,1
1,NewOrder,1770895848.497307,14193,15,1
1,NewOrder,1770895848.497653,13935,16,1
2,Payment,1770895848.498032,6851,12,1
1,NewOrder,1770895848.500063,21985,7,1
1,NewOrder,1770895848.500603,11273,22,1
1,NewOrder,1770895848.500648,14584,0,1
3,OrderStatus,1770895848.500673,7585,18,1
3,OrderStatus,1770895848.500845,4922,20,1
1,NewOrder,1770895848.501234,20233,13,1
1,NewOrder,1770895848.503743,15946,14,1
2,Payment,1770895848.504890,6340,12,1
2,Payment,1770895848.505776,10993,20,1
1,NewOrder,1770895848.507606,37182,8,1
2,Payment,1770895848.507899,21261,2,1
5,StockLevel,1770895848.507911,14556,10,1
1,NewOrder,1770895848.507949,36307,21,1
2,Payment,1770895848.508268,13681,18,1
2,Payment,1770895848.509260,24863,5,1
2,Payment,1770895848.510794,14974,19,1
1,NewOrder,1770895848.511245,15907,12,1
1,NewOrder,1770895848.511297,12046,17,1
1,NewOrder,1770895848.511513,6475,15,1
1,NewOrder,1770895848.511593,19441,16,1
2,Payment,1770895848.511881,16911,22,1
2,Payment,1770895848.514396,25780,3,1
2,Payment,1770895848.514776,20337,23,1
1,NewOrder,1770895848.515236,12323,0,1
2,Payment,1770895848.516779,24446,20,1
1,NewOrder,1770895848.517545,28201,11,1
5,StockLevel,1770895848.517999,19065,15,1
1,NewOrder,1770895848.519288,27424,1,1
2,Payment,1770895848.519700,7823,14,1
1,NewOrder,1770895848.521494,17084,13,1
2,Payment,1770895848.521960,27055,18,1
1,NewOrder,1770895848.522072,6247,7,1
1,NewOrder,1770895848.522485,9958,10,1
2,Payment,1770895848.522927,24642,4,1
2,Payment,1770895848.523353,7730,17,1
2,Payment,1770895848.523970,12068,9,1
2,Payment,1770895848.525779,31994,19,1
1,NewOrder,1770895848.527177,18134,12,1
1,NewOrder,1770895848.527533,20779,14,1
1,NewOrder,1770895848.527571,34812,0,1
1,NewOrder,1770895848.528330,16891,7,1
2,Payment,1770895848.528799,31419,22,1
1,NewOrder,1770895848.529170,18042,2,1
2,Payment,1770895848.530678,10288,6,1
1,NewOrder,1770895848.531042,19442,16,1
1,NewOrder,1770895848.531087,18972,17,1
1,NewOrder,1770895848.532450,20269,10,1
2,Payment,1770895848.534132,16805,5,1
1,NewOrder,1770895848.535123,22293,23,1
2,Payment,1770895848.536049,8703,9,1
2,Payment,1770895848.537069,7749,15,1
2,Payment,1770895848.538583,10398,13,1
5,StockLevel,1770895848.540202,18551,3,1
2,Payment,1770895848.540992,7452,6,1
2,Payment,1770895848.541248,22875,20,1
2,Payment,1770895848.544271,25477,21,1
2,Payment,1770895848.544762,16918,9,1
2,Payment,1770895848.544799,11762,8,1
1,NewOrder,1770895848.544825,8329,15,1
2,Payment,1770895848.545231,21436,7,1
2,Payment,1770895848.545322,10688,12,1
1,NewOrder,1770895848.545755,37153,11,1
1,NewOrder,1770895848.546728,10193,1,1
1,NewOrder,1770895848.547237,9794,2,1
2,Payment,1770895848.547579,6368,4,1
2,Payment,1770895848.548317,13964,14,1
1,NewOrder,1770895848.548454,14161,6,1
1,NewOrder,1770895848.548990,21208,13,1
2,Payment,1770895848.549019,33335,18,1
4,Delivery,1770895848.550068,35937,17,1
2,Payment,1770895848.550494,16831,16,1
1,NewOrder,1770895848.550944,7991,5,1
2,Payment,1770895848.552729,18532,10,1
2,Payment,1770895848.553166,18661,15,1
2,Payment,1770895848.553956,2513,4,1
1,NewOrder,1770895848.556037,20104,12,1
1,NewOrder,1770895848.556484,26933,4,1
1,NewOrder,1770895848.556586,37302,8,1
2,Payment,1770895848.556938,7779,1,1
2,Payment,1770895848.557045,3586,2,1
1,NewOrder,1770895848.557421,31947,23,1
2,Payment,1770895848.557779,32660,19,1
1,NewOrder,1770895848.558763,21073,3,1
2,Payment,1770895848.558946,9920,5,1
4,Delivery,1770895848.560223,38639,22,1
1,NewOrder,1770895848.560643,15550,2,1
1,NewOrder,1770895848.561683,18180,9,1
2,Payment,1770895848.562290,17177,14,1
2,Payment,1770895848.562388,13778,0,1
1,NewOrder,1770895848.562635,27518,6,1
5,StockLevel,1770895848.564127,21591,20,1
1,NewOrder,1770895848.564742,37565,1,1
2,Payment,1770895848.566693,8927,7,1
2,Payment,1770895848.567351,17938,16,1
4,Delivery,1770895848.568891,45168,5,1
1,NewOrder,1770895848.569758,21442,21,1
1,NewOrder,1770895848.570214,21316,13,1
2,Payment,1770895848.571272,7300,10,1
2,Payment,1770895848.571836,17897,15,1
1,NewOrder,1770895848.575630,10016,7,1
2,Payment,1770895848.576148,22722,12,1
1,NewOrder,1770895848.576172,52673,0,1
1,NewOrder,1770895848.576202,22313,2,1
1,NewOrder,1770895848.578599,31674,10,1
1,NewOrder,1770895848.579596,22687,14,1
2,Payment,1770895848.579850,3081,3,1
2,Payment,1770895848.579872,2976,9,1
1,NewOrder,1770895848.582364,19259,18,1
2,Payment,1770895848.582858,7038,9,1
2,Payment,1770895848.582921,17244,11,1
3,OrderStatus,1770895848.582941,4752,3,1
1,NewOrder,1770895848.583426,43184,4,1
2,Payment,1770895848.585301,20066,16,1
1,NewOrder,1770895848.585654,26757,7,1
2,Payment,1770895848.585728,13272,20,1
1,NewOrder,1770895848.586015,31534,17,1
1,NewOrder,1770895848.587702,16096,3,1
2,Payment,1770895848.589382,31881,23,1
2,Payment,1770895848.589747,21726,15,1
1,NewOrder,1770895848.589906,34965,9,1
3,OrderStatus,1770895848.590161,8058,6,1
1,NewOrder,1770895848.590453,35097,19,1
1,NewOrder,1770895848.591206,22247,21,1
1,NewOrder,1770895848.591537,20801,13,1
1,NewOrder,1770895848.593899,21234,8,1
2,Payment,1770895848.598226,15412,6,1
1,NewOrder,1770895848.598524,25181,2,1
1,NewOrder,1770895848.598871,11734,22,1
1,NewOrder,1770895848.598885,29633,12,1
5,StockLevel,1770895848.599004,31726,20,1
5,StockLevel,1770895848.600172,28394,11,1
2,Payment,1770895848.601633,22433,18,1
1,NewOrder,1770895848.602289,15615,14,1
2,Payment,1770895848.602317,4611,1,1
2,Payment,1770895848.603804,11901,3,1
1,NewOrder,1770895848.605374,35899,16,1
1,NewOrder,1770895848.606933,8759,1,1
2,Payment,1770895848.610285,15117,10,1
2,Payment,1770895848.610609,16361,22,1
3,OrderStatus,1770895848.611478,7500,15,1
3,OrderStatus,1770895848.612366,10697,13,1
2,Payment,1770895848.612426,19115,7,1
1,NewOrder,1770895848.613463,28530,21,1
1,NewOrder,1770895848.613643,28789,6,1
1,NewOrder,1770895848.614067,2740,5,1
1,NewOrder,1770895848.615143,19506,8,1
1,NewOrder,1770895848.615701,30928,1,1
1,NewOrder,1770895848.615709,17167,3,1
2,Payment,1770895848.616812,1610,5,1
2,Payment,1770895848.617554,2320,17,1
2,Payment,1770895848.617913,4081,14,1
4,Delivery,1770895848.618428,26759,5,1
2,Payment,1770895848.618985,6519,15,1
1,NewOrder,1770895848.619879,27256,17,1
1,NewOrder,1770895848.621280,39100,23,1
2,Payment,1770895848.622003,6196,14,1
1,NewOrder,1770895848.623069,27667,13,1
2,Payment,1770895848.623712,11422,2,1
1,NewOrder,1770895848.624076,19416,18,1
1,NewOrder,1770895848.624877,24201,9,1
2,Payment,1770895848.625409,11752,10,1
2,Payment,1770895848.625512,6784,15,1
2,Payment,1770895848.625561,6391,19,1
2,Payment,1770895848.626619,16524,4,1
2,Payment,1770895848.626975,8798,22,1
2,Payment,1770895848.628210,8000,14,1
2,Payment,1770895848.628525,11987,12,1
2,Payment,1770895848.628573,14951,11,1
2,Payment,1770895848.628849,27867,0,1
1,NewOrder,1770895848.630736,23742,20,1
1,NewOrder,1770895848.631548,35558,7,1
1,NewOrder,1770895848.631962,25222,19,1
2,Payment,1770895848.632307,12430,15,1
1,NewOrder,1770895848.632882,21174,3,1
2,Payment,1770895848.634656,15599,8,1
1,NewOrder,1770895848.635137,20324,2,1
2,Payment,1770895848.635781,3359,22,1
2,Payment,1770895848.636215,14399,14,1
1,NewOrder,1770895848.637171,29932,10,1
1,NewOrder,1770895848.639146,14301,22,1
5,StockLevel,1770895848.640520,13138,12,1
1,NewOrder,1770895848.641278,19795,16,1
1,NewOrder,1770895848.642000,30572,21,1
2,Payment,1770895848.642438,14812,6,1
1,NewOrder,1770895848.643149,27467,4,1
1,NewOrder,1770895848.643503,25025,18,1
2,Payment,1770895848.643532,19867,11,1
2,Payment,1770895848.644743,12867,15,1
2,Payment,1770895848.645193,20195,5,1
1,NewOrder,1770895848.646634,12638,1,1
1,NewOrder,1770895848.647140,13870,17,1
1,NewOrder,1770895848.649086,18198,9,1
2,Payment,1770895848.650259,19979,8,1
2,Payment,1770895848.650619,17567,14,1
2,Payment,1770895848.650747,12107,13,1
1,NewOrder,1770895848.653454,15050,22,1
2,Payment,1770895848.653663,18317,12,1
1,NewOrder,1770895848.654061,10868,3,1
2,Payment,1770895848.654490,6903,20,1
2,Payment,1770895848.655466,17543,2,1
2,Payment,1770895848.656726,28515,0,1
1,NewOrder,1770895848.657194,11364,19,1
1,NewOrder,1770895848.657258,19976,6,1
1,NewOrder,1770895848.657621,26568,15,1
2,Payment,1770895848.659277,17422,1,1
1,NewOrder,1770895848.660386,22296,23,1
1,NewOrder,1770895848.661015,18932,17,1
1,NewOrder,1770895848.661082,19343,16,1
1,NewOrder,1770895848.661401,42207,20,1
4,Delivery,1770895848.662864,15423,13,1
1,NewOrder,1770895848.663405,40236,11,1
5,StockLevel,1770895848.664933,9800,3,1
2,Payment,1770895848.665394,29835,5,1
2,Payment,1770895848.667107,10817,10,1
1,NewOrder,1770895848.667113,51719,7,1
2,Payment,1770895848.667293,19743,9,1
1,NewOrder,1770895848.668190,19220,14,1
1,NewOrder,1770895848.668512,21115,22,1
1,NewOrder,1770895848.668532,47477,18,1
2,Payment,1770895848.668568,4451,19,1
2,Payment,1770895848.670245,25624,8,1
4,Delivery,1770895848.670624,56852,4,1
2,Payment,1770895848.671985,5224,12,1
2,Payment,1770895848.672576,5732,21,1
1,NewOrder,1770895848.673013,19798,2,1
1,NewOrder,1770895848.673029,22707,19,1
1,NewOrder,1770895848.674738,33039,3,1
2,Payment,1770895848.676707,25673,1,1
2,Payment,1770895848.677214,8345,12,1
1,NewOrder,1770895848.677240,33522,6,1
2,Payment,1770895848.677930,27325,10,1
2,Payment,1770895848.678297,17478,13,1
1,NewOrder,1770895848.678314,42333,21,1
1,NewOrder,1770895848.679957,8809,17,1
1,NewOrder,1770895848.680430,9667,16,1
1,NewOrder,1770895848.682693,10822,23,1
1,NewOrder,1770895848.684194,25960,15,1
1,NewOrder,1770895848.685247,40280,0,1
1,NewOrder,1770895848.685563,28358,12,1
1,NewOrder,1770895848.687043,30068,9,1
3,OrderStatus,1770895848.687414,12688,14,1
1,NewOrder,1770895848.688773,9552,17,1
1,NewOrder,1770895848.689633,30657,22,1
2,Payment,1770895848.690101,15596,16,1
1,NewOrder,1770895848.692817,6627,2,1
1,NewOrder,1770895848.693523,7225,23,1
2,Payment,1770895848.695234,15561,5,1
2,Payment,1770895848.695741,8451,19,1
2,Payment,1770895848.695781,17365,13,1
2,Payment,1770895848.695874,17664,8,1
5,StockLevel,1770895848.698330,5651,17,1
1,NewOrder,1770895848.699450,7191,2,1
1,NewOrder,1770895848.700112,33458,14,1
3,OrderStatus,1770895848.700753,2664,23,1
2,Payment,1770895848.702388,15299,1,1
3,OrderStatus,1770895848.703426,2158,23,1
2,Payment,1770895848.703615,8715,20,1
2,Payment,1770895848.703647,15649,11,1
5,StockLevel,1770895848.703991,3751,17,1
2,Payment,1770895848.704197,3220,19,1
1,NewOrder,1770895848.705261,22738,10,1
2,Payment,1770895848.705589,10032,23,1
1,NewOrder,1770895848.705702,25364,16,1
1,NewOrder,1770895848.706646,6112,2,1
2,Payment,1770895848.707422,13343,19,1
1,NewOrder,1770895848.707745,11447,17,1
1,NewOrder,1770895848.707787,22446,3,1
1,NewOrder,1770895848.710165,26258,15,1
2,Payment,1770895848.710772,15247,6,1
1,NewOrder,1770895848.710800,22346,5,1
2,Payment,1770895848.712336,14756,20,1
1,NewOrder,1770895848.712769,14632,2,1
2,Payment,1770895848.713156,6112,13,1
1,NewOrder,1770895848.713543,32444,8,1
2,Payment,1770895848.713927,11089,12,1
2,Payment,1770895848.715628,16133,23,1
1,NewOrder,1770895848.716016,35236,18,1
2,Payment,1770895848.717118,18849,9,1
4,Delivery,1770895848.717695,10033,1,1
2,Payment,1770895848.718838,27186,7,1
2,Payment,1770895848.719199,10328,17,1
1,NewOrder,1770895848.719282,37010,13,1
1,NewOrder,1770895848.719306,38550,11,1
1,NewOrder,1770895848.720295,16746,22,1
1,NewOrder,1770895848.720651,12939,21,1
2,Payment,1770895848.720776,17026,19,1
1,NewOrder,1770895848.725022,34383,12,1
2,Payment,1770895848.725536,10865,0,1
2,Payment,1770895848.726025,26247,6,1
2,Payment,1770895848.727103,13896,20,1
1,NewOrder,1770895848.727411,35509,2,1
2,Payment,1770895848.727483,17872,4,1
1,NewOrder,1770895848.727737,35824,1,1
1,NewOrder,1770895848.728004,40506,10,1
1,NewOrder,1770895848.729537,36194,17,1
1,NewOrder,1770895848.730241,24144,3,1
1,NewOrder,1770895848.731073,11198,16,1
1,NewOrder,1770895848.731768,33094,23,1
2,Payment,1770895848.733153,19462,5,1
2,Payment,1770895848.733581,2785,14,1
3,OrderStatus,1770895848.733596,2787,21,1
5,StockLevel,1770895848.735974,24857,9,1
1,NewOrder,1770895848.736372,32837,14,1
2,Payment,1770895848.736389,6600,21,1
2,Payment,1770895848.736406,24198,0,1
2,Payment,1770895848.736430,9617,15,1
1,NewOrder,1770895848.737049,10947,22,1
1,NewOrder,1770895848.737806,26174,19,1
2,Payment,1770895848.741010,4949,20,1
3,OrderStatus,1770895848.742280,1059,16,1
2,Payment,1770895848.742999,6852,21,1
1,NewOrder,1770895848.743345,7500,16,1
2,Payment,1770895848.745365,20888,4,1
1,NewOrder,1770895848.745963,27282,20,1
3,OrderStatus,1770895848.745993,9938,8,1
1,NewOrder,1770895848.746034,26843,7,1
1,NewOrder,1770895848.746054,31528,15,1
1,NewOrder,1770895848.748001,26108,22,1
1,NewOrder,1770895848.749859,25289,21,1
1,NewOrder,1770895848.750851,14833,16,1
2,Payment,1770895848.751259,8928,18,1
5,StockLevel,1770895848.752279,17430,6,1
5,StockLevel,1770895848.752620,18354,5,1
1,NewOrder,1770895848.754392,31078,3,1
1,NewOrder,1770895848.755937,16500,8,1
5,StockLevel,1770895848.756303,17124,13,1
1,NewOrder,1770895848.757861,31161,11,1
2,Payment,1770895848.759417,6767,12,1
2,Payment,1770895848.760193,6029,18,1
2,Payment,1770895848.760611,20259,0,1
1,NewOrder,1770895848.760841,24281,9,1
2,Payment,1770895848.762926,23809,2,1
2,Payment,1770895848.763569,26580,1,1
2,Payment,1770895848.763987,12169,19,1
5,StockLevel,1770895848.764868,17592,23,1
1,NewOrder,1770895848.765690,18995,16,1
2,Payment,1770895848.765740,7169,17,1
1,NewOrder,1770895848.766189,19308,12,1
2,Payment,1770895848.766228,18825,18,1
1,NewOrder,1770895848.766259,28909,4,1
1,NewOrder,1770895848.768516,26712,10,1
1,NewOrder,1770895848.769219,23636,14,1
5,StockLevel,1770895848.769715,8799,6,1
5,StockLevel,1770895848.770980,8635,5,1
1,NewOrder,1770895848.772442,13002,8,1
2,Payment,1770895848.772883,4320,7,1
1,NewOrder,1770895848.772920,29814,17,1
2,Payment,1770895848.773256,16253,20,1
2,Payment,1770895848.773436,8062,13,1
1,NewOrder,1770895848.774116,12281,22,1
1,NewOrder,1770895848.775156,35578,21,1
2,Payment,1770895848.776159,17742,19,1
2,Payment,1770895848.777209,4262,7,1
2,Payment,1770895848.777590,11993,15,1
2,Payment,1770895848.778519,10107,6,1
2,Payment,1770895848.779620,15024,5,1
2,Payment,1770895848.780881,20323,0,1
2,Payment,1770895848.781482,14083,7,1
5,StockLevel,1770895848.781507,9069,13,1
1,NewOrder,1770895848.782468,19096,23,1
1,NewOrder,1770895848.784690,16840,16,1
1,NewOrder,1770895848.785059,25586,18,1
2,Payment,1770895848.785136,16464,9,1
2,Payment,1770895848.785449,23383,8,1
2,Payment,1770895848.785482,22834,3,1
2,Payment,1770895848.785509,17942,12,1
2,Payment,1770895848.786411,11382,22,1
1,NewOrder,1770895848.786740,14982,2,1
2,Payment,1770895848.788630,28495,6,1
1,NewOrder,1770895848.789032,16396,11,1
1,NewOrder,1770895848.789512,22406,20,1
1,NewOrder,1770895848.789594,26930,15,1
2,Payment,1770895848.790155,23118,1,1
1,NewOrder,1770895848.790583,9573,13,1
5,StockLevel,1770895848.792860,8232,14,1
2,Payment,1770895848.793907,9939,19,1
1,NewOrder,1770895848.794651,22569,5,1
4,Delivery,1770895848.795179,37309,4,1
2,Payment,1770895848.795233,29687,10,1
1,NewOrder,1770895848.795569,31632,7,1
2,Payment,1770895848.797803,10919,22,1
1,NewOrder,1770895848.800164,9529,13,1
1,NewOrder,1770895848.801096,11232,14,1
2,Payment,1770895848.801214,17644,0,1
1,NewOrder,1770895848.801534,16026,16,1
2,Payment,1770895848.801567,15453,23,1
1,NewOrder,1770895848.801607,28605,9,1
1,NewOrder,1770895848.801726,25959,2,1
1,NewOrder,1770895848.802744,20044,17,1
2,Payment,1770895848.803457,5229,12,1
2,Payment,1770895848.803856,19808,19,1
2,Payment,1770895848.805439,27212,11,1
1,NewOrder,1770895848.808321,37857,3,1
2,Payment,1770895848.808690,9300,12,1
1,NewOrder,1770895848.808729,19104,22,1
1,NewOrder,1770895848.808837,17394,8,1
2,Payment,1770895848.809699,12318,13,1
5,StockLevel,1770895848.810654,15630,18,1
5,StockLevel,1770895848.810744,11504,21,1
1,NewOrder,1770895848.811923,15809,20,1
2,Payment,1770895848.812333,16260,14,1
1,NewOrder,1770895848.813279,33373,1,1
1,NewOrder,1770895848.816531,13328,15,1
2,Payment,1770895848.817026,14872,23,1
2,Payment,1770895848.817136,22507,6,1
1,NewOrder,1770895848.817225,23247,5,1
4,Delivery,1770895848.817564,17677,16,1
2,Payment,1770895848.817993,19060,12,1
2,Payment,1770895848.818868,7650,0,1
2,Payment,1770895848.822024,20502,13,1
1,NewOrder,1770895848.822254,24429,21,1
2,Payment,1770895848.822798,26117,17,1
1,NewOrder,1770895848.823675,10497,19,1
2,Payment,1770895848.824925,18225,10,1
2,Payment,1770895848.826241,20487,8,1
2,Payment,1770895848.826292,13732,18,1
4,Delivery,1770895848.826521,6435,0,1
3,OrderStatus,1770895848.827211,2668,7,1
1,NewOrder,1770895848.827691,5230,2,1
2,Payment,1770895848.827742,16367,20,1
2,Payment,1770895848.827843,19670,22,1
1,NewOrder,1770895848.828604,22443,14,1
1,NewOrder,1770895848.829865,10113,15,1
2,Payment,1770895848.829885,22007,7,1
3,OrderStatus,1770895848.830222,6019,9,1
2,Payment,1770895848.831903,21754,23,1
1,NewOrder,1770895848.832493,10498,4,1
1,NewOrder,1770895848.832662,17924,11,1
1,NewOrder,1770895848.832926,22198,2,1
1,NewOrder,1770895848.832962,18959,0,1
1,NewOrder,1770895848.834182,3238,19,1
2,Payment,1770895848.835248,16608,16,1
1,NewOrder,1770895848.836248,3709,9,1
2,Payment,1770895848.837060,21522,12,1
2,Payment,1770895848.837430,19556,19,1
5,StockLevel,1770895848.839648,8026,6,1
2,Payment,1770895848.839967,19150,9,1
1,NewOrder,1770895848.839983,38914,15,1
5,StockLevel,1770895848.840030,7318,18,1
1,NewOrder,1770895848.840476,39414,5,1
1,NewOrder,1770895848.842530,16579,13,1
2,Payment,1770895848.842997,8472,4,1
2,Payment,1770895848.843161,22945,10,1
2,Payment,1770895848.844119,22814,20,1
3,OrderStatus,1770895848.846185,5048,3,1
1,NewOrder,1770895848.846655,16953,1,1
2,Payment,1770895848.846691,28976,21,1
1,NewOrder,1770895848.846732,18185,8,1
2,Payment,1770895848.847353,36382,18,1
4,Delivery,1770895848.847524,56738,22,1
3,OrderStatus,1770895848.847684,2985,6,1
2,Payment,1770895848.848920,17719,17,1
1,NewOrder,1770895848.850591,10710,11,1
2,Payment,1770895848.850677,24240,6,1
1,NewOrder,1770895848.851057,9076,14,1
1,NewOrder,1770895848.851237,39154,3,1
2,Payment,1770895848.851474,4435,4,1
1,NewOrder,1770895848.851866,24982,16,1
2,Payment,1770895848.851897,31155,7,1
3,OrderStatus,1770895848.851925,4928,0,1
1,NewOrder,1770895848.853667,40140,23,1
2,Payment,1770895848.855135,4671,2,1
1,NewOrder,1770895848.855915,11350,4,1
1,NewOrder,1770895848.856861,29981,0,1
1,NewOrder,1770895848.856992,25279,19,1
1,NewOrder,1770895848.858587,17968,12,1
1,NewOrder,1770895848.859114,30729,13,1
1,NewOrder,1770895848.859128,42136,9,1
2,Payment,1770895848.859812,10338,2,1
5,StockLevel,1770895848.860144,6264,14,1
5,StockLevel,1770895848.861307,5698,11,1
5,StockLevel,1770895848.863613,5419,1,1
2,Payment,1770895848.864921,27570,8,1
1,NewOrder,1770895848.866115,34682,10,1
2,Payment,1770895848.866417,9714,14,1
1,NewOrder,1770895848.866644,35296,17,1
1,NewOrder,1770895848.866938,37764,20,1
2,Payment,1770895848.867008,29199,11,1
5,StockLevel,1770895848.867273,1710,4,1
1,NewOrder,1770895848.868987,7116,4,1
2,Payment,1770895848.869042,2561,1,1
2,Payment,1770895848.870162,3576,2,1
2,Payment,1770895848.871609,4436,1,1
1,NewOrder,1770895848.873747,19183,2,1
1,NewOrder,1770895848.874927,31132,6,1
1,NewOrder,1770895848.875672,33003,21,1
1,NewOrder,1770895848.876052,11239,1,1
3,OrderStatus,1770895848.876108,1942,4,1
2,Payment,1770895848.876150,4208,14,1
1,NewOrder,1770895848.876561,24475,12,1
2,Payment,1770895848.876854,8392,16,1
1,NewOrder,1770895848.878057,7695,4,1
1,NewOrder,1770895848.878904,27859,15,1
2,Payment,1770895848.879894,10399,5,1
2,Payment,1770895848.880364,10054,14,1
1,NewOrder,1770895848.882276,22430,19,1
1,NewOrder,1770895848.883060,24395,7,1
2,Payment,1770895848.883739,9711,18,1
4,Delivery,1770895848.885253,51212,16,1
4,Delivery,1770895848.885757,24624,4,1
1,NewOrder,1770895848.886847,28390,0,1
4,Delivery,1770895848.887296,23321,1,1
1,NewOrder,1770895848.889848,25685,13,1
2,Payment,1770895848.890300,10504,5,1
2,Payment,1770895848.890397,2473,3,1
1,NewOrder,1770895848.890429,37370,14,1
1,NewOrder,1770895848.892499,19891,8,1
1,NewOrder,1770895848.892875,15024,3,1
2,Payment,1770895848.892936,16224,2,1
2,Payment,1770895848.893454,6850,18,1
2,Payment,1770895848.893811,15281,23,1
1,NewOrder,1770895848.896212,25354,11,1
2,Payment,1770895848.900310,17050,18,1
2,Payment,1770895848.900813,17180,5,1
2,Payment,1770895848.900843,8283,10,1
1,NewOrder,1770895848.901040,42458,12,1
2,Payment,1770895848.901279,16735,9,1
5,StockLevel,1770895848.901950,12735,17,1
5,StockLevel,1770895848.904272,10110,22,1
2,Payment,1770895848.904712,28689,20,1
2,Payment,1770895848.904716,21583,19,1
2,Payment,1770895848.906066,19098,6,1
3,OrderStatus,1770895848.906767,5986,15,1
2,Payment,1770895848.907459,25372,7,1
5,StockLevel,1770895848.907903,13689,3,1
1,NewOrder,1770895848.908686,7187,21,1
2,Payment,1770895848.909097,30828,23,1
5,StockLevel,1770895848.909135,23084,10,1
1,NewOrder,1770895848.909169,32525,2,1
2,Payment,1770895848.910385,18039,4,1
1,NewOrder,1770895848.910623,10575,1,1
1,NewOrder,1770895848.912398,9189,8,1
2,Payment,1770895848.912759,9968,15,1
2,Payment,1770895848.914391,36341,22,1
2,Payment,1770895848.914690,10300,17,1
2,Payment,1770895848.915248,19584,0,1
2,Payment,1770895848.915539,13363,13,1
1,NewOrder,1770895848.915878,2965,21,1
1,NewOrder,1770895848.917370,29370,18,1
2,Payment,1770895848.918004,24395,5,1
1,NewOrder,1770895848.918021,30668,9,1
1,NewOrder,1770895848.918848,9695,21,1
1,NewOrder,1770895848.921207,8093,1,1
1,NewOrder,1770895848.921576,20975,11,1
1,NewOrder,1770895848.921593,8318,8,1
1,NewOrder,1770895848.921599,28413,3,1
1,NewOrder,1770895848.922730,19625,15,1
2,Payment,1770895848.924995,5946,17,1
2,Payment,1770895848.925174,14184,6,1
2,Payment,1770895848.926310,16690,19,1
1,NewOrder,1770895848.927810,26813,14,1
2,Payment,1770895848.928434,18599,4,1
2,Payment,1770895848.928548,26436,21,1
1,NewOrder,1770895848.928912,13644,13,1
1,NewOrder,1770895848.929311,11411,1,1
1,NewOrder,1770895848.929915,5316,8,1
3,OrderStatus,1770895848.930944,2186,17,1
2,Payment,1770895848.932227,14057,10,1
1,NewOrder,1770895848.932836,19541,7,1
2,Payment,1770895848.933136,2118,17,1
2,Payment,1770895848.933412,13271,20,1
2,Payment,1770895848.934838,19204,0,1
1,NewOrder,1770895848.935237,7381,8,1
1,NewOrder,1770895848.935259,8282,17,1
2,Payment,1770895848.936471,7321,16,1
2,Payment,1770895848.939368,13439,6,1
2,Payment,1770895848.939935,21473,23,1
2,Payment,1770895848.940727,17632,1,1
2,Payment,1770895848.941705,23187,2,1
2,Payment,1770895848.942360,7237,15,1
4,Delivery,1770895848.942409,29206,5,1
1,NewOrder,1770895848.942558,9112,11,1
1,NewOrder,1770895848.942567,16723,13,1
2,Payment,1770895848.942628,18246,8,1
1,NewOrder,1770895848.943010,21851,19,1
2,Payment,1770895848.943502,15297,12,1
1,NewOrder,1770895848.943546,13464,17,1
2,Payment,1770895848.943796,11136,16,1
1,NewOrder,1770895848.946291,15093,10,1
1,NewOrder,1770895848.946691,18850,20,1
2,Payment,1770895848.946748,18743,18,1
1,NewOrder,1770895848.947037,29645,4,1
2,Payment,1770895848.948693,16755,9,1
1,NewOrder,1770895848.949607,16337,15,1
1,NewOrder,1770895848.950017,14444,3,1
1,NewOrder,1770895848.950740,14178,22,1
2,Payment,1770895848.951681,17739,11,1
1,NewOrder,1770895848.952385,11625,7,1
1,NewOrder,1770895848.952810,10118,6,1
2,Payment,1770895848.954067,14192,0,1
2,Payment,1770895848.954629,14085,14,1
2,Payment,1770895848.954938,9862,16,1
2,Payment,1770895848.954991,14079,21,1
2,Payment,1770895848.957013,16420,17,1
3,OrderStatus,1770895848.958375,3485,1,1
2,Payment,1770895848.958803,19171,12,1
2,Payment,1770895848.959297,24308,13,1
2,Payment,1770895848.960899,11167,8,1
2,Payment,1770895848.961393,12985,10,1
2,Payment,1770895848.961419,12513,23,1
2,Payment,1770895848.961866,17303,1,1
2,Payment,1770895848.962945,14220,6,1
2,Payment,1770895848.964020,16586,7,1
2,Payment,1770895848.964471,25073,3,1
2,Payment,1770895848.964807,27660,16,1
1,NewOrder,1770895848.964866,27069,19,1
2,Payment,1770895848.964899,9838,2,1
5,StockLevel,1770895848.964924,9687,22,1
3,OrderStatus,1770895848.965473,3199,9,1
1,NewOrder,1770895848.965516,8489,18,1
1,NewOrder,1770895848.965567,12012,20,1
2,Payment,1770895848.965958,36634,15,1
1,NewOrder,1770895848.968284,22433,0,1
2,Payment,1770895848.968679,17778,9,1
1,NewOrder,1770895848.968723,27429,14,1
2,Payment,1770895848.969087,9744,21,1
1,NewOrder,1770895848.969445,17334,11,1
1,NewOrder,1770895848.971655,9563,5,1
1,NewOrder,1770895848.972076,20680,8,1
1,NewOrder,1770895848.973448,19027,17,1
2,Payment,1770895848.973939,9330,23,1
1,NewOrder,1770895848.974009,23617,18,1
2,Payment,1770895848.974385,15827,10,1
2,Payment,1770895848.974615,13444,22,1
2,Payment,1770895848.974742,26849,2,1
1,NewOrder,1770895848.976705,23650,4,1
3,OrderStatus,1770895848.977178,1819,6,1
2,Payment,1770895848.977593,19281,20,1
1,NewOrder,1770895848.977984,26152,12,1
2,Payment,1770895848.978847,23072,21,1
1,NewOrder,1770895848.979010,13763,6,1
2,Payment,1770895848.979185,28618,1,1
1,NewOrder,1770895848.980632,12461,7,1
1,NewOrder,1770895848.981244,15657,5,1
1,NewOrder,1770895848.983306,20352,23,1
2,Payment,1770895848.983609,24186,13,1
1,NewOrder,1770895848.986482,18812,9,1
2,Payment,1770895848.986804,7316,11,1
1,NewOrder,1770895848.988068,24409,22,1
2,Payment,1770895848.989554,25778,3,1
1,NewOrder,1770895848.990272,12348,10,1
1,NewOrder,1770895848.990728,16532,0,1
1,NewOrder,1770895848.991947,25760,19,1
1,NewOrder,1770895848.992482,35558,16,1
2,Payment,1770895848.992501,23023,17,1
1,NewOrder,1770895848.992781,31016,8,1
5,StockLevel,1770895848.992789,19734,6,1
1,NewOrder,1770895848.993118,28443,7,1
1,NewOrder,1770895848.994127,10820,11,1
2,Payment,1770895848.996175,24527,14,1
2,Payment,1770895848.996880,11377,20,1
1,NewOrder,1770895848.996911,11785,5,1
1,NewOrder,1770895848.997636,12437,18,1
2,Payment,1770895849.000364,20215,4,1
2,Payment,1770895849.001602,25489,2,1
2,Payment,1770895849.001929,12657,21,1
2,Payment,1770895849.002608,24446,15,1
1,NewOrder,1770895849.002647,24402,10,1
2,Payment,1770895849.003663,16380,23,1
2,Payment,1770895849.004142,27164,12,1
2,Payment,1770895849.004972,3228,11,1
1,NewOrder,1770895849.005310,5623,9,1
2,Payment,1770895849.007275,28982,0,1
1,NewOrder,1770895849.007804,14352,13,1
2,Payment,1770895849.007808,22600,1,1
1,NewOrder,1770895849.008205,26688,11,1
3,OrderStatus,1770895849.008263,8016,20,1
1,NewOrder,1770895849.008714,8157,5,1
1,NewOrder,1770895849.010077,7646,18,1
1,NewOrder,1770895849.010946,4489,9,1
2,Payment,1770895849.012487,14166,22,1
1,NewOrder,1770895849.012532,32822,6,1
2,Payment,1770895849.014595,18387,21,1
2,Payment,1770895849.015338,27398,3,1
2,Payment,1770895849.015445,1719,9,1
1,NewOrder,1770895849.015535,16106,17,1
2,Payment,1770895849.016290,20634,20,1
1,NewOrder,1770895849.016897,10130,5,1
3,OrderStatus,1770895849.017190,1513,9,1
2,Payment,1770895849.017732,43380,19,1
1,NewOrder,1770895849.017737,6374,18,1
1,NewOrder,1770895849.018709,6218,9,1
1,NewOrder,1770895849.020054,25670,23,1
1,NewOrder,1770895849.020595,26557,4,1
3,OrderStatus,1770895849.020708,6535,14,1
2,Payment,1770895849.021572,6822,7,1
2,Payment,1770895849.022166,14869,13,1
4,Delivery,1770895849.023822,22846,8,1
2,Payment,1770895849.024123,44294,18,1
1,NewOrder,1770895849.024933,5026,9,1
2,Payment,1770895849.026661,16069,22,1
2,Payment,1770895849.027029,26209,5,1
1,NewOrder,1770895849.027059,12405,10,1
2,Payment,1770895849.027066,15963,15,1
1,NewOrder,1770895849.027098,24231,2,1
1,NewOrder,1770895849.027254,20708,14,1
2,Payment,1770895849.028055,24616,16,1
1,NewOrder,1770895849.028420,12281,7,1
2,Payment,1770895849.029965,3489,9,1
1,NewOrder,1770895849.030414,14564,1,1
1,NewOrder,1770895849.031316,23856,12,1
4,Delivery,1770895849.031645,51895,17,1
2,Payment,1770895849.032993,41009,21,1
2,Payment,1770895849.033465,4303,9,1
1,NewOrder,1770895849.034919,16820,11,1
2,Payment,1770895849.036267,23025,0,1
2,Payment,1770895849.036946,45611,20,1
3,OrderStatus,1770895849.037060,5393,13,1
2,Payment,1770895849.037773,4613,9,1
1,NewOrder,1770895849.039472,28567,10,1
1,NewOrder,1770895849.040711,9035,7,1
1,NewOrder,1770895849.042397,30858,9,1
1,NewOrder,1770895849.042463,29340,13,1
1,NewOrder,1770895849.042740,35539,22,1
2,Payment,1770895849.042746,23681,3,1
1,NewOrder,1770895849.043041,27269,15,1
1,NewOrder,1770895849.044983,29532,1,1
2,Payment,1770895849.045364,10118,6,1
1,NewOrder,1770895849.045737,33576,23,1
3,OrderStatus,1770895849.046674,8415,8,1
4,Delivery,1770895849.047158,18114,4,1
2,Payment,1770895849.047967,6837,14,1
1,NewOrder,1770895849.049756,10434,7,1
4,Delivery,1770895849.051339,14418,2,1
1,NewOrder,1770895849.051746,9763,11,1
2,Payment,1770895849.052697,8503,16,1
1,NewOrder,1770895849.053249,18714,5,1
1,NewOrder,1770895849.054816,16301,14,1
2,Payment,1770895849.055114,7579,8,1
1,NewOrder,1770895849.055199,35277,12,1
3,OrderStatus,1770895849.055493,3445,6,1
2,Payment,1770895849.058962,8715,6,1
2,Payment,1770895849.059314,12693,0,1
1,NewOrder,1770895849.060201,22772,7,1
2,Payment,1770895849.061122,27991,19,1
1,NewOrder,1770895849.061210,26551,16,1
1,NewOrder,1770895849.061519,12537,11,1
2,Payment,1770895849.062703,14197,8,1
2,Payment,1770895849.065277,12374,4,1
1,NewOrder,1770895849.065766,28735,2,1
1,NewOrder,1770895849.066452,12487,3,1
2,Payment,1770895849.067684,17449,6,1
2,Payment,1770895849.068049,23413,10,1
1,NewOrder,1770895849.068429,23491,18,1
2,Payment,1770895849.070326,4644,15,1
5,StockLevel,1770895849.071142,13532,14,1
1,NewOrder,1770895849.071807,19971,13,1
3,OrderStatus,1770895849.071974,9797,5,1
1,NewOrder,1770895849.072012,35485,0,1
1,NewOrder,1770895849.073302,10698,9,1
2,Payment,1770895849.074026,21193,21,1
5,StockLevel,1770895849.074072,12422,11,1
2,Payment,1770895849.074521,10944,1,1
4,Delivery,1770895849.074974,9218,15,1
2,Payment,1770895849.076925,21241,8,1
2,Payment,1770895849.077675,12009,4,1
5,StockLevel,1770895849.078289,9448,22,1
1,NewOrder,1770895849.078950,19664,3,1
2,Payment,1770895849.079338,23884,23,1
2,Payment,1770895849.081782,13634,5,1
2,Payment,1770895849.082568,27738,20,1
2,Payment,1770895849.082999,22122,7,1
3,OrderStatus,1770895849.083563,3855,17,1
1,NewOrder,1770895849.084025,12489,9,1
2,Payment,1770895849.084216,3235,15,1
1,NewOrder,1770895849.084680,32677,14,1
2,Payment,1770895849.085144,29887,6,1
2,Payment,1770895849.085470,16377,1,1
1,NewOrder,1770895849.086498,27521,11,1
1,NewOrder,1770895849.087443,9541,17,1
1,NewOrder,1770895849.087477,13943,15,1
2,Payment,1770895849.087746,33629,22,1
2,Payment,1770895849.087770,6118,16,1
1,NewOrder,1770895849.089123,34025,19,1
2,Payment,1770895849.089710,17428,4,1
1,NewOrder,1770895849.090482,28939,12,1
1,NewOrder,1770895849.091473,27532,10,1
1,NewOrder,1770895849.091789,12461,13,1
1,NewOrder,1770895849.091931,18826,18,1
1,NewOrder,1770895849.093899,20704,16,1
1,NewOrder,1770895849.094512,39439,2,1
1,NewOrder,1770895849.095230,32376,21,1
2,Payment,1770895849.096540,12739,9,1
2,Payment,1770895849.097008,2595,17,1
1,NewOrder,1770895849.098190,33192,8,1
1,NewOrder,1770895849.098621,7038,3,1
2,Payment,1770895849.099611,3930,17,1
2,Payment,1770895849.101427,5006,15,1
1,NewOrder,1770895849.101851,21791,1,1
2,Payment,1770895849.103233,23950,23,1
1,NewOrder,1770895849.103551,25810,17,1
1,NewOrder,1770895849.104272,19493,13,1
1,NewOrder,1770895849.105131,31118,7,1
1,NewOrder,1770895849.105665,23361,3,1
1,NewOrder,1770895849.106437,21139,15,1
2,Payment,1770895849.107148,7428,4,1
1,NewOrder,1770895849.107529,24687,0,1
1,NewOrder,1770895849.109289,28358,9,1
5,StockLevel,1770895849.110317,19478,20,1
2,Payment,1770895849.110768,23208,18,1
3,OrderStatus,1770895849.114584,10466,4,1
3,OrderStatus,1770895849.115037,3866,6,1
1,NewOrder,1770895849.117368,22609,14,1
2,Payment,1770895849.118916,5796,6,1
2,Payment,1770895849.119017,12703,10,1
1,NewOrder,1770895849.119432,21579,12,1
2,Payment,1770895849.123174,17182,19,1
2,Payment,1770895849.123653,13129,1,1
1,NewOrder,1770895849.123774,17220,13,1
1,NewOrder,1770895849.124726,25022,6,1
5,StockLevel,1770895849.127218,20850,23,1
1,NewOrder,1770895849.129037,20730,3,1
2,Payment,1770895849.129371,4076,17,1
2,Payment,1770895849.131388,7717,8,1
2,Payment,1770895849.132227,14342,0,1
2,Payment,1770895849.133452,4656,17,1
2,Payment,1770895849.133987,15723,18,1
2,Payment,1770895849.137657,5197,9,1
1,NewOrder,1770895849.138120,11547,17,1
2,Payment,1770895849.140001,6330,14,1
