Transaction Type Index,Transaction Name,Start Time (microseconds),Latency (microseconds),Worker Id (start number),Phase Id (index in config file)
2,Payment,1772006848.981126,93362,6,1
1,NewOrder,1772006848.981127,100424,2,1
1,NewOrder,1772006848.981127,145552,23,1
2,Payment,1772006848.981127,70815,3,1
1,NewOrder,1772006848.981130,142982,4,1
5,StockLevel,1772006848.981134,82487,1,1
2,Payment,1772006848.981203,35471,0,1
1,NewOrder,1772006848.981293,94963,7,1
4,Delivery,1772006848.981515,183673,5,1
2,Payment,1772006848.981723,58889,8,1
1,NewOrder,1772006848.981935,159243,9,1
2,Payment,1772006848.982160,134376,10,1
5,StockLevel,1772006848.982356,42363,17,1
1,NewOrder,1772006848.982570,97744,11,1
2,Payment,1772006848.982787,79322,14,1
4,Delivery,1772006848.983002,57117,12,1
1,NewOrder,1772006848.983217,73990,13,1
3,OrderStatus,1772006848.983419,60783,15,1
1,NewOrder,1772006848.983634,88969,16,1
2,Payment,1772006848.983843,142709,18,1
2,Payment,1772006848.998547,83652,19,1
5,StockLevel,1772006848.998558,90389,22,1
2,Payment,1772006848.998569,107074,21,1
2,Payment,1772006848.998585,50839,20,1
1,NewOrder,1772006849.016786,81347,0,1
1,NewOrder,1772006849.024757,42407,17,1
1,NewOrder,1772006849.040157,103820,12,1
1,NewOrder,1772006849.040695,86843,8,1
1,NewOrder,1772006849.044248,54586,15,1
1,NewOrder,1772006849.049457,86609,20,1
4,Delivery,1772006849.051973,113648,3,1
2,Payment,1772006849.057240,14530,13,1
1,NewOrder,1772006849.062145,111748,14,1
1,NewOrder,1772006849.063650,93564,1,1
2,Payment,1772006849.067183,13552,17,1
1,NewOrder,1772006849.071791,21538,13,1
2,Payment,1772006849.072633,24451,16,1
2,Payment,1772006849.074519,69062,6,1
1,NewOrder,1772006849.076287,29742,7,1
1,NewOrder,1772006849.080342,27789,11,1
2,Payment,1772006849.080754,25155,17,1
1,NewOrder,1772006849.081589,74180,2,1
1,NewOrder,1772006849.082223,52042,19,1
2,Payment,1772006849.088983,77519,22,1
1,NewOrder,1772006849.093350,57475,13,1
2,Payment,1772006849.097122,16477,16,1
1,NewOrder,1772006849.098153,62192,0,1
1,NewOrder,1772006849.098851,27732,15,1
1,NewOrder,1772006849.105677,39729,21,1
2,Payment,1772006849.105929,20572,17,1
2,Payment,1772006849.106050,48856,7,1
1,NewOrder,1772006849.108147,18466,11,1
3,OrderStatus,1772006849.113630,6841,16,1
1,NewOrder,1772006849.116592,118706,10,1
1,NewOrder,1772006849.120491,65312,16,1
2,Payment,1772006849.124143,34210,4,1
2,Payment,1772006849.126521,8519,17,1
1,NewOrder,1772006849.126582,63111,18,1
2,Payment,1772006849.126602,17948,15,1
1,NewOrder,1772006849.126630,20824,11,1
1,NewOrder,1772006849.126703,39262,23,1
1,NewOrder,1772006849.127554,45107,8,1
1,NewOrder,1772006849.134289,23428,19,1
1,NewOrder,1772006849.135058,23193,17,1
2,Payment,1772006849.136087,46448,20,1
1,NewOrder,1772006849.141215,51766,9,1
1,NewOrder,1772006849.143609,88146,6,1
1,NewOrder,1772006849.143998,33098,12,1
1,NewOrder,1772006849.144566,14351,15,1
2,Payment,1772006849.145422,46733,21,1
3,OrderStatus,1772006849.147473,9576,11,1
4,Delivery,1772006849.150860,24261,13,1
2,Payment,1772006849.154930,12571,7,1
1,NewOrder,1772006849.155786,35107,2,1
2,Payment,1772006849.157067,20510,11,1
2,Payment,1772006849.157233,22464,1,1
2,Payment,1772006849.157736,66010,19,1
1,NewOrder,1772006849.158266,19254,17,1
1,NewOrder,1772006849.158364,47906,4,1
2,Payment,1772006849.158938,8060,15,1
2,Payment,1772006849.160363,35131,0,1
1,NewOrder,1772006849.165227,92540,5,1
1,NewOrder,1772006849.165642,43286,3,1
2,Payment,1772006849.165991,49444,23,1
4,Delivery,1772006849.166517,102913,22,1
1,NewOrder,1772006849.167015,25097,15,1
2,Payment,1772006849.167515,17549,7,1
2,Payment,1772006849.172687,28244,8,1
2,Payment,1772006849.173912,25083,14,1
2,Payment,1772006849.175150,35778,13,1
3,OrderStatus,1772006849.177115,10352,12,1
2,Payment,1772006849.177553,72924,17,1
1,NewOrder,1772006849.177596,22102,11,1
5,StockLevel,1772006849.179719,19591,1,1
1,NewOrder,1772006849.182558,49299,20,1
2,Payment,1772006849.185093,24490,7,1
1,NewOrder,1772006849.185818,19786,16,1
2,Payment,1772006849.187488,43876,12,1
1,NewOrder,1772006849.189719,20171,18,1
1,NewOrder,1772006849.190920,36273,2,1
1,NewOrder,1772006849.192152,19448,15,1
1,NewOrder,1772006849.192173,21809,21,1
1,NewOrder,1772006849.192994,48853,9,1
1,NewOrder,1772006849.195512,50195,0,1
3,OrderStatus,1772006849.199013,12396,14,1
2,Payment,1772006849.199322,24944,1,1
2,Payment,1772006849.199710,29996,11,1
2,Payment,1772006849.200950,23461,8,1
2,Payment,1772006849.205626,55845,16,1
1,NewOrder,1772006849.206288,37035,4,1
2,Payment,1772006849.208956,21238,3,1
1,NewOrder,1772006849.209602,14487,7,1
2,Payment,1772006849.209910,21808,18,1
1,NewOrder,1772006849.210946,13579,13,1
1,NewOrder,1772006849.211427,48008,14,1
2,Payment,1772006849.211612,65410,15,1
1,NewOrder,1772006849.214000,11318,21,1
2,Payment,1772006849.215452,40011,23,1
1,NewOrder,1772006849.223779,22959,19,1
2,Payment,1772006849.224107,39311,7,1
2,Payment,1772006849.224287,20471,1,1
2,Payment,1772006849.224429,20675,8,1
2,Payment,1772006849.224539,65330,13,1
1,NewOrder,1772006849.225336,12843,21,1
1,NewOrder,1772006849.227216,35734,2,1
1,NewOrder,1772006849.229724,12595,11,1
1,NewOrder,1772006849.230213,12133,3,1
2,Payment,1772006849.231393,73532,12,1
2,Payment,1772006849.231740,32831,18,1
1,NewOrder,1772006849.231775,18606,6,1
1,NewOrder,1772006849.231878,18079,20,1
2,Payment,1772006849.235319,42332,10,1
2,Payment,1772006849.238199,29897,21,1
1,NewOrder,1772006849.241869,45239,9,1
5,StockLevel,1772006849.242341,38814,11,1
1,NewOrder,1772006849.242364,21400,3,1
4,Delivery,1772006849.243338,68621,4,1
1,NewOrder,1772006849.244773,29403,1,1
1,NewOrder,1772006849.245125,36872,8,1
2,Payment,1772006849.245719,14222,0,1
1,NewOrder,1772006849.246756,15817,19,1
1,NewOrder,1772006849.249975,15728,20,1
2,Payment,1772006849.250400,43331,6,1
2,Payment,1772006849.250494,64881,17,1
1,NewOrder,1772006849.255502,36535,23,1
5,StockLevel,1772006849.257795,33569,5,1
1,NewOrder,1772006849.259457,26178,14,1
2,Payment,1772006849.259962,24187,0,1
2,Payment,1772006849.261490,65616,16,1
1,NewOrder,1772006849.262595,40359,19,1
1,NewOrder,1772006849.262968,31337,2,1
1,NewOrder,1772006849.263442,27227,7,1
1,NewOrder,1772006849.263784,28901,3,1
1,NewOrder,1772006849.264587,22550,18,1
2,Payment,1772006849.265722,6488,20,1
1,NewOrder,1772006849.268121,17147,21,1
2,Payment,1772006849.269447,14015,22,1
2,Payment,1772006849.272231,24326,20,1
1,NewOrder,1772006849.274200,21999,1,1
2,Payment,1772006849.277053,66487,15,1
2,Payment,1772006849.277670,26322,10,1
2,Payment,1772006849.281176,48607,11,1
2,Payment,1772006849.282015,34587,8,1
2,Payment,1772006849.283479,24104,22,1
1,NewOrder,1772006849.284169,32734,0,1
2,Payment,1772006849.285295,34111,21,1
3,OrderStatus,1772006849.285655,2766,14,1
2,Payment,1772006849.287125,57730,9,1
1,NewOrder,1772006849.287154,26095,18,1
1,NewOrder,1772006849.288436,17292,14,1
2,Payment,1772006849.289889,65676,13,1
1,NewOrder,1772006849.290685,20403,7,1
1,NewOrder,1772006849.291382,35137,5,1
2,Payment,1772006849.292057,40582,23,1
1,NewOrder,1772006849.292698,13335,3,1
4,Delivery,1772006849.293757,18167,6,1
1,NewOrder,1772006849.294319,34639,2,1
5,StockLevel,1772006849.296218,13831,1,1
1,NewOrder,1772006849.296574,14946,20,1
2,Payment,1772006849.302980,43493,19,1
2,Payment,1772006849.304013,52083,10,1
2,Payment,1772006849.304945,69389,12,1
2,Payment,1772006849.305747,78576,14,1
5,StockLevel,1772006849.306051,29136,3,1
1,NewOrder,1772006849.307599,76758,22,1
2,Payment,1772006849.310065,6826,1,1
5,StockLevel,1772006849.311106,17733,7,1
1,NewOrder,1772006849.311544,16457,20,1
1,NewOrder,1772006849.311944,25222,6,1
1,NewOrder,1772006849.311974,16430,4,1
1,NewOrder,1772006849.313267,40560,18,1
2,Payment,1772006849.315393,77784,17,1
1,NewOrder,1772006849.316617,24570,8,1
1,NewOrder,1772006849.316900,10606,1,1
1,NewOrder,1772006849.316919,30332,0,1
1,NewOrder,1772006849.319427,32463,21,1
2,Payment,1772006849.326557,21132,5,1
2,Payment,1772006849.327133,75242,16,1
1,NewOrder,1772006849.327530,14255,1,1
2,Payment,1772006849.328018,33969,20,1
1,NewOrder,1772006849.328420,8324,4,1
2,Payment,1772006849.328852,50977,7,1
5,StockLevel,1772006849.328982,31293,2,1
3,OrderStatus,1772006849.329799,8612,11,1
2,Payment,1772006849.332658,35276,23,1
4,Delivery,1772006849.335207,27276,3,1
1,NewOrder,1772006849.336763,6005,4,1
2,Payment,1772006849.337195,29782,6,1
1,NewOrder,1772006849.338432,16625,11,1
2,Payment,1772006849.341205,44338,8,1
3,OrderStatus,1772006849.341802,2113,1,1
2,Payment,1772006849.342786,14929,4,1
1,NewOrder,1772006849.343556,37304,15,1
2,Payment,1772006849.343931,28143,1,1
1,NewOrder,1772006849.344876,10771,9,1
1,NewOrder,1772006849.346493,19691,19,1
2,Payment,1772006849.347267,31110,0,1
4,Delivery,1772006849.347706,15255,5,1
2,Payment,1772006849.351917,32035,21,1
1,NewOrder,1772006849.353846,18606,18,1
2,Payment,1772006849.355078,53677,11,1
4,Delivery,1772006849.355598,29335,13,1
2,Payment,1772006849.355666,42408,9,1
1,NewOrder,1772006849.356113,7662,10,1
2,Payment,1772006849.357732,31890,4,1
2,Payment,1772006849.360297,34681,2,1
2,Payment,1772006849.362006,40946,20,1
1,NewOrder,1772006849.362500,4936,3,1
2,Payment,1772006849.362983,40976,5,1
1,NewOrder,1772006849.363789,7549,10,1
1,NewOrder,1772006849.366200,18787,19,1
1,NewOrder,1772006849.366997,14210,6,1
2,Payment,1772006849.367454,44034,3,1
2,Payment,1772006849.367950,28720,23,1
2,Payment,1772006849.371355,54229,10,1
1,NewOrder,1772006849.372090,26880,1,1
1,NewOrder,1772006849.372465,6309,18,1
1,NewOrder,1772006849.374356,31692,12,1
2,Payment,1772006849.378414,42455,0,1
2,Payment,1772006849.378790,12422,18,1
2,Payment,1772006849.379845,52756,7,1
1,NewOrder,1772006849.380870,7776,15,1
2,Payment,1772006849.381227,36867,6,1
2,Payment,1772006849.383976,28878,21,1
2,Payment,1772006849.384341,36118,14,1
4,Delivery,1772006849.384378,32475,22,1
1,NewOrder,1772006849.384949,7679,13,1
2,Payment,1772006849.385000,38486,19,1
1,NewOrder,1772006849.385555,27783,8,1
2,Payment,1772006849.388666,22655,15,1
2,Payment,1772006849.389638,39089,4,1
5,StockLevel,1772006849.391226,17175,18,1
2,Payment,1772006849.392644,40354,13,1
2,Payment,1772006849.393195,33238,17,1
1,NewOrder,1772006849.394996,16460,2,1
2,Payment,1772006849.396699,42015,23,1
1,NewOrder,1772006849.398100,15270,9,1
1,NewOrder,1772006849.399005,18461,1,1
3,OrderStatus,1772006849.402422,5215,16,1
2,Payment,1772006849.402962,68858,20,1
1,NewOrder,1772006849.403977,25359,5,1
4,Delivery,1772006849.406071,8108,12,1
2,Payment,1772006849.407653,34643,16,1
3,OrderStatus,1772006849.408411,5445,18,1
2,Payment,1772006849.408768,35637,11,1
5,StockLevel,1772006849.411335,20720,15,1
2,Payment,1772006849.411475,28540,2,1
1,NewOrder,1772006849.411498,21539,3,1
4,Delivery,1772006849.412870,5106,21,1
2,Payment,1772006849.413351,39241,8,1
1,NewOrder,1772006849.413384,11350,9,1
1,NewOrder,1772006849.413874,22891,18,1
2,Payment,1772006849.414193,50157,12,1
2,Payment,1772006849.416873,17853,22,1
2,Payment,1772006849.417494,32451,1,1
2,Payment,1772006849.417990,29983,21,1
1,NewOrder,1772006849.418108,17691,6,1
3,OrderStatus,1772006849.420481,4338,14,1
3,OrderStatus,1772006849.420883,10314,0,1
2,Payment,1772006849.423504,30780,19,1
2,Payment,1772006849.424748,38201,9,1
1,NewOrder,1772006849.424831,14298,14,1
1,NewOrder,1772006849.425598,30834,10,1
2,Payment,1772006849.426446,24514,17,1
2,Payment,1772006849.428741,51812,4,1
2,Payment,1772006849.429350,35816,5,1
1,NewOrder,1772006849.431212,28907,0,1
2,Payment,1772006849.432069,14476,15,1
2,Payment,1772006849.432613,40359,7,1
1,NewOrder,1772006849.433010,5393,13,1
2,Payment,1772006849.433063,22739,3,1
1,NewOrder,1772006849.434741,25811,22,1
4,Delivery,1772006849.435815,12596,6,1
1,NewOrder,1772006849.436782,21520,18,1
4,Delivery,1772006849.438417,9532,13,1
1,NewOrder,1772006849.438722,8812,23,1
2,Payment,1772006849.439143,17217,14,1
1,NewOrder,1772006849.440028,33871,2,1
2,Payment,1772006849.442310,29066,16,1
2,Payment,1772006849.444420,38529,11,1
2,Payment,1772006849.446561,30181,15,1
5,StockLevel,1772006849.447549,16689,23,1
2,Payment,1772006849.447970,38819,13,1
2,Payment,1772006849.447986,13621,21,1
2,Payment,1772006849.448427,46412,6,1
2,Payment,1772006849.449957,44855,1,1
2,Payment,1772006849.450973,53743,17,1
1,NewOrder,1772006849.452607,21946,8,1
2,Payment,1772006849.454300,43087,19,1
1,NewOrder,1772006849.455815,16024,3,1
1,NewOrder,1772006849.456369,10580,14,1
1,NewOrder,1772006849.456447,37851,10,1
1,NewOrder,1772006849.458318,23971,18,1
2,Payment,1772006849.460136,44537,0,1
2,Payment,1772006849.460566,22327,22,1
1,NewOrder,1772006849.461620,21302,21,1
1,NewOrder,1772006849.462968,46035,9,1
1,NewOrder,1772006849.464251,11968,23,1
1,NewOrder,1772006849.464359,22414,12,1
1,NewOrder,1772006849.465184,24796,5,1
1,NewOrder,1772006849.466963,19819,14,1
2,Payment,1772006849.471392,64615,16,1
1,NewOrder,1772006849.471836,23592,20,1
2,Payment,1772006849.471854,49043,3,1
1,NewOrder,1772006849.472988,42536,7,1
2,Payment,1772006849.473914,63242,2,1
1,NewOrder,1772006849.474566,19694,8,1
5,StockLevel,1772006849.476232,9471,23,1
1,NewOrder,1772006849.476757,15860,15,1
3,OrderStatus,1772006849.480568,9955,4,1
5,StockLevel,1772006849.482302,5580,18,1
2,Payment,1772006849.482915,24686,22,1
5,StockLevel,1772006849.482939,29326,21,1
1,NewOrder,1772006849.482961,13088,11,1
2,Payment,1772006849.485718,30304,23,1
2,Payment,1772006849.486793,30346,12,1
1,NewOrder,1772006849.486796,34117,14,1
1,NewOrder,1772006849.486807,29771,13,1
1,NewOrder,1772006849.487895,6800,18,1
1,NewOrder,1772006849.489998,26134,5,1
2,Payment,1772006849.490540,58686,4,1
1,NewOrder,1772006849.492633,20002,15,1
5,StockLevel,1772006849.494274,31776,8,1
1,NewOrder,1772006849.494311,31421,10,1
2,Payment,1772006849.494703,32331,18,1
1,NewOrder,1772006849.494820,30426,1,1
2,Payment,1772006849.494855,9776,6,1
1,NewOrder,1772006849.495439,22481,20,1
4,Delivery,1772006849.496063,97096,11,1
4,Delivery,1772006849.497400,31428,19,1
2,Payment,1772006849.504654,14729,6,1
1,NewOrder,1772006849.504694,30874,0,1
1,NewOrder,1772006849.504735,39015,17,1
1,NewOrder,1772006849.507617,30468,22,1
2,Payment,1772006849.509018,19357,9,1
2,Payment,1772006849.512285,23785,21,1
2,Payment,1772006849.512649,13057,15,1
2,Payment,1772006849.515543,20482,7,1
1,NewOrder,1772006849.516032,25909,23,1
1,NewOrder,1772006849.516151,21371,5,1
2,Payment,1772006849.516600,29812,13,1
1,NewOrder,1772006849.517154,26971,12,1
2,Payment,1772006849.517932,34066,20,1
2,Payment,1772006849.519398,24700,6,1
3,OrderStatus,1772006849.520909,9877,3,1
2,Payment,1772006849.520930,39308,14,1
1,NewOrder,1772006849.525262,19837,1,1
2,Payment,1772006849.525722,55980,15,1
4,Delivery,1772006849.525745,67838,10,1
1,NewOrder,1772006849.526064,16814,8,1
1,NewOrder,1772006849.527045,33149,18,1
4,Delivery,1772006849.528387,65135,9,1
2,Payment,1772006849.528843,28114,19,1
1,NewOrder,1772006849.530801,34835,3,1
2,Payment,1772006849.535584,24186,0,1
1,NewOrder,1772006849.536029,36207,16,1
3,OrderStatus,1772006849.536036,3968,7,1
2,Payment,1772006849.536083,30103,21,1
1,NewOrder,1772006849.537170,36189,2,1
2,Payment,1772006849.537549,34166,5,1
1,NewOrder,1772006849.538100,14621,22,1
1,NewOrder,1772006849.540017,12772,7,1
4,Delivery,1772006849.541954,78608,23,1
2,Payment,1772006849.542902,6726,8,1
2,Payment,1772006849.543768,24182,17,1
2,Payment,1772006849.544114,12097,6,1
1,NewOrder,1772006849.544135,9018,12,1
1,NewOrder,1772006849.545116,21598,1,1
5,StockLevel,1772006849.546425,30342,13,1
1,NewOrder,1772006849.549242,35064,4,1
2,Payment,1772006849.549644,16506,8,1
1,NewOrder,1772006849.552015,24756,20,1
1,NewOrder,1772006849.552735,37935,22,1
1,NewOrder,1772006849.552803,23560,7,1
1,NewOrder,1772006849.553165,19532,12,1
1,NewOrder,1772006849.556227,26750,6,1
2,Payment,1772006849.556972,23094,19,1
1,NewOrder,1772006849.559786,18951,0,1
1,NewOrder,1772006849.560209,25589,18,1
2,Payment,1772006849.560252,42553,14,1
2,Payment,1772006849.565652,16516,3,1
2,Payment,1772006849.566168,10664,8,1
2,Payment,1772006849.566199,23094,21,1
1,NewOrder,1772006849.566731,30375,1,1
1,NewOrder,1772006849.567961,40155,17,1
1,NewOrder,1772006849.571732,33542,5,1
2,Payment,1772006849.572249,46093,16,1
1,NewOrder,1772006849.572717,26225,12,1
1,NewOrder,1772006849.573371,14720,2,1
2,Payment,1772006849.576404,17406,7,1
1,NewOrder,1772006849.576779,56587,20,1
3,OrderStatus,1772006849.576782,6090,13,1
2,Payment,1772006849.576842,6938,8,1
2,Payment,1772006849.578744,9027,0,1
1,NewOrder,1772006849.580076,37426,19,1
5,StockLevel,1772006849.581712,27050,15,1
2,Payment,1772006849.582174,12009,3,1
2,Payment,1772006849.582884,45439,13,1
2,Payment,1772006849.582987,20264,6,1
5,StockLevel,1772006849.583787,18669,8,1
2,Payment,1772006849.584315,16022,4,1
1,NewOrder,1772006849.585806,19577,18,1
1,NewOrder,1772006849.587781,15410,0,1
1,NewOrder,1772006849.588100,16871,2,1
5,StockLevel,1772006849.589304,15433,21,1
1,NewOrder,1772006849.590681,28398,22,1
2,Payment,1772006849.593170,43517,11,1
2,Payment,1772006849.593540,34391,9,1
1,NewOrder,1772006849.593593,26702,10,1
2,Payment,1772006849.593818,16931,7,1
3,OrderStatus,1772006849.594190,4302,3,1
2,Payment,1772006849.597116,14171,1,1
2,Payment,1772006849.598501,19425,3,1
1,NewOrder,1772006849.598955,34689,12,1
1,NewOrder,1772006849.600349,19309,4,1
2,Payment,1772006849.602465,68755,8,1
1,NewOrder,1772006849.602816,61471,14,1
2,Payment,1772006849.603201,38555,0,1
2,Payment,1772006849.603257,44779,6,1
1,NewOrder,1772006849.604748,31611,21,1
4,Delivery,1772006849.604982,47513,2,1
2,Payment,1772006849.605283,23990,5,1
1,NewOrder,1772006849.605391,7417,18,1
1,NewOrder,1772006849.608125,24676,17,1
2,Payment,1772006849.608774,32179,15,1
1,NewOrder,1772006849.610760,21741,7,1
1,NewOrder,1772006849.611299,41218,1,1
3,OrderStatus,1772006849.612819,3794,18,1
2,Payment,1772006849.616625,7529,18,1
1,NewOrder,1772006849.617512,37829,19,1
2,Payment,1772006849.617936,33201,3,1
1,NewOrder,1772006849.618352,57298,16,1
1,NewOrder,1772006849.619088,15025,22,1
3,OrderStatus,1772006849.619670,3805,4,1
2,Payment,1772006849.620308,44428,10,1
1,NewOrder,1772006849.620572,27938,23,1
1,NewOrder,1772006849.623487,32446,4,1
1,NewOrder,1772006849.624165,22062,18,1
2,Payment,1772006849.627942,52820,9,1
2,Payment,1772006849.628329,24136,13,1
1,NewOrder,1772006849.629283,12462,5,1
2,Payment,1772006849.632513,56138,7,1
2,Payment,1772006849.632808,23675,17,1
2,Payment,1772006849.633379,3716,20,1
2,Payment,1772006849.633654,31041,12,1
1,NewOrder,1772006849.634120,8477,22,1
2,Payment,1772006849.636368,13678,21,1
1,NewOrder,1772006849.636699,27978,11,1
1,NewOrder,1772006849.637104,5776,20,1
1,NewOrder,1772006849.640975,38375,15,1
1,NewOrder,1772006849.641759,11675,5,1
2,Payment,1772006849.641771,23945,0,1
1,NewOrder,1772006849.642611,10463,22,1
1,NewOrder,1772006849.642887,5985,20,1
1,NewOrder,1772006849.646246,41456,18,1
1,NewOrder,1772006849.648051,43908,6,1
1,NewOrder,1772006849.648522,36630,23,1
1,NewOrder,1772006849.648881,5530,20,1
1,NewOrder,1772006849.650058,39577,21,1
1,NewOrder,1772006849.651159,25498,3,1
2,Payment,1772006849.652477,25315,13,1
2,Payment,1772006849.652512,36235,2,1
1,NewOrder,1772006849.652534,39710,1,1
1,NewOrder,1772006849.653083,13238,22,1
2,Payment,1772006849.653442,50678,5,1
1,NewOrder,1772006849.654419,14416,20,1
5,StockLevel,1772006849.655352,22793,19,1
1,NewOrder,1772006849.655946,37825,4,1
5,StockLevel,1772006849.656496,19387,17,1
1,NewOrder,1772006849.664310,32502,14,1
5,StockLevel,1772006849.664686,19338,11,1
1,NewOrder,1772006849.664712,23999,12,1
1,NewOrder,1772006849.664742,44325,10,1
2,Payment,1772006849.665726,46791,0,1
1,NewOrder,1772006849.666327,13698,22,1
2,Payment,1772006849.668843,8250,20,1
1,NewOrder,1772006849.671230,23348,8,1
1,NewOrder,1772006849.675659,29627,16,1
1,NewOrder,1772006849.675895,20305,17,1
2,Payment,1772006849.676667,44960,3,1
2,Payment,1772006849.677102,7020,20,1
1,NewOrder,1772006849.677801,38680,13,1
1,NewOrder,1772006849.678153,34450,19,1
2,Payment,1772006849.679359,10869,15,1
4,Delivery,1772006849.680035,45924,22,1
2,Payment,1772006849.680768,19045,9,1
5,StockLevel,1772006849.684034,11049,11,1
2,Payment,1772006849.684126,8170,20,1
1,NewOrder,1772006849.685163,42189,23,1
4,Delivery,1772006849.687712,38727,18,1
1,NewOrder,1772006849.688663,26881,7,1
2,Payment,1772006849.688720,13187,12,1
2,Payment,1772006849.688759,42867,2,1
4,Delivery,1772006849.689643,36773,21,1
2,Payment,1772006849.690235,19309,15,1
3,OrderStatus,1772006849.691968,4393,6,1
4,Delivery,1772006849.692256,18672,1,1
2,Payment,1772006849.692301,8030,20,1
5,StockLevel,1772006849.693782,14392,4,1
2,Payment,1772006849.694588,18054,8,1
2,Payment,1772006849.695096,22156,11,1
2,Payment,1772006849.696209,19705,17,1
1,NewOrder,1772006849.696370,15368,6,1
1,NewOrder,1772006849.696823,11600,14,1
1,NewOrder,1772006849.699822,33699,9,1
1,NewOrder,1772006849.700358,17592,20,1
2,Payment,1772006849.701916,22426,12,1
1,NewOrder,1772006849.704127,20959,5,1
2,Payment,1772006849.705298,34796,16,1
2,Payment,1772006849.708187,36470,4,1
4,Delivery,1772006849.708432,50036,14,1
1,NewOrder,1772006849.709080,27077,10,1
2,Payment,1772006849.709571,19436,15,1
4,Delivery,1772006849.710939,22194,1,1
2,Payment,1772006849.711744,11065,6,1
2,Payment,1772006849.712548,23661,0,1
2,Payment,1772006849.712623,10937,19,1
1,NewOrder,1772006849.712649,40317,8,1
1,NewOrder,1772006849.715582,15351,7,1
2,Payment,1772006849.715922,29041,17,1
1,NewOrder,1772006849.716487,24486,13,1
3,OrderStatus,1772006849.717259,5057,11,1
1,NewOrder,1772006849.717959,27132,20,1
2,Payment,1772006849.721636,27554,3,1
1,NewOrder,1772006849.722323,24890,11,1
1,NewOrder,1772006849.722819,27355,6,1
2,Payment,1772006849.723566,8545,19,1
2,Payment,1772006849.724350,26297,12,1
2,Payment,1772006849.725092,29305,5,1
1,NewOrder,1772006849.725966,21681,22,1
2,Payment,1772006849.726423,15081,21,1
1,NewOrder,1772006849.726448,18618,18,1
2,Payment,1772006849.727362,20697,23,1
1,NewOrder,1772006849.729016,18584,15,1
2,Payment,1772006849.730940,4905,7,1
2,Payment,1772006849.731636,32840,2,1
1,NewOrder,1772006849.732121,39716,19,1
1,NewOrder,1772006849.733143,20363,1,1
2,Payment,1772006849.733536,12459,9,1
2,Payment,1772006849.735856,17582,7,1
1,NewOrder,1772006849.736164,12640,10,1
1,NewOrder,1772006849.736217,40477,0,1
2,Payment,1772006849.740101,26630,16,1
2,Payment,1772006849.740983,15462,13,1
1,NewOrder,1772006849.741511,38320,21,1
2,Payment,1772006849.744667,26012,4,1
2,Payment,1772006849.744972,16910,17,1
1,NewOrder,1772006849.745073,39275,18,1
1,NewOrder,1772006849.745097,30155,20,1
1,NewOrder,1772006849.745999,30272,9,1
1,NewOrder,1772006849.747223,38421,11,1
1,NewOrder,1772006849.747606,54831,15,1
5,StockLevel,1772006849.747651,16493,22,1
2,Payment,1772006849.748074,22135,23,1
1,NewOrder,1772006849.748812,21939,10,1
1,NewOrder,1772006849.749201,17173,3,1
2,Payment,1772006849.750184,13677,6,1
3,OrderStatus,1772006849.750663,12881,12,1
4,Delivery,1772006849.752973,69617,8,1
2,Payment,1772006849.753446,23157,7,1
2,Payment,1772006849.753511,24000,1,1
1,NewOrder,1772006849.754404,12350,5,1
1,NewOrder,1772006849.756455,15782,13,1
4,Delivery,1772006849.758478,42199,14,1
5,StockLevel,1772006849.761890,24859,17,1
1,NewOrder,1772006849.763550,38465,12,1
2,Payment,1772006849.763872,22160,6,1
2,Payment,1772006849.764151,11574,22,1
2,Payment,1772006849.764482,15871,2,1
1,NewOrder,1772006849.766386,28607,3,1
1,NewOrder,1772006849.766741,8840,16,1
2,Payment,1772006849.766762,18482,5,1
1,NewOrder,1772006849.770221,23597,23,1
2,Payment,1772006849.770685,23800,4,1
1,NewOrder,1772006849.770758,5866,10,1
2,Payment,1772006849.771844,12840,19,1
2,Payment,1772006849.772248,3305,13,1
1,NewOrder,1772006849.775261,17184,20,1
4,Delivery,1772006849.775561,25400,13,1
4,Delivery,1772006849.775586,25404,16,1
2,Payment,1772006849.775736,16093,22,1
2,Payment,1772006849.776286,21475,9,1
2,Payment,1772006849.776613,29725,7,1
1,NewOrder,1772006849.776630,30505,10,1
4,Delivery,1772006849.776700,6659,0,1
2,Payment,1772006849.777522,31217,1,1
2,Payment,1772006849.779841,20243,21,1
1,NewOrder,1772006849.780361,15629,2,1
1,NewOrder,1772006849.783368,24920,0,1
1,NewOrder,1772006849.784357,18567,18,1
2,Payment,1772006849.784694,25387,19,1
5,StockLevel,1772006849.785252,12376,5,1
1,NewOrder,1772006849.785655,38147,11,1
1,NewOrder,1772006849.786041,36710,6,1
2,Payment,1772006849.786756,6022,17,1
2,Payment,1772006849.791839,32694,22,1
1,NewOrder,1772006849.792455,29982,20,1
2,Payment,1772006849.792783,10554,17,1
1,NewOrder,1772006849.793826,8637,23,1
1,NewOrder,1772006849.794490,32327,4,1
1,NewOrder,1772006849.795003,22760,3,1
2,Payment,1772006849.795995,30445,2,1
1,NewOrder,1772006849.797634,19482,5,1
2,Payment,1772006849.797772,16461,9,1
1,NewOrder,1772006849.800092,37350,21,1
2,Payment,1772006849.800687,9762,14,1
2,Payment,1772006849.800971,27656,13,1
2,Payment,1772006849.800997,17142,16,1
4,Delivery,1772006849.802024,11435,12,1
2,Payment,1772006849.802443,35719,15,1
1,NewOrder,1772006849.802471,15621,23,1
1,NewOrder,1772006849.802932,12312,18,1
1,NewOrder,1772006849.803348,44303,17,1
1,NewOrder,1772006849.806346,15806,7,1
1,NewOrder,1772006849.807142,59504,10,1
2,Payment,1772006849.808297,28658,0,1
2,Payment,1772006849.808750,42051,1,1
1,NewOrder,1772006849.810095,27329,19,1
2,Payment,1772006849.810455,45190,14,1
2,Payment,1772006849.813467,59222,12,1
1,NewOrder,1772006849.814243,21115,9,1
2,Payment,1772006849.815252,17950,18,1
1,NewOrder,1772006849.817128,25725,5,1
4,Delivery,1772006849.817769,25557,3,1
1,NewOrder,1772006849.818102,16352,23,1
1,NewOrder,1772006849.818147,49113,16,1
1,NewOrder,1772006849.822160,27012,7,1
1,NewOrder,1772006849.822444,12501,20,1
2,Payment,1772006849.822594,9745,8,1
1,NewOrder,1772006849.822758,17221,6,1
1,NewOrder,1772006849.823811,24348,11,1
2,Payment,1772006849.824539,16638,22,1
1,NewOrder,1772006849.826450,28125,2,1
4,Delivery,1772006849.826824,16919,4,1
2,Payment,1772006849.828639,56278,13,1
1,NewOrder,1772006849.832348,52924,8,1
1,NewOrder,1772006849.833211,12410,18,1
1,NewOrder,1772006849.834465,14053,23,1
2,Payment,1772006849.834955,16314,20,1
4,Delivery,1772006849.835369,81390,9,1
2,Payment,1772006849.836960,27751,0,1
1,NewOrder,1772006849.837434,54788,19,1
1,NewOrder,1772006849.837447,16132,21,1
2,Payment,1772006849.838173,54999,15,1
1,NewOrder,1772006849.839988,16688,6,1
2,Payment,1772006849.841186,21872,22,1
2,Payment,1772006849.842860,36966,5,1
1,NewOrder,1772006849.843335,42297,3,1
1,NewOrder,1772006849.843751,33580,4,1
1,NewOrder,1772006849.845627,7981,18,1
2,Payment,1772006849.847661,51031,17,1
1,NewOrder,1772006849.848169,11973,11,1
1,NewOrder,1772006849.848529,12213,23,1
2,Payment,1772006849.849179,3769,7,1
1,NewOrder,1772006849.850809,34817,1,1
2,Payment,1772006849.851280,22331,20,1
2,Payment,1772006849.852957,3005,7,1
2,Payment,1772006849.853595,33783,21,1
1,NewOrder,1772006849.853617,41480,18,1
1,NewOrder,1772006849.854581,29725,2,1
1,NewOrder,1772006849.855655,34619,14,1
2,Payment,1772006849.855974,2973,7,1
1,NewOrder,1772006849.856686,7192,6,1
4,Delivery,1772006849.858956,58171,7,1
2,Payment,1772006849.860151,3358,11,1
3,OrderStatus,1772006849.860751,2218,23,1
1,NewOrder,1772006849.862977,4845,23,1
1,NewOrder,1772006849.863065,29164,22,1
2,Payment,1772006849.863519,3647,11,1
1,NewOrder,1772006849.863887,10070,6,1
2,Payment,1772006849.864716,25179,0,1
5,StockLevel,1772006849.866651,40877,10,1
2,Payment,1772006849.867173,2788,11,1
1,NewOrder,1772006849.867270,13186,16,1
5,StockLevel,1772006849.867832,5624,23,1
2,Payment,1772006849.869969,3961,11,1
1,NewOrder,1772006849.872697,39705,12,1
2,Payment,1772006849.873461,17982,23,1
2,Payment,1772006849.873615,23684,20,1
2,Payment,1772006849.873939,1934,11,1
1,NewOrder,1772006849.873962,4739,6,1
1,NewOrder,1772006849.875879,5563,11,1
4,Delivery,1772006849.877343,61833,4,1
2,Payment,1772006849.878710,2365,6,1
1,NewOrder,1772006849.879837,24378,5,1
1,NewOrder,1772006849.880461,4740,16,1
2,Payment,1772006849.881091,1900,6,1
1,NewOrder,1772006849.881448,14042,11,1
2,Payment,1772006849.882999,1867,6,1
2,Payment,1772006849.884314,29449,2,1
2,Payment,1772006849.884873,2939,6,1
1,NewOrder,1772006849.884928,39519,13,1
3,OrderStatus,1772006849.885223,2374,16,1
2,Payment,1772006849.885284,10238,8,1
2,Payment,1772006849.885648,21954,3,1
2,Payment,1772006849.885665,10789,1,1
2,Payment,1772006849.887383,14950,21,1
1,NewOrder,1772006849.887605,19325,16,1
2,Payment,1772006849.887817,12529,6,1
1,NewOrder,1772006849.889904,21366,0,1
1,NewOrder,1772006849.890283,26389,14,1
5,StockLevel,1772006849.891450,10001,23,1
1,NewOrder,1772006849.892231,15752,19,1
1,NewOrder,1772006849.892239,14994,22,1
2,Payment,1772006849.893180,12390,15,1
2,Payment,1772006849.895104,24443,18,1
1,NewOrder,1772006849.895498,20697,11,1
2,Payment,1772006849.895530,10709,8,1
2,Payment,1772006849.896468,21188,1,1
2,Payment,1772006849.897305,36049,20,1
1,NewOrder,1772006849.898699,34236,17,1
2,Payment,1772006849.900351,10294,6,1
1,NewOrder,1772006849.901463,22281,23,1
1,NewOrder,1772006849.902341,16959,21,1
2,Payment,1772006849.904222,19839,5,1
1,NewOrder,1772006849.905577,42986,15,1
2,Payment,1772006849.906247,19157,8,1
2,Payment,1772006849.906938,5914,16,1
1,NewOrder,1772006849.907237,13139,22,1
2,Payment,1772006849.907537,28524,10,1
2,Payment,1772006849.907607,19902,3,1
2,Payment,1772006849.907992,20021,19,1
1,NewOrder,1772006849.910662,40152,6,1
1,NewOrder,1772006849.911277,22078,0,1
4,Delivery,1772006849.912413,15626,12,1
5,StockLevel,1772006849.912861,41546,16,1
1,NewOrder,1772006849.913770,16116,2,1
1,NewOrder,1772006849.916204,11356,11,1
1,NewOrder,1772006849.916680,41104,14,1
1,NewOrder,1772006849.916769,24067,9,1
5,StockLevel,1772006849.917136,21751,7,1
1,NewOrder,1772006849.917668,9364,1,1
1,NewOrder,1772006849.919307,32535,21,1
2,Payment,1772006849.919559,27635,18,1
2,Payment,1772006849.920384,31834,22,1
2,Payment,1772006849.923753,34448,23,1
2,Payment,1772006849.924071,9272,5,1
2,Payment,1772006849.924455,6328,13,1
2,Payment,1772006849.925409,16331,8,1
1,NewOrder,1772006849.927042,21211,1,1
1,NewOrder,1772006849.927518,13890,3,1
2,Payment,1772006849.927568,25809,11,1
4,Delivery,1772006849.928017,37820,19,1
2,Payment,1772006849.928048,13386,12,1
2,Payment,1772006849.929895,11488,2,1
1,NewOrder,1772006849.930793,39357,13,1
1,NewOrder,1772006849.932942,41662,17,1
1,NewOrder,1772006849.933353,25000,5,1
1,NewOrder,1772006849.933362,22720,20,1
1,NewOrder,1772006849.933365,27772,0,1
2,Payment,1772006849.936072,27932,10,1
1,NewOrder,1772006849.938896,31277,7,1
1,NewOrder,1772006849.939188,20113,4,1
2,Payment,1772006849.940845,31497,9,1
2,Payment,1772006849.941393,9715,2,1
2,Payment,1772006849.941419,4660,3,1
1,NewOrder,1772006849.941442,24408,12,1
5,StockLevel,1772006849.941746,24392,8,1
2,Payment,1772006849.946086,10318,3,1
3,OrderStatus,1772006849.947202,8672,18,1
3,OrderStatus,1772006849.948262,5168,1,1
1,NewOrder,1772006849.948572,28848,15,1
1,NewOrder,1772006849.950824,37315,6,1
2,Payment,1772006849.951112,10937,2,1
2,Payment,1772006849.951852,13457,21,1
2,Payment,1772006849.952226,15644,22,1
2,Payment,1772006849.953388,25555,11,1
1,NewOrder,1772006849.953436,12872,1,1
2,Payment,1772006849.954413,9000,16,1
2,Payment,1772006849.955883,20195,18,1
2,Payment,1772006849.956091,25042,20,1
1,NewOrder,1772006849.956413,10231,3,1
2,Payment,1772006849.957789,16032,14,1
1,NewOrder,1772006849.958210,26384,23,1
1,NewOrder,1772006849.958358,27616,5,1
2,Payment,1772006849.959308,10405,4,1
2,Payment,1772006849.961147,15531,0,1
2,Payment,1772006849.962059,10753,2,1
2,Payment,1772006849.963419,20340,16,1
1,NewOrder,1772006849.964014,31460,10,1
1,NewOrder,1772006849.965319,32138,21,1
2,Payment,1772006849.965848,4359,19,1
2,Payment,1772006849.965857,23377,12,1
1,NewOrder,1772006849.966145,13771,8,1
2,Payment,1772006849.966315,13991,1,1
2,Payment,1772006849.966650,17506,3,1
2,Payment,1772006849.967876,19554,22,1
3,OrderStatus,1772006849.969722,8426,4,1
2,Payment,1772006849.970159,34380,13,1
1,NewOrder,1772006849.970180,30224,7,1
1,NewOrder,1772006849.970213,12290,19,1
1,NewOrder,1772006849.972354,19421,9,1
2,Payment,1772006849.972821,16903,2,1
2,Payment,1772006849.973828,39869,14,1
3,OrderStatus,1772006849.974613,8320,17,1
1,NewOrder,1772006849.976087,35092,18,1
1,NewOrder,1772006849.976685,30637,0,1
1,NewOrder,1772006849.977427,43130,15,1
2,Payment,1772006849.978158,23234,4,1
2,Payment,1772006849.978952,7426,11,1
4,Delivery,1772006849.979924,51261,8,1
2,Payment,1772006849.980315,26556,1,1
2,Payment,1772006849.981139,14956,20,1
5,StockLevel,1772006849.982511,19000,19,1
1,NewOrder,1772006849.982938,18883,17,1
5,StockLevel,1772006849.983768,18593,16,1
1,NewOrder,1772006849.984161,22739,3,1
2,Payment,1772006849.984602,22753,23,1
1,NewOrder,1772006849.985981,12521,5,1
2,Payment,1772006849.986388,4456,11,1
1,NewOrder,1772006849.987440,37843,22,1
1,NewOrder,1772006849.988145,40071,6,1
3,OrderStatus,1772006849.989243,5388,12,1
2,Payment,1772006849.989735,28266,2,1
2,Payment,1772006849.990853,5278,11,1
2,Payment,1772006849.991786,8955,9,1
2,Payment,1772006849.994649,23699,12,1
2,Payment,1772006849.995484,11402,10,1
2,Payment,1772006849.996104,18073,20,1
2,Payment,1772006849.996142,15492,11,1
1,NewOrder,1772006849.997471,17984,21,1
2,Payment,1772006849.998510,13216,5,1
2,Payment,1772006850.000411,15652,7,1
1,NewOrder,1772006850.000750,10996,9,1
2,Payment,1772006850.001401,44588,4,1
1,NewOrder,1772006850.001522,23727,19,1
1,NewOrder,1772006850.001828,12427,17,1
1,NewOrder,1772006850.002370,12527,16,1
1,NewOrder,1772006850.004546,22775,13,1
2,Payment,1772006850.006880,25978,1,1
2,Payment,1772006850.006898,14054,10,1
2,Payment,1772006850.006908,23770,3,1
2,Payment,1772006850.007328,32307,0,1
5,StockLevel,1772006850.007363,21160,23,1
2,Payment,1772006850.011190,9798,18,1
1,NewOrder,1772006850.011643,24331,11,1
2,Payment,1772006850.011733,11661,5,1
3,OrderStatus,1772006850.011753,4962,9,1
1,NewOrder,1772006850.013703,18511,14,1
2,Payment,1772006850.014187,12711,20,1
1,NewOrder,1772006850.014275,17967,17,1
1,NewOrder,1772006850.014904,16844,16,1
2,Payment,1772006850.015463,16216,21,1
2,Payment,1772006850.016069,8117,7,1
2,Payment,1772006850.016723,12103,9,1
4,Delivery,1772006850.018007,30222,2,1
2,Payment,1772006850.018359,6506,12,1
1,NewOrder,1772006850.020566,23593,15,1
2,Payment,1772006850.020960,13162,10,1
2,Payment,1772006850.020997,19481,18,1
2,Payment,1772006850.023404,28008,5,1
2,Payment,1772006850.024192,14905,7,1
3,OrderStatus,1772006850.024874,4330,12,1
2,Payment,1772006850.025259,27922,19,1
2,Payment,1772006850.025289,20667,22,1
1,NewOrder,1772006850.026908,13200,20,1
2,Payment,1772006850.027331,9123,13,1
2,Payment,1772006850.028222,13715,6,1
2,Payment,1772006850.028527,28189,23,1
2,Payment,1772006850.028839,16046,9,1
2,Payment,1772006850.029213,10351,12,1
3,OrderStatus,1772006850.030686,5324,3,1
2,Payment,1772006850.031194,16809,8,1
1,NewOrder,1772006850.031684,4778,21,1
2,Payment,1772006850.031752,15151,16,1
1,NewOrder,1772006850.032223,20423,14,1
2,Payment,1772006850.032251,18458,17,1
2,Payment,1772006850.032868,23518,1,1
1,NewOrder,1772006850.034129,11209,10,1
2,Payment,1772006850.035987,14230,11,1
1,NewOrder,1772006850.036019,18870,3,1
3,OrderStatus,1772006850.036458,4506,13,1
2,Payment,1772006850.036469,28891,21,1
2,Payment,1772006850.039106,12640,7,1
4,Delivery,1772006850.039575,7798,12,1
5,StockLevel,1772006850.039641,17164,0,1
2,Payment,1772006850.040118,33656,20,1
1,NewOrder,1772006850.040484,27321,18,1
2,Payment,1772006850.040973,13966,13,1
2,Payment,1772006850.041943,12515,6,1
2,Payment,1772006850.044167,17445,15,1
1,NewOrder,1772006850.044898,6804,9,1
2,Payment,1772006850.045345,14674,10,1
2,Payment,1772006850.045966,35696,22,1
2,Payment,1772006850.045998,24614,4,1
2,Payment,1772006850.046911,28504,16,1
2,Payment,1772006850.047378,22611,12,1
2,Payment,1772006850.048014,19841,8,1
2,Payment,1772006850.048237,28248,2,1
2,Payment,1772006850.050226,22060,11,1
1,NewOrder,1772006850.050716,11260,17,1
1,NewOrder,1772006850.051422,31534,5,1
1,NewOrder,1772006850.051712,15728,9,1
2,Payment,1772006850.051755,24768,7,1
2,Payment,1772006850.052652,26431,14,1
1,NewOrder,1772006850.053185,9168,19,1
1,NewOrder,1772006850.054463,16207,6,1
2,Payment,1772006850.054899,28623,3,1
4,Delivery,1772006850.054948,15696,13,1
1,NewOrder,1772006850.056392,9760,1,1
1,NewOrder,1772006850.056725,19330,23,1
4,Delivery,1772006850.056809,4249,0,1
1,NewOrder,1772006850.060028,6493,10,1
3,OrderStatus,1772006850.061069,1489,0,1
4,Delivery,1772006850.061620,9330,15,1
1,NewOrder,1772006850.061982,23868,17,1
2,Payment,1772006850.062360,41263,19,1
2,Payment,1772006850.062567,10599,0,1
2,Payment,1772006850.065369,41921,21,1
1,NewOrder,1772006850.066181,22967,1,1
4,Delivery,1772006850.066545,65487,10,1
1,NewOrder,1772006850.067448,10204,9,1
1,NewOrder,1772006850.067814,9523,18,1
1,NewOrder,1772006850.067869,14181,8,1
2,Payment,1772006850.070000,11115,12,1
1,NewOrder,1772006850.070620,18977,4,1
2,Payment,1772006850.070652,18889,13,1
4,Delivery,1772006850.070676,61707,6,1
1,NewOrder,1772006850.070957,23190,15,1
2,Payment,1772006850.072297,10641,11,1
2,Payment,1772006850.073175,12089,0,1
5,StockLevel,1772006850.073782,35064,20,1
2,Payment,1772006850.075425,19124,16,1
2,Payment,1772006850.076062,13872,23,1
1,NewOrder,1772006850.076489,26510,2,1
2,Payment,1772006850.076531,14390,7,1
2,Payment,1772006850.077345,35443,18,1
2,Payment,1772006850.077658,25823,9,1
1,NewOrder,1772006850.079096,17989,14,1
1,NewOrder,1772006850.081121,27515,12,1
5,StockLevel,1772006850.081669,1657,22,1
2,Payment,1772006850.082061,29125,8,1
1,NewOrder,1772006850.082949,31851,11,1
1,NewOrder,1772006850.082966,16195,5,1
2,Payment,1772006850.083333,35601,22,1
1,NewOrder,1772006850.083532,25544,3,1
2,Payment,1772006850.085274,1702,0,1
2,Payment,1772006850.085860,23250,17,1
3,OrderStatus,1772006850.086983,2146,0,1
1,NewOrder,1772006850.089135,9456,0,1
2,Payment,1772006850.089161,9027,1,1
1,NewOrder,1772006850.089564,11666,13,1
5,StockLevel,1772006850.089608,11196,4,1
1,NewOrder,1772006850.089939,20904,23,1
2,Payment,1772006850.090929,24875,7,1
1,NewOrder,1772006850.094157,22276,15,1
2,Payment,1772006850.094559,20662,16,1
2,Payment,1772006850.097100,26837,14,1
4,Delivery,1772006850.098197,21501,1,1
2,Payment,1772006850.098604,11512,0,1
5,StockLevel,1772006850.099172,2862,5,1
2,Payment,1772006850.100814,17110,4,1
1,NewOrder,1772006850.101241,4541,13,1
1,NewOrder,1772006850.102041,4308,5,1
5,StockLevel,1772006850.103009,13740,2,1
4,Delivery,1772006850.103489,28903,9,1
1,NewOrder,1772006850.103628,17624,19,1
2,Payment,1772006850.105789,23984,13,1
1,NewOrder,1772006850.106353,14370,5,1
2,Payment,1772006850.107299,17111,21,1
2,Payment,1772006850.108646,28344,12,1
2,Payment,1772006850.108858,21904,20,1
1,NewOrder,1772006850.109087,12580,3,1
1,NewOrder,1772006850.109116,32858,17,1
2,Payment,1772006850.110125,14243,0,1
2,Payment,1772006850.110854,28041,23,1
1,NewOrder,1772006850.111192,29964,8,1
1,NewOrder,1772006850.112804,30817,18,1
3,OrderStatus,1772006850.114810,7673,11,1
2,Payment,1772006850.115230,29593,16,1
2,Payment,1772006850.115812,8519,7,1
2,Payment,1772006850.116444,39963,15,1
2,Payment,1772006850.116756,20193,2,1
1,NewOrder,1772006850.117931,24069,4,1
1,NewOrder,1772006850.118940,18662,22,1
2,Payment,1772006850.119709,7944,1,1
2,Payment,1772006850.120733,26122,5,1
1,NewOrder,1772006850.121260,5726,19,1
3,OrderStatus,1772006850.121672,1752,3,1
1,NewOrder,1772006850.122492,23614,11,1
2,Payment,1772006850.123434,31690,3,1
2,Payment,1772006850.123945,40169,14,1
1,NewOrder,1772006850.124338,28285,7,1
2,Payment,1772006850.124378,34231,0,1
1,NewOrder,1772006850.124415,17175,21,1
1,NewOrder,1772006850.126995,10029,19,1
5,StockLevel,1772006850.127661,8292,1,1
1,NewOrder,1772006850.129782,19553,13,1
2,Payment,1772006850.130770,16512,20,1
1,NewOrder,1772006850.132038,21216,10,1
2,Payment,1772006850.132392,10361,6,1
2,Payment,1772006850.132402,4467,9,1
2,Payment,1772006850.135963,25838,1,1
1,NewOrder,1772006850.136877,18272,9,1
1,NewOrder,1772006850.136959,26630,2,1
2,Payment,1772006850.136998,31162,12,1
2,Payment,1772006850.137030,17213,19,1
4,Delivery,1772006850.137608,44866,22,1
1,NewOrder,1772006850.138903,11297,23,1
2,Payment,1772006850.141164,10757,8,1
1,NewOrder,1772006850.141598,8932,21,1
2,Payment,1772006850.141981,33352,17,1
1,NewOrder,1772006850.142007,6784,4,1
1,NewOrder,1772006850.142757,21866,6,1
5,StockLevel,1772006850.143631,24577,18,1
2,Payment,1772006850.144833,39429,16,1
2,Payment,1772006850.146114,13777,11,1
3,OrderStatus,1772006850.146860,12830,5,1
1,NewOrder,1772006850.147291,25306,20,1
1,NewOrder,1772006850.148798,15795,4,1
2,Payment,1772006850.149341,41012,13,1
1,NewOrder,1772006850.150210,4434,23,1
1,NewOrder,1772006850.150536,21546,21,1
2,Payment,1772006850.151927,15790,8,1
2,Payment,1772006850.152633,19922,7,1
2,Payment,1772006850.153261,47114,10,1
1,NewOrder,1772006850.154251,19254,19,1
2,Payment,1772006850.154648,2607,23,1
1,NewOrder,1772006850.155138,14152,3,1
2,Payment,1772006850.155155,26832,9,1
2,Payment,1772006850.156411,43523,15,1
1,NewOrder,1772006850.157264,33969,23,1
2,Payment,1772006850.158619,9572,0,1
1,NewOrder,1772006850.159700,39286,5,1
1,NewOrder,1772006850.159901,18624,11,1
1,NewOrder,1772006850.161809,18920,1,1
5,StockLevel,1772006850.163599,16802,2,1
2,Payment,1772006850.164123,40882,14,1
2,Payment,1772006850.164601,11835,4,1
1,NewOrder,1772006850.164628,43252,6,1
1,NewOrder,1772006850.167727,18420,8,1
3,OrderStatus,1772006850.168170,6284,12,1
4,Delivery,1772006850.168201,18890,0,1
1,NewOrder,1772006850.168214,16990,18,1
5,StockLevel,1772006850.169300,24111,3,1
2,Payment,1772006850.172089,5830,21,1
1,NewOrder,1772006850.172564,19303,7,1
1,NewOrder,1772006850.172600,15219,20,1
2,Payment,1772006850.173511,9409,19,1
5,StockLevel,1772006850.174464,38109,12,1
1,NewOrder,1772006850.175339,43742,17,1
1,NewOrder,1772006850.176446,38772,4,1
1,NewOrder,1772006850.177926,15712,21,1
1,NewOrder,1772006850.178533,18619,11,1
3,OrderStatus,1772006850.180412,13033,2,1
3,OrderStatus,1772006850.180735,10805,1,1
2,Payment,1772006850.181996,23608,9,1
1,NewOrder,1772006850.182480,36644,22,1
4,Delivery,1772006850.182928,21307,19,1
1,NewOrder,1772006850.184270,40098,16,1
2,Payment,1772006850.185209,4709,18,1
1,NewOrder,1772006850.186155,22675,8,1
1,NewOrder,1772006850.187101,38243,0,1
1,NewOrder,1772006850.187824,9006,20,1
5,StockLevel,1772006850.189928,6778,18,1
2,Payment,1772006850.190363,21540,13,1
1,NewOrder,1772006850.191239,19865,23,1
1,NewOrder,1772006850.191547,34861,1,1
2,Payment,1772006850.191876,18791,7,1
1,NewOrder,1772006850.193421,34386,3,1
1,NewOrder,1772006850.193452,23918,2,1
2,Payment,1772006850.193648,2810,21,1
2,Payment,1772006850.196466,2993,21,1
2,Payment,1772006850.196714,6262,18,1
2,Payment,1772006850.196838,9722,20,1
2,Payment,1772006850.197162,19494,11,1
1,NewOrder,1772006850.198994,24928,5,1
1,NewOrder,1772006850.199462,19135,21,1
1,NewOrder,1772006850.199941,20908,15,1
1,NewOrder,1772006850.200379,43342,10,1
2,Payment,1772006850.202986,8831,18,1
1,NewOrder,1772006850.204243,36811,19,1
1,NewOrder,1772006850.205012,32366,14,1
1,NewOrder,1772006850.205612,30740,9,1
2,Payment,1772006850.206569,10445,20,1
2,Payment,1772006850.207894,20592,6,1
1,NewOrder,1772006850.208838,30602,8,1
3,OrderStatus,1772006850.210696,7663,7,1
1,NewOrder,1772006850.211110,36514,23,1
2,Payment,1772006850.211825,14552,18,1
2,Payment,1772006850.211913,9791,13,1
2,Payment,1772006850.212579,17421,12,1
1,NewOrder,1772006850.215224,21590,4,1
1,NewOrder,1772006850.216664,30986,11,1
2,Payment,1772006850.217023,18647,20,1
1,NewOrder,1772006850.217389,25943,2,1
2,Payment,1772006850.218366,18512,7,1
1,NewOrder,1772006850.218603,28943,21,1
2,Payment,1772006850.219086,17284,17,1
1,NewOrder,1772006850.219135,40712,22,1
1,NewOrder,1772006850.220856,26742,15,1
2,Payment,1772006850.221713,25395,13,1
1,NewOrder,1772006850.223931,31859,5,1
1,NewOrder,1772006850.224376,20811,16,1
1,NewOrder,1772006850.225353,25653,0,1
5,StockLevel,1772006850.226383,30028,18,1
3,OrderStatus,1772006850.226415,6382,1,1
3,OrderStatus,1772006850.227816,6324,3,1
2,Payment,1772006850.228493,20462,6,1
2,Payment,1772006850.230007,26309,12,1
4,Delivery,1772006850.232805,23455,1,1
2,Payment,1772006850.234150,8107,3,1
2,Payment,1772006850.235679,11893,20,1
1,NewOrder,1772006850.236360,12936,9,1
2,Payment,1772006850.236376,27289,17,1
1,NewOrder,1772006850.236823,23796,4,1
2,Payment,1772006850.236885,19832,7,1
1,NewOrder,1772006850.237387,32094,14,1
1,NewOrder,1772006850.239446,25678,8,1
1,NewOrder,1772006850.241062,15280,19,1
3,OrderStatus,1772006850.242268,7255,3,1
2,Payment,1772006850.243340,13412,2,1
2,Payment,1772006850.243726,32633,10,1
4,Delivery,1772006850.245194,39572,16,1
1,NewOrder,1772006850.247118,22743,13,1
2,Payment,1772006850.247555,7301,21,1
1,NewOrder,1772006850.247578,20951,20,1
2,Payment,1772006850.247608,22325,15,1
2,Payment,1772006850.247631,3675,23,1
1,NewOrder,1772006850.247655,8575,11,1
1,NewOrder,1772006850.248962,38659,6,1
5,StockLevel,1772006850.249304,13880,9,1
2,Payment,1772006850.249543,18176,3,1
2,Payment,1772006850.251013,20981,0,1
1,NewOrder,1772006850.251311,18579,23,1
1,NewOrder,1772006850.254863,26910,21,1
1,NewOrder,1772006850.255795,15076,5,1
2,Payment,1772006850.256241,27986,11,1
1,NewOrder,1772006850.256269,36032,1,1
2,Payment,1772006850.256324,21668,12,1
2,Payment,1772006850.256348,6644,19,1
2,Payment,1772006850.256416,17990,18,1
2,Payment,1772006850.256723,33998,7,1
2,Payment,1772006850.256759,23544,2,1
2,Payment,1772006850.259857,18789,22,1
3,OrderStatus,1772006850.260628,10111,4,1
1,NewOrder,1772006850.263003,29643,19,1
2,Payment,1772006850.263193,32866,9,1
2,Payment,1772006850.263671,19702,17,1
1,NewOrder,1772006850.265132,27105,8,1
1,NewOrder,1772006850.267726,19472,3,1
1,NewOrder,1772006850.268537,27845,20,1
2,Payment,1772006850.269487,19661,14,1
4,Delivery,1772006850.269869,15255,13,1
2,Payment,1772006850.269899,15288,23,1
1,NewOrder,1772006850.269943,29921,15,1
1,NewOrder,1772006850.270745,17467,4,1
2,Payment,1772006850.270877,3508,5,1
2,Payment,1772006850.272000,14428,0,1
1,NewOrder,1772006850.274394,16317,5,1
5,StockLevel,1772006850.274414,11925,18,1
2,Payment,1772006850.276367,24704,10,1
2,Payment,1772006850.277999,16671,12,1
1,NewOrder,1772006850.278655,35428,22,1
2,Payment,1772006850.280311,11964,2,1
2,Payment,1772006850.281784,9818,21,1
1,NewOrder,1772006850.283381,15105,17,1
2,Payment,1772006850.284237,21071,11,1
2,Payment,1772006850.284775,14765,16,1
2,Payment,1772006850.285132,21898,13,1
2,Payment,1772006850.285193,13272,23,1
1,NewOrder,1772006850.286346,24913,18,1
2,Payment,1772006850.286438,11636,0,1
4,Delivery,1772006850.287208,33578,3,1
1,NewOrder,1772006850.287627,13038,6,1
2,Payment,1772006850.288216,24369,4,1
2,Payment,1772006850.289156,28178,14,1
1,NewOrder,1772006850.290716,23034,5,1
2,Payment,1772006850.290730,20484,7,1
1,NewOrder,1772006850.291611,39479,21,1
4,Delivery,1772006850.292243,19144,8,1
3,OrderStatus,1772006850.292282,11559,2,1
2,Payment,1772006850.292306,28864,1,1
1,NewOrder,1772006850.292651,10920,19,1
2,Payment,1772006850.294677,29094,12,1
1,NewOrder,1772006850.296067,18042,9,1
1,NewOrder,1772006850.296401,15585,20,1
2,Payment,1772006850.298082,27574,0,1
2,Payment,1772006850.298473,8978,23,1
4,Delivery,1772006850.298495,58107,17,1
1,NewOrder,1772006850.299547,23809,16,1
1,NewOrder,1772006850.299873,20469,15,1
2,Payment,1772006850.300671,20529,6,1
1,NewOrder,1772006850.301081,11416,10,1
2,Payment,1772006850.303579,15081,19,1
1,NewOrder,1772006850.303851,17598,2,1
1,NewOrder,1772006850.305318,12502,11,1
2,Payment,1772006850.307039,21670,13,1
1,NewOrder,1772006850.307460,27053,23,1
2,Payment,1772006850.311225,17998,7,1
1,NewOrder,1772006850.311270,33224,18,1
2,Payment,1772006850.311393,31935,8,1
1,NewOrder,1772006850.311998,6652,20,1
2,Payment,1772006850.312506,42658,10,1
1,NewOrder,1772006850.312589,17074,4,1
1,NewOrder,1772006850.313759,29347,5,1
2,Payment,1772006850.314091,12378,22,1
2,Payment,1772006850.314118,47565,9,1
2,Payment,1772006850.317343,18336,14,1
2,Payment,1772006850.317829,49049,11,1
3,OrderStatus,1772006850.318657,2359,20,1
5,StockLevel,1772006850.318669,14165,19,1
1,NewOrder,1772006850.320348,31112,15,1
1,NewOrder,1772006850.320793,36502,3,1
1,NewOrder,1772006850.321024,16423,20,1
2,Payment,1772006850.321179,17768,1,1
5,StockLevel,1772006850.321206,36776,6,1
1,NewOrder,1772006850.321454,16398,2,1
1,NewOrder,1772006850.323366,22832,16,1
2,Payment,1772006850.323778,21396,12,1
5,StockLevel,1772006850.325665,20445,0,1
1,NewOrder,1772006850.326479,41307,22,1
1,NewOrder,1772006850.328720,30087,13,1
2,Payment,1772006850.329233,41889,7,1
3,OrderStatus,1772006850.329669,4538,4,1
1,NewOrder,1772006850.331100,8705,21,1
2,Payment,1772006850.332842,4114,19,1
4,Delivery,1772006850.334216,17216,4,1
5,StockLevel,1772006850.334518,23716,23,1
2,Payment,1772006850.335687,19943,14,1
1,NewOrder,1772006850.336963,8176,19,1
1,NewOrder,1772006850.337455,32345,20,1
1,NewOrder,1772006850.337859,33623,2,1
2,Payment,1772006850.338953,11342,1,1
1,NewOrder,1772006850.339815,9141,21,1
1,NewOrder,1772006850.343117,23874,5,1
3,OrderStatus,1772006850.343336,12667,8,1
1,NewOrder,1772006850.344504,21518,18,1
1,NewOrder,1772006850.345146,22108,19,1
2,Payment,1772006850.345180,16888,12,1
2,Payment,1772006850.346121,11942,0,1
2,Payment,1772006850.346204,20272,16,1
2,Payment,1772006850.348965,1927,21,1
2,Payment,1772006850.350303,11874,1,1
1,NewOrder,1772006850.350900,6833,21,1
2,Payment,1772006850.351441,13963,4,1
2,Payment,1772006850.351467,29170,15,1
2,Payment,1772006850.355173,23504,10,1
2,Payment,1772006850.355637,17035,14,1
1,NewOrder,1772006850.356011,19871,8,1
2,Payment,1772006850.356611,30987,17,1
2,Payment,1772006850.357305,15922,3,1
1,NewOrder,1772006850.357741,9166,21,1
2,Payment,1772006850.357994,27518,6,1
1,NewOrder,1772006850.358071,20209,0,1
2,Payment,1772006850.358242,6030,23,1
2,Payment,1772006850.358813,35317,13,1
2,Payment,1772006850.361693,32794,9,1
2,Payment,1772006850.362075,37401,12,1
2,Payment,1772006850.362183,16679,1,1
2,Payment,1772006850.364278,4510,23,1
1,NewOrder,1772006850.365410,27896,4,1
1,NewOrder,1772006850.366031,27769,18,1
5,StockLevel,1772006850.366482,20544,16,1
2,Payment,1772006850.366887,32160,11,1
2,Payment,1772006850.366916,6980,21,1
2,Payment,1772006850.367002,19451,5,1
1,NewOrder,1772006850.367259,12051,19,1
2,Payment,1772006850.367795,11153,22,1
1,NewOrder,1772006850.368799,10234,23,1
2,Payment,1772006850.369806,22510,20,1
2,Payment,1772006850.371128,34056,7,1
1,NewOrder,1772006850.371489,9568,2,1
2,Payment,1772006850.372677,35322,14,1
1,NewOrder,1772006850.373235,29779,3,1
1,NewOrder,1772006850.373904,29789,21,1
1,NewOrder,1772006850.375889,7042,8,1
2,Payment,1772006850.378285,22117,0,1
2,Payment,1772006850.378688,32327,10,1
2,Payment,1772006850.378866,14904,1,1
1,NewOrder,1772006850.378954,22513,22,1
1,NewOrder,1772006850.379038,9104,23,1
4,Delivery,1772006850.379319,8849,19,1
1,NewOrder,1772006850.380647,20413,15,1
3,OrderStatus,1772006850.381062,2308,2,1
1,NewOrder,1772006850.382937,6775,8,1
1,NewOrder,1772006850.383377,9990,2,1
1,NewOrder,1772006850.385517,21036,6,1
1,NewOrder,1772006850.386462,20802,5,1
3,OrderStatus,1772006850.387033,8576,16,1
2,Payment,1772006850.387605,23890,17,1
1,NewOrder,1772006850.388158,5541,23,1
5,StockLevel,1772006850.388174,3823,19,1
2,Payment,1772006850.389725,26503,8,1
1,NewOrder,1772006850.392001,7434,19,1
3,OrderStatus,1772006850.392325,7602,20,1
2,Payment,1772006850.393314,18143,4,1
2,Payment,1772006850.393372,11362,2,1
2,Payment,1772006850.393705,4548,23,1
1,NewOrder,1772006850.393776,22310,1,1
2,Payment,1772006850.393810,14530,18,1
1,NewOrder,1772006850.394135,19850,13,1
5,StockLevel,1772006850.394490,16848,9,1
2,Payment,1772006850.395615,24784,16,1
2,Payment,1772006850.398261,13140,23,1
2,Payment,1772006850.399054,23972,11,1
4,Delivery,1772006850.399445,13171,19,1
1,NewOrder,1772006850.399479,19185,12,1
5,StockLevel,1772006850.399933,7498,20,1
1,NewOrder,1772006850.400410,17834,0,1
1,NewOrder,1772006850.401065,10883,15,1
2,Payment,1772006850.401476,14168,22,1
2,Payment,1772006850.403019,14770,3,1
2,Payment,1772006850.403701,17287,21,1
4,Delivery,1772006850.404744,16930,2,1
2,Payment,1772006850.405192,26636,7,1
2,Payment,1772006850.406559,34657,6,1
4,Delivery,1772006850.407271,14723,5,1
2,Payment,1772006850.407437,20193,20,1
2,Payment,1772006850.408006,20450,14,1
1,NewOrder,1772006850.408344,34501,18,1
3,OrderStatus,1772006850.411022,5925,10,1
2,Payment,1772006850.411343,22053,9,1
1,NewOrder,1772006850.411403,25729,23,1
4,Delivery,1772006850.411460,10508,4,1
1,NewOrder,1772006850.411503,46731,17,1
1,NewOrder,1772006850.411953,16464,15,1
1,NewOrder,1772006850.412622,14213,19,1
3,OrderStatus,1772006850.413992,4363,13,1
1,NewOrder,1772006850.415652,16884,22,1
1,NewOrder,1772006850.416093,13897,1,1
5,StockLevel,1772006850.416239,29049,8,1
1,NewOrder,1772006850.416953,10265,10,1
1,NewOrder,1772006850.417800,14546,3,1
1,NewOrder,1772006850.418248,43619,0,1
2,Payment,1772006850.418362,15502,13,1
1,NewOrder,1772006850.418672,43609,12,1
2,Payment,1772006850.420406,17092,16,1
1,NewOrder,1772006850.420994,42580,21,1
1,NewOrder,1772006850.421682,8660,2,1
2,Payment,1772006850.421975,11451,4,1
2,Payment,1772006850.422001,7638,5,1
2,Payment,1772006850.423033,20696,11,1
3,OrderStatus,1772006850.426841,2210,19,1
2,Payment,1772006850.427226,21163,10,1
1,NewOrder,1772006850.427634,34996,20,1
5,StockLevel,1772006850.428424,25958,15,1
2,Payment,1772006850.428465,13627,14,1
1,NewOrder,1772006850.429056,3265,19,1
2,Payment,1772006850.429645,12442,5,1
2,Payment,1772006850.429994,22116,1,1
1,NewOrder,1772006850.430347,33112,2,1
1,NewOrder,1772006850.431833,24122,7,1
1,NewOrder,1772006850.432326,42300,19,1
1,NewOrder,1772006850.432356,30271,3,1
1,NewOrder,1772006850.432546,24624,22,1
1,NewOrder,1772006850.433406,8743,9,1
1,NewOrder,1772006850.433434,8745,4,1
1,NewOrder,1772006850.433868,21759,13,1
2,Payment,1772006850.437139,4982,23,1
5,StockLevel,1772006850.437505,9395,16,1
1,NewOrder,1772006850.441224,47806,6,1
2,Payment,1772006850.442099,27722,5,1
5,StockLevel,1772006850.442101,20774,14,1
3,OrderStatus,1772006850.442127,5674,23,1
1,NewOrder,1772006850.442157,13714,9,1
2,Payment,1772006850.442184,17371,4,1
3,OrderStatus,1772006850.442851,11489,18,1
1,NewOrder,1772006850.443735,13410,11,1
1,NewOrder,1772006850.445298,19912,8,1
1,NewOrder,1772006850.446906,33930,16,1
2,Payment,1772006850.447806,5949,23,1
3,OrderStatus,1772006850.448392,4479,10,1
2,Payment,1772006850.452119,20786,1,1
1,NewOrder,1772006850.452879,41927,10,1
5,StockLevel,1772006850.453760,24583,23,1
2,Payment,1772006850.454350,7580,18,1
1,NewOrder,1772006850.454390,32472,15,1
2,Payment,1772006850.455633,9234,13,1
2,Payment,1772006850.455878,29705,9,1
2,Payment,1772006850.455961,12817,7,1
1,NewOrder,1772006850.457151,20202,11,1
3,OrderStatus,1772006850.457177,13086,22,1
2,Payment,1772006850.458240,15830,17,1
4,Delivery,1772006850.459561,61599,4,1
2,Payment,1772006850.461878,13264,0,1
2,Payment,1772006850.461936,17519,18,1
2,Payment,1772006850.462291,18263,12,1
1,NewOrder,1772006850.462632,6725,3,1
3,OrderStatus,1772006850.462638,10736,20,1
2,Payment,1772006850.462879,23608,14,1
5,StockLevel,1772006850.463467,3586,2,1
2,Payment,1772006850.463585,23250,21,1
2,Payment,1772006850.464872,29307,13,1
1,NewOrder,1772006850.465221,27407,8,1
1,NewOrder,1772006850.467058,4855,2,1
2,Payment,1772006850.468784,21606,7,1
1,NewOrder,1772006850.469367,5192,3,1
2,Payment,1772006850.469829,7252,5,1
1,NewOrder,1772006850.470274,50126,22,1
2,Payment,1772006850.471919,7738,2,1
2,Payment,1772006850.472911,11850,1,1
1,NewOrder,1772006850.473382,21935,20,1
1,NewOrder,1772006850.474075,21895,17,1
1,NewOrder,1772006850.474565,16789,3,1
2,Payment,1772006850.474630,22394,19,1
2,Payment,1772006850.475152,22805,0,1
2,Payment,1772006850.477097,29853,5,1
3,OrderStatus,1772006850.477360,3856,11,1
1,NewOrder,1772006850.478362,26019,23,1
1,NewOrder,1772006850.479458,27930,18,1
1,NewOrder,1772006850.479663,13881,2,1
1,NewOrder,1772006850.480565,37788,12,1
1,NewOrder,1772006850.480841,26049,16,1
3,OrderStatus,1772006850.481229,4348,11,1
1,NewOrder,1772006850.484771,25626,1,1
1,NewOrder,1772006850.485586,32406,11,1
1,NewOrder,1772006850.485601,21311,9,1
2,Payment,1772006850.486496,20412,14,1
1,NewOrder,1772006850.486844,26759,21,1
1,NewOrder,1772006850.486871,31828,15,1
3,OrderStatus,1772006850.489037,5994,6,1
2,Payment,1772006850.490413,6854,7,1
2,Payment,1772006850.491380,27780,3,1
2,Payment,1772006850.492655,20427,8,1
2,Payment,1772006850.493552,30156,2,1
1,NewOrder,1772006850.494196,30337,13,1
1,NewOrder,1772006850.494827,46448,10,1
1,NewOrder,1772006850.495040,13250,6,1
1,NewOrder,1772006850.495321,34846,20,1
1,NewOrder,1772006850.495976,11689,17,1
3,OrderStatus,1772006850.497034,9709,19,1
1,NewOrder,1772006850.497273,34816,7,1
2,Payment,1772006850.497968,31457,0,1
2,Payment,1772006850.504406,2975,23,1
3,OrderStatus,1772006850.506753,10166,19,1
2,Payment,1772006850.506900,9104,16,1
1,NewOrder,1772006850.506918,42872,14,1
2,Payment,1772006850.506923,16217,9,1
1,NewOrder,1772006850.506956,33463,5,1
2,Payment,1772006850.507386,3873,23,1
1,NewOrder,1772006850.507398,9240,18,1
3,OrderStatus,1772006850.507684,2686,17,1
4,Delivery,1772006850.508315,5241,6,1
1,NewOrder,1772006850.510389,8277,17,1
3,OrderStatus,1772006850.510415,9319,1,1
2,Payment,1772006850.511269,5347,23,1
2,Payment,1772006850.513092,26934,8,1
2,Payment,1772006850.513581,14164,6,1
1,NewOrder,1772006850.513627,16930,21,1
4,Delivery,1772006850.516012,65974,16,1
1,NewOrder,1772006850.516644,24150,23,1
1,NewOrder,1772006850.516656,8430,18,1
1,NewOrder,1772006850.516947,27067,19,1
2,Payment,1772006850.518018,30508,11,1
2,Payment,1772006850.518366,7625,12,1
1,NewOrder,1772006850.518680,24428,17,1
2,Payment,1772006850.518717,20937,15,1
1,NewOrder,1772006850.519171,20050,3,1
1,NewOrder,1772006850.519742,20266,1,1
1,NewOrder,1772006850.520426,31230,22,1
2,Payment,1772006850.521170,12813,4,1
3,OrderStatus,1772006850.523150,7169,9,1
2,Payment,1772006850.523719,15594,2,1
1,NewOrder,1772006850.524542,24085,13,1
2,Payment,1772006850.525106,5477,18,1
2,Payment,1772006850.525997,21416,12,1
2,Payment,1772006850.527757,24772,6,1
1,NewOrder,1772006850.529436,22629,0,1
1,NewOrder,1772006850.530178,45124,20,1
4,Delivery,1772006850.530328,26571,9,1
1,NewOrder,1772006850.530567,55202,21,1
2,Payment,1772006850.530594,12559,18,1
3,OrderStatus,1772006850.532096,9379,7,1
1,NewOrder,1772006850.533989,14145,4,1
1,NewOrder,1772006850.539230,45171,3,1
2,Payment,1772006850.539324,11748,2,1
1,NewOrder,1772006850.539663,34592,15,1
4,Delivery,1772006850.540012,11583,1,1
1,NewOrder,1772006850.540036,52631,8,1
1,NewOrder,1772006850.540423,41104,5,1
2,Payment,1772006850.540806,14215,23,1
4,Delivery,1772006850.541285,15916,10,1
2,Payment,1772006850.541483,14510,7,1
1,NewOrder,1772006850.543115,12369,17,1
1,NewOrder,1772006850.543158,30094,18,1
1,NewOrder,1772006850.544021,34383,19,1
1,NewOrder,1772006850.547421,35701,12,1
2,Payment,1772006850.548142,13590,4,1
2,Payment,1772006850.548536,11797,11,1
1,NewOrder,1772006850.548633,13420,13,1
1,NewOrder,1772006850.549802,30149,14,1
2,Payment,1772006850.551077,18868,2,1
1,NewOrder,1772006850.551605,19959,1,1
1,NewOrder,1772006850.551662,70996,22,1
1,NewOrder,1772006850.552091,32708,0,1
4,Delivery,1772006850.552553,4675,6,1
3,OrderStatus,1772006850.555042,11201,23,1
1,NewOrder,1772006850.555511,14122,17,1
2,Payment,1772006850.556001,8318,7,1
1,NewOrder,1772006850.556908,14096,9,1
1,NewOrder,1772006850.557210,21255,10,1
3,OrderStatus,1772006850.557238,4714,6,1
1,NewOrder,1772006850.560343,18151,11,1
1,NewOrder,1772006850.561758,28710,4,1
2,Payment,1772006850.561961,5250,6,1
4,Delivery,1772006850.562065,20263,13,1
2,Payment,1772006850.564326,6919,7,1
1,NewOrder,1772006850.566253,21137,23,1
5,StockLevel,1772006850.567237,11002,6,1
4,Delivery,1772006850.569644,12609,17,1
2,Payment,1772006850.569956,4692,2,1
3,OrderStatus,1772006850.571014,4512,9,1
2,Payment,1772006850.571250,3889,7,1
1,NewOrder,1772006850.571572,43375,1,1
1,NewOrder,1772006850.573261,44616,18,1
1,NewOrder,1772006850.574282,26421,15,1
1,NewOrder,1772006850.574673,23033,2,1
2,Payment,1772006850.575156,5383,7,1
3,OrderStatus,1772006850.575327,7681,20,1
1,NewOrder,1772006850.575539,11039,9,1
1,NewOrder,1772006850.578262,16167,6,1
2,Payment,1772006850.578413,7021,19,1
1,NewOrder,1772006850.578479,16858,10,1
2,Payment,1772006850.578505,9903,11,1
1,NewOrder,1772006850.579962,31406,14,1
1,NewOrder,1772006850.580564,25515,7,1
3,OrderStatus,1772006850.581544,8222,5,1
2,Payment,1772006850.582012,9230,16,1
3,OrderStatus,1772006850.582260,8778,17,1
2,Payment,1772006850.582338,23684,13,1
2,Payment,1772006850.583017,8637,20,1
1,NewOrder,1772006850.583133,27736,12,1
2,Payment,1772006850.584412,8662,3,1
3,OrderStatus,1772006850.584811,8783,0,1
1,NewOrder,1772006850.585444,20786,19,1
2,Payment,1772006850.585777,24163,21,1
2,Payment,1772006850.586604,6809,9,1
1,NewOrder,1772006850.587399,42199,23,1
4,Delivery,1772006850.588419,23510,11,1
2,Payment,1772006850.589789,16210,5,1
1,NewOrder,1772006850.590476,27379,4,1
2,Payment,1772006850.591049,27239,17,1
1,NewOrder,1772006850.591251,40916,16,1
1,NewOrder,1772006850.591659,37029,20,1
2,Payment,1772006850.592676,13381,8,1
1,NewOrder,1772006850.593085,28864,3,1
5,StockLevel,1772006850.593424,32269,9,1
2,Payment,1772006850.593602,22563,0,1
1,NewOrder,1772006850.594462,39607,6,1
1,NewOrder,1772006850.595347,10898,10,1
1,NewOrder,1772006850.597732,9123,2,1
5,StockLevel,1772006850.600712,8293,15,1
1,NewOrder,1772006850.606010,24346,5,1
1,NewOrder,1772006850.606034,30768,13,1
2,Payment,1772006850.606067,11422,8,1
4,Delivery,1772006850.606087,6181,7,1
2,Payment,1772006850.606236,5655,19,1
2,Payment,1772006850.606256,14453,10,1
1,NewOrder,1772006850.606861,5503,2,1
2,Payment,1772006850.609031,13966,15,1
2,Payment,1772006850.609955,4625,21,1
2,Payment,1772006850.610896,20147,12,1
1,NewOrder,1772006850.611393,24519,14,1
4,Delivery,1772006850.611917,3798,19,1
2,Payment,1772006850.611955,14222,11,1
1,NewOrder,1772006850.612277,22671,7,1
2,Payment,1772006850.612374,5883,2,1
2,Payment,1772006850.614586,5298,21,1
2,Payment,1772006850.614955,16113,1,1
2,Payment,1772006850.615723,7625,19,1
3,OrderStatus,1772006850.616191,4493,0,1
1,NewOrder,1772006850.617517,32498,8,1
2,Payment,1772006850.617865,21951,4,1
1,NewOrder,1772006850.617885,27921,18,1
3,OrderStatus,1772006850.618266,4637,2,1
2,Payment,1772006850.618294,20066,17,1
1,NewOrder,1772006850.619910,37663,21,1
1,NewOrder,1772006850.620710,38068,0,1
2,Payment,1772006850.620729,10221,10,1
1,NewOrder,1772006850.621959,23417,3,1
1,NewOrder,1772006850.622664,18218,22,1
1,NewOrder,1772006850.622913,16237,2,1
5,StockLevel,1772006850.623001,10649,15,1
1,NewOrder,1772006850.623355,18374,19,1
2,Payment,1772006850.625703,20156,9,1
2,Payment,1772006850.626187,11046,11,1
2,Payment,1772006850.628699,6776,20,1
1,NewOrder,1772006850.629609,21771,23,1
1,NewOrder,1772006850.630382,26818,5,1
2,Payment,1772006850.630960,22765,10,1
1,NewOrder,1772006850.631060,38388,12,1
2,Payment,1772006850.631080,16503,1,1
2,Payment,1772006850.632173,15908,16,1
5,StockLevel,1772006850.633660,10043,15,1
3,OrderStatus,1772006850.634080,6504,6,1
2,Payment,1772006850.634956,24200,7,1
2,Payment,1772006850.635486,9120,20,1
1,NewOrder,1772006850.635917,12759,14,1
1,NewOrder,1772006850.636814,15808,13,1
5,StockLevel,1772006850.637244,15554,11,1
2,Payment,1772006850.638365,19259,17,1
2,Payment,1772006850.639154,15200,2,1
1,NewOrder,1772006850.639824,27779,4,1
1,NewOrder,1772006850.640591,11142,6,1
1,NewOrder,1772006850.640889,13437,22,1
2,Payment,1772006850.641741,8665,19,1
2,Payment,1772006850.643708,22434,15,1
1,NewOrder,1772006850.644632,36223,20,1
1,NewOrder,1772006850.645384,27956,3,1
1,NewOrder,1772006850.645817,35702,18,1
2,Payment,1772006850.645885,26844,9,1
1,NewOrder,1772006850.647609,18832,1,1
2,Payment,1772006850.648092,33397,16,1
2,Payment,1772006850.648681,41945,14,1
2,Payment,1772006850.650026,14206,8,1
1,NewOrder,1772006850.650423,29498,19,1
1,NewOrder,1772006850.651385,13789,23,1
1,NewOrder,1772006850.651742,14374,6,1
1,NewOrder,1772006850.652642,14379,13,1
1,NewOrder,1772006850.652824,22219,11,1
2,Payment,1772006850.653741,27840,10,1
1,NewOrder,1772006850.654333,14299,22,1
1,NewOrder,1772006850.654361,65129,2,1
2,Payment,1772006850.657222,5924,5,1
1,NewOrder,1772006850.657588,63001,21,1
2,Payment,1772006850.657651,36932,17,1
1,NewOrder,1772006850.658795,17542,0,1
1,NewOrder,1772006850.659183,12410,7,1
2,Payment,1772006850.663172,6238,5,1
1,NewOrder,1772006850.664244,53059,8,1
1,NewOrder,1772006850.665184,24261,23,1
2,Payment,1772006850.666126,19563,6,1
2,Payment,1772006850.666148,30290,15,1
1,NewOrder,1772006850.666452,20792,1,1
2,Payment,1772006850.667031,35884,13,1
1,NewOrder,1772006850.667613,8374,4,1
2,Payment,1772006850.668657,5316,22,1
1,NewOrder,1772006850.669435,22741,5,1
1,NewOrder,1772006850.669474,27775,12,1
1,NewOrder,1772006850.671602,8675,7,1
2,Payment,1772006850.672755,18942,9,1
3,OrderStatus,1772006850.673347,2859,3,1
3,OrderStatus,1772006850.673989,8280,22,1
2,Payment,1772006850.675053,17755,11,1
2,Payment,1772006850.675995,4415,4,1
2,Payment,1772006850.676214,5942,3,1
3,OrderStatus,1772006850.676342,2443,0,1
2,Payment,1772006850.678802,5657,0,1
4,Delivery,1772006850.679931,11046,19,1
2,Payment,1772006850.680287,15425,7,1
2,Payment,1772006850.680420,7952,4,1
1,NewOrder,1772006850.680882,17324,20,1
2,Payment,1772006850.681497,30832,16,1
1,NewOrder,1772006850.681536,39517,18,1
1,NewOrder,1772006850.681588,15742,10,1
2,Payment,1772006850.682172,10041,3,1
2,Payment,1772006850.682296,7694,22,1
2,Payment,1772006850.684474,12312,0,1
1,NewOrder,1772006850.685699,25436,6,1
2,Payment,1772006850.687254,18809,1,1
1,NewOrder,1772006850.688387,10789,4,1
1,NewOrder,1772006850.689457,5815,23,1
2,Payment,1772006850.689997,7371,22,1
2,Payment,1772006850.690636,26388,14,1
2,Payment,1772006850.690987,13185,19,1
1,NewOrder,1772006850.691706,14830,9,1
5,StockLevel,1772006850.692184,10721,5,1
2,Payment,1772006850.692221,20355,3,1
2,Payment,1772006850.692818,8975,11,1
2,Payment,1772006850.694608,27814,17,1
1,NewOrder,1772006850.695283,31505,23,1
1,NewOrder,1772006850.695735,25334,7,1
2,Payment,1772006850.696446,34299,15,1
5,StockLevel,1772006850.696796,21788,0,1
2,Payment,1772006850.697264,43944,12,1
5,StockLevel,1772006850.697355,21605,10,1
2,Payment,1772006850.697393,14450,22,1
1,NewOrder,1772006850.698231,8278,20,1
1,NewOrder,1772006850.699201,26383,4,1
1,NewOrder,1772006850.701804,27579,11,1
1,NewOrder,1772006850.702911,5735,5,1
2,Payment,1772006850.702924,46243,13,1
2,Payment,1772006850.704180,13100,19,1
2,Payment,1772006850.706080,12372,1,1
1,NewOrder,1772006850.706524,5147,20,1
2,Payment,1772006850.706547,1722,9,1
1,NewOrder,1772006850.708276,5993,9,1
2,Payment,1772006850.708657,17753,5,1
2,Payment,1772006850.711145,7256,6,1
1,NewOrder,1772006850.711678,9305,20,1
1,NewOrder,1772006850.711869,36907,22,1
2,Payment,1772006850.712355,43887,16,1
1,NewOrder,1772006850.712593,31272,3,1
1,NewOrder,1772006850.714295,9232,9,1
1,NewOrder,1772006850.717049,21821,14,1
2,Payment,1772006850.717305,7612,19,1
1,NewOrder,1772006850.717329,32308,8,1
1,NewOrder,1772006850.718427,18213,6,1
2,Payment,1772006850.718473,21828,1,1
5,StockLevel,1772006850.718612,9504,0,1
2,Payment,1772006850.718985,6260,10,1
5,StockLevel,1772006850.719496,10719,2,1
1,NewOrder,1772006850.720596,10590,21,1
1,NewOrder,1772006850.720986,18892,20,1
2,Payment,1772006850.721065,15102,18,1
2,Payment,1772006850.721079,14309,7,1
1,NewOrder,1772006850.722431,30083,17,1
1,NewOrder,1772006850.723537,16726,9,1
3,OrderStatus,1772006850.724924,15425,19,1
2,Payment,1772006850.725260,18118,10,1
4,Delivery,1772006850.725598,36070,4,1
1,NewOrder,1772006850.726418,17592,5,1
2,Payment,1772006850.726798,16566,23,1
1,NewOrder,1772006850.728127,7976,0,1
1,NewOrder,1772006850.729390,8216,11,1
1,NewOrder,1772006850.730221,7041,2,1
1,NewOrder,1772006850.730750,21660,15,1
2,Payment,1772006850.731197,18136,21,1
2,Payment,1772006850.735398,16666,7,1
2,Payment,1772006850.736113,6839,0,1
2,Payment,1772006850.736179,21404,18,1
2,Payment,1772006850.736668,24398,6,1
1,NewOrder,1772006850.737270,19382,2,1
2,Payment,1772006850.737616,31079,11,1
2,Payment,1772006850.738884,24849,14,1
2,Payment,1772006850.739890,22986,20,1
5,StockLevel,1772006850.740274,15759,9,1
2,Payment,1772006850.740313,7729,1,1
1,NewOrder,1772006850.740356,16264,19,1
1,NewOrder,1772006850.741219,13336,12,1
2,Payment,1772006850.742960,14506,0,1
2,Payment,1772006850.743370,26697,23,1
1,NewOrder,1772006850.743389,33937,10,1
1,NewOrder,1772006850.743870,12696,3,1
2,Payment,1772006850.744020,19822,5,1
5,StockLevel,1772006850.748052,25174,1,1
2,Payment,1772006850.748785,26641,22,1
1,NewOrder,1772006850.749179,22969,13,1
1,NewOrder,1772006850.749342,10902,21,1
2,Payment,1772006850.749645,24738,8,1
2,Payment,1772006850.752068,26292,7,1
1,NewOrder,1772006850.752416,12419,15,1
2,Payment,1772006850.752525,17496,17,1
2,Payment,1772006850.754562,19777,12,1
1,NewOrder,1772006850.756044,25410,9,1
1,NewOrder,1772006850.756249,21707,16,1
1,NewOrder,1772006850.756570,7630,3,1
2,Payment,1772006850.756623,22144,19,1
1,NewOrder,1772006850.756663,21723,2,1
2,Payment,1772006850.757476,12621,0,1
2,Payment,1772006850.757588,32092,18,1
3,OrderStatus,1772006850.760255,3085,21,1
2,Payment,1772006850.761075,23646,6,1
4,Delivery,1772006850.761678,12794,4,1
1,NewOrder,1772006850.762884,20813,20,1
1,NewOrder,1772006850.763348,6220,21,1
2,Payment,1772006850.763743,15126,14,1
1,NewOrder,1772006850.763846,15419,5,1
2,Payment,1772006850.764210,10236,3,1
2,Payment,1772006850.764841,16989,15,1
1,NewOrder,1772006850.768703,14679,11,1
2,Payment,1772006850.769573,24726,21,1
2,Payment,1772006850.770028,17473,17,1
1,NewOrder,1772006850.770074,8749,23,1
3,OrderStatus,1772006850.770105,3439,0,1
2,Payment,1772006850.772159,21715,13,1
1,NewOrder,1772006850.773232,13649,1,1
2,Payment,1772006850.773553,4730,0,1
1,NewOrder,1772006850.774346,13118,12,1
2,Payment,1772006850.774393,16252,8,1
2,Payment,1772006850.774454,11210,3,1
2,Payment,1772006850.774478,7789,4,1
2,Payment,1772006850.775432,22324,22,1
1,NewOrder,1772006850.777337,11480,10,1
2,Payment,1772006850.777963,21474,16,1
2,Payment,1772006850.778291,21621,0,1
1,NewOrder,1772006850.778366,18841,7,1
2,Payment,1772006850.778392,15996,2,1
3,OrderStatus,1772006850.778772,7626,19,1
2,Payment,1772006850.778828,22308,23,1
2,Payment,1772006850.778875,25602,14,1
2,Payment,1772006850.779270,25792,5,1
2,Payment,1772006850.781461,16620,9,1
1,NewOrder,1772006850.781837,13310,15,1
2,Payment,1772006850.782272,27578,4,1
1,NewOrder,1772006850.783388,6904,11,1
1,NewOrder,1772006850.783700,7879,20,1
3,OrderStatus,1772006850.784726,8373,6,1
2,Payment,1772006850.785670,29539,3,1
1,NewOrder,1772006850.786407,26447,19,1
2,Payment,1772006850.786885,32153,1,1
2,Payment,1772006850.787474,23704,12,1
1,NewOrder,1772006850.787506,18206,17,1
1,NewOrder,1772006850.788824,5006,10,1
1,NewOrder,1772006850.789691,11910,18,1
1,NewOrder,1772006850.790297,5070,11,1
2,Payment,1772006850.790652,10990,8,1
2,Payment,1772006850.791586,4086,20,1
2,Payment,1772006850.793105,11430,6,1
5,StockLevel,1772006850.793836,13948,10,1
1,NewOrder,1772006850.793882,15253,13,1
1,NewOrder,1772006850.794305,19506,21,1
2,Payment,1772006850.794399,32797,2,1
1,NewOrder,1772006850.795158,17214,15,1
2,Payment,1772006850.795372,11782,11,1
1,NewOrder,1772006850.795675,8872,20,1
2,Payment,1772006850.797218,14732,7,1
1,NewOrder,1772006850.797762,21394,22,1
2,Payment,1772006850.798087,20561,9,1
2,Payment,1772006850.799444,17497,16,1
2,Payment,1772006850.799921,38114,0,1
2,Payment,1772006850.801147,2946,23,1
2,Payment,1772006850.801609,7171,18,1
2,Payment,1772006850.801650,24215,8,1
1,NewOrder,1772006850.804109,26653,23,1
2,Payment,1772006850.804488,18742,14,1
1,NewOrder,1772006850.804562,41447,6,1
2,Payment,1772006850.804565,7862,20,1
1,NewOrder,1772006850.805088,16464,5,1
1,NewOrder,1772006850.805717,16409,17,1
2,Payment,1772006850.807160,23859,11,1
1,NewOrder,1772006850.807801,11778,10,1
1,NewOrder,1772006850.808800,26683,18,1
1,NewOrder,1772006850.809140,18544,13,1
3,OrderStatus,1772006850.809861,4178,4,1
2,Payment,1772006850.811188,21824,12,1
2,Payment,1772006850.811965,22178,7,1
2,Payment,1772006850.812378,32091,15,1
2,Payment,1772006850.812433,3694,20,1
1,NewOrder,1772006850.812860,37732,19,1
1,NewOrder,1772006850.813818,11462,21,1
5,StockLevel,1772006850.814043,8870,4,1
2,Payment,1772006850.815215,35690,3,1
2,Payment,1772006850.816145,4486,20,1
1,NewOrder,1772006850.816953,32195,16,1
1,NewOrder,1772006850.818661,43612,9,1
2,Payment,1772006850.819044,35942,1,1
3,OrderStatus,1772006850.819166,9077,22,1
1,NewOrder,1772006850.819593,8603,10,1
2,Payment,1772006850.820641,5180,20,1
1,NewOrder,1772006850.821562,11885,5,1
1,NewOrder,1772006850.822131,9987,17,1
1,NewOrder,1772006850.822916,10598,4,1
5,StockLevel,1772006850.823236,31781,14,1
1,NewOrder,1772006850.825285,24839,21,1
1,NewOrder,1772006850.825829,31895,20,1
2,Payment,1772006850.825876,10225,8,1
1,NewOrder,1772006850.827206,28203,2,1
2,Payment,1772006850.827694,25674,13,1
2,Payment,1772006850.828201,10709,10,1
1,NewOrder,1772006850.828252,28250,22,1
1,NewOrder,1772006850.830771,37823,23,1
1,NewOrder,1772006850.831024,27771,11,1
2,Payment,1772006850.832125,27041,17,1
4,Delivery,1772006850.833022,2776,12,1
1,NewOrder,1772006850.833453,26305,5,1
2,Payment,1772006850.833517,27062,4,1
1,NewOrder,1772006850.834153,8702,7,1
1,NewOrder,1772006850.835488,22932,18,1
1,NewOrder,1772006850.835805,26174,12,1
1,NewOrder,1772006850.836110,8949,8,1
1,NewOrder,1772006850.838043,30191,0,1
1,NewOrder,1772006850.838917,11612,10,1
5,StockLevel,1772006850.842861,2657,7,1
1,NewOrder,1772006850.844479,35174,15,1
1,NewOrder,1772006850.845067,7128,8,1
1,NewOrder,1772006850.845523,18286,7,1
2,Payment,1772006850.846013,4251,6,1
2,Payment,1772006850.849159,15360,16,1
2,Payment,1772006850.850129,10913,21,1
1,NewOrder,1772006850.850271,41435,6,1
1,NewOrder,1772006850.850538,40351,10,1
1,NewOrder,1772006850.850599,26622,19,1
1,NewOrder,1772006850.850915,27590,3,1
2,Payment,1772006850.852201,4927,8,1
2,Payment,1772006850.853372,15532,13,1
1,NewOrder,1772006850.854993,21209,1,1
1,NewOrder,1772006850.855028,21187,14,1
2,Payment,1772006850.855417,13202,2,1
1,NewOrder,1772006850.856509,24345,22,1
1,NewOrder,1772006850.857139,18633,8,1
2,Payment,1772006850.857729,12200,20,1
2,Payment,1772006850.858429,20686,18,1
2,Payment,1772006850.858800,5685,11,1
4,Delivery,1772006850.859173,30714,17,1
1,NewOrder,1772006850.859763,19929,5,1
5,StockLevel,1772006850.860584,21365,4,1
1,NewOrder,1772006850.861049,29851,21,1
1,NewOrder,1772006850.861985,32543,12,1
2,Payment,1772006850.862281,11989,9,1
2,Payment,1772006850.863821,18393,7,1
1,NewOrder,1772006850.864490,16811,11,1
4,Delivery,1772006850.864524,25707,16,1
1,NewOrder,1772006850.868243,20814,0,1
2,Payment,1772006850.868600,20755,23,1
2,Payment,1772006850.868625,9284,2,1
1,NewOrder,1772006850.868910,15483,13,1
1,NewOrder,1772006850.869939,58119,20,1
1,NewOrder,1772006850.874286,26482,9,1
1,NewOrder,1772006850.875780,29314,8,1
2,Payment,1772006850.876209,13212,1,1
5,StockLevel,1772006850.876225,19656,14,1
1,NewOrder,1772006850.877246,29110,19,1
1,NewOrder,1772006850.877923,28916,2,1
1,NewOrder,1772006850.878518,30412,3,1
2,Payment,1772006850.879136,20237,18,1
2,Payment,1772006850.879678,9644,15,1
1,NewOrder,1772006850.879718,23783,5,1
3,OrderStatus,1772006850.880862,3385,22,1
1,NewOrder,1772006850.881306,8670,11,1
2,Payment,1772006850.881954,20705,4,1
2,Payment,1772006850.882224,8295,7,1
2,Payment,1772006850.884257,21205,22,1
1,NewOrder,1772006850.884400,5515,13,1
1,NewOrder,1772006850.889084,21113,0,1
2,Payment,1772006850.889336,14446,15,1
1,NewOrder,1772006850.889381,28651,23,1
1,NewOrder,1772006850.889432,41317,1,1
1,NewOrder,1772006850.889893,27462,17,1
2,Payment,1772006850.889921,21372,13,1
1,NewOrder,1772006850.889986,32677,11,1
2,Payment,1772006850.890240,28822,16,1
1,NewOrder,1772006850.890529,39537,7,1
2,Payment,1772006850.890900,11095,10,1
1,NewOrder,1772006850.890922,20928,21,1
1,NewOrder,1772006850.891726,14031,6,1
2,Payment,1772006850.894553,31746,12,1
1,NewOrder,1772006850.895886,12681,14,1
2,Payment,1772006850.899394,15762,18,1
2,Payment,1772006850.900789,14646,9,1
4,Delivery,1772006850.902005,38931,10,1
1,NewOrder,1772006850.902668,32168,4,1
2,Payment,1772006850.903513,16665,5,1
2,Payment,1772006850.903788,37497,15,1
2,Payment,1772006850.905105,12875,8,1
1,NewOrder,1772006850.905472,22133,22,1
1,NewOrder,1772006850.905765,27644,6,1
3,OrderStatus,1772006850.906363,1755,19,1
2,Payment,1772006850.906849,16565,2,1
2,Payment,1772006850.908125,9877,19,1
4,Delivery,1772006850.908573,5446,14,1
2,Payment,1772006850.908935,18261,3,1
1,NewOrder,1772006850.910204,36033,0,1
2,Payment,1772006850.911297,46869,13,1
1,NewOrder,1772006850.911859,9727,21,1
2,Payment,1772006850.914026,17702,14,1
1,NewOrder,1772006850.915168,59117,18,1
2,Payment,1772006850.915442,7678,9,1
1,NewOrder,1772006850.917360,17811,17,1
1,NewOrder,1772006850.917990,26075,8,1
2,Payment,1772006850.918012,2808,19,1
4,Delivery,1772006850.918042,56271,23,1
1,NewOrder,1772006850.919072,15859,16,1
1,NewOrder,1772006850.920189,53709,5,1
5,StockLevel,1772006850.920827,15047,19,1
1,NewOrder,1772006850.921592,57589,21,1
1,NewOrder,1772006850.922670,35422,11,1
3,OrderStatus,1772006850.923123,16470,9,1
1,NewOrder,1772006850.923422,29723,2,1
2,Payment,1772006850.926306,47817,12,1
2,Payment,1772006850.927204,7156,3,1
2,Payment,1772006850.927609,16843,22,1
5,StockLevel,1772006850.928067,24653,20,1
2,Payment,1772006850.930073,4788,7,1
2,Payment,1772006850.930760,13909,1,1
1,NewOrder,1772006850.931739,33325,14,1
1,NewOrder,1772006850.933416,7310,6,1
2,Payment,1772006850.934366,23888,3,1
1,NewOrder,1772006850.934844,44365,4,1
1,NewOrder,1772006850.934867,47619,7,1
1,NewOrder,1772006850.934937,23276,16,1
4,Delivery,1772006850.935181,43855,17,1
1,NewOrder,1772006850.935879,29122,19,1
2,Payment,1772006850.939600,18590,9,1
2,Payment,1772006850.940732,33419,6,1
1,NewOrder,1772006850.940942,33233,10,1
1,NewOrder,1772006850.941290,16615,15,1
2,Payment,1772006850.944071,38458,8,1
5,StockLevel,1772006850.944458,20673,22,1
1,NewOrder,1772006850.944680,34667,1,1
2,Payment,1772006850.946248,27966,0,1
1,NewOrder,1772006850.952731,26566,20,1
2,Payment,1772006850.953154,29301,2,1
2,Payment,1772006850.957913,24511,15,1
2,Payment,1772006850.958102,38298,11,1
1,NewOrder,1772006850.958176,21143,13,1
1,NewOrder,1772006850.958201,24188,9,1
1,NewOrder,1772006850.958218,20744,16,1
1,NewOrder,1772006850.958257,28968,3,1
2,Payment,1772006850.965010,14057,19,1
1,NewOrder,1772006850.965073,17056,14,1
1,NewOrder,1772006850.965140,26337,22,1
1,NewOrder,1772006850.973908,24815,5,1
2,Payment,1772006850.974134,19159,12,1
2,Payment,1772006850.974160,35286,6,1
2,Payment,1772006850.974182,28790,10,1
1,NewOrder,1772006850.974220,20798,0,1
2,Payment,1772006850.974296,18887,18,1
5,StockLevel,1772006850.974319,10905,23,1
1,NewOrder,1772006850.978971,15963,16,1
1,NewOrder,1772006850.979039,22808,17,1
1,NewOrder,1772006850.979073,17015,19,1
1,NewOrder,1772006850.979189,13943,21,1
2,Payment,1772006850.979213,16398,4,1
1,NewOrder,1772006850.979309,16277,20,1
2,Payment,1772006850.979330,21292,13,1
2,Payment,1772006850.979358,9803,1,1
2,Payment,1772006850.982151,30196,14,1
2,Payment,1772006850.982398,37147,9,1
2,Payment,1772006850.982431,23084,15,1
1,NewOrder,1772006850.982462,15123,2,1
2,Payment,1772006850.982493,48407,7,1
4,Delivery,1772006850.982532,19198,8,1
2,Payment,1772006850.985229,17324,23,1
1,NewOrder,1772006850.987240,10893,3,1
1,NewOrder,1772006850.989186,18140,1,1
2,Payment,1772006850.991495,23176,22,1
1,NewOrder,1772006850.993148,15636,21,1
1,NewOrder,1772006850.993210,25241,18,1
1,NewOrder,1772006850.993308,16081,12,1
2,Payment,1772006850.994944,25242,16,1
1,NewOrder,1772006850.995029,14821,0,1
1,NewOrder,1772006850.995593,17733,20,1
2,Payment,1772006850.995618,7384,4,1
2,Payment,1772006850.996094,30803,19,1
2,Payment,1772006850.996404,40911,11,1
1,NewOrder,1772006850.997594,7369,2,1
2,Payment,1772006850.998138,8293,3,1
1,NewOrder,1772006850.998734,35143,5,1
2,Payment,1772006851.000633,21449,13,1
2,Payment,1772006851.001741,43627,8,1
2,Payment,1772006851.001859,22286,17,1
2,Payment,1772006851.002563,33568,23,1
1,NewOrder,1772006851.002982,54283,10,1
1,NewOrder,1772006851.003008,50384,4,1
2,Payment,1772006851.004970,8305,2,1
1,NewOrder,1772006851.005522,48755,15,1
1,NewOrder,1772006851.006440,19805,3,1
1,NewOrder,1772006851.007337,15305,1,1
1,NewOrder,1772006851.008792,36611,21,1
4,Delivery,1772006851.009396,7133,12,1
1,NewOrder,1772006851.009449,47846,6,1
1,NewOrder,1772006851.009862,9636,0,1
1,NewOrder,1772006851.012356,45310,14,1
1,NewOrder,1772006851.013286,14299,2,1
1,NewOrder,1772006851.013333,43869,20,1
1,NewOrder,1772006851.014675,38749,22,1
1,NewOrder,1772006851.016537,40225,12,1
2,Payment,1772006851.018460,25882,18,1
2,Payment,1772006851.019509,12315,0,1
1,NewOrder,1772006851.019557,25780,9,1
2,Payment,1772006851.020196,6633,16,1
2,Payment,1772006851.022090,9700,13,1
2,Payment,1772006851.022654,16133,1,1
5,StockLevel,1772006851.024154,17031,17,1
1,NewOrder,1772006851.026270,36242,3,1
1,NewOrder,1772006851.026850,45534,16,1
1,NewOrder,1772006851.026918,45489,19,1
1,NewOrder,1772006851.027595,31219,2,1
2,Payment,1772006851.030918,28861,7,1
2,Payment,1772006851.031801,6356,13,1
2,Payment,1772006851.031834,21508,0,1
2,Payment,1772006851.033899,31434,5,1
1,NewOrder,1772006851.036158,55189,23,1
1,NewOrder,1772006851.037321,50731,11,1
1,NewOrder,1772006851.038178,43989,13,1
1,NewOrder,1772006851.038797,34540,1,1
1,NewOrder,1772006851.041191,44745,17,1
2,Payment,1772006851.044358,15313,18,1
1,NewOrder,1772006851.045345,43626,9,1
2,Payment,1772006851.045375,25450,8,1
5,StockLevel,1772006851.045410,39253,21,1
1,NewOrder,1772006851.053361,34737,0,1
2,Payment,1772006851.053403,22430,4,1
1,NewOrder,1772006851.053433,32251,22,1
2,Payment,1772006851.054298,5369,15,1
1,NewOrder,1772006851.056773,29059,12,1
2,Payment,1772006851.057213,9956,20,1
1,NewOrder,1772006851.057272,16039,10,1
2,Payment,1772006851.057301,16690,6,1
1,NewOrder,1772006851.057673,28229,14,1
2,Payment,1772006851.058827,27175,2,1
4,Delivery,1772006851.059684,73779,15,1
1,NewOrder,1772006851.059692,29175,18,1
1,NewOrder,1772006851.059805,13392,7,1
1,NewOrder,1772006851.062539,9688,3,1
1,NewOrder,1772006851.065352,41835,5,1
2,Payment,1772006851.067179,5173,20,1
4,Delivery,1772006851.070831,36299,8,1
1,NewOrder,1772006851.072238,17233,3,1
2,Payment,1772006851.072357,4830,20,1
1,NewOrder,1772006851.072395,37090,16,1
2,Payment,1772006851.072415,13465,19,1
1,NewOrder,1772006851.073207,26569,7,1
2,Payment,1772006851.073319,12545,10,1
3,OrderStatus,1772006851.073341,7627,1,1
1,NewOrder,1772006851.074004,23181,6,1
2,Payment,1772006851.075844,21521,4,1
4,Delivery,1772006851.077196,48925,20,1
2,Payment,1772006851.080978,28638,1,1
2,Payment,1772006851.082193,6810,13,1
1,NewOrder,1772006851.084673,24918,21,1
1,NewOrder,1772006851.085697,47782,22,1
2,Payment,1772006851.085858,13750,12,1
1,NewOrder,1772006851.085893,31984,10,1
1,NewOrder,1772006851.085905,33863,19,1
1,NewOrder,1772006851.085914,31904,14,1
1,NewOrder,1772006851.085962,23525,17,1
2,Payment,1772006851.086031,30068,2,1
2,Payment,1772006851.088057,13775,11,1
2,Payment,1772006851.088109,45394,0,1
1,NewOrder,1772006851.088872,29122,18,1
1,NewOrder,1772006851.088987,32897,9,1
3,OrderStatus,1772006851.089014,10848,13,1
1,NewOrder,1772006851.089483,23304,3,1
3,OrderStatus,1772006851.091356,7843,23,1
5,StockLevel,1772006851.097194,27316,6,1
1,NewOrder,1772006851.097372,22364,4,1
1,NewOrder,1772006851.099209,18712,23,1
1,NewOrder,1772006851.099613,33935,12,1
1,NewOrder,1772006851.099787,38787,7,1
1,NewOrder,1772006851.099872,19051,13,1
1,NewOrder,1772006851.101839,31710,11,1
2,Payment,1772006851.107154,10796,8,1
1,NewOrder,1772006851.107213,34310,5,1
1,NewOrder,1772006851.109491,15882,16,1
2,Payment,1772006851.109496,8518,17,1
2,Payment,1772006851.109601,9399,21,1
2,Payment,1772006851.109627,35430,1,1
2,Payment,1772006851.112814,42233,3,1
3,OrderStatus,1772006851.116114,10780,2,1
1,NewOrder,1772006851.117829,33213,14,1
3,OrderStatus,1772006851.117885,6677,10,1
1,NewOrder,1772006851.117931,36306,23,1
3,OrderStatus,1772006851.117955,9239,8,1
2,Payment,1772006851.118003,13685,18,1
1,NewOrder,1772006851.118020,24744,17,1
1,NewOrder,1772006851.118948,27825,13,1
1,NewOrder,1772006851.119025,17740,21,1
5,StockLevel,1772006851.119752,16898,4,1
2,Payment,1772006851.119783,17977,19,1
1,NewOrder,1772006851.121894,18599,9,1
1,NewOrder,1772006851.124516,18462,6,1
1,NewOrder,1772006851.124569,27443,10,1
1,NewOrder,1772006851.125399,19194,16,1
1,NewOrder,1772006851.126131,19791,20,1
2,Payment,1772006851.126920,35018,2,1
2,Payment,1772006851.127204,10533,8,1
1,NewOrder,1772006851.131713,29144,18,1
1,NewOrder,1772006851.133470,21924,15,1
1,NewOrder,1772006851.133490,20784,22,1
2,Payment,1772006851.133511,39969,0,1
2,Payment,1772006851.133562,5505,12,1
1,NewOrder,1772006851.133563,19792,11,1
2,Payment,1772006851.136659,20282,4,1
1,NewOrder,1772006851.136775,17468,21,1
1,NewOrder,1772006851.137763,31845,8,1
1,NewOrder,1772006851.137775,18164,19,1
2,Payment,1772006851.138587,5362,7,1
2,Payment,1772006851.139072,4428,12,1
2,Payment,1772006851.140501,13369,9,1
2,Payment,1772006851.141539,25784,5,1
1,NewOrder,1772006851.142790,39537,17,1
2,Payment,1772006851.143000,33003,6,1
2,Payment,1772006851.143516,6452,12,1
1,NewOrder,1772006851.143975,27723,7,1
1,NewOrder,1772006851.144604,17282,16,1
1,NewOrder,1772006851.145065,41000,1,1
5,StockLevel,1772006851.145933,33934,20,1
1,NewOrder,1772006851.146798,8221,13,1
1,NewOrder,1772006851.149984,36029,12,1
1,NewOrder,1772006851.151068,28701,14,1
1,NewOrder,1772006851.152023,30343,10,1
2,Payment,1772006851.153380,11773,11,1
4,Delivery,1772006851.153892,38622,9,1
2,Payment,1772006851.154260,8755,21,1
2,Payment,1772006851.154267,13866,23,1
1,NewOrder,1772006851.154300,31635,22,1
5,StockLevel,1772006851.155029,42469,13,1
1,NewOrder,1772006851.155052,30003,3,1
3,OrderStatus,1772006851.155405,13429,15,1
1,NewOrder,1772006851.155950,30091,19,1
2,Payment,1772006851.156965,28045,4,1
1,NewOrder,1772006851.160870,24956,18,1
3,OrderStatus,1772006851.161906,5177,16,1
2,Payment,1772006851.161964,28339,2,1
1,NewOrder,1772006851.163041,25135,21,1
1,NewOrder,1772006851.165165,20820,11,1
2,Payment,1772006851.167091,9194,16,1
1,NewOrder,1772006851.167333,21644,5,1
1,NewOrder,1772006851.168159,41769,23,1
2,Payment,1772006851.168859,20070,15,1
1,NewOrder,1772006851.169614,21301,8,1
1,NewOrder,1772006851.171723,24832,7,1
1,NewOrder,1772006851.173490,32500,0,1
2,Payment,1772006851.176029,11207,6,1
1,NewOrder,1772006851.176297,16184,16,1
1,NewOrder,1772006851.179777,17986,14,1
2,Payment,1772006851.179889,6071,20,1
2,Payment,1772006851.182338,14903,17,1
1,NewOrder,1772006851.182377,36447,10,1
1,NewOrder,1772006851.185019,17470,4,1
2,Payment,1772006851.185063,14820,3,1
2,Payment,1772006851.185851,17434,18,1
2,Payment,1772006851.185945,11843,22,1
2,Payment,1772006851.185971,7097,20,1
1,NewOrder,1772006851.185995,25875,11,1
2,Payment,1772006851.186024,17335,12,1
1,NewOrder,1772006851.186047,34262,19,1
1,NewOrder,1772006851.186070,40016,1,1
4,Delivery,1772006851.187246,5681,6,1
2,Payment,1772006851.188201,27252,21,1
4,Delivery,1772006851.188941,65911,15,1
5,StockLevel,1772006851.189002,25183,5,1
1,NewOrder,1772006851.190313,13738,2,1
1,NewOrder,1772006851.190925,14720,8,1
4,Delivery,1772006851.192506,62596,16,1
1,NewOrder,1772006851.192530,46048,9,1
1,NewOrder,1772006851.192946,27054,6,1
1,NewOrder,1772006851.193079,26946,20,1
3,OrderStatus,1772006851.196564,5670,7,1
2,Payment,1772006851.197266,21695,17,1
3,OrderStatus,1772006851.197522,10902,13,1
1,NewOrder,1772006851.197782,23757,14,1
1,NewOrder,1772006851.197803,25047,22,1
1,NewOrder,1772006851.199891,42939,3,1
4,Delivery,1772006851.202243,42742,7,1
2,Payment,1772006851.202495,4458,4,1
1,NewOrder,1772006851.203312,29190,18,1
2,Payment,1772006851.203385,25307,12,1
2,Payment,1772006851.204061,8616,2,1
2,Payment,1772006851.205670,5433,8,1
2,Payment,1772006851.206000,14032,0,1
1,NewOrder,1772006851.206964,20046,4,1
1,NewOrder,1772006851.208448,33005,13,1
1,NewOrder,1772006851.209938,31424,23,1
1,NewOrder,1772006851.211129,20695,8,1
2,Payment,1772006851.211897,8446,11,1
2,Payment,1772006851.212683,18071,2,1
4,Delivery,1772006851.214194,58407,5,1
5,StockLevel,1772006851.215478,15564,21,1
2,Payment,1772006851.218834,11417,10,1
2,Payment,1772006851.218972,19639,17,1
3,OrderStatus,1772006851.220009,7454,6,1
3,OrderStatus,1772006851.220035,10949,20,1
1,NewOrder,1772006851.220043,27565,0,1
2,Payment,1772006851.220314,10472,19,1
2,Payment,1772006851.220349,16792,11,1
3,OrderStatus,1772006851.221549,5193,14,1
1,NewOrder,1772006851.222861,30313,22,1
1,NewOrder,1772006851.226094,26452,1,1
1,NewOrder,1772006851.226750,20906,14,1
2,Payment,1772006851.227020,11440,4,1
1,NewOrder,1772006851.227468,21854,6,1
2,Payment,1772006851.228702,20525,12,1
1,NewOrder,1772006851.230260,18392,10,1
2,Payment,1772006851.230778,18410,2,1
1,NewOrder,1772006851.230812,25571,19,1
2,Payment,1772006851.230991,9473,20,1
1,NewOrder,1772006851.231054,17698,21,1
1,NewOrder,1772006851.231828,35736,8,1
3,OrderStatus,1772006851.232530,7622,18,1
1,NewOrder,1772006851.237152,18550,11,1
4,Delivery,1772006851.238480,34609,4,1
1,NewOrder,1772006851.238589,35864,9,1
1,NewOrder,1772006851.238618,27164,17,1
1,NewOrder,1772006851.240177,21795,18,1
2,Payment,1772006851.240478,12712,20,1
2,Payment,1772006851.241370,19986,23,1
2,Payment,1772006851.241462,14446,13,1
1,NewOrder,1772006851.242858,36693,3,1
1,NewOrder,1772006851.244995,21956,7,1
1,NewOrder,1772006851.247625,14369,0,1
1,NewOrder,1772006851.247682,20772,14,1
2,Payment,1772006851.248662,2579,10,1
2,Payment,1772006851.248762,18818,21,1
1,NewOrder,1772006851.249214,15279,2,1
2,Payment,1772006851.249253,12174,12,1
2,Payment,1772006851.249347,6515,6,1
1,NewOrder,1772006851.251248,9463,10,1
1,NewOrder,1772006851.252573,31519,1,1
1,NewOrder,1772006851.253183,27937,22,1
1,NewOrder,1772006851.253197,32831,20,1
5,StockLevel,1772006851.254863,17535,15,1
1,NewOrder,1772006851.255108,18897,16,1
1,NewOrder,1772006851.255722,23922,11,1
1,NewOrder,1772006851.255888,23723,6,1
2,Payment,1772006851.255934,15795,13,1
2,Payment,1772006851.256389,23192,19,1
1,NewOrder,1772006851.260722,48995,10,1
1,NewOrder,1772006851.261360,17046,23,1
1,NewOrder,1772006851.261458,30127,12,1
1,NewOrder,1772006851.262005,17751,18,1
2,Payment,1772006851.262006,7693,0,1
2,Payment,1772006851.264504,16652,2,1
2,Payment,1772006851.265792,13650,17,1
1,NewOrder,1772006851.266975,19063,7,1
2,Payment,1772006851.267575,5661,8,1
2,Payment,1772006851.267592,19232,21,1
2,Payment,1772006851.268470,18315,14,1
2,Payment,1772006851.269724,17667,0,1
1,NewOrder,1772006851.271738,15009,13,1
1,NewOrder,1772006851.272424,14427,15,1
1,NewOrder,1772006851.272627,35309,5,1
2,Payment,1772006851.273095,22592,4,1
2,Payment,1772006851.273243,6236,8,1
2,Payment,1772006851.274031,22597,16,1
1,NewOrder,1772006851.274474,19949,9,1
1,NewOrder,1772006851.278431,14315,23,1
1,NewOrder,1772006851.279453,30261,17,1
1,NewOrder,1772006851.279486,26019,8,1
2,Payment,1772006851.279561,38769,3,1
1,NewOrder,1772006851.279590,25647,19,1
1,NewOrder,1772006851.279621,30120,6,1
1,NewOrder,1772006851.279649,30772,11,1
2,Payment,1772006851.279783,12842,18,1
1,NewOrder,1772006851.281145,36554,22,1
2,Payment,1772006851.281169,24188,2,1
1,NewOrder,1772006851.284104,21423,1,1
1,NewOrder,1772006851.286055,22016,20,1
2,Payment,1772006851.286066,9586,7,1
2,Payment,1772006851.286754,18636,13,1
2,Payment,1772006851.286792,40764,14,1
1,NewOrder,1772006851.286831,15866,21,1
1,NewOrder,1772006851.286862,24730,15,1
1,NewOrder,1772006851.287401,22388,0,1
2,Payment,1772006851.291591,41895,12,1
5,StockLevel,1772006851.292650,19465,18,1
1,NewOrder,1772006851.292756,27451,23,1
1,NewOrder,1772006851.294428,34376,9,1
1,NewOrder,1772006851.295662,19808,7,1
2,Payment,1772006851.295695,31966,4,1
1,NewOrder,1772006851.296640,15854,16,1
1,NewOrder,1772006851.302703,28725,21,1
2,Payment,1772006851.305247,13151,19,1
1,NewOrder,1772006851.305363,13873,2,1
1,NewOrder,1772006851.305395,33485,13,1
1,NewOrder,1772006851.305516,32823,8,1
1,NewOrder,1772006851.305550,14252,1,1
1,NewOrder,1772006851.307942,26150,5,1
2,Payment,1772006851.308082,18761,20,1
5,StockLevel,1772006851.309724,5127,10,1
2,Payment,1772006851.309726,30986,17,1
2,Payment,1772006851.309751,8625,6,1
2,Payment,1772006851.309800,27334,0,1
1,NewOrder,1772006851.310432,20260,11,1
1,NewOrder,1772006851.311603,15981,15,1
1,NewOrder,1772006851.312123,23360,18,1
2,Payment,1772006851.312501,34622,16,1
2,Payment,1772006851.314861,5813,10,1
1,NewOrder,1772006851.315481,11979,7,1
1,NewOrder,1772006851.317707,14694,22,1
1,NewOrder,1772006851.318338,33522,3,1
2,Payment,1772006851.318387,5371,6,1
2,Payment,1772006851.318403,14303,19,1
2,Payment,1772006851.319242,22612,2,1
2,Payment,1772006851.319806,27265,1,1
3,OrderStatus,1772006851.320218,2295,23,1
2,Payment,1772006851.320678,6941,10,1
1,NewOrder,1772006851.322523,16657,23,1
2,Payment,1772006851.323767,9648,6,1
1,NewOrder,1772006851.326853,16573,20,1
3,OrderStatus,1772006851.327470,8882,7,1
1,NewOrder,1772006851.327566,22678,14,1
1,NewOrder,1772006851.327590,39636,15,1
5,StockLevel,1772006851.327625,18274,10,1
2,Payment,1772006851.327668,22562,4,1
2,Payment,1772006851.328822,12491,9,1
2,Payment,1772006851.330697,15204,11,1
4,Delivery,1772006851.331439,57202,21,1
1,NewOrder,1772006851.332426,27299,22,1
5,StockLevel,1772006851.332729,13397,19,1
4,Delivery,1772006851.333421,17579,6,1
2,Payment,1772006851.333489,18868,12,1
1,NewOrder,1772006851.334106,16215,5,1
2,Payment,1772006851.335490,3322,18,1
2,Payment,1772006851.336363,20341,7,1
2,Payment,1772006851.337143,22185,0,1
2,Payment,1772006851.338347,21799,8,1
1,NewOrder,1772006851.338825,21477,18,1
2,Payment,1772006851.338888,20916,13,1
1,NewOrder,1772006851.339184,19422,23,1
1,NewOrder,1772006851.340715,18959,17,1
2,Payment,1772006851.341324,22226,9,1
2,Payment,1772006851.341865,26816,2,1
2,Payment,1772006851.343434,6074,20,1
2,Payment,1772006851.345913,29519,10,1
2,Payment,1772006851.345914,22731,11,1
1,NewOrder,1772006851.346130,13618,19,1
2,Payment,1772006851.347075,27508,1,1
2,Payment,1772006851.347131,18262,16,1
2,Payment,1772006851.349516,8545,20,1
1,NewOrder,1772006851.350241,31925,4,1
1,NewOrder,1772006851.350254,24304,14,1
1,NewOrder,1772006851.350331,25918,5,1
2,Payment,1772006851.351025,29499,6,1
1,NewOrder,1772006851.351882,31053,3,1
1,NewOrder,1772006851.352367,24327,12,1
4,Delivery,1772006851.356713,30434,7,1
2,Payment,1772006851.358072,12268,20,1
2,Payment,1772006851.358617,20966,23,1
1,NewOrder,1772006851.359337,22323,0,1
4,Delivery,1772006851.359685,37959,17,1
2,Payment,1772006851.359735,28327,22,1
1,NewOrder,1772006851.359754,16589,19,1
2,Payment,1772006851.359813,9449,13,1
2,Payment,1772006851.360153,25445,8,1
5,StockLevel,1772006851.360316,6711,18,1
2,Payment,1772006851.363560,31505,9,1
2,Payment,1772006851.365403,8625,16,1
2,Payment,1772006851.367036,35455,18,1
2,Payment,1772006851.367236,16524,15,1
1,NewOrder,1772006851.368655,17629,11,1
4,Delivery,1772006851.368692,34474,2,1
2,Payment,1772006851.369268,19922,13,1
1,NewOrder,1772006851.370347,18877,20,1
1,NewOrder,1772006851.374037,26372,16,1
1,NewOrder,1772006851.374569,44008,14,1
1,NewOrder,1772006851.374602,36547,1,1
1,NewOrder,1772006851.375440,43589,10,1
2,Payment,1772006851.376262,10112,5,1
2,Payment,1772006851.376354,33574,19,1
2,Payment,1772006851.376700,19158,12,1
2,Payment,1772006851.379593,43365,23,1
1,NewOrder,1772006851.380550,21892,6,1
1,NewOrder,1772006851.381685,12802,0,1
1,NewOrder,1772006851.382191,12830,4,1
1,NewOrder,1772006851.382958,34398,3,1
1,NewOrder,1772006851.383771,26034,15,1
3,OrderStatus,1772006851.385624,10033,8,1
1,NewOrder,1772006851.386294,40808,11,1
1,NewOrder,1772006851.386391,29427,5,1
2,Payment,1772006851.387173,14521,7,1
1,NewOrder,1772006851.388073,31015,22,1
2,Payment,1772006851.388655,38324,21,1
1,NewOrder,1772006851.389213,43033,13,1
1,NewOrder,1772006851.389236,37073,20,1
1,NewOrder,1772006851.394498,11516,0,1
1,NewOrder,1772006851.395027,15021,4,1
3,OrderStatus,1772006851.395075,4705,9,1
2,Payment,1772006851.395682,12251,8,1
1,NewOrder,1772006851.395862,33113,12,1
3,OrderStatus,1772006851.397669,8145,17,1
1,NewOrder,1772006851.399791,18622,9,1
1,NewOrder,1772006851.400420,32489,16,1
1,NewOrder,1772006851.401727,53884,7,1
1,NewOrder,1772006851.402454,30412,6,1
1,NewOrder,1772006851.402516,16396,18,1
1,NewOrder,1772006851.403174,15939,2,1
1,NewOrder,1772006851.405826,38274,17,1
2,Payment,1772006851.406024,3935,0,1
2,Payment,1772006851.407959,9304,8,1
4,Delivery,1772006851.409838,40877,15,1
1,NewOrder,1772006851.409934,27761,19,1
2,Payment,1772006851.409970,9101,0,1
3,OrderStatus,1772006851.410059,4403,4,1
1,NewOrder,1772006851.411159,25177,1,1
1,NewOrder,1772006851.414471,9101,4,1
2,Payment,1772006851.415822,7786,5,1
2,Payment,1772006851.417288,10414,8,1
3,OrderStatus,1772006851.417383,5746,3,1
1,NewOrder,1772006851.418424,38988,9,1
1,NewOrder,1772006851.418604,20262,14,1
1,NewOrder,1772006851.418929,8074,18,1
2,Payment,1772006851.419045,13935,10,1
1,NewOrder,1772006851.419099,15948,0,1
2,Payment,1772006851.419107,14001,22,1
2,Payment,1772006851.419125,9722,2,1
1,NewOrder,1772006851.422967,33422,23,1
2,Payment,1772006851.423139,10433,3,1
1,NewOrder,1772006851.423580,9499,4,1
1,NewOrder,1772006851.423620,16164,5,1
1,NewOrder,1772006851.426319,18254,20,1
2,Payment,1772006851.426996,13634,21,1
2,Payment,1772006851.427021,9941,18,1
2,Payment,1772006851.427113,13244,11,1
1,NewOrder,1772006851.427709,21017,8,1
2,Payment,1772006851.428852,11498,2,1
1,NewOrder,1772006851.428986,23794,12,1
1,NewOrder,1772006851.432272,24077,13,1
1,NewOrder,1772006851.432884,24026,6,1
1,NewOrder,1772006851.432935,25843,16,1
2,Payment,1772006851.432992,14410,10,1
5,StockLevel,1772006851.433104,9818,4,1
2,Payment,1772006851.433148,15068,22,1
2,Payment,1772006851.433583,14472,3,1
1,NewOrder,1772006851.435058,32989,0,1
2,Payment,1772006851.436357,21819,1,1
1,NewOrder,1772006851.436967,32300,18,1
2,Payment,1772006851.437721,21334,19,1
2,Payment,1772006851.438881,7220,14,1
2,Payment,1772006851.439790,29196,5,1
1,NewOrder,1772006851.440357,28820,2,1
1,NewOrder,1772006851.440367,39897,11,1
2,Payment,1772006851.440634,21002,21,1
1,NewOrder,1772006851.442947,13333,4,1
1,NewOrder,1772006851.444110,24919,17,1
1,NewOrder,1772006851.444590,12363,20,1
2,Payment,1772006851.446108,7621,14,1
2,Payment,1772006851.447412,10728,10,1
1,NewOrder,1772006851.448074,26930,3,1
1,NewOrder,1772006851.448244,29855,22,1
1,NewOrder,1772006851.448740,19297,8,1
5,StockLevel,1772006851.450725,6313,15,1
1,NewOrder,1772006851.452805,53299,12,1
2,Payment,1772006851.453744,15319,14,1
1,NewOrder,1772006851.455637,24769,7,1
1,NewOrder,1772006851.456290,21034,4,1
2,Payment,1772006851.456367,23532,13,1
1,NewOrder,1772006851.456400,21726,23,1
1,NewOrder,1772006851.456916,27256,6,1
2,Payment,1772006851.456974,12170,20,1
1,NewOrder,1772006851.457043,12088,15,1
1,NewOrder,1772006851.457423,28405,9,1
2,Payment,1772006851.458144,11065,10,1
5,StockLevel,1772006851.458187,18897,1,1
1,NewOrder,1772006851.458789,10301,16,1
1,NewOrder,1772006851.459065,26315,19,1
1,NewOrder,1772006851.461644,14971,21,1
2,Payment,1772006851.468045,14708,8,1
1,NewOrder,1772006851.468057,17742,0,1
1,NewOrder,1772006851.469004,16632,5,1
2,Payment,1772006851.469056,26543,17,1
5,StockLevel,1772006851.469089,18308,14,1
1,NewOrder,1772006851.469101,37579,16,1
2,Payment,1772006851.469137,17833,15,1
2,Payment,1772006851.469155,11072,20,1
1,NewOrder,1772006851.469188,28572,2,1
1,NewOrder,1772006851.469215,37488,10,1
1,NewOrder,1772006851.469277,45800,18,1
1,NewOrder,1772006851.475015,10319,3,1
2,Payment,1772006851.476626,11718,21,1
2,Payment,1772006851.477094,7172,1,1
1,NewOrder,1772006851.477333,44137,4,1
1,NewOrder,1772006851.478109,30608,22,1
2,Payment,1772006851.478136,15219,23,1
1,NewOrder,1772006851.479909,36313,13,1
4,Delivery,1772006851.480252,52806,20,1
2,Payment,1772006851.480290,7649,11,1
1,NewOrder,1772006851.480431,36241,7,1
2,Payment,1772006851.482778,11260,8,1
2,Payment,1772006851.484177,15643,6,1
2,Payment,1772006851.484277,1483,1,1
1,NewOrder,1772006851.485360,25743,3,1
2,Payment,1772006851.485405,20806,19,1
2,Payment,1772006851.485658,3321,5,1
4,Delivery,1772006851.485777,12842,1,1
1,NewOrder,1772006851.485821,25768,0,1
2,Payment,1772006851.485853,20405,9,1
2,Payment,1772006851.486984,18109,15,1
1,NewOrder,1772006851.487406,28042,14,1
1,NewOrder,1772006851.487949,22064,11,1
1,NewOrder,1772006851.488355,23361,21,1
2,Payment,1772006851.488986,5014,5,1
1,NewOrder,1772006851.493366,22108,23,1
1,NewOrder,1772006851.494005,22751,5,1
2,Payment,1772006851.494045,19682,8,1
2,Payment,1772006851.495604,19823,17,1
2,Payment,1772006851.497771,8881,2,1
1,NewOrder,1772006851.498646,14635,1,1
2,Payment,1772006851.499831,18343,6,1
2,Payment,1772006851.505103,14989,15,1
1,NewOrder,1772006851.506113,16167,12,1
2,Payment,1772006851.506230,5991,19,1
2,Payment,1772006851.506284,17413,9,1
4,Delivery,1772006851.506667,25918,2,1
2,Payment,1772006851.506692,19580,16,1
1,NewOrder,1772006851.506728,17761,10,1
2,Payment,1772006851.508744,7462,22,1
3,OrderStatus,1772006851.510028,4536,11,1
1,NewOrder,1772006851.511113,21396,3,1
1,NewOrder,1772006851.511597,25224,0,1
2,Payment,1772006851.511730,8995,21,1
2,Payment,1772006851.512245,13280,19,1
1,NewOrder,1772006851.513286,19347,1,1
2,Payment,1772006851.513737,17951,8,1
2,Payment,1772006851.514590,22649,11,1
1,NewOrder,1772006851.515090,28734,18,1
2,Payment,1772006851.515437,26010,17,1
2,Payment,1772006851.515454,17215,14,1
2,Payment,1772006851.515480,18713,23,1
2,Payment,1772006851.516215,22864,22,1
1,NewOrder,1772006851.516232,22124,13,1
2,Payment,1772006851.516682,32441,7,1
5,StockLevel,1772006851.516767,16443,5,1
1,NewOrder,1772006851.518190,21840,6,1
3,OrderStatus,1772006851.520097,5902,15,1
2,Payment,1772006851.520744,23158,21,1
1,NewOrder,1772006851.521476,14645,4,1
1,NewOrder,1772006851.522292,17702,12,1
2,Payment,1772006851.523730,34129,9,1
1,NewOrder,1772006851.524496,17865,10,1
1,NewOrder,1772006851.525555,24191,19,1
1,NewOrder,1772006851.526005,20372,15,1
2,Payment,1772006851.526283,25543,16,1
1,NewOrder,1772006851.531713,14234,8,1
1,NewOrder,1772006851.532533,17175,3,1
2,Payment,1772006851.532600,6901,2,1
1,NewOrder,1772006851.532670,30372,1,1
2,Payment,1772006851.532696,23318,14,1
1,NewOrder,1772006851.533073,26564,20,1
2,Payment,1772006851.533219,9862,5,1
1,NewOrder,1772006851.534219,10450,23,1
1,NewOrder,1772006851.536131,19815,4,1
3,OrderStatus,1772006851.536832,12561,0,1
1,NewOrder,1772006851.537264,35179,11,1
2,Payment,1772006851.538366,23612,13,1
2,Payment,1772006851.539089,8055,22,1
2,Payment,1772006851.539523,10248,2,1
1,NewOrder,1772006851.540019,30494,12,1
1,NewOrder,1772006851.540039,53884,6,1
1,NewOrder,1772006851.541472,37476,17,1
1,NewOrder,1772006851.542387,38397,10,1
2,Payment,1772006851.543088,15394,5,1
1,NewOrder,1772006851.543842,32980,18,1
1,NewOrder,1772006851.543913,30605,21,1
4,Delivery,1772006851.544700,20920,23,1
2,Payment,1772006851.545969,18010,8,1
2,Payment,1772006851.546398,22689,15,1
5,StockLevel,1772006851.547150,3647,22,1
2,Payment,1772006851.549133,23265,7,1
2,Payment,1772006851.549401,25201,0,1
2,Payment,1772006851.549719,15511,3,1
1,NewOrder,1772006851.549758,28243,19,1
5,StockLevel,1772006851.549777,21485,2,1
2,Payment,1772006851.550803,2483,22,1
2,Payment,1772006851.551837,27216,16,1
2,Payment,1772006851.553310,2014,22,1
2,Payment,1772006851.555330,3054,22,1
1,NewOrder,1772006851.555973,29687,4,1
1,NewOrder,1772006851.556025,22013,14,1
2,Payment,1772006851.557884,20049,9,1
1,NewOrder,1772006851.558389,16245,22,1
1,NewOrder,1772006851.558493,32776,5,1
5,StockLevel,1772006851.559651,17499,20,1
1,NewOrder,1772006851.562002,34374,13,1
1,NewOrder,1772006851.563052,19352,1,1
2,Payment,1772006851.564002,24634,8,1
1,NewOrder,1772006851.565240,26067,3,1
1,NewOrder,1772006851.565632,19884,23,1
2,Payment,1772006851.569097,19365,15,1
2,Payment,1772006851.570521,27419,12,1
3,OrderStatus,1772006851.571266,5539,2,1
2,Payment,1772006851.572409,32942,7,1
2,Payment,1772006851.572457,25562,11,1
1,NewOrder,1772006851.574529,7831,21,1
2,Payment,1772006851.574613,9105,0,1
4,Delivery,1772006851.574644,23238,22,1
5,StockLevel,1772006851.576811,4390,2,1
1,NewOrder,1772006851.576832,19530,18,1
2,Payment,1772006851.577170,4419,20,1
2,Payment,1772006851.577943,37438,9,1
2,Payment,1772006851.578005,7640,19,1
2,Payment,1772006851.578048,27510,14,1
2,Payment,1772006851.578957,44806,17,1
2,Payment,1772006851.579063,36384,16,1
5,StockLevel,1772006851.580800,12297,10,1
2,Payment,1772006851.581210,7461,2,1
2,Payment,1772006851.581600,9687,20,1
1,NewOrder,1772006851.582373,8909,21,1
2,Payment,1772006851.582430,12754,1,1
2,Payment,1772006851.583729,17679,0,1
1,NewOrder,1772006851.585522,26127,23,1
5,StockLevel,1772006851.585656,14112,19,1
2,Payment,1772006851.585671,25953,4,1
1,NewOrder,1772006851.588486,22928,15,1
2,Payment,1772006851.588652,40817,8,1
1,NewOrder,1772006851.588684,16904,2,1
2,Payment,1772006851.591280,33590,5,1
2,Payment,1772006851.591288,5066,21,1
2,Payment,1772006851.591298,12248,20,1
2,Payment,1772006851.591317,29976,3,1
1,NewOrder,1772006851.593106,6246,10,1
1,NewOrder,1772006851.593933,21553,6,1
1,NewOrder,1772006851.595190,16444,1,1
2,Payment,1772006851.596361,19063,21,1
4,Delivery,1772006851.596373,19174,18,1
2,Payment,1772006851.596381,31523,13,1
1,NewOrder,1772006851.597905,9340,22,1
2,Payment,1772006851.597966,35268,12,1
3,OrderStatus,1772006851.598033,4171,11,1
2,Payment,1772006851.599359,36340,10,1
1,NewOrder,1772006851.599779,21602,19,1
2,Payment,1772006851.601435,30126,0,1
1,NewOrder,1772006851.602211,13295,11,1
1,NewOrder,1772006851.603557,11742,20,1
1,NewOrder,1772006851.605376,16032,7,1
2,Payment,1772006851.605570,35378,14,1
2,Payment,1772006851.605614,35240,2,1
1,NewOrder,1772006851.607255,14182,22,1
1,NewOrder,1772006851.611423,12381,15,1
1,NewOrder,1772006851.611641,12171,4,1
1,NewOrder,1772006851.611662,12118,1,1
2,Payment,1772006851.611668,12569,23,1
2,Payment,1772006851.615318,27433,20,1
2,Payment,1772006851.615395,8261,9,1
2,Payment,1772006851.615452,17901,21,1
1,NewOrder,1772006851.615470,9428,16,1
1,NewOrder,1772006851.615504,13997,6,1
1,NewOrder,1772006851.615523,8183,11,1
1,NewOrder,1772006851.615573,9352,18,1
1,NewOrder,1772006851.621300,8129,3,1
2,Payment,1772006851.621384,27774,19,1
2,Payment,1772006851.621414,17739,7,1
2,Payment,1772006851.621444,36331,22,1
2,Payment,1772006851.623662,22745,9,1
1,NewOrder,1772006851.623715,15610,11,1
1,NewOrder,1772006851.623774,7420,17,1
3,OrderStatus,1772006851.623795,4615,1,1
1,NewOrder,1772006851.623811,13595,15,1
2,Payment,1772006851.623822,23929,4,1
1,NewOrder,1772006851.624242,25009,23,1
1,NewOrder,1772006851.624874,12581,5,1
2,Payment,1772006851.624908,24336,16,1
1,NewOrder,1772006851.624931,12378,18,1
2,Payment,1772006851.627908,27397,13,1
1,NewOrder,1772006851.628420,19329,1,1
2,Payment,1772006851.629454,23804,3,1
2,Payment,1772006851.629487,28243,8,1
2,Payment,1772006851.629526,21727,6,1
3,OrderStatus,1772006851.631204,5768,17,1
4,Delivery,1772006851.631588,12996,0,1
2,Payment,1772006851.633244,27384,12,1
1,NewOrder,1772006851.633359,18019,21,1
5,StockLevel,1772006851.635709,7372,10,1
2,Payment,1772006851.636998,29907,17,1
1,NewOrder,1772006851.637319,20376,18,1
1,NewOrder,1772006851.637416,20381,15,1
2,Payment,1772006851.637466,23091,5,1
2,Payment,1772006851.639159,39294,7,1
2,Payment,1772006851.639335,31141,11,1
2,Payment,1772006851.640879,24868,2,1
2,Payment,1772006851.640974,30688,14,1
2,Payment,1772006851.642761,22944,20,1
3,OrderStatus,1772006851.643089,1717,10,1
1,NewOrder,1772006851.644592,10549,0,1
5,StockLevel,1772006851.644814,1462,10,1
2,Payment,1772006851.646282,18327,10,1
2,Payment,1772006851.646416,41294,9,1
1,NewOrder,1772006851.647759,7498,1,1
2,Payment,1772006851.647762,28344,4,1
2,Payment,1772006851.649167,21193,19,1
1,NewOrder,1772006851.649254,17615,16,1
1,NewOrder,1772006851.649260,13608,23,1
3,OrderStatus,1772006851.651267,3990,6,1
2,Payment,1772006851.651406,46068,21,1
1,NewOrder,1772006851.653276,9499,3,1
2,Payment,1772006851.655152,25754,0,1
2,Payment,1772006851.655265,13863,1,1
1,NewOrder,1772006851.655268,10377,6,1
1,NewOrder,1772006851.655309,9228,13,1
2,Payment,1772006851.657721,32755,18,1
1,NewOrder,1772006851.657749,8024,8,1
1,NewOrder,1772006851.657801,6887,22,1
2,Payment,1772006851.657813,23286,15,1
1,NewOrder,1772006851.660564,6232,5,1
2,Payment,1772006851.660639,29792,12,1
1,NewOrder,1772006851.662783,15586,3,1
2,Payment,1772006851.662875,18258,23,1
1,NewOrder,1772006851.664547,13795,13,1
2,Payment,1772006851.664619,30129,10,1
1,NewOrder,1772006851.664698,13763,22,1
2,Payment,1772006851.665671,36724,6,1
2,Payment,1772006851.665721,42349,20,1
1,NewOrder,1772006851.665763,12508,2,1
1,NewOrder,1772006851.665788,12686,8,1
2,Payment,1772006851.666802,23778,5,1
1,NewOrder,1772006851.666873,17010,16,1
1,NewOrder,1772006851.666916,16990,17,1
2,Payment,1772006851.669140,28310,1,1
1,NewOrder,1772006851.670386,21388,19,1
1,NewOrder,1772006851.670502,26809,11,1
3,OrderStatus,1772006851.671673,5704,14,1
4,Delivery,1772006851.676132,31965,4,1
2,Payment,1772006851.677387,19949,14,1
1,NewOrder,1772006851.678281,12019,2,1
1,NewOrder,1772006851.678350,6592,13,1
2,Payment,1772006851.678379,29639,3,1
1,NewOrder,1772006851.678463,6504,7,1
1,NewOrder,1772006851.678472,15024,22,1
1,NewOrder,1772006851.678480,20018,8,1
2,Payment,1772006851.680917,35718,0,1
2,Payment,1772006851.681109,26869,15,1
1,NewOrder,1772006851.681143,16299,23,1
1,NewOrder,1772006851.683894,13576,16,1
1,NewOrder,1772006851.683918,14613,17,1
1,NewOrder,1772006851.684948,9723,13,1
1,NewOrder,1772006851.684975,10968,7,1
1,NewOrder,1772006851.687720,20276,9,1
1,NewOrder,1772006851.690313,17677,2,1
1,NewOrder,1772006851.690456,14279,12,1
2,Payment,1772006851.690502,30197,18,1
1,NewOrder,1772006851.690606,16135,5,1
2,Payment,1772006851.691780,37098,19,1
2,Payment,1772006851.693506,45261,22,1
1,NewOrder,1772006851.694678,12039,13,1
2,Payment,1772006851.694753,11893,10,1
5,StockLevel,1772006851.695967,8498,7,1
1,NewOrder,1772006851.697338,23104,11,1
2,Payment,1772006851.697352,31061,14,1
4,Delivery,1772006851.697471,23194,23,1
1,NewOrder,1772006851.697479,13355,1,1
2,Payment,1772006851.697488,23109,16,1
1,NewOrder,1772006851.697501,15856,21,1
1,NewOrder,1772006851.698504,13549,8,1
2,Payment,1772006851.698540,40191,17,1
2,Payment,1772006851.702404,10865,6,1
1,NewOrder,1772006851.704470,24494,7,1
2,Payment,1772006851.704758,28109,12,1
1,NewOrder,1772006851.706655,23391,10,1
2,Payment,1772006851.706723,39041,13,1
1,NewOrder,1772006851.706747,23256,5,1
2,Payment,1772006851.707981,47935,15,1
2,Payment,1772006851.707996,15158,2,1
1,NewOrder,1772006851.708006,18533,9,1
2,Payment,1772006851.708023,21906,3,1
3,OrderStatus,1772006851.708081,8092,20,1
1,NewOrder,1772006851.708108,20345,4,1
1,NewOrder,1772006851.710852,7631,1,1
2,Payment,1772006851.712078,6527,8,1
1,NewOrder,1772006851.713278,19613,6,1
2,Payment,1772006851.713369,30756,21,1
1,NewOrder,1772006851.716179,16628,20,1
1,NewOrder,1772006851.716644,13333,0,1
2,Payment,1772006851.718509,18617,1,1
1,NewOrder,1772006851.718625,13293,8,1
3,OrderStatus,1772006851.720470,7697,11,1
1,NewOrder,1772006851.720607,18009,16,1
2,Payment,1772006851.720681,12245,23,1
1,NewOrder,1772006851.720710,19578,18,1
2,Payment,1772006851.723162,19007,2,1
2,Payment,1772006851.726564,3501,9,1
2,Payment,1772006851.728202,12253,11,1
2,Payment,1772006851.728424,34755,14,1
2,Payment,1772006851.728464,18433,4,1
1,NewOrder,1772006851.728888,19349,19,1
2,Payment,1772006851.728975,17973,7,1
2,Payment,1772006851.729940,27900,3,1
1,NewOrder,1772006851.729986,5045,0,1
4,Delivery,1772006851.730008,29621,5,1
1,NewOrder,1772006851.730058,16914,10,1
2,Payment,1772006851.730070,25779,9,1
2,Payment,1772006851.731944,31318,8,1
2,Payment,1772006851.732813,21623,20,1
1,NewOrder,1772006851.732877,11048,12,1
2,Payment,1772006851.732902,41892,6,1
3,OrderStatus,1772006851.732934,4439,23,1
4,Delivery,1772006851.735039,25135,0,1
1,NewOrder,1772006851.737153,15569,1,1
2,Payment,1772006851.737380,23780,23,1
2,Payment,1772006851.738642,38646,16,1
1,NewOrder,1772006851.738739,22325,17,1
1,NewOrder,1772006851.738773,15616,22,1
2,Payment,1772006851.740315,34532,18,1
2,Payment,1772006851.740481,43134,11,1
1,NewOrder,1772006851.742189,13757,2,1
1,NewOrder,1772006851.743940,11995,12,1
1,NewOrder,1772006851.744135,21000,21,1
5,StockLevel,1772006851.745791,16034,13,1
1,NewOrder,1772006851.746923,30481,4,1
1,NewOrder,1772006851.746972,36517,7,1
1,NewOrder,1772006851.746986,37815,10,1
1,NewOrder,1772006851.748247,12941,19,1
2,Payment,1772006851.752731,15080,1,1
2,Payment,1772006851.754400,32141,22,1
1,NewOrder,1772006851.754446,15378,20,1
1,NewOrder,1772006851.755855,17403,9,1
4,Delivery,1772006851.755923,18887,15,1
1,NewOrder,1772006851.755944,17282,12,1
1,NewOrder,1772006851.755958,15628,2,1
3,OrderStatus,1772006851.757863,9640,3,1
1,NewOrder,1772006851.759644,35863,5,1
1,NewOrder,1772006851.760182,24649,0,1
1,NewOrder,1772006851.761072,23628,17,1
2,Payment,1772006851.761166,38564,23,1
1,NewOrder,1772006851.761199,32205,19,1
5,StockLevel,1772006851.761830,7740,13,1
5,StockLevel,1772006851.763189,24080,14,1
2,Payment,1772006851.763268,28350,8,1
1,NewOrder,1772006851.765146,34695,21,1
2,Payment,1772006851.767514,10987,3,1
1,NewOrder,1772006851.767821,33739,1,1
1,NewOrder,1772006851.769585,10116,13,1
1,NewOrder,1772006851.769849,36850,20,1
1,NewOrder,1772006851.771606,10295,2,1
4,Delivery,1772006851.773252,2098,12,1
2,Payment,1772006851.773285,23341,9,1
1,NewOrder,1772006851.774803,18499,6,1
1,NewOrder,1772006851.774816,23250,15,1
2,Payment,1772006851.774857,42441,18,1
3,OrderStatus,1772006851.775366,4297,12,1
1,NewOrder,1772006851.777294,32370,16,1
2,Payment,1772006851.777420,9134,4,1
1,NewOrder,1772006851.778511,32180,3,1
1,NewOrder,1772006851.779671,21803,12,1
2,Payment,1772006851.779711,5066,13,1
5,StockLevel,1772006851.781926,8652,2,1
1,NewOrder,1772006851.783505,36440,7,1
4,Delivery,1772006851.783643,48986,11,1
2,Payment,1772006851.784705,8577,17,1
1,NewOrder,1772006851.784784,26857,13,1
2,Payment,1772006851.784807,23697,10,1
1,NewOrder,1772006851.784836,25827,0,1
3,OrderStatus,1772006851.786545,12519,22,1
1,NewOrder,1772006851.786566,24895,4,1
1,NewOrder,1772006851.787279,22419,14,1
1,NewOrder,1772006851.790599,32978,2,1
1,NewOrder,1772006851.791626,27125,8,1
1,NewOrder,1772006851.793304,36401,17,1
1,NewOrder,1772006851.793317,30415,6,1
1,NewOrder,1772006851.793433,29098,19,1
2,Payment,1772006851.795514,7390,5,1
1,NewOrder,1772006851.796636,30810,9,1
2,Payment,1772006851.798075,6869,15,1
1,NewOrder,1772006851.799075,15791,22,1
1,NewOrder,1772006851.799736,15167,23,1
2,Payment,1772006851.799844,23938,21,1
2,Payment,1772006851.801484,11850,12,1
2,Payment,1772006851.801566,14559,1,1
1,NewOrder,1772006851.802920,24551,5,1
1,NewOrder,1772006851.804961,20931,15,1
2,Payment,1772006851.806725,38718,20,1
1,NewOrder,1772006851.808518,24181,10,1
1,NewOrder,1772006851.809674,38480,16,1
1,NewOrder,1772006851.809708,22967,14,1
2,Payment,1772006851.810671,21818,0,1
2,Payment,1772006851.810697,10524,3,1
2,Payment,1772006851.811476,15873,4,1
1,NewOrder,1772006851.811667,5611,13,1
2,Payment,1772006851.813360,3816,12,1
2,Payment,1772006851.814876,37437,22,1
1,NewOrder,1772006851.814915,30395,23,1
2,Payment,1772006851.816136,29386,1,1
1,NewOrder,1772006851.817195,28231,12,1
2,Payment,1772006851.817286,5174,13,1
2,Payment,1772006851.817309,44373,18,1
1,NewOrder,1772006851.818767,26795,8,1
1,NewOrder,1772006851.819955,22473,7,1
2,Payment,1772006851.821232,31197,3,1
5,StockLevel,1772006851.822486,15673,13,1
2,Payment,1772006851.822561,49006,19,1
5,StockLevel,1772006851.823586,17545,2,1
1,NewOrder,1772006851.823743,24155,6,1
5,StockLevel,1772006851.823808,17921,21,1
1,NewOrder,1772006851.825907,22225,15,1
1,NewOrder,1772006851.827360,20777,4,1
5,StockLevel,1772006851.827454,17474,9,1
2,Payment,1772006851.827479,34273,5,1
1,NewOrder,1772006851.829715,18400,17,1
2,Payment,1772006851.832499,37225,0,1
2,Payment,1772006851.832646,12918,11,1
1,NewOrder,1772006851.832702,17555,14,1
1,NewOrder,1772006851.832726,12739,10,1
2,Payment,1772006851.838186,9959,13,1
2,Payment,1772006851.841148,40266,2,1
1,NewOrder,1772006851.841754,19875,21,1
2,Payment,1772006851.842439,9980,7,1
2,Payment,1772006851.844955,15260,9,1
1,NewOrder,1772006851.845340,20227,23,1
1,NewOrder,1772006851.845453,16343,12,1
2,Payment,1772006851.845469,35849,20,1
1,NewOrder,1772006851.845492,12692,10,1
1,NewOrder,1772006851.845554,9474,1,1
2,Payment,1772006851.845583,22846,11,1
1,NewOrder,1772006851.845594,10351,8,1
2,Payment,1772006851.847916,30888,6,1
3,OrderStatus,1772006851.848134,6036,17,1
2,Payment,1772006851.848162,7888,15,1
4,Delivery,1772006851.848171,32369,4,1
1,NewOrder,1772006851.848176,18917,13,1
5,StockLevel,1772006851.848180,18638,16,1
1,NewOrder,1772006851.850262,24724,14,1
1,NewOrder,1772006851.852320,19243,22,1
2,Payment,1772006851.852424,36841,7,1
3,OrderStatus,1772006851.852439,9154,3,1
2,Payment,1772006851.854180,7594,17,1
2,Payment,1772006851.855038,35851,1,1
1,NewOrder,1772006851.855968,25159,8,1
1,NewOrder,1772006851.856075,25309,15,1
1,NewOrder,1772006851.858209,23126,10,1
4,Delivery,1772006851.860225,30575,9,1
2,Payment,1772006851.861603,31021,3,1
1,NewOrder,1772006851.861639,29896,21,1
1,NewOrder,1772006851.861692,28416,18,1
2,Payment,1772006851.861763,33755,5,1
1,NewOrder,1772006851.861779,29737,17,1
1,NewOrder,1772006851.861803,29647,12,1
5,StockLevel,1772006851.865586,10458,23,1
1,NewOrder,1772006851.866845,18648,16,1
1,NewOrder,1772006851.867099,13474,13,1
1,NewOrder,1772006851.868437,17974,11,1
4,Delivery,1772006851.869734,11138,0,1
2,Payment,1772006851.871582,27153,19,1
1,NewOrder,1772006851.871590,18592,22,1
2,Payment,1772006851.874996,7057,14,1
2,Payment,1772006851.876055,30948,23,1
1,NewOrder,1772006851.878814,38392,6,1
1,NewOrder,1772006851.880546,24742,4,1
4,Delivery,1772006851.880584,11464,13,1
1,NewOrder,1772006851.880880,33180,0,1
1,NewOrder,1772006851.881133,30350,8,1
1,NewOrder,1772006851.881326,40293,20,1
2,Payment,1772006851.881345,10573,10,1
3,OrderStatus,1772006851.881398,14394,15,1
3,OrderStatus,1772006851.881425,9854,2,1
1,NewOrder,1772006851.882059,15126,14,1
5,StockLevel,1772006851.885508,16462,16,1
1,NewOrder,1772006851.886421,27579,11,1
1,NewOrder,1772006851.889284,27440,7,1
1,NewOrder,1772006851.890117,32654,18,1
2,Payment,1772006851.890185,27128,22,1
2,Payment,1772006851.890826,8270,9,1
2,Payment,1772006851.890915,8161,1,1
2,Payment,1772006851.891290,11177,2,1
2,Payment,1772006851.891460,10921,12,1
3,OrderStatus,1772006851.891528,14426,17,1
1,NewOrder,1772006851.891546,27284,21,1
2,Payment,1772006851.891934,2824,10,1
1,NewOrder,1772006851.892062,38418,13,1
1,NewOrder,1772006851.892650,6379,3,1
1,NewOrder,1772006851.894764,8176,10,1
2,Payment,1772006851.895533,10428,5,1
1,NewOrder,1772006851.895819,39948,15,1
2,Payment,1772006851.897191,10382,14,1
2,Payment,1772006851.898762,26460,19,1
2,Payment,1772006851.899034,12057,3,1
1,NewOrder,1772006851.899083,13695,1,1
2,Payment,1772006851.899104,2702,9,1
1,NewOrder,1772006851.901830,36410,9,1
1,NewOrder,1772006851.901996,30803,16,1
1,NewOrder,1772006851.902390,16494,12,1
2,Payment,1772006851.902478,14679,2,1
1,NewOrder,1772006851.902946,27158,10,1
1,NewOrder,1772006851.905313,18345,4,1
1,NewOrder,1772006851.905966,32282,17,1
1,NewOrder,1772006851.905984,36005,5,1
2,Payment,1772006851.907030,30395,23,1
3,OrderStatus,1772006851.907599,4838,14,1
1,NewOrder,1772006851.911098,16351,3,1
1,NewOrder,1772006851.911491,37734,8,1
4,Delivery,1772006851.912444,37309,14,1
1,NewOrder,1772006851.912789,39061,1,1
2,Payment,1772006851.914027,7064,11,1
1,NewOrder,1772006851.914077,44830,0,1
1,NewOrder,1772006851.916734,33913,7,1
2,Payment,1772006851.917177,10745,2,1
2,Payment,1772006851.917229,16179,6,1
2,Payment,1772006851.917339,30360,22,1
1,NewOrder,1772006851.918856,16845,21,1
1,NewOrder,1772006851.918891,35010,12,1
2,Payment,1772006851.921101,24440,11,1
5,StockLevel,1772006851.921645,12522,20,1
5,StockLevel,1772006851.922797,13808,18,1
1,NewOrder,1772006851.923667,50611,4,1
1,NewOrder,1772006851.925230,24905,19,1
1,NewOrder,1772006851.927464,32101,3,1
1,NewOrder,1772006851.927948,30985,2,1
1,NewOrder,1772006851.930121,36274,10,1
2,Payment,1772006851.930491,8788,13,1
1,NewOrder,1772006851.932810,13617,16,1
3,OrderStatus,1772006851.933418,8356,6,1
1,NewOrder,1772006851.934172,22221,20,1
1,NewOrder,1772006851.935711,25058,21,1
2,Payment,1772006851.935772,12775,15,1
1,NewOrder,1772006851.936614,19275,18,1
1,NewOrder,1772006851.937434,22027,23,1
2,Payment,1772006851.938246,14178,9,1
1,NewOrder,1772006851.938257,16171,17,1
1,NewOrder,1772006851.939288,20255,13,1
1,NewOrder,1772006851.941791,45927,6,1
2,Payment,1772006851.942015,7632,5,1
2,Payment,1772006851.945552,12927,11,1
5,StockLevel,1772006851.946435,16964,16,1
1,NewOrder,1772006851.947717,23156,22,1
2,Payment,1772006851.948573,12984,15,1
1,NewOrder,1772006851.949246,36395,8,1
2,Payment,1772006851.949664,15917,5,1
1,NewOrder,1772006851.949767,41692,14,1
2,Payment,1772006851.950139,11368,19,1
1,NewOrder,1772006851.950651,22349,7,1
1,NewOrder,1772006851.951877,17876,1,1
1,NewOrder,1772006851.952451,18737,9,1
2,Payment,1772006851.953928,22214,12,1
1,NewOrder,1772006851.954438,35694,17,1
1,NewOrder,1772006851.955903,29655,18,1
1,NewOrder,1772006851.956419,25954,20,1
2,Payment,1772006851.958487,6978,11,1
2,Payment,1772006851.958914,18054,0,1
1,NewOrder,1772006851.958942,29897,2,1
1,NewOrder,1772006851.959487,9937,23,1
2,Payment,1772006851.959559,25138,13,1
2,Payment,1772006851.959592,23438,3,1
1,NewOrder,1772006851.960784,36007,21,1
2,Payment,1772006851.961515,16515,19,1
1,NewOrder,1772006851.961568,33127,15,1
1,NewOrder,1772006851.963426,34515,16,1
2,Payment,1772006851.965480,13294,11,1
1,NewOrder,1772006851.965606,11243,5,1
2,Payment,1772006851.966401,19074,10,1
2,Payment,1772006851.969434,11374,23,1
2,Payment,1772006851.969779,18355,1,1
2,Payment,1772006851.970883,13324,22,1
4,Delivery,1772006851.971199,7153,9,1
1,NewOrder,1772006851.973006,26574,7,1
1,NewOrder,1772006851.974286,19058,4,1
2,Payment,1772006851.976150,17999,12,1
1,NewOrder,1772006851.976875,26774,5,1
5,StockLevel,1772006851.976995,20557,0,1
1,NewOrder,1772006851.978041,25111,19,1
2,Payment,1772006851.978369,12163,9,1
3,OrderStatus,1772006851.978800,12049,11,1
1,NewOrder,1772006851.980834,16661,23,1
2,Payment,1772006851.982383,15606,20,1
2,Payment,1772006851.983040,13378,3,1
2,Payment,1772006851.984233,23933,22,1
1,NewOrder,1772006851.984708,28194,13,1
1,NewOrder,1772006851.985498,29444,10,1
1,NewOrder,1772006851.985575,21877,18,1
1,NewOrder,1772006851.985657,29708,8,1
5,StockLevel,1772006851.987752,13659,6,1
2,Payment,1772006851.988145,14650,1,1
2,Payment,1772006851.988849,25888,2,1
1,NewOrder,1772006851.990154,30230,17,1
2,Payment,1772006851.990564,4760,9,1
2,Payment,1772006851.990862,10277,11,1
1,NewOrder,1772006851.991470,33810,14,1
2,Payment,1772006851.993369,27048,4,1
2,Payment,1772006851.994159,6463,12,1
3,OrderStatus,1772006851.994704,5479,15,1
2,Payment,1772006851.995331,11644,9,1
2,Payment,1772006851.996429,11622,3,1
1,NewOrder,1772006851.996802,20178,21,1
2,Payment,1772006851.997562,22187,23,1
1,NewOrder,1772006851.997580,18793,0,1
2,Payment,1772006851.997958,8134,16,1
2,Payment,1772006851.998003,31746,20,1
1,NewOrder,1772006851.999610,14451,7,1
2,Payment,1772006852.000192,13452,15,1
1,NewOrder,1772006852.000632,37618,12,1
1,NewOrder,1772006852.001155,13548,11,1
3,OrderStatus,1772006852.001436,4175,6,1
1,NewOrder,1772006852.002809,13084,1,1
1,NewOrder,1772006852.003155,22655,19,1
3,OrderStatus,1772006852.003655,14040,5,1
2,Payment,1772006852.005620,8583,6,1
4,Delivery,1772006852.006112,42372,16,1
2,Payment,1772006852.006999,18255,9,1
1,NewOrder,1772006852.007460,39857,18,1
4,Delivery,1772006852.008068,40895,3,1
4,Delivery,1772006852.008180,45448,22,1
4,Delivery,1772006852.012908,35869,13,1
2,Payment,1772006852.013668,6837,15,1
1,NewOrder,1772006852.014085,36132,7,1
2,Payment,1772006852.014212,16309,6,1
2,Payment,1772006852.014708,21595,11,1
2,Payment,1772006852.014747,11645,2,1
1,NewOrder,1772006852.014952,35631,10,1
1,NewOrder,1772006852.015371,9840,8,1
1,NewOrder,1772006852.015897,8719,1,1
2,Payment,1772006852.016398,14082,0,1
1,NewOrder,1772006852.016992,13420,21,1
2,Payment,1772006852.017704,18510,5,1
2,Payment,1772006852.019757,17116,23,1
1,NewOrder,1772006852.020393,17016,17,1
2,Payment,1772006852.020424,21387,4,1
1,NewOrder,1772006852.020515,16290,15,1
2,Payment,1772006852.024624,24499,1,1
2,Payment,1772006852.025214,25437,8,1
2,Payment,1772006852.025264,17105,9,1
2,Payment,1772006852.025288,5147,14,1
4,Delivery,1772006852.025821,28386,19,1
1,NewOrder,1772006852.026402,8796,2,1
1,NewOrder,1772006852.029759,23967,20,1
2,Payment,1772006852.030418,16002,21,1
2,Payment,1772006852.030441,5286,14,1
1,NewOrder,1772006852.030483,28910,0,1
1,NewOrder,1772006852.030530,25309,6,1
2,Payment,1772006852.035209,21647,2,1
3,OrderStatus,1772006852.035737,7187,14,1
1,NewOrder,1772006852.036220,24258,5,1
1,NewOrder,1772006852.036305,21129,11,1
2,Payment,1772006852.036815,6609,15,1
2,Payment,1772006852.036882,18496,23,1
2,Payment,1772006852.037419,14698,17,1
1,NewOrder,1772006852.038261,14686,12,1
1,NewOrder,1772006852.041818,13989,4,1
4,Delivery,1772006852.042378,40746,9,1
1,NewOrder,1772006852.042932,35857,14,1
3,OrderStatus,1772006852.043432,7391,15,1
1,NewOrder,1772006852.046426,21580,21,1
2,Payment,1772006852.047321,10088,18,1
2,Payment,1772006852.048490,13246,16,1
2,Payment,1772006852.048784,19973,13,1
2,Payment,1772006852.048970,17630,3,1
5,StockLevel,1772006852.049129,22570,1,1
2,Payment,1772006852.050227,5557,7,1
4,Delivery,1772006852.050593,32872,10,1
1,NewOrder,1772006852.050658,30547,8,1
2,Payment,1772006852.050827,35968,15,1
2,Payment,1772006852.052124,43711,17,1
3,OrderStatus,1772006852.052957,1580,12,1
2,Payment,1772006852.053636,9173,22,1
1,NewOrder,1772006852.053736,26576,20,1
2,Payment,1772006852.054214,14432,19,1
1,NewOrder,1772006852.054547,14123,12,1
3,OrderStatus,1772006852.055388,6997,23,1
2,Payment,1772006852.055794,5589,7,1
1,NewOrder,1772006852.055815,17697,4,1
1,NewOrder,1772006852.055850,16990,6,1
1,NewOrder,1772006852.056862,23911,2,1
5,StockLevel,1772006852.057414,9199,18,1
1,NewOrder,1772006852.057439,25718,11,1
1,NewOrder,1772006852.059401,19791,0,1
2,Payment,1772006852.060484,13239,5,1
2,Payment,1772006852.061392,7372,7,1
3,OrderStatus,1772006852.061742,9202,16,1
1,NewOrder,1772006852.062395,19127,23,1
1,NewOrder,1772006852.062813,35961,22,1
2,Payment,1772006852.066611,16152,3,1
5,StockLevel,1772006852.066621,7685,18,1
1,NewOrder,1772006852.068011,13550,21,1
2,Payment,1772006852.068652,7576,19,1
2,Payment,1772006852.068677,35188,12,1
2,Payment,1772006852.068762,43117,13,1
2,Payment,1772006852.068774,9424,7,1
2,Payment,1772006852.070953,50640,16,1
5,StockLevel,1772006852.071704,8692,1,1
2,Payment,1772006852.072855,16645,6,1
1,NewOrder,1772006852.073556,36197,4,1
3,OrderStatus,1772006852.073736,11620,5,1
1,NewOrder,1772006852.074312,25140,18,1
1,NewOrder,1772006852.076234,16239,19,1
1,NewOrder,1772006852.078207,31148,7,1
1,NewOrder,1772006852.078814,33046,14,1
1,NewOrder,1772006852.079218,22744,0,1
1,NewOrder,1772006852.080322,15956,20,1
2,Payment,1772006852.080406,4181,1,1
1,NewOrder,1772006852.080800,27759,2,1
1,NewOrder,1772006852.081227,35641,8,1
1,NewOrder,1772006852.081555,23886,23,1
2,Payment,1772006852.081576,9887,21,1
1,NewOrder,1772006852.082773,35213,3,1
2,Payment,1772006852.083129,14689,9,1
2,Payment,1772006852.083163,11425,11,1
2,Payment,1772006852.083473,20577,10,1
3,OrderStatus,1772006852.084597,1031,1,1
2,Payment,1772006852.085363,7102,5,1
2,Payment,1772006852.085638,1722,1,1
2,Payment,1772006852.086810,44474,15,1
2,Payment,1772006852.087367,9004,1,1
1,NewOrder,1772006852.089508,32837,6,1
1,NewOrder,1772006852.091487,25011,21,1
1,NewOrder,1772006852.092470,18939,5,1
1,NewOrder,1772006852.092483,16773,19,1
1,NewOrder,1772006852.094595,19448,11,1
1,NewOrder,1772006852.095859,20548,17,1
2,Payment,1772006852.096292,6425,20,1
4,Delivery,1772006852.096396,8049,1,1
2,Payment,1772006852.097828,11354,9,1
1,NewOrder,1772006852.098781,32637,22,1
1,NewOrder,1772006852.099480,31904,18,1
2,Payment,1772006852.101973,7764,0,1
1,NewOrder,1772006852.102727,32345,20,1
5,StockLevel,1772006852.103889,15429,12,1
1,NewOrder,1772006852.104064,30969,10,1
2,Payment,1772006852.104456,11132,1,1
2,Payment,1772006852.105450,6953,23,1
1,NewOrder,1772006852.108573,15354,2,1
5,StockLevel,1772006852.109192,25815,9,1
1,NewOrder,1772006852.109263,36056,19,1
1,NewOrder,1772006852.109366,30154,7,1
2,Payment,1772006852.109748,12259,0,1
1,NewOrder,1772006852.109764,22256,4,1
1,NewOrder,1772006852.111419,26295,5,1
4,Delivery,1772006852.111887,31375,14,1
2,Payment,1772006852.111906,24221,13,1
5,StockLevel,1772006852.112410,26707,23,1
1,NewOrder,1772006852.114052,31672,11,1
2,Payment,1772006852.115597,16921,1,1
2,Payment,1772006852.116433,24516,17,1
2,Payment,1772006852.116523,5451,21,1
4,Delivery,1772006852.116875,13974,8,1
2,Payment,1772006852.118011,22042,3,1
1,NewOrder,1772006852.119326,15343,12,1
1,NewOrder,1772006852.121619,14549,16,1
1,NewOrder,1772006852.121984,9397,21,1
1,NewOrder,1772006852.122014,22742,0,1
1,NewOrder,1772006852.122351,8888,6,1
2,Payment,1772006852.123938,23885,2,1
2,Payment,1772006852.130875,4633,8,1
2,Payment,1772006852.131247,8853,6,1
2,Payment,1772006852.131290,17028,15,1
2,Payment,1772006852.131391,5844,21,1
1,NewOrder,1772006852.131396,23706,18,1
2,Payment,1772006852.131428,14907,22,1
2,Payment,1772006852.132026,22182,4,1
1,NewOrder,1772006852.132544,14787,1,1
4,Delivery,1772006852.134695,8758,12,1
1,NewOrder,1772006852.135033,15169,9,1
2,Payment,1772006852.135054,13228,10,1
1,NewOrder,1772006852.135097,29845,20,1
5,StockLevel,1772006852.135514,15879,8,1
1,NewOrder,1772006852.136152,15364,13,1
2,Payment,1772006852.136202,20367,16,1
1,NewOrder,1772006852.137261,15292,21,1
2,Payment,1772006852.137721,21806,5,1
2,Payment,1772006852.139127,12759,23,1
1,NewOrder,1772006852.139544,14019,7,1
3,OrderStatus,1772006852.140063,3008,3,1
2,Payment,1772006852.140111,14064,6,1
1,NewOrder,1772006852.140960,13747,17,1
4,Delivery,1772006852.143093,22659,3,1
2,Payment,1772006852.143279,22962,14,1
2,Payment,1772006852.143458,52920,12,1
2,Payment,1772006852.144781,18384,0,1
1,NewOrder,1772006852.145329,13203,19,1
2,Payment,1772006852.145739,11299,11,1
1,NewOrder,1772006852.146364,17780,22,1
2,Payment,1772006852.147348,20911,1,1
2,Payment,1772006852.147833,28391,2,1
1,NewOrder,1772006852.148298,30724,10,1
2,Payment,1772006852.148323,38325,15,1
2,Payment,1772006852.150208,9713,9,1
1,NewOrder,1772006852.151402,13576,8,1
2,Payment,1772006852.151526,17105,13,1
1,NewOrder,1772006852.151896,14943,23,1
2,Payment,1772006852.152564,3519,21,1
2,Payment,1772006852.153588,11330,7,1
1,NewOrder,1772006852.154198,31161,6,1
2,Payment,1772006852.154220,31000,4,1
1,NewOrder,1772006852.154717,12163,17,1
2,Payment,1772006852.155128,6087,18,1
1,NewOrder,1772006852.156090,10322,21,1
2,Payment,1772006852.156580,22939,16,1
2,Payment,1772006852.157053,14591,11,1
1,NewOrder,1772006852.158541,25412,19,1
2,Payment,1772006852.159555,36251,5,1
1,NewOrder,1772006852.159931,11113,9,1
2,Payment,1772006852.161240,4441,18,1
1,NewOrder,1772006852.163185,27502,0,1
1,NewOrder,1772006852.164169,26188,22,1
2,Payment,1772006852.164928,11765,7,1
1,NewOrder,1772006852.164964,26715,20,1
2,Payment,1772006852.164986,20264,8,1
1,NewOrder,1772006852.165687,19502,18,1
1,NewOrder,1772006852.165758,25491,3,1
5,StockLevel,1772006852.166257,25569,14,1
1,NewOrder,1772006852.166428,7318,21,1
1,NewOrder,1772006852.166852,10532,23,1
2,Payment,1772006852.166906,33023,17,1
1,NewOrder,1772006852.168294,21553,1,1
1,NewOrder,1772006852.168658,22006,13,1
1,NewOrder,1772006852.171054,30274,9,1
1,NewOrder,1772006852.171650,20108,11,1
2,Payment,1772006852.173771,4543,21,1
3,OrderStatus,1772006852.176234,10117,2,1
1,NewOrder,1772006852.176701,26764,7,1
1,NewOrder,1772006852.177394,18873,23,1
2,Payment,1772006852.178339,10970,21,1
1,NewOrder,1772006852.179029,17258,10,1
2,Payment,1772006852.179530,24949,16,1
2,Payment,1772006852.183963,16861,19,1
1,NewOrder,1772006852.185215,38584,18,1
1,NewOrder,1772006852.185236,29647,4,1
2,Payment,1772006852.185264,11124,8,1
2,Payment,1772006852.185383,15970,6,1
2,Payment,1772006852.186360,18078,2,1
2,Payment,1772006852.186658,22411,15,1
4,Delivery,1772006852.189318,46020,21,1
5,StockLevel,1772006852.189857,18827,1,1
2,Payment,1772006852.190367,17334,22,1
1,NewOrder,1772006852.190674,33673,13,1
2,Payment,1772006852.190692,20544,0,1
4,Delivery,1772006852.191257,8157,3,1
2,Payment,1772006852.191689,20221,20,1
3,OrderStatus,1772006852.191766,6377,11,1
3,OrderStatus,1772006852.191833,7845,14,1
2,Payment,1772006852.195817,24995,5,1
1,NewOrder,1772006852.196276,17712,23,1
2,Payment,1772006852.196294,9039,10,1
1,NewOrder,1772006852.196382,15492,12,1
1,NewOrder,1772006852.196398,31655,8,1
1,NewOrder,1772006852.198149,25259,11,1
2,Payment,1772006852.199421,15493,3,1
3,OrderStatus,1772006852.199687,5908,14,1
2,Payment,1772006852.199934,14604,17,1
1,NewOrder,1772006852.200828,27748,19,1
1,NewOrder,1772006852.201344,25118,9,1
1,NewOrder,1772006852.201363,33579,6,1
1,NewOrder,1772006852.203471,23576,7,1
1,NewOrder,1772006852.204445,31032,2,1
1,NewOrder,1772006852.204490,15385,16,1
2,Payment,1772006852.205338,6512,10,1
1,NewOrder,1772006852.205602,29792,14,1
2,Payment,1772006852.207707,11321,22,1
5,StockLevel,1772006852.208692,16206,1,1
2,Payment,1772006852.209077,10901,15,1
1,NewOrder,1772006852.211243,24127,0,1
4,Delivery,1772006852.211856,56443,10,1
2,Payment,1772006852.211882,15146,12,1
2,Payment,1772006852.211916,11915,20,1
2,Payment,1772006852.213998,19738,23,1
2,Payment,1772006852.214543,20443,17,1
1,NewOrder,1772006852.214891,38001,4,1
1,NewOrder,1772006852.214920,14507,3,1
5,StockLevel,1772006852.219033,22447,22,1
2,Payment,1772006852.219880,24949,16,1
1,NewOrder,1772006852.219988,20889,15,1
2,Payment,1772006852.220823,7196,5,1
2,Payment,1772006852.223418,5102,11,1
1,NewOrder,1772006852.223808,26969,18,1
1,NewOrder,1772006852.223842,15369,20,1
1,NewOrder,1772006852.224352,10961,13,1
1,NewOrder,1772006852.224904,10621,1,1
2,Payment,1772006852.226470,11214,9,1
2,Payment,1772006852.227036,11233,12,1
1,NewOrder,1772006852.227056,24574,7,1
2,Payment,1772006852.228029,10719,5,1
1,NewOrder,1772006852.228057,23650,8,1
2,Payment,1772006852.228526,12955,11,1
1,NewOrder,1772006852.228581,16812,19,1
2,Payment,1772006852.229434,16219,3,1
5,StockLevel,1772006852.233743,11583,23,1
2,Payment,1772006852.234949,15241,6,1
2,Payment,1772006852.234992,16631,17,1
2,Payment,1772006852.235319,25482,13,1
3,OrderStatus,1772006852.235344,1958,21,1
1,NewOrder,1772006852.235380,10571,0,1
2,Payment,1772006852.235398,21907,14,1
1,NewOrder,1772006852.235481,18482,2,1
2,Payment,1772006852.235535,15110,1,1
2,Payment,1772006852.237308,4477,21,1
2,Payment,1772006852.237694,22442,9,1
2,Payment,1772006852.238274,27024,12,1
2,Payment,1772006852.238752,20385,5,1
5,StockLevel,1772006852.239221,22931,20,1
2,Payment,1772006852.240881,31303,15,1
1,NewOrder,1772006852.241488,23789,11,1
1,NewOrder,1772006852.241492,13084,22,1
2,Payment,1772006852.241791,4636,21,1
1,NewOrder,1772006852.244836,19756,16,1
1,NewOrder,1772006852.245332,12058,23,1
2,Payment,1772006852.245401,11211,19,1
2,Payment,1772006852.245664,27452,3,1
2,Payment,1772006852.245961,19342,0,1
1,NewOrder,1772006852.246434,26631,21,1
1,NewOrder,1772006852.250195,24379,6,1
2,Payment,1772006852.250652,27811,1,1
1,NewOrder,1772006852.250789,16059,18,1
2,Payment,1772006852.251627,27283,17,1
1,NewOrder,1772006852.251640,27351,7,1
2,Payment,1772006852.251718,14214,8,1
2,Payment,1772006852.252902,31958,4,1
1,NewOrder,1772006852.253970,5812,2,1
2,Payment,1772006852.254580,7281,22,1
1,NewOrder,1772006852.256619,20203,19,1
1,NewOrder,1772006852.257312,15029,14,1
2,Payment,1772006852.257400,10380,23,1
1,NewOrder,1772006852.259158,16070,5,1
4,Delivery,1772006852.259803,18020,2,1
1,NewOrder,1772006852.260149,21776,9,1
1,NewOrder,1772006852.260811,22030,13,1
2,Payment,1772006852.261868,14108,22,1
1,NewOrder,1772006852.262162,21313,20,1
3,OrderStatus,1772006852.264610,5042,16,1
1,NewOrder,1772006852.265287,30193,11,1
1,NewOrder,1772006852.265309,28578,12,1
2,Payment,1772006852.265312,25861,0,1
1,NewOrder,1772006852.265938,38990,8,1
2,Payment,1772006852.266859,21451,18,1
1,NewOrder,1772006852.267790,48819,23,1
1,NewOrder,1772006852.268306,27856,10,1
2,Payment,1772006852.269660,16985,16,1
1,NewOrder,1772006852.272203,35618,15,1
1,NewOrder,1772006852.272349,22415,14,1
2,Payment,1772006852.273081,25317,21,1
1,NewOrder,1772006852.273143,27251,3,1
1,NewOrder,1772006852.274590,28266,6,1
2,Payment,1772006852.275233,25147,5,1
1,NewOrder,1772006852.276002,31814,22,1
4,Delivery,1772006852.276847,13779,19,1
2,Payment,1772006852.277829,32091,2,1
2,Payment,1772006852.278474,43545,1,1
1,NewOrder,1772006852.278916,38641,17,1
1,NewOrder,1772006852.279002,12113,7,1
1,NewOrder,1772006852.281930,28198,9,1
1,NewOrder,1772006852.282867,24338,13,1
1,NewOrder,1772006852.283485,26565,20,1
1,NewOrder,1772006852.284870,16597,4,1
1,NewOrder,1772006852.286669,37816,16,1
4,Delivery,1772006852.288330,4760,18,1
1,NewOrder,1772006852.290650,29501,19,1
2,Payment,1772006852.291131,5830,7,1
2,Payment,1772006852.291182,26479,0,1
2,Payment,1772006852.293097,12358,18,1
2,Payment,1772006852.293896,5959,12,1
1,NewOrder,1772006852.294774,16671,14,1
2,Payment,1772006852.295490,11186,11,1
1,NewOrder,1772006852.296171,22274,10,1
1,NewOrder,1772006852.296970,25016,7,1
3,OrderStatus,1772006852.298408,7819,21,1
1,NewOrder,1772006852.299881,11746,12,1
1,NewOrder,1772006852.300406,17184,5,1
1,NewOrder,1772006852.300422,20409,3,1
1,NewOrder,1772006852.301474,19686,4,1
4,Delivery,1772006852.302876,8416,6,1
2,Payment,1772006852.304937,13493,8,1
2,Payment,1772006852.305467,5350,18,1
5,StockLevel,1772006852.306256,5306,21,1
2,Payment,1772006852.306686,16969,11,1
1,NewOrder,1772006852.307230,24593,13,1
2,Payment,1772006852.307825,9927,22,1
2,Payment,1772006852.307827,12901,15,1
1,NewOrder,1772006852.309931,20258,2,1
2,Payment,1772006852.310074,23795,20,1
2,Payment,1772006852.310144,22966,9,1
2,Payment,1772006852.310842,10764,18,1
2,Payment,1772006852.311298,30033,6,1
1,NewOrder,1772006852.311467,20444,14,1
1,NewOrder,1772006852.311573,6131,21,1
2,Payment,1772006852.311647,12445,12,1
1,NewOrder,1772006852.316618,15553,23,1
2,Payment,1772006852.317583,13751,17,1
2,Payment,1772006852.317609,10813,5,1
2,Payment,1772006852.317682,16154,0,1
2,Payment,1772006852.317730,7328,21,1
1,NewOrder,1772006852.317778,17668,22,1
2,Payment,1772006852.318436,28218,8,1
2,Payment,1772006852.318456,34145,10,1
2,Payment,1772006852.320175,27055,19,1
3,OrderStatus,1772006852.320748,5079,15,1
1,NewOrder,1772006852.320853,23570,3,1
2,Payment,1772006852.321166,19200,4,1
1,NewOrder,1772006852.321612,24433,18,1
1,NewOrder,1772006852.321997,9826,7,1
2,Payment,1772006852.322029,21987,1,1
1,NewOrder,1772006852.323680,13237,11,1
1,NewOrder,1772006852.324098,17740,12,1
1,NewOrder,1772006852.324497,24854,16,1
1,NewOrder,1772006852.325068,21628,21,1
2,Payment,1772006852.325844,7943,15,1
1,NewOrder,1772006852.328433,19347,5,1
2,Payment,1772006852.330199,6607,2,1
1,NewOrder,1772006852.331340,25655,17,1
1,NewOrder,1772006852.331852,29791,7,1
1,NewOrder,1772006852.331854,16232,13,1
2,Payment,1772006852.331935,11089,14,1
3,OrderStatus,1772006852.332182,8103,23,1
2,Payment,1772006852.333116,29006,9,1
2,Payment,1772006852.333794,14324,15,1
1,NewOrder,1772006852.333847,17782,0,1
2,Payment,1772006852.333880,19325,20,1
2,Payment,1772006852.335456,22439,22,1
2,Payment,1772006852.336817,10420,2,1
2,Payment,1772006852.336923,32597,11,1
1,NewOrder,1772006852.340296,19974,23,1
1,NewOrder,1772006852.340376,45151,4,1
4,Delivery,1772006852.341356,11937,6,1
1,NewOrder,1772006852.341859,35373,12,1
1,NewOrder,1772006852.343044,15840,14,1
4,Delivery,1772006852.344041,13459,1,1
2,Payment,1772006852.344429,8837,3,1
2,Payment,1772006852.346053,28715,18,1
5,StockLevel,1772006852.346672,26855,8,1
2,Payment,1772006852.346722,39385,21,1
1,NewOrder,1772006852.347235,15846,19,1
2,Payment,1772006852.347243,10762,2,1
1,NewOrder,1772006852.347804,14902,5,1
2,Payment,1772006852.348096,7923,13,1
1,NewOrder,1772006852.348129,27316,15,1
5,StockLevel,1772006852.349359,9939,16,1
2,Payment,1772006852.351645,15524,0,1
2,Payment,1772006852.352625,24591,10,1
1,NewOrder,1772006852.353214,17535,20,1
1,NewOrder,1772006852.353281,32803,3,1
2,Payment,1772006852.353303,32817,6,1
1,NewOrder,1772006852.356028,37696,13,1
1,NewOrder,1772006852.357005,22541,17,1
5,StockLevel,1772006852.357510,20926,1,1
1,NewOrder,1772006852.357905,18801,22,1
4,Delivery,1772006852.358012,32445,2,1
2,Payment,1772006852.358903,3189,14,1
2,Payment,1772006852.359308,5464,16,1
2,Payment,1772006852.360275,19234,23,1
1,NewOrder,1772006852.361660,7730,7,1
2,Payment,1772006852.362111,6751,14,1
1,NewOrder,1772006852.362149,42003,9,1
1,NewOrder,1772006852.362711,6756,5,1
1,NewOrder,1772006852.363085,6304,19,1
2,Payment,1772006852.364798,10553,16,1
1,NewOrder,1772006852.367173,27282,0,1
2,Payment,1772006852.368866,10705,14,1
1,NewOrder,1772006852.369395,6032,19,1
1,NewOrder,1772006852.369401,13944,7,1
2,Payment,1772006852.369480,9755,5,1
1,NewOrder,1772006852.369538,41299,11,1
2,Payment,1772006852.370756,20204,20,1
2,Payment,1772006852.373542,28245,8,1
5,StockLevel,1772006852.374779,20390,18,1
5,StockLevel,1772006852.375361,12236,16,1
2,Payment,1772006852.375436,19050,19,1
2,Payment,1772006852.375454,10692,15,1
1,NewOrder,1772006852.376715,28308,22,1
2,Payment,1772006852.377222,17298,10,1
1,NewOrder,1772006852.377242,37009,12,1
3,OrderStatus,1772006852.378444,7203,1,1
2,Payment,1772006852.379260,7750,5,1
1,NewOrder,1772006852.379526,7848,23,1
4,Delivery,1772006852.379571,47816,17,1
1,NewOrder,1772006852.379587,24622,14,1
2,Payment,1772006852.383359,25543,7,1
1,NewOrder,1772006852.385570,29035,4,1
1,NewOrder,1772006852.385670,28885,1,1
2,Payment,1772006852.386095,9122,3,1
1,NewOrder,1772006852.386128,25739,21,1
1,NewOrder,1772006852.386142,25159,6,1
4,Delivery,1772006852.386173,41642,15,1
1,NewOrder,1772006852.387019,27654,5,1
1,NewOrder,1772006852.387396,8269,23,1
2,Payment,1772006852.387601,6877,16,1
1,NewOrder,1772006852.390481,34522,2,1
2,Payment,1772006852.390970,9368,20,1
1,NewOrder,1772006852.393733,17589,13,1
2,Payment,1772006852.394475,8967,0,1
2,Payment,1772006852.394489,6628,16,1
1,NewOrder,1772006852.394496,12320,19,1
2,Payment,1772006852.394525,20138,10,1
2,Payment,1772006852.395190,16709,18,1
1,NewOrder,1772006852.395243,26077,3,1
2,Payment,1772006852.395676,8502,23,1
4,Delivery,1772006852.400362,25031,20,1
2,Payment,1772006852.401134,6997,16,1
2,Payment,1772006852.401796,20244,8,1
1,NewOrder,1772006852.403468,46929,0,1
1,NewOrder,1772006852.404162,19069,9,1
2,Payment,1772006852.404183,11886,23,1
1,NewOrder,1772006852.404219,18482,14,1
2,Payment,1772006852.405039,16894,22,1
1,NewOrder,1772006852.406838,17648,19,1
2,Payment,1772006852.408156,7234,16,1
2,Payment,1772006852.408919,24679,7,1
2,Payment,1772006852.410844,31142,11,1
2,Payment,1772006852.411310,39068,6,1
1,NewOrder,1772006852.411328,33490,13,1
5,StockLevel,1772006852.411885,11497,21,1
4,Delivery,1772006852.411910,13775,18,1
1,NewOrder,1772006852.414261,20411,12,1
1,NewOrder,1772006852.414562,26484,1,1
1,NewOrder,1772006852.414612,23868,4,1
1,NewOrder,1772006852.414668,35795,10,1
1,NewOrder,1772006852.414684,18977,5,1
1,NewOrder,1772006852.415395,36457,16,1
1,NewOrder,1772006852.416076,19118,23,1
1,NewOrder,1772006852.421346,26630,3,1
4,Delivery,1772006852.421954,3772,22,1
3,OrderStatus,1772006852.422067,12121,8,1
2,Payment,1772006852.422707,12840,14,1
1,NewOrder,1772006852.423241,27864,9,1
2,Payment,1772006852.423386,4494,21,1
2,Payment,1772006852.424512,9123,19,1
1,NewOrder,1772006852.425012,15091,2,1
1,NewOrder,1772006852.425399,18627,20,1
1,NewOrder,1772006852.425695,6868,18,1
3,OrderStatus,1772006852.425732,6985,22,1
1,NewOrder,1772006852.427401,12568,17,1
2,Payment,1772006852.427840,10137,15,1
1,NewOrder,1772006852.427890,11674,21,1
2,Payment,1772006852.432571,9992,18,1
2,Payment,1772006852.432723,13297,22,1
1,NewOrder,1772006852.433623,34944,7,1
1,NewOrder,1772006852.433659,25820,19,1
2,Payment,1772006852.433685,8259,5,1
4,Delivery,1772006852.434194,25543,8,1
2,Payment,1772006852.434678,7292,12,1
2,Payment,1772006852.435204,15935,23,1
2,Payment,1772006852.435558,10598,14,1
2,Payment,1772006852.438000,13244,15,1
1,NewOrder,1772006852.438485,12012,4,1
1,NewOrder,1772006852.439591,10630,21,1
2,Payment,1772006852.439984,17386,17,1
2,Payment,1772006852.440113,5434,2,1
1,NewOrder,1772006852.441055,14415,1,1
2,Payment,1772006852.441955,9259,5,1
2,Payment,1772006852.441976,25082,12,1
2,Payment,1772006852.441997,15989,11,1
1,NewOrder,1772006852.442590,18350,18,1
2,Payment,1772006852.444043,14311,20,1
1,NewOrder,1772006852.444835,15672,13,1
4,Delivery,1772006852.445554,27957,2,1
2,Payment,1772006852.446028,20629,22,1
1,NewOrder,1772006852.446166,22890,14,1
4,Delivery,1772006852.447999,26030,3,1
2,Payment,1772006852.450231,27648,21,1
2,Payment,1772006852.450404,15782,6,1
1,NewOrder,1772006852.450415,21407,0,1
5,StockLevel,1772006852.450484,22306,10,1
1,NewOrder,1772006852.450523,29613,4,1
3,OrderStatus,1772006852.451112,9059,9,1
2,Payment,1772006852.451144,20119,23,1
2,Payment,1772006852.451232,7921,5,1
2,Payment,1772006852.451255,19576,15,1
1,NewOrder,1772006852.451856,20024,16,1
1,NewOrder,1772006852.455478,9315,1,1
2,Payment,1772006852.457381,21455,17,1
1,NewOrder,1772006852.458001,22961,11,1
4,Delivery,1772006852.458362,22132,20,1
2,Payment,1772006852.459178,8560,5,1
1,NewOrder,1772006852.459489,42049,19,1
1,NewOrder,1772006852.459744,17531,8,1
1,NewOrder,1772006852.460175,6855,9,1
2,Payment,1772006852.460512,23035,13,1
1,NewOrder,1772006852.460966,4863,18,1
2,Payment,1772006852.464811,5885,1,1
2,Payment,1772006852.465837,17241,18,1
2,Payment,1772006852.466196,4103,6,1
1,NewOrder,1772006852.466667,26156,22,1
2,Payment,1772006852.467044,10896,9,1
5,StockLevel,1772006852.467068,22346,12,1
2,Payment,1772006852.467763,10221,5,1
2,Payment,1772006852.468576,19722,7,1
2,Payment,1772006852.469063,25021,14,1
1,NewOrder,1772006852.470308,41412,6,1
1,NewOrder,1772006852.470707,14050,1,1
2,Payment,1772006852.470841,32630,15,1
2,Payment,1772006852.471269,23207,23,1
2,Payment,1772006852.471826,15334,0,1
2,Payment,1772006852.471889,45295,16,1
2,Payment,1772006852.472799,24306,10,1
1,NewOrder,1772006852.473548,10032,2,1
3,OrderStatus,1772006852.474036,2711,3,1
1,NewOrder,1772006852.476755,21539,3,1
1,NewOrder,1772006852.477280,6627,8,1
2,Payment,1772006852.477906,27047,21,1
2,Payment,1772006852.477973,26821,9,1
2,Payment,1772006852.477995,16677,5,1
2,Payment,1772006852.478861,44094,17,1
1,NewOrder,1772006852.480151,5052,4,1
2,Payment,1772006852.480501,35697,20,1
2,Payment,1772006852.480973,32756,11,1
1,NewOrder,1772006852.483089,34049,18,1
4,Delivery,1772006852.483573,20167,13,1
1,NewOrder,1772006852.483605,4650,2,1
1,NewOrder,1772006852.483927,5746,8,1
4,Delivery,1772006852.484767,9584,1,1
2,Payment,1772006852.485209,12472,4,1
1,NewOrder,1772006852.487176,7122,0,1
1,NewOrder,1772006852.488273,9374,2,1
5,StockLevel,1772006852.488323,26959,7,1
2,Payment,1772006852.489424,42932,12,1
1,NewOrder,1772006852.489688,5264,8,1
5,StockLevel,1772006852.492832,22392,22,1
1,NewOrder,1772006852.494090,31120,14,1
2,Payment,1772006852.494307,7655,0,1
2,Payment,1772006852.494361,11273,1,1
1,NewOrder,1772006852.494480,30685,23,1
1,NewOrder,1772006852.494682,31300,5,1
1,NewOrder,1772006852.494959,6974,8,1
1,NewOrder,1772006852.497110,28085,10,1
1,NewOrder,1772006852.497673,22687,2,1
1,NewOrder,1772006852.497698,8520,4,1
2,Payment,1772006852.498304,13387,3,1
2,Payment,1772006852.501545,20631,19,1
1,NewOrder,1772006852.501943,8924,8,1
1,NewOrder,1772006852.501970,22588,0,1
5,StockLevel,1772006852.503481,20816,15,1
4,Delivery,1772006852.503746,21347,13,1
1,NewOrder,1772006852.504804,20397,9,1
2,Payment,1772006852.504957,24452,21,1
1,NewOrder,1772006852.505644,34922,1,1
2,Payment,1772006852.506234,15421,4,1
1,NewOrder,1772006852.510876,11261,8,1
1,NewOrder,1772006852.511716,26451,3,1
2,Payment,1772006852.511746,9257,6,1
5,StockLevel,1772006852.513738,13263,11,1
2,Payment,1772006852.515234,22973,22,1
2,Payment,1772006852.515291,14976,7,1
1,NewOrder,1772006852.516228,16307,20,1
1,NewOrder,1772006852.517164,26421,18,1
1,NewOrder,1772006852.517219,23736,16,1
2,Payment,1772006852.520369,11211,2,1
2,Payment,1772006852.521013,13142,6,1
1,NewOrder,1772006852.521664,25271,4,1
1,NewOrder,1772006852.522163,15949,8,1
2,Payment,1772006852.522201,23313,19,1
2,Payment,1772006852.522981,15490,17,1
1,NewOrder,1772006852.524305,8435,15,1
1,NewOrder,1772006852.524568,19893,0,1
1,NewOrder,1772006852.525105,22945,13,1
1,NewOrder,1772006852.525196,14991,23,1
2,Payment,1772006852.525202,11941,10,1
1,NewOrder,1772006852.525213,28828,9,1
2,Payment,1772006852.525221,20485,14,1
3,OrderStatus,1772006852.525992,2371,5,1
2,Payment,1772006852.527028,15277,11,1
1,NewOrder,1772006852.528373,9346,5,1
2,Payment,1772006852.529419,24098,21,1
1,NewOrder,1772006852.530292,22038,7,1
2,Payment,1772006852.531591,7988,2,1
2,Payment,1772006852.532375,22704,12,1
1,NewOrder,1772006852.532561,12356,20,1
2,Payment,1772006852.532752,15624,15,1
2,Payment,1772006852.534165,15569,6,1
2,Payment,1772006852.537151,18734,10,1
1,NewOrder,1772006852.537741,16321,5,1
2,Payment,1772006852.538139,23494,8,1
2,Payment,1772006852.538197,9442,3,1
2,Payment,1772006852.538217,19549,22,1
1,NewOrder,1772006852.538476,19322,17,1
1,NewOrder,1772006852.539603,13243,2,1
2,Payment,1772006852.540192,21930,23,1
2,Payment,1772006852.540572,10220,1,1
1,NewOrder,1772006852.540965,7053,16,1
2,Payment,1772006852.542310,26893,11,1
2,Payment,1772006852.543610,28525,18,1
2,Payment,1772006852.544471,18348,0,1
1,NewOrder,1772006852.544925,14383,20,1
2,Payment,1772006852.545554,39076,19,1
1,NewOrder,1772006852.545723,32563,14,1
2,Payment,1772006852.546942,22761,4,1
2,Payment,1772006852.547643,9591,3,1
2,Payment,1772006852.548035,9719,16,1
2,Payment,1772006852.548064,14020,13,1
4,Delivery,1772006852.548388,7040,15,1
1,NewOrder,1772006852.549743,14507,6,1
2,Payment,1772006852.550805,27590,1,1
1,NewOrder,1772006852.552340,16999,7,1
2,Payment,1772006852.552859,34870,2,1
1,NewOrder,1772006852.553560,25513,21,1
1,NewOrder,1772006852.554052,18407,9,1
1,NewOrder,1772006852.554072,19714,5,1
2,Payment,1772006852.555105,14646,12,1
2,Payment,1772006852.555434,21838,15,1
1,NewOrder,1772006852.555913,22346,10,1
2,Payment,1772006852.557245,38444,3,1
1,NewOrder,1772006852.557765,20166,16,1
1,NewOrder,1772006852.557771,10883,22,1
2,Payment,1772006852.557808,28542,17,1
1,NewOrder,1772006852.559315,22266,20,1
1,NewOrder,1772006852.561642,18436,8,1
2,Payment,1772006852.562092,31984,13,1
1,NewOrder,1772006852.562130,19891,23,1
1,NewOrder,1772006852.562831,14501,0,1
4,Delivery,1772006852.564257,5696,6,1
1,NewOrder,1772006852.568680,28220,22,1
3,OrderStatus,1772006852.569209,6051,11,1
1,NewOrder,1772006852.569349,13979,7,1
1,NewOrder,1772006852.569709,25825,4,1
2,Payment,1772006852.569763,33636,12,1
2,Payment,1772006852.569964,4656,6,1
1,NewOrder,1772006852.572163,25752,18,1
3,OrderStatus,1772006852.572470,4516,9,1
4,Delivery,1772006852.573811,46441,5,1
2,Payment,1772006852.574629,7879,6,1
2,Payment,1772006852.575285,9955,11,1
2,Payment,1772006852.576995,11758,9,1
1,NewOrder,1772006852.577282,32493,15,1
1,NewOrder,1772006852.577342,27831,0,1
2,Payment,1772006852.577955,30413,16,1
2,Payment,1772006852.578278,14516,10,1
5,StockLevel,1772006852.578301,23408,14,1
2,Payment,1772006852.578419,22832,1,1
3,OrderStatus,1772006852.579083,3997,21,1
2,Payment,1772006852.580105,15861,8,1
5,StockLevel,1772006852.581596,8834,20,1
1,NewOrder,1772006852.582031,12527,23,1
1,NewOrder,1772006852.582532,9488,6,1
1,NewOrder,1772006852.583106,8462,21,1
2,Payment,1772006852.583339,17879,7,1
5,StockLevel,1772006852.584655,18603,19,1
2,Payment,1772006852.585246,21770,11,1
3,OrderStatus,1772006852.586357,7503,17,1
2,Payment,1772006852.587739,17984,2,1
3,OrderStatus,1772006852.588778,4498,9,1
2,Payment,1772006852.590437,4178,20,1
2,Payment,1772006852.591578,9249,21,1
1,NewOrder,1772006852.592044,6345,6,1
1,NewOrder,1772006852.592814,15065,10,1
3,OrderStatus,1772006852.593284,4451,9,1
2,Payment,1772006852.593873,20972,17,1
1,NewOrder,1772006852.594100,14142,13,1
2,Payment,1772006852.594584,14761,23,1
1,NewOrder,1772006852.594642,18559,20,1
1,NewOrder,1772006852.595543,12799,4,1
2,Payment,1772006852.595698,15416,3,1
2,Payment,1772006852.595975,16863,8,1
4,Delivery,1772006852.596910,35453,22,1
2,Payment,1772006852.597744,21455,9,1
2,Payment,1772006852.597921,18925,18,1
2,Payment,1772006852.598400,27382,6,1
1,NewOrder,1772006852.600836,27454,21,1
2,Payment,1772006852.601228,32822,7,1
2,Payment,1772006852.601257,16248,1,1
1,NewOrder,1772006852.601722,22046,14,1
2,Payment,1772006852.603278,17929,19,1
1,NewOrder,1772006852.603428,14033,12,1
5,StockLevel,1772006852.605184,15462,0,1
1,NewOrder,1772006852.605728,25588,2,1
2,Payment,1772006852.607042,34330,11,1
1,NewOrder,1772006852.607885,10400,10,1
1,NewOrder,1772006852.608247,23330,13,1
1,NewOrder,1772006852.608356,21165,4,1
1,NewOrder,1772006852.608394,38163,16,1
2,Payment,1772006852.609355,16968,23,1
1,NewOrder,1772006852.609803,17042,15,1
2,Payment,1772006852.611127,13437,3,1
2,Payment,1772006852.612845,38691,8,1
2,Payment,1772006852.613212,21973,20,1
1,NewOrder,1772006852.614854,32626,17,1
2,Payment,1772006852.616857,28002,18,1
1,NewOrder,1772006852.617468,30508,12,1
1,NewOrder,1772006852.617512,30434,1,1
1,NewOrder,1772006852.618300,21326,10,1
1,NewOrder,1772006852.619208,25031,9,1
2,Payment,1772006852.620257,13187,5,1
1,NewOrder,1772006852.620656,11454,0,1
1,NewOrder,1772006852.621217,10836,19,1
2,Payment,1772006852.623793,4140,14,1
2,Payment,1772006852.624580,15921,3,1
2,Payment,1772006852.625792,32446,6,1
2,Payment,1772006852.626338,25858,23,1
4,Delivery,1772006852.626869,18931,15,1
4,Delivery,1772006852.627958,17255,14,1
1,NewOrder,1772006852.628296,16430,21,1
2,Payment,1772006852.629539,17057,4,1
1,NewOrder,1772006852.631325,15164,2,1
2,Payment,1772006852.631587,7217,13,1
1,NewOrder,1772006852.632069,10209,19,1
2,Payment,1772006852.632128,20138,0,1
1,NewOrder,1772006852.632374,13605,22,1
1,NewOrder,1772006852.633451,23851,5,1
1,NewOrder,1772006852.634055,15284,7,1
2,Payment,1772006852.635196,23733,20,1
5,StockLevel,1772006852.638812,7929,13,1
2,Payment,1772006852.639630,25444,10,1
2,Payment,1772006852.640511,19912,3,1
5,StockLevel,1772006852.641397,13576,11,1
2,Payment,1772006852.642290,18892,19,1
1,NewOrder,1772006852.644247,11010,9,1
2,Payment,1772006852.644752,19669,21,1
1,NewOrder,1772006852.644894,29590,18,1
2,Payment,1772006852.645251,7329,14,1
1,NewOrder,1772006852.645807,13413,15,1
2,Payment,1772006852.645990,21880,22,1
2,Payment,1772006852.646510,20488,2,1
1,NewOrder,1772006852.646572,12720,16,1
1,NewOrder,1772006852.646620,27070,4,1
2,Payment,1772006852.646755,12571,13,1
2,Payment,1772006852.647502,18203,17,1
1,NewOrder,1772006852.647952,13876,1,1
2,Payment,1772006852.647984,23658,12,1
2,Payment,1772006852.649356,22261,7,1
1,NewOrder,1772006852.651541,22119,8,1
3,OrderStatus,1772006852.652206,6665,23,1
1,NewOrder,1772006852.652276,17892,0,1
2,Payment,1772006852.652590,22342,14,1
1,NewOrder,1772006852.654998,10261,11,1
2,Payment,1772006852.655264,21953,9,1
2,Payment,1772006852.657314,16433,5,1
2,Payment,1772006852.658256,24868,6,1
2,Payment,1772006852.658880,12284,23,1
2,Payment,1772006852.658947,17559,20,1
2,Payment,1772006852.659224,22602,15,1
1,NewOrder,1772006852.659298,14411,16,1
1,NewOrder,1772006852.659336,22419,13,1
1,NewOrder,1772006852.660449,20695,3,1
1,NewOrder,1772006852.661188,9510,19,1
2,Payment,1772006852.661837,16564,1,1
2,Payment,1772006852.664431,17265,21,1
2,Payment,1772006852.665101,32149,10,1
1,NewOrder,1772006852.665283,9682,11,1
2,Payment,1772006852.665716,22673,17,1
2,Payment,1772006852.667003,17045,2,1
4,Delivery,1772006852.667881,30701,22,1
1,NewOrder,1772006852.670184,16309,0,1
2,Payment,1772006852.670707,20306,19,1
1,NewOrder,1772006852.671174,18458,23,1
2,Payment,1772006852.671643,16715,7,1
1,NewOrder,1772006852.671668,19373,12,1
2,Payment,1772006852.673671,32065,8,1
1,NewOrder,1772006852.673700,45846,4,1
1,NewOrder,1772006852.673720,14179,16,1
2,Payment,1772006852.673754,16655,5,1
1,NewOrder,1772006852.674510,20900,18,1
1,NewOrder,1772006852.674939,29725,14,1
4,Delivery,1772006852.674970,63607,11,1
1,NewOrder,1772006852.676522,22438,20,1
3,OrderStatus,1772006852.677228,5845,9,1
1,NewOrder,1772006852.678405,29400,1,1
2,Payment,1772006852.681168,16866,3,1
4,Delivery,1772006852.681720,17286,21,1
2,Payment,1772006852.681781,11890,13,1
1,NewOrder,1772006852.681850,36872,15,1
2,Payment,1772006852.683083,40812,9,1
2,Payment,1772006852.683134,30253,6,1
4,Delivery,1772006852.684069,25151,2,1
1,NewOrder,1772006852.686503,6100,0,1
1,NewOrder,1772006852.687909,17229,16,1
1,NewOrder,1772006852.688368,39322,7,1
1,NewOrder,1772006852.688400,38552,17,1
1,NewOrder,1772006852.689647,9257,23,1
2,Payment,1772006852.690416,16906,5,1
2,Payment,1772006852.691026,6972,19,1
1,NewOrder,1772006852.691068,11616,12,1
1,NewOrder,1772006852.692608,13075,0,1
1,NewOrder,1772006852.693688,28744,13,1
1,NewOrder,1772006852.695431,18477,18,1
2,Payment,1772006852.697276,31097,10,1
1,NewOrder,1772006852.698008,37650,19,1
2,Payment,1772006852.698044,15917,3,1
1,NewOrder,1772006852.698592,20180,22,1
1,NewOrder,1772006852.698915,13419,23,1
2,Payment,1772006852.698970,4145,20,1
1,NewOrder,1772006852.699014,12200,21,1
4,Delivery,1772006852.702700,6193,12,1
1,NewOrder,1772006852.703120,13427,20,1
2,Payment,1772006852.704690,10452,14,1
4,Delivery,1772006852.705147,4178,16,1
2,Payment,1772006852.705694,13831,0,1
2,Payment,1772006852.705747,29903,8,1
2,Payment,1772006852.707327,22860,5,1
2,Payment,1772006852.707811,16641,1,1
2,Payment,1772006852.708919,15602,12,1
5,StockLevel,1772006852.709227,7019,2,1
2,Payment,1772006852.709350,19588,16,1
1,NewOrder,1772006852.711224,8423,21,1
2,Payment,1772006852.712352,4894,23,1
1,NewOrder,1772006852.713414,12785,6,1
2,Payment,1772006852.713934,10554,18,1
2,Payment,1772006852.713987,20782,3,1
1,NewOrder,1772006852.715152,21785,14,1
2,Payment,1772006852.716259,22301,2,1
1,NewOrder,1772006852.716553,15205,20,1
4,Delivery,1772006852.717250,33969,23,1
1,NewOrder,1772006852.718730,20445,15,1
1,NewOrder,1772006852.718782,20395,22,1
2,Payment,1772006852.719549,31034,0,1
2,Payment,1772006852.719560,26785,4,1
4,Delivery,1772006852.719672,31832,21,1
2,Payment,1772006852.722452,13158,13,1
1,NewOrder,1772006852.723921,13758,9,1
2,Payment,1772006852.724457,30878,1,1
3,OrderStatus,1772006852.724495,4769,18,1
1,NewOrder,1772006852.724529,15307,12,1
2,Payment,1772006852.726223,16575,6,1
1,NewOrder,1772006852.726965,15430,17,1
2,Payment,1772006852.727716,22192,7,1
1,NewOrder,1772006852.728398,12556,10,1
2,Payment,1772006852.728948,12613,16,1
1,NewOrder,1772006852.729271,16243,18,1
1,NewOrder,1772006852.730202,23822,5,1
1,NewOrder,1772006852.731763,18850,20,1
2,Payment,1772006852.734778,24347,3,1
2,Payment,1772006852.735626,15063,13,1
2,Payment,1772006852.735677,23055,8,1
2,Payment,1772006852.735684,5779,19,1
1,NewOrder,1772006852.736947,8989,14,1
1,NewOrder,1772006852.737685,26945,9,1
2,Payment,1772006852.738586,26010,2,1
1,NewOrder,1772006852.738602,25467,11,1
1,NewOrder,1772006852.739182,27940,15,1
1,NewOrder,1772006852.739188,11519,22,1
2,Payment,1772006852.739841,19360,12,1
1,NewOrder,1772006852.740961,36165,10,1
1,NewOrder,1772006852.741470,24311,19,1
4,Delivery,1772006852.741571,41831,16,1
1,NewOrder,1772006852.742404,22033,17,1
2,Payment,1772006852.742813,21713,6,1
1,NewOrder,1772006852.745527,27394,18,1
1,NewOrder,1772006852.745946,8972,14,1
1,NewOrder,1772006852.746357,9016,4,1
2,Payment,1772006852.749915,19376,7,1
1,NewOrder,1772006852.750589,29952,0,1
2,Payment,1772006852.750623,9073,20,1
1,NewOrder,1772006852.750701,29150,13,1
1,NewOrder,1772006852.750722,30409,22,1
2,Payment,1772006852.751223,11887,23,1
1,NewOrder,1772006852.751510,3339,21,1
2,Payment,1772006852.754035,18300,5,1
2,Payment,1772006852.754865,12856,21,1
2,Payment,1772006852.754925,9628,14,1
1,NewOrder,1772006852.755359,11219,1,1
1,NewOrder,1772006852.755378,19044,4,1
2,Payment,1772006852.758758,15119,8,1
2,Payment,1772006852.759132,19796,3,1
1,NewOrder,1772006852.759212,23718,12,1
5,StockLevel,1772006852.759707,24124,20,1
2,Payment,1772006852.763121,8381,23,1
2,Payment,1772006852.764075,14133,11,1
2,Payment,1772006852.764448,20715,17,1
1,NewOrder,1772006852.764536,16619,6,1
2,Payment,1772006852.764560,10867,14,1
2,Payment,1772006852.764602,22773,2,1
1,NewOrder,1772006852.764640,32160,9,1
1,NewOrder,1772006852.765786,13684,19,1
3,OrderStatus,1772006852.766582,7079,1,1
5,StockLevel,1772006852.767133,26874,15,1
1,NewOrder,1772006852.767727,22698,21,1
2,Payment,1772006852.769299,14076,7,1
1,NewOrder,1772006852.771510,14070,23,1
2,Payment,1772006852.772347,18886,5,1
1,NewOrder,1772006852.772931,33669,18,1
4,Delivery,1772006852.773670,22714,1,1
3,OrderStatus,1772006852.773882,6321,8,1
1,NewOrder,1772006852.774427,22347,4,1
1,NewOrder,1772006852.775431,26600,14,1
1,NewOrder,1772006852.777134,34724,10,1
3,OrderStatus,1772006852.778215,2811,11,1
1,NewOrder,1772006852.778935,25038,3,1
2,Payment,1772006852.779480,5021,19,1
2,Payment,1772006852.779862,12866,13,1
2,Payment,1772006852.780211,9714,8,1
1,NewOrder,1772006852.780551,4202,0,1
2,Payment,1772006852.781030,20161,11,1
2,Payment,1772006852.781136,5715,22,1
2,Payment,1772006852.781161,12136,6,1
2,Payment,1772006852.782942,20397,12,1
1,NewOrder,1772006852.783382,17872,7,1
1,NewOrder,1772006852.783409,25742,16,1
2,Payment,1772006852.783841,8393,20,1
1,NewOrder,1772006852.784506,48188,19,1
2,Payment,1772006852.784760,10242,0,1
1,NewOrder,1772006852.785168,29271,17,1
2,Payment,1772006852.785590,14972,23,1
2,Payment,1772006852.786856,19748,22,1
1,NewOrder,1772006852.787385,32491,2,1
1,NewOrder,1772006852.789934,17223,8,1
1,NewOrder,1772006852.790432,15263,21,1
2,Payment,1772006852.791240,10045,5,1
1,NewOrder,1772006852.792241,31024,20,1
1,NewOrder,1772006852.792739,48989,13,1
2,Payment,1772006852.793302,14252,6,1
1,NewOrder,1772006852.794013,22620,15,1
2,Payment,1772006852.795008,13288,0,1
2,Payment,1772006852.796390,21426,1,1
2,Payment,1772006852.796781,31816,4,1
1,NewOrder,1772006852.796808,21699,9,1
1,NewOrder,1772006852.800571,34035,23,1
2,Payment,1772006852.801197,12837,11,1
1,NewOrder,1772006852.801261,39752,7,1
1,NewOrder,1772006852.801291,47451,5,1
4,Delivery,1772006852.802041,43099,14,1
1,NewOrder,1772006852.803347,37234,12,1
1,NewOrder,1772006852.803978,38309,3,1
1,NewOrder,1772006852.805698,15840,21,1
2,Payment,1772006852.806606,16633,18,1
2,Payment,1772006852.806611,5568,22,1
1,NewOrder,1772006852.807162,15380,8,1
1,NewOrder,1772006852.807560,24413,6,1
1,NewOrder,1772006852.808302,12010,0,1
2,Payment,1772006852.809157,5255,16,1
2,Payment,1772006852.811864,8640,10,1
1,NewOrder,1772006852.812187,34878,22,1
4,Delivery,1772006852.814045,52849,11,1
1,NewOrder,1772006852.814417,19182,16,1
1,NewOrder,1772006852.814445,33085,17,1
2,Payment,1772006852.816644,4456,15,1
1,NewOrder,1772006852.817823,30851,1,1
1,NewOrder,1772006852.818514,29155,9,1
2,Payment,1772006852.819882,16680,2,1
1,NewOrder,1772006852.820319,29005,0,1
2,Payment,1772006852.820508,10187,10,1
1,NewOrder,1772006852.821106,14358,15,1
1,NewOrder,1772006852.821544,13409,21,1
3,OrderStatus,1772006852.822547,4725,8,1
2,Payment,1772006852.823250,16856,18,1
2,Payment,1772006852.823272,9786,20,1
1,NewOrder,1772006852.827278,20287,8,1
5,StockLevel,1772006852.828603,22178,4,1
2,Payment,1772006852.830703,9943,10,1
2,Payment,1772006852.831981,16104,6,1
2,Payment,1772006852.832697,23700,19,1
2,Payment,1772006852.833061,14512,20,1
2,Payment,1772006852.833604,3343,16,1
1,NewOrder,1772006852.834613,15289,23,1
2,Payment,1772006852.834961,27938,21,1
1,NewOrder,1772006852.835470,12016,15,1
1,NewOrder,1772006852.836570,15838,2,1
1,NewOrder,1772006852.836952,20657,16,1
1,NewOrder,1772006852.840116,29562,18,1
2,Payment,1772006852.840592,7650,12,1
1,NewOrder,1772006852.840652,26273,10,1
2,Payment,1772006852.841023,14264,7,1
2,Payment,1772006852.841734,14620,13,1
1,NewOrder,1772006852.842295,17226,3,1
1,NewOrder,1772006852.845146,11972,14,1
5,StockLevel,1772006852.847069,11220,22,1
2,Payment,1772006852.847497,21493,15,1
2,Payment,1772006852.847536,14851,17,1
2,Payment,1772006852.847573,13305,8,1
2,Payment,1772006852.847584,20904,20,1
1,NewOrder,1772006852.847681,22413,9,1
2,Payment,1772006852.848092,18367,6,1
2,Payment,1772006852.848250,26956,12,1
2,Payment,1772006852.848682,12746,1,1
1,NewOrder,1772006852.848748,22152,5,1
2,Payment,1772006852.849330,7215,0,1
5,StockLevel,1772006852.849906,8981,23,1
1,NewOrder,1772006852.850788,5951,4,1
1,NewOrder,1772006852.852416,14481,2,1
5,StockLevel,1772006852.855297,12990,7,1
1,NewOrder,1772006852.856363,21715,13,1
2,Payment,1772006852.856407,19298,19,1
2,Payment,1772006852.856554,13209,0,1
2,Payment,1772006852.856746,8004,4,1
2,Payment,1772006852.857122,23977,14,1
1,NewOrder,1772006852.857620,24768,16,1
2,Payment,1772006852.858294,23533,22,1
1,NewOrder,1772006852.858894,10055,23,1
2,Payment,1772006852.859526,16028,3,1
2,Payment,1772006852.860887,9178,8,1
2,Payment,1772006852.861435,25820,1,1
2,Payment,1772006852.862394,31293,17,1
2,Payment,1772006852.862906,26108,21,1
2,Payment,1772006852.864762,28285,4,1
1,NewOrder,1772006852.866465,8679,6,1
2,Payment,1772006852.866899,10060,11,1
1,NewOrder,1772006852.866905,12259,2,1
1,NewOrder,1772006852.866932,7719,10,1
2,Payment,1772006852.868292,15929,7,1
1,NewOrder,1772006852.868498,18157,20,1
3,OrderStatus,1772006852.868955,5062,23,1
3,OrderStatus,1772006852.868997,8073,15,1
2,Payment,1772006852.869683,25681,18,1
1,NewOrder,1772006852.869767,17439,0,1
1,NewOrder,1772006852.870069,16538,8,1
2,Payment,1772006852.870104,22108,9,1
3,OrderStatus,1772006852.870905,1863,5,1
2,Payment,1772006852.872774,7565,5,1
2,Payment,1772006852.874024,25485,23,1
2,Payment,1772006852.874657,23866,10,1
1,NewOrder,1772006852.875148,10617,6,1
1,NewOrder,1772006852.875217,15306,12,1
2,Payment,1772006852.875565,23030,3,1
1,NewOrder,1772006852.875712,22408,19,1
1,NewOrder,1772006852.876964,23117,11,1
2,Payment,1772006852.877080,18600,15,1
2,Payment,1772006852.878083,19665,13,1
1,NewOrder,1772006852.879169,7332,2,1
1,NewOrder,1772006852.880349,18666,5,1
1,NewOrder,1772006852.881110,24970,14,1
2,Payment,1772006852.881834,21410,22,1
2,Payment,1772006852.882399,20352,16,1
1,NewOrder,1772006852.884235,5349,7,1
1,NewOrder,1772006852.885771,4339,6,1
2,Payment,1772006852.886508,16828,2,1
2,Payment,1772006852.886617,18625,8,1
3,OrderStatus,1772006852.886665,7359,20,1
2,Payment,1772006852.887211,24858,0,1
1,NewOrder,1772006852.887262,6376,1,1
1,NewOrder,1772006852.889024,6685,21,1
2,Payment,1772006852.889591,25760,7,1
2,Payment,1772006852.890115,19954,6,1
2,Payment,1772006852.890531,17308,12,1
1,NewOrder,1772006852.892220,11826,9,1
1,NewOrder,1772006852.893058,20489,4,1
2,Payment,1772006852.893649,24296,1,1
1,NewOrder,1772006852.893697,30841,17,1
1,NewOrder,1772006852.894028,18816,20,1
2,Payment,1772006852.895370,23827,18,1
3,OrderStatus,1772006852.895689,1836,15,1
2,Payment,1772006852.895713,11761,21,1
1,NewOrder,1772006852.897537,18943,15,1
2,Payment,1772006852.897758,19200,13,1
5,StockLevel,1772006852.898131,21970,19,1
1,NewOrder,1772006852.898528,23487,10,1
2,Payment,1772006852.898604,26019,3,1
2,Payment,1772006852.899021,32873,5,1
2,Payment,1772006852.899516,23583,23,1
4,Delivery,1772006852.900085,21483,11,1
1,NewOrder,1772006852.902757,35752,16,1
2,Payment,1772006852.903249,22312,22,1
1,NewOrder,1772006852.903346,24371,2,1
5,StockLevel,1772006852.904051,8202,9,1
1,NewOrder,1772006852.905247,24111,8,1
1,NewOrder,1772006852.906089,10847,14,1
2,Payment,1772006852.907493,23923,21,1
1,NewOrder,1772006852.907851,14586,12,1
1,NewOrder,1772006852.910080,25753,6,1
3,OrderStatus,1772006852.912077,9682,0,1
2,Payment,1772006852.912262,11677,9,1
1,NewOrder,1772006852.912854,9098,20,1
1,NewOrder,1772006852.913553,11544,4,1
2,Payment,1772006852.915359,12482,7,1
2,Payment,1772006852.916490,15450,15,1
2,Payment,1772006852.916941,20037,14,1
2,Payment,1772006852.916965,8201,13,1
1,NewOrder,1772006852.917952,22559,1,1
1,NewOrder,1772006852.919207,7391,18,1
2,Payment,1772006852.920112,17517,19,1
2,Payment,1772006852.921574,10406,11,1
2,Payment,1772006852.921767,17333,0,1
2,Payment,1772006852.921959,21318,20,1
1,NewOrder,1772006852.922020,6456,10,1
2,Payment,1772006852.922444,20858,12,1
2,Payment,1772006852.923105,29299,23,1
2,Payment,1772006852.923947,13664,9,1
3,OrderStatus,1772006852.924546,6283,17,1
1,NewOrder,1772006852.924629,19989,3,1
2,Payment,1772006852.925108,17947,4,1
2,Payment,1772006852.925171,25475,13,1
1,NewOrder,1772006852.925568,13557,22,1
2,Payment,1772006852.926603,34665,18,1
2,Payment,1772006852.927721,31894,2,1
1,NewOrder,1772006852.927850,16215,7,1
1,NewOrder,1772006852.928480,20949,10,1
2,Payment,1772006852.929368,13883,8,1
4,Delivery,1772006852.930836,28753,17,1
2,Payment,1772006852.931423,33601,21,1
1,NewOrder,1772006852.931901,15162,5,1
1,NewOrder,1772006852.931945,21504,15,1
2,Payment,1772006852.931986,19543,11,1
2,Payment,1772006852.935839,24966,6,1
1,NewOrder,1772006852.936986,16113,14,1
1,NewOrder,1772006852.937621,15393,9,1
2,Payment,1772006852.937640,34269,19,1
2,Payment,1772006852.938519,20201,16,1
1,NewOrder,1772006852.939104,25521,0,1
1,NewOrder,1772006852.939132,27651,22,1
2,Payment,1772006852.940519,7390,1,1
1,NewOrder,1772006852.943062,33116,4,1
1,NewOrder,1772006852.943261,33942,8,1
1,NewOrder,1772006852.943283,34347,20,1
1,NewOrder,1772006852.943315,28995,12,1
2,Payment,1772006852.944072,21351,7,1
1,NewOrder,1772006852.944625,22767,3,1
1,NewOrder,1772006852.947072,7259,5,1
1,NewOrder,1772006852.947915,22594,1,1
1,NewOrder,1772006852.949435,9979,10,1
4,Delivery,1772006852.950652,9244,13,1
1,NewOrder,1772006852.951534,29813,11,1
1,NewOrder,1772006852.952411,22143,23,1
2,Payment,1772006852.953021,18662,9,1
1,NewOrder,1772006852.953110,24748,14,1
1,NewOrder,1772006852.953460,20481,15,1
1,NewOrder,1772006852.954337,11687,5,1
2,Payment,1772006852.958728,7651,16,1
2,Payment,1772006852.959420,18116,10,1
1,NewOrder,1772006852.959593,28142,17,1
2,Payment,1772006852.959621,5831,2,1
5,StockLevel,1772006852.959906,16700,13,1
2,Payment,1772006852.960816,26181,6,1
2,Payment,1772006852.961279,16327,18,1
2,Payment,1772006852.964633,6599,0,1
2,Payment,1772006852.965031,18007,21,1
1,NewOrder,1772006852.965434,23541,7,1
1,NewOrder,1772006852.965458,15165,2,1
2,Payment,1772006852.966035,11568,5,1
1,NewOrder,1772006852.966385,31170,16,1
2,Payment,1772006852.966789,25322,22,1
1,NewOrder,1772006852.967396,10036,3,1
1,NewOrder,1772006852.970516,17231,1,1
1,NewOrder,1772006852.971239,16474,0,1
2,Payment,1772006852.971694,26070,9,1
2,Payment,1772006852.971921,29778,19,1
1,NewOrder,1772006852.972317,31260,12,1
1,NewOrder,1772006852.973945,15500,15,1
5,StockLevel,1772006852.974560,9770,23,1
5,StockLevel,1772006852.976184,9508,4,1
2,Payment,1772006852.976615,5951,13,1
2,Payment,1772006852.977209,37601,8,1
2,Payment,1772006852.977439,6319,3,1
1,NewOrder,1772006852.977543,17651,10,1
3,OrderStatus,1772006852.977613,6092,18,1
3,OrderStatus,1772006852.977614,6751,5,1
2,Payment,1772006852.977635,27479,20,1
2,Payment,1772006852.977868,16737,14,1
1,NewOrder,1772006852.980633,20473,2,1
2,Payment,1772006852.981353,70000,11,1
5,StockLevel,1772006852.982574,13112,13,1
2,Payment,1772006852.983044,25411,21,1
1,NewOrder,1772006852.983711,12237,18,1
2,Payment,1772006852.983766,6096,3,1
2,Payment,1772006852.984336,32970,23,1
1,NewOrder,1772006852.984375,11121,5,1
2,Payment,1772006852.985697,7726,4,1
1,NewOrder,1772006852.987005,42798,6,1
2,Payment,1772006852.987719,9706,0,1
3,OrderStatus,1772006852.987740,4823,17,1
1,NewOrder,1772006852.987756,13887,1,1
2,Payment,1772006852.988984,19614,7,1
5,StockLevel,1772006852.989451,4739,15,1
2,Payment,1772006852.989869,14735,3,1
1,NewOrder,1772006852.992115,40808,22,1
1,NewOrder,1772006852.992570,26456,17,1
1,NewOrder,1772006852.993428,24618,4,1
2,Payment,1772006852.994194,9001,15,1
1,NewOrder,1772006852.994615,29904,14,1
2,Payment,1772006852.995204,41466,10,1
4,Delivery,1772006852.995504,13683,5,1
2,Payment,1772006852.995696,13408,13,1
2,Payment,1772006852.995953,30919,18,1
2,Payment,1772006852.997432,13545,0,1
1,NewOrder,1772006852.997565,43529,16,1
1,NewOrder,1772006852.997775,26735,9,1
5,StockLevel,1772006853.001113,17408,2,1
2,Payment,1772006853.001650,18066,1,1
1,NewOrder,1772006853.001705,16317,19,1
4,Delivery,1772006853.003200,47491,15,1
2,Payment,1772006853.003583,13580,12,1
2,Payment,1772006853.004610,13479,3,1
1,NewOrder,1772006853.005124,38028,20,1
2,Payment,1772006853.008462,22032,21,1
4,Delivery,1772006853.008608,10792,7,1
1,NewOrder,1772006853.009112,10257,13,1
1,NewOrder,1772006853.009197,32872,5,1
1,NewOrder,1772006853.010988,47467,0,1
4,Delivery,1772006853.014817,4834,8,1
2,Payment,1772006853.017173,13249,12,1
1,NewOrder,1772006853.017316,28864,23,1
1,NewOrder,1772006853.018032,48401,19,1
3,OrderStatus,1772006853.018052,9135,4,1
1,NewOrder,1772006853.018101,6434,3,1
1,NewOrder,1772006853.018527,41588,2,1
1,NewOrder,1772006853.019033,27684,17,1
2,Payment,1772006853.019376,14689,13,1
2,Payment,1772006853.019408,35915,7,1
1,NewOrder,1772006853.019659,5342,8,1
2,Payment,1772006853.019721,4746,1,1
2,Payment,1772006853.024473,1914,1,1
1,NewOrder,1772006853.024521,16551,9,1
3,OrderStatus,1772006853.024531,9716,14,1
2,Payment,1772006853.024541,6382,3,1
1,NewOrder,1772006853.025008,5457,8,1
2,Payment,1772006853.026393,7015,1,1
1,NewOrder,1772006853.026878,14794,18,1
1,NewOrder,1772006853.027198,31315,4,1
1,NewOrder,1772006853.029813,35409,6,1
1,NewOrder,1772006853.030433,32228,12,1
2,Payment,1772006853.030471,30196,8,1
2,Payment,1772006853.030504,3857,21,1
1,NewOrder,1772006853.030929,15683,3,1
1,NewOrder,1772006853.032929,36465,22,1
2,Payment,1772006853.033418,3601,1,1
1,NewOrder,1772006853.034073,12565,13,1
1,NewOrder,1772006853.034254,26441,14,1
4,Delivery,1772006853.034366,22897,21,1
1,NewOrder,1772006853.036675,27060,10,1
1,NewOrder,1772006853.037026,16412,1,1
2,Payment,1772006853.041082,24419,9,1
1,NewOrder,1772006853.041102,25828,16,1
2,Payment,1772006853.041677,4985,18,1
2,Payment,1772006853.042076,9160,5,1
1,NewOrder,1772006853.043162,25478,20,1
1,NewOrder,1772006853.046188,23150,23,1
1,NewOrder,1772006853.046619,11862,3,1
3,OrderStatus,1772006853.046649,3260,13,1
2,Payment,1772006853.046667,4543,18,1
1,NewOrder,1772006853.046722,28599,17,1
2,Payment,1772006853.049916,4821,13,1
2,Payment,1772006853.050698,17162,15,1
4,Delivery,1772006853.051215,6280,18,1
2,Payment,1772006853.051243,6741,5,1
2,Payment,1772006853.051363,23357,11,1
2,Payment,1772006853.053444,9594,1,1
1,NewOrder,1772006853.054747,27223,13,1
2,Payment,1772006853.055332,25808,7,1
1,NewOrder,1772006853.057273,26540,21,1
2,Payment,1772006853.057502,5510,18,1
2,Payment,1772006853.057994,22573,5,1
2,Payment,1772006853.058464,28685,0,1
1,NewOrder,1772006853.058488,22550,3,1
2,Payment,1772006853.058524,15460,4,1
2,Payment,1772006853.060129,30932,2,1
2,Payment,1772006853.060681,26041,8,1
2,Payment,1772006853.060715,14637,14,1
2,Payment,1772006853.062671,20024,12,1
2,Payment,1772006853.063026,5694,18,1
5,StockLevel,1772006853.063063,13071,1,1
1,NewOrder,1772006853.063762,33297,10,1
1,NewOrder,1772006853.065232,9523,6,1
2,Payment,1772006853.065507,28086,9,1
1,NewOrder,1772006853.066459,8169,19,1
1,NewOrder,1772006853.066956,7548,16,1
1,NewOrder,1772006853.067873,19207,15,1
4,Delivery,1772006853.068657,21970,20,1
1,NewOrder,1772006853.068740,25254,18,1
2,Payment,1772006853.069342,7535,23,1
1,NewOrder,1772006853.069398,18198,22,1
2,Payment,1772006853.074010,23545,4,1
1,NewOrder,1772006853.074521,36298,16,1
1,NewOrder,1772006853.074646,23275,19,1
2,Payment,1772006853.074728,25500,11,1
4,Delivery,1772006853.074780,6807,6,1
2,Payment,1772006853.075327,19809,17,1
2,Payment,1772006853.075359,14878,14,1
1,NewOrder,1772006853.076161,14435,1,1
3,OrderStatus,1772006853.076883,2606,23,1
1,NewOrder,1772006853.079502,9624,23,1
2,Payment,1772006853.080571,25303,5,1
1,NewOrder,1772006853.081042,26613,3,1
2,Payment,1772006853.081150,27349,7,1
2,Payment,1772006853.081612,34750,6,1
2,Payment,1772006853.081996,17391,13,1
1,NewOrder,1772006853.082703,24931,12,1
2,Payment,1772006853.083838,7602,21,1
2,Payment,1772006853.086747,37182,8,1
5,StockLevel,1772006853.087091,14524,15,1
1,NewOrder,1772006853.087155,16952,0,1
2,Payment,1772006853.087606,8464,22,1
1,NewOrder,1772006853.089133,21650,23,1
2,Payment,1772006853.090243,13353,14,1
1,NewOrder,1772006853.090619,21980,1,1
2,Payment,1772006853.090652,10234,20,1
3,OrderStatus,1772006853.091071,7741,2,1
1,NewOrder,1772006853.091464,24894,21,1
1,NewOrder,1772006853.093603,25824,9,1
1,NewOrder,1772006853.094011,25865,18,1
1,NewOrder,1772006853.095160,26499,17,1
1,NewOrder,1772006853.096075,15716,22,1
2,Payment,1772006853.097070,32138,10,1
2,Payment,1772006853.097566,15563,4,1
2,Payment,1772006853.097927,12507,19,1
2,Payment,1772006853.098836,18028,2,1
1,NewOrder,1772006853.099407,16320,13,1
1,NewOrder,1772006853.100255,16568,11,1
2,Payment,1772006853.100893,15379,20,1
2,Payment,1772006853.101631,6134,15,1
2,Payment,1772006853.103606,7084,14,1
1,NewOrder,1772006853.104112,30749,0,1
3,OrderStatus,1772006853.105884,7644,5,1
2,Payment,1772006853.107644,8576,12,1
1,NewOrder,1772006853.107661,12173,3,1
1,NewOrder,1772006853.107774,20003,15,1
2,Payment,1772006853.108510,29564,7,1
2,Payment,1772006853.110440,8617,19,1
5,StockLevel,1772006853.110701,13992,14,1
3,OrderStatus,1772006853.110789,6622,23,1
2,Payment,1772006853.110829,17873,16,1
1,NewOrder,1772006853.111815,30449,22,1
2,Payment,1772006853.112625,10871,1,1
2,Payment,1772006853.113140,7522,4,1
2,Payment,1772006853.113544,14348,5,1
2,Payment,1772006853.115746,23912,13,1
2,Payment,1772006853.116256,16853,12,1
1,NewOrder,1772006853.116277,37963,20,1
2,Payment,1772006853.116368,6505,21,1
1,NewOrder,1772006853.116372,56075,6,1
1,NewOrder,1772006853.116827,53253,11,1
1,NewOrder,1772006853.116874,37751,2,1
4,Delivery,1772006853.117416,75975,23,1
2,Payment,1772006853.119062,8111,19,1
4,Delivery,1772006853.119438,23957,9,1
2,Payment,1772006853.119854,18729,3,1
2,Payment,1772006853.119901,13641,18,1
2,Payment,1772006853.120671,29841,4,1
1,NewOrder,1772006853.121673,25326,17,1
3,OrderStatus,1772006853.122878,9967,21,1
1,NewOrder,1772006853.123523,25675,1,1
1,NewOrder,1772006853.123953,29665,8,1
1,NewOrder,1772006853.124717,34057,14,1
5,StockLevel,1772006853.127198,17996,19,1
1,NewOrder,1772006853.127804,54042,15,1
1,NewOrder,1772006853.127917,24715,5,1
1,NewOrder,1772006853.128708,33681,16,1
1,NewOrder,1772006853.129221,15771,10,1
4,Delivery,1772006853.132870,61023,21,1
1,NewOrder,1772006853.133115,43290,12,1
2,Payment,1772006853.133551,6701,18,1
1,NewOrder,1772006853.134878,18552,0,1
1,NewOrder,1772006853.138100,36665,7,1
1,NewOrder,1772006853.138610,32387,3,1
1,NewOrder,1772006853.139673,24092,13,1
1,NewOrder,1772006853.140259,32006,18,1
2,Payment,1772006853.142271,5688,22,1
2,Payment,1772006853.143405,5334,9,1
1,NewOrder,1772006853.145004,9710,10,1
4,Delivery,1772006853.145219,48573,19,1
1,NewOrder,1772006853.147024,31993,17,1
1,NewOrder,1772006853.147985,11277,22,1
4,Delivery,1772006853.148765,42622,9,1
1,NewOrder,1772006853.149204,25082,1,1
2,Payment,1772006853.150528,10611,4,1
1,NewOrder,1772006853.152642,16130,5,1
1,NewOrder,1772006853.153439,24725,0,1
1,NewOrder,1772006853.153629,15195,8,1
1,NewOrder,1772006853.154266,20107,20,1
1,NewOrder,1772006853.154651,13811,2,1
2,Payment,1772006853.154742,4498,10,1
1,NewOrder,1772006853.158783,27037,14,1
2,Payment,1772006853.159250,3629,10,1
2,Payment,1772006853.159269,3580,22,1
1,NewOrder,1772006853.161164,28556,4,1
1,NewOrder,1772006853.162397,29701,16,1
1,NewOrder,1772006853.162853,13018,22,1
2,Payment,1772006853.162889,5910,10,1
1,NewOrder,1772006853.163782,22085,13,1
1,NewOrder,1772006853.168472,40342,2,1
2,Payment,1772006853.168780,5583,5,1
2,Payment,1772006853.168805,5470,10,1
1,NewOrder,1772006853.168834,8959,8,1
1,NewOrder,1772006853.170097,19670,11,1
2,Payment,1772006853.171008,10375,3,1
2,Payment,1772006853.172272,7887,18,1
1,NewOrder,1772006853.172452,23024,6,1
2,Payment,1772006853.174282,3916,10,1
1,NewOrder,1772006853.174292,25612,1,1
2,Payment,1772006853.174371,11472,5,1
2,Payment,1772006853.174394,14624,20,1
2,Payment,1772006853.174770,10542,7,1
1,NewOrder,1772006853.175876,10737,22,1
1,NewOrder,1772006853.176415,45755,12,1
1,NewOrder,1772006853.177819,11922,8,1
2,Payment,1772006853.178170,19819,0,1
1,NewOrder,1772006853.178205,29722,10,1
3,OrderStatus,1772006853.179035,4863,17,1
2,Payment,1772006853.180163,19719,18,1
2,Payment,1772006853.181388,25917,3,1
2,Payment,1772006853.181856,5289,15,1
1,NewOrder,1772006853.183924,17922,17,1
1,NewOrder,1772006853.185322,39579,7,1
2,Payment,1772006853.185830,13159,14,1
1,NewOrder,1772006853.185854,35591,5,1
1,NewOrder,1772006853.185877,40690,13,1
1,NewOrder,1772006853.186628,42807,22,1
1,NewOrder,1772006853.187171,34267,15,1
1,NewOrder,1772006853.189029,34686,20,1
2,Payment,1772006853.189745,28691,4,1
1,NewOrder,1772006853.189767,38996,8,1
1,NewOrder,1772006853.189790,23774,11,1
1,NewOrder,1772006853.191411,11681,9,1
1,NewOrder,1772006853.192107,22270,16,1
1,NewOrder,1772006853.193419,11528,23,1
2,Payment,1772006853.193798,14816,19,1
1,NewOrder,1772006853.193902,26249,21,1
4,Delivery,1772006853.195483,6764,6,1
2,Payment,1772006853.198014,25812,0,1
2,Payment,1772006853.199014,10756,14,1
1,NewOrder,1772006853.199908,25596,18,1
1,NewOrder,1772006853.199940,23334,1,1
4,Delivery,1772006853.201856,41606,17,1
2,Payment,1772006853.202257,5616,6,1
1,NewOrder,1772006853.203098,23443,9,1
2,Payment,1772006853.204972,8183,23,1
2,Payment,1772006853.207316,23393,3,1
5,StockLevel,1772006853.207883,14750,6,1
1,NewOrder,1772006853.207944,23155,10,1
1,NewOrder,1772006853.208619,28567,19,1
2,Payment,1772006853.208851,32490,2,1
2,Payment,1772006853.209796,9146,14,1
2,Payment,1772006853.213160,5806,23,1
2,Payment,1772006853.213574,5258,11,1
2,Payment,1772006853.214403,10821,16,1
2,Payment,1772006853.218462,31038,4,1
1,NewOrder,1772006853.218846,24323,11,1
1,NewOrder,1772006853.218966,14837,14,1
2,Payment,1772006853.218999,7140,23,1
2,Payment,1772006853.220161,10969,21,1
1,NewOrder,1772006853.221450,31809,15,1
2,Payment,1772006853.221471,36430,5,1
2,Payment,1772006853.222178,10227,12,1
2,Payment,1772006853.222658,7147,6,1
1,NewOrder,1772006853.223280,20994,1,1
2,Payment,1772006853.223725,21956,20,1
1,NewOrder,1772006853.223836,22501,0,1
1,NewOrder,1772006853.224927,13283,7,1
1,NewOrder,1772006853.225230,14739,16,1
2,Payment,1772006853.225514,25192,18,1
1,NewOrder,1772006853.226149,16059,23,1
1,NewOrder,1772006853.226547,16082,9,1
5,StockLevel,1772006853.226578,7881,13,1
1,NewOrder,1772006853.228788,21392,8,1
2,Payment,1772006853.229446,30551,22,1
1,NewOrder,1772006853.229815,19772,6,1
1,NewOrder,1772006853.230736,25696,3,1
1,NewOrder,1772006853.231114,24826,10,1
1,NewOrder,1772006853.231140,21461,21,1
2,Payment,1772006853.232412,11018,12,1
5,StockLevel,1772006853.233814,5914,14,1
3,OrderStatus,1772006853.234465,2799,13,1
1,NewOrder,1772006853.237203,21618,19,1
1,NewOrder,1772006853.237271,11416,13,1
2,Payment,1772006853.238218,11932,7,1
2,Payment,1772006853.239737,6494,14,1
2,Payment,1772006853.239997,10847,16,1
2,Payment,1772006853.241351,24843,2,1
2,Payment,1772006853.242232,25487,23,1
1,NewOrder,1772006853.242655,35959,9,1
2,Payment,1772006853.243178,15176,11,1
1,NewOrder,1772006853.243439,25399,12,1
2,Payment,1772006853.243469,17188,17,1
2,Payment,1772006853.244290,30301,1,1
2,Payment,1772006853.245707,27630,20,1
2,Payment,1772006853.246257,21414,14,1
1,NewOrder,1772006853.246362,26529,0,1
1,NewOrder,1772006853.248703,22633,13,1
1,NewOrder,1772006853.249526,33066,4,1
3,OrderStatus,1772006853.249612,8943,6,1
1,NewOrder,1772006853.250157,27766,7,1
5,StockLevel,1772006853.250191,24424,8,1
2,Payment,1772006853.250712,33606,18,1
5,StockLevel,1772006853.250855,27824,16,1
1,NewOrder,1772006853.252627,11824,21,1
2,Payment,1772006853.253268,11291,15,1
4,Delivery,1772006853.255955,17346,10,1
1,NewOrder,1772006853.256456,6088,3,1
1,NewOrder,1772006853.257911,32644,5,1
2,Payment,1772006853.258365,8776,11,1
1,NewOrder,1772006853.258578,34654,6,1
1,NewOrder,1772006853.258845,12464,19,1
2,Payment,1772006853.260005,29945,22,1
1,NewOrder,1772006853.260668,24415,17,1
2,Payment,1772006853.262552,6885,3,1
2,Payment,1772006853.264481,14158,21,1
1,NewOrder,1772006853.264584,6361,15,1
1,NewOrder,1772006853.266218,19324,2,1
1,NewOrder,1772006853.267157,45390,11,1
1,NewOrder,1772006853.267696,16905,14,1
2,Payment,1772006853.267736,28568,23,1
2,Payment,1772006853.268855,9731,12,1
2,Payment,1772006853.269449,9510,3,1
1,NewOrder,1772006853.270955,18173,15,1
1,NewOrder,1772006853.271327,21053,19,1
2,Payment,1772006853.271347,12488,13,1
5,StockLevel,1772006853.272917,15243,0,1
1,NewOrder,1772006853.273312,13753,10,1
1,NewOrder,1772006853.273345,35318,20,1
5,StockLevel,1772006853.274616,17524,1,1
1,NewOrder,1772006853.274628,16831,8,1
2,Payment,1772006853.277937,6824,7,1
1,NewOrder,1772006853.278605,20403,12,1
1,NewOrder,1772006853.278627,20314,9,1
2,Payment,1772006853.278662,25209,21,1
2,Payment,1772006853.278698,16303,16,1
1,NewOrder,1772006853.278964,24979,3,1
1,NewOrder,1772006853.282615,16379,4,1
2,Payment,1772006853.283843,19830,13,1
2,Payment,1772006853.284328,25005,18,1
2,Payment,1772006853.284612,25061,14,1
2,Payment,1772006853.284767,13256,7,1
2,Payment,1772006853.285087,33990,17,1
3,OrderStatus,1772006853.285553,11169,2,1
1,NewOrder,1772006853.287075,27469,10,1
1,NewOrder,1772006853.288170,11799,0,1
2,Payment,1772006853.289133,36111,15,1
5,StockLevel,1772006853.289955,19849,22,1
1,NewOrder,1772006853.290565,27123,5,1
1,NewOrder,1772006853.291470,8167,8,1
2,Payment,1772006853.292146,11019,1,1
1,NewOrder,1772006853.292390,25786,19,1
5,StockLevel,1772006853.293242,19351,6,1
1,NewOrder,1772006853.295006,28645,16,1
1,NewOrder,1772006853.296310,28523,23,1
2,Payment,1772006853.296730,12707,2,1
2,Payment,1772006853.298033,7580,7,1
1,NewOrder,1772006853.298968,10652,9,1
2,Payment,1772006853.299005,17284,4,1
2,Payment,1772006853.299019,33215,12,1
1,NewOrder,1772006853.299641,5952,8,1
2,Payment,1772006853.299974,20710,0,1
2,Payment,1772006853.303189,21616,1,1
2,Payment,1772006853.303681,36406,13,1
4,Delivery,1772006853.303881,14602,21,1
5,StockLevel,1772006853.303953,16866,3,1
5,StockLevel,1772006853.305620,10892,8,1
2,Payment,1772006853.305630,7869,7,1
4,Delivery,1772006853.308677,10109,20,1
2,Payment,1772006853.309341,6670,18,1
2,Payment,1772006853.309448,19006,2,1
1,NewOrder,1772006853.309625,20047,9,1
2,Payment,1772006853.309683,35259,14,1
1,NewOrder,1772006853.309814,8297,22,1
2,Payment,1772006853.312572,7133,11,1
2,Payment,1772006853.312607,13851,6,1
2,Payment,1772006853.313509,18758,7,1
2,Payment,1772006853.314569,23099,10,1
1,NewOrder,1772006853.316036,20398,18,1
1,NewOrder,1772006853.316302,20088,4,1
2,Payment,1772006853.316537,24055,8,1
2,Payment,1772006853.317714,13851,5,1
2,Payment,1772006853.318136,4051,22,1
3,OrderStatus,1772006853.318182,4442,19,1
2,Payment,1772006853.318489,6785,21,1
1,NewOrder,1772006853.318791,14149,20,1
2,Payment,1772006853.319113,32312,17,1
1,NewOrder,1772006853.319739,33416,11,1
1,NewOrder,1772006853.320698,9664,0,1
1,NewOrder,1772006853.320837,16217,3,1
2,Payment,1772006853.322200,6927,22,1
1,NewOrder,1772006853.322635,25894,19,1
1,NewOrder,1772006853.323665,12730,16,1
2,Payment,1772006853.324813,9859,1,1
2,Payment,1772006853.324838,10813,23,1
1,NewOrder,1772006853.325251,19005,15,1
2,Payment,1772006853.325282,12341,21,1
1,NewOrder,1772006853.326462,22482,6,1
2,Payment,1772006853.328464,8561,2,1
2,Payment,1772006853.329134,11414,22,1
2,Payment,1772006853.329694,15142,9,1
5,StockLevel,1772006853.330374,5796,0,1
2,Payment,1772006853.331582,8993,5,1
4,Delivery,1772006853.332246,9912,12,1
2,Payment,1772006853.332292,22202,7,1
1,NewOrder,1772006853.332951,17511,20,1
2,Payment,1772006853.334698,10278,1,1
3,OrderStatus,1772006853.335661,3384,23,1
1,NewOrder,1772006853.336195,5205,0,1
2,Payment,1772006853.336401,25204,4,1
2,Payment,1772006853.336402,18027,16,1
2,Payment,1772006853.336444,8479,18,1
2,Payment,1772006853.337032,33252,2,1
2,Payment,1772006853.337059,17455,3,1
2,Payment,1772006853.337647,16142,21,1
2,Payment,1772006853.337683,24781,10,1
2,Payment,1772006853.339054,18759,23,1
1,NewOrder,1772006853.340099,20910,13,1
1,NewOrder,1772006853.340551,7321,22,1
2,Payment,1772006853.340585,41905,5,1
5,StockLevel,1772006853.340603,6130,8,1
2,Payment,1772006853.341413,53340,0,1
1,NewOrder,1772006853.342168,25754,12,1
2,Payment,1772006853.344260,17462,15,1
4,Delivery,1772006853.344843,33654,9,1
2,Payment,1772006853.344933,16753,18,1
1,NewOrder,1772006853.344952,19320,14,1
4,Delivery,1772006853.344984,16660,1,1
1,NewOrder,1772006853.346743,7081,8,1
2,Payment,1772006853.347886,19471,22,1
3,OrderStatus,1772006853.348542,3044,19,1
2,Payment,1772006853.348953,23349,6,1
3,OrderStatus,1772006853.350471,8200,20,1
2,Payment,1772006853.351450,17642,17,1
3,OrderStatus,1772006853.351610,2092,19,1
2,Payment,1772006853.353179,22278,11,1
1,NewOrder,1772006853.353721,14598,19,1
1,NewOrder,1772006853.353815,15243,21,1
1,NewOrder,1772006853.353850,18010,8,1
1,NewOrder,1772006853.354436,20558,16,1
1,NewOrder,1772006853.354503,15033,7,1
1,NewOrder,1772006853.354519,20088,3,1
2,Payment,1772006853.357823,15121,23,1
1,NewOrder,1772006853.358680,39709,20,1
1,NewOrder,1772006853.361019,35953,13,1
2,Payment,1772006853.361616,38238,4,1
1,NewOrder,1772006853.361653,26487,1,1
2,Payment,1772006853.361697,16760,18,1
2,Payment,1772006853.361727,16744,15,1
2,Payment,1772006853.362474,15465,10,1
3,OrderStatus,1772006853.364278,2565,14,1
1,NewOrder,1772006853.366849,32955,14,1
1,NewOrder,1772006853.367359,35548,22,1
1,NewOrder,1772006853.367932,32984,12,1
2,Payment,1772006853.368329,14956,19,1
2,Payment,1772006853.369066,16626,21,1
2,Payment,1772006853.369099,22024,17,1
1,NewOrder,1772006853.369546,39131,7,1
1,NewOrder,1772006853.370289,11853,2,1
1,NewOrder,1772006853.371872,11234,8,1
2,Payment,1772006853.372308,9761,6,1
1,NewOrder,1772006853.372952,31751,23,1
1,NewOrder,1772006853.374613,8700,3,1
2,Payment,1772006853.375001,24304,16,1
2,Payment,1772006853.375464,16349,11,1
2,Payment,1772006853.377946,21314,10,1
1,NewOrder,1772006853.378467,31861,18,1
2,Payment,1772006853.378478,27006,15,1
3,OrderStatus,1772006853.378506,4670,9,1
1,NewOrder,1772006853.382076,33542,6,1
1,NewOrder,1772006853.382153,26551,2,1
2,Payment,1772006853.382502,23034,5,1
4,Delivery,1772006853.383116,8432,8,1
1,NewOrder,1772006853.383180,37643,9,1
3,OrderStatus,1772006853.383292,2188,19,1
1,NewOrder,1772006853.383319,21278,3,1
2,Payment,1772006853.385487,5628,19,1
1,NewOrder,1772006853.385698,8631,21,1
2,Payment,1772006853.388147,24077,1,1
1,NewOrder,1772006853.391121,15641,19,1
1,NewOrder,1772006853.391131,24035,17,1
1,NewOrder,1772006853.391554,16541,8,1
1,NewOrder,1772006853.391818,21127,11,1
1,NewOrder,1772006853.394335,26904,21,1
2,Payment,1772006853.394764,24127,0,1
2,Payment,1772006853.396983,16083,13,1
1,NewOrder,1772006853.398396,21080,20,1
2,Payment,1772006853.399271,8200,10,1
2,Payment,1772006853.399315,20143,16,1
1,NewOrder,1772006853.399815,19662,14,1
2,Payment,1772006853.399861,26284,4,1
2,Payment,1772006853.400922,30401,12,1
1,NewOrder,1772006853.402917,17554,22,1
2,Payment,1772006853.404603,31101,3,1
2,Payment,1772006853.404708,6588,23,1
2,Payment,1772006853.405488,33978,15,1
1,NewOrder,1772006853.405548,35000,5,1
1,NewOrder,1772006853.406768,17224,19,1
2,Payment,1772006853.407479,6005,10,1
2,Payment,1772006853.408106,12028,8,1
1,NewOrder,1772006853.408682,11860,7,1
2,Payment,1772006853.408711,36047,2,1
1,NewOrder,1772006853.410336,34447,18,1
1,NewOrder,1772006853.411304,33413,23,1
5,StockLevel,1772006853.412229,20139,1,1
2,Payment,1772006853.412951,15477,11,1
1,NewOrder,1772006853.413075,22006,13,1
2,Payment,1772006853.413489,18743,10,1
1,NewOrder,1772006853.415177,17674,17,1
1,NewOrder,1772006853.415629,12398,6,1
2,Payment,1772006853.418898,34152,0,1
1,NewOrder,1772006853.419465,24863,16,1
3,OrderStatus,1772006853.419488,9810,20,1
1,NewOrder,1772006853.419488,38780,14,1
4,Delivery,1772006853.420144,38421,8,1
2,Payment,1772006853.420479,4125,22,1
1,NewOrder,1772006853.420548,27925,7,1
5,StockLevel,1772006853.420828,7285,9,1
1,NewOrder,1772006853.421246,12329,21,1
1,NewOrder,1772006853.423998,34587,19,1
1,NewOrder,1772006853.424614,27453,22,1
1,NewOrder,1772006853.426155,25953,4,1
1,NewOrder,1772006853.428034,8932,6,1
1,NewOrder,1772006853.428118,14822,9,1
1,NewOrder,1772006853.428435,29012,11,1
1,NewOrder,1772006853.429303,37240,20,1
2,Payment,1772006853.431329,16730,12,1
5,StockLevel,1772006853.432236,14002,10,1
2,Payment,1772006853.432377,27015,1,1
2,Payment,1772006853.432862,18816,17,1
1,NewOrder,1772006853.433582,22427,21,1
1,NewOrder,1772006853.435091,29863,13,1
1,NewOrder,1772006853.435712,28747,3,1
5,StockLevel,1772006853.436972,6136,6,1
2,Payment,1772006853.439473,17613,15,1
1,NewOrder,1772006853.440554,29961,5,1
1,NewOrder,1772006853.442950,7703,9,1
1,NewOrder,1772006853.443113,21955,6,1
5,StockLevel,1772006853.444338,19299,16,1
1,NewOrder,1772006853.444722,28171,23,1
2,Payment,1772006853.444767,20299,2,1
1,NewOrder,1772006853.444793,26131,18,1
1,NewOrder,1772006853.446249,34770,10,1
2,Payment,1772006853.448069,17108,12,1
5,StockLevel,1772006853.448490,17294,7,1
1,NewOrder,1772006853.450662,18847,9,1
2,Payment,1772006853.451704,20764,17,1
2,Payment,1772006853.452080,6442,22,1
1,NewOrder,1772006853.452133,26743,4,1
2,Payment,1772006853.453066,16974,0,1
1,NewOrder,1772006853.456034,22019,21,1
2,Payment,1772006853.457110,21811,15,1
2,Payment,1772006853.457458,6902,11,1
1,NewOrder,1772006853.458278,19871,14,1
2,Payment,1772006853.458543,6458,22,1
2,Payment,1772006853.458573,18880,8,1
1,NewOrder,1772006853.458597,38902,19,1
1,NewOrder,1772006853.459416,15545,1,1
2,Payment,1772006853.463661,17952,16,1
1,NewOrder,1772006853.464370,36127,11,1
2,Payment,1772006853.464470,19831,3,1
1,NewOrder,1772006853.464964,13069,13,1
2,Payment,1772006853.465015,6537,22,1
1,NewOrder,1772006853.465078,35390,6,1
5,StockLevel,1772006853.465078,11813,2,1
2,Payment,1772006853.465188,19961,12,1
2,Payment,1772006853.465808,13455,7,1
1,NewOrder,1772006853.466568,11543,20,1
2,Payment,1772006853.469553,12820,9,1
3,OrderStatus,1772006853.470068,11605,0,1
3,OrderStatus,1772006853.470522,13635,5,1
2,Payment,1772006853.470934,13901,18,1
5,StockLevel,1772006853.471561,24623,22,1
1,NewOrder,1772006853.472478,27508,17,1
1,NewOrder,1772006853.472910,44927,23,1
1,NewOrder,1772006853.474970,4198,1,1
2,Payment,1772006853.476901,11901,2,1
1,NewOrder,1772006853.477480,39544,8,1
2,Payment,1772006853.478043,18834,13,1
1,NewOrder,1772006853.478074,24698,21,1
1,NewOrder,1772006853.478119,25397,20,1
2,Payment,1772006853.478159,12276,14,1
1,NewOrder,1772006853.478886,36273,4,1
1,NewOrder,1772006853.478931,31402,15,1
1,NewOrder,1772006853.479173,15585,1,1
4,Delivery,1772006853.479291,15060,7,1
4,Delivery,1772006853.481040,13829,10,1
2,Payment,1772006853.481623,24862,16,1
1,NewOrder,1772006853.481683,25829,0,1
1,NewOrder,1772006853.482382,30294,9,1
1,NewOrder,1772006853.484163,29439,5,1
1,NewOrder,1772006853.484311,33556,3,1
1,NewOrder,1772006853.484840,35117,18,1
2,Payment,1772006853.485156,28436,12,1
1,NewOrder,1772006853.488822,22403,2,1
3,OrderStatus,1772006853.490445,4805,14,1
1,NewOrder,1772006853.494368,29562,7,1
1,NewOrder,1772006853.494784,35191,1,1
2,Payment,1772006853.494877,8601,10,1
1,NewOrder,1772006853.495276,30882,14,1
2,Payment,1772006853.496210,7272,22,1
1,NewOrder,1772006853.496882,21006,13,1
1,NewOrder,1772006853.497510,17625,19,1
2,Payment,1772006853.499996,23312,17,1
1,NewOrder,1772006853.500472,24105,6,1
1,NewOrder,1772006853.500508,27380,11,1
2,Payment,1772006853.502786,16386,21,1
1,NewOrder,1772006853.503501,29931,10,1
2,Payment,1772006853.503503,11037,22,1
2,Payment,1772006853.503526,6178,20,1
1,NewOrder,1772006853.506512,20918,16,1
5,StockLevel,1772006853.507522,12569,0,1
2,Payment,1772006853.509730,14150,20,1
1,NewOrder,1772006853.510344,16217,15,1
2,Payment,1772006853.511236,6689,2,1
2,Payment,1772006853.512686,7707,9,1
1,NewOrder,1772006853.513598,37005,12,1
2,Payment,1772006853.513613,15648,5,1
1,NewOrder,1772006853.514547,13307,22,1
2,Payment,1772006853.515146,19669,19,1
2,Payment,1772006853.515170,23538,4,1
2,Payment,1772006853.517046,13843,8,1
2,Payment,1772006853.517847,24834,23,1
1,NewOrder,1772006853.517879,36864,3,1
1,NewOrder,1772006853.517898,27877,13,1
4,Delivery,1772006853.517931,35738,2,1
1,NewOrder,1772006853.519189,12059,21,1
1,NewOrder,1772006853.519968,31871,18,1
3,OrderStatus,1772006853.520103,3221,0,1
2,Payment,1772006853.520404,13077,9,1
1,NewOrder,1772006853.523315,36646,17,1
1,NewOrder,1772006853.523332,7157,0,1
2,Payment,1772006853.523889,26687,20,1
2,Payment,1772006853.523941,13235,7,1
2,Payment,1772006853.524584,17271,6,1
2,Payment,1772006853.526168,6808,14,1
1,NewOrder,1772006853.526572,31353,15,1
1,NewOrder,1772006853.527435,26265,16,1
1,NewOrder,1772006853.527865,21880,22,1
2,Payment,1772006853.527899,18365,11,1
1,NewOrder,1772006853.529271,33953,5,1
1,NewOrder,1772006853.529987,26590,1,1
1,NewOrder,1772006853.530496,5312,0,1
2,Payment,1772006853.530899,21653,8,1
2,Payment,1772006853.531255,26191,21,1
2,Payment,1772006853.532982,3801,14,1
1,NewOrder,1772006853.533439,12852,10,1
1,NewOrder,1772006853.533487,24491,9,1
2,Payment,1772006853.534831,32706,19,1
1,NewOrder,1772006853.535821,17600,0,1
1,NewOrder,1772006853.536808,21194,14,1
1,NewOrder,1772006853.537186,30330,7,1
4,Delivery,1772006853.538721,15475,4,1
1,NewOrder,1772006853.541882,18023,6,1
2,Payment,1772006853.542698,32370,23,1
1,NewOrder,1772006853.545783,21653,13,1
1,NewOrder,1772006853.546276,25169,11,1
2,Payment,1772006853.546300,12285,10,1
1,NewOrder,1772006853.549753,24107,22,1
1,NewOrder,1772006853.550600,31825,20,1
1,NewOrder,1772006853.550628,27915,12,1
1,NewOrder,1772006853.551854,16938,18,1
2,Payment,1772006853.552571,11583,8,1
4,Delivery,1772006853.553447,13790,0,1
2,Payment,1772006853.553695,15576,2,1
2,Payment,1772006853.553717,12428,16,1
1,NewOrder,1772006853.554217,30089,4,1
2,Payment,1772006853.554753,4746,3,1
1,NewOrder,1772006853.556586,11681,1,1
2,Payment,1772006853.557456,23385,21,1
2,Payment,1772006853.557931,12379,15,1
1,NewOrder,1772006853.557989,19951,9,1
2,Payment,1772006853.558007,21316,14,1
2,Payment,1772006853.558595,10174,10,1
1,NewOrder,1772006853.559510,10280,3,1
2,Payment,1772006853.559916,15079,6,1
2,Payment,1772006853.559965,27700,17,1
2,Payment,1772006853.563235,10833,5,1
2,Payment,1772006853.564161,20056,8,1
1,NewOrder,1772006853.566154,29755,16,1
2,Payment,1772006853.567251,10236,0,1
1,NewOrder,1772006853.567450,16338,13,1
1,NewOrder,1772006853.567528,37549,7,1
2,Payment,1772006853.567548,20086,19,1
2,Payment,1772006853.568278,13453,1,1
1,NewOrder,1772006853.568779,21101,10,1
2,Payment,1772006853.568798,28979,18,1
1,NewOrder,1772006853.569281,25066,2,1
1,NewOrder,1772006853.569800,18480,3,1
1,NewOrder,1772006853.570321,18853,15,1
2,Payment,1772006853.571457,21780,11,1
1,NewOrder,1772006853.573866,13041,22,1
2,Payment,1772006853.574074,11154,5,1
1,NewOrder,1772006853.575004,25275,6,1
1,NewOrder,1772006853.575076,18825,23,1
2,Payment,1772006853.577495,10833,0,1
2,Payment,1772006853.577951,21794,9,1
2,Payment,1772006853.578549,16731,12,1
1,NewOrder,1772006853.579329,18947,14,1
2,Payment,1772006853.580848,30923,21,1
2,Payment,1772006853.581738,16663,1,1
3,OrderStatus,1772006853.582435,3445,20,1
1,NewOrder,1772006853.583799,24892,13,1
2,Payment,1772006853.584226,23845,8,1
1,NewOrder,1772006853.584317,34032,4,1
1,NewOrder,1772006853.585234,42831,5,1
2,Payment,1772006853.585884,33781,20,1
1,NewOrder,1772006853.586913,17092,22,1
4,Delivery,1772006853.587642,26466,19,1
1,NewOrder,1772006853.587673,30380,17,1
5,StockLevel,1772006853.588284,6882,3,1
1,NewOrder,1772006853.588337,37109,0,1
2,Payment,1772006853.589181,17086,15,1
1,NewOrder,1772006853.589886,10833,10,1
2,Payment,1772006853.593244,23056,11,1
1,NewOrder,1772006853.593907,39582,23,1
2,Payment,1772006853.594353,11940,2,1
1,NewOrder,1772006853.595171,5132,3,1
2,Payment,1772006853.595291,19271,12,1
1,NewOrder,1772006853.595914,35560,16,1
1,NewOrder,1772006853.597783,32224,18,1
2,Payment,1772006853.598280,21861,14,1
1,NewOrder,1772006853.598405,33456,1,1
2,Payment,1772006853.599757,25305,9,1
2,Payment,1772006853.600287,20624,6,1
1,NewOrder,1772006853.600308,6397,3,1
1,NewOrder,1772006853.600725,7655,10,1
3,OrderStatus,1772006853.604015,1530,22,1
2,Payment,1772006853.605086,24971,7,1
1,NewOrder,1772006853.605552,9090,22,1
1,NewOrder,1772006853.606273,21366,15,1
4,Delivery,1772006853.606301,27811,2,1
2,Payment,1772006853.606715,1611,3,1
1,NewOrder,1772006853.608082,15729,8,1
2,Payment,1772006853.608333,1625,3,1
2,Payment,1772006853.608386,28335,10,1
1,NewOrder,1772006853.608696,16803,13,1
1,NewOrder,1772006853.609963,4702,3,1
1,NewOrder,1772006853.611782,30502,21,1
2,Payment,1772006853.614114,11360,19,1
1,NewOrder,1772006853.614566,23289,12,1
1,NewOrder,1772006853.614650,22912,22,1
2,Payment,1772006853.614676,2259,3,1
2,Payment,1772006853.616417,31473,11,1
1,NewOrder,1772006853.616943,26360,3,1
2,Payment,1772006853.618074,11195,17,1
1,NewOrder,1772006853.618358,43437,4,1
1,NewOrder,1772006853.619675,19206,20,1
2,Payment,1772006853.620156,17747,14,1
1,NewOrder,1772006853.620919,27269,6,1
1,NewOrder,1772006853.623836,32313,8,1
2,Payment,1772006853.625072,25213,9,1
2,Payment,1772006853.625454,10813,0,1
1,NewOrder,1772006853.625484,39507,19,1
2,Payment,1772006853.625506,19349,13,1
2,Payment,1772006853.627663,20899,15,1
5,StockLevel,1772006853.628075,11772,5,1
2,Payment,1772006853.629274,46840,17,1
1,NewOrder,1772006853.630027,51743,18,1
1,NewOrder,1772006853.630084,16539,7,1
5,StockLevel,1772006853.631501,11134,16,1
1,NewOrder,1772006853.631897,13549,1,1
5,StockLevel,1772006853.633504,8888,23,1
1,NewOrder,1772006853.634119,13050,2,1
2,Payment,1772006853.636271,16406,0,1
1,NewOrder,1772006853.636731,20073,10,1
2,Payment,1772006853.637568,7324,22,1
2,Payment,1772006853.637859,24542,12,1
4,Delivery,1772006853.637915,22813,14,1
2,Payment,1772006853.638891,10319,20,1
2,Payment,1772006853.639857,15461,5,1
3,OrderStatus,1772006853.642297,2092,21,1
2,Payment,1772006853.642402,12447,23,1
2,Payment,1772006853.642639,12722,16,1
2,Payment,1772006853.643313,19081,3,1
1,NewOrder,1772006853.644393,4247,21,1
4,Delivery,1772006853.644874,16443,13,1
2,Payment,1772006853.644903,15090,22,1
2,Payment,1772006853.645454,23062,1,1
2,Payment,1772006853.646633,12288,7,1
2,Payment,1772006853.647176,40344,2,1
1,NewOrder,1772006853.647897,21544,11,1
2,Payment,1772006853.648194,5095,6,1
1,NewOrder,1772006853.648572,33185,15,1
1,NewOrder,1772006853.648645,15282,21,1
2,Payment,1772006853.649220,22803,20,1
1,NewOrder,1772006853.650292,16632,9,1
2,Payment,1772006853.652681,41942,0,1
1,NewOrder,1772006853.653300,12931,6,1
5,StockLevel,1772006853.654860,15076,23,1
1,NewOrder,1772006853.655329,10449,5,1
1,NewOrder,1772006853.655367,14863,16,1
5,StockLevel,1772006853.656159,24661,8,1
1,NewOrder,1772006853.656811,23731,10,1
1,NewOrder,1772006853.658930,29203,7,1
1,NewOrder,1772006853.660004,29365,22,1
2,Payment,1772006853.660738,25115,14,1
1,NewOrder,1772006853.661325,35631,13,1
2,Payment,1772006853.661807,15104,4,1
4,Delivery,1772006853.662401,15580,3,1
1,NewOrder,1772006853.662408,19387,12,1
2,Payment,1772006853.663934,21537,21,1
1,NewOrder,1772006853.665001,17778,19,1
1,NewOrder,1772006853.665788,11026,5,1
1,NewOrder,1772006853.666237,35585,6,1
1,NewOrder,1772006853.666935,11026,9,1
1,NewOrder,1772006853.668522,9489,1,1
2,Payment,1772006853.669449,8718,11,1
1,NewOrder,1772006853.669941,25686,23,1
2,Payment,1772006853.670241,23259,16,1
1,NewOrder,1772006853.672032,44151,20,1
1,NewOrder,1772006853.676122,10181,17,1
1,NewOrder,1772006853.676820,22348,5,1
2,Payment,1772006853.676921,23421,4,1
2,Payment,1772006853.677966,7910,9,1
1,NewOrder,1772006853.677987,19488,3,1
2,Payment,1772006853.678016,28060,1,1
2,Payment,1772006853.678173,14904,11,1
1,NewOrder,1772006853.680544,26302,10,1
2,Payment,1772006853.680824,19022,8,1
5,StockLevel,1772006853.681768,18568,15,1
2,Payment,1772006853.681781,8156,18,1
1,NewOrder,1772006853.681804,13418,12,1
5,StockLevel,1772006853.682784,8808,19,1
2,Payment,1772006853.685482,8731,21,1
4,Delivery,1772006853.685864,22264,14,1
1,NewOrder,1772006853.685883,18621,9,1
1,NewOrder,1772006853.686310,21245,17,1
2,Payment,1772006853.687526,28695,2,1
5,StockLevel,1772006853.688144,12479,7,1
2,Payment,1772006853.689375,11876,22,1
4,Delivery,1772006853.689941,12971,18,1
1,NewOrder,1772006853.691598,28459,19,1
2,Payment,1772006853.693084,10515,11,1
1,NewOrder,1772006853.693508,14639,16,1
1,NewOrder,1772006853.694217,26345,21,1
1,NewOrder,1772006853.694629,19041,0,1
4,Delivery,1772006853.695233,13205,12,1
2,Payment,1772006853.695632,11713,23,1
4,Delivery,1772006853.696963,11440,13,1
3,OrderStatus,1772006853.697485,3381,3,1
2,Payment,1772006853.699175,23186,5,1
2,Payment,1772006853.699857,7313,8,1
2,Payment,1772006853.700347,4505,15,1
4,Delivery,1772006853.700349,36252,4,1
3,OrderStatus,1772006853.700629,7970,7,1
2,Payment,1772006853.700872,28862,3,1
2,Payment,1772006853.701258,12288,22,1
2,Payment,1772006853.701827,13836,6,1
2,Payment,1772006853.702915,15929,18,1
2,Payment,1772006853.703606,17064,11,1
2,Payment,1772006853.704511,20251,9,1
2,Payment,1772006853.704858,2913,15,1
2,Payment,1772006853.706087,30853,1,1
2,Payment,1772006853.706857,23353,10,1
4,Delivery,1772006853.707179,30594,8,1
2,Payment,1772006853.707351,28031,23,1
1,NewOrder,1772006853.707560,22970,17,1
1,NewOrder,1772006853.707777,9010,15,1
2,Payment,1772006853.708132,5998,14,1
2,Payment,1772006853.708157,2028,16,1
3,OrderStatus,1772006853.708408,1671,13,1
2,Payment,1772006853.708446,3453,12,1
1,NewOrder,1772006853.708604,22871,7,1
1,NewOrder,1772006853.710086,13749,13,1
2,Payment,1772006853.710195,6569,16,1
1,NewOrder,1772006853.711905,37947,12,1
1,NewOrder,1772006853.713568,15138,22,1
2,Payment,1772006853.713677,31620,0,1
2,Payment,1772006853.714135,8815,14,1
5,StockLevel,1772006853.715669,14865,6,1
2,Payment,1772006853.716193,10141,20,1
1,NewOrder,1772006853.716228,24891,2,1
1,NewOrder,1772006853.716774,19800,16,1
1,NewOrder,1772006853.716791,23033,15,1
2,Payment,1772006853.718850,25411,18,1
1,NewOrder,1772006853.720063,13080,19,1
2,Payment,1772006853.720578,31017,21,1
1,NewOrder,1772006853.720680,16277,11,1
2,Payment,1772006853.722368,28038,5,1
1,NewOrder,1772006853.722961,34388,14,1
5,StockLevel,1772006853.723845,12213,13,1
2,Payment,1772006853.724768,13556,9,1
1,NewOrder,1772006853.726341,37191,20,1
2,Payment,1772006853.728713,30465,22,1
1,NewOrder,1772006853.729742,31754,3,1
1,NewOrder,1772006853.730220,32867,10,1
2,Payment,1772006853.730534,11855,17,1
2,Payment,1772006853.730541,10194,6,1
1,NewOrder,1772006853.731479,5277,7,1
4,Delivery,1772006853.733150,18469,19,1
3,OrderStatus,1772006853.735393,7772,23,1
2,Payment,1772006853.736064,11708,13,1
1,NewOrder,1772006853.736580,11633,16,1
1,NewOrder,1772006853.736612,33070,4,1
1,NewOrder,1772006853.736763,11426,7,1
1,NewOrder,1772006853.736948,14200,1,1
2,Payment,1772006853.736963,7856,11,1
2,Payment,1772006853.737779,12704,8,1
1,NewOrder,1772006853.738335,18607,9,1
1,NewOrder,1772006853.739830,42103,15,1
2,Payment,1772006853.740741,15146,6,1
3,OrderStatus,1772006853.741130,2980,2,1
4,Delivery,1772006853.742394,49264,17,1
1,NewOrder,1772006853.743173,37403,23,1
1,NewOrder,1772006853.744116,35379,2,1
1,NewOrder,1772006853.744264,19946,18,1
1,NewOrder,1772006853.744825,18685,11,1
1,NewOrder,1772006853.745306,35217,0,1
1,NewOrder,1772006853.747777,32772,13,1
1,NewOrder,1772006853.748195,16302,7,1
1,NewOrder,1772006853.748220,28505,16,1
1,NewOrder,1772006853.749857,33685,12,1
2,Payment,1772006853.750411,8258,5,1
1,NewOrder,1772006853.750489,30043,8,1
2,Payment,1772006853.751155,13741,1,1
1,NewOrder,1772006853.751605,30815,21,1
1,NewOrder,1772006853.751625,31157,19,1
1,NewOrder,1772006853.755892,12573,6,1
2,Payment,1772006853.756948,7266,9,1
1,NewOrder,1772006853.757360,23140,14,1
1,NewOrder,1772006853.758676,24133,5,1
2,Payment,1772006853.759185,8159,22,1
2,Payment,1772006853.761502,9991,3,1
1,NewOrder,1772006853.763094,36202,10,1
5,StockLevel,1772006853.763520,35457,11,1
1,NewOrder,1772006853.763538,39844,20,1
1,NewOrder,1772006853.764218,29306,18,1
2,Payment,1772006853.764226,8215,9,1
2,Payment,1772006853.764502,22981,7,1
1,NewOrder,1772006853.764901,30347,1,1
1,NewOrder,1772006853.767350,15405,22,1
2,Payment,1772006853.768471,23165,6,1
2,Payment,1772006853.769692,17228,4,1
2,Payment,1772006853.771498,23009,3,1
3,OrderStatus,1772006853.772452,5551,9,1
1,NewOrder,1772006853.776736,42825,16,1
1,NewOrder,1772006853.778011,23594,9,1
4,Delivery,1772006853.779507,35284,2,1
1,NewOrder,1772006853.780520,35322,14,1
4,Delivery,1772006853.780531,34536,0,1
1,NewOrder,1772006853.780542,39449,8,1
1,NewOrder,1772006853.780559,34573,13,1
4,Delivery,1772006853.780582,45479,23,1
2,Payment,1772006853.781937,9278,15,1
2,Payment,1772006853.782432,5015,21,1
2,Payment,1772006853.782761,1483,22,1
1,NewOrder,1772006853.782789,12604,19,1
2,Payment,1772006853.782815,16099,5,1
2,Payment,1772006853.783547,14862,12,1
1,NewOrder,1772006853.784248,5341,22,1
2,Payment,1772006853.786932,16915,4,1
1,NewOrder,1772006853.787457,19398,21,1
2,Payment,1772006853.787493,8384,7,1
2,Payment,1772006853.789595,1953,22,1
2,Payment,1772006853.791222,13384,15,1
2,Payment,1772006853.791554,2499,22,1
2,Payment,1772006853.791640,7685,6,1
1,NewOrder,1772006853.791667,30462,17,1
1,NewOrder,1772006853.793538,22707,18,1
5,StockLevel,1772006853.794057,5368,22,1
2,Payment,1772006853.794513,14104,3,1
2,Payment,1772006853.795256,17668,1,1
2,Payment,1772006853.795400,5070,19,1
2,Payment,1772006853.795884,7919,7,1
4,Delivery,1772006853.798415,11425,12,1
2,Payment,1772006853.798936,20051,5,1
1,NewOrder,1772006853.798987,24018,11,1
1,NewOrder,1772006853.799303,14466,10,1
1,NewOrder,1772006853.799331,17541,6,1
2,Payment,1772006853.799431,3436,22,1
2,Payment,1772006853.800476,7309,19,1
1,NewOrder,1772006853.801616,22747,9,1
4,Delivery,1772006853.802872,23811,22,1
2,Payment,1772006853.803387,10876,20,1
1,NewOrder,1772006853.803809,15271,7,1
1,NewOrder,1772006853.803852,35619,4,1
2,Payment,1772006853.804629,6667,15,1
3,OrderStatus,1772006853.806873,4826,21,1
2,Payment,1772006853.807792,13556,19,1
2,Payment,1772006853.808622,17486,3,1
2,Payment,1772006853.809847,8537,12,1
1,NewOrder,1772006853.811307,14229,15,1
2,Payment,1772006853.811710,17081,21,1
1,NewOrder,1772006853.812929,42581,1,1
2,Payment,1772006853.813779,8810,10,1
5,StockLevel,1772006853.814274,33091,20,1
2,Payment,1772006853.814802,15901,2,1
2,Payment,1772006853.815074,22714,0,1
2,Payment,1772006853.815140,12955,13,1
1,NewOrder,1772006853.815850,14224,14,1
2,Payment,1772006853.816256,21447,18,1
1,NewOrder,1772006853.816881,28428,6,1
2,Payment,1772006853.818391,18003,12,1
2,Payment,1772006853.818993,21413,5,1
1,NewOrder,1772006853.819091,19149,7,1
2,Payment,1772006853.819571,26962,16,1
5,StockLevel,1772006853.819996,21721,8,1
1,NewOrder,1772006853.821356,23240,19,1
1,NewOrder,1772006853.822135,27174,17,1
1,NewOrder,1772006853.822594,33474,10,1
1,NewOrder,1772006853.823009,25814,11,1
1,NewOrder,1772006853.824370,6842,9,1
3,OrderStatus,1772006853.825540,2734,15,1
2,Payment,1772006853.826068,19331,23,1
1,NewOrder,1772006853.826113,11682,3,1
1,NewOrder,1772006853.826689,10976,22,1
2,Payment,1772006853.828105,27990,13,1
2,Payment,1772006853.828280,22891,15,1
1,NewOrder,1772006853.828802,36043,21,1
2,Payment,1772006853.830079,31150,14,1
1,NewOrder,1772006853.830710,13091,2,1
1,NewOrder,1772006853.831218,6482,9,1
2,Payment,1772006853.836400,29450,12,1
3,OrderStatus,1772006853.837670,7527,22,1
1,NewOrder,1772006853.837706,7632,9,1
2,Payment,1772006853.837713,15363,18,1
3,OrderStatus,1772006853.837799,5872,0,1
1,NewOrder,1772006853.837800,31374,3,1
1,NewOrder,1772006853.838248,19476,7,1
3,OrderStatus,1772006853.839482,7398,4,1
1,NewOrder,1772006853.840412,5728,5,1
5,StockLevel,1772006853.841728,16264,8,1
1,NewOrder,1772006853.843679,38123,0,1
2,Payment,1772006853.843809,2750,2,1
1,NewOrder,1772006853.844603,33596,19,1
2,Payment,1772006853.845235,22908,22,1
5,StockLevel,1772006853.845312,18173,6,1
4,Delivery,1772006853.845344,12686,9,1
2,Payment,1772006853.845409,16947,23,1
2,Payment,1772006853.846156,4198,5,1
1,NewOrder,1772006853.846547,17280,16,1
1,NewOrder,1772006853.846575,11789,2,1
2,Payment,1772006853.846895,9234,4,1
4,Delivery,1772006853.847372,28745,20,1
2,Payment,1772006853.848847,7192,11,1
2,Payment,1772006853.849315,22731,17,1
1,NewOrder,1772006853.850359,14068,5,1
2,Payment,1772006853.851182,25838,15,1
1,NewOrder,1772006853.853086,27612,18,1
1,NewOrder,1772006853.855520,30772,1,1
1,NewOrder,1772006853.856065,22788,11,1
1,NewOrder,1772006853.856092,26779,10,1
2,Payment,1772006853.856113,30529,13,1
4,Delivery,1772006853.856154,40726,4,1
5,StockLevel,1772006853.857750,10446,7,1
2,Payment,1772006853.858017,15274,8,1
2,Payment,1772006853.858046,4963,9,1
2,Payment,1772006853.858369,4604,2,1
1,NewOrder,1772006853.861242,23949,14,1
1,NewOrder,1772006853.862383,17958,23,1
2,Payment,1772006853.862979,5661,2,1
1,NewOrder,1772006853.863014,21233,9,1
2,Payment,1772006853.863496,21729,6,1
2,Payment,1772006853.863840,28692,16,1
1,NewOrder,1772006853.864453,31205,5,1
1,NewOrder,1772006853.864867,33425,21,1
1,NewOrder,1772006853.865860,26256,12,1
4,Delivery,1772006853.868153,8216,22,1
2,Payment,1772006853.868206,23234,7,1
1,NewOrder,1772006853.868666,16555,2,1
1,NewOrder,1772006853.869184,15479,3,1
1,NewOrder,1772006853.872055,24246,17,1
2,Payment,1772006853.873301,28319,8,1
1,NewOrder,1772006853.876143,36883,20,1
3,OrderStatus,1772006853.876376,6725,22,1
1,NewOrder,1772006853.877026,19703,15,1
1,NewOrder,1772006853.878225,28846,19,1
2,Payment,1772006853.878879,45841,11,1
1,NewOrder,1772006853.880357,14745,23,1
1,NewOrder,1772006853.880723,9812,18,1
2,Payment,1772006853.881820,6142,0,1
1,NewOrder,1772006853.882884,9640,10,1
2,Payment,1772006853.883127,10711,22,1
2,Payment,1772006853.884258,37905,9,1
2,Payment,1772006853.884669,17068,3,1
1,NewOrder,1772006853.885209,21073,14,1
2,Payment,1772006853.885231,7714,2,1
2,Payment,1772006853.885232,24765,6,1
2,Payment,1772006853.886298,23209,1,1
2,Payment,1772006853.886646,12180,13,1
1,NewOrder,1772006853.887988,13784,0,1
5,StockLevel,1772006853.890559,6119,18,1
2,Payment,1772006853.891449,22679,7,1
2,Payment,1772006853.892125,16806,12,1
1,NewOrder,1772006853.892533,34677,10,1
2,Payment,1772006853.892543,12712,16,1
1,NewOrder,1772006853.892971,31360,2,1
1,NewOrder,1772006853.893865,24139,22,1
1,NewOrder,1772006853.895116,13784,23,1
2,Payment,1772006853.895662,17802,5,1
1,NewOrder,1772006853.896312,12206,17,1
1,NewOrder,1772006853.896704,16682,18,1
1,NewOrder,1772006853.896754,12753,15,1
2,Payment,1772006853.896906,25802,4,1
2,Payment,1772006853.898296,3396,21,1
1,NewOrder,1772006853.898837,9947,13,1
2,Payment,1772006853.901632,28016,8,1
2,Payment,1772006853.901698,3916,21,1
1,NewOrder,1772006853.901743,16783,3,1
2,Payment,1772006853.901783,23754,0,1
1,NewOrder,1772006853.905264,12712,16,1
2,Payment,1772006853.905625,3223,21,1
1,NewOrder,1772006853.906293,17248,14,1
1,NewOrder,1772006853.907076,19394,19,1
1,NewOrder,1772006853.908576,18206,17,1
2,Payment,1772006853.908804,4685,13,1
1,NewOrder,1772006853.908854,17300,21,1
2,Payment,1772006853.908916,8492,23,1
2,Payment,1772006853.908942,10792,12,1
1,NewOrder,1772006853.909513,10694,1,1
2,Payment,1772006853.909514,11601,15,1
2,Payment,1772006853.910006,26227,6,1
2,Payment,1772006853.913036,12039,20,1
1,NewOrder,1772006853.913394,9272,18,1
2,Payment,1772006853.913469,16220,5,1
1,NewOrder,1772006853.913495,33800,13,1
2,Payment,1772006853.914138,27397,7,1
2,Payment,1772006853.917415,27589,23,1
2,Payment,1772006853.917987,4562,16,1
2,Payment,1772006853.918015,11621,22,1
2,Payment,1772006853.918531,17163,3,1
2,Payment,1772006853.919743,5497,12,1
2,Payment,1772006853.920234,23297,1,1
2,Payment,1772006853.921124,8054,15,1
1,NewOrder,1772006853.922168,12655,9,1
2,Payment,1772006853.922560,14741,16,1
2,Payment,1772006853.922670,30273,18,1
1,NewOrder,1772006853.922719,22243,4,1
1,NewOrder,1772006853.923553,12647,14,1
5,StockLevel,1772006853.924348,8936,2,1
1,NewOrder,1772006853.924730,14507,11,1
2,Payment,1772006853.925082,35707,20,1
2,Payment,1772006853.925251,16906,12,1
2,Payment,1772006853.925544,21002,0,1
2,Payment,1772006853.926164,42521,21,1
1,NewOrder,1772006853.926475,11316,19,1
1,NewOrder,1772006853.926785,11481,17,1
1,NewOrder,1772006853.927219,9600,10,1
1,NewOrder,1772006853.929195,13622,15,1
1,NewOrder,1772006853.929660,10698,22,1
1,NewOrder,1772006853.929665,23169,8,1
2,Payment,1772006853.929715,21508,5,1
2,Payment,1772006853.933294,25374,2,1
2,Payment,1772006853.934833,11113,9,1
2,Payment,1772006853.935719,26964,3,1
2,Payment,1772006853.936211,10314,14,1
2,Payment,1772006853.936242,12892,6,1
2,Payment,1772006853.936844,18882,10,1
1,NewOrder,1772006853.937307,15498,16,1
2,Payment,1772006853.937801,41117,19,1
1,NewOrder,1772006853.938282,22047,17,1
2,Payment,1772006853.939251,24273,11,1
1,NewOrder,1772006853.940383,24478,22,1
1,NewOrder,1772006853.941545,19205,7,1
2,Payment,1772006853.942162,9502,12,1
1,NewOrder,1772006853.942825,17330,15,1
4,Delivery,1772006853.943556,8907,1,1
2,Payment,1772006853.944987,22408,4,1
5,StockLevel,1772006853.945038,15122,23,1
2,Payment,1772006853.945961,25243,9,1
2,Payment,1772006853.946538,10609,14,1
1,NewOrder,1772006853.946567,27045,0,1
1,NewOrder,1772006853.947302,11908,13,1
3,OrderStatus,1772006853.951233,6957,5,1
1,NewOrder,1772006853.951674,18854,12,1
1,NewOrder,1772006853.957163,17919,14,1
2,Payment,1772006853.958679,12997,2,1
2,Payment,1772006853.959219,9581,13,1
1,NewOrder,1772006853.960176,9922,23,1
1,NewOrder,1772006853.962700,12063,3,1
4,Delivery,1772006853.970537,3835,12,1
