Transaction Type Index,Transaction Name,Start Time (microseconds),Latency (microseconds),Worker Id (start number),Phase Id (index in config file)
2,Payment,1770894123.570904,101561,23,1
2,Payment,1770894123.570904,85720,7,1
1,NewOrder,1770894123.570905,145422,12,1
2,Payment,1770894123.570906,91502,9,1
1,NewOrder,1770894123.570916,149274,8,1
5,StockLevel,1770894123.570937,99410,10,1
3,OrderStatus,1770894123.570943,68017,4,1
1,NewOrder,1770894123.571017,134222,0,1
5,StockLevel,1770894123.571024,95618,5,1
1,NewOrder,1770894123.571048,151955,3,1
1,NewOrder,1770894123.571056,117875,19,1
1,NewOrder,1770894123.571086,115682,2,1
3,OrderStatus,1770894123.571098,71341,6,1
4,Delivery,1770894123.571112,106923,1,1
1,NewOrder,1770894123.571126,149078,11,1
2,Payment,1770894123.571233,75564,13,1
2,Payment,1770894123.571432,84440,20,1
2,Payment,1770894123.571654,81344,16,1
1,NewOrder,1770894123.571860,132089,14,1
1,NewOrder,1770894123.572044,148211,17,1
1,NewOrder,1770894123.572267,148043,21,1
2,Payment,1770894123.572524,75808,18,1
1,NewOrder,1770894123.572817,146467,15,1
1,NewOrder,1770894123.572926,148654,22,1
1,NewOrder,1770894123.639723,83236,4,1
1,NewOrder,1770894123.642535,85026,6,1
2,Payment,1770894123.646834,29639,13,1
1,NewOrder,1770894123.648487,88835,18,1
1,NewOrder,1770894123.653060,74925,16,1
1,NewOrder,1770894123.655902,57650,20,1
2,Payment,1770894123.656665,17138,7,1
2,Payment,1770894123.662447,25474,9,1
2,Payment,1770894123.666700,32652,5,1
2,Payment,1770894123.670402,35381,10,1
1,NewOrder,1770894123.672505,57835,23,1
2,Payment,1770894123.673822,24649,7,1
2,Payment,1770894123.676498,20792,13,1
2,Payment,1770894123.678069,35943,1,1
2,Payment,1770894123.686805,36240,2,1
1,NewOrder,1770894123.687966,68018,9,1
2,Payment,1770894123.688993,30319,19,1
1,NewOrder,1770894123.697335,96021,13,1
2,Payment,1770894123.698524,11796,7,1
2,Payment,1770894123.699394,28510,5,1
1,NewOrder,1770894123.704012,47530,14,1
2,Payment,1770894123.705295,55554,0,1
1,NewOrder,1770894123.705818,50163,10,1
2,Payment,1770894123.710356,8872,7,1
1,NewOrder,1770894123.713601,46430,20,1
1,NewOrder,1770894123.714062,46790,1,1
2,Payment,1770894123.716397,11538,12,1
1,NewOrder,1770894123.719267,100301,7,1
1,NewOrder,1770894123.719358,61904,15,1
4,Delivery,1770894123.719363,59085,19,1
2,Payment,1770894123.720247,18392,11,1
2,Payment,1770894123.720263,24674,8,1
2,Payment,1770894123.720326,14722,17,1
1,NewOrder,1770894123.720373,31501,21,1
3,OrderStatus,1770894123.721645,6205,22,1
2,Payment,1770894123.723041,12321,4,1
1,NewOrder,1770894123.723078,32737,2,1
2,Payment,1770894123.723107,27950,3,1
1,NewOrder,1770894123.727610,45070,6,1
2,Payment,1770894123.727894,28181,22,1
1,NewOrder,1770894123.727944,81588,5,1
2,Payment,1770894123.727989,11385,12,1
2,Payment,1770894123.728325,17104,16,1
4,Delivery,1770894123.730383,48830,23,1
2,Payment,1770894123.735088,16677,17,1
2,Payment,1770894123.735379,30478,4,1
2,Payment,1770894123.737378,24242,18,1
2,Payment,1770894123.738682,16397,11,1
1,NewOrder,1770894123.739413,15960,12,1
2,Payment,1770894123.744972,24239,8,1
2,Payment,1770894123.745482,15472,16,1
2,Payment,1770894123.751103,35010,3,1
2,Payment,1770894123.751586,21131,14,1
2,Payment,1770894123.751809,26119,17,1
2,Payment,1770894123.751917,42498,21,1
1,NewOrder,1770894123.755130,52199,11,1
1,NewOrder,1770894123.755417,41409,12,1
1,NewOrder,1770894123.755890,42984,2,1
2,Payment,1770894123.756023,19625,10,1
1,NewOrder,1770894123.756031,23150,9,1
2,Payment,1770894123.756095,9138,22,1
2,Payment,1770894123.760075,40418,20,1
2,Payment,1770894123.760894,13956,0,1
1,NewOrder,1770894123.760899,10873,1,1
1,NewOrder,1770894123.760991,54274,16,1
1,NewOrder,1770894123.761655,26727,18,1
1,NewOrder,1770894123.765278,29674,22,1
2,Payment,1770894123.765899,24002,4,1
1,NewOrder,1770894123.769255,45314,8,1
1,NewOrder,1770894123.771825,24576,1,1
1,NewOrder,1770894123.772727,27444,6,1
3,OrderStatus,1770894123.772759,11797,14,1
2,Payment,1770894123.774893,29922,0,1
5,StockLevel,1770894123.775695,18190,10,1
1,NewOrder,1770894123.777971,33168,17,1
1,NewOrder,1770894123.778504,41730,19,1
2,Payment,1770894123.779273,14634,9,1
1,NewOrder,1770894123.779289,9892,23,1
1,NewOrder,1770894123.781314,39767,15,1
1,NewOrder,1770894123.784610,33378,14,1
2,Payment,1770894123.786156,44119,3,1
2,Payment,1770894123.788425,24037,18,1
2,Payment,1770894123.789219,18699,23,1
1,NewOrder,1770894123.789922,23830,4,1
1,NewOrder,1770894123.793377,56372,13,1
1,NewOrder,1770894123.793932,39057,10,1
1,NewOrder,1770894123.793950,22325,9,1
1,NewOrder,1770894123.794455,36031,21,1
2,Payment,1770894123.794973,21737,22,1
2,Payment,1770894123.796452,24756,1,1
1,NewOrder,1770894123.796865,42091,12,1
2,Payment,1770894123.798916,26397,2,1
2,Payment,1770894123.800216,18726,6,1
1,NewOrder,1770894123.800539,22839,20,1
1,NewOrder,1770894123.804859,40799,0,1
2,Payment,1770894123.807403,17292,11,1
2,Payment,1770894123.807972,12987,23,1
1,NewOrder,1770894123.809584,47510,5,1
2,Payment,1770894123.811180,18524,17,1
1,NewOrder,1770894123.812509,18138,18,1
2,Payment,1770894123.813793,29552,4,1
3,OrderStatus,1770894123.814633,13153,8,1
1,NewOrder,1770894123.815309,37772,16,1
2,Payment,1770894123.816353,14170,9,1
1,NewOrder,1770894123.816750,37527,22,1
1,NewOrder,1770894123.818040,41002,14,1
2,Payment,1770894123.818995,15595,6,1
1,NewOrder,1770894123.819603,43450,7,1
5,StockLevel,1770894123.820265,38442,19,1
1,NewOrder,1770894123.821003,37614,23,1
1,NewOrder,1770894123.821129,46089,15,1
2,Payment,1770894123.821256,18228,1,1
2,Payment,1770894123.823422,12791,20,1
2,Payment,1770894123.824741,17234,11,1
2,Payment,1770894123.825366,10261,2,1
3,OrderStatus,1770894123.827829,11284,8,1
2,Payment,1770894123.829751,20616,17,1
1,NewOrder,1770894123.830333,29736,3,1
2,Payment,1770894123.830541,19687,21,1
1,NewOrder,1770894123.830579,33793,9,1
1,NewOrder,1770894123.830690,32400,18,1
1,NewOrder,1770894123.833046,32318,10,1
2,Payment,1770894123.834634,16132,6,1
2,Payment,1770894123.835675,14565,2,1
3,OrderStatus,1770894123.836255,9880,20,1
2,Payment,1770894123.839021,17906,12,1
1,NewOrder,1770894123.839131,36060,8,1
1,NewOrder,1770894123.839553,36149,1,1
1,NewOrder,1770894123.841993,50497,11,1
2,Payment,1770894123.843386,12647,4,1
1,NewOrder,1770894123.845721,51046,0,1
2,Payment,1770894123.846181,16501,20,1
2,Payment,1770894123.849797,17817,13,1
2,Payment,1770894123.850264,16416,21,1
2,Payment,1770894123.850267,17448,2,1
2,Payment,1770894123.850408,23175,17,1
1,NewOrder,1770894123.850801,35540,6,1
5,StockLevel,1770894123.853100,49753,16,1
1,NewOrder,1770894123.854319,40498,22,1
1,NewOrder,1770894123.856084,52213,4,1
1,NewOrder,1770894123.856947,33165,12,1
2,Payment,1770894123.857110,13736,5,1
4,Delivery,1770894123.858664,142209,23,1
5,StockLevel,1770894123.858732,14049,19,1
1,NewOrder,1770894123.859072,31064,14,1
2,Payment,1770894123.860109,21815,3,1
1,NewOrder,1770894123.862706,33399,20,1
1,NewOrder,1770894123.863077,42535,7,1
1,NewOrder,1770894123.863131,33683,18,1
1,NewOrder,1770894123.864400,26252,9,1
2,Payment,1770894123.865385,13854,10,1
1,NewOrder,1770894123.866723,36071,21,1
1,NewOrder,1770894123.867244,39617,15,1
1,NewOrder,1770894123.867648,51078,13,1
2,Payment,1770894123.867756,18658,2,1
1,NewOrder,1770894123.870881,23142,5,1
2,Payment,1770894123.872819,16542,19,1
2,Payment,1770894123.873628,3908,17,1
1,NewOrder,1770894123.875220,57232,8,1
1,NewOrder,1770894123.875722,36807,1,1
1,NewOrder,1770894123.877578,45860,17,1
1,NewOrder,1770894123.879284,29931,10,1
1,NewOrder,1770894123.881966,31932,3,1
4,Delivery,1770894123.886386,16063,6,1
4,Delivery,1770894123.886452,78796,2,1
2,Payment,1770894123.889402,12250,19,1
2,Payment,1770894123.890159,18590,12,1
2,Payment,1770894123.890176,15179,14,1
2,Payment,1770894123.890688,16236,9,1
2,Payment,1770894123.892536,17227,11,1
4,Delivery,1770894123.894067,71934,5,1
2,Payment,1770894123.894862,11873,22,1
2,Payment,1770894123.896144,14275,20,1
1,NewOrder,1770894123.896812,51731,0,1
3,OrderStatus,1770894123.896857,7537,18,1
2,Payment,1770894123.901699,12949,19,1
1,NewOrder,1770894123.902492,34844,6,1
1,NewOrder,1770894123.902835,35056,21,1
1,NewOrder,1770894123.902896,51332,16,1
2,Payment,1770894123.904425,13570,18,1
2,Payment,1770894123.905387,18083,14,1
1,NewOrder,1770894123.905660,33611,7,1
2,Payment,1770894123.906778,16274,22,1
4,Delivery,1770894123.906927,72078,15,1
3,OrderStatus,1770894123.906960,7825,9,1
1,NewOrder,1770894123.908340,35944,4,1
2,Payment,1770894123.908790,20533,12,1
1,NewOrder,1770894123.909260,32229,10,1
5,StockLevel,1770894123.909798,43136,11,1
2,Payment,1770894123.910465,16129,20,1
2,Payment,1770894123.912575,12949,1,1
1,NewOrder,1770894123.913942,48890,3,1
3,OrderStatus,1770894123.914690,6459,19,1
1,NewOrder,1770894123.914840,29848,9,1
2,Payment,1770894123.918039,16703,18,1
1,NewOrder,1770894123.918767,41671,13,1
2,Payment,1770894123.921189,17134,19,1
2,Payment,1770894123.923097,40945,22,1
2,Payment,1770894123.923472,14895,17,1
1,NewOrder,1770894123.923514,35120,14,1
2,Payment,1770894123.925569,14192,1,1
5,StockLevel,1770894123.926637,21920,20,1
1,NewOrder,1770894123.929367,24116,12,1
1,NewOrder,1770894123.932494,31060,8,1
2,Payment,1770894123.934790,34684,18,1
1,NewOrder,1770894123.937378,21017,6,1
2,Payment,1770894123.937935,20353,21,1
4,Delivery,1770894123.938369,63001,19,1
2,Payment,1770894123.938405,13690,17,1
2,Payment,1770894123.939305,6082,7,1
1,NewOrder,1770894123.939804,22055,1,1
2,Payment,1770894123.941527,8546,10,1
4,Delivery,1770894123.944323,21870,4,1
1,NewOrder,1770894123.944754,26719,9,1
3,OrderStatus,1770894123.945485,6854,7,1
1,NewOrder,1770894123.948587,52315,0,1
1,NewOrder,1770894123.948593,37084,20,1
2,Payment,1770894123.950110,10614,10,1
2,Payment,1770894123.952139,11837,17,1
2,Payment,1770894123.952380,11775,7,1
1,NewOrder,1770894123.952973,54885,11,1
1,NewOrder,1770894123.953527,24008,12,1
1,NewOrder,1770894123.954271,44532,16,1
3,OrderStatus,1770894123.958328,11735,21,1
1,NewOrder,1770894123.958438,35347,6,1
1,NewOrder,1770894123.958672,49208,14,1
1,NewOrder,1770894123.960480,37602,13,1
2,Payment,1770894123.960754,16748,10,1
1,NewOrder,1770894123.961887,38369,1,1
2,Payment,1770894123.962873,17454,3,1
1,NewOrder,1770894123.963589,32903,8,1
1,NewOrder,1770894123.964022,55091,17,1
2,Payment,1770894123.964084,8370,22,1
1,NewOrder,1770894123.964199,46165,7,1
2,Payment,1770894123.965293,17857,2,1
2,Payment,1770894123.966041,22651,5,1
4,Delivery,1770894123.966232,98319,4,1
1,NewOrder,1770894123.969510,25351,18,1
1,NewOrder,1770894123.970103,48702,21,1
1,NewOrder,1770894123.971515,25883,9,1
2,Payment,1770894123.972472,4640,22,1
2,Payment,1770894123.977155,11101,22,1
2,Payment,1770894123.977535,11182,10,1
2,Payment,1770894123.977579,17042,12,1
1,NewOrder,1770894123.979042,38169,15,1
1,NewOrder,1770894123.980370,57265,3,1
2,Payment,1770894123.983192,13902,2,1
1,NewOrder,1770894123.985720,35383,20,1
2,Payment,1770894123.988273,9161,22,1
2,Payment,1770894123.988757,12657,5,1
2,Payment,1770894123.988763,8635,10,1
1,NewOrder,1770894123.993856,37657,6,1
2,Payment,1770894123.994663,12606,12,1
1,NewOrder,1770894123.994913,29593,18,1
1,NewOrder,1770894123.996527,40690,8,1
2,Payment,1770894123.997121,13739,2,1
1,NewOrder,1770894123.997414,27120,10,1
1,NewOrder,1770894123.997433,32709,9,1
2,Payment,1770894123.997461,10516,22,1
2,Payment,1770894123.998120,19740,13,1
1,NewOrder,1770894123.998828,39579,16,1
1,NewOrder,1770894124.000316,33390,1,1
4,Delivery,1770894124.000913,73544,23,1
2,Payment,1770894124.000942,16940,0,1
2,Payment,1770894124.001387,9359,19,1
1,NewOrder,1770894124.001446,25909,5,1
1,NewOrder,1770894124.007309,28689,12,1
1,NewOrder,1770894124.007897,31179,11,1
1,NewOrder,1770894124.007910,29755,14,1
1,NewOrder,1770894124.008016,25132,22,1
1,NewOrder,1770894124.010401,22873,7,1
1,NewOrder,1770894124.010799,13200,19,1
3,OrderStatus,1770894124.010893,10628,2,1
1,NewOrder,1770894124.017259,39053,15,1
1,NewOrder,1770894124.017909,48393,13,1
2,Payment,1770894124.017923,18460,0,1
2,Payment,1770894124.018841,20050,21,1
2,Payment,1770894124.019149,10164,17,1
2,Payment,1770894124.021137,20402,20,1
1,NewOrder,1770894124.021563,41405,2,1
2,Payment,1770894124.024037,20882,19,1
1,NewOrder,1770894124.024543,28741,18,1
2,Payment,1770894124.024573,9680,10,1
2,Payment,1770894124.027396,12879,5,1
3,OrderStatus,1770894124.029354,9898,17,1
2,Payment,1770894124.030178,9703,9,1
1,NewOrder,1770894124.031552,41481,6,1
2,Payment,1770894124.033190,14271,22,1
2,Payment,1770894124.033314,18001,7,1
1,NewOrder,1770894124.033746,45804,1,1
1,NewOrder,1770894124.034283,46924,10,1
2,Payment,1770894124.036028,9740,12,1
2,Payment,1770894124.036419,14499,0,1
2,Payment,1770894124.037246,22031,8,1
2,Payment,1770894124.037672,16385,3,1
2,Payment,1770894124.037703,19175,14,1
1,NewOrder,1770894124.038442,29642,16,1
2,Payment,1770894124.038928,16880,21,1
1,NewOrder,1770894124.039104,41475,11,1
3,OrderStatus,1770894124.039290,5152,17,1
1,NewOrder,1770894124.039919,42872,9,1
1,NewOrder,1770894124.040299,41987,5,1
1,NewOrder,1770894124.041576,14757,20,1
1,NewOrder,1770894124.044482,31328,17,1
1,NewOrder,1770894124.044957,32654,19,1
2,Payment,1770894124.045807,16689,12,1
2,Payment,1770894124.047500,12221,22,1
3,OrderStatus,1770894124.050967,12921,0,1
4,Delivery,1770894124.051353,38904,7,1
2,Payment,1770894124.053324,14240,18,1
2,Payment,1770894124.054096,15130,3,1
1,NewOrder,1770894124.055841,51260,21,1
2,Payment,1770894124.056351,22618,15,1
1,NewOrder,1770894124.056370,29135,20,1
1,NewOrder,1770894124.056925,25714,14,1
2,Payment,1770894124.059313,17168,8,1
1,NewOrder,1770894124.059761,30470,22,1
2,Payment,1770894124.062543,19037,12,1
2,Payment,1770894124.063008,10451,2,1
1,NewOrder,1770894124.063919,48685,0,1
2,Payment,1770894124.064590,20168,4,1
1,NewOrder,1770894124.066343,46748,13,1
2,Payment,1770894124.067599,11395,18,1
2,Payment,1770894124.068114,20641,16,1
1,NewOrder,1770894124.069266,46908,3,1
1,NewOrder,1770894124.073073,26263,6,1
2,Payment,1770894124.073519,14509,2,1
2,Payment,1770894124.074498,21495,23,1
1,NewOrder,1770894124.075846,27743,17,1
2,Payment,1770894124.076517,19861,8,1
1,NewOrder,1770894124.077647,45328,19,1
2,Payment,1770894124.079011,12674,15,1
2,Payment,1770894124.079028,19403,18,1
1,NewOrder,1770894124.079580,35836,1,1
1,NewOrder,1770894124.080619,41681,11,1
1,NewOrder,1770894124.081248,29743,10,1
1,NewOrder,1770894124.081605,35055,12,1
2,Payment,1770894124.082310,11318,5,1
1,NewOrder,1770894124.082663,41228,14,1
1,NewOrder,1770894124.082830,30705,9,1
2,Payment,1770894124.084784,16451,4,1
1,NewOrder,1770894124.085542,24558,20,1
1,NewOrder,1770894124.088061,41314,2,1
2,Payment,1770894124.088793,20440,16,1
2,Payment,1770894124.090263,14910,22,1
1,NewOrder,1770894124.090298,39865,7,1
2,Payment,1770894124.091728,21785,15,1
2,Payment,1770894124.093661,12269,5,1
3,OrderStatus,1770894124.096033,9798,23,1
2,Payment,1770894124.096419,14406,8,1
4,Delivery,1770894124.098466,7074,18,1
1,NewOrder,1770894124.099375,29904,6,1
2,Payment,1770894124.101282,14988,4,1
1,NewOrder,1770894124.103628,25209,17,1
1,NewOrder,1770894124.105215,40848,22,1
2,Payment,1770894124.105580,15340,18,1
3,OrderStatus,1770894124.105864,8509,23,1
2,Payment,1770894124.105968,13810,5,1
1,NewOrder,1770894124.107137,37014,21,1
1,NewOrder,1770894124.109296,30115,16,1
1,NewOrder,1770894124.110133,21452,20,1
1,NewOrder,1770894124.110859,35912,8,1
2,Payment,1770894124.111028,13443,10,1
1,NewOrder,1770894124.112644,44264,0,1
2,Payment,1770894124.113140,12519,13,1
1,NewOrder,1770894124.113551,25096,15,1
1,NewOrder,1770894124.113568,18539,9,1
2,Payment,1770894124.114415,16189,23,1
2,Payment,1770894124.115498,16056,1,1
2,Payment,1770894124.116210,27912,3,1
2,Payment,1770894124.116304,19035,4,1
2,Payment,1770894124.116703,12573,12,1
1,NewOrder,1770894124.119818,33421,5,1
1,NewOrder,1770894124.120957,18894,18,1
2,Payment,1770894124.122333,20519,11,1
1,NewOrder,1770894124.123014,35245,19,1
2,Payment,1770894124.123920,19788,14,1
5,StockLevel,1770894124.124505,27130,10,1
1,NewOrder,1770894124.125695,38152,13,1
2,Payment,1770894124.128881,18569,17,1
1,NewOrder,1770894124.129308,28921,12,1
1,NewOrder,1770894124.129318,20426,6,1
1,NewOrder,1770894124.129406,34052,2,1
1,NewOrder,1770894124.130256,31288,7,1
2,Payment,1770894124.130640,13600,23,1
2,Payment,1770894124.131587,9973,1,1
2,Payment,1770894124.131617,15386,20,1
2,Payment,1770894124.132141,14375,9,1
1,NewOrder,1770894124.135410,28478,4,1
1,NewOrder,1770894124.138678,29125,15,1
1,NewOrder,1770894124.139443,38599,16,1
1,NewOrder,1770894124.139883,38753,18,1
3,OrderStatus,1770894124.141578,9019,1,1
2,Payment,1770894124.142879,16054,11,1
1,NewOrder,1770894124.143742,31198,14,1
1,NewOrder,1770894124.144152,22337,3,1
5,StockLevel,1770894124.144173,36321,21,1
1,NewOrder,1770894124.144254,43892,23,1
1,NewOrder,1770894124.146094,27860,22,1
2,Payment,1770894124.146543,14966,9,1
1,NewOrder,1770894124.146792,37377,8,1
2,Payment,1770894124.147017,6564,20,1
2,Payment,1770894124.147482,10060,17,1
1,NewOrder,1770894124.149768,34808,6,1
2,Payment,1770894124.150614,10471,1,1
1,NewOrder,1770894124.151666,35905,10,1
1,NewOrder,1770894124.153266,27498,5,1
1,NewOrder,1770894124.153598,18567,20,1
1,NewOrder,1770894124.156941,40222,0,1
1,NewOrder,1770894124.157577,24753,17,1
1,NewOrder,1770894124.158267,36825,12,1
2,Payment,1770894124.158275,11139,19,1
2,Payment,1770894124.158957,15058,11,1
1,NewOrder,1770894124.161105,39622,1,1
2,Payment,1770894124.161538,17066,9,1
4,Delivery,1770894124.161576,39677,7,1
1,NewOrder,1770894124.163490,30060,2,1
3,OrderStatus,1770894124.163864,11880,13,1
1,NewOrder,1770894124.163919,51068,4,1
1,NewOrder,1770894124.166519,25645,3,1
1,NewOrder,1770894124.167831,37350,15,1
5,StockLevel,1770894124.169445,17081,19,1
2,Payment,1770894124.172191,13930,20,1
2,Payment,1770894124.173986,15115,22,1
2,Payment,1770894124.174042,14011,11,1
3,OrderStatus,1770894124.174969,7446,14,1
2,Payment,1770894124.175767,14685,13,1
1,NewOrder,1770894124.178073,36554,16,1
5,StockLevel,1770894124.178633,15050,9,1
1,NewOrder,1770894124.178667,31042,18,1
2,Payment,1770894124.180528,14174,21,1
2,Payment,1770894124.180794,12197,5,1
1,NewOrder,1770894124.182355,44505,17,1
1,NewOrder,1770894124.182450,30546,14,1
2,Payment,1770894124.184201,14566,8,1
1,NewOrder,1770894124.184603,15742,6,1
1,NewOrder,1770894124.186144,23582,20,1
2,Payment,1770894124.186552,13100,19,1
2,Payment,1770894124.187602,27712,10,1
1,NewOrder,1770894124.188086,25258,11,1
1,NewOrder,1770894124.188168,30853,23,1
5,StockLevel,1770894124.189127,15665,22,1
2,Payment,1770894124.190475,12055,13,1
1,NewOrder,1770894124.192196,29208,3,1
2,Payment,1770894124.193023,10144,5,1
2,Payment,1770894124.193577,12360,2,1
2,Payment,1770894124.193708,23661,9,1
2,Payment,1770894124.194735,14521,21,1
2,Payment,1770894124.195113,10870,12,1
2,Payment,1770894124.197185,14805,0,1
2,Payment,1770894124.198787,14513,8,1
1,NewOrder,1770894124.199686,39748,19,1
2,Payment,1770894124.200378,19867,6,1
2,Payment,1770894124.200760,8914,1,1
2,Payment,1770894124.201281,22194,7,1
1,NewOrder,1770894124.202561,46501,13,1
1,NewOrder,1770894124.203188,28768,5,1
1,NewOrder,1770894124.204811,27876,22,1
1,NewOrder,1770894124.205196,31665,15,1
1,NewOrder,1770894124.205965,33481,2,1
2,Payment,1770894124.205998,9361,12,1
2,Payment,1770894124.209281,13816,21,1
2,Payment,1770894124.209706,9399,1,1
5,StockLevel,1770894124.209750,28772,18,1
1,NewOrder,1770894124.209756,25891,20,1
1,NewOrder,1770894124.212020,31470,0,1
1,NewOrder,1770894124.213020,27705,14,1
5,StockLevel,1770894124.213312,37214,8,1
1,NewOrder,1770894124.213372,24700,11,1
1,NewOrder,1770894124.214655,24764,16,1
1,NewOrder,1770894124.215019,38850,4,1
1,NewOrder,1770894124.215341,22748,10,1
1,NewOrder,1770894124.215371,35029,12,1
3,OrderStatus,1770894124.217397,2176,9,1
2,Payment,1770894124.219034,14232,23,1
2,Payment,1770894124.219133,15993,1,1
1,NewOrder,1770894124.219602,18036,9,1
3,OrderStatus,1770894124.220275,3281,6,1
1,NewOrder,1770894124.221440,27642,3,1
2,Payment,1770894124.223121,15777,21,1
2,Payment,1770894124.223494,2976,7,1
1,NewOrder,1770894124.223587,14464,6,1
2,Payment,1770894124.226497,9714,7,1
1,NewOrder,1770894124.226879,23818,17,1
1,NewOrder,1770894124.231987,25968,5,1
2,Payment,1770894124.232718,8654,22,1
1,NewOrder,1770894124.233299,33024,23,1
1,NewOrder,1770894124.235279,32729,1,1
1,NewOrder,1770894124.235681,18276,20,1
3,OrderStatus,1770894124.236234,5472,7,1
2,Payment,1770894124.236892,18909,15,1
2,Payment,1770894124.237663,6456,9,1
1,NewOrder,1770894124.238129,33833,11,1
2,Payment,1770894124.238144,8637,10,1
2,Payment,1770894124.238145,15212,6,1
2,Payment,1770894124.238549,12660,18,1
5,StockLevel,1770894124.238926,14920,21,1
2,Payment,1770894124.239443,19360,16,1
2,Payment,1770894124.239471,9275,19,1
4,Delivery,1770894124.239474,63955,2,1
1,NewOrder,1770894124.240750,29836,14,1
2,Payment,1770894124.241389,12431,22,1
2,Payment,1770894124.241732,13465,7,1
1,NewOrder,1770894124.243516,24946,0,1
1,NewOrder,1770894124.244143,25995,9,1
1,NewOrder,1770894124.246809,19960,10,1
1,NewOrder,1770894124.248772,30649,19,1
1,NewOrder,1770894124.249090,31657,13,1
2,Payment,1770894124.249101,12187,3,1
1,NewOrder,1770894124.250428,20187,12,1
2,Payment,1770894124.250549,16379,8,1
3,OrderStatus,1770894124.250798,8990,17,1
2,Payment,1770894124.251236,5947,18,1
1,NewOrder,1770894124.253382,32006,6,1
1,NewOrder,1770894124.253845,39576,22,1
2,Payment,1770894124.253876,14549,21,1
2,Payment,1770894124.253894,14079,4,1
2,Payment,1770894124.253977,17005,20,1
1,NewOrder,1770894124.255225,15435,7,1
2,Payment,1770894124.255827,17582,15,1
1,NewOrder,1770894124.257206,25131,18,1
1,NewOrder,1770894124.257983,24867,5,1
2,Payment,1770894124.258837,17471,16,1
2,Payment,1770894124.259810,19001,17,1
1,NewOrder,1770894124.261315,31674,3,1
2,Payment,1770894124.266355,14850,23,1
2,Payment,1770894124.266790,9102,10,1
1,NewOrder,1770894124.266960,45765,8,1
2,Payment,1770894124.268004,10446,4,1
1,NewOrder,1770894124.268029,27638,1,1
1,NewOrder,1770894124.268441,38263,21,1
1,NewOrder,1770894124.268483,24886,0,1
1,NewOrder,1770894124.270176,34634,9,1
1,NewOrder,1770894124.270610,28898,14,1
1,NewOrder,1770894124.270640,47139,12,1
2,Payment,1770894124.270687,8714,7,1
3,OrderStatus,1770894124.271008,1856,20,1
1,NewOrder,1770894124.271983,32707,11,1
1,NewOrder,1770894124.272886,25861,20,1
1,NewOrder,1770894124.273434,37245,15,1
1,NewOrder,1770894124.275911,26549,10,1
1,NewOrder,1770894124.276333,30490,16,1
3,OrderStatus,1770894124.278477,9711,4,1
2,Payment,1770894124.278841,2339,17,1
2,Payment,1770894124.279428,5036,7,1
1,NewOrder,1770894124.279436,24685,19,1
1,NewOrder,1770894124.280767,35750,13,1
2,Payment,1770894124.281194,6633,17,1
1,NewOrder,1770894124.281220,45647,23,1
1,NewOrder,1770894124.282346,25416,18,1
1,NewOrder,1770894124.282882,20670,5,1
1,NewOrder,1770894124.284489,22373,7,1
1,NewOrder,1770894124.285413,17522,6,1
5,StockLevel,1770894124.287839,39642,17,1
1,NewOrder,1770894124.288212,30066,4,1
1,NewOrder,1770894124.293006,24737,3,1
2,Payment,1770894124.293395,16032,0,1
4,Delivery,1770894124.293437,103425,22,1
1,NewOrder,1770894124.295691,22449,1,1
1,NewOrder,1770894124.298763,25147,20,1
1,NewOrder,1770894124.299530,26744,14,1
2,Payment,1770894124.302492,6046,10,1
2,Payment,1770894124.302969,12817,6,1
2,Payment,1770894124.303449,13027,2,1
2,Payment,1770894124.303577,9494,5,1
1,NewOrder,1770894124.304145,24804,19,1
5,StockLevel,1770894124.304710,16603,11,1
1,NewOrder,1770894124.304825,29801,9,1
2,Payment,1770894124.306729,16394,21,1
2,Payment,1770894124.306849,13388,16,1
1,NewOrder,1770894124.306893,21618,7,1
2,Payment,1770894124.307781,13050,18,1
2,Payment,1770894124.308570,9542,10,1
5,StockLevel,1770894124.309446,33584,0,1
1,NewOrder,1770894124.310699,34786,15,1
2,Payment,1770894124.312745,14168,8,1
3,OrderStatus,1770894124.313099,7582,5,1
1,NewOrder,1770894124.315816,28172,6,1
1,NewOrder,1770894124.316502,30483,2,1
2,Payment,1770894124.316541,15336,13,1
1,NewOrder,1770894124.317770,26738,3,1
5,StockLevel,1770894124.317799,29961,12,1
2,Payment,1770894124.318139,10767,10,1
1,NewOrder,1770894124.318162,23325,1,1
1,NewOrder,1770894124.318297,36933,4,1
1,NewOrder,1770894124.320256,23048,16,1
2,Payment,1770894124.320705,10800,5,1
1,NewOrder,1770894124.320846,29975,18,1
1,NewOrder,1770894124.321337,26477,11,1
1,NewOrder,1770894124.323148,20648,21,1
2,Payment,1770894124.323941,8014,20,1
1,NewOrder,1770894124.326300,25079,14,1
1,NewOrder,1770894124.326890,39503,23,1
5,StockLevel,1770894124.326936,16660,8,1
2,Payment,1770894124.327508,9518,17,1
2,Payment,1770894124.328528,9549,7,1
1,NewOrder,1770894124.328920,18506,10,1
2,Payment,1770894124.328968,9801,19,1
2,Payment,1770894124.331538,8175,5,1
2,Payment,1770894124.331897,13385,13,1
4,Delivery,1770894124.331978,65330,20,1
2,Payment,1770894124.334655,9231,9,1
1,NewOrder,1770894124.337045,21943,17,1
2,Payment,1770894124.338110,9701,7,1
1,NewOrder,1770894124.338786,32618,19,1
2,Payment,1770894124.339742,8097,5,1
2,Payment,1770894124.341509,8344,1,1
2,Payment,1770894124.343059,16330,0,1
2,Payment,1770894124.343333,12909,16,1
2,Payment,1770894124.343631,9620,8,1
1,NewOrder,1770894124.343816,27635,21,1
5,StockLevel,1770894124.343905,10956,9,1
1,NewOrder,1770894124.344004,17345,6,1
1,NewOrder,1770894124.344525,27248,3,1
2,Payment,1770894124.345299,12902,13,1
3,OrderStatus,1770894124.345506,6004,15,1
2,Payment,1770894124.347002,17799,2,1
2,Payment,1770894124.347444,7512,10,1
4,Delivery,1770894124.347821,23620,12,1
1,NewOrder,1770894124.347842,34202,7,1
1,NewOrder,1770894124.347853,33736,11,1
1,NewOrder,1770894124.347858,21552,5,1
1,NewOrder,1770894124.349876,21056,1,1
2,Payment,1770894124.350845,6371,18,1
1,NewOrder,1770894124.351405,28549,14,1
1,NewOrder,1770894124.351529,16334,15,1
1,NewOrder,1770894124.353273,31049,8,1
4,Delivery,1770894124.354883,90651,9,1
2,Payment,1770894124.354983,5031,10,1
2,Payment,1770894124.355255,12544,4,1
2,Payment,1770894124.356262,18231,16,1
2,Payment,1770894124.357239,7206,18,1
2,Payment,1770894124.358215,19500,13,1
1,NewOrder,1770894124.359019,30261,17,1
1,NewOrder,1770894124.359398,37646,0,1
1,NewOrder,1770894124.360038,36917,10,1
2,Payment,1770894124.361380,11611,6,1
2,Payment,1770894124.364467,8083,18,1
5,StockLevel,1770894124.364817,31567,2,1
1,NewOrder,1770894124.366454,40793,23,1
1,NewOrder,1770894124.367820,25491,4,1
5,StockLevel,1770894124.367889,31325,15,1
1,NewOrder,1770894124.369497,41147,5,1
1,NewOrder,1770894124.370953,37864,1,1
2,Payment,1770894124.371432,5536,19,1
1,NewOrder,1770894124.371470,30616,12,1
2,Payment,1770894124.371471,12198,21,1
1,NewOrder,1770894124.371794,38035,3,1
2,Payment,1770894124.372578,9355,18,1
2,Payment,1770894124.373013,15643,6,1
1,NewOrder,1770894124.374511,29238,16,1
2,Payment,1770894124.376996,11545,19,1
2,Payment,1770894124.377731,3818,13,1
1,NewOrder,1770894124.379973,24451,14,1
1,NewOrder,1770894124.381565,11207,13,1
1,NewOrder,1770894124.381614,37932,11,1
1,NewOrder,1770894124.381954,37517,18,1
1,NewOrder,1770894124.382066,39042,7,1
2,Payment,1770894124.383685,6745,21,1
1,NewOrder,1770894124.384349,29338,8,1
2,Payment,1770894124.388562,5972,19,1
1,NewOrder,1770894124.388684,25931,6,1
2,Payment,1770894124.389296,8902,17,1
1,NewOrder,1770894124.390465,34123,21,1
2,Payment,1770894124.392808,10618,13,1
1,NewOrder,1770894124.393326,40180,4,1
1,NewOrder,1770894124.394556,26641,19,1
1,NewOrder,1770894124.396406,28931,2,1
2,Payment,1770894124.396878,11349,22,1
4,Delivery,1770894124.396981,47119,10,1
1,NewOrder,1770894124.397067,35763,0,1
1,NewOrder,1770894124.397318,3560,20,1
1,NewOrder,1770894124.398214,20857,17,1
2,Payment,1770894124.399227,15072,15,1
1,NewOrder,1770894124.400889,11747,20,1
2,Payment,1770894124.402125,14344,12,1
1,NewOrder,1770894124.403445,16377,13,1
2,Payment,1770894124.403760,15817,16,1
4,Delivery,1770894124.404441,77417,14,1
1,NewOrder,1770894124.407274,35304,23,1
1,NewOrder,1770894124.408255,31190,22,1
1,NewOrder,1770894124.408834,29774,1,1
2,Payment,1770894124.409857,13596,3,1
1,NewOrder,1770894124.410666,35202,5,1
1,NewOrder,1770894124.412663,28129,20,1
1,NewOrder,1770894124.413714,42114,8,1
2,Payment,1770894124.414318,12338,15,1
1,NewOrder,1770894124.414642,31812,6,1
1,NewOrder,1770894124.416489,19202,12,1
2,Payment,1770894124.419089,10254,17,1
1,NewOrder,1770894124.419494,24054,18,1
2,Payment,1770894124.419566,12453,11,1
1,NewOrder,1770894124.419596,11599,16,1
1,NewOrder,1770894124.419843,41140,13,1
2,Payment,1770894124.421123,14640,7,1
4,Delivery,1770894124.421224,36382,19,1
1,NewOrder,1770894124.423468,26675,3,1
1,NewOrder,1770894124.424609,34620,21,1
2,Payment,1770894124.425351,9719,2,1
1,NewOrder,1770894124.426670,17985,15,1
1,NewOrder,1770894124.429370,20314,17,1
2,Payment,1770894124.431217,10092,16,1
1,NewOrder,1770894124.432039,33959,11,1
3,OrderStatus,1770894124.432852,8501,0,1
1,NewOrder,1770894124.433524,20804,4,1
1,NewOrder,1770894124.435091,31154,2,1
1,NewOrder,1770894124.435712,19058,12,1
2,Payment,1770894124.435785,7166,7,1
4,Delivery,1770894124.438626,39640,1,1
2,Payment,1770894124.439470,6482,22,1
1,NewOrder,1770894124.440814,29372,20,1
2,Payment,1770894124.441331,9352,16,1
2,Payment,1770894124.441383,14335,0,1
1,NewOrder,1770894124.442589,40289,23,1
1,NewOrder,1770894124.442970,33134,7,1
1,NewOrder,1770894124.443556,31460,18,1
2,Payment,1770894124.444117,2287,10,1
2,Payment,1770894124.444680,14243,15,1
1,NewOrder,1770894124.445555,21199,9,1
4,Delivery,1770894124.445876,32719,5,1
2,Payment,1770894124.445972,11248,22,1
4,Delivery,1770894124.446428,84830,10,1
3,OrderStatus,1770894124.446482,8247,6,1
5,StockLevel,1770894124.449711,25329,17,1
2,Payment,1770894124.450171,8360,3,1
2,Payment,1770894124.450705,10079,16,1
2,Payment,1770894124.454356,6879,4,1
2,Payment,1770894124.454755,11339,6,1
2,Payment,1770894124.454795,10744,12,1
4,Delivery,1770894124.455738,23197,0,1
4,Delivery,1770894124.455848,75842,8,1
5,StockLevel,1770894124.457239,13826,22,1
2,Payment,1770894124.457627,8442,19,1
1,NewOrder,1770894124.458557,34658,3,1
4,Delivery,1770894124.458951,22975,15,1
1,NewOrder,1770894124.459243,19705,21,1
2,Payment,1770894124.460810,6379,16,1
1,NewOrder,1770894124.460998,15647,13,1
5,StockLevel,1770894124.461255,27061,4,1
2,Payment,1770894124.465566,6826,12,1
1,NewOrder,1770894124.466017,40014,11,1
2,Payment,1770894124.466090,5163,19,1
5,StockLevel,1770894124.466122,21890,6,1
1,NewOrder,1770894124.466263,18173,2,1
1,NewOrder,1770894124.466770,27237,9,1
2,Payment,1770894124.467207,8469,16,1
1,NewOrder,1770894124.470208,31624,20,1
2,Payment,1770894124.471095,9347,22,1
1,NewOrder,1770894124.471272,19108,19,1
5,StockLevel,1770894124.472412,14793,12,1
1,NewOrder,1770894124.475043,38300,18,1
4,Delivery,1770894124.475070,6857,17,1
2,Payment,1770894124.475700,7209,16,1
2,Payment,1770894124.476122,12225,7,1
1,NewOrder,1770894124.476661,30019,13,1
1,NewOrder,1770894124.478295,38544,1,1
1,NewOrder,1770894124.478619,8534,5,1
1,NewOrder,1770894124.478959,15812,0,1
2,Payment,1770894124.478962,10215,21,1
1,NewOrder,1770894124.480458,33148,22,1
2,Payment,1770894124.481886,15711,14,1
1,NewOrder,1770894124.481954,30555,17,1
2,Payment,1770894124.481956,3237,15,1
4,Delivery,1770894124.482904,71591,23,1
3,OrderStatus,1770894124.482927,11111,16,1
2,Payment,1770894124.484455,10964,2,1
1,NewOrder,1770894124.485218,14256,15,1
1,NewOrder,1770894124.487179,22255,5,1
2,Payment,1770894124.487222,12558,12,1
1,NewOrder,1770894124.488025,36894,6,1
1,NewOrder,1770894124.488342,22545,4,1
2,Payment,1770894124.488375,7589,7,1
5,StockLevel,1770894124.489193,17133,21,1
2,Payment,1770894124.490408,8969,19,1
1,NewOrder,1770894124.493243,32567,3,1
3,OrderStatus,1770894124.494025,6375,9,1
1,NewOrder,1770894124.494062,33952,16,1
1,NewOrder,1770894124.494800,20439,0,1
1,NewOrder,1770894124.495436,30543,2,1
1,NewOrder,1770894124.495987,26657,7,1
2,Payment,1770894124.497615,15684,14,1
1,NewOrder,1770894124.499392,36560,19,1
2,Payment,1770894124.499494,16184,15,1
1,NewOrder,1770894124.499802,21252,12,1
1,NewOrder,1770894124.500420,34614,9,1
2,Payment,1770894124.501855,6781,20,1
1,NewOrder,1770894124.506055,21001,11,1
1,NewOrder,1770894124.506344,24666,21,1
1,NewOrder,1770894124.506707,31954,13,1
1,NewOrder,1770894124.508654,26608,20,1
1,NewOrder,1770894124.509455,22472,5,1
1,NewOrder,1770894124.510906,19016,4,1
2,Payment,1770894124.512537,14003,17,1
1,NewOrder,1770894124.513323,27347,14,1
1,NewOrder,1770894124.513364,38407,18,1
2,Payment,1770894124.513618,4622,22,1
2,Payment,1770894124.515259,10220,0,1
2,Payment,1770894124.515699,11408,15,1
4,Delivery,1770894124.516856,34621,1,1
2,Payment,1770894124.518260,8426,22,1
1,NewOrder,1770894124.521073,26697,12,1
2,Payment,1770894124.522664,8482,7,1
2,Payment,1770894124.524937,16352,6,1
2,Payment,1770894124.525492,10825,0,1
1,NewOrder,1770894124.525827,28067,3,1
2,Payment,1770894124.526008,13132,2,1
2,Payment,1770894124.526554,12696,17,1
1,NewOrder,1770894124.526714,42287,22,1
3,OrderStatus,1770894124.527078,10405,11,1
1,NewOrder,1770894124.527125,32750,15,1
1,NewOrder,1770894124.528027,20429,16,1
1,NewOrder,1770894124.529935,25374,4,1
5,StockLevel,1770894124.531029,19395,21,1
2,Payment,1770894124.531166,12217,7,1
2,Payment,1770894124.531277,13847,10,1
1,NewOrder,1770894124.531708,9544,8,1
2,Payment,1770894124.531954,17603,5,1
1,NewOrder,1770894124.535061,21615,9,1
1,NewOrder,1770894124.535288,33346,20,1
1,NewOrder,1770894124.535979,27553,19,1
2,Payment,1770894124.536344,8043,0,1
1,NewOrder,1770894124.537508,35646,11,1
2,Payment,1770894124.538674,10553,13,1
2,Payment,1770894124.539166,7960,2,1
1,NewOrder,1770894124.539272,21791,17,1
1,NewOrder,1770894124.540684,24765,14,1
1,NewOrder,1770894124.541265,26639,8,1
2,Payment,1770894124.541310,11776,6,1
4,Delivery,1770894124.543409,31773,7,1
1,NewOrder,1770894124.544414,27454,0,1
1,NewOrder,1770894124.545141,28425,10,1
1,NewOrder,1770894124.547151,23844,2,1
1,NewOrder,1770894124.547790,22836,12,1
1,NewOrder,1770894124.548484,38530,16,1
1,NewOrder,1770894124.549253,33741,13,1
1,NewOrder,1770894124.549572,33107,5,1
1,NewOrder,1770894124.550450,40375,21,1
2,Payment,1770894124.551494,8929,1,1
1,NewOrder,1770894124.551787,32928,18,1
2,Payment,1770894124.553107,8687,6,1
2,Payment,1770894124.553913,10975,3,1
1,NewOrder,1770894124.554514,36947,23,1
2,Payment,1770894124.555337,11912,4,1
2,Payment,1770894124.556702,8692,9,1
1,NewOrder,1770894124.559891,32089,15,1
1,NewOrder,1770894124.560442,36715,1,1
1,NewOrder,1770894124.561089,30844,17,1
1,NewOrder,1770894124.561813,34044,6,1
4,Delivery,1770894124.563556,34082,19,1
2,Payment,1770894124.564916,9820,3,1
3,OrderStatus,1770894124.565415,7781,9,1
1,NewOrder,1770894124.565494,21083,14,1
2,Payment,1770894124.567277,9303,4,1
2,Payment,1770894124.567931,10238,8,1
1,NewOrder,1770894124.568663,22581,20,1
4,Delivery,1770894124.569021,28545,22,1
2,Payment,1770894124.570646,10859,12,1
1,NewOrder,1770894124.571024,28711,2,1
1,NewOrder,1770894124.571894,22114,0,1
2,Payment,1770894124.573182,13934,11,1
1,NewOrder,1770894124.573216,23914,9,1
5,StockLevel,1770894124.573588,18510,10,1
5,StockLevel,1770894124.574754,26331,3,1
1,NewOrder,1770894124.575210,39708,7,1
1,NewOrder,1770894124.576604,23097,4,1
1,NewOrder,1770894124.578197,26543,8,1
2,Payment,1770894124.581532,6185,12,1
1,NewOrder,1770894124.582700,23850,5,1
1,NewOrder,1770894124.583013,34621,13,1
1,NewOrder,1770894124.584735,16236,18,1
4,Delivery,1770894124.586603,59451,14,1
2,Payment,1770894124.587031,7515,16,1
1,NewOrder,1770894124.587145,34939,11,1
2,Payment,1770894124.587738,8826,12,1
2,Payment,1770894124.590851,6480,21,1
3,OrderStatus,1770894124.591271,7168,20,1
1,NewOrder,1770894124.591488,38907,23,1
1,NewOrder,1770894124.591952,16248,17,1
1,NewOrder,1770894124.592008,35211,15,1
2,Payment,1770894124.592116,7249,10,1
1,NewOrder,1770894124.594034,32114,0,1
1,NewOrder,1770894124.594564,38061,16,1
2,Payment,1770894124.595885,10638,6,1
2,Payment,1770894124.596590,5046,12,1
1,NewOrder,1770894124.597148,35900,9,1
2,Payment,1770894124.597185,11542,1,1
2,Payment,1770894124.597359,8298,21,1
1,NewOrder,1770894124.597586,4911,22,1
2,Payment,1770894124.597664,10964,19,1
4,Delivery,1770894124.598456,55963,20,1
1,NewOrder,1770894124.599383,21346,10,1
2,Payment,1770894124.599713,10865,4,1
1,NewOrder,1770894124.599753,32145,2,1
2,Payment,1770894124.600983,10147,18,1
2,Payment,1770894124.601110,11062,3,1
1,NewOrder,1770894124.601657,24467,12,1
4,Delivery,1770894124.602516,51657,22,1
1,NewOrder,1770894124.604757,22940,8,1
1,NewOrder,1770894124.605685,38174,21,1
1,NewOrder,1770894124.606550,33601,6,1
2,Payment,1770894124.606578,7861,5,1
2,Payment,1770894124.608225,11237,17,1
2,Payment,1770894124.608654,6302,19,1
1,NewOrder,1770894124.608755,18935,1,1
2,Payment,1770894124.610599,6258,4,1
2,Payment,1770894124.611144,6905,18,1
1,NewOrder,1770894124.612198,21752,3,1
4,Delivery,1770894124.614460,121804,5,1
1,NewOrder,1770894124.614936,26381,7,1
1,NewOrder,1770894124.614982,34144,19,1
1,NewOrder,1770894124.616882,33606,4,1
1,NewOrder,1770894124.617650,29804,13,1
2,Payment,1770894124.618068,7558,18,1
2,Payment,1770894124.619496,6694,17,1
2,Payment,1770894124.620747,8207,10,1
1,NewOrder,1770894124.622110,34726,11,1
2,Payment,1770894124.625649,9523,18,1
1,NewOrder,1770894124.626145,17160,12,1
1,NewOrder,1770894124.626167,19905,0,1
2,Payment,1770894124.626208,7369,17,1
2,Payment,1770894124.627233,10599,15,1
4,Delivery,1770894124.627712,109014,1,1
4,Delivery,1770894124.627723,64397,8,1
2,Payment,1770894124.628973,9966,10,1
1,NewOrder,1770894124.630415,32885,23,1
1,NewOrder,1770894124.631918,32386,2,1
5,StockLevel,1770894124.632653,24514,16,1
2,Payment,1770894124.633069,7603,9,1
2,Payment,1770894124.633593,8853,17,1
2,Payment,1770894124.633968,10317,3,1
2,Payment,1770894124.635199,6080,18,1
2,Payment,1770894124.637859,9024,15,1
2,Payment,1770894124.638960,6132,10,1
1,NewOrder,1770894124.640176,34593,6,1
1,NewOrder,1770894124.640689,23240,9,1
2,Payment,1770894124.641292,6676,18,1
1,NewOrder,1770894124.641333,33494,7,1
1,NewOrder,1770894124.642468,27154,17,1
1,NewOrder,1770894124.643330,25258,12,1
1,NewOrder,1770894124.643879,22952,21,1
1,NewOrder,1770894124.644306,18070,3,1
2,Payment,1770894124.645117,5902,10,1
1,NewOrder,1770894124.646076,19370,14,1
2,Payment,1770894124.646090,9126,0,1
1,NewOrder,1770894124.646902,17957,15,1
2,Payment,1770894124.647472,6988,13,1
1,NewOrder,1770894124.647983,31092,18,1
2,Payment,1770894124.649144,8723,19,1
1,NewOrder,1770894124.650504,39676,4,1
3,OrderStatus,1770894124.651038,10933,10,1
1,NewOrder,1770894124.654192,23949,22,1
5,StockLevel,1770894124.654439,1680,20,1
1,NewOrder,1770894124.654476,20318,13,1
1,NewOrder,1770894124.655232,23488,0,1
1,NewOrder,1770894124.656130,11132,20,1
2,Payment,1770894124.656853,12456,11,1
2,Payment,1770894124.657183,9261,16,1
1,NewOrder,1770894124.657884,20756,19,1
4,Delivery,1770894124.661989,30274,10,1
1,NewOrder,1770894124.662395,22041,3,1
1,NewOrder,1770894124.663322,33804,23,1
1,NewOrder,1770894124.663951,19575,9,1
2,Payment,1770894124.664321,9636,2,1
1,NewOrder,1770894124.664873,35267,15,1
2,Payment,1770894124.665478,13138,14,1
1,NewOrder,1770894124.666467,32967,16,1
2,Payment,1770894124.666847,9048,21,1
2,Payment,1770894124.667275,11391,20,1
1,NewOrder,1770894124.668606,19848,12,1
1,NewOrder,1770894124.669325,23002,11,1
1,NewOrder,1770894124.669632,29170,17,1
2,Payment,1770894124.673974,7826,2,1
2,Payment,1770894124.674790,5738,6,1
1,NewOrder,1770894124.674815,35567,13,1
1,NewOrder,1770894124.674843,15148,7,1
2,Payment,1770894124.675913,9845,21,1
1,NewOrder,1770894124.678156,19866,22,1
1,NewOrder,1770894124.678635,25242,14,1
1,NewOrder,1770894124.678654,34202,19,1
2,Payment,1770894124.678678,9045,20,1
1,NewOrder,1770894124.678732,22589,0,1
2,Payment,1770894124.679092,12098,18,1
1,NewOrder,1770894124.680539,30567,6,1
1,NewOrder,1770894124.681826,29383,2,1
2,Payment,1770894124.683547,9617,9,1
2,Payment,1770894124.684451,10063,3,1
1,NewOrder,1770894124.685786,30060,21,1
5,StockLevel,1770894124.687749,13641,20,1
2,Payment,1770894124.688467,9388,12,1
2,Payment,1770894124.690017,8137,7,1
2,Payment,1770894124.690196,7552,4,1
1,NewOrder,1770894124.691217,30536,18,1
1,NewOrder,1770894124.692145,26180,8,1
1,NewOrder,1770894124.692281,3516,10,1
1,NewOrder,1770894124.692354,31804,11,1
1,NewOrder,1770894124.693190,27281,9,1
2,Payment,1770894124.694533,7623,3,1
2,Payment,1770894124.695813,4596,10,1
1,NewOrder,1770894124.697147,17728,23,1
1,NewOrder,1770894124.697768,21151,4,1
4,Delivery,1770894124.697882,14533,12,1
3,OrderStatus,1770894124.698035,8218,22,1
1,NewOrder,1770894124.698181,21562,7,1
2,Payment,1770894124.698818,7316,17,1
2,Payment,1770894124.699459,8561,16,1
2,Payment,1770894124.700167,10001,15,1
1,NewOrder,1770894124.700422,24391,10,1
1,NewOrder,1770894124.701343,30147,0,1
2,Payment,1770894124.701403,8326,20,1
2,Payment,1770894124.702168,8099,3,1
2,Payment,1770894124.703901,12494,14,1
1,NewOrder,1770894124.706160,34451,17,1
1,NewOrder,1770894124.706264,29919,22,1
2,Payment,1770894124.708042,10780,16,1
1,NewOrder,1770894124.709754,26374,20,1
2,Payment,1770894124.710193,10507,15,1
1,NewOrder,1770894124.710285,25324,3,1
2,Payment,1770894124.710399,21562,13,1
2,Payment,1770894124.711133,8173,6,1
2,Payment,1770894124.711225,9137,2,1
2,Payment,1770894124.712435,10405,12,1
5,StockLevel,1770894124.712871,13938,19,1
3,OrderStatus,1770894124.714901,9773,23,1
3,OrderStatus,1770894124.715872,8626,21,1
1,NewOrder,1770894124.716417,29790,14,1
2,Payment,1770894124.718341,6509,8,1
2,Payment,1770894124.718848,6038,16,1
2,Payment,1770894124.718934,9387,4,1
2,Payment,1770894124.719328,7341,6,1
1,NewOrder,1770894124.719768,40089,7,1
2,Payment,1770894124.720382,12458,2,1
1,NewOrder,1770894124.720490,33429,9,1
1,NewOrder,1770894124.720719,24429,15,1
1,NewOrder,1770894124.721781,24494,18,1
2,Payment,1770894124.722862,6032,12,1
1,NewOrder,1770894124.724183,32746,11,1
1,NewOrder,1770894124.724519,34797,21,1
1,NewOrder,1770894124.724701,34636,23,1
1,NewOrder,1770894124.724829,35058,10,1
1,NewOrder,1770894124.724871,20226,8,1
2,Payment,1770894124.724901,8403,16,1
4,Delivery,1770894124.726687,13823,6,1
2,Payment,1770894124.726833,16513,19,1
1,NewOrder,1770894124.728337,29028,4,1
2,Payment,1770894124.728910,10819,12,1
5,StockLevel,1770894124.731517,20942,0,1
1,NewOrder,1770894124.731982,4925,13,1
1,NewOrder,1770894124.732861,26502,2,1
2,Payment,1770894124.733317,8334,16,1
2,Payment,1770894124.735622,10151,3,1
2,Payment,1770894124.736150,13306,20,1
2,Payment,1770894124.736202,14928,22,1
2,Payment,1770894124.736291,12687,5,1
1,NewOrder,1770894124.736749,7031,1,1
1,NewOrder,1770894124.736927,26795,13,1
2,Payment,1770894124.739757,9636,12,1
2,Payment,1770894124.740532,9200,6,1
3,OrderStatus,1770894124.740627,7609,17,1
4,Delivery,1770894124.741667,99006,16,1
2,Payment,1770894124.743373,9604,19,1
1,NewOrder,1770894124.743799,16798,1,1
2,Payment,1770894124.745116,11222,8,1
2,Payment,1770894124.745162,8775,15,1
1,NewOrder,1770894124.745791,25721,3,1
2,Payment,1770894124.746221,12054,14,1
1,NewOrder,1770894124.746292,23043,18,1
5,StockLevel,1770894124.748250,15052,17,1
2,Payment,1770894124.749002,8942,5,1
2,Payment,1770894124.749419,11702,12,1
1,NewOrder,1770894124.749502,21573,20,1
1,NewOrder,1770894124.749746,35798,6,1
1,NewOrder,1770894124.751153,33256,22,1
1,NewOrder,1770894124.752476,21541,0,1
2,Payment,1770894124.752997,8147,19,1
2,Payment,1770894124.753939,7966,9,1
2,Payment,1770894124.753954,10412,15,1
2,Payment,1770894124.756352,7915,8,1
2,Payment,1770894124.756955,13417,11,1
1,NewOrder,1770894124.757387,30300,4,1
4,Delivery,1770894124.757962,64686,5,1
4,Delivery,1770894124.758289,82687,14,1
4,Delivery,1770894124.759330,85513,21,1
2,Payment,1770894124.759357,17341,23,1
1,NewOrder,1770894124.759378,28797,2,1
1,NewOrder,1770894124.759872,17527,7,1
1,NewOrder,1770894124.759906,30776,10,1
1,NewOrder,1770894124.760610,23762,1,1
5,StockLevel,1770894124.761137,12665,12,1
2,Payment,1770894124.761156,17879,19,1
5,StockLevel,1770894124.761942,20280,9,1
5,StockLevel,1770894124.763320,14624,17,1
2,Payment,1770894124.763733,8939,13,1
5,StockLevel,1770894124.764282,17564,8,1
1,NewOrder,1770894124.764386,30352,15,1
2,Payment,1770894124.769351,11064,18,1
4,Delivery,1770894124.770398,128139,11,1
1,NewOrder,1770894124.771094,33905,20,1
1,NewOrder,1770894124.771529,35023,3,1
1,NewOrder,1770894124.772689,23566,13,1
2,Payment,1770894124.773818,9551,12,1
1,NewOrder,1770894124.774041,33029,0,1
2,Payment,1770894124.776724,13365,23,1
1,NewOrder,1770894124.777420,32528,7,1
1,NewOrder,1770894124.777970,29130,17,1
1,NewOrder,1770894124.779054,25921,19,1
1,NewOrder,1770894124.780435,29829,18,1
2,Payment,1770894124.781859,8614,8,1
1,NewOrder,1770894124.782240,23499,9,1
1,NewOrder,1770894124.783396,26522,12,1
1,NewOrder,1770894124.784399,25815,1,1
2,Payment,1770894124.784437,7667,22,1
2,Payment,1770894124.785571,9793,6,1
1,NewOrder,1770894124.787702,16915,4,1
1,NewOrder,1770894124.788202,28599,2,1
1,NewOrder,1770894124.790104,23253,23,1
2,Payment,1770894124.790500,10399,8,1
2,Payment,1770894124.790704,7796,10,1
1,NewOrder,1770894124.792131,32948,22,1
1,NewOrder,1770894124.794759,28414,15,1
2,Payment,1770894124.795380,8063,6,1
2,Payment,1770894124.796283,7861,13,1
2,Payment,1770894124.798519,8581,10,1
2,Payment,1770894124.800920,8122,8,1
3,OrderStatus,1770894124.803469,5704,6,1
2,Payment,1770894124.804170,6066,13,1
2,Payment,1770894124.804644,6568,4,1
2,Payment,1770894124.805001,7962,19,1
2,Payment,1770894124.805023,5271,20,1
4,Delivery,1770894124.805765,93200,9,1
1,NewOrder,1770894124.806569,31693,3,1
1,NewOrder,1770894124.807083,25503,0,1
1,NewOrder,1770894124.807123,29507,17,1
2,Payment,1770894124.807130,6729,10,1
2,Payment,1770894124.809064,6517,8,1
1,NewOrder,1770894124.809200,17476,6,1
2,Payment,1770894124.809945,7213,12,1
2,Payment,1770894124.809969,7567,7,1
1,NewOrder,1770894124.810236,20567,1,1
4,Delivery,1770894124.810251,30769,13,1
5,StockLevel,1770894124.810286,17321,18,1
1,NewOrder,1770894124.810318,21116,20,1
2,Payment,1770894124.811226,7530,4,1
1,NewOrder,1770894124.812980,22118,19,1
1,NewOrder,1770894124.813384,19369,23,1
1,NewOrder,1770894124.813875,20144,10,1
2,Payment,1770894124.815601,4904,8,1
2,Payment,1770894124.816818,7446,2,1
2,Payment,1770894124.817187,5950,12,1
1,NewOrder,1770894124.817560,24790,7,1
2,Payment,1770894124.818770,7557,4,1
2,Payment,1770894124.820527,6119,8,1
1,NewOrder,1770894124.822666,30827,5,1
2,Payment,1770894124.823160,11561,12,1
2,Payment,1770894124.823194,8281,15,1
2,Payment,1770894124.824286,11772,2,1
4,Delivery,1770894124.825105,20203,22,1
5,StockLevel,1770894124.826346,14353,4,1
1,NewOrder,1770894124.826659,26449,8,1
1,NewOrder,1770894124.826694,21693,6,1
2,Payment,1770894124.827622,5467,18,1
2,Payment,1770894124.830827,6904,1,1
2,Payment,1770894124.831450,5197,20,1
3,OrderStatus,1770894124.831502,7493,15,1
1,NewOrder,1770894124.832604,39025,0,1
1,NewOrder,1770894124.832779,19270,23,1
1,NewOrder,1770894124.833109,21581,18,1
1,NewOrder,1770894124.834033,28896,10,1
1,NewOrder,1770894124.834737,33794,12,1
2,Payment,1770894124.835126,5669,19,1
1,NewOrder,1770894124.836085,38350,2,1
4,Delivery,1770894124.836647,4369,17,1
2,Payment,1770894124.836664,9518,20,1
1,NewOrder,1770894124.837751,24904,1,1
2,Payment,1770894124.838279,10476,3,1
1,NewOrder,1770894124.839017,36051,15,1
2,Payment,1770894124.840689,10246,16,1
1,NewOrder,1770894124.840715,38625,4,1
2,Payment,1770894124.840822,8992,19,1
5,StockLevel,1770894124.840995,2276,14,1
1,NewOrder,1770894124.841035,27768,17,1
1,NewOrder,1770894124.841042,5553,13,1
4,Delivery,1770894124.842373,56636,7,1
1,NewOrder,1770894124.843288,24764,14,1
1,NewOrder,1770894124.844859,27670,21,1
2,Payment,1770894124.845326,6109,22,1
2,Payment,1770894124.846204,7681,20,1
1,NewOrder,1770894124.846615,12990,13,1
2,Payment,1770894124.848416,8504,6,1
2,Payment,1770894124.848770,8673,3,1
2,Payment,1770894124.849834,10437,19,1
4,Delivery,1770894124.850950,69530,16,1
2,Payment,1770894124.851455,5881,22,1
2,Payment,1770894124.852061,10842,23,1
1,NewOrder,1770894124.853128,17359,8,1
2,Payment,1770894124.853506,15471,5,1
1,NewOrder,1770894124.853907,28117,20,1
5,StockLevel,1770894124.854704,13689,18,1
2,Payment,1770894124.856938,6602,6,1
1,NewOrder,1770894124.857353,3540,22,1
2,Payment,1770894124.857456,9029,3,1
2,Payment,1770894124.859618,7622,13,1
1,NewOrder,1770894124.860289,26136,19,1
1,NewOrder,1770894124.860912,12573,22,1
2,Payment,1770894124.862677,13028,1,1
2,Payment,1770894124.862919,7665,23,1
2,Payment,1770894124.862944,4170,10,1
2,Payment,1770894124.863552,5487,6,1
2,Payment,1770894124.866512,7906,3,1
1,NewOrder,1770894124.867129,25727,10,1
1,NewOrder,1770894124.867251,27058,13,1
2,Payment,1770894124.868068,9846,14,1
1,NewOrder,1770894124.868410,16339,18,1
1,NewOrder,1770894124.868551,18931,12,1
1,NewOrder,1770894124.868822,27851,17,1
1,NewOrder,1770894124.868999,16738,5,1
1,NewOrder,1770894124.869055,28165,6,1
2,Payment,1770894124.870504,6825,8,1
3,OrderStatus,1770894124.870596,8675,23,1
2,Payment,1770894124.871646,9735,0,1
2,Payment,1770894124.872544,7357,21,1
1,NewOrder,1770894124.873512,20832,22,1
1,NewOrder,1770894124.874439,25737,3,1
2,Payment,1770894124.874451,9722,2,1
1,NewOrder,1770894124.875086,18823,15,1
2,Payment,1770894124.875723,15711,1,1
2,Payment,1770894124.877352,6368,8,1
2,Payment,1770894124.877931,9972,14,1
5,StockLevel,1770894124.879284,23286,23,1
2,Payment,1770894124.879356,10104,4,1
1,NewOrder,1770894124.879916,32746,21,1
2,Payment,1770894124.881401,12958,0,1
2,Payment,1770894124.882038,5926,20,1
2,Payment,1770894124.883744,5194,8,1
1,NewOrder,1770894124.884189,18272,2,1
1,NewOrder,1770894124.884771,37569,18,1
2,Payment,1770894124.885751,11267,5,1
1,NewOrder,1770894124.886451,22303,19,1
2,Payment,1770894124.887504,8561,12,1
1,NewOrder,1770894124.887921,34381,14,1
2,Payment,1770894124.887980,4468,20,1
1,NewOrder,1770894124.888958,33004,8,1
1,NewOrder,1770894124.889489,18579,4,1
2,Payment,1770894124.891454,10846,1,1
1,NewOrder,1770894124.892465,42240,20,1
2,Payment,1770894124.892877,14468,10,1
2,Payment,1770894124.893924,8055,15,1
1,NewOrder,1770894124.894326,28853,13,1
1,NewOrder,1770894124.894361,36157,22,1
2,Payment,1770894124.894379,6047,0,1
2,Payment,1770894124.896078,7990,12,1
2,Payment,1770894124.896687,9109,17,1
1,NewOrder,1770894124.897039,16346,5,1
1,NewOrder,1770894124.897240,29858,6,1
2,Payment,1770894124.898552,12596,11,1
2,Payment,1770894124.898983,14213,9,1
1,NewOrder,1770894124.899025,6070,7,1
1,NewOrder,1770894124.900200,21733,3,1
1,NewOrder,1770894124.900443,23412,0,1
1,NewOrder,1770894124.901998,22479,15,1
2,Payment,1770894124.902320,2374,1,1
2,Payment,1770894124.902476,10756,2,1
2,Payment,1770894124.902587,13101,23,1
2,Payment,1770894124.904085,6480,12,1
1,NewOrder,1770894124.904707,24867,1,1
1,NewOrder,1770894124.905111,13031,7,1
2,Payment,1770894124.905808,10658,17,1
1,NewOrder,1770894124.907370,22268,10,1
2,Payment,1770894124.908083,11765,4,1
1,NewOrder,1770894124.908773,34632,19,1
1,NewOrder,1770894124.910586,41247,12,1
5,StockLevel,1770894124.911165,20808,11,1
1,NewOrder,1770894124.912682,25808,21,1
1,NewOrder,1770894124.913217,8091,9,1
2,Payment,1770894124.913250,9090,2,1
1,NewOrder,1770894124.913396,17475,5,1
1,NewOrder,1770894124.915711,19975,23,1
2,Payment,1770894124.916488,9795,17,1
2,Payment,1770894124.918190,7901,7,1
1,NewOrder,1770894124.919871,25095,4,1
4,Delivery,1770894124.920498,55630,16,1
1,NewOrder,1770894124.921320,27160,9,1
2,Payment,1770894124.921954,11598,3,1
4,Delivery,1770894124.921983,54277,8,1
1,NewOrder,1770894124.922339,32035,14,1
2,Payment,1770894124.922363,7238,18,1
2,Payment,1770894124.922368,6600,2,1
2,Payment,1770894124.923198,8295,13,1
1,NewOrder,1770894124.923871,22147,0,1
2,Payment,1770894124.924493,12205,15,1
1,NewOrder,1770894124.926106,18274,7,1
1,NewOrder,1770894124.926301,43644,17,1
1,NewOrder,1770894124.927129,30044,6,1
1,NewOrder,1770894124.928983,21398,2,1
1,NewOrder,1770894124.929589,21914,1,1
2,Payment,1770894124.929614,8469,18,1
2,Payment,1770894124.929666,8844,10,1
1,NewOrder,1770894124.930540,24438,22,1
1,NewOrder,1770894124.930884,21458,5,1
2,Payment,1770894124.931521,6960,13,1
1,NewOrder,1770894124.931989,38938,11,1
2,Payment,1770894124.933570,9044,3,1
1,NewOrder,1770894124.934719,20285,20,1
1,NewOrder,1770894124.935703,38381,23,1
1,NewOrder,1770894124.936719,40700,15,1
2,Payment,1770894124.938103,6240,18,1
2,Payment,1770894124.938493,6530,13,1
4,Delivery,1770894124.938510,63247,21,1
1,NewOrder,1770894124.938535,23491,10,1
2,Payment,1770894124.942631,8220,3,1
1,NewOrder,1770894124.943422,32099,19,1
1,NewOrder,1770894124.944353,15548,18,1
1,NewOrder,1770894124.944408,28491,7,1
1,NewOrder,1770894124.944978,31116,4,1
2,Payment,1770894124.945042,6432,13,1
3,OrderStatus,1770894124.946037,8380,0,1
2,Payment,1770894124.948499,14675,9,1
1,NewOrder,1770894124.950407,31093,2,1
1,NewOrder,1770894124.950870,31382,3,1
1,NewOrder,1770894124.951496,27388,13,1
1,NewOrder,1770894124.951517,25672,1,1
2,Payment,1770894124.951851,8183,12,1
3,OrderStatus,1770894124.952359,7207,5,1
2,Payment,1770894124.954393,10916,14,1
2,Payment,1770894124.954442,9773,0,1
2,Payment,1770894124.955000,6597,22,1
3,OrderStatus,1770894124.955020,5651,20,1
2,Payment,1770894124.957194,8627,6,1
2,Payment,1770894124.959590,7901,5,1
1,NewOrder,1770894124.959918,37456,18,1
1,NewOrder,1770894124.960055,34436,12,1
1,NewOrder,1770894124.960685,37823,20,1
1,NewOrder,1770894124.961620,35728,22,1
1,NewOrder,1770894124.962048,19565,10,1
1,NewOrder,1770894124.963188,39112,9,1
2,Payment,1770894124.964232,11804,0,1
4,Delivery,1770894124.965319,11077,14,1
1,NewOrder,1770894124.965839,24181,6,1
1,NewOrder,1770894124.967513,30367,5,1
4,Delivery,1770894124.969965,6613,17,1
2,Payment,1770894124.970952,10147,11,1
5,StockLevel,1770894124.972915,25399,7,1
2,Payment,1770894124.974102,10043,23,1
2,Payment,1770894124.975549,13244,19,1
2,Payment,1770894124.976048,8229,0,1
2,Payment,1770894124.976117,10270,4,1
1,NewOrder,1770894124.976155,26586,16,1
2,Payment,1770894124.976288,7464,8,1
1,NewOrder,1770894124.976405,10023,14,1
1,NewOrder,1770894124.976594,30309,17,1
2,Payment,1770894124.977197,13689,1,1
4,Delivery,1770894124.977435,65686,15,1
1,NewOrder,1770894124.978904,24252,13,1
1,NewOrder,1770894124.981120,21653,11,1
4,Delivery,1770894124.981514,33663,2,1
5,StockLevel,1770894124.981641,18931,10,1
1,NewOrder,1770894124.982269,19997,3,1
2,Payment,1770894124.983769,10683,8,1
2,Payment,1770894124.984170,9354,23,1
2,Payment,1770894124.984296,8606,0,1
1,NewOrder,1770894124.986410,19997,4,1
2,Payment,1770894124.986442,10239,14,1
1,NewOrder,1770894124.988812,14318,19,1
4,Delivery,1770894124.990046,12189,6,1
5,StockLevel,1770894124.990900,17642,1,1
4,Delivery,1770894124.992917,22627,0,1
2,Payment,1770894124.993543,11368,23,1
2,Payment,1770894124.994471,4613,8,1
1,NewOrder,1770894124.994517,34561,12,1
2,Payment,1770894124.996696,7881,14,1
2,Payment,1770894124.997393,9426,18,1
1,NewOrder,1770894124.997408,24624,22,1
1,NewOrder,1770894124.997905,22073,5,1
1,NewOrder,1770894124.998336,31445,7,1
2,Payment,1770894124.998528,10260,20,1
1,NewOrder,1770894124.999103,27417,8,1
2,Payment,1770894125.000592,9156,10,1
2,Payment,1770894125.001776,8629,21,1
1,NewOrder,1770894125.002246,20188,6,1
2,Payment,1770894125.002285,6142,3,1
1,NewOrder,1770894125.002316,22373,9,1
2,Payment,1770894125.002756,7696,16,1
2,Payment,1770894125.002790,8668,11,1
1,NewOrder,1770894125.003143,20258,19,1
4,Delivery,1770894125.003168,39182,13,1
2,Payment,1770894125.004603,8818,14,1
4,Delivery,1770894125.004926,79305,23,1
4,Delivery,1770894125.006444,9486,4,1
1,NewOrder,1770894125.006833,20680,18,1
1,NewOrder,1770894125.006913,37833,17,1
4,Delivery,1770894125.008443,7499,3,1
2,Payment,1770894125.008568,8414,1,1
2,Payment,1770894125.008805,4193,20,1
2,Payment,1770894125.009769,7528,10,1
2,Payment,1770894125.010416,10112,21,1
1,NewOrder,1770894125.010466,35749,16,1
1,NewOrder,1770894125.011480,36843,11,1
1,NewOrder,1770894125.013010,34947,20,1
1,NewOrder,1770894125.013440,28991,14,1
2,Payment,1770894125.015203,20799,2,1
2,Payment,1770894125.015560,3426,0,1
4,Delivery,1770894125.015948,63138,4,1
2,Payment,1770894125.015961,9138,3,1
2,Payment,1770894125.016994,12697,1,1
2,Payment,1770894125.017305,5458,10,1
2,Payment,1770894125.019003,8363,0,1
2,Payment,1770894125.019996,11672,5,1
1,NewOrder,1770894125.020554,26357,21,1
1,NewOrder,1770894125.022057,14212,22,1
4,Delivery,1770894125.022448,11645,6,1
2,Payment,1770894125.022784,4308,10,1
2,Payment,1770894125.023419,3614,19,1
1,NewOrder,1770894125.024712,24009,9,1
1,NewOrder,1770894125.025127,21813,3,1
2,Payment,1770894125.026531,6867,8,1
1,NewOrder,1770894125.027040,20689,19,1
2,Payment,1770894125.027120,8410,10,1
3,OrderStatus,1770894125.027390,1426,0,1
2,Payment,1770894125.027522,7425,18,1
2,Payment,1770894125.028840,11227,0,1
1,NewOrder,1770894125.029103,36696,12,1
2,Payment,1770894125.029716,4302,1,1
2,Payment,1770894125.029795,7488,7,1
2,Payment,1770894125.031685,6222,5,1
3,OrderStatus,1770894125.033416,8935,8,1
1,NewOrder,1770894125.034035,17918,1,1
1,NewOrder,1770894125.034114,29205,6,1
5,StockLevel,1770894125.034967,16230,18,1
1,NewOrder,1770894125.035544,29854,10,1
1,NewOrder,1770894125.036027,25577,2,1
1,NewOrder,1770894125.036284,29581,22,1
3,OrderStatus,1770894125.037298,8410,7,1
2,Payment,1770894125.037933,4504,5,1
2,Payment,1770894125.040085,4278,0,1
2,Payment,1770894125.042375,1668,13,1
1,NewOrder,1770894125.042377,25483,8,1
2,Payment,1770894125.042457,12764,14,1
3,OrderStatus,1770894125.042461,6324,5,1
2,Payment,1770894125.043135,15587,15,1
2,Payment,1770894125.044061,12564,13,1
4,Delivery,1770894125.044379,34984,0,1
1,NewOrder,1770894125.044772,33002,17,1
1,NewOrder,1770894125.045724,15856,7,1
2,Payment,1770894125.046234,14067,16,1
2,Payment,1770894125.046942,8947,21,1
1,NewOrder,1770894125.046960,31248,3,1
2,Payment,1770894125.047754,8546,19,1
2,Payment,1770894125.047980,10298,20,1
2,Payment,1770894125.048340,7419,11,1
5,StockLevel,1770894125.048733,16759,9,1
1,NewOrder,1770894125.048802,36815,5,1
1,NewOrder,1770894125.051218,28619,18,1
2,Payment,1770894125.051980,10030,1,1
1,NewOrder,1770894125.055248,25429,14,1
3,OrderStatus,1770894125.055779,8480,11,1
1,NewOrder,1770894125.055916,38405,21,1
2,Payment,1770894125.056319,6234,19,1
1,NewOrder,1770894125.056644,5323,13,1
1,NewOrder,1770894125.058290,28766,20,1
1,NewOrder,1770894125.058746,30369,15,1
4,Delivery,1770894125.060321,54140,16,1
2,Payment,1770894125.061609,8275,7,1
2,Payment,1770894125.061626,9517,2,1
1,NewOrder,1770894125.061986,17385,13,1
4,Delivery,1770894125.062027,17372,1,1
2,Payment,1770894125.062570,7804,19,1
1,NewOrder,1770894125.063336,21222,6,1
1,NewOrder,1770894125.064275,43664,11,1
2,Payment,1770894125.065408,8514,10,1
4,Delivery,1770894125.065510,66917,9,1
1,NewOrder,1770894125.065815,23502,12,1
1,NewOrder,1770894125.065883,38091,22,1
1,NewOrder,1770894125.067875,23296,8,1
2,Payment,1770894125.069901,9331,7,1
1,NewOrder,1770894125.070400,33320,19,1
1,NewOrder,1770894125.071163,45214,2,1
2,Payment,1770894125.073943,7485,10,1
2,Payment,1770894125.077792,10298,17,1
2,Payment,1770894125.078222,10462,3,1
2,Payment,1770894125.079095,11519,4,1
1,NewOrder,1770894125.079256,29690,7,1
1,NewOrder,1770894125.079386,5622,0,1
1,NewOrder,1770894125.079389,17931,13,1
2,Payment,1770894125.079424,13104,1,1
2,Payment,1770894125.079853,7745,18,1
2,Payment,1770894125.080702,11000,14,1
1,NewOrder,1770894125.081439,34484,10,1
1,NewOrder,1770894125.084256,44653,23,1
2,Payment,1770894125.084580,6494,6,1
5,StockLevel,1770894125.085026,11119,0,1
1,NewOrder,1770894125.085644,35064,5,1
2,Payment,1770894125.087069,10076,20,1
2,Payment,1770894125.087625,13174,18,1
2,Payment,1770894125.088105,8650,17,1
1,NewOrder,1770894125.088698,25757,3,1
2,Payment,1770894125.089137,10395,15,1
1,NewOrder,1770894125.089337,28539,12,1
1,NewOrder,1770894125.090640,19385,4,1
2,Payment,1770894125.091088,8685,6,1
1,NewOrder,1770894125.091196,22481,8,1
2,Payment,1770894125.091714,9474,14,1
2,Payment,1770894125.092554,2736,1,1
2,Payment,1770894125.094348,20061,21,1
2,Payment,1770894125.095305,1729,1,1
2,Payment,1770894125.096171,9418,0,1
1,NewOrder,1770894125.096770,34995,17,1
5,StockLevel,1770894125.097044,2776,1,1
2,Payment,1770894125.097171,6913,20,1
1,NewOrder,1770894125.097345,27208,13,1
1,NewOrder,1770894125.099544,39235,15,1
1,NewOrder,1770894125.099799,28395,6,1
1,NewOrder,1770894125.099831,20289,1,1
2,Payment,1770894125.100835,5632,18,1
1,NewOrder,1770894125.101213,21480,14,1
2,Payment,1770894125.103743,8021,19,1
1,NewOrder,1770894125.103998,20118,22,1
1,NewOrder,1770894125.104108,19313,20,1
1,NewOrder,1770894125.105603,40721,0,1
2,Payment,1770894125.106485,9841,18,1
1,NewOrder,1770894125.107962,31496,11,1
1,NewOrder,1770894125.108959,24613,7,1
1,NewOrder,1770894125.110049,39930,4,1
1,NewOrder,1770894125.111786,28621,19,1
1,NewOrder,1770894125.113699,23627,8,1
1,NewOrder,1770894125.114425,10217,21,1
1,NewOrder,1770894125.114483,41311,16,1
2,Payment,1770894125.114486,8571,3,1
1,NewOrder,1770894125.115948,24882,10,1
1,NewOrder,1770894125.116348,24460,18,1
2,Payment,1770894125.116397,8547,2,1
1,NewOrder,1770894125.117899,41051,12,1
1,NewOrder,1770894125.120138,27972,1,1
1,NewOrder,1770894125.120724,20793,5,1
2,Payment,1770894125.122709,9026,14,1
1,NewOrder,1770894125.123077,40135,3,1
1,NewOrder,1770894125.123440,25926,20,1
3,OrderStatus,1770894125.124146,7218,22,1
2,Payment,1770894125.124576,9618,13,1
4,Delivery,1770894125.124668,40908,21,1
2,Payment,1770894125.124957,6379,2,1
2,Payment,1770894125.128211,8362,6,1
1,NewOrder,1770894125.128929,26312,23,1
5,StockLevel,1770894125.131353,20095,2,1
1,NewOrder,1770894125.131391,36392,22,1
1,NewOrder,1770894125.131754,42182,14,1
1,NewOrder,1770894125.131781,32136,17,1
1,NewOrder,1770894125.132438,30700,9,1
5,StockLevel,1770894125.133597,14563,7,1
2,Payment,1770894125.134209,6729,13,1
1,NewOrder,1770894125.136586,26197,6,1
5,StockLevel,1770894125.137337,13480,8,1
2,Payment,1770894125.138791,8860,15,1
2,Payment,1770894125.139484,8516,11,1
5,StockLevel,1770894125.140430,19602,19,1
2,Payment,1770894125.140822,5888,18,1
1,NewOrder,1770894125.140844,22785,10,1
1,NewOrder,1770894125.140951,19263,13,1
1,NewOrder,1770894125.141536,18650,5,1
1,NewOrder,1770894125.146350,31145,0,1
1,NewOrder,1770894125.146727,14629,18,1
2,Payment,1770894125.147667,8092,15,1
1,NewOrder,1770894125.148025,19304,11,1
1,NewOrder,1770894125.148122,31552,1,1
2,Payment,1770894125.148173,7654,7,1
1,NewOrder,1770894125.149378,22050,20,1
1,NewOrder,1770894125.149993,35464,4,1
2,Payment,1770894125.150832,9847,8,1
2,Payment,1770894125.151459,8171,2,1
4,Delivery,1770894125.155267,10889,23,1
1,NewOrder,1770894125.155775,20636,15,1
2,Payment,1770894125.155815,7369,16,1
2,Payment,1770894125.155843,7306,7,1
4,Delivery,1770894125.158964,17647,12,1
1,NewOrder,1770894125.159647,28405,2,1
1,NewOrder,1770894125.160046,29064,19,1
1,NewOrder,1770894125.160199,36599,5,1
2,Payment,1770894125.160233,7583,13,1
2,Payment,1770894125.160698,7146,8,1
2,Payment,1770894125.161370,8830,18,1
1,NewOrder,1770894125.162799,19515,6,1
2,Payment,1770894125.163154,13319,9,1
1,NewOrder,1770894125.163164,18151,7,1
2,Payment,1770894125.163198,11210,16,1
2,Payment,1770894125.163236,9913,3,1
2,Payment,1770894125.163643,17635,10,1
2,Payment,1770894125.163942,12876,17,1
5,StockLevel,1770894125.165591,19130,21,1
1,NewOrder,1770894125.166173,13914,23,1
2,Payment,1770894125.167347,10933,11,1
2,Payment,1770894125.167797,7966,22,1
1,NewOrder,1770894125.167832,26713,13,1
1,NewOrder,1770894125.167862,24017,8,1
5,StockLevel,1770894125.170214,16863,18,1
3,OrderStatus,1770894125.171442,6986,20,1
1,NewOrder,1770894125.173174,21366,3,1
2,Payment,1770894125.173949,9034,14,1
2,Payment,1770894125.174433,12196,16,1
2,Payment,1770894125.175775,6763,22,1
1,NewOrder,1770894125.176434,28107,15,1
1,NewOrder,1770894125.176491,32077,9,1
2,Payment,1770894125.176638,12250,12,1
2,Payment,1770894125.176832,8347,17,1
2,Payment,1770894125.177509,5435,0,1
2,Payment,1770894125.178302,6322,11,1
3,OrderStatus,1770894125.178446,8670,20,1
2,Payment,1770894125.179689,9393,1,1
2,Payment,1770894125.180098,15638,23,1
1,NewOrder,1770894125.181303,13895,10,1
2,Payment,1770894125.181341,8553,7,1
1,NewOrder,1770894125.182339,31441,6,1
4,Delivery,1770894125.182563,47486,22,1
1,NewOrder,1770894125.182959,42532,0,1
2,Payment,1770894125.182996,11101,14,1
1,NewOrder,1770894125.184637,32471,11,1
1,NewOrder,1770894125.184748,43725,21,1
1,NewOrder,1770894125.185196,30264,17,1
1,NewOrder,1770894125.185491,22318,4,1
1,NewOrder,1770894125.186643,28175,16,1
1,NewOrder,1770894125.187091,28871,18,1
2,Payment,1770894125.187137,10456,20,1
2,Payment,1770894125.188074,10187,2,1
2,Payment,1770894125.188910,6797,12,1
1,NewOrder,1770894125.189095,31357,1,1
1,NewOrder,1770894125.189123,14808,19,1
2,Payment,1770894125.189906,5620,7,1
1,NewOrder,1770894125.191903,22578,8,1
2,Payment,1770894125.194116,10250,14,1
2,Payment,1770894125.194557,12839,3,1
2,Payment,1770894125.194569,7460,13,1
2,Payment,1770894125.195223,7788,10,1
1,NewOrder,1770894125.195542,19260,7,1
3,OrderStatus,1770894125.195724,6818,12,1
2,Payment,1770894125.195753,12095,23,1
1,NewOrder,1770894125.196813,25696,5,1
1,NewOrder,1770894125.197615,22776,20,1
1,NewOrder,1770894125.198281,37978,2,1
1,NewOrder,1770894125.202049,21388,13,1
2,Payment,1770894125.202564,8923,12,1
3,OrderStatus,1770894125.203035,7285,10,1
1,NewOrder,1770894125.203953,29962,19,1
1,NewOrder,1770894125.204385,15326,14,1
2,Payment,1770894125.204567,8598,15,1
1,NewOrder,1770894125.207413,38770,3,1
1,NewOrder,1770894125.207825,27698,4,1
2,Payment,1770894125.207874,9272,23,1
3,OrderStatus,1770894125.208587,7977,9,1
2,Payment,1770894125.210349,6701,10,1
2,Payment,1770894125.211513,8725,12,1
1,NewOrder,1770894125.213191,41694,15,1
4,Delivery,1770894125.213800,27954,6,1
4,Delivery,1770894125.214506,26915,8,1
2,Payment,1770894125.214821,5605,7,1
1,NewOrder,1770894125.214837,25930,16,1
1,NewOrder,1770894125.215473,29735,17,1
2,Payment,1770894125.215982,9832,18,1
2,Payment,1770894125.216582,14848,9,1
2,Payment,1770894125.217062,8791,10,1
2,Payment,1770894125.217122,6326,11,1
2,Payment,1770894125.217160,6939,23,1
1,NewOrder,1770894125.219727,35186,14,1
1,NewOrder,1770894125.220253,36770,12,1
1,NewOrder,1770894125.220408,35033,20,1
2,Payment,1770894125.220443,8541,7,1
1,NewOrder,1770894125.220466,18479,1,1
2,Payment,1770894125.222534,8882,5,1
2,Payment,1770894125.223454,7460,13,1
1,NewOrder,1770894125.223463,32837,11,1
1,NewOrder,1770894125.224117,27274,23,1
2,Payment,1770894125.225519,7686,0,1
1,NewOrder,1770894125.225833,17965,18,1
1,NewOrder,1770894125.225872,11056,10,1
1,NewOrder,1770894125.228490,36997,21,1
4,Delivery,1770894125.229003,12788,7,1
2,Payment,1770894125.230062,5805,22,1
1,NewOrder,1770894125.230924,25765,13,1
2,Payment,1770894125.231426,6152,5,1
2,Payment,1770894125.231453,2450,9,1
2,Payment,1770894125.233226,11039,0,1
3,OrderStatus,1770894125.233921,4857,9,1
1,NewOrder,1770894125.233930,20588,19,1
1,NewOrder,1770894125.235540,31325,4,1
2,Payment,1770894125.235883,5551,22,1
1,NewOrder,1770894125.236272,32703,2,1
1,NewOrder,1770894125.236954,32082,10,1
2,Payment,1770894125.237604,8607,5,1
1,NewOrder,1770894125.238794,31245,9,1
2,Payment,1770894125.238965,9134,1,1
2,Payment,1770894125.240786,9238,16,1
2,Payment,1770894125.241447,4311,8,1
1,NewOrder,1770894125.241453,25849,22,1
2,Payment,1770894125.241773,5235,6,1
2,Payment,1770894125.241809,7221,7,1
2,Payment,1770894125.243816,13178,18,1
1,NewOrder,1770894125.244278,28949,0,1
1,NewOrder,1770894125.245225,27973,17,1
2,Payment,1770894125.245777,12450,8,1
2,Payment,1770894125.246203,7466,3,1
1,NewOrder,1770894125.246224,32673,5,1
1,NewOrder,1770894125.247030,5993,6,1
3,OrderStatus,1770894125.248113,8034,1,1
5,StockLevel,1770894125.249049,10137,7,1
2,Payment,1770894125.250042,7063,16,1
1,NewOrder,1770894125.251415,33780,23,1
2,Payment,1770894125.253040,7029,6,1
2,Payment,1770894125.253694,9072,3,1
2,Payment,1770894125.254533,8884,19,1
1,NewOrder,1770894125.254904,24437,15,1
2,Payment,1770894125.254932,8645,14,1
1,NewOrder,1770894125.255460,32478,20,1
5,StockLevel,1770894125.256160,19127,1,1
1,NewOrder,1770894125.256315,20406,11,1
2,Payment,1770894125.256713,9166,13,1
1,NewOrder,1770894125.257007,33764,18,1
2,Payment,1770894125.257038,10200,12,1
1,NewOrder,1770894125.257117,27404,16,1
1,NewOrder,1770894125.258240,29209,8,1
2,Payment,1770894125.259202,7097,7,1
2,Payment,1770894125.260078,3129,6,1
1,NewOrder,1770894125.262783,28875,3,1
2,Payment,1770894125.263215,4952,6,1
1,NewOrder,1770894125.263441,32907,19,1
2,Payment,1770894125.263588,9079,14,1
2,Payment,1770894125.265505,11846,21,1
5,StockLevel,1770894125.265892,19377,13,1
2,Payment,1770894125.266316,8666,7,1
1,NewOrder,1770894125.266891,42302,4,1
2,Payment,1770894125.267252,8237,12,1
1,NewOrder,1770894125.267316,20681,22,1
4,Delivery,1770894125.268180,12000,6,1
2,Payment,1770894125.268987,11226,2,1
1,NewOrder,1770894125.269061,15408,10,1
2,Payment,1770894125.270064,9246,9,1
2,Payment,1770894125.272684,8905,14,1
5,StockLevel,1770894125.273210,14338,17,1
2,Payment,1770894125.273253,8764,0,1
2,Payment,1770894125.275009,12900,7,1
5,StockLevel,1770894125.275313,11919,1,1
2,Payment,1770894125.275509,7961,12,1
1,NewOrder,1770894125.276746,24791,11,1
2,Payment,1770894125.277376,10638,21,1
1,NewOrder,1770894125.278924,29278,5,1
2,Payment,1770894125.279336,10507,9,1
1,NewOrder,1770894125.279362,29352,15,1
2,Payment,1770894125.280197,11785,6,1
2,Payment,1770894125.280228,9175,2,1
2,Payment,1770894125.281607,9113,14,1
1,NewOrder,1770894125.282036,25880,0,1
2,Payment,1770894125.283497,9451,12,1
1,NewOrder,1770894125.284495,21183,10,1
3,OrderStatus,1770894125.284545,8518,16,1
1,NewOrder,1770894125.285221,29223,23,1
1,NewOrder,1770894125.285285,42129,13,1
2,Payment,1770894125.287257,8744,1,1
2,Payment,1770894125.287476,8905,8,1
2,Payment,1770894125.287566,10953,17,1
1,NewOrder,1770894125.287925,27171,7,1
2,Payment,1770894125.287955,6780,20,1
3,OrderStatus,1770894125.288024,7428,22,1
1,NewOrder,1770894125.288042,19155,21,1
1,NewOrder,1770894125.289429,36495,2,1
2,Payment,1770894125.289860,8260,9,1
1,NewOrder,1770894125.290733,35227,14,1
1,NewOrder,1770894125.290788,25892,18,1
2,Payment,1770894125.291681,9831,3,1
1,NewOrder,1770894125.291992,23611,6,1
2,Payment,1770894125.292967,8108,12,1
2,Payment,1770894125.293073,10119,16,1
4,Delivery,1770894125.294753,65090,20,1
1,NewOrder,1770894125.295478,26631,22,1
2,Payment,1770894125.296014,7776,1,1
1,NewOrder,1770894125.296357,23714,19,1
4,Delivery,1770894125.296399,29105,8,1
2,Payment,1770894125.298136,8048,9,1
1,NewOrder,1770894125.298530,32951,17,1
2,Payment,1770894125.301086,8020,12,1
5,StockLevel,1770894125.301530,19260,3,1
2,Payment,1770894125.301549,8811,11,1
2,Payment,1770894125.303212,9367,16,1
2,Payment,1770894125.303807,7245,1,1
1,NewOrder,1770894125.305690,25478,10,1
2,Payment,1770894125.306210,11183,9,1
1,NewOrder,1770894125.307219,34508,21,1
2,Payment,1770894125.307943,12809,0,1
1,NewOrder,1770894125.308227,14971,5,1
1,NewOrder,1770894125.308731,34151,15,1
3,OrderStatus,1770894125.309132,9050,12,1
1,NewOrder,1770894125.309206,26498,4,1
2,Payment,1770894125.310371,8578,11,1
2,Payment,1770894125.311068,11517,1,1
2,Payment,1770894125.312597,7618,16,1
4,Delivery,1770894125.314460,45806,23,1
1,NewOrder,1770894125.315110,35947,7,1
1,NewOrder,1770894125.315615,35036,6,1
2,Payment,1770894125.316705,5911,18,1
1,NewOrder,1770894125.317416,18593,9,1
1,NewOrder,1770894125.318198,17845,12,1
1,NewOrder,1770894125.318964,21234,11,1
2,Payment,1770894125.320097,9443,19,1
2,Payment,1770894125.320241,5746,16,1
1,NewOrder,1770894125.320789,24990,0,1
1,NewOrder,1770894125.320806,29472,3,1
5,StockLevel,1770894125.322119,23574,22,1
1,NewOrder,1770894125.322610,11805,1,1
2,Payment,1770894125.322638,10502,18,1
2,Payment,1770894125.323224,9573,5,1
1,NewOrder,1770894125.325520,29908,8,1
2,Payment,1770894125.325939,8917,2,1
1,NewOrder,1770894125.325975,32629,14,1
1,NewOrder,1770894125.326006,31327,16,1
1,NewOrder,1770894125.327440,4039,13,1
2,Payment,1770894125.329566,6869,19,1
2,Payment,1770894125.331183,5988,10,1
2,Payment,1770894125.331495,7225,17,1
2,Payment,1770894125.331505,11508,13,1
2,Payment,1770894125.332814,10637,5,1
2,Payment,1770894125.333164,5003,18,1
3,OrderStatus,1770894125.334440,11668,1,1
2,Payment,1770894125.334881,4529,2,1
1,NewOrder,1770894125.335730,40744,4,1
2,Payment,1770894125.336023,9059,9,1
2,Payment,1770894125.336064,8922,12,1
2,Payment,1770894125.336449,9609,19,1
1,NewOrder,1770894125.337185,34140,10,1
5,StockLevel,1770894125.338184,14812,18,1
3,OrderStatus,1770894125.338746,6810,17,1
3,OrderStatus,1770894125.339436,8929,2,1
3,OrderStatus,1770894125.340224,8366,11,1
1,NewOrder,1770894125.341742,23351,21,1
3,OrderStatus,1770894125.342899,9545,15,1
1,NewOrder,1770894125.343040,7577,13,1
1,NewOrder,1770894125.343476,22306,5,1
2,Payment,1770894125.345011,5670,12,1
1,NewOrder,1770894125.345108,38910,9,1
1,NewOrder,1770894125.345581,38712,17,1
1,NewOrder,1770894125.345708,21765,22,1
3,OrderStatus,1770894125.345796,8890,0,1
4,Delivery,1770894125.346071,14619,19,1
2,Payment,1770894125.346134,7222,1,1
1,NewOrder,1770894125.348391,27904,2,1
2,Payment,1770894125.348606,7463,11,1
2,Payment,1770894125.350305,7055,3,1
1,NewOrder,1770894125.350639,16853,13,1
1,NewOrder,1770894125.350676,24823,6,1
2,Payment,1770894125.350700,6155,12,1
1,NewOrder,1770894125.351074,17993,7,1
1,NewOrder,1770894125.352472,30933,15,1
5,StockLevel,1770894125.353015,12812,18,1
1,NewOrder,1770894125.353371,24793,1,1
2,Payment,1770894125.354712,16118,0,1
1,NewOrder,1770894125.355448,32916,8,1
2,Payment,1770894125.356095,11037,11,1
3,OrderStatus,1770894125.356879,11490,12,1
1,NewOrder,1770894125.357350,29031,16,1
1,NewOrder,1770894125.357375,24350,3,1
1,NewOrder,1770894125.358629,39354,14,1
1,NewOrder,1770894125.359859,38053,20,1
5,StockLevel,1770894125.360287,1553,23,1
1,NewOrder,1770894125.360708,6805,19,1
5,StockLevel,1770894125.361856,7554,23,1
2,Payment,1770894125.365116,7480,21,1
2,Payment,1770894125.365795,7253,5,1
1,NewOrder,1770894125.365842,17502,18,1
1,NewOrder,1770894125.367150,24376,11,1
1,NewOrder,1770894125.367499,20277,22,1
3,OrderStatus,1770894125.367519,6132,13,1
4,Delivery,1770894125.367526,23338,19,1
2,Payment,1770894125.368379,9407,12,1
2,Payment,1770894125.369082,8754,7,1
1,NewOrder,1770894125.369434,32451,23,1
2,Payment,1770894125.370852,9853,0,1
2,Payment,1770894125.371340,8588,10,1
1,NewOrder,1770894125.372622,24151,21,1
2,Payment,1770894125.373074,9612,5,1
3,OrderStatus,1770894125.373677,5873,13,1
2,Payment,1770894125.375524,6637,6,1
1,NewOrder,1770894125.376320,27822,2,1
2,Payment,1770894125.376501,12594,4,1
2,Payment,1770894125.377803,6904,12,1
1,NewOrder,1770894125.377854,24877,7,1
2,Payment,1770894125.378191,8728,1,1
1,NewOrder,1770894125.379574,21550,13,1
2,Payment,1770894125.379948,6916,10,1
2,Payment,1770894125.380728,10686,0,1
2,Payment,1770894125.381752,11259,3,1
1,NewOrder,1770894125.382179,32054,6,1
1,NewOrder,1770894125.382712,23582,5,1
1,NewOrder,1770894125.383370,28093,18,1
2,Payment,1770894125.383422,8298,15,1
1,NewOrder,1770894125.384043,43097,9,1
2,Payment,1770894125.384308,10246,17,1
1,NewOrder,1770894125.384732,27173,12,1
2,Payment,1770894125.386405,11004,16,1
2,Payment,1770894125.386878,9057,10,1
1,NewOrder,1770894125.386946,19443,1,1
5,StockLevel,1770894125.387803,16640,22,1
1,NewOrder,1770894125.388380,26439,8,1
2,Payment,1770894125.389121,6634,4,1
1,NewOrder,1770894125.390890,29147,19,1
2,Payment,1770894125.391436,7497,0,1
2,Payment,1770894125.391537,9759,11,1
2,Payment,1770894125.391745,8482,15,1
2,Payment,1770894125.393038,8735,3,1
2,Payment,1770894125.394571,10988,17,1
2,Payment,1770894125.395778,7677,4,1
1,NewOrder,1770894125.395955,28279,10,1
1,NewOrder,1770894125.396799,29882,21,1
4,Delivery,1770894125.397435,54749,16,1
1,NewOrder,1770894125.397931,19717,20,1
2,Payment,1770894125.398005,9565,14,1
2,Payment,1770894125.398948,9738,0,1
2,Payment,1770894125.400244,10365,15,1
1,NewOrder,1770894125.401138,34433,13,1
2,Payment,1770894125.401323,8328,11,1
2,Payment,1770894125.401787,4635,3,1
2,Payment,1770894125.401910,12126,23,1
1,NewOrder,1770894125.402752,33908,7,1
2,Payment,1770894125.403475,8920,4,1
1,NewOrder,1770894125.404168,34283,2,1
3,OrderStatus,1770894125.404459,8244,22,1
4,Delivery,1770894125.405586,46893,17,1
1,NewOrder,1770894125.406310,32767,5,1
1,NewOrder,1770894125.406415,30508,1,1
4,Delivery,1770894125.406438,90464,3,1
1,NewOrder,1770894125.407589,20339,14,1
2,Payment,1770894125.408703,7887,0,1
2,Payment,1770894125.409666,7533,11,1
2,Payment,1770894125.410635,7770,15,1
2,Payment,1770894125.411477,6239,18,1
1,NewOrder,1770894125.411919,25419,12,1
1,NewOrder,1770894125.412414,19452,4,1
3,OrderStatus,1770894125.412729,5539,22,1
2,Payment,1770894125.414053,11801,23,1
2,Payment,1770894125.414259,6656,6,1
2,Payment,1770894125.414834,7752,8,1
2,Payment,1770894125.416604,7208,0,1
1,NewOrder,1770894125.417214,32109,11,1
4,Delivery,1770894125.417663,51815,20,1
1,NewOrder,1770894125.417743,16836,18,1
1,NewOrder,1770894125.418293,33999,22,1
1,NewOrder,1770894125.418431,18875,15,1
1,NewOrder,1770894125.420055,22284,19,1
2,Payment,1770894125.420930,8806,6,1
1,NewOrder,1770894125.422611,24764,8,1
1,NewOrder,1770894125.423839,27157,0,1
3,OrderStatus,1770894125.424255,8535,10,1
2,Payment,1770894125.425875,7317,23,1
1,NewOrder,1770894125.426696,29688,21,1
2,Payment,1770894125.427156,8716,9,1
1,NewOrder,1770894125.427943,25762,14,1
2,Payment,1770894125.429766,9225,6,1
1,NewOrder,1770894125.431885,33013,4,1
2,Payment,1770894125.432816,10331,10,1
1,NewOrder,1770894125.433219,17260,23,1
1,NewOrder,1770894125.434595,20311,18,1
1,NewOrder,1770894125.435589,19420,13,1
1,NewOrder,1770894125.435888,22141,9,1
2,Payment,1770894125.436677,8282,7,1
2,Payment,1770894125.436949,8633,1,1
1,NewOrder,1770894125.437319,35460,15,1
4,Delivery,1770894125.437357,15202,12,1
1,NewOrder,1770894125.438463,22547,2,1
1,NewOrder,1770894125.439022,27287,6,1
2,Payment,1770894125.439091,8848,5,1
3,OrderStatus,1770894125.442351,9305,19,1
1,NewOrder,1770894125.443165,28349,10,1
1,NewOrder,1770894125.444986,20898,7,1
3,OrderStatus,1770894125.445602,8492,1,1
2,Payment,1770894125.447387,15741,8,1
2,Payment,1770894125.447958,7037,5,1
2,Payment,1770894125.449341,15806,11,1
2,Payment,1770894125.450500,7346,23,1
1,NewOrder,1770894125.451017,31116,0,1
2,Payment,1770894125.451670,17276,19,1
1,NewOrder,1770894125.452195,21136,16,1
1,NewOrder,1770894125.452313,24953,22,1
2,Payment,1770894125.452497,2443,17,1
2,Payment,1770894125.452575,4163,12,1
2,Payment,1770894125.453720,8090,14,1
2,Payment,1770894125.454115,10627,1,1
1,NewOrder,1770894125.454926,27817,18,1
4,Delivery,1770894125.454953,130629,17,1
1,NewOrder,1770894125.455026,22699,5,1
5,StockLevel,1770894125.455028,20589,13,1
2,Payment,1770894125.456395,14508,21,1
2,Payment,1770894125.456761,6791,12,1
2,Payment,1770894125.457860,9562,23,1
1,NewOrder,1770894125.458043,43722,9,1
1,NewOrder,1770894125.461023,29598,2,1
2,Payment,1770894125.461824,10437,14,1
1,NewOrder,1770894125.463140,23517,8,1
1,NewOrder,1770894125.463573,32327,12,1
1,NewOrder,1770894125.464759,17947,1,1
1,NewOrder,1770894125.464919,39384,4,1
5,StockLevel,1770894125.465159,18464,11,1
1,NewOrder,1770894125.465897,41888,7,1
1,NewOrder,1770894125.466324,38094,6,1
2,Payment,1770894125.467444,8563,23,1
2,Payment,1770894125.468963,3686,19,1
1,NewOrder,1770894125.469488,21724,20,1
2,Payment,1770894125.470929,6730,21,1
2,Payment,1770894125.471531,7646,10,1
1,NewOrder,1770894125.472273,28229,14,1
2,Payment,1770894125.472662,7467,19,1
1,NewOrder,1770894125.472792,34005,15,1
1,NewOrder,1770894125.473348,30607,16,1
2,Payment,1770894125.475639,12546,13,1
5,StockLevel,1770894125.476021,17013,23,1
2,Payment,1770894125.477282,8053,22,1
1,NewOrder,1770894125.477679,29565,21,1
1,NewOrder,1770894125.477741,25222,5,1
1,NewOrder,1770894125.479187,35626,10,1
2,Payment,1770894125.480150,8411,19,1
1,NewOrder,1770894125.482151,34925,0,1
3,OrderStatus,1770894125.482717,6992,1,1
2,Payment,1770894125.482765,8401,18,1
2,Payment,1770894125.483648,7918,11,1
2,Payment,1770894125.485358,12068,22,1
2,Payment,1770894125.486676,10297,8,1
2,Payment,1770894125.488202,9241,13,1
1,NewOrder,1770894125.488572,20939,19,1
2,Payment,1770894125.489714,10095,1,1
1,NewOrder,1770894125.490642,30123,2,1
1,NewOrder,1770894125.491176,21697,18,1
1,NewOrder,1770894125.491237,26219,20,1
2,Payment,1770894125.491578,8697,11,1
2,Payment,1770894125.493057,8374,23,1
1,NewOrder,1770894125.495926,22901,12,1
1,NewOrder,1770894125.496919,24835,3,1
1,NewOrder,1770894125.496999,27234,8,1
2,Payment,1770894125.497452,7895,22,1
5,StockLevel,1770894125.497484,13817,13,1
1,NewOrder,1770894125.499822,27057,1,1
2,Payment,1770894125.500300,8573,11,1
2,Payment,1770894125.500518,6758,14,1
1,NewOrder,1770894125.501442,29878,23,1
4,Delivery,1770894125.501784,49241,9,1
1,NewOrder,1770894125.502976,26955,5,1
1,NewOrder,1770894125.503970,26389,16,1
2,Payment,1770894125.504328,8202,4,1
1,NewOrder,1770894125.504446,30382,6,1
2,Payment,1770894125.505357,6552,22,1
2,Payment,1770894125.506807,10595,15,1
2,Payment,1770894125.507260,10197,21,1
2,Payment,1770894125.507294,6478,14,1
1,NewOrder,1770894125.507795,20097,7,1
2,Payment,1770894125.508901,8618,11,1
2,Payment,1770894125.509536,9872,19,1
2,Payment,1770894125.511323,8186,13,1
1,NewOrder,1770894125.511933,51226,22,1
5,StockLevel,1770894125.512545,17987,4,1
2,Payment,1770894125.512899,8476,18,1
2,Payment,1770894125.513798,9640,14,1
1,NewOrder,1770894125.514830,36042,10,1
1,NewOrder,1770894125.517101,19947,0,1
1,NewOrder,1770894125.517420,18388,15,1
1,NewOrder,1770894125.517485,34717,21,1
1,NewOrder,1770894125.517502,52371,20,1
4,Delivery,1770894125.517545,34196,11,1
2,Payment,1770894125.518851,7017,12,1
2,Payment,1770894125.519418,5180,19,1
2,Payment,1770894125.519528,8710,13,1
2,Payment,1770894125.520774,6849,2,1
4,Delivery,1770894125.521395,15915,18,1
1,NewOrder,1770894125.521766,30037,3,1
1,NewOrder,1770894125.523457,39722,14,1
2,Payment,1770894125.524243,7827,8,1
2,Payment,1770894125.524612,6762,19,1
2,Payment,1770894125.525879,7035,12,1
1,NewOrder,1770894125.526906,42652,1,1
1,NewOrder,1770894125.527645,26665,2,1
1,NewOrder,1770894125.527907,49020,7,1
4,Delivery,1770894125.528251,56869,13,1
1,NewOrder,1770894125.529958,44885,5,1
1,NewOrder,1770894125.530373,45372,16,1
2,Payment,1770894125.530557,20227,4,1
2,Payment,1770894125.531345,23353,23,1
2,Payment,1770894125.531397,5644,19,1
1,NewOrder,1770894125.532094,42791,8,1
2,Payment,1770894125.532941,18038,12,1
2,Payment,1770894125.534854,27921,6,1
2,Payment,1770894125.535833,25392,15,1
2,Payment,1770894125.537062,23316,19,1
1,NewOrder,1770894125.537075,38269,0,1
3,OrderStatus,1770894125.537342,24843,18,1
1,NewOrder,1770894125.550808,19170,4,1
2,Payment,1770894125.550902,13983,10,1
1,NewOrder,1770894125.550995,18899,12,1
4,Delivery,1770894125.551053,31049,9,1
1,NewOrder,1770894125.551765,25973,11,1
2,Payment,1770894125.551821,9281,3,1
3,OrderStatus,1770894125.552219,7947,21,1
2,Payment,1770894125.554330,8790,2,1
1,NewOrder,1770894125.554725,34372,23,1
2,Payment,1770894125.560188,15102,21,1
1,NewOrder,1770894125.560402,23560,19,1
1,NewOrder,1770894125.561120,31213,3,1
1,NewOrder,1770894125.561242,23519,15,1
2,Payment,1770894125.562211,16298,18,1
2,Payment,1770894125.562798,7180,6,1
2,Payment,1770894125.563136,12186,2,1
4,Delivery,1770894125.563185,45013,22,1
3,OrderStatus,1770894125.563200,8932,14,1
2,Payment,1770894125.564904,10390,10,1
2,Payment,1770894125.569583,15081,1,1
1,NewOrder,1770894125.569906,18638,20,1
1,NewOrder,1770894125.569918,21491,12,1
2,Payment,1770894125.570002,16544,4,1
2,Payment,1770894125.570004,8102,6,1
5,StockLevel,1770894125.572153,12199,14,1
2,Payment,1770894125.574861,21678,5,1
4,Delivery,1770894125.574901,7564,8,1
5,StockLevel,1770894125.575310,4738,21,1
2,Payment,1770894125.575311,5398,10,1
1,NewOrder,1770894125.575334,16440,2,1
2,Payment,1770894125.575362,13515,0,1
1,NewOrder,1770894125.575770,43377,16,1
2,Payment,1770894125.576943,14618,7,1
2,Payment,1770894125.577754,18757,11,1
1,NewOrder,1770894125.578131,30379,6,1
2,Payment,1770894125.578533,2705,18,1
1,NewOrder,1770894125.580064,37448,21,1
1,NewOrder,1770894125.580734,10143,10,1
2,Payment,1770894125.581264,3051,18,1
2,Payment,1770894125.582114,11225,9,1
2,Payment,1770894125.582484,12370,8,1
1,NewOrder,1770894125.583973,41100,19,1
2,Payment,1770894125.584333,6915,18,1
1,NewOrder,1770894125.584378,32755,14,1
2,Payment,1770894125.584679,17018,1,1
3,OrderStatus,1770894125.584777,8011,15,1
4,Delivery,1770894125.585134,14399,13,1
1,NewOrder,1770894125.585597,27430,17,1
2,Payment,1770894125.586572,4662,4,1
1,NewOrder,1770894125.588567,33358,20,1
2,Payment,1770894125.588892,4787,0,1
4,Delivery,1770894125.589122,19169,23,1
1,NewOrder,1770894125.590901,30994,10,1
1,NewOrder,1770894125.591251,25101,4,1
1,NewOrder,1770894125.591274,20570,18,1
4,Delivery,1770894125.591436,8773,12,1
2,Payment,1770894125.591583,21508,7,1
1,NewOrder,1770894125.591785,44559,2,1
1,NewOrder,1770894125.592344,39813,3,1
2,Payment,1770894125.592798,13073,15,1
1,NewOrder,1770894125.593364,25783,9,1
4,Delivery,1770894125.593693,2432,0,1
1,NewOrder,1770894125.594869,32124,8,1
2,Payment,1770894125.596138,2558,0,1
1,NewOrder,1770894125.596526,30945,11,1
2,Payment,1770894125.596558,3627,5,1
4,Delivery,1770894125.598710,22429,0,1
1,NewOrder,1770894125.599546,20226,13,1
2,Payment,1770894125.600200,8258,5,1
2,Payment,1770894125.600229,8784,12,1
1,NewOrder,1770894125.601712,38722,1,1
1,NewOrder,1770894125.605883,41760,15,1
2,Payment,1770894125.608224,5523,22,1
1,NewOrder,1770894125.608314,17804,23,1
2,Payment,1770894125.608472,4107,5,1
2,Payment,1770894125.608533,11131,6,1
2,Payment,1770894125.609036,10073,12,1
1,NewOrder,1770894125.611870,31476,18,1
1,NewOrder,1770894125.612605,19350,5,1
1,NewOrder,1770894125.613049,18979,17,1
2,Payment,1770894125.613105,8763,7,1
2,Payment,1770894125.613764,5794,22,1
2,Payment,1770894125.616378,7981,4,1
2,Payment,1770894125.617156,10249,14,1
2,Payment,1770894125.617530,4690,21,1
1,NewOrder,1770894125.619134,21450,12,1
1,NewOrder,1770894125.619177,32711,9,1
2,Payment,1770894125.619179,10200,16,1
2,Payment,1770894125.619573,5529,22,1
4,Delivery,1770894125.619682,11892,6,1
1,NewOrder,1770894125.619798,24901,13,1
1,NewOrder,1770894125.621155,24101,0,1
4,Delivery,1770894125.621884,10011,7,1
1,NewOrder,1770894125.621913,37734,10,1
1,NewOrder,1770894125.621937,40178,20,1
2,Payment,1770894125.622236,6779,21,1
2,Payment,1770894125.624372,7750,4,1
1,NewOrder,1770894125.625092,33278,19,1
2,Payment,1770894125.625121,6816,22,1
1,NewOrder,1770894125.626129,24898,23,1
2,Payment,1770894125.627007,13616,8,1
1,NewOrder,1770894125.627430,36481,14,1
1,NewOrder,1770894125.627490,34214,11,1
4,Delivery,1770894125.629040,40321,21,1
1,NewOrder,1770894125.629405,42211,16,1
3,OrderStatus,1770894125.631600,12308,6,1
2,Payment,1770894125.631913,10270,7,1
1,NewOrder,1770894125.631965,31567,22,1
2,Payment,1770894125.631983,8074,5,1
1,NewOrder,1770894125.632043,24699,17,1
5,StockLevel,1770894125.632140,20006,4,1
5,StockLevel,1770894125.632168,19458,3,1
1,NewOrder,1770894125.636360,8858,2,1
2,Payment,1770894125.640083,8913,5,1
2,Payment,1770894125.640461,2404,1,1
2,Payment,1770894125.640599,5049,12,1
2,Payment,1770894125.640648,5031,8,1
2,Payment,1770894125.642198,6312,7,1
2,Payment,1770894125.642888,8247,1,1
1,NewOrder,1770894125.643365,34631,18,1
2,Payment,1770894125.643932,8089,6,1
2,Payment,1770894125.644713,7238,13,1
1,NewOrder,1770894125.645235,32747,2,1
1,NewOrder,1770894125.645269,35890,0,1
4,Delivery,1770894125.645667,17052,12,1
2,Payment,1770894125.645697,12215,8,1
1,NewOrder,1770894125.647667,24849,15,1
2,Payment,1770894125.648537,6507,7,1
1,NewOrder,1770894125.649020,19304,5,1
1,NewOrder,1770894125.651033,28683,23,1
2,Payment,1770894125.651150,1883,1,1
5,StockLevel,1770894125.651643,14771,3,1
2,Payment,1770894125.651912,8330,9,1
1,NewOrder,1770894125.651968,32937,13,1
2,Payment,1770894125.652047,19395,6,1
2,Payment,1770894125.652157,10834,4,1
1,NewOrder,1770894125.653045,17970,1,1
4,Delivery,1770894125.655069,22425,7,1
2,Payment,1770894125.656759,7181,17,1
5,StockLevel,1770894125.657932,20182,8,1
2,Payment,1770894125.658380,6848,19,1
2,Payment,1770894125.659672,13718,10,1
2,Payment,1770894125.660253,7478,9,1
2,Payment,1770894125.661714,13848,11,1
2,Payment,1770894125.662141,6227,20,1
1,NewOrder,1770894125.662745,42523,12,1
2,Payment,1770894125.663015,5457,4,1
2,Payment,1770894125.663539,7923,22,1
2,Payment,1770894125.663936,7506,14,1
1,NewOrder,1770894125.663966,34711,17,1
2,Payment,1770894125.665241,9107,19,1
5,StockLevel,1770894125.666426,17158,3,1
1,NewOrder,1770894125.667757,29002,9,1
5,StockLevel,1770894125.668350,17242,5,1
1,NewOrder,1770894125.668383,27729,20,1
2,Payment,1770894125.668498,8961,4,1
1,NewOrder,1770894125.669384,32552,21,1
2,Payment,1770894125.671027,9269,1,1
1,NewOrder,1770894125.671453,15179,14,1
2,Payment,1770894125.671459,6866,6,1
1,NewOrder,1770894125.671470,28062,22,1
1,NewOrder,1770894125.671642,41000,16,1
3,OrderStatus,1770894125.672526,10146,15,1
2,Payment,1770894125.673414,6918,10,1
1,NewOrder,1770894125.674370,32194,19,1
5,StockLevel,1770894125.675577,12150,11,1
1,NewOrder,1770894125.677502,36045,4,1
2,Payment,1770894125.677510,10743,7,1
1,NewOrder,1770894125.677996,26155,2,1
1,NewOrder,1770894125.678005,21605,18,1
1,NewOrder,1770894125.678124,24441,8,1
1,NewOrder,1770894125.678350,17402,6,1
4,Delivery,1770894125.679723,72197,23,1
3,OrderStatus,1770894125.680321,3823,1,1
2,Payment,1770894125.680347,10337,10,1
2,Payment,1770894125.681171,9147,0,1
2,Payment,1770894125.682697,9886,15,1
3,OrderStatus,1770894125.683610,13714,3,1
3,OrderStatus,1770894125.684170,6919,1,1
2,Payment,1770894125.684912,11758,13,1
1,NewOrder,1770894125.685611,16827,5,1
2,Payment,1770894125.686646,12848,14,1
5,StockLevel,1770894125.687745,15892,11,1
1,NewOrder,1770894125.688278,20848,7,1
3,OrderStatus,1770894125.690325,6294,0,1
1,NewOrder,1770894125.690700,35854,10,1
5,StockLevel,1770894125.691114,12639,1,1
1,NewOrder,1770894125.692607,27766,15,1
4,Delivery,1770894125.695777,12858,6,1
2,Payment,1770894125.696128,8678,20,1
2,Payment,1770894125.696627,8673,0,1
2,Payment,1770894125.696684,5655,13,1
1,NewOrder,1770894125.696783,16788,9,1
1,NewOrder,1770894125.697354,38722,3,1
2,Payment,1770894125.698690,8537,17,1
2,Payment,1770894125.699520,5470,14,1
2,Payment,1770894125.699558,7065,22,1
2,Payment,1770894125.699638,9339,18,1
4,Delivery,1770894125.701960,50239,21,1
1,NewOrder,1770894125.702364,16966,13,1
1,NewOrder,1770894125.702462,24500,5,1
1,NewOrder,1770894125.702591,22897,8,1
2,Payment,1770894125.703650,9957,11,1
2,Payment,1770894125.703779,10286,1,1
2,Payment,1770894125.704177,11472,2,1
1,NewOrder,1770894125.704827,37394,20,1
1,NewOrder,1770894125.705003,22049,14,1
4,Delivery,1770894125.705295,15705,12,1
1,NewOrder,1770894125.705326,36387,0,1
3,OrderStatus,1770894125.706572,6457,19,1
1,NewOrder,1770894125.706645,24913,22,1
1,NewOrder,1770894125.707252,26594,17,1
1,NewOrder,1770894125.708640,25864,6,1
2,Payment,1770894125.708994,4653,18,1
1,NewOrder,1770894125.709152,24714,7,1
1,NewOrder,1770894125.712666,23059,16,1
2,Payment,1770894125.713054,7082,19,1
3,OrderStatus,1770894125.713571,6314,4,1
1,NewOrder,1770894125.713588,18857,9,1
1,NewOrder,1770894125.713635,21251,11,1
2,Payment,1770894125.713672,8831,18,1
1,NewOrder,1770894125.714091,15837,1,1
2,Payment,1770894125.715657,6205,2,1
4,Delivery,1770894125.719350,3655,13,1
1,NewOrder,1770894125.719917,31964,4,1
1,NewOrder,1770894125.720148,31771,19,1
1,NewOrder,1770894125.720400,24892,15,1
2,Payment,1770894125.721011,9507,12,1
1,NewOrder,1770894125.721873,26199,2,1
1,NewOrder,1770894125.722522,19559,18,1
1,NewOrder,1770894125.723021,23431,13,1
2,Payment,1770894125.725513,9410,8,1
4,Delivery,1770894125.726578,66801,10,1
1,NewOrder,1770894125.726973,19860,5,1
2,Payment,1770894125.727067,5742,14,1
1,NewOrder,1770894125.729946,16840,1,1
1,NewOrder,1770894125.730545,32909,12,1
1,NewOrder,1770894125.731584,15578,22,1
1,NewOrder,1770894125.732471,15979,9,1
2,Payment,1770894125.732832,6475,14,1
1,NewOrder,1770894125.733872,14620,17,1
2,Payment,1770894125.733882,5787,7,1
2,Payment,1770894125.734521,9099,6,1
2,Payment,1770894125.734902,7199,11,1
2,Payment,1770894125.734946,10842,8,1
1,NewOrder,1770894125.735743,21604,16,1
2,Payment,1770894125.736085,7191,3,1
1,NewOrder,1770894125.739332,17437,14,1
2,Payment,1770894125.739682,9652,7,1
1,NewOrder,1770894125.741737,41632,0,1
2,Payment,1770894125.742100,5122,18,1
1,NewOrder,1770894125.742116,39898,11,1
1,NewOrder,1770894125.742234,40261,20,1
1,NewOrder,1770894125.743302,19464,3,1
1,NewOrder,1770894125.743646,39251,6,1
3,OrderStatus,1770894125.745317,7589,15,1
3,OrderStatus,1770894125.745804,6105,8,1
1,NewOrder,1770894125.746462,24185,13,1
2,Payment,1770894125.746798,4700,1,1
2,Payment,1770894125.746848,6431,5,1
1,NewOrder,1770894125.747169,24824,22,1
1,NewOrder,1770894125.747248,25565,18,1
2,Payment,1770894125.748078,6660,2,1
4,Delivery,1770894125.748465,45227,9,1
1,NewOrder,1770894125.748517,32364,17,1
2,Payment,1770894125.749347,7909,7,1
2,Payment,1770894125.751521,12871,1,1
2,Payment,1770894125.751904,10317,4,1
2,Payment,1770894125.751923,7564,8,1
1,NewOrder,1770894125.751928,22747,19,1
4,Delivery,1770894125.751946,76405,23,1
1,NewOrder,1770894125.752216,4984,21,1
2,Payment,1770894125.752920,10939,15,1
2,Payment,1770894125.753296,7358,5,1
1,NewOrder,1770894125.754745,19091,2,1
2,Payment,1770894125.756794,8976,14,1
2,Payment,1770894125.757215,2625,21,1
2,Payment,1770894125.757271,6156,7,1
2,Payment,1770894125.757359,10958,16,1
1,NewOrder,1770894125.759504,29547,8,1
2,Payment,1770894125.759860,6271,21,1
2,Payment,1770894125.760680,8962,5,1
2,Payment,1770894125.762236,5190,4,1
2,Payment,1770894125.762789,13579,3,1
1,NewOrder,1770894125.763448,41319,7,1
2,Payment,1770894125.763468,8953,12,1
2,Payment,1770894125.763881,10389,15,1
1,NewOrder,1770894125.764402,20016,1,1
1,NewOrder,1770894125.765784,21695,14,1
2,Payment,1770894125.766155,6710,21,1
1,NewOrder,1770894125.767449,42170,4,1
2,Payment,1770894125.768334,8724,16,1
2,Payment,1770894125.769650,3842,5,1
1,NewOrder,1770894125.770673,31809,13,1
1,NewOrder,1770894125.772000,18224,22,1
1,NewOrder,1770894125.772436,37796,12,1
1,NewOrder,1770894125.772827,18629,18,1
2,Payment,1770894125.772892,6446,21,1
1,NewOrder,1770894125.773499,22658,5,1
1,NewOrder,1770894125.773839,22698,2,1
5,StockLevel,1770894125.774283,20060,15,1
2,Payment,1770894125.774681,6578,19,1
1,NewOrder,1770894125.776384,32342,3,1
2,Payment,1770894125.777074,5390,16,1
2,Payment,1770894125.779362,6856,21,1
1,NewOrder,1770894125.780906,24147,17,1
1,NewOrder,1770894125.781267,34798,19,1
5,StockLevel,1770894125.782037,18804,11,1
2,Payment,1770894125.782480,8983,16,1
1,NewOrder,1770894125.782515,24429,20,1
1,NewOrder,1770894125.782906,41672,6,1
1,NewOrder,1770894125.783380,33272,0,1
2,Payment,1770894125.784424,6999,1,1
2,Payment,1770894125.786234,6117,21,1
1,NewOrder,1770894125.787501,23977,14,1
1,NewOrder,1770894125.789065,25826,8,1
1,NewOrder,1770894125.790232,26069,22,1
1,NewOrder,1770894125.791436,33065,1,1
2,Payment,1770894125.791472,5110,18,1
1,NewOrder,1770894125.791495,27321,16,1
2,Payment,1770894125.792377,7205,21,1
1,NewOrder,1770894125.793404,35053,10,1
2,Payment,1770894125.793710,2815,9,1
1,NewOrder,1770894125.794357,40935,15,1
2,Payment,1770894125.796163,10419,5,1
1,NewOrder,1770894125.796543,14980,9,1
2,Payment,1770894125.796545,8258,2,1
1,NewOrder,1770894125.796606,23996,18,1
2,Payment,1770894125.799596,11035,21,1
1,NewOrder,1770894125.800851,36582,11,1
2,Payment,1770894125.802490,8164,13,1
2,Payment,1770894125.804798,8395,7,1
1,NewOrder,1770894125.804810,19289,2,1
1,NewOrder,1770894125.805077,25439,17,1
2,Payment,1770894125.806589,5681,5,1
2,Payment,1770894125.806961,8545,20,1
1,NewOrder,1770894125.808746,20905,3,1
2,Payment,1770894125.809630,8779,4,1
2,Payment,1770894125.810256,8572,12,1
1,NewOrder,1770894125.810656,24876,21,1
2,Payment,1770894125.810667,6020,13,1
1,NewOrder,1770894125.811499,24721,14,1
1,NewOrder,1770894125.811549,30219,9,1
1,NewOrder,1770894125.812281,29143,5,1
2,Payment,1770894125.813200,7802,7,1
2,Payment,1770894125.814899,9184,8,1
2,Payment,1770894125.815523,7764,20,1
2,Payment,1770894125.816090,8730,19,1
1,NewOrder,1770894125.816305,29868,22,1
2,Payment,1770894125.816665,9758,0,1
1,NewOrder,1770894125.816693,18495,13,1
1,NewOrder,1770894125.818423,30820,4,1
2,Payment,1770894125.818843,9481,16,1
2,Payment,1770894125.818848,7013,12,1
2,Payment,1770894125.820616,7282,18,1
1,NewOrder,1770894125.821016,19916,7,1
2,Payment,1770894125.823296,8922,20,1
1,NewOrder,1770894125.824096,18656,8,1
1,NewOrder,1770894125.824106,29181,2,1
1,NewOrder,1770894125.824504,21410,1,1
3,OrderStatus,1770894125.824598,6973,6,1
1,NewOrder,1770894125.824826,16945,19,1
4,Delivery,1770894125.825877,13418,12,1
1,NewOrder,1770894125.826435,31928,0,1
4,Delivery,1770894125.827915,13495,18,1
2,Payment,1770894125.828344,6374,16,1
2,Payment,1770894125.828378,6811,23,1
1,NewOrder,1770894125.828483,40043,10,1
2,Payment,1770894125.829664,8192,3,1
5,StockLevel,1770894125.830541,13405,17,1
2,Payment,1770894125.831589,9891,6,1
2,Payment,1770894125.832227,8000,20,1
1,NewOrder,1770894125.834735,19526,16,1
1,NewOrder,1770894125.835202,26692,13,1
2,Payment,1770894125.835205,7915,23,1
2,Payment,1770894125.835315,10536,15,1
2,Payment,1770894125.835545,18118,21,1
1,NewOrder,1770894125.836246,21569,14,1
3,OrderStatus,1770894125.837446,8239,11,1
2,Payment,1770894125.837881,7403,3,1
2,Payment,1770894125.839310,9112,12,1
2,Payment,1770894125.840236,8615,20,1
1,NewOrder,1770894125.840937,20332,7,1
2,Payment,1770894125.841422,14232,18,1
2,Payment,1770894125.841431,5078,5,1
3,OrderStatus,1770894125.841495,6211,6,1
2,Payment,1770894125.841777,16437,19,1
1,NewOrder,1770894125.841794,33376,9,1
1,NewOrder,1770894125.842767,18177,8,1
2,Payment,1770894125.843134,8491,23,1
2,Payment,1770894125.843973,7579,17,1
2,Payment,1770894125.845299,8923,3,1
3,OrderStatus,1770894125.845711,9238,11,1
4,Delivery,1770894125.845876,46262,15,1
2,Payment,1770894125.845923,6528,1,1
1,NewOrder,1770894125.846196,25723,22,1
2,Payment,1770894125.846516,4321,5,1
3,OrderStatus,1770894125.847712,6219,6,1
1,NewOrder,1770894125.848448,32386,12,1
1,NewOrder,1770894125.848860,15392,20,1
1,NewOrder,1770894125.849268,23199,4,1
1,NewOrder,1770894125.850842,41569,5,1
3,OrderStatus,1770894125.851578,10942,17,1
3,OrderStatus,1770894125.851651,9107,23,1
2,Payment,1770894125.852466,13914,1,1
2,Payment,1770894125.853295,16335,2,1
1,NewOrder,1770894125.853687,5622,21,1
1,NewOrder,1770894125.853936,18998,6,1
2,Payment,1770894125.854235,13728,3,1
3,OrderStatus,1770894125.854284,6384,16,1
1,NewOrder,1770894125.854975,30374,11,1
2,Payment,1770894125.855680,4130,18,1
2,Payment,1770894125.857839,9199,14,1
1,NewOrder,1770894125.858222,14226,19,1
4,Delivery,1770894125.858389,14128,0,1
1,NewOrder,1770894125.859335,25075,21,1
2,Payment,1770894125.859826,2390,18,1
1,NewOrder,1770894125.860685,32536,16,1
2,Payment,1770894125.860782,12638,23,1
2,Payment,1770894125.860971,8315,8,1
1,NewOrder,1770894125.861281,41756,7,1
5,StockLevel,1770894125.861909,15934,13,1
4,Delivery,1770894125.862230,13982,18,1
2,Payment,1770894125.862543,10408,17,1
1,NewOrder,1770894125.864259,26301,20,1
2,Payment,1770894125.866404,7450,1,1
1,NewOrder,1770894125.867060,33477,14,1
2,Payment,1770894125.867981,7861,3,1
2,Payment,1770894125.868551,10172,10,1
2,Payment,1770894125.869294,7651,8,1
5,StockLevel,1770894125.869635,13558,2,1
1,NewOrder,1770894125.871933,22303,22,1
1,NewOrder,1770894125.872455,28092,19,1
1,NewOrder,1770894125.872490,34803,4,1
2,Payment,1770894125.872543,9634,0,1
4,Delivery,1770894125.872941,15280,6,1
2,Payment,1770894125.872960,4904,17,1
2,Payment,1770894125.873445,9117,23,1
2,Payment,1770894125.873879,9607,1,1
2,Payment,1770894125.875194,7445,9,1
2,Payment,1770894125.875869,9961,3,1
3,OrderStatus,1770894125.876229,5767,18,1
1,NewOrder,1770894125.876952,39693,8,1
1,NewOrder,1770894125.877866,25597,13,1
1,NewOrder,1770894125.877882,19117,17,1
1,NewOrder,1770894125.878736,20563,10,1
1,NewOrder,1770894125.880841,25583,12,1
2,Payment,1770894125.882021,9842,18,1
1,NewOrder,1770894125.882199,25333,0,1
3,OrderStatus,1770894125.882576,8907,23,1
2,Payment,1770894125.882667,5987,9,1
1,NewOrder,1770894125.883199,28312,2,1
2,Payment,1770894125.883511,3696,1,1
2,Payment,1770894125.884429,9723,21,1
1,NewOrder,1770894125.885373,37336,11,1
1,NewOrder,1770894125.885854,20192,3,1
2,Payment,1770894125.887223,6559,1,1
2,Payment,1770894125.888238,9724,6,1
1,NewOrder,1770894125.888682,28743,9,1
1,NewOrder,1770894125.890566,35521,20,1
1,NewOrder,1770894125.891504,16966,23,1
2,Payment,1770894125.891888,6574,18,1
2,Payment,1770894125.892163,8415,15,1
2,Payment,1770894125.892427,8914,5,1
1,NewOrder,1770894125.893235,27445,16,1
1,NewOrder,1770894125.893798,29360,1,1
2,Payment,1770894125.894179,7072,21,1
1,NewOrder,1770894125.894260,23888,22,1
3,OrderStatus,1770894125.897023,8145,17,1
1,NewOrder,1770894125.897988,36332,6,1
1,NewOrder,1770894125.898487,19617,18,1
1,NewOrder,1770894125.899316,25428,10,1
2,Payment,1770894125.900559,6268,19,1
1,NewOrder,1770894125.900564,24476,14,1
4,Delivery,1770894125.900604,44307,15,1
1,NewOrder,1770894125.901278,35527,21,1
2,Payment,1770894125.901374,6103,5,1
1,NewOrder,1770894125.903045,25841,7,1
1,NewOrder,1770894125.903479,19575,13,1
2,Payment,1770894125.905194,7602,17,1
2,Payment,1770894125.906071,9927,3,1
1,NewOrder,1770894125.906435,36558,12,1
1,NewOrder,1770894125.906837,22993,19,1
2,Payment,1770894125.907300,10824,4,1
1,NewOrder,1770894125.907482,32880,5,1
2,Payment,1770894125.907551,13649,0,1
4,Delivery,1770894125.908484,69147,23,1
1,NewOrder,1770894125.911521,25264,2,1
1,NewOrder,1770894125.912822,30561,17,1
2,Payment,1770894125.916021,11237,3,1
2,Payment,1770894125.916671,11035,8,1
2,Payment,1770894125.917446,12263,9,1
2,Payment,1770894125.918131,5986,18,1
3,OrderStatus,1770894125.918150,6400,4,1
1,NewOrder,1770894125.918175,30807,22,1
2,Payment,1770894125.920698,8694,16,1
1,NewOrder,1770894125.921219,32756,0,1
1,NewOrder,1770894125.922722,29726,11,1
2,Payment,1770894125.923069,9519,13,1
2,Payment,1770894125.923183,14401,1,1
1,NewOrder,1770894125.924159,26962,18,1
2,Payment,1770894125.924568,11515,4,1
1,NewOrder,1770894125.924769,26410,10,1
2,Payment,1770894125.925053,10564,14,1
3,OrderStatus,1770894125.926107,6706,20,1
2,Payment,1770894125.927285,6704,3,1
1,NewOrder,1770894125.927733,29633,8,1
2,Payment,1770894125.928908,9159,7,1
2,Payment,1770894125.929418,11412,16,1
1,NewOrder,1770894125.929735,26732,9,1
5,StockLevel,1770894125.929844,16658,19,1
5,StockLevel,1770894125.932603,12853,13,1
1,NewOrder,1770894125.932831,38033,20,1
3,OrderStatus,1770894125.934016,9397,3,1
4,Delivery,1770894125.934346,14091,6,1
1,NewOrder,1770894125.935648,26387,14,1
1,NewOrder,1770894125.936109,33232,4,1
5,StockLevel,1770894125.936809,11289,2,1
1,NewOrder,1770894125.936819,34946,21,1
2,Payment,1770894125.937598,3190,1,1
1,NewOrder,1770894125.938089,23937,7,1
1,NewOrder,1770894125.940381,17402,5,1
2,Payment,1770894125.940800,4535,1,1
1,NewOrder,1770894125.940844,37314,16,1
2,Payment,1770894125.943006,7841,12,1
2,Payment,1770894125.943392,9434,17,1
1,NewOrder,1770894125.943440,34174,3,1
4,Delivery,1770894125.944936,40237,15,1
1,NewOrder,1770894125.945357,32816,1,1
2,Payment,1770894125.945485,9607,13,1
1,NewOrder,1770894125.946527,21775,19,1
2,Payment,1770894125.948122,9042,2,1
1,NewOrder,1770894125.948448,31564,6,1
2,Payment,1770894125.949008,8584,22,1
4,Delivery,1770894125.950861,34532,12,1
2,Payment,1770894125.951150,9018,18,1
1,NewOrder,1770894125.951191,27853,10,1
1,NewOrder,1770894125.952474,20809,11,1
2,Payment,1770894125.952852,4272,17,1
2,Payment,1770894125.953987,7639,0,1
1,NewOrder,1770894125.955106,23046,13,1
1,NewOrder,1770894125.956494,19295,9,1
1,NewOrder,1770894125.957143,15454,17,1
1,NewOrder,1770894125.957177,25720,2,1
2,Payment,1770894125.957391,9459,8,1
1,NewOrder,1770894125.957618,23742,22,1
1,NewOrder,1770894125.957797,31507,5,1
1,NewOrder,1770894125.960183,30991,18,1
2,Payment,1770894125.961640,11537,0,1
1,NewOrder,1770894125.962052,20413,7,1
1,NewOrder,1770894125.962054,16147,14,1
4,Delivery,1770894125.966868,41108,8,1
2,Payment,1770894125.968315,7087,19,1
2,Payment,1770894125.969359,7748,4,1
1,NewOrder,1770894125.970877,43589,20,1
2,Payment,1770894125.971793,6334,21,1
1,NewOrder,1770894125.972616,37329,17,1
3,OrderStatus,1770894125.973189,6152,0,1
1,NewOrder,1770894125.973302,24962,11,1
3,OrderStatus,1770894125.975414,6699,19,1
1,NewOrder,1770894125.975815,25223,9,1
2,Payment,1770894125.977132,6234,4,1
2,Payment,1770894125.977639,10749,3,1
4,Delivery,1770894125.977655,73698,23,1
1,NewOrder,1770894125.978149,26414,21,1
1,NewOrder,1770894125.978166,26246,13,1
2,Payment,1770894125.978185,6816,16,1
1,NewOrder,1770894125.978187,24949,1,1
1,NewOrder,1770894125.978214,18552,14,1
2,Payment,1770894125.979070,7003,10,1
2,Payment,1770894125.979353,12574,0,1
1,NewOrder,1770894125.980028,28532,6,1
1,NewOrder,1770894125.981378,33901,22,1
1,NewOrder,1770894125.982127,22406,19,1
2,Payment,1770894125.982485,12084,7,1
1,NewOrder,1770894125.982924,34742,2,1
2,Payment,1770894125.983383,12250,4,1
1,NewOrder,1770894125.985011,47452,16,1
1,NewOrder,1770894125.985180,37191,15,1
2,Payment,1770894125.985409,1443,12,1
5,StockLevel,1770894125.986085,24870,10,1
1,NewOrder,1770894125.986864,5423,12,1
1,NewOrder,1770894125.988414,40982,3,1
1,NewOrder,1770894125.989329,19399,5,1
1,NewOrder,1770894125.991197,22412,18,1
2,Payment,1770894125.991944,7673,0,1
2,Payment,1770894125.992302,4951,12,1
1,NewOrder,1770894125.994587,20223,7,1
2,Payment,1770894125.995651,8064,4,1
5,StockLevel,1770894125.996791,17381,14,1
1,NewOrder,1770894125.997278,39058,12,1
2,Payment,1770894125.998291,11414,11,1
1,NewOrder,1770894125.999642,43382,0,1
2,Payment,1770894126.001063,10414,9,1
4,Delivery,1770894126.003152,22808,1,1
1,NewOrder,1770894126.003738,35803,4,1
1,NewOrder,1770894126.004428,23998,13,1
2,Payment,1770894126.004543,6581,19,1
1,NewOrder,1770894126.004591,16816,21,1
2,Payment,1770894126.007992,6712,8,1
1,NewOrder,1770894126.008587,20847,6,1
2,Payment,1770894126.008751,5666,5,1
2,Payment,1770894126.009729,7430,11,1
1,NewOrder,1770894126.009959,32859,17,1
2,Payment,1770894126.010974,8702,10,1
1,NewOrder,1770894126.011134,16237,19,1
1,NewOrder,1770894126.011493,18929,9,1
2,Payment,1770894126.013629,8815,18,1
5,StockLevel,1770894126.014188,14495,14,1
1,NewOrder,1770894126.014440,28333,5,1
1,NewOrder,1770894126.014491,24191,20,1
4,Delivery,1770894126.014716,36203,8,1
1,NewOrder,1770894126.014823,19041,7,1
2,Payment,1770894126.015304,9878,22,1
1,NewOrder,1770894126.017175,38880,11,1
1,NewOrder,1770894126.017683,19244,2,1
5,StockLevel,1770894126.019702,15718,10,1
1,NewOrder,1770894126.021424,22987,21,1
2,Payment,1770894126.022387,8262,15,1
5,StockLevel,1770894126.022469,16157,18,1
4,Delivery,1770894126.025208,26474,22,1
2,Payment,1770894126.025983,5076,1,1
1,NewOrder,1770894126.027397,18965,19,1
1,NewOrder,1770894126.028441,33978,13,1
1,NewOrder,1770894126.028709,20129,14,1
1,NewOrder,1770894126.029411,27534,3,1
1,NewOrder,1770894126.029460,35621,6,1
1,NewOrder,1770894126.030441,15040,9,1
1,NewOrder,1770894126.030673,26662,15,1
2,Payment,1770894126.031072,5883,1,1
2,Payment,1770894126.032488,3458,16,1
2,Payment,1770894126.033889,8144,7,1
3,OrderStatus,1770894126.035437,7938,10,1
1,NewOrder,1770894126.035966,31657,16,1
1,NewOrder,1770894126.036347,28316,12,1
2,Payment,1770894126.036937,8103,2,1
2,Payment,1770894126.036970,6460,1,1
1,NewOrder,1770894126.038652,23324,18,1
1,NewOrder,1770894126.038698,25567,20,1
2,Payment,1770894126.039555,7971,4,1
2,Payment,1770894126.042058,8828,7,1
2,Payment,1770894126.042790,6717,5,1
1,NewOrder,1770894126.042844,29423,17,1
1,NewOrder,1770894126.043036,25826,0,1
1,NewOrder,1770894126.043391,16497,10,1
2,Payment,1770894126.043453,9440,1,1
2,Payment,1770894126.044423,6105,21,1
2,Payment,1770894126.045064,6261,2,1
1,NewOrder,1770894126.045507,35223,9,1
1,NewOrder,1770894126.046387,29791,19,1
1,NewOrder,1770894126.047542,43788,4,1
3,OrderStatus,1770894126.048862,9058,14,1
1,NewOrder,1770894126.049522,23859,5,1
1,NewOrder,1770894126.050548,32547,21,1
2,Payment,1770894126.050896,8890,7,1
1,NewOrder,1770894126.050937,38085,8,1
1,NewOrder,1770894126.051348,31447,2,1
5,StockLevel,1770894126.051380,18312,23,1
2,Payment,1770894126.051700,1822,22,1
1,NewOrder,1770894126.052916,20373,1,1
2,Payment,1770894126.053539,1684,22,1
2,Payment,1770894126.055237,2058,22,1
2,Payment,1770894126.056082,9973,11,1
1,NewOrder,1770894126.056970,28146,3,1
1,NewOrder,1770894126.057312,19040,22,1
2,Payment,1770894126.057348,10777,15,1
3,OrderStatus,1770894126.057945,8933,14,1
5,StockLevel,1770894126.059810,19290,7,1
1,NewOrder,1770894126.059908,37270,10,1
1,NewOrder,1770894126.061992,24573,18,1
2,Payment,1770894126.062432,8721,13,1
4,Delivery,1770894126.064289,36610,20,1
2,Payment,1770894126.064689,8543,12,1
1,NewOrder,1770894126.065094,32116,6,1
2,Payment,1770894126.066078,6752,11,1
1,NewOrder,1770894126.066903,32642,14,1
1,NewOrder,1770894126.067648,26622,16,1
1,NewOrder,1770894126.068139,29058,15,1
2,Payment,1770894126.068888,7582,0,1
1,NewOrder,1770894126.069715,30277,23,1
2,Payment,1770894126.071168,8097,13,1
1,NewOrder,1770894126.072293,32184,17,1
2,Payment,1770894126.072852,9115,11,1
3,OrderStatus,1770894126.073256,7247,12,1
1,NewOrder,1770894126.073304,30902,1,1
4,Delivery,1770894126.073406,56844,5,1
2,Payment,1770894126.076191,7689,19,1
2,Payment,1770894126.076377,9050,22,1
1,NewOrder,1770894126.076486,27445,0,1
1,NewOrder,1770894126.079124,34313,7,1
2,Payment,1770894126.079292,6194,13,1
3,OrderStatus,1770894126.080527,9589,12,1
2,Payment,1770894126.080748,7619,9,1
2,Payment,1770894126.081984,8385,11,1
1,NewOrder,1770894126.082820,17421,2,1
1,NewOrder,1770894126.083105,21073,21,1
1,NewOrder,1770894126.083904,18481,19,1
1,NewOrder,1770894126.085131,25921,3,1
2,Payment,1770894126.085446,3568,22,1
2,Payment,1770894126.085513,6644,13,1
1,NewOrder,1770894126.086578,26379,18,1
2,Payment,1770894126.088380,9291,9,1
2,Payment,1770894126.089027,7733,22,1
2,Payment,1770894126.089048,10774,8,1
1,NewOrder,1770894126.090147,25165,12,1
1,NewOrder,1770894126.090394,27140,11,1
2,Payment,1770894126.091356,7743,4,1
5,StockLevel,1770894126.092173,13385,13,1
1,NewOrder,1770894126.094295,20170,16,1
1,NewOrder,1770894126.096782,20930,22,1
2,Payment,1770894126.097189,7908,10,1
1,NewOrder,1770894126.097221,20329,15,1
1,NewOrder,1770894126.097234,38270,6,1
1,NewOrder,1770894126.097686,13883,9,1
1,NewOrder,1770894126.099119,32559,4,1
2,Payment,1770894126.099563,6341,14,1
2,Payment,1770894126.099834,8180,8,1
2,Payment,1770894126.100020,8623,23,1
1,NewOrder,1770894126.100265,17853,2,1
2,Payment,1770894126.100924,10551,20,1
2,Payment,1770894126.102396,11047,19,1
3,OrderStatus,1770894126.103957,7832,0,1
2,Payment,1770894126.104192,11463,21,1
2,Payment,1770894126.104230,6019,1,1
1,NewOrder,1770894126.104493,29756,17,1
1,NewOrder,1770894126.105113,27729,10,1
5,StockLevel,1770894126.105569,13285,13,1
2,Payment,1770894126.105931,5739,14,1
1,NewOrder,1770894126.108039,20936,8,1
1,NewOrder,1770894126.108670,24186,23,1
2,Payment,1770894126.110273,8627,1,1
1,NewOrder,1770894126.111077,40841,3,1
1,NewOrder,1770894126.111490,28913,20,1
1,NewOrder,1770894126.111585,30873,9,1
1,NewOrder,1770894126.111695,27762,14,1
1,NewOrder,1770894126.111802,20669,0,1
1,NewOrder,1770894126.112982,27342,18,1
4,Delivery,1770894126.113460,14359,19,1
2,Payment,1770894126.113483,10640,7,1
1,NewOrder,1770894126.114491,30688,16,1
5,StockLevel,1770894126.115338,19571,12,1
1,NewOrder,1770894126.115670,19809,21,1
2,Payment,1770894126.117559,9648,11,1
4,Delivery,1770894126.117570,44313,15,1
2,Payment,1770894126.117735,7288,22,1
2,Payment,1770894126.118131,7411,2,1
1,NewOrder,1770894126.118879,17106,13,1
1,NewOrder,1770894126.118926,32570,1,1
2,Payment,1770894126.124139,10906,7,1
3,OrderStatus,1770894126.125040,7174,22,1
1,NewOrder,1770894126.125568,33548,2,1
2,Payment,1770894126.127221,9985,11,1
1,NewOrder,1770894126.127842,29586,19,1
2,Payment,1770894126.129001,10089,8,1
2,Payment,1770894126.130264,7488,5,1
2,Payment,1770894126.131704,9020,4,1
2,Payment,1770894126.132234,6444,22,1
1,NewOrder,1770894126.132492,27106,0,1
2,Payment,1770894126.132868,10011,10,1
2,Payment,1770894126.132881,10082,23,1
1,NewOrder,1770894126.134263,29037,17,1
2,Payment,1770894126.134935,9552,12,1
1,NewOrder,1770894126.135073,26097,7,1
1,NewOrder,1770894126.135491,22633,21,1
1,NewOrder,1770894126.135522,27239,6,1
2,Payment,1770894126.136000,9922,13,1
2,Payment,1770894126.137231,7860,11,1
2,Payment,1770894126.137779,11715,5,1
1,NewOrder,1770894126.138691,30866,22,1
1,NewOrder,1770894126.139108,21561,8,1
3,OrderStatus,1770894126.139470,5618,14,1
1,NewOrder,1770894126.140338,28414,18,1
1,NewOrder,1770894126.140428,23877,20,1
2,Payment,1770894126.140735,11157,4,1
2,Payment,1770894126.142481,14280,9,1
2,Payment,1770894126.142896,12410,10,1
3,OrderStatus,1770894126.142984,8412,23,1
3,OrderStatus,1770894126.144515,8085,12,1
1,NewOrder,1770894126.145106,22158,14,1
1,NewOrder,1770894126.145117,25306,11,1
2,Payment,1770894126.145197,9518,16,1
1,NewOrder,1770894126.145947,22414,13,1
1,NewOrder,1770894126.149509,35170,5,1
2,Payment,1770894126.151412,8207,23,1
3,OrderStatus,1770894126.151521,5463,1,1
1,NewOrder,1770894126.151917,37763,4,1
2,Payment,1770894126.151932,10786,3,1
1,NewOrder,1770894126.152615,29610,12,1
2,Payment,1770894126.154741,11731,16,1
2,Payment,1770894126.155323,8484,10,1
1,NewOrder,1770894126.156778,18532,9,1
1,NewOrder,1770894126.157008,29564,1,1
1,NewOrder,1770894126.157452,18249,19,1
1,NewOrder,1770894126.158138,23308,21,1
1,NewOrder,1770894126.159131,29796,2,1
2,Payment,1770894126.159623,7578,0,1
2,Payment,1770894126.159638,7646,23,1
2,Payment,1770894126.160694,10957,8,1
2,Payment,1770894126.161187,14488,7,1
1,NewOrder,1770894126.161908,29111,15,1
2,Payment,1770894126.162728,7269,3,1
2,Payment,1770894126.162786,14916,6,1
2,Payment,1770894126.163326,7706,17,1
5,StockLevel,1770894126.163832,21126,10,1
1,NewOrder,1770894126.164322,35204,20,1
1,NewOrder,1770894126.166502,25351,16,1
2,Payment,1770894126.167225,8742,0,1
1,NewOrder,1770894126.167284,29691,14,1
1,NewOrder,1770894126.167297,27832,23,1
2,Payment,1770894126.168387,7969,13,1
1,NewOrder,1770894126.168778,27831,18,1
5,StockLevel,1770894126.169570,19704,22,1
1,NewOrder,1770894126.170023,20229,3,1
5,StockLevel,1770894126.170432,19896,11,1
1,NewOrder,1770894126.171049,29198,17,1
1,NewOrder,1770894126.171668,31416,8,1
2,Payment,1770894126.175335,12144,9,1
2,Payment,1770894126.175701,9813,7,1
2,Payment,1770894126.175715,5285,19,1
2,Payment,1770894126.175981,8302,0,1
1,NewOrder,1770894126.176372,25681,13,1
1,NewOrder,1770894126.177727,12476,6,1
4,Delivery,1770894126.181025,19163,19,1
2,Payment,1770894126.181491,10315,21,1
1,NewOrder,1770894126.182252,27053,12,1
1,NewOrder,1770894126.184315,39412,0,1
2,Payment,1770894126.184690,6309,5,1
1,NewOrder,1770894126.184976,39187,10,1
2,Payment,1770894126.185541,8164,7,1
2,Payment,1770894126.186594,8909,1,1
1,NewOrder,1770894126.187502,29628,9,1
1,NewOrder,1770894126.188942,38839,2,1
1,NewOrder,1770894126.189288,17798,22,1
2,Payment,1770894126.189707,8941,4,1
1,NewOrder,1770894126.190223,40386,6,1
1,NewOrder,1770894126.190277,27297,3,1
3,OrderStatus,1770894126.190353,7727,11,1
2,Payment,1770894126.191026,9657,5,1
2,Payment,1770894126.191035,8549,15,1
1,NewOrder,1770894126.191819,25732,21,1
1,NewOrder,1770894126.191873,28403,16,1
3,OrderStatus,1770894126.193732,8695,7,1
2,Payment,1770894126.195151,10382,23,1
1,NewOrder,1770894126.195520,22164,1,1
1,NewOrder,1770894126.196633,34469,18,1
1,NewOrder,1770894126.197001,23989,14,1
2,Payment,1770894126.198103,8921,11,1
2,Payment,1770894126.198673,7978,4,1
1,NewOrder,1770894126.199540,22029,20,1
1,NewOrder,1770894126.199610,39836,15,1
1,NewOrder,1770894126.200204,31955,19,1
2,Payment,1770894126.200264,6340,17,1
1,NewOrder,1770894126.200709,23420,5,1
2,Payment,1770894126.202066,8726,13,1
1,NewOrder,1770894126.202454,30058,7,1
1,NewOrder,1770894126.203096,23725,8,1
1,NewOrder,1770894126.205552,35318,23,1
1,NewOrder,1770894126.206624,28335,17,1
2,Payment,1770894126.206667,10940,4,1
1,NewOrder,1770894126.207034,38320,11,1
3,OrderStatus,1770894126.207097,4877,22,1
1,NewOrder,1770894126.209331,37440,12,1
2,Payment,1770894126.210809,6770,13,1
1,NewOrder,1770894126.212000,32267,22,1
2,Payment,1770894126.217155,2067,9,1
3,OrderStatus,1770894126.217564,1473,21,1
2,Payment,1770894126.217588,2386,3,1
2,Payment,1770894126.217605,4740,13,1
1,NewOrder,1770894126.217633,34852,4,1
1,NewOrder,1770894126.217710,33479,1,1
1,NewOrder,1770894126.219053,16581,21,1
2,Payment,1770894126.219237,4854,9,1
1,NewOrder,1770894126.219990,18739,3,1
2,Payment,1770894126.220301,8500,16,1
1,NewOrder,1770894126.221008,32101,14,1
2,Payment,1770894126.221594,9550,20,1
3,OrderStatus,1770894126.222361,8159,13,1
2,Payment,1770894126.223742,8731,0,1
5,StockLevel,1770894126.224116,18007,9,1
1,NewOrder,1770894126.224156,22518,5,1
3,OrderStatus,1770894126.224187,8358,10,1
1,NewOrder,1770894126.226843,30643,8,1
2,Payment,1770894126.227795,6677,2,1
2,Payment,1770894126.228825,8467,16,1
1,NewOrder,1770894126.230546,33550,13,1
2,Payment,1770894126.230635,8069,6,1
2,Payment,1770894126.231128,7051,18,1
1,NewOrder,1770894126.231162,32324,20,1
1,NewOrder,1770894126.232182,33057,19,1
1,NewOrder,1770894126.232486,23907,0,1
1,NewOrder,1770894126.232539,32633,7,1
1,NewOrder,1770894126.232570,26961,10,1
1,NewOrder,1770894126.234491,17146,2,1
1,NewOrder,1770894126.234973,29618,17,1
2,Payment,1770894126.235647,6712,21,1
1,NewOrder,1770894126.237317,20600,16,1
1,NewOrder,1770894126.238204,17073,18,1
2,Payment,1770894126.238728,8755,6,1
1,NewOrder,1770894126.238751,39185,3,1
1,NewOrder,1770894126.239466,35793,15,1
1,NewOrder,1770894126.240883,27484,23,1
2,Payment,1770894126.242138,7317,9,1
2,Payment,1770894126.242381,7838,21,1
5,StockLevel,1770894126.244284,12001,22,1
1,NewOrder,1770894126.245370,22896,11,1
2,Payment,1770894126.246701,5313,5,1
1,NewOrder,1770894126.246793,29833,12,1
2,Payment,1770894126.247499,9265,6,1
2,Payment,1770894126.249506,9594,9,1
2,Payment,1770894126.250245,5388,21,1
2,Payment,1770894126.251213,5502,1,1
2,Payment,1770894126.251663,8582,2,1
1,NewOrder,1770894126.252033,24491,5,1
1,NewOrder,1770894126.252508,32233,4,1
1,NewOrder,1770894126.253119,31573,14,1
2,Payment,1770894126.255302,8819,18,1
2,Payment,1770894126.255652,10007,21,1
4,Delivery,1770894126.256309,52953,22,1
1,NewOrder,1770894126.256404,18887,0,1
1,NewOrder,1770894126.256740,22864,1,1
2,Payment,1770894126.256786,10880,6,1
2,Payment,1770894126.257512,12713,8,1
1,NewOrder,1770894126.257943,29040,16,1
5,StockLevel,1770894126.259126,9739,9,1
1,NewOrder,1770894126.259542,26769,10,1
2,Payment,1770894126.260259,4309,2,1
2,Payment,1770894126.263512,10895,20,1
1,NewOrder,1770894126.264119,20885,13,1
1,NewOrder,1770894126.264150,22767,18,1
2,Payment,1770894126.264594,5544,2,1
2,Payment,1770894126.264615,6352,17,1
1,NewOrder,1770894126.265185,29108,7,1
2,Payment,1770894126.265261,7152,19,1
2,Payment,1770894126.265685,3978,21,1
1,NewOrder,1770894126.267683,41446,6,1
1,NewOrder,1770894126.268293,30014,11,1
1,NewOrder,1770894126.268393,25946,23,1
2,Payment,1770894126.268881,7991,9,1
1,NewOrder,1770894126.269675,19785,21,1
1,NewOrder,1770894126.270147,20904,2,1
2,Payment,1770894126.270243,5076,8,1
1,NewOrder,1770894126.270993,33832,17,1
2,Payment,1770894126.272427,7534,19,1
2,Payment,1770894126.274432,7393,20,1
2,Payment,1770894126.275272,8051,15,1
2,Payment,1770894126.275316,7207,0,1
1,NewOrder,1770894126.275334,32271,8,1
2,Payment,1770894126.276551,7592,5,1
1,NewOrder,1770894126.276651,36509,12,1
2,Payment,1770894126.276895,5896,9,1
1,NewOrder,1770894126.277947,23381,3,1
1,NewOrder,1770894126.279614,31885,1,1
2,Payment,1770894126.279980,6910,19,1
2,Payment,1770894126.281846,7076,20,1
1,NewOrder,1770894126.282548,22974,0,1
1,NewOrder,1770894126.282817,34281,9,1
2,Payment,1770894126.283336,7739,15,1
2,Payment,1770894126.284169,5905,5,1
1,NewOrder,1770894126.284705,21423,14,1
2,Payment,1770894126.284767,7511,4,1
2,Payment,1770894126.285016,7639,13,1
1,NewOrder,1770894126.286337,39968,10,1
2,Payment,1770894126.286907,6174,19,1
1,NewOrder,1770894126.286935,21899,18,1
2,Payment,1770894126.287006,8815,16,1
1,NewOrder,1770894126.288936,38027,20,1
2,Payment,1770894126.289493,7398,21,1
1,NewOrder,1770894126.290090,19197,5,1
2,Payment,1770894126.291077,13372,2,1
3,OrderStatus,1770894126.291091,6715,15,1
2,Payment,1770894126.292290,13836,4,1
1,NewOrder,1770894126.292681,24865,13,1
1,NewOrder,1770894126.293097,33849,19,1
1,NewOrder,1770894126.294308,23951,7,1
4,Delivery,1770894126.294364,15642,23,1
1,NewOrder,1770894126.295846,28446,16,1
2,Payment,1770894126.296906,7888,21,1
1,NewOrder,1770894126.297822,21982,15,1
5,StockLevel,1770894126.298329,16899,11,1
1,NewOrder,1770894126.301341,39422,3,1
1,NewOrder,1770894126.304463,22899,2,1
2,Payment,1770894126.304819,5270,21,1
1,NewOrder,1770894126.304850,22533,17,1
2,Payment,1770894126.305536,9280,0,1
3,OrderStatus,1770894126.306155,2779,4,1
4,Delivery,1770894126.306156,29039,14,1
1,NewOrder,1770894126.307630,26701,8,1
3,OrderStatus,1770894126.308859,5801,18,1
1,NewOrder,1770894126.308971,40231,4,1
1,NewOrder,1770894126.309154,25154,6,1
3,OrderStatus,1770894126.309289,5058,22,1
2,Payment,1770894126.309313,8259,5,1
2,Payment,1770894126.310029,1876,23,1
2,Payment,1770894126.310104,7509,21,1
1,NewOrder,1770894126.311510,31004,1,1
2,Payment,1770894126.311923,7108,23,1
4,Delivery,1770894126.313186,22741,12,1
1,NewOrder,1770894126.314372,21696,22,1
2,Payment,1770894126.314674,10353,18,1
1,NewOrder,1770894126.314832,24521,0,1
1,NewOrder,1770894126.315238,34290,11,1
2,Payment,1770894126.317121,6714,9,1
1,NewOrder,1770894126.317560,23693,13,1
1,NewOrder,1770894126.317588,26582,5,1
2,Payment,1770894126.317628,9635,21,1
2,Payment,1770894126.318284,8641,7,1
1,NewOrder,1770894126.319046,30188,23,1
4,Delivery,1770894126.319831,16191,15,1
1,NewOrder,1770894126.323852,21805,9,1
5,StockLevel,1770894126.324316,22757,16,1
2,Payment,1770894126.325053,8211,18,1
2,Payment,1770894126.326341,10333,10,1
2,Payment,1770894126.326951,7321,7,1
1,NewOrder,1770894126.326972,33642,19,1
1,NewOrder,1770894126.326989,20413,20,1
5,StockLevel,1770894126.327290,13746,21,1
1,NewOrder,1770894126.327385,15206,2,1
1,NewOrder,1770894126.327398,20356,17,1
1,NewOrder,1770894126.333288,33396,18,1
1,NewOrder,1770894126.334297,42551,7,1
3,OrderStatus,1770894126.334335,6259,6,1
2,Payment,1770894126.334349,9521,8,1
2,Payment,1770894126.335221,6939,14,1
1,NewOrder,1770894126.335944,5236,12,1
2,Payment,1770894126.336036,9651,15,1
1,NewOrder,1770894126.336094,30136,22,1
2,Payment,1770894126.336685,12630,10,1
4,Delivery,1770894126.339375,17776,0,1
5,StockLevel,1770894126.340621,23407,6,1
1,NewOrder,1770894126.340776,40326,3,1
1,NewOrder,1770894126.341062,23126,21,1
1,NewOrder,1770894126.341199,29669,12,1
2,Payment,1770894126.341280,7449,13,1
1,NewOrder,1770894126.342186,22351,14,1
2,Payment,1770894126.342529,9633,1,1
2,Payment,1770894126.342607,7857,2,1
2,Payment,1770894126.343895,10398,8,1
2,Payment,1770894126.344183,11355,5,1
2,Payment,1770894126.345681,14734,9,1
1,NewOrder,1770894126.345713,21375,15,1
5,StockLevel,1770894126.347085,14215,16,1
1,NewOrder,1770894126.347427,25116,20,1
4,Delivery,1770894126.347780,56919,17,1
2,Payment,1770894126.348754,6962,13,1
1,NewOrder,1770894126.349215,24743,4,1
1,NewOrder,1770894126.349250,22899,23,1
1,NewOrder,1770894126.349339,17851,10,1
2,Payment,1770894126.349543,7981,11,1
2,Payment,1770894126.350476,11326,2,1
2,Payment,1770894126.352176,5319,1,1
1,NewOrder,1770894126.354319,33500,8,1
2,Payment,1770894126.355562,4093,5,1
2,Payment,1770894126.355742,8764,13,1
2,Payment,1770894126.357173,8392,0,1
4,Delivery,1770894126.357512,18921,1,1
2,Payment,1770894126.357537,9557,11,1
5,StockLevel,1770894126.359671,12320,5,1
2,Payment,1770894126.360442,8433,9,1
1,NewOrder,1770894126.360640,30628,19,1
1,NewOrder,1770894126.361317,31485,16,1
2,Payment,1770894126.361817,4828,2,1
1,NewOrder,1770894126.364051,38202,6,1
2,Payment,1770894126.364213,5676,21,1
4,Delivery,1770894126.364519,40496,13,1
2,Payment,1770894126.364550,5897,14,1
1,NewOrder,1770894126.365590,31185,0,1
2,Payment,1770894126.366256,7144,22,1
1,NewOrder,1770894126.366657,20716,2,1
4,Delivery,1770894126.366709,11729,18,1
2,Payment,1770894126.367115,11925,15,1
2,Payment,1770894126.367119,9683,11,1
2,Payment,1770894126.367216,13778,10,1
2,Payment,1770894126.368897,9979,9,1
2,Payment,1770894126.369905,5357,21,1
1,NewOrder,1770894126.370473,15665,14,1
1,NewOrder,1770894126.370893,33210,12,1
3,OrderStatus,1770894126.372017,7386,5,1
2,Payment,1770894126.372161,8505,23,1
5,StockLevel,1770894126.372557,21037,20,1
1,NewOrder,1770894126.373426,47093,22,1
1,NewOrder,1770894126.374075,27415,4,1
1,NewOrder,1770894126.375274,17893,21,1
2,Payment,1770894126.376458,8039,1,1
2,Payment,1770894126.376827,11529,11,1
2,Payment,1770894126.376879,6906,7,1
1,NewOrder,1770894126.378455,25674,18,1
1,NewOrder,1770894126.378899,12328,9,1
2,Payment,1770894126.379067,6253,15,1
2,Payment,1770894126.379415,8321,5,1
1,NewOrder,1770894126.380690,36339,23,1
2,Payment,1770894126.381008,5606,10,1
2,Payment,1770894126.381128,10921,3,1
2,Payment,1770894126.383811,9420,7,1
4,Delivery,1770894126.384522,17566,1,1
1,NewOrder,1770894126.385342,22949,15,1
2,Payment,1770894126.386154,5558,14,1
1,NewOrder,1770894126.386640,35767,10,1
1,NewOrder,1770894126.387391,25971,2,1
3,OrderStatus,1770894126.387756,6805,5,1
1,NewOrder,1770894126.387845,28686,8,1
1,NewOrder,1770894126.388372,18704,11,1
1,NewOrder,1770894126.391241,14531,9,1
2,Payment,1770894126.391294,5093,19,1
1,NewOrder,1770894126.391739,20255,14,1
1,NewOrder,1770894126.392074,42160,3,1
1,NewOrder,1770894126.392822,38874,16,1
1,NewOrder,1770894126.393179,28043,21,1
2,Payment,1770894126.393256,8598,7,1
2,Payment,1770894126.393617,9554,20,1
1,NewOrder,1770894126.394586,29943,5,1
5,StockLevel,1770894126.396412,15618,19,1
2,Payment,1770894126.396800,10175,0,1
1,NewOrder,1770894126.401516,28179,4,1
2,Payment,1770894126.401878,9628,7,1
2,Payment,1770894126.402112,7825,1,1
5,StockLevel,1770894126.402278,18650,6,1
2,Payment,1770894126.403195,9481,20,1
1,NewOrder,1770894126.404130,25366,12,1
2,Payment,1770894126.404142,10921,18,1
5,StockLevel,1770894126.404708,21691,17,1
2,Payment,1770894126.405033,2246,13,1
4,Delivery,1770894126.405798,43785,9,1
2,Payment,1770894126.406994,7764,0,1
1,NewOrder,1770894126.407101,26062,11,1
1,NewOrder,1770894126.407297,3341,13,1
4,Delivery,1770894126.408305,46179,15,1
2,Payment,1770894126.409963,7042,1,1
3,OrderStatus,1770894126.410662,1477,13,1
2,Payment,1770894126.411532,8620,7,1
1,NewOrder,1770894126.412018,34096,14,1
2,Payment,1770894126.412044,8521,19,1
1,NewOrder,1770894126.412158,24498,13,1
1,NewOrder,1770894126.412702,23467,20,1
1,NewOrder,1770894126.413375,21422,2,1
2,Payment,1770894126.414776,12991,0,1
2,Payment,1770894126.415074,8719,18,1
1,NewOrder,1770894126.416547,27629,8,1
2,Payment,1770894126.417022,12783,1,1
2,Payment,1770894126.417050,11287,23,1
1,NewOrder,1770894126.420166,43987,7,1
1,NewOrder,1770894126.420543,4812,22,1
1,NewOrder,1770894126.420589,29022,19,1
1,NewOrder,1770894126.420939,27805,6,1
1,NewOrder,1770894126.421247,35753,21,1
2,Payment,1770894126.422431,9289,10,1
2,Payment,1770894126.423812,5965,18,1
4,Delivery,1770894126.424545,61611,5,1
1,NewOrder,1770894126.425373,17605,22,1
2,Payment,1770894126.426412,7415,17,1
1,NewOrder,1770894126.427791,25919,0,1
5,StockLevel,1770894126.428356,15985,23,1
2,Payment,1770894126.429519,9047,12,1
1,NewOrder,1770894126.429717,31103,4,1
2,Payment,1770894126.429795,4367,18,1
2,Payment,1770894126.429821,2451,1,1
1,NewOrder,1770894126.431710,23571,16,1
3,OrderStatus,1770894126.431732,5805,10,1
1,NewOrder,1770894126.432294,31550,1,1
1,NewOrder,1770894126.433188,31553,11,1
2,Payment,1770894126.433847,7058,17,1
1,NewOrder,1770894126.434183,29641,18,1
2,Payment,1770894126.434248,7334,3,1
1,NewOrder,1770894126.434810,22839,2,1
1,NewOrder,1770894126.436194,37398,20,1
1,NewOrder,1770894126.436671,28089,13,1
1,NewOrder,1770894126.437561,34371,10,1
2,Payment,1770894126.438584,7852,12,1
1,NewOrder,1770894126.440923,34210,17,1
2,Payment,1770894126.441608,7628,3,1
2,Payment,1770894126.442998,6646,22,1
1,NewOrder,1770894126.444188,24503,8,1
2,Payment,1770894126.444358,16434,23,1
2,Payment,1770894126.446139,6791,14,1
1,NewOrder,1770894126.446462,30494,12,1
2,Payment,1770894126.448759,9017,6,1
2,Payment,1770894126.449250,10759,3,1
2,Payment,1770894126.449607,11345,9,1
1,NewOrder,1770894126.449624,19073,19,1
2,Payment,1770894126.449665,6852,22,1
3,OrderStatus,1770894126.452943,6472,14,1
1,NewOrder,1770894126.453738,25027,0,1
3,OrderStatus,1770894126.454500,9314,15,1
1,NewOrder,1770894126.455302,32208,16,1
1,NewOrder,1770894126.456540,26351,22,1
1,NewOrder,1770894126.457025,22799,21,1
5,StockLevel,1770894126.457674,19555,2,1
2,Payment,1770894126.457800,9985,6,1
1,NewOrder,1770894126.459433,18929,14,1
4,Delivery,1770894126.460035,26560,3,1
1,NewOrder,1770894126.460816,33636,23,1
2,Payment,1770894126.460845,9117,4,1
3,OrderStatus,1770894126.460978,1851,9,1
1,NewOrder,1770894126.462847,17578,9,1
2,Payment,1770894126.463831,7392,15,1
2,Payment,1770894126.463851,10796,18,1
2,Payment,1770894126.463868,8661,1,1
1,NewOrder,1770894126.464170,25100,7,1
1,NewOrder,1770894126.464758,23554,11,1
1,NewOrder,1770894126.464784,29948,13,1
3,OrderStatus,1770894126.467799,6563,6,1
2,Payment,1770894126.468720,8796,19,1
2,Payment,1770894126.468724,7516,8,1
1,NewOrder,1770894126.469986,18413,4,1
2,Payment,1770894126.471239,7180,15,1
1,NewOrder,1770894126.471944,36063,10,1
1,NewOrder,1770894126.472552,22711,1,1
2,Payment,1770894126.473618,15061,20,1
2,Payment,1770894126.474382,7855,6,1
2,Payment,1770894126.474672,6259,18,1
1,NewOrder,1770894126.475159,27934,17,1
2,Payment,1770894126.476265,7674,8,1
1,NewOrder,1770894126.476983,22245,12,1
1,NewOrder,1770894126.477255,32811,2,1
2,Payment,1770894126.477535,9492,19,1
2,Payment,1770894126.478387,7657,14,1
1,NewOrder,1770894126.478436,45814,15,1
2,Payment,1770894126.478783,6855,0,1
1,NewOrder,1770894126.479838,23753,21,1
2,Payment,1770894126.480451,7644,9,1
1,NewOrder,1770894126.480943,25663,18,1
1,NewOrder,1770894126.482262,31411,6,1
1,NewOrder,1770894126.482909,25872,22,1
1,NewOrder,1770894126.483966,33922,8,1
4,Delivery,1770894126.485664,6544,0,1
1,NewOrder,1770894126.486061,27199,14,1
2,Payment,1770894126.486182,6895,5,1
1,NewOrder,1770894126.486612,14511,3,1
2,Payment,1770894126.487053,5645,19,1
2,Payment,1770894126.487525,10815,16,1
2,Payment,1770894126.488121,6658,9,1
2,Payment,1770894126.488338,10960,11,1
2,Payment,1770894126.488424,9530,4,1
1,NewOrder,1770894126.488704,12913,20,1
1,NewOrder,1770894126.489291,39931,7,1
1,NewOrder,1770894126.492224,30527,0,1
1,NewOrder,1770894126.492716,21360,19,1
1,NewOrder,1770894126.493087,28630,5,1
3,OrderStatus,1770894126.494477,7541,23,1
5,StockLevel,1770894126.494751,17061,13,1
1,NewOrder,1770894126.494798,17466,9,1
1,NewOrder,1770894126.495273,21245,1,1
2,Payment,1770894126.497978,8018,4,1
1,NewOrder,1770894126.498355,39244,16,1
1,NewOrder,1770894126.499245,33885,12,1
2,Payment,1770894126.499311,8875,11,1
1,NewOrder,1770894126.501149,26667,3,1
1,NewOrder,1770894126.501634,37238,20,1
1,NewOrder,1770894126.502042,26365,23,1
1,NewOrder,1770894126.503115,29540,17,1
1,NewOrder,1770894126.503604,30135,21,1
1,NewOrder,1770894126.506006,21777,4,1
2,Payment,1770894126.506622,7425,18,1
2,Payment,1770894126.508022,7967,10,1
2,Payment,1770894126.508210,9797,11,1
5,StockLevel,1770894126.508798,15843,22,1
2,Payment,1770894126.510091,7414,2,1
1,NewOrder,1770894126.511837,18023,13,1
2,Payment,1770894126.512290,7171,9,1
1,NewOrder,1770894126.513273,23067,14,1
1,NewOrder,1770894126.513697,21510,6,1
1,NewOrder,1770894126.514064,23899,18,1
2,Payment,1770894126.514090,4433,19,1
5,StockLevel,1770894126.516010,17550,10,1
1,NewOrder,1770894126.516544,18347,1,1
1,NewOrder,1770894126.517529,37434,2,1
5,StockLevel,1770894126.517900,15923,8,1
2,Payment,1770894126.518032,11287,11,1
2,Payment,1770894126.518536,8875,19,1
5,StockLevel,1770894126.519482,12724,9,1
1,NewOrder,1770894126.521742,18210,5,1
2,Payment,1770894126.522764,6382,0,1
1,NewOrder,1770894126.524272,30879,15,1
5,StockLevel,1770894126.524667,13400,22,1
2,Payment,1770894126.527424,5562,19,1
2,Payment,1770894126.527809,6303,4,1
2,Payment,1770894126.527844,8371,3,1
1,NewOrder,1770894126.528433,22552,23,1
1,NewOrder,1770894126.529159,35368,0,1
1,NewOrder,1770894126.529245,28414,7,1
2,Payment,1770894126.529345,12393,11,1
1,NewOrder,1770894126.529885,16705,13,1
2,Payment,1770894126.532219,11403,9,1
2,Payment,1770894126.532673,5701,17,1
1,NewOrder,1770894126.533001,17230,19,1
2,Payment,1770894126.533146,7347,12,1
2,Payment,1770894126.533570,14009,10,1
2,Payment,1770894126.533764,9422,21,1
3,OrderStatus,1770894126.533837,9796,8,1
2,Payment,1770894126.534138,7183,4,1
1,NewOrder,1770894126.534918,31480,1,1
1,NewOrder,1770894126.535219,33921,6,1
2,Payment,1770894126.536232,7343,3,1
2,Payment,1770894126.536351,7342,14,1
1,NewOrder,1770894126.537617,32832,16,1
2,Payment,1770894126.537981,9685,18,1
1,NewOrder,1770894126.538090,20041,22,1
1,NewOrder,1770894126.538385,14364,17,1
3,OrderStatus,1770894126.538897,13044,20,1
1,NewOrder,1770894126.539972,37372,5,1
4,Delivery,1770894126.540520,15246,12,1
5,StockLevel,1770894126.541333,20243,4,1
2,Payment,1770894126.541753,12854,11,1
4,Delivery,1770894126.543204,41257,21,1
5,StockLevel,1770894126.543600,18985,3,1
1,NewOrder,1770894126.543648,18053,9,1
1,NewOrder,1770894126.543659,25041,8,1
5,StockLevel,1770894126.543719,15876,14,1
2,Payment,1770894126.546615,7224,13,1
5,StockLevel,1770894126.547595,17141,10,1
1,NewOrder,1770894126.547704,31052,18,1
1,NewOrder,1770894126.550276,29425,19,1
4,Delivery,1770894126.551000,33699,23,1
3,OrderStatus,1770894126.551965,4550,20,1
1,NewOrder,1770894126.552768,24608,17,1
2,Payment,1770894126.553857,5823,13,1
1,NewOrder,1770894126.554631,37652,11,1
2,Payment,1770894126.554980,5709,2,1
3,OrderStatus,1770894126.555164,5113,15,1
1,NewOrder,1770894126.555789,17385,12,1
2,Payment,1770894126.556530,6855,20,1
1,NewOrder,1770894126.557677,18423,7,1
2,Payment,1770894126.558158,7349,22,1
2,Payment,1770894126.559611,8290,14,1
5,StockLevel,1770894126.559701,13189,13,1
2,Payment,1770894126.560294,10056,15,1
1,NewOrder,1770894126.560709,34569,2,1
1,NewOrder,1770894126.561602,38271,4,1
2,Payment,1770894126.561717,7503,9,1
2,Payment,1770894126.562600,6107,3,1
1,NewOrder,1770894126.563402,32289,20,1
2,Payment,1770894126.564549,10102,0,1
2,Payment,1770894126.564753,8462,10,1
2,Payment,1770894126.565522,7251,22,1
2,Payment,1770894126.566411,12716,1,1
1,NewOrder,1770894126.567913,24539,14,1
2,Payment,1770894126.568728,8238,3,1
1,NewOrder,1770894126.568729,25323,8,1
2,Payment,1770894126.569161,8054,6,1
1,NewOrder,1770894126.569231,27835,9,1
2,Payment,1770894126.570374,6627,15,1
2,Payment,1770894126.570476,8722,16,1
1,NewOrder,1770894126.572789,22850,22,1
1,NewOrder,1770894126.572909,24823,13,1
1,NewOrder,1770894126.573194,27069,12,1
1,NewOrder,1770894126.573232,21140,10,1
1,NewOrder,1770894126.574664,42349,0,1
1,NewOrder,1770894126.576113,27784,7,1
1,NewOrder,1770894126.576981,33009,3,1
2,Payment,1770894126.577028,7265,15,1
2,Payment,1770894126.577240,6394,6,1
2,Payment,1770894126.577360,8130,5,1
1,NewOrder,1770894126.577403,31955,17,1
2,Payment,1770894126.578770,7379,18,1
1,NewOrder,1770894126.579138,13741,1,1
2,Payment,1770894126.579214,11937,16,1
2,Payment,1770894126.579721,8477,19,1
2,Payment,1770894126.583646,14480,6,1
2,Payment,1770894126.584308,10101,15,1
1,NewOrder,1770894126.584482,28245,21,1
4,Delivery,1770894126.584716,44853,23,1
1,NewOrder,1770894126.585516,26292,5,1
3,OrderStatus,1770894126.586175,7959,18,1
1,NewOrder,1770894126.588211,22578,19,1
2,Payment,1770894126.591170,10804,16,1
1,NewOrder,1770894126.592304,44883,11,1
1,NewOrder,1770894126.592473,17012,14,1
3,OrderStatus,1770894126.592904,6966,1,1
2,Payment,1770894126.594065,10164,8,1
2,Payment,1770894126.594153,6476,18,1
1,NewOrder,1770894126.594398,42824,10,1
1,NewOrder,1770894126.594422,42886,15,1
1,NewOrder,1770894126.595293,19199,2,1
4,Delivery,1770894126.595649,34441,22,1
1,NewOrder,1770894126.595703,20273,20,1
2,Payment,1770894126.597078,9829,9,1
2,Payment,1770894126.597747,7875,13,1
1,NewOrder,1770894126.598149,25669,6,1
2,Payment,1770894126.599888,6314,1,1
2,Payment,1770894126.599898,14550,4,1
2,Payment,1770894126.600289,7653,12,1
4,Delivery,1770894126.600648,29375,18,1
1,NewOrder,1770894126.601988,26499,16,1
2,Payment,1770894126.603922,8444,7,1
2,Payment,1770894126.604245,10231,8,1
1,NewOrder,1770894126.605642,17549,13,1
2,Payment,1770894126.606219,6233,1,1
1,NewOrder,1770894126.606932,16301,9,1
2,Payment,1770894126.607959,11350,12,1
1,NewOrder,1770894126.609370,31300,17,1
1,NewOrder,1770894126.609500,17574,14,1
2,Payment,1770894126.610005,12329,3,1
2,Payment,1770894126.610806,5119,19,1
1,NewOrder,1770894126.611835,27413,5,1
1,NewOrder,1770894126.612379,25391,7,1
2,Payment,1770894126.612478,5312,1,1
1,NewOrder,1770894126.612745,15373,21,1
1,NewOrder,1770894126.614464,28635,4,1
1,NewOrder,1770894126.614491,27777,8,1
3,OrderStatus,1770894126.614518,6333,2,1
1,NewOrder,1770894126.615952,25984,19,1
2,Payment,1770894126.615991,10744,20,1
1,NewOrder,1770894126.617039,31694,0,1
5,StockLevel,1770894126.617805,13886,1,1
2,Payment,1770894126.619326,10759,12,1
2,Payment,1770894126.620875,6242,2,1
2,Payment,1770894126.622353,10261,3,1
1,NewOrder,1770894126.623202,25241,13,1
5,StockLevel,1770894126.623259,10597,9,1
1,NewOrder,1770894126.623844,22139,6,1
2,Payment,1770894126.626747,6860,20,1
2,Payment,1770894126.627094,9297,14,1
1,NewOrder,1770894126.627143,32119,2,1
2,Payment,1770894126.628144,8950,21,1
2,Payment,1770894126.628505,10033,16,1
2,Payment,1770894126.629580,14047,23,1
2,Payment,1770894126.630039,8138,18,1
1,NewOrder,1770894126.630114,19696,12,1
1,NewOrder,1770894126.630118,6701,22,1
4,Delivery,1770894126.631716,25054,1,1
1,NewOrder,1770894126.632639,17116,3,1
2,Payment,1770894126.633622,7672,20,1
1,NewOrder,1770894126.633881,37519,9,1
2,Payment,1770894126.636416,8793,14,1
1,NewOrder,1770894126.636843,22449,22,1
2,Payment,1770894126.637115,13342,21,1
1,NewOrder,1770894126.637208,26708,11,1
1,NewOrder,1770894126.637248,19072,10,1
1,NewOrder,1770894126.637333,36768,15,1
1,NewOrder,1770894126.637781,21087,7,1
2,Payment,1770894126.638194,6735,18,1
1,NewOrder,1770894126.638564,28910,16,1
3,OrderStatus,1770894126.639264,6746,5,1
2,Payment,1770894126.640684,14181,17,1
2,Payment,1770894126.641319,7529,20,1
2,Payment,1770894126.641962,12313,19,1
1,NewOrder,1770894126.642294,19744,8,1
1,NewOrder,1770894126.643126,27593,4,1
1,NewOrder,1770894126.643642,24843,23,1
2,Payment,1770894126.644940,7000,18,1
1,NewOrder,1770894126.645236,27529,14,1
2,Payment,1770894126.646009,7112,6,1
2,Payment,1770894126.646037,15079,5,1
1,NewOrder,1770894126.648459,35455,13,1
2,Payment,1770894126.648758,24491,0,1
1,NewOrder,1770894126.648873,20231,20,1
3,OrderStatus,1770894126.649769,7295,3,1
1,NewOrder,1770894126.649838,21552,12,1
2,Payment,1770894126.650476,8858,21,1
4,Delivery,1770894126.651965,2635,18,1
3,OrderStatus,1770894126.653138,4660,6,1
1,NewOrder,1770894126.654296,27728,19,1
1,NewOrder,1770894126.654614,4701,18,1
1,NewOrder,1770894126.654880,21657,17,1
1,NewOrder,1770894126.656341,17730,10,1
2,Payment,1770894126.656786,13974,1,1
1,NewOrder,1770894126.657090,33437,3,1
1,NewOrder,1770894126.657816,36037,6,1
2,Payment,1770894126.658879,6534,7,1
3,OrderStatus,1770894126.659273,7297,2,1
1,NewOrder,1770894126.659310,22217,22,1
2,Payment,1770894126.659342,6694,18,1
1,NewOrder,1770894126.659352,16760,21,1
2,Payment,1770894126.661129,6688,5,1
2,Payment,1770894126.662054,6123,8,1
1,NewOrder,1770894126.663940,29931,11,1
1,NewOrder,1770894126.665439,27572,7,1
1,NewOrder,1770894126.666061,29462,18,1
2,Payment,1770894126.666590,8365,2,1
5,StockLevel,1770894126.667501,19473,16,1
4,Delivery,1770894126.667844,67025,5,1
2,Payment,1770894126.668192,8460,8,1
1,NewOrder,1770894126.668500,41272,23,1
1,NewOrder,1770894126.669130,27719,20,1
3,OrderStatus,1770894126.670744,8117,4,1
2,Payment,1770894126.670776,5727,1,1
2,Payment,1770894126.671404,8194,12,1
1,NewOrder,1770894126.671421,32912,9,1
2,Payment,1770894126.672784,8772,14,1
1,NewOrder,1770894126.673276,14741,0,1
2,Payment,1770894126.674085,7926,10,1
2,Payment,1770894126.674118,10244,15,1
1,NewOrder,1770894126.674971,27363,2,1
1,NewOrder,1770894126.676137,25827,21,1
2,Payment,1770894126.676519,2217,1,1
1,NewOrder,1770894126.676550,25759,17,1
2,Payment,1770894126.676662,7989,8,1
2,Payment,1770894126.678754,7346,1,1
4,Delivery,1770894126.678887,56361,4,1
1,NewOrder,1770894126.679612,16513,12,1
1,NewOrder,1770894126.681545,28227,22,1
1,NewOrder,1770894126.681574,32795,14,1
1,NewOrder,1770894126.682022,26475,10,1
2,Payment,1770894126.682049,6356,19,1
1,NewOrder,1770894126.683932,22943,13,1
1,NewOrder,1770894126.684380,25464,15,1
1,NewOrder,1770894126.684666,12838,8,1
2,Payment,1770894126.686110,8062,1,1
1,NewOrder,1770894126.686988,20858,16,1
1,NewOrder,1770894126.688033,17575,0,1
2,Payment,1770894126.688424,7733,19,1
4,Delivery,1770894126.690546,44818,3,1
4,Delivery,1770894126.693029,16853,7,1
2,Payment,1770894126.693879,5658,6,1
1,NewOrder,1770894126.693887,32094,11,1
1,NewOrder,1770894126.694188,21872,1,1
1,NewOrder,1770894126.695537,17010,18,1
1,NewOrder,1770894126.696138,15865,12,1
2,Payment,1770894126.696184,6674,19,1
1,NewOrder,1770894126.696861,18058,20,1
2,Payment,1770894126.697526,5737,8,1
1,NewOrder,1770894126.699554,18581,6,1
2,Payment,1770894126.701977,7258,21,1
2,Payment,1770894126.702329,6809,17,1
1,NewOrder,1770894126.702351,25449,2,1
1,NewOrder,1770894126.702876,20867,19,1
1,NewOrder,1770894126.703280,28746,8,1
2,Payment,1770894126.704347,7576,9,1
2,Payment,1770894126.705622,5476,0,1
2,Payment,1770894126.706889,8016,13,1
2,Payment,1770894126.707860,8864,16,1
1,NewOrder,1770894126.708516,19751,10,1
1,NewOrder,1770894126.709151,33130,17,1
2,Payment,1770894126.709253,6336,21,1
1,NewOrder,1770894126.709786,34301,23,1
1,NewOrder,1770894126.709799,25083,22,1
2,Payment,1770894126.709856,8653,15,1
1,NewOrder,1770894126.709894,30356,7,1
5,StockLevel,1770894126.711113,16320,0,1
2,Payment,1770894126.711938,7815,9,1
2,Payment,1770894126.712028,8067,12,1
1,NewOrder,1770894126.712560,20132,18,1
1,NewOrder,1770894126.714395,25757,14,1
2,Payment,1770894126.714918,8053,13,1
1,NewOrder,1770894126.714933,24481,20,1
2,Payment,1770894126.715601,6801,21,1
1,NewOrder,1770894126.716072,31362,1,1
2,Payment,1770894126.716741,8534,16,1
2,Payment,1770894126.718150,10088,6,1
3,OrderStatus,1770894126.718534,2292,15,1
4,Delivery,1770894126.719778,39592,9,1
1,NewOrder,1770894126.720112,24690,12,1
2,Payment,1770894126.720843,7365,15,1
5,StockLevel,1770894126.722417,16880,21,1
2,Payment,1770894126.722986,8188,13,1
1,NewOrder,1770894126.723769,28822,19,1
1,NewOrder,1770894126.725289,25703,16,1
1,NewOrder,1770894126.726007,32749,11,1
2,Payment,1770894126.727459,7514,0,1
1,NewOrder,1770894126.727826,21544,2,1
2,Payment,1770894126.728233,6017,15,1
2,Payment,1770894126.728261,4433,6,1
2,Payment,1770894126.728286,6912,10,1
2,Payment,1770894126.731199,8003,13,1
2,Payment,1770894126.732053,12125,8,1
2,Payment,1770894126.732706,6908,18,1
2,Payment,1770894126.732719,13066,6,1
1,NewOrder,1770894126.734277,23655,15,1
2,Payment,1770894126.734886,8538,5,1
1,NewOrder,1770894126.734900,37754,22,1
1,NewOrder,1770894126.734993,30152,0,1
2,Payment,1770894126.735228,12705,10,1
1,NewOrder,1770894126.735266,4417,4,1
1,NewOrder,1770894126.735386,4759,3,1
3,OrderStatus,1770894126.739216,6595,13,1
5,StockLevel,1770894126.739312,12898,21,1
1,NewOrder,1770894126.739432,24325,20,1
2,Payment,1770894126.739626,8171,18,1
1,NewOrder,1770894126.739699,5073,4,1
1,NewOrder,1770894126.740157,20246,3,1
4,Delivery,1770894126.740167,33665,14,1
1,NewOrder,1770894126.740270,37521,7,1
2,Payment,1770894126.742314,7885,17,1
1,NewOrder,1770894126.743449,22181,5,1
1,NewOrder,1770894126.744100,21086,23,1
1,NewOrder,1770894126.744194,33230,8,1
1,NewOrder,1770894126.744787,23355,4,1
1,NewOrder,1770894126.744817,40080,12,1
1,NewOrder,1770894126.745812,32787,6,1
1,NewOrder,1770894126.745827,18301,13,1
1,NewOrder,1770894126.747459,25927,1,1
1,NewOrder,1770894126.747810,34583,18,1
2,Payment,1770894126.747946,5072,10,1
2,Payment,1770894126.749382,7179,2,1
2,Payment,1770894126.750215,8605,17,1
1,NewOrder,1770894126.751010,28140,16,1
2,Payment,1770894126.752223,8295,21,1
1,NewOrder,1770894126.752611,24894,19,1
2,Payment,1770894126.753032,6991,10,1
2,Payment,1770894126.756586,7566,2,1
3,OrderStatus,1770894126.757957,4000,15,1
1,NewOrder,1770894126.758792,34173,11,1
1,NewOrder,1770894126.758837,35231,17,1
2,Payment,1770894126.759391,8376,9,1
1,NewOrder,1770894126.760048,33912,10,1
1,NewOrder,1770894126.760429,31151,3,1
2,Payment,1770894126.760530,6704,21,1
2,Payment,1770894126.761974,8271,15,1
2,Payment,1770894126.763782,11509,20,1
1,NewOrder,1770894126.764143,22082,13,1
1,NewOrder,1770894126.764170,20378,2,1
4,Delivery,1770894126.765156,17457,0,1
2,Payment,1770894126.765199,24164,23,1
2,Payment,1770894126.765657,7680,5,1
5,StockLevel,1770894126.767249,14968,21,1
2,Payment,1770894126.767784,6708,9,1
1,NewOrder,1770894126.768168,37337,4,1
2,Payment,1770894126.770264,6601,15,1
1,NewOrder,1770894126.772679,19141,22,1
1,NewOrder,1770894126.773356,18614,5,1
2,Payment,1770894126.773412,8457,1,1
5,StockLevel,1770894126.773848,13672,14,1
1,NewOrder,1770894126.774519,37528,9,1
2,Payment,1770894126.775316,7336,20,1
1,NewOrder,1770894126.776880,23955,15,1
2,Payment,1770894126.777435,7495,8,1
1,NewOrder,1770894126.777530,23314,19,1
2,Payment,1770894126.777808,8759,7,1
1,NewOrder,1770894126.778624,33315,6,1
2,Payment,1770894126.779168,11384,16,1
1,NewOrder,1770894126.781895,36793,1,1
2,Payment,1770894126.782230,5723,21,1
2,Payment,1770894126.782418,11572,18,1
1,NewOrder,1770894126.782639,33446,0,1
2,Payment,1770894126.782669,8210,20,1
4,Delivery,1770894126.784574,36689,2,1
1,NewOrder,1770894126.784912,26281,12,1
2,Payment,1770894126.784948,7987,8,1
2,Payment,1770894126.786252,9257,13,1
1,NewOrder,1770894126.786592,22787,7,1
2,Payment,1770894126.787545,12899,14,1
1,NewOrder,1770894126.787965,30684,21,1
1,NewOrder,1770894126.789380,4988,23,1
2,Payment,1770894126.790576,12110,16,1
5,StockLevel,1770894126.790900,17028,20,1
1,NewOrder,1770894126.791593,28300,3,1
1,NewOrder,1770894126.791846,21194,22,1
2,Payment,1770894126.791995,8826,5,1
1,NewOrder,1770894126.792960,21831,8,1
1,NewOrder,1770894126.792990,25844,11,1
1,NewOrder,1770894126.793977,18707,10,1
1,NewOrder,1770894126.794005,15933,18,1
1,NewOrder,1770894126.794083,21531,17,1
1,NewOrder,1770894126.794383,31421,23,1
1,NewOrder,1770894126.795533,36915,13,1
5,StockLevel,1770894126.800468,13073,14,1
1,NewOrder,1770894126.800847,21538,5,1
2,Payment,1770894126.800849,8143,15,1
1,NewOrder,1770894126.800861,21191,19,1
1,NewOrder,1770894126.802712,19395,16,1
2,Payment,1770894126.805521,7497,4,1
1,NewOrder,1770894126.807946,30363,20,1
2,Payment,1770894126.809017,7094,15,1
3,OrderStatus,1770894126.809403,7402,7,1
1,NewOrder,1770894126.809965,25989,18,1
1,NewOrder,1770894126.811212,34247,12,1
1,NewOrder,1770894126.811966,19294,6,1
2,Payment,1770894126.812073,6195,9,1
2,Payment,1770894126.812709,7570,10,1
1,NewOrder,1770894126.813036,28792,4,1
1,NewOrder,1770894126.813065,30748,22,1
1,NewOrder,1770894126.813555,31129,14,1
2,Payment,1770894126.814817,7613,8,1
2,Payment,1770894126.815643,11243,17,1
1,NewOrder,1770894126.816111,36370,0,1
2,Payment,1770894126.816129,7505,15,1
1,NewOrder,1770894126.816822,29488,7,1
2,Payment,1770894126.818284,8648,9,1
1,NewOrder,1770894126.818664,27727,21,1
1,NewOrder,1770894126.818705,34373,1,1
1,NewOrder,1770894126.818873,32904,11,1
2,Payment,1770894126.819919,1683,3,1
1,NewOrder,1770894126.820311,23173,10,1
2,Payment,1770894126.821276,15012,2,1
2,Payment,1770894126.821618,17195,3,1
2,Payment,1770894126.822069,8085,19,1
1,NewOrder,1770894126.822134,37609,16,1
2,Payment,1770894126.822411,19445,5,1
2,Payment,1770894126.822455,10326,8,1
1,NewOrder,1770894126.823647,32423,15,1
2,Payment,1770894126.825818,7850,23,1
1,NewOrder,1770894126.826902,14983,17,1
1,NewOrder,1770894126.826949,36084,9,1
1,NewOrder,1770894126.830169,34454,19,1
1,NewOrder,1770894126.831281,34626,6,1
1,NewOrder,1770894126.832468,29675,13,1
2,Payment,1770894126.832808,8041,8,1
1,NewOrder,1770894126.833693,30478,23,1
1,NewOrder,1770894126.835980,24148,18,1
1,NewOrder,1770894126.836305,30306,2,1
3,OrderStatus,1770894126.838334,7644,20,1
1,NewOrder,1770894126.838828,14181,3,1
2,Payment,1770894126.840874,7589,8,1
2,Payment,1770894126.841850,7860,4,1
2,Payment,1770894126.841869,10646,5,1
2,Payment,1770894126.841901,8344,17,1
2,Payment,1770894126.843497,7336,10,1
1,NewOrder,1770894126.843839,20007,22,1
1,NewOrder,1770894126.844699,19557,14,1
1,NewOrder,1770894126.845483,35570,12,1
1,NewOrder,1770894126.845992,18834,20,1
1,NewOrder,1770894126.846327,30812,7,1
1,NewOrder,1770894126.846407,18427,21,1
2,Payment,1770894126.848490,6942,8,1
2,Payment,1770894126.849736,6363,4,1
2,Payment,1770894126.850271,9909,17,1
2,Payment,1770894126.850844,6154,10,1
2,Payment,1770894126.851805,7099,11,1
2,Payment,1770894126.852495,7550,0,1
1,NewOrder,1770894126.852541,12408,5,1
2,Payment,1770894126.853023,8524,3,1
4,Delivery,1770894126.853092,20445,1,1
1,NewOrder,1770894126.855444,31302,8,1
2,Payment,1770894126.856086,9137,15,1
1,NewOrder,1770894126.856124,30965,4,1
2,Payment,1770894126.857024,7226,10,1
1,NewOrder,1770894126.858930,19883,11,1
1,NewOrder,1770894126.859768,33248,16,1
2,Payment,1770894126.860059,9355,0,1
2,Payment,1770894126.860154,4141,18,1
2,Payment,1770894126.860205,6546,17,1
2,Payment,1770894126.861572,8642,3,1
2,Payment,1770894126.862169,9577,13,1
2,Payment,1770894126.863052,6284,9,1
2,Payment,1770894126.863872,6114,22,1
1,NewOrder,1770894126.864193,19574,23,1
1,NewOrder,1770894126.864279,34875,10,1
2,Payment,1770894126.864280,10697,14,1
1,NewOrder,1770894126.864314,36911,18,1
1,NewOrder,1770894126.864639,19091,19,1
4,Delivery,1770894126.864840,33590,20,1
2,Payment,1770894126.864857,7352,21,1
1,NewOrder,1770894126.864964,19975,5,1
1,NewOrder,1770894126.865237,29353,15,1
4,Delivery,1770894126.865922,12245,6,1
1,NewOrder,1770894126.866624,33239,2,1
2,Payment,1770894126.866770,11399,17,1
2,Payment,1770894126.869350,11276,9,1
1,NewOrder,1770894126.869425,33044,0,1
1,NewOrder,1770894126.870003,29204,22,1
2,Payment,1770894126.870239,3964,3,1
2,Payment,1770894126.871760,9249,13,1
2,Payment,1770894126.872235,6854,21,1
2,Payment,1770894126.873562,9028,1,1
2,Payment,1770894126.874219,6941,3,1
2,Payment,1770894126.874990,8316,14,1
2,Payment,1770894126.877154,9974,7,1
1,NewOrder,1770894126.878194,26440,6,1
1,NewOrder,1770894126.878197,10591,17,1
1,NewOrder,1770894126.878840,35857,11,1
3,OrderStatus,1770894126.879101,7560,21,1
4,Delivery,1770894126.880643,39894,9,1
2,Payment,1770894126.881026,16721,13,1
2,Payment,1770894126.881070,8009,12,1
2,Payment,1770894126.881187,9027,3,1
2,Payment,1770894126.882606,9419,1,1
2,Payment,1770894126.883338,27675,14,1
2,Payment,1770894126.883744,6419,19,1
1,NewOrder,1770894126.883794,27250,23,1
1,NewOrder,1770894126.884951,36344,5,1
2,Payment,1770894126.886677,7099,21,1
1,NewOrder,1770894126.886759,29543,8,1
1,NewOrder,1770894126.887106,36245,4,1
2,Payment,1770894126.887148,6183,7,1
2,Payment,1770894126.888813,6852,17,1
2,Payment,1770894126.889105,10373,12,1
1,NewOrder,1770894126.890176,20574,19,1
4,Delivery,1770894126.890240,54378,3,1
3,OrderStatus,1770894126.892045,993,1,1
2,Payment,1770894126.893031,8734,16,1
2,Payment,1770894126.893063,6120,1,1
2,Payment,1770894126.893357,7130,7,1
3,OrderStatus,1770894126.893792,6677,21,1
1,NewOrder,1770894126.894615,25912,15,1
1,NewOrder,1770894126.895690,25305,17,1
1,NewOrder,1770894126.897775,16441,13,1
1,NewOrder,1770894126.898455,28951,20,1
2,Payment,1770894126.899168,10360,10,1
4,Delivery,1770894126.899209,45598,1,1
3,OrderStatus,1770894126.899224,7687,22,1
1,NewOrder,1770894126.899498,29702,12,1
5,StockLevel,1770894126.899877,18757,2,1
1,NewOrder,1770894126.900496,20279,21,1
2,Payment,1770894126.900508,10639,7,1
2,Payment,1770894126.901243,8360,18,1
2,Payment,1770894126.901779,7258,16,1
1,NewOrder,1770894126.902482,17410,0,1
2,Payment,1770894126.904649,8144,6,1
1,NewOrder,1770894126.906936,16791,22,1
1,NewOrder,1770894126.909055,22802,16,1
1,NewOrder,1770894126.909547,39445,10,1
1,NewOrder,1770894126.909618,33713,18,1
1,NewOrder,1770894126.910775,32172,19,1
1,NewOrder,1770894126.911031,10002,14,1
1,NewOrder,1770894126.911070,33692,23,1
2,Payment,1770894126.911163,3428,7,1
2,Payment,1770894126.912813,6428,6,1
2,Payment,1770894126.914241,7654,13,1
1,NewOrder,1770894126.914606,26845,7,1
2,Payment,1770894126.914722,6141,11,1
2,Payment,1770894126.916314,8225,8,1
1,NewOrder,1770894126.918660,24769,2,1
1,NewOrder,1770894126.919262,25519,6,1
2,Payment,1770894126.919918,8080,0,1
1,NewOrder,1770894126.920540,34871,15,1
2,Payment,1770894126.920562,5581,9,1
1,NewOrder,1770894126.920792,19264,21,1
1,NewOrder,1770894126.920889,26222,11,1
2,Payment,1770894126.921007,7021,17,1
2,Payment,1770894126.921046,8534,14,1
1,NewOrder,1770894126.921314,25925,5,1
1,NewOrder,1770894126.921915,22871,13,1
5,StockLevel,1770894126.923366,16317,4,1
2,Payment,1770894126.923740,6973,22,1
2,Payment,1770894126.924549,12787,8,1
2,Payment,1770894126.926159,9043,9,1
1,NewOrder,1770894126.927431,26669,20,1
2,Payment,1770894126.928024,7948,0,1
2,Payment,1770894126.928047,9698,17,1
2,Payment,1770894126.929213,11157,12,1
1,NewOrder,1770894126.929595,34404,14,1
1,NewOrder,1770894126.930739,21795,22,1
1,NewOrder,1770894126.931883,32505,16,1
2,Payment,1770894126.935218,8831,9,1
4,Delivery,1770894126.935989,8915,0,1
2,Payment,1770894126.937362,9653,8,1
1,NewOrder,1770894126.937771,31151,17,1
1,NewOrder,1770894126.939701,39897,4,1
2,Payment,1770894126.940081,5970,21,1
1,NewOrder,1770894126.940386,27250,12,1
2,Payment,1770894126.941494,9823,7,1
4,Delivery,1770894126.942960,22555,19,1
2,Payment,1770894126.943346,8033,18,1
2,Payment,1770894126.943455,6856,2,1
2,Payment,1770894126.944069,12088,9,1
5,StockLevel,1770894126.944644,17816,3,1
2,Payment,1770894126.944788,8826,23,1
2,Payment,1770894126.944802,8351,13,1
2,Payment,1770894126.944808,9037,6,1
1,NewOrder,1770894126.944828,3155,1,1
2,Payment,1770894126.944928,8041,0,1
1,NewOrder,1770894126.946066,22327,21,1
3,OrderStatus,1770894126.947026,1108,8,1
2,Payment,1770894126.947129,7564,11,1
1,NewOrder,1770894126.947266,26294,5,1
2,Payment,1770894126.947999,6366,1,1
1,NewOrder,1770894126.948147,38885,8,1
3,OrderStatus,1770894126.949005,10389,10,1
2,Payment,1770894126.950337,8309,2,1
1,NewOrder,1770894126.951341,21472,7,1
3,OrderStatus,1770894126.951406,8912,18,1
1,NewOrder,1770894126.952555,18934,22,1
1,NewOrder,1770894126.952996,15861,0,1
2,Payment,1770894126.953178,11241,13,1
1,NewOrder,1770894126.953639,25049,23,1
1,NewOrder,1770894126.953860,17092,6,1
2,Payment,1770894126.954114,6871,20,1
2,Payment,1770894126.954382,7019,1,1
1,NewOrder,1770894126.954706,29464,11,1
4,Delivery,1770894126.955436,40056,15,1
1,NewOrder,1770894126.956182,16605,9,1
1,NewOrder,1770894126.958670,37501,2,1
3,OrderStatus,1770894126.959410,6191,10,1
1,NewOrder,1770894126.960336,24573,18,1
2,Payment,1770894126.961010,7311,20,1
2,Payment,1770894126.961422,1861,1,1
2,Payment,1770894126.962478,7489,3,1
2,Payment,1770894126.963310,8752,1,1
1,NewOrder,1770894126.964015,38877,14,1
2,Payment,1770894126.964403,11765,16,1
2,Payment,1770894126.964445,13273,13,1
4,Delivery,1770894126.965535,19309,19,1
2,Payment,1770894126.965627,8559,10,1
3,OrderStatus,1770894126.967652,6978,12,1
3,OrderStatus,1770894126.968339,4539,20,1
2,Payment,1770894126.968412,5135,21,1
2,Payment,1770894126.968870,8227,0,1
1,NewOrder,1770894126.968946,28382,17,1
1,NewOrder,1770894126.969983,31255,3,1
1,NewOrder,1770894126.970966,34097,6,1
4,Delivery,1770894126.971514,13713,22,1
2,Payment,1770894126.972073,7543,1,1
3,OrderStatus,1770894126.972799,8296,9,1
1,NewOrder,1770894126.972828,29572,7,1
1,NewOrder,1770894126.972895,22499,20,1
2,Payment,1770894126.973572,7494,21,1
2,Payment,1770894126.973586,14007,5,1
2,Payment,1770894126.974197,7447,10,1
2,Payment,1770894126.974645,7475,12,1
1,NewOrder,1770894126.976185,34032,16,1
2,Payment,1770894126.977111,7828,0,1
1,NewOrder,1770894126.977744,17038,13,1
1,NewOrder,1770894126.978702,40023,23,1
3,OrderStatus,1770894126.979619,6954,4,1
1,NewOrder,1770894126.979642,27504,1,1
2,Payment,1770894126.981078,10123,21,1
2,Payment,1770894126.981120,11274,9,1
1,NewOrder,1770894126.981669,20120,10,1
1,NewOrder,1770894126.982134,37879,12,1
1,NewOrder,1770894126.984185,19622,11,1
5,StockLevel,1770894126.984856,20873,19,1
1,NewOrder,1770894126.984935,26665,18,1
1,NewOrder,1770894126.984958,21213,0,1
1,NewOrder,1770894126.985242,17149,22,1
2,Payment,1770894126.986587,8780,4,1
1,NewOrder,1770894126.987053,30768,8,1
1,NewOrder,1770894126.987618,26645,5,1
4,Delivery,1770894126.991215,38184,21,1
2,Payment,1770894126.992419,6116,9,1
1,NewOrder,1770894126.994806,32427,13,1
2,Payment,1770894126.995392,6470,4,1
2,Payment,1770894126.995408,6426,20,1
2,Payment,1770894126.995518,6321,15,1
3,OrderStatus,1770894126.996197,7012,2,1
1,NewOrder,1770894126.997345,30455,17,1
1,NewOrder,1770894126.998546,30816,9,1
2,Payment,1770894127.001252,8199,3,1
2,Payment,1770894127.001815,7440,10,1
5,StockLevel,1770894127.001850,7532,20,1
2,Payment,1770894127.001865,7553,15,1
3,OrderStatus,1770894127.001880,5528,4,1
1,NewOrder,1770894127.002403,33417,22,1
2,Payment,1770894127.002417,8143,7,1
1,NewOrder,1770894127.002906,20176,14,1
1,NewOrder,1770894127.003230,25776,2,1
2,Payment,1770894127.003833,8345,11,1
2,Payment,1770894127.005088,9202,6,1
1,NewOrder,1770894127.005743,22551,19,1
2,Payment,1770894127.006190,7378,0,1
1,NewOrder,1770894127.007171,29064,1,1
2,Payment,1770894127.007424,7557,4,1
1,NewOrder,1770894127.009280,39415,10,1
1,NewOrder,1770894127.009407,29578,20,1
2,Payment,1770894127.009429,6503,15,1
2,Payment,1770894127.009484,7498,3,1
1,NewOrder,1770894127.010243,23618,16,1
1,NewOrder,1770894127.010570,16962,7,1
2,Payment,1770894127.011617,8590,18,1
1,NewOrder,1770894127.012204,28591,11,1
1,NewOrder,1770894127.013583,22786,0,1
1,NewOrder,1770894127.014284,31208,5,1
2,Payment,1770894127.014313,6288,6,1
1,NewOrder,1770894127.014994,19324,4,1
3,OrderStatus,1770894127.015941,3758,15,1
1,NewOrder,1770894127.017000,21945,3,1
1,NewOrder,1770894127.017846,22946,8,1
1,NewOrder,1770894127.018750,20408,23,1
1,NewOrder,1770894127.019725,40187,15,1
1,NewOrder,1770894127.020028,37915,12,1
1,NewOrder,1770894127.020222,30888,18,1
2,Payment,1770894127.020626,7637,6,1
1,NewOrder,1770894127.023096,37238,14,1
1,NewOrder,1770894127.027258,22799,13,1
5,StockLevel,1770894127.027561,22899,7,1
1,NewOrder,1770894127.027833,28972,17,1
2,Payment,1770894127.028276,10244,6,1
3,OrderStatus,1770894127.028311,5637,19,1
2,Payment,1770894127.029032,7187,2,1
2,Payment,1770894127.029388,12036,9,1
1,NewOrder,1770894127.029425,16521,21,1
1,NewOrder,1770894127.033886,31011,16,1
2,Payment,1770894127.033968,8620,19,1
1,NewOrder,1770894127.034331,35239,4,1
1,NewOrder,1770894127.035846,22979,22,1
2,Payment,1770894127.036246,9730,2,1
2,Payment,1770894127.036248,7490,1,1
1,NewOrder,1770894127.036384,18077,0,1
4,Delivery,1770894127.038534,6744,6,1
1,NewOrder,1770894127.038959,29424,3,1
2,Payment,1770894127.039011,5918,20,1
1,NewOrder,1770894127.039171,20768,23,1
1,NewOrder,1770894127.040809,29532,11,1
2,Payment,1770894127.040815,8948,8,1
2,Payment,1770894127.041449,9856,9,1
2,Payment,1770894127.042603,7601,19,1
1,NewOrder,1770894127.043764,34671,1,1
1,NewOrder,1770894127.044943,17588,20,1
1,NewOrder,1770894127.045292,32492,6,1
1,NewOrder,1770894127.045517,28547,5,1
2,Payment,1770894127.045960,9080,21,1
1,NewOrder,1770894127.046002,27495,2,1
2,Payment,1770894127.048707,7574,10,1
2,Payment,1770894127.049789,8932,8,1
2,Payment,1770894127.050083,5659,13,1
1,NewOrder,1770894127.050216,27995,19,1
1,NewOrder,1770894127.050476,34487,7,1
1,NewOrder,1770894127.051126,34246,18,1
3,OrderStatus,1770894127.051324,1068,9,1
2,Payment,1770894127.052408,7885,9,1
1,NewOrder,1770894127.054486,27828,0,1
1,NewOrder,1770894127.055056,23084,21,1
2,Payment,1770894127.055758,7469,13,1
1,NewOrder,1770894127.056294,34667,10,1
1,NewOrder,1770894127.056825,19126,17,1
2,Payment,1770894127.057962,7760,12,1
1,NewOrder,1770894127.058736,16557,8,1
2,Payment,1770894127.058838,7755,22,1
1,NewOrder,1770894127.059933,35205,15,1
3,OrderStatus,1770894127.059954,6293,23,1
1,NewOrder,1770894127.060308,31184,9,1
1,NewOrder,1770894127.060350,21555,14,1
2,Payment,1770894127.062547,8114,20,1
2,Payment,1770894127.063237,8618,13,1
1,NewOrder,1770894127.064913,24062,16,1
1,NewOrder,1770894127.065740,19796,12,1
1,NewOrder,1770894127.066260,25260,23,1
3,OrderStatus,1770894127.066607,4712,22,1
1,NewOrder,1770894127.068399,17565,3,1
2,Payment,1770894127.069586,7276,4,1
1,NewOrder,1770894127.070367,36509,11,1
1,NewOrder,1770894127.070673,23878,20,1
5,StockLevel,1770894127.071335,15978,22,1
2,Payment,1770894127.071866,6379,13,1
1,NewOrder,1770894127.073521,25014,2,1
1,NewOrder,1770894127.074077,21978,5,1
1,NewOrder,1770894127.075318,22522,8,1
2,Payment,1770894127.075966,7044,17,1
1,NewOrder,1770894127.076877,19686,4,1
1,NewOrder,1770894127.077797,35471,6,1
1,NewOrder,1770894127.078157,18085,21,1
1,NewOrder,1770894127.078238,20062,19,1
1,NewOrder,1770894127.078263,18370,13,1
2,Payment,1770894127.078447,7429,1,1
2,Payment,1770894127.081918,7608,14,1
1,NewOrder,1770894127.082340,24789,0,1
1,NewOrder,1770894127.083036,29630,17,1
2,Payment,1770894127.084980,7608,7,1
1,NewOrder,1770894127.085398,25256,18,1
3,OrderStatus,1770894127.085554,5689,12,1
2,Payment,1770894127.085889,7858,1,1
1,NewOrder,1770894127.085980,28442,3,1
2,Payment,1770894127.087327,7693,22,1
1,NewOrder,1770894127.088992,34081,16,1
2,Payment,1770894127.089541,7063,14,1
2,Payment,1770894127.090977,9202,10,1
2,Payment,1770894127.091260,8344,12,1
1,NewOrder,1770894127.091506,18247,9,1
1,NewOrder,1770894127.091532,29540,23,1
4,Delivery,1770894127.092603,20694,7,1
1,NewOrder,1770894127.093762,26357,1,1
1,NewOrder,1770894127.094577,23709,20,1
2,Payment,1770894127.095034,6626,22,1
1,NewOrder,1770894127.095151,31416,15,1
2,Payment,1770894127.096073,7446,5,1
2,Payment,1770894127.096257,7841,21,1
3,OrderStatus,1770894127.096589,8113,4,1
2,Payment,1770894127.096621,9885,14,1
2,Payment,1770894127.096645,11459,13,1
2,Payment,1770894127.097852,9062,8,1
1,NewOrder,1770894127.098314,24067,19,1
2,Payment,1770894127.098554,8459,2,1
5,StockLevel,1770894127.099616,19652,12,1
2,Payment,1770894127.100196,8301,10,1
2,Payment,1770894127.101675,8591,22,1
2,Payment,1770894127.103531,8018,5,1
5,StockLevel,1770894127.104115,13793,21,1
1,NewOrder,1770894127.104720,23717,4,1
1,NewOrder,1770894127.106533,38383,14,1
1,NewOrder,1770894127.106890,34681,11,1
2,Payment,1770894127.106935,5684,8,1
2,Payment,1770894127.107030,7873,2,1
2,Payment,1770894127.107139,9548,0,1
2,Payment,1770894127.108121,3522,13,1
2,Payment,1770894127.108514,6419,10,1
1,NewOrder,1770894127.109769,32506,9,1
2,Payment,1770894127.110282,7225,22,1
2,Payment,1770894127.110666,8299,18,1
1,NewOrder,1770894127.111561,36251,5,1
2,Payment,1770894127.111655,6881,13,1
2,Payment,1770894127.112635,8447,8,1
3,OrderStatus,1770894127.112691,5721,17,1
2,Payment,1770894127.113279,9445,6,1
1,NewOrder,1770894127.113312,26815,7,1
1,NewOrder,1770894127.114435,27725,3,1
1,NewOrder,1770894127.114929,26721,2,1
1,NewOrder,1770894127.114947,36953,10,1
1,NewOrder,1770894127.116714,27496,0,1
1,NewOrder,1770894127.117519,29429,22,1
2,Payment,1770894127.117925,10933,21,1
2,Payment,1770894127.118299,7919,20,1
1,NewOrder,1770894127.118424,29402,17,1
1,NewOrder,1770894127.118550,27875,13,1
1,NewOrder,1770894127.118976,27508,18,1
2,Payment,1770894127.119293,7297,12,1
1,NewOrder,1770894127.120132,30733,1,1
1,NewOrder,1770894127.121100,24867,23,1
2,Payment,1770894127.121100,7721,8,1
1,NewOrder,1770894127.122393,25054,19,1
2,Payment,1770894127.122738,7922,6,1
1,NewOrder,1770894127.123087,20132,16,1
1,NewOrder,1770894127.126234,26140,20,1
3,OrderStatus,1770894127.126594,5459,15,1
5,StockLevel,1770894127.126606,12775,12,1
2,Payment,1770894127.128449,8532,4,1
2,Payment,1770894127.128847,7847,8,1
2,Payment,1770894127.128876,3701,21,1
1,NewOrder,1770894127.130677,29332,6,1
1,NewOrder,1770894127.132071,31717,15,1
1,NewOrder,1770894127.132592,16458,21,1
2,Payment,1770894127.136720,6526,8,1
2,Payment,1770894127.136995,5839,4,1
2,Payment,1770894127.139399,7911,12,1
1,NewOrder,1770894127.140144,17141,7,1
1,NewOrder,1770894127.141588,23285,11,1
2,Payment,1770894127.141662,4726,2,1
2,Payment,1770894127.142177,7412,3,1
1,NewOrder,1770894127.142294,33679,9,1
1,NewOrder,1770894127.142845,24955,4,1
1,NewOrder,1770894127.143231,16096,16,1
1,NewOrder,1770894127.143261,30703,8,1
2,Payment,1770894127.144221,10379,0,1
2,Payment,1770894127.144933,7811,14,1
1,NewOrder,1770894127.145980,21368,23,1
2,Payment,1770894127.146405,6014,2,1
1,NewOrder,1770894127.146451,19107,13,1
1,NewOrder,1770894127.146498,29451,18,1
2,Payment,1770894127.146957,7135,22,1
2,Payment,1770894127.147321,14044,12,1
2,Payment,1770894127.147461,8062,19,1
1,NewOrder,1770894127.147849,27235,5,1
1,NewOrder,1770894127.147851,31050,17,1
1,NewOrder,1770894127.149066,36692,21,1
2,Payment,1770894127.149603,8015,3,1
1,NewOrder,1770894127.150882,25489,1,1
1,NewOrder,1770894127.151913,27867,10,1
2,Payment,1770894127.152386,8425,20,1
1,NewOrder,1770894127.152432,30719,2,1
2,Payment,1770894127.152754,7014,14,1
2,Payment,1770894127.154106,8202,22,1
2,Payment,1770894127.154621,5091,0,1
2,Payment,1770894127.155538,10051,19,1
1,NewOrder,1770894127.157301,20776,7,1
2,Payment,1770894127.157634,7943,3,1
2,Payment,1770894127.159344,8493,16,1
2,Payment,1770894127.159726,7980,0,1
1,NewOrder,1770894127.159780,22897,14,1
1,NewOrder,1770894127.160023,32123,6,1
1,NewOrder,1770894127.160825,34695,20,1
3,OrderStatus,1770894127.161378,1138,12,1
1,NewOrder,1770894127.162321,32204,22,1
2,Payment,1770894127.162531,7002,12,1
4,Delivery,1770894127.163801,38931,15,1
1,NewOrder,1770894127.164888,18304,11,1
1,NewOrder,1770894127.165575,23356,13,1
2,Payment,1770894127.165594,7132,3,1
1,NewOrder,1770894127.165606,24249,19,1
1,NewOrder,1770894127.167361,22030,23,1
3,OrderStatus,1770894127.167720,5109,0,1
2,Payment,1770894127.167812,6681,4,1
2,Payment,1770894127.167853,7290,16,1
2,Payment,1770894127.169554,7278,12,1
1,NewOrder,1770894127.172739,22079,3,1
1,NewOrder,1770894127.172843,28164,0,1
2,Payment,1770894127.173979,7888,8,1
1,NewOrder,1770894127.174507,35361,4,1
1,NewOrder,1770894127.175100,27615,5,1
3,OrderStatus,1770894127.175154,8853,16,1
2,Payment,1770894127.175974,7572,18,1
1,NewOrder,1770894127.175999,24355,9,1
2,Payment,1770894127.176385,7135,1,1
1,NewOrder,1770894127.176846,26385,12,1
1,NewOrder,1770894127.178089,18993,7,1
1,NewOrder,1770894127.178917,29695,17,1
2,Payment,1770894127.179798,7470,10,1
1,NewOrder,1770894127.181884,21372,8,1
5,StockLevel,1770894127.182690,15925,14,1
2,Payment,1770894127.183165,8554,2,1
1,NewOrder,1770894127.183211,37024,11,1
1,NewOrder,1770894127.183535,31951,1,1
1,NewOrder,1770894127.183564,36161,18,1
1,NewOrder,1770894127.184022,34953,16,1
1,NewOrder,1770894127.185772,25632,21,1
2,Payment,1770894127.187282,6842,10,1
2,Payment,1770894127.188944,6914,13,1
3,OrderStatus,1770894127.189406,6192,23,1
2,Payment,1770894127.189871,7551,19,1
1,NewOrder,1770894127.191737,25163,2,1
2,Payment,1770894127.192162,11782,6,1
1,NewOrder,1770894127.194136,34218,10,1
1,NewOrder,1770894127.194541,30589,22,1
2,Payment,1770894127.194844,8379,3,1
2,Payment,1770894127.195538,7564,20,1
2,Payment,1770894127.195613,15477,23,1
2,Payment,1770894127.195879,6152,13,1
2,Payment,1770894127.197108,8481,7,1
1,NewOrder,1770894127.197434,16480,19,1
1,NewOrder,1770894127.198632,24343,14,1
2,Payment,1770894127.200371,13146,9,1
2,Payment,1770894127.201021,7995,0,1
1,NewOrder,1770894127.202047,35879,13,1
1,NewOrder,1770894127.202725,33936,5,1
1,NewOrder,1770894127.202751,17436,15,1
2,Payment,1770894127.203116,9468,20,1
2,Payment,1770894127.203247,11674,12,1
3,OrderStatus,1770894127.203253,7603,3,1
1,NewOrder,1770894127.203274,22368,8,1
1,NewOrder,1770894127.203960,32645,6,1
2,Payment,1770894127.205604,5865,7,1
4,Delivery,1770894127.208627,66725,17,1
2,Payment,1770894127.209030,8126,0,1
2,Payment,1770894127.209893,10179,4,1
1,NewOrder,1770894127.210880,17765,3,1
2,Payment,1770894127.211111,12870,23,1
2,Payment,1770894127.211417,14763,21,1
1,NewOrder,1770894127.211489,27337,7,1
1,NewOrder,1770894127.212600,32261,20,1
1,NewOrder,1770894127.213541,23745,9,1
1,NewOrder,1770894127.213940,39337,19,1
2,Payment,1770894127.214938,8255,12,1
4,Delivery,1770894127.215503,21180,1,1
1,NewOrder,1770894127.216912,28024,2,1
2,Payment,1770894127.217170,5335,0,1
2,Payment,1770894127.218990,6745,16,1
2,Payment,1770894127.219743,8782,18,1
1,NewOrder,1770894127.220092,37859,4,1
1,NewOrder,1770894127.220203,20894,15,1
2,Payment,1770894127.220261,6395,11,1
2,Payment,1770894127.222520,8436,0,1
1,NewOrder,1770894127.222986,34991,14,1
1,NewOrder,1770894127.223203,36479,12,1
1,NewOrder,1770894127.224007,36915,23,1
2,Payment,1770894127.225146,10349,22,1
1,NewOrder,1770894127.225657,30218,8,1
1,NewOrder,1770894127.225748,18579,16,1
2,Payment,1770894127.226205,3901,21,1
1,NewOrder,1770894127.226671,27722,11,1
1,NewOrder,1770894127.228375,23451,10,1
1,NewOrder,1770894127.228540,23736,18,1
1,NewOrder,1770894127.228663,17367,3,1
2,Payment,1770894127.230122,7538,21,1
1,NewOrder,1770894127.230966,28295,0,1
1,NewOrder,1770894127.235522,37283,22,1
1,NewOrder,1770894127.236618,18384,6,1
1,NewOrder,1770894127.236675,20699,5,1
1,NewOrder,1770894127.236705,21693,1,1
1,NewOrder,1770894127.237303,36376,9,1
1,NewOrder,1770894127.237678,20744,21,1
1,NewOrder,1770894127.237938,33719,13,1
2,Payment,1770894127.238839,7310,7,1
1,NewOrder,1770894127.241113,29193,15,1
2,Payment,1770894127.244343,7910,16,1
2,Payment,1770894127.244887,7866,20,1
4,Delivery,1770894127.244950,32578,2,1
2,Payment,1770894127.246046,8000,3,1
1,NewOrder,1770894127.246165,26638,7,1
1,NewOrder,1770894127.251851,19377,10,1
1,NewOrder,1770894127.252269,20515,16,1
2,Payment,1770894127.252295,7289,18,1
2,Payment,1770894127.252770,8603,20,1
5,StockLevel,1770894127.253289,16803,19,1
2,Payment,1770894127.254061,5657,3,1
2,Payment,1770894127.254408,6190,11,1
1,NewOrder,1770894127.255018,31375,6,1
1,NewOrder,1770894127.255901,20892,8,1
1,NewOrder,1770894127.257388,31509,5,1
1,NewOrder,1770894127.257971,18846,4,1
2,Payment,1770894127.257992,7081,14,1
2,Payment,1770894127.258424,7427,1,1
4,Delivery,1770894127.258434,45403,21,1
2,Payment,1770894127.259274,8457,0,1
1,NewOrder,1770894127.259596,38449,18,1
1,NewOrder,1770894127.259702,45757,12,1
2,Payment,1770894127.259728,9725,3,1
2,Payment,1770894127.260614,7514,11,1
1,NewOrder,1770894127.260948,42949,23,1
1,NewOrder,1770894127.261385,20114,20,1
2,Payment,1770894127.265099,7098,14,1
5,StockLevel,1770894127.265868,16395,1,1
1,NewOrder,1770894127.267746,40168,0,1
1,NewOrder,1770894127.268144,29797,11,1
1,NewOrder,1770894127.269485,42699,3,1
2,Payment,1770894127.270104,5688,19,1
1,NewOrder,1770894127.270332,27733,15,1
2,Payment,1770894127.271242,6940,10,1
2,Payment,1770894127.271676,8395,13,1
2,Payment,1770894127.272223,6233,14,1
2,Payment,1770894127.272800,9118,16,1
1,NewOrder,1770894127.272822,38319,7,1
2,Payment,1770894127.272823,6545,22,1
1,NewOrder,1770894127.273694,46275,9,1
1,NewOrder,1770894127.275367,27971,17,1
4,Delivery,1770894127.275804,28433,19,1
1,NewOrder,1770894127.276818,11823,8,1
1,NewOrder,1770894127.276830,33570,4,1
2,Payment,1770894127.277544,8214,2,1
2,Payment,1770894127.278196,9761,10,1
1,NewOrder,1770894127.278469,26682,14,1
2,Payment,1770894127.279380,7888,22,1
4,Delivery,1770894127.280087,50543,13,1
1,NewOrder,1770894127.281512,42665,20,1
1,NewOrder,1770894127.281934,37483,16,1
1,NewOrder,1770894127.282276,32735,1,1
4,Delivery,1770894127.285775,41421,2,1
2,Payment,1770894127.286408,17648,6,1
1,NewOrder,1770894127.287284,41093,22,1
1,NewOrder,1770894127.287983,36744,10,1
3,OrderStatus,1770894127.288656,16130,8,1
2,Payment,1770894127.288913,16652,5,1
1,NewOrder,1770894127.297963,26744,11,1
1,NewOrder,1770894127.298067,25832,18,1
2,Payment,1770894127.298076,1504,15,1
1,NewOrder,1770894127.299600,4192,15,1
1,NewOrder,1770894127.303354,28922,17,1
1,NewOrder,1770894127.303813,31725,15,1
2,Payment,1770894127.303855,8028,21,1
2,Payment,1770894127.303919,9935,23,1
1,NewOrder,1770894127.304068,22857,6,1
1,NewOrder,1770894127.304254,9237,19,1
1,NewOrder,1770894127.304799,21276,8,1
3,OrderStatus,1770894127.305163,7335,14,1
2,Payment,1770894127.305489,6721,12,1
1,NewOrder,1770894127.305579,20468,5,1
2,Payment,1770894127.307939,7458,0,1
4,Delivery,1770894127.310426,17110,4,1
2,Payment,1770894127.311157,6515,7,1
2,Payment,1770894127.311903,10610,21,1
2,Payment,1770894127.312203,5947,3,1
2,Payment,1770894127.312226,5848,12,1
2,Payment,1770894127.312516,7458,14,1
2,Payment,1770894127.313504,11217,19,1
3,OrderStatus,1770894127.313864,4718,23,1
1,NewOrder,1770894127.315025,21954,1,1
2,Payment,1770894127.315416,6388,0,1
2,Payment,1770894127.317688,6513,7,1
2,Payment,1770894127.318092,7189,12,1
1,NewOrder,1770894127.318162,33767,3,1
2,Payment,1770894127.318598,8079,23,1
2,Payment,1770894127.319443,8661,16,1
1,NewOrder,1770894127.319983,18464,9,1
1,NewOrder,1770894127.319991,28062,14,1
2,Payment,1770894127.321822,5141,0,1
1,NewOrder,1770894127.322531,32779,21,1
1,NewOrder,1770894127.323924,31799,18,1
1,NewOrder,1770894127.324191,21015,20,1
2,Payment,1770894127.324217,7058,7,1
2,Payment,1770894127.324733,10870,11,1
2,Payment,1770894127.324734,4187,19,1
2,Payment,1770894127.324743,8780,10,1
2,Payment,1770894127.325292,11369,12,1
2,Payment,1770894127.326073,8254,5,1
1,NewOrder,1770894127.326089,25185,8,1
2,Payment,1770894127.326703,8248,23,1
1,NewOrder,1770894127.326938,21639,6,1
1,NewOrder,1770894127.326982,33489,0,1
2,Payment,1770894127.327222,8637,2,1
1,NewOrder,1770894127.327550,12108,4,1
3,OrderStatus,1770894127.328129,10327,16,1
4,Delivery,1770894127.328389,52498,22,1
5,StockLevel,1770894127.328934,18996,19,1
1,NewOrder,1770894127.330646,18698,13,1
1,NewOrder,1770894127.331301,37234,7,1
1,NewOrder,1770894127.332289,25556,17,1
1,NewOrder,1770894127.333548,24289,10,1
1,NewOrder,1770894127.334353,17629,5,1
1,NewOrder,1770894127.334975,24494,23,1
4,Delivery,1770894127.335565,38561,15,1
1,NewOrder,1770894127.335617,28026,11,1
2,Payment,1770894127.335874,6888,2,1
1,NewOrder,1770894127.336687,33881,12,1
2,Payment,1770894127.337006,7567,1,1
5,StockLevel,1770894127.338463,19306,9,1
2,Payment,1770894127.338474,7727,16,1
2,Payment,1770894127.339676,7972,4,1
1,NewOrder,1770894127.342783,22539,2,1
4,Delivery,1770894127.344587,20695,1,1
1,NewOrder,1770894127.345222,29417,20,1
3,OrderStatus,1770894127.346226,7177,16,1
1,NewOrder,1770894127.347665,19889,4,1
2,Payment,1770894127.347946,7813,19,1
1,NewOrder,1770894127.348064,19839,14,1
2,Payment,1770894127.348597,8449,6,1
1,NewOrder,1770894127.349356,15890,13,1
1,NewOrder,1770894127.351298,31495,8,1
1,NewOrder,1770894127.351941,32700,3,1
2,Payment,1770894127.352009,5873,5,1
2,Payment,1770894127.353428,7155,16,1
2,Payment,1770894127.355331,7809,21,1
1,NewOrder,1770894127.355739,32157,18,1
1,NewOrder,1770894127.355784,34181,19,1
2,Payment,1770894127.357060,9094,6,1
1,NewOrder,1770894127.357787,32209,9,1
2,Payment,1770894127.357859,6808,17,1
2,Payment,1770894127.357864,6174,10,1
2,Payment,1770894127.357894,6170,5,1
1,NewOrder,1770894127.359487,28388,23,1
4,Delivery,1770894127.360486,5191,0,1
1,NewOrder,1770894127.360616,17096,16,1
2,Payment,1770894127.363166,6197,21,1
1,NewOrder,1770894127.363669,32983,11,1
1,NewOrder,1770894127.364052,21238,10,1
1,NewOrder,1770894127.364079,23252,5,1
2,Payment,1770894127.364678,6665,17,1
4,Delivery,1770894127.365261,9245,13,1
2,Payment,1770894127.365303,6087,1,1
2,Payment,1770894127.365349,7552,2,1
2,Payment,1770894127.365690,8929,0,1
2,Payment,1770894127.366180,4822,6,1
4,Delivery,1770894127.367579,54033,4,1
1,NewOrder,1770894127.367925,31426,14,1
2,Payment,1770894127.368550,9005,7,1
2,Payment,1770894127.369378,7825,21,1
1,NewOrder,1770894127.370589,31141,12,1
1,NewOrder,1770894127.371026,30311,6,1
2,Payment,1770894127.371356,10491,17,1
1,NewOrder,1770894127.371416,30307,1,1
1,NewOrder,1770894127.372916,37655,2,1
4,Delivery,1770894127.374150,37353,15,1
1,NewOrder,1770894127.374526,13692,13,1
3,OrderStatus,1770894127.374631,2355,0,1
4,Delivery,1770894127.374655,6661,20,1
2,Payment,1770894127.377004,7083,0,1
1,NewOrder,1770894127.377228,22957,21,1
1,NewOrder,1770894127.377569,20779,7,1
1,NewOrder,1770894127.377728,23973,16,1
2,Payment,1770894127.380903,8694,22,1
2,Payment,1770894127.381334,9913,20,1
1,NewOrder,1770894127.381870,32082,17,1
1,NewOrder,1770894127.382808,23356,8,1
1,NewOrder,1770894127.384114,30844,0,1
1,NewOrder,1770894127.384657,35985,3,1
1,NewOrder,1770894127.385304,39050,10,1
1,NewOrder,1770894127.387358,16244,5,1
1,NewOrder,1770894127.387901,29446,23,1
2,Payment,1770894127.387910,7498,18,1
1,NewOrder,1770894127.388245,24175,13,1
2,Payment,1770894127.389623,7460,22,1
1,NewOrder,1770894127.389978,39516,19,1
2,Payment,1770894127.390013,10135,9,1
5,StockLevel,1770894127.391266,7139,20,1
2,Payment,1770894127.395434,7451,18,1
2,Payment,1770894127.396667,8014,11,1
2,Payment,1770894127.397099,7139,22,1
2,Payment,1770894127.398373,8155,7,1
2,Payment,1770894127.398429,10841,20,1
2,Payment,1770894127.399363,7205,14,1
2,Payment,1770894127.400158,8932,9,1
2,Payment,1770894127.400199,6460,21,1
1,NewOrder,1770894127.401364,38165,6,1
2,Payment,1770894127.401713,6745,16,1
1,NewOrder,1770894127.401739,27307,1,1
2,Payment,1770894127.401758,10735,12,1
2,Payment,1770894127.402898,8492,18,1
2,Payment,1770894127.403627,7405,5,1
2,Payment,1770894127.404254,9237,22,1
1,NewOrder,1770894127.404695,22597,11,1
1,NewOrder,1770894127.406175,25611,8,1
1,NewOrder,1770894127.406554,32576,7,1
2,Payment,1770894127.406595,9005,14,1
2,Payment,1770894127.406676,11006,21,1
1,NewOrder,1770894127.408474,27341,16,1
2,Payment,1770894127.409115,7603,9,1
2,Payment,1770894127.409282,6289,20,1
1,NewOrder,1770894127.410593,27127,2,1
1,NewOrder,1770894127.411050,34807,5,1
3,OrderStatus,1770894127.411402,7128,18,1
1,NewOrder,1770894127.411529,30177,15,1
3,OrderStatus,1770894127.412434,7223,13,1
2,Payment,1770894127.412510,6494,12,1
1,NewOrder,1770894127.413507,38938,22,1
1,NewOrder,1770894127.413968,37481,17,1
1,NewOrder,1770894127.414984,36857,0,1
1,NewOrder,1770894127.415585,30154,20,1
1,NewOrder,1770894127.415614,26524,14,1
1,NewOrder,1770894127.416734,29043,9,1
2,Payment,1770894127.417365,7388,23,1
1,NewOrder,1770894127.417705,33272,21,1
2,Payment,1770894127.418545,7664,18,1
1,NewOrder,1770894127.419017,20534,12,1
2,Payment,1770894127.419682,8814,13,1
5,StockLevel,1770894127.420667,16468,3,1
2,Payment,1770894127.421623,8740,4,1
1,NewOrder,1770894127.424380,29995,10,1
1,NewOrder,1770894127.424765,34452,23,1
5,StockLevel,1770894127.426236,19000,18,1
1,NewOrder,1770894127.427306,30809,11,1
1,NewOrder,1770894127.428513,30349,13,1
5,StockLevel,1770894127.429071,19675,1,1
5,StockLevel,1770894127.429507,15572,19,1
3,OrderStatus,1770894127.430389,5218,4,1
1,NewOrder,1770894127.431812,29682,8,1
3,OrderStatus,1770894127.435631,4782,4,1
1,NewOrder,1770894127.435841,26967,16,1
1,NewOrder,1770894127.437150,18787,3,1
1,NewOrder,1770894127.437740,15241,2,1
2,Payment,1770894127.439142,6563,7,1
1,NewOrder,1770894127.439556,19543,6,1
2,Payment,1770894127.439580,8770,12,1
1,NewOrder,1770894127.440427,22787,4,1
1,NewOrder,1770894127.441732,29922,15,1
1,NewOrder,1770894127.442164,30825,14,1
2,Payment,1770894127.445099,7321,19,1
3,OrderStatus,1770894127.445248,10346,18,1
5,StockLevel,1770894127.445719,18222,7,1
2,Payment,1770894127.445755,9246,20,1
1,NewOrder,1770894127.445791,25897,9,1
2,Payment,1770894127.445883,5917,5,1
1,NewOrder,1770894127.448362,28039,12,1
1,NewOrder,1770894127.448772,35937,1,1
1,NewOrder,1770894127.451003,19566,21,1
2,Payment,1770894127.451460,8617,17,1
1,NewOrder,1770894127.451818,32375,5,1
2,Payment,1770894127.451877,5617,0,1
4,Delivery,1770894127.452445,22828,19,1
2,Payment,1770894127.452471,6720,22,1
1,NewOrder,1770894127.453003,30596,2,1
1,NewOrder,1770894127.454400,37203,10,1
2,Payment,1770894127.455027,7111,20,1
2,Payment,1770894127.455611,8288,18,1
2,Payment,1770894127.455954,9711,3,1
2,Payment,1770894127.457515,10405,0,1
3,OrderStatus,1770894127.458140,7318,11,1
1,NewOrder,1770894127.458888,24386,13,1
1,NewOrder,1770894127.459115,25631,6,1
2,Payment,1770894127.459204,9069,22,1
2,Payment,1770894127.459237,7359,23,1
2,Payment,1770894127.460103,7391,17,1
2,Payment,1770894127.461518,6431,8,1
2,Payment,1770894127.462165,11149,20,1
2,Payment,1770894127.462833,8465,16,1
1,NewOrder,1770894127.463228,19674,4,1
2,Payment,1770894127.463916,7314,18,1
1,NewOrder,1770894127.463966,21295,7,1
1,NewOrder,1770894127.465498,32562,11,1
1,NewOrder,1770894127.465691,38252,3,1
1,NewOrder,1770894127.466623,34582,23,1
5,StockLevel,1770894127.467511,18532,17,1
3,OrderStatus,1770894127.467946,2317,0,1
1,NewOrder,1770894127.467964,27931,8,1
2,Payment,1770894127.468294,7385,22,1
2,Payment,1770894127.470280,9672,0,1
2,Payment,1770894127.470589,7305,21,1
2,Payment,1770894127.471243,9737,18,1
2,Payment,1770894127.471324,7353,16,1
3,OrderStatus,1770894127.471681,2977,15,1
2,Payment,1770894127.471713,8432,9,1
2,Payment,1770894127.473015,8433,14,1
1,NewOrder,1770894127.473326,17128,20,1
2,Payment,1770894127.474678,12819,15,1
1,NewOrder,1770894127.475301,31969,19,1
1,NewOrder,1770894127.475704,35998,22,1
2,Payment,1770894127.476415,7717,12,1
5,StockLevel,1770894127.477920,11504,21,1
2,Payment,1770894127.478703,7396,16,1
1,NewOrder,1770894127.479978,31310,0,1
1,NewOrder,1770894127.480171,31683,9,1
2,Payment,1770894127.480995,4624,18,1
1,NewOrder,1770894127.481461,34395,14,1
1,NewOrder,1770894127.482920,34803,4,1
1,NewOrder,1770894127.483299,32508,13,1
1,NewOrder,1770894127.483611,28549,2,1
1,NewOrder,1770894127.484146,35610,12,1
1,NewOrder,1770894127.484219,38221,5,1
1,NewOrder,1770894127.484722,29983,1,1
2,Payment,1770894127.484774,9757,6,1
3,OrderStatus,1770894127.485287,7396,7,1
1,NewOrder,1770894127.485637,33090,18,1
2,Payment,1770894127.486056,7012,17,1
1,NewOrder,1770894127.486125,32581,16,1
2,Payment,1770894127.487514,7323,15,1
1,NewOrder,1770894127.489448,39564,21,1
2,Payment,1770894127.490480,5929,20,1
2,Payment,1770894127.491629,7101,10,1
2,Payment,1770894127.492695,7972,7,1
4,Delivery,1770894127.493078,66305,17,1
2,Payment,1770894127.494552,8497,6,1
5,StockLevel,1770894127.494849,13989,15,1
1,NewOrder,1770894127.495914,26527,8,1
1,NewOrder,1770894127.496436,26273,20,1
2,Payment,1770894127.498086,10789,11,1
2,Payment,1770894127.498742,10245,10,1
5,StockLevel,1770894127.500693,13289,7,1
2,Payment,1770894127.501221,9428,23,1
1,NewOrder,1770894127.503074,26892,6,1
2,Payment,1770894127.503955,8157,3,1
1,NewOrder,1770894127.507287,14824,19,1
3,OrderStatus,1770894127.508863,2694,15,1
2,Payment,1770894127.508900,7753,11,1
3,OrderStatus,1770894127.509004,7116,10,1
2,Payment,1770894127.510664,5546,23,1
2,Payment,1770894127.511304,10844,0,1
3,OrderStatus,1770894127.511575,3391,15,1
2,Payment,1770894127.511714,9424,22,1
2,Payment,1770894127.511873,8356,9,1
1,NewOrder,1770894127.512124,28592,3,1
2,Payment,1770894127.512177,11907,2,1
4,Delivery,1770894127.514000,21212,7,1
1,NewOrder,1770894127.514730,25926,1,1
1,NewOrder,1770894127.514982,27822,15,1
1,NewOrder,1770894127.515828,31352,13,1
2,Payment,1770894127.515873,6603,14,1
2,Payment,1770894127.516146,6870,10,1
1,NewOrder,1770894127.516221,27345,23,1
2,Payment,1770894127.516666,8709,11,1
4,Delivery,1770894127.517749,49856,4,1
1,NewOrder,1770894127.518720,21960,16,1
1,NewOrder,1770894127.518741,20567,18,1
2,Payment,1770894127.519767,9637,12,1
1,NewOrder,1770894127.520243,23847,9,1
1,NewOrder,1770894127.521155,18228,22,1
2,Payment,1770894127.522122,13470,19,1
5,StockLevel,1770894127.522166,18143,0,1
1,NewOrder,1770894127.522461,32663,8,1
2,Payment,1770894127.522470,3286,5,1
3,OrderStatus,1770894127.522491,6263,14,1
2,Payment,1770894127.522725,10940,20,1
2,Payment,1770894127.523030,8572,10,1
1,NewOrder,1770894127.524108,14044,2,1
1,NewOrder,1770894127.525391,21509,11,1
1,NewOrder,1770894127.525772,18850,5,1
3,OrderStatus,1770894127.528778,6808,14,1
2,Payment,1770894127.529028,9617,21,1
1,NewOrder,1770894127.529423,18674,12,1
1,NewOrder,1770894127.529992,30500,6,1
2,Payment,1770894127.531619,8441,10,1
1,NewOrder,1770894127.533678,15731,20,1
2,Payment,1770894127.535237,6746,7,1
2,Payment,1770894127.535605,8419,14,1
2,Payment,1770894127.535611,4969,19,1
2,Payment,1770894127.538173,8615,2,1
1,NewOrder,1770894127.538656,26263,21,1
1,NewOrder,1770894127.539333,25852,18,1
1,NewOrder,1770894127.539403,17881,22,1
2,Payment,1770894127.540089,7283,10,1
2,Payment,1770894127.540318,17572,0,1
2,Payment,1770894127.540606,7514,19,1
2,Payment,1770894127.540677,8220,1,1
2,Payment,1770894127.540691,6710,16,1
4,Delivery,1770894127.540731,27173,3,1
1,NewOrder,1770894127.542011,23933,7,1
1,NewOrder,1770894127.542817,28254,15,1
5,StockLevel,1770894127.543582,18888,23,1
1,NewOrder,1770894127.544034,21698,14,1
1,NewOrder,1770894127.544107,34670,9,1
2,Payment,1770894127.544648,8616,5,1
1,NewOrder,1770894127.546801,30548,2,1
2,Payment,1770894127.546927,5886,11,1
1,NewOrder,1770894127.547192,21863,13,1
1,NewOrder,1770894127.547382,34206,10,1
2,Payment,1770894127.547417,4644,16,1
2,Payment,1770894127.548113,5442,12,1
2,Payment,1770894127.548130,8778,19,1
2,Payment,1770894127.548918,6968,1,1
2,Payment,1770894127.549436,11025,20,1
3,OrderStatus,1770894127.552074,5001,16,1
1,NewOrder,1770894127.552839,15605,11,1
2,Payment,1770894127.553291,8034,5,1
2,Payment,1770894127.553572,6535,12,1
1,NewOrder,1770894127.555141,23325,8,1
2,Payment,1770894127.555903,18993,1,1
1,NewOrder,1770894127.556923,34690,19,1
2,Payment,1770894127.557088,7343,16,1
2,Payment,1770894127.557310,7213,22,1
5,StockLevel,1770894127.557916,1999,0,1
2,Payment,1770894127.559408,13782,17,1
2,Payment,1770894127.559933,6549,0,1
2,Payment,1770894127.560128,6261,12,1
2,Payment,1770894127.560484,5870,20,1
2,Payment,1770894127.560510,4009,6,1
1,NewOrder,1770894127.561338,18519,5,1
1,NewOrder,1770894127.562481,34284,23,1
2,Payment,1770894127.564443,7115,16,1
1,NewOrder,1770894127.564542,40386,6,1
1,NewOrder,1770894127.564543,25925,22,1
1,NewOrder,1770894127.564930,33129,21,1
1,NewOrder,1770894127.565210,23231,18,1
1,NewOrder,1770894127.565745,38862,14,1
2,Payment,1770894127.565965,7533,7,1
2,Payment,1770894127.566381,5651,20,1
2,Payment,1770894127.566400,13776,12,1
2,Payment,1770894127.566496,5548,0,1
1,NewOrder,1770894127.567620,29551,4,1
2,Payment,1770894127.567919,5539,3,1
2,Payment,1770894127.568456,7850,11,1
2,Payment,1770894127.569065,9257,13,1
1,NewOrder,1770894127.571097,38455,15,1
2,Payment,1770894127.571572,11508,16,1
1,NewOrder,1770894127.572061,39240,0,1
4,Delivery,1770894127.572061,39263,20,1
1,NewOrder,1770894127.573206,29014,17,1
3,OrderStatus,1770894127.573493,1533,3,1
2,Payment,1770894127.573510,13252,7,1
1,NewOrder,1770894127.574910,17145,1,1
1,NewOrder,1770894127.575043,3707,3,1
2,Payment,1770894127.576320,12044,11,1
2,Payment,1770894127.577375,7674,2,1
2,Payment,1770894127.578338,10080,13,1
1,NewOrder,1770894127.578492,32878,8,1
2,Payment,1770894127.578764,8823,3,1
1,NewOrder,1770894127.578790,36750,9,1
1,NewOrder,1770894127.579867,22849,5,1
2,Payment,1770894127.580210,5284,12,1
1,NewOrder,1770894127.581615,6004,10,1
1,NewOrder,1770894127.583105,23889,16,1
1,NewOrder,1770894127.585066,19910,2,1
1,NewOrder,1770894127.585511,33600,12,1
1,NewOrder,1770894127.586789,38463,7,1
1,NewOrder,1770894127.587600,39652,3,1
1,NewOrder,1770894127.587645,34564,10,1
2,Payment,1770894127.588378,7849,11,1
1,NewOrder,1770894127.588439,32574,13,1
2,Payment,1770894127.588454,6150,18,1
1,NewOrder,1770894127.590495,25782,22,1
1,NewOrder,1770894127.591629,25205,19,1
1,NewOrder,1770894127.592071,26547,1,1
2,Payment,1770894127.594618,6273,18,1
2,Payment,1770894127.596250,8704,11,1
2,Payment,1770894127.596777,8546,23,1
1,NewOrder,1770894127.597196,19821,4,1
2,Payment,1770894127.598084,9252,21,1
1,NewOrder,1770894127.600903,18195,18,1
2,Payment,1770894127.602235,7449,17,1
2,Payment,1770894127.602736,8255,5,1
1,NewOrder,1770894127.604626,27865,14,1
5,StockLevel,1770894127.604944,20965,6,1
1,NewOrder,1770894127.604966,20308,11,1
2,Payment,1770894127.604991,7883,2,1
1,NewOrder,1770894127.605336,39419,23,1
2,Payment,1770894127.607011,11634,16,1
2,Payment,1770894127.607347,9275,21,1
1,NewOrder,1770894127.609563,18550,15,1
2,Payment,1770894127.609712,10454,17,1
1,NewOrder,1770894127.611003,21549,5,1
5,StockLevel,1770894127.611314,13625,0,1
2,Payment,1770894127.611343,8177,20,1
4,Delivery,1770894127.611392,34037,8,1
2,Payment,1770894127.612888,6537,2,1
1,NewOrder,1770894127.615555,26255,9,1
1,NewOrder,1770894127.616302,31443,22,1
2,Payment,1770894127.616639,11017,21,1
5,StockLevel,1770894127.616860,16673,19,1
2,Payment,1770894127.617029,6289,4,1
2,Payment,1770894127.618634,10463,1,1
1,NewOrder,1770894127.618657,34094,16,1
5,StockLevel,1770894127.619113,18734,18,1
2,Payment,1770894127.619125,5588,12,1
1,NewOrder,1770894127.619451,24316,2,1
1,NewOrder,1770894127.619533,17736,20,1
1,NewOrder,1770894127.620191,17159,17,1
2,Payment,1770894127.621026,7416,13,1
1,NewOrder,1770894127.622226,31454,10,1
1,NewOrder,1770894127.623332,19353,4,1
1,NewOrder,1770894127.624738,28564,12,1
1,NewOrder,1770894127.624954,33933,0,1
1,NewOrder,1770894127.625271,34924,7,1
2,Payment,1770894127.625287,6406,11,1
1,NewOrder,1770894127.625922,24703,6,1
1,NewOrder,1770894127.627267,31051,3,1
2,Payment,1770894127.627680,7618,21,1
2,Payment,1770894127.628139,8744,15,1
1,NewOrder,1770894127.628457,22773,13,1
1,NewOrder,1770894127.629113,33011,1,1
5,StockLevel,1770894127.631709,22228,11,1
1,NewOrder,1770894127.632504,34034,14,1
1,NewOrder,1770894127.632566,37379,5,1
3,OrderStatus,1770894127.633550,8835,19,1
1,NewOrder,1770894127.635311,37088,21,1
1,NewOrder,1770894127.636901,32699,15,1
3,OrderStatus,1770894127.637296,4917,20,1
1,NewOrder,1770894127.637366,15863,17,1
2,Payment,1770894127.637872,8895,18,1
2,Payment,1770894127.641835,10557,9,1
1,NewOrder,1770894127.642231,34157,20,1
2,Payment,1770894127.642401,11198,19,1
2,Payment,1770894127.642696,6914,4,1
1,NewOrder,1770894127.643782,26559,2,1
1,NewOrder,1770894127.644772,30275,23,1
1,NewOrder,1770894127.645440,36272,8,1
2,Payment,1770894127.646777,8629,18,1
1,NewOrder,1770894127.647761,27319,22,1
5,StockLevel,1770894127.649636,15963,4,1
2,Payment,1770894127.650637,7041,6,1
3,OrderStatus,1770894127.651239,6962,13,1
1,NewOrder,1770894127.652406,18600,9,1
2,Payment,1770894127.652777,5521,16,1
2,Payment,1770894127.653244,8849,17,1
3,OrderStatus,1770894127.653328,5372,12,1
2,Payment,1770894127.653625,7925,19,1
2,Payment,1770894127.653694,5887,10,1
2,Payment,1770894127.653952,6914,11,1
2,Payment,1770894127.655428,9629,18,1
1,NewOrder,1770894127.657693,20152,6,1
5,StockLevel,1770894127.658218,19495,13,1
2,Payment,1770894127.658314,9189,16,1
2,Payment,1770894127.658331,8178,3,1
1,NewOrder,1770894127.658717,22236,12,1
1,NewOrder,1770894127.658899,30191,0,1
2,Payment,1770894127.659593,6386,10,1
2,Payment,1770894127.660205,9965,7,1
2,Payment,1770894127.660882,7379,11,1
1,NewOrder,1770894127.661562,38509,19,1
2,Payment,1770894127.662111,7801,17,1
5,StockLevel,1770894127.662139,11766,1,1
1,NewOrder,1770894127.665073,18612,18,1
2,Payment,1770894127.665615,11815,4,1
2,Payment,1770894127.665999,7949,10,1
1,NewOrder,1770894127.666525,29199,3,1
1,NewOrder,1770894127.666550,24263,14,1
1,NewOrder,1770894127.667513,20243,16,1
2,Payment,1770894127.668276,10067,11,1
1,NewOrder,1770894127.669616,30073,15,1
2,Payment,1770894127.669924,4696,17,1
2,Payment,1770894127.669961,8942,5,1
2,Payment,1770894127.670183,5321,7,1
2,Payment,1770894127.670357,11381,2,1
1,NewOrder,1770894127.671031,21228,9,1
1,NewOrder,1770894127.672412,25111,21,1
1,NewOrder,1770894127.673916,28910,1,1
2,Payment,1770894127.673962,9656,10,1
2,Payment,1770894127.674635,8629,17,1
1,NewOrder,1770894127.675062,20510,23,1
2,Payment,1770894127.675091,9365,22,1
4,Delivery,1770894127.675519,20168,7,1
1,NewOrder,1770894127.676413,33626,20,1
1,NewOrder,1770894127.677449,23414,4,1
2,Payment,1770894127.677723,9916,13,1
1,NewOrder,1770894127.677862,34863,6,1
5,StockLevel,1770894127.678353,13676,11,1
2,Payment,1770894127.678910,8018,5,1
2,Payment,1770894127.680967,8447,12,1
2,Payment,1770894127.681736,7014,8,1
1,NewOrder,1770894127.681751,31735,2,1
1,NewOrder,1770894127.683274,20166,17,1
1,NewOrder,1770894127.683631,22905,10,1
1,NewOrder,1770894127.683712,22953,18,1
2,Payment,1770894127.684470,7270,22,1
2,Payment,1770894127.686939,6992,5,1
1,NewOrder,1770894127.687664,21203,13,1
1,NewOrder,1770894127.687783,27565,16,1
2,Payment,1770894127.688776,6328,8,1
2,Payment,1770894127.689103,7106,0,1
2,Payment,1770894127.689440,4888,12,1
1,NewOrder,1770894127.690834,32085,14,1
1,NewOrder,1770894127.691766,39464,22,1
2,Payment,1770894127.692051,9158,11,1
1,NewOrder,1770894127.692271,23083,9,1
1,NewOrder,1770894127.693947,20712,5,1
1,NewOrder,1770894127.694339,28973,12,1
1,NewOrder,1770894127.695118,18518,8,1
1,NewOrder,1770894127.695582,26329,23,1
1,NewOrder,1770894127.695705,20124,7,1
1,NewOrder,1770894127.695750,27543,3,1
3,OrderStatus,1770894127.696231,5405,0,1
2,Payment,1770894127.697547,7816,21,1
2,Payment,1770894127.699706,6176,15,1
2,Payment,1770894127.700096,6911,19,1
1,NewOrder,1770894127.700876,18485,4,1
2,Payment,1770894127.701219,6464,11,1
1,NewOrder,1770894127.701656,29256,0,1
1,NewOrder,1770894127.702852,37483,1,1
2,Payment,1770894127.703457,7857,17,1
2,Payment,1770894127.705389,8817,21,1
5,StockLevel,1770894127.705906,20160,15,1
2,Payment,1770894127.706561,7679,10,1
1,NewOrder,1770894127.706683,36928,18,1
2,Payment,1770894127.707032,9478,19,1
2,Payment,1770894127.707709,7991,11,1
1,NewOrder,1770894127.708880,28639,13,1
1,NewOrder,1770894127.710064,35005,20,1
4,Delivery,1770894127.711338,64811,17,1
2,Payment,1770894127.712757,12773,6,1
2,Payment,1770894127.713500,6685,2,1
2,Payment,1770894127.713652,6067,8,1
1,NewOrder,1770894127.714232,17931,21,1
2,Payment,1770894127.714266,12707,10,1
2,Payment,1770894127.714684,8280,5,1
2,Payment,1770894127.715372,8026,9,1
4,Delivery,1770894127.715377,61261,16,1
1,NewOrder,1770894127.715714,20934,11,1
2,Payment,1770894127.715855,12697,7,1
1,NewOrder,1770894127.716529,16212,19,1
1,NewOrder,1770894127.719386,27812,4,1
2,Payment,1770894127.719745,11480,8,1
2,Payment,1770894127.720210,9209,2,1
2,Payment,1770894127.721948,8990,23,1
2,Payment,1770894127.722931,3528,14,1
1,NewOrder,1770894127.722990,21530,5,1
2,Payment,1770894127.723317,8480,3,1
2,Payment,1770894127.723327,8370,12,1
5,StockLevel,1770894127.723423,17454,9,1
2,Payment,1770894127.725557,7380,6,1
1,NewOrder,1770894127.726090,18849,15,1
2,Payment,1770894127.726474,15384,14,1
1,NewOrder,1770894127.726999,21167,10,1
1,NewOrder,1770894127.728578,14116,7,1
2,Payment,1770894127.729445,6009,2,1
1,NewOrder,1770894127.730927,22666,0,1
1,NewOrder,1770894127.730964,31310,23,1
2,Payment,1770894127.731253,3816,8,1
2,Payment,1770894127.731257,6135,22,1
1,NewOrder,1770894127.731709,25508,12,1
1,NewOrder,1770894127.731815,19391,3,1
2,Payment,1770894127.732189,8533,21,1
2,Payment,1770894127.732762,9568,19,1
1,NewOrder,1770894127.732952,29641,6,1
1,NewOrder,1770894127.735097,24475,8,1
1,NewOrder,1770894127.735480,24927,2,1
1,NewOrder,1770894127.736675,29117,11,1
1,NewOrder,1770894127.737408,34394,22,1
2,Payment,1770894127.737535,6483,13,1
1,NewOrder,1770894127.740360,18536,1,1
2,Payment,1770894127.740748,7340,21,1
1,NewOrder,1770894127.740902,31668,9,1
2,Payment,1770894127.741871,5845,14,1
2,Payment,1770894127.742356,7485,19,1
2,Payment,1770894127.742713,6702,7,1
2,Payment,1770894127.743626,8262,18,1
4,Delivery,1770894127.744044,32554,13,1
1,NewOrder,1770894127.744537,21163,5,1
1,NewOrder,1770894127.744953,22585,15,1
1,NewOrder,1770894127.745094,27114,20,1
2,Payment,1770894127.747213,7439,4,1
2,Payment,1770894127.747738,8474,14,1
1,NewOrder,1770894127.748110,22099,21,1
1,NewOrder,1770894127.748198,19723,10,1
2,Payment,1770894127.749435,7740,7,1
2,Payment,1770894127.749856,6985,19,1
4,Delivery,1770894127.751232,35813,3,1
2,Payment,1770894127.751901,7591,18,1
5,StockLevel,1770894127.753619,13589,0,1
1,NewOrder,1770894127.754665,29289,4,1
2,Payment,1770894127.756229,15444,14,1
5,StockLevel,1770894127.756861,15178,19,1
2,Payment,1770894127.757201,5415,7,1
1,NewOrder,1770894127.757243,23765,12,1
1,NewOrder,1770894127.758921,26433,1,1
2,Payment,1770894127.759505,5743,18,1
1,NewOrder,1770894127.759592,27315,8,1
2,Payment,1770894127.760432,7527,2,1
5,StockLevel,1770894127.762295,16612,23,1
1,NewOrder,1770894127.762619,18883,6,1
5,StockLevel,1770894127.762641,15525,7,1
1,NewOrder,1770894127.765262,15081,18,1
2,Payment,1770894127.765709,6814,5,1
2,Payment,1770894127.765817,5480,11,1
1,NewOrder,1770894127.767220,32148,0,1
5,StockLevel,1770894127.767563,13456,15,1
1,NewOrder,1770894127.767943,32251,10,1
1,NewOrder,1770894127.767985,22834,2,1
3,OrderStatus,1770894127.770235,4156,21,1
1,NewOrder,1770894127.771323,37269,11,1
1,NewOrder,1770894127.771693,11744,14,1
4,Delivery,1770894127.771828,57504,22,1
1,NewOrder,1770894127.772051,39630,19,1
1,NewOrder,1770894127.772235,27171,20,1
2,Payment,1770894127.772537,6533,5,1
2,Payment,1770894127.772593,6002,9,1
1,NewOrder,1770894127.774417,30839,21,1
2,Payment,1770894127.776166,6720,17,1
2,Payment,1770894127.776615,7616,13,1
2,Payment,1770894127.776660,12219,16,1
2,Payment,1770894127.778190,6038,7,1
4,Delivery,1770894127.778611,47151,9,1
2,Payment,1770894127.778933,14635,23,1
2,Payment,1770894127.779083,7331,5,1
1,NewOrder,1770894127.780357,38482,18,1
2,Payment,1770894127.781019,5945,12,1
1,NewOrder,1770894127.781045,34276,15,1
2,Payment,1770894127.781527,6553,6,1
2,Payment,1770894127.782902,13059,17,1
1,NewOrder,1770894127.783461,32496,14,1
2,Payment,1770894127.783972,9983,4,1
1,NewOrder,1770894127.784250,4269,13,1
1,NewOrder,1770894127.784250,28033,7,1
1,NewOrder,1770894127.785367,36676,1,1
1,NewOrder,1770894127.786432,24533,5,1
5,StockLevel,1770894127.786922,16730,8,1
1,NewOrder,1770894127.786990,33127,12,1
1,NewOrder,1770894127.787064,26144,3,1
1,NewOrder,1770894127.788106,29269,6,1
1,NewOrder,1770894127.788532,22324,13,1
1,NewOrder,1770894127.788904,7866,16,1
1,NewOrder,1770894127.790844,40311,2,1
1,NewOrder,1770894127.793593,29682,23,1
2,Payment,1770894127.793979,5090,4,1
2,Payment,1770894127.795977,7447,17,1
2,Payment,1770894127.796795,11219,16,1
1,NewOrder,1770894127.799092,30946,4,1
2,Payment,1770894127.799394,9165,0,1
1,NewOrder,1770894127.799431,22154,20,1
1,NewOrder,1770894127.800207,18189,10,1
2,Payment,1770894127.803452,10124,17,1
2,Payment,1770894127.803669,6649,8,1
5,StockLevel,1770894127.805275,15185,21,1
1,NewOrder,1770894127.808039,33721,16,1
2,Payment,1770894127.808582,4991,0,1
2,Payment,1770894127.808618,6315,11,1
1,NewOrder,1770894127.810344,21960,8,1
2,Payment,1770894127.810879,6502,13,1
2,Payment,1770894127.810990,5978,5,1
2,Payment,1770894127.811696,7473,19,1
5,StockLevel,1770894127.812307,14052,7,1
1,NewOrder,1770894127.813228,20383,3,1
2,Payment,1770894127.813586,6168,0,1
1,NewOrder,1770894127.813592,20048,17,1
1,NewOrder,1770894127.814948,32709,11,1
2,Payment,1770894127.815334,7246,15,1
2,Payment,1770894127.815983,8028,14,1
1,NewOrder,1770894127.816980,24261,5,1
2,Payment,1770894127.817400,6635,6,1
1,NewOrder,1770894127.817407,19856,13,1
1,NewOrder,1770894127.818424,22023,10,1
2,Payment,1770894127.818854,6785,18,1
1,NewOrder,1770894127.819186,30302,19,1
2,Payment,1770894127.819765,6918,0,1
1,NewOrder,1770894127.820132,33762,12,1
2,Payment,1770894127.820482,7957,21,1
2,Payment,1770894127.821611,8791,20,1
1,NewOrder,1770894127.822058,20955,1,1
2,Payment,1770894127.822589,10047,15,1
2,Payment,1770894127.823301,9801,23,1
1,NewOrder,1770894127.824037,22645,14,1
1,NewOrder,1770894127.824050,30583,6,1
2,Payment,1770894127.825657,9288,18,1
2,Payment,1770894127.825775,11524,9,1
2,Payment,1770894127.826373,12419,7,1
1,NewOrder,1770894127.826706,21903,0,1
5,StockLevel,1770894127.828457,13443,21,1
1,NewOrder,1770894127.829358,41647,22,1
2,Payment,1770894127.830054,6540,4,1
3,OrderStatus,1770894127.830428,1518,20,1
1,NewOrder,1770894127.831179,26647,2,1
1,NewOrder,1770894127.831962,36334,20,1
2,Payment,1770894127.832330,8291,8,1
2,Payment,1770894127.832652,7316,15,1
1,NewOrder,1770894127.833128,27652,23,1
2,Payment,1770894127.833623,8202,3,1
1,NewOrder,1770894127.833666,23322,17,1
1,NewOrder,1770894127.834970,35681,18,1
3,OrderStatus,1770894127.836607,5253,4,1
2,Payment,1770894127.837288,7621,13,1
2,Payment,1770894127.837324,10351,9,1
1,NewOrder,1770894127.838818,26504,7,1
2,Payment,1770894127.839984,8523,15,1
1,NewOrder,1770894127.840475,25885,10,1
1,NewOrder,1770894127.840646,19729,8,1
1,NewOrder,1770894127.841268,19461,5,1
1,NewOrder,1770894127.841775,32372,16,1
2,Payment,1770894127.841859,7645,3,1
2,Payment,1770894127.841876,9415,4,1
1,NewOrder,1770894127.841913,35981,21,1
1,NewOrder,1770894127.843039,37066,1,1
5,StockLevel,1770894127.844936,16200,13,1
2,Payment,1770894127.846707,6622,14,1
2,Payment,1770894127.847683,6854,11,1
1,NewOrder,1770894127.847702,25128,9,1
1,NewOrder,1770894127.848533,30146,15,1
2,Payment,1770894127.848623,7962,0,1
2,Payment,1770894127.849499,7522,19,1
1,NewOrder,1770894127.849530,32741,3,1
1,NewOrder,1770894127.851316,31050,4,1
1,NewOrder,1770894127.853343,21056,14,1
4,Delivery,1770894127.853920,10906,12,1
1,NewOrder,1770894127.854564,27574,11,1
2,Payment,1770894127.854659,6067,6,1
1,NewOrder,1770894127.856608,27062,0,1
1,NewOrder,1770894127.857010,19065,17,1
1,NewOrder,1770894127.857048,27833,19,1
1,NewOrder,1770894127.857840,22293,2,1
2,Payment,1770894127.860391,6565,8,1
1,NewOrder,1770894127.860745,32518,5,1
4,Delivery,1770894127.860754,6237,6,1
1,NewOrder,1770894127.860805,26050,23,1
1,NewOrder,1770894127.861153,39658,13,1
2,Payment,1770894127.864842,6538,12,1
2,Payment,1770894127.865347,6053,7,1
1,NewOrder,1770894127.866375,29703,10,1
2,Payment,1770894127.866983,9479,8,1
2,Payment,1770894127.867017,7203,6,1
1,NewOrder,1770894127.868310,18589,20,1
1,NewOrder,1770894127.870677,15422,18,1
2,Payment,1770894127.871028,2172,22,1
1,NewOrder,1770894127.871406,27834,12,1
2,Payment,1770894127.871414,8243,7,1
4,Delivery,1770894127.872855,39113,9,1
1,NewOrder,1770894127.873226,20714,22,1
2,Payment,1770894127.874165,6973,16,1
2,Payment,1770894127.874246,7506,6,1
1,NewOrder,1770894127.874425,28169,14,1
2,Payment,1770894127.876091,7250,17,1
1,NewOrder,1770894127.876488,13213,8,1
1,NewOrder,1770894127.877912,36332,21,1
2,Payment,1770894127.878706,7697,15,1
2,Payment,1770894127.879681,7126,7,1
2,Payment,1770894127.880116,11008,1,1
2,Payment,1770894127.880159,7474,2,1
1,NewOrder,1770894127.881157,40171,16,1
2,Payment,1770894127.881778,6499,6,1
1,NewOrder,1770894127.882163,26436,11,1
1,NewOrder,1770894127.882283,17488,3,1
2,Payment,1770894127.882392,10759,4,1
2,Payment,1770894127.883352,9468,17,1
2,Payment,1770894127.883685,11918,0,1
2,Payment,1770894127.884907,9033,19,1
1,NewOrder,1770894127.886112,34074,18,1
2,Payment,1770894127.886419,8803,15,1
1,NewOrder,1770894127.886818,31630,7,1
1,NewOrder,1770894127.886872,27184,23,1
1,NewOrder,1770894127.886921,25857,20,1
5,StockLevel,1770894127.887650,19643,2,1
1,NewOrder,1770894127.888291,28525,6,1
1,NewOrder,1770894127.889727,18022,8,1
1,NewOrder,1770894127.891149,29940,1,1
1,NewOrder,1770894127.892846,38276,17,1
1,NewOrder,1770894127.893176,26722,4,1
2,Payment,1770894127.893290,6857,5,1
4,Delivery,1770894127.893954,18829,19,1
1,NewOrder,1770894127.893968,25512,22,1
2,Payment,1770894127.895248,6468,15,1
1,NewOrder,1770894127.895628,20610,0,1
1,NewOrder,1770894127.896102,18113,10,1
1,NewOrder,1770894127.899271,18078,12,1
2,Payment,1770894127.899786,10702,3,1
2,Payment,1770894127.900163,8514,5,1
1,NewOrder,1770894127.900832,19140,13,1
4,Delivery,1770894127.901727,41706,15,1
1,NewOrder,1770894127.902608,17800,14,1
2,Payment,1770894127.907318,9247,2,1
1,NewOrder,1770894127.907775,46872,8,1
2,Payment,1770894127.908615,6970,11,1
1,NewOrder,1770894127.908703,34696,5,1
2,Payment,1770894127.910506,3326,3,1
2,Payment,1770894127.911991,7947,9,1
2,Payment,1770894127.912806,8720,20,1
2,Payment,1770894127.912810,7098,19,1
2,Payment,1770894127.913846,6434,3,1
2,Payment,1770894127.914071,9015,23,1
1,NewOrder,1770894127.914234,25992,10,1
2,Payment,1770894127.914261,12926,21,1
1,NewOrder,1770894127.915596,25930,11,1
3,OrderStatus,1770894127.916251,4202,0,1
2,Payment,1770894127.916574,7838,2,1
1,NewOrder,1770894127.916839,32031,6,1
1,NewOrder,1770894127.917374,23657,12,1
1,NewOrder,1770894127.918461,33805,7,1
2,Payment,1770894127.919494,11459,22,1
2,Payment,1770894127.919923,15798,4,1
1,NewOrder,1770894127.919934,36461,19,1
2,Payment,1770894127.919956,8458,9,1
1,NewOrder,1770894127.919998,24747,13,1
2,Payment,1770894127.920202,4650,18,1
2,Payment,1770894127.920291,8449,3,1
1,NewOrder,1770894127.920424,34285,14,1
2,Payment,1770894127.920471,9858,0,1
1,NewOrder,1770894127.921115,26313,1,1
1,NewOrder,1770894127.921342,34666,16,1
1,NewOrder,1770894127.921555,33124,20,1
1,NewOrder,1770894127.923112,25472,23,1
2,Payment,1770894127.924429,9342,2,1
1,NewOrder,1770894127.924861,15392,18,1
1,NewOrder,1770894127.927202,21351,21,1
1,NewOrder,1770894127.928432,20243,9,1
2,Payment,1770894127.928756,8418,3,1
1,NewOrder,1770894127.930354,23788,0,1
1,NewOrder,1770894127.930978,19506,22,1
2,Payment,1770894127.931138,7522,17,1
1,NewOrder,1770894127.933787,33185,2,1
2,Payment,1770894127.935733,3935,4,1
2,Payment,1770894127.937193,5169,3,1
1,NewOrder,1770894127.938672,34370,17,1
2,Payment,1770894127.939695,6801,4,1
2,Payment,1770894127.940243,7845,10,1
1,NewOrder,1770894127.940266,37432,18,1
1,NewOrder,1770894127.941050,26436,12,1
2,Payment,1770894127.941540,8510,11,1
2,Payment,1770894127.942372,6537,3,1
2,Payment,1770894127.943420,7752,5,1
1,NewOrder,1770894127.943459,26152,15,1
2,Payment,1770894127.944770,9860,13,1
1,NewOrder,1770894127.946521,26133,4,1
3,OrderStatus,1770894127.947454,5895,1,1
1,NewOrder,1770894127.948113,33265,10,1
1,NewOrder,1770894127.948576,38652,21,1
2,Payment,1770894127.948608,8437,23,1
2,Payment,1770894127.948701,7735,9,1
5,StockLevel,1770894127.948887,22257,6,1
1,NewOrder,1770894127.948934,24305,3,1
2,Payment,1770894127.950065,8116,11,1
2,Payment,1770894127.950506,8481,22,1
2,Payment,1770894127.951197,7362,5,1
2,Payment,1770894127.952291,10238,7,1
2,Payment,1770894127.953375,7728,1,1
1,NewOrder,1770894127.954155,33929,0,1
4,Delivery,1770894127.954645,30767,13,1
2,Payment,1770894127.954665,5452,8,1
1,NewOrder,1770894127.954704,30025,20,1
2,Payment,1770894127.954736,4984,14,1
4,Delivery,1770894127.956020,29436,16,1
2,Payment,1770894127.956421,8233,19,1
1,NewOrder,1770894127.956463,34125,9,1
3,OrderStatus,1770894127.957059,6690,23,1
2,Payment,1770894127.958195,9207,11,1
1,NewOrder,1770894127.958571,32846,5,1
4,Delivery,1770894127.959005,55617,22,1
1,NewOrder,1770894127.959736,36159,14,1
5,StockLevel,1770894127.960134,6248,8,1
1,NewOrder,1770894127.961122,32134,1,1
1,NewOrder,1770894127.962555,25867,7,1
1,NewOrder,1770894127.963765,19644,23,1
2,Payment,1770894127.964673,6922,19,1
2,Payment,1770894127.966395,6987,8,1
1,NewOrder,1770894127.966987,40297,2,1
1,NewOrder,1770894127.967429,21248,11,1
1,NewOrder,1770894127.967502,23407,12,1
2,Payment,1770894127.969627,6321,15,1
2,Payment,1770894127.971171,7656,6,1
1,NewOrder,1770894127.971611,32304,19,1
1,NewOrder,1770894127.972679,28233,4,1
2,Payment,1770894127.973058,7632,17,1
2,Payment,1770894127.973250,8899,3,1
2,Payment,1770894127.973392,7968,8,1
1,NewOrder,1770894127.975965,37023,15,1
1,NewOrder,1770894127.977717,30106,18,1
1,NewOrder,1770894127.978852,34536,6,1
2,Payment,1770894127.980706,9922,17,1
1,NewOrder,1770894127.981382,8895,8,1
1,NewOrder,1770894127.981396,23415,10,1
2,Payment,1770894127.982160,5960,3,1
2,Payment,1770894127.983426,9493,23,1
2,Payment,1770894127.984755,9611,20,1
1,NewOrder,1770894127.985427,29876,13,1
5,StockLevel,1770894127.985493,1864,16,1
2,Payment,1770894127.987243,8985,21,1
2,Payment,1770894127.987370,4696,16,1
1,NewOrder,1770894127.988098,23195,0,1
2,Payment,1770894127.988132,5521,3,1
2,Payment,1770894127.988448,6494,7,1
1,NewOrder,1770894127.988688,19329,11,1
1,NewOrder,1770894127.990291,49819,8,1
1,NewOrder,1770894127.990599,31848,9,1
2,Payment,1770894127.990642,8447,17,1
3,OrderStatus,1770894127.990920,4802,12,1
1,NewOrder,1770894127.991434,30453,5,1
2,Payment,1770894127.992077,9508,16,1
1,NewOrder,1770894127.992944,33336,23,1
1,NewOrder,1770894127.993267,27682,1,1
2,Payment,1770894127.993664,7929,3,1
1,NewOrder,1770894127.994378,17458,20,1
2,Payment,1770894127.994955,7097,7,1
3,OrderStatus,1770894127.995732,4361,12,1
4,Delivery,1770894127.995922,40557,14,1
1,NewOrder,1770894127.996244,16772,21,1
2,Payment,1770894127.999102,10749,17,1
1,NewOrder,1770894128.000108,37859,12,1
3,OrderStatus,1770894128.000935,4513,4,1
1,NewOrder,1770894128.001600,20929,16,1
1,NewOrder,1770894128.001613,30512,3,1
4,Delivery,1770894128.002065,29758,7,1
1,NewOrder,1770894128.003925,23841,19,1
1,NewOrder,1770894128.004822,33994,10,1
2,Payment,1770894128.005479,6393,4,1
2,Payment,1770894128.007298,7657,2,1
1,NewOrder,1770894128.007834,29011,18,1
2,Payment,1770894128.008042,5315,11,1
1,NewOrder,1770894128.009868,12910,17,1
2,Payment,1770894128.011308,19951,0,1
2,Payment,1770894128.011854,17277,20,1
2,Payment,1770894128.011887,20780,4,1
2,Payment,1770894128.013005,6140,15,1
1,NewOrder,1770894128.013039,19926,21,1
2,Payment,1770894128.013369,17519,11,1
1,NewOrder,1770894128.013402,24082,6,1
1,NewOrder,1770894128.014648,13072,22,1
1,NewOrder,1770894128.014971,7836,2,1
1,NewOrder,1770894128.015325,8780,13,1
1,NewOrder,1770894128.019377,7947,15,1
2,Payment,1770894128.020974,7793,1,1
1,NewOrder,1770894128.021912,44851,5,1
2,Payment,1770894128.022465,12310,9,1
2,Payment,1770894128.022548,5195,16,1
1,NewOrder,1770894128.022792,59926,17,1
5,StockLevel,1770894128.022838,23042,2,1
1,NewOrder,1770894128.024125,15268,13,1
2,Payment,1770894128.026305,13025,23,1
1,NewOrder,1770894128.027338,13863,15,1
1,NewOrder,1770894128.027756,40656,22,1
2,Payment,1770894128.027758,18752,16,1
1,NewOrder,1770894128.027780,54289,19,1
1,NewOrder,1770894128.028783,52764,1,1
1,NewOrder,1770894128.029164,38619,20,1
1,NewOrder,1770894128.030909,18369,11,1
1,NewOrder,1770894128.031281,35846,0,1
2,Payment,1770894128.031840,4278,7,1
2,Payment,1770894128.032149,1885,3,1
1,NewOrder,1770894128.032693,48556,4,1
4,Delivery,1770894128.032993,25718,21,1
2,Payment,1770894128.034048,1628,3,1
1,NewOrder,1770894128.034800,50873,9,1
1,NewOrder,1770894128.035688,42293,3,1
2,Payment,1770894128.036134,1748,7,1
2,Payment,1770894128.036501,11936,14,1
3,OrderStatus,1770894128.036860,3106,18,1
2,Payment,1770894128.037496,2247,6,1
1,NewOrder,1770894128.037897,40051,7,1
1,NewOrder,1770894128.037984,29731,12,1
1,NewOrder,1770894128.038842,15535,10,1
1,NewOrder,1770894128.039340,46138,23,1
1,NewOrder,1770894128.039408,12867,13,1
2,Payment,1770894128.039756,1809,6,1
1,NewOrder,1770894128.039990,14359,18,1
2,Payment,1770894128.040127,13755,8,1
1,NewOrder,1770894128.041227,13075,15,1
1,NewOrder,1770894128.041578,35197,6,1
2,Payment,1770894128.045902,21261,2,1
1,NewOrder,1770894128.046525,30681,16,1
1,NewOrder,1770894128.048454,22504,14,1
1,NewOrder,1770894128.049291,18300,11,1
2,Payment,1770894128.052288,2358,13,1
2,Payment,1770894128.053898,11886,8,1
1,NewOrder,1770894128.054329,6774,15,1
2,Payment,1770894128.054362,1579,18,1
1,NewOrder,1770894128.054393,13162,10,1
3,OrderStatus,1770894128.054658,975,13,1
1,NewOrder,1770894128.055655,6247,13,1
1,NewOrder,1770894128.055953,28637,18,1
1,NewOrder,1770894128.058723,28359,21,1
1,NewOrder,1770894128.061118,25418,15,1
1,NewOrder,1770894128.061913,32400,13,1
2,Payment,1770894128.065800,9377,8,1
2,Payment,1770894128.066789,4709,5,1
2,Payment,1770894128.067142,6100,0,1
1,NewOrder,1770894128.067184,32615,2,1
1,NewOrder,1770894128.067572,14001,10,1
1,NewOrder,1770894128.067603,15047,11,1
1,NewOrder,1770894128.067724,30139,12,1
2,Payment,1770894128.067795,6025,20,1
5,StockLevel,1770894128.068428,28827,22,1
1,NewOrder,1770894128.070969,28795,14,1
2,Payment,1770894128.071525,4362,5,1
2,Payment,1770894128.073253,5409,0,1
2,Payment,1770894128.073836,4791,20,1
2,Payment,1770894128.075195,5618,8,1
2,Payment,1770894128.075914,6066,5,1
1,NewOrder,1770894128.076801,31670,6,1
3,OrderStatus,1770894128.077221,5387,16,1
1,NewOrder,1770894128.077961,45356,7,1
2,Payment,1770894128.077997,6019,3,1
1,NewOrder,1770894128.078641,17850,20,1
2,Payment,1770894128.078674,6909,0,1
2,Payment,1770894128.080828,7561,8,1
1,NewOrder,1770894128.081272,52353,4,1
1,NewOrder,1770894128.081560,52388,1,1
2,Payment,1770894128.081587,8964,10,1
2,Payment,1770894128.081989,5748,5,1
2,Payment,1770894128.082094,7634,19,1
1,NewOrder,1770894128.082623,30481,16,1
2,Payment,1770894128.082661,9851,11,1
2,Payment,1770894128.082730,7650,17,1
4,Delivery,1770894128.084027,62222,3,1
1,NewOrder,1770894128.084606,49650,18,1
2,Payment,1770894128.085495,11307,23,1
2,Payment,1770894128.085599,5203,0,1
1,NewOrder,1770894128.085685,45772,9,1
2,Payment,1770894128.086555,5355,15,1
2,Payment,1770894128.087096,11186,21,1
1,NewOrder,1770894128.087762,22253,5,1
2,Payment,1770894128.088411,10989,8,1
1,NewOrder,1770894128.089754,42189,19,1
2,Payment,1770894128.090395,13909,17,1
1,NewOrder,1770894128.090565,21048,10,1
2,Payment,1770894128.090818,5708,0,1
1,NewOrder,1770894128.091924,19441,15,1
1,NewOrder,1770894128.092525,14798,11,1
2,Payment,1770894128.094330,11861,13,1
4,Delivery,1770894128.096508,25320,20,1
2,Payment,1770894128.096552,3265,0,1
2,Payment,1770894128.096817,13262,23,1
1,NewOrder,1770894128.097272,20529,22,1
5,StockLevel,1770894128.097874,24690,12,1
1,NewOrder,1770894128.098300,4669,21,1
1,NewOrder,1770894128.099426,33164,8,1
1,NewOrder,1770894128.099775,12700,14,1
2,Payment,1770894128.099826,3521,2,1
2,Payment,1770894128.099833,5824,0,1
1,NewOrder,1770894128.102995,28584,21,1
3,OrderStatus,1770894128.103364,5389,2,1
2,Payment,1770894128.104330,9205,17,1
2,Payment,1770894128.105673,4458,0,1
2,Payment,1770894128.106217,9702,13,1
1,NewOrder,1770894128.107352,21725,11,1
1,NewOrder,1770894128.108485,25141,6,1
2,Payment,1770894128.108770,7180,2,1
5,StockLevel,1770894128.110030,12472,5,1
1,NewOrder,1770894128.110095,28218,23,1
1,NewOrder,1770894128.110148,21837,0,1
1,NewOrder,1770894128.111379,21184,15,1
2,Payment,1770894128.111638,3908,10,1
1,NewOrder,1770894128.112502,19462,14,1
2,Payment,1770894128.113118,15985,16,1
1,NewOrder,1770894128.113548,18993,17,1
1,NewOrder,1770894128.115559,16524,10,1
2,Payment,1770894128.115937,22429,13,1
5,StockLevel,1770894128.115976,8919,2,1
5,StockLevel,1770894128.117819,8469,22,1
1,NewOrder,1770894128.121854,17310,20,1
4,Delivery,1770894128.122520,24226,5,1
1,NewOrder,1770894128.122590,31816,12,1
2,Payment,1770894128.123342,11431,7,1
1,NewOrder,1770894128.124920,19434,2,1
2,Payment,1770894128.126310,10694,22,1
2,Payment,1770894128.129103,15302,11,1
5,StockLevel,1770894128.129153,2132,16,1
2,Payment,1770894128.131301,35852,16,1
2,Payment,1770894128.131482,21356,9,1
5,StockLevel,1770894128.131591,9579,21,1
2,Payment,1770894128.131970,12943,19,1
1,NewOrder,1770894128.131977,21072,14,1
1,NewOrder,1770894128.132002,24459,0,1
2,Payment,1770894128.132108,25102,10,1
2,Payment,1770894128.132565,19153,17,1
5,StockLevel,1770894128.132579,1816,15,1
1,NewOrder,1770894128.132602,11820,8,1
1,NewOrder,1770894128.133652,32134,6,1
1,NewOrder,1770894128.133659,32191,4,1
2,Payment,1770894128.133961,10727,1,1
4,Delivery,1770894128.134268,17413,18,1
1,NewOrder,1770894128.134407,18503,15,1
1,NewOrder,1770894128.134790,16786,7,1
1,NewOrder,1770894128.137018,19083,22,1
1,NewOrder,1770894128.138329,13268,23,1
2,Payment,1770894128.138386,16916,13,1
2,Payment,1770894128.139176,13588,20,1
5,StockLevel,1770894128.141189,7842,21,1
2,Payment,1770894128.144368,8515,2,1
2,Payment,1770894128.144419,17281,11,1
2,Payment,1770894128.144448,30238,8,1
2,Payment,1770894128.144741,22246,1,1
1,NewOrder,1770894128.144941,10339,19,1
1,NewOrder,1770894128.146262,9816,3,1
1,NewOrder,1770894128.146766,1962,5,1
2,Payment,1770894128.148744,12994,5,1
2,Payment,1770894128.149045,19708,21,1
2,Payment,1770894128.151613,15620,7,1
1,NewOrder,1770894128.151616,7209,23,1
2,Payment,1770894128.151705,22908,18,1
1,NewOrder,1770894128.151743,16973,17,1
1,NewOrder,1770894128.152780,18098,20,1
5,StockLevel,1770894128.152864,1632,9,1
2,Payment,1770894128.152909,4108,2,1
2,Payment,1770894128.152928,18867,15,1
4,Delivery,1770894128.153076,14186,14,1
2,Payment,1770894128.154424,22722,12,1
2,Payment,1770894128.154512,15429,9,1
1,NewOrder,1770894128.155294,9176,19,1
1,NewOrder,1770894128.155313,11734,13,1
2,Payment,1770894128.156088,15618,3,1
2,Payment,1770894128.156126,30530,22,1
2,Payment,1770894128.156472,20344,0,1
1,NewOrder,1770894128.157034,12122,2,1
1,NewOrder,1770894128.157236,16326,10,1
2,Payment,1770894128.158840,30170,23,1
1,NewOrder,1770894128.161718,8006,11,1
1,NewOrder,1770894128.161763,12877,5,1
2,Payment,1770894128.164483,17713,19,1
2,Payment,1770894128.165812,24334,6,1
1,NewOrder,1770894128.165866,20746,4,1
1,NewOrder,1770894128.166997,8754,1,1
1,NewOrder,1770894128.167072,9715,13,1
2,Payment,1770894128.167178,20536,16,1
2,Payment,1770894128.167250,26402,7,1
1,NewOrder,1770894128.167287,24516,14,1
2,Payment,1770894128.168741,21327,17,1
1,NewOrder,1770894128.168765,20620,21,1
4,Delivery,1770894128.169181,19678,2,1
2,Payment,1770894128.169736,28391,11,1
2,Payment,1770894128.169956,8742,9,1
2,Payment,1770894128.170892,20886,20,1
2,Payment,1770894128.171730,9122,3,1
1,NewOrder,1770894128.171813,6882,15,1
5,StockLevel,1770894128.173575,11990,10,1
1,NewOrder,1770894128.174638,19093,18,1
2,Payment,1770894128.174651,21054,5,1
2,Payment,1770894128.174699,12406,8,1
3,OrderStatus,1770894128.175777,2868,1,1
2,Payment,1770894128.176804,8428,13,1
1,NewOrder,1770894128.176844,8609,0,1
1,NewOrder,1770894128.177164,7985,12,1
2,Payment,1770894128.178660,7943,1,1
1,NewOrder,1770894128.178714,18627,9,1
5,StockLevel,1770894128.178720,7258,15,1
2,Payment,1770894128.180865,9238,3,1
4,Delivery,1770894128.182229,15071,19,1
2,Payment,1770894128.185174,64917,12,1
4,Delivery,1770894128.185249,35780,13,1
2,Payment,1770894128.185481,37083,0,1
1,NewOrder,1770894128.185590,39866,10,1
2,Payment,1770894128.185990,7806,15,1
1,NewOrder,1770894128.186628,33972,1,1
1,NewOrder,1770894128.186638,33950,4,1
2,Payment,1770894128.186668,8926,22,1
2,Payment,1770894128.187131,14055,8,1
1,NewOrder,1770894128.187739,32952,16,1
4,Delivery,1770894128.188878,31660,2,1
2,Payment,1770894128.189026,31436,23,1
2,Payment,1770894128.189395,10556,21,1
4,Delivery,1770894128.190080,31293,17,1
2,Payment,1770894128.190118,10014,3,1
2,Payment,1770894128.190160,30247,6,1
1,NewOrder,1770894128.191803,5418,20,1
2,Payment,1770894128.191829,29100,14,1
5,StockLevel,1770894128.193670,1978,7,1
1,NewOrder,1770894128.193746,27755,18,1
2,Payment,1770894128.193821,32172,15,1
1,NewOrder,1770894128.195608,26570,22,1
1,NewOrder,1770894128.195662,38197,7,1
2,Payment,1770894128.195731,23161,5,1
2,Payment,1770894128.197235,27214,20,1
5,StockLevel,1770894128.197315,8971,19,1
1,NewOrder,1770894128.197355,31536,9,1
2,Payment,1770894128.198138,28159,11,1
1,NewOrder,1770894128.199975,20752,21,1
4,Delivery,1770894128.200144,20872,3,1
2,Payment,1770894128.201197,28110,8,1
1,NewOrder,1770894128.206309,14008,19,1
1,NewOrder,1770894128.218916,31305,5,1
1,NewOrder,1770894128.220333,27680,19,1
2,Payment,1770894128.220433,27565,6,1
2,Payment,1770894128.220487,6896,23,1
2,Payment,1770894128.220554,5324,2,1
2,Payment,1770894128.220613,29720,4,1
4,Delivery,1770894128.220626,29493,1,1
1,NewOrder,1770894128.220703,29471,16,1
2,Payment,1770894128.220743,49895,21,1
2,Payment,1770894128.220939,10717,14,1
2,Payment,1770894128.221037,10550,3,1
4,Delivery,1770894128.221046,10510,13,1
1,NewOrder,1770894128.221392,28782,17,1
1,NewOrder,1770894128.221524,35355,18,1
2,Payment,1770894128.222189,42551,22,1
1,NewOrder,1770894128.222589,11135,0,1
2,Payment,1770894128.224474,7157,20,1
2,Payment,1770894128.225487,36316,10,1
4,Delivery,1770894128.225888,24714,2,1
1,NewOrder,1770894128.226002,34150,15,1
1,NewOrder,1770894128.226313,23950,11,1
2,Payment,1770894128.227401,29969,23,1
2,Payment,1770894128.228902,24933,9,1
2,Payment,1770894128.229325,39864,8,1
1,NewOrder,1770894128.231581,18456,13,1
1,NewOrder,1770894128.231610,30146,3,1
1,NewOrder,1770894128.231644,25677,20,1
2,Payment,1770894128.231668,33348,14,1
1,NewOrder,1770894128.233742,26526,0,1
1,NewOrder,1770894128.233885,16338,7,1
2,Payment,1770894128.248022,24782,6,1
1,NewOrder,1770894128.248038,21559,19,1
2,Payment,1770894128.250062,8093,13,1
1,NewOrder,1770894128.250118,11546,12,1
3,OrderStatus,1770894128.250145,3888,1,1
4,Delivery,1770894128.250191,44341,17,1
1,NewOrder,1770894128.250201,31299,16,1
1,NewOrder,1770894128.250291,15148,7,1
2,Payment,1770894128.250292,28224,11,1
1,NewOrder,1770894128.250318,20027,5,1
1,NewOrder,1770894128.250358,12928,4,1
2,Payment,1770894128.250625,9336,2,1
4,Delivery,1770894128.253857,16868,9,1
2,Payment,1770894128.254074,42659,1,1
2,Payment,1770894128.256945,22661,18,1
2,Payment,1770894128.257383,19884,20,1
5,StockLevel,1770894128.257395,2057,23,1
1,NewOrder,1770894128.258168,17185,13,1
2,Payment,1770894128.259469,25462,23,1
1,NewOrder,1770894128.259974,13003,2,1
3,OrderStatus,1770894128.260174,1349,15,1
2,Payment,1770894128.260286,13985,0,1
1,NewOrder,1770894128.261538,18100,15,1
2,Payment,1770894128.261678,9102,12,1
2,Payment,1770894128.261781,7549,3,1
2,Payment,1770894128.261816,13492,10,1
1,NewOrder,1770894128.263312,32811,4,1
2,Payment,1770894128.264758,9208,22,1
2,Payment,1770894128.265030,11120,14,1
2,Payment,1770894128.265448,24168,7,1
1,NewOrder,1770894128.269213,17873,8,1
2,Payment,1770894128.269340,9488,3,1
1,NewOrder,1770894128.269621,29172,19,1
5,StockLevel,1770894128.270370,25099,5,1
1,NewOrder,1770894128.270663,11860,21,1
1,NewOrder,1770894128.270742,28922,9,1
1,NewOrder,1770894128.270796,24623,12,1
1,NewOrder,1770894128.272815,12004,6,1
1,NewOrder,1770894128.273002,25767,2,1
1,NewOrder,1770894128.273983,23656,22,1
2,Payment,1770894128.274296,11640,0,1
2,Payment,1770894128.275319,9651,10,1
1,NewOrder,1770894128.275365,49584,13,1
2,Payment,1770894128.276167,5972,14,1
2,Payment,1770894128.277286,15554,20,1
1,NewOrder,1770894128.278531,16171,11,1
2,Payment,1770894128.278841,12806,3,1
4,Delivery,1770894128.279625,11985,18,1
1,NewOrder,1770894128.279662,7745,15,1
1,NewOrder,1770894128.281525,10018,16,1
2,Payment,1770894128.282154,5336,14,1
2,Payment,1770894128.282533,6848,21,1
1,NewOrder,1770894128.284843,20518,6,1
2,Payment,1770894128.284956,11169,23,1
1,NewOrder,1770894128.284983,8096,10,1
2,Payment,1770894128.285962,14922,0,1
2,Payment,1770894128.287110,10775,8,1
5,StockLevel,1770894128.287423,9270,15,1
1,NewOrder,1770894128.287504,10060,14,1
2,Payment,1770894128.289391,61229,21,1
2,Payment,1770894128.289634,12411,7,1
1,NewOrder,1770894128.291555,34467,16,1
2,Payment,1770894128.291634,8952,18,1
4,Delivery,1770894128.291657,34344,3,1
2,Payment,1770894128.292865,26898,20,1
3,OrderStatus,1770894128.293093,1813,10,1
1,NewOrder,1770894128.294555,35200,17,1
1,NewOrder,1770894128.294715,8903,11,1
1,NewOrder,1770894128.294919,41900,10,1
2,Payment,1770894128.295437,29545,12,1
1,NewOrder,1770894128.295494,29414,5,1
2,Payment,1770894128.296138,31315,23,1
1,NewOrder,1770894128.296148,28942,4,1
1,NewOrder,1770894128.296718,48608,15,1
2,Payment,1770894128.296744,28205,1,1
2,Payment,1770894128.297575,31998,14,1
2,Payment,1770894128.297649,48400,22,1
2,Payment,1770894128.297896,48402,8,1
2,Payment,1770894128.298792,32606,2,1
2,Payment,1770894128.298811,32615,19,1
2,Payment,1770894128.299689,39000,9,1
2,Payment,1770894128.300604,38273,18,1
1,NewOrder,1770894128.300908,23969,0,1
2,Payment,1770894128.302059,22878,7,1
1,NewOrder,1770894128.303642,21306,11,1
5,StockLevel,1770894128.305386,2807,6,1
1,NewOrder,1770894128.308218,16598,6,1
2,Payment,1770894128.319787,33205,20,1
2,Payment,1770894128.324840,6658,6,1
2,Payment,1770894128.324902,14878,0,1
1,NewOrder,1770894128.324933,24046,5,1
1,NewOrder,1770894128.324954,30472,7,1
1,NewOrder,1770894128.324976,23888,11,1
1,NewOrder,1770894128.324978,18570,13,1
1,NewOrder,1770894128.324981,30475,1,1
1,NewOrder,1770894128.325007,18013,12,1
4,Delivery,1770894128.325105,1393,4,1
1,NewOrder,1770894128.326016,20974,3,1
2,Payment,1770894128.326035,8990,16,1
2,Payment,1770894128.326519,19798,4,1
1,NewOrder,1770894128.327466,30335,23,1
1,NewOrder,1770894128.329594,30835,14,1
1,NewOrder,1770894128.329779,29181,17,1
4,Delivery,1770894128.331423,30128,2,1
2,Payment,1770894128.331444,26204,19,1
1,NewOrder,1770894128.331512,26877,6,1
2,Payment,1770894128.335038,11196,16,1
1,NewOrder,1770894128.336836,22948,10,1
2,Payment,1770894128.338705,12024,9,1
5,StockLevel,1770894128.338902,2927,18,1
1,NewOrder,1770894128.339804,9201,0,1
1,NewOrder,1770894128.341852,51743,18,1
1,NewOrder,1770894128.343045,20796,12,1
1,NewOrder,1770894128.343561,50006,13,1
5,StockLevel,1770894128.345343,17949,15,1
3,OrderStatus,1770894128.346075,877,22,1
1,NewOrder,1770894128.346259,47175,16,1
1,NewOrder,1770894128.346324,9404,8,1
2,Payment,1770894128.346342,4823,4,1
1,NewOrder,1770894128.346979,21916,22,1
1,NewOrder,1770894128.347003,16805,3,1
2,Payment,1770894128.348882,8871,11,1
1,NewOrder,1770894128.348991,52466,5,1
2,Payment,1770894128.349019,11299,0,1
2,Payment,1770894128.350645,10672,21,1
1,NewOrder,1770894128.350755,8421,9,1
2,Payment,1770894128.351189,6521,4,1
3,OrderStatus,1770894128.353008,817,20,1
2,Payment,1770894128.353849,10994,20,1
1,NewOrder,1770894128.355438,18253,7,1
5,StockLevel,1770894128.355466,19374,1,1
1,NewOrder,1770894128.355750,37783,8,1
3,OrderStatus,1770894128.357672,1025,19,1
2,Payment,1770894128.357726,8480,4,1
2,Payment,1770894128.357768,3774,11,1
2,Payment,1770894128.357813,40727,23,1
2,Payment,1770894128.358401,6874,6,1
2,Payment,1770894128.358709,11342,19,1
1,NewOrder,1770894128.358985,34530,17,1
1,NewOrder,1770894128.359190,34409,9,1
4,Delivery,1770894128.359808,33557,10,1
5,StockLevel,1770894128.360332,18893,0,1
1,NewOrder,1770894128.360441,33139,14,1
2,Payment,1770894128.361339,6055,21,1
5,StockLevel,1770894128.361556,16267,11,1
1,NewOrder,1770894128.361563,38728,2,1
1,NewOrder,1770894128.363306,31285,15,1
2,Payment,1770894128.363821,8206,3,1
1,NewOrder,1770894128.363866,35031,12,1
1,NewOrder,1770894128.364854,5165,20,1
1,NewOrder,1770894128.365288,28748,6,1
2,Payment,1770894128.366213,25152,4,1
1,NewOrder,1770894128.367408,26092,21,1
1,NewOrder,1770894128.368919,31975,22,1
2,Payment,1770894128.370042,3382,20,1
2,Payment,1770894128.370066,23282,19,1
2,Payment,1770894128.372048,24398,3,1
1,NewOrder,1770894128.373438,19953,20,1
1,NewOrder,1770894128.373705,22347,7,1
2,Payment,1770894128.374864,34267,1,1
1,NewOrder,1770894128.377836,15673,11,1
2,Payment,1770894128.379250,20756,0,1
1,NewOrder,1770894128.391391,21509,4,1
1,NewOrder,1770894128.393363,20939,19,1
2,Payment,1770894128.393389,26344,10,1
1,NewOrder,1770894128.393407,16746,20,1
1,NewOrder,1770894128.393442,15661,16,1
2,Payment,1770894128.393527,8343,21,1
2,Payment,1770894128.393537,19769,11,1
4,Delivery,1770894128.393541,50795,17,1
2,Payment,1770894128.393558,23577,8,1
1,NewOrder,1770894128.393587,20451,13,1
2,Payment,1770894128.393605,4894,14,1
2,Payment,1770894128.393612,29979,9,1
2,Payment,1770894128.393621,20506,18,1
2,Payment,1770894128.394050,33078,6,1
2,Payment,1770894128.394605,16993,15,1
5,StockLevel,1770894128.396065,4927,7,1
1,NewOrder,1770894128.396456,21125,3,1
1,NewOrder,1770894128.398515,18838,14,1
1,NewOrder,1770894128.398552,12929,23,1
2,Payment,1770894128.398909,6528,12,1
2,Payment,1770894128.400023,14245,0,1
1,NewOrder,1770894128.400321,12216,2,1
2,Payment,1770894128.400918,8100,22,1
1,NewOrder,1770894128.401004,11278,7,1
1,NewOrder,1770894128.401489,10815,5,1
4,Delivery,1770894128.401880,14198,21,1
1,NewOrder,1770894128.405449,38766,12,1
2,Payment,1770894128.409039,11846,22,1
2,Payment,1770894128.409128,6912,16,1
2,Payment,1770894128.409144,9034,1,1
1,NewOrder,1770894128.410167,49630,20,1
1,NewOrder,1770894128.411505,25909,23,1
2,Payment,1770894128.411635,8046,15,1
1,NewOrder,1770894128.412306,21674,7,1
2,Payment,1770894128.412321,12561,5,1
1,NewOrder,1770894128.412558,47210,2,1
5,StockLevel,1770894128.412912,11843,4,1
1,NewOrder,1770894128.413322,22777,11,1
2,Payment,1770894128.414049,11208,13,1
2,Payment,1770894128.414140,10848,18,1
1,NewOrder,1770894128.414283,45308,0,1
4,Delivery,1770894128.414325,2259,19,1
1,NewOrder,1770894128.416053,21594,16,1
2,Payment,1770894128.416102,12280,21,1
1,NewOrder,1770894128.416605,17415,19,1
1,NewOrder,1770894128.417158,6674,8,1
2,Payment,1770894128.417365,12138,14,1
1,NewOrder,1770894128.417607,48076,3,1
2,Payment,1770894128.418190,10219,1,1
1,NewOrder,1770894128.419698,40134,15,1
2,Payment,1770894128.419749,9952,10,1
5,StockLevel,1770894128.420901,2193,22,1
2,Payment,1770894128.423117,13120,22,1
2,Payment,1770894128.423604,10318,9,1
2,Payment,1770894128.423849,13574,8,1
2,Payment,1770894128.424769,11482,4,1
1,NewOrder,1770894128.424895,15646,5,1
1,NewOrder,1770894128.425011,6591,18,1
1,NewOrder,1770894128.425268,38405,13,1
2,Payment,1770894128.427153,32515,6,1
1,NewOrder,1770894128.428406,35237,21,1
1,NewOrder,1770894128.428422,35278,1,1
3,OrderStatus,1770894128.429513,2268,14,1
2,Payment,1770894128.429713,10558,10,1
2,Payment,1770894128.431619,7561,18,1
1,NewOrder,1770894128.431794,31859,14,1
1,NewOrder,1770894128.433933,29959,9,1
2,Payment,1770894128.433995,31985,7,1
1,NewOrder,1770894128.434045,47853,19,1
1,NewOrder,1770894128.436125,27551,11,1
1,NewOrder,1770894128.436262,28182,22,1
3,OrderStatus,1770894128.436267,2870,4,1
2,Payment,1770894128.437440,6756,23,1
1,NewOrder,1770894128.437440,26184,8,1
2,Payment,1770894128.437672,6711,16,1
1,NewOrder,1770894128.439151,24468,4,1
2,Payment,1770894128.439195,24697,18,1
1,NewOrder,1770894128.440288,25070,10,1
2,Payment,1770894128.440564,19218,5,1
1,NewOrder,1770894128.444220,19784,23,1
2,Payment,1770894128.444230,19692,12,1
2,Payment,1770894128.444360,38031,17,1
2,Payment,1770894128.444406,30902,16,1
1,NewOrder,1770894128.459611,24093,0,1
5,StockLevel,1770894128.459695,2883,6,1
4,Delivery,1770894128.459794,32127,2,1
2,Payment,1770894128.459807,7267,5,1
1,NewOrder,1770894128.459821,30906,20,1
1,NewOrder,1770894128.459856,14223,15,1
1,NewOrder,1770894128.462601,57338,6,1
2,Payment,1770894128.463645,33567,4,1
2,Payment,1770894128.463651,7414,8,1
2,Payment,1770894128.463668,5473,21,1
2,Payment,1770894128.463678,21264,14,1
2,Payment,1770894128.463698,5385,13,1
2,Payment,1770894128.463702,18315,11,1
2,Payment,1770894128.463724,7471,1,1
4,Delivery,1770894128.463917,34981,9,1
1,NewOrder,1770894128.463919,28302,18,1
1,NewOrder,1770894128.463934,13113,12,1
2,Payment,1770894128.464019,15910,23,1
3,OrderStatus,1770894128.464455,2102,22,1
2,Payment,1770894128.465375,19755,10,1
2,Payment,1770894128.465707,18021,3,1
1,NewOrder,1770894128.466005,18033,7,1
1,NewOrder,1770894128.466568,17715,22,1
1,NewOrder,1770894128.467082,16995,5,1
1,NewOrder,1770894128.469099,13485,13,1
2,Payment,1770894128.469159,6206,21,1
1,NewOrder,1770894128.471077,11347,8,1
2,Payment,1770894128.471220,8797,1,1
2,Payment,1770894128.474095,17186,15,1
2,Payment,1770894128.475332,12744,16,1
1,NewOrder,1770894128.475377,13494,21,1
2,Payment,1770894128.477080,17796,12,1
1,NewOrder,1770894128.479946,40039,23,1
1,NewOrder,1770894128.480034,14751,1,1
4,Delivery,1770894128.481922,16897,19,1
2,Payment,1770894128.482035,10669,11,1
3,OrderStatus,1770894128.482416,1250,17,1
1,NewOrder,1770894128.482438,37502,8,1
1,NewOrder,1770894128.482608,37326,13,1
1,NewOrder,1770894128.483681,12472,17,1
4,Delivery,1770894128.483724,8694,0,1
4,Delivery,1770894128.483751,8590,3,1
1,NewOrder,1770894128.484053,36055,7,1
4,Delivery,1770894128.484102,18951,5,1
1,NewOrder,1770894128.484295,35587,22,1
1,NewOrder,1770894128.484953,43000,14,1
1,NewOrder,1770894128.485141,7880,10,1
1,NewOrder,1770894128.488100,31741,16,1
1,NewOrder,1770894128.488883,31025,21,1
2,Payment,1770894128.490751,8091,20,1
2,Payment,1770894128.491293,7034,15,1
2,Payment,1770894128.491935,31677,2,1
1,NewOrder,1770894128.492245,27826,18,1
1,NewOrder,1770894128.492363,27772,3,1
1,NewOrder,1770894128.492433,34604,0,1
2,Payment,1770894128.492718,3505,11,1
4,Delivery,1770894128.493034,8195,10,1
2,Payment,1770894128.494798,23533,1,1
2,Payment,1770894128.494901,25155,12,1
2,Payment,1770894128.496166,32126,17,1
1,NewOrder,1770894128.496234,29443,11,1
1,NewOrder,1770894128.497236,22807,4,1
1,NewOrder,1770894128.498350,31920,15,1
2,Payment,1770894128.498843,26859,19,1
2,Payment,1770894128.498854,21057,20,1
1,NewOrder,1770894128.498909,21238,9,1
1,NewOrder,1770894128.501250,27065,10,1
1,NewOrder,1770894128.503074,21534,5,1
2,Payment,1770894128.518355,10305,1,1
1,NewOrder,1770894128.519865,43001,16,1
1,NewOrder,1770894128.519908,47203,22,1
5,StockLevel,1770894128.519935,8371,21,1
5,StockLevel,1770894128.519937,14315,20,1
2,Payment,1770894128.519959,23273,13,1
1,NewOrder,1770894128.519967,39130,6,1
3,OrderStatus,1770894128.519970,5057,8,1
2,Payment,1770894128.519998,10193,23,1
1,NewOrder,1770894128.520054,41680,4,1
4,Delivery,1770894128.520083,10385,18,1
2,Payment,1770894128.520083,15080,12,1
1,NewOrder,1770894128.520119,41714,7,1
1,NewOrder,1770894128.520147,44365,3,1
2,Payment,1770894128.520158,8267,9,1
2,Payment,1770894128.523637,8125,2,1
2,Payment,1770894128.524632,13807,5,1
2,Payment,1770894128.525050,13417,8,1
1,NewOrder,1770894128.525690,39143,11,1
5,StockLevel,1770894128.525727,10115,19,1
1,NewOrder,1770894128.527050,34835,0,1
1,NewOrder,1770894128.527977,34016,14,1
1,NewOrder,1770894128.528317,35910,17,1
2,Payment,1770894128.528332,3392,10,1
4,Delivery,1770894128.528332,39729,21,1
5,StockLevel,1770894128.528436,10761,9,1
2,Payment,1770894128.528674,30481,1,1
2,Payment,1770894128.530202,8223,23,1
2,Payment,1770894128.530284,31564,15,1
1,NewOrder,1770894128.530480,35691,18,1
2,Payment,1770894128.531735,27590,10,1
1,NewOrder,1770894128.531780,31177,2,1
3,OrderStatus,1770894128.534261,3331,20,1
1,NewOrder,1770894128.535171,28878,12,1
2,Payment,1770894128.535867,29168,19,1
1,NewOrder,1770894128.538450,23443,5,1
2,Payment,1770894128.538451,20762,23,1
3,OrderStatus,1770894128.538496,1252,8,1
4,Delivery,1770894128.539761,29941,8,1
1,NewOrder,1770894128.543250,18586,13,1
2,Payment,1770894128.559111,5858,6,1
2,Payment,1770894128.559179,5758,1,1
3,OrderStatus,1770894128.561873,1047,15,1
3,OrderStatus,1770894128.562936,1029,15,1
