Transaction Type Index,Transaction Name,Start Time (microseconds),Latency (microseconds),Worker Id (start number),Phase Id (index in config file)
1,NewOrder,1772075941.889527,63504,23,1
5,StockLevel,1772075941.889528,68788,2,1
1,NewOrder,1772075941.889529,63955,9,1
1,NewOrder,1772075941.889530,94461,1,1
2,Payment,1772075941.889534,85118,5,1
2,Payment,1772075941.889566,85681,7,1
2,Payment,1772075941.889643,64187,0,1
4,Delivery,1772075941.889860,110845,3,1
1,NewOrder,1772075941.890078,99688,8,1
1,NewOrder,1772075941.890276,95246,4,1
2,Payment,1772075941.890499,63026,6,1
3,OrderStatus,1772075941.890711,59296,10,1
1,NewOrder,1772075941.890911,84997,11,1
2,Payment,1772075941.891125,63182,12,1
2,Payment,1772075941.891338,119810,13,1
1,NewOrder,1772075941.891559,61908,14,1
2,Payment,1772075941.891761,162180,15,1
2,Payment,1772075941.891985,77767,16,1
2,Payment,1772075941.906384,187274,17,1
2,Payment,1772075941.906398,56821,22,1
1,NewOrder,1772075941.906408,51339,21,1
2,Payment,1772075941.906426,124467,20,1
2,Payment,1772075941.906450,72781,19,1
2,Payment,1772075941.906463,43542,18,1
2,Payment,1772075941.950155,37738,18,1
2,Payment,1772075941.950156,41299,10,1
1,NewOrder,1772075941.953064,20507,23,1
1,NewOrder,1772075941.953512,26598,9,1
2,Payment,1772075941.953534,30965,14,1
1,NewOrder,1772075941.953552,94239,6,1
1,NewOrder,1772075941.953860,73464,0,1
2,Payment,1772075941.954343,35910,12,1
1,NewOrder,1772075941.957773,18509,21,1
2,Payment,1772075941.958344,51617,2,1
1,NewOrder,1772075941.963246,44852,22,1
2,Payment,1772075941.969783,58598,16,1
1,NewOrder,1772075941.973591,23756,23,1
2,Payment,1772075941.974682,20294,5,1
1,NewOrder,1772075941.975272,85698,7,1
2,Payment,1772075941.975935,33989,11,1
1,NewOrder,1772075941.976302,25117,21,1
5,StockLevel,1772075941.979258,25357,19,1
1,NewOrder,1772075941.980149,47141,9,1
1,NewOrder,1772075941.984018,40946,1,1
2,Payment,1772075941.984514,80258,14,1
1,NewOrder,1772075941.985544,23601,4,1
2,Payment,1772075941.987911,84782,18,1
1,NewOrder,1772075941.989795,19329,8,1
1,NewOrder,1772075941.990271,48349,12,1
4,Delivery,1772075941.991475,90722,10,1
2,Payment,1772075941.994994,33323,5,1
1,NewOrder,1772075941.997365,38979,23,1
1,NewOrder,1772075942.000739,76516,3,1
1,NewOrder,1772075942.001437,25852,21,1
1,NewOrder,1772075942.004646,41269,19,1
1,NewOrder,1772075942.008119,22316,22,1
2,Payment,1772075942.009154,18983,8,1
1,NewOrder,1772075942.009163,28957,4,1
1,NewOrder,1772075942.009942,34771,11,1
3,OrderStatus,1772075942.009977,8889,2,1
1,NewOrder,1772075942.011182,60220,13,1
1,NewOrder,1772075942.018895,51822,2,1
3,OrderStatus,1772075942.024992,8146,1,1
2,Payment,1772075942.027313,68805,21,1
1,NewOrder,1772075942.027319,23400,9,1
5,StockLevel,1772075942.027346,43166,0,1
1,NewOrder,1772075942.028176,17248,8,1
1,NewOrder,1772075942.028338,58424,5,1
1,NewOrder,1772075942.028402,69375,16,1
1,NewOrder,1772075942.030456,35084,22,1
2,Payment,1772075942.030922,12143,20,1
3,OrderStatus,1772075942.033156,9280,1,1
2,Payment,1772075942.036366,17526,23,1
2,Payment,1772075942.038142,15414,4,1
1,NewOrder,1772075942.038639,38976,12,1
2,Payment,1772075942.042454,20827,1,1
2,Payment,1772075942.043084,23858,20,1
3,OrderStatus,1772075942.044731,6114,11,1
1,NewOrder,1772075942.045444,20997,8,1
2,Payment,1772075942.045935,74889,19,1
3,OrderStatus,1772075942.047813,8681,6,1
2,Payment,1772075942.050736,14692,9,1
1,NewOrder,1772075942.050867,39999,11,1
1,NewOrder,1772075942.053575,40028,4,1
2,Payment,1772075942.053910,85141,23,1
2,Payment,1772075942.053973,49935,15,1
2,Payment,1772075942.056513,14928,6,1
2,Payment,1772075942.060990,14653,7,1
1,NewOrder,1772075942.063308,32730,1,1
2,Payment,1772075942.064793,44339,14,1
1,NewOrder,1772075942.065449,18151,9,1
2,Payment,1772075942.065555,34249,22,1
1,NewOrder,1772075942.066455,32201,8,1
2,Payment,1772075942.066961,46610,20,1
2,Payment,1772075942.070535,11153,0,1
2,Payment,1772075942.070739,14679,2,1
2,Payment,1772075942.071419,60823,13,1
1,NewOrder,1772075942.071460,24551,6,1
2,Payment,1772075942.072709,33602,18,1
2,Payment,1772075942.075671,11125,7,1
1,NewOrder,1772075942.077296,23666,3,1
2,Payment,1772075942.077635,66480,12,1
2,Payment,1772075942.081711,11962,0,1
2,Payment,1772075942.082212,11581,10,1
1,NewOrder,1772075942.083617,23157,9,1
5,StockLevel,1772075942.085437,15426,2,1
5,StockLevel,1772075942.086778,23618,5,1
2,Payment,1772075942.086813,14626,7,1
2,Payment,1772075942.090889,20131,11,1
2,Payment,1772075942.093628,7871,4,1
1,NewOrder,1772075942.093694,60981,17,1
1,NewOrder,1772075942.093697,21995,0,1
1,NewOrder,1772075942.093813,41069,10,1
3,OrderStatus,1772075942.096028,8225,6,1
1,NewOrder,1772075942.096055,29853,1,1
1,NewOrder,1772075942.096139,21274,21,1
2,Payment,1772075942.097794,26063,16,1
2,Payment,1772075942.098673,19539,8,1
1,NewOrder,1772075942.099822,27624,22,1
1,NewOrder,1772075942.100884,28052,2,1
1,NewOrder,1772075942.100979,24445,3,1
2,Payment,1772075942.101453,23255,7,1
1,NewOrder,1772075942.101517,30062,4,1
1,NewOrder,1772075942.103936,82006,15,1
1,NewOrder,1772075942.104273,18522,6,1
1,NewOrder,1772075942.106334,80427,18,1
2,Payment,1772075942.106792,29207,9,1
1,NewOrder,1772075942.109162,41261,14,1
4,Delivery,1772075942.110417,97012,5,1
2,Payment,1772075942.111038,36683,11,1
2,Payment,1772075942.113591,15915,20,1
2,Payment,1772075942.115713,12356,0,1
3,OrderStatus,1772075942.117431,17065,21,1
1,NewOrder,1772075942.118231,38748,8,1
1,NewOrder,1772075942.120848,27669,19,1
2,Payment,1772075942.122815,31286,6,1
1,NewOrder,1772075942.123870,35321,16,1
1,NewOrder,1772075942.124730,13414,7,1
4,Delivery,1772075942.125438,82398,3,1
1,NewOrder,1772075942.125926,24849,1,1
2,Payment,1772075942.127466,31682,22,1
1,NewOrder,1772075942.128091,20510,0,1
3,OrderStatus,1772075942.128954,7032,2,1
1,NewOrder,1772075942.129522,57272,20,1
1,NewOrder,1772075942.131600,27138,4,1
2,Payment,1772075942.132261,21353,13,1
3,OrderStatus,1772075942.134516,8081,21,1
2,Payment,1772075942.134902,26180,10,1
1,NewOrder,1772075942.136006,49881,2,1
4,Delivery,1772075942.136018,77423,9,1
2,Payment,1772075942.138164,27469,7,1
1,NewOrder,1772075942.139075,34472,23,1
1,NewOrder,1772075942.142622,43655,21,1
1,NewOrder,1772075942.144136,44585,12,1
2,Payment,1772075942.147744,28999,11,1
1,NewOrder,1772075942.148544,37365,19,1
1,NewOrder,1772075942.148620,38040,0,1
1,NewOrder,1772075942.150442,36845,14,1
1,NewOrder,1772075942.150795,35833,1,1
1,NewOrder,1772075942.153634,32055,13,1
5,StockLevel,1772075942.154120,36896,6,1
1,NewOrder,1772075942.154691,32401,17,1
1,NewOrder,1772075942.157002,30697,8,1
1,NewOrder,1772075942.158757,27007,4,1
3,OrderStatus,1772075942.159165,11470,22,1
1,NewOrder,1772075942.159215,32038,16,1
2,Payment,1772075942.161100,26592,10,1
1,NewOrder,1772075942.165659,38310,7,1
2,Payment,1772075942.170666,18367,22,1
2,Payment,1772075942.173574,26776,23,1
1,NewOrder,1772075942.176770,22328,11,1
1,NewOrder,1772075942.185722,18889,13,1
3,OrderStatus,1772075942.185788,8312,4,1
1,NewOrder,1772075942.185907,23819,2,1
1,NewOrder,1772075942.185921,33772,19,1
1,NewOrder,1772075942.185955,21715,15,1
2,Payment,1772075942.186287,18227,21,1
2,Payment,1772075942.186647,11937,1,1
1,NewOrder,1772075942.186678,20656,0,1
2,Payment,1772075942.186772,26714,18,1
1,NewOrder,1772075942.186808,41258,20,1
2,Payment,1772075942.187108,15466,17,1
2,Payment,1772075942.187299,21933,14,1
3,OrderStatus,1772075942.187708,1305,10,1
2,Payment,1772075942.187723,10454,8,1
2,Payment,1772075942.188738,25561,12,1
1,NewOrder,1772075942.189030,20945,10,1
2,Payment,1772075942.189051,36210,22,1
2,Payment,1772075942.191033,20312,6,1
1,NewOrder,1772075942.191274,39902,16,1
2,Payment,1772075942.194121,12072,4,1
2,Payment,1772075942.198201,19096,8,1
2,Payment,1772075942.198601,14475,1,1
2,Payment,1772075942.199118,40266,11,1
2,Payment,1772075942.200368,32892,23,1
1,NewOrder,1772075942.202596,30802,17,1
2,Payment,1772075942.203985,40520,7,1
2,Payment,1772075942.204533,35995,21,1
2,Payment,1772075942.204628,13623,13,1
2,Payment,1772075942.206215,14730,4,1
5,StockLevel,1772075942.207352,9375,0,1
1,NewOrder,1772075942.207441,19352,5,1
2,Payment,1772075942.207688,19078,15,1
2,Payment,1772075942.207854,18978,3,1
1,NewOrder,1772075942.209246,44026,14,1
1,NewOrder,1772075942.209741,35177,2,1
1,NewOrder,1772075942.209986,8608,10,1
2,Payment,1772075942.211371,16509,6,1
2,Payment,1772075942.213100,21084,1,1
2,Payment,1772075942.213455,54521,9,1
2,Payment,1772075942.213504,33685,18,1
3,OrderStatus,1772075942.214317,5068,12,1
1,NewOrder,1772075942.216752,14402,0,1
1,NewOrder,1772075942.217315,25229,8,1
2,Payment,1772075942.218266,16930,13,1
2,Payment,1772075942.218612,78145,10,1
3,OrderStatus,1772075942.219403,1522,12,1
1,NewOrder,1772075942.219711,42376,19,1
2,Payment,1772075942.220941,23069,12,1
2,Payment,1772075942.220962,23198,4,1
2,Payment,1772075942.225286,29874,22,1
5,StockLevel,1772075942.226786,32510,15,1
2,Payment,1772075942.226813,25589,5,1
1,NewOrder,1772075942.226847,29283,3,1
2,Payment,1772075942.227895,86676,6,1
1,NewOrder,1772075942.228082,25627,20,1
1,NewOrder,1772075942.231177,24077,0,1
1,NewOrder,1772075942.231196,19851,16,1
4,Delivery,1772075942.233283,67812,23,1
2,Payment,1772075942.233419,35607,17,1
1,NewOrder,1772075942.234202,35990,1,1
1,NewOrder,1772075942.235208,33746,13,1
2,Payment,1772075942.239409,35947,11,1
2,Payment,1772075942.240546,21441,21,1
1,NewOrder,1772075942.242574,11622,8,1
5,StockLevel,1772075942.244027,23563,12,1
2,Payment,1772075942.244178,15642,4,1
2,Payment,1772075942.244527,78591,7,1
1,NewOrder,1772075942.244951,33193,2,1
1,NewOrder,1772075942.247206,24421,18,1
1,NewOrder,1772075942.251066,17958,16,1
1,NewOrder,1772075942.252423,32281,5,1
2,Payment,1772075942.253293,25357,14,1
3,OrderStatus,1772075942.253730,11170,20,1
1,NewOrder,1772075942.254212,14780,8,1
2,Payment,1772075942.255178,15971,22,1
2,Payment,1772075942.255271,13695,0,1
3,OrderStatus,1772075942.256145,5539,3,1
1,NewOrder,1772075942.259316,54415,15,1
1,NewOrder,1772075942.259838,30034,4,1
1,NewOrder,1772075942.261698,35375,3,1
1,NewOrder,1772075942.262003,29767,21,1
2,Payment,1772075942.262105,16453,19,1
2,Payment,1772075942.264921,18844,20,1
1,NewOrder,1772075942.267611,29969,12,1
1,NewOrder,1772075942.268005,26256,9,1
1,NewOrder,1772075942.268973,37802,13,1
2,Payment,1772075942.268982,5381,0,1
1,NewOrder,1772075942.269011,24364,8,1
2,Payment,1772075942.269043,28566,17,1
2,Payment,1772075942.269047,17965,16,1
1,NewOrder,1772075942.270227,22568,1,1
1,NewOrder,1772075942.271161,25904,22,1
1,NewOrder,1772075942.271644,24773,18,1
1,NewOrder,1772075942.274381,17365,0,1
2,Payment,1772075942.275373,54353,11,1
2,Payment,1772075942.278164,23895,2,1
1,NewOrder,1772075942.278575,29240,19,1
2,Payment,1772075942.278667,25093,14,1
5,StockLevel,1772075942.283785,36840,20,1
1,NewOrder,1772075942.284719,48194,5,1
1,NewOrder,1772075942.287033,48521,16,1
2,Payment,1772075942.289892,17946,4,1
2,Payment,1772075942.291773,35244,0,1
2,Payment,1772075942.291787,15992,21,1
2,Payment,1772075942.292827,41330,1,1
2,Payment,1772075942.293388,45238,8,1
5,StockLevel,1772075942.294288,11538,9,1
4,Delivery,1772075942.296450,5059,18,1
4,Delivery,1772075942.296777,60195,10,1
2,Payment,1772075942.297088,26464,3,1
1,NewOrder,1772075942.297096,10584,22,1
1,NewOrder,1772075942.297593,13110,12,1
5,StockLevel,1772075942.297622,37757,17,1
1,NewOrder,1772075942.301118,27479,23,1
1,NewOrder,1772075942.301524,10732,18,1
2,Payment,1772075942.302074,49980,2,1
1,NewOrder,1772075942.303773,59509,14,1
2,Payment,1772075942.305840,47426,9,1
5,StockLevel,1772075942.306790,31182,13,1
1,NewOrder,1772075942.307695,15452,22,1
1,NewOrder,1772075942.307792,22805,21,1
1,NewOrder,1772075942.307833,33551,19,1
1,NewOrder,1772075942.307850,30880,4,1
1,NewOrder,1772075942.310718,10655,12,1
2,Payment,1772075942.312275,3612,18,1
1,NewOrder,1772075942.313749,34955,15,1
1,NewOrder,1772075942.314583,27496,6,1
4,Delivery,1772075942.315903,15851,18,1
2,Payment,1772075942.320649,17508,20,1
2,Payment,1772075942.321383,9140,12,1
1,NewOrder,1772075942.323136,19049,7,1
1,NewOrder,1772075942.323161,29486,22,1
1,NewOrder,1772075942.323570,20061,3,1
3,OrderStatus,1772075942.327037,5467,0,1
4,Delivery,1772075942.328619,3458,23,1
1,NewOrder,1772075942.329743,28521,11,1
2,Payment,1772075942.330538,11536,12,1
1,NewOrder,1772075942.330611,22094,21,1
4,Delivery,1772075942.331769,13403,18,1
3,OrderStatus,1772075942.332090,4702,23,1
1,NewOrder,1772075942.332515,30825,0,1
2,Payment,1772075942.332928,30325,5,1
1,NewOrder,1772075942.334172,39947,1,1
1,NewOrder,1772075942.335402,70929,17,1
2,Payment,1772075942.335567,14262,16,1
2,Payment,1772075942.336806,18429,23,1
1,NewOrder,1772075942.337987,80360,13,1
3,OrderStatus,1772075942.338172,14440,20,1
5,StockLevel,1772075942.338637,33350,8,1
4,Delivery,1772075942.338737,118965,4,1
1,NewOrder,1772075942.341401,32778,19,1
1,NewOrder,1772075942.342089,24329,12,1
2,Payment,1772075942.342094,15644,6,1
2,Payment,1772075942.342195,20083,7,1
1,NewOrder,1772075942.343645,28232,3,1
1,NewOrder,1772075942.345184,43042,18,1
2,Payment,1772075942.348721,14586,15,1
1,NewOrder,1772075942.349846,24957,16,1
1,NewOrder,1772075942.352076,34927,2,1
1,NewOrder,1772075942.352627,46173,20,1
4,Delivery,1772075942.352660,71979,22,1
4,Delivery,1772075942.352715,71499,21,1
1,NewOrder,1772075942.353276,25609,9,1
1,NewOrder,1772075942.355248,30770,23,1
2,Payment,1772075942.356983,11767,10,1
4,Delivery,1772075942.357753,14650,6,1
2,Payment,1772075942.358280,14068,11,1
1,NewOrder,1772075942.362299,28874,7,1
1,NewOrder,1772075942.363269,36740,5,1
2,Payment,1772075942.363298,15174,14,1
1,NewOrder,1772075942.363321,34104,15,1
2,Payment,1772075942.363357,7371,0,1
3,OrderStatus,1772075942.366433,5167,12,1
4,Delivery,1772075942.368768,4184,10,1
1,NewOrder,1772075942.370747,21367,0,1
1,NewOrder,1772075942.371614,28445,12,1
1,NewOrder,1772075942.371891,31206,3,1
2,Payment,1772075942.372003,18082,8,1
4,Delivery,1772075942.372358,128103,11,1
1,NewOrder,1772075942.372417,28035,6,1
2,Payment,1772075942.372966,21977,10,1
1,NewOrder,1772075942.374130,30054,1,1
2,Payment,1772075942.374192,12250,19,1
1,NewOrder,1772075942.374819,18904,16,1
1,NewOrder,1772075942.378490,39426,14,1
5,StockLevel,1772075942.378900,17019,9,1
3,OrderStatus,1772075942.386043,7122,23,1
2,Payment,1772075942.386459,13957,19,1
1,NewOrder,1772075942.387017,30364,2,1
1,NewOrder,1772075942.388247,38809,18,1
2,Payment,1772075942.390102,14914,8,1
1,NewOrder,1772075942.391191,31346,7,1
2,Payment,1772075942.392130,10235,0,1
5,StockLevel,1772075942.393189,33702,23,1
4,Delivery,1772075942.393739,89246,16,1
1,NewOrder,1772075942.394957,38625,10,1
1,NewOrder,1772075942.395928,22139,9,1
2,Payment,1772075942.397440,17745,15,1
1,NewOrder,1772075942.398819,35399,20,1
4,Delivery,1772075942.400024,58015,5,1
2,Payment,1772075942.400070,24827,12,1
1,NewOrder,1772075942.400426,17618,19,1
1,NewOrder,1772075942.400468,33783,6,1
5,StockLevel,1772075942.402379,15281,0,1
1,NewOrder,1772075942.403111,33520,3,1
1,NewOrder,1772075942.404199,24681,1,1
1,NewOrder,1772075942.405031,25797,8,1
1,NewOrder,1772075942.406346,38656,17,1
3,OrderStatus,1772075942.415215,8393,15,1
1,NewOrder,1772075942.417401,20473,2,1
2,Payment,1772075942.417668,10701,0,1
1,NewOrder,1772075942.417934,19525,14,1
1,NewOrder,1772075942.418084,20597,9,1
1,NewOrder,1772075942.418088,28269,19,1
2,Payment,1772075942.418359,29129,13,1
1,NewOrder,1772075942.422583,28663,7,1
1,NewOrder,1772075942.423623,20945,15,1
2,Payment,1772075942.424227,16681,21,1
1,NewOrder,1772075942.424651,30457,22,1
1,NewOrder,1772075942.424908,35156,12,1
2,Payment,1772075942.426905,18064,23,1
2,Payment,1772075942.427069,43663,18,1
1,NewOrder,1772075942.428381,15575,0,1
1,NewOrder,1772075942.428889,15684,1,1
2,Payment,1772075942.430841,8356,8,1
1,NewOrder,1772075942.433595,29124,10,1
1,NewOrder,1772075942.434230,44427,20,1
3,OrderStatus,1772075942.434261,8252,6,1
2,Payment,1772075942.436644,17944,3,1
1,NewOrder,1772075942.437472,34897,14,1
1,NewOrder,1772075942.437885,32258,2,1
3,OrderStatus,1772075942.438693,9669,9,1
1,NewOrder,1772075942.439208,23543,8,1
2,Payment,1772075942.440919,14224,21,1
3,OrderStatus,1772075942.442524,7098,6,1
1,NewOrder,1772075942.443969,14428,0,1
1,NewOrder,1772075942.444591,38445,15,1
1,NewOrder,1772075942.444600,17716,1,1
4,Delivery,1772075942.444984,56877,23,1
1,NewOrder,1772075942.445013,33164,17,1
1,NewOrder,1772075942.446385,36735,19,1
1,NewOrder,1772075942.447495,27215,13,1
3,OrderStatus,1772075942.448371,9198,9,1
2,Payment,1772075942.449629,14644,6,1
1,NewOrder,1772075942.451255,37171,7,1
1,NewOrder,1772075942.454598,28544,3,1
2,Payment,1772075942.455116,8735,22,1
2,Payment,1772075942.455152,27435,21,1
4,Delivery,1772075942.457577,43304,9,1
1,NewOrder,1772075942.457714,36678,4,1
1,NewOrder,1772075942.458049,42064,5,1
3,OrderStatus,1772075942.458404,6794,0,1
1,NewOrder,1772075942.460072,26349,12,1
2,Payment,1772075942.462325,20678,1,1
1,NewOrder,1772075942.462727,32469,10,1
2,Payment,1772075942.462760,20327,8,1
1,NewOrder,1772075942.463862,19309,22,1
2,Payment,1772075942.464281,28480,6,1
4,Delivery,1772075942.465206,17850,0,1
1,NewOrder,1772075942.470156,29307,2,1
3,OrderStatus,1772075942.470740,7881,18,1
2,Payment,1772075942.472377,10647,14,1
2,Payment,1772075942.474720,18597,13,1
1,NewOrder,1772075942.478186,28439,17,1
1,NewOrder,1772075942.478630,21572,18,1
3,OrderStatus,1772075942.478666,2344,20,1
1,NewOrder,1772075942.481018,28451,20,1
1,NewOrder,1772075942.482599,30487,21,1
2,Payment,1772075942.482993,44263,16,1
2,Payment,1772075942.483011,5409,1,1
1,NewOrder,1772075942.483032,40804,14,1
2,Payment,1772075942.483042,28573,15,1
2,Payment,1772075942.483063,17118,0,1
2,Payment,1772075942.483094,31557,8,1
5,StockLevel,1772075942.483130,21134,19,1
1,NewOrder,1772075942.483148,36122,3,1
1,NewOrder,1772075942.483177,35747,22,1
2,Payment,1772075942.486432,32812,12,1
1,NewOrder,1772075942.488431,18842,1,1
5,StockLevel,1772075942.488434,34240,7,1
1,NewOrder,1772075942.492772,33996,6,1
1,NewOrder,1772075942.493326,26434,13,1
2,Payment,1772075942.494401,9725,4,1
1,NewOrder,1772075942.495205,25536,10,1
2,Payment,1772075942.499473,24342,2,1
1,NewOrder,1772075942.500121,24284,5,1
1,NewOrder,1772075942.500191,35862,0,1
2,Payment,1772075942.500212,20611,18,1
1,NewOrder,1772075942.500468,16726,11,1
2,Payment,1772075942.500890,22855,9,1
1,NewOrder,1772075942.501870,22889,23,1
1,NewOrder,1772075942.504133,18780,4,1
1,NewOrder,1772075942.504272,22950,19,1
1,NewOrder,1772075942.506633,13198,17,1
2,Payment,1772075942.507282,23732,1,1
2,Payment,1772075942.509479,14991,20,1
3,OrderStatus,1772075942.511623,6926,15,1
4,Delivery,1772075942.513096,28969,21,1
2,Payment,1772075942.514663,14795,8,1
1,NewOrder,1772075942.517206,28536,11,1
2,Payment,1772075942.518560,12984,15,1
4,Delivery,1772075942.518932,23505,22,1
2,Payment,1772075942.519254,18364,12,1
2,Payment,1772075942.519277,19562,3,1
2,Payment,1772075942.519769,23401,13,1
2,Payment,1772075942.519837,31209,17,1
2,Payment,1772075942.520749,13734,10,1
2,Payment,1772075942.520834,9145,18,1
1,NewOrder,1772075942.522690,19936,7,1
1,NewOrder,1772075942.522925,22251,4,1
1,NewOrder,1772075942.523757,17965,9,1
1,NewOrder,1772075942.523825,29226,2,1
2,Payment,1772075942.523843,30371,14,1
2,Payment,1772075942.524418,26059,5,1
2,Payment,1772075942.524476,10368,20,1
2,Payment,1772075942.524765,13523,23,1
1,NewOrder,1772075942.526781,30699,6,1
2,Payment,1772075942.527231,16979,19,1
2,Payment,1772075942.527266,29815,16,1
1,NewOrder,1772075942.529471,26618,8,1
2,Payment,1772075942.529992,38629,18,1
1,NewOrder,1772075942.531024,20345,1,1
4,Delivery,1772075942.531554,48716,15,1
1,NewOrder,1772075942.534492,43179,10,1
1,NewOrder,1772075942.534850,31727,20,1
1,NewOrder,1772075942.536062,22814,0,1
2,Payment,1772075942.537627,27675,12,1
1,NewOrder,1772075942.538296,21600,23,1
1,NewOrder,1772075942.538852,18597,3,1
1,NewOrder,1772075942.541731,37221,9,1
2,Payment,1772075942.542076,22679,21,1
1,NewOrder,1772075942.542445,36560,22,1
2,Payment,1772075942.542638,13881,7,1
5,StockLevel,1772075942.543185,16605,13,1
1,NewOrder,1772075942.544219,21016,19,1
2,Payment,1772075942.545187,11738,4,1
4,Delivery,1772075942.545750,50837,11,1
2,Payment,1772075942.550485,19705,5,1
2,Payment,1772075942.551058,26083,17,1
4,Delivery,1772075942.551379,39518,1,1
4,Delivery,1772075942.553061,38193,2,1
2,Payment,1772075942.554222,26946,14,1
1,NewOrder,1772075942.556099,25792,8,1
1,NewOrder,1772075942.556528,30823,7,1
2,Payment,1772075942.556933,16580,4,1
2,Payment,1772075942.557089,30613,16,1
1,NewOrder,1772075942.557456,21519,3,1
2,Payment,1772075942.557490,20892,6,1
1,NewOrder,1772075942.558882,22625,0,1
1,NewOrder,1772075942.559801,20900,13,1
2,Payment,1772075942.559901,13186,23,1
1,NewOrder,1772075942.564767,25757,21,1
1,NewOrder,1772075942.565243,17262,19,1
2,Payment,1772075942.565311,24798,12,1
2,Payment,1772075942.566587,11591,20,1
1,NewOrder,1772075942.568631,40216,18,1
4,Delivery,1772075942.570199,21157,5,1
1,NewOrder,1772075942.573097,42470,23,1
2,Payment,1772075942.573523,7833,4,1
1,NewOrder,1772075942.577154,34057,17,1
1,NewOrder,1772075942.577680,56993,10,1
1,NewOrder,1772075942.578184,41352,20,1
1,NewOrder,1772075942.578393,23439,6,1
1,NewOrder,1772075942.578958,22426,9,1
1,NewOrder,1772075942.578985,12272,3,1
1,NewOrder,1772075942.579011,12286,22,1
2,Payment,1772075942.580278,21856,15,1
5,StockLevel,1772075942.580706,20658,13,1
1,NewOrder,1772075942.581174,46390,14,1
1,NewOrder,1772075942.581364,50855,4,1
1,NewOrder,1772075942.581514,46644,0,1
1,NewOrder,1772075942.581897,50797,8,1
1,NewOrder,1772075942.582512,37352,19,1
2,Payment,1772075942.587361,10308,7,1
4,Delivery,1772075942.587713,73330,16,1
1,NewOrder,1772075942.590119,35966,12,1
2,Payment,1772075942.590532,22391,21,1
1,NewOrder,1772075942.590903,44830,1,1
1,NewOrder,1772075942.591263,8523,2,1
1,NewOrder,1772075942.591267,43940,3,1
2,Payment,1772075942.591301,24923,22,1
4,Delivery,1772075942.591364,25650,5,1
2,Payment,1772075942.596596,4324,11,1
1,NewOrder,1772075942.597678,58389,7,1
2,Payment,1772075942.599796,4917,2,1
1,NewOrder,1772075942.600929,10209,11,1
1,NewOrder,1772075942.601375,42394,13,1
1,NewOrder,1772075942.601394,12156,9,1
1,NewOrder,1772075942.601839,10724,6,1
1,NewOrder,1772075942.602147,26491,15,1
2,Payment,1772075942.604722,6020,2,1
1,NewOrder,1772075942.608855,33187,18,1
2,Payment,1772075942.610749,5834,2,1
1,NewOrder,1772075942.611144,14288,11,1
2,Payment,1772075942.611222,14979,17,1
2,Payment,1772075942.612572,5304,6,1
1,NewOrder,1772075942.612932,51911,21,1
1,NewOrder,1772075942.613560,14571,9,1
1,NewOrder,1772075942.615576,36736,23,1
2,Payment,1772075942.616232,16343,22,1
2,Payment,1772075942.616593,5446,2,1
1,NewOrder,1772075942.617026,13399,5,1
2,Payment,1772075942.617888,3859,6,1
2,Payment,1772075942.619549,15541,20,1
2,Payment,1772075942.619876,20664,19,1
1,NewOrder,1772075942.621758,18374,6,1
1,NewOrder,1772075942.622050,19596,2,1
1,NewOrder,1772075942.625438,20247,11,1
1,NewOrder,1772075942.626096,20663,12,1
2,Payment,1772075942.626206,15746,17,1
1,NewOrder,1772075942.627574,36151,14,1
1,NewOrder,1772075942.628139,8867,9,1
1,NewOrder,1772075942.628167,40546,0,1
2,Payment,1772075942.628650,22327,15,1
1,NewOrder,1772075942.630437,16713,5,1
2,Payment,1772075942.632227,11843,4,1
2,Payment,1772075942.632581,17089,22,1
1,NewOrder,1772075942.632704,38069,8,1
2,Payment,1772075942.634683,13636,10,1
2,Payment,1772075942.635101,21359,20,1
2,Payment,1772075942.635214,16231,3,1
1,NewOrder,1772075942.635745,29173,1,1
1,NewOrder,1772075942.637014,11903,9,1
1,NewOrder,1772075942.640142,20849,6,1
2,Payment,1772075942.640553,26494,19,1
1,NewOrder,1772075942.641655,29091,2,1
2,Payment,1772075942.641962,18397,17,1
1,NewOrder,1772075942.642048,32626,18,1
2,Payment,1772075942.643779,22740,13,1
2,Payment,1772075942.644077,13624,4,1
2,Payment,1772075942.645693,10797,11,1
1,NewOrder,1772075942.646768,25408,12,1
2,Payment,1772075942.647163,13855,5,1
2,Payment,1772075942.648329,12631,10,1
1,NewOrder,1772075942.648926,15611,9,1
2,Payment,1772075942.649677,24444,22,1
2,Payment,1772075942.650985,19435,15,1
4,Delivery,1772075942.651454,42825,3,1
5,StockLevel,1772075942.652320,14528,23,1
1,NewOrder,1772075942.656075,31208,7,1
1,NewOrder,1772075942.656470,49613,20,1
1,NewOrder,1772075942.656500,37161,11,1
1,NewOrder,1772075942.657707,16911,4,1
2,Payment,1772075942.660371,21662,17,1
1,NewOrder,1772075942.660969,37623,10,1
2,Payment,1772075942.661001,8907,6,1
1,NewOrder,1772075942.661025,37171,5,1
1,NewOrder,1772075942.661051,21691,16,1
1,NewOrder,1772075942.663734,30670,14,1
1,NewOrder,1772075942.664549,17126,9,1
2,Payment,1772075942.664851,11900,21,1
1,NewOrder,1772075942.664927,31150,1,1
1,NewOrder,1772075942.666525,11896,13,1
1,NewOrder,1772075942.666858,27181,23,1
2,Payment,1772075942.667053,16133,19,1
2,Payment,1772075942.668719,5930,0,1
2,Payment,1772075942.669917,21124,6,1
2,Payment,1772075942.670437,19339,15,1
2,Payment,1772075942.670756,9962,2,1
2,Payment,1772075942.670783,8340,8,1
2,Payment,1772075942.672188,19436,12,1
1,NewOrder,1772075942.674130,47654,22,1
2,Payment,1772075942.674629,15876,4,1
1,NewOrder,1772075942.674660,23954,0,1
2,Payment,1772075942.674683,5338,18,1
1,NewOrder,1772075942.676761,23667,21,1
4,Delivery,1772075942.678430,48806,13,1
1,NewOrder,1772075942.679135,32852,8,1
1,NewOrder,1772075942.680032,21538,18,1
2,Payment,1772075942.680727,13359,2,1
1,NewOrder,1772075942.681682,38425,9,1
1,NewOrder,1772075942.682042,64567,17,1
1,NewOrder,1772075942.682754,21496,16,1
3,OrderStatus,1772075942.683197,8362,19,1
1,NewOrder,1772075942.687293,20239,7,1
2,Payment,1772075942.689785,29631,15,1
1,NewOrder,1772075942.690514,66511,4,1
2,Payment,1772075942.691055,18033,6,1
1,NewOrder,1772075942.691568,15568,19,1
2,Payment,1772075942.691637,8184,12,1
1,NewOrder,1772075942.693670,27510,11,1
2,Payment,1772075942.694049,18714,23,1
2,Payment,1772075942.694093,8695,2,1
1,NewOrder,1772075942.694284,40315,3,1
2,Payment,1772075942.694412,15895,14,1
1,NewOrder,1772075942.696086,16275,1,1
2,Payment,1772075942.698209,18631,5,1
1,NewOrder,1772075942.698602,13782,10,1
1,NewOrder,1772075942.698624,28645,0,1
1,NewOrder,1772075942.699829,24583,12,1
2,Payment,1772075942.700437,13879,21,1
1,NewOrder,1772075942.701580,15828,18,1
1,NewOrder,1772075942.702797,24464,2,1
1,NewOrder,1772075942.704260,19516,16,1
2,Payment,1772075942.706093,20748,20,1
2,Payment,1772075942.707145,10249,19,1
1,NewOrder,1772075942.707543,17350,7,1
1,NewOrder,1772075942.709099,54675,6,1
1,NewOrder,1772075942.710314,54825,14,1
2,Payment,1772075942.711998,10107,8,1
2,Payment,1772075942.712372,7713,1,1
1,NewOrder,1772075942.712390,16598,10,1
1,NewOrder,1772075942.712771,49971,23,1
1,NewOrder,1772075942.714323,10084,21,1
1,NewOrder,1772075942.716852,50546,5,1
1,NewOrder,1772075942.717406,32274,19,1
3,OrderStatus,1772075942.717416,4519,18,1
1,NewOrder,1772075942.719426,45686,15,1
2,Payment,1772075942.720096,4820,1,1
1,NewOrder,1772075942.720118,39776,9,1
4,Delivery,1772075942.721188,64542,11,1
2,Payment,1772075942.721794,9785,22,1
2,Payment,1772075942.721945,6213,18,1
2,Payment,1772075942.722113,9071,8,1
1,NewOrder,1772075942.723786,9000,16,1
3,OrderStatus,1772075942.724413,3637,21,1
2,Payment,1772075942.724421,9251,12,1
1,NewOrder,1772075942.724897,11526,7,1
1,NewOrder,1772075942.724926,12484,1,1
2,Payment,1772075942.726851,17860,20,1
2,Payment,1772075942.727252,13113,13,1
1,NewOrder,1772075942.727269,34965,2,1
2,Payment,1772075942.727282,7440,0,1
2,Payment,1772075942.728055,21983,21,1
1,NewOrder,1772075942.728168,14306,18,1
2,Payment,1772075942.728999,4680,10,1
1,NewOrder,1772075942.731195,31486,8,1
2,Payment,1772075942.731588,15573,22,1
2,Payment,1772075942.732798,21675,16,1
2,Payment,1772075942.733679,12553,12,1
2,Payment,1772075942.733690,3033,10,1
1,NewOrder,1772075942.734608,23118,3,1
1,NewOrder,1772075942.734736,24436,0,1
1,NewOrder,1772075942.736433,6934,7,1
1,NewOrder,1772075942.736733,12716,10,1
1,NewOrder,1772075942.737419,5469,1,1
2,Payment,1772075942.740372,19635,13,1
2,Payment,1772075942.742488,9009,18,1
2,Payment,1772075942.742899,3764,1,1
2,Payment,1772075942.743376,3195,7,1
2,Payment,1772075942.744726,8565,20,1
2,Payment,1772075942.746241,11455,12,1
1,NewOrder,1772075942.746577,31429,7,1
1,NewOrder,1772075942.746622,35724,17,1
1,NewOrder,1772075942.746672,32141,1,1
2,Payment,1772075942.747170,8184,22,1
3,OrderStatus,1772075942.749456,7366,10,1
4,Delivery,1772075942.749691,48838,19,1
2,Payment,1772075942.750046,9814,21,1
1,NewOrder,1772075942.751507,30468,18,1
1,NewOrder,1772075942.753302,25538,20,1
1,NewOrder,1772075942.754482,24389,16,1
1,NewOrder,1772075942.755359,27013,22,1
2,Payment,1772075942.756832,9386,10,1
1,NewOrder,1772075942.757039,17690,4,1
2,Payment,1772075942.757707,4899,12,1
1,NewOrder,1772075942.757739,18460,3,1
1,NewOrder,1772075942.759184,20955,0,1
2,Payment,1772075942.759868,4363,21,1
2,Payment,1772075942.759907,15626,9,1
2,Payment,1772075942.760013,9443,13,1
1,NewOrder,1772075942.762243,27601,2,1
3,OrderStatus,1772075942.762618,5747,12,1
4,Delivery,1772075942.762690,24596,8,1
2,Payment,1772075942.762752,11637,23,1
1,NewOrder,1772075942.763780,26555,6,1
2,Payment,1772075942.764242,6775,21,1
2,Payment,1772075942.765120,10279,15,1
2,Payment,1772075942.765151,8363,14,1
1,NewOrder,1772075942.766224,19084,10,1
2,Payment,1772075942.767410,13421,5,1
1,NewOrder,1772075942.768376,40248,12,1
4,Delivery,1772075942.769465,33566,13,1
2,Payment,1772075942.771025,13479,21,1
2,Payment,1772075942.773524,9215,14,1
1,NewOrder,1772075942.774400,22031,23,1
1,NewOrder,1772075942.774739,23424,4,1
2,Payment,1772075942.775408,9508,15,1
1,NewOrder,1772075942.775545,36070,9,1
1,NewOrder,1772075942.776212,32222,3,1
4,Delivery,1772075942.778012,9227,7,1
2,Payment,1772075942.778821,6292,1,1
2,Payment,1772075942.778850,16814,20,1
2,Payment,1772075942.778882,12258,16,1
1,NewOrder,1772075942.780152,19187,0,1
1,NewOrder,1772075942.780844,34710,5,1
2,Payment,1772075942.781986,15341,18,1
2,Payment,1772075942.782353,11714,17,1
2,Payment,1772075942.782379,16668,22,1
5,StockLevel,1772075942.782745,30316,14,1
1,NewOrder,1772075942.784512,34431,21,1
1,NewOrder,1772075942.784920,42076,15,1
2,Payment,1772075942.785139,5232,1,1
2,Payment,1772075942.785314,5080,10,1
2,Payment,1772075942.785739,7736,11,1
1,NewOrder,1772075942.787247,25174,7,1
2,Payment,1772075942.787296,12942,8,1
1,NewOrder,1772075942.789855,18455,2,1
1,NewOrder,1772075942.790362,37562,6,1
2,Payment,1772075942.790381,4016,1,1
2,Payment,1772075942.790404,11952,10,1
2,Payment,1772075942.791146,19441,16,1
2,Payment,1772075942.793482,10385,11,1
1,NewOrder,1772075942.794077,32065,17,1
2,Payment,1772075942.794406,8730,1,1
2,Payment,1772075942.795672,11826,20,1
2,Payment,1772075942.796440,17755,23,1
2,Payment,1772075942.797335,6035,18,1
2,Payment,1772075942.798174,10055,4,1
5,StockLevel,1772075942.798539,17076,19,1
2,Payment,1772075942.799056,12595,22,1
2,Payment,1772075942.799351,11938,0,1
5,StockLevel,1772075942.800245,34779,8,1
5,StockLevel,1772075942.802368,25929,10,1
2,Payment,1772075942.803041,9840,13,1
1,NewOrder,1772075942.803144,20237,1,1
5,StockLevel,1772075942.803380,25736,18,1
4,Delivery,1772075942.803874,48918,11,1
2,Payment,1772075942.807511,8605,20,1
1,NewOrder,1772075942.808247,23526,4,1
5,StockLevel,1772075942.808322,19121,2,1
1,NewOrder,1772075942.808439,26045,3,1
1,NewOrder,1772075942.808637,22763,12,1
2,Payment,1772075942.810598,5548,16,1
1,NewOrder,1772075942.811300,18014,0,1
1,NewOrder,1772075942.811623,23798,9,1
1,NewOrder,1772075942.811658,53777,22,1
2,Payment,1772075942.812430,14226,7,1
2,Payment,1772075942.812887,10523,13,1
2,Payment,1772075942.813075,12256,14,1
1,NewOrder,1772075942.814202,38815,23,1
2,Payment,1772075942.815561,6861,5,1
1,NewOrder,1772075942.815625,26870,19,1
2,Payment,1772075942.816127,3935,20,1
4,Delivery,1772075942.816152,37125,16,1
2,Payment,1772075942.818952,10839,21,1
1,NewOrder,1772075942.820068,34241,20,1
1,NewOrder,1772075942.822430,42636,5,1
2,Payment,1772075942.823386,4946,1,1
2,Payment,1772075942.823422,4934,13,1
1,NewOrder,1772075942.825346,27906,14,1
4,Delivery,1772075942.826152,27646,17,1
2,Payment,1772075942.826667,11107,7,1
1,NewOrder,1772075942.827004,41858,15,1
2,Payment,1772075942.827457,10952,2,1
5,StockLevel,1772075942.827936,12553,6,1
2,Payment,1772075942.828303,10919,10,1
2,Payment,1772075942.828342,8048,1,1
1,NewOrder,1772075942.828363,23560,13,1
2,Payment,1772075942.829123,6737,18,1
4,Delivery,1772075942.829319,15673,0,1
4,Delivery,1772075942.829799,40048,21,1
1,NewOrder,1772075942.831408,34670,12,1
2,Payment,1772075942.831785,11049,4,1
2,Payment,1772075942.834491,16091,3,1
2,Payment,1772075942.835035,5563,8,1
2,Payment,1772075942.835428,20706,9,1
4,Delivery,1772075942.835869,34258,18,1
2,Payment,1772075942.836399,9047,1,1
1,NewOrder,1772075942.837784,15041,7,1
2,Payment,1772075942.838417,14005,2,1
1,NewOrder,1772075942.839231,13968,10,1
1,NewOrder,1772075942.840497,16419,6,1
2,Payment,1772075942.840606,9318,8,1
2,Payment,1772075942.842506,16019,19,1
2,Payment,1772075942.842843,11199,4,1
1,NewOrder,1772075942.845020,41800,0,1
3,OrderStatus,1772075942.845459,4702,1,1
2,Payment,1772075942.849955,8171,8,1
2,Payment,1772075942.850190,12411,1,1
1,NewOrder,1772075942.850590,25537,3,1
2,Payment,1772075942.851929,5799,13,1
1,NewOrder,1772075942.852431,39734,2,1
1,NewOrder,1772075942.852798,19524,11,1
1,NewOrder,1772075942.852835,14854,7,1
2,Payment,1772075942.853030,11469,23,1
1,NewOrder,1772075942.853210,29258,10,1
2,Payment,1772075942.853258,11277,14,1
2,Payment,1772075942.853286,13117,16,1
3,OrderStatus,1772075942.853806,5370,17,1
2,Payment,1772075942.854050,7150,4,1
1,NewOrder,1772075942.854321,21141,20,1
2,Payment,1772075942.856157,13348,9,1
2,Payment,1772075942.856921,16563,6,1
1,NewOrder,1772075942.857736,17028,13,1
2,Payment,1772075942.858135,13288,8,1
5,StockLevel,1772075942.858532,15798,19,1
1,NewOrder,1772075942.859187,16968,17,1
5,StockLevel,1772075942.861206,29666,4,1
1,NewOrder,1772075942.862611,30084,1,1
2,Payment,1772075942.864510,6539,23,1
1,NewOrder,1772075942.864546,36254,14,1
2,Payment,1772075942.865074,9204,5,1
2,Payment,1772075942.865440,8812,22,1
4,Delivery,1772075942.866087,19078,12,1
1,NewOrder,1772075942.866408,21752,16,1
2,Payment,1772075942.867698,10580,7,1
4,Delivery,1772075942.868869,16582,15,1
1,NewOrder,1772075942.869513,35867,9,1
1,NewOrder,1772075942.869856,36417,21,1
4,Delivery,1772075942.870134,7758,18,1
1,NewOrder,1772075942.871060,38749,23,1
1,NewOrder,1772075942.871431,28487,8,1
2,Payment,1772075942.872330,13388,11,1
2,Payment,1772075942.873494,10570,6,1
1,NewOrder,1772075942.874261,31986,22,1
2,Payment,1772075942.874285,9048,5,1
5,StockLevel,1772075942.874337,17701,19,1
1,NewOrder,1772075942.874776,21438,13,1
2,Payment,1772075942.875474,9355,20,1
1,NewOrder,1772075942.876136,30079,3,1
2,Payment,1772075942.876162,9590,17,1
1,NewOrder,1772075942.877900,50758,18,1
5,StockLevel,1772075942.878288,17246,7,1
3,OrderStatus,1772075942.882476,7227,10,1
1,NewOrder,1772075942.883342,34629,5,1
3,OrderStatus,1772075942.884071,6398,6,1
2,Payment,1772075942.884840,6587,20,1
1,NewOrder,1772075942.885174,37394,12,1
4,Delivery,1772075942.885458,54355,15,1
1,NewOrder,1772075942.885725,30504,11,1
1,NewOrder,1772075942.885761,28319,17,1
1,NewOrder,1772075942.886830,22532,0,1
2,Payment,1772075942.888173,8392,16,1
1,NewOrder,1772075942.889712,30157,10,1
4,Delivery,1772075942.890478,12378,6,1
1,NewOrder,1772075942.890883,40431,4,1
2,Payment,1772075942.891435,10534,20,1
1,NewOrder,1772075942.892044,29916,19,1
1,NewOrder,1772075942.892172,29058,2,1
2,Payment,1772075942.892705,6822,1,1
2,Payment,1772075942.895543,8519,7,1
4,Delivery,1772075942.896221,43942,13,1
1,NewOrder,1772075942.896574,21373,16,1
1,NewOrder,1772075942.899534,17562,1,1
2,Payment,1772075942.899923,11123,8,1
2,Payment,1772075942.900804,9058,14,1
2,Payment,1772075942.901978,9613,20,1
1,NewOrder,1772075942.902864,34728,6,1
1,NewOrder,1772075942.904074,33492,7,1
5,StockLevel,1772075942.905390,14884,9,1
3,OrderStatus,1772075942.906223,8664,3,1
1,NewOrder,1772075942.906264,39303,22,1
1,NewOrder,1772075942.906279,38417,21,1
1,NewOrder,1772075942.909373,34534,0,1
2,Payment,1772075942.909820,11102,23,1
1,NewOrder,1772075942.909869,32166,14,1
1,NewOrder,1772075942.911053,26563,8,1
2,Payment,1772075942.911601,12394,20,1
1,NewOrder,1772075942.914092,23130,17,1
2,Payment,1772075942.914898,9850,3,1
2,Payment,1772075942.916235,6297,11,1
2,Payment,1772075942.917111,9624,1,1
1,NewOrder,1772075942.917957,35780,16,1
2,Payment,1772075942.917980,11551,5,1
1,NewOrder,1772075942.919876,20500,10,1
1,NewOrder,1772075942.920282,18177,9,1
1,NewOrder,1772075942.920931,38220,23,1
2,Payment,1772075942.921240,9516,2,1
1,NewOrder,1772075942.921966,25481,19,1
2,Payment,1772075942.922536,7523,11,1
1,NewOrder,1772075942.922576,24173,12,1
1,NewOrder,1772075942.924004,16815,20,1
5,StockLevel,1772075942.924756,24641,3,1
1,NewOrder,1772075942.926745,20527,1,1
5,StockLevel,1772075942.928670,14125,18,1
1,NewOrder,1772075942.929540,27479,5,1
3,OrderStatus,1772075942.930068,7220,11,1
1,NewOrder,1772075942.930767,23006,2,1
2,Payment,1772075942.931323,13795,4,1
2,Payment,1772075942.937235,8753,17,1
2,Payment,1772075942.937297,10502,11,1
2,Payment,1772075942.937574,5251,7,1
2,Payment,1772075942.937603,8184,6,1
1,NewOrder,1772075942.937623,16785,8,1
1,NewOrder,1772075942.938468,27563,9,1
1,NewOrder,1772075942.939824,35748,15,1
1,NewOrder,1772075942.940169,31464,13,1
1,NewOrder,1772075942.940382,44205,10,1
2,Payment,1772075942.940829,9457,20,1
1,NewOrder,1772075942.942047,38199,14,1
2,Payment,1772075942.942802,10266,18,1
5,StockLevel,1772075942.942834,18883,7,1
1,NewOrder,1772075942.943914,20412,0,1
2,Payment,1772075942.944703,10071,21,1
2,Payment,1772075942.945126,6975,4,1
1,NewOrder,1772075942.945574,31563,22,1
2,Payment,1772075942.945798,6642,6,1
1,NewOrder,1772075942.946001,15758,17,1
3,OrderStatus,1772075942.946762,7570,12,1
1,NewOrder,1772075942.947279,15407,1,1
4,Delivery,1772075942.947455,42740,19,1
5,StockLevel,1772075942.947804,18028,11,1
2,Payment,1772075942.949406,13308,3,1
2,Payment,1772075942.950297,6371,20,1
2,Payment,1772075942.952109,12645,4,1
4,Delivery,1772075942.952450,11997,6,1
2,Payment,1772075942.953077,7768,18,1
2,Payment,1772075942.953747,8877,16,1
1,NewOrder,1772075942.953780,23028,2,1
3,OrderStatus,1772075942.954340,7374,12,1
2,Payment,1772075942.954417,8236,8,1
1,NewOrder,1772075942.954783,37532,21,1
1,NewOrder,1772075942.956693,15292,20,1
1,NewOrder,1772075942.957028,31323,5,1
2,Payment,1772075942.959158,13832,23,1
2,Payment,1772075942.960853,13877,18,1
1,NewOrder,1772075942.961721,36075,12,1
2,Payment,1772075942.961730,6017,7,1
2,Payment,1772075942.961770,5626,17,1
1,NewOrder,1772075942.962633,18703,16,1
2,Payment,1772075942.962663,3767,8,1
1,NewOrder,1772075942.962694,30027,1,1
1,NewOrder,1772075942.962721,40394,3,1
1,NewOrder,1772075942.964337,23950,0,1
2,Payment,1772075942.964457,4750,6,1
2,Payment,1772075942.964761,7243,4,1
1,NewOrder,1772075942.965838,27891,11,1
1,NewOrder,1772075942.966038,29984,9,1
1,NewOrder,1772075942.966436,27933,8,1
1,NewOrder,1772075942.967406,31236,17,1
1,NewOrder,1772075942.967758,16251,7,1
2,Payment,1772075942.969216,4198,6,1
2,Payment,1772075942.971642,14219,13,1
2,Payment,1772075942.971993,5783,20,1
2,Payment,1772075942.972014,6881,4,1
1,NewOrder,1772075942.972996,28263,23,1
3,OrderStatus,1772075942.973421,5959,6,1
2,Payment,1772075942.974740,5937,18,1
1,NewOrder,1772075942.975583,31077,15,1
2,Payment,1772075942.976817,10253,2,1
1,NewOrder,1772075942.977142,22326,22,1
3,OrderStatus,1772075942.977789,8887,20,1
2,Payment,1772075942.978900,9795,4,1
1,NewOrder,1772075942.979388,31907,6,1
2,Payment,1772075942.980251,8475,14,1
1,NewOrder,1772075942.980684,27915,18,1
5,StockLevel,1772075942.981347,24504,16,1
3,OrderStatus,1772075942.984018,8429,7,1
1,NewOrder,1772075942.984597,26427,10,1
2,Payment,1772075942.985869,15350,13,1
2,Payment,1772075942.986687,6350,20,1
4,Delivery,1772075942.987080,77484,2,1
2,Payment,1772075942.988296,7372,0,1
1,NewOrder,1772075942.988357,19772,5,1
3,OrderStatus,1772075942.988703,6808,4,1
1,NewOrder,1772075942.988734,41831,14,1
1,NewOrder,1772075942.990205,26518,19,1
1,NewOrder,1772075942.992322,23577,21,1
1,NewOrder,1772075942.992457,29262,7,1
1,NewOrder,1772075942.992728,29022,1,1
2,Payment,1772075942.993045,7858,20,1
1,NewOrder,1772075942.993741,18821,11,1
1,NewOrder,1772075942.994378,18662,8,1
1,NewOrder,1772075942.995516,39093,4,1
1,NewOrder,1772075942.995673,26087,0,1
4,Delivery,1772075942.996027,52057,9,1
4,Delivery,1772075942.997805,18155,12,1
1,NewOrder,1772075942.998651,23836,17,1
1,NewOrder,1772075942.999475,20963,22,1
1,NewOrder,1772075943.000913,31683,20,1
1,NewOrder,1772075943.001231,34570,13,1
2,Payment,1772075943.001270,11206,23,1
2,Payment,1772075943.003123,16776,3,1
2,Payment,1772075943.005861,9044,16,1
1,NewOrder,1772075943.006672,26357,15,1
1,NewOrder,1772075943.008139,24891,5,1
2,Payment,1772075943.008608,7655,18,1
1,NewOrder,1772075943.011035,27700,10,1
2,Payment,1772075943.011303,9204,6,1
2,Payment,1772075943.012487,10044,23,1
2,Payment,1772075943.012573,13110,11,1
2,Payment,1772075943.013050,15042,8,1
1,NewOrder,1772075943.014916,20492,16,1
3,OrderStatus,1772075943.015908,10170,21,1
2,Payment,1772075943.015970,9100,12,1
1,NewOrder,1772075943.016273,30490,18,1
1,NewOrder,1772075943.016732,37148,19,1
2,Payment,1772075943.019909,13013,3,1
1,NewOrder,1772075943.020444,26404,22,1
1,NewOrder,1772075943.020516,23189,6,1
5,StockLevel,1772075943.021727,12568,7,1
2,Payment,1772075943.021760,15289,1,1
2,Payment,1772075943.021768,13668,0,1
2,Payment,1772075943.022497,8891,17,1
2,Payment,1772075943.022543,12928,23,1
1,NewOrder,1772075943.025077,29710,12,1
3,OrderStatus,1772075943.025692,5841,11,1
5,StockLevel,1772075943.026085,22791,21,1
1,NewOrder,1772075943.028100,27351,8,1
1,NewOrder,1772075943.030571,19959,14,1
1,NewOrder,1772075943.031398,15889,17,1
1,NewOrder,1772075943.031541,30227,11,1
2,Payment,1772075943.032605,8659,20,1
1,NewOrder,1772075943.032929,19860,3,1
2,Payment,1772075943.033042,9634,15,1
1,NewOrder,1772075943.033043,27476,5,1
1,NewOrder,1772075943.034302,31569,7,1
2,Payment,1772075943.034612,11226,4,1
1,NewOrder,1772075943.035417,25921,16,1
5,StockLevel,1772075943.035444,14281,0,1
1,NewOrder,1772075943.035480,29441,23,1
4,Delivery,1772075943.035812,32376,13,1
2,Payment,1772075943.037063,6997,1,1
1,NewOrder,1772075943.038741,26773,10,1
1,NewOrder,1772075943.041274,21437,20,1
2,Payment,1772075943.042687,8342,15,1
2,Payment,1772075943.043714,7285,6,1
2,Payment,1772075943.044069,6918,1,1
1,NewOrder,1772075943.045846,34476,4,1
2,Payment,1772075943.046773,9144,18,1
2,Payment,1772075943.046857,7640,22,1
2,Payment,1772075943.047299,12404,17,1
1,NewOrder,1772075943.048101,16858,9,1
1,NewOrder,1772075943.048886,23584,21,1
2,Payment,1772075943.049734,12132,0,1
2,Payment,1772075943.050538,11272,14,1
1,NewOrder,1772075943.050991,38305,1,1
1,NewOrder,1772075943.051008,58357,6,1
1,NewOrder,1772075943.051038,38283,15,1
2,Payment,1772075943.052797,14788,3,1
4,Delivery,1772075943.053888,39853,19,1
1,NewOrder,1772075943.054507,22236,22,1
1,NewOrder,1772075943.054797,25551,12,1
1,NewOrder,1772075943.055456,24883,8,1
2,Payment,1772075943.055926,5906,18,1
2,Payment,1772075943.059712,21701,17,1
2,Payment,1772075943.060528,8332,5,1
2,Payment,1772075943.061348,21698,16,1
1,NewOrder,1772075943.061776,13062,11,1
3,OrderStatus,1772075943.061818,8646,14,1
2,Payment,1772075943.061839,8417,18,1
2,Payment,1772075943.061871,10493,0,1
1,NewOrder,1772075943.062718,19955,20,1
2,Payment,1772075943.064572,9850,2,1
2,Payment,1772075943.064931,8868,23,1
2,Payment,1772075943.064968,6456,9,1
2,Payment,1772075943.065521,7502,10,1
2,Payment,1772075943.065876,11390,7,1
2,Payment,1772075943.067594,12699,3,1
2,Payment,1772075943.068195,18651,13,1
1,NewOrder,1772075943.068869,14224,5,1
1,NewOrder,1772075943.070265,23447,18,1
2,Payment,1772075943.070473,14239,14,1
2,Payment,1772075943.071429,8446,9,1
5,StockLevel,1772075943.072370,15455,0,1
2,Payment,1772075943.072475,7905,21,1
5,StockLevel,1772075943.073033,12953,10,1
2,Payment,1772075943.073805,12659,23,1
1,NewOrder,1772075943.074430,20317,2,1
1,NewOrder,1772075943.074846,16309,11,1
2,Payment,1772075943.076752,11180,22,1
1,NewOrder,1772075943.077273,15957,7,1
1,NewOrder,1772075943.079883,25551,9,1
1,NewOrder,1772075943.080302,18288,3,1
1,NewOrder,1772075943.080330,23258,4,1
1,NewOrder,1772075943.080345,24735,8,1
1,NewOrder,1772075943.080356,41431,12,1
1,NewOrder,1772075943.080385,22661,21,1
2,Payment,1772075943.081418,17224,17,1
1,NewOrder,1772075943.082684,28255,20,1
5,StockLevel,1772075943.083053,15517,16,1
2,Payment,1772075943.083101,7509,5,1
2,Payment,1772075943.084717,15500,14,1
2,Payment,1772075943.085998,5856,10,1
2,Payment,1772075943.086474,12699,23,1
1,NewOrder,1772075943.086852,22116,13,1
3,OrderStatus,1772075943.087836,8507,0,1
2,Payment,1772075943.087941,9300,22,1
1,NewOrder,1772075943.089305,38320,1,1
1,NewOrder,1772075943.089330,18264,15,1
3,OrderStatus,1772075943.090615,6651,5,1
1,NewOrder,1772075943.091163,25923,11,1
2,Payment,1772075943.091861,7085,10,1
1,NewOrder,1772075943.093237,17194,7,1
2,Payment,1772075943.093721,7483,18,1
2,Payment,1772075943.093749,11020,19,1
1,NewOrder,1772075943.094752,23047,2,1
1,NewOrder,1772075943.096351,29828,0,1
1,NewOrder,1772075943.097250,35859,22,1
1,NewOrder,1772075943.097273,25167,5,1
2,Payment,1772075943.098577,9470,16,1
1,NewOrder,1772075943.098599,23157,3,1
1,NewOrder,1772075943.098655,39317,17,1
1,NewOrder,1772075943.098952,19086,10,1
2,Payment,1772075943.099182,8815,23,1
2,Payment,1772075943.100224,9352,14,1
2,Payment,1772075943.101213,11045,18,1
2,Payment,1772075943.103056,10903,21,1
2,Payment,1772075943.103598,8160,4,1
2,Payment,1772075943.104775,14802,19,1
1,NewOrder,1772075943.105086,12908,8,1
2,Payment,1772075943.105439,5897,9,1
2,Payment,1772075943.107604,16526,15,1
2,Payment,1772075943.108008,15274,23,1
2,Payment,1772075943.108058,12552,16,1
2,Payment,1772075943.108975,13497,13,1
1,NewOrder,1772075943.109375,26765,6,1
2,Payment,1772075943.109582,7392,14,1
2,Payment,1772075943.110440,4804,7,1
2,Payment,1772075943.110948,10852,20,1
1,NewOrder,1772075943.111341,29422,9,1
2,Payment,1772075943.111768,8911,4,1
3,OrderStatus,1772075943.112263,8168,18,1
1,NewOrder,1772075943.113968,33872,21,1
1,NewOrder,1772075943.115252,23211,7,1
1,NewOrder,1772075943.116981,21372,14,1
3,OrderStatus,1772075943.117093,4261,11,1
1,NewOrder,1772075943.117806,27226,2,1
1,NewOrder,1772075943.118000,29860,8,1
4,Delivery,1772075943.118049,50108,10,1
2,Payment,1772075943.119587,13136,19,1
2,Payment,1772075943.120436,19801,18,1
1,NewOrder,1772075943.120620,23393,16,1
2,Payment,1772075943.120693,7675,4,1
1,NewOrder,1772075943.121363,31776,11,1
2,Payment,1772075943.121761,11306,3,1
5,StockLevel,1772075943.121794,17717,12,1
2,Payment,1772075943.121815,4998,20,1
2,Payment,1772075943.122446,13172,5,1
2,Payment,1772075943.122480,4216,13,1
1,NewOrder,1772075943.123290,33743,23,1
2,Payment,1772075943.124139,7376,15,1
2,Payment,1772075943.126188,12138,0,1
2,Payment,1772075943.126705,7602,13,1
1,NewOrder,1772075943.126828,16513,20,1
1,NewOrder,1772075943.127634,24302,1,1
1,NewOrder,1772075943.128376,32077,4,1
1,NewOrder,1772075943.131524,52638,15,1
1,NewOrder,1772075943.132732,52200,19,1
1,NewOrder,1772075943.133075,34740,3,1
1,NewOrder,1772075943.133119,33666,22,1
1,NewOrder,1772075943.134315,16419,13,1
4,Delivery,1772075943.135624,57724,5,1
1,NewOrder,1772075943.136149,25919,6,1
1,NewOrder,1772075943.137981,27533,17,1
1,NewOrder,1772075943.138336,25752,0,1
1,NewOrder,1772075943.138362,27526,14,1
3,OrderStatus,1772075943.138471,7742,7,1
2,Payment,1772075943.139517,7971,12,1
2,Payment,1772075943.140248,10704,18,1
2,Payment,1772075943.140771,9034,9,1
2,Payment,1772075943.143352,8956,20,1
2,Payment,1772075943.144019,6270,16,1
2,Payment,1772075943.145043,9074,2,1
1,NewOrder,1772075943.146222,22724,7,1
1,NewOrder,1772075943.147500,18364,12,1
2,Payment,1772075943.147850,6640,21,1
1,NewOrder,1772075943.147868,21858,8,1
1,NewOrder,1772075943.149812,19161,9,1
2,Payment,1772075943.150301,7881,16,1
1,NewOrder,1772075943.150739,26899,13,1
1,NewOrder,1772075943.150961,39459,18,1
1,NewOrder,1772075943.151947,26211,1,1
2,Payment,1772075943.152315,6302,20,1
2,Payment,1772075943.153147,12775,11,1
2,Payment,1772075943.154127,7357,2,1
1,NewOrder,1772075943.154497,29323,21,1
1,NewOrder,1772075943.157041,26842,23,1
1,NewOrder,1772075943.158192,33361,16,1
1,NewOrder,1772075943.158622,19483,20,1
1,NewOrder,1772075943.160465,22873,4,1
1,NewOrder,1772075943.161495,26684,2,1
1,NewOrder,1772075943.162073,16686,6,1
2,Payment,1772075943.164096,6699,0,1
2,Payment,1772075943.165526,8378,17,1
3,OrderStatus,1772075943.165874,5641,12,1
1,NewOrder,1772075943.165896,33147,14,1
3,OrderStatus,1772075943.165930,6964,11,1
1,NewOrder,1772075943.166791,36919,22,1
2,Payment,1772075943.167824,9847,3,1
1,NewOrder,1772075943.168165,31839,10,1
2,Payment,1772075943.168952,10806,7,1
2,Payment,1772075943.168980,7398,9,1
2,Payment,1772075943.169733,11931,8,1
1,NewOrder,1772075943.170806,37161,0,1
1,NewOrder,1772075943.171527,40898,12,1
2,Payment,1772075943.172902,12355,11,1
4,Delivery,1772075943.173914,124442,17,1
2,Payment,1772075943.176385,10509,9,1
4,Delivery,1772075943.177650,120984,13,1
1,NewOrder,1772075943.177682,41850,3,1
4,Delivery,1772075943.178111,52132,20,1
1,NewOrder,1772075943.178169,25254,1,1
1,NewOrder,1772075943.178764,22027,6,1
1,NewOrder,1772075943.179766,16219,7,1
2,Payment,1772075943.181673,7095,8,1
2,Payment,1772075943.183347,7487,4,1
2,Payment,1772075943.183827,7071,21,1
1,NewOrder,1772075943.183888,33198,23,1
3,OrderStatus,1772075943.184171,9710,15,1
2,Payment,1772075943.184942,17585,19,1
1,NewOrder,1772075943.185264,26473,11,1
1,NewOrder,1772075943.186902,23370,9,1
1,NewOrder,1772075943.188189,29329,2,1
2,Payment,1772075943.188775,4215,8,1
2,Payment,1772075943.190430,18770,18,1
1,NewOrder,1772075943.190842,26650,4,1
2,Payment,1772075943.190903,22078,21,1
2,Payment,1772075943.191565,7291,16,1
2,Payment,1772075943.192997,5881,8,1
2,Payment,1772075943.193354,5109,5,1
4,Delivery,1772075943.193891,104880,15,1
1,NewOrder,1772075943.195995,10875,7,1
2,Payment,1772075943.198471,10678,5,1
2,Payment,1772075943.198864,5236,16,1
2,Payment,1772075943.198883,4075,8,1
1,NewOrder,1772075943.199051,22560,14,1
1,NewOrder,1772075943.200013,25131,10,1
3,OrderStatus,1772075943.200799,8293,6,1
2,Payment,1772075943.202538,19086,19,1
2,Payment,1772075943.202967,6250,8,1
1,NewOrder,1772075943.203432,20905,1,1
5,StockLevel,1772075943.203719,27110,22,1
2,Payment,1772075943.204107,5710,16,1
1,NewOrder,1772075943.206877,14330,7,1
1,NewOrder,1772075943.207978,26426,0,1
2,Payment,1772075943.209109,9962,6,1
2,Payment,1772075943.209157,3283,5,1
2,Payment,1772075943.209211,20262,18,1
1,NewOrder,1772075943.209222,27920,8,1
1,NewOrder,1772075943.209824,16332,16,1
2,Payment,1772075943.210284,12673,9,1
1,NewOrder,1772075943.211744,24450,11,1
3,OrderStatus,1772075943.212436,7207,12,1
1,NewOrder,1772075943.212450,20962,5,1
1,NewOrder,1772075943.212985,32257,21,1
1,NewOrder,1772075943.217095,28771,23,1
1,NewOrder,1772075943.217500,32680,4,1
1,NewOrder,1772075943.217528,28369,2,1
1,NewOrder,1772075943.219091,34252,6,1
2,Payment,1772075943.219543,13499,3,1
3,OrderStatus,1772075943.219653,5485,12,1
1,NewOrder,1772075943.221215,14951,7,1
2,Payment,1772075943.221622,7910,14,1
2,Payment,1772075943.221635,9391,19,1
2,Payment,1772075943.222962,4832,9,1
2,Payment,1772075943.224345,10282,1,1
1,NewOrder,1772075943.225148,21969,12,1
2,Payment,1772075943.225154,8307,10,1
1,NewOrder,1772075943.226162,12325,16,1
1,NewOrder,1772075943.227801,22789,9,1
2,Payment,1772075943.229483,8044,18,1
2,Payment,1772075943.229539,4968,14,1
2,Payment,1772075943.230250,5411,20,1
1,NewOrder,1772075943.230837,27957,22,1
5,StockLevel,1772075943.231036,8938,19,1
1,NewOrder,1772075943.233051,49764,3,1
1,NewOrder,1772075943.233423,39393,5,1
1,NewOrder,1772075943.233468,52509,10,1
1,NewOrder,1772075943.234415,23818,0,1
1,NewOrder,1772075943.234513,26331,14,1
1,NewOrder,1772075943.234633,31846,1,1
2,Payment,1772075943.235672,4890,20,1
1,NewOrder,1772075943.236174,10963,7,1
2,Payment,1772075943.236200,4693,11,1
1,NewOrder,1772075943.237157,13989,8,1
3,OrderStatus,1772075943.237537,6577,18,1
1,NewOrder,1772075943.238492,12073,16,1
2,Payment,1772075943.239984,5922,19,1
2,Payment,1772075943.240572,7214,20,1
1,NewOrder,1772075943.240899,12366,11,1
2,Payment,1772075943.244121,8566,18,1
1,NewOrder,1772075943.245252,39811,21,1
1,NewOrder,1772075943.245874,33871,23,1
1,NewOrder,1772075943.245908,34085,2,1
1,NewOrder,1772075943.245917,17016,19,1
1,NewOrder,1772075943.247123,25348,12,1
1,NewOrder,1772075943.247145,16321,7,1
1,NewOrder,1772075943.247796,19797,20,1
1,NewOrder,1772075943.250188,21666,4,1
2,Payment,1772075943.250571,4839,16,1
1,NewOrder,1772075943.250598,11879,9,1
1,NewOrder,1772075943.251151,21251,8,1
1,NewOrder,1772075943.252698,47230,18,1
1,NewOrder,1772075943.253273,11295,11,1
2,Payment,1772075943.253352,8109,6,1
2,Payment,1772075943.255417,5081,16,1
2,Payment,1772075943.258242,7708,0,1
2,Payment,1772075943.258824,7622,22,1
2,Payment,1772075943.260508,4414,16,1
1,NewOrder,1772075943.260852,17815,14,1
2,Payment,1772075943.261469,9254,6,1
1,NewOrder,1772075943.262486,17621,9,1
2,Payment,1772075943.262941,7236,19,1
3,OrderStatus,1772075943.263471,4957,7,1
1,NewOrder,1772075943.264575,16577,11,1
2,Payment,1772075943.264929,4641,16,1
5,StockLevel,1772075943.265959,13443,0,1
2,Payment,1772075943.266451,16485,22,1
2,Payment,1772075943.266488,7517,1,1
1,NewOrder,1772075943.267611,12451,20,1
2,Payment,1772075943.268436,6208,7,1
3,OrderStatus,1772075943.269581,5922,16,1
2,Payment,1772075943.270185,6148,19,1
1,NewOrder,1772075943.270731,19708,6,1
1,NewOrder,1772075943.271874,23012,4,1
2,Payment,1772075943.272421,5883,8,1
1,NewOrder,1772075943.272486,20551,12,1
1,NewOrder,1772075943.272830,26770,5,1
4,Delivery,1772075943.274024,34899,1,1
2,Payment,1772075943.274656,7758,7,1
2,Payment,1772075943.275513,5259,16,1
2,Payment,1772075943.276345,9199,19,1
2,Payment,1772075943.278323,7157,8,1
2,Payment,1772075943.278679,7312,14,1
2,Payment,1772075943.279415,6456,0,1
3,OrderStatus,1772075943.279771,6078,23,1
2,Payment,1772075943.280001,7786,2,1
1,NewOrder,1772075943.280072,28467,20,1
1,NewOrder,1772075943.280112,33155,9,1
2,Payment,1772075943.280798,8079,16,1
1,NewOrder,1772075943.281169,24857,11,1
1,NewOrder,1772075943.282423,31729,7,1
2,Payment,1772075943.282840,11363,3,1
2,Payment,1772075943.282951,12644,22,1
2,Payment,1772075943.285090,12128,21,1
1,NewOrder,1772075943.285484,32437,8,1
1,NewOrder,1772075943.285552,28912,19,1
1,NewOrder,1772075943.285875,30597,23,1
3,OrderStatus,1772075943.285892,9663,0,1
1,NewOrder,1772075943.285989,30422,10,1
5,StockLevel,1772075943.286006,28101,14,1
2,Payment,1772075943.287798,8282,2,1
1,NewOrder,1772075943.288887,25649,16,1
2,Payment,1772075943.290464,4385,6,1
1,NewOrder,1772075943.293061,27272,12,1
1,NewOrder,1772075943.294210,25461,3,1
1,NewOrder,1772075943.294853,39864,6,1
2,Payment,1772075943.294896,7300,4,1
2,Payment,1772075943.295560,11605,0,1
1,NewOrder,1772075943.295603,19223,22,1
4,Delivery,1772075943.296095,13045,2,1
2,Payment,1772075943.297226,6361,21,1
1,NewOrder,1772075943.298366,28283,17,1
1,NewOrder,1772075943.298642,26175,13,1
3,OrderStatus,1772075943.298779,1398,15,1
1,NewOrder,1772075943.299622,21947,5,1
2,Payment,1772075943.299974,14112,18,1
2,Payment,1772075943.300185,8792,15,1
2,Payment,1772075943.302202,7429,4,1
1,NewOrder,1772075943.303593,44055,21,1
1,NewOrder,1772075943.306034,11916,11,1
1,NewOrder,1772075943.307173,35461,0,1
1,NewOrder,1772075943.308548,14417,20,1
2,Payment,1772075943.308933,8627,1,1
1,NewOrder,1772075943.308981,19221,15,1
2,Payment,1772075943.309147,11218,2,1
2,Payment,1772075943.309636,25300,4,1
2,Payment,1772075943.313272,4624,9,1
2,Payment,1772075943.314096,16733,18,1
1,NewOrder,1772075943.314114,9939,14,1
1,NewOrder,1772075943.314161,33450,7,1
2,Payment,1772075943.314490,13402,19,1
1,NewOrder,1772075943.314561,10918,16,1
1,NewOrder,1772075943.314842,17300,22,1
2,Payment,1772075943.316417,15681,10,1
1,NewOrder,1772075943.316482,33553,23,1
1,NewOrder,1772075943.317566,34225,1,1
1,NewOrder,1772075943.317904,32158,9,1
1,NewOrder,1772075943.317928,31200,8,1
2,Payment,1772075943.317955,12353,11,1
2,Payment,1772075943.319691,11096,3,1
2,Payment,1772075943.320347,11442,12,1
1,NewOrder,1772075943.320372,19437,2,1
2,Payment,1772075943.321585,14618,5,1
2,Payment,1772075943.322973,12078,20,1
1,NewOrder,1772075943.324061,6684,14,1
1,NewOrder,1772075943.324827,25265,13,1
1,NewOrder,1772075943.325501,34435,16,1
2,Payment,1772075943.326658,9163,17,1
2,Payment,1772075943.327902,10979,19,1
1,NewOrder,1772075943.328208,34182,15,1
1,NewOrder,1772075943.330319,22390,11,1
1,NewOrder,1772075943.330752,13484,14,1
2,Payment,1772075943.330790,9708,3,1
1,NewOrder,1772075943.330839,19019,18,1
1,NewOrder,1772075943.331794,34450,12,1
1,NewOrder,1772075943.332107,18535,10,1
2,Payment,1772075943.332152,9730,22,1
2,Payment,1772075943.334727,8201,6,1
2,Payment,1772075943.334942,12247,4,1
1,NewOrder,1772075943.335059,34138,20,1
1,NewOrder,1772075943.335831,40642,17,1
2,Payment,1772075943.336210,6034,5,1
2,Payment,1772075943.338889,12584,19,1
1,NewOrder,1772075943.339812,29223,2,1
1,NewOrder,1772075943.340502,32683,3,1
2,Payment,1772075943.341891,11240,22,1
2,Payment,1772075943.342250,7141,5,1
1,NewOrder,1772075943.342644,25553,0,1
1,NewOrder,1772075943.342955,33884,6,1
5,StockLevel,1772075943.344243,14383,14,1
1,NewOrder,1772075943.347195,21897,4,1
1,NewOrder,1772075943.347631,21952,7,1
2,Payment,1772075943.347661,11632,21,1
2,Payment,1772075943.349154,5117,8,1
2,Payment,1772075943.349405,4041,5,1
3,OrderStatus,1772075943.349884,8039,18,1
1,NewOrder,1772075943.350044,21077,23,1
2,Payment,1772075943.350071,6631,9,1
1,NewOrder,1772075943.350102,22697,13,1
2,Payment,1772075943.350655,7449,10,1
1,NewOrder,1772075943.351483,23418,19,1
1,NewOrder,1772075943.351796,38676,1,1
2,Payment,1772075943.352726,11909,11,1
1,NewOrder,1772075943.353159,44495,22,1
1,NewOrder,1772075943.353454,47371,5,1
2,Payment,1772075943.354275,12377,8,1
3,OrderStatus,1772075943.356709,6978,9,1
4,Delivery,1772075943.357930,11715,18,1
1,NewOrder,1772075943.358129,40814,10,1
2,Payment,1772075943.358639,8006,14,1
1,NewOrder,1772075943.359300,38380,21,1
2,Payment,1772075943.359962,8667,16,1
5,StockLevel,1772075943.362400,12403,15,1
1,NewOrder,1772075943.363695,35650,9,1
1,NewOrder,1772075943.364640,27637,11,1
2,Payment,1772075943.366270,14677,12,1
2,Payment,1772075943.366674,12855,14,1
1,NewOrder,1772075943.366676,35876,8,1
2,Payment,1772075943.368206,4953,0,1
2,Payment,1772075943.368633,13679,16,1
1,NewOrder,1772075943.369056,15965,2,1
2,Payment,1772075943.369127,7969,4,1
1,NewOrder,1772075943.369222,30092,20,1
1,NewOrder,1772075943.369608,15435,7,1
2,Payment,1772075943.369658,4687,18,1
1,NewOrder,1772075943.371127,25928,23,1
1,NewOrder,1772075943.372808,23725,13,1
2,Payment,1772075943.373169,11809,0,1
1,NewOrder,1772075943.373190,34043,3,1
1,NewOrder,1772075943.374355,31703,18,1
1,NewOrder,1772075943.374808,11487,15,1
2,Payment,1772075943.374908,2920,19,1
2,Payment,1772075943.376483,18319,17,1
2,Payment,1772075943.376849,7810,6,1
2,Payment,1772075943.377111,11180,4,1
5,StockLevel,1772075943.377846,5592,19,1
2,Payment,1772075943.379541,23566,14,1
2,Payment,1772075943.380952,9509,12,1
1,NewOrder,1772075943.382321,22873,16,1
1,NewOrder,1772075943.383449,35042,19,1
2,Payment,1772075943.384685,11501,6,1
2,Payment,1772075943.384993,5393,0,1
1,NewOrder,1772075943.385047,5016,2,1
3,OrderStatus,1772075943.385072,2695,7,1
2,Payment,1772075943.386315,25385,15,1
1,NewOrder,1772075943.387776,17940,7,1
1,NewOrder,1772075943.388300,29037,4,1
2,Payment,1772075943.390070,2733,2,1
2,Payment,1772075943.390393,5391,0,1
2,Payment,1772075943.390469,27857,12,1
4,Delivery,1772075943.390483,32263,1,1
4,Delivery,1772075943.392285,57214,11,1
2,Payment,1772075943.392820,5301,2,1
1,NewOrder,1772075943.394818,29419,17,1
1,NewOrder,1772075943.395789,27002,0,1
2,Payment,1772075943.396195,8669,6,1
1,NewOrder,1772075943.396542,25286,13,1
1,NewOrder,1772075943.397063,10043,23,1
1,NewOrder,1772075943.397658,13931,22,1
4,Delivery,1772075943.397687,20663,21,1
1,NewOrder,1772075943.398125,31930,2,1
1,NewOrder,1772075943.398947,31769,10,1
2,Payment,1772075943.399318,17960,20,1
2,Payment,1772075943.399356,17886,9,1
2,Payment,1772075943.400851,4391,5,1
2,Payment,1772075943.402578,19370,8,1
1,NewOrder,1772075943.403118,16847,14,1
2,Payment,1772075943.404891,32545,6,1
2,Payment,1772075943.405202,23337,16,1
2,Payment,1772075943.405258,12083,5,1
2,Payment,1772075943.405724,34948,7,1
5,StockLevel,1772075943.406066,8632,18,1
1,NewOrder,1772075943.407122,44459,23,1
2,Payment,1772075943.407252,16331,3,1
2,Payment,1772075943.411606,7676,22,1
1,NewOrder,1772075943.411726,23683,15,1
2,Payment,1772075943.414723,6699,18,1
2,Payment,1772075943.417261,8291,9,1
2,Payment,1772075943.417294,9207,20,1
2,Payment,1772075943.417355,1589,4,1
4,Delivery,1772075943.417368,5676,5,1
2,Payment,1772075943.418335,13594,12,1
2,Payment,1772075943.418360,19388,21,1
1,NewOrder,1772075943.418502,19469,19,1
1,NewOrder,1772075943.418949,18285,4,1
1,NewOrder,1772075943.419290,17876,22,1
4,Delivery,1772075943.419977,38871,14,1
4,Delivery,1772075943.421433,14245,18,1
2,Payment,1772075943.421853,13181,13,1
1,NewOrder,1772075943.421958,18188,8,1
4,Delivery,1772075943.422756,16198,1,1
1,NewOrder,1772075943.422796,47903,0,1
1,NewOrder,1772075943.423053,13534,5,1
1,NewOrder,1772075943.423609,27735,3,1
3,OrderStatus,1772075943.424248,9317,17,1
2,Payment,1772075943.425557,24329,9,1
4,Delivery,1772075943.426511,9700,20,1
2,Payment,1772075943.428544,16639,16,1
2,Payment,1772075943.430081,5465,2,1
2,Payment,1772075943.430728,13083,10,1
2,Payment,1772075943.431953,16074,12,1
2,Payment,1772075943.433590,16854,17,1
1,NewOrder,1772075943.435043,38203,13,1
2,Payment,1772075943.435418,25885,15,1
1,NewOrder,1772075943.435571,37303,2,1
1,NewOrder,1772075943.435703,44601,18,1
1,NewOrder,1772075943.436217,56486,20,1
2,Payment,1772075943.436598,4216,5,1
1,NewOrder,1772075943.437176,12762,22,1
1,NewOrder,1772075943.437239,13486,4,1
2,Payment,1772075943.437439,19680,6,1
2,Payment,1772075943.437759,3397,21,1
3,OrderStatus,1772075943.437976,6836,19,1
1,NewOrder,1772075943.438961,12476,1,1
1,NewOrder,1772075943.440156,26853,8,1
1,NewOrder,1772075943.440678,33083,7,1
4,Delivery,1772075943.440826,26079,5,1
2,Payment,1772075943.441166,16803,21,1
2,Payment,1772075943.443821,19156,10,1
5,StockLevel,1772075943.444820,20003,19,1
2,Payment,1772075943.445194,33418,16,1
5,StockLevel,1772075943.448037,33419,12,1
2,Payment,1772075943.449507,15114,11,1
1,NewOrder,1772075943.449897,25368,9,1
1,NewOrder,1772075943.449949,9287,22,1
1,NewOrder,1772075943.450454,26123,17,1
2,Payment,1772075943.450736,2707,4,1
2,Payment,1772075943.451353,6275,3,1
2,Payment,1772075943.451443,3495,1,1
2,Payment,1772075943.451588,18533,23,1
1,NewOrder,1772075943.453451,14375,4,1
2,Payment,1772075943.454946,4259,1,1
1,NewOrder,1772075943.457129,46935,6,1
1,NewOrder,1772075943.457632,39640,3,1
1,NewOrder,1772075943.457979,44598,21,1
4,Delivery,1772075943.458859,31615,14,1
1,NewOrder,1772075943.459209,7000,1,1
2,Payment,1772075943.459247,12517,22,1
1,NewOrder,1772075943.461312,33237,15,1
1,NewOrder,1772075943.462987,25696,10,1
1,NewOrder,1772075943.464629,22871,11,1
2,Payment,1772075943.464831,11918,19,1
4,Delivery,1772075943.466224,1194,1,1
2,Payment,1772075943.466928,3846,5,1
2,Payment,1772075943.467035,3769,8,1
1,NewOrder,1772075943.467438,20857,1,1
1,NewOrder,1772075943.467843,12138,4,1
1,NewOrder,1772075943.470131,19993,23,1
2,Payment,1772075943.470709,6388,0,1
2,Payment,1772075943.470786,2891,5,1
3,OrderStatus,1772075943.470815,13672,8,1
1,NewOrder,1772075943.471769,17104,22,1
1,NewOrder,1772075943.472900,30613,2,1
1,NewOrder,1772075943.473257,36017,13,1
2,Payment,1772075943.473703,5383,5,1
1,NewOrder,1772075943.473787,24792,7,1
4,Delivery,1772075943.475281,40601,9,1
1,NewOrder,1772075943.476592,28306,17,1
2,Payment,1772075943.476760,11623,19,1
1,NewOrder,1772075943.477112,24126,0,1
2,Payment,1772075943.478617,9422,16,1
1,NewOrder,1772075943.479097,17102,5,1
1,NewOrder,1772075943.479990,20147,4,1
3,OrderStatus,1772075943.480308,5507,18,1
1,NewOrder,1772075943.481467,37624,12,1
2,Payment,1772075943.484496,8846,8,1
2,Payment,1772075943.485821,10404,18,1
1,NewOrder,1772075943.487511,35106,11,1
2,Payment,1772075943.488064,7526,16,1
2,Payment,1772075943.488305,2574,1,1
2,Payment,1772075943.488395,16523,19,1
2,Payment,1772075943.488692,10929,10,1
1,NewOrder,1772075943.488884,14135,22,1
1,NewOrder,1772075943.490134,30436,23,1
2,Payment,1772075943.490482,7354,14,1
3,OrderStatus,1772075943.490897,4564,1,1
1,NewOrder,1772075943.492713,29850,20,1
2,Payment,1772075943.493352,9501,8,1
1,NewOrder,1772075943.494576,28013,15,1
2,Payment,1772075943.495484,7558,1,1
2,Payment,1772075943.495614,5635,16,1
1,NewOrder,1772075943.496210,14637,5,1
1,NewOrder,1772075943.496231,47151,18,1
1,NewOrder,1772075943.497279,27628,3,1
1,NewOrder,1772075943.497846,29704,14,1
2,Payment,1772075943.498587,10275,7,1
2,Payment,1772075943.499631,14881,10,1
3,OrderStatus,1772075943.500148,5366,4,1
1,NewOrder,1772075943.501249,28981,0,1
2,Payment,1772075943.501257,8471,16,1
1,NewOrder,1772075943.502587,22285,21,1
3,OrderStatus,1772075943.502863,13538,8,1
1,NewOrder,1772075943.503030,19169,22,1
1,NewOrder,1772075943.503048,20261,1,1
1,NewOrder,1772075943.503523,24290,2,1
1,NewOrder,1772075943.504069,22807,6,1
2,Payment,1772075943.504908,10968,17,1
1,NewOrder,1772075943.504924,44348,19,1
2,Payment,1772075943.505523,6009,4,1
2,Payment,1772075943.508874,16419,7,1
1,NewOrder,1772075943.509279,44217,13,1
1,NewOrder,1772075943.509738,39559,16,1
2,Payment,1772075943.510857,7737,5,1
5,StockLevel,1772075943.511541,20441,4,1
1,NewOrder,1772075943.514519,41372,10,1
1,NewOrder,1772075943.515886,32527,17,1
2,Payment,1772075943.515894,12804,9,1
5,StockLevel,1772075943.516409,39265,8,1
3,OrderStatus,1772075943.518602,9670,5,1
2,Payment,1772075943.519097,9879,12,1
2,Payment,1772075943.520577,3133,23,1
1,NewOrder,1772075943.522216,30071,22,1
2,Payment,1772075943.522570,15370,20,1
1,NewOrder,1772075943.522596,29662,15,1
1,NewOrder,1772075943.522622,37939,11,1
1,NewOrder,1772075943.523314,19228,1,1
2,Payment,1772075943.523719,6543,23,1
1,NewOrder,1772075943.524877,19998,21,1
2,Payment,1772075943.524913,4975,3,1
2,Payment,1772075943.525304,8362,7,1
5,StockLevel,1772075943.526881,12451,6,1
2,Payment,1772075943.527562,14495,14,1
1,NewOrder,1772075943.527822,24942,2,1
1,NewOrder,1772075943.528280,29726,5,1
2,Payment,1772075943.528709,7483,9,1
1,NewOrder,1772075943.528984,33754,12,1
1,NewOrder,1772075943.529894,19794,3,1
2,Payment,1772075943.530236,3809,0,1
1,NewOrder,1772075943.530268,21106,23,1
2,Payment,1772075943.531987,8944,4,1
3,OrderStatus,1772075943.533677,13624,7,1
1,NewOrder,1772075943.534052,38201,0,1
1,NewOrder,1772075943.536200,18011,9,1
1,NewOrder,1772075943.537949,40302,20,1
1,NewOrder,1772075943.539339,23296,6,1
1,NewOrder,1772075943.540942,46975,4,1
1,NewOrder,1772075943.542067,34618,14,1
1,NewOrder,1772075943.542549,28617,1,1
2,Payment,1772075943.543387,8804,18,1
2,Payment,1772075943.544883,9804,21,1
2,Payment,1772075943.547313,6986,7,1
1,NewOrder,1772075943.548420,31289,17,1
2,Payment,1772075943.549278,6984,19,1
1,NewOrder,1772075943.549305,14051,16,1
5,StockLevel,1772075943.549696,16681,3,1
1,NewOrder,1772075943.551380,22825,23,1
4,Delivery,1772075943.552197,16230,18,1
2,Payment,1772075943.552262,9210,15,1
1,NewOrder,1772075943.552291,21462,22,1
2,Payment,1772075943.552769,7007,2,1
1,NewOrder,1772075943.553501,29449,13,1
5,StockLevel,1772075943.554220,14555,9,1
1,NewOrder,1772075943.554310,24489,7,1
2,Payment,1772075943.554694,8284,21,1
2,Payment,1772075943.555682,7029,8,1
2,Payment,1772075943.555897,7988,10,1
1,NewOrder,1772075943.556266,18461,19,1
1,NewOrder,1772075943.558012,23925,5,1
2,Payment,1772075943.559787,9055,2,1
1,NewOrder,1772075943.560571,16381,11,1
5,StockLevel,1772075943.561477,26244,15,1
2,Payment,1772075943.562641,7682,6,1
2,Payment,1772075943.562722,6400,8,1
2,Payment,1772075943.562745,6924,12,1
2,Payment,1772075943.562983,5833,21,1
1,NewOrder,1772075943.563367,24016,16,1
1,NewOrder,1772075943.563893,16624,10,1
1,NewOrder,1772075943.566383,21497,3,1
2,Payment,1772075943.568432,9995,18,1
2,Payment,1772075943.568784,8144,9,1
2,Payment,1772075943.568821,5295,21,1
2,Payment,1772075943.568849,8798,2,1
1,NewOrder,1772075943.569132,34785,8,1
2,Payment,1772075943.569675,8301,12,1
1,NewOrder,1772075943.570331,30309,6,1
2,Payment,1772075943.571172,8109,1,1
2,Payment,1772075943.572259,12964,0,1
5,StockLevel,1772075943.573758,25598,22,1
1,NewOrder,1772075943.574121,27264,21,1
2,Payment,1772075943.574210,5909,23,1
1,NewOrder,1772075943.574734,31712,19,1
1,NewOrder,1772075943.576711,29704,14,1
2,Payment,1772075943.576934,6634,9,1
2,Payment,1772075943.576962,11448,11,1
3,OrderStatus,1772075943.577655,13366,2,1
2,Payment,1772075943.577983,6521,12,1
2,Payment,1772075943.578262,14249,20,1
2,Payment,1772075943.578444,12730,18,1
1,NewOrder,1772075943.578811,16425,7,1
1,NewOrder,1772075943.579294,20027,1,1
2,Payment,1772075943.579723,9848,17,1
2,Payment,1772075943.580141,5382,23,1
1,NewOrder,1772075943.580522,36235,10,1
2,Payment,1772075943.581943,9700,5,1
5,StockLevel,1772075943.582958,15349,13,1
1,NewOrder,1772075943.583578,24491,9,1
1,NewOrder,1772075943.584515,23469,12,1
2,Payment,1772075943.585248,15009,0,1
1,NewOrder,1772075943.585538,18731,23,1
1,NewOrder,1772075943.587387,31402,16,1
1,NewOrder,1772075943.587729,19917,15,1
1,NewOrder,1772075943.587900,17010,3,1
2,Payment,1772075943.587943,19786,4,1
2,Payment,1772075943.588432,6293,11,1
1,NewOrder,1772075943.589596,30829,17,1
1,NewOrder,1772075943.591036,19737,2,1
2,Payment,1772075943.591197,9479,18,1
2,Payment,1772075943.591653,18701,5,1
2,Payment,1772075943.592516,13283,20,1
1,NewOrder,1772075943.594733,27806,11,1
1,NewOrder,1772075943.595263,37539,7,1
5,StockLevel,1772075943.598318,18583,13,1
2,Payment,1772075943.599327,16458,1,1
2,Payment,1772075943.599363,13408,22,1
2,Payment,1772075943.600268,24453,0,1
1,NewOrder,1772075943.600650,38755,6,1
2,Payment,1772075943.600690,22594,18,1
1,NewOrder,1772075943.601394,15300,21,1
1,NewOrder,1772075943.603944,23455,8,1
1,NewOrder,1772075943.604279,47231,23,1
2,Payment,1772075943.604936,15412,3,1
1,NewOrder,1772075943.605826,43401,20,1
3,OrderStatus,1772075943.606427,9664,14,1
2,Payment,1772075943.606457,18521,19,1
2,Payment,1772075943.607656,3070,15,1
2,Payment,1772075943.607739,21110,4,1
1,NewOrder,1772075943.607994,16277,12,1
2,Payment,1772075943.608080,2668,9,1
1,NewOrder,1772075943.610362,25449,5,1
2,Payment,1772075943.610747,3242,15,1
2,Payment,1772075943.610767,3710,9,1
1,NewOrder,1772075943.610790,20577,2,1
1,NewOrder,1772075943.612777,42441,22,1
1,NewOrder,1772075943.613997,19436,15,1
2,Payment,1772075943.614487,5502,9,1
3,OrderStatus,1772075943.615794,15178,1,1
1,NewOrder,1772075943.616102,27254,14,1
1,NewOrder,1772075943.616719,18599,21,1
1,NewOrder,1772075943.616784,32468,10,1
1,NewOrder,1772075943.616913,38716,13,1
1,NewOrder,1772075943.618796,35181,16,1
5,StockLevel,1772075943.620001,19561,9,1
1,NewOrder,1772075943.620355,16934,3,1
2,Payment,1772075943.620436,7291,17,1
2,Payment,1772075943.622546,7905,11,1
1,NewOrder,1772075943.623310,40207,18,1
2,Payment,1772075943.624282,5623,12,1
1,NewOrder,1772075943.624748,18973,0,1
5,StockLevel,1772075943.625002,12389,19,1
1,NewOrder,1772075943.627409,32246,8,1
2,Payment,1772075943.627734,6331,17,1
2,Payment,1772075943.628856,5827,4,1
1,NewOrder,1772075943.629915,13933,12,1
2,Payment,1772075943.630462,6469,11,1
1,NewOrder,1772075943.630979,37719,1,1
1,NewOrder,1772075943.631382,28305,2,1
1,NewOrder,1772075943.632814,30089,7,1
2,Payment,1772075943.633443,7664,15,1
2,Payment,1772075943.634073,10214,17,1
1,NewOrder,1772075943.634692,37422,4,1
2,Payment,1772075943.635329,8626,21,1
2,Payment,1772075943.635837,3534,5,1
1,NewOrder,1772075943.636942,22793,11,1
5,StockLevel,1772075943.637294,22315,3,1
2,Payment,1772075943.637399,10349,19,1
3,OrderStatus,1772075943.639378,7731,5,1
5,StockLevel,1772075943.639414,16158,6,1
2,Payment,1772075943.639573,9155,9,1
2,Payment,1772075943.641117,4648,15,1
1,NewOrder,1772075943.643367,30742,14,1
1,NewOrder,1772075943.643729,15217,0,1
2,Payment,1772075943.643854,3298,12,1
1,NewOrder,1772075943.643966,16190,21,1
1,NewOrder,1772075943.644296,24014,17,1
2,Payment,1772075943.645791,4194,15,1
1,NewOrder,1772075943.647136,16960,5,1
2,Payment,1772075943.647169,5167,12,1
1,NewOrder,1772075943.647760,21511,19,1
1,NewOrder,1772075943.648738,24331,9,1
2,Payment,1772075943.649237,6724,20,1
1,NewOrder,1772075943.649262,13195,10,1
1,NewOrder,1772075943.650011,20331,15,1
3,OrderStatus,1772075943.651529,10466,23,1
1,NewOrder,1772075943.652347,31749,12,1
1,NewOrder,1772075943.653992,32764,16,1
1,NewOrder,1772075943.655244,43477,22,1
2,Payment,1772075943.655586,9175,6,1
1,NewOrder,1772075943.655649,24326,13,1
3,OrderStatus,1772075943.655975,8418,20,1
1,NewOrder,1772075943.658972,21053,0,1
2,Payment,1772075943.659619,10568,3,1
1,NewOrder,1772075943.659662,34939,8,1
2,Payment,1772075943.659696,7670,2,1
1,NewOrder,1772075943.659745,34857,11,1
2,Payment,1772075943.660162,7506,21,1
1,NewOrder,1772075943.662005,36270,23,1
2,Payment,1772075943.662468,6836,10,1
2,Payment,1772075943.662920,11465,7,1
2,Payment,1772075943.663542,8047,18,1
5,StockLevel,1772075943.664103,9672,5,1
2,Payment,1772075943.664404,18223,20,1
2,Payment,1772075943.664772,7676,6,1
2,Payment,1772075943.667391,5023,2,1
2,Payment,1772075943.667682,27242,21,1
1,NewOrder,1772075943.668319,11799,17,1
2,Payment,1772075943.668724,10931,1,1
2,Payment,1772075943.669282,24104,19,1
1,NewOrder,1772075943.669311,15318,10,1
2,Payment,1772075943.670214,14296,3,1
1,NewOrder,1772075943.670353,21544,15,1
1,NewOrder,1772075943.671595,21771,18,1
5,StockLevel,1772075943.672125,22271,4,1
1,NewOrder,1772075943.672419,12192,2,1
1,NewOrder,1772075943.672456,19915,6,1
1,NewOrder,1772075943.673078,11517,9,1
2,Payment,1772075943.673801,7240,5,1
2,Payment,1772075943.674135,10153,14,1
2,Payment,1772075943.674400,6179,7,1
2,Payment,1772075943.679665,17094,1,1
2,Payment,1772075943.679984,10135,13,1
2,Payment,1772075943.680036,9454,0,1
1,NewOrder,1772075943.680124,13964,17,1
1,NewOrder,1772075943.680590,46327,7,1
2,Payment,1772075943.681052,9975,5,1
1,NewOrder,1772075943.682645,69016,20,1
1,NewOrder,1772075943.684113,44797,12,1
2,Payment,1772075943.684314,7963,14,1
1,NewOrder,1772075943.684535,54958,3,1
4,Delivery,1772075943.684614,23383,9,1
1,NewOrder,1772075943.684625,9844,2,1
1,NewOrder,1772075943.684642,9969,10,1
3,OrderStatus,1772075943.686766,7541,16,1
2,Payment,1772075943.689496,9512,0,1
1,NewOrder,1772075943.690136,20332,13,1
2,Payment,1772075943.691036,2952,5,1
3,OrderStatus,1772075943.691909,5242,15,1
2,Payment,1772075943.692302,7460,14,1
1,NewOrder,1772075943.692397,24363,6,1
2,Payment,1772075943.693377,10591,18,1
1,NewOrder,1772075943.693394,60059,19,1
1,NewOrder,1772075943.694003,17377,5,1
1,NewOrder,1772075943.694114,24670,17,1
2,Payment,1772075943.694333,10206,16,1
2,Payment,1772075943.694408,10172,4,1
2,Payment,1772075943.694496,11568,2,1
1,NewOrder,1772075943.694617,31497,11,1
1,NewOrder,1772075943.694627,42904,8,1
2,Payment,1772075943.694636,4071,10,1
1,NewOrder,1772075943.694936,16473,21,1
1,NewOrder,1772075943.696769,30163,1,1
2,Payment,1772075943.697163,11326,15,1
2,Payment,1772075943.698284,8896,23,1
1,NewOrder,1772075943.698714,20122,10,1
2,Payment,1772075943.698735,9591,22,1
2,Payment,1772075943.699019,8687,0,1
1,NewOrder,1772075943.699772,30664,14,1
1,NewOrder,1772075943.703991,41715,18,1
2,Payment,1772075943.704550,9710,16,1
1,NewOrder,1772075943.704589,25741,4,1
2,Payment,1772075943.706074,4807,2,1
2,Payment,1772075943.707187,11179,23,1
2,Payment,1772075943.707714,6150,0,1
1,NewOrder,1772075943.708005,19455,9,1
1,NewOrder,1772075943.708331,21509,22,1
1,NewOrder,1772075943.708499,19371,15,1
2,Payment,1772075943.710495,11868,13,1
1,NewOrder,1772075943.710888,17348,2,1
2,Payment,1772075943.711403,7342,5,1
1,NewOrder,1772075943.711422,12886,21,1
2,Payment,1772075943.713880,8951,0,1
5,StockLevel,1772075943.714267,21954,16,1
1,NewOrder,1772075943.716770,12490,6,1
5,StockLevel,1772075943.718381,20179,23,1
1,NewOrder,1772075943.718760,31761,5,1
2,Payment,1772075943.718810,6012,17,1
1,NewOrder,1772075943.718861,19086,10,1
1,NewOrder,1772075943.722373,22435,13,1
1,NewOrder,1772075943.722857,55776,0,1
1,NewOrder,1772075943.724335,25357,21,1
2,Payment,1772075943.724833,5947,17,1
1,NewOrder,1772075943.726142,27739,11,1
1,NewOrder,1772075943.726926,40023,7,1
1,NewOrder,1772075943.726941,35368,1,1
4,Delivery,1772075943.727472,24679,9,1
1,NewOrder,1772075943.727896,27321,15,1
1,NewOrder,1772075943.728240,18628,2,1
1,NewOrder,1772075943.728917,59856,12,1
2,Payment,1772075943.729270,4680,6,1
5,StockLevel,1772075943.729858,18760,22,1
2,Payment,1772075943.730336,9738,4,1
1,NewOrder,1772075943.730461,17531,14,1
1,NewOrder,1772075943.730794,21384,17,1
2,Payment,1772075943.733960,4021,6,1
2,Payment,1772075943.736232,13593,16,1
2,Payment,1772075943.737549,8834,8,1
2,Payment,1772075943.737952,5749,10,1
2,Payment,1772075943.737988,9817,6,1
4,Delivery,1772075943.738586,74843,23,1
5,StockLevel,1772075943.739536,30260,3,1
1,NewOrder,1772075943.740095,38215,4,1
1,NewOrder,1772075943.743726,11404,10,1
1,NewOrder,1772075943.744833,41283,13,1
2,Payment,1772075943.745722,7046,18,1
1,NewOrder,1772075943.746404,21986,8,1
2,Payment,1772075943.746897,5397,2,1
2,Payment,1772075943.747816,3939,6,1
1,NewOrder,1772075943.748001,43874,14,1
1,NewOrder,1772075943.748627,36849,22,1
1,NewOrder,1772075943.749719,15690,21,1
2,Payment,1772075943.749851,8287,16,1
1,NewOrder,1772075943.750531,23873,5,1
2,Payment,1772075943.751668,16765,20,1
2,Payment,1772075943.751765,2481,6,1
2,Payment,1772075943.752161,5055,9,1
2,Payment,1772075943.752185,7735,17,1
2,Payment,1772075943.752299,3353,2,1
1,NewOrder,1772075943.752777,33360,18,1
2,Payment,1772075943.753463,20099,19,1
1,NewOrder,1772075943.753890,33524,11,1
2,Payment,1772075943.754251,6940,6,1
1,NewOrder,1772075943.755137,14529,10,1
5,StockLevel,1772075943.755227,11513,15,1
2,Payment,1772075943.755673,6989,2,1
1,NewOrder,1772075943.757226,10081,9,1
2,Payment,1772075943.758165,9687,16,1
1,NewOrder,1772075943.759930,15869,17,1
1,NewOrder,1772075943.761198,14775,6,1
4,Delivery,1772075943.762318,21632,1,1
1,NewOrder,1772075943.762674,9694,2,1
2,Payment,1772075943.765415,15310,21,1
2,Payment,1772075943.766749,5142,15,1
5,StockLevel,1772075943.766959,18466,7,1
1,NewOrder,1772075943.767325,11855,9,1
1,NewOrder,1772075943.767864,36030,16,1
2,Payment,1772075943.768395,10291,8,1
2,Payment,1772075943.768437,10713,20,1
1,NewOrder,1772075943.769676,27423,10,1
1,NewOrder,1772075943.769802,23989,3,1
1,NewOrder,1772075943.771898,24110,15,1
2,Payment,1772075943.772395,2847,2,1
2,Payment,1772075943.773580,9295,19,1
2,Payment,1772075943.774415,8072,5,1
1,NewOrder,1772075943.775250,30542,2,1
1,NewOrder,1772075943.775803,27908,17,1
1,NewOrder,1772075943.775983,15025,6,1
2,Payment,1772075943.778321,9438,4,1
1,NewOrder,1772075943.778642,16658,0,1
1,NewOrder,1772075943.778697,51434,8,1
4,Delivery,1772075943.779160,34525,20,1
1,NewOrder,1772075943.779191,24883,9,1
2,Payment,1772075943.780752,5330,21,1
1,NewOrder,1772075943.782504,30879,5,1
2,Payment,1772075943.782882,10132,19,1
1,NewOrder,1772075943.783974,42906,1,1
2,Payment,1772075943.785430,7224,7,1
2,Payment,1772075943.785487,9480,22,1
1,NewOrder,1772075943.786110,17848,21,1
1,NewOrder,1772075943.786143,43796,13,1
4,Delivery,1772075943.786154,27553,18,1
1,NewOrder,1772075943.787425,57286,11,1
4,Delivery,1772075943.787770,54960,4,1
1,NewOrder,1772075943.788777,54307,12,1
2,Payment,1772075943.791033,7176,6,1
1,NewOrder,1772075943.791880,23829,14,1
5,StockLevel,1772075943.792664,11190,7,1
1,NewOrder,1772075943.793037,31066,19,1
1,NewOrder,1772075943.793814,52305,3,1
1,NewOrder,1772075943.794992,31314,22,1
1,NewOrder,1772075943.795305,49958,0,1
1,NewOrder,1772075943.796018,21102,15,1
2,Payment,1772075943.797144,11259,10,1
1,NewOrder,1772075943.798235,46082,6,1
2,Payment,1772075943.803721,5267,17,1
2,Payment,1772075943.803859,25538,7,1
1,NewOrder,1772075943.803896,12307,16,1
2,Payment,1772075943.803961,9058,21,1
1,NewOrder,1772075943.804076,47932,9,1
1,NewOrder,1772075943.805803,12576,2,1
1,NewOrder,1772075943.808415,9311,10,1
1,NewOrder,1772075943.808996,16065,17,1
1,NewOrder,1772075943.813025,46558,21,1
2,Payment,1772075943.813393,14339,5,1
1,NewOrder,1772075943.813441,24395,23,1
3,OrderStatus,1772075943.813693,11981,20,1
2,Payment,1772075943.813715,1651,18,1
2,Payment,1772075943.815372,10599,18,1
5,StockLevel,1772075943.815721,10698,14,1
1,NewOrder,1772075943.816211,8826,16,1
1,NewOrder,1772075943.817131,7886,15,1
1,NewOrder,1772075943.817734,7256,10,1
1,NewOrder,1772075943.818384,35087,2,1
2,Payment,1772075943.824114,16016,19,1
1,NewOrder,1772075943.825000,30768,10,1
2,Payment,1772075943.825028,5259,15,1
5,StockLevel,1772075943.825043,17007,16,1
1,NewOrder,1772075943.825070,29733,17,1
1,NewOrder,1772075943.825680,7586,20,1
2,Payment,1772075943.825980,8191,18,1
1,NewOrder,1772075943.826315,8025,22,1
2,Payment,1772075943.826431,5617,14,1
2,Payment,1772075943.826892,24714,1,1
2,Payment,1772075943.827738,9323,5,1
2,Payment,1772075943.829403,10051,7,1
3,OrderStatus,1772075943.829950,14708,13,1
1,NewOrder,1772075943.830137,25651,8,1
1,NewOrder,1772075943.830293,32858,15,1
2,Payment,1772075943.832055,3217,14,1
2,Payment,1772075943.833272,9835,20,1
3,OrderStatus,1772075943.834181,13371,18,1
1,NewOrder,1772075943.834350,5734,22,1
1,NewOrder,1772075943.835279,9955,14,1
5,StockLevel,1772075943.837070,19329,5,1
1,NewOrder,1772075943.837844,15153,23,1
5,StockLevel,1772075943.839459,15662,7,1
5,StockLevel,1772075943.840092,9017,22,1
1,NewOrder,1772075943.840141,15798,19,1
1,NewOrder,1772075943.842056,34226,16,1
1,NewOrder,1772075943.842737,17922,4,1
1,NewOrder,1772075943.843089,15365,12,1
2,Payment,1772075943.843112,3948,20,1
1,NewOrder,1772075943.844326,51179,6,1
3,OrderStatus,1772075943.844668,8208,13,1
1,NewOrder,1772075943.844716,52940,11,1
2,Payment,1772075943.845242,6838,14,1
2,Payment,1772075943.845274,10107,0,1
1,NewOrder,1772075943.846123,40516,3,1
2,Payment,1772075943.847065,9665,20,1
1,NewOrder,1772075943.847563,42082,18,1
1,NewOrder,1772075943.849114,18582,22,1
2,Payment,1772075943.851617,5775,1,1
4,Delivery,1772075943.852014,50796,9,1
2,Payment,1772075943.852092,6337,14,1
2,Payment,1772075943.852881,9268,13,1
2,Payment,1772075943.853008,7236,23,1
2,Payment,1772075943.853476,6483,2,1
2,Payment,1772075943.854814,17039,17,1
5,StockLevel,1772075943.855130,31223,7,1
2,Payment,1772075943.855387,8476,0,1
3,OrderStatus,1772075943.855779,10892,10,1
1,NewOrder,1772075943.855797,33190,8,1
2,Payment,1772075943.855947,7574,19,1
2,Payment,1772075943.856404,11610,5,1
1,NewOrder,1772075943.856737,14127,20,1
2,Payment,1772075943.857398,9315,1,1
2,Payment,1772075943.858438,10451,14,1
1,NewOrder,1772075943.858462,8900,12,1
1,NewOrder,1772075943.859593,32996,21,1
1,NewOrder,1772075943.859965,7754,2,1
2,Payment,1772075943.860251,14718,23,1
5,StockLevel,1772075943.860664,6608,4,1
1,NewOrder,1772075943.862160,77223,13,1
1,NewOrder,1772075943.863157,40862,15,1
2,Payment,1772075943.863527,12913,19,1
1,NewOrder,1772075943.863870,27140,0,1
1,NewOrder,1772075943.866678,35189,10,1
2,Payment,1772075943.866719,18324,1,1
2,Payment,1772075943.867278,8686,4,1
2,Payment,1772075943.867366,3034,12,1
1,NewOrder,1772075943.867703,8771,22,1
2,Payment,1772075943.867725,9687,2,1
3,OrderStatus,1772075943.868021,16446,5,1
2,Payment,1772075943.868897,13166,14,1
1,NewOrder,1772075943.870406,7057,12,1
1,NewOrder,1772075943.870870,7126,20,1
1,NewOrder,1772075943.871860,50992,17,1
2,Payment,1772075943.874976,14608,23,1
4,Delivery,1772075943.875971,47401,4,1
1,NewOrder,1772075943.876294,33369,16,1
5,StockLevel,1772075943.876446,22876,19,1
1,NewOrder,1772075943.876481,3723,22,1
2,Payment,1772075943.877424,10640,2,1
2,Payment,1772075943.877467,5715,12,1
1,NewOrder,1772075943.878002,3199,20,1
1,NewOrder,1772075943.880209,6472,22,1
2,Payment,1772075943.881211,10098,20,1
2,Payment,1772075943.882074,3807,14,1
1,NewOrder,1772075943.883191,6597,12,1
2,Payment,1772075943.884474,11002,5,1
1,NewOrder,1772075943.885052,18607,1,1
1,NewOrder,1772075943.885887,40587,14,1
1,NewOrder,1772075943.886360,17970,7,1
1,NewOrder,1772075943.886649,27617,3,1
1,NewOrder,1772075943.886686,4793,22,1
2,Payment,1772075943.888075,9627,2,1
2,Payment,1772075943.888993,8195,8,1
2,Payment,1772075943.889591,5334,23,1
2,Payment,1772075943.889650,9338,18,1
1,NewOrder,1772075943.889796,7831,12,1
2,Payment,1772075943.891015,12830,0,1
2,Payment,1772075943.891315,10126,20,1
1,NewOrder,1772075943.891485,26182,22,1
2,Payment,1772075943.892596,15946,21,1
1,NewOrder,1772075943.894929,31994,23,1
2,Payment,1772075943.895479,14881,5,1
4,Delivery,1772075943.895513,7644,6,1
1,NewOrder,1772075943.897193,17549,8,1
2,Payment,1772075943.897634,6967,12,1
2,Payment,1772075943.897663,7037,11,1
2,Payment,1772075943.897712,17013,2,1
2,Payment,1772075943.898999,14357,18,1
1,NewOrder,1772075943.899328,21464,19,1
2,Payment,1772075943.901448,8708,20,1
2,Payment,1772075943.901872,10179,10,1
1,NewOrder,1772075943.902818,27409,9,1
2,Payment,1772075943.903163,13221,6,1
1,NewOrder,1772075943.903667,25080,1,1
5,StockLevel,1772075943.903855,22271,0,1
2,Payment,1772075943.904029,9428,15,1
2,Payment,1772075943.904334,16141,7,1
1,NewOrder,1772075943.904605,27635,12,1
1,NewOrder,1772075943.904705,38989,11,1
1,NewOrder,1772075943.908567,24371,21,1
1,NewOrder,1772075943.909672,23303,16,1
2,Payment,1772075943.910165,5483,20,1
2,Payment,1772075943.910368,11565,5,1
1,NewOrder,1772075943.912058,32661,10,1
2,Payment,1772075943.913376,11177,18,1
1,NewOrder,1772075943.913482,35876,15,1
5,StockLevel,1772075943.914272,15241,3,1
2,Payment,1772075943.914735,8933,2,1
1,NewOrder,1772075943.914753,18551,8,1
1,NewOrder,1772075943.915670,31627,20,1
2,Payment,1772075943.916400,10494,6,1
2,Payment,1772075943.917671,9198,22,1
1,NewOrder,1772075943.920489,29248,7,1
2,Payment,1772075943.920796,7603,19,1
3,OrderStatus,1772075943.921944,9751,5,1
1,NewOrder,1772075943.922859,14576,17,1
1,NewOrder,1772075943.923382,22404,4,1
2,Payment,1772075943.923678,3281,2,1
1,NewOrder,1772075943.924561,40218,18,1
1,NewOrder,1772075943.926136,22773,0,1
1,NewOrder,1772075943.926482,30935,14,1
1,NewOrder,1772075943.926878,28214,22,1
1,NewOrder,1772075943.926901,35093,6,1
1,NewOrder,1772075943.926928,22456,23,1
2,Payment,1772075943.926964,6709,2,1
1,NewOrder,1772075943.928409,19481,19,1
4,Delivery,1772075943.928752,17007,1,1
2,Payment,1772075943.929521,5889,3,1
1,NewOrder,1772075943.930239,17680,9,1
2,Payment,1772075943.931722,7282,5,1
2,Payment,1772075943.932246,9893,12,1
3,OrderStatus,1772075943.932941,9080,21,1
2,Payment,1772075943.932978,11702,16,1
2,Payment,1772075943.933313,6896,8,1
1,NewOrder,1772075943.933676,26846,2,1
1,NewOrder,1772075943.935423,28384,3,1
4,Delivery,1772075943.937444,79902,17,1
1,NewOrder,1772075943.939016,75286,5,1
2,Payment,1772075943.939409,9982,13,1
2,Payment,1772075943.940216,7167,8,1
2,Payment,1772075943.942042,9146,21,1
1,NewOrder,1772075943.942157,27824,12,1
1,NewOrder,1772075943.943711,25520,11,1
1,NewOrder,1772075943.944705,21220,16,1
2,Payment,1772075943.944745,7496,10,1
1,NewOrder,1772075943.945768,20462,1,1
1,NewOrder,1772075943.945800,79911,4,1
2,Payment,1772075943.947308,8286,20,1
2,Payment,1772075943.947393,6542,8,1
1,NewOrder,1772075943.947900,19331,19,1
2,Payment,1772075943.947935,11086,9,1
2,Payment,1772075943.948935,7507,0,1
1,NewOrder,1772075943.949369,70288,15,1
1,NewOrder,1772075943.949395,24524,23,1
2,Payment,1772075943.949402,13988,13,1
2,Payment,1772075943.949743,7909,7,1
2,Payment,1772075943.951200,9830,21,1
1,NewOrder,1772075943.952248,71149,10,1
1,NewOrder,1772075943.953960,41416,8,1
1,NewOrder,1772075943.955117,20886,22,1
1,NewOrder,1772075943.955604,18650,20,1
4,Delivery,1772075943.956467,13809,0,1
1,NewOrder,1772075943.957427,15344,14,1
2,Payment,1772075943.957658,13564,7,1
3,OrderStatus,1772075943.959028,6765,9,1
1,NewOrder,1772075943.960533,22876,2,1
2,Payment,1772075943.961036,5474,21,1
4,Delivery,1772075943.962007,10385,6,1
1,NewOrder,1772075943.963397,55802,13,1
2,Payment,1772075943.963817,6101,3,1
3,OrderStatus,1772075943.964788,4635,18,1
1,NewOrder,1772075943.965798,53832,9,1
1,NewOrder,1772075943.965931,41087,16,1
2,Payment,1772075943.966255,14564,1,1
1,NewOrder,1772075943.966533,59105,21,1
2,Payment,1772075943.967257,8666,19,1
2,Payment,1772075943.969236,7877,11,1
1,NewOrder,1772075943.969434,14418,18,1
5,StockLevel,1772075943.969927,24295,3,1
1,NewOrder,1772075943.969987,43697,12,1
2,Payment,1772075943.970297,8492,0,1
1,NewOrder,1772075943.971232,51773,7,1
1,NewOrder,1772075943.972404,7998,6,1
2,Payment,1772075943.972782,2397,14,1
2,Payment,1772075943.973925,11653,23,1
1,NewOrder,1772075943.974265,9540,20,1
1,NewOrder,1772075943.975188,8701,14,1
2,Payment,1772075943.975932,12583,19,1
3,OrderStatus,1772075943.976013,8791,22,1
2,Payment,1772075943.977124,18336,11,1
5,StockLevel,1772075943.978795,34394,0,1
1,NewOrder,1772075943.980419,6738,6,1
4,Delivery,1772075943.980834,32469,1,1
2,Payment,1772075943.983438,13966,2,1
1,NewOrder,1772075943.983811,31562,20,1
1,NewOrder,1772075943.983872,6073,18,1
2,Payment,1772075943.983899,9978,14,1
2,Payment,1772075943.984845,15342,22,1
1,NewOrder,1772075943.985588,38376,23,1
1,NewOrder,1772075943.987168,7852,6,1
1,NewOrder,1772075943.988526,38092,19,1
1,NewOrder,1772075943.989954,7091,18,1
2,Payment,1772075943.993887,11738,14,1
2,Payment,1772075943.994231,5574,3,1
1,NewOrder,1772075943.995027,11623,6,1
2,Payment,1772075943.995383,3951,8,1
1,NewOrder,1772075943.995471,13905,11,1
1,NewOrder,1772075943.997051,23718,18,1
2,Payment,1772075943.997416,5943,2,1
2,Payment,1772075943.999342,8424,8,1
1,NewOrder,1772075943.999813,22457,3,1
1,NewOrder,1772075944.000195,18574,22,1
2,Payment,1772075944.003367,6448,2,1
1,NewOrder,1772075944.005632,35986,14,1
2,Payment,1772075944.006661,3538,6,1
1,NewOrder,1772075944.007030,21336,16,1
2,Payment,1772075944.007774,7602,8,1
4,Delivery,1772075944.009386,67687,11,1
2,Payment,1772075944.009826,8286,2,1
1,NewOrder,1772075944.010207,32558,6,1
2,Payment,1772075944.013197,8048,0,1
1,NewOrder,1772075944.013307,17639,1,1
2,Payment,1772075944.013693,7790,12,1
2,Payment,1772075944.014308,12910,5,1
2,Payment,1772075944.015383,5706,8,1
1,NewOrder,1772075944.015385,13479,20,1
1,NewOrder,1772075944.017357,18365,17,1
1,NewOrder,1772075944.018124,38715,2,1
1,NewOrder,1772075944.018774,29752,22,1
1,NewOrder,1772075944.019207,26480,13,1
2,Payment,1772075944.019634,7484,9,1
2,Payment,1772075944.019662,5577,15,1
1,NewOrder,1772075944.020779,37897,18,1
1,NewOrder,1772075944.021099,26849,8,1
1,NewOrder,1772075944.021251,25003,0,1
2,Payment,1772075944.021491,10400,12,1
2,Payment,1772075944.022274,11842,3,1
1,NewOrder,1772075944.023011,11478,7,1
2,Payment,1772075944.023401,9554,10,1
2,Payment,1772075944.023970,4141,23,1
2,Payment,1772075944.025249,15937,15,1
1,NewOrder,1772075944.025644,31599,21,1
1,NewOrder,1772075944.025715,17232,4,1
1,NewOrder,1772075944.026624,14030,19,1
4,Delivery,1772075944.027126,50208,9,1
2,Payment,1772075944.027222,13798,5,1
1,NewOrder,1772075944.028116,5034,23,1
1,NewOrder,1772075944.028373,22019,16,1
4,Delivery,1772075944.028869,45621,20,1
2,Payment,1772075944.030953,16968,1,1
2,Payment,1772075944.031898,20759,12,1
1,NewOrder,1772075944.032961,37134,10,1
1,NewOrder,1772075944.033157,10564,23,1
2,Payment,1772075944.034121,17716,3,1
1,NewOrder,1772075944.034499,12763,7,1
2,Payment,1772075944.035732,19059,17,1
1,NewOrder,1772075944.040663,24694,19,1
1,NewOrder,1772075944.041027,35524,5,1
1,NewOrder,1772075944.041196,17495,15,1
1,NewOrder,1772075944.041625,38887,14,1
2,Payment,1772075944.042776,10966,6,1
5,StockLevel,1772075944.042953,11785,4,1
2,Payment,1772075944.043729,5967,23,1
2,Payment,1772075944.045694,10532,13,1
2,Payment,1772075944.046261,6892,0,1
2,Payment,1772075944.047271,10003,7,1
2,Payment,1772075944.047926,8942,1,1
1,NewOrder,1772075944.047960,24936,8,1
4,Delivery,1772075944.048530,26230,22,1
2,Payment,1772075944.049705,4677,23,1
1,NewOrder,1772075944.050400,28554,16,1
2,Payment,1772075944.051843,12108,3,1
1,NewOrder,1772075944.052663,34403,12,1
2,Payment,1772075944.053158,6145,0,1
2,Payment,1772075944.053749,7930,6,1
1,NewOrder,1772075944.054387,23835,23,1
1,NewOrder,1772075944.054749,20071,4,1
1,NewOrder,1772075944.054802,28288,17,1
1,NewOrder,1772075944.056234,26719,13,1
1,NewOrder,1772075944.056843,25281,2,1
2,Payment,1772075944.056875,17683,1,1
1,NewOrder,1772075944.057252,22282,21,1
1,NewOrder,1772075944.057283,23565,7,1
2,Payment,1772075944.058687,6057,18,1
2,Payment,1772075944.058697,7406,15,1
1,NewOrder,1772075944.059310,34285,0,1
1,NewOrder,1772075944.061684,30598,6,1
2,Payment,1772075944.063961,13072,3,1
2,Payment,1772075944.064754,6125,18,1
1,NewOrder,1772075944.065361,22863,19,1
2,Payment,1772075944.066109,7858,15,1
2,Payment,1772075944.070102,7039,10,1
2,Payment,1772075944.070889,6640,18,1
1,NewOrder,1772075944.072906,20147,8,1
2,Payment,1772075944.073977,8494,15,1
2,Payment,1772075944.074496,9906,20,1
2,Payment,1772075944.074567,9869,1,1
4,Delivery,1772075944.074769,104580,22,1
2,Payment,1772075944.074826,5425,4,1
3,OrderStatus,1772075944.076560,8889,5,1
1,NewOrder,1772075944.077037,17797,3,1
2,Payment,1772075944.077083,8871,11,1
2,Payment,1772075944.077146,11293,10,1
1,NewOrder,1772075944.077342,8278,9,1
2,Payment,1772075944.077539,8513,18,1
2,Payment,1772075944.078227,9882,23,1
2,Payment,1772075944.078963,4866,16,1
4,Delivery,1772075944.079538,100117,21,1
2,Payment,1772075944.080261,6398,4,1
2,Payment,1772075944.080519,7803,14,1
1,NewOrder,1772075944.080858,33007,7,1
2,Payment,1772075944.082130,8928,2,1
2,Payment,1772075944.082478,22534,15,1
2,Payment,1772075944.082957,15571,13,1
2,Payment,1772075944.083100,14034,17,1
1,NewOrder,1772075944.083839,10363,16,1
2,Payment,1772075944.084408,9833,20,1
2,Payment,1772075944.084441,9189,1,1
1,NewOrder,1772075944.085457,19248,5,1
2,Payment,1772075944.085626,4887,9,1
1,NewOrder,1772075944.085959,35626,11,1
1,NewOrder,1772075944.086061,8150,18,1
2,Payment,1772075944.086665,8705,4,1
2,Payment,1772075944.087071,22843,12,1
2,Payment,1772075944.088115,7726,23,1
2,Payment,1772075944.088232,11996,19,1
2,Payment,1772075944.088328,23025,14,1
1,NewOrder,1772075944.088445,9430,10,1
1,NewOrder,1772075944.090518,16476,9,1
4,Delivery,1772075944.091062,55977,2,1
3,OrderStatus,1772075944.092289,6839,6,1
1,NewOrder,1772075944.093064,26064,8,1
5,StockLevel,1772075944.093602,11150,0,1
2,Payment,1772075944.093639,4357,1,1
2,Payment,1772075944.094207,8915,16,1
1,NewOrder,1772075944.094221,21230,18,1
1,NewOrder,1772075944.094246,36663,20,1
1,NewOrder,1772075944.094842,36883,3,1
2,Payment,1772075944.095395,5743,4,1
2,Payment,1772075944.095855,6893,23,1
5,StockLevel,1772075944.097144,34502,17,1
2,Payment,1772075944.097885,6697,10,1
2,Payment,1772075944.098001,7361,1,1
1,NewOrder,1772075944.098536,11864,13,1
2,Payment,1772075944.099137,8959,6,1
3,OrderStatus,1772075944.100258,7945,19,1
1,NewOrder,1772075944.101147,13187,4,1
2,Payment,1772075944.102758,4768,23,1
2,Payment,1772075944.103134,12733,16,1
2,Payment,1772075944.104594,8559,10,1
1,NewOrder,1772075944.104715,38532,5,1
1,NewOrder,1772075944.104757,30815,0,1
2,Payment,1772075944.105018,12377,15,1
2,Payment,1772075944.105367,7791,1,1
2,Payment,1772075944.107012,7654,9,1
1,NewOrder,1772075944.107546,17186,23,1
1,NewOrder,1772075944.108106,17505,6,1
2,Payment,1772075944.108213,5608,19,1
2,Payment,1772075944.109924,10841,12,1
5,StockLevel,1772075944.110412,12835,13,1
1,NewOrder,1772075944.111361,21732,14,1
1,NewOrder,1772075944.113163,38488,10,1
1,NewOrder,1772075944.113167,23298,1,1
4,Delivery,1772075944.113831,65843,19,1
1,NewOrder,1772075944.113874,15963,7,1
2,Payment,1772075944.114348,7125,4,1
1,NewOrder,1772075944.114682,14780,9,1
3,OrderStatus,1772075944.115476,6779,18,1
1,NewOrder,1772075944.115877,20830,16,1
5,StockLevel,1772075944.117412,15247,15,1
1,NewOrder,1772075944.119139,16914,8,1
2,Payment,1772075944.120797,2404,12,1
1,NewOrder,1772075944.121487,41408,4,1
2,Payment,1772075944.121594,6252,11,1
1,NewOrder,1772075944.122265,18874,18,1
2,Payment,1772075944.123206,6670,12,1
1,NewOrder,1772075944.123258,18238,13,1
1,NewOrder,1772075944.124743,19426,23,1
1,NewOrder,1772075944.125628,39125,6,1
1,NewOrder,1772075944.127856,39841,11,1
2,Payment,1772075944.129487,6934,9,1
1,NewOrder,1772075944.129874,17605,7,1
2,Payment,1772075944.129881,5081,12,1
2,Payment,1772075944.130931,8966,20,1
2,Payment,1772075944.131656,9525,17,1
2,Payment,1772075944.131731,9147,3,1
4,Delivery,1772075944.132683,19689,15,1
2,Payment,1772075944.133111,28324,14,1
2,Payment,1772075944.134987,9517,12,1
1,NewOrder,1772075944.135578,25465,0,1
1,NewOrder,1772075944.136058,30217,8,1
1,NewOrder,1772075944.136432,36589,9,1
1,NewOrder,1772075944.136474,22909,1,1
2,Payment,1772075944.136718,19696,16,1
1,NewOrder,1772075944.139902,31270,20,1
1,NewOrder,1772075944.140903,18903,3,1
1,NewOrder,1772075944.141145,15897,18,1
2,Payment,1772075944.141187,8618,17,1
1,NewOrder,1772075944.141506,12924,13,1
2,Payment,1772075944.143257,8854,5,1
2,Payment,1772075944.144195,3572,23,1
1,NewOrder,1772075944.144530,11998,12,1
1,NewOrder,1772075944.147044,19257,2,1
2,Payment,1772075944.147490,4905,7,1
1,NewOrder,1772075944.147774,11761,23,1
2,Payment,1772075944.149815,15576,17,1
1,NewOrder,1772075944.151663,33539,10,1
1,NewOrder,1772075944.152118,34192,5,1
2,Payment,1772075944.152384,15924,15,1
2,Payment,1772075944.152399,3005,7,1
2,Payment,1772075944.154441,15999,13,1
1,NewOrder,1772075944.155409,20890,7,1
1,NewOrder,1772075944.156423,15952,16,1
1,NewOrder,1772075944.156538,19685,12,1
2,Payment,1772075944.157068,4313,18,1
2,Payment,1772075944.159408,6912,1,1
1,NewOrder,1772075944.159560,17363,23,1
2,Payment,1772075944.159818,8216,3,1
2,Payment,1772075944.161048,8820,0,1
1,NewOrder,1772075944.161392,20685,18,1
2,Payment,1772075944.161446,14739,14,1
1,NewOrder,1772075944.162920,24331,4,1
4,Delivery,1772075944.164778,18451,6,1
1,NewOrder,1772075944.165399,45001,17,1
2,Payment,1772075944.166297,9363,8,1
2,Payment,1772075944.166308,8428,2,1
1,NewOrder,1772075944.166324,32814,1,1
1,NewOrder,1772075944.167715,17720,11,1
2,Payment,1772075944.168039,8632,3,1
1,NewOrder,1772075944.168314,16975,15,1
1,NewOrder,1772075944.169885,31085,0,1
1,NewOrder,1772075944.170466,29532,13,1
1,NewOrder,1772075944.171177,18052,20,1
2,Payment,1772075944.172385,6334,16,1
5,StockLevel,1772075944.173048,20500,9,1
4,Delivery,1772075944.174742,38379,2,1
2,Payment,1772075944.175678,8986,8,1
1,NewOrder,1772075944.176189,27096,14,1
1,NewOrder,1772075944.176233,22518,12,1
2,Payment,1772075944.176310,10001,7,1
2,Payment,1772075944.176680,9235,3,1
1,NewOrder,1772075944.176928,25650,23,1
1,NewOrder,1772075944.178745,28306,16,1
5,StockLevel,1772075944.179355,17084,22,1
1,NewOrder,1772075944.179662,19541,21,1
5,StockLevel,1772075944.179682,10329,19,1
1,NewOrder,1772075944.182086,25992,18,1
3,OrderStatus,1772075944.183243,5350,6,1
2,Payment,1772075944.184681,7261,8,1
2,Payment,1772075944.185207,8230,10,1
2,Payment,1772075944.185294,7392,15,1
2,Payment,1772075944.185442,9349,11,1
2,Payment,1772075944.185924,6783,3,1
2,Payment,1772075944.186317,8104,5,1
1,NewOrder,1772075944.186321,15500,7,1
3,OrderStatus,1772075944.187255,8907,4,1
5,StockLevel,1772075944.188606,24956,6,1
1,NewOrder,1772075944.189239,45260,20,1
2,Payment,1772075944.190021,9563,19,1
2,Payment,1772075944.191962,10383,8,1
2,Payment,1772075944.192689,5016,15,1
1,NewOrder,1772075944.192718,21320,3,1
2,Payment,1772075944.193448,5816,10,1
2,Payment,1772075944.193557,13042,9,1
2,Payment,1772075944.194432,7883,5,1
1,NewOrder,1772075944.194800,20852,11,1
2,Payment,1772075944.196173,10292,4,1
1,NewOrder,1772075944.196445,27641,22,1
2,Payment,1772075944.197712,5562,15,1
1,NewOrder,1772075944.198776,17420,12,1
2,Payment,1772075944.199143,11295,1,1
2,Payment,1772075944.199212,6603,21,1
2,Payment,1772075944.199272,10682,10,1
5,StockLevel,1772075944.199594,15414,19,1
2,Payment,1772075944.200002,4642,13,1
1,NewOrder,1772075944.201006,44848,0,1
2,Payment,1772075944.201830,9456,7,1
1,NewOrder,1772075944.202341,32255,5,1
3,OrderStatus,1772075944.202361,15445,8,1
2,Payment,1772075944.202588,5021,23,1
2,Payment,1772075944.203283,3490,15,1
1,NewOrder,1772075944.203296,16204,14,1
2,Payment,1772075944.204650,8986,13,1
1,NewOrder,1772075944.205824,37589,21,1
2,Payment,1772075944.206490,10145,4,1
1,NewOrder,1772075944.206613,47199,9,1
2,Payment,1772075944.206780,4946,15,1
2,Payment,1772075944.207055,8979,16,1
2,Payment,1772075944.207627,2739,23,1
3,OrderStatus,1772075944.208088,2757,18,1
1,NewOrder,1772075944.209961,15023,10,1
1,NewOrder,1772075944.210372,13457,23,1
4,Delivery,1772075944.210410,106595,17,1
2,Payment,1772075944.210449,8211,1,1
1,NewOrder,1772075944.210855,14122,18,1
1,NewOrder,1772075944.211296,15558,7,1
1,NewOrder,1772075944.211746,46484,15,1
1,NewOrder,1772075944.213132,30908,2,1
2,Payment,1772075944.213568,9832,6,1
2,Payment,1772075944.213647,4399,13,1
1,NewOrder,1772075944.214056,29334,3,1
2,Payment,1772075944.215018,16489,19,1
2,Payment,1772075944.215665,9629,11,1
2,Payment,1772075944.216037,4076,16,1
2,Payment,1772075944.216222,5723,12,1
2,Payment,1772075944.216661,10834,4,1
1,NewOrder,1772075944.217821,62153,8,1
2,Payment,1772075944.218070,6090,13,1
1,NewOrder,1772075944.218670,38557,1,1
1,NewOrder,1772075944.219512,15168,14,1
1,NewOrder,1772075944.220128,12346,16,1
1,NewOrder,1772075944.221961,13829,12,1
1,NewOrder,1772075944.223404,41652,6,1
4,Delivery,1772075944.223855,36475,23,1
2,Payment,1772075944.224111,9929,22,1
1,NewOrder,1772075944.224185,13826,13,1
2,Payment,1772075944.224988,11700,18,1
2,Payment,1772075944.224992,9482,10,1
1,NewOrder,1772075944.225304,38022,11,1
2,Payment,1772075944.226858,9922,7,1
2,Payment,1772075944.227500,9137,4,1
2,Payment,1772075944.231515,9778,19,1
3,OrderStatus,1772075944.232484,1056,16,1
1,NewOrder,1772075944.233547,24457,16,1
2,Payment,1772075944.234050,17891,22,1
1,NewOrder,1772075944.234500,33817,10,1
2,Payment,1772075944.234524,8482,20,1
1,NewOrder,1772075944.234622,35870,5,1
2,Payment,1772075944.234706,4276,14,1
3,OrderStatus,1772075944.235800,5067,12,1
2,Payment,1772075944.236663,14454,4,1
2,Payment,1772075944.236713,7783,18,1
2,Payment,1772075944.236795,2561,7,1
2,Payment,1772075944.238027,3822,13,1
1,NewOrder,1772075944.238992,13665,14,1
1,NewOrder,1772075944.239362,18177,7,1
2,Payment,1772075944.240882,6905,12,1
2,Payment,1772075944.241299,8960,19,1
5,StockLevel,1772075944.241862,10331,13,1
5,StockLevel,1772075944.243012,21921,20,1
1,NewOrder,1772075944.243399,40888,3,1
1,NewOrder,1772075944.243419,60456,21,1
1,NewOrder,1772075944.244048,36431,2,1
1,NewOrder,1772075944.244506,11992,18,1
2,Payment,1772075944.245865,11388,0,1
1,NewOrder,1772075944.247811,20479,12,1
2,Payment,1772075944.250269,5822,19,1
1,NewOrder,1772075944.251127,40391,4,1
1,NewOrder,1772075944.251951,23018,22,1
1,NewOrder,1772075944.252203,20392,13,1
1,NewOrder,1772075944.252666,18778,14,1
2,Payment,1772075944.253828,14060,9,1
1,NewOrder,1772075944.256101,49390,19,1
1,NewOrder,1772075944.256515,15727,18,1
2,Payment,1772075944.257237,8295,1,1
1,NewOrder,1772075944.257263,41173,0,1
2,Payment,1772075944.257544,11569,7,1
2,Payment,1772075944.258030,6044,16,1
1,NewOrder,1772075944.258246,31731,15,1
1,NewOrder,1772075944.260341,20255,23,1
1,NewOrder,1772075944.263336,20977,11,1
2,Payment,1772075944.264100,4125,16,1
2,Payment,1772075944.264958,9482,20,1
3,OrderStatus,1772075944.265079,8649,6,1
1,NewOrder,1772075944.265543,24465,1,1
2,Payment,1772075944.267913,17490,9,1
2,Payment,1772075944.268234,3556,16,1
1,NewOrder,1772075944.268296,15791,12,1
1,NewOrder,1772075944.268324,30841,10,1
1,NewOrder,1772075944.269120,40005,7,1
1,NewOrder,1772075944.270499,27557,5,1
2,Payment,1772075944.271470,4154,14,1
2,Payment,1772075944.271816,5052,16,1
2,Payment,1772075944.272255,4101,18,1
2,Payment,1772075944.272608,5870,13,1
1,NewOrder,1772075944.273734,39774,6,1
2,Payment,1772075944.274466,8855,20,1
1,NewOrder,1772075944.274977,28544,22,1
2,Payment,1772075944.275642,6556,14,1
1,NewOrder,1772075944.276360,15624,18,1
2,Payment,1772075944.276883,3551,16,1
2,Payment,1772075944.278483,5640,13,1
2,Payment,1772075944.279984,18839,8,1
2,Payment,1772075944.280457,5257,16,1
2,Payment,1772075944.280505,8556,2,1
2,Payment,1772075944.280623,4592,23,1
2,Payment,1772075944.282205,5035,14,1
2,Payment,1772075944.283330,10431,20,1
1,NewOrder,1772075944.284093,19852,12,1
2,Payment,1772075944.284129,5978,13,1
4,Delivery,1772075944.284303,35864,3,1
1,NewOrder,1772075944.284324,25704,11,1
1,NewOrder,1772075944.285226,9561,23,1
3,OrderStatus,1772075944.285413,15305,9,1
1,NewOrder,1772075944.285718,10212,16,1
2,Payment,1772075944.287247,4643,14,1
2,Payment,1772075944.289069,9512,2,1
1,NewOrder,1772075944.289995,30100,15,1
1,NewOrder,1772075944.290018,24668,1,1
2,Payment,1772075944.290118,4459,13,1
2,Payment,1772075944.291542,17538,4,1
2,Payment,1772075944.291915,4297,14,1
1,NewOrder,1772075944.291993,21939,18,1
4,Delivery,1772075944.293772,32895,20,1
2,Payment,1772075944.294580,3824,13,1
2,Payment,1772075944.294799,5600,23,1
1,NewOrder,1772075944.295939,31143,16,1
1,NewOrder,1772075944.296221,23947,14,1
1,NewOrder,1772075944.298067,35795,5,1
5,StockLevel,1772075944.298411,13870,13,1
2,Payment,1772075944.298447,16641,0,1
1,NewOrder,1772075944.298606,41228,2,1
2,Payment,1772075944.298847,9801,8,1
1,NewOrder,1772075944.299169,48696,10,1
2,Payment,1772075944.300416,4737,23,1
2,Payment,1772075944.300730,9985,9,1
2,Payment,1772075944.303546,5424,22,1
1,NewOrder,1772075944.303900,32683,21,1
2,Payment,1772075944.303963,5123,12,1
1,NewOrder,1772075944.305164,14942,23,1
1,NewOrder,1772075944.305501,30547,19,1
1,NewOrder,1772075944.308674,39960,8,1
2,Payment,1772075944.308988,10681,22,1
1,NewOrder,1772075944.309091,38742,4,1
2,Payment,1772075944.309094,6036,12,1
2,Payment,1772075944.309135,6259,7,1
1,NewOrder,1772075944.310041,22492,11,1
1,NewOrder,1772075944.310721,25945,9,1
1,NewOrder,1772075944.312293,19866,13,1
1,NewOrder,1772075944.313517,26654,6,1
1,NewOrder,1772075944.313942,19360,18,1
1,NewOrder,1772075944.314696,22938,1,1
2,Payment,1772075944.315113,5000,0,1
1,NewOrder,1772075944.315154,13753,12,1
2,Payment,1772075944.315406,3006,7,1
2,Payment,1772075944.317012,9917,17,1
1,NewOrder,1772075944.318422,24280,7,1
1,NewOrder,1772075944.319680,27054,22,1
1,NewOrder,1772075944.320122,18508,15,1
2,Payment,1772075944.320132,13184,0,1
2,Payment,1772075944.320139,6918,23,1
1,NewOrder,1772075944.320181,27268,14,1
1,NewOrder,1772075944.320193,19665,3,1
5,StockLevel,1772075944.326694,16643,20,1
1,NewOrder,1772075944.326940,40120,17,1
1,NewOrder,1772075944.327067,12709,23,1
1,NewOrder,1772075944.327090,14484,16,1
5,StockLevel,1772075944.328919,15765,12,1
1,NewOrder,1772075944.332169,16186,13,1
1,NewOrder,1772075944.332543,33594,11,1
2,Payment,1772075944.333312,6652,18,1
1,NewOrder,1772075944.333323,13709,0,1
1,NewOrder,1772075944.333873,26417,5,1
2,Payment,1772075944.336058,10743,19,1
2,Payment,1772075944.336591,12094,21,1
2,Payment,1772075944.336677,4185,9,1
2,Payment,1772075944.337645,4367,1,1
2,Payment,1772075944.338640,9524,15,1
1,NewOrder,1772075944.339799,13761,23,1
2,Payment,1772075944.339860,6542,2,1
1,NewOrder,1772075944.339875,18188,3,1
1,NewOrder,1772075944.339990,15042,18,1
2,Payment,1772075944.340177,4613,6,1
2,Payment,1772075944.340871,7065,9,1
2,Payment,1772075944.341581,13100,16,1
1,NewOrder,1772075944.342017,30476,1,1
1,NewOrder,1772075944.342705,24405,7,1
2,Payment,1772075944.343346,19679,20,1
2,Payment,1772075944.344694,16063,12,1
2,Payment,1772075944.344793,9998,6,1
2,Payment,1772075944.346413,14278,2,1
2,Payment,1772075944.346740,13689,22,1
2,Payment,1772075944.346808,8929,19,1
1,NewOrder,1772075944.347041,20988,0,1
1,NewOrder,1772075944.347456,10139,14,1
2,Payment,1772075944.347840,4202,4,1
2,Payment,1772075944.347876,11917,10,1
1,NewOrder,1772075944.347942,19142,9,1
2,Payment,1772075944.348175,15323,15,1
1,NewOrder,1772075944.348365,7072,13,1
1,NewOrder,1772075944.348646,4817,8,1
1,NewOrder,1772075944.348698,18744,21,1
2,Payment,1772075944.352049,12066,4,1
2,Payment,1772075944.353470,10129,8,1
1,NewOrder,1772075944.353568,11303,23,1
1,NewOrder,1772075944.354692,25685,16,1
2,Payment,1772075944.354802,15339,6,1
2,Payment,1772075944.355037,14487,18,1
2,Payment,1772075944.355443,11229,13,1
2,Payment,1772075944.355741,19344,19,1
1,NewOrder,1772075944.357611,17396,14,1
5,StockLevel,1772075944.358074,15876,3,1
2,Payment,1772075944.359809,15538,10,1
2,Payment,1772075944.360303,11850,5,1
1,NewOrder,1772075944.360445,14316,22,1
1,NewOrder,1772075944.360711,27471,2,1
1,NewOrder,1772075944.360795,17070,12,1
2,Payment,1772075944.363035,16725,20,1
2,Payment,1772075944.363523,12228,15,1
1,NewOrder,1772075944.363626,17137,8,1
3,OrderStatus,1772075944.364122,4956,4,1
2,Payment,1772075944.364886,19793,23,1
2,Payment,1772075944.366161,18747,11,1
1,NewOrder,1772075944.366682,13653,13,1
2,Payment,1772075944.367065,13928,17,1
1,NewOrder,1772075944.367091,14237,9,1
2,Payment,1772075944.367121,19459,7,1
2,Payment,1772075944.367449,19800,21,1
2,Payment,1772075944.368035,7083,0,1
1,NewOrder,1772075944.369083,13558,4,1
1,NewOrder,1772075944.369531,15614,18,1
2,Payment,1772075944.370153,18527,6,1
2,Payment,1772075944.372178,13946,5,1
2,Payment,1772075944.372504,7973,1,1
1,NewOrder,1772075944.373975,23039,3,1
1,NewOrder,1772075944.374772,26163,22,1
1,NewOrder,1772075944.375016,10829,14,1
2,Payment,1772075944.375091,13850,19,1
4,Delivery,1772075944.375123,18049,0,1
2,Payment,1772075944.375360,17856,10,1
2,Payment,1772075944.375756,7292,15,1
2,Payment,1772075944.377875,17512,12,1
1,NewOrder,1772075944.379779,37499,20,1
2,Payment,1772075944.380345,8165,13,1
2,Payment,1772075944.380387,20689,16,1
2,Payment,1772075944.380486,10809,1,1
1,NewOrder,1772075944.380789,7330,8,1
2,Payment,1772075944.381007,22548,17,1
2,Payment,1772075944.381339,26655,9,1
5,StockLevel,1772075944.382666,1883,4,1
1,NewOrder,1772075944.383057,11322,15,1
2,Payment,1772075944.384575,8196,4,1
2,Payment,1772075944.384700,9309,23,1
2,Payment,1772075944.384933,15825,11,1
1,NewOrder,1772075944.385156,26145,18,1
2,Payment,1772075944.385850,21108,14,1
1,NewOrder,1772075944.386127,11187,5,1
2,Payment,1772075944.386588,19922,7,1
1,NewOrder,1772075944.387265,13158,21,1
2,Payment,1772075944.388137,25645,8,1
1,NewOrder,1772075944.388209,15298,2,1
3,OrderStatus,1772075944.388523,9089,13,1
2,Payment,1772075944.388706,23017,6,1
1,NewOrder,1772075944.388945,14737,19,1
2,Payment,1772075944.391300,10177,1,1
1,NewOrder,1772075944.392779,21757,4,1
1,NewOrder,1772075944.393183,9623,0,1
5,StockLevel,1772075944.393220,13223,10,1
1,NewOrder,1772075944.394019,18933,23,1
1,NewOrder,1772075944.394405,31034,15,1
2,Payment,1772075944.395402,16389,12,1
2,Payment,1772075944.397041,6776,3,1
2,Payment,1772075944.397339,9651,5,1
2,Payment,1772075944.397630,10637,13,1
1,NewOrder,1772075944.400433,33299,21,1
1,NewOrder,1772075944.400766,19612,11,1
1,NewOrder,1772075944.400945,16745,22,1
2,Payment,1772075944.401087,22780,16,1
1,NewOrder,1772075944.401503,38709,1,1
3,OrderStatus,1772075944.402817,4746,0,1
2,Payment,1772075944.403513,6208,2,1
1,NewOrder,1772075944.403561,23814,17,1
1,NewOrder,1772075944.403692,11940,19,1
2,Payment,1772075944.403827,9572,3,1
1,NewOrder,1772075944.406471,22240,10,1
2,Payment,1772075944.406534,19444,7,1
2,Payment,1772075944.406969,13855,14,1
1,NewOrder,1772075944.406996,30642,5,1
1,NewOrder,1772075944.407573,23995,0,1
1,NewOrder,1772075944.408005,21172,9,1
1,NewOrder,1772075944.408278,27408,13,1
1,NewOrder,1772075944.409737,24293,2,1
1,NewOrder,1772075944.411327,39435,18,1
2,Payment,1772075944.411739,7282,6,1
2,Payment,1772075944.411813,10640,12,1
1,NewOrder,1772075944.412979,25046,23,1
2,Payment,1772075944.413415,7359,3,1
1,NewOrder,1772075944.413808,30982,8,1
2,Payment,1772075944.414550,8401,4,1
1,NewOrder,1772075944.415636,30871,19,1
1,NewOrder,1772075944.417281,34931,20,1
1,NewOrder,1772075944.417709,24306,22,1
1,NewOrder,1772075944.419047,25825,6,1
2,Payment,1772075944.420387,10437,11,1
5,StockLevel,1772075944.420786,16672,3,1
1,NewOrder,1772075944.420849,21606,14,1
1,NewOrder,1772075944.422476,33707,12,1
1,NewOrder,1772075944.422976,19456,4,1
2,Payment,1772075944.423877,4450,16,1
2,Payment,1772075944.425450,7297,15,1
1,NewOrder,1772075944.425989,30555,7,1
1,NewOrder,1772075944.427381,17083,17,1
1,NewOrder,1772075944.428338,20642,16,1
2,Payment,1772075944.428721,6889,10,1
1,NewOrder,1772075944.429187,36676,9,1
2,Payment,1772075944.430850,7427,11,1
3,OrderStatus,1772075944.431594,8004,0,1
1,NewOrder,1772075944.432773,37723,15,1
1,NewOrder,1772075944.433743,28709,21,1
2,Payment,1772075944.434040,5887,2,1
1,NewOrder,1772075944.435635,30249,10,1
1,NewOrder,1772075944.435710,26278,13,1
2,Payment,1772075944.437480,6413,3,1
1,NewOrder,1772075944.437664,16809,5,1
4,Delivery,1772075944.438031,61507,23,1
2,Payment,1772075944.438287,10842,11,1
2,Payment,1772075944.439621,10397,0,1
2,Payment,1772075944.439945,11428,2,1
2,Payment,1772075944.440222,8283,1,1
1,NewOrder,1772075944.442025,11876,22,1
1,NewOrder,1772075944.442439,23277,4,1
2,Payment,1772075944.442460,3633,14,1
1,NewOrder,1772075944.443920,35758,3,1
2,Payment,1772075944.444470,11794,17,1
2,Payment,1772075944.444799,7335,8,1
1,NewOrder,1772075944.444883,13429,6,1
1,NewOrder,1772075944.446098,27386,14,1
2,Payment,1772075944.446522,9309,19,1
1,NewOrder,1772075944.448527,26089,1,1
4,Delivery,1772075944.448990,39099,16,1
2,Payment,1772075944.449135,7039,11,1
5,StockLevel,1772075944.450029,15371,0,1
1,NewOrder,1772075944.450767,31048,18,1
2,Payment,1772075944.451379,7093,2,1
2,Payment,1772075944.452150,5647,8,1
2,Payment,1772075944.452224,6383,20,1
2,Payment,1772075944.453916,6011,22,1
2,Payment,1772075944.454479,5801,5,1
1,NewOrder,1772075944.455842,23785,19,1
2,Payment,1772075944.456183,9087,11,1
2,Payment,1772075944.456193,6195,12,1
1,NewOrder,1772075944.456275,21887,17,1
2,Payment,1772075944.456552,12968,7,1
1,NewOrder,1772075944.457802,40589,8,1
2,Payment,1772075944.458338,12556,6,1
2,Payment,1772075944.458496,4114,2,1
1,NewOrder,1772075944.458632,35414,20,1
1,NewOrder,1772075944.459943,36512,22,1
1,NewOrder,1772075944.460290,22019,5,1
2,Payment,1772075944.462014,7850,13,1
2,Payment,1772075944.462398,11807,12,1
5,StockLevel,1772075944.462457,22977,21,1
2,Payment,1772075944.462620,16965,2,1
4,Delivery,1772075944.465282,96084,11,1
1,NewOrder,1772075944.465406,12441,0,1
1,NewOrder,1772075944.465723,32210,4,1
1,NewOrder,1772075944.465889,52773,9,1
5,StockLevel,1772075944.465911,26953,10,1
2,Payment,1772075944.469537,10466,7,1
1,NewOrder,1772075944.469885,33066,13,1
2,Payment,1772075944.470507,7462,15,1
2,Payment,1772075944.470903,6250,6,1
1,NewOrder,1772075944.473496,14718,14,1
2,Payment,1772075944.474230,8117,12,1
1,NewOrder,1772075944.474642,13490,1,1
1,NewOrder,1772075944.477170,24304,6,1
1,NewOrder,1772075944.477874,14775,0,1
2,Payment,1772075944.477984,13148,15,1
2,Payment,1772075944.478178,6028,17,1
2,Payment,1772075944.479601,12425,2,1
1,NewOrder,1772075944.479653,41686,19,1
4,Delivery,1772075944.479705,15717,3,1
2,Payment,1772075944.480020,7488,7,1
2,Payment,1772075944.481837,8952,18,1
2,Payment,1772075944.482315,11220,5,1
2,Payment,1772075944.482356,5757,12,1
1,NewOrder,1772075944.484218,8727,17,1
2,Payment,1772075944.485445,8633,21,1
2,Payment,1772075944.487518,8256,7,1
2,Payment,1772075944.488114,7993,16,1
2,Payment,1772075944.488129,11763,12,1
1,NewOrder,1772075944.488158,11762,1,1
2,Payment,1772075944.488239,19523,14,1
2,Payment,1772075944.490799,8035,18,1
2,Payment,1772075944.491143,14593,15,1
2,Payment,1772075944.492052,9379,2,1
1,NewOrder,1772075944.492659,22530,0,1
2,Payment,1772075944.492871,7678,10,1
1,NewOrder,1772075944.492952,14469,17,1
3,OrderStatus,1772075944.493560,3646,5,1
2,Payment,1772075944.494051,6909,20,1
2,Payment,1772075944.494082,9136,21,1
4,Delivery,1772075944.495430,31850,3,1
2,Payment,1772075944.495784,8430,7,1
2,Payment,1772075944.496118,16653,16,1
5,StockLevel,1772075944.496465,15569,22,1
1,NewOrder,1772075944.497217,16726,5,1
2,Payment,1772075944.497949,9214,4,1
2,Payment,1772075944.498401,8256,8,1
2,Payment,1772075944.498841,6248,18,1
2,Payment,1772075944.499563,9858,23,1
2,Payment,1772075944.499917,16051,12,1
2,Payment,1772075944.499946,14600,1,1
1,NewOrder,1772075944.500559,34604,10,1
1,NewOrder,1772075944.500987,32278,20,1
2,Payment,1772075944.501456,11663,2,1
2,Payment,1772075944.501489,11893,6,1
2,Payment,1772075944.502961,21193,13,1
1,NewOrder,1772075944.503223,21449,21,1
2,Payment,1772075944.504224,7069,7,1
1,NewOrder,1772075944.505127,23391,18,1
2,Payment,1772075944.505757,19637,15,1
5,StockLevel,1772075944.506667,11487,8,1
2,Payment,1772075944.507175,14584,4,1
5,StockLevel,1772075944.507448,13275,17,1
1,NewOrder,1772075944.507778,15112,14,1
1,NewOrder,1772075944.509445,23424,23,1
2,Payment,1772075944.511325,6692,7,1
1,NewOrder,1772075944.512043,28399,22,1
2,Payment,1772075944.512796,14887,16,1
2,Payment,1772075944.513136,11373,2,1
1,NewOrder,1772075944.513396,14532,6,1
2,Payment,1772075944.513973,15970,5,1
2,Payment,1772075944.514560,13263,1,1
1,NewOrder,1772075944.515195,20441,0,1
5,StockLevel,1772075944.515974,22196,12,1
5,StockLevel,1772075944.518053,20185,7,1
2,Payment,1772075944.518165,6664,8,1
3,OrderStatus,1772075944.518688,8774,9,1
1,NewOrder,1772075944.520733,18591,17,1
2,Payment,1772075944.521362,11668,19,1
2,Payment,1772075944.521764,10379,4,1
1,NewOrder,1772075944.522914,29471,14,1
4,Delivery,1772075944.524163,19951,13,1
2,Payment,1772075944.524513,11692,2,1
2,Payment,1772075944.524681,9659,21,1
2,Payment,1772075944.524840,3709,8,1
1,NewOrder,1772075944.525427,17063,15,1
5,StockLevel,1772075944.527290,11117,3,1
2,Payment,1772075944.527488,13604,9,1
1,NewOrder,1772075944.527701,14445,16,1
2,Payment,1772075944.527848,10810,1,1
1,NewOrder,1772075944.527941,26603,6,1
1,NewOrder,1772075944.528529,35201,18,1
1,NewOrder,1772075944.528555,26369,8,1
1,NewOrder,1772075944.529966,20870,5,1
2,Payment,1772075944.532148,14707,4,1
2,Payment,1772075944.532880,16339,23,1
2,Payment,1772075944.533035,14345,19,1
1,NewOrder,1772075944.533276,32835,20,1
1,NewOrder,1772075944.534366,24705,21,1
1,NewOrder,1772075944.535173,21346,10,1
2,Payment,1772075944.535642,6900,0,1
2,Payment,1772075944.536216,12172,2,1
1,NewOrder,1772075944.538181,31649,12,1
4,Delivery,1772075944.538261,23660,7,1
1,NewOrder,1772075944.538434,28384,3,1
1,NewOrder,1772075944.538683,28383,1,1
1,NewOrder,1772075944.539329,27071,17,1
2,Payment,1772075944.540448,18891,22,1
1,NewOrder,1772075944.541136,25626,9,1
2,Payment,1772075944.542155,7152,16,1
1,NewOrder,1772075944.542495,18267,15,1
1,NewOrder,1772075944.542545,27720,0,1
1,NewOrder,1772075944.544131,35101,13,1
4,Delivery,1772075944.546881,46002,4,1
2,Payment,1772075944.547383,9839,19,1
1,NewOrder,1772075944.548414,25850,2,1
2,Payment,1772075944.549228,13483,23,1
5,StockLevel,1772075944.549318,13706,16,1
3,OrderStatus,1772075944.550862,8733,5,1
1,NewOrder,1772075944.552410,21177,14,1
5,StockLevel,1772075944.554555,12953,6,1
3,OrderStatus,1772075944.554935,8068,8,1
2,Payment,1772075944.556545,6899,10,1
1,NewOrder,1772075944.557248,34833,19,1
2,Payment,1772075944.559081,9697,21,1
1,NewOrder,1772075944.559364,20776,22,1
1,NewOrder,1772075944.559612,19822,5,1
1,NewOrder,1772075944.560787,30634,15,1
1,NewOrder,1772075944.561378,36519,11,1
2,Payment,1772075944.561939,5868,7,1
2,Payment,1772075944.562737,15823,23,1
1,NewOrder,1772075944.563014,24094,8,1
2,Payment,1772075944.563034,11329,16,1
1,NewOrder,1772075944.563454,34714,10,1
1,NewOrder,1772075944.563735,31876,18,1
2,Payment,1772075944.566131,14545,20,1
1,NewOrder,1772075944.566409,30983,17,1
1,NewOrder,1772075944.566772,31064,9,1
2,Payment,1772075944.566828,9601,3,1
1,NewOrder,1772075944.567073,24979,1,1
1,NewOrder,1772075944.567512,10168,6,1
1,NewOrder,1772075944.567813,47398,7,1
2,Payment,1772075944.568788,14681,21,1
2,Payment,1772075944.569835,8420,12,1
1,NewOrder,1772075944.570275,13157,0,1
4,Delivery,1772075944.573613,25340,14,1
1,NewOrder,1772075944.574270,15257,2,1
2,Payment,1772075944.574374,8410,16,1
2,Payment,1772075944.576438,5793,3,1
2,Payment,1772075944.577694,6632,6,1
1,NewOrder,1772075944.578259,40374,12,1
1,NewOrder,1772075944.578566,39604,23,1
2,Payment,1772075944.579258,13599,13,1
1,NewOrder,1772075944.579445,42332,5,1
2,Payment,1772075944.580147,7502,22,1
2,Payment,1772075944.580700,8302,20,1
1,NewOrder,1772075944.582244,18094,3,1
2,Payment,1772075944.582807,14146,16,1
2,Payment,1772075944.583446,10049,0,1
1,NewOrder,1772075944.583488,33227,21,1
1,NewOrder,1772075944.584329,18230,6,1
1,NewOrder,1772075944.587118,27996,8,1
3,OrderStatus,1772075944.587658,15286,22,1
2,Payment,1772075944.589027,4432,20,1
1,NewOrder,1772075944.589549,41027,2,1
5,StockLevel,1772075944.591430,7138,15,1
1,NewOrder,1772075944.592078,16510,1,1
2,Payment,1772075944.592115,5354,19,1
1,NewOrder,1772075944.592866,47764,13,1
2,Payment,1772075944.592889,9979,4,1
1,NewOrder,1772075944.593462,45844,20,1
1,NewOrder,1772075944.593503,23532,0,1
2,Payment,1772075944.595628,12038,18,1
1,NewOrder,1772075944.596964,35387,16,1
1,NewOrder,1772075944.597416,36981,17,1
1,NewOrder,1772075944.597494,23335,19,1
2,Payment,1772075944.597851,11092,9,1
1,NewOrder,1772075944.597923,36239,11,1
1,NewOrder,1772075944.598177,35840,10,1
2,Payment,1772075944.598581,4298,15,1
2,Payment,1772075944.598956,2046,14,1
1,NewOrder,1772075944.600344,13744,3,1
2,Payment,1772075944.601011,3226,14,1
5,StockLevel,1772075944.602587,23086,6,1
1,NewOrder,1772075944.602878,35460,4,1
1,NewOrder,1772075944.602886,8312,15,1
1,NewOrder,1772075944.602955,34908,22,1
1,NewOrder,1772075944.604242,11120,14,1
1,NewOrder,1772075944.607671,28153,18,1
4,Delivery,1772075944.608614,7439,1,1
2,Payment,1772075944.608969,3171,9,1
1,NewOrder,1772075944.611213,11603,15,1
2,Payment,1772075944.612156,6805,9,1
1,NewOrder,1772075944.614097,9659,3,1
1,NewOrder,1772075944.615140,37683,8,1
1,NewOrder,1772075944.615233,25717,7,1
2,Payment,1772075944.615375,3562,14,1
3,OrderStatus,1772075944.616058,2262,1,1
2,Payment,1772075944.616734,16932,21,1
2,Payment,1772075944.617044,6093,0,1
1,NewOrder,1772075944.618187,23283,23,1
4,Delivery,1772075944.618323,7867,1,1
2,Payment,1772075944.618643,12668,12,1
3,OrderStatus,1772075944.618942,1941,14,1
1,NewOrder,1772075944.618966,16583,9,1
1,NewOrder,1772075944.620854,28927,19,1
2,Payment,1772075944.620906,13241,14,1
1,NewOrder,1772075944.621784,39075,5,1
1,NewOrder,1772075944.622842,5855,15,1
1,NewOrder,1772075944.623154,27140,0,1
1,NewOrder,1772075944.623767,12751,3,1
1,NewOrder,1772075944.625684,34170,6,1
2,Payment,1772075944.626201,2189,1,1
1,NewOrder,1772075944.628396,6642,1,1
2,Payment,1772075944.628705,8684,15,1
2,Payment,1772075944.630586,8368,2,1
1,NewOrder,1772075944.631319,21483,12,1
1,NewOrder,1772075944.632376,19385,16,1
2,Payment,1772075944.633693,8121,21,1
1,NewOrder,1772075944.634032,24775,10,1
2,Payment,1772075944.634157,5154,14,1
1,NewOrder,1772075944.634175,32271,11,1
1,NewOrder,1772075944.634404,26942,17,1
2,Payment,1772075944.635042,5203,1,1
1,NewOrder,1772075944.635560,25390,9,1
2,Payment,1772075944.635831,10321,18,1
2,Payment,1772075944.636544,7979,3,1
1,NewOrder,1772075944.637413,19753,15,1
2,Payment,1772075944.637888,17698,22,1
1,NewOrder,1772075944.638349,30484,4,1
2,Payment,1772075944.638964,4126,2,1
1,NewOrder,1772075944.639310,16876,20,1
2,Payment,1772075944.639319,4397,14,1
1,NewOrder,1772075944.640256,24770,1,1
2,Payment,1772075944.640640,4268,13,1
2,Payment,1772075944.640955,1340,7,1
2,Payment,1772075944.641480,19351,23,1
2,Payment,1772075944.641834,17682,21,1
1,NewOrder,1772075944.642308,18225,7,1
2,Payment,1772075944.643106,12953,2,1
1,NewOrder,1772075944.643726,23771,14,1
2,Payment,1772075944.644531,7780,3,1
2,Payment,1772075944.644934,7821,13,1
1,NewOrder,1772075944.646159,60336,18,1
1,NewOrder,1772075944.649807,21747,19,1
2,Payment,1772075944.650304,9623,0,1
1,NewOrder,1772075944.651771,38171,16,1
1,NewOrder,1772075944.652337,23124,3,1
1,NewOrder,1772075944.652759,17882,13,1
5,StockLevel,1772075944.652811,14871,12,1
1,NewOrder,1772075944.652829,27951,8,1
2,Payment,1772075944.655613,15855,22,1
2,Payment,1772075944.656085,7390,2,1
1,NewOrder,1772075944.656211,40313,20,1
2,Payment,1772075944.657182,5861,15,1
1,NewOrder,1772075944.658819,71855,10,1
1,NewOrder,1772075944.659541,39991,21,1
2,Payment,1772075944.659866,6946,6,1
1,NewOrder,1772075944.659934,51520,0,1
1,NewOrder,1772075944.660538,18220,7,1
2,Payment,1772075944.660841,14598,23,1
2,Payment,1772075944.660868,6031,5,1
2,Payment,1772075944.660961,10548,9,1
1,NewOrder,1772075944.661373,13605,17,1
1,NewOrder,1772075944.663058,16518,15,1
1,NewOrder,1772075944.663501,38753,2,1
1,NewOrder,1772075944.665039,18774,1,1
4,Delivery,1772075944.666456,26594,11,1
1,NewOrder,1772075944.666819,20958,6,1
3,OrderStatus,1772075944.666903,17236,5,1
5,StockLevel,1772075944.667500,11895,14,1
1,NewOrder,1772075944.667692,26051,12,1
2,Payment,1772075944.668846,9535,4,1
1,NewOrder,1772075944.670646,15223,13,1
4,Delivery,1772075944.671493,67320,22,1
1,NewOrder,1772075944.671540,34738,9,1
1,NewOrder,1772075944.671579,29999,19,1
1,NewOrder,1772075944.675000,12166,17,1
2,Payment,1772075944.675463,9547,23,1
4,Delivery,1772075944.675485,44693,3,1
1,NewOrder,1772075944.678391,34434,4,1
1,NewOrder,1772075944.678772,37369,7,1
2,Payment,1772075944.679422,4983,14,1
4,Delivery,1772075944.679601,13063,15,1
1,NewOrder,1772075944.680791,25793,8,1
2,Payment,1772075944.683839,2972,1,1
5,StockLevel,1772075944.684146,35746,5,1
1,NewOrder,1772075944.684415,7753,14,1
1,NewOrder,1772075944.685035,33927,23,1
2,Payment,1772075944.685879,4563,13,1
4,Delivery,1772075944.686821,33575,1,1
2,Payment,1772075944.687172,10344,17,1
2,Payment,1772075944.687803,10117,6,1
2,Payment,1772075944.689967,12119,16,1
1,NewOrder,1772075944.690467,17480,13,1
1,NewOrder,1772075944.692176,5141,14,1
2,Payment,1772075944.692674,15338,15,1
1,NewOrder,1772075944.693057,11271,11,1
4,Delivery,1772075944.693753,14802,12,1
1,NewOrder,1772075944.696529,29525,20,1
2,Payment,1772075944.697320,12217,14,1
4,Delivery,1772075944.697523,11289,17,1
2,Payment,1772075944.697930,4088,6,1
1,NewOrder,1772075944.699558,31137,21,1
1,NewOrder,1772075944.701587,19003,19,1
1,NewOrder,1772075944.702044,34390,6,1
5,StockLevel,1772075944.702112,13779,16,1
5,StockLevel,1772075944.702258,27985,2,1
2,Payment,1772075944.704338,11027,11,1
1,NewOrder,1772075944.706302,24432,9,1
2,Payment,1772075944.706521,5705,18,1
2,Payment,1772075944.706610,10063,8,1
2,Payment,1772075944.707971,5167,13,1
4,Delivery,1772075944.708023,2874,15,1
1,NewOrder,1772075944.708563,30853,12,1
1,NewOrder,1772075944.708821,14141,17,1
1,NewOrder,1772075944.709547,23073,14,1
1,NewOrder,1772075944.710904,26128,15,1
1,NewOrder,1772075944.711464,29390,0,1
1,NewOrder,1772075944.712231,24773,18,1
1,NewOrder,1772075944.712829,33953,4,1
1,NewOrder,1772075944.713146,54753,13,1
2,Payment,1772075944.715371,6914,11,1
1,NewOrder,1772075944.715902,21915,16,1
2,Payment,1772075944.716152,7568,7,1
2,Payment,1772075944.716679,13605,8,1
1,NewOrder,1772075944.718968,27095,23,1
2,Payment,1772075944.719904,8108,5,1
1,NewOrder,1772075944.720183,34938,3,1
1,NewOrder,1772075944.720404,13142,1,1
1,NewOrder,1772075944.720596,22756,19,1
3,OrderStatus,1772075944.722292,6535,11,1
1,NewOrder,1772075944.722970,17133,17,1
3,OrderStatus,1772075944.723730,6722,7,1
2,Payment,1772075944.726062,9306,20,1
2,Payment,1772075944.728018,7335,5,1
2,Payment,1772075944.728837,5959,11,1
4,Delivery,1772075944.730254,39841,2,1
1,NewOrder,1772075944.730292,34343,8,1
2,Payment,1772075944.730458,18157,7,1
2,Payment,1772075944.730685,10869,10,1
1,NewOrder,1772075944.730700,45075,21,1
2,Payment,1772075944.730738,13012,9,1
1,NewOrder,1772075944.732628,20079,14,1
2,Payment,1772075944.733572,4502,1,1
2,Payment,1772075944.734822,10512,11,1
2,Payment,1772075944.735381,5815,5,1
1,NewOrder,1772075944.735387,18745,20,1
3,OrderStatus,1772075944.736460,3492,6,1
4,Delivery,1772075944.737021,1970,18,1
2,Payment,1772075944.737049,6663,15,1
2,Payment,1772075944.737842,9401,16,1
3,OrderStatus,1772075944.738090,4384,1,1
1,NewOrder,1772075944.738819,29488,22,1
3,OrderStatus,1772075944.738997,3585,18,1
1,NewOrder,1772075944.739427,28570,12,1
2,Payment,1772075944.739967,7251,6,1
4,Delivery,1772075944.740118,46963,17,1
2,Payment,1772075944.740881,8881,0,1
1,NewOrder,1772075944.741221,26728,5,1
1,NewOrder,1772075944.741567,33063,10,1
2,Payment,1772075944.742485,9147,1,1
2,Payment,1772075944.742608,11141,18,1
4,Delivery,1772075944.743360,24151,19,1
1,NewOrder,1772075944.743723,21011,15,1
1,NewOrder,1772075944.743768,25226,9,1
1,NewOrder,1772075944.745343,23271,11,1
1,NewOrder,1772075944.746070,24464,23,1
1,NewOrder,1772075944.746807,35401,4,1
1,NewOrder,1772075944.747222,20748,6,1
2,Payment,1772075944.747252,6849,16,1
5,StockLevel,1772075944.748628,14075,7,1
2,Payment,1772075944.749774,13689,0,1
2,Payment,1772075944.751648,13681,1,1
2,Payment,1772075944.752717,6832,14,1
2,Payment,1772075944.753756,10926,18,1
1,NewOrder,1772075944.754107,21296,16,1
1,NewOrder,1772075944.754142,28067,20,1
1,NewOrder,1772075944.755147,28148,3,1
1,NewOrder,1772075944.759559,22385,14,1
1,NewOrder,1772075944.762714,38236,7,1
1,NewOrder,1772075944.763468,13966,0,1
1,NewOrder,1772075944.764655,30243,8,1
1,NewOrder,1772075944.764702,49870,18,1
3,OrderStatus,1772075944.764760,6778,15,1
2,Payment,1772075944.765340,3603,1,1
1,NewOrder,1772075944.767521,36597,19,1
1,NewOrder,1772075944.767910,32458,13,1
1,NewOrder,1772075944.767958,39800,5,1
1,NewOrder,1772075944.767978,23952,6,1
1,NewOrder,1772075944.768002,32894,12,1
2,Payment,1772075944.768317,16630,22,1
2,Payment,1772075944.768628,8494,11,1
1,NewOrder,1772075944.768954,36065,1,1
2,Payment,1772075944.769000,9711,9,1
2,Payment,1772075944.770107,4976,2,1
1,NewOrder,1772075944.770560,29848,23,1
1,NewOrder,1772075944.771543,43777,15,1
2,Payment,1772075944.774639,10646,10,1
1,NewOrder,1772075944.775094,17244,2,1
1,NewOrder,1772075944.775407,20042,16,1
1,NewOrder,1772075944.775788,28970,21,1
4,Delivery,1772075944.777132,56816,11,1
1,NewOrder,1772075944.777439,39382,0,1
2,Payment,1772075944.778724,8698,9,1
5,StockLevel,1772075944.781954,7504,14,1
2,Payment,1772075944.782221,9215,20,1
1,NewOrder,1772075944.782222,33858,4,1
4,Delivery,1772075944.783304,35656,3,1
2,Payment,1772075944.784957,20085,22,1
2,Payment,1772075944.785290,6988,10,1
2,Payment,1772075944.787091,5227,17,1
1,NewOrder,1772075944.787428,25066,9,1
2,Payment,1772075944.789464,6329,14,1
5,StockLevel,1772075944.791444,29706,20,1
5,StockLevel,1772075944.791934,16071,6,1
1,NewOrder,1772075944.792284,15024,10,1
1,NewOrder,1772075944.792328,11459,17,1
1,NewOrder,1772075944.792341,6942,2,1
1,NewOrder,1772075944.794904,20836,8,1
2,Payment,1772075944.795456,3166,16,1
2,Payment,1772075944.795797,5222,14,1
2,Payment,1772075944.798627,4278,16,1
2,Payment,1772075944.799287,2838,2,1
1,NewOrder,1772075944.800378,16393,13,1
2,Payment,1772075944.800417,11694,23,1
1,NewOrder,1772075944.800906,17989,12,1
1,NewOrder,1772075944.800956,51312,7,1
3,OrderStatus,1772075944.801024,879,14,1
2,Payment,1772075944.801909,2789,14,1
4,Delivery,1772075944.802131,17087,2,1
2,Payment,1772075944.802911,4445,16,1
2,Payment,1772075944.803798,5398,17,1
2,Payment,1772075944.804124,16073,19,1
2,Payment,1772075944.804704,5964,14,1
1,NewOrder,1772075944.804764,33140,21,1
1,NewOrder,1772075944.805030,46149,1,1
1,NewOrder,1772075944.805049,42886,22,1
1,NewOrder,1772075944.807313,33231,10,1
2,Payment,1772075944.807361,6850,16,1
3,OrderStatus,1772075944.807766,4156,5,1
2,Payment,1772075944.808015,5719,6,1
2,Payment,1772075944.809205,3854,17,1
1,NewOrder,1772075944.810673,31638,14,1
2,Payment,1772075944.811929,15249,5,1
1,NewOrder,1772075944.812119,51785,23,1
1,NewOrder,1772075944.812501,45653,9,1
1,NewOrder,1772075944.813065,38486,17,1
2,Payment,1772075944.813742,5183,6,1
2,Payment,1772075944.814217,4211,16,1
1,NewOrder,1772075944.814576,42813,18,1
1,NewOrder,1772075944.815326,13514,15,1
1,NewOrder,1772075944.815750,18225,8,1
1,NewOrder,1772075944.816090,16308,4,1
4,Delivery,1772075944.816776,10043,13,1
1,NewOrder,1772075944.816827,44668,0,1
2,Payment,1772075944.818430,9795,16,1
2,Payment,1772075944.818901,11119,12,1
1,NewOrder,1772075944.818931,41032,6,1
1,NewOrder,1772075944.818967,26114,3,1
1,NewOrder,1772075944.819225,25082,2,1
2,Payment,1772075944.820201,11197,19,1
1,NewOrder,1772075944.821154,17320,20,1
1,NewOrder,1772075944.826825,17903,13,1
2,Payment,1772075944.827184,3840,5,1
1,NewOrder,1772075944.828240,39436,16,1
2,Payment,1772075944.828865,4415,15,1
1,NewOrder,1772075944.830025,39980,12,1
2,Payment,1772075944.831027,7513,5,1
2,Payment,1772075944.831409,3370,19,1
2,Payment,1772075944.832413,9512,4,1
2,Payment,1772075944.833290,5198,15,1
1,NewOrder,1772075944.833965,14585,11,1
2,Payment,1772075944.833991,4517,8,1
2,Payment,1772075944.834784,5995,19,1
1,NewOrder,1772075944.837910,34790,21,1
2,Payment,1772075944.838500,6162,20,1
2,Payment,1772075944.838507,2524,15,1
1,NewOrder,1772075944.838521,17815,8,1
1,NewOrder,1772075944.838556,30954,5,1
5,StockLevel,1772075944.840570,20652,10,1
1,NewOrder,1772075944.840797,52988,19,1
2,Payment,1772075944.841036,4598,15,1
1,NewOrder,1772075944.841935,12600,4,1
1,NewOrder,1772075944.842319,37968,14,1
1,NewOrder,1772075944.844312,19206,2,1
1,NewOrder,1772075944.844672,21470,20,1
1,NewOrder,1772075944.844754,19293,13,1
2,Payment,1772075944.845133,12970,3,1
1,NewOrder,1772075944.845647,14280,15,1
2,Payment,1772075944.847956,11565,22,1
2,Payment,1772075944.848575,4733,11,1
1,NewOrder,1772075944.851184,21075,1,1
1,NewOrder,1772075944.851576,20316,17,1
1,NewOrder,1772075944.852277,17720,7,1
3,OrderStatus,1772075944.853314,4293,11,1
2,Payment,1772075944.854547,6094,4,1
3,OrderStatus,1772075944.856345,5935,8,1
1,NewOrder,1772075944.857400,14801,18,1
2,Payment,1772075944.857617,6999,11,1
2,Payment,1772075944.858107,8513,3,1
2,Payment,1772075944.858170,11265,9,1
2,Payment,1772075944.859531,5460,22,1
1,NewOrder,1772075944.859937,36010,15,1
1,NewOrder,1772075944.859974,36882,6,1
2,Payment,1772075944.860653,7603,4,1
2,Payment,1772075944.861232,16176,10,1
1,NewOrder,1772075944.861506,16310,0,1
2,Payment,1772075944.862289,16569,8,1
1,NewOrder,1772075944.863526,20674,2,1
5,StockLevel,1772075944.863910,10126,23,1
3,OrderStatus,1772075944.864059,5131,13,1
1,NewOrder,1772075944.864629,25575,11,1
1,NewOrder,1772075944.865002,31482,22,1
2,Payment,1772075944.866167,7387,20,1
1,NewOrder,1772075944.866638,34780,3,1
2,Payment,1772075944.867687,4543,16,1
1,NewOrder,1772075944.868283,22261,4,1
1,NewOrder,1772075944.869201,43712,13,1
1,NewOrder,1772075944.869451,49440,9,1
2,Payment,1772075944.869525,14132,5,1
1,NewOrder,1772075944.870004,8547,7,1
2,Payment,1772075944.870017,7854,12,1
1,NewOrder,1772075944.871903,38418,17,1
4,Delivery,1772075944.872212,15290,18,1
1,NewOrder,1772075944.872235,19496,16,1
2,Payment,1772075944.872269,13799,1,1
2,Payment,1772075944.872721,5461,21,1
1,NewOrder,1772075944.873564,24379,20,1
2,Payment,1772075944.874047,6825,23,1
1,NewOrder,1772075944.877419,25952,10,1
2,Payment,1772075944.877824,10422,0,1
1,NewOrder,1772075944.877875,16210,12,1
1,NewOrder,1772075944.878198,30080,21,1
1,NewOrder,1772075944.878577,24314,7,1
2,Payment,1772075944.878876,7577,8,1
2,Payment,1772075944.880313,9265,14,1
2,Payment,1772075944.880877,3945,23,1
3,OrderStatus,1772075944.883673,6901,5,1
5,StockLevel,1772075944.884210,13362,2,1
2,Payment,1772075944.884839,7817,23,1
3,OrderStatus,1772075944.886092,5908,1,1
1,NewOrder,1772075944.886479,24191,8,1
1,NewOrder,1772075944.887507,17613,18,1
1,NewOrder,1772075944.888274,15231,0,1
2,Payment,1772075944.889603,10119,14,1
1,NewOrder,1772075944.890208,17503,11,1
2,Payment,1772075944.890558,5079,4,1
1,NewOrder,1772075944.890585,32800,5,1
2,Payment,1772075944.891747,11964,16,1
2,Payment,1772075944.892011,6226,1,1
2,Payment,1772075944.892666,5761,23,1
1,NewOrder,1772075944.893788,27408,19,1
2,Payment,1772075944.894095,11368,12,1
2,Payment,1772075944.895653,8165,4,1
1,NewOrder,1772075944.895961,24858,15,1
1,NewOrder,1772075944.896502,18830,22,1
1,NewOrder,1772075944.896876,21667,6,1
1,NewOrder,1772075944.897583,20579,2,1
2,Payment,1772075944.897952,7719,20,1
2,Payment,1772075944.898248,10683,1,1
1,NewOrder,1772075944.898451,19996,23,1
2,Payment,1772075944.899748,11030,14,1
1,NewOrder,1772075944.901428,28128,3,1
2,Payment,1772075944.902916,6055,7,1
2,Payment,1772075944.903385,9436,10,1
2,Payment,1772075944.903531,11455,0,1
2,Payment,1772075944.903735,15265,16,1
2,Payment,1772075944.903845,9288,4,1
2,Payment,1772075944.905126,7087,18,1
2,Payment,1772075944.905467,9116,12,1
1,NewOrder,1772075944.905674,20291,20,1
5,StockLevel,1772075944.907729,15513,11,1
2,Payment,1772075944.908288,9692,21,1
2,Payment,1772075944.908942,9007,1,1
2,Payment,1772075944.908976,8582,7,1
4,Delivery,1772075944.910341,50737,17,1
1,NewOrder,1772075944.910686,18831,8,1
1,NewOrder,1772075944.910803,46432,14,1
2,Payment,1772075944.912223,8926,18,1
2,Payment,1772075944.912845,12030,10,1
5,StockLevel,1772075944.912938,18861,13,1
5,StockLevel,1772075944.913150,20447,4,1
2,Payment,1772075944.914589,10818,12,1
3,OrderStatus,1772075944.915012,3478,0,1
1,NewOrder,1772075944.915357,21256,22,1
2,Payment,1772075944.917568,8691,7,1
1,NewOrder,1772075944.917959,20654,1,1
2,Payment,1772075944.917985,6776,21,1
2,Payment,1772075944.918190,3386,2,1
4,Delivery,1772075944.918455,40724,23,1
2,Payment,1772075944.918502,5728,0,1
4,Delivery,1772075944.918547,28667,6,1
4,Delivery,1772075944.918905,27939,9,1
2,Payment,1772075944.919025,10056,16,1
1,NewOrder,1772075944.920829,21696,15,1
2,Payment,1772075944.921175,12010,18,1
1,NewOrder,1772075944.921208,11596,19,1
2,Payment,1772075944.921593,5637,2,1
3,OrderStatus,1772075944.923247,5258,11,1
2,Payment,1772075944.923396,6538,5,1
2,Payment,1772075944.924241,7665,0,1
2,Payment,1772075944.924789,11492,21,1
1,NewOrder,1772075944.924881,20603,10,1
1,NewOrder,1772075944.925417,45467,12,1
4,Delivery,1772075944.925975,33462,20,1
4,Delivery,1772075944.926269,20982,7,1
2,Payment,1772075944.927234,8265,2,1
1,NewOrder,1772075944.928519,10653,11,1
1,NewOrder,1772075944.929092,29821,16,1
2,Payment,1772075944.929528,4875,8,1
2,Payment,1772075944.929561,10864,3,1
2,Payment,1772075944.929937,9123,5,1
1,NewOrder,1772075944.931809,31327,13,1
1,NewOrder,1772075944.931917,51680,0,1
1,NewOrder,1772075944.932816,31029,19,1
2,Payment,1772075944.933192,10830,18,1
1,NewOrder,1772075944.933601,14608,4,1
2,Payment,1772075944.934428,5062,8,1
1,NewOrder,1772075944.935504,50430,2,1
4,Delivery,1772075944.936302,23237,21,1
5,StockLevel,1772075944.936627,9396,22,1
4,Delivery,1772075944.938633,14459,1,1
2,Payment,1772075944.939070,7242,5,1
1,NewOrder,1772075944.939183,8540,11,1
1,NewOrder,1772075944.939500,12934,8,1
2,Payment,1772075944.940431,8195,3,1
3,OrderStatus,1772075944.942548,3950,15,1
1,NewOrder,1772075944.944048,50960,18,1
1,NewOrder,1772075944.945494,16908,10,1
2,Payment,1772075944.946040,5611,22,1
1,NewOrder,1772075944.946323,39002,5,1
2,Payment,1772075944.946523,5500,15,1
2,Payment,1772075944.946864,7891,9,1
2,Payment,1772075944.947221,1750,6,1
1,NewOrder,1772075944.947270,45686,7,1
1,NewOrder,1772075944.947729,18791,11,1
1,NewOrder,1772075944.948219,14871,4,1
1,NewOrder,1772075944.948652,35977,3,1
2,Payment,1772075944.948977,7210,6,1
1,NewOrder,1772075944.951662,14422,22,1
2,Payment,1772075944.952042,7161,15,1
5,StockLevel,1772075944.952470,10461,8,1
2,Payment,1772075944.953098,6560,1,1
2,Payment,1772075944.954793,7919,9,1
2,Payment,1772075944.956197,8212,6,1
2,Payment,1772075944.957247,23345,14,1
1,NewOrder,1772075944.958923,44901,16,1
4,Delivery,1772075944.959190,72007,23,1
2,Payment,1772075944.959214,8680,15,1
1,NewOrder,1772075944.959444,24504,20,1
1,NewOrder,1772075944.959548,26376,21,1
1,NewOrder,1772075944.959664,13161,1,1
1,NewOrder,1772075944.961092,44538,17,1
2,Payment,1772075944.962407,6885,10,1
2,Payment,1772075944.962718,8884,9,1
3,OrderStatus,1772075944.962937,2741,8,1
1,NewOrder,1772075944.963101,42138,4,1
2,Payment,1772075944.963143,15777,13,1
1,NewOrder,1772075944.963855,40600,19,1
1,NewOrder,1772075944.964435,37531,6,1
2,Payment,1772075944.965688,7519,8,1
2,Payment,1772075944.966109,3140,22,1
4,Delivery,1772075944.966531,31552,11,1
2,Payment,1772075944.967902,14802,15,1
1,NewOrder,1772075944.969256,12581,22,1
2,Payment,1772075944.969303,10718,10,1
1,NewOrder,1772075944.970895,25415,12,1
2,Payment,1772075944.971608,11939,9,1
2,Payment,1772075944.972832,3769,1,1
1,NewOrder,1772075944.973232,12134,8,1
1,NewOrder,1772075944.976618,15057,1,1
2,Payment,1772075944.978930,12224,13,1
1,NewOrder,1772075944.980031,27127,10,1
3,OrderStatus,1772075944.980603,10942,14,1
1,NewOrder,1772075944.981845,13560,22,1
2,Payment,1772075944.982729,9895,15,1
1,NewOrder,1772075944.983552,33263,9,1
1,NewOrder,1772075944.983608,28242,0,1
2,Payment,1772075944.983953,4901,20,1
2,Payment,1772075944.984636,10803,3,1
1,NewOrder,1772075944.985334,33978,5,1
1,NewOrder,1772075944.985376,21263,8,1
1,NewOrder,1772075944.985936,24703,21,1
2,Payment,1772075944.985961,16388,2,1
1,NewOrder,1772075944.988879,28763,20,1
2,Payment,1772075944.991167,13033,13,1
2,Payment,1772075944.991565,18509,14,1
3,OrderStatus,1772075944.991692,1795,1,1
2,Payment,1772075944.992630,7234,15,1
1,NewOrder,1772075944.992962,26322,7,1
2,Payment,1772075944.993496,10643,1,1
2,Payment,1772075944.995019,7314,18,1
2,Payment,1772075944.995417,9524,22,1
1,NewOrder,1772075944.995446,33720,3,1
3,OrderStatus,1772075944.996316,2264,12,1
5,StockLevel,1772075944.998093,17319,11,1
1,NewOrder,1772075944.998586,29481,12,1
1,NewOrder,1772075944.999874,26509,15,1
1,NewOrder,1772075945.001976,21358,6,1
2,Payment,1772075945.002340,6414,18,1
1,NewOrder,1772075945.002358,22678,2,1
1,NewOrder,1772075945.003836,19525,16,1
2,Payment,1772075945.004150,10345,1,1
1,NewOrder,1772075945.004211,45432,13,1
1,NewOrder,1772075945.004460,26256,19,1
2,Payment,1772075945.004946,5646,22,1
2,Payment,1772075945.005248,6826,4,1
1,NewOrder,1772075945.005641,19369,17,1
2,Payment,1772075945.006650,8297,8,1
1,NewOrder,1772075945.007169,26011,10,1
2,Payment,1772075945.008764,14034,18,1
5,StockLevel,1772075945.010079,27626,14,1
1,NewOrder,1772075945.010603,27674,22,1
2,Payment,1772075945.010650,9800,21,1
2,Payment,1772075945.011861,9328,0,1
2,Payment,1772075945.012081,6319,4,1
2,Payment,1772075945.014504,9917,1,1
2,Payment,1772075945.014957,5513,8,1
2,Payment,1772075945.015422,7886,11,1
2,Payment,1772075945.016825,14282,9,1
2,Payment,1772075945.017657,8157,20,1
2,Payment,1772075945.018409,8997,4,1
2,Payment,1772075945.019290,8807,7,1
2,Payment,1772075945.019318,9472,5,1
1,NewOrder,1772075945.020461,19412,21,1
1,NewOrder,1772075945.020481,28786,8,1
4,Delivery,1772075945.021228,12765,0,1
2,Payment,1772075945.022821,9815,18,1
1,NewOrder,1772075945.023325,27726,11,1
1,NewOrder,1772075945.023350,18543,6,1
2,Payment,1772075945.023376,4754,16,1
2,Payment,1772075945.024437,12087,1,1
2,Payment,1772075945.025020,6031,17,1
2,Payment,1772075945.025047,6331,2,1
1,NewOrder,1772075945.025824,18623,20,1
1,NewOrder,1772075945.026398,18069,15,1
1,NewOrder,1772075945.027412,35129,4,1
2,Payment,1772075945.028073,13018,12,1
2,Payment,1772075945.028102,22489,7,1
2,Payment,1772075945.028137,18630,16,1
1,NewOrder,1772075945.028809,18571,5,1
2,Payment,1772075945.029189,14939,3,1
2,Payment,1772075945.030721,7030,19,1
1,NewOrder,1772075945.031061,21713,17,1
1,NewOrder,1772075945.031113,26083,9,1
2,Payment,1772075945.031208,3878,23,1
2,Payment,1772075945.031389,8408,2,1
1,NewOrder,1772075945.032642,36616,18,1
2,Payment,1772075945.033186,23637,10,1
4,Delivery,1772075945.034005,13264,0,1
2,Payment,1772075945.035096,5136,23,1
2,Payment,1772075945.036535,15022,1,1
1,NewOrder,1772075945.037720,40604,14,1
2,Payment,1772075945.037777,9887,19,1
1,NewOrder,1772075945.038283,25806,22,1
1,NewOrder,1772075945.039820,31436,2,1
1,NewOrder,1772075945.039884,7756,21,1
1,NewOrder,1772075945.040237,7153,23,1
2,Payment,1772075945.041096,10448,12,1
4,Delivery,1772075945.041903,5451,6,1
5,StockLevel,1772075945.044138,33518,3,1
1,NewOrder,1772075945.044452,19600,20,1
2,Payment,1772075945.044477,11034,15,1
2,Payment,1772075945.046772,7447,16,1
2,Payment,1772075945.047279,6615,0,1
2,Payment,1772075945.047358,14803,6,1
1,NewOrder,1772075945.047386,16165,5,1
4,Delivery,1772075945.047401,37614,23,1
4,Delivery,1772075945.047648,37750,21,1
1,NewOrder,1772075945.047669,18565,19,1
2,Payment,1772075945.049277,15422,8,1
2,Payment,1772075945.049648,7638,13,1
2,Payment,1772075945.050616,15734,7,1
4,Delivery,1772075945.051063,50681,11,1
1,NewOrder,1772075945.051550,14095,12,1
2,Payment,1772075945.051568,7404,1,1
1,NewOrder,1772075945.052786,34702,17,1
2,Payment,1772075945.053920,15891,0,1
1,NewOrder,1772075945.054226,24067,16,1
4,Delivery,1772075945.055517,33664,15,1
1,NewOrder,1772075945.056830,27050,10,1
1,NewOrder,1772075945.057221,26195,9,1
2,Payment,1772075945.057301,3103,13,1
2,Payment,1772075945.058977,14619,1,1
1,NewOrder,1772075945.060416,23453,13,1
1,NewOrder,1772075945.062172,20825,6,1
1,NewOrder,1772075945.062567,33283,4,1
2,Payment,1772075945.063561,12212,5,1
2,Payment,1772075945.064071,1976,20,1
4,Delivery,1772075945.064104,21251,22,1
3,OrderStatus,1772075945.064723,6068,8,1
2,Payment,1772075945.065661,4184,12,1
2,Payment,1772075945.066052,3644,20,1
1,NewOrder,1772075945.066244,16222,19,1
3,OrderStatus,1772075945.066356,2153,7,1
2,Payment,1772075945.068518,6853,7,1
2,Payment,1772075945.069269,8329,18,1
1,NewOrder,1772075945.069711,14922,20,1
1,NewOrder,1772075945.069846,18434,0,1
1,NewOrder,1772075945.069851,20625,12,1
4,Delivery,1772075945.070818,31092,8,1
2,Payment,1772075945.071267,7003,2,1
1,NewOrder,1772075945.073606,33565,1,1
2,Payment,1772075945.075377,8845,7,1
2,Payment,1772075945.075777,4414,5,1
1,NewOrder,1772075945.077624,16890,18,1
2,Payment,1772075945.077673,6992,3,1
2,Payment,1772075945.078281,11875,2,1
1,NewOrder,1772075945.078300,44071,16,1
2,Payment,1772075945.078334,12224,14,1
1,NewOrder,1772075945.080216,13670,5,1
1,NewOrder,1772075945.082491,57806,19,1
2,Payment,1772075945.083023,10238,6,1
1,NewOrder,1772075945.083422,29828,9,1
1,NewOrder,1772075945.083873,25528,13,1
1,NewOrder,1772075945.083890,29785,10,1
2,Payment,1772075945.084248,11968,7,1
1,NewOrder,1772075945.084650,55363,20,1
1,NewOrder,1772075945.084678,57979,3,1
2,Payment,1772075945.085025,6060,23,1
2,Payment,1772075945.085364,2467,22,1
4,Delivery,1772075945.085403,25102,21,1
1,NewOrder,1772075945.087499,13351,17,1
2,Payment,1772075945.087838,5066,22,1
1,NewOrder,1772075945.088302,24955,0,1
1,NewOrder,1772075945.089194,23375,15,1
1,NewOrder,1772075945.090167,34244,2,1
1,NewOrder,1772075945.090484,17216,12,1
1,NewOrder,1772075945.090568,41295,14,1
2,Payment,1772075945.091093,7441,23,1
1,NewOrder,1772075945.092917,29174,22,1
3,OrderStatus,1772075945.093271,1763,6,1
3,OrderStatus,1772075945.093897,4287,5,1
2,Payment,1772075945.094520,7569,18,1
1,NewOrder,1772075945.095038,22747,6,1
2,Payment,1772075945.095854,8919,4,1
2,Payment,1772075945.096223,2787,7,1
2,Payment,1772075945.098195,8352,5,1
2,Payment,1772075945.098544,6627,23,1
1,NewOrder,1772075945.099016,23383,7,1
1,NewOrder,1772075945.100860,29441,17,1
2,Payment,1772075945.101753,6734,11,1
1,NewOrder,1772075945.101917,29484,8,1
1,NewOrder,1772075945.102099,29254,18,1
2,Payment,1772075945.104780,6544,4,1
1,NewOrder,1772075945.105182,45675,23,1
2,Payment,1772075945.106559,6348,5,1
1,NewOrder,1772075945.107181,19273,1,1
1,NewOrder,1772075945.107707,19083,12,1
2,Payment,1772075945.108498,6528,11,1
1,NewOrder,1772075945.109405,37667,13,1
1,NewOrder,1772075945.110515,17731,21,1
1,NewOrder,1772075945.111330,15416,4,1
2,Payment,1772075945.112575,10555,15,1
2,Payment,1772075945.112918,4426,5,1
2,Payment,1772075945.113261,11109,9,1
2,Payment,1772075945.113263,5412,0,1
1,NewOrder,1772075945.113687,26636,10,1
1,NewOrder,1772075945.115037,21066,11,1
1,NewOrder,1772075945.117350,37767,5,1
4,Delivery,1772075945.117795,17676,6,1
2,Payment,1772075945.118682,1584,0,1
1,NewOrder,1772075945.120272,8951,0,1
1,NewOrder,1772075945.122117,25269,22,1
2,Payment,1772075945.122376,7276,16,1
2,Payment,1772075945.122405,5771,7,1
1,NewOrder,1772075945.123141,26382,15,1
2,Payment,1772075945.124382,14756,9,1
1,NewOrder,1772075945.124437,36000,2,1
1,NewOrder,1772075945.126479,10102,1,1
1,NewOrder,1772075945.126758,6735,4,1
2,Payment,1772075945.126819,5008,12,1
1,NewOrder,1772075945.128192,36694,7,1
2,Payment,1772075945.128272,3687,21,1
2,Payment,1772075945.129235,4772,0,1
2,Payment,1772075945.129671,7390,16,1
1,NewOrder,1772075945.130312,28734,17,1
1,NewOrder,1772075945.131371,21865,18,1
1,NewOrder,1772075945.131427,38527,8,1
4,Delivery,1772075945.131847,7049,12,1
2,Payment,1772075945.131875,9806,14,1
2,Payment,1772075945.131985,4032,21,1
1,NewOrder,1772075945.133509,23605,4,1
1,NewOrder,1772075945.134018,14489,0,1
1,NewOrder,1772075945.135476,25946,6,1
1,NewOrder,1772075945.136051,20669,21,1
1,NewOrder,1772075945.136129,27537,11,1
2,Payment,1772075945.136596,5669,1,1
1,NewOrder,1772075945.137087,55425,16,1
2,Payment,1772075945.138907,8509,12,1
1,NewOrder,1772075945.139157,25363,9,1
1,NewOrder,1772075945.140030,23137,20,1
2,Payment,1772075945.140307,7617,19,1
3,OrderStatus,1772075945.140334,7543,10,1
1,NewOrder,1772075945.141706,54054,14,1
2,Payment,1772075945.142272,9021,1,1
5,StockLevel,1772075945.142668,16353,3,1
1,NewOrder,1772075945.147082,22900,13,1
1,NewOrder,1772075945.147390,22506,22,1
1,NewOrder,1772075945.147426,13670,12,1
1,NewOrder,1772075945.147888,28822,10,1
2,Payment,1772075945.147929,8134,19,1
4,Delivery,1772075945.148517,8609,0,1
1,NewOrder,1772075945.149538,19994,15,1
1,NewOrder,1772075945.150879,19042,23,1
1,NewOrder,1772075945.151303,15383,1,1
2,Payment,1772075945.153246,8208,18,1
2,Payment,1772075945.155127,7182,5,1
2,Payment,1772075945.156071,11769,19,1
1,NewOrder,1772075945.156746,19928,21,1
1,NewOrder,1772075945.157124,36445,4,1
1,NewOrder,1772075945.157132,28401,0,1
4,Delivery,1772075945.159026,43345,3,1
1,NewOrder,1772075945.159056,18009,17,1
2,Payment,1772075945.160463,5808,2,1
1,NewOrder,1772075945.161129,26056,12,1
2,Payment,1772075945.161432,8580,6,1
5,StockLevel,1772075945.161465,30697,18,1
1,NewOrder,1772075945.162321,30650,5,1
1,NewOrder,1772075945.163171,16268,20,1
2,Payment,1772075945.163678,15164,11,1
1,NewOrder,1772075945.164529,32885,9,1
1,NewOrder,1772075945.164895,32556,7,1
1,NewOrder,1772075945.166279,11814,2,1
1,NewOrder,1772075945.166690,18809,1,1
1,NewOrder,1772075945.167847,27247,19,1
1,NewOrder,1772075945.169543,10929,15,1
2,Payment,1772075945.169922,9662,22,1
1,NewOrder,1772075945.169947,22999,23,1
2,Payment,1772075945.169980,14527,8,1
1,NewOrder,1772075945.170015,28810,13,1
2,Payment,1772075945.170017,16751,6,1
2,Payment,1772075945.176689,9280,21,1
1,NewOrder,1772075945.176727,8708,10,1
1,NewOrder,1772075945.177075,15552,17,1
2,Payment,1772075945.178098,2052,2,1
1,NewOrder,1772075945.178853,20656,11,1
2,Payment,1772075945.179464,24284,20,1
2,Payment,1772075945.179596,29808,22,1
1,NewOrder,1772075945.180176,12728,2,1
1,NewOrder,1772075945.180477,10735,15,1
1,NewOrder,1772075945.184533,17046,8,1
1,NewOrder,1772075945.185445,43590,10,1
2,Payment,1772075945.185503,7938,1,1
2,Payment,1772075945.185544,11554,0,1
1,NewOrder,1772075945.185979,31176,21,1
2,Payment,1772075945.186781,6394,6,1
1,NewOrder,1772075945.187196,29547,12,1
1,NewOrder,1772075945.191224,45201,15,1
1,NewOrder,1772075945.192172,9353,18,1
2,Payment,1772075945.192523,8706,16,1
2,Payment,1772075945.192637,10285,17,1
1,NewOrder,1772075945.192914,39343,2,1
2,Payment,1772075945.192953,18872,23,1
2,Payment,1772075945.192977,13993,5,1
1,NewOrder,1772075945.193193,42283,6,1
2,Payment,1772075945.193446,24894,1,1
2,Payment,1772075945.193579,10496,4,1
4,Delivery,1772075945.195103,8151,19,1
2,Payment,1772075945.195770,17457,14,1
4,Delivery,1772075945.197133,8753,0,1
2,Payment,1772075945.197420,8957,9,1
4,Delivery,1772075945.197462,60115,7,1
2,Payment,1772075945.198832,12668,13,1
1,NewOrder,1772075945.199535,5546,11,1
1,NewOrder,1772075945.201239,39402,16,1
1,NewOrder,1772075945.201536,6778,18,1
2,Payment,1772075945.201589,9840,8,1
1,NewOrder,1772075945.202384,4356,3,1
1,NewOrder,1772075945.202933,32131,17,1
1,NewOrder,1772075945.203260,45972,19,1
1,NewOrder,1772075945.203754,36917,20,1
2,Payment,1772075945.204085,15517,4,1
1,NewOrder,1772075945.205088,6767,11,1
1,NewOrder,1772075945.205908,47266,0,1
2,Payment,1772075945.206383,16104,9,1
1,NewOrder,1772075945.206745,18621,3,1
1,NewOrder,1772075945.206989,10205,5,1
1,NewOrder,1772075945.208319,3990,18,1
3,OrderStatus,1772075945.209429,14534,22,1
1,NewOrder,1772075945.211438,26253,8,1
1,NewOrder,1772075945.211510,36346,13,1
1,NewOrder,1772075945.211836,7385,23,1
4,Delivery,1772075945.211865,46055,11,1
2,Payment,1772075945.212319,4850,18,1
1,NewOrder,1772075945.213238,7377,14,1
2,Payment,1772075945.216770,11146,12,1
1,NewOrder,1772075945.217166,34026,21,1
3,OrderStatus,1772075945.217176,679,18,1
2,Payment,1772075945.217201,6821,5,1
1,NewOrder,1772075945.217860,7327,18,1
2,Payment,1772075945.218351,8368,1,1
2,Payment,1772075945.219229,4756,23,1
1,NewOrder,1772075945.219606,28842,4,1
2,Payment,1772075945.220631,9112,14,1
1,NewOrder,1772075945.222507,23018,9,1
1,NewOrder,1772075945.223973,35264,22,1
2,Payment,1772075945.223990,3550,23,1
4,Delivery,1772075945.224029,46280,5,1
1,NewOrder,1772075945.225194,10243,18,1
3,OrderStatus,1772075945.225377,4528,3,1
4,Delivery,1772075945.226726,43774,1,1
2,Payment,1772075945.227565,4791,23,1
2,Payment,1772075945.227922,3911,12,1
2,Payment,1772075945.229046,10692,10,1
1,NewOrder,1772075945.229750,27751,14,1
2,Payment,1772075945.229915,7456,3,1
1,NewOrder,1772075945.231838,24861,12,1
2,Payment,1772075945.232267,7921,2,1
5,StockLevel,1772075945.232367,14420,23,1
1,NewOrder,1772075945.235074,21686,17,1
1,NewOrder,1772075945.235447,20682,18,1
3,OrderStatus,1772075945.235487,8213,6,1
2,Payment,1772075945.236436,10976,15,1
2,Payment,1772075945.237404,6035,3,1
2,Payment,1772075945.237706,7481,8,1
5,StockLevel,1772075945.239759,13780,10,1
2,Payment,1772075945.240198,5527,2,1
1,NewOrder,1772075945.240656,26051,16,1
3,OrderStatus,1772075945.240681,3964,20,1
2,Payment,1772075945.243472,7747,3,1
2,Payment,1772075945.243726,7012,6,1
2,Payment,1772075945.244662,8917,20,1
1,NewOrder,1772075945.245197,41870,8,1
2,Payment,1772075945.245536,9114,9,1
3,OrderStatus,1772075945.245750,7254,2,1
1,NewOrder,1772075945.246798,17851,23,1
1,NewOrder,1772075945.247417,13291,15,1
1,NewOrder,1772075945.247866,13840,13,1
2,Payment,1772075945.248459,5325,4,1
2,Payment,1772075945.249258,8276,19,1
1,NewOrder,1772075945.250747,39104,6,1
4,Delivery,1772075945.251201,24091,21,1
2,Payment,1772075945.251226,6379,3,1
2,Payment,1772075945.253014,12327,2,1
5,StockLevel,1772075945.253178,9278,0,1
2,Payment,1772075945.253545,18957,10,1
2,Payment,1772075945.253585,11383,20,1
2,Payment,1772075945.253795,10116,4,1
2,Payment,1772075945.254670,14761,9,1
1,NewOrder,1772075945.256153,46110,18,1
2,Payment,1772075945.256712,8067,12,1
1,NewOrder,1772075945.256786,16082,17,1
2,Payment,1772075945.257511,11636,14,1
2,Payment,1772075945.257545,14850,19,1
5,StockLevel,1772075945.257587,29656,7,1
1,NewOrder,1772075945.257612,60323,3,1
1,NewOrder,1772075945.257924,17824,11,1
1,NewOrder,1772075945.259263,18896,22,1
1,NewOrder,1772075945.260719,7846,15,1
4,Delivery,1772075945.261714,11983,13,1
1,NewOrder,1772075945.262461,20140,0,1
1,NewOrder,1772075945.263937,54315,4,1
2,Payment,1772075945.264654,13168,23,1
1,NewOrder,1772075945.264789,28215,12,1
1,NewOrder,1772075945.264977,47421,20,1
2,Payment,1772075945.265361,5377,2,1
2,Payment,1772075945.266726,10636,16,1
1,NewOrder,1772075945.268586,10137,15,1
1,NewOrder,1772075945.269157,23470,14,1
1,NewOrder,1772075945.269438,10132,9,1
2,Payment,1772075945.270313,11920,5,1
5,StockLevel,1772075945.270507,18820,1,1
1,NewOrder,1772075945.270745,46800,2,1
1,NewOrder,1772075945.272414,40484,19,1
2,Payment,1772075945.272514,7391,10,1
1,NewOrder,1772075945.272874,47203,17,1
1,NewOrder,1772075945.273703,10025,13,1
1,NewOrder,1772075945.275303,15013,21,1
1,NewOrder,1772075945.275765,24391,11,1
2,Payment,1772075945.277375,8729,16,1
1,NewOrder,1772075945.277847,35025,23,1
3,OrderStatus,1772075945.278169,9352,22,1
4,Delivery,1772075945.278740,16005,15,1
1,NewOrder,1772075945.279595,13426,9,1
2,Payment,1772075945.279918,2693,10,1
2,Payment,1772075945.282240,18690,5,1
1,NewOrder,1772075945.282628,27751,10,1
2,Payment,1772075945.282632,14619,0,1
1,NewOrder,1772075945.283743,13845,13,1
1,NewOrder,1772075945.286116,26383,16,1
1,NewOrder,1772075945.287077,27197,8,1
2,Payment,1772075945.287254,21957,7,1
1,NewOrder,1772075945.287526,46138,22,1
3,OrderStatus,1772075945.289353,9330,1,1
1,NewOrder,1772075945.289864,33649,6,1
1,NewOrder,1772075945.290326,8414,21,1
2,Payment,1772075945.292638,5377,14,1
4,Delivery,1772075945.293015,2043,12,1
1,NewOrder,1772075945.293030,17432,9,1
1,NewOrder,1772075945.294772,15659,15,1
1,NewOrder,1772075945.295067,15423,12,1
2,Payment,1772075945.297262,15154,0,1
2,Payment,1772075945.297598,3357,13,1
1,NewOrder,1772075945.298024,12492,14,1
4,Delivery,1772075945.298686,35210,1,1
1,NewOrder,1772075945.298746,11716,21,1
1,NewOrder,1772075945.300181,23274,11,1
1,NewOrder,1772075945.300937,22622,5,1
5,StockLevel,1772075945.300964,7709,13,1
2,Payment,1772075945.302270,9617,18,1
1,NewOrder,1772075945.308699,64117,13,1
1,NewOrder,1772075945.309221,14207,7,1
2,Payment,1772075945.310390,9874,10,1
1,NewOrder,1772075945.310437,20595,15,1
2,Payment,1772075945.310468,4382,21,1
2,Payment,1772075945.310474,4433,9,1
2,Payment,1772075945.310500,12532,12,1
2,Payment,1772075945.310526,14039,14,1
3,OrderStatus,1772075945.311891,3512,18,1
2,Payment,1772075945.312408,7263,20,1
2,Payment,1772075945.312427,5561,0,1
2,Payment,1772075945.312511,14237,16,1
1,NewOrder,1772075945.312878,20448,23,1
1,NewOrder,1772075945.312905,54614,19,1
2,Payment,1772075945.314285,11287,8,1
1,NewOrder,1772075945.314861,16146,21,1
5,StockLevel,1772075945.314918,10782,9,1
1,NewOrder,1772075945.315409,10562,18,1
2,Payment,1772075945.317551,13051,2,1
2,Payment,1772075945.317945,7940,3,1
1,NewOrder,1772075945.317992,24890,0,1
2,Payment,1772075945.318260,9739,4,1
4,Delivery,1772075945.319681,13669,20,1
2,Payment,1772075945.320088,8451,17,1
2,Payment,1772075945.320270,12638,10,1
2,Payment,1772075945.323042,15880,12,1
2,Payment,1772075945.323432,16899,7,1
2,Payment,1772075945.323462,19950,11,1
2,Payment,1772075945.323522,18064,6,1
1,NewOrder,1772075945.323567,24390,5,1
3,OrderStatus,1772075945.324573,2583,14,1
2,Payment,1772075945.325577,19013,8,1
1,NewOrder,1772075945.325711,11464,9,1
1,NewOrder,1772075945.325895,30081,3,1
2,Payment,1772075945.325977,8691,18,1
2,Payment,1772075945.326754,9453,16,1
2,Payment,1772075945.327166,10469,14,1
2,Payment,1772075945.328007,7790,4,1
5,StockLevel,1772075945.328546,5855,17,1
1,NewOrder,1772075945.330613,18951,2,1
1,NewOrder,1772075945.331017,12365,21,1
1,NewOrder,1772075945.331042,18495,15,1
1,NewOrder,1772075945.332914,35497,10,1
2,Payment,1772075945.333332,6141,23,1
1,NewOrder,1772075945.333356,42059,20,1
1,NewOrder,1772075945.333669,11587,22,1
1,NewOrder,1772075945.333901,14461,1,1
1,NewOrder,1772075945.334405,18288,17,1
2,Payment,1772075945.334678,18004,18,1
2,Payment,1772075945.335803,3426,4,1
1,NewOrder,1772075945.336213,38612,16,1
1,NewOrder,1772075945.337186,44157,9,1
2,Payment,1772075945.337645,9732,14,1
2,Payment,1772075945.338928,10118,12,1
2,Payment,1772075945.339233,13971,4,1
1,NewOrder,1772075945.339478,54755,23,1
3,OrderStatus,1772075945.340339,4955,7,1
1,NewOrder,1772075945.341591,42996,6,1
2,Payment,1772075945.342888,16227,0,1
1,NewOrder,1772075945.343388,30896,21,1
2,Payment,1772075945.343417,11266,11,1
2,Payment,1772075945.344594,11357,8,1
2,Payment,1772075945.345264,11309,22,1
1,NewOrder,1772075945.345304,8161,7,1
2,Payment,1772075945.347383,11693,14,1
1,NewOrder,1772075945.347965,39124,5,1
1,NewOrder,1772075945.348368,42138,1,1
5,StockLevel,1772075945.349052,1649,12,1
1,NewOrder,1772075945.349543,40940,15,1
2,Payment,1772075945.349569,13222,2,1
1,NewOrder,1772075945.350706,8052,12,1
5,StockLevel,1772075945.352686,14680,18,1
1,NewOrder,1772075945.352699,27943,17,1
2,Payment,1772075945.353209,13874,4,1
1,NewOrder,1772075945.353470,14039,7,1
2,Payment,1772075945.354694,13185,11,1
2,Payment,1772075945.355956,6355,8,1
1,NewOrder,1772075945.355981,12511,3,1
1,NewOrder,1772075945.356577,12322,22,1
1,NewOrder,1772075945.358769,12750,12,1
3,OrderStatus,1772075945.359080,1288,14,1
4,Delivery,1772075945.359121,8352,0,1
3,OrderStatus,1772075945.360375,4246,14,1
1,NewOrder,1772075945.362324,30668,8,1
1,NewOrder,1772075945.362796,45685,2,1
4,Delivery,1772075945.364627,13650,14,1
4,Delivery,1772075945.367090,57076,4,1
1,NewOrder,1772075945.367371,9459,18,1
1,NewOrder,1772075945.367480,37939,0,1
3,OrderStatus,1772075945.367528,11575,7,1
1,NewOrder,1772075945.367530,25376,19,1
1,NewOrder,1772075945.367885,25079,11,1
4,Delivery,1772075945.368421,52546,10,1
1,NewOrder,1772075945.368497,13100,3,1
1,NewOrder,1772075945.368906,6356,22,1
1,NewOrder,1772075945.371524,10541,12,1
5,StockLevel,1772075945.372824,22505,13,1
2,Payment,1772075945.374291,12256,21,1
3,OrderStatus,1772075945.374830,13264,16,1
1,NewOrder,1772075945.375268,8984,22,1
2,Payment,1772075945.375419,12435,20,1
1,NewOrder,1772075945.376840,7918,18,1
2,Payment,1772075945.378284,2985,14,1
1,NewOrder,1772075945.379113,26983,7,1
1,NewOrder,1772075945.380646,29065,17,1
2,Payment,1772075945.381275,11748,14,1
2,Payment,1772075945.381353,11211,9,1
2,Payment,1772075945.381601,8284,3,1
2,Payment,1772075945.382070,12536,12,1
2,Payment,1772075945.384259,6262,22,1
1,NewOrder,1772075945.384595,7035,6,1
1,NewOrder,1772075945.384764,6891,18,1
1,NewOrder,1772075945.386554,17973,21,1
2,Payment,1772075945.387100,10654,5,1
2,Payment,1772075945.387859,8234,20,1
1,NewOrder,1772075945.388098,26887,16,1
3,OrderStatus,1772075945.389893,8451,3,1
2,Payment,1772075945.390494,6422,15,1
2,Payment,1772075945.390517,9770,1,1
2,Payment,1772075945.390526,9492,22,1
2,Payment,1772075945.391636,9340,6,1
2,Payment,1772075945.391663,10204,18,1
4,Delivery,1772075945.392575,28762,9,1
1,NewOrder,1772075945.392912,24575,19,1
2,Payment,1772075945.392975,19668,11,1
2,Payment,1772075945.393003,15448,8,1
1,NewOrder,1772075945.393033,30193,14,1
2,Payment,1772075945.394239,12958,23,1
1,NewOrder,1772075945.394613,22373,12,1
2,Payment,1772075945.395336,8458,13,1
3,OrderStatus,1772075945.396101,12173,20,1
2,Payment,1772075945.396923,14871,15,1
3,OrderStatus,1772075945.397759,2193,5,1
2,Payment,1772075945.398353,8242,3,1
5,StockLevel,1772075945.399958,25995,5,1
1,NewOrder,1772075945.400023,20315,22,1
1,NewOrder,1772075945.400295,13633,1,1
1,NewOrder,1772075945.400981,31079,6,1
2,Payment,1772075945.401874,8279,18,1
1,NewOrder,1772075945.403804,36980,13,1
1,NewOrder,1772075945.404537,22211,21,1
2,Payment,1772075945.405429,6822,0,1
1,NewOrder,1772075945.406107,20676,7,1
1,NewOrder,1772075945.406609,14044,3,1
1,NewOrder,1772075945.407202,33454,23,1
2,Payment,1772075945.408281,10067,20,1
4,Delivery,1772075945.408459,12818,8,1
1,NewOrder,1772075945.408493,23659,2,1
1,NewOrder,1772075945.409718,14961,17,1
4,Delivery,1772075945.410158,7235,18,1
1,NewOrder,1772075945.411799,31452,15,1
1,NewOrder,1772075945.412259,20574,0,1
1,NewOrder,1772075945.412647,30419,11,1
2,Payment,1772075945.413939,5540,1,1
1,NewOrder,1772075945.414993,17815,16,1
1,NewOrder,1772075945.416993,23643,12,1
1,NewOrder,1772075945.417398,20599,18,1
2,Payment,1772075945.417498,8557,19,1
1,NewOrder,1772075945.418358,22369,20,1
1,NewOrder,1772075945.419489,35613,1,1
2,Payment,1772075945.420344,7339,22,1
2,Payment,1772075945.420660,6501,3,1
2,Payment,1772075945.420975,8377,10,1
2,Payment,1772075945.421284,11496,8,1
1,NewOrder,1772075945.421346,34658,9,1
2,Payment,1772075945.423233,8224,14,1
1,NewOrder,1772075945.424172,26545,4,1
2,Payment,1772075945.424685,8821,17,1
1,NewOrder,1772075945.425960,20872,5,1
1,NewOrder,1772075945.426062,17953,19,1
2,Payment,1772075945.426754,7527,21,1
1,NewOrder,1772075945.426789,19688,7,1
2,Payment,1772075945.427165,6006,3,1
3,OrderStatus,1772075945.427689,8053,22,1
5,StockLevel,1772075945.429364,21697,10,1
1,NewOrder,1772075945.431462,17460,14,1
1,NewOrder,1772075945.432067,16535,6,1
5,StockLevel,1772075945.432158,11056,2,1
2,Payment,1772075945.432783,18381,8,1
2,Payment,1772075945.432814,7502,16,1
2,Payment,1772075945.432838,5462,0,1
2,Payment,1772075945.433178,9809,3,1
1,NewOrder,1772075945.433510,23558,17,1
1,NewOrder,1772075945.434285,18727,21,1
2,Payment,1772075945.435747,5009,22,1
2,Payment,1772075945.438009,13129,18,1
1,NewOrder,1772075945.438307,29029,0,1
5,StockLevel,1772075945.440328,18154,16,1
5,StockLevel,1772075945.440643,21446,12,1
1,NewOrder,1772075945.440662,28136,23,1
2,Payment,1772075945.440734,17712,20,1
2,Payment,1772075945.440762,13334,22,1
2,Payment,1772075945.440789,11312,13,1
5,StockLevel,1772075945.442997,14646,3,1
1,NewOrder,1772075945.443071,25286,11,1
2,Payment,1772075945.443225,4002,2,1
1,NewOrder,1772075945.443263,6775,15,1
2,Payment,1772075945.444025,15730,19,1
1,NewOrder,1772075945.446487,27683,7,1
5,StockLevel,1772075945.446841,17999,5,1
2,Payment,1772075945.447235,1703,2,1
2,Payment,1772075945.448613,6152,6,1
1,NewOrder,1772075945.448933,22267,14,1
1,NewOrder,1772075945.448944,21565,2,1
2,Payment,1772075945.450045,3368,15,1
2,Payment,1772075945.450722,3542,4,1
1,NewOrder,1772075945.451072,25238,10,1
2,Payment,1772075945.451149,10860,18,1
2,Payment,1772075945.451170,5544,8,1
2,Payment,1772075945.452107,4987,13,1
1,NewOrder,1772075945.453023,49362,21,1
2,Payment,1772075945.453419,4983,15,1
2,Payment,1772075945.454101,10763,22,1
2,Payment,1772075945.454268,8295,4,1
1,NewOrder,1772075945.454772,48174,6,1
1,NewOrder,1772075945.455110,37587,1,1
1,NewOrder,1772075945.456010,20328,9,1
2,Payment,1772075945.456719,10027,8,1
1,NewOrder,1772075945.457077,33763,17,1
1,NewOrder,1772075945.457099,45877,13,1
2,Payment,1772075945.457649,8712,3,1
1,NewOrder,1772075945.458408,31367,15,1
1,NewOrder,1772075945.458451,40232,20,1
2,Payment,1772075945.458487,6719,16,1
1,NewOrder,1772075945.459760,32182,19,1
1,NewOrder,1772075945.462013,31836,18,1
1,NewOrder,1772075945.462096,14585,12,1
1,NewOrder,1772075945.462566,27875,4,1
1,NewOrder,1772075945.464848,49535,5,1
2,Payment,1772075945.464872,8991,22,1
1,NewOrder,1772075945.465211,39679,16,1
2,Payment,1772075945.466366,11465,3,1
2,Payment,1772075945.466756,9192,8,1
2,Payment,1772075945.467342,12661,0,1
2,Payment,1772075945.468362,10598,11,1
1,NewOrder,1772075945.468804,9297,23,1
2,Payment,1772075945.470515,11788,2,1
1,NewOrder,1772075945.471210,12887,14,1
2,Payment,1772075945.473868,13838,22,1
2,Payment,1772075945.474176,6139,7,1
1,NewOrder,1772075945.475962,29282,8,1
1,NewOrder,1772075945.476319,19619,10,1
1,NewOrder,1772075945.476349,17849,9,1
4,Delivery,1772075945.476685,6671,12,1
1,NewOrder,1772075945.477841,27927,3,1
1,NewOrder,1772075945.478107,9920,23,1
1,NewOrder,1772075945.478966,26303,11,1
1,NewOrder,1772075945.480012,26115,0,1
3,OrderStatus,1772075945.480321,3812,7,1
2,Payment,1772075945.482309,2994,2,1
2,Payment,1772075945.483367,4685,12,1
1,NewOrder,1772075945.484103,29479,14,1
1,NewOrder,1772075945.484135,29383,7,1
2,Payment,1772075945.485310,4783,2,1
2,Payment,1772075945.487714,15826,22,1
2,Payment,1772075945.488033,8348,23,1
2,Payment,1772075945.488061,3203,12,1
2,Payment,1772075945.489784,6837,15,1
2,Payment,1772075945.490101,7083,2,1
1,NewOrder,1772075945.490448,62325,4,1
1,NewOrder,1772075945.490851,64326,17,1
2,Payment,1772075945.491269,7826,12,1
2,Payment,1772075945.491953,14223,19,1
2,Payment,1772075945.492708,11687,1,1
5,StockLevel,1772075945.493856,10827,18,1
5,StockLevel,1772075945.494210,11016,9,1
1,NewOrder,1772075945.495949,23505,10,1
2,Payment,1772075945.496385,11962,23,1
2,Payment,1772075945.496628,11266,15,1
1,NewOrder,1772075945.497194,21931,2,1
2,Payment,1772075945.498694,13909,20,1
1,NewOrder,1772075945.499102,18165,12,1
2,Payment,1772075945.502393,18470,21,1
1,NewOrder,1772075945.502957,10983,6,1
1,NewOrder,1772075945.502987,20271,13,1
2,Payment,1772075945.503544,23242,22,1
1,NewOrder,1772075945.504401,23483,1,1
1,NewOrder,1772075945.504691,15735,18,1
1,NewOrder,1772075945.504901,19395,16,1
3,OrderStatus,1772075945.505236,5413,9,1
2,Payment,1772075945.505253,6279,8,1
2,Payment,1772075945.505276,4824,11,1
2,Payment,1772075945.505771,5430,3,1
1,NewOrder,1772075945.506133,20645,0,1
2,Payment,1772075945.506180,23847,19,1
1,NewOrder,1772075945.507901,52192,15,1
2,Payment,1772075945.508354,20341,23,1
1,NewOrder,1772075945.510107,14822,11,1
2,Payment,1772075945.510659,5888,9,1
1,NewOrder,1772075945.511206,14630,3,1
1,NewOrder,1772075945.511539,15266,8,1
1,NewOrder,1772075945.512614,59285,20,1
1,NewOrder,1772075945.513525,44023,7,1
2,Payment,1772075945.513586,6577,14,1
1,NewOrder,1772075945.513951,21038,6,1
2,Payment,1772075945.514395,5789,5,1
2,Payment,1772075945.516554,3860,9,1
2,Payment,1772075945.517278,6960,12,1
1,NewOrder,1772075945.519134,31841,2,1
3,OrderStatus,1772075945.519461,11238,10,1
1,NewOrder,1772075945.520171,31788,14,1
2,Payment,1772075945.520195,10841,5,1
2,Payment,1772075945.520420,4182,9,1
1,NewOrder,1772075945.520437,17292,18,1
1,NewOrder,1772075945.520873,39682,21,1
2,Payment,1772075945.523265,4713,13,1
4,Delivery,1772075945.524246,21363,12,1
1,NewOrder,1772075945.524303,34951,16,1
1,NewOrder,1772075945.524607,30121,9,1
1,NewOrder,1772075945.524936,24347,11,1
2,Payment,1772075945.525841,7750,3,1
4,Delivery,1772075945.526789,2261,0,1
2,Payment,1772075945.526791,13469,22,1
2,Payment,1772075945.526811,2215,8,1
3,OrderStatus,1772075945.527895,782,1,1
1,NewOrder,1772075945.527984,42630,13,1
1,NewOrder,1772075945.528685,4502,1,1
4,Delivery,1772075945.528701,69825,23,1
2,Payment,1772075945.529032,1516,8,1
2,Payment,1772075945.529056,6808,0,1
2,Payment,1772075945.530037,11779,19,1
1,NewOrder,1772075945.530558,37695,8,1
2,Payment,1772075945.530704,12057,10,1
3,OrderStatus,1772075945.531046,7186,5,1
1,NewOrder,1772075945.533194,16915,1,1
1,NewOrder,1772075945.533601,4911,3,1
1,NewOrder,1772075945.534996,17789,6,1
1,NewOrder,1772075945.535871,16951,0,1
2,Payment,1772075945.537735,5329,18,1
1,NewOrder,1772075945.538242,32922,5,1
2,Payment,1772075945.538522,1377,3,1
2,Payment,1772075945.539905,4574,3,1
1,NewOrder,1772075945.540266,13199,22,1
2,Payment,1772075945.541826,6236,19,1
1,NewOrder,1772075945.542768,44381,10,1
1,NewOrder,1772075945.543070,17408,18,1
2,Payment,1772075945.544484,5593,3,1
2,Payment,1772075945.545615,9480,12,1
1,NewOrder,1772075945.548073,26969,19,1
1,NewOrder,1772075945.549288,27486,11,1
3,OrderStatus,1772075945.550084,2078,3,1
2,Payment,1772075945.550120,3574,1,1
2,Payment,1772075945.550980,6597,2,1
2,Payment,1772075945.551969,10570,14,1
1,NewOrder,1772075945.552171,11769,3,1
2,Payment,1772075945.552779,11489,4,1
2,Payment,1772075945.552792,3456,6,1
4,Delivery,1772075945.552831,5320,0,1
1,NewOrder,1772075945.553469,11274,22,1
1,NewOrder,1772075945.553701,11736,1,1
2,Payment,1772075945.554739,11154,9,1
1,NewOrder,1772075945.555105,38785,12,1
2,Payment,1772075945.555183,10085,17,1
1,NewOrder,1772075945.556253,9655,6,1
2,Payment,1772075945.557555,13135,7,1
2,Payment,1772075945.557583,11046,2,1
2,Payment,1772075945.558156,12431,0,1
2,Payment,1772075945.559260,10888,16,1
1,NewOrder,1772075945.560112,21714,15,1
1,NewOrder,1772075945.560493,32763,18,1
2,Payment,1772075945.560567,10148,21,1
1,NewOrder,1772075945.562546,20615,14,1
1,NewOrder,1772075945.563952,21674,3,1
1,NewOrder,1772075945.564274,28574,4,1
1,NewOrder,1772075945.564769,19714,22,1
3,OrderStatus,1772075945.565276,9293,17,1
1,NewOrder,1772075945.565441,22086,1,1
1,NewOrder,1772075945.565904,24248,9,1
1,NewOrder,1772075945.565913,21639,6,1
2,Payment,1772075945.568269,8180,8,1
1,NewOrder,1772075945.568645,43335,2,1
1,NewOrder,1772075945.570153,28504,16,1
1,NewOrder,1772075945.570593,23291,0,1
1,NewOrder,1772075945.570621,36573,13,1
2,Payment,1772075945.570699,11164,7,1
2,Payment,1772075945.570725,5347,21,1
1,NewOrder,1772075945.571176,45942,5,1
1,NewOrder,1772075945.571909,26546,20,1
1,NewOrder,1772075945.574577,37431,17,1
2,Payment,1772075945.575052,5612,19,1
3,OrderStatus,1772075945.576084,11035,21,1
1,NewOrder,1772075945.576464,34118,8,1
2,Payment,1772075945.576800,16384,11,1
4,Delivery,1772075945.580674,18220,19,1
1,NewOrder,1772075945.581850,41828,15,1
1,NewOrder,1772075945.581878,38789,7,1
1,NewOrder,1772075945.583166,28273,14,1
2,Payment,1772075945.584507,6271,22,1
3,OrderStatus,1772075945.585631,3187,3,1
4,Delivery,1772075945.587129,11735,21,1
5,StockLevel,1772075945.587155,15469,10,1
2,Payment,1772075945.587538,3958,1,1
1,NewOrder,1772075945.587563,35869,6,1
2,Payment,1772075945.588828,4377,3,1
2,Payment,1772075945.590162,5461,9,1
2,Payment,1772075945.590786,2442,22,1
1,NewOrder,1772075945.591506,16703,1,1
2,Payment,1772075945.592853,9559,4,1
2,Payment,1772075945.593195,10117,11,1
1,NewOrder,1772075945.593216,25888,3,1
2,Payment,1772075945.593234,4930,22,1
1,NewOrder,1772075945.593262,28381,18,1
1,NewOrder,1772075945.593890,22625,0,1
1,NewOrder,1772075945.593896,39318,12,1
1,NewOrder,1772075945.595633,44794,9,1
1,NewOrder,1772075945.598170,18413,22,1
1,NewOrder,1772075945.598465,46730,20,1
2,Payment,1772075945.598531,11639,23,1
1,NewOrder,1772075945.598662,34580,16,1
1,NewOrder,1772075945.598870,44829,21,1
1,NewOrder,1772075945.598902,47093,19,1
1,NewOrder,1772075945.602428,24220,4,1
2,Payment,1772075945.602644,12147,10,1
2,Payment,1772075945.603320,13618,11,1
5,StockLevel,1772075945.607204,15449,13,1
3,OrderStatus,1772075945.608216,2301,1,1
2,Payment,1772075945.610179,8670,23,1
5,StockLevel,1772075945.610533,12745,1,1
2,Payment,1772075945.610609,8527,8,1
1,NewOrder,1772075945.611452,37247,14,1
1,NewOrder,1772075945.611997,36074,2,1
2,Payment,1772075945.612027,10944,17,1
1,NewOrder,1772075945.614797,25594,10,1
2,Payment,1772075945.616521,6804,0,1
1,NewOrder,1772075945.616586,12474,22,1
2,Payment,1772075945.616949,5077,11,1
1,NewOrder,1772075945.617126,17837,5,1
1,NewOrder,1772075945.618859,31553,23,1
1,NewOrder,1772075945.619109,21341,3,1
1,NewOrder,1772075945.619147,20830,8,1
2,Payment,1772075945.620685,11802,7,1
1,NewOrder,1772075945.621656,45814,18,1
1,NewOrder,1772075945.622041,40871,11,1
1,NewOrder,1772075945.622659,23379,13,1
4,Delivery,1772075945.622975,74223,17,1
4,Delivery,1772075945.623283,13918,1,1
1,NewOrder,1772075945.623331,59023,0,1
1,NewOrder,1772075945.623442,17005,6,1
3,OrderStatus,1772075945.623689,11199,15,1
2,Payment,1772075945.626658,6545,4,1
2,Payment,1772075945.629065,4897,22,1
5,StockLevel,1772075945.632497,17663,7,1
1,NewOrder,1772075945.633213,20980,4,1
2,Payment,1772075945.633224,8999,12,1
2,Payment,1772075945.633253,10889,16,1
2,Payment,1772075945.633971,6452,22,1
5,StockLevel,1772075945.634898,20207,15,1
2,Payment,1772075945.634973,5440,5,1
3,OrderStatus,1772075945.637227,2698,1,1
2,Payment,1772075945.639940,4171,1,1
1,NewOrder,1772075945.640000,34973,8,1
3,OrderStatus,1772075945.640407,5608,10,1
2,Payment,1772075945.640440,5139,5,1
2,Payment,1772075945.640452,4217,22,1
2,Payment,1772075945.640456,6690,9,1
1,NewOrder,1772075945.640476,18957,6,1
1,NewOrder,1772075945.640481,14282,3,1
2,Payment,1772075945.642234,8153,12,1
1,NewOrder,1772075945.643715,36203,21,1
2,Payment,1772075945.644122,5891,1,1
1,NewOrder,1772075945.644147,22306,16,1
2,Payment,1772075945.644687,7025,22,1
2,Payment,1772075945.645220,7670,20,1
1,NewOrder,1772075945.645586,10597,5,1
1,NewOrder,1772075945.646001,41162,19,1
4,Delivery,1772075945.646026,56289,10,1
1,NewOrder,1772075945.646049,12315,13,1
2,Payment,1772075945.647151,8447,9,1
3,OrderStatus,1772075945.648075,8689,2,1
1,NewOrder,1772075945.648712,33986,14,1
2,Payment,1772075945.650030,4748,1,1
1,NewOrder,1772075945.650171,39101,7,1
1,NewOrder,1772075945.650395,20981,12,1
1,NewOrder,1772075945.650422,37790,23,1
2,Payment,1772075945.651722,6219,22,1
2,Payment,1772075945.652912,6969,20,1
1,NewOrder,1772075945.654218,10819,4,1
2,Payment,1772075945.654797,3468,1,1
2,Payment,1772075945.654803,5175,3,1
1,NewOrder,1772075945.655115,22120,15,1
4,Delivery,1772075945.655603,46988,9,1
1,NewOrder,1772075945.656193,17809,5,1
2,Payment,1772075945.656770,9090,2,1
2,Payment,1772075945.657952,5273,22,1
1,NewOrder,1772075945.658273,15179,1,1
2,Payment,1772075945.658369,4886,13,1
1,NewOrder,1772075945.659453,10483,6,1
1,NewOrder,1772075945.659896,19658,20,1
2,Payment,1772075945.659987,16637,3,1
3,OrderStatus,1772075945.662922,14848,11,1
2,Payment,1772075945.663236,14007,22,1
5,StockLevel,1772075945.663263,8006,13,1
4,Delivery,1772075945.665052,25078,4,1
1,NewOrder,1772075945.665877,27060,2,1
2,Payment,1772075945.666461,4071,16,1
1,NewOrder,1772075945.667496,35590,18,1
1,NewOrder,1772075945.669944,19947,6,1
5,StockLevel,1772075945.670559,8771,16,1
4,Delivery,1772075945.671276,26160,13,1
2,Payment,1772075945.671386,8621,12,1
3,OrderStatus,1772075945.673457,2553,1,1
3,OrderStatus,1772075945.674029,2124,5,1
2,Payment,1772075945.674985,3074,8,1
2,Payment,1772075945.676034,6699,1,1
3,OrderStatus,1772075945.676160,1072,5,1
2,Payment,1772075945.676630,15253,3,1
1,NewOrder,1772075945.677238,11395,5,1
1,NewOrder,1772075945.677248,27589,15,1
1,NewOrder,1772075945.677249,28122,22,1
2,Payment,1772075945.677780,13044,11,1
1,NewOrder,1772075945.678070,7566,8,1
1,NewOrder,1772075945.679339,12916,16,1
1,NewOrder,1772075945.679565,9658,20,1
1,NewOrder,1772075945.679928,20453,21,1
2,Payment,1772075945.680017,9881,12,1
2,Payment,1772075945.682360,14895,0,1
1,NewOrder,1772075945.682724,21775,14,1
3,OrderStatus,1772075945.682758,7605,1,1
4,Delivery,1772075945.685661,16818,8,1
1,NewOrder,1772075945.687173,22723,19,1
2,Payment,1772075945.688222,8580,23,1
2,Payment,1772075945.688643,13122,5,1
2,Payment,1772075945.689231,10140,20,1
4,Delivery,1772075945.689278,13259,7,1
2,Payment,1772075945.689898,2930,6,1
1,NewOrder,1772075945.689909,38998,12,1
1,NewOrder,1772075945.690135,37330,4,1
1,NewOrder,1772075945.690374,17967,1,1
2,Payment,1772075945.690849,5488,11,1
1,NewOrder,1772075945.691903,26546,3,1
3,OrderStatus,1772075945.692281,2994,16,1
5,StockLevel,1772075945.692838,23769,6,1
2,Payment,1772075945.692947,14042,2,1
2,Payment,1772075945.695286,4288,16,1
2,Payment,1772075945.696347,12256,11,1
1,NewOrder,1772075945.696813,45459,23,1
1,NewOrder,1772075945.697209,44199,17,1
1,NewOrder,1772075945.697263,28418,0,1
1,NewOrder,1772075945.697445,38137,13,1
4,Delivery,1772075945.699397,24682,20,1
1,NewOrder,1772075945.699593,25070,16,1
2,Payment,1772075945.700392,4956,21,1
1,NewOrder,1772075945.701784,39029,5,1
3,OrderStatus,1772075945.702324,6452,10,1
2,Payment,1772075945.702488,7679,8,1
1,NewOrder,1772075945.702544,33153,7,1
1,NewOrder,1772075945.702597,30466,9,1
4,Delivery,1772075945.703105,21223,18,1
1,NewOrder,1772075945.704525,21273,14,1
1,NewOrder,1772075945.704851,41231,15,1
1,NewOrder,1772075945.705356,16520,21,1
1,NewOrder,1772075945.705379,16518,22,1
1,NewOrder,1772075945.707014,42768,2,1
1,NewOrder,1772075945.708357,13964,1,1
1,NewOrder,1772075945.708616,24476,11,1
1,NewOrder,1772075945.708795,29757,10,1
1,NewOrder,1772075945.709924,17169,19,1
2,Payment,1772075945.710176,4600,8,1
2,Payment,1772075945.714791,6069,8,1
1,NewOrder,1772075945.716631,26144,6,1
2,Payment,1772075945.718459,3824,3,1
2,Payment,1772075945.720885,7762,8,1
1,NewOrder,1772075945.721887,21528,21,1
2,Payment,1772075945.721908,4990,22,1
2,Payment,1772075945.722288,3532,3,1
2,Payment,1772075945.722331,12864,1,1
5,StockLevel,1772075945.724090,10320,20,1
2,Payment,1772075945.724336,8411,18,1
1,NewOrder,1772075945.724669,19582,16,1
2,Payment,1772075945.725687,14962,0,1
1,NewOrder,1772075945.725806,59646,14,1
1,NewOrder,1772075945.725831,55346,3,1
2,Payment,1772075945.726907,10715,22,1
1,NewOrder,1772075945.727119,27823,19,1
2,Payment,1772075945.727490,9070,4,1
2,Payment,1772075945.728652,11110,8,1
2,Payment,1772075945.728918,2564,12,1
1,NewOrder,1772075945.731488,13282,12,1
2,Payment,1772075945.732758,11002,18,1
2,Payment,1772075945.733069,9569,9,1
1,NewOrder,1772075945.733112,12641,11,1
2,Payment,1772075945.734421,5991,20,1
2,Payment,1772075945.735205,12255,1,1
1,NewOrder,1772075945.735588,26120,13,1
1,NewOrder,1772075945.735708,25267,7,1
2,Payment,1772075945.736570,12765,4,1
2,Payment,1772075945.737648,8475,22,1
2,Payment,1772075945.738578,9360,10,1
1,NewOrder,1772075945.739768,41397,8,1
2,Payment,1772075945.740437,7599,20,1
2,Payment,1772075945.740661,15775,0,1
1,NewOrder,1772075945.740824,19493,5,1
1,NewOrder,1772075945.741421,18366,17,1
2,Payment,1772075945.742276,7635,23,1
1,NewOrder,1772075945.742644,25229,9,1
4,Delivery,1772075945.742780,8668,6,1
2,Payment,1772075945.743419,8589,21,1
1,NewOrder,1772075945.743770,38804,18,1
2,Payment,1772075945.744255,4686,16,1
1,NewOrder,1772075945.744777,27812,12,1
1,NewOrder,1772075945.745779,26828,11,1
2,Payment,1772075945.746108,9741,15,1
2,Payment,1772075945.746135,10656,22,1
2,Payment,1772075945.747464,13857,1,1
2,Payment,1772075945.747948,5367,10,1
1,NewOrder,1772075945.748046,19249,20,1
2,Payment,1772075945.748960,8601,16,1
2,Payment,1772075945.749352,15728,4,1
1,NewOrder,1772075945.749793,29773,2,1
1,NewOrder,1772075945.749936,28348,23,1
1,NewOrder,1772075945.751454,16399,6,1
4,Delivery,1772075945.752017,29476,21,1
2,Payment,1772075945.753326,9692,10,1
2,Payment,1772075945.754949,15073,19,1
2,Payment,1772075945.755874,14541,15,1
1,NewOrder,1772075945.756442,43895,0,1
1,NewOrder,1772075945.756811,39391,22,1
3,OrderStatus,1772075945.757568,6568,16,1
3,OrderStatus,1772075945.759791,6896,17,1
2,Payment,1772075945.760327,10433,5,1
1,NewOrder,1772075945.760989,21879,7,1
2,Payment,1772075945.761331,5512,1,1
4,Delivery,1772075945.761719,16533,13,1
1,NewOrder,1772075945.763044,34054,10,1
2,Payment,1772075945.764145,8088,16,1
2,Payment,1772075945.765131,10380,4,1
1,NewOrder,1772075945.766713,28029,17,1
1,NewOrder,1772075945.766860,53063,1,1
1,NewOrder,1772075945.767302,20547,20,1
1,NewOrder,1772075945.767857,18111,6,1
4,Delivery,1772075945.767884,52000,9,1
4,Delivery,1772075945.770047,11661,19,1
1,NewOrder,1772075945.770441,26575,15,1
1,NewOrder,1772075945.770784,22393,5,1
1,NewOrder,1772075945.772243,28117,16,1
2,Payment,1772075945.772601,5668,12,1
2,Payment,1772075945.772614,5238,11,1
3,OrderStatus,1772075945.775519,10958,4,1
1,NewOrder,1772075945.777861,25784,11,1
5,StockLevel,1772075945.778262,23288,13,1
2,Payment,1772075945.778279,4557,12,1
3,OrderStatus,1772075945.778295,8479,23,1
2,Payment,1772075945.779576,8604,2,1
1,NewOrder,1772075945.781183,18441,8,1
1,NewOrder,1772075945.781184,18857,3,1
1,NewOrder,1772075945.781503,22493,21,1
2,Payment,1772075945.781717,6562,19,1
2,Payment,1772075945.782585,11553,18,1
1,NewOrder,1772075945.782847,18709,12,1
2,Payment,1772075945.782874,4248,7,1
1,NewOrder,1772075945.785462,19896,14,1
2,Payment,1772075945.785973,4915,6,1
1,NewOrder,1772075945.786486,13901,4,1
3,OrderStatus,1772075945.786783,7336,23,1
2,Payment,1772075945.787129,9941,7,1
2,Payment,1772075945.787854,11831,20,1
5,StockLevel,1772075945.788202,27013,2,1
2,Payment,1772075945.788290,8860,19,1
5,StockLevel,1772075945.790895,16431,6,1
1,NewOrder,1772075945.793188,12475,5,1
2,Payment,1772075945.794129,14580,23,1
1,NewOrder,1772075945.794146,27808,18,1
2,Payment,1772075945.794748,4528,17,1
2,Payment,1772075945.796208,14378,22,1
1,NewOrder,1772075945.797026,8981,15,1
3,OrderStatus,1772075945.797075,1956,7,1
1,NewOrder,1772075945.797110,39470,10,1
1,NewOrder,1772075945.797157,38047,19,1
2,Payment,1772075945.799037,7793,7,1
5,StockLevel,1772075945.799281,33203,17,1
1,NewOrder,1772075945.799634,37222,8,1
2,Payment,1772075945.799689,12671,20,1
2,Payment,1772075945.800052,8594,3,1
2,Payment,1772075945.800343,9875,0,1
2,Payment,1772075945.800367,7789,16,1
1,NewOrder,1772075945.800394,32700,4,1
2,Payment,1772075945.801555,9124,13,1
1,NewOrder,1772075945.801562,28106,12,1
1,NewOrder,1772075945.803670,26078,11,1
4,Delivery,1772075945.804021,18346,21,1
1,NewOrder,1772075945.805373,6598,14,1
2,Payment,1772075945.805687,6698,5,1
2,Payment,1772075945.806012,6733,15,1
3,OrderStatus,1772075945.806842,8408,7,1
1,NewOrder,1772075945.807335,27600,6,1
2,Payment,1772075945.808165,8957,16,1
1,NewOrder,1772075945.808656,13553,3,1
2,Payment,1772075945.808715,10740,23,1
1,NewOrder,1772075945.810223,24302,0,1
1,NewOrder,1772075945.810597,22092,22,1
2,Payment,1772075945.810688,9454,13,1
2,Payment,1772075945.811977,10325,14,1
1,NewOrder,1772075945.812364,53036,20,1
2,Payment,1772075945.812393,2479,5,1
1,NewOrder,1772075945.812755,25571,15,1
4,Delivery,1772075945.814887,63234,5,1
1,NewOrder,1772075945.815225,18721,2,1
2,Payment,1772075945.815267,7373,7,1
1,NewOrder,1772075945.817149,36387,16,1
4,Delivery,1772075945.819466,4132,23,1
2,Payment,1772075945.819890,9332,9,1
2,Payment,1772075945.819934,6750,1,1
1,NewOrder,1772075945.820167,20410,13,1
1,NewOrder,1772075945.821964,22525,18,1
2,Payment,1772075945.822217,10043,3,1
1,NewOrder,1772075945.822313,26918,14,1
1,NewOrder,1772075945.822373,28694,21,1
1,NewOrder,1772075945.822649,37656,7,1
2,Payment,1772075945.823605,12583,23,1
4,Delivery,1772075945.826695,51888,1,1
2,Payment,1772075945.829232,13544,9,1
1,NewOrder,1772075945.829678,24342,12,1
3,OrderStatus,1772075945.829759,5037,11,1
2,Payment,1772075945.832283,14469,3,1
1,NewOrder,1772075945.832501,16538,17,1
1,NewOrder,1772075945.832710,24389,22,1
2,Payment,1772075945.833115,18780,4,1
2,Payment,1772075945.833956,20000,2,1
1,NewOrder,1772075945.834534,9374,0,1
2,Payment,1772075945.834806,11634,11,1
1,NewOrder,1772075945.834945,11115,6,1
3,OrderStatus,1772075945.835209,2963,19,1
2,Payment,1772075945.836213,10148,23,1
4,Delivery,1772075945.836605,55547,10,1
2,Payment,1772075945.836868,15538,8,1
1,NewOrder,1772075945.838178,15404,19,1
2,Payment,1772075945.838330,8367,15,1
2,Payment,1772075945.840603,8316,13,1
1,NewOrder,1772075945.842786,29387,9,1
2,Payment,1772075945.843918,15840,0,1
2,Payment,1772075945.844508,4881,18,1
2,Payment,1772075945.846073,9117,6,1
2,Payment,1772075945.846387,5014,23,1
2,Payment,1772075945.846451,7455,11,1
1,NewOrder,1772075945.846724,26659,15,1
1,NewOrder,1772075945.846770,17050,3,1
1,NewOrder,1772075945.848928,24894,13,1
2,Payment,1772075945.849050,4943,17,1
1,NewOrder,1772075945.849241,19493,14,1
1,NewOrder,1772075945.849396,20368,18,1
2,Payment,1772075945.851099,11572,21,1
1,NewOrder,1772075945.851412,36696,23,1
1,NewOrder,1772075945.851910,18076,4,1
1,NewOrder,1772075945.852415,14023,8,1
1,NewOrder,1772075945.853551,38073,16,1
2,Payment,1772075945.853605,14509,19,1
1,NewOrder,1772075945.853931,9216,11,1
1,NewOrder,1772075945.853971,38828,2,1
2,Payment,1772075945.854014,8181,17,1
4,Delivery,1772075945.854046,18418,12,1
2,Payment,1772075945.855197,2528,6,1
4,Delivery,1772075945.857118,44745,22,1
2,Payment,1772075945.857736,4873,6,1
1,NewOrder,1772075945.859771,61149,0,1
1,NewOrder,1772075945.860316,29006,7,1
1,NewOrder,1772075945.862210,27135,17,1
1,NewOrder,1772075945.862635,22836,6,1
1,NewOrder,1772075945.862696,26353,21,1
1,NewOrder,1772075945.863171,31355,11,1
2,Payment,1772075945.863833,4023,3,1
2,Payment,1772075945.865426,7015,20,1
1,NewOrder,1772075945.866451,17871,8,1
1,NewOrder,1772075945.867882,10503,3,1
2,Payment,1772075945.868134,7641,19,1
2,Payment,1772075945.868745,3911,14,1
1,NewOrder,1772075945.869771,15436,18,1
1,NewOrder,1772075945.869996,19128,4,1
1,NewOrder,1772075945.872184,50046,9,1
2,Payment,1772075945.872451,8331,20,1
2,Payment,1772075945.872470,5967,12,1
1,NewOrder,1772075945.872663,20150,14,1
1,NewOrder,1772075945.873392,24541,15,1
1,NewOrder,1772075945.873833,27183,13,1
2,Payment,1772075945.875801,8127,19,1
2,Payment,1772075945.878147,12458,5,1
2,Payment,1772075945.878399,2904,3,1
1,NewOrder,1772075945.878463,48030,12,1
3,OrderStatus,1772075945.878604,760,1,1
1,NewOrder,1772075945.879369,15704,1,1
2,Payment,1772075945.880807,9904,20,1
1,NewOrder,1772075945.881317,18789,3,1
2,Payment,1772075945.883950,10060,19,1
1,NewOrder,1772075945.884332,29811,8,1
2,Payment,1772075945.885232,11495,18,1
2,Payment,1772075945.885497,3122,6,1
4,Delivery,1772075945.888133,14036,23,1
1,NewOrder,1772075945.888638,34826,6,1
1,NewOrder,1772075945.889075,37070,21,1
2,Payment,1772075945.889150,8436,4,1
2,Payment,1772075945.889332,9750,7,1
3,OrderStatus,1772075945.889355,10008,17,1
2,Payment,1772075945.890630,14687,5,1
2,Payment,1772075945.890721,13702,20,1
2,Payment,1772075945.891640,4163,16,1
1,NewOrder,1772075945.892158,17746,10,1
1,NewOrder,1772075945.892825,7581,2,1
2,Payment,1772075945.892828,8547,14,1
2,Payment,1772075945.894019,17834,19,1
5,StockLevel,1772075945.894533,29783,11,1
2,Payment,1772075945.895099,14948,1,1
1,NewOrder,1772075945.895820,14485,16,1
2,Payment,1772075945.896754,9363,18,1
1,NewOrder,1772075945.897594,24313,4,1
1,NewOrder,1772075945.897959,37955,15,1
2,Payment,1772075945.899092,14965,7,1
1,NewOrder,1772075945.899373,39616,17,1
1,NewOrder,1772075945.900117,21054,3,1
1,NewOrder,1772075945.900417,12159,2,1
4,Delivery,1772075945.901029,9641,13,1
2,Payment,1772075945.901380,7792,14,1
1,NewOrder,1772075945.901890,11628,22,1
5,StockLevel,1772075945.902186,5688,23,1
2,Payment,1772075945.904432,14280,20,1
2,Payment,1772075945.905332,14038,5,1
1,NewOrder,1772075945.906128,29358,18,1
1,NewOrder,1772075945.907890,7848,23,1
2,Payment,1772075945.909183,5639,14,1
2,Payment,1772075945.909929,6351,10,1
2,Payment,1772075945.910057,10806,1,1
2,Payment,1772075945.910316,6700,16,1
2,Payment,1772075945.910696,9232,13,1
1,NewOrder,1772075945.911878,32063,19,1
2,Payment,1772075945.912592,10236,2,1
1,NewOrder,1772075945.913528,18226,22,1
2,Payment,1772075945.914066,6436,7,1
2,Payment,1772075945.914159,12792,8,1
2,Payment,1772075945.914837,11632,14,1
1,NewOrder,1772075945.915753,28606,23,1
5,StockLevel,1772075945.916290,27273,10,1
4,Delivery,1772075945.917026,48204,16,1
2,Payment,1772075945.918721,7385,20,1
2,Payment,1772075945.919383,5466,5,1
2,Payment,1772075945.919935,9559,13,1
1,NewOrder,1772075945.920513,20602,7,1
2,Payment,1772075945.920866,18092,1,1
2,Payment,1772075945.920926,16444,0,1
1,NewOrder,1772075945.921175,26856,3,1
2,Payment,1772075945.921913,7181,4,1
1,NewOrder,1772075945.922256,31350,9,1
1,NewOrder,1772075945.922838,21542,2,1
2,Payment,1772075945.923474,7012,6,1
2,Payment,1772075945.924327,9417,11,1
1,NewOrder,1772075945.924861,21473,5,1
3,OrderStatus,1772075945.926131,7854,20,1
2,Payment,1772075945.926171,6730,21,1
2,Payment,1772075945.926480,8588,14,1
1,NewOrder,1772075945.926503,41770,12,1
1,NewOrder,1772075945.926956,28167,8,1
1,NewOrder,1772075945.929126,19317,4,1
2,Payment,1772075945.929502,11305,13,1
1,NewOrder,1772075945.930505,33856,6,1
1,NewOrder,1772075945.931781,31345,22,1
2,Payment,1772075945.932908,5602,21,1
1,NewOrder,1772075945.933754,22107,11,1
3,OrderStatus,1772075945.933992,3940,20,1
1,NewOrder,1772075945.935076,29678,14,1
1,NewOrder,1772075945.935493,16101,18,1
1,NewOrder,1772075945.935924,35486,15,1
1,NewOrder,1772075945.937387,54191,0,1
1,NewOrder,1772075945.937942,19421,20,1
5,StockLevel,1772075945.938516,18662,21,1
5,StockLevel,1772075945.938968,21847,1,1
1,NewOrder,1772075945.938999,19011,17,1
1,NewOrder,1772075945.940818,35448,13,1
1,NewOrder,1772075945.941129,20176,7,1
3,OrderStatus,1772075945.943574,6236,10,1
2,Payment,1772075945.943945,7973,19,1
2,Payment,1772075945.944370,5783,23,1
2,Payment,1772075945.944387,4403,2,1
1,NewOrder,1772075945.946338,17218,5,1
1,NewOrder,1772075945.948038,17167,3,1
2,Payment,1772075945.948449,7494,4,1
1,NewOrder,1772075945.948797,27830,2,1
1,NewOrder,1772075945.949816,14574,10,1
1,NewOrder,1772075945.950159,40658,23,1
2,Payment,1772075945.951602,10926,18,1
4,Delivery,1772075945.951925,14878,19,1
2,Payment,1772075945.953615,5839,9,1
2,Payment,1772075945.955134,11251,8,1
2,Payment,1772075945.955866,12030,11,1
1,NewOrder,1772075945.955953,26817,4,1
3,OrderStatus,1772075945.957184,6952,21,1
4,Delivery,1772075945.957369,9675,20,1
1,NewOrder,1772075945.958017,35555,17,1
1,NewOrder,1772075945.959462,30626,9,1
1,NewOrder,1772075945.960825,27919,1,1
2,Payment,1772075945.961316,12593,7,1
3,OrderStatus,1772075945.962539,10851,18,1
1,NewOrder,1772075945.963130,9689,22,1
1,NewOrder,1772075945.963563,13438,5,1
2,Payment,1772075945.964139,10143,21,1
1,NewOrder,1772075945.964366,30298,6,1
4,Delivery,1772075945.964401,41270,10,1
1,NewOrder,1772075945.964764,21326,14,1
1,NewOrder,1772075945.965208,14017,3,1
2,Payment,1772075945.965235,4556,16,1
2,Payment,1772075945.966392,16359,8,1
2,Payment,1772075945.966809,9795,19,1
1,NewOrder,1772075945.967049,18689,20,1
5,StockLevel,1772075945.967907,18976,11,1
1,NewOrder,1772075945.968284,25704,12,1
1,NewOrder,1772075945.969798,12632,16,1
2,Payment,1772075945.971414,7782,15,1
5,StockLevel,1772075945.972830,10797,22,1
1,NewOrder,1772075945.973400,20199,18,1
2,Payment,1772075945.973913,12233,7,1
1,NewOrder,1772075945.974291,18080,21,1
1,NewOrder,1772075945.976271,11520,13,1
1,NewOrder,1772075945.976612,38391,19,1
4,Delivery,1772075945.976635,31259,2,1
1,NewOrder,1772075945.977006,23896,5,1
2,Payment,1772075945.979209,6891,15,1
4,Delivery,1772075945.979232,28936,3,1
1,NewOrder,1772075945.982444,16655,16,1
2,Payment,1772075945.982762,9697,8,1
2,Payment,1772075945.982776,6649,4,1
2,Payment,1772075945.983636,7582,22,1
1,NewOrder,1772075945.985746,15480,20,1
5,StockLevel,1772075945.986101,21242,14,1
4,Delivery,1772075945.986107,39011,15,1
1,NewOrder,1772075945.986157,29894,7,1
4,Delivery,1772075945.986890,19040,11,1
2,Payment,1772075945.987802,10721,13,1
2,Payment,1772075945.988750,4478,1,1
1,NewOrder,1772075945.989431,30988,4,1
2,Payment,1772075945.990094,7170,9,1
2,Payment,1772075945.990825,4810,23,1
2,Payment,1772075945.991222,6780,22,1
1,NewOrder,1772075945.991584,24998,0,1
2,Payment,1772075945.992376,10599,21,1
2,Payment,1772075945.992469,12839,8,1
1,NewOrder,1772075945.993233,13301,1,1
5,StockLevel,1772075945.993577,9270,17,1
1,NewOrder,1772075945.993606,13841,18,1
1,NewOrder,1772075945.993993,11640,12,1
2,Payment,1772075945.994669,16456,6,1
2,Payment,1772075945.995640,16476,23,1
1,NewOrder,1772075945.997270,15234,9,1
2,Payment,1772075945.998005,18042,22,1
1,NewOrder,1772075945.998533,20889,13,1
2,Payment,1772075945.999105,7739,16,1
2,Payment,1772075946.000910,9813,5,1
5,StockLevel,1772075946.001231,18956,20,1
1,NewOrder,1772075946.002850,5508,17,1
1,NewOrder,1772075946.002986,6999,21,1
2,Payment,1772075946.005319,15290,8,1
1,NewOrder,1772075946.005638,21172,12,1
1,NewOrder,1772075946.005681,15930,10,1
2,Payment,1772075946.005935,11291,11,1
2,Payment,1772075946.006538,6757,1,1
1,NewOrder,1772075946.006854,19985,16,1
2,Payment,1772075946.007351,6515,14,1
2,Payment,1772075946.007452,6421,18,1
2,Payment,1772075946.007904,8238,2,1
2,Payment,1772075946.008176,13861,3,1
2,Payment,1772075946.008364,7020,17,1
1,NewOrder,1772075946.009992,36431,21,1
2,Payment,1772075946.010730,15797,5,1
1,NewOrder,1772075946.011132,20841,6,1
3,OrderStatus,1772075946.012122,5767,23,1
2,Payment,1772075946.012508,11256,9,1
2,Payment,1772075946.013301,17499,1,1
2,Payment,1772075946.013871,6232,14,1
2,Payment,1772075946.013879,3532,18,1
1,NewOrder,1772075946.015007,18467,19,1
2,Payment,1772075946.015394,6584,17,1
2,Payment,1772075946.016052,8777,22,1
2,Payment,1772075946.016063,13284,7,1
5,StockLevel,1772075946.016149,22887,2,1
2,Payment,1772075946.016591,20001,0,1
2,Payment,1772075946.017237,13910,11,1
2,Payment,1772075946.017419,8967,18,1
1,NewOrder,1772075946.017895,8852,23,1
4,Delivery,1772075946.019430,5951,13,1
1,NewOrder,1772075946.020111,42110,14,1
2,Payment,1772075946.020193,11312,20,1
2,Payment,1772075946.020423,18726,4,1
2,Payment,1772075946.020614,15306,8,1
2,Payment,1772075946.021617,17116,10,1
1,NewOrder,1772075946.021983,20646,17,1
3,OrderStatus,1772075946.022049,8422,3,1
2,Payment,1772075946.023771,21788,9,1
1,NewOrder,1772075946.024833,22779,22,1
2,Payment,1772075946.025123,7130,15,1
1,NewOrder,1772075946.025389,22647,13,1
1,NewOrder,1772075946.026395,11016,18,1
2,Payment,1772075946.026532,17495,5,1
3,OrderStatus,1772075946.026753,3818,23,1
1,NewOrder,1772075946.026817,22580,12,1
2,Payment,1772075946.026850,6666,16,1
1,NewOrder,1772075946.029351,18341,7,1
2,Payment,1772075946.030479,17628,3,1
1,NewOrder,1772075946.030576,16725,23,1
5,StockLevel,1772075946.030810,9775,1,1
1,NewOrder,1772075946.031157,32475,11,1
3,OrderStatus,1772075946.031509,3102,20,1
4,Delivery,1772075946.031977,10112,6,1
2,Payment,1772075946.032259,8936,15,1
2,Payment,1772075946.033479,6140,19,1
1,NewOrder,1772075946.033526,12486,16,1
2,Payment,1772075946.034617,6266,20,1
2,Payment,1772075946.035928,14487,8,1
3,OrderStatus,1772075946.036598,14521,0,1
2,Payment,1772075946.037418,5185,18,1
1,NewOrder,1772075946.038740,40080,10,1
2,Payment,1772075946.039040,13271,2,1
1,NewOrder,1772075946.039157,35679,4,1
1,NewOrder,1772075946.039629,39146,19,1
1,NewOrder,1772075946.040589,31880,1,1
2,Payment,1772075946.040889,7115,20,1
1,NewOrder,1772075946.041200,37657,15,1
2,Payment,1772075946.042093,9904,6,1
1,NewOrder,1772075946.042609,25924,18,1
1,NewOrder,1772075946.042633,23612,17,1
2,Payment,1772075946.044035,10720,5,1
1,NewOrder,1772075946.045569,33920,9,1
1,NewOrder,1772075946.046019,29670,16,1
1,NewOrder,1772075946.046427,32365,21,1
2,Payment,1772075946.047308,6258,23,1
5,StockLevel,1772075946.047616,7376,22,1
1,NewOrder,1772075946.047699,12546,7,1
2,Payment,1772075946.048009,9261,20,1
1,NewOrder,1772075946.048040,20883,13,1
1,NewOrder,1772075946.048111,30657,3,1
2,Payment,1772075946.049408,2226,12,1
2,Payment,1772075946.050421,5309,8,1
2,Payment,1772075946.051129,6719,0,1
2,Payment,1772075946.051641,6293,12,1
2,Payment,1772075946.052003,6102,6,1
1,NewOrder,1772075946.052321,17481,2,1
2,Payment,1772075946.053575,9773,23,1
2,Payment,1772075946.054762,8936,5,1
1,NewOrder,1772075946.054997,17509,22,1
1,NewOrder,1772075946.055733,22617,8,1
1,NewOrder,1772075946.057274,21849,20,1
2,Payment,1772075946.057855,8467,0,1
5,StockLevel,1772075946.057940,10329,12,1
2,Payment,1772075946.058109,7735,6,1
1,NewOrder,1772075946.060256,11818,7,1
1,NewOrder,1772075946.062230,17282,14,1
1,NewOrder,1772075946.063359,17288,23,1
2,Payment,1772075946.063638,5382,11,1
2,Payment,1772075946.063703,7120,5,1
2,Payment,1772075946.065851,10356,6,1
1,NewOrder,1772075946.066251,32801,17,1
1,NewOrder,1772075946.066332,33049,0,1
2,Payment,1772075946.068275,4311,12,1
1,NewOrder,1772075946.068539,12431,18,1
1,NewOrder,1772075946.068931,32120,13,1
2,Payment,1772075946.069032,12908,11,1
2,Payment,1772075946.069809,13046,2,1
1,NewOrder,1772075946.070828,28894,5,1
1,NewOrder,1772075946.072084,39833,7,1
1,NewOrder,1772075946.072474,56689,1,1
1,NewOrder,1772075946.072515,28856,22,1
2,Payment,1772075946.072596,4539,12,1
2,Payment,1772075946.074846,9343,4,1
2,Payment,1772075946.075695,7803,16,1
1,NewOrder,1772075946.076217,33061,6,1
2,Payment,1772075946.077143,11721,12,1
2,Payment,1772075946.078357,15540,8,1
1,NewOrder,1772075946.078775,10444,3,1
1,NewOrder,1772075946.078785,10461,19,1
1,NewOrder,1772075946.078799,32179,21,1
2,Payment,1772075946.078827,4354,10,1
2,Payment,1772075946.078862,12006,15,1
2,Payment,1772075946.079127,14090,20,1
2,Payment,1772075946.079493,5058,9,1
1,NewOrder,1772075946.079517,26493,14,1
1,NewOrder,1772075946.080653,8542,23,1
1,NewOrder,1772075946.080974,5308,18,1
4,Delivery,1772075946.081951,40345,11,1
4,Delivery,1772075946.082861,30975,2,1
2,Payment,1772075946.083191,15691,10,1
1,NewOrder,1772075946.083507,29917,16,1
1,NewOrder,1772075946.084193,11701,4,1
2,Payment,1772075946.084557,18180,9,1
1,NewOrder,1772075946.086287,8335,18,1
3,OrderStatus,1772075946.088871,9337,12,1
1,NewOrder,1772075946.089202,19751,23,1
2,Payment,1772075946.089224,4642,3,1
2,Payment,1772075946.089255,6281,19,1
2,Payment,1772075946.090873,7132,15,1
1,NewOrder,1772075946.093233,23819,20,1
2,Payment,1772075946.093892,4737,3,1
1,NewOrder,1772075946.093910,22291,8,1
2,Payment,1772075946.094627,5378,18,1
1,NewOrder,1772075946.095544,30006,19,1
2,Payment,1772075946.095899,5500,4,1
2,Payment,1772075946.098013,7365,15,1
3,OrderStatus,1772075946.098214,3691,12,1
2,Payment,1772075946.098639,5371,3,1
1,NewOrder,1772075946.098887,48791,10,1
2,Payment,1772075946.099062,11510,17,1
1,NewOrder,1772075946.099392,52580,0,1
2,Payment,1772075946.099735,6935,5,1
2,Payment,1772075946.100031,3917,18,1
1,NewOrder,1772075946.101057,18755,13,1
2,Payment,1772075946.101377,7005,22,1
1,NewOrder,1772075946.101404,25989,4,1
2,Payment,1772075946.101918,14671,12,1
3,OrderStatus,1772075946.102742,11479,9,1
2,Payment,1772075946.103958,8641,18,1
2,Payment,1772075946.104016,7014,3,1
1,NewOrder,1772075946.105384,6726,15,1
2,Payment,1772075946.106014,15971,14,1
1,NewOrder,1772075946.106679,42802,5,1
1,NewOrder,1772075946.108391,34152,22,1
1,NewOrder,1772075946.108957,41340,23,1
3,OrderStatus,1772075946.109289,2207,6,1
1,NewOrder,1772075946.110582,40989,17,1
1,NewOrder,1772075946.110988,26753,21,1
2,Payment,1772075946.111040,6785,3,1
2,Payment,1772075946.111506,13671,6,1
4,Delivery,1772075946.111928,10655,7,1
2,Payment,1772075946.112117,14724,15,1
2,Payment,1772075946.112604,7748,18,1
1,NewOrder,1772075946.113434,8942,16,1
2,Payment,1772075946.113842,8971,2,1
3,OrderStatus,1772075946.114226,15091,9,1
2,Payment,1772075946.116211,11283,8,1
2,Payment,1772075946.116599,16956,12,1
1,NewOrder,1772075946.117062,5867,20,1
1,NewOrder,1772075946.117836,41295,3,1
2,Payment,1772075946.119818,8308,13,1
1,NewOrder,1772075946.120363,39357,18,1
2,Payment,1772075946.121996,13188,14,1
1,NewOrder,1772075946.122303,7259,11,1
2,Payment,1772075946.122387,7735,16,1
1,NewOrder,1772075946.122590,2980,7,1
1,NewOrder,1772075946.122824,41396,2,1
2,Payment,1772075946.122934,2582,20,1
3,OrderStatus,1772075946.125187,9830,6,1
1,NewOrder,1772075946.125521,3456,20,1
1,NewOrder,1772075946.125561,13083,19,1
1,NewOrder,1772075946.125577,19313,7,1
5,StockLevel,1772075946.126850,23918,15,1
1,NewOrder,1772075946.127400,36880,4,1
2,Payment,1772075946.127504,10972,8,1
2,Payment,1772075946.128132,10362,13,1
1,NewOrder,1772075946.128983,6775,20,1
2,Payment,1772075946.129169,13887,1,1
1,NewOrder,1772075946.129328,37537,9,1
3,OrderStatus,1772075946.129567,4658,11,1
5,StockLevel,1772075946.130132,7792,16,1
2,Payment,1772075946.133562,8330,12,1
1,NewOrder,1772075946.134231,13217,11,1
2,Payment,1772075946.135027,9440,6,1
1,NewOrder,1772075946.135194,33157,14,1
1,NewOrder,1772075946.135765,11573,20,1
1,NewOrder,1772075946.137750,22447,21,1
1,NewOrder,1772075946.137933,19396,16,1
2,Payment,1772075946.138482,8382,8,1
2,Payment,1772075946.138499,7237,13,1
2,Payment,1772075946.138648,4690,19,1
2,Payment,1772075946.141903,6201,12,1
2,Payment,1772075946.142550,8494,22,1
1,NewOrder,1772075946.143067,43408,1,1
2,Payment,1772075946.143344,12286,19,1
2,Payment,1772075946.144477,12382,6,1
2,Payment,1772075946.144897,6700,7,1
1,NewOrder,1772075946.145741,46696,13,1
1,NewOrder,1772075946.146871,25783,8,1
1,NewOrder,1772075946.147342,17267,20,1
1,NewOrder,1772075946.147458,30519,11,1
2,Payment,1772075946.147689,12393,10,1
1,NewOrder,1772075946.148111,35063,12,1
2,Payment,1772075946.149489,9156,5,1
2,Payment,1772075946.150302,8877,23,1
2,Payment,1772075946.150773,6520,15,1
1,NewOrder,1772075946.151050,41424,22,1
1,NewOrder,1772075946.151578,20798,17,1
4,Delivery,1772075946.151603,46878,7,1
2,Payment,1772075946.151979,8086,0,1
2,Payment,1772075946.155636,11590,19,1
2,Payment,1772075946.156865,9634,6,1
2,Payment,1772075946.157300,12572,15,1
2,Payment,1772075946.157337,9619,16,1
2,Payment,1772075946.158655,5192,5,1
1,NewOrder,1772075946.159142,15755,3,1
5,StockLevel,1772075946.159185,25808,23,1
1,NewOrder,1772075946.159730,17081,18,1
2,Payment,1772075946.160072,4902,0,1
1,NewOrder,1772075946.160087,34510,10,1
3,OrderStatus,1772075946.160203,4436,21,1
2,Payment,1772075946.163858,5120,5,1
2,Payment,1772075946.164227,10735,2,1
2,Payment,1772075946.164288,6288,4,1
2,Payment,1772075946.164614,5685,20,1
2,Payment,1772075946.164644,9896,21,1
1,NewOrder,1772075946.164984,10255,0,1
2,Payment,1772075946.166506,25272,6,1
2,Payment,1772075946.166870,26332,9,1
1,NewOrder,1772075946.166967,40328,16,1
1,NewOrder,1772075946.167233,29418,19,1
1,NewOrder,1772075946.168362,27034,14,1
2,Payment,1772075946.168985,9306,5,1
1,NewOrder,1772075946.169876,32274,15,1
1,NewOrder,1772075946.170310,19007,20,1
2,Payment,1772075946.170583,9565,4,1
1,NewOrder,1772075946.172381,4798,17,1
2,Payment,1772075946.172658,22410,8,1
2,Payment,1772075946.174546,6141,21,1
1,NewOrder,1772075946.174904,3029,3,1
1,NewOrder,1772075946.174972,30374,2,1
5,StockLevel,1772075946.175249,24893,0,1
2,Payment,1772075946.176822,1819,18,1
1,NewOrder,1772075946.177190,13354,17,1
2,Payment,1772075946.177939,6275,3,1
1,NewOrder,1772075946.177980,27393,11,1
2,Payment,1772075946.178298,3423,5,1
1,NewOrder,1772075946.178648,10000,18,1
1,NewOrder,1772075946.180159,38132,4,1
1,NewOrder,1772075946.180698,19930,21,1
2,Payment,1772075946.181728,5226,5,1
2,Payment,1772075946.183183,10917,12,1
1,NewOrder,1772075946.184221,38089,3,1
1,NewOrder,1772075946.185004,24110,23,1
2,Payment,1772075946.186481,2486,1,1
2,Payment,1772075946.186960,5187,5,1
2,Payment,1772075946.188658,9475,18,1
1,NewOrder,1772075946.188976,46207,1,1
4,Delivery,1772075946.189327,40454,20,1
4,Delivery,1772075946.190550,54756,17,1
1,NewOrder,1772075946.191782,13537,6,1
1,NewOrder,1772075946.192153,54669,5,1
1,NewOrder,1772075946.192444,38133,13,1
2,Payment,1772075946.192485,12434,22,1
2,Payment,1772075946.193209,5706,9,1
2,Payment,1772075946.194105,6872,12,1
1,NewOrder,1772075946.194608,12142,10,1
1,NewOrder,1772075946.195076,29205,8,1
2,Payment,1772075946.195400,13349,14,1
2,Payment,1772075946.196656,17259,19,1
1,NewOrder,1772075946.198144,39873,18,1
1,NewOrder,1772075946.198490,31595,7,1
1,NewOrder,1772075946.198921,35537,9,1
1,NewOrder,1772075946.200153,10390,0,1
2,Payment,1772075946.200638,16952,21,1
3,OrderStatus,1772075946.200985,6791,12,1
1,NewOrder,1772075946.202155,9093,15,1
1,NewOrder,1772075946.204925,29498,22,1
2,Payment,1772075946.205328,8223,6,1
1,NewOrder,1772075946.205353,24080,2,1
5,StockLevel,1772075946.205380,23226,11,1
1,NewOrder,1772075946.206757,8323,10,1
1,NewOrder,1772075946.207305,21226,16,1
2,Payment,1772075946.207786,10181,12,1
1,NewOrder,1772075946.208760,23847,14,1
2,Payment,1772075946.209119,13810,23,1
2,Payment,1772075946.210550,3324,0,1
1,NewOrder,1772075946.211255,12702,15,1
2,Payment,1772075946.213557,9351,6,1
2,Payment,1772075946.213880,1314,0,1
1,NewOrder,1772075946.213922,28930,19,1
1,NewOrder,1772075946.215085,13970,10,1
4,Delivery,1772075946.215199,3791,0,1
1,NewOrder,1772075946.217598,39895,21,1
1,NewOrder,1772075946.217972,22744,12,1
1,NewOrder,1772075946.218296,42606,4,1
2,Payment,1772075946.218994,3884,0,1
2,Payment,1772075946.222316,7058,3,1
1,NewOrder,1772075946.222883,19976,0,1
1,NewOrder,1772075946.222919,25334,6,1
2,Payment,1772075946.222937,12190,23,1
1,NewOrder,1772075946.223968,22337,15,1
2,Payment,1772075946.224287,3201,8,1
2,Payment,1772075946.227494,9830,8,1
2,Payment,1772075946.228536,6677,16,1
2,Payment,1772075946.228614,14333,11,1
1,NewOrder,1772075946.229061,28400,10,1
2,Payment,1772075946.229379,8894,3,1
1,NewOrder,1772075946.229441,41520,2,1
2,Payment,1772075946.229786,12515,20,1
1,NewOrder,1772075946.230097,31300,7,1
1,NewOrder,1772075946.230582,14691,13,1
2,Payment,1772075946.232612,8837,14,1
1,NewOrder,1772075946.234427,9138,22,1
1,NewOrder,1772075946.234464,10524,9,1
1,NewOrder,1772075946.235133,24530,23,1
2,Payment,1772075946.235189,13020,1,1
1,NewOrder,1772075946.235219,36536,16,1
1,NewOrder,1772075946.237330,37504,8,1
2,Payment,1772075946.238028,6507,18,1
1,NewOrder,1772075946.238279,43698,3,1
1,NewOrder,1772075946.240727,23566,12,1
2,Payment,1772075946.241460,9501,14,1
1,NewOrder,1772075946.242307,31977,20,1
2,Payment,1772075946.242860,3993,19,1
2,Payment,1772075946.242868,9467,0,1
2,Payment,1772075946.242957,12118,11,1
2,Payment,1772075946.243572,4918,22,1
2,Payment,1772075946.244542,6778,18,1
2,Payment,1772075946.244993,12531,9,1
2,Payment,1772075946.245279,9385,13,1
2,Payment,1772075946.245310,7489,17,1
1,NewOrder,1772075946.246312,29989,15,1
1,NewOrder,1772075946.246827,28535,5,1
4,Delivery,1772075946.246860,18695,19,1
2,Payment,1772075946.248220,8241,1,1
1,NewOrder,1772075946.248259,36091,6,1
3,OrderStatus,1772075946.248500,2087,22,1
2,Payment,1772075946.250594,7363,22,1
1,NewOrder,1772075946.250966,26153,14,1
2,Payment,1772075946.251328,1859,18,1
1,NewOrder,1772075946.252341,18628,0,1
1,NewOrder,1772075946.252808,30685,17,1
1,NewOrder,1772075946.253193,12708,18,1
2,Payment,1772075946.254675,6852,13,1
3,OrderStatus,1772075946.255085,1688,11,1
1,NewOrder,1772075946.256469,32534,1,1
2,Payment,1772075946.256780,16751,11,1
2,Payment,1772075946.257466,10260,10,1
1,NewOrder,1772075946.257500,39820,21,1
2,Payment,1772075946.257532,1583,9,1
1,NewOrder,1772075946.257961,22271,22,1
1,NewOrder,1772075946.259119,31551,9,1
1,NewOrder,1772075946.259670,17770,23,1
2,Payment,1772075946.260908,10064,4,1
2,Payment,1772075946.261409,13929,7,1
2,Payment,1772075946.261530,4821,13,1
2,Payment,1772075946.264304,5718,12,1
4,Delivery,1772075946.265564,23758,19,1
2,Payment,1772075946.265905,6727,18,1
2,Payment,1772075946.266358,7831,13,1
1,NewOrder,1772075946.267732,33151,10,1
3,OrderStatus,1772075946.270030,7646,12,1
1,NewOrder,1772075946.270973,14711,2,1
2,Payment,1772075946.270982,7812,0,1
1,NewOrder,1772075946.270982,47127,4,1
2,Payment,1772075946.271761,4958,16,1
2,Payment,1772075946.272643,7941,18,1
5,StockLevel,1772075946.273538,13668,11,1
1,NewOrder,1772075946.274196,23060,13,1
2,Payment,1772075946.274291,8024,20,1
2,Payment,1772075946.274844,7695,8,1
2,Payment,1772075946.275349,5484,7,1
1,NewOrder,1772075946.275370,22224,5,1
5,StockLevel,1772075946.276305,12841,15,1
2,Payment,1772075946.276723,7915,16,1
1,NewOrder,1772075946.277139,14929,14,1
2,Payment,1772075946.277446,14262,23,1
2,Payment,1772075946.277684,10780,12,1
1,NewOrder,1772075946.278800,30186,0,1
2,Payment,1772075946.280236,6821,22,1
2,Payment,1772075946.280598,9440,18,1
1,NewOrder,1772075946.280838,22448,7,1
2,Payment,1772075946.281982,5381,3,1
2,Payment,1772075946.282325,13010,20,1
2,Payment,1772075946.282549,3720,8,1
3,OrderStatus,1772075946.283503,5363,17,1
2,Payment,1772075946.284356,5002,6,1
1,NewOrder,1772075946.284646,12923,16,1
2,Payment,1772075946.285688,5420,2,1
2,Payment,1772075946.286277,6111,8,1
2,Payment,1772075946.287068,13169,22,1
2,Payment,1772075946.287212,18938,11,1
1,NewOrder,1772075946.287369,15572,3,1
1,NewOrder,1772075946.288471,38713,12,1
4,Delivery,1772075946.288874,49518,17,1
1,NewOrder,1772075946.289009,16126,1,1
2,Payment,1772075946.289152,5527,15,1
1,NewOrder,1772075946.289327,29225,19,1
2,Payment,1772075946.289364,7086,6,1
2,Payment,1772075946.290043,13500,18,1
2,Payment,1772075946.290674,17954,9,1
2,Payment,1772075946.291113,14384,2,1
1,NewOrder,1772075946.291719,30318,23,1
1,NewOrder,1772075946.292079,33860,14,1
2,Payment,1772075946.292393,8460,8,1
2,Payment,1772075946.294689,2880,15,1
4,Delivery,1772075946.295348,27658,20,1
1,NewOrder,1772075946.296456,47288,6,1
2,Payment,1772075946.297263,11934,13,1
4,Delivery,1772075946.297331,25284,21,1
2,Payment,1772075946.297575,3242,15,1
2,Payment,1772075946.297576,7957,16,1
1,NewOrder,1772075946.297601,22809,5,1
1,NewOrder,1772075946.300243,44364,22,1
5,StockLevel,1772075946.300822,11216,15,1
1,NewOrder,1772075946.300864,28858,8,1
2,Payment,1772075946.300889,12543,10,1
1,NewOrder,1772075946.302952,13425,3,1
2,Payment,1772075946.303293,15330,7,1
2,Payment,1772075946.303550,7034,18,1
1,NewOrder,1772075946.305139,21310,1,1
2,Payment,1772075946.305503,3781,2,1
2,Payment,1772075946.305540,10366,16,1
1,NewOrder,1772075946.306158,19452,11,1
2,Payment,1772075946.308635,13471,9,1
2,Payment,1772075946.308995,5622,0,1
1,NewOrder,1772075946.309208,33507,13,1
1,NewOrder,1772075946.309291,22953,2,1
5,StockLevel,1772075946.310590,23895,18,1
1,NewOrder,1772075946.312044,14387,15,1
5,StockLevel,1772075946.313437,20219,10,1
1,NewOrder,1772075946.314627,43024,0,1
2,Payment,1772075946.315921,8454,16,1
2,Payment,1772075946.316388,4725,3,1
1,NewOrder,1772075946.318113,28759,4,1
1,NewOrder,1772075946.318562,30019,19,1
2,Payment,1772075946.318627,6557,7,1
2,Payment,1772075946.320421,5213,5,1
1,NewOrder,1772075946.321125,25835,3,1
1,NewOrder,1772075946.322048,35628,23,1
1,NewOrder,1772075946.322110,21572,9,1
1,NewOrder,1772075946.322623,23887,21,1
1,NewOrder,1772075946.323013,20425,20,1
1,NewOrder,1772075946.324381,23000,16,1
2,Payment,1772075946.325191,10024,7,1
2,Payment,1772075946.325616,6925,11,1
2,Payment,1772075946.325642,11939,5,1
1,NewOrder,1772075946.325943,26494,14,1
2,Payment,1772075946.326437,2273,15,1
1,NewOrder,1772075946.326455,13453,1,1
1,NewOrder,1772075946.327189,34282,12,1
2,Payment,1772075946.328717,4335,15,1
2,Payment,1772075946.329734,8849,8,1
1,NewOrder,1772075946.332250,36915,2,1
1,NewOrder,1772075946.332552,32325,11,1
2,Payment,1772075946.333057,3140,15,1
1,NewOrder,1772075946.333660,36690,10,1
2,Payment,1772075946.334492,8536,18,1
1,NewOrder,1772075946.335221,26648,7,1
5,StockLevel,1772075946.336202,9131,15,1
1,NewOrder,1772075946.337588,22352,5,1
1,NewOrder,1772075946.338401,27085,17,1
1,NewOrder,1772075946.338589,30599,8,1
1,NewOrder,1772075946.339913,17706,1,1
2,Payment,1772075946.342724,11310,13,1
2,Payment,1772075946.343036,6348,18,1
2,Payment,1772075946.343451,9339,20,1
3,OrderStatus,1772075946.343689,5519,9,1
1,NewOrder,1772075946.343752,26574,6,1
1,NewOrder,1772075946.344614,21102,22,1
5,StockLevel,1772075946.345345,12173,15,1
1,NewOrder,1772075946.346521,22671,21,1
1,NewOrder,1772075946.346877,15661,4,1
2,Payment,1772075946.346971,4658,3,1
5,StockLevel,1772075946.347385,26220,16,1
1,NewOrder,1772075946.348589,28116,19,1
1,NewOrder,1772075946.349220,25556,9,1
2,Payment,1772075946.349392,7743,18,1
1,NewOrder,1772075946.351640,25457,3,1
5,StockLevel,1772075946.352443,14525,14,1
1,NewOrder,1772075946.352796,32174,20,1
1,NewOrder,1772075946.354045,14753,13,1
1,NewOrder,1772075946.357143,42542,18,1
1,NewOrder,1772075946.357524,27694,15,1
2,Payment,1772075946.357626,7744,1,1
2,Payment,1772075946.357658,12279,0,1
1,NewOrder,1772075946.357688,42074,23,1
2,Payment,1772075946.359947,11611,5,1
1,NewOrder,1772075946.361477,24936,12,1
2,Payment,1772075946.361873,5120,7,1
1,NewOrder,1772075946.362549,24044,4,1
1,NewOrder,1772075946.364888,12149,11,1
2,Payment,1772075946.365375,19923,1,1
2,Payment,1772075946.365492,5324,17,1
1,NewOrder,1772075946.365727,22477,22,1
2,Payment,1772075946.366978,8942,14,1
2,Payment,1772075946.366997,4908,7,1
2,Payment,1772075946.368804,12658,13,1
1,NewOrder,1772075946.369174,17216,2,1
1,NewOrder,1772075946.369193,17162,8,1
2,Payment,1772075946.369200,8770,21,1
5,StockLevel,1772075946.369944,21093,0,1
2,Payment,1772075946.370333,14918,6,1
1,NewOrder,1772075946.370355,21604,10,1
2,Payment,1772075946.370821,15632,17,1
1,NewOrder,1772075946.371570,14972,5,1
2,Payment,1772075946.371911,28006,7,1
1,NewOrder,1772075946.373613,26413,16,1
1,NewOrder,1772075946.374781,11701,9,1
1,NewOrder,1772075946.375930,16424,14,1
2,Payment,1772075946.376720,9593,19,1
2,Payment,1772075946.377043,32698,11,1
2,Payment,1772075946.377117,22508,3,1
1,NewOrder,1772075946.377976,21090,21,1
1,NewOrder,1772075946.381473,28993,13,1
2,Payment,1772075946.384977,14898,20,1
2,Payment,1772075946.385224,14564,15,1
3,OrderStatus,1772075946.385257,8207,6,1
2,Payment,1772075946.385311,22605,1,1
1,NewOrder,1772075946.386318,21702,19,1
2,Payment,1772075946.386366,32048,8,1
1,NewOrder,1772075946.386400,21649,2,1
2,Payment,1772075946.386417,5972,12,1
1,NewOrder,1772075946.386458,23172,17,1
2,Payment,1772075946.386487,44689,9,1
1,NewOrder,1772075946.386547,19091,5,1
2,Payment,1772075946.386599,36178,4,1
1,NewOrder,1772075946.388209,22488,22,1
1,NewOrder,1772075946.391043,10192,0,1
2,Payment,1772075946.391971,49449,10,1
2,Payment,1772075946.392359,17154,14,1
1,NewOrder,1772075946.392395,17542,12,1
2,Payment,1772075946.393470,50477,6,1
1,NewOrder,1772075946.399070,13557,21,1
1,NewOrder,1772075946.399641,17285,3,1
2,Payment,1772075946.399695,10742,18,1
1,NewOrder,1772075946.399780,31054,23,1
2,Payment,1772075946.399794,18616,15,1
4,Delivery,1772075946.399880,16984,20,1
2,Payment,1772075946.399924,48521,7,1
2,Payment,1772075946.400037,31073,16,1
1,NewOrder,1772075946.401241,29966,0,1
2,Payment,1772075946.405644,29844,5,1
2,Payment,1772075946.407922,51145,1,1
1,NewOrder,1772075946.408024,27442,19,1
1,NewOrder,1772075946.408060,27193,2,1
1,NewOrder,1772075946.409524,25767,14,1
3,OrderStatus,1772075946.409640,9625,17,1
3,OrderStatus,1772075946.409752,5695,11,1
2,Payment,1772075946.409948,31383,12,1
2,Payment,1772075946.410444,4006,18,1
1,NewOrder,1772075946.410472,12577,13,1
2,Payment,1772075946.410709,12152,22,1
5,StockLevel,1772075946.412634,10052,21,1
2,Payment,1772075946.414456,20998,18,1
2,Payment,1772075946.415458,43574,11,1
1,NewOrder,1772075946.416875,18540,20,1
1,NewOrder,1772075946.416937,18415,3,1
2,Payment,1772075946.418427,50414,8,1
1,NewOrder,1772075946.418428,22835,15,1
3,OrderStatus,1772075946.419270,2587,17,1
1,NewOrder,1772075946.421862,13564,17,1
1,NewOrder,1772075946.422696,12627,21,1
1,NewOrder,1772075946.422787,12605,4,1
5,StockLevel,1772075946.422869,5855,22,1
1,NewOrder,1772075946.423054,12252,13,1
2,Payment,1772075946.428731,14477,22,1
2,Payment,1772075946.430845,17632,23,1
2,Payment,1772075946.431116,15404,16,1
1,NewOrder,1772075946.431187,9830,9,1
2,Payment,1772075946.431217,37395,0,1
2,Payment,1772075946.435261,13144,2,1
1,NewOrder,1772075946.435302,11791,14,1
2,Payment,1772075946.435314,23728,13,1
1,NewOrder,1772075946.435331,23739,21,1
2,Payment,1772075946.435381,7696,3,1
2,Payment,1772075946.435403,35617,4,1
5,StockLevel,1772075946.435428,5000,20,1
1,NewOrder,1772075946.435437,10246,17,1
2,Payment,1772075946.435465,18891,18,1
2,Payment,1772075946.435472,27847,19,1
1,NewOrder,1772075946.435496,7527,5,1
3,OrderStatus,1772075946.440438,609,20,1
1,NewOrder,1772075946.441025,22349,9,1
1,NewOrder,1772075946.441052,17893,20,1
1,NewOrder,1772075946.441272,17589,15,1
3,OrderStatus,1772075946.441340,1232,12,1
1,NewOrder,1772075946.441426,21971,10,1
1,NewOrder,1772075946.442580,20822,12,1
1,NewOrder,1772075946.443028,20164,5,1
1,NewOrder,1772075946.443086,16013,3,1
2,Payment,1772075946.443212,27662,22,1
1,NewOrder,1772075946.443957,14962,6,1
2,Payment,1772075946.445689,23053,17,1
2,Payment,1772075946.446530,24973,16,1
2,Payment,1772075946.447097,29292,14,1
1,NewOrder,1772075946.448410,14766,2,1
2,Payment,1772075946.448456,26040,7,1
2,Payment,1772075946.448482,26122,23,1
2,Payment,1772075946.454364,24040,18,1
1,NewOrder,1772075946.458870,9833,15,1
1,NewOrder,1772075946.458928,25469,6,1
2,Payment,1772075946.458955,24599,20,1
4,Delivery,1772075946.459042,25123,11,1
4,Delivery,1772075946.459055,11667,13,1
1,NewOrder,1772075946.459079,11695,21,1
2,Payment,1772075946.459079,15065,1,1
1,NewOrder,1772075946.459104,11711,3,1
2,Payment,1772075946.463185,17748,2,1
2,Payment,1772075946.463203,27853,5,1
2,Payment,1772075946.463328,27355,19,1
1,NewOrder,1772075946.463385,23883,9,1
1,NewOrder,1772075946.463404,20041,10,1
2,Payment,1772075946.463412,17857,12,1
1,NewOrder,1772075946.468623,22316,0,1
2,Payment,1772075946.468709,23377,15,1
2,Payment,1772075946.468748,36800,17,1
2,Payment,1772075946.468852,11977,8,1
3,OrderStatus,1772075946.470727,4480,13,1
1,NewOrder,1772075946.470784,20185,21,1
1,NewOrder,1772075946.470825,13265,3,1
2,Payment,1772075946.470885,32903,22,1
1,NewOrder,1772075946.471031,14154,4,1
1,NewOrder,1772075946.471509,20533,16,1
1,NewOrder,1772075946.474152,31320,1,1
2,Payment,1772075946.474501,16537,7,1
1,NewOrder,1772075946.474610,28853,23,1
1,NewOrder,1772075946.475213,15757,13,1
3,OrderStatus,1772075946.476397,11695,14,1
1,NewOrder,1772075946.478412,17072,18,1
2,Payment,1772075946.480840,22970,8,1
5,StockLevel,1772075946.480944,16223,2,1
2,Payment,1772075946.481275,31537,12,1
1,NewOrder,1772075946.483455,22118,10,1
4,Delivery,1772075946.483565,22052,20,1
1,NewOrder,1772075946.484102,14831,3,1
2,Payment,1772075946.484171,28504,11,1
3,OrderStatus,1772075946.484404,1674,6,1
4,Delivery,1772075946.485195,27641,4,1
1,NewOrder,1772075946.486084,19554,6,1
1,NewOrder,1772075946.487279,18395,9,1
3,OrderStatus,1772075946.488098,5906,14,1
1,NewOrder,1772075946.490689,15039,19,1
2,Payment,1772075946.490949,12825,0,1
1,NewOrder,1772075946.490975,14466,13,1
2,Payment,1772075946.490980,18405,21,1
2,Payment,1772075946.491044,41261,7,1
2,Payment,1772075946.491067,18431,5,1
2,Payment,1772075946.492049,47800,16,1
2,Payment,1772075946.492093,30813,15,1
1,NewOrder,1772075946.494009,11681,14,1
1,NewOrder,1772075946.495491,13933,18,1
2,Payment,1772075946.497175,30598,2,1
2,Payment,1772075946.498941,33671,3,1
2,Payment,1772075946.503471,11684,23,1
2,Payment,1772075946.503785,11270,0,1
4,Delivery,1772075946.503799,2446,22,1
1,NewOrder,1772075946.503815,9002,8,1
1,NewOrder,1772075946.505448,22266,13,1
1,NewOrder,1772075946.505482,15071,1,1
1,NewOrder,1772075946.505555,11276,17,1
5,StockLevel,1772075946.505584,5432,10,1
2,Payment,1772075946.505627,14999,20,1
2,Payment,1772075946.505643,11228,6,1
2,Payment,1772075946.505684,17272,9,1
2,Payment,1772075946.505696,11081,14,1
2,Payment,1772075946.505737,21724,19,1
1,NewOrder,1772075946.506251,10611,22,1
2,Payment,1772075946.509391,23766,21,1
1,NewOrder,1772075946.509430,18323,18,1
2,Payment,1772075946.509504,29085,5,1
1,NewOrder,1772075946.511020,9727,10,1
2,Payment,1772075946.512680,27581,11,1
1,NewOrder,1772075946.512823,23997,12,1
2,Payment,1772075946.512828,23139,8,1
3,OrderStatus,1772075946.512841,7105,4,1
1,NewOrder,1772075946.515060,17254,0,1
2,Payment,1772075946.515166,24715,23,1
2,Payment,1772075946.516787,15299,14,1
1,NewOrder,1772075946.516841,15282,17,1
1,NewOrder,1772075946.516872,15672,22,1
2,Payment,1772075946.516875,26396,6,1
1,NewOrder,1772075946.519956,13091,4,1
2,Payment,1772075946.520564,22771,1,1
1,NewOrder,1772075946.520631,11938,20,1
1,NewOrder,1772075946.520752,11762,10,1
2,Payment,1772075946.522915,22923,15,1
1,NewOrder,1772075946.522965,13416,9,1
1,NewOrder,1772075946.527469,5017,19,1
1,NewOrder,1772075946.527724,5064,13,1
2,Payment,1772075946.527765,21392,18,1
2,Payment,1772075946.527783,21348,2,1
1,NewOrder,1772075946.532091,36719,14,1
1,NewOrder,1772075946.532133,22852,17,1
2,Payment,1772075946.532310,20150,7,1
3,OrderStatus,1772075946.532324,4472,0,1
1,NewOrder,1772075946.532490,22562,19,1
2,Payment,1772075946.532523,16728,10,1
1,NewOrder,1772075946.532555,22588,22,1
1,NewOrder,1772075946.532576,22503,20,1
1,NewOrder,1772075946.532619,22501,3,1
1,NewOrder,1772075946.532793,35988,13,1
1,NewOrder,1772075946.533052,29503,4,1
2,Payment,1772075946.533160,26407,21,1
3,OrderStatus,1772075946.535975,7111,8,1
1,NewOrder,1772075946.536385,29632,9,1
1,NewOrder,1772075946.536810,31941,0,1
1,NewOrder,1772075946.536831,29370,12,1
1,NewOrder,1772075946.538598,17786,5,1
2,Payment,1772075946.539858,13304,16,1
2,Payment,1772075946.539887,28802,23,1
2,Payment,1772075946.540271,16150,11,1
2,Payment,1772075946.543093,23013,8,1
1,NewOrder,1772075946.543282,22901,6,1
2,Payment,1772075946.543341,12975,1,1
1,NewOrder,1772075946.545845,23005,15,1
3,OrderStatus,1772075946.549140,5087,2,1
2,Payment,1772075946.549169,22696,18,1
2,Payment,1772075946.549259,27598,10,1
1,NewOrder,1772075946.552469,16254,7,1
2,Payment,1772075946.553169,8575,16,1
1,NewOrder,1772075946.554234,16157,2,1
2,Payment,1772075946.554996,13881,17,1
1,NewOrder,1772075946.555059,15357,19,1
2,Payment,1772075946.555084,28005,20,1
4,Delivery,1772075946.555131,19015,3,1
2,Payment,1772075946.555150,21573,22,1
5,StockLevel,1772075946.556325,9368,1,1
1,NewOrder,1772075946.556389,14885,5,1
2,Payment,1772075946.556428,26559,11,1
5,StockLevel,1772075946.559577,12670,21,1
3,OrderStatus,1772075946.561749,2038,16,1
1,NewOrder,1772075946.562560,11614,4,1
2,Payment,1772075946.563796,13022,16,1
1,NewOrder,1772075946.565703,17143,1,1
1,NewOrder,1772075946.566028,10751,9,1
2,Payment,1772075946.566117,25779,8,1
1,NewOrder,1772075946.566194,16818,6,1
2,Payment,1772075946.566211,23419,12,1
2,Payment,1772075946.568699,23429,23,1
1,NewOrder,1772075946.568730,11671,7,1
2,Payment,1772075946.568758,5415,0,1
2,Payment,1772075946.568792,14036,13,1
1,NewOrder,1772075946.568815,14053,14,1
2,Payment,1772075946.568858,25495,15,1
2,Payment,1772075946.568882,32125,17,1
2,Payment,1772075946.570397,7349,2,1
2,Payment,1772075946.570423,30633,19,1
2,Payment,1772075946.571280,11594,5,1
2,Payment,1772075946.571874,36157,18,1
1,NewOrder,1772075946.572258,10607,21,1
2,Payment,1772075946.574156,12600,3,1
2,Payment,1772075946.574179,31130,0,1
2,Payment,1772075946.574182,22958,4,1
1,NewOrder,1772075946.576729,15405,22,1
2,Payment,1772075946.576787,23961,9,1
2,Payment,1772075946.576823,46913,16,1
3,OrderStatus,1772075946.576863,2630,10,1
2,Payment,1772075946.577751,14299,2,1
4,Delivery,1772075946.579498,12508,10,1
5,StockLevel,1772075946.580411,1638,7,1
2,Payment,1772075946.582056,26022,7,1
3,OrderStatus,1772075946.582834,1838,13,1
1,NewOrder,1772075946.582851,14271,1,1
1,NewOrder,1772075946.582868,9103,21,1
1,NewOrder,1772075946.582878,11347,14,1
2,Payment,1772075946.582884,32624,5,1
2,Payment,1772075946.583000,32381,11,1
5,StockLevel,1772075946.583023,8782,6,1
1,NewOrder,1772075946.583099,11206,20,1
2,Payment,1772075946.584677,23207,13,1
2,Payment,1772075946.586767,37391,3,1
2,Payment,1772075946.589635,25449,12,1
2,Payment,1772075946.591814,31869,6,1
1,NewOrder,1772075946.591901,13265,8,1
1,NewOrder,1772075946.591976,16050,21,1
2,Payment,1772075946.592012,44365,10,1
2,Payment,1772075946.592059,56143,2,1
1,NewOrder,1772075946.592133,13072,23,1
2,Payment,1772075946.592144,19385,22,1
1,NewOrder,1772075946.594251,11084,14,1
1,NewOrder,1772075946.594321,10961,20,1
2,Payment,1772075946.594379,25014,15,1
1,NewOrder,1772075946.597148,10845,1,1
1,NewOrder,1772075946.597156,10859,4,1
2,Payment,1772075946.600753,18690,9,1
2,Payment,1772075946.601013,27905,17,1
2,Payment,1772075946.601066,16888,19,1
2,Payment,1772075946.605183,23686,8,1
2,Payment,1772075946.605230,18214,23,1
5,StockLevel,1772075946.605309,1705,20,1
2,Payment,1772075946.605326,14051,0,1
5,StockLevel,1772075946.605352,5003,14,1
1,NewOrder,1772075946.607023,8293,20,1
2,Payment,1772075946.607895,28523,13,1
2,Payment,1772075946.608003,20874,1,1
1,NewOrder,1772075946.608025,11314,4,1
2,Payment,1772075946.608036,23867,21,1
2,Payment,1772075946.608041,28670,18,1
1,NewOrder,1772075946.608082,9889,7,1
1,NewOrder,1772075946.610381,7565,14,1
1,NewOrder,1772075946.611555,6405,22,1
1,NewOrder,1772075946.615101,8591,12,1
2,Payment,1772075946.615342,28325,20,1
2,Payment,1772075946.615399,25550,11,1
2,Payment,1772075946.615535,35525,5,1
2,Payment,1772075946.617955,25794,14,1
2,Payment,1772075946.617960,30094,19,1
2,Payment,1772075946.617970,41700,22,1
1,NewOrder,1772075946.617981,18362,7,1
2,Payment,1772075946.619346,17052,4,1
1,NewOrder,1772075946.619385,4280,0,1
1,NewOrder,1772075946.619421,4854,15,1
1,NewOrder,1772075946.619460,8204,9,1
1,NewOrder,1772075946.623452,13214,23,1
2,Payment,1772075946.623671,19914,0,1
1,NewOrder,1772075946.623694,13020,6,1
1,NewOrder,1772075946.623703,13006,12,1
1,NewOrder,1772075946.623747,12916,16,1
1,NewOrder,1772075946.624168,15572,3,1
2,Payment,1772075946.624293,24047,15,1
2,Payment,1772075946.627677,18767,9,1
2,Payment,1772075946.628880,30766,8,1
2,Payment,1772075946.628882,30818,1,1
2,Payment,1772075946.628928,27738,17,1
1,NewOrder,1772075946.631914,13458,21,1
2,Payment,1772075946.636354,54701,7,1
2,Payment,1772075946.636384,34237,10,1
1,NewOrder,1772075946.636409,23051,4,1
2,Payment,1772075946.636425,33934,13,1
2,Payment,1772075946.636670,23497,16,1
1,NewOrder,1772075946.636678,13115,23,1
1,NewOrder,1772075946.636714,9734,12,1
2,Payment,1772075946.636720,25461,6,1
1,NewOrder,1772075946.636722,14349,18,1
1,NewOrder,1772075946.639747,6552,3,1
2,Payment,1772075946.640955,56143,11,1
4,Delivery,1772075946.643598,6224,0,1
1,NewOrder,1772075946.643693,7404,20,1
2,Payment,1772075946.643782,33013,14,1
1,NewOrder,1772075946.645382,11640,21,1
1,NewOrder,1772075946.646305,13256,3,1
2,Payment,1772075946.646453,38065,9,1
1,NewOrder,1772075946.646458,13157,12,1
1,NewOrder,1772075946.648069,13142,19,1
1,NewOrder,1772075946.648217,11906,2,1
2,Payment,1772075946.648367,42819,15,1
2,Payment,1772075946.649802,20532,23,1
1,NewOrder,1772075946.649829,11831,0,1
2,Payment,1772075946.651086,17020,5,1
2,Payment,1772075946.651088,40237,18,1
1,NewOrder,1772075946.651116,8538,20,1
4,Delivery,1772075946.656678,17404,17,1
2,Payment,1772075946.657032,45743,21,1
1,NewOrder,1772075946.659468,10978,4,1
2,Payment,1772075946.659587,14274,3,1
2,Payment,1772075946.659641,37741,12,1
2,Payment,1772075946.659674,17103,8,1
2,Payment,1772075946.659674,24780,20,1
2,Payment,1772075946.659697,17132,22,1
1,NewOrder,1772075946.659729,10638,1,1
1,NewOrder,1772075946.660152,10336,2,1
2,Payment,1772075946.660173,45271,16,1
2,Payment,1772075946.661222,45127,19,1
1,NewOrder,1772075946.661671,15055,0,1
2,Payment,1772075946.662186,43146,6,1
1,NewOrder,1772075946.668115,13078,5,1
2,Payment,1772075946.670344,42980,23,1
2,Payment,1772075946.670366,14264,13,1
2,Payment,1772075946.670378,10637,1,1
1,NewOrder,1772075946.670457,10609,4,1
2,Payment,1772075946.670498,16380,2,1
2,Payment,1772075946.670631,46542,10,1
1,NewOrder,1772075946.673872,10686,3,1
1,NewOrder,1772075946.674088,7144,17,1
1,NewOrder,1772075946.676749,10053,0,1
1,NewOrder,1772075946.676791,10528,8,1
3,OrderStatus,1772075946.676822,2128,14,1
2,Payment,1772075946.676848,43382,22,1
1,NewOrder,1772075946.678959,7849,14,1
2,Payment,1772075946.681040,21859,1,1
1,NewOrder,1772075946.681092,7407,4,1
2,Payment,1772075946.681210,11354,5,1
1,NewOrder,1772075946.681247,11341,17,1
2,Payment,1772075946.684480,48792,20,1
1,NewOrder,1772075946.684532,9876,9,1
2,Payment,1772075946.684585,21994,3,1
2,Payment,1772075946.684657,23236,13,1
4,Delivery,1772075946.686812,5801,0,1
2,Payment,1772075946.686819,24413,14,1
1,NewOrder,1772075946.686889,6504,2,1
1,NewOrder,1772075946.687345,9986,8,1
2,Payment,1772075946.688509,28545,4,1
1,NewOrder,1772075946.691074,14324,7,1
1,NewOrder,1772075946.691212,11444,15,1
2,Payment,1772075946.691336,51602,18,1
2,Payment,1772075946.692583,29250,5,1
2,Payment,1772075946.692617,24433,17,1
5,StockLevel,1772075946.692629,1764,0,1
1,NewOrder,1772075946.693411,11976,2,1
2,Payment,1772075946.694405,33943,0,1
1,NewOrder,1772075946.694435,11114,9,1
2,Payment,1772075946.697111,24741,11,1
1,NewOrder,1772075946.697342,8136,8,1
5,StockLevel,1772075946.697393,3299,12,1
1,NewOrder,1772075946.700702,9425,12,1
1,NewOrder,1772075946.702681,14523,15,1
2,Payment,1772075946.702801,27067,21,1
1,NewOrder,1772075946.702927,14192,1,1
2,Payment,1772075946.705359,27815,6,1
1,NewOrder,1772075946.705416,3419,2,1
1,NewOrder,1772075946.705417,14878,7,1
2,Payment,1772075946.705459,16440,16,1
2,Payment,1772075946.705496,23245,8,1
1,NewOrder,1772075946.705576,14572,9,1
2,Payment,1772075946.706359,43234,19,1
1,NewOrder,1772075946.706583,13740,3,1
1,NewOrder,1772075946.707906,9327,13,1
2,Payment,1772075946.708851,25808,2,1
2,Payment,1772075946.710137,19590,12,1
2,Payment,1772075946.711242,14961,14,1
2,Payment,1772075946.713349,44478,23,1
1,NewOrder,1772075946.717080,25878,17,1
1,NewOrder,1772075946.717081,6402,4,1
1,NewOrder,1772075946.717147,11643,1,1
2,Payment,1772075946.717199,25861,10,1
2,Payment,1772075946.717229,16090,15,1
1,NewOrder,1772075946.717259,25632,13,1
2,Payment,1772075946.720174,29601,9,1
2,Payment,1772075946.720236,43921,22,1
1,NewOrder,1772075946.720310,8619,7,1
3,OrderStatus,1772075946.720334,1404,3,1
1,NewOrder,1772075946.721755,9920,3,1
2,Payment,1772075946.721865,18839,5,1
2,Payment,1772075946.721877,35898,11,1
1,NewOrder,1772075946.721924,12659,16,1
1,NewOrder,1772075946.723496,11125,4,1
2,Payment,1772075946.726218,16622,14,1
1,NewOrder,1772075946.728374,14537,0,1
2,Payment,1772075946.728768,35401,8,1
2,Payment,1772075946.728818,18410,1,1
1,NewOrder,1772075946.728954,13929,7,1
2,Payment,1772075946.729741,19888,12,1
1,NewOrder,1772075946.729893,17324,21,1
2,Payment,1772075946.731701,19711,3,1
2,Payment,1772075946.733181,38413,6,1
5,StockLevel,1772075946.733281,3552,20,1
1,NewOrder,1772075946.733325,14009,15,1
2,Payment,1772075946.734595,20137,16,1
1,NewOrder,1772075946.734647,12787,4,1
2,Payment,1772075946.734673,23259,2,1
2,Payment,1772075946.736866,34813,20,1
1,NewOrder,1772075946.740729,11191,5,1
2,Payment,1772075946.742855,17097,14,1
1,NewOrder,1772075946.742910,8454,7,1
1,NewOrder,1772075946.742917,8739,13,1
2,Payment,1772075946.742938,19324,0,1
5,StockLevel,1772075946.742962,2054,18,1
2,Payment,1772075946.742984,23758,17,1
2,Payment,1772075946.743092,33606,10,1
2,Payment,1772075946.745021,40174,18,1
4,Delivery,1772075946.747243,19527,21,1
2,Payment,1772075946.747257,19008,1,1
1,NewOrder,1772075946.747358,7582,15,1
2,Payment,1772075946.747460,27141,4,1
1,NewOrder,1772075946.749604,10507,19,1
1,NewOrder,1772075946.749646,12971,12,1
1,NewOrder,1772075946.749785,7887,9,1
2,Payment,1772075946.751371,22663,7,1
2,Payment,1772075946.751423,37105,3,1
2,Payment,1772075946.751667,20664,13,1
1,NewOrder,1772075946.751931,9011,5,1
1,NewOrder,1772075946.754745,16869,16,1
1,NewOrder,1772075946.754954,33611,15,1
2,Payment,1772075946.757684,21304,9,1
1,NewOrder,1772075946.757780,13887,11,1
1,NewOrder,1772075946.757832,13802,23,1
2,Payment,1772075946.757942,14332,2,1
3,OrderStatus,1772075946.759962,2463,14,1
1,NewOrder,1772075946.760123,44550,19,1
2,Payment,1772075946.760968,16290,5,1
2,Payment,1772075946.762288,17681,0,1
2,Payment,1772075946.762436,18559,14,1
1,NewOrder,1772075946.762628,40970,12,1
2,Payment,1772075946.764164,24387,22,1
4,Delivery,1772075946.764179,16940,8,1
5,StockLevel,1772075946.766275,3572,1,1
1,NewOrder,1772075946.766757,7785,17,1
2,Payment,1772075946.766797,24919,21,1
1,NewOrder,1772075946.769874,52014,1,1
1,NewOrder,1772075946.771620,50212,6,1
4,Delivery,1772075946.771640,24648,16,1
4,Delivery,1772075946.771649,67485,23,1
5,StockLevel,1772075946.771683,20653,11,1
1,NewOrder,1772075946.771705,30466,20,1
5,StockLevel,1772075946.772279,26924,2,1
1,NewOrder,1772075946.772336,27420,13,1
4,Delivery,1772075946.774044,7442,7,1
1,NewOrder,1772075946.774568,18742,17,1
1,NewOrder,1772075946.774620,17179,4,1
2,Payment,1772075946.776711,7295,10,1
2,Payment,1772075946.777269,16278,5,1
1,NewOrder,1772075946.779003,46900,9,1
1,NewOrder,1772075946.779975,48142,0,1
1,NewOrder,1772075946.781007,40804,14,1
5,StockLevel,1772075946.781124,5025,8,1
2,Payment,1772075946.781495,5592,7,1
1,NewOrder,1772075946.784013,46796,10,1
1,NewOrder,1772075946.785205,18416,18,1
2,Payment,1772075946.786174,7072,8,1
5,StockLevel,1772075946.787113,9470,7,1
1,NewOrder,1772075946.788537,41381,3,1
1,NewOrder,1772075946.788560,35159,22,1
1,NewOrder,1772075946.788575,31184,15,1
4,Delivery,1772075946.791726,47691,21,1
2,Payment,1772075946.791810,2959,4,1
5,StockLevel,1772075946.792366,17710,11,1
1,NewOrder,1772075946.793257,17314,8,1
1,NewOrder,1772075946.793321,12881,17,1
1,NewOrder,1772075946.793551,18515,5,1
1,NewOrder,1772075946.794794,15864,4,1
1,NewOrder,1772075946.796299,15970,16,1
5,StockLevel,1772075946.796594,9580,7,1
2,Payment,1772075946.799207,11391,2,1
2,Payment,1772075946.799767,9598,13,1
1,NewOrder,1772075946.802178,27070,20,1
5,StockLevel,1772075946.803609,11713,12,1
1,NewOrder,1772075946.803632,20161,18,1
1,NewOrder,1772075946.804699,40377,19,1
2,Payment,1772075946.806199,6046,7,1
1,NewOrder,1772075946.806221,24562,17,1
1,NewOrder,1772075946.809374,23498,13,1
1,NewOrder,1772075946.810086,19052,11,1
1,NewOrder,1772075946.810586,13198,8,1
2,Payment,1772075946.810609,11260,2,1
1,NewOrder,1772075946.810668,13081,4,1
2,Payment,1772075946.812077,17090,5,1
3,OrderStatus,1772075946.812259,722,7,1
1,NewOrder,1772075946.812275,25098,16,1
2,Payment,1772075946.812987,8794,7,1
1,NewOrder,1772075946.815336,30879,12,1
1,NewOrder,1772075946.819786,30993,15,1
2,Payment,1772075946.821807,6274,7,1
1,NewOrder,1772075946.821837,39431,14,1
2,Payment,1772075946.821847,15332,6,1
2,Payment,1772075946.821894,12970,2,1
1,NewOrder,1772075946.821900,36519,1,1
4,Delivery,1772075946.823742,15730,22,1
1,NewOrder,1772075946.823780,32466,4,1
2,Payment,1772075946.823794,15796,8,1
2,Payment,1772075946.823804,11041,18,1
1,NewOrder,1772075946.825928,17810,9,1
2,Payment,1772075946.828097,15453,7,1
3,OrderStatus,1772075946.828133,4703,0,1
2,Payment,1772075946.829164,19305,11,1
1,NewOrder,1772075946.829194,14572,5,1
1,NewOrder,1772075946.829263,16225,20,1
1,NewOrder,1772075946.829944,33791,3,1
1,NewOrder,1772075946.830788,31167,17,1
2,Payment,1772075946.830816,22784,10,1
1,NewOrder,1772075946.832846,29027,0,1
1,NewOrder,1772075946.832882,20186,13,1
2,Payment,1772075946.834871,10087,18,1
2,Payment,1772075946.834883,7346,2,1
2,Payment,1772075946.837185,21642,6,1
1,NewOrder,1772075946.837385,21004,16,1
2,Payment,1772075946.839148,9194,23,1
2,Payment,1772075946.839422,13995,21,1
1,NewOrder,1772075946.839480,23732,22,1
1,NewOrder,1772075946.839602,33547,8,1
1,NewOrder,1772075946.842234,19660,2,1
2,Payment,1772075946.843555,20043,7,1
1,NewOrder,1772075946.843742,29429,9,1
1,NewOrder,1772075946.843772,29445,5,1
2,Payment,1772075946.844984,13406,18,1
1,NewOrder,1772075946.845124,28008,19,1
2,Payment,1772075946.845501,26498,20,1
2,Payment,1772075946.846242,6791,12,1
2,Payment,1772075946.848347,13463,23,1
1,NewOrder,1772075946.848480,25858,11,1
3,OrderStatus,1772075946.850786,2934,15,1
1,NewOrder,1772075946.853038,18896,12,1
2,Payment,1772075946.853078,8211,13,1
1,NewOrder,1772075946.853428,25659,21,1
2,Payment,1772075946.853611,19010,10,1
2,Payment,1772075946.853725,12223,15,1
2,Payment,1772075946.856249,5682,4,1
1,NewOrder,1772075946.858398,13367,16,1
2,Payment,1772075946.858401,23763,18,1
2,Payment,1772075946.858431,13865,1,1
1,NewOrder,1772075946.858833,23928,6,1
2,Payment,1772075946.861278,8865,14,1
1,NewOrder,1772075946.861296,11919,13,1
2,Payment,1772075946.861814,26550,23,1
1,NewOrder,1772075946.861883,19988,0,1
1,NewOrder,1772075946.861905,20152,2,1
2,Payment,1772075946.861936,20088,4,1
2,Payment,1772075946.861966,11680,17,1
2,Payment,1772075946.863604,18459,7,1
2,Payment,1772075946.863746,24799,3,1
2,Payment,1772075946.871777,10329,16,1
1,NewOrder,1772075946.872324,10437,1,1
3,OrderStatus,1772075946.872648,4767,10,1
2,Payment,1772075946.873182,14877,9,1
4,Delivery,1772075946.873227,9035,13,1
1,NewOrder,1772075946.873656,9887,17,1
1,NewOrder,1772075946.874364,8357,11,1
1,NewOrder,1772075946.882731,4677,11,1
