Transaction Type Index,Transaction Name,Start Time (microseconds),Latency (microseconds),Worker Id (start number),Phase Id (index in config file)
1,NewOrder,1772284498.670250,99748,13,1
2,Payment,1772284498.670250,104553,14,1
1,NewOrder,1772284498.670252,142812,4,1
2,Payment,1772284498.670252,73911,15,1
1,NewOrder,1772284498.670265,118424,11,1
1,NewOrder,1772284498.670270,128828,5,1
1,NewOrder,1772284498.670298,97094,16,1
1,NewOrder,1772284498.670334,137236,8,1
1,NewOrder,1772284498.670342,119300,1,1
4,Delivery,1772284498.670362,90848,3,1
5,StockLevel,1772284498.670379,118304,22,1
2,Payment,1772284498.670382,124159,7,1
1,NewOrder,1772284498.670409,127138,9,1
2,Payment,1772284498.670427,71703,2,1
2,Payment,1772284498.670453,98886,10,1
1,NewOrder,1772284498.670460,98230,0,1
1,NewOrder,1772284498.670462,123438,6,1
2,Payment,1772284498.670466,131855,12,1
1,NewOrder,1772284498.670653,81429,18,1
1,NewOrder,1772284498.670870,142549,17,1
1,NewOrder,1772284498.671055,105218,21,1
2,Payment,1772284498.671275,76851,19,1
2,Payment,1772284498.671488,105762,23,1
2,Payment,1772284498.671767,143027,20,1
2,Payment,1772284498.742404,13390,2,1
2,Payment,1772284498.744241,69577,15,1
2,Payment,1772284498.748181,74348,19,1
2,Payment,1772284498.752182,91267,18,1
2,Payment,1772284498.755820,8362,2,1
2,Payment,1772284498.761269,21563,3,1
1,NewOrder,1772284498.764215,60531,2,1
1,NewOrder,1772284498.767502,29307,16,1
1,NewOrder,1772284498.768727,21467,0,1
1,NewOrder,1772284498.769383,55713,10,1
2,Payment,1772284498.770032,79084,13,1
1,NewOrder,1772284498.774879,67953,14,1
1,NewOrder,1772284498.776334,42020,21,1
2,Payment,1772284498.777306,82543,23,1
2,Payment,1772284498.782884,11028,3,1
1,NewOrder,1772284498.788754,53962,22,1
2,Payment,1772284498.788765,20817,11,1
2,Payment,1772284498.789717,27675,1,1
1,NewOrder,1772284498.790367,48944,0,1
2,Payment,1772284498.793947,48744,3,1
2,Payment,1772284498.793967,32146,6,1
1,NewOrder,1772284498.794608,20054,7,1
5,StockLevel,1772284498.796848,16894,16,1
2,Payment,1772284498.797570,53083,9,1
2,Payment,1772284498.799166,65409,5,1
2,Payment,1772284498.802394,26471,12,1
1,NewOrder,1772284498.807648,35651,8,1
2,Payment,1772284498.809634,64526,11,1
1,NewOrder,1772284498.813134,32165,4,1
1,NewOrder,1772284498.813453,50058,17,1
2,Payment,1772284498.813784,125744,16,1
2,Payment,1772284498.813866,46429,15,1
1,NewOrder,1772284498.814705,28673,7,1
1,NewOrder,1772284498.814855,76186,20,1
2,Payment,1772284498.817431,75960,1,1
1,NewOrder,1772284498.818410,25439,21,1
1,NewOrder,1772284498.822573,79267,19,1
1,NewOrder,1772284498.824791,25511,2,1
3,OrderStatus,1772284498.825138,10258,10,1
1,NewOrder,1772284498.826163,17274,6,1
1,NewOrder,1772284498.828890,81281,12,1
1,NewOrder,1772284498.835427,18706,10,1
2,Payment,1772284498.839342,73809,0,1
1,NewOrder,1772284498.842707,69244,3,1
3,OrderStatus,1772284498.842758,10837,22,1
2,Payment,1772284498.842861,28848,14,1
5,StockLevel,1772284498.843343,39658,8,1
1,NewOrder,1772284498.843406,17654,7,1
3,OrderStatus,1772284498.843449,5674,6,1
2,Payment,1772284498.843484,31217,18,1
2,Payment,1772284498.843861,47811,21,1
2,Payment,1772284498.845315,38034,4,1
1,NewOrder,1772284498.849144,23633,6,1
2,Payment,1772284498.849165,33030,13,1
1,NewOrder,1772284498.850351,17381,2,1
2,Payment,1772284498.850691,36107,9,1
1,NewOrder,1772284498.853638,23702,22,1
1,NewOrder,1772284498.854171,16891,10,1
2,Payment,1772284498.859877,46229,23,1
2,Payment,1772284498.860340,38950,15,1
2,Payment,1772284498.861101,35897,7,1
1,NewOrder,1772284498.863554,29445,17,1
1,NewOrder,1772284498.864603,28369,5,1
2,Payment,1772284498.867775,76981,2,1
1,NewOrder,1772284498.871095,18081,10,1
2,Payment,1772284498.871753,40726,14,1
1,NewOrder,1772284498.872818,19165,6,1
1,NewOrder,1772284498.874192,35058,11,1
1,NewOrder,1772284498.874743,37460,18,1
2,Payment,1772284498.877380,48996,22,1
1,NewOrder,1772284498.882220,38519,13,1
1,NewOrder,1772284498.883044,59748,8,1
2,Payment,1772284498.883373,71825,4,1
1,NewOrder,1772284498.886843,20435,9,1
1,NewOrder,1772284498.889219,25101,10,1
1,NewOrder,1772284498.891087,19864,20,1
2,Payment,1772284498.891721,47598,21,1
2,Payment,1772284498.892011,21787,6,1
2,Payment,1772284498.892999,72999,5,1
4,Delivery,1772284498.893056,67089,17,1
2,Payment,1772284498.893432,85864,1,1
1,NewOrder,1772284498.897042,40222,7,1
1,NewOrder,1772284498.899334,66618,15,1
2,Payment,1772284498.901883,53056,19,1
1,NewOrder,1772284498.906152,65584,23,1
1,NewOrder,1772284498.907315,15919,9,1
5,StockLevel,1772284498.909270,43918,11,1
1,NewOrder,1772284498.910204,26212,12,1
4,Delivery,1772284498.910998,42541,20,1
1,NewOrder,1772284498.911995,24340,3,1
2,Payment,1772284498.912246,53867,18,1
1,NewOrder,1772284498.912524,54333,14,1
1,NewOrder,1772284498.913170,46983,0,1
1,NewOrder,1772284498.913839,41234,6,1
2,Payment,1772284498.914351,6711,10,1
2,Payment,1772284498.920785,35056,13,1
2,Payment,1772284498.921121,18450,10,1
1,NewOrder,1772284498.923280,23351,9,1
2,Payment,1772284498.926403,54969,22,1
1,NewOrder,1772284498.936374,22775,3,1
2,Payment,1772284498.936466,37481,12,1
3,OrderStatus,1772284498.937315,11626,7,1
1,NewOrder,1772284498.939349,45152,21,1
2,Payment,1772284498.939602,47932,16,1
1,NewOrder,1772284498.939611,31461,10,1
2,Payment,1772284498.942860,16619,8,1
2,Payment,1772284498.944798,47992,2,1
2,Payment,1772284498.946677,20209,9,1
1,NewOrder,1772284498.948982,18011,7,1
1,NewOrder,1772284498.953238,19071,11,1
2,Payment,1772284498.953617,40862,20,1
2,Payment,1772284498.954989,51121,19,1
2,Payment,1772284498.955121,21103,6,1
1,NewOrder,1772284498.955241,37852,4,1
2,Payment,1772284498.955876,73514,13,1
2,Payment,1772284498.959174,44080,3,1
1,NewOrder,1772284498.959498,14893,8,1
2,Payment,1772284498.960171,58633,0,1
1,NewOrder,1772284498.960191,12123,17,1
1,NewOrder,1772284498.966004,16367,15,1
1,NewOrder,1772284498.966025,33065,5,1
2,Payment,1772284498.966151,53262,18,1
1,NewOrder,1772284498.966904,41727,14,1
2,Payment,1772284498.966945,16125,9,1
2,Payment,1772284498.967031,23392,7,1
1,NewOrder,1772284498.971129,38183,10,1
1,NewOrder,1772284498.971785,29016,23,1
1,NewOrder,1772284498.972362,11412,11,1
3,OrderStatus,1772284498.972364,3466,17,1
1,NewOrder,1772284498.973981,37927,12,1
3,OrderStatus,1772284498.974443,3435,8,1
2,Payment,1772284498.975893,22094,17,1
1,NewOrder,1772284498.976273,23785,6,1
2,Payment,1772284498.977922,17580,8,1
4,Delivery,1772284498.979324,44333,1,1
1,NewOrder,1772284498.981405,31189,22,1
2,Payment,1772284498.982400,26720,15,1
1,NewOrder,1772284498.983112,19384,9,1
5,StockLevel,1772284498.983816,4708,11,1
2,Payment,1772284498.984538,48698,21,1
2,Payment,1772284498.987572,68760,16,1
1,NewOrder,1772284498.988561,25499,11,1
2,Payment,1772284498.990456,13632,7,1
2,Payment,1772284498.992847,36062,2,1
1,NewOrder,1772284498.993135,46431,4,1
1,NewOrder,1772284498.994515,41048,20,1
5,StockLevel,1772284498.995532,19932,8,1
3,OrderStatus,1772284498.998032,6101,17,1
2,Payment,1772284498.999136,47164,5,1
2,Payment,1772284499.000099,12898,6,1
1,NewOrder,1772284499.000839,39312,23,1
1,NewOrder,1772284499.002542,26815,9,1
5,StockLevel,1772284499.003300,22267,3,1
1,NewOrder,1772284499.004125,17079,7,1
1,NewOrder,1772284499.004178,22295,17,1
2,Payment,1772284499.006151,44535,19,1
2,Payment,1772284499.008675,65613,14,1
2,Payment,1772284499.009157,81291,15,1
3,OrderStatus,1772284499.009350,7174,10,1
1,NewOrder,1772284499.011951,48774,12,1
1,NewOrder,1772284499.012637,48022,22,1
1,NewOrder,1772284499.013041,27835,6,1
2,Payment,1772284499.014101,8308,11,1
1,NewOrder,1772284499.015526,25207,8,1
1,NewOrder,1772284499.016567,37262,10,1
3,OrderStatus,1772284499.018870,17260,0,1
2,Payment,1772284499.019466,50561,18,1
1,NewOrder,1772284499.021256,21245,7,1
2,Payment,1772284499.022459,8408,11,1
1,NewOrder,1772284499.023708,58745,1,1
1,NewOrder,1772284499.025610,21180,3,1
1,NewOrder,1772284499.026511,13502,17,1
1,NewOrder,1772284499.028967,18756,2,1
2,Payment,1772284499.029403,9032,9,1
1,NewOrder,1772284499.029416,57322,13,1
2,Payment,1772284499.030907,16314,11,1
2,Payment,1772284499.033316,54921,21,1
5,StockLevel,1772284499.035611,51408,20,1
1,NewOrder,1772284499.036176,46281,0,1
1,NewOrder,1772284499.038482,15960,9,1
1,NewOrder,1772284499.039609,39675,4,1
2,Payment,1772284499.040051,42771,17,1
1,NewOrder,1772284499.040182,56868,23,1
3,OrderStatus,1772284499.040796,4577,8,1
1,NewOrder,1772284499.040907,35757,6,1
1,NewOrder,1772284499.042530,12854,7,1
5,StockLevel,1772284499.045418,7404,8,1
1,NewOrder,1772284499.046344,41820,5,1
2,Payment,1772284499.046835,7631,3,1
5,StockLevel,1772284499.047259,10750,11,1
2,Payment,1772284499.047757,12086,2,1
2,Payment,1772284499.050726,93125,19,1
2,Payment,1772284499.052870,6565,8,1
1,NewOrder,1772284499.053883,48250,10,1
1,NewOrder,1772284499.054487,14580,9,1
1,NewOrder,1772284499.054506,20164,3,1
1,NewOrder,1772284499.055423,17600,7,1
1,NewOrder,1772284499.056376,54200,16,1
2,Payment,1772284499.058045,6658,11,1
2,Payment,1772284499.059456,10944,8,1
5,StockLevel,1772284499.059887,16543,2,1
1,NewOrder,1772284499.060696,48125,22,1
1,NewOrder,1772284499.060745,52824,12,1
2,Payment,1772284499.064768,9943,11,1
2,Payment,1772284499.069156,12717,9,1
2,Payment,1772284499.070071,35162,18,1
1,NewOrder,1772284499.070427,17750,8,1
1,NewOrder,1772284499.073067,18249,7,1
1,NewOrder,1772284499.074330,36318,14,1
1,NewOrder,1772284499.074696,13467,3,1
1,NewOrder,1772284499.074754,17118,11,1
1,NewOrder,1772284499.076472,16340,2,1
2,Payment,1772284499.076701,22270,6,1
1,NewOrder,1772284499.079340,38256,4,1
2,Payment,1772284499.081920,22738,9,1
2,Payment,1772284499.082477,19184,0,1
1,NewOrder,1772284499.082498,47735,1,1
2,Payment,1772284499.082849,12451,17,1
1,NewOrder,1772284499.086783,45369,13,1
2,Payment,1772284499.087065,44317,20,1
2,Payment,1772284499.088207,21151,3,1
2,Payment,1772284499.088216,27120,8,1
4,Delivery,1772284499.088216,101652,5,1
2,Payment,1772284499.088281,30457,21,1
1,NewOrder,1772284499.090493,20974,15,1
1,NewOrder,1772284499.091357,18021,7,1
1,NewOrder,1772284499.091912,18176,11,1
2,Payment,1772284499.092847,24007,2,1
1,NewOrder,1772284499.095338,24466,17,1
1,NewOrder,1772284499.097095,46170,23,1
2,Payment,1772284499.098993,27167,6,1
1,NewOrder,1772284499.101828,20875,0,1
2,Payment,1772284499.102162,36338,10,1
1,NewOrder,1772284499.104741,25512,9,1
1,NewOrder,1772284499.105277,24410,18,1
2,Payment,1772284499.108862,47682,22,1
1,NewOrder,1772284499.109397,22578,3,1
1,NewOrder,1772284499.109416,29535,7,1
1,NewOrder,1772284499.110105,16673,11,1
2,Payment,1772284499.110629,24117,16,1
2,Payment,1772284499.110687,13354,14,1
1,NewOrder,1772284499.111522,26059,15,1
2,Payment,1772284499.113616,31803,12,1
3,OrderStatus,1772284499.115375,7940,8,1
2,Payment,1772284499.116887,7715,2,1
4,Delivery,1772284499.117634,72882,4,1
1,NewOrder,1772284499.118776,23152,21,1
1,NewOrder,1772284499.119839,15773,17,1
2,Payment,1772284499.122737,12964,0,1
1,NewOrder,1772284499.123351,15545,8,1
2,Payment,1772284499.124070,33326,14,1
1,NewOrder,1772284499.124624,39496,2,1
2,Payment,1772284499.126183,21999,6,1
2,Payment,1772284499.126821,30962,11,1
1,NewOrder,1772284499.129733,25289,18,1
2,Payment,1772284499.130276,16495,1,1
2,Payment,1772284499.130292,22642,9,1
2,Payment,1772284499.131419,36844,20,1
2,Payment,1772284499.132014,19323,3,1
2,Payment,1772284499.132188,40598,13,1
1,NewOrder,1772284499.134780,41429,16,1
4,Delivery,1772284499.135650,21637,17,1
2,Payment,1772284499.135735,29712,0,1
1,NewOrder,1772284499.137621,11247,15,1
3,OrderStatus,1772284499.138532,4343,10,1
2,Payment,1772284499.138935,23548,8,1
2,Payment,1772284499.138999,62277,7,1
2,Payment,1772284499.141973,29621,21,1
2,Payment,1772284499.142913,34965,10,1
1,NewOrder,1772284499.143299,16888,23,1
1,NewOrder,1772284499.143868,29341,19,1
5,StockLevel,1772284499.145460,34127,12,1
1,NewOrder,1772284499.146823,23870,1,1
3,OrderStatus,1772284499.148220,6599,6,1
5,StockLevel,1772284499.148907,13077,15,1
1,NewOrder,1772284499.151375,10799,3,1
2,Payment,1772284499.152974,59716,9,1
2,Payment,1772284499.154858,11055,6,1
5,StockLevel,1772284499.155056,32418,18,1
1,NewOrder,1772284499.156576,36796,22,1
2,Payment,1772284499.157326,19879,17,1
1,NewOrder,1772284499.157438,34271,14,1
3,OrderStatus,1772284499.157816,3299,11,1
2,Payment,1772284499.160222,21753,23,1
2,Payment,1772284499.161144,21733,11,1
2,Payment,1772284499.162006,20943,15,1
1,NewOrder,1772284499.162212,5164,3,1
2,Payment,1772284499.162507,70550,8,1
2,Payment,1772284499.164143,10622,2,1
2,Payment,1772284499.165487,22091,0,1
2,Payment,1772284499.165941,59123,6,1
2,Payment,1772284499.167400,33107,3,1
2,Payment,1772284499.168290,18968,20,1
1,NewOrder,1772284499.170730,44140,1,1
4,Delivery,1772284499.171636,27277,21,1
2,Payment,1772284499.172824,23073,13,1
1,NewOrder,1772284499.173238,43709,19,1
2,Payment,1772284499.174801,43806,2,1
1,NewOrder,1772284499.176247,31302,16,1
4,Delivery,1772284499.177245,25506,17,1
1,NewOrder,1772284499.177923,42331,10,1
1,NewOrder,1772284499.179627,44698,12,1
2,Payment,1772284499.182016,10403,23,1
1,NewOrder,1772284499.182914,25184,11,1
1,NewOrder,1772284499.182994,41726,15,1
2,Payment,1772284499.187305,8012,20,1
2,Payment,1772284499.187516,14854,18,1
1,NewOrder,1772284499.187618,36663,0,1
2,Payment,1772284499.189910,16065,5,1
2,Payment,1772284499.190550,49806,4,1
1,NewOrder,1772284499.191749,27882,14,1
2,Payment,1772284499.192461,15592,23,1
2,Payment,1772284499.193411,29689,22,1
2,Payment,1772284499.195355,47468,20,1
1,NewOrder,1772284499.195935,18952,13,1
2,Payment,1772284499.198966,36937,21,1
1,NewOrder,1772284499.200568,33036,3,1
1,NewOrder,1772284499.201313,16874,7,1
1,NewOrder,1772284499.202416,26742,18,1
1,NewOrder,1772284499.202784,21080,17,1
1,NewOrder,1772284499.206016,17392,5,1
2,Payment,1772284499.207587,13945,16,1
1,NewOrder,1772284499.208094,12871,23,1
1,NewOrder,1772284499.208150,17008,11,1
2,Payment,1772284499.212742,38507,9,1
2,Payment,1772284499.214913,14814,1,1
1,NewOrder,1772284499.214927,27279,13,1
1,NewOrder,1772284499.216997,32206,19,1
1,NewOrder,1772284499.218210,21304,7,1
2,Payment,1772284499.218646,32602,2,1
2,Payment,1772284499.219669,9918,14,1
2,Payment,1772284499.220285,20182,10,1
2,Payment,1772284499.221007,9195,23,1
2,Payment,1772284499.221577,18479,16,1
1,NewOrder,1772284499.223137,25094,22,1
1,NewOrder,1772284499.223448,18841,5,1
1,NewOrder,1772284499.223901,18872,17,1
2,Payment,1772284499.224309,35521,0,1
1,NewOrder,1772284499.224356,24500,12,1
2,Payment,1772284499.224742,27274,15,1
2,Payment,1772284499.225102,33487,6,1
1,NewOrder,1772284499.225177,22649,11,1
2,Payment,1772284499.229200,34141,18,1
2,Payment,1772284499.229619,33257,14,1
1,NewOrder,1772284499.229764,25727,1,1
2,Payment,1772284499.230240,20418,23,1
1,NewOrder,1772284499.233091,15096,8,1
2,Payment,1772284499.233647,38355,3,1
2,Payment,1772284499.235945,41227,21,1
1,NewOrder,1772284499.239557,34595,7,1
2,Payment,1772284499.240110,43585,16,1
5,StockLevel,1772284499.240395,34784,4,1
1,NewOrder,1772284499.240484,33254,10,1
1,NewOrder,1772284499.242220,27814,13,1
1,NewOrder,1772284499.242340,14158,5,1
2,Payment,1772284499.242813,29675,17,1
1,NewOrder,1772284499.242862,43805,20,1
2,Payment,1772284499.247872,18306,11,1
1,NewOrder,1772284499.248216,15087,8,1
5,StockLevel,1772284499.248436,15531,22,1
2,Payment,1772284499.248880,56983,12,1
1,NewOrder,1772284499.249232,43045,19,1
1,NewOrder,1772284499.250721,34985,23,1
1,NewOrder,1772284499.251283,32911,2,1
4,Delivery,1772284499.251295,56362,9,1
2,Payment,1772284499.252039,97495,15,1
1,NewOrder,1772284499.255534,34337,1,1
1,NewOrder,1772284499.256557,16311,5,1
1,NewOrder,1772284499.258622,25041,6,1
1,NewOrder,1772284499.259866,32768,0,1
2,Payment,1772284499.262909,72388,14,1
3,OrderStatus,1772284499.263330,4051,8,1
2,Payment,1772284499.263387,29408,18,1
2,Payment,1772284499.264020,35361,22,1
1,NewOrder,1772284499.266210,19990,11,1
1,NewOrder,1772284499.267403,14197,8,1
2,Payment,1772284499.270055,46409,13,1
4,Delivery,1772284499.272057,28453,3,1
2,Payment,1772284499.272509,54129,17,1
4,Delivery,1772284499.272886,26852,5,1
1,NewOrder,1772284499.273753,32180,10,1
1,NewOrder,1772284499.274198,32622,7,1
5,StockLevel,1772284499.275206,14471,4,1
1,NewOrder,1772284499.277192,45723,21,1
2,Payment,1772284499.281626,4885,8,1
1,NewOrder,1772284499.283699,43457,6,1
1,NewOrder,1772284499.283725,28800,16,1
3,OrderStatus,1772284499.284229,10927,2,1
2,Payment,1772284499.285773,21382,23,1
2,Payment,1772284499.286222,4090,11,1
1,NewOrder,1772284499.286527,16658,8,1
4,Delivery,1772284499.286713,43736,20,1
5,StockLevel,1772284499.289730,12326,4,1
1,NewOrder,1772284499.289905,22925,1,1
2,Payment,1772284499.290334,6368,11,1
1,NewOrder,1772284499.292290,19120,19,1
1,NewOrder,1772284499.292678,28832,0,1
2,Payment,1772284499.292827,22213,18,1
3,OrderStatus,1772284499.295191,9949,2,1
2,Payment,1772284499.296737,3822,11,1
2,Payment,1772284499.299415,23832,22,1
1,NewOrder,1772284499.299769,9867,5,1
1,NewOrder,1772284499.300541,10240,3,1
1,NewOrder,1772284499.300591,48884,11,1
1,NewOrder,1772284499.302080,23838,4,1
1,NewOrder,1772284499.303212,7181,8,1
2,Payment,1772284499.305164,7701,2,1
2,Payment,1772284499.305898,62792,12,1
2,Payment,1772284499.305954,12132,10,1
1,NewOrder,1772284499.306854,65305,7,1
2,Payment,1772284499.307182,27719,23,1
2,Payment,1772284499.307673,15296,9,1
2,Payment,1772284499.309664,8839,5,1
2,Payment,1772284499.310425,18465,8,1
1,NewOrder,1772284499.310803,7664,3,1
2,Payment,1772284499.311431,30885,19,1
3,OrderStatus,1772284499.312556,7080,16,1
1,NewOrder,1772284499.312858,51211,1,1
1,NewOrder,1772284499.312892,36067,2,1
5,StockLevel,1772284499.315074,13935,18,1
1,NewOrder,1772284499.316497,22354,13,1
1,NewOrder,1772284499.318117,19194,10,1
1,NewOrder,1772284499.318486,24447,3,1
5,StockLevel,1772284499.318537,19537,5,1
1,NewOrder,1772284499.319665,16157,16,1
1,NewOrder,1772284499.321539,16923,0,1
1,NewOrder,1772284499.322952,37542,21,1
2,Payment,1772284499.322995,10751,9,1
2,Payment,1772284499.323269,32369,22,1
2,Payment,1772284499.325944,10785,4,1
2,Payment,1772284499.326668,14628,17,1
1,NewOrder,1772284499.327177,22276,6,1
1,NewOrder,1772284499.328928,19038,8,1
1,NewOrder,1772284499.329033,24187,18,1
2,Payment,1772284499.330482,33557,20,1
2,Payment,1772284499.333777,9188,9,1
2,Payment,1772284499.334934,40605,23,1
2,Payment,1772284499.335331,54060,14,1
1,NewOrder,1772284499.335846,24192,16,1
2,Payment,1772284499.336758,10893,4,1
5,StockLevel,1772284499.337343,21018,10,1
1,NewOrder,1772284499.338106,17518,5,1
1,NewOrder,1772284499.338493,22606,0,1
2,Payment,1772284499.338876,78457,13,1
5,StockLevel,1772284499.341344,22620,17,1
1,NewOrder,1772284499.342348,33596,19,1
2,Payment,1772284499.342958,12216,3,1
3,OrderStatus,1772284499.342999,11804,9,1
1,NewOrder,1772284499.347685,21279,4,1
1,NewOrder,1772284499.347988,21337,8,1
2,Payment,1772284499.348992,14543,2,1
1,NewOrder,1772284499.349487,15673,6,1
1,NewOrder,1772284499.349493,34186,11,1
1,NewOrder,1772284499.349568,29328,15,1
2,Payment,1772284499.353253,30055,18,1
2,Payment,1772284499.354826,5647,9,1
1,NewOrder,1772284499.355205,19300,3,1
2,Payment,1772284499.355653,25215,5,1
1,NewOrder,1772284499.355668,36933,22,1
1,NewOrder,1772284499.358387,34844,10,1
1,NewOrder,1772284499.360065,20170,16,1
5,StockLevel,1772284499.360511,21469,9,1
1,NewOrder,1772284499.360528,18414,21,1
2,Payment,1772284499.361129,28934,0,1
1,NewOrder,1772284499.363560,34281,2,1
2,Payment,1772284499.363990,14950,17,1
1,NewOrder,1772284499.364066,38935,20,1
1,NewOrder,1772284499.364087,44155,1,1
5,StockLevel,1772284499.365176,37289,6,1
1,NewOrder,1772284499.368723,38566,12,1
2,Payment,1772284499.368997,32738,4,1
2,Payment,1772284499.369355,12020,8,1
1,NewOrder,1772284499.372194,12604,7,1
1,NewOrder,1772284499.374540,24718,3,1
5,StockLevel,1772284499.375562,32505,23,1
2,Payment,1772284499.375973,19650,19,1
1,NewOrder,1772284499.378929,31823,15,1
1,NewOrder,1772284499.378973,38759,17,1
1,NewOrder,1772284499.378979,20748,21,1
2,Payment,1772284499.380256,18999,16,1
2,Payment,1772284499.380897,32585,5,1
2,Payment,1772284499.381394,11856,8,1
1,NewOrder,1772284499.382016,30001,9,1
4,Delivery,1772284499.383338,14299,18,1
1,NewOrder,1772284499.383709,23014,11,1
2,Payment,1772284499.384829,16419,7,1
3,OrderStatus,1772284499.389427,22374,14,1
2,Payment,1772284499.390094,33589,0,1
1,NewOrder,1772284499.392648,28507,22,1
1,NewOrder,1772284499.393284,33469,10,1
2,Payment,1772284499.393292,17893,8,1
3,OrderStatus,1772284499.395647,8354,19,1
3,OrderStatus,1772284499.397671,13208,18,1
2,Payment,1772284499.397870,67739,2,1
1,NewOrder,1772284499.399291,19375,16,1
1,NewOrder,1772284499.399299,15552,3,1
1,NewOrder,1772284499.399748,20732,21,1
1,NewOrder,1772284499.401275,26935,7,1
1,NewOrder,1772284499.401770,20612,4,1
2,Payment,1772284499.402488,20700,6,1
2,Payment,1772284499.403027,11535,20,1
5,StockLevel,1772284499.404023,23328,19,1
2,Payment,1772284499.406744,23165,11,1
1,NewOrder,1772284499.407323,24929,12,1
2,Payment,1772284499.408099,11748,23,1
2,Payment,1772284499.408261,29775,1,1
2,Payment,1772284499.410777,15452,15,1
1,NewOrder,1772284499.410916,19717,18,1
1,NewOrder,1772284499.411211,42102,8,1
4,Delivery,1772284499.411835,40737,14,1
1,NewOrder,1772284499.412049,17216,9,1
2,Payment,1772284499.413601,31383,5,1
2,Payment,1772284499.414594,16771,20,1
2,Payment,1772284499.414882,34226,3,1
2,Payment,1772284499.417364,21239,13,1
1,NewOrder,1772284499.417805,43780,17,1
2,Payment,1772284499.418695,31774,16,1
2,Payment,1772284499.419951,22161,23,1
2,Payment,1772284499.420505,27706,21,1
3,OrderStatus,1772284499.421170,4296,22,1
1,NewOrder,1772284499.422395,45284,4,1
1,NewOrder,1772284499.423209,27294,6,1
2,Payment,1772284499.423706,35800,0,1
1,NewOrder,1772284499.425484,13771,22,1
3,OrderStatus,1772284499.426243,7392,15,1
5,StockLevel,1772284499.426769,17446,10,1
2,Payment,1772284499.427363,29156,19,1
5,StockLevel,1772284499.428233,15217,7,1
1,NewOrder,1772284499.429282,14949,9,1
2,Payment,1772284499.429925,11799,11,1
1,NewOrder,1772284499.430654,16202,18,1
1,NewOrder,1772284499.431386,26977,20,1
1,NewOrder,1772284499.432265,37205,12,1
1,NewOrder,1772284499.433659,30131,15,1
1,NewOrder,1772284499.438055,42262,1,1
1,NewOrder,1772284499.438620,30912,13,1
5,StockLevel,1772284499.439268,9424,22,1
2,Payment,1772284499.441748,7886,11,1
2,Payment,1772284499.442128,20625,23,1
2,Payment,1772284499.443466,12518,7,1
2,Payment,1772284499.444232,25796,10,1
1,NewOrder,1772284499.444256,15671,9,1
2,Payment,1772284499.445010,24944,5,1
2,Payment,1772284499.446874,21279,18,1
2,Payment,1772284499.448229,70599,21,1
1,NewOrder,1772284499.448712,20832,22,1
1,NewOrder,1772284499.449131,12794,3,1
3,OrderStatus,1772284499.449646,7017,11,1
2,Payment,1772284499.450488,12210,16,1
1,NewOrder,1772284499.450526,17718,6,1
1,NewOrder,1772284499.452596,17374,14,1
2,Payment,1772284499.453338,29280,8,1
2,Payment,1772284499.456001,18486,7,1
2,Payment,1772284499.456541,27042,19,1
1,NewOrder,1772284499.456683,22153,11,1
2,Payment,1772284499.458385,19179,20,1
2,Payment,1772284499.459523,18502,0,1
5,StockLevel,1772284499.459943,7930,9,1
1,NewOrder,1772284499.461602,20659,17,1
2,Payment,1772284499.461959,21077,3,1
2,Payment,1772284499.462739,10423,16,1
1,NewOrder,1772284499.462772,47559,23,1
1,NewOrder,1772284499.463810,35628,15,1
2,Payment,1772284499.465626,7980,2,1
1,NewOrder,1772284499.467695,17399,4,1
2,Payment,1772284499.467895,20555,9,1
1,NewOrder,1772284499.468172,12320,18,1
1,NewOrder,1772284499.468269,42694,6,1
2,Payment,1772284499.469488,15656,12,1
1,NewOrder,1772284499.469548,48254,13,1
2,Payment,1772284499.469565,21892,22,1
1,NewOrder,1772284499.469977,45056,5,1
1,NewOrder,1772284499.469984,13145,14,1
1,NewOrder,1772284499.470041,36865,10,1
3,OrderStatus,1772284499.473181,8006,16,1
2,Payment,1772284499.473620,17696,2,1
3,OrderStatus,1772284499.474503,4119,7,1
2,Payment,1772284499.477596,23325,20,1
2,Payment,1772284499.478047,18832,0,1
5,StockLevel,1772284499.478636,16231,7,1
1,NewOrder,1772284499.478858,22014,11,1
1,NewOrder,1772284499.480341,25968,1,1
1,NewOrder,1772284499.480512,27460,18,1
1,NewOrder,1772284499.481206,44692,16,1
1,NewOrder,1772284499.482277,25360,17,1
1,NewOrder,1772284499.482636,24199,8,1
2,Payment,1772284499.483063,19345,3,1
1,NewOrder,1772284499.483142,22564,14,1
1,NewOrder,1772284499.483595,17990,19,1
5,StockLevel,1772284499.485116,20720,4,1
1,NewOrder,1772284499.485158,46237,12,1
1,NewOrder,1772284499.488486,18365,9,1
5,StockLevel,1772284499.491336,21130,2,1
2,Payment,1772284499.491494,35653,22,1
1,NewOrder,1772284499.494888,27618,7,1
1,NewOrder,1772284499.496898,30736,0,1
1,NewOrder,1772284499.499459,49600,15,1
1,NewOrder,1772284499.500896,40016,11,1
2,Payment,1772284499.500953,33680,20,1
1,NewOrder,1772284499.501598,28055,19,1
1,NewOrder,1772284499.502420,13178,3,1
2,Payment,1772284499.505731,8099,14,1
1,NewOrder,1772284499.505857,14000,4,1
1,NewOrder,1772284499.506322,34064,1,1
1,NewOrder,1772284499.506853,23303,8,1
2,Payment,1772284499.506864,6325,9,1
2,Payment,1772284499.506928,18454,10,1
1,NewOrder,1772284499.507665,43018,17,1
2,Payment,1772284499.507992,47679,18,1
2,Payment,1772284499.510346,32437,23,1
2,Payment,1772284499.510981,23096,6,1
1,NewOrder,1772284499.512484,22177,2,1
1,NewOrder,1772284499.513210,30423,9,1
1,NewOrder,1772284499.513849,25079,14,1
2,Payment,1772284499.515051,10815,5,1
1,NewOrder,1772284499.515610,22602,3,1
1,NewOrder,1772284499.517818,38400,13,1
5,StockLevel,1772284499.518844,43747,21,1
1,NewOrder,1772284499.519874,17464,4,1
1,NewOrder,1772284499.522523,24306,7,1
1,NewOrder,1772284499.525404,29641,10,1
1,NewOrder,1772284499.525889,29197,5,1
1,NewOrder,1772284499.525916,33097,16,1
2,Payment,1772284499.527164,40814,22,1
2,Payment,1772284499.527649,6933,0,1
4,Delivery,1772284499.529670,32934,19,1
5,StockLevel,1772284499.530182,22767,8,1
2,Payment,1772284499.531418,15927,12,1
2,Payment,1772284499.534093,10515,6,1
1,NewOrder,1772284499.534606,14728,0,1
2,Payment,1772284499.534654,40352,20,1
1,NewOrder,1772284499.534680,27424,2,1
2,Payment,1772284499.537357,7775,4,1
2,Payment,1772284499.538228,11140,3,1
1,NewOrder,1772284499.538944,21159,14,1
1,NewOrder,1772284499.540407,27202,1,1
2,Payment,1772284499.540929,11312,11,1
1,NewOrder,1772284499.542794,30836,23,1
2,Payment,1772284499.543653,14758,9,1
4,Delivery,1772284499.544620,32536,6,1
1,NewOrder,1772284499.545148,21384,4,1
4,Delivery,1772284499.546851,29841,7,1
1,NewOrder,1772284499.547359,16704,12,1
2,Payment,1772284499.549079,7491,15,1
2,Payment,1772284499.549346,5205,0,1
1,NewOrder,1772284499.549383,14774,3,1
2,Payment,1772284499.550696,12964,17,1
2,Payment,1772284499.552260,10989,11,1
1,NewOrder,1772284499.552967,16990,8,1
5,StockLevel,1772284499.554560,19197,0,1
4,Delivery,1772284499.555067,22423,10,1
1,NewOrder,1772284499.555096,43827,5,1
2,Payment,1772284499.555689,38926,18,1
2,Payment,1772284499.556225,23062,13,1
1,NewOrder,1772284499.556591,29467,15,1
2,Payment,1772284499.558419,9637,9,1
1,NewOrder,1772284499.559036,30052,16,1
2,Payment,1772284499.560120,9196,14,1
2,Payment,1772284499.562125,5840,2,1
1,NewOrder,1772284499.562611,18291,21,1
2,Payment,1772284499.562625,16536,19,1
2,Payment,1772284499.563261,10389,11,1
2,Payment,1772284499.563673,24785,17,1
2,Payment,1772284499.564071,36227,12,1
4,Delivery,1772284499.564171,38270,3,1
1,NewOrder,1772284499.566552,19383,4,1
2,Payment,1772284499.567627,13696,1,1
2,Payment,1772284499.567978,5178,2,1
2,Payment,1772284499.567990,41773,22,1
1,NewOrder,1772284499.568074,10708,9,1
5,StockLevel,1772284499.569342,23584,14,1
2,Payment,1772284499.569971,9416,8,1
2,Payment,1772284499.573175,12442,2,1
2,Payment,1772284499.573652,10243,23,1
1,NewOrder,1772284499.573666,18409,11,1
2,Payment,1772284499.573779,33477,0,1
1,NewOrder,1772284499.575031,32798,20,1
2,Payment,1772284499.576716,9251,7,1
2,Payment,1772284499.577176,15695,6,1
2,Payment,1772284499.577514,36018,10,1
1,NewOrder,1772284499.578799,21975,9,1
1,NewOrder,1772284499.579173,24857,19,1
2,Payment,1772284499.579312,30534,13,1
1,NewOrder,1772284499.579398,38733,8,1
2,Payment,1772284499.580924,79961,21,1
2,Payment,1772284499.581341,12433,1,1
1,NewOrder,1772284499.583919,30948,23,1
1,NewOrder,1772284499.585632,13744,2,1
1,NewOrder,1772284499.585953,15500,4,1
4,Delivery,1772284499.585984,21812,7,1
4,Delivery,1772284499.586087,85487,15,1
1,NewOrder,1772284499.588473,31827,17,1
1,NewOrder,1772284499.589114,38143,16,1
1,NewOrder,1772284499.592098,28753,11,1
1,NewOrder,1772284499.592888,34309,6,1
2,Payment,1772284499.592946,20153,14,1
5,StockLevel,1772284499.593788,31718,1,1
2,Payment,1772284499.594632,25567,18,1
1,NewOrder,1772284499.598940,16550,5,1
2,Payment,1772284499.599387,20244,2,1
2,Payment,1772284499.600319,20579,12,1
1,NewOrder,1772284499.600788,14639,9,1
1,NewOrder,1772284499.601474,9912,4,1
1,NewOrder,1772284499.602457,12944,3,1
2,Payment,1772284499.604045,23596,19,1
1,NewOrder,1772284499.607275,24504,0,1
2,Payment,1772284499.607815,9966,7,1
2,Payment,1772284499.607855,29170,20,1
2,Payment,1772284499.609777,45269,22,1
5,StockLevel,1772284499.609868,33578,13,1
2,Payment,1772284499.611398,16805,4,1
2,Payment,1772284499.613110,12953,14,1
1,NewOrder,1772284499.613542,29897,10,1
3,OrderStatus,1772284499.614885,8645,23,1
4,Delivery,1772284499.615419,29891,3,1
1,NewOrder,1772284499.615448,22131,9,1
5,StockLevel,1772284499.615504,18346,5,1
2,Payment,1772284499.617802,7519,7,1
1,NewOrder,1772284499.618145,21539,8,1
1,NewOrder,1772284499.619649,18439,2,1
2,Payment,1772284499.620211,23616,18,1
2,Payment,1772284499.620331,13021,17,1
2,Payment,1772284499.620863,10393,11,1
1,NewOrder,1772284499.620913,28715,12,1
1,NewOrder,1772284499.623555,31059,23,1
3,OrderStatus,1772284499.625338,7592,7,1
1,NewOrder,1772284499.625522,32131,1,1
3,OrderStatus,1772284499.626085,5250,14,1
1,NewOrder,1772284499.627219,32944,6,1
1,NewOrder,1772284499.627279,42986,16,1
5,StockLevel,1772284499.627652,14532,19,1
2,Payment,1772284499.628222,10360,4,1
1,NewOrder,1772284499.631281,18211,11,1
1,NewOrder,1772284499.631355,17414,14,1
2,Payment,1772284499.631789,14408,0,1
2,Payment,1772284499.632951,9535,7,1
2,Payment,1772284499.633369,9558,17,1
1,NewOrder,1772284499.633871,19693,5,1
1,NewOrder,1772284499.637045,18024,20,1
2,Payment,1772284499.637605,17425,9,1
2,Payment,1772284499.638103,15487,2,1
2,Payment,1772284499.638608,28599,4,1
2,Payment,1772284499.639710,23932,8,1
2,Payment,1772284499.642204,22044,19,1
2,Payment,1772284499.642512,29651,7,1
2,Payment,1772284499.642954,6569,17,1
4,Delivery,1772284499.643458,46951,10,1
2,Payment,1772284499.643463,14565,13,1
2,Payment,1772284499.643852,23701,18,1
1,NewOrder,1772284499.645324,9769,3,1
1,NewOrder,1772284499.646215,31779,0,1
1,NewOrder,1772284499.648786,12493,14,1
1,NewOrder,1772284499.649515,23993,11,1
1,NewOrder,1772284499.649536,30464,17,1
1,NewOrder,1772284499.649654,28380,12,1
2,Payment,1772284499.653591,17175,5,1
1,NewOrder,1772284499.653605,25921,2,1
4,Delivery,1772284499.654624,58449,23,1
1,NewOrder,1772284499.655042,25731,9,1
2,Payment,1772284499.655068,15875,22,1
1,NewOrder,1772284499.655092,13406,20,1
3,OrderStatus,1772284499.655111,3659,3,1
1,NewOrder,1772284499.657671,25891,1,1
2,Payment,1772284499.658040,14042,13,1
2,Payment,1772284499.658789,19360,3,1
1,NewOrder,1772284499.660176,22950,6,1
2,Payment,1772284499.660905,16741,21,1
2,Payment,1772284499.661300,16755,14,1
2,Payment,1772284499.663663,19966,8,1
1,NewOrder,1772284499.664269,28279,19,1
2,Payment,1772284499.667225,35135,4,1
2,Payment,1772284499.667569,17028,18,1
2,Payment,1772284499.668520,23998,20,1
1,NewOrder,1772284499.670285,54833,16,1
3,OrderStatus,1772284499.670781,9781,5,1
1,NewOrder,1772284499.670956,33127,22,1
3,OrderStatus,1772284499.671592,18528,15,1
1,NewOrder,1772284499.672094,11492,13,1
1,NewOrder,1772284499.672186,39710,7,1
1,NewOrder,1772284499.673528,47134,11,1
1,NewOrder,1772284499.677665,41398,21,1
1,NewOrder,1772284499.678011,55001,0,1
2,Payment,1772284499.678053,20174,12,1
1,NewOrder,1772284499.678079,37367,14,1
5,StockLevel,1772284499.678164,23160,3,1
1,NewOrder,1772284499.679540,8448,2,1
2,Payment,1772284499.680006,23649,17,1
1,NewOrder,1772284499.680580,26751,5,1
1,NewOrder,1772284499.680784,8462,9,1
4,Delivery,1772284499.683144,7837,6,1
1,NewOrder,1772284499.683581,7304,1,1
2,Payment,1772284499.683602,29868,13,1
1,NewOrder,1772284499.683644,35749,8,1
1,NewOrder,1772284499.684616,31276,18,1
2,Payment,1772284499.687998,19827,2,1
2,Payment,1772284499.689253,2456,9,1
1,NewOrder,1772284499.690140,33106,15,1
2,Payment,1772284499.690429,13547,10,1
3,OrderStatus,1772284499.690897,2172,1,1
1,NewOrder,1772284499.691001,32187,6,1
1,NewOrder,1772284499.691720,11905,9,1
1,NewOrder,1772284499.692534,40620,20,1
4,Delivery,1772284499.692567,20943,19,1
1,NewOrder,1772284499.693100,10584,1,1
1,NewOrder,1772284499.698244,47508,12,1
2,Payment,1772284499.701344,14525,3,1
1,NewOrder,1772284499.702378,42038,4,1
2,Payment,1772284499.703648,14243,9,1
5,StockLevel,1772284499.703674,27474,17,1
1,NewOrder,1772284499.703695,18412,1,1
1,NewOrder,1772284499.703995,26717,10,1
1,NewOrder,1772284499.704100,19479,22,1
5,StockLevel,1772284499.707348,29795,5,1
1,NewOrder,1772284499.707836,14673,2,1
1,NewOrder,1772284499.711913,41436,7,1
1,NewOrder,1772284499.713093,19950,23,1
4,Delivery,1772284499.713495,36737,13,1
1,NewOrder,1772284499.713531,26877,19,1
1,NewOrder,1772284499.715459,26178,14,1
1,NewOrder,1772284499.715893,25310,3,1
2,Payment,1772284499.715911,7641,18,1
2,Payment,1772284499.717904,10106,9,1
5,StockLevel,1772284499.719080,19985,21,1
5,StockLevel,1772284499.719407,14355,8,1
4,Delivery,1772284499.720681,85110,11,1
2,Payment,1772284499.722123,10485,1,1
2,Payment,1772284499.722528,15643,2,1
2,Payment,1772284499.723203,9789,6,1
1,NewOrder,1772284499.723260,18759,15,1
1,NewOrder,1772284499.723564,24907,18,1
2,Payment,1772284499.723594,9449,22,1
1,NewOrder,1772284499.725128,32818,16,1
1,NewOrder,1772284499.728023,22564,9,1
5,StockLevel,1772284499.730737,25866,10,1
1,NewOrder,1772284499.731163,19370,17,1
1,NewOrder,1772284499.732622,13321,1,1
1,NewOrder,1772284499.733013,12494,6,1
1,NewOrder,1772284499.733039,42810,0,1
2,Payment,1772284499.733056,11751,22,1
2,Payment,1772284499.733072,6013,23,1
2,Payment,1772284499.733182,23549,20,1
2,Payment,1772284499.733773,10991,8,1
2,Payment,1772284499.737163,10436,5,1
2,Payment,1772284499.738182,20360,2,1
2,Payment,1772284499.739076,32148,21,1
2,Payment,1772284499.739122,25474,23,1
1,NewOrder,1772284499.740434,35328,19,1
2,Payment,1772284499.741216,22922,3,1
2,Payment,1772284499.741662,9871,14,1
3,OrderStatus,1772284499.742046,14867,15,1
1,NewOrder,1772284499.744441,26114,4,1
1,NewOrder,1772284499.744785,18114,8,1
1,NewOrder,1772284499.744820,26886,22,1
2,Payment,1772284499.745533,2609,6,1
2,Payment,1772284499.745778,13712,12,1
2,Payment,1772284499.745972,26556,1,1
1,NewOrder,1772284499.747609,25407,5,1
1,NewOrder,1772284499.748161,6723,6,1
1,NewOrder,1772284499.748490,8574,18,1
2,Payment,1772284499.750260,18108,13,1
1,NewOrder,1772284499.750552,14002,17,1
1,NewOrder,1772284499.750605,28186,9,1
2,Payment,1772284499.751563,21460,14,1
2,Payment,1772284499.753376,7605,7,1
1,NewOrder,1772284499.754900,38205,6,1
4,Delivery,1772284499.756620,49864,10,1
2,Payment,1772284499.756756,19051,20,1
2,Payment,1772284499.756933,26237,15,1
2,Payment,1772284499.757087,23798,18,1
2,Payment,1772284499.757965,55243,16,1
2,Payment,1772284499.758567,18717,2,1
1,NewOrder,1772284499.759504,12643,12,1
2,Payment,1772284499.761002,5480,7,1
2,Payment,1772284499.762914,6626,8,1
1,NewOrder,1772284499.764155,24879,3,1
5,StockLevel,1772284499.764573,18069,17,1
1,NewOrder,1772284499.764621,27838,23,1
4,Delivery,1772284499.766508,40195,7,1
1,NewOrder,1772284499.768401,21999,13,1
1,NewOrder,1772284499.769563,25555,8,1
2,Payment,1772284499.770571,12704,4,1
1,NewOrder,1772284499.771236,23440,21,1
1,NewOrder,1772284499.771728,14382,22,1
2,Payment,1772284499.772172,33677,12,1
3,OrderStatus,1772284499.772546,5679,1,1
1,NewOrder,1772284499.773040,20041,5,1
2,Payment,1772284499.773041,19396,14,1
5,StockLevel,1772284499.775778,20666,19,1
2,Payment,1772284499.775825,11055,20,1
2,Payment,1772284499.775875,16525,0,1
4,Delivery,1772284499.777300,55303,2,1
1,NewOrder,1772284499.778247,16835,1,1
5,StockLevel,1772284499.778809,22339,9,1
2,Payment,1772284499.780907,11446,18,1
1,NewOrder,1772284499.782662,17836,17,1
1,NewOrder,1772284499.783197,20209,15,1
2,Payment,1772284499.783297,22585,4,1
1,NewOrder,1772284499.786129,19238,22,1
2,Payment,1772284499.786906,19005,20,1
1,NewOrder,1772284499.789056,12217,3,1
4,Delivery,1772284499.790416,30222,13,1
2,Payment,1772284499.792365,4333,18,1
3,OrderStatus,1772284499.792425,8431,0,1
3,OrderStatus,1772284499.792458,11383,14,1
2,Payment,1772284499.792470,30911,23,1
3,OrderStatus,1772284499.793103,6857,5,1
1,NewOrder,1772284499.793118,20668,6,1
2,Payment,1772284499.794698,36162,21,1
1,NewOrder,1772284499.795095,32651,1,1
1,NewOrder,1772284499.795137,30353,8,1
1,NewOrder,1772284499.796466,10485,19,1
1,NewOrder,1772284499.796717,9705,18,1
1,NewOrder,1772284499.799983,20261,5,1
1,NewOrder,1772284499.800518,20055,17,1
2,Payment,1772284499.800866,12464,0,1
2,Payment,1772284499.801168,10068,9,1
1,NewOrder,1772284499.801280,13424,3,1
2,Payment,1772284499.803428,19114,15,1
1,NewOrder,1772284499.803859,26383,14,1
2,Payment,1772284499.805375,7245,22,1
2,Payment,1772284499.805798,9328,11,1
2,Payment,1772284499.805872,26726,12,1
1,NewOrder,1772284499.805902,45295,4,1
2,Payment,1772284499.805927,31291,20,1
2,Payment,1772284499.806435,44880,18,1
1,NewOrder,1772284499.806493,30869,10,1
1,NewOrder,1772284499.806720,31837,7,1
4,Delivery,1772284499.806966,28192,19,1
1,NewOrder,1772284499.811249,24270,9,1
1,NewOrder,1772284499.812641,24085,22,1
2,Payment,1772284499.813231,29514,16,1
1,NewOrder,1772284499.813351,41371,0,1
2,Payment,1772284499.813801,11319,6,1
2,Payment,1772284499.814720,6532,3,1
1,NewOrder,1772284499.815137,14361,11,1
2,Payment,1772284499.820261,13370,5,1
1,NewOrder,1772284499.820603,14929,17,1
2,Payment,1772284499.820655,31733,13,1
1,NewOrder,1772284499.821274,15936,3,1
1,NewOrder,1772284499.822562,48305,15,1
1,NewOrder,1772284499.823392,36805,23,1
1,NewOrder,1772284499.825135,26034,6,1
2,Payment,1772284499.825505,10022,8,1
1,NewOrder,1772284499.827768,23387,1,1
2,Payment,1772284499.829513,13291,11,1
1,NewOrder,1772284499.830265,12511,14,1
1,NewOrder,1772284499.830884,31788,21,1
1,NewOrder,1772284499.832619,30305,12,1
2,Payment,1772284499.832624,4652,2,1
2,Payment,1772284499.833642,9635,5,1
2,Payment,1772284499.835178,7912,19,1
1,NewOrder,1772284499.835532,15845,9,1
2,Payment,1772284499.835539,15675,8,1
3,OrderStatus,1772284499.835550,3802,17,1
1,NewOrder,1772284499.836749,14539,22,1
2,Payment,1772284499.837223,14045,3,1
1,NewOrder,1772284499.837230,14114,20,1
2,Payment,1772284499.837296,24941,2,1
2,Payment,1772284499.837371,28997,10,1
1,NewOrder,1772284499.838581,40466,7,1
1,NewOrder,1772284499.839363,11944,17,1
2,Payment,1772284499.842767,14732,16,1
1,NewOrder,1772284499.842799,41152,14,1
2,Payment,1772284499.842826,31471,11,1
1,NewOrder,1772284499.843102,15045,19,1
2,Payment,1772284499.843287,29435,5,1
2,Payment,1772284499.851172,29547,1,1
1,NewOrder,1772284499.851186,19223,6,1
2,Payment,1772284499.851220,5846,4,1
1,NewOrder,1772284499.851242,42255,8,1
4,Delivery,1772284499.851290,31088,3,1
1,NewOrder,1772284499.851316,24274,22,1
2,Payment,1772284499.851328,8522,18,1
2,Payment,1772284499.851332,11363,17,1
5,StockLevel,1772284499.851357,23359,20,1
1,NewOrder,1772284499.851394,19466,9,1
1,NewOrder,1772284499.852400,14349,13,1
1,NewOrder,1772284499.854743,16153,0,1
1,NewOrder,1772284499.857078,10565,4,1
1,NewOrder,1772284499.857521,10574,16,1
2,Payment,1772284499.858160,14180,19,1
2,Payment,1772284499.859865,18807,18,1
1,NewOrder,1772284499.860205,36687,23,1
2,Payment,1772284499.862256,26043,2,1
4,Delivery,1772284499.862692,28087,21,1
4,Delivery,1772284499.862710,59797,17,1
5,StockLevel,1772284499.862934,30295,12,1
1,NewOrder,1772284499.866392,31041,10,1
2,Payment,1772284499.866764,8485,13,1
2,Payment,1772284499.867654,29696,4,1
1,NewOrder,1772284499.868117,12986,16,1
2,Payment,1772284499.870428,17161,6,1
1,NewOrder,1772284499.870881,10128,9,1
5,StockLevel,1772284499.870886,22513,15,1
2,Payment,1772284499.870915,34632,0,1
1,NewOrder,1772284499.872358,32829,19,1
4,Delivery,1772284499.872736,10133,5,1
2,Payment,1772284499.874310,21248,11,1
1,NewOrder,1772284499.874727,26456,20,1
1,NewOrder,1772284499.875258,34919,13,1
1,NewOrder,1772284499.875608,27186,22,1
2,Payment,1772284499.878696,13339,18,1
5,StockLevel,1772284499.879065,32974,7,1
1,NewOrder,1772284499.880734,20801,1,1
2,Payment,1772284499.881036,17612,9,1
2,Payment,1772284499.881129,4342,16,1
1,NewOrder,1772284499.882394,7653,3,1
2,Payment,1772284499.882891,8432,5,1
2,Payment,1772284499.883970,12120,14,1
2,Payment,1772284499.885488,22068,16,1
2,Payment,1772284499.887615,19360,6,1
4,Delivery,1772284499.888322,59486,2,1
1,NewOrder,1772284499.890062,22110,3,1
2,Payment,1772284499.890801,6543,21,1
3,OrderStatus,1772284499.891342,3743,5,1
4,Delivery,1772284499.892048,11844,18,1
2,Payment,1772284499.893245,20663,12,1
4,Delivery,1772284499.893409,29554,15,1
1,NewOrder,1772284499.893509,24833,8,1
1,NewOrder,1772284499.895100,24429,5,1
1,NewOrder,1772284499.895584,21837,11,1
1,NewOrder,1772284499.896117,41180,14,1
1,NewOrder,1772284499.896905,24705,23,1
2,Payment,1772284499.897371,18514,4,1
2,Payment,1772284499.897380,6940,21,1
1,NewOrder,1772284499.897449,19540,10,1
1,NewOrder,1772284499.898677,25301,9,1
2,Payment,1772284499.901200,10336,20,1
2,Payment,1772284499.901551,18879,1,1
1,NewOrder,1772284499.902806,22095,22,1
3,OrderStatus,1772284499.903907,8154,18,1
1,NewOrder,1772284499.904340,21139,21,1
2,Payment,1772284499.905205,12133,19,1
2,Payment,1772284499.905573,19093,0,1
1,NewOrder,1772284499.907006,18209,6,1
2,Payment,1772284499.907577,13379,16,1
1,NewOrder,1772284499.910199,24495,13,1
2,Payment,1772284499.911552,19959,20,1
5,StockLevel,1772284499.912056,19638,7,1
1,NewOrder,1772284499.912082,13442,18,1
2,Payment,1772284499.912183,22200,3,1
2,Payment,1772284499.913927,11219,12,1
2,Payment,1772284499.915917,21386,4,1
1,NewOrder,1772284499.917004,37729,10,1
4,Delivery,1772284499.917364,39336,19,1
2,Payment,1772284499.917445,9467,11,1
1,NewOrder,1772284499.918356,27141,8,1
1,NewOrder,1772284499.919556,7992,5,1
2,Payment,1772284499.920450,23824,1,1
1,NewOrder,1772284499.920982,7039,16,1
2,Payment,1772284499.921628,17390,23,1
1,NewOrder,1772284499.922520,12233,17,1
4,Delivery,1772284499.922983,52142,15,1
2,Payment,1772284499.924004,8009,9,1
5,StockLevel,1772284499.924681,22700,0,1
2,Payment,1772284499.924917,19759,22,1
2,Payment,1772284499.925174,11705,12,1
1,NewOrder,1772284499.925241,35195,6,1
2,Payment,1772284499.925498,27144,21,1
4,Delivery,1772284499.925537,31624,18,1
1,NewOrder,1772284499.926938,7790,11,1
2,Payment,1772284499.927561,12580,5,1
4,Delivery,1772284499.928049,47536,16,1
1,NewOrder,1772284499.931531,25531,20,1
3,OrderStatus,1772284499.931716,7829,7,1
1,NewOrder,1772284499.932039,15322,9,1
1,NewOrder,1772284499.934404,25417,3,1
2,Payment,1772284499.934718,7343,13,1
2,Payment,1772284499.934749,5025,11,1
1,NewOrder,1772284499.934779,31665,17,1
2,Payment,1772284499.936902,10975,12,1
1,NewOrder,1772284499.937315,25376,14,1
2,Payment,1772284499.937321,12724,4,1
2,Payment,1772284499.939037,19355,23,1
1,NewOrder,1772284499.939556,17539,7,1
2,Payment,1772284499.939792,4992,11,1
4,Delivery,1772284499.940152,8231,5,1
1,NewOrder,1772284499.942094,25802,13,1
2,Payment,1772284499.944284,14872,1,1
1,NewOrder,1772284499.944693,31037,22,1
2,Payment,1772284499.944805,7030,11,1
3,OrderStatus,1772284499.945512,6005,8,1
2,Payment,1772284499.947383,10587,9,1
1,NewOrder,1772284499.947401,27609,0,1
1,NewOrder,1772284499.947825,22123,2,1
3,OrderStatus,1772284499.947891,10985,12,1
1,NewOrder,1772284499.948399,23551,5,1
1,NewOrder,1772284499.950068,35295,4,1
2,Payment,1772284499.951541,11191,8,1
2,Payment,1772284499.951853,15697,11,1
1,NewOrder,1772284499.952664,33189,21,1
1,NewOrder,1772284499.954751,28253,10,1
1,NewOrder,1772284499.956714,35940,19,1
2,Payment,1772284499.957074,5212,20,1
2,Payment,1772284499.957107,17232,7,1
2,Payment,1772284499.957180,10751,18,1
1,NewOrder,1772284499.957988,18785,9,1
1,NewOrder,1772284499.958411,22616,23,1
1,NewOrder,1772284499.958896,14947,12,1
2,Payment,1772284499.959165,6602,1,1
1,NewOrder,1772284499.959827,20527,3,1
2,Payment,1772284499.960462,20924,6,1
1,NewOrder,1772284499.962303,43374,20,1
2,Payment,1772284499.962709,15628,14,1
2,Payment,1772284499.962748,25032,8,1
5,StockLevel,1772284499.965785,14694,1,1
4,Delivery,1772284499.966465,9185,17,1
2,Payment,1772284499.967563,25848,11,1
5,StockLevel,1772284499.967912,39109,13,1
1,NewOrder,1772284499.967952,27882,18,1
1,NewOrder,1772284499.969964,16987,2,1
4,Delivery,1772284499.971973,26476,5,1
1,NewOrder,1772284499.973863,12385,12,1
1,NewOrder,1772284499.974353,22063,7,1
1,NewOrder,1772284499.975027,23045,0,1
2,Payment,1772284499.975151,10799,15,1
2,Payment,1772284499.975603,20878,16,1
2,Payment,1772284499.975679,23571,17,1
1,NewOrder,1772284499.975747,15734,22,1
1,NewOrder,1772284499.976790,16618,9,1
1,NewOrder,1772284499.978355,27023,14,1
2,Payment,1772284499.980378,7852,3,1
1,NewOrder,1772284499.980497,14880,1,1
2,Payment,1772284499.981048,5183,23,1
1,NewOrder,1772284499.981399,32396,6,1
2,Payment,1772284499.983034,26428,10,1
2,Payment,1772284499.985377,9618,4,1
2,Payment,1772284499.985866,11717,21,1
1,NewOrder,1772284499.985976,31861,15,1
2,Payment,1772284499.986254,16477,23,1
1,NewOrder,1772284499.986270,11786,12,1
2,Payment,1772284499.986965,11180,2,1
2,Payment,1772284499.987796,27112,8,1
2,Payment,1772284499.988244,12199,3,1
1,NewOrder,1772284499.991509,40701,22,1
2,Payment,1772284499.992675,16095,19,1
2,Payment,1772284499.993427,25329,9,1
2,Payment,1772284499.993434,34831,11,1
2,Payment,1772284499.995019,8093,4,1
1,NewOrder,1772284499.995390,25513,1,1
4,Delivery,1772284499.995849,12335,18,1
2,Payment,1772284499.996435,40843,7,1
1,NewOrder,1772284499.996506,15595,16,1
2,Payment,1772284499.997602,18339,21,1
2,Payment,1772284499.998081,3082,12,1
2,Payment,1772284499.998091,12443,0,1
2,Payment,1772284499.998166,6833,2,1
2,Payment,1772284499.998462,15937,5,1
1,NewOrder,1772284499.999272,9576,17,1
1,NewOrder,1772284500.000457,32658,3,1
1,NewOrder,1772284500.001182,8919,12,1
1,NewOrder,1772284500.002750,17517,23,1
2,Payment,1772284500.003123,18674,4,1
1,NewOrder,1772284500.005024,20407,2,1
4,Delivery,1772284500.005401,33185,14,1
1,NewOrder,1772284500.005711,28234,20,1
3,OrderStatus,1772284500.007043,7615,13,1
5,StockLevel,1772284500.008207,13391,18,1
2,Payment,1772284500.008795,11033,19,1
1,NewOrder,1772284500.008864,23418,17,1
2,Payment,1772284500.009484,37008,10,1
1,NewOrder,1772284500.010117,14826,12,1
2,Payment,1772284500.010557,19028,0,1
2,Payment,1772284500.012120,8055,16,1
1,NewOrder,1772284500.013821,18470,6,1
2,Payment,1772284500.014417,26799,5,1
2,Payment,1772284500.014679,9023,13,1
1,NewOrder,1772284500.014923,22258,8,1
1,NewOrder,1772284500.015966,20837,21,1
4,Delivery,1772284500.017859,21393,15,1
3,OrderStatus,1772284500.018777,5837,9,1
2,Payment,1772284500.019854,5541,19,1
1,NewOrder,1772284500.020200,33820,16,1
2,Payment,1772284500.020282,12871,23,1
2,Payment,1772284500.020919,25764,1,1
3,OrderStatus,1772284500.021612,4550,18,1
2,Payment,1772284500.021815,43655,4,1
1,NewOrder,1772284500.023723,24247,13,1
2,Payment,1772284500.024628,27648,9,1
2,Payment,1772284500.024957,7290,12,1
5,StockLevel,1772284500.025423,8446,19,1
3,OrderStatus,1772284500.025446,4876,2,1
1,NewOrder,1772284500.026184,27850,18,1
1,NewOrder,1772284500.028291,8941,11,1
2,Payment,1772284500.029609,22075,0,1
2,Payment,1772284500.030344,38221,2,1
1,NewOrder,1772284500.032224,25902,22,1
2,Payment,1772284500.032266,9602,12,1
2,Payment,1772284500.032301,28613,6,1
1,NewOrder,1772284500.032310,23701,17,1
2,Payment,1772284500.033141,37530,3,1
1,NewOrder,1772284500.033182,23204,23,1
2,Payment,1772284500.033897,6430,19,1
1,NewOrder,1772284500.033959,7888,20,1
2,Payment,1772284500.036816,8976,21,1
2,Payment,1772284500.037190,35823,8,1
2,Payment,1772284500.037252,29108,11,1
1,NewOrder,1772284500.037304,22975,7,1
1,NewOrder,1772284500.038606,7905,14,1
1,NewOrder,1772284500.039275,10756,15,1
2,Payment,1772284500.040346,13477,19,1
3,OrderStatus,1772284500.041236,4150,5,1
1,NewOrder,1772284500.041863,5697,20,1
1,NewOrder,1772284500.041884,26174,12,1
2,Payment,1772284500.045408,11438,5,1
2,Payment,1772284500.045806,10916,21,1
1,NewOrder,1772284500.046513,12255,10,1
4,Delivery,1772284500.046527,11964,14,1
2,Payment,1772284500.046692,26012,1,1
5,StockLevel,1772284500.047569,7548,20,1
1,NewOrder,1772284500.047987,30018,13,1
2,Payment,1772284500.050048,5544,15,1
2,Payment,1772284500.051709,25155,0,1
1,NewOrder,1772284500.052303,20742,9,1
1,NewOrder,1772284500.053849,8979,19,1
2,Payment,1772284500.054048,9861,16,1
3,OrderStatus,1772284500.054054,8695,18,1
2,Payment,1772284500.055133,6224,20,1
2,Payment,1772284500.055612,19160,15,1
2,Payment,1772284500.056024,27675,17,1
1,NewOrder,1772284500.056406,32532,23,1
2,Payment,1772284500.056742,11192,21,1
1,NewOrder,1772284500.056861,30619,5,1
1,NewOrder,1772284500.058145,7688,22,1
2,Payment,1772284500.058512,33908,14,1
2,Payment,1772284500.058791,19673,10,1
1,NewOrder,1772284500.060300,9366,7,1
2,Payment,1772284500.060934,21760,6,1
2,Payment,1772284500.061378,16997,20,1
1,NewOrder,1772284500.062773,32705,18,1
1,NewOrder,1772284500.062855,8222,19,1
1,NewOrder,1772284500.063923,32001,16,1
1,NewOrder,1772284500.065491,20918,4,1
1,NewOrder,1772284500.065855,33378,22,1
1,NewOrder,1772284500.066374,32828,11,1
1,NewOrder,1772284500.067947,31656,21,1
2,Payment,1772284500.068075,33918,12,1
2,Payment,1772284500.068589,15816,2,1
2,Payment,1772284500.069681,17841,7,1
1,NewOrder,1772284500.070689,16207,3,1
1,NewOrder,1772284500.071095,13410,19,1
1,NewOrder,1772284500.072721,15483,1,1
2,Payment,1772284500.073032,18830,8,1
1,NewOrder,1772284500.073070,23482,9,1
1,NewOrder,1772284500.074794,24378,15,1
2,Payment,1772284500.076878,12624,0,1
2,Payment,1772284500.078029,31416,13,1
2,Payment,1772284500.078386,9603,20,1
2,Payment,1772284500.078486,20260,10,1
5,StockLevel,1772284500.082711,17880,6,1
5,StockLevel,1772284500.083724,14398,17,1
3,OrderStatus,1772284500.084428,5190,2,1
2,Payment,1772284500.084526,8083,19,1
2,Payment,1772284500.086424,10982,4,1
1,NewOrder,1772284500.086916,49010,3,1
1,NewOrder,1772284500.087503,32976,5,1
2,Payment,1772284500.087546,18803,7,1
2,Payment,1772284500.088009,14386,20,1
2,Payment,1772284500.088219,15334,1,1
5,StockLevel,1772284500.088954,10176,23,1
1,NewOrder,1772284500.089515,40381,0,1
2,Payment,1772284500.089630,22589,2,1
1,NewOrder,1772284500.091881,39264,8,1
1,NewOrder,1772284500.092446,26967,14,1
2,Payment,1772284500.092624,17499,19,1
2,Payment,1772284500.095492,18235,18,1
2,Payment,1772284500.095943,8643,16,1
1,NewOrder,1772284500.096575,14109,9,1
1,NewOrder,1772284500.097429,34918,4,1
1,NewOrder,1772284500.098140,6046,17,1
2,Payment,1772284500.098763,14356,10,1
1,NewOrder,1772284500.099149,15168,23,1
2,Payment,1772284500.099191,18144,15,1
1,NewOrder,1772284500.099221,42521,11,1
2,Payment,1772284500.099249,23053,22,1
1,NewOrder,1772284500.099631,8157,21,1
1,NewOrder,1772284500.100608,25817,6,1
2,Payment,1772284500.102019,21148,12,1
1,NewOrder,1772284500.102413,26025,20,1
5,StockLevel,1772284500.103593,20248,1,1
1,NewOrder,1772284500.104202,13595,17,1
3,OrderStatus,1772284500.104605,3272,16,1
4,Delivery,1772284500.106370,32235,7,1
1,NewOrder,1772284500.107809,9948,21,1
2,Payment,1772284500.107898,19024,16,1
1,NewOrder,1772284500.109467,25828,13,1
2,Payment,1772284500.110141,19439,19,1
2,Payment,1772284500.110695,8227,9,1
1,NewOrder,1772284500.112246,37148,2,1
1,NewOrder,1772284500.113134,28949,10,1
3,OrderStatus,1772284500.113745,3917,18,1
1,NewOrder,1772284500.114337,20770,23,1
2,Payment,1772284500.117359,20465,15,1
5,StockLevel,1772284500.117688,10787,18,1
2,Payment,1772284500.117769,16429,21,1
1,NewOrder,1772284500.117811,25650,17,1
1,NewOrder,1772284500.118938,18185,9,1
2,Payment,1772284500.119431,31686,14,1
1,NewOrder,1772284500.120498,41043,5,1
1,NewOrder,1772284500.122321,34555,22,1
2,Payment,1772284500.123191,36589,12,1
4,Delivery,1772284500.123857,21449,1,1
1,NewOrder,1772284500.126446,18842,6,1
1,NewOrder,1772284500.126941,34099,16,1
2,Payment,1772284500.128454,21425,20,1
2,Payment,1772284500.128500,11519,18,1
2,Payment,1772284500.129595,27204,19,1
3,OrderStatus,1772284500.129912,11985,0,1
1,NewOrder,1772284500.131167,13537,8,1
2,Payment,1772284500.132363,5281,4,1
4,Delivery,1772284500.134223,34424,21,1
1,NewOrder,1772284500.135134,19634,23,1
1,NewOrder,1772284500.135314,26254,13,1
2,Payment,1772284500.135945,12718,3,1
2,Payment,1772284500.137143,3458,9,1
2,Payment,1772284500.137659,12822,4,1
2,Payment,1772284500.137840,27150,15,1
2,Payment,1772284500.138620,6643,7,1
2,Payment,1772284500.140040,23439,18,1
2,Payment,1772284500.140618,6646,9,1
4,Delivery,1772284500.141765,82810,11,1
1,NewOrder,1772284500.141915,14928,0,1
2,Payment,1772284500.142116,7755,10,1
1,NewOrder,1772284500.143477,18907,17,1
4,Delivery,1772284500.144724,80453,8,1
2,Payment,1772284500.145290,7353,7,1
1,NewOrder,1772284500.145315,11585,6,1
2,Payment,1772284500.145322,7650,1,1
2,Payment,1772284500.147273,9545,9,1
2,Payment,1772284500.148670,8085,3,1
2,Payment,1772284500.149408,16455,2,1
1,NewOrder,1772284500.149890,41330,10,1
1,NewOrder,1772284500.149897,22259,20,1
2,Payment,1772284500.150505,19816,4,1
1,NewOrder,1772284500.151142,18455,14,1
1,NewOrder,1772284500.152661,9399,7,1
2,Payment,1772284500.152989,22768,1,1
2,Payment,1772284500.154794,19577,23,1
5,StockLevel,1772284500.156772,28212,3,1
1,NewOrder,1772284500.156818,49764,19,1
1,NewOrder,1772284500.156838,27578,9,1
1,NewOrder,1772284500.156857,44329,0,1
2,Payment,1772284500.156889,29414,22,1
1,NewOrder,1772284500.156911,16027,6,1
1,NewOrder,1772284500.159801,20257,12,1
1,NewOrder,1772284500.161066,16851,16,1
2,Payment,1772284500.161560,24208,5,1
1,NewOrder,1772284500.161587,15619,13,1
2,Payment,1772284500.162072,9699,7,1
1,NewOrder,1772284500.162413,46944,17,1
1,NewOrder,1772284500.163499,45303,18,1
1,NewOrder,1772284500.165012,16700,15,1
2,Payment,1772284500.165877,30962,2,1
1,NewOrder,1772284500.168666,17053,21,1
5,StockLevel,1772284500.169610,10552,14,1
1,NewOrder,1772284500.170344,41011,4,1
1,NewOrder,1772284500.171796,28272,7,1
4,Delivery,1772284500.172178,37149,20,1
4,Delivery,1772284500.172960,52086,6,1
4,Delivery,1772284500.174396,35625,23,1
1,NewOrder,1772284500.175777,23355,1,1
4,Delivery,1772284500.177221,14019,13,1
2,Payment,1772284500.177935,2960,16,1
1,NewOrder,1772284500.180072,23172,12,1
2,Payment,1772284500.180172,3845,14,1
1,NewOrder,1772284500.180913,7243,16,1
1,NewOrder,1772284500.181740,8419,15,1
2,Payment,1772284500.184034,2490,14,1
1,NewOrder,1772284500.184443,38833,9,1
1,NewOrder,1772284500.185010,25954,3,1
2,Payment,1772284500.185731,12430,21,1
2,Payment,1772284500.185798,15803,5,1
2,Payment,1772284500.186319,18906,22,1
2,Payment,1772284500.186539,2068,14,1
1,NewOrder,1772284500.188170,8076,16,1
1,NewOrder,1772284500.188627,9771,14,1
1,NewOrder,1772284500.190177,6619,15,1
2,Payment,1772284500.191243,10908,10,1
1,NewOrder,1772284500.191258,43086,13,1
2,Payment,1772284500.196270,2834,16,1
3,OrderStatus,1772284500.196818,2355,15,1
2,Payment,1772284500.196860,12431,2,1
2,Payment,1772284500.198179,11493,21,1
1,NewOrder,1772284500.198432,8120,14,1
2,Payment,1772284500.199132,2452,16,1
1,NewOrder,1772284500.199160,22318,1,1
2,Payment,1772284500.199191,4698,15,1
2,Payment,1772284500.200090,9713,7,1
1,NewOrder,1772284500.201208,12263,0,1
2,Payment,1772284500.201593,4223,16,1
2,Payment,1772284500.201629,15444,5,1
5,StockLevel,1772284500.202171,23699,10,1
2,Payment,1772284500.203264,8772,12,1
2,Payment,1772284500.203899,11549,15,1
2,Payment,1772284500.205255,12285,22,1
1,NewOrder,1772284500.205831,21627,16,1
1,NewOrder,1772284500.206571,8441,14,1
1,NewOrder,1772284500.206595,26754,19,1
3,OrderStatus,1772284500.208829,2800,18,1
1,NewOrder,1772284500.209311,32531,2,1
1,NewOrder,1772284500.209353,23969,20,1
1,NewOrder,1772284500.209383,29344,17,1
1,NewOrder,1772284500.209715,25037,21,1
2,Payment,1772284500.209819,7666,7,1
2,Payment,1772284500.210036,14219,23,1
2,Payment,1772284500.210988,9015,3,1
2,Payment,1772284500.211374,15699,4,1
2,Payment,1772284500.211649,18348,18,1
1,NewOrder,1772284500.212053,32598,12,1
1,NewOrder,1772284500.213489,20365,0,1
1,NewOrder,1772284500.215031,22891,14,1
2,Payment,1772284500.215485,3904,15,1
2,Payment,1772284500.217088,21680,5,1
1,NewOrder,1772284500.217499,29426,7,1
2,Payment,1772284500.217567,22507,22,1
1,NewOrder,1772284500.219414,36359,15,1
1,NewOrder,1772284500.220024,15081,3,1
2,Payment,1772284500.221497,23515,1,1
3,OrderStatus,1772284500.223300,6166,9,1
1,NewOrder,1772284500.224281,19293,23,1
1,NewOrder,1772284500.224588,28411,11,1
1,NewOrder,1772284500.225059,29330,6,1
2,Payment,1772284500.225194,8175,8,1
1,NewOrder,1772284500.225889,33555,10,1
2,Payment,1772284500.227095,22412,4,1
1,NewOrder,1772284500.227482,22364,16,1
2,Payment,1772284500.229485,13440,9,1
2,Payment,1772284500.230015,15958,18,1
2,Payment,1772284500.233340,14983,20,1
1,NewOrder,1772284500.233369,7212,19,1
3,OrderStatus,1772284500.233391,8571,8,1
2,Payment,1772284500.233872,23624,0,1
1,NewOrder,1772284500.234371,6231,13,1
1,NewOrder,1772284500.234767,7694,21,1
2,Payment,1772284500.235119,37385,3,1
2,Payment,1772284500.237942,7597,14,1
2,Payment,1772284500.238740,11194,17,1
2,Payment,1772284500.238787,27430,5,1
1,NewOrder,1772284500.240094,17593,22,1
2,Payment,1772284500.240595,12040,19,1
1,NewOrder,1772284500.240619,16066,13,1
2,Payment,1772284500.241854,37089,2,1
1,NewOrder,1772284500.241980,11974,8,1
2,Payment,1772284500.242483,13647,21,1
2,Payment,1772284500.242934,1325,9,1
2,Payment,1772284500.243588,19890,23,1
2,Payment,1772284500.244270,6102,9,1
5,StockLevel,1772284500.244678,21425,12,1
2,Payment,1772284500.245030,44009,1,1
2,Payment,1772284500.245572,10684,14,1
2,Payment,1772284500.245995,34948,18,1
1,NewOrder,1772284500.246944,7413,7,1
2,Payment,1772284500.248341,41012,20,1
2,Payment,1772284500.249524,43581,4,1
2,Payment,1772284500.249861,13858,16,1
1,NewOrder,1772284500.249950,13708,17,1
4,Delivery,1772284500.250381,38581,9,1
2,Payment,1772284500.252661,21565,19,1
1,NewOrder,1772284500.253013,10674,11,1
2,Payment,1772284500.253969,2617,8,1
3,OrderStatus,1772284500.254370,2349,7,1
2,Payment,1772284500.254407,9341,6,1
1,NewOrder,1772284500.255786,32799,15,1
2,Payment,1772284500.256155,12426,21,1
1,NewOrder,1772284500.256282,28425,14,1
1,NewOrder,1772284500.256603,29148,8,1
3,OrderStatus,1772284500.256711,7233,13,1
2,Payment,1772284500.256736,10027,7,1
1,NewOrder,1772284500.257509,25822,0,1
3,OrderStatus,1772284500.257724,1642,22,1
1,NewOrder,1772284500.259382,11754,22,1
1,NewOrder,1772284500.259458,21857,10,1
4,Delivery,1772284500.263503,31232,23,1
1,NewOrder,1772284500.263669,10090,17,1
1,NewOrder,1772284500.263707,11027,11,1
1,NewOrder,1772284500.263746,19229,16,1
2,Payment,1772284500.263770,8389,6,1
1,NewOrder,1772284500.263965,20758,13,1
1,NewOrder,1772284500.266121,19271,12,1
2,Payment,1772284500.266239,31425,5,1
1,NewOrder,1772284500.266784,31234,7,1
2,Payment,1772284500.268602,26646,21,1
1,NewOrder,1772284500.271154,13131,22,1
1,NewOrder,1772284500.272176,42016,6,1
2,Payment,1772284500.272517,30563,3,1
2,Payment,1772284500.273779,6458,17,1
1,NewOrder,1772284500.274245,31177,19,1
2,Payment,1772284500.274747,5141,11,1
1,NewOrder,1772284500.278964,22278,2,1
1,NewOrder,1772284500.279917,18555,11,1
2,Payment,1772284500.280257,5456,17,1
1,NewOrder,1772284500.280960,23054,18,1
2,Payment,1772284500.281332,9823,10,1
1,NewOrder,1772284500.282994,23074,16,1
1,NewOrder,1772284500.283350,21448,0,1
2,Payment,1772284500.284303,17869,22,1
2,Payment,1772284500.284733,9353,14,1
1,NewOrder,1772284500.284741,27652,13,1
1,NewOrder,1772284500.285407,13723,12,1
1,NewOrder,1772284500.285724,27272,17,1
2,Payment,1772284500.285776,12580,8,1
2,Payment,1772284500.288606,12970,15,1
2,Payment,1772284500.288976,14676,9,1
2,Payment,1772284500.289055,23909,1,1
1,NewOrder,1772284500.289366,29419,20,1
1,NewOrder,1772284500.291169,21454,10,1
1,NewOrder,1772284500.293132,36734,4,1
1,NewOrder,1772284500.294111,14569,14,1
3,OrderStatus,1772284500.294756,3092,23,1
1,NewOrder,1772284500.295268,30638,21,1
2,Payment,1772284500.297712,25648,5,1
2,Payment,1772284500.297867,9342,23,1
2,Payment,1772284500.298036,16988,7,1
4,Delivery,1772284500.298373,103104,8,1
1,NewOrder,1772284500.298487,32977,11,1
2,Payment,1772284500.299141,8479,12,1
2,Payment,1772284500.301265,31720,2,1
2,Payment,1772284500.301596,15612,15,1
2,Payment,1772284500.302192,15751,22,1
1,NewOrder,1772284500.303099,26669,3,1
4,Delivery,1772284500.303674,98527,9,1
1,NewOrder,1772284500.304025,26267,18,1
1,NewOrder,1772284500.304816,33189,0,1
1,NewOrder,1772284500.305434,10852,19,1
1,NewOrder,1772284500.306088,16836,16,1
5,StockLevel,1772284500.307227,16364,23,1
5,StockLevel,1772284500.307641,15102,12,1
1,NewOrder,1772284500.308691,14813,14,1
1,NewOrder,1772284500.312406,27156,13,1
1,NewOrder,1772284500.312650,11433,10,1
1,NewOrder,1772284500.312980,23337,1,1
1,NewOrder,1772284500.313021,27980,17,1
4,Delivery,1772284500.314206,87939,6,1
5,StockLevel,1772284500.315033,21717,7,1
1,NewOrder,1772284500.316294,24665,19,1
2,Payment,1772284500.317226,6087,15,1
2,Payment,1772284500.317968,8487,22,1
1,NewOrder,1772284500.318811,21724,20,1
2,Payment,1772284500.322758,11936,12,1
1,NewOrder,1772284500.322949,21094,16,1
1,NewOrder,1772284500.323325,41723,15,1
1,NewOrder,1772284500.323387,45405,5,1
2,Payment,1772284500.323516,20511,14,1
1,NewOrder,1772284500.323618,21088,23,1
2,Payment,1772284500.324103,5147,10,1
1,NewOrder,1772284500.325930,21089,21,1
2,Payment,1772284500.326474,4490,22,1
1,NewOrder,1772284500.329273,25817,10,1
1,NewOrder,1772284500.329777,62293,3,1
2,Payment,1772284500.329885,13734,4,1
1,NewOrder,1772284500.330302,58697,18,1
1,NewOrder,1772284500.330981,13008,22,1
2,Payment,1772284500.331477,7651,11,1
1,NewOrder,1772284500.333004,32710,2,1
1,NewOrder,1772284500.334709,55373,12,1
3,OrderStatus,1772284500.336353,4765,1,1
1,NewOrder,1772284500.336763,13740,7,1
1,NewOrder,1772284500.338021,32114,0,1
1,NewOrder,1772284500.339148,24854,11,1
4,Delivery,1772284500.339588,44958,13,1
1,NewOrder,1772284500.340553,10315,20,1
1,NewOrder,1772284500.340974,29526,19,1
1,NewOrder,1772284500.341027,52773,17,1
2,Payment,1772284500.341138,14289,1,1
1,NewOrder,1772284500.343642,56713,4,1
1,NewOrder,1772284500.344006,53167,22,1
1,NewOrder,1772284500.344051,19986,14,1
1,NewOrder,1772284500.344058,38997,16,1
1,NewOrder,1772284500.344720,6119,23,1
1,NewOrder,1772284500.347033,17565,21,1
1,NewOrder,1772284500.350528,18921,7,1
1,NewOrder,1772284500.350851,12768,23,1
3,OrderStatus,1772284500.350883,3332,20,1
2,Payment,1772284500.354239,5815,20,1
1,NewOrder,1772284500.355113,22320,10,1
1,NewOrder,1772284500.355454,40665,1,1
1,NewOrder,1772284500.360080,11917,20,1
1,NewOrder,1772284500.363638,16557,23,1
1,NewOrder,1772284500.364028,38775,11,1
1,NewOrder,1772284500.364064,20907,14,1
4,Delivery,1772284500.364612,13234,21,1
2,Payment,1772284500.365067,8033,15,1
1,NewOrder,1772284500.365724,17052,2,1
1,NewOrder,1772284500.368818,26301,5,1
1,NewOrder,1772284500.369463,11066,7,1
2,Payment,1772284500.370160,6602,0,1
2,Payment,1772284500.370514,6575,19,1
2,Payment,1772284500.372021,15878,20,1
2,Payment,1772284500.373126,8733,15,1
1,NewOrder,1772284500.376788,34824,0,1
1,NewOrder,1772284500.377107,35474,19,1
1,NewOrder,1772284500.377457,29265,10,1
1,NewOrder,1772284500.377865,13752,21,1
1,NewOrder,1772284500.380210,6083,23,1
1,NewOrder,1772284500.380552,11656,7,1
2,Payment,1772284500.381893,9552,15,1
1,NewOrder,1772284500.382802,12365,2,1
2,Payment,1772284500.383081,11672,16,1
2,Payment,1772284500.384561,15263,13,1
2,Payment,1772284500.384989,20062,14,1
1,NewOrder,1772284500.386306,11191,23,1
3,OrderStatus,1772284500.387924,11572,20,1
1,NewOrder,1772284500.389025,35918,18,1
2,Payment,1772284500.390097,24468,12,1
2,Payment,1772284500.391467,31651,15,1
1,NewOrder,1772284500.391640,6750,21,1
2,Payment,1772284500.392096,7196,3,1
2,Payment,1772284500.392232,2900,7,1
2,Payment,1772284500.393825,40013,17,1
2,Payment,1772284500.394788,48907,16,1
1,NewOrder,1772284500.395146,50762,5,1
2,Payment,1772284500.395154,2739,7,1
2,Payment,1772284500.395186,11908,2,1
1,NewOrder,1772284500.396135,27408,1,1
1,NewOrder,1772284500.397200,17492,22,1
2,Payment,1772284500.397514,2384,23,1
2,Payment,1772284500.397907,2417,7,1
2,Payment,1772284500.398402,6604,21,1
1,NewOrder,1772284500.399312,22705,3,1
1,NewOrder,1772284500.399513,14631,20,1
1,NewOrder,1772284500.399845,33334,13,1
1,NewOrder,1772284500.399913,19105,23,1
2,Payment,1772284500.400341,4301,7,1
2,Payment,1772284500.400368,15212,4,1
1,NewOrder,1772284500.401489,30467,8,1
1,NewOrder,1772284500.402162,9985,6,1
2,Payment,1772284500.402221,7226,9,1
2,Payment,1772284500.402827,15759,11,1
1,NewOrder,1772284500.404667,23892,7,1
1,NewOrder,1772284500.405030,16645,21,1
3,OrderStatus,1772284500.405071,6624,14,1
2,Payment,1772284500.406737,26074,10,1
1,NewOrder,1772284500.407110,13526,2,1
1,NewOrder,1772284500.409477,27256,9,1
4,Delivery,1772284500.411639,14773,0,1
1,NewOrder,1772284500.411715,20762,14,1
1,NewOrder,1772284500.412169,39688,6,1
2,Payment,1772284500.412600,9454,19,1
1,NewOrder,1772284500.414167,21666,20,1
1,NewOrder,1772284500.414590,46682,12,1
1,NewOrder,1772284500.414713,19077,22,1
1,NewOrder,1772284500.415606,38809,4,1
1,NewOrder,1772284500.418601,30581,11,1
1,NewOrder,1772284500.419036,20874,23,1
1,NewOrder,1772284500.420662,34132,2,1
1,NewOrder,1772284500.421711,14628,21,1
1,NewOrder,1772284500.422035,19323,3,1
1,NewOrder,1772284500.422077,37296,19,1
1,NewOrder,1772284500.423132,26093,15,1
2,Payment,1772284500.423558,6261,1,1
1,NewOrder,1772284500.424958,28110,18,1
1,NewOrder,1772284500.426428,15540,0,1
5,StockLevel,1772284500.428576,10017,7,1
5,StockLevel,1772284500.429846,15408,1,1
1,NewOrder,1772284500.431974,21495,8,1
2,Payment,1772284500.432504,18202,14,1
1,NewOrder,1772284500.432824,28398,10,1
2,Payment,1772284500.433190,22842,13,1
1,NewOrder,1772284500.433816,22243,22,1
2,Payment,1772284500.433850,27255,17,1
1,NewOrder,1772284500.435849,26754,20,1
2,Payment,1772284500.436367,4021,21,1
2,Payment,1772284500.436757,3656,9,1
2,Payment,1772284500.438627,7669,7,1
3,OrderStatus,1772284500.439929,4289,23,1
4,Delivery,1772284500.440409,22887,21,1
1,NewOrder,1772284500.440433,43931,9,1
2,Payment,1772284500.441381,7337,3,1
2,Payment,1772284500.441985,13369,0,1
2,Payment,1772284500.443715,22487,16,1
1,NewOrder,1772284500.444238,21198,23,1
1,NewOrder,1772284500.445278,22650,1,1
2,Payment,1772284500.445926,15219,5,1
2,Payment,1772284500.446315,4918,7,1
2,Payment,1772284500.448733,21649,3,1
1,NewOrder,1772284500.449200,20372,11,1
4,Delivery,1772284500.449251,23366,15,1
2,Payment,1772284500.450719,20638,14,1
2,Payment,1772284500.451245,9939,7,1
2,Payment,1772284500.451872,15193,6,1
2,Payment,1772284500.453095,5256,18,1
2,Payment,1772284500.453495,18386,8,1
2,Payment,1772284500.454430,22157,4,1
5,StockLevel,1772284500.454811,12580,2,1
1,NewOrder,1772284500.455391,14576,0,1
2,Payment,1772284500.456052,20100,13,1
1,NewOrder,1772284500.456075,15769,22,1
1,NewOrder,1772284500.458369,27520,18,1
2,Payment,1772284500.459389,5515,19,1
2,Payment,1772284500.461130,27067,17,1
2,Payment,1772284500.461167,20110,5,1
2,Payment,1772284500.461210,18842,7,1
5,StockLevel,1772284500.461234,16448,10,1
2,Payment,1772284500.461299,42333,12,1
1,NewOrder,1772284500.462616,16939,20,1
2,Payment,1772284500.463327,4980,21,1
1,NewOrder,1772284500.464928,10822,19,1
1,NewOrder,1772284500.465456,11083,23,1
2,Payment,1772284500.466225,13685,16,1
1,NewOrder,1772284500.467078,17950,6,1
2,Payment,1772284500.467407,18028,2,1
2,Payment,1772284500.467946,24916,1,1
2,Payment,1772284500.468330,14483,21,1
1,NewOrder,1772284500.469601,12049,11,1
1,NewOrder,1772284500.469995,13176,0,1
2,Payment,1772284500.470401,27399,3,1
2,Payment,1772284500.471370,23250,14,1
1,NewOrder,1772284500.471870,24679,22,1
1,NewOrder,1772284500.471898,22100,8,1
1,NewOrder,1772284500.472632,8987,15,1
1,NewOrder,1772284500.475768,10931,19,1
2,Payment,1772284500.476164,32060,13,1
2,Payment,1772284500.476550,15470,23,1
2,Payment,1772284500.476608,26502,4,1
2,Payment,1772284500.477724,8039,10,1
1,NewOrder,1772284500.479571,23709,20,1
2,Payment,1772284500.479925,18550,16,1
1,NewOrder,1772284500.480074,33456,7,1
2,Payment,1772284500.481304,25319,5,1
1,NewOrder,1772284500.481634,9591,15,1
1,NewOrder,1772284500.481674,6658,11,1
1,NewOrder,1772284500.482832,26402,21,1
2,Payment,1772284500.483179,29295,0,1
2,Payment,1772284500.484385,11028,9,1
2,Payment,1772284500.485051,6134,6,1
1,NewOrder,1772284500.485448,24403,2,1
5,StockLevel,1772284500.485777,14489,10,1
2,Payment,1772284500.485921,11368,18,1
1,NewOrder,1772284500.486713,5015,19,1
2,Payment,1772284500.488210,24208,17,1
1,NewOrder,1772284500.488347,19513,11,1
2,Payment,1772284500.491204,8710,6,1
1,NewOrder,1772284500.491252,17445,15,1
1,NewOrder,1772284500.491754,14073,19,1
2,Payment,1772284500.492032,11103,23,1
2,Payment,1772284500.492877,25470,1,1
1,NewOrder,1772284500.494011,18432,8,1
2,Payment,1772284500.494649,26323,14,1
2,Payment,1772284500.495442,9983,9,1
1,NewOrder,1772284500.496567,20967,22,1
2,Payment,1772284500.497316,13069,18,1
1,NewOrder,1772284500.497817,32831,3,1
2,Payment,1772284500.498491,33741,16,1
1,NewOrder,1772284500.499929,16948,6,1
2,Payment,1772284500.500282,10990,10,1
1,NewOrder,1772284500.503128,19884,4,1
2,Payment,1772284500.503156,17152,23,1
1,NewOrder,1772284500.503298,21924,20,1
1,NewOrder,1772284500.503653,12751,12,1
2,Payment,1772284500.505443,8932,9,1
3,OrderStatus,1772284500.505840,4149,19,1
5,StockLevel,1772284500.506641,19760,5,1
2,Payment,1772284500.507875,24394,11,1
1,NewOrder,1772284500.508238,16511,13,1
2,Payment,1772284500.508708,29042,15,1
1,NewOrder,1772284500.509246,22031,21,1
1,NewOrder,1772284500.509866,25649,2,1
1,NewOrder,1772284500.510007,13466,19,1
2,Payment,1772284500.510396,19353,18,1
1,NewOrder,1772284500.511288,13993,10,1
2,Payment,1772284500.512441,30151,17,1
2,Payment,1772284500.512457,8360,8,1
2,Payment,1772284500.512491,11756,0,1
1,NewOrder,1772284500.513542,18105,7,1
1,NewOrder,1772284500.514391,10384,9,1
1,NewOrder,1772284500.516425,8827,12,1
2,Payment,1772284500.516893,23087,6,1
2,Payment,1772284500.517570,17254,22,1
2,Payment,1772284500.518369,13827,1,1
2,Payment,1772284500.520323,20195,23,1
4,Delivery,1772284500.520836,39217,8,1
2,Payment,1772284500.520986,23123,14,1
5,StockLevel,1772284500.523032,13868,4,1
3,OrderStatus,1772284500.523491,6616,19,1
1,NewOrder,1772284500.524267,13365,0,1
2,Payment,1772284500.524766,21070,13,1
1,NewOrder,1772284500.524802,16357,9,1
3,OrderStatus,1772284500.525234,1789,20,1
1,NewOrder,1772284500.525270,9519,12,1
2,Payment,1772284500.525295,24941,10,1
2,Payment,1772284500.526417,10720,5,1
3,OrderStatus,1772284500.527031,2822,20,1
1,NewOrder,1772284500.529766,13666,18,1
2,Payment,1772284500.529874,14779,20,1
2,Payment,1772284500.530127,21495,19,1
1,NewOrder,1772284500.530660,12325,3,1
2,Payment,1772284500.531289,25180,21,1
2,Payment,1772284500.531670,24352,7,1
2,Payment,1772284500.532219,15608,1,1
1,NewOrder,1772284500.532249,29246,16,1
5,StockLevel,1772284500.532289,23282,11,1
1,NewOrder,1772284500.534811,22936,12,1
2,Payment,1772284500.534842,25867,22,1
2,Payment,1772284500.535529,18145,2,1
2,Payment,1772284500.536914,3453,4,1
2,Payment,1772284500.537150,28235,5,1
2,Payment,1772284500.537643,23142,0,1
1,NewOrder,1772284500.537771,20794,15,1
1,NewOrder,1772284500.540002,24233,6,1
1,NewOrder,1772284500.540389,36015,4,1
2,Payment,1772284500.540533,25024,23,1
1,NewOrder,1772284500.541171,3752,9,1
2,Payment,1772284500.542616,5778,17,1
1,NewOrder,1772284500.543015,29898,3,1
1,NewOrder,1772284500.543453,29489,18,1
1,NewOrder,1772284500.544138,6535,14,1
5,StockLevel,1772284500.544669,18861,20,1
2,Payment,1772284500.544936,16424,9,1
4,Delivery,1772284500.545848,10656,13,1
1,NewOrder,1772284500.547844,17504,1,1
2,Payment,1772284500.548422,2784,17,1
2,Payment,1772284500.550256,15755,10,1
2,Payment,1772284500.550695,3683,14,1
2,Payment,1772284500.551237,5865,17,1
1,NewOrder,1772284500.551637,9822,19,1
2,Payment,1772284500.553715,18661,2,1
2,Payment,1772284500.554396,6423,14,1
1,NewOrder,1772284500.555595,16316,11,1
1,NewOrder,1772284500.556038,24146,7,1
5,StockLevel,1772284500.556489,19355,21,1
1,NewOrder,1772284500.556527,13090,13,1
2,Payment,1772284500.557119,7901,17,1
2,Payment,1772284500.557769,15601,12,1
2,Payment,1772284500.558582,17767,15,1
2,Payment,1772284500.560071,12344,8,1
2,Payment,1772284500.560729,15951,22,1
2,Payment,1772284500.560800,15145,0,1
1,NewOrder,1772284500.560842,11917,14,1
3,OrderStatus,1772284500.561373,8361,9,1
2,Payment,1772284500.561472,10482,19,1
2,Payment,1772284500.561512,20127,16,1
2,Payment,1772284500.563557,19767,20,1
2,Payment,1772284500.564258,12545,6,1
2,Payment,1772284500.565034,21624,17,1
1,NewOrder,1772284500.565366,9531,1,1
2,Payment,1772284500.565402,15670,5,1
2,Payment,1772284500.565570,22724,23,1
1,NewOrder,1772284500.566029,21553,10,1
2,Payment,1772284500.569631,20127,13,1
2,Payment,1772284500.569761,11824,9,1
1,NewOrder,1772284500.571937,11944,11,1
1,NewOrder,1772284500.571973,12958,19,1
1,NewOrder,1772284500.572390,16406,2,1
1,NewOrder,1772284500.572442,13176,8,1
2,Payment,1772284500.572776,19305,14,1
1,NewOrder,1772284500.572937,9365,3,1
2,Payment,1772284500.572960,22122,18,1
2,Payment,1772284500.573396,24771,12,1
1,NewOrder,1772284500.574918,9269,1,1
1,NewOrder,1772284500.575862,11203,21,1
2,Payment,1772284500.575956,14495,0,1
2,Payment,1772284500.576366,28782,15,1
2,Payment,1772284500.576421,10724,4,1
2,Payment,1772284500.576706,25546,22,1
1,NewOrder,1772284500.576819,14877,6,1
1,NewOrder,1772284500.580204,32734,7,1
1,NewOrder,1772284500.581083,14324,5,1
2,Payment,1772284500.581601,6310,9,1
2,Payment,1772284500.581662,31123,16,1
2,Payment,1772284500.582322,11694,3,1
1,NewOrder,1772284500.583345,34151,20,1
2,Payment,1772284500.583899,7411,11,1
2,Payment,1772284500.584200,14448,1,1
2,Payment,1772284500.584948,22865,19,1
2,Payment,1772284500.585644,13744,8,1
1,NewOrder,1772284500.586669,9861,17,1
2,Payment,1772284500.587082,22990,21,1
2,Payment,1772284500.587168,19661,4,1
2,Payment,1772284500.587604,19710,10,1
2,Payment,1772284500.587925,16260,9,1
2,Payment,1772284500.588316,25413,23,1
4,Delivery,1772284500.588817,10437,2,1
1,NewOrder,1772284500.589781,10031,13,1
2,Payment,1772284500.590489,29596,0,1
1,NewOrder,1772284500.591332,23863,11,1
1,NewOrder,1772284500.591708,50018,6,1
1,NewOrder,1772284500.592104,19920,14,1
1,NewOrder,1772284500.594035,27736,3,1
1,NewOrder,1772284500.595100,49489,18,1
4,Delivery,1772284500.595420,4297,5,1
4,Delivery,1772284500.596541,16688,17,1
1,NewOrder,1772284500.598184,48336,12,1
2,Payment,1772284500.598670,23600,1,1
1,NewOrder,1772284500.599276,8457,2,1
2,Payment,1772284500.599405,16266,8,1
2,Payment,1772284500.599726,26805,5,1
1,NewOrder,1772284500.599831,7537,13,1
1,NewOrder,1772284500.602277,35123,22,1
2,Payment,1772284500.604207,19162,9,1
1,NewOrder,1772284500.605163,39440,15,1
1,NewOrder,1772284500.606848,28284,4,1
2,Payment,1772284500.607336,20779,10,1
2,Payment,1772284500.607416,18142,13,1
2,Payment,1772284500.607759,23848,2,1
1,NewOrder,1772284500.607829,10116,19,1
1,NewOrder,1772284500.610090,8250,21,1
2,Payment,1772284500.612054,20012,14,1
5,StockLevel,1772284500.612806,30019,16,1
1,NewOrder,1772284500.612950,38582,7,1
1,NewOrder,1772284500.613249,17895,17,1
2,Payment,1772284500.613751,1872,23,1
2,Payment,1772284500.615211,33226,11,1
1,NewOrder,1772284500.615639,29283,23,1
2,Payment,1772284500.615698,22233,8,1
2,Payment,1772284500.617546,10075,20,1
2,Payment,1772284500.617961,4332,19,1
3,OrderStatus,1772284500.618405,14238,21,1
1,NewOrder,1772284500.620135,32450,0,1
2,Payment,1772284500.621794,18087,3,1
1,NewOrder,1772284500.622288,34978,1,1
2,Payment,1772284500.622320,10412,19,1
1,NewOrder,1772284500.623394,32305,9,1
2,Payment,1772284500.625588,12292,13,1
2,Payment,1772284500.626555,23640,5,1
2,Payment,1772284500.627647,17162,20,1
3,OrderStatus,1772284500.628137,9407,10,1
1,NewOrder,1772284500.631165,20809,17,1
2,Payment,1772284500.631628,24113,2,1
5,StockLevel,1772284500.632076,24725,14,1
1,NewOrder,1772284500.632669,24980,21,1
1,NewOrder,1772284500.632752,30282,19,1
5,StockLevel,1772284500.635154,12628,4,1
2,Payment,1772284500.637418,18330,22,1
1,NewOrder,1772284500.637566,25478,10,1
2,Payment,1772284500.637903,11223,13,1
4,Delivery,1772284500.637952,35767,8,1
2,Payment,1772284500.639907,21474,3,1
2,Payment,1772284500.641758,10115,6,1
3,OrderStatus,1772284500.642850,7183,16,1
2,Payment,1772284500.644608,31713,18,1
2,Payment,1772284500.644630,14157,15,1
2,Payment,1772284500.644831,17043,20,1
2,Payment,1772284500.644940,24918,23,1
1,NewOrder,1772284500.646545,16074,12,1
1,NewOrder,1772284500.647800,11328,4,1
1,NewOrder,1772284500.648461,21775,11,1
2,Payment,1772284500.649152,13843,13,1
2,Payment,1772284500.650057,24505,16,1
4,Delivery,1772284500.650208,32163,5,1
2,Payment,1772284500.651552,4131,7,1
1,NewOrder,1772284500.651883,19253,6,1
2,Payment,1772284500.652000,32565,17,1
1,NewOrder,1772284500.652600,20642,0,1
1,NewOrder,1772284500.655711,21249,7,1
1,NewOrder,1772284500.655725,29200,9,1
1,NewOrder,1772284500.655766,15291,22,1
2,Payment,1772284500.655772,13588,2,1
1,NewOrder,1772284500.656816,16747,14,1
2,Payment,1772284500.657277,18749,1,1
1,NewOrder,1772284500.657666,10191,21,1
2,Payment,1772284500.658805,32049,15,1
2,Payment,1772284500.659154,23262,4,1
1,NewOrder,1772284500.661407,25060,3,1
1,NewOrder,1772284500.661891,17421,20,1
2,Payment,1772284500.662637,33596,12,1
2,Payment,1772284500.663019,30286,13,1
1,NewOrder,1772284500.663055,24119,19,1
2,Payment,1772284500.663066,8479,10,1
2,Payment,1772284500.667875,14688,21,1
5,StockLevel,1772284500.669383,12667,2,1
2,Payment,1772284500.669879,19018,23,1
1,NewOrder,1772284500.670261,15266,11,1
2,Payment,1772284500.671077,24265,22,1
2,Payment,1772284500.671156,4222,6,1
1,NewOrder,1772284500.671556,19693,10,1
2,Payment,1772284500.673259,14905,0,1
5,StockLevel,1772284500.673581,10178,14,1
2,Payment,1772284500.673737,8084,8,1
2,Payment,1772284500.674588,39143,16,1
3,OrderStatus,1772284500.675403,8473,6,1
2,Payment,1772284500.676051,18722,1,1
4,Delivery,1772284500.676347,12877,18,1
2,Payment,1772284500.676993,11697,7,1
1,NewOrder,1772284500.679330,10223,20,1
3,OrderStatus,1772284500.681843,6058,8,1
1,NewOrder,1772284500.682071,7171,2,1
2,Payment,1772284500.682382,30874,5,1
2,Payment,1772284500.682438,42826,4,1
2,Payment,1772284500.682583,31145,21,1
1,NewOrder,1772284500.683782,13344,14,1
2,Payment,1772284500.683900,14667,6,1
1,NewOrder,1772284500.684580,46368,17,1
2,Payment,1772284500.684947,35864,9,1
2,Payment,1772284500.685545,40297,11,1
1,NewOrder,1772284500.686497,4782,3,1
2,Payment,1772284500.687192,32725,19,1
1,NewOrder,1772284500.687927,43108,8,1
1,NewOrder,1772284500.688190,42862,0,1
1,NewOrder,1772284500.688711,43542,7,1
1,NewOrder,1772284500.688923,27993,23,1
1,NewOrder,1772284500.689240,50033,18,1
2,Payment,1772284500.689268,41182,2,1
1,NewOrder,1772284500.689568,36083,20,1
1,NewOrder,1772284500.690879,34405,15,1
1,NewOrder,1772284500.691264,29501,10,1
2,Payment,1772284500.691297,26333,3,1
1,NewOrder,1772284500.693324,51857,13,1
1,NewOrder,1772284500.694790,31996,1,1
1,NewOrder,1772284500.695369,36554,22,1
1,NewOrder,1772284500.696245,29066,12,1
2,Payment,1772284500.697154,20971,14,1
2,Payment,1772284500.698589,39138,6,1
4,Delivery,1772284500.713283,43731,5,1
1,NewOrder,1772284500.713742,23580,16,1
2,Payment,1772284500.713751,10801,21,1
2,Payment,1772284500.716936,14071,23,1
2,Payment,1772284500.717656,14996,3,1
4,Delivery,1772284500.718146,26280,14,1
4,Delivery,1772284500.719942,13565,19,1
3,OrderStatus,1772284500.720781,5011,10,1
2,Payment,1772284500.720822,23185,9,1
1,NewOrder,1772284500.724578,11431,21,1
2,Payment,1772284500.725290,10282,4,1
1,NewOrder,1772284500.725311,24112,15,1
2,Payment,1772284500.725338,5575,12,1
1,NewOrder,1772284500.725670,19537,20,1
1,NewOrder,1772284500.725801,18940,10,1
2,Payment,1772284500.725864,25940,11,1
2,Payment,1772284500.726811,13247,1,1
2,Payment,1772284500.730481,16483,2,1
1,NewOrder,1772284500.730927,14318,12,1
1,NewOrder,1772284500.730964,33744,17,1
2,Payment,1772284500.731027,7362,23,1
1,NewOrder,1772284500.731055,16474,8,1
1,NewOrder,1772284500.731062,15141,0,1
2,Payment,1772284500.731949,12476,22,1
1,NewOrder,1772284500.732266,16315,7,1
2,Payment,1772284500.732677,17845,3,1
2,Payment,1772284500.733531,16350,19,1
1,NewOrder,1772284500.735588,26741,4,1
2,Payment,1772284500.736026,18076,21,1
2,Payment,1772284500.737338,8893,16,1
1,NewOrder,1772284500.737754,27878,6,1
2,Payment,1772284500.738402,21396,23,1
2,Payment,1772284500.739299,31748,18,1
4,Delivery,1772284500.740085,17572,1,1
1,NewOrder,1772284500.744034,29840,9,1
1,NewOrder,1772284500.744440,46923,22,1
1,NewOrder,1772284500.744452,23253,14,1
2,Payment,1772284500.744762,14517,10,1
1,NewOrder,1772284500.745209,39777,13,1
1,NewOrder,1772284500.745225,28681,20,1
5,StockLevel,1772284500.745266,24165,12,1
1,NewOrder,1772284500.746216,13536,0,1
2,Payment,1772284500.746244,4877,16,1
2,Payment,1772284500.746990,8110,2,1
5,StockLevel,1772284500.747549,11477,8,1
2,Payment,1772284500.748616,12936,7,1
2,Payment,1772284500.749449,4145,15,1
2,Payment,1772284500.749906,30199,19,1
2,Payment,1772284500.750539,9299,3,1
1,NewOrder,1772284500.751136,22326,16,1
2,Payment,1772284500.751817,14125,11,1
3,OrderStatus,1772284500.753620,4388,15,1
1,NewOrder,1772284500.754121,19413,21,1
2,Payment,1772284500.755126,11381,2,1
2,Payment,1772284500.757031,21912,5,1
1,NewOrder,1772284500.757673,22944,1,1
5,StockLevel,1772284500.758032,8133,15,1
1,NewOrder,1772284500.759043,26934,8,1
1,NewOrder,1772284500.759294,22029,10,1
3,OrderStatus,1772284500.759779,11448,0,1
2,Payment,1772284500.759825,26547,23,1
2,Payment,1772284500.759865,25089,3,1
1,NewOrder,1772284500.761575,14089,7,1
2,Payment,1772284500.762351,31139,4,1
1,NewOrder,1772284500.764727,28406,17,1
1,NewOrder,1772284500.765653,26221,6,1
1,NewOrder,1772284500.765966,25362,11,1
1,NewOrder,1772284500.766191,14364,15,1
1,NewOrder,1772284500.766528,20093,2,1
2,Payment,1772284500.767723,7244,14,1
3,OrderStatus,1772284500.769458,5428,12,1
1,NewOrder,1772284500.771072,26770,18,1
1,NewOrder,1772284500.771252,22269,0,1
4,Delivery,1772284500.773480,75315,16,1
3,OrderStatus,1772284500.773555,4624,21,1
2,Payment,1772284500.773886,4261,9,1
2,Payment,1772284500.773924,25090,20,1
1,NewOrder,1772284500.774900,9678,12,1
1,NewOrder,1772284500.774992,16522,14,1
2,Payment,1772284500.775691,9270,7,1
2,Payment,1772284500.778172,12442,9,1
2,Payment,1772284500.778196,31991,21,1
2,Payment,1772284500.778968,19313,5,1
2,Payment,1772284500.780128,22851,19,1
2,Payment,1772284500.780581,10708,15,1
1,NewOrder,1772284500.780642,11261,1,1
1,NewOrder,1772284500.781340,12203,10,1
1,NewOrder,1772284500.784592,33221,12,1
1,NewOrder,1772284500.784981,19284,3,1
2,Payment,1772284500.784982,9141,7,1
5,StockLevel,1772284500.784998,19385,13,1
1,NewOrder,1772284500.785988,21181,8,1
2,Payment,1772284500.786387,32168,23,1
2,Payment,1772284500.786634,15346,2,1
2,Payment,1772284500.790639,9183,9,1
5,StockLevel,1772284500.791309,16180,15,1
1,NewOrder,1772284500.791351,22138,11,1
2,Payment,1772284500.791389,36302,22,1
2,Payment,1772284500.791540,2954,14,1
1,NewOrder,1772284500.791888,24041,6,1
2,Payment,1772284500.791923,14949,1,1
2,Payment,1772284500.793150,3588,17,1
1,NewOrder,1772284500.793507,33775,4,1
2,Payment,1772284500.793537,18964,0,1
1,NewOrder,1772284500.793555,43272,10,1
1,NewOrder,1772284500.794148,16459,7,1
2,Payment,1772284500.794513,5693,14,1
3,OrderStatus,1772284500.796765,4335,17,1
2,Payment,1772284500.797854,38383,18,1
1,NewOrder,1772284500.798296,29540,5,1
1,NewOrder,1772284500.799041,19105,20,1
2,Payment,1772284500.799857,5350,9,1
1,NewOrder,1772284500.800217,15985,14,1
1,NewOrder,1772284500.801125,17765,17,1
2,Payment,1772284500.802001,14925,2,1
1,NewOrder,1772284500.802995,30818,19,1
2,Payment,1772284500.804285,16793,3,1
2,Payment,1772284500.804407,6107,13,1
3,OrderStatus,1772284500.805233,4063,9,1
2,Payment,1772284500.806900,18825,1,1
5,StockLevel,1772284500.807196,13303,8,1
2,Payment,1772284500.807503,8859,15,1
1,NewOrder,1772284500.809317,27483,9,1
2,Payment,1772284500.810211,36145,21,1
1,NewOrder,1772284500.810533,28200,13,1
1,NewOrder,1772284500.810623,17198,7,1
4,Delivery,1772284500.812527,12357,0,1
2,Payment,1772284500.813503,4707,11,1
1,NewOrder,1772284500.815947,29944,6,1
1,NewOrder,1772284500.816227,25167,14,1
1,NewOrder,1772284500.816387,32773,15,1
2,Payment,1772284500.816939,12745,2,1
2,Payment,1772284500.817838,11114,12,1
1,NewOrder,1772284500.818159,16201,20,1
2,Payment,1772284500.818235,6197,11,1
2,Payment,1772284500.818572,32493,23,1
1,NewOrder,1772284500.818913,22873,17,1
3,OrderStatus,1772284500.820517,6215,8,1
1,NewOrder,1772284500.821095,26794,3,1
1,NewOrder,1772284500.824462,59929,11,1
1,NewOrder,1772284500.824899,18302,0,1
2,Payment,1772284500.825744,9086,1,1
1,NewOrder,1772284500.826753,23849,8,1
1,NewOrder,1772284500.827302,38664,4,1
1,NewOrder,1772284500.827705,54033,22,1
1,NewOrder,1772284500.827848,19153,7,1
5,StockLevel,1772284500.827852,19373,5,1
2,Payment,1772284500.828980,5855,12,1
2,Payment,1772284500.829713,15731,2,1
1,NewOrder,1772284500.833831,20589,19,1
1,NewOrder,1772284500.834379,56440,20,1
1,NewOrder,1772284500.834859,21225,1,1
3,OrderStatus,1772284500.834878,3816,12,1
1,NewOrder,1772284500.836263,32758,18,1
2,Payment,1772284500.836811,13377,9,1
1,NewOrder,1772284500.836842,67639,10,1
1,NewOrder,1772284500.838726,16146,12,1
2,Payment,1772284500.838748,3987,13,1
1,NewOrder,1772284500.841411,11965,14,1
2,Payment,1772284500.841804,4053,17,1
1,NewOrder,1772284500.842747,14236,13,1
2,Payment,1772284500.843211,13993,0,1
2,Payment,1772284500.845467,19933,2,1
2,Payment,1772284500.845872,4703,17,1
4,Delivery,1772284500.845915,17597,6,1
1,NewOrder,1772284500.846369,16988,21,1
2,Payment,1772284500.847024,9616,7,1
1,NewOrder,1772284500.847238,20905,5,1
2,Payment,1772284500.847902,20770,3,1
4,Delivery,1772284500.848819,65191,16,1
2,Payment,1772284500.849175,13787,15,1
1,NewOrder,1772284500.850210,46640,9,1
1,NewOrder,1772284500.850593,33329,17,1
1,NewOrder,1772284500.850621,32036,8,1
3,OrderStatus,1772284500.851078,3479,23,1
2,Payment,1772284500.853388,12518,14,1
1,NewOrder,1772284500.854437,23029,19,1
1,NewOrder,1772284500.854581,11363,23,1
1,NewOrder,1772284500.854898,8491,12,1
3,OrderStatus,1772284500.856102,8434,1,1
1,NewOrder,1772284500.856652,23799,7,1
5,StockLevel,1772284500.856998,4712,13,1
2,Payment,1772284500.857211,16935,0,1
2,Payment,1772284500.861724,5969,13,1
4,Delivery,1772284500.862985,51624,15,1
1,NewOrder,1772284500.863384,31819,21,1
1,NewOrder,1772284500.863406,6967,12,1
1,NewOrder,1772284500.863536,32744,6,1
1,NewOrder,1772284500.864548,41464,1,1
5,StockLevel,1772284500.865418,21853,2,1
3,OrderStatus,1772284500.865919,10406,14,1
1,NewOrder,1772284500.865969,23539,23,1
1,NewOrder,1772284500.865983,30942,4,1
2,Payment,1772284500.867709,3283,13,1
2,Payment,1772284500.868163,10660,5,1
2,Payment,1772284500.868693,13931,3,1
4,Delivery,1772284500.869034,6104,18,1
3,OrderStatus,1772284500.870379,2001,12,1
2,Payment,1772284500.871011,2467,13,1
2,Payment,1772284500.872390,3269,12,1
2,Payment,1772284500.873483,4483,13,1
2,Payment,1772284500.874164,12759,0,1
1,NewOrder,1772284500.875155,33563,18,1
1,NewOrder,1772284500.875678,9604,12,1
2,Payment,1772284500.876359,6199,14,1
2,Payment,1772284500.877489,5432,19,1
5,StockLevel,1772284500.877979,7350,13,1
2,Payment,1772284500.878831,13482,5,1
2,Payment,1772284500.880477,8537,7,1
2,Payment,1772284500.881771,5865,22,1
1,NewOrder,1772284500.882571,11810,14,1
2,Payment,1772284500.882644,14716,3,1
2,Payment,1772284500.882676,12179,8,1
2,Payment,1772284500.882932,8925,19,1
3,OrderStatus,1772284500.883933,8172,17,1
4,Delivery,1772284500.884405,58254,11,1
2,Payment,1772284500.885296,2793,12,1
1,NewOrder,1772284500.885343,16024,13,1
4,Delivery,1772284500.886949,13215,0,1
2,Payment,1772284500.887285,20145,2,1
2,Payment,1772284500.887646,9747,22,1
1,NewOrder,1772284500.888104,11556,12,1
1,NewOrder,1772284500.889033,30827,7,1
1,NewOrder,1772284500.889520,38152,23,1
2,Payment,1772284500.890844,21040,20,1
1,NewOrder,1772284500.891876,23442,19,1
1,NewOrder,1772284500.892120,30876,17,1
1,NewOrder,1772284500.892327,20110,5,1
1,NewOrder,1772284500.894397,20321,14,1
1,NewOrder,1772284500.894874,17537,8,1
5,StockLevel,1772284500.895226,18875,21,1
1,NewOrder,1772284500.896294,34491,6,1
1,NewOrder,1772284500.896860,20399,9,1
2,Payment,1772284500.896942,50986,4,1
2,Payment,1772284500.897371,19773,3,1
1,NewOrder,1772284500.897407,23530,22,1
2,Payment,1772284500.899678,5063,12,1
1,NewOrder,1772284500.900186,14495,0,1
5,StockLevel,1772284500.901386,8590,13,1
1,NewOrder,1772284500.904499,27802,10,1
1,NewOrder,1772284500.904755,28644,12,1
2,Payment,1772284500.906037,28905,1,1
2,Payment,1772284500.907451,17147,2,1
2,Payment,1772284500.908736,13859,18,1
2,Payment,1772284500.909991,3024,13,1
1,NewOrder,1772284500.911911,29901,20,1
1,NewOrder,1772284500.912432,26321,8,1
1,NewOrder,1772284500.912452,19798,5,1
5,StockLevel,1772284500.913025,2568,13,1
1,NewOrder,1772284500.914027,17796,16,1
2,Payment,1772284500.914122,14377,21,1
1,NewOrder,1772284500.914622,20290,15,1
2,Payment,1772284500.914705,13409,0,1
2,Payment,1772284500.914744,2529,14,1
2,Payment,1772284500.915333,17212,19,1
1,NewOrder,1772284500.915607,7893,13,1
1,NewOrder,1772284500.917159,25853,3,1
2,Payment,1772284500.917286,4709,9,1
2,Payment,1772284500.917292,1711,14,1
3,OrderStatus,1772284500.919030,1928,14,1
2,Payment,1772284500.919877,12567,7,1
5,StockLevel,1772284500.920963,21612,22,1
1,NewOrder,1772284500.920976,11517,14,1
2,Payment,1772284500.922018,19535,9,1
5,StockLevel,1772284500.922621,22919,18,1
2,Payment,1772284500.923015,5137,17,1
2,Payment,1772284500.923518,8949,13,1
2,Payment,1772284500.924623,29680,2,1
2,Payment,1772284500.927698,12514,23,1
2,Payment,1772284500.928132,10970,0,1
1,NewOrder,1772284500.928174,20532,17,1
2,Payment,1772284500.928525,19087,21,1
2,Payment,1772284500.930808,20892,6,1
3,OrderStatus,1772284500.931845,5556,16,1
1,NewOrder,1772284500.932261,17524,5,1
1,NewOrder,1772284500.932334,11250,10,1
2,Payment,1772284500.932463,21394,7,1
1,NewOrder,1772284500.932489,18271,13,1
2,Payment,1772284500.932516,6293,14,1
1,NewOrder,1772284500.932563,16823,19,1
1,NewOrder,1772284500.933411,9795,12,1
1,NewOrder,1772284500.934925,21112,15,1
1,NewOrder,1772284500.934969,14021,1,1
1,NewOrder,1772284500.937423,9863,16,1
2,Payment,1772284500.938770,17773,8,1
2,Payment,1772284500.938824,5466,14,1
1,NewOrder,1772284500.939121,16503,0,1
2,Payment,1772284500.940235,11157,23,1
2,Payment,1772284500.941580,17887,9,1
2,Payment,1772284500.941827,15096,20,1
2,Payment,1772284500.942619,21192,22,1
1,NewOrder,1772284500.942677,15744,11,1
1,NewOrder,1772284500.943027,28112,3,1
2,Payment,1772284500.943223,4418,12,1
2,Payment,1772284500.943610,25375,10,1
2,Payment,1772284500.944304,9961,14,1
2,Payment,1772284500.945567,16535,18,1
2,Payment,1772284500.947312,17780,16,1
1,NewOrder,1772284500.947629,15349,21,1
2,Payment,1772284500.947659,11491,12,1
2,Payment,1772284500.947945,11131,4,1
5,StockLevel,1772284500.948719,16921,17,1
1,NewOrder,1772284500.949003,6969,1,1
1,NewOrder,1772284500.949417,6638,19,1
2,Payment,1772284500.949797,12619,5,1
2,Payment,1772284500.950785,17792,13,1
3,OrderStatus,1772284500.951413,10876,23,1
1,NewOrder,1772284500.951715,9191,6,1
2,Payment,1772284500.953874,19023,7,1
2,Payment,1772284500.954280,17896,14,1
1,NewOrder,1772284500.954317,24157,2,1
3,OrderStatus,1772284500.955650,6395,0,1
2,Payment,1772284500.955996,17726,1,1
2,Payment,1772284500.956061,24034,15,1
4,Delivery,1772284500.956071,6379,19,1
2,Payment,1772284500.956569,20589,8,1
2,Payment,1772284500.956933,9715,20,1
1,NewOrder,1772284500.958436,19231,11,1
2,Payment,1772284500.959090,7880,4,1
2,Payment,1772284500.959165,24556,12,1
2,Payment,1772284500.959482,23731,9,1
1,NewOrder,1772284500.960931,11998,6,1
3,OrderStatus,1772284500.962064,5073,0,1
2,Payment,1772284500.962132,32863,18,1
2,Payment,1772284500.962305,16568,23,1
2,Payment,1772284500.962427,15926,5,1
2,Payment,1772284500.962468,11592,19,1
2,Payment,1772284500.962992,22542,21,1
4,Delivery,1772284500.963826,89500,22,1
1,NewOrder,1772284500.965110,18897,16,1
1,NewOrder,1772284500.965651,15061,17,1
1,NewOrder,1772284500.966664,14095,20,1
2,Payment,1772284500.966983,18584,4,1
3,OrderStatus,1772284500.967154,3758,0,1
2,Payment,1772284500.968592,18740,13,1
2,Payment,1772284500.969004,17808,10,1
1,NewOrder,1772284500.970927,14168,0,1
5,StockLevel,1772284500.971152,12991,3,1
1,NewOrder,1772284500.972187,11387,14,1
4,Delivery,1772284500.972916,19399,7,1
2,Payment,1772284500.972954,16337,6,1
2,Payment,1772284500.973749,17920,1,1
2,Payment,1772284500.974075,27450,19,1
1,NewOrder,1772284500.977172,17354,8,1
2,Payment,1772284500.977685,14560,11,1
3,OrderStatus,1772284500.978366,6266,5,1
2,Payment,1772284500.978491,17345,2,1
2,Payment,1772284500.978900,28569,23,1
1,NewOrder,1772284500.980120,28796,15,1
2,Payment,1772284500.980726,18974,17,1
2,Payment,1772284500.980784,33090,20,1
4,Delivery,1772284500.983230,9814,9,1
2,Payment,1772284500.983591,6257,14,1
2,Payment,1772284500.983747,8842,12,1
1,NewOrder,1772284500.984019,9376,16,1
2,Payment,1772284500.984154,15647,3,1
2,Payment,1772284500.984641,22836,5,1
1,NewOrder,1772284500.985119,14049,0,1
1,NewOrder,1772284500.985548,35607,21,1
1,NewOrder,1772284500.985594,29251,4,1
4,Delivery,1772284500.986828,6193,10,1
2,Payment,1772284500.987346,21145,13,1
1,NewOrder,1772284500.989327,14041,6,1
1,NewOrder,1772284500.989861,19459,14,1
2,Payment,1772284500.991686,21702,1,1
1,NewOrder,1772284500.992267,14822,11,1
2,Payment,1772284500.992338,9725,7,1
1,NewOrder,1772284500.992607,16295,12,1
1,NewOrder,1772284500.993043,20804,10,1
1,NewOrder,1772284500.993063,30520,9,1
2,Payment,1772284500.993406,18685,16,1
1,NewOrder,1772284500.994543,44438,8,1
2,Payment,1772284500.995012,24149,18,1
1,NewOrder,1772284500.995859,22031,2,1
1,NewOrder,1772284500.999185,35590,0,1
1,NewOrder,1772284500.999717,31888,17,1
5,StockLevel,1772284500.999821,18289,3,1
1,NewOrder,1772284501.001537,46070,19,1
1,NewOrder,1772284501.002076,46881,7,1
3,OrderStatus,1772284501.003386,3943,6,1
1,NewOrder,1772284501.007112,28009,11,1
2,Payment,1772284501.007351,8497,6,1
1,NewOrder,1772284501.007489,16624,23,1
2,Payment,1772284501.007492,14085,5,1
1,NewOrder,1772284501.008517,26646,13,1
1,NewOrder,1772284501.008928,47560,12,1
1,NewOrder,1772284501.008931,22042,15,1
2,Payment,1772284501.009332,7247,14,1
2,Payment,1772284501.012114,10485,16,1
1,NewOrder,1772284501.013405,27455,1,1
2,Payment,1772284501.013868,7687,10,1
3,OrderStatus,1772284501.013887,7742,20,1
1,NewOrder,1772284501.014860,47755,4,1
1,NewOrder,1772284501.015870,25448,6,1
3,OrderStatus,1772284501.016606,5987,14,1
1,NewOrder,1772284501.017914,48192,2,1
1,NewOrder,1772284501.018125,41238,3,1
2,Payment,1772284501.019188,4974,18,1
2,Payment,1772284501.021180,10224,21,1
1,NewOrder,1772284501.021579,51405,10,1
1,NewOrder,1772284501.021596,37048,5,1
2,Payment,1772284501.021655,24583,20,1
1,NewOrder,1772284501.022619,18700,16,1
2,Payment,1772284501.022623,5344,14,1
2,Payment,1772284501.023608,5090,9,1
1,NewOrder,1772284501.024131,14141,23,1
1,NewOrder,1772284501.024181,12328,18,1
1,NewOrder,1772284501.028001,15008,14,1
2,Payment,1772284501.028717,6389,9,1
2,Payment,1772284501.030987,9346,15,1
1,NewOrder,1772284501.031436,39322,21,1
1,NewOrder,1772284501.031630,39710,17,1
1,NewOrder,1772284501.034802,31271,0,1
2,Payment,1772284501.035132,13765,9,1
1,NewOrder,1772284501.035136,30594,11,1
2,Payment,1772284501.035175,13688,13,1
1,NewOrder,1772284501.036535,9274,18,1
1,NewOrder,1772284501.038295,12620,23,1
2,Payment,1772284501.039007,14992,8,1
1,NewOrder,1772284501.040348,26875,15,1
2,Payment,1772284501.040876,11970,1,1
1,NewOrder,1772284501.041335,22383,16,1
3,OrderStatus,1772284501.041347,16083,6,1
1,NewOrder,1772284501.043019,6334,14,1
1,NewOrder,1772284501.045854,10574,18,1
1,NewOrder,1772284501.046263,26064,20,1
2,Payment,1772284501.047626,11395,19,1
2,Payment,1772284501.048886,12856,13,1
1,NewOrder,1772284501.048923,25201,9,1
1,NewOrder,1772284501.048970,30617,7,1
1,NewOrder,1772284501.049369,8917,14,1
3,OrderStatus,1772284501.050941,3142,23,1
2,Payment,1772284501.052865,9387,1,1
2,Payment,1772284501.053348,12788,22,1
1,NewOrder,1772284501.054022,24773,8,1
1,NewOrder,1772284501.054100,20819,23,1
1,NewOrder,1772284501.056443,18114,18,1
2,Payment,1772284501.056509,12345,12,1
2,Payment,1772284501.057442,11823,6,1
1,NewOrder,1772284501.058303,23226,14,1
2,Payment,1772284501.058661,12578,5,1
2,Payment,1772284501.059045,14280,19,1
2,Payment,1772284501.059382,22194,3,1
2,Payment,1772284501.061753,12366,13,1
1,NewOrder,1772284501.062263,18923,1,1
1,NewOrder,1772284501.062634,29795,4,1
1,NewOrder,1772284501.063731,25408,16,1
2,Payment,1772284501.065755,10029,11,1
2,Payment,1772284501.066085,27826,0,1
1,NewOrder,1772284501.066127,14527,2,1
1,NewOrder,1772284501.066149,22576,22,1
1,NewOrder,1772284501.067235,27148,15,1
2,Payment,1772284501.068879,11083,12,1
1,NewOrder,1772284501.069289,17023,6,1
2,Payment,1772284501.070768,7715,21,1
2,Payment,1772284501.071265,29326,5,1
5,StockLevel,1772284501.071365,14111,17,1
2,Payment,1772284501.072345,17022,20,1
1,NewOrder,1772284501.073011,27138,10,1
1,NewOrder,1772284501.073351,54356,19,1
1,NewOrder,1772284501.074136,11672,13,1
2,Payment,1772284501.074142,7102,9,1
2,Payment,1772284501.074573,26248,18,1
2,Payment,1772284501.074945,36880,23,1
1,NewOrder,1772284501.075809,12407,11,1
1,NewOrder,1772284501.078509,48806,21,1
1,NewOrder,1772284501.078813,46678,8,1
2,Payment,1772284501.079607,8292,7,1
1,NewOrder,1772284501.079974,46390,12,1
1,NewOrder,1772284501.080681,10539,2,1
1,NewOrder,1772284501.081213,46760,1,1
2,Payment,1772284501.081257,13112,9,1
1,NewOrder,1772284501.081546,58749,14,1
1,NewOrder,1772284501.081590,48648,3,1
1,NewOrder,1772284501.085492,41253,17,1
1,NewOrder,1772284501.085815,9691,13,1
1,NewOrder,1772284501.086336,7935,6,1
1,NewOrder,1772284501.087922,26528,7,1
2,Payment,1772284501.088229,21341,11,1
1,NewOrder,1772284501.088751,5487,22,1
3,OrderStatus,1772284501.089165,8560,16,1
2,Payment,1772284501.089390,31232,20,1
1,NewOrder,1772284501.091232,6431,2,1
1,NewOrder,1772284501.092456,33935,4,1
1,NewOrder,1772284501.093927,41711,0,1
1,NewOrder,1772284501.094261,7091,22,1
3,OrderStatus,1772284501.094297,14329,6,1
1,NewOrder,1772284501.094396,45768,9,1
1,NewOrder,1772284501.094398,26644,15,1
1,NewOrder,1772284501.095517,3451,13,1
2,Payment,1772284501.097679,4518,2,1
1,NewOrder,1772284501.097743,21688,16,1
1,NewOrder,1772284501.098983,6485,13,1
1,NewOrder,1772284501.100170,45668,10,1
2,Payment,1772284501.100617,3795,5,1
1,NewOrder,1772284501.100834,44957,18,1
2,Payment,1772284501.101376,22783,22,1
1,NewOrder,1772284501.102219,7762,2,1
1,NewOrder,1772284501.104431,14355,5,1
1,NewOrder,1772284501.105481,7201,13,1
1,NewOrder,1772284501.108653,27013,6,1
2,Payment,1772284501.109595,11424,11,1
1,NewOrder,1772284501.109996,8425,2,1
2,Payment,1772284501.111851,16136,23,1
2,Payment,1772284501.112707,2018,13,1
1,NewOrder,1772284501.114476,26972,7,1
2,Payment,1772284501.114743,2775,13,1
1,NewOrder,1772284501.117535,4606,13,1
2,Payment,1772284501.118445,2580,2,1
2,Payment,1772284501.118805,4966,5,1
2,Payment,1772284501.119447,2311,16,1
2,Payment,1772284501.120645,12080,20,1
1,NewOrder,1772284501.121045,31156,11,1
1,NewOrder,1772284501.121053,13225,2,1
2,Payment,1772284501.121058,4912,15,1
2,Payment,1772284501.121781,10547,16,1
2,Payment,1772284501.122167,15866,13,1
1,NewOrder,1772284501.123792,34552,5,1
1,NewOrder,1772284501.124174,32644,22,1
1,NewOrder,1772284501.125511,37456,8,1
1,NewOrder,1772284501.125988,32867,15,1
1,NewOrder,1772284501.126378,21427,12,1
1,NewOrder,1772284501.126407,29931,4,1
1,NewOrder,1772284501.126766,32143,17,1
2,Payment,1772284501.127328,9743,21,1
1,NewOrder,1772284501.127734,22001,19,1
2,Payment,1772284501.127989,7016,1,1
1,NewOrder,1772284501.128003,25857,23,1
2,Payment,1772284501.130260,9585,3,1
2,Payment,1772284501.132354,13373,16,1
2,Payment,1772284501.132744,10833,20,1
4,Delivery,1772284501.134301,24876,2,1
2,Payment,1772284501.135017,10272,1,1
1,NewOrder,1772284501.135659,21470,0,1
1,NewOrder,1772284501.135693,27811,6,1
2,Payment,1772284501.137083,11461,21,1
1,NewOrder,1772284501.138052,22014,13,1
3,OrderStatus,1772284501.139869,8569,3,1
2,Payment,1772284501.140180,7978,9,1
1,NewOrder,1772284501.140321,17950,14,1
2,Payment,1772284501.141472,15421,7,1
2,Payment,1772284501.143603,13263,20,1
1,NewOrder,1772284501.145308,23823,1,1
2,Payment,1772284501.145745,11416,16,1
2,Payment,1772284501.145809,18815,18,1
1,NewOrder,1772284501.145851,23717,10,1
1,NewOrder,1772284501.147830,11806,12,1
2,Payment,1772284501.148178,15733,9,1
1,NewOrder,1772284501.148452,35001,3,1
2,Payment,1772284501.148554,22458,21,1
2,Payment,1772284501.149755,25119,19,1
1,NewOrder,1772284501.152226,20384,11,1
2,Payment,1772284501.153879,25407,23,1
1,NewOrder,1772284501.156369,7505,4,1
2,Payment,1772284501.156834,11051,22,1
1,NewOrder,1772284501.156892,17591,20,1
1,NewOrder,1772284501.156915,26490,7,1
2,Payment,1772284501.157146,8108,0,1
2,Payment,1772284501.157188,10218,16,1
5,StockLevel,1772284501.158285,20432,14,1
2,Payment,1772284501.158370,12974,5,1
2,Payment,1772284501.158879,35928,15,1
2,Payment,1772284501.158926,14074,17,1
1,NewOrder,1772284501.159192,39793,2,1
1,NewOrder,1772284501.159649,23330,12,1
1,NewOrder,1772284501.160087,9865,13,1
1,NewOrder,1772284501.162987,20891,8,1
2,Payment,1772284501.163518,8186,6,1
1,NewOrder,1772284501.163890,6577,4,1
4,Delivery,1772284501.163938,33079,9,1
1,NewOrder,1772284501.164648,18288,18,1
2,Payment,1772284501.165280,10571,0,1
2,Payment,1772284501.167420,11446,16,1
2,Payment,1772284501.167897,15450,22,1
1,NewOrder,1772284501.169146,17150,1,1
1,NewOrder,1772284501.169579,23750,10,1
2,Payment,1772284501.169971,30276,13,1
2,Payment,1772284501.170482,8432,4,1
2,Payment,1772284501.171038,21716,21,1
2,Payment,1772284501.171358,14468,5,1
1,NewOrder,1772284501.171719,35661,6,1
1,NewOrder,1772284501.172626,21583,11,1
1,NewOrder,1772284501.173022,24419,17,1
1,NewOrder,1772284501.174509,37938,20,1
2,Payment,1772284501.174900,24442,19,1
1,NewOrder,1772284501.175865,37243,0,1
1,NewOrder,1772284501.178732,19831,14,1
2,Payment,1772284501.178877,27599,16,1
1,NewOrder,1772284501.178934,28872,4,1
1,NewOrder,1772284501.179309,38450,23,1
1,NewOrder,1772284501.182952,10837,18,1
2,Payment,1772284501.182994,31589,12,1
4,Delivery,1772284501.183369,47734,22,1
1,NewOrder,1772284501.183428,22519,7,1
1,NewOrder,1772284501.183480,35879,3,1
1,NewOrder,1772284501.183892,40652,8,1
1,NewOrder,1772284501.185844,28594,5,1
2,Payment,1772284501.186321,11151,1,1
1,NewOrder,1772284501.192774,32416,21,1
1,NewOrder,1772284501.193355,15023,10,1
1,NewOrder,1772284501.193806,15651,18,1
1,NewOrder,1772284501.194223,20230,11,1
1,NewOrder,1772284501.194833,50809,15,1
2,Payment,1772284501.197044,8926,9,1
2,Payment,1772284501.197467,21924,17,1
2,Payment,1772284501.197498,7730,1,1
1,NewOrder,1772284501.198593,13051,14,1
2,Payment,1772284501.199000,14773,2,1
1,NewOrder,1772284501.199363,23886,19,1
2,Payment,1772284501.200273,29903,13,1
1,NewOrder,1772284501.205243,34802,1,1
1,NewOrder,1772284501.205973,31913,7,1
1,NewOrder,1772284501.205996,39228,9,1
1,NewOrder,1772284501.206494,30267,16,1
2,Payment,1772284501.207404,7083,6,1
1,NewOrder,1772284501.207835,19939,4,1
2,Payment,1772284501.208398,10639,10,1
1,NewOrder,1772284501.209473,19640,18,1
1,NewOrder,1772284501.211672,18973,14,1
1,NewOrder,1772284501.212473,18668,20,1
1,NewOrder,1772284501.213123,18267,0,1
2,Payment,1772284501.213784,10864,2,1
2,Payment,1772284501.214463,19217,5,1
2,Payment,1772284501.214478,9678,11,1
2,Payment,1772284501.214505,23287,6,1
3,OrderStatus,1772284501.214596,12295,12,1
1,NewOrder,1772284501.217784,13282,23,1
1,NewOrder,1772284501.219058,24141,10,1
2,Payment,1772284501.219379,22923,3,1
2,Payment,1772284501.219410,13692,17,1
2,Payment,1772284501.223274,11049,19,1
2,Payment,1772284501.224182,18653,11,1
1,NewOrder,1772284501.224569,41788,8,1
1,NewOrder,1772284501.224664,38716,2,1
1,NewOrder,1772284501.225208,9186,21,1
1,NewOrder,1772284501.226917,25315,12,1
1,NewOrder,1772284501.227788,9359,4,1
2,Payment,1772284501.229133,9964,18,1
1,NewOrder,1772284501.230193,17606,13,1
1,NewOrder,1772284501.230671,25112,14,1
1,NewOrder,1772284501.231090,17315,23,1
2,Payment,1772284501.231124,13143,22,1
2,Payment,1772284501.231169,24128,20,1
2,Payment,1772284501.231402,5822,0,1
2,Payment,1772284501.233128,4129,17,1
2,Payment,1772284501.233728,15737,5,1
1,NewOrder,1772284501.234344,29371,19,1
2,Payment,1772284501.234412,15384,21,1
2,Payment,1772284501.236788,5978,16,1
1,NewOrder,1772284501.237174,13722,4,1
2,Payment,1772284501.237239,15999,0,1
1,NewOrder,1772284501.237274,13648,17,1
2,Payment,1772284501.237803,16100,6,1
2,Payment,1772284501.237906,11921,7,1
1,NewOrder,1772284501.239124,24577,18,1
2,Payment,1772284501.240056,17149,1,1
4,Delivery,1772284501.242322,28906,3,1
1,NewOrder,1772284501.242785,24723,16,1
1,NewOrder,1772284501.242848,24978,11,1
1,NewOrder,1772284501.243224,15230,10,1
5,StockLevel,1772284501.244284,22405,22,1
4,Delivery,1772284501.245244,38727,9,1
2,Payment,1772284501.245657,6056,15,1
1,NewOrder,1772284501.247825,41055,13,1
4,Delivery,1772284501.248421,54803,23,1
1,NewOrder,1772284501.249491,22051,5,1
2,Payment,1772284501.249819,15059,21,1
2,Payment,1772284501.249847,7765,7,1
2,Payment,1772284501.250918,10456,4,1
2,Payment,1772284501.250941,10525,17,1
1,NewOrder,1772284501.251732,29141,15,1
1,NewOrder,1772284501.252245,42205,12,1
2,Payment,1772284501.253257,12115,0,1
2,Payment,1772284501.253915,7013,6,1
1,NewOrder,1772284501.255314,39107,20,1
2,Payment,1772284501.255806,18815,14,1
2,Payment,1772284501.257225,27145,1,1
2,Payment,1772284501.257625,7834,7,1
2,Payment,1772284501.258469,22076,10,1
1,NewOrder,1772284501.260945,14052,6,1
1,NewOrder,1772284501.261397,13640,4,1
2,Payment,1772284501.261479,25285,17,1
5,StockLevel,1772284501.263406,23727,2,1
1,NewOrder,1772284501.263726,22659,18,1
1,NewOrder,1772284501.263739,27871,19,1
1,NewOrder,1772284501.264899,29262,21,1
1,NewOrder,1772284501.265395,35261,0,1
1,NewOrder,1772284501.265475,28623,7,1
1,NewOrder,1772284501.266377,25288,8,1
2,Payment,1772284501.266701,12729,22,1
1,NewOrder,1772284501.267520,23656,16,1
5,StockLevel,1772284501.267840,7177,11,1
1,NewOrder,1772284501.271243,8279,3,1
2,Payment,1772284501.271567,16232,5,1
2,Payment,1772284501.274647,21315,14,1
1,NewOrder,1772284501.275018,7363,6,1
1,NewOrder,1772284501.275032,6941,11,1
2,Payment,1772284501.275057,20551,4,1
2,Payment,1772284501.279456,8313,22,1
2,Payment,1772284501.279539,24862,3,1
2,Payment,1772284501.280570,9646,10,1
2,Payment,1772284501.280901,18367,15,1
1,NewOrder,1772284501.281989,7748,11,1
1,NewOrder,1772284501.282395,8188,6,1
1,NewOrder,1772284501.283997,23796,9,1
1,NewOrder,1772284501.284396,43791,1,1
2,Payment,1772284501.286400,7236,18,1
1,NewOrder,1772284501.286791,12151,17,1
1,NewOrder,1772284501.287158,14859,2,1
1,NewOrder,1772284501.287796,21466,22,1
2,Payment,1772284501.287825,12117,5,1
2,Payment,1772284501.288900,13633,13,1
3,OrderStatus,1772284501.289752,5988,11,1
1,NewOrder,1772284501.290236,37484,10,1
1,NewOrder,1772284501.290593,36437,6,1
2,Payment,1772284501.291192,18755,16,1
2,Payment,1772284501.291622,14019,19,1
5,StockLevel,1772284501.291693,26261,8,1
1,NewOrder,1772284501.293653,46238,18,1
1,NewOrder,1772284501.294117,40123,7,1
1,NewOrder,1772284501.294176,33334,21,1
1,NewOrder,1772284501.294432,33101,20,1
2,Payment,1772284501.294460,18616,12,1
1,NewOrder,1772284501.295621,33223,4,1
2,Payment,1772284501.295762,6720,11,1
1,NewOrder,1772284501.295986,11436,14,1
1,NewOrder,1772284501.298960,15938,17,1
2,Payment,1772284501.299279,6071,15,1
2,Payment,1772284501.299967,8296,5,1
5,StockLevel,1772284501.300683,10070,0,1
2,Payment,1772284501.302035,19039,2,1
2,Payment,1772284501.302515,5710,11,1
1,NewOrder,1772284501.302551,29756,13,1
2,Payment,1772284501.303249,6372,23,1
2,Payment,1772284501.304416,23167,3,1
1,NewOrder,1772284501.305376,10618,15,1
1,NewOrder,1772284501.305667,13102,19,1
2,Payment,1772284501.307436,9030,14,1
1,NewOrder,1772284501.307820,45477,9,1
1,NewOrder,1772284501.308242,25339,11,1
2,Payment,1772284501.308288,27659,5,1
1,NewOrder,1772284501.309288,32354,22,1
3,OrderStatus,1772284501.309644,8254,23,1
1,NewOrder,1772284501.309959,20105,16,1
1,NewOrder,1772284501.310770,9817,0,1
1,NewOrder,1772284501.313096,14524,12,1
1,NewOrder,1772284501.314921,12509,17,1
1,NewOrder,1772284501.316012,26150,15,1
1,NewOrder,1772284501.316482,26494,14,1
1,NewOrder,1772284501.317923,28311,23,1
1,NewOrder,1772284501.317972,28884,8,1
1,NewOrder,1772284501.318796,12827,19,1
1,NewOrder,1772284501.320609,18428,0,1
2,Payment,1772284501.321084,21932,2,1
1,NewOrder,1772284501.327045,19860,6,1
4,Delivery,1772284501.327450,62391,17,1
1,NewOrder,1772284501.327530,51667,21,1
1,NewOrder,1772284501.327550,44540,20,1
1,NewOrder,1772284501.327607,46011,3,1
1,NewOrder,1772284501.327642,42260,12,1
2,Payment,1772284501.327743,14296,10,1
2,Payment,1772284501.328200,20788,1,1
1,NewOrder,1772284501.328867,23284,4,1
2,Payment,1772284501.330080,5382,16,1
2,Payment,1772284501.331644,5804,19,1
1,NewOrder,1772284501.332323,15203,13,1
2,Payment,1772284501.333605,22609,11,1
2,Payment,1772284501.334258,37350,7,1
5,StockLevel,1772284501.335476,13838,16,1
2,Payment,1772284501.335964,20103,5,1
1,NewOrder,1772284501.337465,40213,19,1
1,NewOrder,1772284501.339053,42186,0,1
1,NewOrder,1772284501.339916,17173,18,1
2,Payment,1772284501.341668,5199,22,1
1,NewOrder,1772284501.342056,42945,10,1
1,NewOrder,1772284501.342188,45258,15,1
1,NewOrder,1772284501.342990,22175,14,1
1,NewOrder,1772284501.343026,35464,2,1
5,StockLevel,1772284501.346246,12491,23,1
1,NewOrder,1772284501.346883,19710,8,1
1,NewOrder,1772284501.346886,17200,22,1
1,NewOrder,1772284501.346932,10869,6,1
1,NewOrder,1772284501.347543,18283,13,1
1,NewOrder,1772284501.349010,54097,1,1
2,Payment,1772284501.349331,6633,16,1
1,NewOrder,1772284501.352164,15678,4,1
1,NewOrder,1772284501.353315,36890,9,1
2,Payment,1772284501.355983,16171,16,1
1,NewOrder,1772284501.356094,24759,5,1
1,NewOrder,1772284501.356226,27175,11,1
2,Payment,1772284501.357107,4656,18,1
3,OrderStatus,1772284501.357809,4030,6,1
1,NewOrder,1772284501.358760,13352,23,1
2,Payment,1772284501.361779,4075,18,1
2,Payment,1772284501.361862,13077,6,1
1,NewOrder,1772284501.364107,8161,22,1
2,Payment,1772284501.365180,12923,14,1
5,StockLevel,1772284501.365844,18979,13,1
1,NewOrder,1772284501.365873,22733,18,1
2,Payment,1772284501.366606,11357,8,1
1,NewOrder,1772284501.367855,23710,4,1
2,Payment,1772284501.369922,22235,12,1
1,NewOrder,1772284501.371635,17518,7,1
2,Payment,1772284501.372116,15752,20,1
2,Payment,1772284501.372127,3425,23,1
1,NewOrder,1772284501.372171,44846,16,1
2,Payment,1772284501.372279,5934,22,1
1,NewOrder,1772284501.373643,36874,3,1
2,Payment,1772284501.374953,7502,6,1
2,Payment,1772284501.375568,16925,23,1
2,Payment,1772284501.377710,27110,19,1
2,Payment,1772284501.377977,10262,8,1
1,NewOrder,1772284501.378122,46774,14,1
1,NewOrder,1772284501.378228,35711,22,1
1,NewOrder,1772284501.378514,22819,2,1
1,NewOrder,1772284501.379222,13751,21,1
1,NewOrder,1772284501.380867,41036,5,1
5,StockLevel,1772284501.381259,28233,0,1
2,Payment,1772284501.382470,10160,6,1
1,NewOrder,1772284501.383432,27054,11,1
5,StockLevel,1772284501.384841,8097,13,1
1,NewOrder,1772284501.385020,10382,10,1
1,NewOrder,1772284501.387471,14356,15,1
2,Payment,1772284501.387894,23274,20,1
2,Payment,1772284501.388265,11810,8,1
1,NewOrder,1772284501.388623,27534,18,1
2,Payment,1772284501.389164,21008,7,1
1,NewOrder,1772284501.389860,6540,17,1
3,OrderStatus,1772284501.390222,3043,9,1
2,Payment,1772284501.391581,12960,4,1
2,Payment,1772284501.392184,9585,12,1
1,NewOrder,1772284501.392508,35281,23,1
1,NewOrder,1772284501.392650,23784,6,1
2,Payment,1772284501.392950,13176,13,1
1,NewOrder,1772284501.392996,30460,21,1
1,NewOrder,1772284501.393281,7246,9,1
2,Payment,1772284501.395416,6397,10,1
2,Payment,1772284501.396416,13784,17,1
1,NewOrder,1772284501.400101,32535,8,1
4,Delivery,1772284501.400554,24627,9,1
4,Delivery,1772284501.401357,39133,2,1
2,Payment,1772284501.401792,16947,12,1
3,OrderStatus,1772284501.401840,3417,10,1
1,NewOrder,1772284501.401853,27510,15,1
3,OrderStatus,1772284501.403125,11357,1,1
2,Payment,1772284501.404573,9015,4,1
1,NewOrder,1772284501.404835,31421,19,1
1,NewOrder,1772284501.405276,17188,10,1
1,NewOrder,1772284501.406295,18854,13,1
1,NewOrder,1772284501.409509,22130,0,1
2,Payment,1772284501.410200,8939,7,1
1,NewOrder,1772284501.410224,13581,17,1
1,NewOrder,1772284501.410508,39954,11,1
1,NewOrder,1772284501.410543,38408,3,1
2,Payment,1772284501.411186,8500,20,1
1,NewOrder,1772284501.413605,16115,4,1
2,Payment,1772284501.413954,13868,22,1
1,NewOrder,1772284501.414504,24063,1,1
2,Payment,1772284501.416183,16876,18,1
2,Payment,1772284501.416459,10956,6,1
1,NewOrder,1772284501.417037,17412,16,1
1,NewOrder,1772284501.418760,33275,12,1
2,Payment,1772284501.419155,14021,7,1
1,NewOrder,1772284501.419709,27311,20,1
2,Payment,1772284501.421928,6372,5,1
1,NewOrder,1772284501.422478,37432,10,1
1,NewOrder,1772284501.423482,15127,21,1
3,OrderStatus,1772284501.423827,4627,17,1
2,Payment,1772284501.424911,5818,14,1
1,NewOrder,1772284501.425175,36445,13,1
2,Payment,1772284501.425207,14545,9,1
2,Payment,1772284501.427429,19016,6,1
2,Payment,1772284501.427807,22702,23,1
2,Payment,1772284501.427835,16167,22,1
1,NewOrder,1772284501.428318,12739,5,1
2,Payment,1772284501.428471,9535,17,1
2,Payment,1772284501.429385,14972,15,1
2,Payment,1772284501.429734,21681,4,1
2,Payment,1772284501.430755,16727,14,1
1,NewOrder,1772284501.431665,6843,0,1
1,NewOrder,1772284501.432662,43987,8,1
1,NewOrder,1772284501.433080,14722,18,1
1,NewOrder,1772284501.433193,21266,7,1
2,Payment,1772284501.434475,15608,16,1
5,StockLevel,1772284501.436281,4685,19,1
2,Payment,1772284501.438019,15895,17,1
2,Payment,1772284501.438535,28000,0,1
2,Payment,1772284501.438576,19559,1,1
1,NewOrder,1772284501.438634,29768,21,1
1,NewOrder,1772284501.439769,35272,9,1
2,Payment,1772284501.440503,35608,2,1
1,NewOrder,1772284501.440993,5993,19,1
1,NewOrder,1772284501.441070,18267,5,1
1,NewOrder,1772284501.444029,22695,22,1
2,Payment,1772284501.444371,13242,15,1
2,Payment,1772284501.446468,9588,6,1
1,NewOrder,1772284501.447012,12191,19,1
2,Payment,1772284501.447041,8049,20,1
2,Payment,1772284501.447506,13716,14,1
2,Payment,1772284501.447826,11000,18,1
4,Delivery,1772284501.448968,37482,3,1
5,StockLevel,1772284501.450101,13002,16,1
2,Payment,1772284501.450483,21185,11,1
1,NewOrder,1772284501.450533,26653,23,1
1,NewOrder,1772284501.451429,13802,4,1
2,Payment,1772284501.452057,13775,12,1
2,Payment,1772284501.453935,20281,17,1
2,Payment,1772284501.454472,22630,7,1
1,NewOrder,1772284501.455109,11885,20,1
2,Payment,1772284501.456071,27172,6,1
2,Payment,1772284501.457631,23273,15,1
2,Payment,1772284501.458153,25582,1,1
2,Payment,1772284501.458847,4428,18,1
4,Delivery,1772284501.459215,5788,19,1
2,Payment,1772284501.459363,30643,5,1
2,Payment,1772284501.459925,32634,10,1
1,NewOrder,1772284501.461244,11340,14,1
5,StockLevel,1772284501.461646,16892,13,1
3,OrderStatus,1772284501.463128,4322,16,1
4,Delivery,1772284501.463291,2268,18,1
2,Payment,1772284501.465023,2286,19,1
2,Payment,1772284501.465248,31302,4,1
1,NewOrder,1772284501.465576,6574,18,1
2,Payment,1772284501.465850,21685,12,1
1,NewOrder,1772284501.466562,29108,0,1
2,Payment,1772284501.466734,6161,22,1
5,StockLevel,1772284501.467019,26259,20,1
2,Payment,1772284501.467322,1600,19,1
2,Payment,1772284501.467476,29422,16,1
3,OrderStatus,1772284501.468416,7365,21,1
1,NewOrder,1772284501.468938,8460,19,1
5,StockLevel,1772284501.471694,19426,11,1
1,NewOrder,1772284501.472176,10363,18,1
1,NewOrder,1772284501.472604,12678,14,1
1,NewOrder,1772284501.472913,11968,22,1
2,Payment,1772284501.474242,16416,17,1
1,NewOrder,1772284501.475057,18296,9,1
2,Payment,1772284501.475806,8042,21,1
1,NewOrder,1772284501.476124,25927,2,1
1,NewOrder,1772284501.476670,30060,8,1
2,Payment,1772284501.477128,21998,7,1
3,OrderStatus,1772284501.477213,6948,23,1
1,NewOrder,1772284501.477418,4728,19,1
2,Payment,1772284501.478555,15397,13,1
1,NewOrder,1772284501.480927,41984,15,1
1,NewOrder,1772284501.482162,4906,19,1
2,Payment,1772284501.482557,4632,18,1
2,Payment,1772284501.483255,21704,6,1
1,NewOrder,1772284501.483750,27679,1,1
1,NewOrder,1772284501.483865,19785,21,1
2,Payment,1772284501.484182,7427,23,1
1,NewOrder,1772284501.484901,9949,22,1
2,Payment,1772284501.485298,31429,14,1
2,Payment,1772284501.486480,16622,3,1
1,NewOrder,1772284501.487095,21090,19,1
1,NewOrder,1772284501.487207,9750,18,1
2,Payment,1772284501.487553,15122,12,1
1,NewOrder,1772284501.490020,31869,5,1
2,Payment,1772284501.490675,18038,17,1
1,NewOrder,1772284501.491142,23764,11,1
1,NewOrder,1772284501.491629,6587,23,1
2,Payment,1772284501.492581,21906,10,1
1,NewOrder,1772284501.493293,25724,20,1
3,OrderStatus,1772284501.493363,2771,9,1
2,Payment,1772284501.493969,4573,13,1
2,Payment,1772284501.494869,2370,22,1
1,NewOrder,1772284501.495688,29190,0,1
2,Payment,1772284501.496154,13160,9,1
2,Payment,1772284501.496568,14388,4,1
2,Payment,1772284501.496925,28495,16,1
4,Delivery,1772284501.496975,17874,18,1
2,Payment,1772284501.497253,10022,22,1
1,NewOrder,1772284501.498234,21368,23,1
1,NewOrder,1772284501.498557,10115,13,1
1,NewOrder,1772284501.499138,16155,7,1
3,OrderStatus,1772284501.502068,7178,2,1
1,NewOrder,1772284501.502701,60386,12,1
1,NewOrder,1772284501.503120,15580,3,1
1,NewOrder,1772284501.503665,38700,21,1
1,NewOrder,1772284501.504985,30451,6,1
4,Delivery,1772284501.506747,22154,8,1
2,Payment,1772284501.507295,6443,22,1
1,NewOrder,1772284501.508197,21125,19,1
1,NewOrder,1772284501.508687,13881,13,1
1,NewOrder,1772284501.508741,21999,17,1
1,NewOrder,1772284501.509267,25194,2,1
2,Payment,1772284501.509338,13687,9,1
2,Payment,1772284501.510968,10534,4,1
1,NewOrder,1772284501.511446,34674,1,1
2,Payment,1772284501.513763,6482,22,1
1,NewOrder,1772284501.514503,20325,10,1
1,NewOrder,1772284501.514867,49741,18,1
2,Payment,1772284501.514924,14000,11,1
1,NewOrder,1772284501.515310,28335,7,1
1,NewOrder,1772284501.516741,27345,14,1
1,NewOrder,1772284501.518715,49355,3,1
1,NewOrder,1772284501.519034,53120,20,1
1,NewOrder,1772284501.519623,17658,23,1
2,Payment,1772284501.520259,7253,22,1
1,NewOrder,1772284501.521517,40616,4,1
2,Payment,1772284501.521901,6978,5,1
2,Payment,1772284501.522593,5841,13,1
1,NewOrder,1772284501.522929,25880,15,1
1,NewOrder,1772284501.523035,51165,9,1
1,NewOrder,1772284501.524893,24416,0,1
2,Payment,1772284501.525434,7238,16,1
1,NewOrder,1772284501.527530,44268,22,1
2,Payment,1772284501.528462,7441,13,1
1,NewOrder,1772284501.528898,26797,5,1
2,Payment,1772284501.528918,22426,8,1
3,OrderStatus,1772284501.528937,11183,11,1
1,NewOrder,1772284501.529335,22400,19,1
2,Payment,1772284501.530753,28515,17,1
5,StockLevel,1772284501.532682,10301,16,1
1,NewOrder,1772284501.534488,35166,2,1
1,NewOrder,1772284501.534854,41206,10,1
1,NewOrder,1772284501.535450,34794,6,1
3,OrderStatus,1772284501.535929,16526,13,1
4,Delivery,1772284501.537306,18749,23,1
2,Payment,1772284501.540144,19872,11,1
1,NewOrder,1772284501.542392,28604,21,1
1,NewOrder,1772284501.543004,13024,16,1
1,NewOrder,1772284501.543658,25939,7,1
1,NewOrder,1772284501.544112,41231,14,1
2,Payment,1772284501.546147,11461,1,1
3,OrderStatus,1772284501.548822,3138,15,1
2,Payment,1772284501.549329,10592,0,1
1,NewOrder,1772284501.551367,28778,8,1
2,Payment,1772284501.551757,4248,19,1
1,NewOrder,1772284501.551975,7895,15,1
1,NewOrder,1772284501.552478,18451,13,1
1,NewOrder,1772284501.555720,23756,5,1
2,Payment,1772284501.556022,3872,19,1
2,Payment,1772284501.556043,7009,16,1
1,NewOrder,1772284501.556072,15341,23,1
1,NewOrder,1772284501.557627,30904,1,1
2,Payment,1772284501.559286,9875,17,1
1,NewOrder,1772284501.559886,25883,15,1
1,NewOrder,1772284501.559910,16822,19,1
5,StockLevel,1772284501.559933,10704,0,1
2,Payment,1772284501.560039,6743,11,1
2,Payment,1772284501.562154,8807,4,1
1,NewOrder,1772284501.563070,17334,16,1
2,Payment,1772284501.563117,15897,12,1
2,Payment,1772284501.564621,7501,18,1
2,Payment,1772284501.566805,9664,11,1
2,Payment,1772284501.568104,12706,3,1
1,NewOrder,1772284501.569174,43734,17,1
1,NewOrder,1772284501.569620,23107,7,1
1,NewOrder,1772284501.569679,34528,2,1
2,Payment,1772284501.570261,9734,6,1
2,Payment,1772284501.570647,21594,0,1
4,Delivery,1772284501.570942,23793,13,1
1,NewOrder,1772284501.570973,35848,4,1
2,Payment,1772284501.571009,11854,21,1
1,NewOrder,1772284501.571438,21241,23,1
1,NewOrder,1772284501.571812,28195,22,1
1,NewOrder,1772284501.572130,39693,18,1
3,OrderStatus,1772284501.572165,3753,20,1
2,Payment,1772284501.574207,10299,9,1
1,NewOrder,1772284501.575938,27650,20,1
2,Payment,1772284501.576080,13636,10,1
1,NewOrder,1772284501.576495,34490,11,1
1,NewOrder,1772284501.576749,15889,19,1
5,StockLevel,1772284501.579027,23576,12,1
1,NewOrder,1772284501.579493,27735,5,1
2,Payment,1772284501.580020,15028,6,1
1,NewOrder,1772284501.580171,23062,8,1
1,NewOrder,1772284501.580427,28410,16,1
4,Delivery,1772284501.580830,44809,3,1
2,Payment,1772284501.582877,9819,21,1
1,NewOrder,1772284501.584516,18014,9,1
1,NewOrder,1772284501.585368,29803,14,1
1,NewOrder,1772284501.585788,39880,15,1
1,NewOrder,1772284501.588544,18651,1,1
3,OrderStatus,1772284501.589734,6264,10,1
1,NewOrder,1772284501.592272,31833,0,1
1,NewOrder,1772284501.592653,18735,19,1
2,Payment,1772284501.592703,15775,23,1
2,Payment,1772284501.592714,7648,21,1
1,NewOrder,1772284501.592739,34750,7,1
2,Payment,1772284501.594752,6734,13,1
1,NewOrder,1772284501.595065,28557,6,1
2,Payment,1772284501.596016,5836,10,1
1,NewOrder,1772284501.600023,25083,22,1
5,StockLevel,1772284501.600378,23850,21,1
2,Payment,1772284501.601506,8467,13,1
1,NewOrder,1772284501.601878,17695,10,1
2,Payment,1772284501.602540,5759,9,1
1,NewOrder,1772284501.602625,23010,12,1
2,Payment,1772284501.603249,10188,8,1
2,Payment,1772284501.603597,11928,20,1
1,NewOrder,1772284501.604240,19933,2,1
1,NewOrder,1772284501.606844,35945,4,1
2,Payment,1772284501.607219,19874,1,1
2,Payment,1772284501.607254,8379,5,1
1,NewOrder,1772284501.608326,35125,9,1
2,Payment,1772284501.608514,19085,23,1
1,NewOrder,1772284501.608851,27355,16,1
2,Payment,1772284501.609999,7070,13,1
5,StockLevel,1772284501.611009,21359,11,1
1,NewOrder,1772284501.611402,33127,19,1
1,NewOrder,1772284501.611837,44584,18,1
1,NewOrder,1772284501.612926,14521,17,1
1,NewOrder,1772284501.613459,26928,8,1
1,NewOrder,1772284501.615197,34946,14,1
2,Payment,1772284501.615549,23382,20,1
2,Payment,1772284501.615658,22875,5,1
2,Payment,1772284501.617086,5043,13,1
1,NewOrder,1772284501.619599,9238,10,1
3,OrderStatus,1772284501.622146,4039,13,1
4,Delivery,1772284501.623634,25183,6,1
1,NewOrder,1772284501.624130,31516,0,1
2,Payment,1772284501.624186,21976,2,1
1,NewOrder,1772284501.624250,7116,21,1
1,NewOrder,1772284501.625122,11480,22,1
1,NewOrder,1772284501.625650,23126,3,1
2,Payment,1772284501.625672,13225,12,1
2,Payment,1772284501.625717,9641,15,1
5,StockLevel,1772284501.626211,3133,13,1
2,Payment,1772284501.627106,24744,1,1
2,Payment,1772284501.627471,16781,17,1
1,NewOrder,1772284501.627510,37646,7,1
1,NewOrder,1772284501.627626,40536,23,1
1,NewOrder,1772284501.628860,30639,10,1
2,Payment,1772284501.629371,18924,13,1
5,StockLevel,1772284501.631380,2671,21,1
2,Payment,1772284501.632385,11155,11,1
3,OrderStatus,1772284501.634068,1439,21,1
2,Payment,1772284501.635377,21542,15,1
2,Payment,1772284501.635519,5796,21,1
1,NewOrder,1772284501.636222,27983,16,1
1,NewOrder,1772284501.636628,27557,22,1
1,NewOrder,1772284501.638555,19598,5,1
1,NewOrder,1772284501.638915,24622,12,1
1,NewOrder,1772284501.638945,27800,20,1
2,Payment,1772284501.640413,12878,8,1
1,NewOrder,1772284501.641327,33695,21,1
1,NewOrder,1772284501.642815,38713,4,1
1,NewOrder,1772284501.643514,29603,9,1
4,Delivery,1772284501.643661,5663,11,1
1,NewOrder,1772284501.644315,21297,17,1
2,Payment,1772284501.644554,12390,19,1
1,NewOrder,1772284501.646182,28063,2,1
1,NewOrder,1772284501.648314,17326,13,1
2,Payment,1772284501.648799,9690,3,1
4,Delivery,1772284501.648838,15761,6,1
1,NewOrder,1772284501.649342,22107,11,1
2,Payment,1772284501.650157,14154,14,1
1,NewOrder,1772284501.651870,25973,1,1
1,NewOrder,1772284501.653314,32677,8,1
2,Payment,1772284501.655671,8982,0,1
1,NewOrder,1772284501.656433,34286,18,1
1,NewOrder,1772284501.656935,30370,15,1
1,NewOrder,1772284501.656964,43212,19,1
1,NewOrder,1772284501.658179,38768,5,1
1,NewOrder,1772284501.658502,28086,3,1
1,NewOrder,1772284501.659527,9332,10,1
2,Payment,1772284501.663562,14321,12,1
5,StockLevel,1772284501.664204,24206,22,1
2,Payment,1772284501.664242,19476,16,1
1,NewOrder,1772284501.664336,25519,14,1
1,NewOrder,1772284501.664612,28693,6,1
1,NewOrder,1772284501.664679,31549,0,1
5,StockLevel,1772284501.665183,5988,7,1
2,Payment,1772284501.665632,27000,17,1
2,Payment,1772284501.665656,22324,13,1
2,Payment,1772284501.666757,3024,20,1
2,Payment,1772284501.668189,6514,23,1
1,NewOrder,1772284501.668876,8621,10,1
2,Payment,1772284501.669796,7083,20,1
1,NewOrder,1772284501.671197,16734,7,1
1,NewOrder,1772284501.671473,10903,11,1
2,Payment,1772284501.673141,8393,9,1
1,NewOrder,1772284501.674257,57015,2,1
2,Payment,1772284501.674723,5053,23,1
2,Payment,1772284501.675036,11631,21,1
2,Payment,1772284501.676897,14516,20,1
2,Payment,1772284501.677508,7849,10,1
1,NewOrder,1772284501.677878,40412,1,1
2,Payment,1772284501.677898,23410,12,1
1,NewOrder,1772284501.679801,13602,23,1
3,OrderStatus,1772284501.681549,5971,9,1
1,NewOrder,1772284501.681552,18093,4,1
1,NewOrder,1772284501.682402,24429,11,1
1,NewOrder,1772284501.683739,49891,16,1
2,Payment,1772284501.685374,5365,10,1
1,NewOrder,1772284501.686003,18098,8,1
1,NewOrder,1772284501.686608,20621,3,1
1,NewOrder,1772284501.686683,45230,21,1
2,Payment,1772284501.687321,25604,15,1
2,Payment,1772284501.687529,16184,9,1
1,NewOrder,1772284501.687948,22754,7,1
1,NewOrder,1772284501.687991,24333,13,1
2,Payment,1772284501.688421,14383,22,1
1,NewOrder,1772284501.689881,12225,14,1
2,Payment,1772284501.690745,21305,18,1
1,NewOrder,1772284501.690759,16595,10,1
2,Payment,1772284501.691428,16355,20,1
2,Payment,1772284501.692644,25997,17,1
4,Delivery,1772284501.693319,9455,6,1
1,NewOrder,1772284501.693431,18722,23,1
2,Payment,1772284501.696248,5337,0,1
1,NewOrder,1772284501.696960,25337,5,1
4,Delivery,1772284501.699667,27196,4,1
1,NewOrder,1772284501.700202,11902,19,1
2,Payment,1772284501.701333,25003,12,1
1,NewOrder,1772284501.701604,28475,0,1
1,NewOrder,1772284501.702121,44451,14,1
2,Payment,1772284501.702795,11585,6,1
2,Payment,1772284501.702826,22478,22,1
1,NewOrder,1772284501.703726,26856,9,1
1,NewOrder,1772284501.704124,52326,8,1
1,NewOrder,1772284501.706850,28254,11,1
1,NewOrder,1772284501.707248,7585,3,1
1,NewOrder,1772284501.707376,11522,10,1
2,Payment,1772284501.707794,23367,20,1
2,Payment,1772284501.710729,8776,7,1
2,Payment,1772284501.712076,27023,18,1
1,NewOrder,1772284501.712124,9112,19,1
1,NewOrder,1772284501.712170,24292,23,1
2,Payment,1772284501.712351,19505,13,1
1,NewOrder,1772284501.712938,36277,15,1
2,Payment,1772284501.714392,12006,6,1
2,Payment,1772284501.714845,11593,3,1
1,NewOrder,1772284501.718310,25719,1,1
1,NewOrder,1772284501.718664,39797,17,1
1,NewOrder,1772284501.718916,17837,10,1
4,Delivery,1772284501.719527,26328,7,1
1,NewOrder,1772284501.721255,6019,19,1
2,Payment,1772284501.722324,9942,5,1
2,Payment,1772284501.725327,19921,22,1
1,NewOrder,1772284501.726356,37149,12,1
3,OrderStatus,1772284501.726420,7097,6,1
2,Payment,1772284501.726469,13352,3,1
1,NewOrder,1772284501.726875,10505,4,1
1,NewOrder,1772284501.727284,14658,19,1
1,NewOrder,1772284501.730097,17961,0,1
2,Payment,1772284501.730604,7398,9,1
1,NewOrder,1772284501.731183,22001,20,1
1,NewOrder,1772284501.731294,24140,2,1
1,NewOrder,1772284501.731884,30863,13,1
1,NewOrder,1772284501.731929,24712,21,1
1,NewOrder,1772284501.732280,15423,5,1
1,NewOrder,1772284501.733531,42172,6,1
2,Payment,1772284501.733642,7908,16,1
3,OrderStatus,1772284501.735126,7970,11,1
1,NewOrder,1772284501.736488,18395,23,1
1,NewOrder,1772284501.736770,23562,10,1
2,Payment,1772284501.737397,6349,4,1
2,Payment,1772284501.738017,7805,9,1
1,NewOrder,1772284501.739124,38496,18,1
2,Payment,1772284501.739837,12940,3,1
3,OrderStatus,1772284501.741576,6251,16,1
3,OrderStatus,1772284501.741970,5505,19,1
2,Payment,1772284501.743113,10044,11,1
1,NewOrder,1772284501.743766,22442,4,1
1,NewOrder,1772284501.744041,31246,1,1
1,NewOrder,1772284501.745259,18570,22,1
3,OrderStatus,1772284501.745848,6339,9,1
1,NewOrder,1772284501.745872,41362,7,1
5,StockLevel,1772284501.746584,12510,14,1
2,Payment,1772284501.747497,8806,19,1
5,StockLevel,1772284501.747722,16664,5,1
2,Payment,1772284501.747850,8753,16,1
3,OrderStatus,1772284501.748085,11773,0,1
5,StockLevel,1772284501.749236,12017,15,1
2,Payment,1772284501.752208,13677,9,1
2,Payment,1772284501.752797,12195,3,1
1,NewOrder,1772284501.753178,27237,11,1
2,Payment,1772284501.753201,11654,20,1
1,NewOrder,1772284501.754921,9581,23,1
2,Payment,1772284501.755461,16078,2,1
2,Payment,1772284501.756317,19745,19,1
2,Payment,1772284501.756470,16087,8,1
1,NewOrder,1772284501.756618,20472,16,1
2,Payment,1772284501.756661,14474,21,1
1,NewOrder,1772284501.758477,7759,17,1
2,Payment,1772284501.759119,4251,14,1
5,StockLevel,1772284501.759871,18752,0,1
2,Payment,1772284501.760349,15418,10,1
2,Payment,1772284501.761277,8813,15,1
3,OrderStatus,1772284501.762765,8533,13,1
2,Payment,1772284501.763394,18944,14,1
2,Payment,1772284501.763519,14499,12,1
2,Payment,1772284501.763847,17408,22,1
2,Payment,1772284501.764412,11679,5,1
1,NewOrder,1772284501.764520,7661,23,1
2,Payment,1772284501.764872,22029,20,1
4,Delivery,1772284501.765005,34088,3,1
1,NewOrder,1772284501.765902,23044,9,1
1,NewOrder,1772284501.766223,36591,4,1
1,NewOrder,1772284501.766250,13548,17,1
1,NewOrder,1772284501.770109,24952,15,1
2,Payment,1772284501.771172,23920,21,1
2,Payment,1772284501.771330,16541,13,1
2,Payment,1772284501.771560,9643,2,1
2,Payment,1772284501.772203,29189,23,1
2,Payment,1772284501.772568,9034,8,1
1,NewOrder,1772284501.775322,32541,1,1
1,NewOrder,1772284501.775721,18881,6,1
2,Payment,1772284501.775791,11482,10,1
1,NewOrder,1772284501.776089,28963,19,1
2,Payment,1772284501.776104,11287,5,1
1,NewOrder,1772284501.777107,15268,16,1
4,Delivery,1772284501.777635,9664,18,1
1,NewOrder,1772284501.778031,17054,12,1
1,NewOrder,1772284501.778640,25288,0,1
2,Payment,1772284501.779824,12975,17,1
1,NewOrder,1772284501.780436,24645,11,1
1,NewOrder,1772284501.781219,37307,2,1
1,NewOrder,1772284501.781269,25844,22,1
2,Payment,1772284501.781614,13433,8,1
1,NewOrder,1772284501.782354,33094,14,1
5,StockLevel,1772284501.786923,26894,20,1
5,StockLevel,1772284501.787250,20878,7,1
1,NewOrder,1772284501.787292,27308,10,1
1,NewOrder,1772284501.787313,27661,18,1
1,NewOrder,1772284501.787408,31557,5,1
1,NewOrder,1772284501.787898,32257,13,1
1,NewOrder,1772284501.788964,22192,9,1
2,Payment,1772284501.792390,5325,16,1
2,Payment,1772284501.792817,11728,17,1
1,NewOrder,1772284501.794620,20752,6,1
2,Payment,1772284501.795068,9349,8,1
1,NewOrder,1772284501.795085,12738,15,1
2,Payment,1772284501.795104,15430,12,1
3,OrderStatus,1772284501.795114,9816,21,1
5,StockLevel,1772284501.797741,15893,16,1
5,StockLevel,1772284501.799122,17967,3,1
1,NewOrder,1772284501.801408,19434,23,1
1,NewOrder,1772284501.802841,17654,4,1
1,NewOrder,1772284501.803941,20447,0,1
1,NewOrder,1772284501.804444,40380,8,1
3,OrderStatus,1772284501.804571,10560,17,1
1,NewOrder,1772284501.804949,19082,21,1
2,Payment,1772284501.805065,10421,19,1
1,NewOrder,1772284501.805095,20272,11,1
2,Payment,1772284501.807130,20400,22,1
1,NewOrder,1772284501.807835,18590,15,1
1,NewOrder,1772284501.807888,36958,1,1
2,Payment,1772284501.808152,7680,7,1
1,NewOrder,1772284501.810551,34310,12,1
2,Payment,1772284501.811181,7837,9,1
1,NewOrder,1772284501.813659,26748,16,1
1,NewOrder,1772284501.813832,30977,20,1
2,Payment,1772284501.814625,14302,10,1
2,Payment,1772284501.815000,20651,18,1
1,NewOrder,1772284501.815152,21634,17,1
2,Payment,1772284501.815390,25007,6,1
1,NewOrder,1772284501.815462,35167,14,1
2,Payment,1772284501.815496,25012,19,1
2,Payment,1772284501.815858,19246,7,1
4,Delivery,1772284501.817108,37525,3,1
4,Delivery,1772284501.818541,36663,2,1
2,Payment,1772284501.818984,10325,5,1
1,NewOrder,1772284501.819033,6698,9,1
1,NewOrder,1772284501.820180,5498,13,1
2,Payment,1772284501.820507,10789,4,1
1,NewOrder,1772284501.820856,6998,23,1
1,NewOrder,1772284501.824046,33067,21,1
4,Delivery,1772284501.824415,30695,0,1
2,Payment,1772284501.825393,21094,11,1
2,Payment,1772284501.825718,3510,13,1
1,NewOrder,1772284501.825750,14214,9,1
1,NewOrder,1772284501.826439,21010,15,1
2,Payment,1772284501.827543,19958,22,1
1,NewOrder,1772284501.827876,8424,23,1
4,Delivery,1772284501.828950,53461,10,1
1,NewOrder,1772284501.829248,31992,13,1
2,Payment,1772284501.829327,6226,5,1
1,NewOrder,1772284501.831322,9822,4,1
2,Payment,1772284501.835126,17427,7,1
2,Payment,1772284501.835580,6487,5,1
1,NewOrder,1772284501.835674,19000,18,1
1,NewOrder,1772284501.836321,11625,23,1
1,NewOrder,1772284501.836800,19841,17,1
2,Payment,1772284501.839981,29078,9,1
2,Payment,1772284501.840420,17437,6,1
2,Payment,1772284501.840434,7490,16,1
2,Payment,1772284501.840529,13339,19,1
1,NewOrder,1772284501.841161,18719,4,1
2,Payment,1772284501.842080,7632,5,1
1,NewOrder,1772284501.844834,32031,20,1
1,NewOrder,1772284501.844849,17053,8,1
1,NewOrder,1772284501.844877,17040,1,1
5,StockLevel,1772284501.844886,13492,12,1
2,Payment,1772284501.846503,29996,11,1
1,NewOrder,1772284501.847475,29421,15,1
2,Payment,1772284501.847528,10634,22,1
2,Payment,1772284501.847946,6700,16,1
1,NewOrder,1772284501.847960,11403,23,1
1,NewOrder,1772284501.849736,12608,5,1
2,Payment,1772284501.850650,18233,14,1
2,Payment,1772284501.852579,30292,7,1
1,NewOrder,1772284501.853885,13823,19,1
1,NewOrder,1772284501.854659,55675,3,1
1,NewOrder,1772284501.854674,40808,16,1
1,NewOrder,1772284501.854699,14679,18,1
1,NewOrder,1772284501.855132,34178,0,1
5,StockLevel,1772284501.855219,18262,2,1
2,Payment,1772284501.856666,19428,17,1
3,OrderStatus,1772284501.857132,7714,21,1
2,Payment,1772284501.857880,31921,6,1
2,Payment,1772284501.858173,16413,22,1
1,NewOrder,1772284501.858396,30238,12,1
2,Payment,1772284501.859389,19624,23,1
2,Payment,1772284501.859895,3232,4,1
2,Payment,1772284501.861257,21639,13,1
1,NewOrder,1772284501.861920,9870,8,1
2,Payment,1772284501.861931,10227,1,1
1,NewOrder,1772284501.862353,9190,5,1
2,Payment,1772284501.863149,12445,4,1
2,Payment,1772284501.864874,18482,21,1
1,NewOrder,1772284501.867726,8509,19,1
1,NewOrder,1772284501.868903,23201,14,1
3,OrderStatus,1772284501.869076,7879,9,1
1,NewOrder,1772284501.869399,15568,18,1
4,Delivery,1772284501.871569,43145,5,1
1,NewOrder,1772284501.871811,14318,8,1
2,Payment,1772284501.872174,10763,1,1
1,NewOrder,1772284501.873518,29962,2,1
2,Payment,1772284501.874603,12353,22,1
2,Payment,1772284501.875606,12332,4,1
1,NewOrder,1772284501.876119,36744,17,1
1,NewOrder,1772284501.876260,23469,19,1
4,Delivery,1772284501.876522,6278,11,1
1,NewOrder,1772284501.876890,27701,20,1
1,NewOrder,1772284501.876912,39303,15,1
5,StockLevel,1772284501.876979,16947,9,1
3,OrderStatus,1772284501.879031,5169,23,1
2,Payment,1772284501.882435,15432,10,1
2,Payment,1772284501.882815,22282,11,1
2,Payment,1772284501.882899,28832,7,1
4,Delivery,1772284501.882927,26952,13,1
1,NewOrder,1772284501.882953,34630,1,1
1,NewOrder,1772284501.883387,27739,21,1
2,Payment,1772284501.884219,7168,23,1
2,Payment,1772284501.884991,10995,18,1
5,StockLevel,1772284501.886149,16285,8,1
1,NewOrder,1772284501.886966,23448,22,1
1,NewOrder,1772284501.887964,17016,4,1
1,NewOrder,1772284501.888660,27114,12,1
1,NewOrder,1772284501.889325,29402,0,1
2,Payment,1772284501.889812,27404,6,1
1,NewOrder,1772284501.891417,25124,23,1
1,NewOrder,1772284501.892129,18264,14,1
1,NewOrder,1772284501.893951,16479,9,1
1,NewOrder,1772284501.895507,23181,16,1
1,NewOrder,1772284501.896003,13800,18,1
1,NewOrder,1772284501.897894,20226,10,1
3,OrderStatus,1772284501.899756,5043,19,1
2,Payment,1772284501.902450,25360,8,1
2,Payment,1772284501.903504,6404,2,1
1,NewOrder,1772284501.904609,15894,20,1
2,Payment,1772284501.904827,6872,19,1
3,OrderStatus,1772284501.904995,4608,4,1
2,Payment,1772284501.905124,29136,11,1
2,Payment,1772284501.909620,9887,4,1
1,NewOrder,1772284501.909818,19851,18,1
1,NewOrder,1772284501.909904,30835,13,1
2,Payment,1772284501.909921,16226,2,1
2,Payment,1772284501.910348,23201,3,1
1,NewOrder,1772284501.910421,17987,14,1
2,Payment,1772284501.910434,6147,22,1
2,Payment,1772284501.910457,29452,9,1
1,NewOrder,1772284501.911160,13932,21,1
2,Payment,1772284501.911725,11999,19,1
2,Payment,1772284501.911758,33094,7,1
1,NewOrder,1772284501.912884,15884,17,1
4,Delivery,1772284501.914730,24797,5,1
1,NewOrder,1772284501.915810,7425,12,1
5,StockLevel,1772284501.916242,6941,15,1
2,Payment,1772284501.916558,11773,23,1
2,Payment,1772284501.916608,18427,22,1
4,Delivery,1772284501.917232,14131,6,1
2,Payment,1772284501.917607,21998,1,1
2,Payment,1772284501.918134,33573,10,1
1,NewOrder,1772284501.918704,13661,16,1
2,Payment,1772284501.918753,28417,0,1
1,NewOrder,1772284501.919529,21565,4,1
2,Payment,1772284501.920519,19260,20,1
2,Payment,1772284501.923208,3734,15,1
1,NewOrder,1772284501.923252,11487,12,1
1,NewOrder,1772284501.923744,12156,19,1
2,Payment,1772284501.925112,20746,21,1
3,OrderStatus,1772284501.926164,8667,2,1
1,NewOrder,1772284501.926966,8081,15,1
2,Payment,1772284501.927822,34631,8,1
1,NewOrder,1772284501.928351,22351,23,1
1,NewOrder,1772284501.928440,20635,14,1
2,Payment,1772284501.928781,3006,17,1
1,NewOrder,1772284501.929679,19032,18,1
2,Payment,1772284501.931388,36684,6,1
2,Payment,1772284501.931805,7289,17,1
1,NewOrder,1772284501.932380,11570,16,1
2,Payment,1772284501.933576,20488,3,1
2,Payment,1772284501.934287,38976,11,1
1,NewOrder,1772284501.934762,9608,12,1
2,Payment,1772284501.934848,27254,2,1
2,Payment,1772284501.935061,23578,22,1
1,NewOrder,1772284501.935075,8314,15,1
1,NewOrder,1772284501.935915,38041,19,1
1,NewOrder,1772284501.939115,13306,17,1
1,NewOrder,1772284501.939542,22515,5,1
5,StockLevel,1772284501.939626,25566,1,1
2,Payment,1772284501.939801,28437,20,1
2,Payment,1772284501.939927,40242,9,1
4,Delivery,1772284501.940754,10974,13,1
2,Payment,1772284501.941107,26788,4,1
1,NewOrder,1772284501.943415,18634,15,1
2,Payment,1772284501.943972,3609,16,1
1,NewOrder,1772284501.944390,13550,12,1
1,NewOrder,1772284501.944878,24005,7,1
1,NewOrder,1772284501.945874,26555,21,1
1,NewOrder,1772284501.947188,25611,0,1
1,NewOrder,1772284501.947591,16073,16,1
1,NewOrder,1772284501.948726,8058,18,1
1,NewOrder,1772284501.949090,9196,14,1
2,Payment,1772284501.950736,10865,23,1
1,NewOrder,1772284501.951726,25197,10,1
2,Payment,1772284501.951745,9894,13,1
1,NewOrder,1772284501.952449,6145,17,1
2,Payment,1772284501.954081,19330,3,1
2,Payment,1772284501.956800,20097,18,1
1,NewOrder,1772284501.957956,9015,12,1
1,NewOrder,1772284501.958306,9243,14,1
1,NewOrder,1772284501.958606,8850,17,1
2,Payment,1772284501.958651,27813,22,1
2,Payment,1772284501.961613,30809,23,1
4,Delivery,1772284501.961665,15285,13,1
3,OrderStatus,1772284501.962079,6555,5,1
2,Payment,1772284501.962079,10235,15,1
1,NewOrder,1772284501.962122,20000,2,1
2,Payment,1772284501.962486,25818,8,1
2,Payment,1772284501.963675,13536,16,1
3,OrderStatus,1772284501.965229,6521,1,1
1,NewOrder,1772284501.966984,31246,12,1
1,NewOrder,1772284501.967470,10868,17,1
1,NewOrder,1772284501.967572,13115,14,1
4,Delivery,1772284501.967915,21631,4,1
2,Payment,1772284501.968098,26250,6,1
2,Payment,1772284501.968265,32442,20,1
4,Delivery,1772284501.968655,20481,5,1
2,Payment,1772284501.968905,31903,7,1
1,NewOrder,1772284501.971778,9898,1,1
1,NewOrder,1772284501.972340,32316,15,1
1,NewOrder,1772284501.972453,32586,21,1
1,NewOrder,1772284501.972820,27488,0,1
2,Payment,1772284501.973277,32907,11,1
1,NewOrder,1772284501.973431,35592,3,1
1,NewOrder,1772284501.973981,7381,19,1
2,Payment,1772284501.976910,31134,18,1
1,NewOrder,1772284501.976939,25351,10,1
2,Payment,1772284501.976975,11854,13,1
1,NewOrder,1772284501.977238,32392,16,1
3,OrderStatus,1772284501.978356,8565,17,1
1,NewOrder,1772284501.980183,29504,9,1
1,NewOrder,1772284501.980705,24308,14,1
2,Payment,1772284501.981384,14218,19,1
1,NewOrder,1772284501.981708,3779,1,1
1,NewOrder,1772284501.982154,10585,2,1
2,Payment,1772284501.985500,3193,1,1
2,Payment,1772284501.986484,32932,22,1
1,NewOrder,1772284501.986937,24172,17,1
1,NewOrder,1772284501.988330,21418,8,1
1,NewOrder,1772284501.988708,17877,1,1
1,NewOrder,1772284501.988841,21216,13,1
1,NewOrder,1772284501.989151,11627,5,1
1,NewOrder,1772284501.989565,38848,4,1
2,Payment,1772284501.992448,32718,23,1
2,Payment,1772284501.992756,4155,2,1
2,Payment,1772284501.994366,20013,6,1
1,NewOrder,1772284501.995628,21313,19,1
4,Delivery,1772284501.996928,24998,2,1
2,Payment,1772284501.998246,6751,12,1
4,Delivery,1772284502.000336,22080,0,1
2,Payment,1772284502.000727,33213,20,1
2,Payment,1772284502.000799,6547,5,1
1,NewOrder,1772284502.000834,35106,7,1
2,Payment,1772284502.002312,17219,10,1
2,Payment,1772284502.004679,20884,15,1
1,NewOrder,1772284502.005024,40320,12,1
2,Payment,1772284502.005040,13941,14,1
4,Delivery,1772284502.005067,43676,21,1
1,NewOrder,1772284502.006205,25423,11,1
1,NewOrder,1772284502.006601,19015,1,1
2,Payment,1772284502.007373,4861,5,1
1,NewOrder,1772284502.008071,30043,18,1
2,Payment,1772284502.009050,6074,3,1
2,Payment,1772284502.009643,21219,16,1
1,NewOrder,1772284502.009738,11663,9,1
2,Payment,1772284502.009775,14773,8,1
1,NewOrder,1772284502.010068,7881,13,1
1,NewOrder,1772284502.011135,9262,17,1
2,Payment,1772284502.012260,7513,5,1
2,Payment,1772284502.014405,17813,6,1
1,NewOrder,1772284502.015150,12638,3,1
1,NewOrder,1772284502.016957,20219,19,1
1,NewOrder,1772284502.017974,17389,13,1
2,Payment,1772284502.019008,19793,14,1
1,NewOrder,1772284502.019436,24575,22,1
1,NewOrder,1772284502.019555,35628,10,1
1,NewOrder,1772284502.019787,18361,5,1
1,NewOrder,1772284502.020412,15920,17,1
1,NewOrder,1772284502.021425,22047,9,1
1,NewOrder,1772284502.021951,21550,2,1
1,NewOrder,1772284502.022438,21958,0,1
2,Payment,1772284502.024561,18425,8,1
1,NewOrder,1772284502.025193,31218,23,1
1,NewOrder,1772284502.025576,33655,15,1
2,Payment,1772284502.025642,7387,1,1
1,NewOrder,1772284502.027815,15589,3,1
2,Payment,1772284502.028427,14966,4,1
2,Payment,1772284502.030879,12624,16,1
1,NewOrder,1772284502.031654,23567,11,1
1,NewOrder,1772284502.032244,33048,6,1
5,StockLevel,1772284502.033047,18867,1,1
1,NewOrder,1772284502.033960,23870,20,1
2,Payment,1772284502.035389,14366,13,1
1,NewOrder,1772284502.035955,46352,7,1
1,NewOrder,1772284502.036357,23559,17,1
2,Payment,1772284502.037202,7129,19,1
4,Delivery,1772284502.038131,11092,18,1
2,Payment,1772284502.038174,11034,5,1
2,Payment,1772284502.038822,20728,14,1
1,NewOrder,1772284502.043010,29541,8,1
1,NewOrder,1772284502.043410,31458,4,1
1,NewOrder,1772284502.043431,25783,3,1
1,NewOrder,1772284502.043489,43208,9,1
4,Delivery,1772284502.043520,25717,2,1
4,Delivery,1772284502.043530,62549,16,1
1,NewOrder,1772284502.044027,24817,22,1
1,NewOrder,1772284502.044361,42252,19,1
5,StockLevel,1772284502.044416,14829,0,1
1,NewOrder,1772284502.045371,28598,12,1
2,Payment,1772284502.048756,7279,21,1
1,NewOrder,1772284502.049236,29750,5,1
2,Payment,1772284502.049243,15381,18,1
1,NewOrder,1772284502.049781,23847,13,1
1,NewOrder,1772284502.051940,20657,1,1
1,NewOrder,1772284502.055203,17936,10,1
1,NewOrder,1772284502.055247,38436,11,1
1,NewOrder,1772284502.056056,19719,21,1
2,Payment,1772284502.056425,14979,23,1
1,NewOrder,1772284502.057857,20219,20,1
1,NewOrder,1772284502.059258,16219,15,1
4,Delivery,1772284502.059261,10537,0,1
2,Payment,1772284502.059577,9611,14,1
2,Payment,1772284502.059942,20130,17,1
1,NewOrder,1772284502.064647,31561,18,1
1,NewOrder,1772284502.065310,21801,6,1
2,Payment,1772284502.068861,9997,22,1
5,StockLevel,1772284502.069213,27181,14,1
5,StockLevel,1772284502.069235,15048,3,1
1,NewOrder,1772284502.069249,22390,2,1
2,Payment,1772284502.069817,6726,0,1
2,Payment,1772284502.071426,10934,23,1
2,Payment,1772284502.072574,5177,8,1
3,OrderStatus,1772284502.072613,3854,1,1
2,Payment,1772284502.073165,7655,10,1
1,NewOrder,1772284502.073656,29114,13,1
2,Payment,1772284502.073995,15271,12,1
1,NewOrder,1772284502.074884,21968,4,1
2,Payment,1772284502.075504,24126,15,1
1,NewOrder,1772284502.075789,34822,21,1
2,Payment,1772284502.076491,2520,1,1
2,Payment,1772284502.076558,6693,0,1
2,Payment,1772284502.077774,6546,8,1
2,Payment,1772284502.078103,10397,20,1
2,Payment,1772284502.078884,15597,22,1
2,Payment,1772284502.079012,9185,5,1
1,NewOrder,1772284502.079029,7605,1,1
2,Payment,1772284502.080098,14244,17,1
1,NewOrder,1772284502.080847,16534,10,1
4,Delivery,1772284502.082323,20416,7,1
2,Payment,1772284502.082384,16981,23,1
2,Payment,1772284502.083279,9285,0,1
5,StockLevel,1772284502.084302,14362,3,1
2,Payment,1772284502.084337,3359,8,1
2,Payment,1772284502.086635,17766,19,1
2,Payment,1772284502.086653,9875,1,1
2,Payment,1772284502.086712,5354,9,1
1,NewOrder,1772284502.087135,18542,6,1
2,Payment,1772284502.087707,8855,8,1
1,NewOrder,1772284502.088216,18558,5,1
2,Payment,1772284502.088519,22762,20,1
1,NewOrder,1772284502.089279,27322,12,1
1,NewOrder,1772284502.091668,19570,2,1
2,Payment,1772284502.092086,9114,9,1
1,NewOrder,1772284502.092590,35018,0,1
1,NewOrder,1772284502.093710,17502,11,1
1,NewOrder,1772284502.094362,18077,17,1
1,NewOrder,1772284502.094500,30348,22,1
3,OrderStatus,1772284502.096233,6231,18,1
2,Payment,1772284502.096421,8344,14,1
2,Payment,1772284502.096544,5830,1,1
1,NewOrder,1772284502.096589,31388,8,1
1,NewOrder,1772284502.096867,16524,4,1
2,Payment,1772284502.097389,13276,10,1
1,NewOrder,1772284502.098681,28605,3,1
2,Payment,1772284502.099380,16680,23,1
1,NewOrder,1772284502.099648,21794,15,1
1,NewOrder,1772284502.101220,32216,9,1
2,Payment,1772284502.102390,7437,1,1
2,Payment,1772284502.102487,24756,18,1
1,NewOrder,1772284502.102753,61419,7,1
1,NewOrder,1772284502.102785,30283,13,1
3,OrderStatus,1772284502.104422,7598,19,1
2,Payment,1772284502.104782,11461,14,1
2,Payment,1772284502.105717,10182,6,1
2,Payment,1772284502.106093,21875,16,1
2,Payment,1772284502.106801,10974,5,1
1,NewOrder,1772284502.109854,25835,1,1
3,OrderStatus,1772284502.110630,4168,21,1
2,Payment,1772284502.110686,12018,10,1
1,NewOrder,1772284502.111232,12314,11,1
1,NewOrder,1772284502.111255,10965,2,1
2,Payment,1772284502.111295,22588,20,1
1,NewOrder,1772284502.112042,26931,19,1
2,Payment,1772284502.112464,23219,17,1
3,OrderStatus,1772284502.113404,3857,4,1
1,NewOrder,1772284502.114816,12070,21,1
5,StockLevel,1772284502.115909,20448,6,1
1,NewOrder,1772284502.116080,40442,23,1
1,NewOrder,1772284502.116257,45382,14,1
2,Payment,1772284502.116618,20419,12,1
3,OrderStatus,1772284502.117281,3604,4,1
1,NewOrder,1772284502.117788,31626,5,1
2,Payment,1772284502.120902,3287,4,1
1,NewOrder,1772284502.121471,12361,15,1
1,NewOrder,1772284502.122237,14825,2,1
2,Payment,1772284502.122731,6616,10,1
1,NewOrder,1772284502.123562,12503,11,1
1,NewOrder,1772284502.124209,43440,4,1
1,NewOrder,1772284502.124875,32356,22,1
2,Payment,1772284502.126909,9645,21,1
2,Payment,1772284502.127269,14412,18,1
2,Payment,1772284502.127305,7016,3,1
2,Payment,1772284502.127636,15980,0,1
1,NewOrder,1772284502.127994,27308,8,1
1,NewOrder,1772284502.128005,30373,16,1
1,NewOrder,1772284502.129366,17657,10,1
1,NewOrder,1772284502.133085,35509,13,1
1,NewOrder,1772284502.133447,21831,9,1
5,StockLevel,1772284502.133859,25462,15,1
5,StockLevel,1772284502.133908,24381,20,1
1,NewOrder,1772284502.134356,23434,3,1
5,StockLevel,1772284502.135695,27881,17,1
1,NewOrder,1772284502.135722,25263,1,1
1,NewOrder,1772284502.136082,11502,11,1
1,NewOrder,1772284502.136368,22491,6,1
1,NewOrder,1772284502.136571,27551,21,1
2,Payment,1772284502.137055,2942,12,1
2,Payment,1772284502.137085,9210,2,1
2,Payment,1772284502.138996,8645,19,1
2,Payment,1772284502.140017,3154,12,1
2,Payment,1772284502.141725,10141,18,1
1,NewOrder,1772284502.143188,21012,12,1
2,Payment,1772284502.143627,7101,0,1
5,StockLevel,1772284502.146323,15655,2,1
2,Payment,1772284502.147059,5564,10,1
1,NewOrder,1772284502.147601,26877,11,1
2,Payment,1772284502.147663,8440,19,1
1,NewOrder,1772284502.149428,19321,5,1
1,NewOrder,1772284502.150739,32754,0,1
2,Payment,1772284502.151892,9602,18,1
1,NewOrder,1772284502.152649,23366,10,1
2,Payment,1772284502.155307,24699,9,1
1,NewOrder,1772284502.155330,32130,8,1
1,NewOrder,1772284502.156130,16788,19,1
1,NewOrder,1772284502.156538,45661,23,1
2,Payment,1772284502.157258,10917,22,1
1,NewOrder,1772284502.157810,17003,3,1
1,NewOrder,1772284502.158315,37253,20,1
1,NewOrder,1772284502.158390,17717,16,1
1,NewOrder,1772284502.158873,41097,6,1
4,Delivery,1772284502.159348,24451,15,1
1,NewOrder,1772284502.160997,18651,1,1
2,Payment,1772284502.161511,14871,18,1
1,NewOrder,1772284502.161653,23257,14,1
2,Payment,1772284502.161990,7115,2,1
3,OrderStatus,1772284502.163609,9805,17,1
4,Delivery,1772284502.164146,38535,21,1
1,NewOrder,1772284502.164190,43929,7,1
1,NewOrder,1772284502.164209,24651,12,1
1,NewOrder,1772284502.167663,12402,4,1
1,NewOrder,1772284502.168201,18116,22,1
1,NewOrder,1772284502.168619,15723,13,1
2,Payment,1772284502.168766,6020,5,1
5,StockLevel,1772284502.169131,16653,2,1
2,Payment,1772284502.172939,9125,19,1
2,Payment,1772284502.173440,18598,17,1
1,NewOrder,1772284502.174494,30420,11,1
3,OrderStatus,1772284502.174804,14375,5,1
3,OrderStatus,1772284502.174830,15806,3,1
2,Payment,1772284502.176027,10337,10,1
1,NewOrder,1772284502.176125,26585,16,1
2,Payment,1772284502.176392,14958,18,1
4,Delivery,1772284502.179666,40360,1,1
5,StockLevel,1772284502.180015,28188,9,1
2,Payment,1772284502.180087,3759,4,1
2,Payment,1772284502.182082,13974,19,1
1,NewOrder,1772284502.183514,31838,0,1
2,Payment,1772284502.183811,10357,15,1
4,Delivery,1772284502.183873,36566,4,1
1,NewOrder,1772284502.184368,6823,13,1
2,Payment,1772284502.184937,11587,14,1
2,Payment,1772284502.185799,2572,2,1
2,Payment,1772284502.186332,14532,22,1
2,Payment,1772284502.186383,5267,10,1
2,Payment,1772284502.187477,10067,8,1
5,StockLevel,1772284502.188398,2738,2,1
2,Payment,1772284502.188886,19615,12,1
1,NewOrder,1772284502.189190,17708,5,1
1,NewOrder,1772284502.190662,32654,3,1
2,Payment,1772284502.191153,4002,2,1
2,Payment,1772284502.191206,21624,13,1
1,NewOrder,1772284502.191368,27779,18,1
1,NewOrder,1772284502.191661,35089,10,1
3,OrderStatus,1772284502.192047,5822,17,1
2,Payment,1772284502.194181,6255,15,1
2,Payment,1772284502.195181,8355,2,1
1,NewOrder,1772284502.195590,27764,20,1
1,NewOrder,1772284502.196082,23494,19,1
1,NewOrder,1772284502.196538,26844,14,1
1,NewOrder,1772284502.197571,30272,8,1
2,Payment,1772284502.197886,26410,17,1
2,Payment,1772284502.199988,8469,6,1
1,NewOrder,1772284502.200464,13877,15,1
2,Payment,1772284502.200880,4507,22,1
1,NewOrder,1772284502.202221,21158,23,1
1,NewOrder,1772284502.202697,34555,21,1
1,NewOrder,1772284502.202736,29561,16,1
2,Payment,1772284502.203548,9029,2,1
1,NewOrder,1772284502.204935,27346,11,1
2,Payment,1772284502.205399,5402,22,1
2,Payment,1772284502.206918,11775,5,1
2,Payment,1772284502.208141,6259,7,1
1,NewOrder,1772284502.208221,26735,9,1
1,NewOrder,1772284502.208468,27143,6,1
1,NewOrder,1772284502.208516,25040,12,1
2,Payment,1772284502.210816,6747,22,1
2,Payment,1772284502.212592,11234,2,1
1,NewOrder,1772284502.212854,19935,13,1
2,Payment,1772284502.214356,13964,15,1
1,NewOrder,1772284502.214423,24064,7,1
4,Delivery,1772284502.215379,4999,0,1
2,Payment,1772284502.217590,7123,22,1
1,NewOrder,1772284502.218715,30122,5,1
2,Payment,1772284502.219167,12704,18,1
1,NewOrder,1772284502.219603,25347,19,1
2,Payment,1772284502.220054,16452,1,1
2,Payment,1772284502.220392,27816,0,1
1,NewOrder,1772284502.220461,20592,4,1
2,Payment,1772284502.223334,33687,3,1
1,NewOrder,1772284502.223375,17623,20,1
1,NewOrder,1772284502.223411,13629,14,1
2,Payment,1772284502.223417,17377,23,1
2,Payment,1772284502.223841,41558,2,1
1,NewOrder,1772284502.224307,12667,17,1
2,Payment,1772284502.224742,22315,22,1
1,NewOrder,1772284502.226776,15745,10,1
4,Delivery,1772284502.227859,23647,8,1
1,NewOrder,1772284502.228336,19522,15,1
2,Payment,1772284502.231897,19660,18,1
1,NewOrder,1772284502.232299,27083,11,1
2,Payment,1772284502.232325,13206,16,1
2,Payment,1772284502.232808,18028,13,1
2,Payment,1772284502.233573,29460,12,1
5,StockLevel,1772284502.234982,16565,9,1
1,NewOrder,1772284502.235638,23796,6,1
5,StockLevel,1772284502.236521,18578,1,1
2,Payment,1772284502.236995,18250,17,1
1,NewOrder,1772284502.237067,22344,14,1
1,NewOrder,1772284502.237264,10961,21,1
2,Payment,1772284502.238514,2510,7,1
5,StockLevel,1772284502.240820,18264,23,1
2,Payment,1772284502.241014,13734,20,1
2,Payment,1772284502.241043,3316,7,1
1,NewOrder,1772284502.241077,6416,4,1
2,Payment,1772284502.242534,3953,10,1
2,Payment,1772284502.244386,6722,7,1
2,Payment,1772284502.244978,14077,19,1
1,NewOrder,1772284502.245548,21101,16,1
5,StockLevel,1772284502.246508,23721,10,1
1,NewOrder,1772284502.247079,26059,22,1
2,Payment,1772284502.247508,25504,4,1
1,NewOrder,1772284502.247874,32972,15,1
1,NewOrder,1772284502.248229,28151,0,1
3,OrderStatus,1772284502.248250,6253,21,1
2,Payment,1772284502.248853,29078,5,1
2,Payment,1772284502.250850,22325,13,1
1,NewOrder,1772284502.251121,34654,7,1
2,Payment,1772284502.251528,7900,8,1
4,Delivery,1772284502.251573,16429,9,1
1,NewOrder,1772284502.251573,18649,18,1
2,Payment,1772284502.254523,15344,21,1
3,OrderStatus,1772284502.254774,4390,20,1
1,NewOrder,1772284502.255113,12626,1,1
2,Payment,1772284502.255266,25143,17,1
3,OrderStatus,1772284502.257047,11635,3,1
3,OrderStatus,1772284502.259076,6450,19,1
1,NewOrder,1772284502.259106,8932,23,1
4,Delivery,1772284502.259186,34261,20,1
1,NewOrder,1772284502.259410,34008,11,1
1,NewOrder,1772284502.259428,15531,14,1
2,Payment,1772284502.259443,12164,8,1
2,Payment,1772284502.259461,3935,6,1
1,NewOrder,1772284502.263059,12432,12,1
5,StockLevel,1772284502.263419,22609,6,1
1,NewOrder,1772284502.265415,27629,2,1
4,Delivery,1772284502.265551,28364,19,1
2,Payment,1772284502.266661,17938,16,1
2,Payment,1772284502.267766,13043,1,1
3,OrderStatus,1772284502.268021,894,9,1
2,Payment,1772284502.268066,5065,23,1
1,NewOrder,1772284502.268705,21296,3,1
2,Payment,1772284502.268932,4886,9,1
1,NewOrder,1772284502.269884,31314,21,1
2,Payment,1772284502.270245,6939,10,1
5,StockLevel,1772284502.270251,6264,18,1
1,NewOrder,1772284502.271623,28693,8,1
2,Payment,1772284502.273024,14797,4,1
1,NewOrder,1772284502.273156,19498,23,1
5,StockLevel,1772284502.273159,18895,22,1
1,NewOrder,1772284502.273187,24806,13,1
2,Payment,1772284502.273831,6959,9,1
2,Payment,1772284502.274971,13953,14,1
2,Payment,1772284502.275518,17998,12,1
1,NewOrder,1772284502.276405,25611,0,1
2,Payment,1772284502.276542,4205,18,1
4,Delivery,1772284502.277206,61761,10,1
1,NewOrder,1772284502.277946,34297,5,1
1,NewOrder,1772284502.280436,31204,17,1
1,NewOrder,1772284502.280767,32795,18,1
2,Payment,1772284502.280816,4579,9,1
5,StockLevel,1772284502.280828,11624,1,1
1,NewOrder,1772284502.280865,48179,15,1
2,Payment,1772284502.284617,15512,16,1
2,Payment,1772284502.285418,5462,9,1
1,NewOrder,1772284502.285802,49690,7,1
2,Payment,1772284502.286056,16319,6,1
1,NewOrder,1772284502.287837,40486,4,1
2,Payment,1772284502.288941,16933,14,1
1,NewOrder,1772284502.290017,10781,3,1
2,Payment,1772284502.290906,15522,9,1
1,NewOrder,1772284502.292079,9126,22,1
1,NewOrder,1772284502.292478,48922,1,1
1,NewOrder,1772284502.292672,26519,23,1
2,Payment,1772284502.293059,15698,2,1
1,NewOrder,1772284502.293439,41122,11,1
1,NewOrder,1772284502.293461,38066,20,1
1,NewOrder,1772284502.293529,42567,12,1
1,NewOrder,1772284502.293937,30777,19,1
1,NewOrder,1772284502.298004,14150,13,1
1,NewOrder,1772284502.300152,35613,16,1
2,Payment,1772284502.300328,22513,8,1
1,NewOrder,1772284502.300820,8326,3,1
2,Payment,1772284502.301229,5126,21,1
2,Payment,1772284502.301229,2835,22,1
1,NewOrder,1772284502.302028,8308,0,1
2,Payment,1772284502.302389,18297,6,1
2,Payment,1772284502.304094,5076,22,1
1,NewOrder,1772284502.305889,31751,14,1
1,NewOrder,1772284502.306365,14640,21,1
1,NewOrder,1772284502.306455,35371,9,1
2,Payment,1772284502.308782,7238,2,1
2,Payment,1772284502.309164,3017,3,1
1,NewOrder,1772284502.309189,5833,22,1
2,Payment,1772284502.310354,8872,0,1
2,Payment,1772284502.311667,10826,17,1
1,NewOrder,1772284502.312187,26818,13,1
1,NewOrder,1772284502.312198,8779,3,1
1,NewOrder,1772284502.312265,32802,5,1
2,Payment,1772284502.313588,11680,18,1
1,NewOrder,1772284502.315048,7816,22,1
2,Payment,1772284502.316037,6786,2,1
1,NewOrder,1772284502.319209,31694,23,1
2,Payment,1772284502.319245,6560,0,1
1,NewOrder,1772284502.320707,28198,6,1
2,Payment,1772284502.320994,7703,3,1
1,NewOrder,1772284502.321024,15045,21,1
3,OrderStatus,1772284502.322509,6988,17,1
1,NewOrder,1772284502.322851,15741,2,1
2,Payment,1772284502.322862,3530,8,1
1,NewOrder,1772284502.322880,17833,22,1
2,Payment,1772284502.324734,10733,19,1
1,NewOrder,1772284502.325287,29061,18,1
1,NewOrder,1772284502.325820,15621,0,1
2,Payment,1772284502.326402,3475,8,1
4,Delivery,1772284502.328342,45870,4,1
2,Payment,1772284502.328715,4352,3,1
2,Payment,1772284502.329071,8235,15,1
2,Payment,1772284502.329517,16861,17,1
1,NewOrder,1772284502.329890,29794,8,1
1,NewOrder,1772284502.331548,28639,20,1
1,NewOrder,1772284502.333086,23735,3,1
1,NewOrder,1772284502.334588,25039,11,1
2,Payment,1772284502.335488,9607,19,1
2,Payment,1772284502.335509,16710,7,1
4,Delivery,1772284502.335779,71667,16,1
1,NewOrder,1772284502.336096,23061,21,1
2,Payment,1772284502.336111,17753,12,1
2,Payment,1772284502.337319,33672,15,1
2,Payment,1772284502.337659,25505,14,1
2,Payment,1772284502.338611,6091,2,1
1,NewOrder,1772284502.338985,28477,10,1
2,Payment,1772284502.339018,41863,13,1
1,NewOrder,1772284502.340727,22251,22,1
1,NewOrder,1772284502.341415,12640,1,1
1,NewOrder,1772284502.341468,21061,0,1
1,NewOrder,1772284502.341842,10172,9,1
2,Payment,1772284502.344729,7891,2,1
2,Payment,1772284502.345083,14628,5,1
2,Payment,1772284502.345110,9153,19,1
2,Payment,1772284502.346390,42142,17,1
2,Payment,1772284502.348939,9061,6,1
2,Payment,1772284502.350922,14765,23,1
1,NewOrder,1772284502.352035,15812,9,1
2,Payment,1772284502.352245,10704,7,1
1,NewOrder,1772284502.352639,8109,2,1
1,NewOrder,1772284502.353880,46868,12,1
1,NewOrder,1772284502.354065,19153,1,1
5,StockLevel,1772284502.354283,27007,19,1
1,NewOrder,1772284502.354364,23512,18,1
4,Delivery,1772284502.356847,17827,3,1
2,Payment,1772284502.358012,13444,6,1
2,Payment,1772284502.359176,13681,21,1
1,NewOrder,1772284502.359653,15238,11,1
2,Payment,1772284502.359702,20636,8,1
2,Payment,1772284502.359728,4233,5,1
1,NewOrder,1772284502.360214,15020,20,1
1,NewOrder,1772284502.360757,7920,2,1
2,Payment,1772284502.362545,4290,0,1
1,NewOrder,1772284502.362964,32209,7,1
1,NewOrder,1772284502.363000,26376,22,1
2,Payment,1772284502.363177,32982,14,1
2,Payment,1772284502.363974,6210,5,1
1,NewOrder,1772284502.365730,22778,23,1
2,Payment,1772284502.366849,6415,0,1
3,OrderStatus,1772284502.367474,3292,10,1
2,Payment,1772284502.367870,19934,9,1
2,Payment,1772284502.368690,14108,2,1
2,Payment,1772284502.370199,19841,5,1
1,NewOrder,1772284502.370777,10587,10,1
1,NewOrder,1772284502.371007,47847,15,1
2,Payment,1772284502.371474,20418,6,1
3,OrderStatus,1772284502.372870,11718,21,1
1,NewOrder,1772284502.373237,40183,1,1
1,NewOrder,1772284502.373277,28314,0,1
2,Payment,1772284502.374225,23944,4,1
1,NewOrder,1772284502.374690,6651,3,1
1,NewOrder,1772284502.374908,8245,11,1
1,NewOrder,1772284502.375256,5680,20,1
1,NewOrder,1772284502.377899,29228,18,1
1,NewOrder,1772284502.380354,45053,8,1
2,Payment,1772284502.380904,26251,13,1
4,Delivery,1772284502.380963,11241,20,1
2,Payment,1772284502.381309,8726,19,1
1,NewOrder,1772284502.381367,8292,3,1
1,NewOrder,1772284502.381378,8350,10,1
2,Payment,1772284502.382811,22436,2,1
1,NewOrder,1772284502.383169,9056,11,1
2,Payment,1772284502.384609,10980,21,1
1,NewOrder,1772284502.387817,19280,9,1
1,NewOrder,1772284502.388529,29229,23,1
5,StockLevel,1772284502.388553,26187,17,1
1,NewOrder,1772284502.389391,30033,22,1
1,NewOrder,1772284502.389669,8071,3,1
2,Payment,1772284502.389745,5799,10,1
1,NewOrder,1772284502.390050,24521,19,1
1,NewOrder,1772284502.390059,37033,5,1
1,NewOrder,1772284502.391905,27477,6,1
2,Payment,1772284502.392221,6282,20,1
1,NewOrder,1772284502.392237,14793,11,1
2,Payment,1772284502.395187,13737,7,1
3,OrderStatus,1772284502.395560,2621,10,1
2,Payment,1772284502.395615,8313,21,1
1,NewOrder,1772284502.396172,33650,14,1
1,NewOrder,1772284502.397764,16178,3,1
1,NewOrder,1772284502.398189,29726,4,1
1,NewOrder,1772284502.398199,19201,10,1
2,Payment,1772284502.398523,8892,20,1
1,NewOrder,1772284502.400763,26353,12,1
1,NewOrder,1772284502.401610,27391,0,1
1,NewOrder,1772284502.403942,30412,21,1
2,Payment,1772284502.405268,7582,2,1
2,Payment,1772284502.407047,11150,11,1
2,Payment,1772284502.407113,7913,9,1
1,NewOrder,1772284502.407153,37611,18,1
5,StockLevel,1772284502.407170,17841,13,1
2,Payment,1772284502.407433,4465,20,1
1,NewOrder,1772284502.407468,24192,16,1
2,Payment,1772284502.408943,17398,7,1
2,Payment,1772284502.411924,3351,20,1
3,OrderStatus,1772284502.412865,10021,2,1
2,Payment,1772284502.413438,7390,1,1
2,Payment,1772284502.413965,10479,3,1
2,Payment,1772284502.414591,11914,19,1
2,Payment,1772284502.414754,7961,17,1
1,NewOrder,1772284502.415039,24090,9,1
1,NewOrder,1772284502.415288,16331,20,1
1,NewOrder,1772284502.417427,22123,10,1
2,Payment,1772284502.417770,17498,23,1
4,Delivery,1772284502.418213,27191,11,1
2,Payment,1772284502.418866,7883,15,1
2,Payment,1772284502.419396,15008,6,1
1,NewOrder,1772284502.419452,9359,22,1
1,NewOrder,1772284502.420846,10426,1,1
2,Payment,1772284502.422736,11148,17,1
2,Payment,1772284502.422899,12016,2,1
1,NewOrder,1772284502.424468,10222,3,1
4,Delivery,1772284502.425032,20899,13,1
2,Payment,1772284502.425420,15265,8,1
2,Payment,1772284502.426355,19601,7,1
2,Payment,1772284502.426518,13793,19,1
2,Payment,1772284502.426768,14020,15,1
2,Payment,1772284502.427105,13530,5,1
3,OrderStatus,1772284502.427129,8325,12,1
2,Payment,1772284502.427925,19645,4,1
2,Payment,1772284502.428830,13981,22,1
2,Payment,1772284502.429013,15030,0,1
2,Payment,1772284502.429832,13743,14,1
2,Payment,1772284502.431287,20459,1,1
1,NewOrder,1772284502.431646,10785,20,1
2,Payment,1772284502.431684,20544,16,1
1,NewOrder,1772284502.433903,26446,17,1
1,NewOrder,1772284502.434373,26674,21,1
2,Payment,1772284502.434416,19217,6,1
1,NewOrder,1772284502.434706,9474,3,1
1,NewOrder,1772284502.434928,33204,2,1
1,NewOrder,1772284502.435280,24348,23,1
2,Payment,1772284502.435471,21598,12,1
1,NewOrder,1772284502.439147,30209,9,1
1,NewOrder,1772284502.439566,24554,10,1
1,NewOrder,1772284502.440334,17655,19,1
2,Payment,1772284502.440661,16043,5,1
1,NewOrder,1772284502.440707,15469,8,1
2,Payment,1772284502.440804,25105,15,1
4,Delivery,1772284502.442452,23787,20,1
1,NewOrder,1772284502.442823,16825,22,1
1,NewOrder,1772284502.443599,20868,14,1
1,NewOrder,1772284502.444054,15540,0,1
2,Payment,1772284502.444196,25489,3,1
2,Payment,1772284502.444776,6932,18,1
1,NewOrder,1772284502.445422,16379,11,1
2,Payment,1772284502.445949,26717,13,1
2,Payment,1772284502.445980,11554,7,1
5,StockLevel,1772284502.447585,15165,4,1
2,Payment,1772284502.451723,9749,18,1
2,Payment,1772284502.451763,24399,1,1
2,Payment,1772284502.452239,23763,16,1
1,NewOrder,1772284502.453643,12993,6,1
2,Payment,1772284502.456195,6264,8,1
2,Payment,1772284502.456729,24563,5,1
2,Payment,1772284502.457088,33424,12,1
1,NewOrder,1772284502.457565,19911,7,1
2,Payment,1772284502.458010,12986,19,1
1,NewOrder,1772284502.459605,9372,0,1
2,Payment,1772284502.459652,14610,23,1
1,NewOrder,1772284502.459674,6537,22,1
1,NewOrder,1772284502.460377,15283,17,1
1,NewOrder,1772284502.461062,19791,21,1
1,NewOrder,1772284502.461486,11140,18,1
1,NewOrder,1772284502.461813,45424,11,1
2,Payment,1772284502.462480,6144,8,1
2,Payment,1772284502.462784,24133,4,1
1,NewOrder,1772284502.464146,12261,10,1
2,Payment,1772284502.464480,17675,14,1
3,OrderStatus,1772284502.465922,8717,15,1
2,Payment,1772284502.466225,18033,22,1
2,Payment,1772284502.466258,10222,20,1
2,Payment,1772284502.466651,5001,6,1
2,Payment,1772284502.468147,28065,2,1
1,NewOrder,1772284502.468638,16168,8,1
1,NewOrder,1772284502.468988,17333,0,1
2,Payment,1772284502.469375,7400,9,1
2,Payment,1772284502.469726,32264,3,1
4,Delivery,1772284502.471022,8795,19,1
1,NewOrder,1772284502.471682,17251,6,1
2,Payment,1772284502.472641,23432,18,1
2,Payment,1772284502.472684,24419,13,1
2,Payment,1772284502.474277,29145,23,1
2,Payment,1772284502.474660,35012,15,1
2,Payment,1772284502.475697,27282,17,1
2,Payment,1772284502.476022,45666,16,1
1,NewOrder,1772284502.476175,21095,1,1
1,NewOrder,1772284502.476421,9517,10,1
2,Payment,1772284502.476497,11952,20,1
2,Payment,1772284502.476789,7644,9,1
1,NewOrder,1772284502.477497,30527,7,1
1,NewOrder,1772284502.479830,8561,19,1
1,NewOrder,1772284502.480864,7985,21,1
1,NewOrder,1772284502.481316,25846,5,1
1,NewOrder,1772284502.482168,26594,14,1
2,Payment,1772284502.484278,23097,22,1
1,NewOrder,1772284502.484447,31656,9,1
1,NewOrder,1772284502.484833,16645,8,1
2,Payment,1772284502.485952,2096,10,1
1,NewOrder,1772284502.486348,13134,0,1
1,NewOrder,1772284502.486936,25495,4,1
2,Payment,1772284502.488063,2336,10,1
1,NewOrder,1772284502.488409,8529,19,1
2,Payment,1772284502.488465,24918,20,1
1,NewOrder,1772284502.488863,8993,21,1
1,NewOrder,1772284502.488957,20804,6,1
4,Delivery,1772284502.490421,11543,10,1
1,NewOrder,1772284502.490526,20898,12,1
2,Payment,1772284502.496087,23683,18,1
1,NewOrder,1772284502.496232,16229,2,1
2,Payment,1772284502.496951,31505,19,1
2,Payment,1772284502.497119,15384,13,1
2,Payment,1772284502.497284,9897,1,1
2,Payment,1772284502.497869,38947,21,1
1,NewOrder,1772284502.499502,7696,0,1
2,Payment,1772284502.501490,4726,8,1
3,OrderStatus,1772284502.501983,1352,10,1
2,Payment,1772284502.502005,11337,3,1
2,Payment,1772284502.502990,24443,17,1
2,Payment,1772284502.503350,9022,10,1
1,NewOrder,1772284502.503441,17571,23,1
1,NewOrder,1772284502.506233,13466,8,1
1,NewOrder,1772284502.507183,18878,5,1
1,NewOrder,1772284502.507196,18962,1,1
2,Payment,1772284502.507214,15296,0,1
1,NewOrder,1772284502.507264,16552,11,1
1,NewOrder,1772284502.507399,18621,22,1
1,NewOrder,1772284502.508038,13934,7,1
2,Payment,1772284502.508773,22997,14,1
1,NewOrder,1772284502.509726,16317,15,1
2,Payment,1772284502.509788,7880,6,1
1,NewOrder,1772284502.511442,22665,12,1
2,Payment,1772284502.512388,14119,10,1
2,Payment,1772284502.512446,15987,4,1
1,NewOrder,1772284502.512474,18438,2,1
1,NewOrder,1772284502.512518,14956,13,1
5,StockLevel,1772284502.513367,20018,3,1
1,NewOrder,1772284502.513402,23290,20,1
3,OrderStatus,1772284502.516117,2638,9,1
2,Payment,1772284502.517684,14124,6,1
2,Payment,1772284502.518770,16922,9,1
3,OrderStatus,1772284502.519713,3241,8,1
2,Payment,1772284502.519789,22083,18,1
2,Payment,1772284502.521040,25550,23,1
2,Payment,1772284502.521722,17007,16,1
2,Payment,1772284502.521988,19947,7,1
1,NewOrder,1772284502.522522,16608,0,1
1,NewOrder,1772284502.522972,8082,8,1
1,NewOrder,1772284502.523834,5987,11,1
2,Payment,1772284502.526049,25769,22,1
2,Payment,1772284502.526064,22671,15,1
1,NewOrder,1772284502.526076,15074,5,1
2,Payment,1772284502.526174,5700,1,1
2,Payment,1772284502.526522,18610,10,1
1,NewOrder,1772284502.527460,14137,17,1
1,NewOrder,1772284502.527490,14407,13,1
2,Payment,1772284502.528461,8300,4,1
5,StockLevel,1772284502.528471,10875,19,1
2,Payment,1772284502.529831,18948,11,1
1,NewOrder,1772284502.530932,17833,2,1
1,NewOrder,1772284502.531081,11551,8,1
2,Payment,1772284502.531783,21216,14,1
1,NewOrder,1772284502.531835,16533,6,1
2,Payment,1772284502.531901,10597,1,1
2,Payment,1772284502.533401,13096,3,1
2,Payment,1772284502.534125,45383,12,1
1,NewOrder,1772284502.535713,13419,9,1
2,Payment,1772284502.536712,44100,20,1
2,Payment,1772284502.536777,17416,4,1
2,Payment,1772284502.536829,36221,21,1
2,Payment,1772284502.538750,66485,16,1
1,NewOrder,1772284502.539146,15550,0,1
2,Payment,1772284502.539371,15932,19,1
2,Payment,1772284502.541182,7856,5,1
2,Payment,1772284502.541615,22308,17,1
2,Payment,1772284502.541889,26331,18,1
3,OrderStatus,1772284502.541910,2277,13,1
3,OrderStatus,1772284502.541951,3062,7,1
1,NewOrder,1772284502.542511,24769,1,1
1,NewOrder,1772284502.542643,10785,8,1
2,Payment,1772284502.544202,29381,13,1
2,Payment,1772284502.545030,9676,7,1
1,NewOrder,1772284502.545153,22115,10,1
2,Payment,1772284502.546516,20661,3,1
1,NewOrder,1772284502.546605,20176,23,1
1,NewOrder,1772284502.548382,24962,6,1
1,NewOrder,1772284502.548749,24262,15,1
4,Delivery,1772284502.548785,21158,2,1
1,NewOrder,1772284502.548802,37519,11,1
3,OrderStatus,1772284502.549063,3312,5,1
4,Delivery,1772284502.549145,26752,9,1
4,Delivery,1772284502.551836,52506,22,1
1,NewOrder,1772284502.552387,30974,5,1
2,Payment,1772284502.553025,38050,14,1
1,NewOrder,1772284502.553443,37846,8,1
2,Payment,1772284502.554210,20998,4,1
2,Payment,1772284502.554713,24475,0,1
5,StockLevel,1772284502.554724,11507,7,1
1,NewOrder,1772284502.555319,30179,19,1
2,Payment,1772284502.563941,34820,17,1
1,NewOrder,1772284502.566244,29552,7,1
1,NewOrder,1772284502.566804,22212,23,1
4,Delivery,1772284502.567199,3144,3,1
1,NewOrder,1772284502.567282,26007,10,1
1,NewOrder,1772284502.567302,9328,1,1
1,NewOrder,1772284502.568242,22497,18,1
1,NewOrder,1772284502.569965,10846,2,1
2,Payment,1772284502.570359,14796,3,1
1,NewOrder,1772284502.573031,15172,15,1
1,NewOrder,1772284502.573074,25357,21,1
2,Payment,1772284502.573364,3936,6,1
2,Payment,1772284502.573600,10639,13,1
1,NewOrder,1772284502.575222,35160,4,1
1,NewOrder,1772284502.575916,12142,9,1
5,StockLevel,1772284502.576641,11835,1,1
2,Payment,1772284502.577313,6575,6,1
1,NewOrder,1772284502.579213,22005,0,1
3,OrderStatus,1772284502.579521,5790,12,1
1,NewOrder,1772284502.580826,42835,20,1
1,NewOrder,1772284502.580833,21107,2,1
2,Payment,1772284502.583381,8042,5,1
1,NewOrder,1772284502.583900,19789,6,1
1,NewOrder,1772284502.584251,19071,13,1
2,Payment,1772284502.585168,15568,3,1
1,NewOrder,1772284502.585335,34963,12,1
2,Payment,1772284502.585519,7376,19,1
2,Payment,1772284502.586334,6984,11,1
2,Payment,1772284502.588080,8777,9,1
2,Payment,1772284502.588215,26287,15,1
2,Payment,1772284502.588502,22949,1,1
2,Payment,1772284502.589037,9837,23,1
3,OrderStatus,1772284502.590755,6251,18,1
1,NewOrder,1772284502.591092,36359,14,1
4,Delivery,1772284502.591306,31043,8,1
1,NewOrder,1772284502.591439,39548,5,1
1,NewOrder,1772284502.592915,17489,19,1
1,NewOrder,1772284502.593304,23045,10,1
2,Payment,1772284502.593332,11122,11,1
1,NewOrder,1772284502.595817,20210,7,1
2,Payment,1772284502.596870,12899,9,1
1,NewOrder,1772284502.597026,16993,18,1
1,NewOrder,1772284502.598446,18323,21,1
1,NewOrder,1772284502.598788,18860,17,1
2,Payment,1772284502.598899,6655,23,1
4,Delivery,1772284502.600761,50763,3,1
1,NewOrder,1772284502.601244,30581,0,1
3,OrderStatus,1772284502.601959,3637,2,1
3,OrderStatus,1772284502.603335,4772,13,1
2,Payment,1772284502.603709,3827,6,1
1,NewOrder,1772284502.604368,26156,22,1
2,Payment,1772284502.604468,9937,11,1
2,Payment,1772284502.605260,17063,16,1
1,NewOrder,1772284502.605572,30558,23,1
1,NewOrder,1772284502.605613,10773,2,1
2,Payment,1772284502.607550,14827,6,1
1,NewOrder,1772284502.608123,14551,13,1
1,NewOrder,1772284502.609794,8143,9,1
2,Payment,1772284502.610409,8692,4,1
2,Payment,1772284502.610419,11869,19,1
1,NewOrder,1772284502.611469,25827,1,1
1,NewOrder,1772284502.614045,21557,18,1
1,NewOrder,1772284502.614422,20885,11,1
2,Payment,1772284502.614511,16096,15,1
1,NewOrder,1772284502.616054,22866,7,1
2,Payment,1772284502.616376,11775,10,1
1,NewOrder,1772284502.616411,23881,2,1
1,NewOrder,1772284502.616781,17541,21,1
2,Payment,1772284502.617662,22988,17,1
1,NewOrder,1772284502.617965,9527,9,1
2,Payment,1772284502.619128,5999,4,1
2,Payment,1772284502.620314,26082,12,1
1,NewOrder,1772284502.622313,30036,19,1
1,NewOrder,1772284502.622341,43573,16,1
2,Payment,1772284502.622369,17097,8,1
2,Payment,1772284502.622400,23895,6,1
5,StockLevel,1772284502.622694,9930,13,1
2,Payment,1772284502.623674,6309,20,1
1,NewOrder,1772284502.625140,27582,4,1
5,StockLevel,1772284502.627470,17971,14,1
2,Payment,1772284502.627520,24904,9,1
1,NewOrder,1772284502.628164,36948,10,1
2,Payment,1772284502.630000,9306,20,1
1,NewOrder,1772284502.630542,21365,22,1
5,StockLevel,1772284502.630628,14932,15,1
1,NewOrder,1772284502.630999,35842,5,1
1,NewOrder,1772284502.631840,36259,0,1
2,Payment,1772284502.632636,27191,13,1
1,NewOrder,1772284502.634335,15374,21,1
2,Payment,1772284502.635334,28544,11,1
1,NewOrder,1772284502.635628,4112,18,1
2,Payment,1772284502.636157,10496,23,1
1,NewOrder,1772284502.637320,15739,1,1
1,NewOrder,1772284502.638947,32138,7,1
1,NewOrder,1772284502.639333,32570,20,1
1,NewOrder,1772284502.639492,12915,8,1
1,NewOrder,1772284502.639763,21732,18,1
1,NewOrder,1772284502.640318,14036,2,1
2,Payment,1772284502.640663,32611,17,1
2,Payment,1772284502.645460,20551,14,1
2,Payment,1772284502.645579,57277,15,1
1,NewOrder,1772284502.646332,18866,6,1
2,Payment,1772284502.646422,59835,12,1
1,NewOrder,1772284502.646677,23624,23,1
2,Payment,1772284502.649725,3063,21,1
1,NewOrder,1772284502.651550,21636,3,1
2,Payment,1772284502.651934,22175,22,1
2,Payment,1772284502.652366,11973,19,1
1,NewOrder,1772284502.652435,21640,8,1
2,Payment,1772284502.652448,16744,9,1
1,NewOrder,1772284502.652736,11702,4,1
2,Payment,1772284502.652802,26341,21,1
2,Payment,1772284502.653085,1806,1,1
1,NewOrder,1772284502.654367,7216,2,1
1,NewOrder,1772284502.654913,5508,1,1
4,Delivery,1772284502.659850,13351,13,1
2,Payment,1772284502.660441,3952,1,1
1,NewOrder,1772284502.661521,41373,18,1
1,NewOrder,1772284502.661610,41257,2,1
2,Payment,1772284502.663894,12186,11,1
1,NewOrder,1772284502.664361,27673,19,1
2,Payment,1772284502.664421,4897,1,1
1,NewOrder,1772284502.664476,27247,4,1
2,Payment,1772284502.665124,17270,10,1
2,Payment,1772284502.665235,21573,6,1
2,Payment,1772284502.665933,46850,16,1
1,NewOrder,1772284502.666032,36751,14,1
1,NewOrder,1772284502.666860,26489,5,1
3,OrderStatus,1772284502.668111,7188,0,1
1,NewOrder,1772284502.669208,20808,9,1
1,NewOrder,1772284502.669334,16784,1,1
2,Payment,1772284502.670314,32516,23,1
1,NewOrder,1772284502.671100,31647,7,1
5,StockLevel,1772284502.671941,2043,20,1
2,Payment,1772284502.673212,7438,3,1
1,NewOrder,1772284502.673227,29593,13,1
1,NewOrder,1772284502.673300,12302,17,1
1,NewOrder,1772284502.674007,15417,20,1
5,StockLevel,1772284502.674105,16186,8,1
1,NewOrder,1772284502.674124,28828,22,1
1,NewOrder,1772284502.675317,19479,0,1
2,Payment,1772284502.676106,26730,11,1
1,NewOrder,1772284502.679159,14928,21,1
1,NewOrder,1772284502.680677,16446,3,1
4,Delivery,1772284502.682416,26701,10,1
2,Payment,1772284502.685619,46306,17,1
5,StockLevel,1772284502.686140,10366,1,1
1,NewOrder,1772284502.686822,15319,6,1
5,StockLevel,1772284502.689452,9405,20,1
2,Payment,1772284502.690036,18439,9,1
1,NewOrder,1772284502.690308,7875,8,1
2,Payment,1772284502.691750,4074,4,1
2,Payment,1772284502.692049,19549,19,1
1,NewOrder,1772284502.693385,10334,5,1
3,OrderStatus,1772284502.694103,1809,21,1
1,NewOrder,1772284502.694820,8921,0,1
1,NewOrder,1772284502.695835,6879,4,1
2,Payment,1772284502.695930,22594,21,1
2,Payment,1772284502.696518,3569,1,1
1,NewOrder,1772284502.697149,5555,3,1
2,Payment,1772284502.698203,16271,8,1
2,Payment,1772284502.698868,26214,20,1
2,Payment,1772284502.700112,2585,1,1
1,NewOrder,1772284502.702172,14222,6,1
1,NewOrder,1772284502.702714,29181,1,1
1,NewOrder,1772284502.702725,15983,3,1
2,Payment,1772284502.702734,3975,4,1
2,Payment,1772284502.702775,34475,7,1
2,Payment,1772284502.702807,21899,14,1
2,Payment,1772284502.702848,28712,23,1
1,NewOrder,1772284502.702848,21747,13,1
4,Delivery,1772284502.702864,6638,11,1
2,Payment,1772284502.702871,36385,15,1
2,Payment,1772284502.702893,10005,2,1
1,NewOrder,1772284502.702910,17585,18,1
1,NewOrder,1772284502.702963,12743,22,1
2,Payment,1772284502.703735,13054,5,1
1,NewOrder,1772284502.703755,21417,0,1
1,NewOrder,1772284502.706274,12426,12,1
1,NewOrder,1772284502.706724,31853,4,1
2,Payment,1772284502.708488,12524,9,1
2,Payment,1772284502.709129,16790,10,1
1,NewOrder,1772284502.709518,22336,11,1
1,NewOrder,1772284502.711613,20743,19,1
2,Payment,1772284502.712799,30941,16,1
2,Payment,1772284502.712924,6173,2,1
5,StockLevel,1772284502.714493,17421,8,1
4,Delivery,1772284502.715724,14611,22,1
2,Payment,1772284502.716418,13400,6,1
1,NewOrder,1772284502.716815,7841,5,1
1,NewOrder,1772284502.718543,28967,21,1
1,NewOrder,1772284502.718713,17822,12,1
2,Payment,1772284502.718726,2104,3,1
1,NewOrder,1772284502.719126,16292,2,1
1,NewOrder,1772284502.720515,17478,18,1
2,Payment,1772284502.720843,2696,3,1
2,Payment,1772284502.721022,18785,9,1
1,NewOrder,1772284502.723550,25240,3,1
2,Payment,1772284502.724612,27786,13,1
2,Payment,1772284502.724673,10410,5,1
1,NewOrder,1772284502.724729,21945,14,1
2,Payment,1772284502.725102,15597,20,1
1,NewOrder,1772284502.725185,30945,0,1
1,NewOrder,1772284502.725935,10955,10,1
2,Payment,1772284502.729843,14170,6,1
1,NewOrder,1772284502.730356,54439,22,1
4,Delivery,1772284502.731573,31726,23,1
2,Payment,1772284502.731869,40082,11,1
5,StockLevel,1772284502.731918,15793,1,1
2,Payment,1772284502.731928,23572,8,1
1,NewOrder,1772284502.731946,20823,17,1
2,Payment,1772284502.732373,11044,19,1
2,Payment,1772284502.735105,8676,5,1
1,NewOrder,1772284502.735436,5265,2,1
1,NewOrder,1772284502.736551,16233,12,1
2,Payment,1772284502.736904,47859,10,1
2,Payment,1772284502.737259,26108,7,1
1,NewOrder,1772284502.738010,12542,18,1
2,Payment,1772284502.738596,14230,4,1
2,Payment,1772284502.739273,24242,15,1
5,StockLevel,1772284502.739823,15479,9,1
1,NewOrder,1772284502.740717,14465,20,1
1,NewOrder,1772284502.740720,17046,2,1
2,Payment,1772284502.743433,7003,19,1
1,NewOrder,1772284502.743753,41096,16,1
2,Payment,1772284502.743799,19070,5,1
2,Payment,1772284502.744027,44441,6,1
1,NewOrder,1772284502.746700,38176,14,1
2,Payment,1772284502.747521,11583,21,1
1,NewOrder,1772284502.747734,12615,1,1
4,Delivery,1772284502.748800,13367,3,1
1,NewOrder,1772284502.750451,34210,19,1
1,NewOrder,1772284502.750567,12681,18,1
1,NewOrder,1772284502.752412,34438,13,1
2,Payment,1772284502.752792,31997,17,1
2,Payment,1772284502.752795,17709,12,1
2,Payment,1772284502.752839,27441,4,1
2,Payment,1772284502.755192,14629,20,1
1,NewOrder,1772284502.755314,33241,9,1
1,NewOrder,1772284502.755523,29297,8,1
1,NewOrder,1772284502.756148,28440,0,1
1,NewOrder,1772284502.757780,8639,2,1
5,StockLevel,1772284502.759114,24994,21,1
2,Payment,1772284502.760377,26509,1,1
3,OrderStatus,1772284502.762179,1052,3,1
1,NewOrder,1772284502.762892,23986,5,1
1,NewOrder,1772284502.763245,3647,3,1
5,StockLevel,1772284502.763275,20198,18,1
1,NewOrder,1772284502.763314,36002,23,1
1,NewOrder,1772284502.763385,25045,7,1
2,Payment,1772284502.763535,28452,15,1
1,NewOrder,1772284502.766436,18127,2,1
4,Delivery,1772284502.766906,17713,3,1
1,NewOrder,1772284502.769839,14632,20,1
4,Delivery,1772284502.770521,16276,12,1
4,Delivery,1772284502.771964,47764,11,1
1,NewOrder,1772284502.780308,15992,4,1
2,Payment,1772284502.783503,4838,18,1
1,NewOrder,1772284502.784134,50828,21,1
2,Payment,1772284502.784491,7927,20,1
5,StockLevel,1772284502.784576,20835,2,1
2,Payment,1772284502.784597,14778,0,1
2,Payment,1772284502.784636,8182,3,1
1,NewOrder,1772284502.784679,34485,19,1
1,NewOrder,1772284502.784780,32770,10,1
2,Payment,1772284502.784809,13558,17,1
1,NewOrder,1772284502.784823,27878,22,1
2,Payment,1772284502.784833,7086,8,1
1,NewOrder,1772284502.784861,7150,16,1
1,NewOrder,1772284502.784889,31401,14,1
1,NewOrder,1772284502.786809,31122,12,1
1,NewOrder,1772284502.786870,25293,13,1
1,NewOrder,1772284502.786890,32818,5,1
1,NewOrder,1772284502.786912,28918,1,1
2,Payment,1772284502.788366,8838,18,1
2,Payment,1772284502.788444,10907,7,1
1,NewOrder,1772284502.788483,27776,6,1
2,Payment,1772284502.788568,15613,9,1
1,NewOrder,1772284502.791936,52367,8,1
2,Payment,1772284502.792002,13090,15,1
1,NewOrder,1772284502.792019,24290,16,1
2,Payment,1772284502.792433,12687,20,1
4,Delivery,1772284502.792844,49887,3,1
1,NewOrder,1772284502.796317,20726,4,1
2,Payment,1772284502.797226,12963,18,1
1,NewOrder,1772284502.798386,45925,17,1
1,NewOrder,1772284502.799342,46910,23,1
1,NewOrder,1772284502.799370,21334,7,1
2,Payment,1772284502.799396,10143,0,1
1,NewOrder,1772284502.804201,18529,9,1
2,Payment,1772284502.805115,7543,15,1
2,Payment,1772284502.805135,14536,20,1
1,NewOrder,1772284502.805434,19619,2,1
1,NewOrder,1772284502.809563,31846,0,1
1,NewOrder,1772284502.810206,17383,18,1
2,Payment,1772284502.812179,11411,13,1
1,NewOrder,1772284502.812672,26016,15,1
1,NewOrder,1772284502.812713,32517,22,1
1,NewOrder,1772284502.815849,14503,1,1
3,OrderStatus,1772284502.816287,7639,6,1
2,Payment,1772284502.816308,21252,14,1
2,Payment,1772284502.816328,26141,16,1
1,NewOrder,1772284502.817057,11770,4,1
2,Payment,1772284502.817561,3915,10,1
1,NewOrder,1772284502.817945,8572,12,1
1,NewOrder,1772284502.819195,18372,19,1
2,Payment,1772284502.819686,11438,20,1
2,Payment,1772284502.819732,11239,5,1
2,Payment,1772284502.819746,11462,11,1
1,NewOrder,1772284502.820720,19910,7,1
1,NewOrder,1772284502.821489,10078,10,1
4,Delivery,1772284502.822744,31949,9,1
1,NewOrder,1772284502.823604,28785,13,1
2,Payment,1772284502.823947,13693,6,1
2,Payment,1772284502.825072,12469,2,1
1,NewOrder,1772284502.826529,5648,12,1
2,Payment,1772284502.827615,9974,18,1
2,Payment,1772284502.828853,15506,4,1
2,Payment,1772284502.830378,20467,1,1
2,Payment,1772284502.830985,26001,5,1
1,NewOrder,1772284502.831144,23650,20,1
2,Payment,1772284502.831229,12607,11,1
1,NewOrder,1772284502.831582,8933,10,1
1,NewOrder,1772284502.832194,12100,12,1
5,StockLevel,1772284502.834976,18035,21,1
1,NewOrder,1772284502.837568,18495,2,1
2,Payment,1772284502.837576,8393,14,1
4,Delivery,1772284502.837596,12759,19,1
2,Payment,1772284502.837614,7504,18,1
1,NewOrder,1772284502.837651,25394,6,1
1,NewOrder,1772284502.838707,19773,15,1
1,NewOrder,1772284502.840532,13643,10,1
1,NewOrder,1772284502.840656,19135,7,1
2,Payment,1772284502.841428,22095,0,1
2,Payment,1772284502.842503,7688,16,1
1,NewOrder,1772284502.842758,21323,3,1
5,StockLevel,1772284502.843850,12347,11,1
1,NewOrder,1772284502.844321,10447,12,1
2,Payment,1772284502.844322,6808,8,1
2,Payment,1772284502.844338,14641,17,1
2,Payment,1772284502.844386,26824,4,1
2,Payment,1772284502.845132,8393,18,1
3,OrderStatus,1772284502.845257,9531,22,1
2,Payment,1772284502.845997,8746,14,1
5,StockLevel,1772284502.846264,22077,23,1
2,Payment,1772284502.850216,17744,16,1
1,NewOrder,1772284502.850366,13665,19,1
2,Payment,1772284502.850870,27360,1,1
1,NewOrder,1772284502.851141,33820,8,1
2,Payment,1772284502.852414,10197,13,1
2,Payment,1772284502.853037,5813,21,1
2,Payment,1772284502.853550,9471,18,1
5,StockLevel,1772284502.854202,19910,10,1
3,OrderStatus,1772284502.854714,3165,9,1
1,NewOrder,1772284502.854758,17482,14,1
1,NewOrder,1772284502.854784,24899,12,1
1,NewOrder,1772284502.854815,27496,22,1
2,Payment,1772284502.854816,12079,20,1
1,NewOrder,1772284502.856077,15594,2,1
2,Payment,1772284502.856213,4744,11,1
2,Payment,1772284502.857012,31873,5,1
5,StockLevel,1772284502.857894,12003,9,1
2,Payment,1772284502.858502,16378,15,1
1,NewOrder,1772284502.858864,24598,21,1
1,NewOrder,1772284502.858992,16451,17,1
1,NewOrder,1772284502.859818,14652,7,1
2,Payment,1772284502.860980,4859,11,1
1,NewOrder,1772284502.862642,14911,13,1
2,Payment,1772284502.863038,7662,18,1
2,Payment,1772284502.863066,8324,6,1
1,NewOrder,1772284502.863539,35582,0,1
1,NewOrder,1772284502.864059,10704,19,1
2,Payment,1772284502.864107,33188,3,1
2,Payment,1772284502.865850,9051,11,1
2,Payment,1772284502.866913,7146,20,1
2,Payment,1772284502.867978,13812,16,1
5,StockLevel,1772284502.868367,25154,23,1
2,Payment,1772284502.869922,13002,9,1
2,Payment,1772284502.870726,5825,18,1
2,Payment,1772284502.871241,33933,4,1
1,NewOrder,1772284502.871416,27735,6,1
1,NewOrder,1772284502.871685,17908,2,1
1,NewOrder,1772284502.872266,17408,14,1
2,Payment,1772284502.874077,6172,20,1
2,Payment,1772284502.874128,19111,10,1
2,Payment,1772284502.874482,26697,7,1
1,NewOrder,1772284502.874779,17023,19,1
1,NewOrder,1772284502.874908,41984,15,1
1,NewOrder,1772284502.874915,19247,11,1
1,NewOrder,1772284502.875466,15359,17,1
4,Delivery,1772284502.876566,6323,18,1
4,Delivery,1772284502.877565,18103,13,1
1,NewOrder,1772284502.878255,24043,1,1
1,NewOrder,1772284502.879720,11578,12,1
1,NewOrder,1772284502.880275,12918,20,1
2,Payment,1772284502.881816,11066,16,1
1,NewOrder,1772284502.882326,29606,22,1
2,Payment,1772284502.882909,6648,18,1
1,NewOrder,1772284502.882937,21105,9,1
3,OrderStatus,1772284502.883482,2846,21,1
5,StockLevel,1772284502.884982,25873,8,1
2,Payment,1772284502.886349,11217,21,1
5,StockLevel,1772284502.888915,13451,5,1
2,Payment,1772284502.889568,15431,18,1
2,Payment,1772284502.889620,22503,2,1
2,Payment,1772284502.889713,10180,14,1
2,Payment,1772284502.890841,18821,17,1
2,Payment,1772284502.891312,29292,12,1
2,Payment,1772284502.891825,15690,19,1
2,Payment,1772284502.892907,22363,16,1
1,NewOrder,1772284502.893213,15907,20,1
1,NewOrder,1772284502.893266,12592,10,1
1,NewOrder,1772284502.893533,25371,23,1
1,NewOrder,1772284502.894173,38660,11,1
2,Payment,1772284502.895695,39728,13,1
2,Payment,1772284502.897321,20212,3,1
3,OrderStatus,1772284502.897592,1330,21,1
1,NewOrder,1772284502.898941,21273,21,1
2,Payment,1772284502.899147,24655,0,1
2,Payment,1772284502.899177,12333,6,1
1,NewOrder,1772284502.899909,17490,14,1
2,Payment,1772284502.901191,16302,7,1
2,Payment,1772284502.902325,35421,1,1
2,Payment,1772284502.902390,29079,5,1
2,Payment,1772284502.904054,19053,9,1
1,NewOrder,1772284502.905010,6572,18,1
5,StockLevel,1772284502.905200,24528,4,1
3,OrderStatus,1772284502.905872,1680,10,1
2,Payment,1772284502.907541,2020,19,1
2,Payment,1772284502.907571,27539,10,1
2,Payment,1772284502.909134,2419,20,1
2,Payment,1772284502.909579,4691,19,1
2,Payment,1772284502.909708,17998,17,1
1,NewOrder,1772284502.910882,43392,8,1
2,Payment,1772284502.911530,7737,6,1
1,NewOrder,1772284502.911569,15226,20,1
1,NewOrder,1772284502.911597,6929,18,1
2,Payment,1772284502.911944,5535,22,1
3,OrderStatus,1772284502.912149,7344,2,1
2,Payment,1772284502.914295,4934,19,1
2,Payment,1772284502.915297,39950,16,1
2,Payment,1772284502.916918,25013,15,1
2,Payment,1772284502.917412,31199,14,1
2,Payment,1772284502.917492,5566,22,1
1,NewOrder,1772284502.917520,37260,7,1
1,NewOrder,1772284502.917552,35216,3,1
2,Payment,1772284502.918543,18800,18,1
1,NewOrder,1772284502.918927,8439,23,1
1,NewOrder,1772284502.919244,11496,19,1
1,NewOrder,1772284502.919292,10466,6,1
1,NewOrder,1772284502.919505,18265,2,1
1,NewOrder,1772284502.920225,40957,21,1
3,OrderStatus,1772284502.920631,8764,12,1
1,NewOrder,1772284502.923084,44797,22,1
1,NewOrder,1772284502.923129,30070,9,1
1,NewOrder,1772284502.923818,9454,0,1
4,Delivery,1772284502.926811,19106,20,1
1,NewOrder,1772284502.927392,32019,23,1
1,NewOrder,1772284502.927733,22106,17,1
1,NewOrder,1772284502.929421,35151,12,1
2,Payment,1772284502.929753,12058,4,1
2,Payment,1772284502.929786,8003,6,1
1,NewOrder,1772284502.930754,5108,19,1
4,Delivery,1772284502.931490,48953,5,1
1,NewOrder,1772284502.932850,36179,11,1
1,NewOrder,1772284502.933295,21467,0,1
2,Payment,1772284502.935137,7842,10,1
2,Payment,1772284502.935439,25103,13,1
1,NewOrder,1772284502.935890,4622,19,1
1,NewOrder,1772284502.937368,27672,18,1
1,NewOrder,1772284502.937760,10890,1,1
1,NewOrder,1772284502.937789,27661,2,1
2,Payment,1772284502.937814,7194,6,1
4,Delivery,1772284502.940532,5693,19,1
1,NewOrder,1772284502.941832,29365,4,1
1,NewOrder,1772284502.941946,28086,15,1
2,Payment,1772284502.943001,6842,10,1
1,NewOrder,1772284502.945034,17696,6,1
1,NewOrder,1772284502.945937,36438,20,1
2,Payment,1772284502.946242,2452,19,1
2,Payment,1772284502.948624,20763,14,1
2,Payment,1772284502.948667,4497,1,1
1,NewOrder,1772284502.948722,10197,19,1
1,NewOrder,1772284502.949864,15540,17,1
2,Payment,1772284502.949868,9572,10,1
1,NewOrder,1772284502.952783,17700,3,1
5,StockLevel,1772284502.953181,14852,1,1
2,Payment,1772284502.953213,12406,9,1
2,Payment,1772284502.954290,25671,8,1
2,Payment,1772284502.954786,6894,0,1
2,Payment,1772284502.954795,37072,7,1
2,Payment,1772284502.955274,9675,16,1
2,Payment,1772284502.958934,4460,19,1
1,NewOrder,1772284502.959434,25102,23,1
1,NewOrder,1772284502.959452,42529,10,1
2,Payment,1772284502.960569,16327,13,1
2,Payment,1772284502.961205,9389,21,1
2,Payment,1772284502.961731,6575,0,1
2,Payment,1772284502.962745,5990,6,1
1,NewOrder,1772284502.963408,21320,19,1
1,NewOrder,1772284502.964588,10554,12,1
1,NewOrder,1772284502.964971,15586,16,1
3,OrderStatus,1772284502.965052,3702,18,1
2,Payment,1772284502.965430,21194,17,1
1,NewOrder,1772284502.965477,32541,2,1
2,Payment,1772284502.965645,31478,9,1
2,Payment,1772284502.967899,12625,22,1
1,NewOrder,1772284502.968050,20178,1,1
3,OrderStatus,1772284502.968327,9320,0,1
1,NewOrder,1772284502.968750,15552,6,1
2,Payment,1772284502.968766,19787,18,1
1,NewOrder,1772284502.969038,31360,11,1
1,NewOrder,1772284502.969402,27258,14,1
1,NewOrder,1772284502.970049,10333,15,1
1,NewOrder,1772284502.970498,9923,3,1
2,Payment,1772284502.970619,22016,21,1
3,OrderStatus,1772284502.971210,13685,4,1
5,StockLevel,1772284502.975169,5201,12,1
2,Payment,1772284502.976915,15606,13,1
2,Payment,1772284502.977674,4224,0,1
2,Payment,1772284502.979984,23077,8,1
1,NewOrder,1772284502.980393,6281,12,1
2,Payment,1772284502.980400,15676,15,1
4,Delivery,1772284502.980446,33884,3,1
1,NewOrder,1772284502.980461,34417,5,1
2,Payment,1772284502.980550,15773,22,1
1,NewOrder,1772284502.980584,22920,16,1
3,OrderStatus,1772284502.981921,2334,0,1
2,Payment,1772284502.982390,27028,20,1
2,Payment,1772284502.984271,3273,0,1
1,NewOrder,1772284502.984319,20288,6,1
1,NewOrder,1772284502.984556,21126,23,1
2,Payment,1772284502.984746,29826,19,1
1,NewOrder,1772284502.984921,19181,4,1
1,NewOrder,1772284502.986640,19420,17,1
3,OrderStatus,1772284502.986690,1295,12,1
2,Payment,1772284502.987561,1830,0,1
2,Payment,1772284502.988000,11517,12,1
2,Payment,1772284502.988250,3911,1,1
1,NewOrder,1772284502.988575,27839,18,1
1,NewOrder,1772284502.989404,14225,0,1
1,NewOrder,1772284502.991886,42145,7,1
1,NewOrder,1772284502.992178,21176,1,1
2,Payment,1772284502.992548,15293,13,1
1,NewOrder,1772284502.992654,24123,21,1
2,Payment,1772284502.996095,27790,15,1
3,OrderStatus,1772284502.996339,25831,22,1
1,NewOrder,1772284502.996677,27809,14,1
2,Payment,1772284502.997134,12901,9,1
2,Payment,1772284502.998035,6633,2,1
4,Delivery,1772284502.999540,14354,12,1
1,NewOrder,1772284503.000416,15280,11,1
1,NewOrder,1772284503.001998,16457,10,1
2,Payment,1772284503.003078,13936,8,1
1,NewOrder,1772284503.003526,23490,16,1
3,OrderStatus,1772284503.003656,4375,0,1
1,NewOrder,1772284503.004129,19253,4,1
2,Payment,1772284503.004620,16004,6,1
2,Payment,1772284503.004683,5472,2,1
2,Payment,1772284503.005756,15257,23,1
2,Payment,1772284503.006087,6510,17,1
2,Payment,1772284503.007858,11151,13,1
1,NewOrder,1772284503.008055,10827,0,1
2,Payment,1772284503.009435,16515,20,1
2,Payment,1772284503.010060,18719,9,1
1,NewOrder,1772284503.010172,33717,2,1
5,StockLevel,1772284503.012623,17787,17,1
2,Payment,1772284503.013382,8681,1,1
2,Payment,1772284503.013909,15268,12,1
2,Payment,1772284503.014341,23231,3,1
1,NewOrder,1772284503.014585,27060,19,1
1,NewOrder,1772284503.014893,36380,5,1
1,NewOrder,1772284503.015709,22720,11,1
1,NewOrder,1772284503.016438,12703,18,1
2,Payment,1772284503.016804,28064,21,1
2,Payment,1772284503.017035,21771,8,1
2,Payment,1772284503.018469,26369,10,1
1,NewOrder,1772284503.018897,4941,0,1
4,Delivery,1772284503.019034,20505,13,1
1,NewOrder,1772284503.020647,45532,6,1
2,Payment,1772284503.021035,10830,23,1
2,Payment,1772284503.022089,21953,1,1
2,Payment,1772284503.022187,15880,22,1
1,NewOrder,1772284503.023402,23759,4,1
1,NewOrder,1772284503.023854,8156,0,1
1,NewOrder,1772284503.023912,8188,15,1
3,OrderStatus,1772284503.024504,3778,14,1
2,Payment,1772284503.025976,24565,20,1
5,StockLevel,1772284503.027030,6255,16,1
1,NewOrder,1772284503.028300,19551,14,1
2,Payment,1772284503.028794,20995,9,1
3,OrderStatus,1772284503.029155,11703,18,1
1,NewOrder,1772284503.029203,36026,12,1
3,OrderStatus,1772284503.030432,8291,17,1
1,NewOrder,1772284503.031879,26511,23,1
1,NewOrder,1772284503.032019,4865,0,1
2,Payment,1772284503.032127,2499,15,1
1,NewOrder,1772284503.033296,13831,16,1
1,NewOrder,1772284503.034056,23406,7,1
2,Payment,1772284503.034643,2834,15,1
1,NewOrder,1772284503.036910,21368,0,1
1,NewOrder,1772284503.037490,21848,15,1
3,OrderStatus,1772284503.037596,7971,3,1
2,Payment,1772284503.038092,17391,22,1
1,NewOrder,1772284503.038439,25823,11,1
1,NewOrder,1772284503.038741,23697,17,1
1,NewOrder,1772284503.038831,24444,8,1
2,Payment,1772284503.039564,6141,13,1
1,NewOrder,1772284503.040883,36572,18,1
2,Payment,1772284503.041667,18662,19,1
2,Payment,1772284503.043902,9193,2,1
2,Payment,1772284503.044061,18296,1,1
4,Delivery,1772284503.044865,23890,10,1
4,Delivery,1772284503.044886,22272,21,1
2,Payment,1772284503.045587,25304,3,1
2,Payment,1772284503.045718,5529,13,1
2,Payment,1772284503.047147,13218,16,1
5,StockLevel,1772284503.047175,11794,4,1
2,Payment,1772284503.047867,22000,14,1
2,Payment,1772284503.049814,4916,9,1
1,NewOrder,1772284503.050566,17365,20,1
2,Payment,1772284503.051273,22180,13,1
1,NewOrder,1772284503.051294,15834,5,1
1,NewOrder,1772284503.053121,26670,2,1
2,Payment,1772284503.054748,5576,9,1
1,NewOrder,1772284503.055504,11693,22,1
2,Payment,1772284503.057475,11338,7,1
2,Payment,1772284503.058293,17793,0,1
2,Payment,1772284503.058416,9586,23,1
4,Delivery,1772284503.058996,36210,4,1
2,Payment,1772284503.059351,19475,15,1
5,StockLevel,1772284503.060355,14346,19,1
2,Payment,1772284503.060361,12858,9,1
1,NewOrder,1772284503.060390,31224,16,1
2,Payment,1772284503.062372,21855,1,1
2,Payment,1772284503.062454,24378,17,1
1,NewOrder,1772284503.063297,27235,8,1
2,Payment,1772284503.064275,14447,11,1
2,Payment,1772284503.065244,29529,12,1
2,Payment,1772284503.066199,24390,6,1
4,Delivery,1772284503.067147,28694,5,1
1,NewOrder,1772284503.067172,17673,21,1
2,Payment,1772284503.067224,3781,22,1
1,NewOrder,1772284503.067944,17729,20,1
1,NewOrder,1772284503.068029,18053,23,1
2,Payment,1772284503.068767,14656,10,1
1,NewOrder,1772284503.068832,21966,7,1
1,NewOrder,1772284503.069880,31391,14,1
2,Payment,1772284503.070904,19648,3,1
1,NewOrder,1772284503.071032,9282,22,1
1,NewOrder,1772284503.073242,21900,9,1
4,Delivery,1772284503.073479,19623,13,1
2,Payment,1772284503.074716,6089,19,1
1,NewOrder,1772284503.076101,29506,0,1
1,NewOrder,1772284503.077468,17913,18,1
2,Payment,1772284503.078748,22801,11,1
1,NewOrder,1772284503.078843,27269,15,1
1,NewOrder,1772284503.079813,13673,2,1
2,Payment,1772284503.080325,5762,22,1
1,NewOrder,1772284503.080830,34714,19,1
2,Payment,1772284503.083437,23275,10,1
4,Delivery,1772284503.084241,11482,1,1
2,Payment,1772284503.084872,5751,21,1
2,Payment,1772284503.085709,14868,20,1
5,StockLevel,1772284503.086113,20869,23,1
2,Payment,1772284503.086114,9825,22,1
1,NewOrder,1772284503.086848,14400,17,1
1,NewOrder,1772284503.090554,43057,8,1
2,Payment,1772284503.090569,11085,3,1
1,NewOrder,1772284503.090607,22012,6,1
1,NewOrder,1772284503.090636,35078,21,1
1,NewOrder,1772284503.090810,8352,7,1
2,Payment,1772284503.091637,9534,16,1
2,Payment,1772284503.093128,14216,13,1
2,Payment,1772284503.093499,15897,2,1
2,Payment,1772284503.094793,20055,12,1
2,Payment,1772284503.095153,19210,9,1
5,StockLevel,1772284503.095228,18685,4,1
5,StockLevel,1772284503.095409,4109,18,1
1,NewOrder,1772284503.095740,26406,1,1
2,Payment,1772284503.095865,23657,5,1
1,NewOrder,1772284503.095953,21232,22,1
1,NewOrder,1772284503.099185,20739,7,1
2,Payment,1772284503.099543,7911,18,1
5,StockLevel,1772284503.100603,14144,20,1
1,NewOrder,1772284503.101187,30114,16,1
1,NewOrder,1772284503.101274,39594,17,1
2,Payment,1772284503.101291,23084,14,1
3,OrderStatus,1772284503.101558,8815,11,1
2,Payment,1772284503.101664,26881,3,1
1,NewOrder,1772284503.105634,14262,0,1
1,NewOrder,1772284503.106129,37893,15,1
1,NewOrder,1772284503.106723,30947,10,1
1,NewOrder,1772284503.107008,14385,23,1
1,NewOrder,1772284503.107358,33500,13,1
2,Payment,1772284503.107468,9266,18,1
5,StockLevel,1772284503.109414,27423,2,1
1,NewOrder,1772284503.110385,34813,11,1
1,NewOrder,1772284503.112634,10659,6,1
2,Payment,1772284503.113940,20434,4,1
2,Payment,1772284503.114379,11715,9,1
1,NewOrder,1772284503.114765,11432,20,1
1,NewOrder,1772284503.114865,26062,12,1
4,Delivery,1772284503.115556,10632,19,1
1,NewOrder,1772284503.116752,25503,18,1
2,Payment,1772284503.117199,8489,22,1
2,Payment,1772284503.119549,22003,5,1
1,NewOrder,1772284503.119917,21527,0,1
2,Payment,1772284503.119939,13607,7,1
1,NewOrder,1772284503.121415,19345,23,1
2,Payment,1772284503.122160,24588,1,1
1,NewOrder,1772284503.123308,10252,6,1
1,NewOrder,1772284503.124394,25936,14,1
1,NewOrder,1772284503.125724,31708,22,1
5,StockLevel,1772284503.125745,15871,21,1
2,Payment,1772284503.126115,15391,9,1
2,Payment,1772284503.126205,2362,19,1
2,Payment,1772284503.126220,6495,20,1
2,Payment,1772284503.128568,26578,3,1
2,Payment,1772284503.128582,12901,19,1
5,StockLevel,1772284503.131326,22380,16,1
1,NewOrder,1772284503.132740,38245,20,1
2,Payment,1772284503.133558,21654,7,1
1,NewOrder,1772284503.133585,15980,6,1
3,OrderStatus,1772284503.133628,8865,8,1
2,Payment,1772284503.134390,28809,4,1
1,NewOrder,1772284503.136851,29160,2,1
1,NewOrder,1772284503.137722,25452,10,1
2,Payment,1772284503.140778,15143,23,1
2,Payment,1772284503.140884,12154,17,1
1,NewOrder,1772284503.140893,32585,13,1
2,Payment,1772284503.140944,17293,12,1
1,NewOrder,1772284503.141465,32532,0,1
3,OrderStatus,1772284503.141496,5205,19,1
1,NewOrder,1772284503.141522,25772,9,1
2,Payment,1772284503.141566,28958,5,1
1,NewOrder,1772284503.141635,12341,21,1
2,Payment,1772284503.142268,3891,18,1
3,OrderStatus,1772284503.142506,7911,8,1
1,NewOrder,1772284503.144035,9881,15,1
1,NewOrder,1772284503.145224,8779,11,1
1,NewOrder,1772284503.146174,6982,18,1
2,Payment,1772284503.146713,16527,19,1
1,NewOrder,1772284503.146764,30653,1,1
1,NewOrder,1772284503.149586,22607,6,1
5,StockLevel,1772284503.150348,20448,14,1
2,Payment,1772284503.150431,13566,8,1
1,NewOrder,1772284503.153063,24743,17,1
1,NewOrder,1772284503.153173,9967,18,1
2,Payment,1772284503.153727,8406,16,1
3,OrderStatus,1772284503.153932,4519,15,1
1,NewOrder,1772284503.153997,20066,21,1
1,NewOrder,1772284503.154017,20730,11,1
1,NewOrder,1772284503.155161,42675,3,1
1,NewOrder,1772284503.155230,36574,7,1
1,NewOrder,1772284503.155936,41385,23,1
2,Payment,1772284503.157441,13574,22,1
2,Payment,1772284503.158256,8587,12,1
2,Payment,1772284503.158470,12487,15,1
1,NewOrder,1772284503.162147,15626,16,1
2,Payment,1772284503.163155,12733,18,1
3,OrderStatus,1772284503.163193,5923,10,1
2,Payment,1772284503.163216,15591,4,1
4,Delivery,1772284503.163257,23503,19,1
5,StockLevel,1772284503.164012,28145,8,1
2,Payment,1772284503.166027,16067,2,1
1,NewOrder,1772284503.166859,11642,12,1
1,NewOrder,1772284503.167318,27985,9,1
2,Payment,1772284503.169133,12574,10,1
3,OrderStatus,1772284503.170537,13432,5,1
2,Payment,1772284503.170811,15586,14,1
2,Payment,1772284503.170976,5972,15,1
4,Delivery,1772284503.170999,16297,20,1
2,Payment,1772284503.171033,14024,22,1
1,NewOrder,1772284503.172205,9899,6,1
2,Payment,1772284503.173491,17995,13,1
1,NewOrder,1772284503.174010,22140,0,1
1,NewOrder,1772284503.174075,19283,21,1
1,NewOrder,1772284503.174773,23362,11,1
1,NewOrder,1772284503.175906,18132,18,1
1,NewOrder,1772284503.176962,16039,15,1
4,Delivery,1772284503.177435,20241,1,1
2,Payment,1772284503.177784,34874,16,1
5,StockLevel,1772284503.177821,19577,17,1
2,Payment,1772284503.178514,26489,12,1
4,Delivery,1772284503.178817,19505,4,1
1,NewOrder,1772284503.181724,16133,10,1
1,NewOrder,1772284503.182121,3497,6,1
4,Delivery,1772284503.182121,16080,2,1
1,NewOrder,1772284503.183986,18068,5,1
2,Payment,1772284503.185075,6753,22,1
2,Payment,1772284503.185638,4745,6,1
3,OrderStatus,1772284503.186418,4421,14,1
5,StockLevel,1772284503.186779,17674,19,1
2,Payment,1772284503.187315,9638,20,1
2,Payment,1772284503.190405,3524,6,1
2,Payment,1772284503.190860,6550,14,1
2,Payment,1772284503.191501,44851,13,1
2,Payment,1772284503.191831,10312,7,1
4,Delivery,1772284503.191840,38120,22,1
2,Payment,1772284503.192173,17665,8,1
1,NewOrder,1772284503.193027,16532,15,1
1,NewOrder,1772284503.193375,31487,21,1
2,Payment,1772284503.193946,20937,6,1
1,NewOrder,1772284503.194048,22190,18,1
1,NewOrder,1772284503.195319,45866,9,1
1,NewOrder,1772284503.196172,9143,0,1
1,NewOrder,1772284503.196971,33054,20,1
1,NewOrder,1772284503.197337,32742,23,1
1,NewOrder,1772284503.197426,30780,14,1
2,Payment,1772284503.197427,23858,17,1
1,NewOrder,1772284503.197686,25461,1,1
1,NewOrder,1772284503.197846,11738,3,1
1,NewOrder,1772284503.197871,42930,10,1
2,Payment,1772284503.198150,23224,11,1
2,Payment,1772284503.198216,7218,2,1
2,Payment,1772284503.198337,13648,4,1
1,NewOrder,1772284503.202085,7537,5,1
1,NewOrder,1772284503.202170,36819,7,1
2,Payment,1772284503.204472,10039,19,1
1,NewOrder,1772284503.205019,23212,12,1
2,Payment,1772284503.205330,9513,0,1
2,Payment,1772284503.205447,15367,2,1
2,Payment,1772284503.209586,8071,15,1
2,Payment,1772284503.209610,22943,3,1
4,Delivery,1772284503.209649,42378,5,1
4,Delivery,1772284503.209852,20258,8,1
1,NewOrder,1772284503.212006,18050,4,1
2,Payment,1772284503.212685,15190,16,1
4,Delivery,1772284503.214531,16054,19,1
1,NewOrder,1772284503.214854,11802,0,1
4,Delivery,1772284503.214899,15714,6,1
2,Payment,1772284503.216265,10890,18,1
1,NewOrder,1772284503.217679,36810,15,1
2,Payment,1772284503.220834,17289,2,1
1,NewOrder,1772284503.221304,32706,17,1
2,Payment,1772284503.221392,8191,11,1
2,Payment,1772284503.223172,18576,1,1
2,Payment,1772284503.224892,12000,21,1
1,NewOrder,1772284503.226682,21966,0,1
2,Payment,1772284503.227170,17052,18,1
1,NewOrder,1772284503.227902,23360,16,1
1,NewOrder,1772284503.228226,27247,14,1
1,NewOrder,1772284503.228245,26159,12,1
1,NewOrder,1772284503.229613,18264,11,1
1,NewOrder,1772284503.229973,18697,22,1
2,Payment,1772284503.230042,23484,20,1
1,NewOrder,1772284503.230076,29962,4,1
1,NewOrder,1772284503.230094,38292,23,1
2,Payment,1772284503.230125,6735,8,1
1,NewOrder,1772284503.230601,10563,19,1
3,OrderStatus,1772284503.230626,3886,6,1
2,Payment,1772284503.232580,15707,3,1
1,NewOrder,1772284503.234538,43700,6,1
1,NewOrder,1772284503.236367,17568,13,1
4,Delivery,1772284503.236876,39719,8,1
1,NewOrder,1772284503.236911,32690,21,1
2,Payment,1772284503.238142,19370,2,1
2,Payment,1772284503.239003,7256,7,1
1,NewOrder,1772284503.240822,14001,10,1
1,NewOrder,1772284503.241190,18998,19,1
1,NewOrder,1772284503.241207,36699,9,1
1,NewOrder,1772284503.241760,16303,1,1
2,Payment,1772284503.244234,21092,18,1
1,NewOrder,1772284503.246280,14242,7,1
2,Payment,1772284503.247889,14422,11,1
1,NewOrder,1772284503.248296,37657,3,1
5,StockLevel,1772284503.248672,25331,0,1
1,NewOrder,1772284503.248691,34678,22,1
1,NewOrder,1772284503.251277,9271,16,1
2,Payment,1772284503.252042,8025,5,1
2,Payment,1772284503.253558,18494,20,1
2,Payment,1772284503.253955,11355,13,1
1,NewOrder,1772284503.254033,30400,17,1
1,NewOrder,1772284503.254417,29007,12,1
5,StockLevel,1772284503.254503,31708,15,1
2,Payment,1772284503.254846,15135,10,1
1,NewOrder,1772284503.255486,7810,14,1
5,StockLevel,1772284503.257526,22168,2,1
2,Payment,1772284503.258079,4726,1,1
1,NewOrder,1772284503.260060,17121,4,1
1,NewOrder,1772284503.260088,4857,5,1
1,NewOrder,1772284503.260200,18577,19,1
2,Payment,1772284503.260538,13288,7,1
2,Payment,1772284503.260563,7752,16,1
2,Payment,1772284503.262325,21452,11,1
1,NewOrder,1772284503.262823,31206,1,1
2,Payment,1772284503.263308,9552,14,1
1,NewOrder,1772284503.264962,21351,5,1
1,NewOrder,1772284503.265324,51912,13,1
1,NewOrder,1772284503.265341,24258,18,1
1,NewOrder,1772284503.268332,15117,16,1
2,Payment,1772284503.268413,12237,23,1
2,Payment,1772284503.269615,19166,21,1
1,NewOrder,1772284503.269995,24442,10,1
2,Payment,1772284503.272072,23876,20,1
1,NewOrder,1772284503.272872,14623,14,1
2,Payment,1772284503.273838,14389,7,1
2,Payment,1772284503.274027,5385,0,1
2,Payment,1772284503.276610,19539,8,1
2,Payment,1772284503.277210,6198,4,1
1,NewOrder,1772284503.277923,10850,9,1
1,NewOrder,1772284503.278254,16153,6,1
3,OrderStatus,1772284503.278790,4454,19,1
1,NewOrder,1772284503.279439,15434,0,1
1,NewOrder,1772284503.279707,44437,2,1
2,Payment,1772284503.280672,26261,23,1
1,NewOrder,1772284503.283270,14291,19,1
1,NewOrder,1772284503.283399,39824,22,1
1,NewOrder,1772284503.283435,12123,4,1
2,Payment,1772284503.283438,8139,12,1
2,Payment,1772284503.283463,12586,16,1
1,NewOrder,1772284503.283794,31290,11,1
2,Payment,1772284503.284449,21962,17,1
2,Payment,1772284503.285965,8508,3,1
3,OrderStatus,1772284503.286226,10353,15,1
2,Payment,1772284503.286339,12683,5,1
2,Payment,1772284503.287507,27705,14,1
1,NewOrder,1772284503.288254,22094,7,1
1,NewOrder,1772284503.288796,38802,21,1
1,NewOrder,1772284503.288805,12734,9,1
5,StockLevel,1772284503.289623,8107,18,1
1,NewOrder,1772284503.291591,31198,12,1
2,Payment,1772284503.294042,16276,1,1
1,NewOrder,1772284503.294422,25928,6,1
2,Payment,1772284503.294464,7659,10,1
3,OrderStatus,1772284503.294496,10531,3,1
1,NewOrder,1772284503.294886,7257,0,1
1,NewOrder,1772284503.295581,33534,4,1
1,NewOrder,1772284503.295967,43250,20,1
2,Payment,1772284503.296062,25526,16,1
4,Delivery,1772284503.296162,42671,8,1
5,StockLevel,1772284503.296592,26313,15,1
1,NewOrder,1772284503.297575,6389,19,1
2,Payment,1772284503.297747,11340,18,1
1,NewOrder,1772284503.299033,20947,5,1
1,NewOrder,1772284503.301551,8432,9,1
2,Payment,1772284503.302142,7303,10,1
1,NewOrder,1772284503.302158,12935,0,1
1,NewOrder,1772284503.303980,14628,19,1
1,NewOrder,1772284503.305045,23744,3,1
1,NewOrder,1772284503.306436,36836,17,1
5,StockLevel,1772284503.306953,21047,23,1
2,Payment,1772284503.309106,3097,18,1
2,Payment,1772284503.309464,5942,10,1
2,Payment,1772284503.309995,8207,9,1
2,Payment,1772284503.310334,5171,1,1
3,OrderStatus,1772284503.310362,4539,7,1
2,Payment,1772284503.312218,2884,18,1
2,Payment,1772284503.314917,8192,7,1
2,Payment,1772284503.315106,20914,11,1
1,NewOrder,1772284503.315124,21914,18,1
1,NewOrder,1772284503.315124,9475,0,1
2,Payment,1772284503.315231,12805,14,1
1,NewOrder,1772284503.315419,17565,10,1
3,OrderStatus,1772284503.315515,4737,1,1
2,Payment,1772284503.317254,16294,13,1
2,Payment,1772284503.318222,31360,9,1
1,NewOrder,1772284503.318622,51838,19,1
1,NewOrder,1772284503.319995,33130,5,1
2,Payment,1772284503.320267,4896,1,1
1,NewOrder,1772284503.320363,26729,6,1
5,StockLevel,1772284503.321605,20473,16,1
3,OrderStatus,1772284503.322815,8406,12,1
2,Payment,1772284503.322920,14694,15,1
1,NewOrder,1772284503.323119,43438,7,1
2,Payment,1772284503.323236,8903,22,1
1,NewOrder,1772284503.324162,17030,2,1
2,Payment,1772284503.324621,3374,0,1
1,NewOrder,1772284503.325176,45350,1,1
2,Payment,1772284503.327619,11569,21,1
2,Payment,1772284503.328018,2377,0,1
3,OrderStatus,1772284503.328019,7030,23,1
1,NewOrder,1772284503.328051,9523,14,1
1,NewOrder,1772284503.328813,25704,3,1
2,Payment,1772284503.329130,4323,4,1
2,Payment,1772284503.330411,6104,0,1
2,Payment,1772284503.331241,20666,12,1
1,NewOrder,1772284503.332152,32373,22,1
1,NewOrder,1772284503.332996,7213,10,1
2,Payment,1772284503.333466,15111,4,1
5,StockLevel,1772284503.333565,5782,13,1
3,OrderStatus,1772284503.335079,6745,23,1
1,NewOrder,1772284503.336042,49579,11,1
1,NewOrder,1772284503.336531,33631,0,1
1,NewOrder,1772284503.337059,48623,18,1
5,StockLevel,1772284503.337587,32984,14,1
2,Payment,1772284503.337626,21340,15,1
1,NewOrder,1772284503.338856,37604,8,1
1,NewOrder,1772284503.339203,38781,21,1
1,NewOrder,1772284503.339230,16333,20,1
1,NewOrder,1772284503.339359,7143,13,1
1,NewOrder,1772284503.340238,9000,10,1
1,NewOrder,1772284503.341209,5871,2,1
1,NewOrder,1772284503.341839,66535,23,1
1,NewOrder,1772284503.342088,40413,16,1
4,Delivery,1772284503.343290,75376,17,1
2,Payment,1772284503.346517,15058,13,1
3,OrderStatus,1772284503.347101,1377,2,1
1,NewOrder,1772284503.347109,23377,6,1
1,NewOrder,1772284503.348496,30838,2,1
3,OrderStatus,1772284503.348590,13271,4,1
2,Payment,1772284503.349254,2434,10,1
2,Payment,1772284503.349610,5427,9,1
5,StockLevel,1772284503.351704,4170,10,1
3,OrderStatus,1772284503.351924,7235,12,1
1,NewOrder,1772284503.353142,32452,5,1
1,NewOrder,1772284503.354534,21519,3,1
2,Payment,1772284503.355052,1922,9,1
2,Payment,1772284503.355576,2023,20,1
2,Payment,1772284503.355898,2756,10,1
5,StockLevel,1772284503.356988,11237,9,1
2,Payment,1772284503.357612,3670,20,1
1,NewOrder,1772284503.358677,6307,10,1
1,NewOrder,1772284503.358986,24009,15,1
1,NewOrder,1772284503.359176,49223,12,1
2,Payment,1772284503.361309,4896,20,1
1,NewOrder,1772284503.361602,8832,13,1
1,NewOrder,1772284503.361882,23767,4,1
2,Payment,1772284503.364538,7468,22,1
1,NewOrder,1772284503.365007,9111,10,1
1,NewOrder,1772284503.366221,25312,20,1
2,Payment,1772284503.366573,6606,7,1
2,Payment,1772284503.368244,10406,9,1
4,Delivery,1772284503.370181,15071,0,1
1,NewOrder,1772284503.370453,37025,13,1
2,Payment,1772284503.370477,8206,19,1
2,Payment,1772284503.370499,21907,6,1
1,NewOrder,1772284503.370546,18313,1,1
1,NewOrder,1772284503.370585,33126,14,1
1,NewOrder,1772284503.372022,53624,22,1
1,NewOrder,1772284503.373192,19154,7,1
2,Payment,1772284503.374129,32579,10,1
1,NewOrder,1772284503.376071,16681,3,1
2,Payment,1772284503.376481,38855,8,1
1,NewOrder,1772284503.378002,33338,21,1
1,NewOrder,1772284503.378664,36762,9,1
4,Delivery,1772284503.378702,33666,19,1
5,StockLevel,1772284503.379348,5300,2,1
2,Payment,1772284503.382529,19131,16,1
2,Payment,1772284503.383011,12222,15,1
2,Payment,1772284503.384672,2316,2,1
1,NewOrder,1772284503.385271,41086,0,1
1,NewOrder,1772284503.385621,41539,5,1
2,Payment,1772284503.385638,13631,11,1
3,OrderStatus,1772284503.385673,7227,4,1
2,Payment,1772284503.385720,5834,18,1
1,NewOrder,1772284503.387007,5371,2,1
2,Payment,1772284503.388880,3049,1,1
2,Payment,1772284503.391553,3323,20,1
1,NewOrder,1772284503.391579,29179,18,1
1,NewOrder,1772284503.391951,17329,1,1
1,NewOrder,1772284503.392362,15974,7,1
1,NewOrder,1772284503.392394,12471,2,1
1,NewOrder,1772284503.392419,33623,6,1
2,Payment,1772284503.392765,4073,3,1
1,NewOrder,1772284503.392916,29452,4,1
1,NewOrder,1772284503.394890,15453,20,1
5,StockLevel,1772284503.395253,11122,15,1
3,OrderStatus,1772284503.396850,4535,3,1
1,NewOrder,1772284503.399294,32852,11,1
1,NewOrder,1772284503.401399,9003,3,1
1,NewOrder,1772284503.401720,9702,16,1
2,Payment,1772284503.403726,10839,14,1
1,NewOrder,1772284503.404882,9769,2,1
2,Payment,1772284503.406400,12839,15,1
2,Payment,1772284503.406727,13658,10,1
3,OrderStatus,1772284503.407492,8319,13,1
1,NewOrder,1772284503.408353,29871,7,1
1,NewOrder,1772284503.408396,21128,23,1
1,NewOrder,1772284503.408425,24429,12,1
1,NewOrder,1772284503.409302,15967,1,1
2,Payment,1772284503.410356,4272,20,1
2,Payment,1772284503.410420,3235,3,1
2,Payment,1772284503.411355,11364,21,1
1,NewOrder,1772284503.411448,16517,16,1
1,NewOrder,1772284503.412386,46969,19,1
2,Payment,1772284503.413668,3711,3,1
1,NewOrder,1772284503.414581,27646,14,1
2,Payment,1772284503.414651,11455,20,1
1,NewOrder,1772284503.414664,27517,2,1
2,Payment,1772284503.415350,21941,8,1
2,Payment,1772284503.415439,12502,9,1
1,NewOrder,1772284503.415828,15770,13,1
1,NewOrder,1772284503.417388,27836,3,1
1,NewOrder,1772284503.418680,25066,17,1
5,StockLevel,1772284503.419251,14387,15,1
1,NewOrder,1772284503.420408,38918,10,1
3,OrderStatus,1772284503.420781,6271,18,1
2,Payment,1772284503.422385,8851,4,1
2,Payment,1772284503.422733,13491,21,1
1,NewOrder,1772284503.425278,26040,1,1
2,Payment,1772284503.425662,20299,22,1
2,Payment,1772284503.426062,19941,6,1
1,NewOrder,1772284503.426122,26277,20,1
1,NewOrder,1772284503.426371,26101,0,1
2,Payment,1772284503.427065,28604,18,1
2,Payment,1772284503.427182,14210,5,1
1,NewOrder,1772284503.427957,31429,9,1
3,OrderStatus,1772284503.427979,9626,16,1
1,NewOrder,1772284503.429541,15604,23,1
1,NewOrder,1772284503.431258,27171,4,1
1,NewOrder,1772284503.431615,30694,13,1
2,Payment,1772284503.432172,21073,11,1
1,NewOrder,1772284503.432867,20405,12,1
1,NewOrder,1772284503.433665,11585,15,1
2,Payment,1772284503.436240,28054,21,1
2,Payment,1772284503.437302,25404,8,1
1,NewOrder,1772284503.437631,24711,16,1
1,NewOrder,1772284503.438240,36887,7,1
1,NewOrder,1772284503.441416,21920,5,1
2,Payment,1772284503.442200,5232,2,1
1,NewOrder,1772284503.442249,21038,14,1
1,NewOrder,1772284503.443773,10931,17,1
2,Payment,1772284503.445162,24117,23,1
1,NewOrder,1772284503.445240,17233,3,1
2,Payment,1772284503.445268,3692,15,1
1,NewOrder,1772284503.445975,20948,22,1
4,Delivery,1772284503.446019,11433,6,1
1,NewOrder,1772284503.447448,21787,2,1
2,Payment,1772284503.448988,4225,15,1
2,Payment,1772284503.451342,10108,1,1
1,NewOrder,1772284503.452415,15913,20,1
1,NewOrder,1772284503.452488,38087,0,1
2,Payment,1772284503.453234,9132,15,1
1,NewOrder,1772284503.453258,30306,11,1
1,NewOrder,1772284503.453290,30342,12,1
2,Payment,1772284503.454718,14583,17,1
1,NewOrder,1772284503.455684,28793,18,1
1,NewOrder,1772284503.457463,22481,6,1
5,StockLevel,1772284503.458448,21904,4,1
1,NewOrder,1772284503.459339,27081,10,1
1,NewOrder,1772284503.459379,33542,19,1
3,OrderStatus,1772284503.459405,4809,9,1
2,Payment,1772284503.461478,9374,1,1
2,Payment,1772284503.462326,15118,13,1
1,NewOrder,1772284503.462359,25058,16,1
1,NewOrder,1772284503.462381,39275,15,1
1,NewOrder,1772284503.462488,21172,3,1
2,Payment,1772284503.462717,5544,8,1
2,Payment,1772284503.463306,19295,14,1
1,NewOrder,1772284503.463363,22191,5,1
1,NewOrder,1772284503.464226,28675,9,1
2,Payment,1772284503.464309,15296,21,1
2,Payment,1772284503.466945,26007,22,1
2,Payment,1772284503.468283,7593,8,1
1,NewOrder,1772284503.468343,16155,20,1
1,NewOrder,1772284503.469250,11864,2,1
1,NewOrder,1772284503.469307,23533,23,1
2,Payment,1772284503.469314,23483,17,1
1,NewOrder,1772284503.470867,21999,1,1
2,Payment,1772284503.475150,9373,7,1
1,NewOrder,1772284503.475897,28271,8,1
2,Payment,1772284503.477460,23817,13,1
1,NewOrder,1772284503.479623,26104,21,1
1,NewOrder,1772284503.479960,24858,6,1
1,NewOrder,1772284503.480365,22148,4,1
5,StockLevel,1772284503.481136,13632,2,1
2,Payment,1772284503.482622,23137,14,1
1,NewOrder,1772284503.483578,18029,11,1
1,NewOrder,1772284503.483646,21176,12,1
2,Payment,1772284503.483677,9569,3,1
2,Payment,1772284503.484504,16481,18,1
1,NewOrder,1772284503.484512,13446,20,1
1,NewOrder,1772284503.484539,20257,7,1
2,Payment,1772284503.485566,15642,5,1
2,Payment,1772284503.486432,8253,10,1
2,Payment,1772284503.487431,24962,16,1
4,Delivery,1772284503.490595,15285,0,1
1,NewOrder,1772284503.492814,21071,17,1
1,NewOrder,1772284503.492858,22127,23,1
1,NewOrder,1772284503.492893,33396,1,1
1,NewOrder,1772284503.492926,37311,9,1
1,NewOrder,1772284503.492954,22028,19,1
2,Payment,1772284503.492966,16162,22,1
2,Payment,1772284503.493270,16312,3,1
1,NewOrder,1772284503.494703,22160,10,1
1,NewOrder,1772284503.494796,17636,2,1
2,Payment,1772284503.497976,18930,20,1
1,NewOrder,1772284503.501017,31940,18,1
2,Payment,1772284503.501235,13821,5,1
1,NewOrder,1772284503.501298,35451,13,1
2,Payment,1772284503.501621,9106,11,1
2,Payment,1772284503.501672,22503,15,1
2,Payment,1772284503.502529,27751,4,1
2,Payment,1772284503.504186,11584,8,1
1,NewOrder,1772284503.504813,43617,7,1
1,NewOrder,1772284503.504832,31821,6,1
1,NewOrder,1772284503.504839,10617,12,1
2,Payment,1772284503.505741,24475,21,1
3,OrderStatus,1772284503.505774,13040,14,1
2,Payment,1772284503.505897,44915,0,1
1,NewOrder,1772284503.509163,16235,22,1
1,NewOrder,1772284503.509598,31631,3,1
1,NewOrder,1772284503.510745,39799,11,1
1,NewOrder,1772284503.512409,10904,16,1
1,NewOrder,1772284503.512459,6849,2,1
1,NewOrder,1772284503.513901,29059,17,1
1,NewOrder,1772284503.515004,30636,19,1
4,Delivery,1772284503.515012,70312,23,1
1,NewOrder,1772284503.515078,22318,5,1
1,NewOrder,1772284503.515472,6733,12,1
1,NewOrder,1772284503.515787,48162,8,1
1,NewOrder,1772284503.516879,36925,10,1
1,NewOrder,1772284503.516929,52555,20,1
1,NewOrder,1772284503.518833,50678,14,1
5,StockLevel,1772284503.519325,4090,2,1
1,NewOrder,1772284503.522220,11141,12,1
1,NewOrder,1772284503.523337,13149,16,1
1,NewOrder,1772284503.523430,11396,2,1
2,Payment,1772284503.524183,4527,15,1
1,NewOrder,1772284503.525415,8843,22,1
2,Payment,1772284503.526302,31352,1,1
1,NewOrder,1772284503.528730,7130,15,1
1,NewOrder,1772284503.530244,41053,21,1
1,NewOrder,1772284503.530255,34820,9,1
2,Payment,1772284503.530302,35501,4,1
3,OrderStatus,1772284503.532983,5420,18,1
1,NewOrder,1772284503.533388,41530,12,1
1,NewOrder,1772284503.534272,9120,22,1
2,Payment,1772284503.534842,41062,2,1
2,Payment,1772284503.535876,2057,15,1
1,NewOrder,1772284503.536509,38434,16,1
4,Delivery,1772284503.536667,13850,6,1
2,Payment,1772284503.536778,4123,13,1
5,StockLevel,1772284503.537409,7254,5,1
2,Payment,1772284503.537945,5807,15,1
2,Payment,1772284503.538423,8671,18,1
2,Payment,1772284503.540915,7685,13,1
2,Payment,1772284503.541254,47290,3,1
1,NewOrder,1772284503.542985,11193,17,1
1,NewOrder,1772284503.543406,7658,22,1
1,NewOrder,1772284503.543768,14756,15,1
1,NewOrder,1772284503.544838,19112,5,1
1,NewOrder,1772284503.546133,22403,19,1
1,NewOrder,1772284503.547176,30379,18,1
2,Payment,1772284503.548446,9033,7,1
1,NewOrder,1772284503.548616,14700,13,1
2,Payment,1772284503.550538,13449,6,1
2,Payment,1772284503.550575,10092,11,1
2,Payment,1772284503.550857,21138,0,1
1,NewOrder,1772284503.551077,32479,22,1
1,NewOrder,1772284503.553824,28016,10,1
4,Delivery,1772284503.554201,27626,17,1
2,Payment,1772284503.557495,9686,7,1
1,NewOrder,1772284503.557669,28666,1,1
2,Payment,1772284503.558542,3056,15,1
2,Payment,1772284503.560681,10540,11,1
2,Payment,1772284503.561609,2407,15,1
2,Payment,1772284503.563332,6190,13,1
2,Payment,1772284503.563974,19515,5,1
3,OrderStatus,1772284503.563999,2466,8,1
1,NewOrder,1772284503.564004,18571,6,1
2,Payment,1772284503.564039,10846,15,1
1,NewOrder,1772284503.565099,13676,9,1
1,NewOrder,1772284503.565837,17658,4,1
1,NewOrder,1772284503.566485,17694,8,1
2,Payment,1772284503.567195,12119,7,1
2,Payment,1772284503.568551,5350,19,1
2,Payment,1772284503.569503,8484,20,1
2,Payment,1772284503.569523,13432,14,1
1,NewOrder,1772284503.569539,24226,13,1
4,Delivery,1772284503.571234,43360,11,1
4,Delivery,1772284503.571311,16027,21,1
5,StockLevel,1772284503.572023,19110,0,1
2,Payment,1772284503.573915,6782,19,1
2,Payment,1772284503.574899,19046,15,1
2,Payment,1772284503.574932,14416,12,1
1,NewOrder,1772284503.574978,30374,16,1
1,NewOrder,1772284503.575936,20237,2,1
2,Payment,1772284503.577574,6645,18,1
3,OrderStatus,1772284503.578001,3590,20,1
2,Payment,1772284503.578788,8454,9,1
5,StockLevel,1772284503.579340,20636,7,1
2,Payment,1772284503.580717,6672,19,1
3,OrderStatus,1772284503.581616,3504,20,1
1,NewOrder,1772284503.581838,18748,17,1
1,NewOrder,1772284503.581856,23634,10,1
2,Payment,1772284503.582601,13600,6,1
2,Payment,1772284503.582972,15433,14,1
5,StockLevel,1772284503.583509,13222,5,1
1,NewOrder,1772284503.583518,23712,4,1
2,Payment,1772284503.583582,11809,22,1
5,StockLevel,1772284503.584192,25134,8,1
2,Payment,1772284503.584235,15963,18,1
1,NewOrder,1772284503.585133,14417,20,1
1,NewOrder,1772284503.585339,28907,23,1
2,Payment,1772284503.586350,6368,1,1
4,Delivery,1772284503.587257,28224,9,1
1,NewOrder,1772284503.587353,25628,21,1
1,NewOrder,1772284503.587405,32334,19,1
1,NewOrder,1772284503.588558,22022,3,1
2,Payment,1772284503.589362,12408,12,1
2,Payment,1772284503.591161,9592,0,1
2,Payment,1772284503.592738,12255,1,1
2,Payment,1772284503.593792,16013,13,1
2,Payment,1772284503.593967,29129,15,1
2,Payment,1772284503.595412,12387,22,1
1,NewOrder,1772284503.596194,13061,2,1
1,NewOrder,1772284503.596214,20202,6,1
1,NewOrder,1772284503.596747,15422,5,1
2,Payment,1772284503.598428,16309,14,1
1,NewOrder,1772284503.599567,26790,20,1
1,NewOrder,1772284503.599994,15576,7,1
2,Payment,1772284503.600220,11971,18,1
2,Payment,1772284503.600596,36586,17,1
2,Payment,1772284503.600762,11416,0,1
1,NewOrder,1772284503.601785,10367,12,1
2,Payment,1772284503.605008,12485,1,1
2,Payment,1772284503.605371,36748,16,1
4,Delivery,1772284503.605503,9614,10,1
2,Payment,1772284503.607246,16510,4,1
1,NewOrder,1772284503.607816,19478,22,1
1,NewOrder,1772284503.609269,18043,2,1
1,NewOrder,1772284503.609346,36036,8,1
1,NewOrder,1772284503.609819,26363,13,1
1,NewOrder,1772284503.610601,16652,3,1
2,Payment,1772284503.612179,15187,12,1
1,NewOrder,1772284503.612185,22774,5,1
2,Payment,1772284503.612203,18992,0,1
2,Payment,1772284503.612205,6441,18,1
1,NewOrder,1772284503.612996,29735,21,1
1,NewOrder,1772284503.614260,40251,23,1
1,NewOrder,1772284503.614611,22109,11,1
1,NewOrder,1772284503.614752,22021,14,1
2,Payment,1772284503.615134,9557,10,1
2,Payment,1772284503.615496,19025,9,1
1,NewOrder,1772284503.615597,11634,7,1
1,NewOrder,1772284503.616429,18155,6,1
1,NewOrder,1772284503.617532,13693,1,1
1,NewOrder,1772284503.618659,31500,18,1
3,OrderStatus,1772284503.619752,5637,19,1
2,Payment,1772284503.623108,23101,15,1
2,Payment,1772284503.623778,15356,4,1
1,NewOrder,1772284503.624714,26683,10,1
1,NewOrder,1772284503.625414,15510,19,1
2,Payment,1772284503.626378,3842,20,1
1,NewOrder,1772284503.627252,35525,7,1
1,NewOrder,1772284503.627271,32551,3,1
2,Payment,1772284503.627309,11059,22,1
1,NewOrder,1772284503.627326,41226,2,1
1,NewOrder,1772284503.627380,17952,12,1
1,NewOrder,1772284503.630233,28736,20,1
1,NewOrder,1772284503.631212,27707,0,1
1,NewOrder,1772284503.631247,21931,1,1
1,NewOrder,1772284503.634546,26544,9,1
1,NewOrder,1772284503.634976,19138,5,1
2,Payment,1772284503.636206,23995,13,1
3,OrderStatus,1772284503.636737,6336,11,1
1,NewOrder,1772284503.636787,12989,14,1
2,Payment,1772284503.637202,19098,17,1
2,Payment,1772284503.638383,6521,22,1
2,Payment,1772284503.639151,6301,4,1
5,StockLevel,1772284503.640943,18309,19,1
2,Payment,1772284503.642136,9020,16,1
1,NewOrder,1772284503.643083,21477,11,1
2,Payment,1772284503.644926,7371,22,1
2,Payment,1772284503.645407,14586,8,1
2,Payment,1772284503.651180,13014,16,1
2,Payment,1772284503.651415,13715,10,1
2,Payment,1772284503.652309,6628,22,1
2,Payment,1772284503.653204,5644,1,1
1,NewOrder,1772284503.654530,11001,23,1
2,Payment,1772284503.658933,6963,0,1
2,Payment,1772284503.658954,6179,22,1
