Transaction Type Index,Transaction Name,Start Time (microseconds),Latency (microseconds),Worker Id (start number),Phase Id (index in config file)
1,NewOrder,1770888155.166267,138765,16,1
1,NewOrder,1770888155.166307,133418,9,1
1,NewOrder,1770888155.166345,152782,19,1
1,NewOrder,1770888155.166348,148855,10,1
2,Payment,1770888155.166365,133525,23,1
4,Delivery,1770888155.166386,182363,11,1
1,NewOrder,1770888155.166410,133337,22,1
2,Payment,1770888155.166423,133550,17,1
1,NewOrder,1770888155.166439,171308,13,1
1,NewOrder,1770888155.166522,174450,21,1
1,NewOrder,1770888155.166527,164109,12,1
2,Payment,1770888155.166534,175014,6,1
2,Payment,1770888155.166740,162890,8,1
2,Payment,1770888155.166929,132868,7,1
1,NewOrder,1770888155.167229,132588,2,1
5,StockLevel,1770888155.167429,62003,5,1
5,StockLevel,1770888155.167565,113986,3,1
1,NewOrder,1770888155.167794,142811,4,1
2,Payment,1770888155.167999,132291,0,1
1,NewOrder,1770888155.168263,150023,1,1
1,NewOrder,1770888155.168647,131183,18,1
2,Payment,1770888155.168671,155546,15,1
1,NewOrder,1770888155.168862,145822,20,1
2,Payment,1770888155.169093,162612,14,1
1,NewOrder,1770888155.229715,86134,5,1
1,NewOrder,1770888155.281632,104551,3,1
2,Payment,1770888155.299776,49638,9,1
1,NewOrder,1770888155.299851,39420,2,1
1,NewOrder,1770888155.299857,70299,7,1
2,Payment,1770888155.299888,10034,22,1
3,OrderStatus,1770888155.299908,6707,18,1
2,Payment,1770888155.299930,15645,23,1
1,NewOrder,1770888155.300051,54361,17,1
2,Payment,1770888155.300358,15230,0,1
1,NewOrder,1770888155.305097,36371,16,1
1,NewOrder,1770888155.306642,23618,18,1
2,Payment,1770888155.309951,13508,22,1
2,Payment,1770888155.310671,14433,4,1
2,Payment,1770888155.314750,28784,20,1
3,OrderStatus,1770888155.315269,17665,10,1
1,NewOrder,1770888155.315592,65783,23,1
1,NewOrder,1770888155.315632,65570,0,1
3,OrderStatus,1770888155.315877,12131,5,1
2,Payment,1770888155.318350,26673,1,1
1,NewOrder,1770888155.319159,50135,19,1
1,NewOrder,1770888155.323481,46726,22,1
2,Payment,1770888155.324245,25341,15,1
2,Payment,1770888155.325148,25256,4,1
1,NewOrder,1770888155.328046,23955,5,1
1,NewOrder,1770888155.329693,112219,8,1
3,OrderStatus,1770888155.330286,9644,18,1
2,Payment,1770888155.330676,50454,12,1
3,OrderStatus,1770888155.331740,22419,14,1
1,NewOrder,1770888155.332976,30681,10,1
3,OrderStatus,1770888155.337812,21671,13,1
2,Payment,1770888155.339313,24771,2,1
1,NewOrder,1770888155.339966,41264,18,1
1,NewOrder,1770888155.341016,44277,21,1
2,Payment,1770888155.341511,52392,16,1
1,NewOrder,1770888155.341599,44282,6,1
1,NewOrder,1770888155.343576,42998,20,1
1,NewOrder,1770888155.345042,27995,1,1
5,StockLevel,1770888155.348802,25140,11,1
4,Delivery,1770888155.349460,98240,9,1
2,Payment,1770888155.349634,35057,15,1
1,NewOrder,1770888155.350445,29819,4,1
1,NewOrder,1770888155.352054,29681,5,1
2,Payment,1770888155.354194,44424,14,1
5,StockLevel,1770888155.354462,18334,17,1
2,Payment,1770888155.359531,29905,13,1
1,NewOrder,1770888155.363708,17761,10,1
2,Payment,1770888155.364131,17085,2,1
2,Payment,1770888155.369343,27868,19,1
2,Payment,1770888155.370203,22818,7,1
2,Payment,1770888155.370267,43422,22,1
2,Payment,1770888155.372827,30569,17,1
1,NewOrder,1770888155.373088,27168,1,1
1,NewOrder,1770888155.373984,54574,11,1
1,NewOrder,1770888155.380303,38884,4,1
1,NewOrder,1770888155.381172,22132,12,1
1,NewOrder,1770888155.381254,39672,0,1
1,NewOrder,1770888155.381254,16558,2,1
2,Payment,1770888155.381284,46185,18,1
1,NewOrder,1770888155.381405,26193,23,1
2,Payment,1770888155.381502,20500,10,1
1,NewOrder,1770888155.381780,53999,5,1
2,Payment,1770888155.384722,22872,15,1
2,Payment,1770888155.385336,49919,21,1
1,NewOrder,1770888155.385929,58385,6,1
2,Payment,1770888155.386227,16536,3,1
2,Payment,1770888155.386620,52838,20,1
4,Delivery,1770888155.389470,27669,13,1
2,Payment,1770888155.393075,14040,7,1
1,NewOrder,1770888155.393921,57119,16,1
2,Payment,1770888155.397256,12015,19,1
1,NewOrder,1770888155.397859,31750,2,1
1,NewOrder,1770888155.398660,91997,14,1
1,NewOrder,1770888155.400303,18317,1,1
2,Payment,1770888155.402046,17013,10,1
1,NewOrder,1770888155.402815,19748,3,1
1,NewOrder,1770888155.403352,24670,12,1
3,OrderStatus,1770888155.403433,17721,17,1
2,Payment,1770888155.407164,34006,7,1
1,NewOrder,1770888155.407643,80326,15,1
1,NewOrder,1770888155.407656,25972,23,1
2,Payment,1770888155.409315,13217,19,1
1,NewOrder,1770888155.413734,22049,22,1
2,Payment,1770888155.417171,9404,13,1
1,NewOrder,1770888155.418640,17073,1,1
1,NewOrder,1770888155.419085,56245,10,1
4,Delivery,1770888155.419237,108991,4,1
1,NewOrder,1770888155.420974,39013,0,1
2,Payment,1770888155.421197,36307,17,1
1,NewOrder,1770888155.422578,19962,19,1
1,NewOrder,1770888155.422613,24960,3,1
1,NewOrder,1770888155.426605,19402,13,1
5,StockLevel,1770888155.427492,25694,18,1
2,Payment,1770888155.428039,35652,12,1
1,NewOrder,1770888155.428609,33289,11,1
1,NewOrder,1770888155.429653,17596,2,1
2,Payment,1770888155.433652,11729,23,1
2,Payment,1770888155.435308,17732,21,1
5,StockLevel,1770888155.435735,9560,1,1
2,Payment,1770888155.435807,25026,22,1
1,NewOrder,1770888155.435827,25407,5,1
2,Payment,1770888155.439505,9556,20,1
1,NewOrder,1770888155.441215,36481,7,1
3,OrderStatus,1770888155.441983,9365,8,1
2,Payment,1770888155.442571,22831,19,1
1,NewOrder,1770888155.444367,33352,6,1
1,NewOrder,1770888155.445344,50086,1,1
1,NewOrder,1770888155.445412,28816,23,1
2,Payment,1770888155.446044,21950,13,1
2,Payment,1770888155.447280,8086,2,1
4,Delivery,1770888155.447629,81270,3,1
2,Payment,1770888155.447747,14082,9,1
1,NewOrder,1770888155.449088,43872,20,1
2,Payment,1770888155.451088,22517,16,1
1,NewOrder,1770888155.451395,31260,8,1
2,Payment,1770888155.453075,20003,21,1
3,OrderStatus,1770888155.453230,8843,18,1
5,StockLevel,1770888155.455417,36256,2,1
1,NewOrder,1770888155.457553,50555,17,1
1,NewOrder,1770888155.460033,25491,0,1
2,Payment,1770888155.460878,22972,22,1
2,Payment,1770888155.461281,17726,5,1
1,NewOrder,1770888155.461870,37109,9,1
2,Payment,1770888155.461947,30042,11,1
2,Payment,1770888155.462109,18070,18,1
1,NewOrder,1770888155.463743,13047,12,1
2,Payment,1770888155.465444,11738,19,1
2,Payment,1770888155.468056,11270,13,1
2,Payment,1770888155.473133,24435,21,1
3,OrderStatus,1770888155.473640,3837,16,1
2,Payment,1770888155.474280,16307,23,1
2,Payment,1770888155.475384,21617,10,1
2,Payment,1770888155.476842,15111,12,1
1,NewOrder,1770888155.477224,34937,19,1
1,NewOrder,1770888155.477506,22819,16,1
5,StockLevel,1770888155.477722,27475,7,1
2,Payment,1770888155.477776,22954,6,1
2,Payment,1770888155.479062,29388,5,1
1,NewOrder,1770888155.479373,29196,13,1
1,NewOrder,1770888155.480222,31426,18,1
2,Payment,1770888155.482702,21424,8,1
2,Payment,1770888155.483916,9669,22,1
2,Payment,1770888155.485569,26475,0,1
1,NewOrder,1770888155.488016,34186,15,1
1,NewOrder,1770888155.490639,37532,23,1
2,Payment,1770888155.490705,21379,14,1
2,Payment,1770888155.491718,24423,2,1
1,NewOrder,1770888155.492001,34861,12,1
1,NewOrder,1770888155.492038,29304,11,1
2,Payment,1770888155.493000,18971,20,1
2,Payment,1770888155.493629,8063,22,1
1,NewOrder,1770888155.495466,27214,1,1
1,NewOrder,1770888155.497045,30584,10,1
2,Payment,1770888155.497613,10807,21,1
1,NewOrder,1770888155.499015,43748,9,1
2,Payment,1770888155.500371,18071,16,1
1,NewOrder,1770888155.500769,35689,6,1
1,NewOrder,1770888155.501738,25090,22,1
1,NewOrder,1770888155.504171,18740,8,1
1,NewOrder,1770888155.505241,31633,7,1
2,Payment,1770888155.508150,15529,17,1
2,Payment,1770888155.508438,14391,21,1
2,Payment,1770888155.508496,21974,5,1
1,NewOrder,1770888155.508616,24214,13,1
1,NewOrder,1770888155.511692,25305,18,1
2,Payment,1770888155.512016,14070,20,1
2,Payment,1770888155.512091,38730,0,1
1,NewOrder,1770888155.512118,45931,14,1
4,Delivery,1770888155.512227,52687,19,1
2,Payment,1770888155.516186,17619,2,1
1,NewOrder,1770888155.518464,31800,16,1
4,Delivery,1770888155.521386,71529,11,1
2,Payment,1770888155.522252,22397,15,1
1,NewOrder,1770888155.522709,20304,1,1
2,Payment,1770888155.522873,6972,21,1
1,NewOrder,1770888155.522930,35319,8,1
1,NewOrder,1770888155.523703,36771,17,1
2,Payment,1770888155.526132,14025,20,1
2,Payment,1770888155.526874,16848,22,1
2,Payment,1770888155.526910,21772,12,1
2,Payment,1770888155.527655,18870,10,1
2,Payment,1770888155.528220,26697,23,1
2,Payment,1770888155.528251,46671,4,1
2,Payment,1770888155.528964,7849,3,1
1,NewOrder,1770888155.529896,17644,21,1
2,Payment,1770888155.530524,10603,5,1
2,Payment,1770888155.532873,29474,13,1
2,Payment,1770888155.533846,44849,2,1
2,Payment,1770888155.536505,14172,6,1
1,NewOrder,1770888155.536855,6466,3,1
2,Payment,1770888155.536912,18309,7,1
2,Payment,1770888155.537040,32147,18,1
2,Payment,1770888155.540203,9591,20,1
2,Payment,1770888155.541171,46270,5,1
2,Payment,1770888155.542807,15902,9,1
5,StockLevel,1770888155.543051,37980,1,1
1,NewOrder,1770888155.543364,18860,3,1
2,Payment,1770888155.543759,21524,22,1
1,NewOrder,1770888155.544678,24009,15,1
1,NewOrder,1770888155.546569,22644,10,1
2,Payment,1770888155.547577,14811,21,1
1,NewOrder,1770888155.548712,29657,12,1
3,OrderStatus,1770888155.549843,21111,20,1
1,NewOrder,1770888155.550298,46712,16,1
1,NewOrder,1770888155.550720,52130,6,1
2,Payment,1770888155.550906,31323,0,1
1,NewOrder,1770888155.554961,40522,23,1
2,Payment,1770888155.555259,7551,7,1
2,Payment,1770888155.558069,11616,14,1
1,NewOrder,1770888155.558304,20397,8,1
2,Payment,1770888155.558754,7062,9,1
1,NewOrder,1770888155.560517,20435,17,1
1,NewOrder,1770888155.562252,19734,3,1
2,Payment,1770888155.562401,12658,13,1
1,NewOrder,1770888155.562435,41315,21,1
1,NewOrder,1770888155.562856,23979,7,1
1,NewOrder,1770888155.564995,43804,19,1
1,NewOrder,1770888155.565327,40644,22,1
2,Payment,1770888155.565843,7747,9,1
2,Payment,1770888155.568730,20648,15,1
2,Payment,1770888155.569230,18564,18,1
2,Payment,1770888155.569248,9492,10,1
3,OrderStatus,1770888155.569717,3770,14,1
1,NewOrder,1770888155.570993,35963,20,1
1,NewOrder,1770888155.573529,52624,14,1
2,Payment,1770888155.573628,8211,9,1
1,NewOrder,1770888155.574964,36043,4,1
2,Payment,1770888155.575102,17297,13,1
1,NewOrder,1770888155.578414,28527,12,1
2,Payment,1770888155.578737,12019,2,1
2,Payment,1770888155.578745,29530,8,1
1,NewOrder,1770888155.578788,54116,10,1
1,NewOrder,1770888155.580997,61630,17,1
2,Payment,1770888155.581068,15318,1,1
1,NewOrder,1770888155.581883,45903,9,1
1,NewOrder,1770888155.582028,54635,3,1
3,OrderStatus,1770888155.582271,2203,0,1
1,NewOrder,1770888155.584518,50911,0,1
4,Delivery,1770888155.586877,58578,7,1
1,NewOrder,1770888155.587483,50314,5,1
2,Payment,1770888155.587836,4099,18,1
2,Payment,1770888155.589419,11088,15,1
2,Payment,1770888155.590795,8379,2,1
2,Payment,1770888155.591979,22276,18,1
1,NewOrder,1770888155.592441,38973,13,1
1,NewOrder,1770888155.592938,33242,11,1
2,Payment,1770888155.595524,24081,23,1
1,NewOrder,1770888155.596430,45750,1,1
1,NewOrder,1770888155.597051,29032,16,1
1,NewOrder,1770888155.599237,20049,2,1
1,NewOrder,1770888155.600579,25041,15,1
1,NewOrder,1770888155.602887,16870,6,1
1,NewOrder,1770888155.603793,36136,21,1
4,Delivery,1770888155.606022,88970,22,1
2,Payment,1770888155.606979,12713,12,1
1,NewOrder,1770888155.606983,28559,20,1
2,Payment,1770888155.608316,18219,8,1
2,Payment,1770888155.608839,13935,19,1
4,Delivery,1770888155.611044,56095,4,1
1,NewOrder,1770888155.614300,52822,18,1
1,NewOrder,1770888155.619333,26623,2,1
2,Payment,1770888155.619661,13274,23,1
2,Payment,1770888155.619721,13245,12,1
2,Payment,1770888155.619799,13287,6,1
1,NewOrder,1770888155.622818,30924,19,1
2,Payment,1770888155.625676,10269,15,1
2,Payment,1770888155.626123,16757,16,1
1,NewOrder,1770888155.626188,42179,14,1
2,Payment,1770888155.626226,23374,11,1
5,StockLevel,1770888155.626579,32306,8,1
4,Delivery,1770888155.627828,18159,9,1
2,Payment,1770888155.631458,7300,13,1
2,Payment,1770888155.632944,19296,10,1
4,Delivery,1770888155.632985,62553,23,1
1,NewOrder,1770888155.633015,22859,12,1
4,Delivery,1770888155.633122,12935,6,1
2,Payment,1770888155.635472,8418,0,1
1,NewOrder,1770888155.635578,36024,20,1
2,Payment,1770888155.635985,14077,15,1
2,Payment,1770888155.636705,17833,3,1
1,NewOrder,1770888155.637834,41453,5,1
1,NewOrder,1770888155.638799,37073,13,1
1,NewOrder,1770888155.639965,33818,21,1
2,Payment,1770888155.642221,22872,1,1
1,NewOrder,1770888155.642671,24914,17,1
1,NewOrder,1770888155.642906,32101,16,1
2,Payment,1770888155.643930,24321,0,1
2,Payment,1770888155.645501,16432,7,1
2,Payment,1770888155.645974,29353,2,1
1,NewOrder,1770888155.646027,22402,9,1
2,Payment,1770888155.646095,50869,6,1
4,Delivery,1770888155.649639,64175,11,1
2,Payment,1770888155.650092,8165,15,1
2,Payment,1770888155.652262,47705,10,1
1,NewOrder,1770888155.653763,32976,19,1
1,NewOrder,1770888155.654559,38797,3,1
2,Payment,1770888155.655913,15665,12,1
5,StockLevel,1770888155.658275,26993,15,1
3,OrderStatus,1770888155.658931,7616,8,1
2,Payment,1770888155.661975,15601,7,1
2,Payment,1770888155.665131,20043,1,1
2,Payment,1770888155.666579,22127,8,1
1,NewOrder,1770888155.667149,39989,18,1
5,StockLevel,1770888155.667177,19749,4,1
5,StockLevel,1770888155.667604,30371,17,1
5,StockLevel,1770888155.668293,20581,0,1
2,Payment,1770888155.668410,20753,14,1
1,NewOrder,1770888155.668479,30664,9,1
1,NewOrder,1770888155.671617,15123,12,1
1,NewOrder,1770888155.671647,14248,20,1
2,Payment,1770888155.673823,7002,21,1
1,NewOrder,1770888155.675056,14274,16,1
1,NewOrder,1770888155.675363,23192,2,1
1,NewOrder,1770888155.675919,13382,13,1
2,Payment,1770888155.677610,13590,7,1
2,Payment,1770888155.679327,12765,5,1
4,Delivery,1770888155.680861,15029,21,1
2,Payment,1770888155.685220,14533,1,1
2,Payment,1770888155.685313,6752,15,1
2,Payment,1770888155.685926,11933,20,1
2,Payment,1770888155.686788,15497,19,1
1,NewOrder,1770888155.686792,31282,12,1
1,NewOrder,1770888155.686974,38877,4,1
4,Delivery,1770888155.688743,25651,8,1
2,Payment,1770888155.688910,14031,0,1
1,NewOrder,1770888155.689205,35709,14,1
1,NewOrder,1770888155.689337,34001,13,1
2,Payment,1770888155.689369,21539,16,1
1,NewOrder,1770888155.691243,31199,7,1
3,OrderStatus,1770888155.692104,14377,15,1
5,StockLevel,1770888155.692128,16961,5,1
4,Delivery,1770888155.693395,88653,3,1
1,NewOrder,1770888155.695029,34950,22,1
2,Payment,1770888155.695577,9342,23,1
2,Payment,1770888155.695931,11769,21,1
4,Delivery,1770888155.697007,17414,6,1
1,NewOrder,1770888155.697892,39631,20,1
1,NewOrder,1770888155.698012,37216,17,1
1,NewOrder,1770888155.698599,34560,2,1
3,OrderStatus,1770888155.699183,7243,9,1
2,Payment,1770888155.699795,10598,1,1
1,NewOrder,1770888155.700000,30632,10,1
2,Payment,1770888155.702323,16914,19,1
1,NewOrder,1770888155.702982,25925,0,1
2,Payment,1770888155.704965,5775,23,1
4,Delivery,1770888155.706471,7954,9,1
2,Payment,1770888155.706526,12277,15,1
2,Payment,1770888155.707183,15782,18,1
1,NewOrder,1770888155.707741,18242,21,1
2,Payment,1770888155.709133,21393,5,1
2,Payment,1770888155.710430,17512,1,1
1,NewOrder,1770888155.710782,26334,23,1
1,NewOrder,1770888155.710939,40656,16,1
2,Payment,1770888155.713859,22395,11,1
2,Payment,1770888155.714440,24745,8,1
1,NewOrder,1770888155.714465,27375,6,1
1,NewOrder,1770888155.714472,26477,9,1
1,NewOrder,1770888155.718117,33850,12,1
1,NewOrder,1770888155.718845,40581,15,1
2,Payment,1770888155.719345,6449,19,1
1,NewOrder,1770888155.722493,32925,7,1
2,Payment,1770888155.722996,18816,18,1
1,NewOrder,1770888155.723375,25611,13,1
1,NewOrder,1770888155.725025,40904,14,1
1,NewOrder,1770888155.725842,30968,19,1
2,Payment,1770888155.725893,12928,4,1
1,NewOrder,1770888155.726017,23563,21,1
1,NewOrder,1770888155.727992,38538,1,1
1,NewOrder,1770888155.729010,42334,0,1
1,NewOrder,1770888155.730013,36600,22,1
1,NewOrder,1770888155.730564,29908,5,1
2,Payment,1770888155.730656,12913,10,1
1,NewOrder,1770888155.733190,24114,2,1
4,Delivery,1770888155.735262,139404,17,1
4,Delivery,1770888155.736293,70937,11,1
1,NewOrder,1770888155.737152,30391,23,1
1,NewOrder,1770888155.737560,28568,20,1
1,NewOrder,1770888155.738848,25948,4,1
1,NewOrder,1770888155.739222,8296,8,1
2,Payment,1770888155.740978,17479,9,1
2,Payment,1770888155.741846,13562,18,1
1,NewOrder,1770888155.741882,36838,6,1
2,Payment,1770888155.743606,9804,10,1
2,Payment,1770888155.747567,13550,8,1
1,NewOrder,1770888155.749023,19051,13,1
2,Payment,1770888155.749612,10375,21,1
2,Payment,1770888155.751633,12323,16,1
1,NewOrder,1770888155.752021,33971,12,1
2,Payment,1770888155.753444,16990,10,1
2,Payment,1770888155.755446,12671,18,1
2,Payment,1770888155.755451,12627,7,1
2,Payment,1770888155.756839,22776,19,1
2,Payment,1770888155.757327,18160,2,1
1,NewOrder,1770888155.758484,28052,9,1
1,NewOrder,1770888155.759462,43327,15,1
2,Payment,1770888155.760021,23529,21,1
2,Payment,1770888155.760496,19035,5,1
1,NewOrder,1770888155.761153,44999,8,1
2,Payment,1770888155.763993,9047,16,1
3,OrderStatus,1770888155.764826,5655,4,1
1,NewOrder,1770888155.765954,45056,14,1
1,NewOrder,1770888155.766164,27219,20,1
1,NewOrder,1770888155.766563,20734,1,1
2,Payment,1770888155.766637,19784,22,1
1,NewOrder,1770888155.767576,40674,23,1
1,NewOrder,1770888155.768107,38106,13,1
1,NewOrder,1770888155.768110,35851,7,1
2,Payment,1770888155.768151,20788,18,1
3,OrderStatus,1770888155.770466,1937,10,1
1,NewOrder,1770888155.770515,27601,4,1
1,NewOrder,1770888155.771379,40119,0,1
2,Payment,1770888155.772438,4049,10,1
1,NewOrder,1770888155.773068,22937,16,1
1,NewOrder,1770888155.775523,27708,2,1
2,Payment,1770888155.776519,11957,10,1
2,Payment,1770888155.778753,19457,6,1
3,OrderStatus,1770888155.779568,2051,5,1
4,Delivery,1770888155.779658,47052,19,1
5,StockLevel,1770888155.781654,14540,5,1
4,Delivery,1770888155.782080,61538,3,1
1,NewOrder,1770888155.783594,18698,21,1
1,NewOrder,1770888155.786030,19089,12,1
2,Payment,1770888155.786458,6116,22,1
3,OrderStatus,1770888155.786564,9442,9,1
1,NewOrder,1770888155.787341,44281,1,1
1,NewOrder,1770888155.788501,26818,10,1
1,NewOrder,1770888155.788969,23531,18,1
1,NewOrder,1770888155.792609,30263,22,1
2,Payment,1770888155.793418,10479,20,1
1,NewOrder,1770888155.796049,25849,9,1
2,Payment,1770888155.796053,12172,16,1
1,NewOrder,1770888155.796226,32422,5,1
1,NewOrder,1770888155.798151,22982,4,1
3,OrderStatus,1770888155.798241,7326,6,1
2,Payment,1770888155.802333,7808,21,1
1,NewOrder,1770888155.802828,41223,15,1
1,NewOrder,1770888155.803267,34968,2,1
3,OrderStatus,1770888155.803931,7197,20,1
2,Payment,1770888155.803995,9088,7,1
1,NewOrder,1770888155.805152,32148,12,1
3,OrderStatus,1770888155.805598,7706,6,1
1,NewOrder,1770888155.806180,28601,8,1
1,NewOrder,1770888155.806242,32362,13,1
1,NewOrder,1770888155.807256,48484,11,1
2,Payment,1770888155.808265,11324,16,1
1,NewOrder,1770888155.808277,24109,23,1
2,Payment,1770888155.810175,9087,21,1
4,Delivery,1770888155.811045,64165,14,1
1,NewOrder,1770888155.811162,27470,20,1
2,Payment,1770888155.811526,15217,0,1
1,NewOrder,1770888155.812532,35384,18,1
2,Payment,1770888155.813119,8671,7,1
2,Payment,1770888155.813327,14738,6,1
2,Payment,1770888155.815354,21180,10,1
2,Payment,1770888155.819296,6595,21,1
2,Payment,1770888155.819624,13258,16,1
3,OrderStatus,1770888155.821169,6177,4,1
5,StockLevel,1770888155.821815,22560,7,1
2,Payment,1770888155.821936,12027,9,1
1,NewOrder,1770888155.822906,42846,22,1
2,Payment,1770888155.825928,6928,21,1
1,NewOrder,1770888155.826744,26945,19,1
4,Delivery,1770888155.826780,17519,0,1
2,Payment,1770888155.827380,16697,4,1
1,NewOrder,1770888155.828103,43063,6,1
1,NewOrder,1770888155.828691,26006,5,1
1,NewOrder,1770888155.831655,18550,1,1
1,NewOrder,1770888155.832419,25963,23,1
1,NewOrder,1770888155.832893,23429,21,1
2,Payment,1770888155.832915,9313,16,1
1,NewOrder,1770888155.833993,41530,9,1
2,Payment,1770888155.834812,12646,8,1
2,Payment,1770888155.836566,14059,10,1
2,Payment,1770888155.837335,12270,12,1
2,Payment,1770888155.838279,10408,2,1
2,Payment,1770888155.838631,15203,13,1
5,StockLevel,1770888155.838663,29291,20,1
1,NewOrder,1770888155.842275,36834,16,1
2,Payment,1770888155.843652,17380,3,1
1,NewOrder,1770888155.844089,28042,15,1
1,NewOrder,1770888155.844125,20581,4,1
1,NewOrder,1770888155.844332,24561,0,1
1,NewOrder,1770888155.844398,24884,7,1
1,NewOrder,1770888155.847496,46251,8,1
1,NewOrder,1770888155.847939,37170,18,1
2,Payment,1770888155.848725,15456,2,1
2,Payment,1770888155.849638,12395,12,1
2,Payment,1770888155.850390,16300,1,1
1,NewOrder,1770888155.850662,10684,10,1
1,NewOrder,1770888155.853721,41914,19,1
2,Payment,1770888155.853867,11153,13,1
1,NewOrder,1770888155.854722,30532,5,1
1,NewOrder,1770888155.855773,48016,11,1
1,NewOrder,1770888155.856343,20805,21,1
1,NewOrder,1770888155.858415,34885,23,1
2,Payment,1770888155.861068,21677,3,1
1,NewOrder,1770888155.861372,19743,10,1
2,Payment,1770888155.862053,11447,12,1
1,NewOrder,1770888155.864212,29555,2,1
1,NewOrder,1770888155.864740,24078,4,1
2,Payment,1770888155.865040,11525,13,1
1,NewOrder,1770888155.865779,25613,22,1
3,OrderStatus,1770888155.866720,5708,1,1
4,Delivery,1770888155.867987,68854,20,1
2,Payment,1770888155.868926,17230,0,1
2,Payment,1770888155.869309,10384,7,1
1,NewOrder,1770888155.871198,31264,6,1
2,Payment,1770888155.872159,8309,15,1
2,Payment,1770888155.872447,17207,1,1
1,NewOrder,1770888155.873531,30327,12,1
4,Delivery,1770888155.874693,70240,17,1
1,NewOrder,1770888155.875375,9193,14,1
4,Delivery,1770888155.875541,60516,9,1
1,NewOrder,1770888155.876598,18241,13,1
2,Payment,1770888155.877173,7662,21,1
2,Payment,1770888155.879138,8573,16,1
5,StockLevel,1770888155.879715,17583,7,1
2,Payment,1770888155.880501,9538,15,1
3,OrderStatus,1770888155.881137,8355,10,1
4,Delivery,1770888155.882780,40500,3,1
1,NewOrder,1770888155.884682,21128,14,1
1,NewOrder,1770888155.884857,22113,21,1
1,NewOrder,1770888155.885130,38677,18,1
1,NewOrder,1770888155.885281,35565,5,1
1,NewOrder,1770888155.886174,24780,0,1
1,NewOrder,1770888155.887733,18813,16,1
2,Payment,1770888155.888839,14957,4,1
2,Payment,1770888155.889514,7202,10,1
1,NewOrder,1770888155.889694,27353,1,1
2,Payment,1770888155.890048,7105,15,1
3,OrderStatus,1770888155.891412,8000,22,1
1,NewOrder,1770888155.893317,20073,23,1
4,Delivery,1770888155.893769,42726,8,1
1,NewOrder,1770888155.893781,28560,2,1
2,Payment,1770888155.894864,8950,13,1
2,Payment,1770888155.895655,9624,19,1
1,NewOrder,1770888155.896730,27455,10,1
1,NewOrder,1770888155.897159,28848,15,1
2,Payment,1770888155.897321,8382,7,1
1,NewOrder,1770888155.899440,33578,22,1
1,NewOrder,1770888155.902487,18910,6,1
2,Payment,1770888155.903809,16314,11,1
2,Payment,1770888155.903825,10999,4,1
2,Payment,1770888155.903833,6305,13,1
1,NewOrder,1770888155.903882,27131,12,1
1,NewOrder,1770888155.905300,16522,19,1
1,NewOrder,1770888155.905724,18597,7,1
2,Payment,1770888155.905826,6320,14,1
1,NewOrder,1770888155.906567,40884,16,1
4,Delivery,1770888155.906984,30392,21,1
1,NewOrder,1770888155.910159,28385,13,1
1,NewOrder,1770888155.910980,17158,0,1
2,Payment,1770888155.912167,12048,14,1
2,Payment,1770888155.913422,12081,23,1
2,Payment,1770888155.914844,14544,4,1
2,Payment,1770888155.917072,14692,1,1
2,Payment,1770888155.920145,15191,11,1
1,NewOrder,1770888155.920876,35463,5,1
1,NewOrder,1770888155.921436,39632,6,1
1,NewOrder,1770888155.921844,30458,19,1
2,Payment,1770888155.922366,11317,2,1
1,NewOrder,1770888155.923304,24197,3,1
1,NewOrder,1770888155.923837,39972,18,1
1,NewOrder,1770888155.924205,37878,10,1
1,NewOrder,1770888155.924241,43252,14,1
1,NewOrder,1770888155.924343,25704,7,1
1,NewOrder,1770888155.925518,23573,23,1
2,Payment,1770888155.926029,6488,15,1
2,Payment,1770888155.928161,11534,0,1
1,NewOrder,1770888155.929413,42025,4,1
2,Payment,1770888155.931033,13564,12,1
1,NewOrder,1770888155.931787,42100,1,1
1,NewOrder,1770888155.932538,35350,15,1
1,NewOrder,1770888155.933042,28562,22,1
2,Payment,1770888155.933707,9405,2,1
1,NewOrder,1770888155.935362,43286,11,1
1,NewOrder,1770888155.936072,29208,9,1
1,NewOrder,1770888155.936517,4322,8,1
1,NewOrder,1770888155.936857,38446,20,1
1,NewOrder,1770888155.937398,6059,21,1
1,NewOrder,1770888155.938565,27258,13,1
1,NewOrder,1770888155.939717,39649,0,1
2,Payment,1770888155.940864,6253,8,1
1,NewOrder,1770888155.943136,36255,2,1
2,Payment,1770888155.943479,2852,21,1
1,NewOrder,1770888155.944614,34809,12,1
1,NewOrder,1770888155.944946,32221,17,1
1,NewOrder,1770888155.946354,36853,21,1
4,Delivery,1770888155.947142,77044,8,1
2,Payment,1770888155.947480,8465,16,1
3,OrderStatus,1770888155.947519,6901,3,1
2,Payment,1770888155.949113,10821,23,1
1,NewOrder,1770888155.950063,27041,7,1
2,Payment,1770888155.952324,10665,19,1
2,Payment,1770888155.954439,15315,3,1
2,Payment,1770888155.955957,9435,16,1
1,NewOrder,1770888155.956364,22290,5,1
1,NewOrder,1770888155.959965,19468,23,1
1,NewOrder,1770888155.961096,22479,6,1
2,Payment,1770888155.961626,9456,22,1
1,NewOrder,1770888155.962097,39187,10,1
1,NewOrder,1770888155.963013,25893,19,1
2,Payment,1770888155.963824,13306,18,1
2,Payment,1770888155.965306,14774,9,1
1,NewOrder,1770888155.965421,29999,16,1
1,NewOrder,1770888155.965843,17726,13,1
2,Payment,1770888155.967512,13499,14,1
2,Payment,1770888155.967915,15635,15,1
5,StockLevel,1770888155.969771,17116,3,1
1,NewOrder,1770888155.971106,36937,22,1
2,Payment,1770888155.971466,10067,4,1
3,OrderStatus,1770888155.973908,8145,1,1
2,Payment,1770888155.975334,12402,20,1
1,NewOrder,1770888155.977135,20608,7,1
2,Payment,1770888155.977150,12343,18,1
1,NewOrder,1770888155.977190,26170,17,1
1,NewOrder,1770888155.978671,17939,5,1
3,OrderStatus,1770888155.978676,6428,11,1
1,NewOrder,1770888155.979387,35435,0,1
3,OrderStatus,1770888155.979413,6207,2,1
1,NewOrder,1770888155.979443,22742,12,1
1,NewOrder,1770888155.979454,37771,23,1
1,NewOrder,1770888155.980094,27257,9,1
4,Delivery,1770888155.981031,76780,14,1
1,NewOrder,1770888155.981543,37725,4,1
1,NewOrder,1770888155.982066,29695,1,1
2,Payment,1770888155.983234,10894,21,1
2,Payment,1770888155.983569,2618,15,1
2,Payment,1770888155.983587,10198,13,1
1,NewOrder,1770888155.983596,28493,6,1
1,NewOrder,1770888155.985131,32227,11,1
1,NewOrder,1770888155.985640,24069,2,1
1,NewOrder,1770888155.986213,22472,15,1
1,NewOrder,1770888155.986907,41853,3,1
1,NewOrder,1770888155.987752,34351,20,1
2,Payment,1770888155.988923,10893,19,1
2,Payment,1770888155.989516,7920,18,1
1,NewOrder,1770888155.993808,30979,13,1
3,OrderStatus,1770888155.994153,7637,21,1
1,NewOrder,1770888155.995442,37387,16,1
2,Payment,1770888155.996632,12619,5,1
1,NewOrder,1770888155.997459,23351,18,1
1,NewOrder,1770888155.997768,35979,7,1
1,NewOrder,1770888155.999837,30323,19,1
2,Payment,1770888156.001312,8454,10,1
1,NewOrder,1770888156.001818,31898,21,1
2,Payment,1770888156.002199,12083,12,1
2,Payment,1770888156.003389,18619,17,1
1,NewOrder,1770888156.007377,22101,9,1
2,Payment,1770888156.008063,8455,22,1
3,OrderStatus,1770888156.008709,8148,15,1
1,NewOrder,1770888156.009266,21562,5,1
2,Payment,1770888156.009723,9238,2,1
1,NewOrder,1770888156.009786,33501,10,1
2,Payment,1770888156.011780,10603,1,1
1,NewOrder,1770888156.012103,32663,6,1
1,NewOrder,1770888156.014308,22850,12,1
1,NewOrder,1770888156.014845,17960,0,1
2,Payment,1770888156.016540,9902,22,1
2,Payment,1770888156.016885,9980,15,1
1,NewOrder,1770888156.017241,38253,23,1
1,NewOrder,1770888156.017376,38564,11,1
1,NewOrder,1770888156.018981,38759,2,1
2,Payment,1770888156.019292,12803,4,1
2,Payment,1770888156.020834,8511,18,1
1,NewOrder,1770888156.022032,27545,17,1
1,NewOrder,1770888156.022129,26740,20,1
2,Payment,1770888156.022404,11912,1,1
1,NewOrder,1770888156.024213,31686,8,1
2,Payment,1770888156.024809,13460,13,1
2,Payment,1770888156.026459,11329,22,1
1,NewOrder,1770888156.026887,36503,15,1
2,Payment,1770888156.028791,13141,3,1
2,Payment,1770888156.029364,10439,18,1
1,NewOrder,1770888156.029493,28200,9,1
2,Payment,1770888156.030189,12680,19,1
3,OrderStatus,1770888156.030857,9188,5,1
2,Payment,1770888156.032123,17143,4,1
1,NewOrder,1770888156.032820,33968,0,1
5,StockLevel,1770888156.032849,33472,16,1
3,OrderStatus,1770888156.033731,8491,21,1
1,NewOrder,1770888156.033777,23313,7,1
2,Payment,1770888156.034343,12394,1,1
2,Payment,1770888156.037188,8392,12,1
1,NewOrder,1770888156.037808,38182,22,1
1,NewOrder,1770888156.038298,24147,13,1
1,NewOrder,1770888156.039826,38380,18,1
1,NewOrder,1770888156.040060,31692,5,1
2,Payment,1770888156.041957,16667,3,1
1,NewOrder,1770888156.042239,25668,21,1
2,Payment,1770888156.042897,6844,19,1
1,NewOrder,1770888156.043312,35853,10,1
1,NewOrder,1770888156.044791,38477,6,1
1,NewOrder,1770888156.045609,25480,12,1
1,NewOrder,1770888156.046758,26433,1,1
2,Payment,1770888156.048891,8764,20,1
2,Payment,1770888156.049286,14549,4,1
5,StockLevel,1770888156.049597,17456,17,1
1,NewOrder,1770888156.049754,29820,19,1
2,Payment,1770888156.055515,11871,23,1
1,NewOrder,1770888156.055919,31602,8,1
1,NewOrder,1770888156.055970,28543,11,1
2,Payment,1770888156.057119,7408,7,1
1,NewOrder,1770888156.057683,33708,20,1
2,Payment,1770888156.057713,11779,9,1
1,NewOrder,1770888156.057755,16221,2,1
5,StockLevel,1770888156.057828,31492,14,1
3,OrderStatus,1770888156.058652,5832,3,1
2,Payment,1770888156.062469,9230,13,1
4,Delivery,1770888156.063415,83008,15,1
1,NewOrder,1770888156.063865,12557,4,1
2,Payment,1770888156.064511,12443,3,1
2,Payment,1770888156.064546,9335,7,1
1,NewOrder,1770888156.066340,28461,16,1
2,Payment,1770888156.066816,12667,0,1
1,NewOrder,1770888156.067073,37098,17,1
2,Payment,1770888156.067408,6417,23,1
2,Payment,1770888156.067932,8461,21,1
2,Payment,1770888156.069510,9680,9,1
2,Payment,1770888156.071105,9409,12,1
2,Payment,1770888156.071720,6847,13,1
1,NewOrder,1770888156.071782,31952,5,1
1,NewOrder,1770888156.073220,24528,1,1
4,Delivery,1770888156.073840,118554,23,1
1,NewOrder,1770888156.073901,32316,7,1
2,Payment,1770888156.073987,8679,2,1
1,NewOrder,1770888156.076018,24554,22,1
4,Delivery,1770888156.076421,116523,21,1
1,NewOrder,1770888156.076449,30722,4,1
4,Delivery,1770888156.076986,37730,3,1
4,Delivery,1770888156.078223,114817,18,1
1,NewOrder,1770888156.078594,19865,13,1
1,NewOrder,1770888156.079180,34295,10,1
2,Payment,1770888156.079220,8273,9,1
1,NewOrder,1770888156.079507,20866,0,1
2,Payment,1770888156.079593,6991,19,1
5,StockLevel,1770888156.080538,18722,12,1
1,NewOrder,1770888156.082700,17847,2,1
1,NewOrder,1770888156.083288,34784,6,1
2,Payment,1770888156.084542,12428,11,1
2,Payment,1770888156.086611,7606,19,1
2,Payment,1770888156.087523,11590,9,1
1,NewOrder,1770888156.087541,23307,8,1
1,NewOrder,1770888156.089348,32855,14,1
2,Payment,1770888156.091414,8265,20,1
2,Payment,1770888156.094240,9950,19,1
2,Payment,1770888156.094832,6487,16,1
1,NewOrder,1770888156.096990,16264,11,1
2,Payment,1770888156.097765,7968,1,1
1,NewOrder,1770888156.098478,33797,13,1
2,Payment,1770888156.099142,5008,9,1
2,Payment,1770888156.099288,11423,12,1
1,NewOrder,1770888156.099708,36805,20,1
1,NewOrder,1770888156.100402,17563,0,1
2,Payment,1770888156.100569,10062,2,1
1,NewOrder,1770888156.100586,18922,22,1
3,OrderStatus,1770888156.101337,6133,16,1
2,Payment,1770888156.103765,13533,5,1
1,NewOrder,1770888156.104180,34193,9,1
2,Payment,1770888156.104196,10868,17,1
1,NewOrder,1770888156.104219,29240,19,1
2,Payment,1770888156.105750,8576,1,1
2,Payment,1770888156.106235,7512,7,1
5,StockLevel,1770888156.107200,19910,4,1
1,NewOrder,1770888156.107500,28380,16,1
2,Payment,1770888156.110649,8410,2,1
2,Payment,1770888156.110730,7214,12,1
1,NewOrder,1770888156.110878,24630,8,1
3,OrderStatus,1770888156.113283,5668,11,1
2,Payment,1770888156.113505,9126,10,1
2,Payment,1770888156.113769,11844,7,1
2,Payment,1770888156.114354,8209,1,1
1,NewOrder,1770888156.114742,28816,3,1
1,NewOrder,1770888156.115080,33199,17,1
1,NewOrder,1770888156.117318,17639,5,1
2,Payment,1770888156.117974,7046,12,1
2,Payment,1770888156.117991,9642,0,1
2,Payment,1770888156.118090,13021,6,1
2,Payment,1770888156.118966,16977,11,1
5,StockLevel,1770888156.119086,17876,2,1
1,NewOrder,1770888156.119523,29951,22,1
5,StockLevel,1770888156.122225,13613,14,1
1,NewOrder,1770888156.122591,27808,1,1
1,NewOrder,1770888156.122659,20997,10,1
2,Payment,1770888156.125049,6524,12,1
1,NewOrder,1770888156.125638,29905,7,1
2,Payment,1770888156.127140,7214,4,1
1,NewOrder,1770888156.127672,32599,0,1
2,Payment,1770888156.131141,10944,6,1
1,NewOrder,1770888156.131598,16259,12,1
1,NewOrder,1770888156.132306,31218,13,1
2,Payment,1770888156.133481,7610,19,1
2,Payment,1770888156.134384,7360,4,1
2,Payment,1770888156.134988,9537,5,1
1,NewOrder,1770888156.135525,25988,8,1
1,NewOrder,1770888156.135863,22149,14,1
2,Payment,1770888156.135910,10913,16,1
1,NewOrder,1770888156.135972,31623,11,1
3,OrderStatus,1770888156.136542,7657,20,1
2,Payment,1770888156.136981,9880,2,1
2,Payment,1770888156.138403,9909,9,1
1,NewOrder,1770888156.141111,33054,19,1
1,NewOrder,1770888156.141768,17291,4,1
4,Delivery,1770888156.142107,17403,6,1
1,NewOrder,1770888156.143588,39686,3,1
2,Payment,1770888156.143682,8197,10,1
1,NewOrder,1770888156.144229,24941,20,1
3,OrderStatus,1770888156.144551,7477,5,1
2,Payment,1770888156.146448,7024,15,1
1,NewOrder,1770888156.146853,20289,16,1
1,NewOrder,1770888156.146889,13716,2,1
3,OrderStatus,1770888156.147874,8859,12,1
2,Payment,1770888156.148303,12283,17,1
1,NewOrder,1770888156.148328,31903,9,1
1,NewOrder,1770888156.149503,35030,22,1
2,Payment,1770888156.150413,8191,1,1
2,Payment,1770888156.151905,7136,10,1
1,NewOrder,1770888156.152058,33380,5,1
4,Delivery,1770888156.153503,60428,15,1
1,NewOrder,1770888156.155570,40266,7,1
1,NewOrder,1770888156.156760,28165,12,1
1,NewOrder,1770888156.158042,19609,14,1
1,NewOrder,1770888156.158633,27284,1,1
2,Payment,1770888156.159071,7663,10,1
1,NewOrder,1770888156.159078,25483,4,1
1,NewOrder,1770888156.159540,18644,6,1
2,Payment,1770888156.160290,8422,0,1
2,Payment,1770888156.160610,12033,17,1
2,Payment,1770888156.160623,10727,2,1
5,StockLevel,1770888156.161542,16736,8,1
1,NewOrder,1770888156.163554,21500,13,1
2,Payment,1770888156.166762,7083,10,1
2,Payment,1770888156.167164,8860,16,1
1,NewOrder,1770888156.167608,21483,11,1
1,NewOrder,1770888156.168740,19960,0,1
2,Payment,1770888156.169195,11246,20,1
3,OrderStatus,1770888156.171380,4049,2,1
2,Payment,1770888156.172662,12336,17,1
2,Payment,1770888156.173875,9446,10,1
2,Payment,1770888156.174217,10806,19,1
1,NewOrder,1770888156.175452,36924,2,1
2,Payment,1770888156.176048,10789,16,1
2,Payment,1770888156.177699,25495,14,1
3,OrderStatus,1770888156.178201,10750,6,1
1,NewOrder,1770888156.178298,26608,8,1
1,NewOrder,1770888156.180291,31089,9,1
1,NewOrder,1770888156.180482,31863,20,1
1,NewOrder,1770888156.183301,32085,3,1
2,Payment,1770888156.183349,5761,10,1
1,NewOrder,1770888156.184573,28183,22,1
2,Payment,1770888156.184583,6577,4,1
1,NewOrder,1770888156.184947,24359,12,1
2,Payment,1770888156.185016,15979,17,1
1,NewOrder,1770888156.185039,24676,19,1
1,NewOrder,1770888156.185069,33669,13,1
1,NewOrder,1770888156.185465,30639,5,1
2,Payment,1770888156.185928,9284,1,1
1,NewOrder,1770888156.186857,35567,16,1
2,Payment,1770888156.188716,12889,0,1
1,NewOrder,1770888156.188971,34104,6,1
5,StockLevel,1770888156.189105,23956,11,1
2,Payment,1770888156.189137,3716,10,1
1,NewOrder,1770888156.191183,40474,4,1
1,NewOrder,1770888156.192421,47715,23,1
2,Payment,1770888156.192874,13096,10,1
1,NewOrder,1770888156.192964,3703,21,1
1,NewOrder,1770888156.193059,7887,18,1
2,Payment,1770888156.195232,12079,1,1
1,NewOrder,1770888156.195854,21506,7,1
2,Payment,1770888156.196685,1901,21,1
2,Payment,1770888156.198606,1969,21,1
2,Payment,1770888156.200594,10178,21,1
1,NewOrder,1770888156.200976,4925,18,1
1,NewOrder,1770888156.201022,20914,17,1
1,NewOrder,1770888156.201628,34337,0,1
2,Payment,1770888156.203220,3110,14,1
2,Payment,1770888156.204925,10842,8,1
1,NewOrder,1770888156.205921,39969,18,1
2,Payment,1770888156.205996,11816,10,1
2,Payment,1770888156.206358,7953,14,1
1,NewOrder,1770888156.207338,29214,1,1
4,Delivery,1770888156.209322,5071,12,1
2,Payment,1770888156.209742,6814,19,1
2,Payment,1770888156.210788,8282,21,1
2,Payment,1770888156.211401,8814,9,1
2,Payment,1770888156.212372,10011,20,1
2,Payment,1770888156.212390,6714,2,1
1,NewOrder,1770888156.212771,32751,22,1
2,Payment,1770888156.213075,13080,11,1
1,NewOrder,1770888156.213958,18891,15,1
1,NewOrder,1770888156.214338,39431,14,1
1,NewOrder,1770888156.214414,18454,12,1
1,NewOrder,1770888156.215415,23984,3,1
1,NewOrder,1770888156.215780,15990,8,1
1,NewOrder,1770888156.216120,35204,5,1
1,NewOrder,1770888156.216583,20832,19,1
2,Payment,1770888156.217382,15023,7,1
2,Payment,1770888156.217826,11528,10,1
2,Payment,1770888156.218764,10086,13,1
1,NewOrder,1770888156.219091,24162,21,1
2,Payment,1770888156.219132,10640,2,1
1,NewOrder,1770888156.220235,14973,9,1
2,Payment,1770888156.221953,10550,17,1
2,Payment,1770888156.222395,13338,20,1
1,NewOrder,1770888156.222450,28433,16,1
2,Payment,1770888156.223090,12552,6,1
2,Payment,1770888156.226175,11819,11,1
2,Payment,1770888156.228877,10158,13,1
2,Payment,1770888156.229376,18926,10,1
2,Payment,1770888156.229799,5948,2,1
2,Payment,1770888156.231682,9853,4,1
2,Payment,1770888156.231793,9113,8,1
3,OrderStatus,1770888156.232427,2395,7,1
2,Payment,1770888156.232525,8935,17,1
4,Delivery,1770888156.232868,43307,15,1
3,OrderStatus,1770888156.232884,8332,12,1
1,NewOrder,1770888156.234841,34154,7,1
2,Payment,1770888156.235229,15152,9,1
2,Payment,1770888156.235661,10732,6,1
1,NewOrder,1770888156.235760,30327,20,1
3,OrderStatus,1770888156.235763,8466,2,1
2,Payment,1770888156.235990,7603,0,1
1,NewOrder,1770888156.236567,39767,1,1
2,Payment,1770888156.237433,9079,19,1
1,NewOrder,1770888156.238014,25001,11,1
1,NewOrder,1770888156.239055,36783,13,1
1,NewOrder,1770888156.239418,41214,3,1
1,NewOrder,1770888156.240156,19854,23,1
1,NewOrder,1770888156.240922,37196,8,1
1,NewOrder,1770888156.241236,26506,12,1
1,NewOrder,1770888156.241472,27032,17,1
1,NewOrder,1770888156.241562,39546,4,1
2,Payment,1770888156.243277,8081,21,1
5,StockLevel,1770888156.243606,19749,0,1
2,Payment,1770888156.244255,10888,2,1
2,Payment,1770888156.245546,9973,22,1
1,NewOrder,1770888156.245903,14258,18,1
1,NewOrder,1770888156.246416,22556,6,1
2,Payment,1770888156.246527,31176,19,1
1,NewOrder,1770888156.248318,9607,10,1
2,Payment,1770888156.250406,7861,9,1
2,Payment,1770888156.250904,8437,16,1
4,Delivery,1770888156.251341,136311,5,1
2,Payment,1770888156.251373,8669,21,1
1,NewOrder,1770888156.253788,26372,14,1
1,NewOrder,1770888156.255165,39185,2,1
2,Payment,1770888156.255537,8098,22,1
1,NewOrder,1770888156.257940,44678,10,1
2,Payment,1770888156.258291,7231,9,1
2,Payment,1770888156.259358,7125,16,1
2,Payment,1770888156.260025,9530,23,1
2,Payment,1770888156.260058,7644,21,1
1,NewOrder,1770888156.260180,22024,18,1
1,NewOrder,1770888156.263038,20536,11,1
2,Payment,1770888156.263378,10078,0,1
2,Payment,1770888156.263650,11468,22,1
2,Payment,1770888156.265548,8362,9,1
1,NewOrder,1770888156.266115,29640,20,1
1,NewOrder,1770888156.266498,24289,16,1
1,NewOrder,1770888156.267715,37303,21,1
5,StockLevel,1770888156.267770,17326,12,1
2,Payment,1770888156.268524,7922,17,1
1,NewOrder,1770888156.268988,28115,6,1
5,StockLevel,1770888156.269007,18293,7,1
5,StockLevel,1770888156.269582,31190,23,1
1,NewOrder,1770888156.273482,31083,0,1
2,Payment,1770888156.273938,8519,9,1
2,Payment,1770888156.275145,5999,22,1
1,NewOrder,1770888156.275866,25869,13,1
1,NewOrder,1770888156.276200,31707,15,1
2,Payment,1770888156.276355,8610,1,1
5,StockLevel,1770888156.276471,16334,17,1
2,Payment,1770888156.277722,6190,19,1
2,Payment,1770888156.278130,10735,8,1
1,NewOrder,1770888156.280186,33895,14,1
2,Payment,1770888156.280656,12697,3,1
2,Payment,1770888156.281137,15019,4,1
1,NewOrder,1770888156.281164,31377,22,1
3,OrderStatus,1770888156.282232,7059,18,1
2,Payment,1770888156.282475,8683,9,1
2,Payment,1770888156.283591,14204,11,1
1,NewOrder,1770888156.283931,21711,19,1
1,NewOrder,1770888156.284986,27122,1,1
5,StockLevel,1770888156.285109,14626,12,1
2,Payment,1770888156.287316,12509,7,1
1,NewOrder,1770888156.288883,33619,8,1
2,Payment,1770888156.289316,11185,18,1
5,StockLevel,1770888156.290813,16209,16,1
4,Delivery,1770888156.291184,39049,9,1
1,NewOrder,1770888156.292820,30515,17,1
1,NewOrder,1770888156.293373,25788,3,1
2,Payment,1770888156.294361,9801,2,1
5,StockLevel,1770888156.295776,15235,20,1
1,NewOrder,1770888156.296182,25340,4,1
1,NewOrder,1770888156.297121,32621,6,1
2,Payment,1770888156.297814,9507,11,1
1,NewOrder,1770888156.299751,14001,12,1
2,Payment,1770888156.299843,9618,7,1
2,Payment,1770888156.300523,6038,18,1
2,Payment,1770888156.300788,7524,23,1
1,NewOrder,1770888156.301748,23539,13,1
1,NewOrder,1770888156.302636,22473,10,1
2,Payment,1770888156.304182,10475,2,1
2,Payment,1770888156.304588,7940,0,1
2,Payment,1770888156.305046,5545,21,1
2,Payment,1770888156.305677,11034,19,1
2,Payment,1770888156.306573,13088,18,1
1,NewOrder,1770888156.307042,16930,16,1
2,Payment,1770888156.307346,10672,11,1
1,NewOrder,1770888156.307935,31445,15,1
1,NewOrder,1770888156.308330,29360,23,1
1,NewOrder,1770888156.309483,28232,7,1
2,Payment,1770888156.310613,11428,21,1
2,Payment,1770888156.311025,13743,20,1
5,StockLevel,1770888156.312125,17128,1,1
1,NewOrder,1770888156.312545,33734,0,1
2,Payment,1770888156.312564,14219,22,1
4,Delivery,1770888156.313777,19431,12,1
1,NewOrder,1770888156.314097,28146,14,1
2,Payment,1770888156.314671,6350,2,1
2,Payment,1770888156.316727,13873,19,1
2,Payment,1770888156.318032,6339,11,1
1,NewOrder,1770888156.319178,33748,3,1
2,Payment,1770888156.319678,9055,18,1
2,Payment,1770888156.321043,6707,2,1
2,Payment,1770888156.321540,8740,4,1
1,NewOrder,1770888156.322063,29556,21,1
1,NewOrder,1770888156.322527,23332,8,1
1,NewOrder,1770888156.323352,24271,17,1
1,NewOrder,1770888156.323994,32996,16,1
2,Payment,1770888156.324389,6819,11,1
1,NewOrder,1770888156.324781,34187,20,1
2,Payment,1770888156.325123,11413,10,1
1,NewOrder,1770888156.325299,25308,13,1
4,Delivery,1770888156.326805,60081,22,1
1,NewOrder,1770888156.327771,40827,2,1
2,Payment,1770888156.328752,3594,18,1
2,Payment,1770888156.329279,11754,1,1
1,NewOrder,1770888156.329760,36491,6,1
2,Payment,1770888156.330249,10308,9,1
1,NewOrder,1770888156.330295,35129,4,1
1,NewOrder,1770888156.330617,23494,19,1
1,NewOrder,1770888156.331227,32884,11,1
2,Payment,1770888156.332363,4659,18,1
3,OrderStatus,1770888156.333227,6916,12,1
4,Delivery,1770888156.336562,110708,10,1
1,NewOrder,1770888156.337038,37980,18,1
1,NewOrder,1770888156.337704,32564,23,1
3,OrderStatus,1770888156.337734,8511,7,1
2,Payment,1770888156.339398,7111,15,1
2,Payment,1770888156.340165,8278,12,1
1,NewOrder,1770888156.340571,21938,9,1
1,NewOrder,1770888156.341053,20080,1,1
1,NewOrder,1770888156.342260,28430,14,1
2,Payment,1770888156.345879,13504,8,1
5,StockLevel,1770888156.346270,16746,7,1
2,Payment,1770888156.346299,9269,0,1
1,NewOrder,1770888156.346535,22872,15,1
1,NewOrder,1770888156.347638,26590,17,1
1,NewOrder,1770888156.348460,23294,12,1
2,Payment,1770888156.350626,7539,13,1
1,NewOrder,1770888156.351636,21995,21,1
1,NewOrder,1770888156.352944,19925,3,1
1,NewOrder,1770888156.354122,19600,19,1
1,NewOrder,1770888156.355595,23872,0,1
1,NewOrder,1770888156.357006,25724,16,1
2,Payment,1770888156.358187,8834,13,1
1,NewOrder,1770888156.358982,26997,20,1
1,NewOrder,1770888156.359402,24736,8,1
2,Payment,1770888156.361162,7935,1,1
1,NewOrder,1770888156.362536,18703,9,1
1,NewOrder,1770888156.363033,41293,7,1
2,Payment,1770888156.364138,9609,11,1
1,NewOrder,1770888156.365447,23049,4,1
2,Payment,1770888156.366287,10576,6,1
2,Payment,1770888156.367049,6997,13,1
1,NewOrder,1770888156.368626,38230,2,1
5,StockLevel,1770888156.369116,13673,1,1
2,Payment,1770888156.369424,9304,15,1
2,Payment,1770888156.370294,7508,23,1
2,Payment,1770888156.370715,10050,14,1
2,Payment,1770888156.371774,12387,12,1
1,NewOrder,1770888156.372895,24817,3,1
2,Payment,1770888156.373649,9184,21,1
2,Payment,1770888156.373749,12177,19,1
5,StockLevel,1770888156.373764,15227,11,1
1,NewOrder,1770888156.374070,24227,13,1
1,NewOrder,1770888156.374240,18173,17,1
4,Delivery,1770888156.375037,12312,18,1
4,Delivery,1770888156.376883,70903,6,1
1,NewOrder,1770888156.377830,35822,23,1
1,NewOrder,1770888156.378749,26023,15,1
3,OrderStatus,1770888156.379483,7827,0,1
2,Payment,1770888156.380784,6167,14,1
2,Payment,1770888156.381254,11201,9,1
2,Payment,1770888156.382748,7714,16,1
2,Payment,1770888156.382811,9735,1,1
1,NewOrder,1770888156.382855,18893,21,1
2,Payment,1770888156.384157,10436,8,1
2,Payment,1770888156.384177,4552,12,1
1,NewOrder,1770888156.385946,12949,19,1
2,Payment,1770888156.385996,5567,20,1
1,NewOrder,1770888156.386905,25128,22,1
1,NewOrder,1770888156.386965,40067,14,1
2,Payment,1770888156.387323,7658,0,1
2,Payment,1770888156.387362,6059,18,1
2,Payment,1770888156.387663,10676,5,1
2,Payment,1770888156.388512,20545,4,1
3,OrderStatus,1770888156.388740,8486,12,1
1,NewOrder,1770888156.389005,25845,11,1
3,OrderStatus,1770888156.390478,7455,16,1
1,NewOrder,1770888156.391587,37235,20,1
2,Payment,1770888156.392431,9744,17,1
1,NewOrder,1770888156.392472,23430,9,1
1,NewOrder,1770888156.392566,26417,1,1
1,NewOrder,1770888156.393441,19117,18,1
1,NewOrder,1770888156.394613,20632,8,1
1,NewOrder,1770888156.394995,31250,0,1
2,Payment,1770888156.397246,7427,12,1
2,Payment,1770888156.397733,9746,3,1
2,Payment,1770888156.397954,9730,16,1
2,Payment,1770888156.398313,15765,13,1
1,NewOrder,1770888156.398357,19609,5,1
1,NewOrder,1770888156.398910,24805,19,1
3,OrderStatus,1770888156.401769,5487,21,1
2,Payment,1770888156.402195,8933,17,1
1,NewOrder,1770888156.404343,23105,7,1
1,NewOrder,1770888156.404688,26289,12,1
3,OrderStatus,1770888156.404794,10186,15,1
5,StockLevel,1770888156.406874,17020,2,1
2,Payment,1770888156.407277,9430,21,1
2,Payment,1770888156.407498,10339,3,1
1,NewOrder,1770888156.407698,38850,16,1
2,Payment,1770888156.409075,10692,4,1
1,NewOrder,1770888156.411151,19955,17,1
2,Payment,1770888156.412046,6625,22,1
3,OrderStatus,1770888156.412573,9553,18,1
2,Payment,1770888156.413686,12908,23,1
1,NewOrder,1770888156.414106,16388,13,1
2,Payment,1770888156.414867,5326,11,1
4,Delivery,1770888156.414999,44336,15,1
2,Payment,1770888156.415272,7501,8,1
4,Delivery,1770888156.415914,31762,9,1
1,NewOrder,1770888156.416720,35034,21,1
1,NewOrder,1770888156.417852,29339,3,1
5,StockLevel,1770888156.417987,19418,5,1
5,StockLevel,1770888156.418685,28014,22,1
2,Payment,1770888156.419006,6734,1,1
2,Payment,1770888156.419786,15704,4,1
2,Payment,1770888156.420208,7573,11,1
2,Payment,1770888156.422147,11495,18,1
1,NewOrder,1770888156.422787,34640,8,1
1,NewOrder,1770888156.423735,32631,19,1
2,Payment,1770888156.423916,8737,2,1
2,Payment,1770888156.425757,5223,1,1
1,NewOrder,1770888156.426261,25151,0,1
1,NewOrder,1770888156.426620,19908,23,1
2,Payment,1770888156.427047,8045,14,1
1,NewOrder,1770888156.427470,18508,7,1
2,Payment,1770888156.427801,8493,11,1
2,Payment,1770888156.428842,8383,20,1
2,Payment,1770888156.430512,8532,13,1
1,NewOrder,1770888156.430989,35670,12,1
1,NewOrder,1770888156.431002,39811,1,1
2,Payment,1770888156.431117,10225,17,1
5,StockLevel,1770888156.432672,12406,2,1
1,NewOrder,1770888156.433653,20790,18,1
1,NewOrder,1770888156.435112,32379,14,1
1,NewOrder,1770888156.435511,16314,4,1
3,OrderStatus,1770888156.436315,8653,11,1
1,NewOrder,1770888156.437244,30215,20,1
1,NewOrder,1770888156.437428,35706,5,1
2,Payment,1770888156.439063,7510,13,1
5,StockLevel,1770888156.441358,17343,17,1
1,NewOrder,1770888156.444992,40740,11,1
2,Payment,1770888156.445096,10458,2,1
2,Payment,1770888156.445995,10274,7,1
1,NewOrder,1770888156.446557,34218,23,1
2,Payment,1770888156.446569,6798,16,1
1,NewOrder,1770888156.446590,24049,13,1
1,NewOrder,1770888156.446714,37710,22,1
1,NewOrder,1770888156.447211,24974,3,1
1,NewOrder,1770888156.447290,32343,10,1
1,NewOrder,1770888156.447687,7130,9,1
1,NewOrder,1770888156.447801,6993,6,1
2,Payment,1770888156.451434,8949,0,1
1,NewOrder,1770888156.451766,22365,21,1
1,NewOrder,1770888156.451844,33593,4,1
2,Payment,1770888156.453379,9376,16,1
1,NewOrder,1770888156.454460,39023,18,1
2,Payment,1770888156.454813,6932,6,1
2,Payment,1770888156.454833,8447,9,1
2,Payment,1770888156.455568,7157,2,1
1,NewOrder,1770888156.456287,28689,7,1
2,Payment,1770888156.456380,6985,19,1
1,NewOrder,1770888156.457453,32023,8,1
2,Payment,1770888156.458715,10599,17,1
1,NewOrder,1770888156.459353,34099,15,1
1,NewOrder,1770888156.460400,32458,0,1
1,NewOrder,1770888156.461758,42296,6,1
5,StockLevel,1770888156.462751,17933,2,1
1,NewOrder,1770888156.462776,32997,16,1
1,NewOrder,1770888156.463292,21671,9,1
2,Payment,1770888156.463391,9339,19,1
3,OrderStatus,1770888156.466674,8713,12,1
4,Delivery,1770888156.467470,50671,20,1
4,Delivery,1770888156.467508,47477,14,1
1,NewOrder,1770888156.469333,34756,17,1
1,NewOrder,1770888156.470656,31936,13,1
2,Payment,1770888156.470833,6639,1,1
1,NewOrder,1770888156.472211,17330,3,1
2,Payment,1770888156.472757,6535,19,1
2,Payment,1770888156.473152,8147,5,1
4,Delivery,1770888156.474147,44725,21,1
1,NewOrder,1770888156.475404,21557,12,1
1,NewOrder,1770888156.477492,30963,1,1
1,NewOrder,1770888156.479314,24792,19,1
2,Payment,1770888156.479651,6720,10,1
2,Payment,1770888156.480698,9900,2,1
2,Payment,1770888156.480795,8698,23,1
2,Payment,1770888156.481317,7659,5,1
3,OrderStatus,1770888156.484441,7229,22,1
2,Payment,1770888156.484982,8412,9,1
1,NewOrder,1770888156.484991,21979,7,1
1,NewOrder,1770888156.485465,22346,4,1
2,Payment,1770888156.485752,9984,11,1
3,OrderStatus,1770888156.486398,8489,10,1
1,NewOrder,1770888156.488993,17263,5,1
2,Payment,1770888156.489495,10639,8,1
1,NewOrder,1770888156.489509,15272,23,1
1,NewOrder,1770888156.489557,30519,3,1
2,Payment,1770888156.490614,4796,2,1
4,Delivery,1770888156.491689,27134,22,1
2,Payment,1770888156.492885,9747,0,1
4,Delivery,1770888156.493411,42145,9,1
1,NewOrder,1770888156.493480,24595,15,1
2,Payment,1770888156.493506,7175,18,1
1,NewOrder,1770888156.494902,21677,10,1
2,Payment,1770888156.495426,9390,2,1
1,NewOrder,1770888156.495753,23985,11,1
2,Payment,1770888156.495787,6023,16,1
1,NewOrder,1770888156.496976,26493,12,1
2,Payment,1770888156.500158,8207,8,1
1,NewOrder,1770888156.500696,28230,18,1
1,NewOrder,1770888156.501822,16977,16,1
1,NewOrder,1770888156.502609,25141,13,1
1,NewOrder,1770888156.502653,19081,0,1
2,Payment,1770888156.504071,13623,6,1
2,Payment,1770888156.504109,8381,17,1
1,NewOrder,1770888156.504125,28929,19,1
2,Payment,1770888156.504799,8162,23,1
2,Payment,1770888156.504831,8362,2,1
1,NewOrder,1770888156.506275,34776,5,1
1,NewOrder,1770888156.506995,24648,7,1
1,NewOrder,1770888156.507827,27305,4,1
1,NewOrder,1770888156.508380,24644,8,1
5,StockLevel,1770888156.508468,19965,1,1
1,NewOrder,1770888156.512505,19104,17,1
2,Payment,1770888156.512981,5898,23,1
1,NewOrder,1770888156.513205,30952,2,1
1,NewOrder,1770888156.515003,28121,14,1
1,NewOrder,1770888156.516594,18939,10,1
2,Payment,1770888156.517720,7158,6,1
3,OrderStatus,1770888156.518093,13762,15,1
2,Payment,1770888156.518160,12935,20,1
3,OrderStatus,1770888156.518817,12546,16,1
1,NewOrder,1770888156.518841,7065,22,1
1,NewOrder,1770888156.518892,7389,21,1
1,NewOrder,1770888156.518897,35596,23,1
2,Payment,1770888156.519757,8621,11,1
1,NewOrder,1770888156.520088,38912,3,1
3,OrderStatus,1770888156.521751,6914,0,1
1,NewOrder,1770888156.523483,41081,12,1
1,NewOrder,1770888156.524897,23479,6,1
2,Payment,1770888156.525928,6642,22,1
1,NewOrder,1770888156.526301,24299,21,1
2,Payment,1770888156.527764,7821,13,1
1,NewOrder,1770888156.528388,35386,11,1
4,Delivery,1770888156.528449,47611,1,1
1,NewOrder,1770888156.528680,35257,0,1
2,Payment,1770888156.528939,8858,18,1
2,Payment,1770888156.531114,11924,20,1
2,Payment,1770888156.531380,9147,16,1
1,NewOrder,1770888156.531622,35576,17,1
1,NewOrder,1770888156.531657,35594,7,1
1,NewOrder,1770888156.531867,34898,15,1
5,StockLevel,1770888156.532596,15688,22,1
2,Payment,1770888156.533036,3528,8,1
1,NewOrder,1770888156.533081,24328,19,1
2,Payment,1770888156.535147,6792,4,1
1,NewOrder,1770888156.535551,32686,10,1
1,NewOrder,1770888156.535570,27854,9,1
2,Payment,1770888156.535604,6788,13,1
1,NewOrder,1770888156.536577,35229,8,1
2,Payment,1770888156.537815,7751,18,1
2,Payment,1770888156.540550,8201,16,1
2,Payment,1770888156.541070,7795,5,1
1,NewOrder,1770888156.541955,35383,4,1
2,Payment,1770888156.542417,8509,13,1
2,Payment,1770888156.543063,6881,20,1
2,Payment,1770888156.543139,12258,14,1
3,OrderStatus,1770888156.544175,8424,2,1
1,NewOrder,1770888156.545584,49368,18,1
1,NewOrder,1770888156.548297,29321,22,1
2,Payment,1770888156.548394,10078,6,1
2,Payment,1770888156.548768,9726,16,1
2,Payment,1770888156.548882,9593,5,1
4,Delivery,1770888156.549964,34172,20,1
1,NewOrder,1770888156.550622,34415,21,1
1,NewOrder,1770888156.550944,33175,13,1
1,NewOrder,1770888156.552621,38008,2,1
1,NewOrder,1770888156.554511,34713,23,1
1,NewOrder,1770888156.555419,25351,14,1
1,NewOrder,1770888156.557425,35428,19,1
1,NewOrder,1770888156.558486,22137,6,1
2,Payment,1770888156.558495,7153,5,1
4,Delivery,1770888156.558509,108000,16,1
2,Payment,1770888156.559013,17390,3,1
1,NewOrder,1770888156.563451,36593,9,1
5,StockLevel,1770888156.563798,16978,11,1
1,NewOrder,1770888156.563951,22303,0,1
2,Payment,1770888156.564579,15096,12,1
2,Payment,1770888156.565698,8737,5,1
1,NewOrder,1770888156.566779,20889,15,1
1,NewOrder,1770888156.567221,35369,17,1
2,Payment,1770888156.567266,6489,7,1
1,NewOrder,1770888156.568452,18627,10,1
1,NewOrder,1770888156.571827,18926,8,1
1,NewOrder,1770888156.573774,36120,7,1
2,Payment,1770888156.574453,8100,5,1
2,Payment,1770888156.576072,19311,1,1
2,Payment,1770888156.576418,16806,3,1
2,Payment,1770888156.577364,14200,4,1
2,Payment,1770888156.577639,5766,22,1
1,NewOrder,1770888156.579689,25284,12,1
5,StockLevel,1770888156.580640,21226,6,1
2,Payment,1770888156.580780,6902,14,1
1,NewOrder,1770888156.580800,34406,11,1
2,Payment,1770888156.582567,7035,5,1
1,NewOrder,1770888156.583419,27069,22,1
1,NewOrder,1770888156.584145,36624,13,1
5,StockLevel,1770888156.584158,21466,20,1
1,NewOrder,1770888156.585064,25445,21,1
1,NewOrder,1770888156.586273,28975,0,1
4,Delivery,1770888156.587105,62414,10,1
2,Payment,1770888156.587693,12201,15,1
2,Payment,1770888156.587699,5727,14,1
1,NewOrder,1770888156.589240,34154,23,1
2,Payment,1770888156.589626,14333,5,1
1,NewOrder,1770888156.590641,22256,2,1
1,NewOrder,1770888156.590765,36385,8,1
2,Payment,1770888156.591588,10240,4,1
1,NewOrder,1770888156.592867,24337,19,1
2,Payment,1770888156.593242,6747,3,1
5,StockLevel,1770888156.593446,24965,14,1
2,Payment,1770888156.594968,3343,18,1
2,Payment,1770888156.595409,12036,1,1
2,Payment,1770888156.598330,1914,18,1
1,NewOrder,1770888156.599908,30713,15,1
2,Payment,1770888156.600005,5884,3,1
1,NewOrder,1770888156.600060,33701,9,1
2,Payment,1770888156.600256,2974,18,1
1,NewOrder,1770888156.601840,14822,4,1
2,Payment,1770888156.601887,12988,6,1
2,Payment,1770888156.602602,10814,17,1
2,Payment,1770888156.603253,8770,18,1
1,NewOrder,1770888156.603985,32201,5,1
1,NewOrder,1770888156.604994,36103,12,1
3,OrderStatus,1770888156.605645,7208,20,1
1,NewOrder,1770888156.605902,9324,3,1
2,Payment,1770888156.607455,3015,1,1
1,NewOrder,1770888156.609913,19714,7,1
1,NewOrder,1770888156.610484,21757,1,1
2,Payment,1770888156.610509,8638,22,1
2,Payment,1770888156.610527,6638,21,1
2,Payment,1770888156.612041,9072,18,1
3,OrderStatus,1770888156.612871,6877,20,1
2,Payment,1770888156.612911,6563,2,1
4,Delivery,1770888156.613428,53936,17,1
1,NewOrder,1770888156.614898,28422,6,1
1,NewOrder,1770888156.615220,32898,11,1
2,Payment,1770888156.615240,7000,3,1
2,Payment,1770888156.615264,8956,0,1
2,Payment,1770888156.616681,9593,4,1
1,NewOrder,1770888156.617174,19696,21,1
2,Payment,1770888156.617219,7357,19,1
2,Payment,1770888156.618430,9599,14,1
1,NewOrder,1770888156.619166,21019,22,1
3,OrderStatus,1770888156.619484,7115,2,1
2,Payment,1770888156.619759,8282,20,1
2,Payment,1770888156.620792,12142,13,1
1,NewOrder,1770888156.621122,18504,18,1
1,NewOrder,1770888156.622253,30904,3,1
1,NewOrder,1770888156.623406,23352,23,1
1,NewOrder,1770888156.624237,33048,0,1
1,NewOrder,1770888156.624600,25934,19,1
2,Payment,1770888156.626292,11867,4,1
5,StockLevel,1770888156.626611,15551,2,1
5,StockLevel,1770888156.627167,21235,8,1
5,StockLevel,1770888156.628042,14007,14,1
1,NewOrder,1770888156.628053,37138,20,1
2,Payment,1770888156.629638,7165,7,1
2,Payment,1770888156.630640,6168,15,1
2,Payment,1770888156.632267,7810,1,1
2,Payment,1770888156.632959,5697,13,1
1,NewOrder,1770888156.633786,27592,9,1
3,OrderStatus,1770888156.636203,7616,5,1
2,Payment,1770888156.636819,9479,7,1
1,NewOrder,1770888156.636823,29008,15,1
2,Payment,1770888156.636895,6970,21,1
1,NewOrder,1770888156.638208,17830,4,1
2,Payment,1770888156.638672,5624,13,1
2,Payment,1770888156.639659,7129,18,1
1,NewOrder,1770888156.640093,23705,1,1
2,Payment,1770888156.640198,8526,22,1
1,NewOrder,1770888156.641124,38274,12,1
2,Payment,1770888156.642074,9100,14,1
1,NewOrder,1770888156.642179,23556,2,1
5,StockLevel,1770888156.643336,12362,6,1
2,Payment,1770888156.643837,8423,5,1
1,NewOrder,1770888156.643884,31778,21,1
4,Delivery,1770888156.644316,22941,13,1
1,NewOrder,1770888156.646313,13760,7,1
2,Payment,1770888156.646773,8142,23,1
1,NewOrder,1770888156.646806,36896,18,1
2,Payment,1770888156.648133,5475,11,1
3,OrderStatus,1770888156.648417,6101,8,1
2,Payment,1770888156.648736,8844,22,1
2,Payment,1770888156.649531,7645,10,1
2,Payment,1770888156.650549,10175,19,1
1,NewOrder,1770888156.651192,33069,14,1
2,Payment,1770888156.652277,8435,5,1
2,Payment,1770888156.653169,9940,3,1
2,Payment,1770888156.653633,12133,11,1
2,Payment,1770888156.654534,14962,8,1
1,NewOrder,1770888156.654934,29355,23,1
2,Payment,1770888156.655711,18078,6,1
1,NewOrder,1770888156.656055,30812,4,1
2,Payment,1770888156.657202,14834,10,1
1,NewOrder,1770888156.657296,19704,0,1
2,Payment,1770888156.657589,6966,22,1
2,Payment,1770888156.660083,17463,7,1
2,Payment,1770888156.660729,7856,5,1
2,Payment,1770888156.660742,6706,19,1
4,Delivery,1770888156.661389,44545,9,1
1,NewOrder,1770888156.663129,32426,3,1
2,Payment,1770888156.663820,9548,1,1
1,NewOrder,1770888156.664570,24185,22,1
2,Payment,1770888156.665205,12206,20,1
1,NewOrder,1770888156.665745,32709,2,1
1,NewOrder,1770888156.665788,39942,11,1
1,NewOrder,1770888156.665841,39933,15,1
4,Delivery,1770888156.666528,62907,16,1
2,Payment,1770888156.667275,1771,13,1
5,StockLevel,1770888156.667383,1910,17,1
2,Payment,1770888156.667469,12441,19,1
1,NewOrder,1770888156.668597,34564,5,1
2,Payment,1770888156.669063,2075,13,1
2,Payment,1770888156.669306,4455,17,1
1,NewOrder,1770888156.669509,30486,8,1
1,NewOrder,1770888156.671158,26184,13,1
2,Payment,1770888156.672049,13154,10,1
1,NewOrder,1770888156.673385,40218,1,1
2,Payment,1770888156.673781,5427,17,1
5,StockLevel,1770888156.673806,7247,6,1
2,Payment,1770888156.675677,6819,21,1
1,NewOrder,1770888156.677017,21410,0,1
2,Payment,1770888156.677421,6752,20,1
1,NewOrder,1770888156.677556,25075,7,1
3,OrderStatus,1770888156.679229,8630,17,1
2,Payment,1770888156.679415,7970,12,1
1,NewOrder,1770888156.679924,17930,19,1
3,OrderStatus,1770888156.681069,9651,6,1
2,Payment,1770888156.682519,7402,21,1
2,Payment,1770888156.683723,7784,18,1
1,NewOrder,1770888156.684189,27533,20,1
1,NewOrder,1770888156.684278,32026,14,1
2,Payment,1770888156.684307,10291,23,1
2,Payment,1770888156.685221,8577,10,1
2,Payment,1770888156.686883,9205,4,1
1,NewOrder,1770888156.687396,28882,12,1
2,Payment,1770888156.687875,12447,17,1
1,NewOrder,1770888156.688766,33844,22,1
2,Payment,1770888156.689950,8799,21,1
2,Payment,1770888156.690735,7741,6,1
1,NewOrder,1770888156.691534,30464,18,1
3,OrderStatus,1770888156.693816,6716,10,1
1,NewOrder,1770888156.694616,18604,23,1
1,NewOrder,1770888156.695566,18000,3,1
1,NewOrder,1770888156.696099,29803,4,1
2,Payment,1770888156.697364,7776,13,1
4,Delivery,1770888156.697871,34298,19,1
1,NewOrder,1770888156.698444,30454,0,1
1,NewOrder,1770888156.698473,19172,2,1
2,Payment,1770888156.698488,7110,6,1
3,OrderStatus,1770888156.698771,7859,21,1
1,NewOrder,1770888156.700020,22401,8,1
1,NewOrder,1770888156.700333,40287,17,1
2,Payment,1770888156.700547,9574,10,1
2,Payment,1770888156.702645,9480,7,1
4,Delivery,1770888156.703177,65376,5,1
5,StockLevel,1770888156.705152,22890,13,1
1,NewOrder,1770888156.705613,18718,6,1
2,Payment,1770888156.705741,10152,11,1
1,NewOrder,1770888156.705789,21017,15,1
2,Payment,1770888156.705945,12086,9,1
2,Payment,1770888156.706642,8842,21,1
1,NewOrder,1770888156.710140,32400,10,1
4,Delivery,1770888156.711738,21379,20,1
5,StockLevel,1770888156.712131,12621,7,1
2,Payment,1770888156.713235,6671,23,1
1,NewOrder,1770888156.713584,28451,3,1
1,NewOrder,1770888156.713612,20187,1,1
1,NewOrder,1770888156.715496,22191,21,1
1,NewOrder,1770888156.715899,34683,11,1
2,Payment,1770888156.716291,6194,12,1
2,Payment,1770888156.716318,8409,14,1
2,Payment,1770888156.717676,7147,2,1
1,NewOrder,1770888156.718047,18149,9,1
1,NewOrder,1770888156.719922,17759,23,1
1,NewOrder,1770888156.722008,29283,18,1
2,Payment,1770888156.722436,8577,8,1
1,NewOrder,1770888156.722505,30566,12,1
1,NewOrder,1770888156.722620,28643,22,1
4,Delivery,1770888156.724348,14872,6,1
2,Payment,1770888156.724737,4738,14,1
1,NewOrder,1770888156.724765,31560,7,1
1,NewOrder,1770888156.724840,32298,2,1
1,NewOrder,1770888156.725923,24704,4,1
2,Payment,1770888156.726819,8690,15,1
1,NewOrder,1770888156.728058,22594,13,1
1,NewOrder,1770888156.728911,34364,0,1
5,StockLevel,1770888156.729450,20941,16,1
1,NewOrder,1770888156.729488,24842,14,1
3,OrderStatus,1770888156.731030,7765,8,1
1,NewOrder,1770888156.732191,33521,19,1
1,NewOrder,1770888156.733138,3877,20,1
4,Delivery,1770888156.733815,35272,1,1
2,Payment,1770888156.735524,8357,15,1
2,Payment,1770888156.736209,6234,9,1
2,Payment,1770888156.737027,4192,20,1
2,Payment,1770888156.737699,10445,23,1
1,NewOrder,1770888156.737700,16326,21,1
2,Payment,1770888156.738808,6801,8,1
1,NewOrder,1770888156.739236,26805,6,1
1,NewOrder,1770888156.740630,26953,17,1
5,StockLevel,1770888156.741229,22398,20,1
1,NewOrder,1770888156.742049,19497,3,1
3,OrderStatus,1770888156.742455,7872,9,1
2,Payment,1770888156.742566,7355,10,1
1,NewOrder,1770888156.743896,33014,15,1
1,NewOrder,1770888156.745622,36511,8,1
1,NewOrder,1770888156.748160,41086,23,1
2,Payment,1770888156.749942,7162,10,1
1,NewOrder,1770888156.750341,34101,9,1
1,NewOrder,1770888156.750403,29007,16,1
3,OrderStatus,1770888156.750588,7819,11,1
2,Payment,1770888156.750645,6501,4,1
1,NewOrder,1770888156.750666,32940,13,1
2,Payment,1770888156.751274,5787,22,1
2,Payment,1770888156.751310,9792,18,1
2,Payment,1770888156.753095,9744,12,1
1,NewOrder,1770888156.754045,25817,21,1
1,NewOrder,1770888156.754345,21221,14,1
1,NewOrder,1770888156.756350,25200,7,1
2,Payment,1770888156.757083,7219,22,1
4,Delivery,1770888156.757122,52689,10,1
1,NewOrder,1770888156.757159,31632,2,1
2,Payment,1770888156.757161,10601,4,1
2,Payment,1770888156.758424,10093,11,1
1,NewOrder,1770888156.761117,36333,18,1
1,NewOrder,1770888156.761574,24940,3,1
2,Payment,1770888156.762864,7054,12,1
2,Payment,1770888156.763292,7715,0,1
2,Payment,1770888156.763642,9325,20,1
3,OrderStatus,1770888156.764317,8793,22,1
1,NewOrder,1770888156.765726,25612,19,1
1,NewOrder,1770888156.766050,30110,6,1
1,NewOrder,1770888156.767599,33621,17,1
2,Payment,1770888156.767782,7234,4,1
2,Payment,1770888156.768534,12225,11,1
2,Payment,1770888156.768570,11193,5,1
2,Payment,1770888156.769100,8424,1,1
2,Payment,1770888156.769938,8186,12,1
5,StockLevel,1770888156.771022,22520,0,1
1,NewOrder,1770888156.772979,41994,20,1
2,Payment,1770888156.773130,9865,22,1
2,Payment,1770888156.775061,11801,4,1
2,Payment,1770888156.775585,10536,14,1
2,Payment,1770888156.776950,14090,15,1
2,Payment,1770888156.777548,5786,1,1
5,StockLevel,1770888156.778137,20442,12,1
1,NewOrder,1770888156.779434,36855,16,1
2,Payment,1770888156.779776,11157,5,1
2,Payment,1770888156.779877,10714,21,1
1,NewOrder,1770888156.780783,30911,11,1
1,NewOrder,1770888156.781575,21891,7,1
1,NewOrder,1770888156.782146,23637,8,1
5,StockLevel,1770888156.783011,17677,22,1
2,Payment,1770888156.783352,5803,1,1
2,Payment,1770888156.783629,9064,13,1
2,Payment,1770888156.784455,5724,9,1
1,NewOrder,1770888156.786135,39328,14,1
4,Delivery,1770888156.786537,35887,3,1
1,NewOrder,1770888156.786887,38966,4,1
2,Payment,1770888156.788804,9965,2,1
2,Payment,1770888156.789170,5030,1,1
1,NewOrder,1770888156.789261,35512,23,1
1,NewOrder,1770888156.790200,29030,9,1
1,NewOrder,1770888156.790605,24044,21,1
2,Payment,1770888156.790947,5623,5,1
1,NewOrder,1770888156.791062,33338,15,1
2,Payment,1770888156.791351,8573,19,1
2,Payment,1770888156.792716,6863,13,1
4,Delivery,1770888156.793555,29447,0,1
3,OrderStatus,1770888156.794217,7320,1,1
2,Payment,1770888156.796175,9606,6,1
4,Delivery,1770888156.796587,26387,5,1
1,NewOrder,1770888156.797477,40976,18,1
2,Payment,1770888156.798592,8717,12,1
2,Payment,1770888156.798798,6547,2,1
1,NewOrder,1770888156.799604,35622,13,1
5,StockLevel,1770888156.799938,18894,19,1
1,NewOrder,1770888156.800709,43168,22,1
3,OrderStatus,1770888156.801246,8064,17,1
1,NewOrder,1770888156.801546,20460,1,1
1,NewOrder,1770888156.803483,18899,7,1
2,Payment,1770888156.805366,4958,2,1
2,Payment,1770888156.805799,5387,8,1
2,Payment,1770888156.805808,8396,6,1
3,OrderStatus,1770888156.807324,6816,12,1
1,NewOrder,1770888156.809332,39945,17,1
3,OrderStatus,1770888156.809823,6580,10,1
5,StockLevel,1770888156.810336,14190,2,1
2,Payment,1770888156.811202,6148,8,1
2,Payment,1770888156.811706,9265,11,1
1,NewOrder,1770888156.814158,20023,12,1
3,OrderStatus,1770888156.814227,3019,6,1
1,NewOrder,1770888156.814672,36722,21,1
1,NewOrder,1770888156.814998,41510,20,1
5,StockLevel,1770888156.816330,19039,16,1
1,NewOrder,1770888156.816422,28335,10,1
2,Payment,1770888156.817257,16920,6,1
2,Payment,1770888156.817366,14434,8,1
2,Payment,1770888156.818844,10624,19,1
1,NewOrder,1770888156.819257,31692,9,1
2,Payment,1770888156.820991,16026,11,1
1,NewOrder,1770888156.822036,28166,1,1
2,Payment,1770888156.822399,16357,7,1
1,NewOrder,1770888156.822444,23887,3,1
1,NewOrder,1770888156.822998,31217,5,1
2,Payment,1770888156.823027,2078,0,1
1,NewOrder,1770888156.824424,37286,15,1
2,Payment,1770888156.824546,11656,2,1
2,Payment,1770888156.824801,7739,23,1
2,Payment,1770888156.825125,1888,0,1
2,Payment,1770888156.825481,8315,14,1
1,NewOrder,1770888156.825879,34569,4,1
1,NewOrder,1770888156.827031,14534,0,1
2,Payment,1770888156.829488,14388,19,1
2,Payment,1770888156.831817,12099,8,1
1,NewOrder,1770888156.832561,39702,23,1
2,Payment,1770888156.833818,9591,14,1
1,NewOrder,1770888156.834201,25480,6,1
3,OrderStatus,1770888156.834208,9144,12,1
1,NewOrder,1770888156.835246,19823,13,1
3,OrderStatus,1770888156.835386,10650,16,1
5,StockLevel,1770888156.836224,14971,2,1
1,NewOrder,1770888156.837039,20498,11,1
2,Payment,1770888156.838470,10176,18,1
2,Payment,1770888156.838773,6543,7,1
1,NewOrder,1770888156.841588,20429,0,1
2,Payment,1770888156.843370,14140,12,1
2,Payment,1770888156.843434,11405,14,1
1,NewOrder,1770888156.843896,23826,19,1
2,Payment,1770888156.843904,7853,22,1
2,Payment,1770888156.843937,6983,8,1
4,Delivery,1770888156.844771,51913,10,1
1,NewOrder,1770888156.845334,30008,7,1
2,Payment,1770888156.846056,13062,16,1
1,NewOrder,1770888156.846345,25577,3,1
3,OrderStatus,1770888156.848670,5818,18,1
1,NewOrder,1770888156.849303,22240,17,1
2,Payment,1770888156.850226,8415,1,1
2,Payment,1770888156.850938,7644,8,1
1,NewOrder,1770888156.850965,18961,9,1
1,NewOrder,1770888156.851210,32056,2,1
1,NewOrder,1770888156.851420,21817,21,1
2,Payment,1770888156.851775,6003,22,1
1,NewOrder,1770888156.854240,34417,5,1
2,Payment,1770888156.854503,10199,18,1
2,Payment,1770888156.854851,11996,14,1
1,NewOrder,1770888156.855082,32392,13,1
1,NewOrder,1770888156.856519,25314,20,1
2,Payment,1770888156.857533,3271,12,1
1,NewOrder,1770888156.857554,39604,11,1
1,NewOrder,1770888156.857804,32051,22,1
1,NewOrder,1770888156.858595,20856,8,1
1,NewOrder,1770888156.858666,25775,1,1
2,Payment,1770888156.859135,3527,16,1
2,Payment,1770888156.859704,8377,6,1
1,NewOrder,1770888156.860474,29904,4,1
2,Payment,1770888156.860822,7865,12,1
1,NewOrder,1770888156.861735,23290,15,1
1,NewOrder,1770888156.862042,14202,0,1
1,NewOrder,1770888156.862672,32334,16,1
3,OrderStatus,1770888156.864718,7578,18,1
2,Payment,1770888156.866872,9139,14,1
1,NewOrder,1770888156.867741,20142,19,1
1,NewOrder,1770888156.868099,23531,6,1
1,NewOrder,1770888156.868709,13539,12,1
1,NewOrder,1770888156.869942,32040,9,1
2,Payment,1770888156.871560,8392,17,1
1,NewOrder,1770888156.871933,27351,3,1
1,NewOrder,1770888156.872289,23405,23,1
2,Payment,1770888156.872318,12146,18,1
2,Payment,1770888156.873262,12722,21,1
2,Payment,1770888156.875358,9877,7,1
2,Payment,1770888156.876036,8368,14,1
1,NewOrder,1770888156.876263,20032,0,1
3,OrderStatus,1770888156.879469,7649,8,1
2,Payment,1770888156.879968,8007,17,1
2,Payment,1770888156.881851,8397,20,1
2,Payment,1770888156.882273,8007,12,1
1,NewOrder,1770888156.883291,27053,2,1
1,NewOrder,1770888156.884420,37174,14,1
1,NewOrder,1770888156.884467,36043,1,1
1,NewOrder,1770888156.884479,35664,18,1
1,NewOrder,1770888156.885043,18253,15,1
2,Payment,1770888156.885260,7106,7,1
1,NewOrder,1770888156.886008,16475,21,1
1,NewOrder,1770888156.887142,26256,8,1
1,NewOrder,1770888156.887488,33041,13,1
1,NewOrder,1770888156.887899,23701,19,1
2,Payment,1770888156.887989,9130,17,1
1,NewOrder,1770888156.888666,36260,5,1
2,Payment,1770888156.889872,11226,22,1
1,NewOrder,1770888156.890258,31798,20,1
2,Payment,1770888156.890294,8374,12,1
3,OrderStatus,1770888156.890403,6673,4,1
5,StockLevel,1770888156.891655,15338,6,1
2,Payment,1770888156.892376,7651,7,1
2,Payment,1770888156.895020,8854,16,1
2,Payment,1770888156.895714,8197,23,1
2,Payment,1770888156.896306,7908,0,1
1,NewOrder,1770888156.896711,29203,10,1
2,Payment,1770888156.897100,10013,4,1
1,NewOrder,1770888156.897137,28753,17,1
1,NewOrder,1770888156.897183,23889,11,1
5,StockLevel,1770888156.898683,8384,12,1
2,Payment,1770888156.899299,11317,3,1
1,NewOrder,1770888156.900042,34534,7,1
2,Payment,1770888156.901117,8762,22,1
1,NewOrder,1770888156.901994,23567,9,1
3,OrderStatus,1770888156.902508,9449,21,1
1,NewOrder,1770888156.903312,18717,15,1
2,Payment,1770888156.903887,8261,16,1
2,Payment,1770888156.903926,10351,23,1
1,NewOrder,1770888156.904226,35430,0,1
4,Delivery,1770888156.907017,17528,6,1
1,NewOrder,1770888156.907083,41317,12,1
3,OrderStatus,1770888156.907134,7350,4,1
2,Payment,1770888156.910052,8374,22,1
1,NewOrder,1770888156.910635,25416,2,1
1,NewOrder,1770888156.910641,27004,3,1
1,NewOrder,1770888156.911629,29686,19,1
1,NewOrder,1770888156.911975,17850,21,1
2,Payment,1770888156.912178,8292,16,1
2,Payment,1770888156.913418,8188,8,1
2,Payment,1770888156.914304,7623,23,1
5,StockLevel,1770888156.914505,16158,4,1
1,NewOrder,1770888156.918441,19963,22,1
2,Payment,1770888156.920169,7489,18,1
1,NewOrder,1770888156.920495,31081,16,1
1,NewOrder,1770888156.920523,37220,1,1
5,StockLevel,1770888156.920545,14735,13,1
1,NewOrder,1770888156.921089,36194,11,1
2,Payment,1770888156.921603,8185,14,1
1,NewOrder,1770888156.921618,19667,8,1
2,Payment,1770888156.921943,7404,23,1
3,OrderStatus,1770888156.922056,8373,15,1
4,Delivery,1770888156.922070,36465,20,1
1,NewOrder,1770888156.924564,24680,6,1
2,Payment,1770888156.924947,10444,5,1
2,Payment,1770888156.925588,8344,9,1
2,Payment,1770888156.925919,7417,17,1
1,NewOrder,1770888156.925935,17802,10,1
2,Payment,1770888156.927669,7705,18,1
3,OrderStatus,1770888156.929364,8281,23,1
1,NewOrder,1770888156.929802,18229,14,1
1,NewOrder,1770888156.929840,32385,21,1
4,Delivery,1770888156.930449,40021,15,1
2,Payment,1770888156.930682,9882,4,1
1,NewOrder,1770888156.933352,33646,17,1
1,NewOrder,1770888156.933948,34834,9,1
2,Payment,1770888156.934590,8081,7,1
2,Payment,1770888156.935291,8333,13,1
2,Payment,1770888156.935389,7991,18,1
2,Payment,1770888156.935414,7692,5,1
1,NewOrder,1770888156.936063,25782,2,1
3,OrderStatus,1770888156.937684,9188,3,1
2,Payment,1770888156.937685,7344,23,1
3,OrderStatus,1770888156.938418,8093,22,1
2,Payment,1770888156.939682,8756,0,1
2,Payment,1770888156.940582,9780,4,1
4,Delivery,1770888156.941297,58939,8,1
1,NewOrder,1770888156.941334,19925,19,1
1,NewOrder,1770888156.942683,21268,7,1
1,NewOrder,1770888156.943123,18160,5,1
1,NewOrder,1770888156.943404,34313,18,1
5,StockLevel,1770888156.943639,13147,13,1
1,NewOrder,1770888156.943752,28315,10,1
1,NewOrder,1770888156.945046,32645,23,1
2,Payment,1770888156.946527,11190,22,1
1,NewOrder,1770888156.946892,27213,3,1
2,Payment,1770888156.948041,7299,14,1
1,NewOrder,1770888156.948421,35395,12,1
2,Payment,1770888156.948454,12195,0,1
2,Payment,1770888156.949254,9321,6,1
1,NewOrder,1770888156.950378,20659,4,1
2,Payment,1770888156.951595,6179,16,1
2,Payment,1770888156.955355,7572,14,1
1,NewOrder,1770888156.956807,26448,13,1
2,Payment,1770888156.957309,8688,11,1
1,NewOrder,1770888156.957736,33234,22,1
1,NewOrder,1770888156.957759,17170,1,1
1,NewOrder,1770888156.957786,25451,16,1
1,NewOrder,1770888156.958562,31924,20,1
2,Payment,1770888156.958600,9335,6,1
2,Payment,1770888156.960662,7748,0,1
3,OrderStatus,1770888156.961269,8558,19,1
1,NewOrder,1770888156.961297,19819,5,1
2,Payment,1770888156.961863,8239,2,1
1,NewOrder,1770888156.962236,22609,21,1
2,Payment,1770888156.962951,7548,14,1
1,NewOrder,1770888156.963959,16579,7,1
4,Delivery,1770888156.966012,34794,11,1
1,NewOrder,1770888156.967025,28606,17,1
1,NewOrder,1770888156.967961,26837,6,1
3,OrderStatus,1770888156.968428,7835,0,1
1,NewOrder,1770888156.968809,39063,9,1
2,Payment,1770888156.969852,7795,19,1
2,Payment,1770888156.970126,7135,2,1
2,Payment,1770888156.970484,9616,15,1
1,NewOrder,1770888156.970512,34202,14,1
1,NewOrder,1770888156.971050,36815,4,1
2,Payment,1770888156.972088,7401,10,1
3,OrderStatus,1770888156.974121,6355,3,1
2,Payment,1770888156.974940,7891,1,1
1,NewOrder,1770888156.976289,16034,0,1
2,Payment,1770888156.977286,7219,2,1
1,NewOrder,1770888156.977691,31756,19,1
4,Delivery,1770888156.977714,59466,23,1
4,Delivery,1770888156.977734,59899,18,1
1,NewOrder,1770888156.979515,21813,10,1
2,Payment,1770888156.980119,5852,15,1
2,Payment,1770888156.980501,13256,3,1
1,NewOrder,1770888156.980548,39648,7,1
2,Payment,1770888156.981142,14123,5,1
2,Payment,1770888156.982846,8031,1,1
2,Payment,1770888156.983246,5984,16,1
1,NewOrder,1770888156.983281,29120,13,1
1,NewOrder,1770888156.983835,35664,12,1
5,StockLevel,1770888156.984525,12971,2,1
1,NewOrder,1770888156.984856,28920,21,1
2,Payment,1770888156.985997,6842,15,1
1,NewOrder,1770888156.989255,22166,16,1
1,NewOrder,1770888156.990510,27318,20,1
2,Payment,1770888156.990903,10035,1,1
1,NewOrder,1770888156.990995,29692,22,1
2,Payment,1770888156.992348,15108,0,1
4,Delivery,1770888156.992854,34918,15,1
1,NewOrder,1770888156.993783,37016,3,1
1,NewOrder,1770888156.994823,35460,6,1
2,Payment,1770888156.995290,7781,5,1
1,NewOrder,1770888156.995656,35228,17,1
3,OrderStatus,1770888156.997523,12504,2,1
1,NewOrder,1770888157.000261,24033,8,1
1,NewOrder,1770888157.000828,7091,11,1
1,NewOrder,1770888157.000964,24738,1,1
2,Payment,1770888157.001355,11719,10,1
1,NewOrder,1770888157.003087,17798,5,1
2,Payment,1770888157.004726,12631,14,1
1,NewOrder,1770888157.007483,37722,0,1
1,NewOrder,1770888157.007881,19441,4,1
2,Payment,1770888157.007896,9889,9,1
1,NewOrder,1770888157.007945,25998,11,1
1,NewOrder,1770888157.009461,28642,19,1
1,NewOrder,1770888157.010049,36039,2,1
1,NewOrder,1770888157.011446,28177,16,1
3,OrderStatus,1770888157.012423,8095,13,1
2,Payment,1770888157.013098,7812,10,1
5,StockLevel,1770888157.013798,19609,21,1
1,NewOrder,1770888157.017380,14838,14,1
2,Payment,1770888157.017810,6013,9,1
2,Payment,1770888157.017852,6519,20,1
2,Payment,1770888157.019525,6756,12,1
3,OrderStatus,1770888157.020221,8357,7,1
1,NewOrder,1770888157.020542,30925,13,1
2,Payment,1770888157.020704,7004,22,1
1,NewOrder,1770888157.020909,30932,5,1
2,Payment,1770888157.020922,6905,10,1
2,Payment,1770888157.023848,6827,9,1
2,Payment,1770888157.024319,8341,8,1
1,NewOrder,1770888157.024385,18053,20,1
1,NewOrder,1770888157.025727,23392,1,1
1,NewOrder,1770888157.026295,28022,12,1
2,Payment,1770888157.027348,6916,4,1
1,NewOrder,1770888157.027726,22314,22,1
1,NewOrder,1770888157.027793,39500,15,1
2,Payment,1770888157.027843,12304,10,1
1,NewOrder,1770888157.028590,33706,7,1
1,NewOrder,1770888157.030297,36110,6,1
3,OrderStatus,1770888157.030697,8433,9,1
1,NewOrder,1770888157.030810,32211,3,1
1,NewOrder,1770888157.030909,29776,17,1
1,NewOrder,1770888157.032229,41592,14,1
1,NewOrder,1770888157.032674,32552,8,1
1,NewOrder,1770888157.033432,23924,21,1
2,Payment,1770888157.033959,9069,11,1
2,Payment,1770888157.034283,8669,4,1
1,NewOrder,1770888157.037197,26167,23,1
1,NewOrder,1770888157.037654,6764,18,1
1,NewOrder,1770888157.038116,23765,19,1
1,NewOrder,1770888157.039154,23130,9,1
1,NewOrder,1770888157.039647,37030,16,1
2,Payment,1770888157.040160,6438,10,1
1,NewOrder,1770888157.042461,33010,20,1
2,Payment,1770888157.042964,7877,4,1
2,Payment,1770888157.043053,5630,11,1
2,Payment,1770888157.044445,7397,18,1
1,NewOrder,1770888157.045230,25793,0,1
1,NewOrder,1770888157.046100,19602,2,1
1,NewOrder,1770888157.046623,23255,10,1
1,NewOrder,1770888157.048700,17026,11,1
4,Delivery,1770888157.049145,39105,1,1
2,Payment,1770888157.050052,10759,22,1
1,NewOrder,1770888157.050850,28855,4,1
2,Payment,1770888157.051493,8676,13,1
1,NewOrder,1770888157.051852,31586,5,1
3,OrderStatus,1770888157.051866,7769,18,1
2,Payment,1770888157.054343,8567,12,1
1,NewOrder,1770888157.057382,30887,21,1
2,Payment,1770888157.059660,10975,18,1
1,NewOrder,1770888157.060191,36532,13,1
3,OrderStatus,1770888157.060711,6995,17,1
2,Payment,1770888157.060832,12725,22,1
2,Payment,1770888157.061902,13699,19,1
2,Payment,1770888157.062307,6290,9,1
1,NewOrder,1770888157.062322,34367,7,1
1,NewOrder,1770888157.062927,24708,12,1
1,NewOrder,1770888157.063035,34528,3,1
1,NewOrder,1770888157.063372,19611,23,1
2,Payment,1770888157.065243,8325,8,1
2,Payment,1770888157.065727,7447,2,1
1,NewOrder,1770888157.065752,25994,11,1
4,Delivery,1770888157.066419,15108,6,1
2,Payment,1770888157.067311,7614,15,1
1,NewOrder,1770888157.067732,34588,17,1
1,NewOrder,1770888157.068610,27557,9,1
1,NewOrder,1770888157.069900,35356,10,1
3,OrderStatus,1770888157.070659,7592,18,1
2,Payment,1770888157.071042,11965,0,1
1,NewOrder,1770888157.073199,35905,2,1
1,NewOrder,1770888157.073584,28390,22,1
1,NewOrder,1770888157.073586,31305,8,1
1,NewOrder,1770888157.073845,24555,14,1
2,Payment,1770888157.074941,7313,15,1
1,NewOrder,1770888157.075484,27958,20,1
1,NewOrder,1770888157.075612,21050,19,1
2,Payment,1770888157.076702,7861,16,1
1,NewOrder,1770888157.078273,32690,18,1
1,NewOrder,1770888157.079730,26281,4,1
5,StockLevel,1770888157.081548,17780,6,1
2,Payment,1770888157.082279,7403,15,1
2,Payment,1770888157.082999,8224,23,1
2,Payment,1770888157.083032,8674,0,1
1,NewOrder,1770888157.083456,34418,5,1
2,Payment,1770888157.084579,10729,16,1
1,NewOrder,1770888157.087645,32404,12,1
1,NewOrder,1770888157.088275,19626,1,1
1,NewOrder,1770888157.088286,22348,21,1
2,Payment,1770888157.089708,8734,15,1
1,NewOrder,1770888157.091240,29720,23,1
1,NewOrder,1770888157.091729,19251,0,1
2,Payment,1770888157.091771,7153,11,1
2,Payment,1770888157.095334,7718,16,1
2,Payment,1770888157.096190,6167,9,1
1,NewOrder,1770888157.096673,31229,19,1
1,NewOrder,1770888157.096703,24724,7,1
1,NewOrder,1770888157.096748,23347,13,1
1,NewOrder,1770888157.097574,22310,3,1
4,Delivery,1770888157.098427,33628,14,1
1,NewOrder,1770888157.098465,29826,15,1
2,Payment,1770888157.098949,7357,11,1
2,Payment,1770888157.099341,9198,6,1
1,NewOrder,1770888157.101999,31994,22,1
2,Payment,1770888157.102342,7382,17,1
1,NewOrder,1770888157.102382,19813,9,1
1,NewOrder,1770888157.103071,22622,16,1
1,NewOrder,1770888157.103467,22815,20,1
2,Payment,1770888157.104913,7997,8,1
1,NewOrder,1770888157.105281,24264,10,1
4,Delivery,1770888157.106034,55057,4,1
2,Payment,1770888157.106324,9488,11,1
1,NewOrder,1770888157.107912,22195,1,1
1,NewOrder,1770888157.108556,23059,6,1
1,NewOrder,1770888157.109129,29171,2,1
2,Payment,1770888157.109738,9133,17,1
2,Payment,1770888157.110659,9346,21,1
1,NewOrder,1770888157.110977,19434,18,1
3,OrderStatus,1770888157.110994,8073,0,1
2,Payment,1770888157.112925,8428,8,1
1,NewOrder,1770888157.115829,26718,11,1
1,NewOrder,1770888157.117887,27469,5,1
1,NewOrder,1770888157.118895,16327,17,1
1,NewOrder,1770888157.119093,26643,0,1
1,NewOrder,1770888157.119902,35860,3,1
1,NewOrder,1770888157.120030,30640,21,1
1,NewOrder,1770888157.120075,35630,12,1
1,NewOrder,1770888157.120117,22449,13,1
2,Payment,1770888157.120971,7346,23,1
1,NewOrder,1770888157.121366,36405,8,1
1,NewOrder,1770888157.121438,33554,7,1
1,NewOrder,1770888157.122206,37440,9,1
1,NewOrder,1770888157.125721,29126,16,1
1,NewOrder,1770888157.126308,21700,20,1
2,Payment,1770888157.127918,7690,19,1
2,Payment,1770888157.128305,6310,15,1
2,Payment,1770888157.128335,8919,23,1
2,Payment,1770888157.129570,7237,10,1
1,NewOrder,1770888157.130122,28089,1,1
1,NewOrder,1770888157.130432,23703,18,1
2,Payment,1770888157.131632,7048,6,1
1,NewOrder,1770888157.132068,27471,14,1
2,Payment,1770888157.134004,9550,22,1
2,Payment,1770888157.134630,7331,15,1
2,Payment,1770888157.135248,9020,17,1
2,Payment,1770888157.135619,19376,19,1
2,Payment,1770888157.136829,9408,10,1
2,Payment,1770888157.137277,8758,23,1
1,NewOrder,1770888157.138317,18921,2,1
1,NewOrder,1770888157.138690,58502,6,1
2,Payment,1770888157.141985,7666,15,1
1,NewOrder,1770888157.142570,47003,11,1
2,Payment,1770888157.142591,9858,13,1
2,Payment,1770888157.143579,8496,22,1
2,Payment,1770888157.144301,29249,17,1
2,Payment,1770888157.145382,7788,5,1
5,StockLevel,1770888157.145761,27916,0,1
1,NewOrder,1770888157.146060,49065,23,1
2,Payment,1770888157.146263,11431,10,1
1,NewOrder,1770888157.148023,41994,20,1
2,Payment,1770888157.149688,9485,15,1
2,Payment,1770888157.150695,23002,21,1
1,NewOrder,1770888157.152087,32347,22,1
3,OrderStatus,1770888157.152475,6784,13,1
1,NewOrder,1770888157.153193,45414,5,1
5,StockLevel,1770888157.154154,19668,18,1
1,NewOrder,1770888157.154865,39451,16,1
1,NewOrder,1770888157.155008,41349,7,1
1,NewOrder,1770888157.155010,43457,19,1
2,Payment,1770888157.155720,24067,12,1
2,Payment,1770888157.155773,18495,3,1
2,Payment,1770888157.157263,22208,2,1
1,NewOrder,1770888157.157705,31625,10,1
2,Payment,1770888157.157796,24245,8,1
2,Payment,1770888157.158223,25453,1,1
2,Payment,1770888157.159188,22993,15,1
1,NewOrder,1770888157.159279,41885,13,1
1,NewOrder,1770888157.159550,37163,14,1
5,StockLevel,1770888157.159654,45739,9,1
2,Payment,1770888157.161115,20595,4,1
1,NewOrder,1770888157.173573,27325,17,1
1,NewOrder,1770888157.173704,43038,0,1
2,Payment,1770888157.173722,10424,21,1
1,NewOrder,1770888157.173834,25782,18,1
1,NewOrder,1770888157.174289,15011,3,1
2,Payment,1770888157.179488,20692,2,1
2,Payment,1770888157.179799,4313,12,1
1,NewOrder,1770888157.181735,31330,4,1
1,NewOrder,1770888157.182047,48039,8,1
1,NewOrder,1770888157.182201,16589,15,1
2,Payment,1770888157.183700,5198,1,1
2,Payment,1770888157.184119,4121,12,1
1,NewOrder,1770888157.184172,30940,21,1
1,NewOrder,1770888157.184459,25714,22,1
1,NewOrder,1770888157.188256,49660,12,1
2,Payment,1770888157.188924,9080,1,1
1,NewOrder,1770888157.189325,19828,3,1
1,NewOrder,1770888157.189353,15445,10,1
1,NewOrder,1770888157.189589,25458,11,1
1,NewOrder,1770888157.190042,15371,20,1
1,NewOrder,1770888157.194341,24454,16,1
3,OrderStatus,1770888157.195151,5476,23,1
1,NewOrder,1770888157.196382,39620,7,1
2,Payment,1770888157.196736,4379,14,1
2,Payment,1770888157.197217,11948,6,1
2,Payment,1770888157.198030,17153,1,1
3,OrderStatus,1770888157.198488,11790,19,1
5,StockLevel,1770888157.198617,23741,5,1
1,NewOrder,1770888157.198816,48124,15,1
1,NewOrder,1770888157.199632,22782,18,1
2,Payment,1770888157.200190,8558,2,1
2,Payment,1770888157.200652,5552,23,1
2,Payment,1770888157.200924,12544,17,1
1,NewOrder,1770888157.201130,21399,14,1
3,OrderStatus,1770888157.201191,4427,13,1
2,Payment,1770888157.204820,5807,10,1
2,Payment,1770888157.205415,8906,9,1
1,NewOrder,1770888157.205434,15426,20,1
2,Payment,1770888157.205641,10217,13,1
1,NewOrder,1770888157.206221,15178,23,1
1,NewOrder,1770888157.208774,35708,2,1
1,NewOrder,1770888157.209179,16984,3,1
3,OrderStatus,1770888157.209190,6028,6,1
1,NewOrder,1770888157.210187,33209,22,1
1,NewOrder,1770888157.210306,36682,19,1
5,StockLevel,1770888157.210650,10331,10,1
1,NewOrder,1770888157.213090,43473,4,1
2,Payment,1770888157.213483,7754,17,1
2,Payment,1770888157.214344,10838,9,1
2,Payment,1770888157.215072,11980,11,1
2,Payment,1770888157.215130,15632,21,1
2,Payment,1770888157.215209,11319,1,1
1,NewOrder,1770888157.215243,37060,6,1
5,StockLevel,1770888157.215885,4859,13,1
2,Payment,1770888157.216767,11896,0,1
2,Payment,1770888157.218821,4536,16,1
1,NewOrder,1770888157.220760,38668,13,1
1,NewOrder,1770888157.220885,17529,20,1
1,NewOrder,1770888157.220996,43207,10,1
4,Delivery,1770888157.221249,60590,17,1
2,Payment,1770888157.221410,10941,23,1
1,NewOrder,1770888157.222383,24150,5,1
2,Payment,1770888157.222423,13189,18,1
1,NewOrder,1770888157.222556,16328,14,1
1,NewOrder,1770888157.223382,7327,16,1
1,NewOrder,1770888157.225207,30919,9,1
2,Payment,1770888157.226188,8934,3,1
3,OrderStatus,1770888157.226542,1339,1,1
2,Payment,1770888157.227064,4975,11,1
1,NewOrder,1770888157.227897,26927,1,1
1,NewOrder,1770888157.228681,27000,0,1
2,Payment,1770888157.230097,12148,8,1
2,Payment,1770888157.230734,8252,16,1
1,NewOrder,1770888157.230788,29299,21,1
1,NewOrder,1770888157.232054,33897,11,1
5,StockLevel,1770888157.232368,9687,23,1
1,NewOrder,1770888157.235133,23939,3,1
2,Payment,1770888157.235637,2746,18,1
2,Payment,1770888157.236017,7645,7,1
1,NewOrder,1770888157.237945,18597,12,1
2,Payment,1770888157.238402,1482,18,1
2,Payment,1770888157.238427,7614,20,1
2,Payment,1770888157.238909,8046,14,1
2,Payment,1770888157.239014,17542,16,1
5,StockLevel,1770888157.239896,19443,18,1
1,NewOrder,1770888157.242081,33069,23,1
1,NewOrder,1770888157.242270,29543,8,1
2,Payment,1770888157.243421,6765,22,1
4,Delivery,1770888157.243689,61110,7,1
1,NewOrder,1770888157.244506,18658,2,1
1,NewOrder,1770888157.246064,35474,20,1
1,NewOrder,1770888157.246555,45651,5,1
2,Payment,1770888157.246955,3808,15,1
2,Payment,1770888157.246982,11516,14,1
5,StockLevel,1770888157.247014,8815,19,1
1,NewOrder,1770888157.250203,23028,22,1
2,Payment,1770888157.250786,3494,15,1
2,Payment,1770888157.252329,5663,6,1
4,Delivery,1770888157.254294,28069,15,1
1,NewOrder,1770888157.254833,16427,1,1
1,NewOrder,1770888157.255688,19465,0,1
2,Payment,1770888157.255855,13194,19,1
2,Payment,1770888157.256142,5875,9,1
1,NewOrder,1770888157.256568,23766,12,1
1,NewOrder,1770888157.256581,24932,16,1
1,NewOrder,1770888157.256587,23763,4,1
2,Payment,1770888157.258006,5749,6,1
2,Payment,1770888157.258517,6046,14,1
1,NewOrder,1770888157.259097,36759,3,1
2,Payment,1770888157.259354,12339,18,1
2,Payment,1770888157.259454,7352,13,1
4,Delivery,1770888157.260113,83099,21,1
3,OrderStatus,1770888157.262030,6582,9,1
4,Delivery,1770888157.263178,77854,2,1
2,Payment,1770888157.263780,8070,6,1
2,Payment,1770888157.264229,9554,10,1
1,NewOrder,1770888157.264581,23440,14,1
2,Payment,1770888157.265975,9576,11,1
4,Delivery,1770888157.266832,15521,13,1
3,OrderStatus,1770888157.268627,4657,9,1
2,Payment,1770888157.269076,18407,19,1
2,Payment,1770888157.271286,8437,1,1
1,NewOrder,1770888157.271708,18609,18,1
2,Payment,1770888157.271831,5725,8,1
2,Payment,1770888157.271869,8418,6,1
1,NewOrder,1770888157.273244,40138,22,1
1,NewOrder,1770888157.273310,23694,9,1
1,NewOrder,1770888157.273807,37368,10,1
2,Payment,1770888157.275168,17385,0,1
1,NewOrder,1770888157.275177,28662,23,1
1,NewOrder,1770888157.275576,26659,11,1
1,NewOrder,1770888157.277569,10347,8,1
2,Payment,1770888157.279736,10553,1,1
2,Payment,1770888157.280312,2080,6,1
2,Payment,1770888157.280359,4789,12,1
1,NewOrder,1770888157.280363,23551,4,1
1,NewOrder,1770888157.281541,23286,16,1
1,NewOrder,1770888157.281565,23360,20,1
2,Payment,1770888157.281860,6082,17,1
1,NewOrder,1770888157.282370,8522,13,1
1,NewOrder,1770888157.282379,7533,15,1
3,OrderStatus,1770888157.282406,3470,6,1
1,NewOrder,1770888157.285173,38387,12,1
2,Payment,1770888157.285899,5545,6,1
2,Payment,1770888157.287509,13092,19,1
4,Delivery,1770888157.287940,18432,8,1
2,Payment,1770888157.287967,3505,17,1
1,NewOrder,1770888157.288038,24422,14,1
1,NewOrder,1770888157.289937,19328,15,1
2,Payment,1770888157.290301,11906,1,1
2,Payment,1770888157.290341,11648,18,1
1,NewOrder,1770888157.290909,22467,13,1
1,NewOrder,1770888157.291465,12344,6,1
2,Payment,1770888157.291488,5758,17,1
1,NewOrder,1770888157.292229,31090,5,1
2,Payment,1770888157.292564,11850,0,1
5,StockLevel,1770888157.295871,16906,3,1
3,OrderStatus,1770888157.297030,4091,9,1
2,Payment,1770888157.297270,4370,17,1
2,Payment,1770888157.300628,6443,19,1
4,Delivery,1770888157.301144,16221,9,1
2,Payment,1770888157.301689,21299,17,1
2,Payment,1770888157.302004,7764,18,1
2,Payment,1770888157.302226,9478,1,1
2,Payment,1770888157.302252,4556,11,1
2,Payment,1770888157.303827,21005,6,1
2,Payment,1770888157.303866,7746,23,1
1,NewOrder,1770888157.303940,55663,4,1
1,NewOrder,1770888157.304425,31349,0,1
1,NewOrder,1770888157.304816,56905,7,1
1,NewOrder,1770888157.304849,26174,16,1
1,NewOrder,1770888157.304950,43809,20,1
5,StockLevel,1770888157.306394,8426,8,1
2,Payment,1770888157.306834,4740,11,1
2,Payment,1770888157.307088,5934,19,1
1,NewOrder,1770888157.309290,14374,15,1
1,NewOrder,1770888157.309792,15437,18,1
4,Delivery,1770888157.311200,26046,10,1
1,NewOrder,1770888157.311600,57789,11,1
1,NewOrder,1770888157.311637,38997,23,1
2,Payment,1770888157.311717,7194,1,1
1,NewOrder,1770888157.312473,19486,14,1
1,NewOrder,1770888157.312792,18602,3,1
1,NewOrder,1770888157.313039,46175,19,1
2,Payment,1770888157.313397,11811,13,1
3,OrderStatus,1770888157.313400,4467,22,1
2,Payment,1770888157.314833,5397,8,1
2,Payment,1770888157.317380,11117,9,1
5,StockLevel,1770888157.317885,10866,22,1
2,Payment,1770888157.318927,16883,1,1
1,NewOrder,1770888157.320255,30685,8,1
3,OrderStatus,1770888157.323011,12228,17,1
1,NewOrder,1770888157.323345,10913,5,1
1,NewOrder,1770888157.323585,44089,12,1
1,NewOrder,1770888157.323680,13043,15,1
1,NewOrder,1770888157.324854,30207,6,1
3,OrderStatus,1770888157.325225,1801,13,1
2,Payment,1770888157.325245,1970,18,1
1,NewOrder,1770888157.327040,41195,13,1
4,Delivery,1770888157.327225,16475,18,1
1,NewOrder,1770888157.328523,32022,9,1
2,Payment,1770888157.328765,4121,22,1
1,NewOrder,1770888157.331050,36164,16,1
2,Payment,1770888157.331410,6217,3,1
2,Payment,1770888157.331983,3027,14,1
1,NewOrder,1770888157.332900,10756,22,1
2,Payment,1770888157.334283,5545,5,1
2,Payment,1770888157.335030,3916,14,1
1,NewOrder,1770888157.335262,34896,17,1
1,NewOrder,1770888157.335796,26189,0,1
1,NewOrder,1770888157.335828,34562,1,1
2,Payment,1770888157.336750,4827,15,1
3,OrderStatus,1770888157.337260,3008,10,1
2,Payment,1770888157.337651,4337,3,1
3,OrderStatus,1770888157.338971,2837,14,1
2,Payment,1770888157.339853,3794,5,1
1,NewOrder,1770888157.340295,16727,10,1
1,NewOrder,1770888157.341055,32187,2,1
1,NewOrder,1770888157.341587,28216,15,1
4,Delivery,1770888157.341830,39674,14,1
2,Payment,1770888157.342005,3001,3,1
2,Payment,1770888157.343236,12232,21,1
2,Payment,1770888157.343674,3869,22,1
2,Payment,1770888157.343676,3069,5,1
1,NewOrder,1770888157.343722,3357,18,1
2,Payment,1770888157.345022,3215,3,1
1,NewOrder,1770888157.346771,35919,5,1
2,Payment,1770888157.347095,10360,18,1
2,Payment,1770888157.347566,13681,22,1
2,Payment,1770888157.348251,2828,3,1
1,NewOrder,1770888157.348781,31817,20,1
2,Payment,1770888157.350649,16916,23,1
5,StockLevel,1770888157.350959,13717,8,1
2,Payment,1770888157.351088,2016,3,1
1,NewOrder,1770888157.353115,39871,3,1
2,Payment,1770888157.355087,7214,6,1
2,Payment,1770888157.355485,8739,21,1
5,StockLevel,1770888157.357046,28150,10,1
1,NewOrder,1770888157.357472,26376,18,1
2,Payment,1770888157.359242,6806,19,1
1,NewOrder,1770888157.359628,12389,4,1
2,Payment,1770888157.360558,3122,9,1
2,Payment,1770888157.361262,15573,22,1
2,Payment,1770888157.361747,8594,7,1
1,NewOrder,1770888157.362011,36181,0,1
2,Payment,1770888157.362325,6578,6,1
1,NewOrder,1770888157.363693,35567,9,1
2,Payment,1770888157.364239,9312,21,1
1,NewOrder,1770888157.364702,15593,8,1
2,Payment,1770888157.366063,5668,19,1
2,Payment,1770888157.367240,4081,16,1
1,NewOrder,1770888157.367579,26220,23,1
2,Payment,1770888157.367700,5078,12,1
2,Payment,1770888157.368261,5950,13,1
2,Payment,1770888157.368927,8344,6,1
1,NewOrder,1770888157.369414,28013,11,1
2,Payment,1770888157.369830,8764,15,1
1,NewOrder,1770888157.370185,21533,17,1
2,Payment,1770888157.370365,8564,7,1
1,NewOrder,1770888157.370403,32798,1,1
2,Payment,1770888157.371347,14987,16,1
2,Payment,1770888157.371746,3338,19,1
1,NewOrder,1770888157.372032,26253,4,1
2,Payment,1770888157.372793,3564,12,1
5,StockLevel,1770888157.373256,22789,2,1
1,NewOrder,1770888157.373573,17145,21,1
1,NewOrder,1770888157.374223,17469,13,1
2,Payment,1770888157.375097,4029,19,1
2,Payment,1770888157.376370,14545,12,1
4,Delivery,1770888157.376847,32949,22,1
1,NewOrder,1770888157.377297,25558,6,1
2,Payment,1770888157.378620,9112,15,1
4,Delivery,1770888157.378942,33239,7,1
2,Payment,1770888157.379152,14623,19,1
1,NewOrder,1770888157.380304,46245,8,1
1,NewOrder,1770888157.380621,17327,20,1
2,Payment,1770888157.381525,8063,14,1
1,NewOrder,1770888157.382712,18634,5,1
1,NewOrder,1770888157.383874,21329,18,1
2,Payment,1770888157.385219,6496,10,1
1,NewOrder,1770888157.386348,32558,16,1
1,NewOrder,1770888157.387759,35269,15,1
1,NewOrder,1770888157.389606,17084,14,1
1,NewOrder,1770888157.390732,36244,21,1
4,Delivery,1770888157.390932,14874,12,1
1,NewOrder,1770888157.391709,30498,13,1
1,NewOrder,1770888157.391730,18729,10,1
1,NewOrder,1770888157.391736,21037,17,1
3,OrderStatus,1770888157.393011,5679,3,1
1,NewOrder,1770888157.393800,56913,19,1
2,Payment,1770888157.393809,1907,23,1
2,Payment,1770888157.395739,2153,23,1
1,NewOrder,1770888157.396070,39709,2,1
4,Delivery,1770888157.397443,15127,11,1
1,NewOrder,1770888157.397905,36347,23,1
1,NewOrder,1770888157.397960,45118,20,1
1,NewOrder,1770888157.398203,38302,0,1
1,NewOrder,1770888157.398310,39367,4,1
1,NewOrder,1770888157.398714,12290,3,1
4,Delivery,1770888157.399271,13390,9,1
1,NewOrder,1770888157.401362,15561,5,1
1,NewOrder,1770888157.402868,31095,6,1
5,StockLevel,1770888157.403226,19000,1,1
1,NewOrder,1770888157.405229,31904,18,1
1,NewOrder,1770888157.405828,19298,12,1
2,Payment,1770888157.406702,6390,14,1
1,NewOrder,1770888157.409808,14721,22,1
4,Delivery,1770888157.410473,2252,10,1
2,Payment,1770888157.411029,5408,3,1
1,NewOrder,1770888157.412207,30207,7,1
1,NewOrder,1770888157.412587,28803,11,1
5,StockLevel,1770888157.412681,7542,9,1
1,NewOrder,1770888157.412740,21151,10,1
2,Payment,1770888157.412789,9873,17,1
1,NewOrder,1770888157.413108,22665,14,1
2,Payment,1770888157.416452,4484,3,1
2,Payment,1770888157.416938,5782,5,1
2,Payment,1770888157.418928,8021,16,1
2,Payment,1770888157.420239,12123,9,1
1,NewOrder,1770888157.420950,22016,3,1
2,Payment,1770888157.422222,15694,13,1
2,Payment,1770888157.422244,12750,1,1
2,Payment,1770888157.422673,7194,17,1
2,Payment,1770888157.422741,9299,5,1
2,Payment,1770888157.423048,9342,15,1
1,NewOrder,1770888157.424556,17794,22,1
1,NewOrder,1770888157.425142,26728,12,1
1,NewOrder,1770888157.426562,39426,8,1
1,NewOrder,1770888157.426966,38993,16,1
2,Payment,1770888157.426989,7311,21,1
2,Payment,1770888157.429888,4443,17,1
1,NewOrder,1770888157.432057,25398,5,1
2,Payment,1770888157.432377,1907,9,1
2,Payment,1770888157.432406,3903,15,1
2,Payment,1770888157.433942,7789,10,1
1,NewOrder,1770888157.433989,15731,6,1
2,Payment,1770888157.434269,2204,23,1
3,OrderStatus,1770888157.434313,8509,21,1
1,NewOrder,1770888157.434320,13800,9,1
2,Payment,1770888157.434357,5508,17,1
3,OrderStatus,1770888157.435007,5588,1,1
2,Payment,1770888157.435801,5901,14,1
1,NewOrder,1770888157.435806,30206,2,1
1,NewOrder,1770888157.436324,23580,15,1
2,Payment,1770888157.436487,14085,23,1
2,Payment,1770888157.436519,9051,0,1
1,NewOrder,1770888157.437158,18676,18,1
1,NewOrder,1770888157.437702,29357,4,1
2,Payment,1770888157.437940,5435,13,1
1,NewOrder,1770888157.439881,52973,17,1
2,Payment,1770888157.440610,10073,1,1
2,Payment,1770888157.441402,10583,11,1
1,NewOrder,1770888157.441717,23204,14,1
2,Payment,1770888157.441746,4950,10,1
1,NewOrder,1770888157.442364,17724,22,1
2,Payment,1770888157.442426,15465,7,1
2,Payment,1770888157.442839,19088,21,1
1,NewOrder,1770888157.442977,24405,3,1
2,Payment,1770888157.443090,16608,20,1
2,Payment,1770888157.443383,1678,13,1
5,StockLevel,1770888157.445088,34159,13,1
1,NewOrder,1770888157.445583,26075,0,1
1,NewOrder,1770888157.446708,12489,10,1
2,Payment,1770888157.448148,6327,9,1
2,Payment,1770888157.449736,10322,6,1
1,NewOrder,1770888157.450586,37372,23,1
1,NewOrder,1770888157.450699,31163,1,1
1,NewOrder,1770888157.450726,24677,19,1
1,NewOrder,1770888157.451881,13692,12,1
5,StockLevel,1770888157.452001,23344,11,1
1,NewOrder,1770888157.454499,45494,9,1
1,NewOrder,1770888157.455846,25737,18,1
1,NewOrder,1770888157.457468,14559,5,1
2,Payment,1770888157.457916,5830,7,1
1,NewOrder,1770888157.459221,22271,10,1
2,Payment,1770888157.459705,9601,20,1
1,NewOrder,1770888157.459915,32350,15,1
1,NewOrder,1770888157.460071,15978,6,1
1,NewOrder,1770888157.460097,22393,22,1
2,Payment,1770888157.461944,9460,21,1
1,NewOrder,1770888157.463767,29934,7,1
2,Payment,1770888157.464933,6054,14,1
1,NewOrder,1770888157.465596,21006,12,1
2,Payment,1770888157.465984,10080,16,1
5,StockLevel,1770888157.465999,19770,8,1
2,Payment,1770888157.466025,10422,2,1
4,Delivery,1770888157.467073,58881,4,1
1,NewOrder,1770888157.467396,13649,3,1
2,Payment,1770888157.469320,8980,20,1
2,Payment,1770888157.471013,6627,14,1
2,Payment,1770888157.471419,8506,21,1
5,StockLevel,1770888157.471672,17078,0,1
1,NewOrder,1770888157.472038,28836,5,1
1,NewOrder,1770888157.475370,22821,11,1
2,Payment,1770888157.475428,7555,19,1
1,NewOrder,1770888157.476062,30066,6,1
2,Payment,1770888157.476088,8166,16,1
2,Payment,1770888157.476457,8496,2,1
1,NewOrder,1770888157.477657,30415,14,1
4,Delivery,1770888157.478312,35439,20,1
1,NewOrder,1770888157.479273,19362,13,1
2,Payment,1770888157.479950,4639,21,1
2,Payment,1770888157.481069,7916,3,1
2,Payment,1770888157.481509,8299,10,1
2,Payment,1770888157.481608,8206,18,1
2,Payment,1770888157.481886,9157,1,1
3,OrderStatus,1770888157.482503,8207,22,1
4,Delivery,1770888157.482997,31363,19,1
1,NewOrder,1770888157.484278,33008,16,1
2,Payment,1770888157.484604,6907,21,1
1,NewOrder,1770888157.484968,16929,2,1
1,NewOrder,1770888157.485791,24065,8,1
2,Payment,1770888157.486618,10533,12,1
2,Payment,1770888157.487970,5284,23,1
2,Payment,1770888157.488765,9923,0,1
1,NewOrder,1770888157.489003,26960,3,1
1,NewOrder,1770888157.489835,20480,18,1
1,NewOrder,1770888157.489838,18460,10,1
2,Payment,1770888157.490724,9846,22,1
2,Payment,1770888157.491069,16550,1,1
1,NewOrder,1770888157.491523,25233,21,1
1,NewOrder,1770888157.492291,18518,15,1
1,NewOrder,1770888157.492865,26904,17,1
1,NewOrder,1770888157.493276,21453,23,1
2,Payment,1770888157.493716,6892,7,1
2,Payment,1770888157.497176,5913,12,1
1,NewOrder,1770888157.498215,37818,11,1
1,NewOrder,1770888157.498661,24154,13,1
2,Payment,1770888157.498713,6902,0,1
2,Payment,1770888157.500014,8902,9,1
1,NewOrder,1770888157.500584,20231,22,1
2,Payment,1770888157.500634,6598,7,1
2,Payment,1770888157.500885,9333,5,1
2,Payment,1770888157.501911,17262,2,1
1,NewOrder,1770888157.503101,15504,12,1
1,NewOrder,1770888157.505641,33038,0,1
3,OrderStatus,1770888157.506154,5839,6,1
4,Delivery,1770888157.507257,28262,7,1
1,NewOrder,1770888157.507644,21604,1,1
2,Payment,1770888157.508095,6439,14,1
1,NewOrder,1770888157.508311,16159,10,1
1,NewOrder,1770888157.508934,36573,9,1
3,OrderStatus,1770888157.509883,8305,8,1
4,Delivery,1770888157.510235,16231,5,1
2,Payment,1770888157.510330,6938,18,1
1,NewOrder,1770888157.510834,25134,15,1
2,Payment,1770888157.512014,7124,6,1
2,Payment,1770888157.513772,7404,20,1
1,NewOrder,1770888157.514375,7741,19,1
1,NewOrder,1770888157.514549,20932,14,1
1,NewOrder,1770888157.514754,37289,23,1
2,Payment,1770888157.515978,5553,3,1
2,Payment,1770888157.516781,6002,21,1
2,Payment,1770888157.517280,16615,18,1
1,NewOrder,1770888157.517312,31517,16,1
2,Payment,1770888157.518212,8494,8,1
1,NewOrder,1770888157.518617,34487,12,1
1,NewOrder,1770888157.519146,30403,6,1
2,Payment,1770888157.519197,9795,2,1
2,Payment,1770888157.519794,7286,17,1
2,Payment,1770888157.520831,4101,22,1
2,Payment,1770888157.521193,8529,20,1
2,Payment,1770888157.521555,11959,3,1
1,NewOrder,1770888157.522134,38615,19,1
2,Payment,1770888157.522807,8575,21,1
1,NewOrder,1770888157.522831,22705,13,1
2,Payment,1770888157.524485,10354,10,1
1,NewOrder,1770888157.524941,22516,22,1
4,Delivery,1770888157.525970,55307,4,1
1,NewOrder,1770888157.526488,17367,5,1
1,NewOrder,1770888157.526722,33923,8,1
2,Payment,1770888157.527106,8813,17,1
5,StockLevel,1770888157.529018,20830,2,1
1,NewOrder,1770888157.529260,6311,1,1
2,Payment,1770888157.529749,12431,20,1
1,NewOrder,1770888157.531407,32461,21,1
1,NewOrder,1770888157.533539,32226,3,1
1,NewOrder,1770888157.533920,7803,18,1
2,Payment,1770888157.534862,8431,10,1
2,Payment,1770888157.535492,8697,14,1
1,NewOrder,1770888157.535545,29905,7,1
2,Payment,1770888157.535597,8237,1,1
1,NewOrder,1770888157.535944,26729,17,1
1,NewOrder,1770888157.535980,32163,15,1
2,Payment,1770888157.536060,8759,11,1
1,NewOrder,1770888157.538693,23242,0,1
1,NewOrder,1770888157.541758,23641,18,1
2,Payment,1770888157.542230,7908,20,1
1,NewOrder,1770888157.543320,16692,10,1
1,NewOrder,1770888157.543860,20426,1,1
1,NewOrder,1770888157.543868,25019,5,1
1,NewOrder,1770888157.544201,24658,14,1
1,NewOrder,1770888157.544843,20061,11,1
1,NewOrder,1770888157.545519,34383,9,1
2,Payment,1770888157.545552,10824,13,1
2,Payment,1770888157.547479,5298,22,1
1,NewOrder,1770888157.548855,37360,16,1
1,NewOrder,1770888157.549574,26188,6,1
1,NewOrder,1770888157.549875,18841,2,1
5,StockLevel,1770888157.550164,24328,20,1
5,StockLevel,1770888157.552068,15008,23,1
2,Payment,1770888157.552792,4040,22,1
1,NewOrder,1770888157.553119,11278,12,1
1,NewOrder,1770888157.556393,21053,13,1
2,Payment,1770888157.556846,11918,22,1
2,Payment,1770888157.560038,4758,10,1
1,NewOrder,1770888157.560672,17941,8,1
1,NewOrder,1770888157.560759,25368,19,1
1,NewOrder,1770888157.561960,23414,0,1
1,NewOrder,1770888157.562686,13285,17,1
2,Payment,1770888157.563890,6291,21,1
1,NewOrder,1770888157.564312,11927,1,1
1,NewOrder,1770888157.564406,44792,12,1
1,NewOrder,1770888157.564811,21705,10,1
4,Delivery,1770888157.564915,67402,11,1
2,Payment,1770888157.565416,7928,18,1
1,NewOrder,1770888157.565476,35673,7,1
1,NewOrder,1770888157.565777,25170,3,1
1,NewOrder,1770888157.567091,25785,23,1
2,Payment,1770888157.568164,9829,15,1
2,Payment,1770888157.568731,12168,2,1
2,Payment,1770888157.568789,2817,22,1
1,NewOrder,1770888157.568883,31832,14,1
1,NewOrder,1770888157.568898,30509,5,1
1,NewOrder,1770888157.570191,42555,21,1
2,Payment,1770888157.571632,3210,22,1
4,Delivery,1770888157.573371,16391,18,1
2,Payment,1770888157.574507,10157,20,1
2,Payment,1770888157.574860,8135,22,1
2,Payment,1770888157.575788,7864,6,1
1,NewOrder,1770888157.575991,26169,17,1
1,NewOrder,1770888157.576254,29264,1,1
1,NewOrder,1770888157.577460,32295,13,1
2,Payment,1770888157.578000,6291,15,1
1,NewOrder,1770888157.578638,22475,8,1
4,Delivery,1770888157.579927,52803,9,1
1,NewOrder,1770888157.580926,25117,2,1
1,NewOrder,1770888157.581291,33484,4,1
2,Payment,1770888157.583010,3463,22,1
2,Payment,1770888157.583678,5311,6,1
2,Payment,1770888157.584317,7416,15,1
2,Payment,1770888157.584679,4744,20,1
1,NewOrder,1770888157.585404,37324,0,1
1,NewOrder,1770888157.586151,22330,19,1
2,Payment,1770888157.586230,8136,16,1
2,Payment,1770888157.586480,4795,22,1
1,NewOrder,1770888157.586541,28595,10,1
1,NewOrder,1770888157.589002,30715,6,1
1,NewOrder,1770888157.589437,26026,20,1
1,NewOrder,1770888157.589773,30352,18,1
2,Payment,1770888157.590972,7766,3,1
1,NewOrder,1770888157.591286,26697,22,1
1,NewOrder,1770888157.591749,25861,15,1
1,NewOrder,1770888157.592902,24385,23,1
1,NewOrder,1770888157.594379,36470,16,1
2,Payment,1770888157.598754,8056,3,1
5,StockLevel,1770888157.599434,15257,5,1
1,NewOrder,1770888157.600729,23016,14,1
1,NewOrder,1770888157.601138,21344,8,1
2,Payment,1770888157.601174,8611,7,1
5,StockLevel,1770888157.602172,21655,17,1
1,NewOrder,1770888157.605545,19047,1,1
1,NewOrder,1770888157.606057,28732,2,1
2,Payment,1770888157.606836,8207,3,1
2,Payment,1770888157.608507,8462,19,1
3,OrderStatus,1770888157.609223,9678,12,1
1,NewOrder,1770888157.609779,27935,13,1
1,NewOrder,1770888157.609810,36492,7,1
1,NewOrder,1770888157.612771,20028,21,1
1,NewOrder,1770888157.614711,18522,5,1
2,Payment,1770888157.614801,8035,4,1
1,NewOrder,1770888157.615054,11696,3,1
2,Payment,1770888157.615162,2416,10,1
1,NewOrder,1770888157.615478,25685,20,1
2,Payment,1770888157.616993,5785,19,1
1,NewOrder,1770888157.617303,17264,23,1
3,OrderStatus,1770888157.617587,1279,10,1
2,Payment,1770888157.617623,6949,15,1
1,NewOrder,1770888157.618005,32641,22,1
1,NewOrder,1770888157.618888,40006,10,1
2,Payment,1770888157.618923,8959,12,1
1,NewOrder,1770888157.619730,28761,6,1
2,Payment,1770888157.620134,5810,18,1
1,NewOrder,1770888157.622508,33072,8,1
5,StockLevel,1770888157.622743,16409,0,1
2,Payment,1770888157.622793,5976,19,1
1,NewOrder,1770888157.622855,31915,4,1
2,Payment,1770888157.623770,10404,14,1
1,NewOrder,1770888157.623842,30054,17,1
2,Payment,1770888157.624583,8170,15,1
1,NewOrder,1770888157.624617,30560,1,1
1,NewOrder,1770888157.625958,27939,18,1
2,Payment,1770888157.626775,5015,3,1
1,NewOrder,1770888157.627899,22212,12,1
2,Payment,1770888157.628795,4404,19,1
2,Payment,1770888157.630865,8008,16,1
1,NewOrder,1770888157.631816,20481,3,1
4,Delivery,1770888157.632341,67730,11,1
2,Payment,1770888157.632751,1782,9,1
1,NewOrder,1770888157.632777,36665,15,1
1,NewOrder,1770888157.632812,33812,21,1
1,NewOrder,1770888157.633215,21530,19,1
2,Payment,1770888157.633258,11794,5,1
2,Payment,1770888157.634187,2952,14,1
1,NewOrder,1770888157.634548,8718,9,1
2,Payment,1770888157.634592,10054,23,1
1,NewOrder,1770888157.634804,19061,2,1
5,StockLevel,1770888157.637154,18474,14,1
1,NewOrder,1770888157.637740,28362,13,1
2,Payment,1770888157.638886,8694,16,1
1,NewOrder,1770888157.639177,29204,0,1
1,NewOrder,1770888157.641189,28588,20,1
3,OrderStatus,1770888157.643289,6491,9,1
1,NewOrder,1770888157.644672,22523,23,1
2,Payment,1770888157.645067,6061,5,1
1,NewOrder,1770888157.646317,38141,7,1
2,Payment,1770888157.647605,5737,16,1
2,Payment,1770888157.648517,7005,6,1
1,NewOrder,1770888157.649802,24175,9,1
2,Payment,1770888157.650138,7709,12,1
2,Payment,1770888157.650670,6549,22,1
2,Payment,1770888157.651142,4745,5,1
2,Payment,1770888157.652307,6559,3,1
2,Payment,1770888157.653360,7691,16,1
2,Payment,1770888157.653875,9602,2,1
1,NewOrder,1770888157.653912,22036,17,1
3,OrderStatus,1770888157.653923,3861,18,1
1,NewOrder,1770888157.654756,34318,19,1
2,Payment,1770888157.654787,6622,4,1
2,Payment,1770888157.655187,14919,1,1
1,NewOrder,1770888157.655533,36362,6,1
2,Payment,1770888157.655590,7387,8,1
2,Payment,1770888157.655638,14191,14,1
1,NewOrder,1770888157.655896,23894,5,1
1,NewOrder,1770888157.657245,32781,22,1
4,Delivery,1770888157.657802,16748,18,1
2,Payment,1770888157.657875,6295,12,1
1,NewOrder,1770888157.658877,24798,3,1
1,NewOrder,1770888157.658906,31116,10,1
2,Payment,1770888157.661061,6495,16,1
2,Payment,1770888157.661434,3632,4,1
1,NewOrder,1770888157.662992,29677,8,1
1,NewOrder,1770888157.663487,21019,2,1
1,NewOrder,1770888157.664196,37558,12,1
2,Payment,1770888157.665089,7431,4,1
2,Payment,1770888157.666114,10095,13,1
2,Payment,1770888157.666648,7779,21,1
1,NewOrder,1770888157.667207,27035,23,1
1,NewOrder,1770888157.667574,18197,16,1
1,NewOrder,1770888157.668407,27761,0,1
2,Payment,1770888157.669467,11057,15,1
2,Payment,1770888157.669802,11979,20,1
2,Payment,1770888157.669843,8062,14,1
3,OrderStatus,1770888157.670121,1472,1,1
1,NewOrder,1770888157.671608,47627,1,1
2,Payment,1770888157.672544,8949,4,1
2,Payment,1770888157.673991,6510,9,1
3,OrderStatus,1770888157.674443,10566,21,1
2,Payment,1770888157.674566,9902,18,1
2,Payment,1770888157.675976,9836,17,1
1,NewOrder,1770888157.676227,42305,13,1
1,NewOrder,1770888157.677922,40086,14,1
1,NewOrder,1770888157.679800,25363,5,1
2,Payment,1770888157.680525,8620,9,1
2,Payment,1770888157.680549,9436,15,1
1,NewOrder,1770888157.681519,18057,4,1
1,NewOrder,1770888157.681797,19326,20,1
1,NewOrder,1770888157.683690,20527,3,1
2,Payment,1770888157.684467,9413,7,1
2,Payment,1770888157.684485,3274,18,1
3,OrderStatus,1770888157.684532,4314,2,1
2,Payment,1770888157.685027,10876,21,1
5,StockLevel,1770888157.685781,18438,16,1
1,NewOrder,1770888157.685829,38863,17,1
1,NewOrder,1770888157.687772,26191,18,1
2,Payment,1770888157.688872,5469,2,1
2,Payment,1770888157.689090,8226,19,1
1,NewOrder,1770888157.689171,19803,9,1
2,Payment,1770888157.690007,6632,15,1
1,NewOrder,1770888157.690038,42647,10,1
2,Payment,1770888157.690051,15806,22,1
4,Delivery,1770888157.691920,8788,6,1
2,Payment,1770888157.692694,8453,8,1
1,NewOrder,1770888157.693889,34207,7,1
2,Payment,1770888157.694268,14805,23,1
1,NewOrder,1770888157.694369,14591,2,1
2,Payment,1770888157.695929,8357,21,1
1,NewOrder,1770888157.696194,22308,0,1
2,Payment,1770888157.696656,6812,15,1
2,Payment,1770888157.697333,10263,19,1
2,Payment,1770888157.699601,11517,4,1
2,Payment,1770888157.700086,8663,11,1
2,Payment,1770888157.700723,3656,6,1
1,NewOrder,1770888157.701148,21044,20,1
1,NewOrder,1770888157.701170,32990,8,1
1,NewOrder,1770888157.701765,35378,12,1
2,Payment,1770888157.703495,7111,15,1
2,Payment,1770888157.704253,8732,3,1
2,Payment,1770888157.704256,14979,16,1
1,NewOrder,1770888157.704310,32336,21,1
1,NewOrder,1770888157.704391,29177,6,1
1,NewOrder,1770888157.705189,31079,5,1
3,OrderStatus,1770888157.705881,1280,22,1
2,Payment,1770888157.707176,3737,22,1
1,NewOrder,1770888157.707621,21568,19,1
1,NewOrder,1770888157.708775,33523,11,1
3,OrderStatus,1770888157.708989,9888,9,1
2,Payment,1770888157.708989,10625,2,1
2,Payment,1770888157.709099,3427,23,1
2,Payment,1770888157.710621,10255,15,1
2,Payment,1770888157.710922,3336,22,1
2,Payment,1770888157.711134,12806,4,1
1,NewOrder,1770888157.712551,31236,23,1
5,StockLevel,1770888157.713004,21263,3,1
4,Delivery,1770888157.713974,15632,18,1
2,Payment,1770888157.714270,10876,22,1
1,NewOrder,1770888157.718033,19119,14,1
1,NewOrder,1770888157.718512,27747,0,1
1,NewOrder,1770888157.718548,18141,13,1
1,NewOrder,1770888157.718902,20078,9,1
2,Payment,1770888157.719244,2560,1,1
5,StockLevel,1770888157.719261,18398,16,1
2,Payment,1770888157.719624,9969,2,1
2,Payment,1770888157.720889,6537,15,1
2,Payment,1770888157.721812,3328,1,1
1,NewOrder,1770888157.722197,18972,20,1
1,NewOrder,1770888157.723964,32853,4,1
1,NewOrder,1770888157.724702,13853,17,1
2,Payment,1770888157.725147,10056,1,1
2,Payment,1770888157.725171,7061,22,1
3,OrderStatus,1770888157.727452,6383,15,1
5,StockLevel,1770888157.728124,12912,7,1
2,Payment,1770888157.729204,7296,19,1
2,Payment,1770888157.729620,9832,18,1
2,Payment,1770888157.729626,7005,2,1
1,NewOrder,1770888157.732257,23637,22,1
1,NewOrder,1770888157.732713,20362,10,1
2,Payment,1770888157.733594,7965,6,1
1,NewOrder,1770888157.733844,11317,15,1
1,NewOrder,1770888157.734174,32302,8,1
1,NewOrder,1770888157.734300,30084,3,1
2,Payment,1770888157.735222,14517,1,1
2,Payment,1770888157.736289,8080,5,1
2,Payment,1770888157.736511,6584,19,1
1,NewOrder,1770888157.736640,23943,2,1
2,Payment,1770888157.736672,4868,21,1
2,Payment,1770888157.736699,4871,13,1
2,Payment,1770888157.737165,6553,14,1
2,Payment,1770888157.737174,8235,12,1
2,Payment,1770888157.737699,9995,16,1
2,Payment,1770888157.738561,10553,17,1
2,Payment,1770888157.739005,7912,9,1
2,Payment,1770888157.739470,9303,18,1
1,NewOrder,1770888157.741054,33305,7,1
4,Delivery,1770888157.741180,43661,20,1
2,Payment,1770888157.741556,9178,21,1
2,Payment,1770888157.741585,10968,13,1
2,Payment,1770888157.741586,7481,6,1
3,OrderStatus,1770888157.742322,6002,11,1
1,NewOrder,1770888157.743109,16205,19,1
2,Payment,1770888157.743743,14978,14,1
1,NewOrder,1770888157.743804,27284,23,1
2,Payment,1770888157.744390,8595,5,1
1,NewOrder,1770888157.745187,40792,15,1
2,Payment,1770888157.745428,11739,12,1
1,NewOrder,1770888157.746271,38934,0,1
1,NewOrder,1770888157.746928,29645,9,1
2,Payment,1770888157.747711,12263,16,1
1,NewOrder,1770888157.748349,43152,11,1
2,Payment,1770888157.748798,7115,18,1
2,Payment,1770888157.749074,6424,6,1
2,Payment,1770888157.749138,12521,17,1
2,Payment,1770888157.749752,5045,1,1
5,StockLevel,1770888157.750747,23374,21,1
1,NewOrder,1770888157.752571,26358,13,1
1,NewOrder,1770888157.753011,7681,5,1
1,NewOrder,1770888157.753103,37778,10,1
1,NewOrder,1770888157.754826,36006,1,1
1,NewOrder,1770888157.755507,22485,6,1
1,NewOrder,1770888157.755916,32017,22,1
1,NewOrder,1770888157.755939,13828,18,1
2,Payment,1770888157.756842,5485,4,1
1,NewOrder,1770888157.757173,27559,12,1
2,Payment,1770888157.758737,4747,14,1
1,NewOrder,1770888157.759335,16648,19,1
2,Payment,1770888157.759990,4777,16,1
4,Delivery,1770888157.760600,53016,2,1
2,Payment,1770888157.760703,17155,5,1
1,NewOrder,1770888157.761702,22576,17,1
1,NewOrder,1770888157.762353,13034,4,1
1,NewOrder,1770888157.763499,27824,14,1
2,Payment,1770888157.764394,15093,3,1
1,NewOrder,1770888157.764782,36186,16,1
1,NewOrder,1770888157.766500,28399,8,1
2,Payment,1770888157.769792,6097,18,1
2,Payment,1770888157.771113,7145,23,1
2,Payment,1770888157.774147,5654,21,1
2,Payment,1770888157.774383,10724,7,1
2,Payment,1770888157.775407,9285,4,1
2,Payment,1770888157.775914,8903,18,1
1,NewOrder,1770888157.776009,25345,19,1
3,OrderStatus,1770888157.776585,7768,9,1
2,Payment,1770888157.777884,11099,5,1
1,NewOrder,1770888157.778006,24175,6,1
1,NewOrder,1770888157.778284,34770,23,1
1,NewOrder,1770888157.778955,30608,13,1
2,Payment,1770888157.779508,6918,3,1
1,NewOrder,1770888157.779814,34172,21,1
2,Payment,1770888157.784290,5206,17,1
5,StockLevel,1770888157.784376,21150,9,1
2,Payment,1770888157.784709,14596,4,1
1,NewOrder,1770888157.784758,3592,12,1
2,Payment,1770888157.784842,10770,18,1
2,Payment,1770888157.784853,13887,20,1
1,NewOrder,1770888157.785129,38287,7,1
2,Payment,1770888157.785231,5996,0,1
2,Payment,1770888157.785991,9576,15,1
1,NewOrder,1770888157.786434,23035,3,1
1,NewOrder,1770888157.787946,24261,22,1
1,NewOrder,1770888157.788365,29370,12,1
2,Payment,1770888157.788992,12335,5,1
1,NewOrder,1770888157.789509,32691,17,1
1,NewOrder,1770888157.790857,45753,1,1
5,StockLevel,1770888157.790888,21466,10,1
2,Payment,1770888157.791251,12085,0,1
1,NewOrder,1770888157.791335,27774,14,1
1,NewOrder,1770888157.791527,28002,11,1
1,NewOrder,1770888157.794924,40862,8,1
2,Payment,1770888157.795577,7347,15,1
5,StockLevel,1770888157.795625,15527,18,1
2,Payment,1770888157.798764,4544,20,1
1,NewOrder,1770888157.799323,18362,4,1
1,NewOrder,1770888157.800984,33803,16,1
2,Payment,1770888157.801343,3850,5,1
1,NewOrder,1770888157.801378,20334,19,1
2,Payment,1770888157.802206,6605,6,1
1,NewOrder,1770888157.802949,31093,15,1
1,NewOrder,1770888157.803333,18808,20,1
1,NewOrder,1770888157.803361,40711,0,1
2,Payment,1770888157.805208,7766,5,1
1,NewOrder,1770888157.805554,16588,9,1
1,NewOrder,1770888157.808836,27873,6,1
2,Payment,1770888157.809495,4898,3,1
4,Delivery,1770888157.809577,43851,13,1
1,NewOrder,1770888157.811167,25481,18,1
2,Payment,1770888157.812233,5099,22,1
2,Payment,1770888157.812362,13985,10,1
2,Payment,1770888157.812986,13766,5,1
1,NewOrder,1770888157.813073,32111,23,1
1,NewOrder,1770888157.813621,31320,2,1
2,Payment,1770888157.814008,5601,21,1
1,NewOrder,1770888157.814419,30798,3,1
1,NewOrder,1770888157.817358,30540,22,1
2,Payment,1770888157.817716,10940,4,1
1,NewOrder,1770888157.817746,23234,12,1
1,NewOrder,1770888157.819135,31758,14,1
1,NewOrder,1770888157.819542,24049,11,1
1,NewOrder,1770888157.819626,20627,21,1
2,Payment,1770888157.821721,8592,19,1
2,Payment,1770888157.822146,7807,9,1
1,NewOrder,1770888157.822166,27791,20,1
2,Payment,1770888157.822221,8341,17,1
4,Delivery,1770888157.823426,20627,7,1
2,Payment,1770888157.826361,8379,10,1
1,NewOrder,1770888157.826777,18405,5,1
2,Payment,1770888157.828686,1589,4,1
1,NewOrder,1770888157.829977,19814,9,1
3,OrderStatus,1770888157.830292,6201,4,1
1,NewOrder,1770888157.830338,32131,19,1
1,NewOrder,1770888157.830571,28749,17,1
4,Delivery,1770888157.834066,19793,15,1
1,NewOrder,1770888157.834755,15596,10,1
4,Delivery,1770888157.834813,19088,16,1
1,NewOrder,1770888157.835813,15427,8,1
1,NewOrder,1770888157.836518,22002,4,1
2,Payment,1770888157.836632,7413,1,1
1,NewOrder,1770888157.836674,22698,18,1
5,StockLevel,1770888157.836721,20833,6,1
5,StockLevel,1770888157.840278,16912,21,1
1,NewOrder,1770888157.841005,33903,12,1
1,NewOrder,1770888157.843613,32599,11,1
1,NewOrder,1770888157.844066,28547,7,1
2,Payment,1770888157.844068,6267,1,1
1,NewOrder,1770888157.844098,25235,0,1
1,NewOrder,1770888157.844967,31154,2,1
1,NewOrder,1770888157.845187,5042,5,1
4,Delivery,1770888157.845211,68514,23,1
5,StockLevel,1770888157.845230,1822,3,1
1,NewOrder,1770888157.847069,58193,3,1
2,Payment,1770888157.847924,7713,22,1
2,Payment,1770888157.849796,12621,9,1
1,NewOrder,1770888157.849982,31030,20,1
1,NewOrder,1770888157.850234,52275,5,1
2,Payment,1770888157.850359,3744,1,1
2,Payment,1770888157.850369,5520,10,1
1,NewOrder,1770888157.850910,36553,14,1
1,NewOrder,1770888157.851253,29757,8,1
2,Payment,1770888157.853442,5839,13,1
2,Payment,1770888157.853881,8146,15,1
2,Payment,1770888157.853922,9885,16,1
3,OrderStatus,1770888157.854114,4797,1,1
1,NewOrder,1770888157.855662,22960,22,1
2,Payment,1770888157.855915,18033,10,1
1,NewOrder,1770888157.857216,40418,21,1
2,Payment,1770888157.857566,14516,6,1
1,NewOrder,1770888157.858534,29036,4,1
5,StockLevel,1770888157.858928,20343,1,1
1,NewOrder,1770888157.859294,33928,13,1
1,NewOrder,1770888157.859346,37140,17,1
1,NewOrder,1770888157.859397,27608,18,1
1,NewOrder,1770888157.862052,4863,15,1
2,Payment,1770888157.862425,6132,9,1
2,Payment,1770888157.862494,9171,19,1
1,NewOrder,1770888157.863832,11688,16,1
1,NewOrder,1770888157.866952,13581,15,1
1,NewOrder,1770888157.868565,19549,9,1
2,Payment,1770888157.869380,8464,0,1
2,Payment,1770888157.871690,6960,19,1
2,Payment,1770888157.872105,4006,6,1
2,Payment,1770888157.872638,7371,7,1
1,NewOrder,1770888157.873962,17931,10,1
2,Payment,1770888157.874915,7491,12,1
2,Payment,1770888157.875548,9608,16,1
4,Delivery,1770888157.876128,18518,6,1
2,Payment,1770888157.876129,8621,2,1
1,NewOrder,1770888157.876228,20661,11,1
1,NewOrder,1770888157.877859,38639,0,1
1,NewOrder,1770888157.878632,27777,22,1
2,Payment,1770888157.878661,6612,19,1
2,Payment,1770888157.879296,8204,1,1
1,NewOrder,1770888157.880026,49533,7,1
1,NewOrder,1770888157.880561,17577,15,1
2,Payment,1770888157.881017,6922,8,1
4,Delivery,1770888157.881038,33132,20,1
1,NewOrder,1770888157.882410,24725,12,1
2,Payment,1770888157.884761,9910,2,1
1,NewOrder,1770888157.885173,18875,16,1
1,NewOrder,1770888157.885304,16800,19,1
1,NewOrder,1770888157.887030,21139,18,1
2,Payment,1770888157.887475,6125,14,1
1,NewOrder,1770888157.887525,19567,1,1
2,Payment,1770888157.887596,11334,4,1
2,Payment,1770888157.887943,6555,8,1
3,OrderStatus,1770888157.888139,4293,9,1
2,Payment,1770888157.891918,5763,10,1
5,StockLevel,1770888157.892456,14029,9,1
1,NewOrder,1770888157.893247,37103,13,1
1,NewOrder,1770888157.893621,51418,14,1
1,NewOrder,1770888157.894513,35995,8,1
1,NewOrder,1770888157.894671,20199,6,1
1,NewOrder,1770888157.894684,28780,2,1
2,Payment,1770888157.896496,8783,17,1
1,NewOrder,1770888157.896914,33534,11,1
2,Payment,1770888157.897644,7163,21,1
1,NewOrder,1770888157.897700,32726,10,1
4,Delivery,1770888157.898144,57339,15,1
2,Payment,1770888157.898966,1965,4,1
1,NewOrder,1770888157.900946,29514,4,1
2,Payment,1770888157.902129,5313,19,1
1,NewOrder,1770888157.902535,20847,5,1
2,Payment,1770888157.904074,3679,16,1
2,Payment,1770888157.904832,4299,21,1
1,NewOrder,1770888157.905287,17942,3,1
2,Payment,1770888157.905305,23461,17,1
2,Payment,1770888157.906435,4303,22,1
1,NewOrder,1770888157.906511,16531,9,1
2,Payment,1770888157.907105,22898,1,1
2,Payment,1770888157.907145,23652,12,1
1,NewOrder,1770888157.907446,12550,19,1
1,NewOrder,1770888157.907768,25555,16,1
2,Payment,1770888157.908185,4952,18,1
1,NewOrder,1770888157.909148,21335,21,1
1,NewOrder,1770888157.910764,19643,22,1
2,Payment,1770888157.913150,9954,18,1
5,StockLevel,1770888157.913748,5344,23,1
1,NewOrder,1770888157.914190,8932,20,1
2,Payment,1770888157.914896,8245,6,1
1,NewOrder,1770888157.916508,9687,0,1
1,NewOrder,1770888157.919107,12369,23,1
5,StockLevel,1770888157.920014,3613,19,1
2,Payment,1770888157.923055,2859,9,1
1,NewOrder,1770888157.923130,17282,18,1
2,Payment,1770888157.923138,2420,20,1
1,NewOrder,1770888157.923167,24916,6,1
1,NewOrder,1770888157.923255,16355,3,1
2,Payment,1770888157.923388,9949,5,1
1,NewOrder,1770888157.923467,5074,2,1
2,Payment,1770888157.923652,18667,19,1
2,Payment,1770888157.925570,5178,20,1
1,NewOrder,1770888157.925933,26486,9,1
1,NewOrder,1770888157.926201,3911,0,1
2,Payment,1770888157.928545,25896,2,1
1,NewOrder,1770888157.928782,22384,17,1
2,Payment,1770888157.929585,11166,7,1
1,NewOrder,1770888157.930029,26186,1,1
2,Payment,1770888157.930117,20082,0,1
2,Payment,1770888157.930373,4674,13,1
1,NewOrder,1770888157.930432,35740,22,1
2,Payment,1770888157.930450,15096,10,1
1,NewOrder,1770888157.930474,9503,11,1
1,NewOrder,1770888157.930478,26847,4,1
2,Payment,1770888157.930498,7641,21,1
2,Payment,1770888157.930521,12446,8,1
1,NewOrder,1770888157.930760,17816,20,1
2,Payment,1770888157.930810,5475,12,1
2,Payment,1770888157.931483,2292,23,1
1,NewOrder,1770888157.933338,48240,16,1
5,StockLevel,1770888157.933344,13668,5,1
3,OrderStatus,1770888157.933778,915,23,1
2,Payment,1770888157.934699,9308,23,1
1,NewOrder,1770888157.935062,14729,13,1
2,Payment,1770888157.936290,3717,12,1
5,StockLevel,1770888157.938182,14167,21,1
2,Payment,1770888157.939635,12259,3,1
1,NewOrder,1770888157.940002,20239,11,1
4,Delivery,1770888157.940015,15900,12,1
1,NewOrder,1770888157.940424,19873,18,1
3,OrderStatus,1770888157.940769,1824,7,1
1,NewOrder,1770888157.942344,37548,19,1
4,Delivery,1770888157.942610,21245,7,1
3,OrderStatus,1770888157.942978,1304,8,1
2,Payment,1770888157.944014,3384,23,1
4,Delivery,1770888157.944305,19862,8,1
1,NewOrder,1770888157.945064,48310,14,1
2,Payment,1770888157.945559,4985,10,1
2,Payment,1770888157.947019,9195,5,1
3,OrderStatus,1770888157.947402,5161,23,1
2,Payment,1770888157.948099,8156,6,1
1,NewOrder,1770888157.948601,49614,20,1
2,Payment,1770888157.949818,8964,13,1
1,NewOrder,1770888157.950206,19618,0,1
2,Payment,1770888157.950569,8182,10,1
4,Delivery,1770888157.951191,5013,17,1
5,StockLevel,1770888157.951919,8564,3,1
2,Payment,1770888157.952359,7526,21,1
2,Payment,1770888157.952427,15775,9,1
2,Payment,1770888157.952588,16929,23,1
2,Payment,1770888157.954446,3307,2,1
2,Payment,1770888157.955488,6725,15,1
3,OrderStatus,1770888157.955919,911,12,1
2,Payment,1770888157.956225,4605,5,1
1,NewOrder,1770888157.956227,33240,17,1
3,OrderStatus,1770888157.956238,18465,1,1
2,Payment,1770888157.956273,22832,6,1
1,NewOrder,1770888157.956836,19376,12,1
2,Payment,1770888157.957336,5518,4,1
2,Payment,1770888157.957759,6504,2,1
1,NewOrder,1770888157.958767,18950,10,1
1,NewOrder,1770888157.958808,13802,13,1
2,Payment,1770888157.959899,20102,21,1
3,OrderStatus,1770888157.960267,3317,11,1
1,NewOrder,1770888157.960323,31961,18,1
1,NewOrder,1770888157.960494,43418,3,1
1,NewOrder,1770888157.960842,38722,5,1
2,Payment,1770888157.962220,5494,15,1
2,Payment,1770888157.962865,5452,4,1
1,NewOrder,1770888157.963607,31022,11,1
1,NewOrder,1770888157.963870,10611,7,1
1,NewOrder,1770888157.964187,4499,8,1
1,NewOrder,1770888157.964269,32160,2,1
1,NewOrder,1770888157.966193,8767,22,1
2,Payment,1770888157.967720,5697,15,1
2,Payment,1770888157.968206,12372,9,1
1,NewOrder,1770888157.968329,36160,4,1
1,NewOrder,1770888157.968702,28838,8,1
1,NewOrder,1770888157.969523,31923,23,1
1,NewOrder,1770888157.969828,26171,0,1
1,NewOrder,1770888157.972636,15515,13,1
2,Payment,1770888157.973440,1470,15,1
2,Payment,1770888157.974493,9449,7,1
2,Payment,1770888157.974727,1760,1,1
3,OrderStatus,1770888157.974917,1390,15,1
2,Payment,1770888157.974985,7069,22,1
1,NewOrder,1770888157.976234,15262,12,1
1,NewOrder,1770888157.976314,15603,15,1
1,NewOrder,1770888157.976502,12571,1,1
2,Payment,1770888157.977730,4688,10,1
5,StockLevel,1770888157.979114,19754,6,1
1,NewOrder,1770888157.979908,24999,19,1
1,NewOrder,1770888157.980026,19963,21,1
1,NewOrder,1770888157.980585,22360,9,1
1,NewOrder,1770888157.981593,26814,16,1
2,Payment,1770888157.982074,2664,22,1
1,NewOrder,1770888157.982433,44929,10,1
1,NewOrder,1770888157.983966,5456,7,1
1,NewOrder,1770888157.984754,29652,22,1
2,Payment,1770888157.988157,6160,13,1
1,NewOrder,1770888157.989098,36472,1,1
2,Payment,1770888157.989436,8754,7,1
5,StockLevel,1770888157.989493,2842,17,1
2,Payment,1770888157.991521,11015,12,1
2,Payment,1770888157.991943,15270,15,1
2,Payment,1770888157.992304,1949,18,1
2,Payment,1770888157.992360,29580,17,1
3,OrderStatus,1770888157.993388,7492,14,1
1,NewOrder,1770888157.994270,29387,18,1
2,Payment,1770888157.994335,30179,13,1
1,NewOrder,1770888157.994640,32022,11,1
2,Payment,1770888157.996005,6148,0,1
4,Delivery,1770888157.996433,18810,2,1
2,Payment,1770888157.997560,2390,8,1
2,Payment,1770888157.998216,29648,7,1
1,NewOrder,1770888157.998228,31469,20,1
1,NewOrder,1770888157.998880,16000,6,1
2,Payment,1770888157.999571,6120,5,1
5,StockLevel,1770888157.999965,19692,8,1
2,Payment,1770888158.000006,3414,21,1
4,Delivery,1770888158.000891,22352,14,1
2,Payment,1770888158.001460,3338,23,1
2,Payment,1770888158.002163,5533,0,1
1,NewOrder,1770888158.002560,30856,12,1
2,Payment,1770888158.002951,4705,9,1
1,NewOrder,1770888158.003431,29920,21,1
2,Payment,1770888158.003926,11700,3,1
1,NewOrder,1770888158.004498,9881,4,1
2,Payment,1770888158.004808,1426,23,1
2,Payment,1770888158.004931,5175,19,1
2,Payment,1770888158.005717,3711,5,1
1,NewOrder,1770888158.006241,28653,23,1
2,Payment,1770888158.007234,20612,15,1
2,Payment,1770888158.007672,2095,9,1
1,NewOrder,1770888158.007706,17489,0,1
1,NewOrder,1770888158.008432,53089,16,1
2,Payment,1770888158.009452,4456,5,1
2,Payment,1770888158.009781,2014,9,1
2,Payment,1770888158.010130,3285,19,1
2,Payment,1770888158.011807,13550,9,1
1,NewOrder,1770888158.013428,19452,19,1
2,Payment,1770888158.013934,3236,5,1
1,NewOrder,1770888158.014391,47466,4,1
1,NewOrder,1770888158.014429,20935,22,1
1,NewOrder,1770888158.014906,57115,6,1
2,Payment,1770888158.015253,34848,2,1
1,NewOrder,1770888158.015648,6778,3,1
1,NewOrder,1770888158.017177,43245,5,1
1,NewOrder,1770888158.019682,17759,8,1
2,Payment,1770888158.021966,7351,17,1
2,Payment,1770888158.022443,30065,3,1
1,NewOrder,1770888158.023264,62312,14,1
1,NewOrder,1770888158.023674,46588,18,1
1,NewOrder,1770888158.024537,38735,13,1
1,NewOrder,1770888158.025220,32796,0,1
2,Payment,1770888158.025381,6413,9,1
1,NewOrder,1770888158.025592,27463,1,1
2,Payment,1770888158.026681,8775,11,1
2,Payment,1770888158.027376,5934,10,1
2,Payment,1770888158.027871,9225,15,1
1,NewOrder,1770888158.027881,35375,7,1
1,NewOrder,1770888158.029334,32551,17,1
1,NewOrder,1770888158.029711,27933,20,1
1,NewOrder,1770888158.031810,43785,9,1
5,StockLevel,1770888158.032891,1923,19,1
2,Payment,1770888158.033325,4216,10,1
1,NewOrder,1770888158.033362,33201,21,1
2,Payment,1770888158.033460,5221,12,1
1,NewOrder,1770888158.034840,12640,19,1
1,NewOrder,1770888158.034902,6326,23,1
2,Payment,1770888158.035379,2488,22,1
2,Payment,1770888158.035480,3737,11,1
2,Payment,1770888158.037121,15004,15,1
1,NewOrder,1770888158.037466,9006,8,1
2,Payment,1770888158.037566,11910,10,1
2,Payment,1770888158.037891,1757,22,1
1,NewOrder,1770888158.038706,17720,12,1
1,NewOrder,1770888158.039241,29362,11,1
1,NewOrder,1770888158.039662,7190,22,1
1,NewOrder,1770888158.041234,8513,23,1
1,NewOrder,1770888158.046489,27777,8,1
4,Delivery,1770888158.046878,33090,22,1
1,NewOrder,1770888158.047507,11310,19,1
5,StockLevel,1770888158.049501,20474,10,1
1,NewOrder,1770888158.049753,17428,23,1
1,NewOrder,1770888158.050125,7885,2,1
1,NewOrder,1770888158.052137,29944,15,1
4,Delivery,1770888158.052532,20613,3,1
1,NewOrder,1770888158.053067,19769,1,1
2,Payment,1770888158.056440,8154,12,1
1,NewOrder,1770888158.057689,37485,20,1
1,NewOrder,1770888158.058036,48091,2,1
3,OrderStatus,1770888158.058043,1240,0,1
5,StockLevel,1770888158.058844,10286,19,1
2,Payment,1770888158.059295,3589,0,1
1,NewOrder,1770888158.060441,36337,5,1
2,Payment,1770888158.061544,9094,16,1
1,NewOrder,1770888158.061879,35314,4,1
1,NewOrder,1770888158.061904,25411,17,1
1,NewOrder,1770888158.062895,30096,0,1
1,NewOrder,1770888158.063282,13101,7,1
2,Payment,1770888158.063288,11896,13,1
2,Payment,1770888158.064619,8085,12,1
2,Payment,1770888158.066582,9725,21,1
1,NewOrder,1770888158.067196,25381,23,1
1,NewOrder,1770888158.068621,25546,11,1
2,Payment,1770888158.069141,10758,19,1
4,Delivery,1770888158.070000,51264,10,1
1,NewOrder,1770888158.070286,32260,18,1
5,StockLevel,1770888158.070664,18984,16,1
2,Payment,1770888158.072032,9524,6,1
1,NewOrder,1770888158.072719,30810,12,1
2,Payment,1770888158.072852,11269,1,1
2,Payment,1770888158.073156,13461,3,1
1,NewOrder,1770888158.074284,36745,8,1
1,NewOrder,1770888158.075199,14300,13,1
1,NewOrder,1770888158.075626,18176,9,1
1,NewOrder,1770888158.076319,34201,21,1
1,NewOrder,1770888158.076397,20005,7,1
2,Payment,1770888158.079917,3850,19,1
1,NewOrder,1770888158.079980,33701,22,1
5,StockLevel,1770888158.081580,14787,6,1
2,Payment,1770888158.082098,8322,15,1
2,Payment,1770888158.083782,9242,19,1
1,NewOrder,1770888158.084145,29558,1,1
1,NewOrder,1770888158.085587,33461,14,1
2,Payment,1770888158.086640,5904,3,1
1,NewOrder,1770888158.087336,4703,17,1
1,NewOrder,1770888158.089510,23801,13,1
1,NewOrder,1770888158.089688,16223,16,1
2,Payment,1770888158.090444,6788,15,1
2,Payment,1770888158.092055,10529,17,1
2,Payment,1770888158.092561,9622,3,1
2,Payment,1770888158.092590,11966,23,1
1,NewOrder,1770888158.092999,28616,0,1
1,NewOrder,1770888158.093041,30015,19,1
1,NewOrder,1770888158.093815,45085,9,1
1,NewOrder,1770888158.094178,23067,11,1
2,Payment,1770888158.095190,11251,20,1
1,NewOrder,1770888158.096391,36346,6,1
4,Delivery,1770888158.096417,25330,7,1
4,Delivery,1770888158.096792,55517,5,1
5,StockLevel,1770888158.097203,19071,4,1
2,Payment,1770888158.097243,6870,15,1
5,StockLevel,1770888158.102211,12898,3,1
2,Payment,1770888158.102561,8417,18,1
1,NewOrder,1770888158.102595,36781,17,1
2,Payment,1770888158.103544,9268,12,1
2,Payment,1770888158.104127,7253,15,1
5,StockLevel,1770888158.104568,13314,23,1
1,NewOrder,1770888158.105933,35288,16,1
5,StockLevel,1770888158.106152,12510,2,1
1,NewOrder,1770888158.106451,21069,20,1
2,Payment,1770888158.110532,7550,21,1
1,NewOrder,1770888158.110992,27974,18,1
2,Payment,1770888158.111043,5582,8,1
1,NewOrder,1770888158.111390,27617,15,1
1,NewOrder,1770888158.112823,25363,12,1
1,NewOrder,1770888158.113337,21231,13,1
1,NewOrder,1770888158.113696,24737,22,1
1,NewOrder,1770888158.113731,23974,1,1
4,Delivery,1770888158.115123,37544,3,1
2,Payment,1770888158.116286,8932,4,1
1,NewOrder,1770888158.116649,22434,8,1
1,NewOrder,1770888158.117259,34768,11,1
5,StockLevel,1770888158.117894,11112,23,1
2,Payment,1770888158.118094,10109,21,1
1,NewOrder,1770888158.118686,31101,2,1
4,Delivery,1770888158.119066,27572,14,1
2,Payment,1770888158.121283,11402,10,1
4,Delivery,1770888158.121626,31149,0,1
2,Payment,1770888158.121764,1917,7,1
2,Payment,1770888158.123081,8005,19,1
1,NewOrder,1770888158.123694,15711,7,1
2,Payment,1770888158.125244,8858,4,1
2,Payment,1770888158.127546,8168,20,1
2,Payment,1770888158.128217,11422,21,1
2,Payment,1770888158.129015,9130,23,1
4,Delivery,1770888158.131110,22069,19,1
1,NewOrder,1770888158.132699,35474,10,1
2,Payment,1770888158.132763,5917,6,1
2,Payment,1770888158.134129,6716,4,1
4,Delivery,1770888158.134584,12345,13,1
2,Payment,1770888158.135739,5447,20,1
2,Payment,1770888158.137720,16063,1,1
2,Payment,1770888158.138170,10468,23,1
1,NewOrder,1770888158.138212,14820,12,1
2,Payment,1770888158.138458,12302,22,1
1,NewOrder,1770888158.138706,11415,6,1
1,NewOrder,1770888158.138926,19396,9,1
1,NewOrder,1770888158.138980,29969,18,1
1,NewOrder,1770888158.139032,18955,15,1
2,Payment,1770888158.139108,11052,8,1
1,NewOrder,1770888158.139389,27896,17,1
2,Payment,1770888158.139419,12899,7,1
1,NewOrder,1770888158.139664,37901,21,1
2,Payment,1770888158.140871,4038,4,1
1,NewOrder,1770888158.141201,39394,20,1
3,OrderStatus,1770888158.141241,1342,16,1
1,NewOrder,1770888158.142600,21833,16,1
2,Payment,1770888158.144927,14105,4,1
1,NewOrder,1770888158.146652,24690,14,1
1,NewOrder,1770888158.146941,5335,13,1
1,NewOrder,1770888158.148664,36335,23,1
3,OrderStatus,1770888158.149813,7506,2,1
2,Payment,1770888158.150136,23944,6,1
2,Payment,1770888158.150173,25707,8,1
2,Payment,1770888158.150778,13311,22,1
2,Payment,1770888158.152054,26174,11,1
1,NewOrder,1770888158.152287,18027,13,1
2,Payment,1770888158.152334,11953,5,1
1,NewOrder,1770888158.152344,14905,7,1
1,NewOrder,1770888158.152688,11074,3,1
3,OrderStatus,1770888158.152792,1089,0,1
2,Payment,1770888158.153045,11242,12,1
2,Payment,1770888158.153205,13004,19,1
4,Delivery,1770888158.153803,17163,1,1
1,NewOrder,1770888158.153895,13204,0,1
1,NewOrder,1770888158.157343,22890,2,1
1,NewOrder,1770888158.158003,29982,15,1
2,Payment,1770888158.158344,21548,9,1
3,OrderStatus,1770888158.159047,1700,4,1
4,Delivery,1770888158.160769,10910,4,1
2,Payment,1770888158.163788,3339,3,1
2,Payment,1770888158.164113,6379,22,1
1,NewOrder,1770888158.164314,32481,5,1
1,NewOrder,1770888158.164317,28428,12,1
1,NewOrder,1770888158.164446,15138,16,1
2,Payment,1770888158.166226,6491,19,1
1,NewOrder,1770888158.167127,33420,0,1
1,NewOrder,1770888158.167144,18630,3,1
1,NewOrder,1770888158.167264,15388,7,1
1,NewOrder,1770888158.167295,13909,17,1
2,Payment,1770888158.168191,27340,10,1
1,NewOrder,1770888158.168974,30176,18,1
4,Delivery,1770888158.170329,44083,13,1
1,NewOrder,1770888158.170507,13655,22,1
1,NewOrder,1770888158.170988,43064,1,1
2,Payment,1770888158.171361,3305,14,1
1,NewOrder,1770888158.171696,34155,4,1
1,NewOrder,1770888158.172732,11099,19,1
1,NewOrder,1770888158.174098,33823,6,1
2,Payment,1770888158.174681,3029,14,1
2,Payment,1770888158.175902,7884,8,1
1,NewOrder,1770888158.177575,10339,21,1
2,Payment,1770888158.177735,5649,14,1
1,NewOrder,1770888158.178245,41649,11,1
1,NewOrder,1770888158.179610,33021,16,1
5,StockLevel,1770888158.179914,23358,9,1
2,Payment,1770888158.180246,7331,2,1
2,Payment,1770888158.180620,4869,20,1
2,Payment,1770888158.181219,5649,17,1
2,Payment,1770888158.182676,14589,7,1
1,NewOrder,1770888158.183409,10386,14,1
1,NewOrder,1770888158.183810,13051,8,1
1,NewOrder,1770888158.183851,30928,19,1
2,Payment,1770888158.184188,5661,22,1
2,Payment,1770888158.185013,8162,23,1
2,Payment,1770888158.185515,5926,20,1
1,NewOrder,1770888158.185800,28652,3,1
2,Payment,1770888158.186879,3957,17,1
5,StockLevel,1770888158.187596,9473,2,1
1,NewOrder,1770888158.187927,33773,21,1
1,NewOrder,1770888158.187997,42633,15,1
4,Delivery,1770888158.189875,56876,22,1
1,NewOrder,1770888158.190861,18729,17,1
1,NewOrder,1770888158.191454,16442,20,1
1,NewOrder,1770888158.192755,18554,12,1
1,NewOrder,1770888158.193189,5633,23,1
2,Payment,1770888158.193823,4093,14,1
2,Payment,1770888158.195555,11807,10,1
1,NewOrder,1770888158.196830,34273,5,1
1,NewOrder,1770888158.196886,22559,8,1
4,Delivery,1770888158.197084,42114,2,1
2,Payment,1770888158.197285,13198,7,1
2,Payment,1770888158.197943,6717,14,1
2,Payment,1770888158.198846,6645,23,1
1,NewOrder,1770888158.199162,32715,18,1
2,Payment,1770888158.200574,9948,0,1
1,NewOrder,1770888158.203297,32255,9,1
1,NewOrder,1770888158.204686,26559,14,1
2,Payment,1770888158.205513,13771,23,1
2,Payment,1770888158.205864,8503,4,1
2,Payment,1770888158.207390,7170,10,1
1,NewOrder,1770888158.207917,38196,20,1
1,NewOrder,1770888158.207934,23401,6,1
2,Payment,1770888158.209603,17214,17,1
1,NewOrder,1770888158.210498,20800,7,1
5,StockLevel,1770888158.210549,12091,0,1
1,NewOrder,1770888158.211329,32734,12,1
1,NewOrder,1770888158.212657,17976,16,1
5,StockLevel,1770888158.214077,12328,1,1
1,NewOrder,1770888158.214378,24585,4,1
2,Payment,1770888158.214441,16800,13,1
2,Payment,1770888158.214466,1653,3,1
1,NewOrder,1770888158.214575,18689,10,1
2,Payment,1770888158.214790,6267,19,1
2,Payment,1770888158.216139,1444,3,1
1,NewOrder,1770888158.217595,16082,3,1
2,Payment,1770888158.219298,8997,23,1
2,Payment,1770888158.219470,6534,8,1
1,NewOrder,1770888158.219906,26337,11,1
2,Payment,1770888158.221082,2502,19,1
2,Payment,1770888158.221726,12031,21,1
4,Delivery,1770888158.222659,17088,0,1
2,Payment,1770888158.223599,7635,19,1
2,Payment,1770888158.226020,9346,8,1
2,Payment,1770888158.226416,13776,1,1
1,NewOrder,1770888158.226841,24369,17,1
1,NewOrder,1770888158.228321,28830,23,1
4,Delivery,1770888158.230646,17925,16,1
2,Payment,1770888158.230656,13690,15,1
1,NewOrder,1770888158.231126,34594,5,1
2,Payment,1770888158.231245,6085,19,1
4,Delivery,1770888158.231258,17659,13,1
2,Payment,1770888158.231271,2365,14,1
2,Payment,1770888158.231313,8219,7,1
2,Payment,1770888158.231361,6455,6,1
1,NewOrder,1770888158.231890,38091,18,1
2,Payment,1770888158.233290,8221,10,1
1,NewOrder,1770888158.233647,18954,14,1
2,Payment,1770888158.233693,8302,3,1
1,NewOrder,1770888158.233781,20045,21,1
2,Payment,1770888158.235379,10768,8,1
1,NewOrder,1770888158.235577,46457,9,1
2,Payment,1770888158.237345,8311,19,1
1,NewOrder,1770888158.237842,5430,6,1
1,NewOrder,1770888158.238989,23573,4,1
2,Payment,1770888158.239213,4483,2,1
1,NewOrder,1770888158.239558,21953,7,1
1,NewOrder,1770888158.239768,16882,0,1
2,Payment,1770888158.240219,8881,1,1
1,NewOrder,1770888158.241536,34135,10,1
3,OrderStatus,1770888158.242013,3220,3,1
2,Payment,1770888158.243297,5036,6,1
2,Payment,1770888158.243709,7143,2,1
1,NewOrder,1770888158.244079,32507,12,1
1,NewOrder,1770888158.244372,22466,15,1
2,Payment,1770888158.245249,10151,3,1
2,Payment,1770888158.245699,6163,19,1
1,NewOrder,1770888158.246137,25069,20,1
1,NewOrder,1770888158.246165,25059,8,1
2,Payment,1770888158.246256,9492,11,1
1,NewOrder,1770888158.246776,28427,22,1
4,Delivery,1770888158.248359,16114,6,1
4,Delivery,1770888158.248588,51501,16,1
1,NewOrder,1770888158.248936,5253,13,1
2,Payment,1770888158.249126,10204,1,1
5,StockLevel,1770888158.250866,18253,2,1
2,Payment,1770888158.251231,6502,17,1
1,NewOrder,1770888158.251888,21094,19,1
2,Payment,1770888158.252613,7220,14,1
1,NewOrder,1770888158.253851,29456,21,1
2,Payment,1770888158.254209,7674,13,1
2,Payment,1770888158.255426,10992,3,1
1,NewOrder,1770888158.255765,36720,11,1
1,NewOrder,1770888158.256668,31855,0,1
2,Payment,1770888158.257177,6529,23,1
4,Delivery,1770888158.257758,42793,17,1
1,NewOrder,1770888158.259349,27985,1,1
1,NewOrder,1770888158.259851,15311,14,1
1,NewOrder,1770888158.261524,32911,7,1
2,Payment,1770888158.261908,2227,13,1
2,Payment,1770888158.262575,12663,4,1
2,Payment,1770888158.263732,9742,23,1
2,Payment,1770888158.264149,1930,13,1
1,NewOrder,1770888158.264485,35265,6,1
2,Payment,1770888158.265735,11120,5,1
2,Payment,1770888158.266094,5098,13,1
1,NewOrder,1770888158.266445,4338,3,1
2,Payment,1770888158.266863,6496,15,1
2,Payment,1770888158.269130,12872,2,1
2,Payment,1770888158.270001,6552,18,1
2,Payment,1770888158.270796,8059,3,1
1,NewOrder,1770888158.271203,4895,13,1
2,Payment,1770888158.271217,10112,20,1
2,Payment,1770888158.271237,7219,8,1
1,NewOrder,1770888158.272992,28991,19,1
5,StockLevel,1770888158.273384,16435,15,1
4,Delivery,1770888158.273501,63305,23,1
1,NewOrder,1770888158.275187,24933,14,1
2,Payment,1770888158.275229,8396,22,1
1,NewOrder,1770888158.275250,16802,4,1
1,NewOrder,1770888158.275698,36141,10,1
2,Payment,1770888158.276110,14084,13,1
3,OrderStatus,1770888158.276572,1061,18,1
1,NewOrder,1770888158.276599,18849,12,1
1,NewOrder,1770888158.276875,17970,5,1
1,NewOrder,1770888158.277647,42083,18,1
1,NewOrder,1770888158.278470,18313,8,1
1,NewOrder,1770888158.278882,52908,3,1
1,NewOrder,1770888158.281354,31428,20,1
3,OrderStatus,1770888158.282014,3393,2,1
1,NewOrder,1770888158.282048,23222,9,1
2,Payment,1770888158.283332,6511,21,1
1,NewOrder,1770888158.283636,16982,22,1
1,NewOrder,1770888158.285424,37526,2,1
2,Payment,1770888158.287345,7472,1,1
1,NewOrder,1770888158.288538,24101,0,1
3,OrderStatus,1770888158.289852,18363,15,1
2,Payment,1770888158.289859,7417,21,1
1,NewOrder,1770888158.290218,7005,13,1
1,NewOrder,1770888158.292066,27259,4,1
1,NewOrder,1770888158.292501,35493,11,1
1,NewOrder,1770888158.294460,23707,7,1
1,NewOrder,1770888158.294828,33679,1,1
1,NewOrder,1770888158.294858,29427,5,1
1,NewOrder,1770888158.295475,22313,12,1
2,Payment,1770888158.296795,6215,8,1
4,Delivery,1770888158.297238,3457,13,1
2,Payment,1770888158.297290,8485,21,1
2,Payment,1770888158.299774,4851,6,1
1,NewOrder,1770888158.300107,26666,16,1
1,NewOrder,1770888158.300132,33826,14,1
2,Payment,1770888158.300574,2067,17,1
2,Payment,1770888158.300637,12108,22,1
2,Payment,1770888158.300717,9838,13,1
1,NewOrder,1770888158.302004,23156,19,1
1,NewOrder,1770888158.302659,5722,17,1
2,Payment,1770888158.303022,7044,8,1
2,Payment,1770888158.304641,8130,6,1
3,OrderStatus,1770888158.305294,11384,9,1
1,NewOrder,1770888158.305790,27515,21,1
2,Payment,1770888158.308252,4111,15,1
1,NewOrder,1770888158.308413,27489,17,1
4,Delivery,1770888158.310078,40335,8,1
1,NewOrder,1770888158.310571,13745,13,1
1,NewOrder,1770888158.311849,23140,10,1
1,NewOrder,1770888158.312386,15092,15,1
1,NewOrder,1770888158.312654,21843,0,1
1,NewOrder,1770888158.312765,20993,22,1
2,Payment,1770888158.312787,9258,6,1
5,StockLevel,1770888158.312794,11509,20,1
2,Payment,1770888158.316704,9172,9,1
1,NewOrder,1770888158.317806,32573,12,1
2,Payment,1770888158.318181,18061,7,1
1,NewOrder,1770888158.319350,27385,4,1
1,NewOrder,1770888158.319755,15644,18,1
2,Payment,1770888158.322058,6020,6,1
2,Payment,1770888158.322976,6552,2,1
2,Payment,1770888158.324301,6803,5,1
4,Delivery,1770888158.324315,13656,20,1
2,Payment,1770888158.324342,4807,13,1
2,Payment,1770888158.325186,8357,19,1
2,Payment,1770888158.325887,4157,9,1
2,Payment,1770888158.326791,7023,16,1
1,NewOrder,1770888158.327498,30391,15,1
2,Payment,1770888158.328019,3739,11,1
2,Payment,1770888158.328103,5986,6,1
2,Payment,1770888158.328521,7197,1,1
2,Payment,1770888158.329162,9678,13,1
1,NewOrder,1770888158.329546,41989,2,1
1,NewOrder,1770888158.330056,26078,9,1
2,Payment,1770888158.331116,9779,5,1
2,Payment,1770888158.331774,7432,11,1
2,Payment,1770888158.331806,17626,3,1
1,NewOrder,1770888158.333321,23472,21,1
3,OrderStatus,1770888158.333569,6595,19,1
5,StockLevel,1770888158.333783,24611,22,1
2,Payment,1770888158.333829,17461,16,1
2,Payment,1770888158.333983,21538,14,1
2,Payment,1770888158.334100,9080,6,1
2,Payment,1770888158.334508,17200,0,1
2,Payment,1770888158.335001,6260,10,1
2,Payment,1770888158.335414,3753,18,1
1,NewOrder,1770888158.335730,41777,1,1
1,NewOrder,1770888158.335928,25789,17,1
1,NewOrder,1770888158.336252,20227,7,1
3,OrderStatus,1770888158.336815,6923,23,1
1,NewOrder,1770888158.337987,5715,20,1
1,NewOrder,1770888158.338866,30772,13,1
2,Payment,1770888158.339181,2175,18,1
4,Delivery,1770888158.339218,11562,11,1
2,Payment,1770888158.340180,5756,19,1
1,NewOrder,1770888158.340913,27372,5,1
3,OrderStatus,1770888158.341272,1092,10,1
1,NewOrder,1770888158.341370,60189,18,1
2,Payment,1770888158.342379,8740,10,1
1,NewOrder,1770888158.343199,61065,6,1
1,NewOrder,1770888158.343729,13549,20,1
2,Payment,1770888158.343763,6318,23,1
2,Payment,1770888158.345948,6379,19,1
1,NewOrder,1770888158.346760,15387,4,1
1,NewOrder,1770888158.349456,51518,3,1
2,Payment,1770888158.350094,6300,23,1
2,Payment,1770888158.350404,17850,12,1
2,Payment,1770888158.350427,8558,8,1
2,Payment,1770888158.350803,13817,11,1
1,NewOrder,1770888158.351135,57165,10,1
1,NewOrder,1770888158.351308,62383,16,1
2,Payment,1770888158.351725,1813,0,1
2,Payment,1770888158.352352,5912,19,1
1,NewOrder,1770888158.353551,6391,0,1
1,NewOrder,1770888158.355538,42424,14,1
2,Payment,1770888158.356159,4857,9,1
1,NewOrder,1770888158.356421,16738,23,1
2,Payment,1770888158.356492,6091,7,1
1,NewOrder,1770888158.356818,17934,21,1
2,Payment,1770888158.357293,4402,20,1
1,NewOrder,1770888158.357904,46777,15,1
1,NewOrder,1770888158.358288,9557,19,1
2,Payment,1770888158.358406,12724,22,1
1,NewOrder,1770888158.358992,43538,8,1
2,Payment,1770888158.359955,6602,0,1
1,NewOrder,1770888158.361030,50663,9,1
1,NewOrder,1770888158.361721,14590,20,1
1,NewOrder,1770888158.361742,15285,17,1
2,Payment,1770888158.362159,6516,4,1
3,OrderStatus,1770888158.362607,1910,7,1
3,OrderStatus,1770888158.364534,9379,7,1
1,NewOrder,1770888158.364634,50408,11,1
2,Payment,1770888158.366583,4872,0,1
4,Delivery,1770888158.367870,10007,19,1
1,NewOrder,1770888158.368280,42481,12,1
1,NewOrder,1770888158.368304,31753,5,1
2,Payment,1770888158.368689,6587,4,1
4,Delivery,1770888158.369649,32917,13,1
2,Payment,1770888158.371145,8496,22,1
2,Payment,1770888158.371467,2064,0,1
2,Payment,1770888158.371560,9450,2,1
1,NewOrder,1770888158.373185,8580,23,1
1,NewOrder,1770888158.373545,14965,0,1
2,Payment,1770888158.373940,13524,7,1
1,NewOrder,1770888158.374778,19485,21,1
2,Payment,1770888158.375288,7254,4,1
2,Payment,1770888158.376336,5317,20,1
2,Payment,1770888158.377042,2978,17,1
2,Payment,1770888158.377528,9396,1,1
2,Payment,1770888158.377897,5217,19,1
2,Payment,1770888158.379667,4959,22,1
2,Payment,1770888158.380033,3846,17,1
1,NewOrder,1770888158.381030,43559,2,1
1,NewOrder,1770888158.381694,17328,20,1
2,Payment,1770888158.381791,5648,23,1
2,Payment,1770888158.382567,6825,4,1
2,Payment,1770888158.383128,6674,19,1
2,Payment,1770888158.383891,6933,17,1
1,NewOrder,1770888158.384645,20464,22,1
1,NewOrder,1770888158.386937,45203,1,1
1,NewOrder,1770888158.387463,11651,23,1
2,Payment,1770888158.387478,2308,7,1
1,NewOrder,1770888158.388536,14465,0,1
2,Payment,1770888158.389416,2237,4,1
1,NewOrder,1770888158.389812,14766,7,1
1,NewOrder,1770888158.389816,9257,19,1
1,NewOrder,1770888158.390850,30720,17,1
2,Payment,1770888158.391664,1552,4,1
2,Payment,1770888158.393241,5739,4,1
1,NewOrder,1770888158.394288,11716,21,1
2,Payment,1770888158.397988,10135,14,1
4,Delivery,1770888158.399006,60554,4,1
1,NewOrder,1770888158.399036,32275,20,1
1,NewOrder,1770888158.399098,35456,19,1
2,Payment,1770888158.399141,3930,23,1
2,Payment,1770888158.400081,7455,5,1
2,Payment,1770888158.400988,9267,3,1
1,NewOrder,1770888158.401572,37640,18,1
4,Delivery,1770888158.402548,33813,8,1
2,Payment,1770888158.402591,8089,13,1
1,NewOrder,1770888158.403026,27539,0,1
1,NewOrder,1770888158.403083,18366,23,1
2,Payment,1770888158.404284,10493,6,1
2,Payment,1770888158.404591,11970,7,1
4,Delivery,1770888158.404707,39926,15,1
2,Payment,1770888158.405135,5532,22,1
2,Payment,1770888158.406016,8695,21,1
2,Payment,1770888158.407549,9048,5,1
2,Payment,1770888158.408136,8185,14,1
1,NewOrder,1770888158.408325,19470,10,1
2,Payment,1770888158.410280,7905,3,1
1,NewOrder,1770888158.410695,43703,22,1
2,Payment,1770888158.410705,6903,13,1
1,NewOrder,1770888158.410786,19454,12,1
1,NewOrder,1770888158.411704,22999,9,1
1,NewOrder,1770888158.413716,40503,16,1
1,NewOrder,1770888158.414730,33778,21,1
1,NewOrder,1770888158.414796,31700,6,1
2,Payment,1770888158.415067,3726,11,1
1,NewOrder,1770888158.416345,37968,14,1
1,NewOrder,1770888158.416587,5790,7,1
2,Payment,1770888158.416617,2941,5,1
2,Payment,1770888158.417633,5425,13,1
2,Payment,1770888158.418209,3510,3,1
2,Payment,1770888158.418818,3953,11,1
2,Payment,1770888158.419573,4662,5,1
2,Payment,1770888158.421464,10136,23,1
3,OrderStatus,1770888158.421582,10388,17,1
1,NewOrder,1770888158.421734,33016,3,1
2,Payment,1770888158.422394,7784,7,1
3,OrderStatus,1770888158.422796,12194,11,1
2,Payment,1770888158.423083,2225,13,1
2,Payment,1770888158.424248,8022,5,1
2,Payment,1770888158.424605,5292,2,1
2,Payment,1770888158.425318,4506,13,1
1,NewOrder,1770888158.427810,26555,10,1
1,NewOrder,1770888158.429834,32582,13,1
1,NewOrder,1770888158.429911,36658,2,1
2,Payment,1770888158.430202,1719,7,1
2,Payment,1770888158.430267,1968,12,1
2,Payment,1770888158.430577,3211,0,1
1,NewOrder,1770888158.431336,25033,20,1
1,NewOrder,1770888158.431624,21344,23,1
2,Payment,1770888158.431937,6877,7,1
1,NewOrder,1770888158.431982,17022,17,1
2,Payment,1770888158.432161,12923,1,1
1,NewOrder,1770888158.432260,35646,12,1
2,Payment,1770888158.432283,9694,5,1
2,Payment,1770888158.433798,9646,0,1
2,Payment,1770888158.434579,6420,19,1
2,Payment,1770888158.434729,11322,9,1
1,NewOrder,1770888158.435003,27569,11,1
3,OrderStatus,1770888158.436373,9977,8,1
1,NewOrder,1770888158.438839,30875,7,1
2,Payment,1770888158.439237,8338,18,1
2,Payment,1770888158.441018,8442,19,1
1,NewOrder,1770888158.442002,41882,5,1
1,NewOrder,1770888158.443460,16485,0,1
2,Payment,1770888158.444653,7840,15,1
1,NewOrder,1770888158.445104,16002,1,1
2,Payment,1770888158.446064,7420,9,1
2,Payment,1770888158.446375,9789,8,1
1,NewOrder,1770888158.446521,38260,6,1
2,Payment,1770888158.447589,5283,18,1
2,Payment,1770888158.448521,9556,21,1
5,StockLevel,1770888158.449029,19745,17,1
2,Payment,1770888158.449484,6340,19,1
1,NewOrder,1770888158.452518,21319,15,1
1,NewOrder,1770888158.452898,29771,18,1
2,Payment,1770888158.452995,9038,23,1
1,NewOrder,1770888158.453500,21493,9,1
1,NewOrder,1770888158.454245,29526,16,1
2,Payment,1770888158.454343,9590,14,1
2,Payment,1770888158.454390,9060,10,1
2,Payment,1770888158.454423,9459,22,1
2,Payment,1770888158.454763,7846,3,1
1,NewOrder,1770888158.455841,41406,19,1
1,NewOrder,1770888158.456175,20500,8,1
2,Payment,1770888158.456385,11866,20,1
3,OrderStatus,1770888158.458102,8460,21,1
1,NewOrder,1770888158.459584,19116,4,1
1,NewOrder,1770888158.459970,29578,0,1
2,Payment,1770888158.461131,7924,1,1
2,Payment,1770888158.462046,8056,23,1
2,Payment,1770888158.462442,13243,13,1
1,NewOrder,1770888158.462597,19702,11,1
5,StockLevel,1770888158.462634,14428,3,1
2,Payment,1770888158.463463,9966,10,1
2,Payment,1770888158.463896,9911,22,1
5,StockLevel,1770888158.463948,19638,14,1
2,Payment,1770888158.466585,9439,2,1
1,NewOrder,1770888158.466590,15038,21,1
1,NewOrder,1770888158.467931,26120,12,1
1,NewOrder,1770888158.468278,15192,20,1
1,NewOrder,1770888158.468800,17785,17,1
5,StockLevel,1770888158.469080,15408,1,1
1,NewOrder,1770888158.469728,30405,7,1
1,NewOrder,1770888158.470127,25299,23,1
1,NewOrder,1770888158.473445,28329,10,1
1,NewOrder,1770888158.473822,14333,22,1
1,NewOrder,1770888158.473862,28688,15,1
2,Payment,1770888158.475021,5493,9,1
3,OrderStatus,1770888158.475698,11023,13,1
2,Payment,1770888158.476034,6204,2,1
2,Payment,1770888158.476687,5865,8,1
2,Payment,1770888158.477087,7051,3,1
1,NewOrder,1770888158.478720,14271,4,1
1,NewOrder,1770888158.480540,18965,9,1
2,Payment,1770888158.481652,9587,21,1
1,NewOrder,1770888158.482248,24025,2,1
2,Payment,1770888158.482324,8188,11,1
2,Payment,1770888158.482577,4895,8,1
1,NewOrder,1770888158.482695,21002,18,1
2,Payment,1770888158.483496,9472,20,1
2,Payment,1770888158.483612,6289,14,1
1,NewOrder,1770888158.483786,35833,16,1
1,NewOrder,1770888158.483910,22400,5,1
2,Payment,1770888158.484149,8859,3,1
2,Payment,1770888158.484502,11570,1,1
2,Payment,1770888158.484809,7802,6,1
1,NewOrder,1770888158.486610,19827,17,1
2,Payment,1770888158.486747,13650,13,1
1,NewOrder,1770888158.487483,28711,8,1
1,NewOrder,1770888158.488171,28125,22,1
1,NewOrder,1770888158.489560,45095,0,1
2,Payment,1770888158.489926,12650,14,1
1,NewOrder,1770888158.490528,30928,11,1
2,Payment,1770888158.491254,8975,21,1
1,NewOrder,1770888158.492637,23593,6,1
3,OrderStatus,1770888158.492992,1175,20,1
2,Payment,1770888158.493011,12757,4,1
2,Payment,1770888158.493033,4509,3,1
1,NewOrder,1770888158.494077,45583,12,1
2,Payment,1770888158.494184,7933,20,1
1,NewOrder,1770888158.495452,27727,23,1
1,NewOrder,1770888158.496089,35477,1,1
2,Payment,1770888158.497273,6743,19,1
5,StockLevel,1770888158.497556,8377,3,1
1,NewOrder,1770888158.499531,41702,9,1
1,NewOrder,1770888158.500146,20008,7,1
2,Payment,1770888158.500255,6153,21,1
2,Payment,1770888158.500423,15205,13,1
1,NewOrder,1770888158.501799,31896,10,1
4,Delivery,1770888158.502130,40012,20,1
1,NewOrder,1770888158.502576,21429,15,1
1,NewOrder,1770888158.502591,24870,14,1
2,Payment,1770888158.503723,6958,18,1
2,Payment,1770888158.504041,3872,19,1
1,NewOrder,1770888158.505783,22486,4,1
2,Payment,1770888158.505951,9216,3,1
3,OrderStatus,1770888158.506290,7711,2,1
1,NewOrder,1770888158.506325,21445,5,1
1,NewOrder,1770888158.506436,32290,21,1
2,Payment,1770888158.506452,10936,17,1
1,NewOrder,1770888158.507927,56171,19,1
1,NewOrder,1770888158.510707,16145,18,1
1,NewOrder,1770888158.514024,21093,2,1
2,Payment,1770888158.515192,9167,3,1
1,NewOrder,1770888158.515652,33657,13,1
1,NewOrder,1770888158.516206,39237,8,1
2,Payment,1770888158.516257,6211,6,1
1,NewOrder,1770888158.516306,34605,22,1
1,NewOrder,1770888158.517410,25137,17,1
2,Payment,1770888158.519644,8665,16,1
1,NewOrder,1770888158.520181,21963,7,1
2,Payment,1770888158.521475,5962,11,1
2,Payment,1770888158.522495,6848,6,1
1,NewOrder,1770888158.523194,24942,23,1
2,Payment,1770888158.524031,9688,15,1
1,NewOrder,1770888158.524374,23225,3,1
2,Payment,1770888158.526862,6415,18,1
1,NewOrder,1770888158.527453,32093,11,1
1,NewOrder,1770888158.527486,16891,14,1
1,NewOrder,1770888158.527796,17021,5,1
2,Payment,1770888158.528282,8156,4,1
1,NewOrder,1770888158.528325,19750,16,1
2,Payment,1770888158.529367,3513,6,1
1,NewOrder,1770888158.531586,20239,1,1
2,Payment,1770888158.532895,10309,6,1
1,NewOrder,1770888158.533303,37017,18,1
5,StockLevel,1770888158.533709,12643,10,1
1,NewOrder,1770888158.533735,9462,15,1
1,NewOrder,1770888158.534669,15170,0,1
1,NewOrder,1770888158.535129,20268,2,1
1,NewOrder,1770888158.536453,23128,4,1
2,Payment,1770888158.538753,16282,21,1
2,Payment,1770888158.539672,2849,12,1
4,Delivery,1770888158.541260,28040,9,1
2,Payment,1770888158.542156,14508,20,1
4,Delivery,1770888158.542170,26750,7,1
1,NewOrder,1770888158.542535,25967,12,1
1,NewOrder,1770888158.542558,28496,17,1
2,Payment,1770888158.543218,21931,15,1
2,Payment,1770888158.543233,8237,6,1
1,NewOrder,1770888158.544402,17599,14,1
1,NewOrder,1770888158.544828,30172,5,1
2,Payment,1770888158.546363,17318,10,1
1,NewOrder,1770888158.547624,20172,3,1
2,Payment,1770888158.548091,19304,16,1
1,NewOrder,1770888158.548150,28785,23,1
4,Delivery,1770888158.549336,9938,13,1
3,OrderStatus,1770888158.549865,3878,0,1
1,NewOrder,1770888158.550922,26477,22,1
2,Payment,1770888158.551497,15822,6,1
1,NewOrder,1770888158.551849,17102,1,1
1,NewOrder,1770888158.553761,42113,0,1
1,NewOrder,1770888158.555049,21431,21,1
1,NewOrder,1770888158.555407,10124,2,1
2,Payment,1770888158.555459,13461,8,1
4,Delivery,1770888158.556689,10133,20,1
2,Payment,1770888158.559301,15429,13,1
3,OrderStatus,1770888158.559559,1427,11,1
1,NewOrder,1770888158.559606,39247,4,1
1,NewOrder,1770888158.560999,35543,11,1
1,NewOrder,1770888158.562016,47286,14,1
2,Payment,1770888158.563707,7021,10,1
1,NewOrder,1770888158.564111,16201,19,1
3,OrderStatus,1770888158.565174,6144,15,1
2,Payment,1770888158.565544,19304,2,1
2,Payment,1770888158.566848,6466,20,1
2,Payment,1770888158.567341,4895,6,1
2,Payment,1770888158.567412,9157,16,1
1,NewOrder,1770888158.567809,45432,3,1
1,NewOrder,1770888158.568520,19669,12,1
1,NewOrder,1770888158.568932,26647,8,1
4,Delivery,1770888158.568941,14908,7,1
2,Payment,1770888158.568977,17987,1,1
1,NewOrder,1770888158.569319,6666,9,1
2,Payment,1770888158.570346,6629,18,1
1,NewOrder,1770888158.570753,52398,10,1
2,Payment,1770888158.571066,7197,17,1
1,NewOrder,1770888158.571344,17164,15,1
2,Payment,1770888158.572251,2082,6,1
2,Payment,1770888158.573326,5389,20,1
2,Payment,1770888158.574352,8458,6,1
1,NewOrder,1770888158.574742,35584,13,1
1,NewOrder,1770888158.575011,25019,5,1
1,NewOrder,1770888158.575998,31853,9,1
1,NewOrder,1770888158.576505,14982,21,1
1,NewOrder,1770888158.576580,4319,16,1
1,NewOrder,1770888158.576960,28906,23,1
2,Payment,1770888158.577001,6210,18,1
2,Payment,1770888158.577410,7903,22,1
1,NewOrder,1770888158.578288,56602,17,1
1,NewOrder,1770888158.578735,16510,20,1
2,Payment,1770888158.580338,6989,19,1
4,Delivery,1770888158.580910,53011,16,1
2,Payment,1770888158.582825,19343,6,1
2,Payment,1770888158.583228,6060,18,1
1,NewOrder,1770888158.583864,19003,7,1
1,NewOrder,1770888158.584873,27307,2,1
1,NewOrder,1770888158.585326,40769,22,1
2,Payment,1770888158.586983,4162,1,1
1,NewOrder,1770888158.587352,21909,19,1
5,StockLevel,1770888158.588214,16357,12,1
1,NewOrder,1770888158.588533,16330,15,1
1,NewOrder,1770888158.589303,37819,18,1
1,NewOrder,1770888158.591155,13746,1,1
2,Payment,1770888158.591513,6521,21,1
1,NewOrder,1770888158.595269,19615,20,1
1,NewOrder,1770888158.595592,11465,8,1
1,NewOrder,1770888158.595882,26131,0,1
2,Payment,1770888158.596567,7940,11,1
2,Payment,1770888158.598060,5212,21,1
2,Payment,1770888158.598879,8648,4,1
2,Payment,1770888158.600044,9903,5,1
2,Payment,1770888158.602195,13254,6,1
1,NewOrder,1770888158.602892,15129,7,1
1,NewOrder,1770888158.603292,19438,21,1
1,NewOrder,1770888158.604523,31849,11,1
2,Payment,1770888158.604596,6989,12,1
1,NewOrder,1770888158.604874,26627,15,1
2,Payment,1770888158.604915,12286,1,1
3,OrderStatus,1770888158.605892,5204,23,1
2,Payment,1770888158.607082,10501,8,1
2,Payment,1770888158.607542,8003,4,1
1,NewOrder,1770888158.607878,32022,9,1
1,NewOrder,1770888158.609274,33306,19,1
1,NewOrder,1770888158.609328,29954,14,1
2,Payment,1770888158.609969,9408,5,1
2,Payment,1770888158.610351,3275,13,1
2,Payment,1770888158.611113,5135,23,1
2,Payment,1770888158.611604,5181,12,1
1,NewOrder,1770888158.612209,26516,2,1
4,Delivery,1770888158.613267,32446,3,1
2,Payment,1770888158.613642,4579,13,1
2,Payment,1770888158.614910,8964,20,1
4,Delivery,1770888158.615464,18834,6,1
1,NewOrder,1770888158.615560,28711,4,1
1,NewOrder,1770888158.616265,43774,23,1
1,NewOrder,1770888158.616801,43216,12,1
2,Payment,1770888158.617212,3785,1,1
2,Payment,1770888158.617600,2897,8,1
5,StockLevel,1770888158.618036,20378,7,1
1,NewOrder,1770888158.618232,41833,13,1
4,Delivery,1770888158.619389,26797,5,1
2,Payment,1770888158.620523,9430,8,1
4,Delivery,1770888158.621024,25147,1,1
2,Payment,1770888158.622038,6803,0,1
2,Payment,1770888158.622749,4635,21,1
2,Payment,1770888158.623177,10278,10,1
1,NewOrder,1770888158.623886,25692,20,1
2,Payment,1770888158.626112,3170,22,1
2,Payment,1770888158.627147,10623,18,1
1,NewOrder,1770888158.627409,46770,21,1
2,Payment,1770888158.628856,6534,0,1
1,NewOrder,1770888158.629308,18472,22,1
2,Payment,1770888158.629966,22873,8,1
1,NewOrder,1770888158.631520,51778,15,1
1,NewOrder,1770888158.633470,43122,10,1
1,NewOrder,1770888158.633946,15945,16,1
2,Payment,1770888158.634319,25721,6,1
2,Payment,1770888158.634906,5536,17,1
2,Payment,1770888158.635416,4437,0,1
2,Payment,1770888158.636397,28254,11,1
2,Payment,1770888158.637786,9516,18,1
1,NewOrder,1770888158.638429,38150,7,1
5,StockLevel,1770888158.638751,8915,2,1
2,Payment,1770888158.639293,5873,14,1
3,OrderStatus,1770888158.639862,2684,0,1
1,NewOrder,1770888158.639925,19072,9,1
2,Payment,1770888158.640466,7243,17,1
1,NewOrder,1770888158.642560,23248,0,1
1,NewOrder,1770888158.642593,16549,19,1
1,NewOrder,1770888158.644297,29995,4,1
2,Payment,1770888158.645177,4687,14,1
1,NewOrder,1770888158.645737,22837,3,1
2,Payment,1770888158.646193,3330,1,1
2,Payment,1770888158.646203,12924,5,1
1,NewOrder,1770888158.647317,27675,18,1
1,NewOrder,1770888158.647691,15897,2,1
5,StockLevel,1770888158.647727,2780,17,1
3,OrderStatus,1770888158.647800,9879,22,1
2,Payment,1770888158.649549,11652,1,1
1,NewOrder,1770888158.649591,18315,20,1
1,NewOrder,1770888158.649879,24329,14,1
2,Payment,1770888158.649907,10192,16,1
1,NewOrder,1770888158.650520,19887,17,1
1,NewOrder,1770888158.652851,35377,8,1
2,Payment,1770888158.657705,16781,22,1
2,Payment,1770888158.659010,11368,9,1
1,NewOrder,1770888158.659153,21472,5,1
2,Payment,1770888158.659164,17356,19,1
1,NewOrder,1770888158.660043,3650,12,1
2,Payment,1770888158.660057,17908,23,1
1,NewOrder,1770888158.660059,7483,6,1
1,NewOrder,1770888158.660090,11550,13,1
2,Payment,1770888158.660124,7828,16,1
1,NewOrder,1770888158.661213,14891,1,1
1,NewOrder,1770888158.663611,13781,2,1
2,Payment,1770888158.663708,9751,12,1
1,NewOrder,1770888158.664665,28373,11,1
2,Payment,1770888158.665828,4214,0,1
1,NewOrder,1770888158.667554,30531,6,1
4,Delivery,1770888158.667923,31650,20,1
1,NewOrder,1770888158.667978,25747,16,1
1,NewOrder,1770888158.668586,37973,3,1
2,Payment,1770888158.670067,4171,0,1
2,Payment,1770888158.670389,3872,9,1
1,NewOrder,1770888158.670418,43830,17,1
3,OrderStatus,1770888158.671655,12561,13,1
2,Payment,1770888158.673485,13289,12,1
2,Payment,1770888158.674206,6761,21,1
1,NewOrder,1770888158.674221,28716,14,1
5,StockLevel,1770888158.674251,24403,0,1
2,Payment,1770888158.674280,6959,9,1
1,NewOrder,1770888158.674310,24876,4,1
1,NewOrder,1770888158.674497,30646,22,1
5,StockLevel,1770888158.675002,19850,18,1
2,Payment,1770888158.676117,8784,1,1
2,Payment,1770888158.676545,6072,19,1
1,NewOrder,1770888158.676606,26955,7,1
2,Payment,1770888158.676609,6379,10,1
1,NewOrder,1770888158.677403,41919,2,1
2,Payment,1770888158.677978,7363,23,1
1,NewOrder,1770888158.680642,25824,5,1
1,NewOrder,1770888158.680986,50533,21,1
2,Payment,1770888158.681252,11890,9,1
2,Payment,1770888158.682632,4503,19,1
4,Delivery,1770888158.683002,77049,10,1
3,OrderStatus,1770888158.683314,1133,15,1
1,NewOrder,1770888158.684228,16824,13,1
1,NewOrder,1770888158.684463,24531,15,1
1,NewOrder,1770888158.684917,21524,1,1
1,NewOrder,1770888158.685365,26334,23,1
2,Payment,1770888158.686787,5719,12,1
2,Payment,1770888158.687151,1521,19,1
2,Payment,1770888158.688241,6213,8,1
2,Payment,1770888158.688683,4326,19,1
2,Payment,1770888158.692519,6114,12,1
2,Payment,1770888158.693021,17864,19,1
2,Payment,1770888158.693054,2832,11,1
1,NewOrder,1770888158.693167,41311,9,1
1,NewOrder,1770888158.693736,16261,16,1
1,NewOrder,1770888158.694468,16898,8,1
1,NewOrder,1770888158.694861,12453,18,1
1,NewOrder,1770888158.695898,15436,11,1
1,NewOrder,1770888158.698096,11451,6,1
2,Payment,1770888158.698644,5353,12,1
2,Payment,1770888158.698666,20688,0,1
1,NewOrder,1770888158.699204,50343,4,1
1,NewOrder,1770888158.699588,31049,20,1
1,NewOrder,1770888158.701077,8522,13,1
2,Payment,1770888158.702950,17991,14,1
1,NewOrder,1770888158.703579,28321,7,1
2,Payment,1770888158.704023,2076,12,1
4,Delivery,1770888158.705154,32270,22,1
2,Payment,1770888158.706117,4301,12,1
2,Payment,1770888158.706468,14834,1,1
3,OrderStatus,1770888158.706494,1245,5,1
3,OrderStatus,1770888158.706576,4390,3,1
2,Payment,1770888158.707326,13586,18,1
4,Delivery,1770888158.707758,79536,5,1
1,NewOrder,1770888158.709011,28414,15,1
4,Delivery,1770888158.709557,51376,6,1
2,Payment,1770888158.709614,2255,13,1
1,NewOrder,1770888158.710010,17041,16,1
1,NewOrder,1770888158.710427,39018,12,1
2,Payment,1770888158.710897,3608,19,1
3,OrderStatus,1770888158.710989,3101,3,1
2,Payment,1770888158.711349,3655,11,1
2,Payment,1770888158.711393,8054,8,1
3,OrderStatus,1770888158.711724,2253,23,1
2,Payment,1770888158.711881,1394,13,1
3,OrderStatus,1770888158.713285,1166,13,1
3,OrderStatus,1770888158.713995,2969,23,1
1,NewOrder,1770888158.714100,18131,3,1
1,NewOrder,1770888158.714257,35154,17,1
2,Payment,1770888158.714464,8805,13,1
4,Delivery,1770888158.714519,23443,19,1
2,Payment,1770888158.715013,9962,11,1
1,NewOrder,1770888158.716984,31673,23,1
2,Payment,1770888158.719347,12662,2,1
1,NewOrder,1770888158.719371,9588,0,1
2,Payment,1770888158.719459,3498,8,1
2,Payment,1770888158.720938,2748,18,1
2,Payment,1770888158.720952,11024,14,1
1,NewOrder,1770888158.721317,3287,1,1
2,Payment,1770888158.722973,6436,8,1
1,NewOrder,1770888158.723283,26532,13,1
2,Payment,1770888158.723697,1584,18,1
1,NewOrder,1770888158.724619,58917,1,1
1,NewOrder,1770888158.724989,47539,11,1
1,NewOrder,1770888158.725292,16032,18,1
1,NewOrder,1770888158.727077,16715,16,1
2,Payment,1770888158.728985,4422,0,1
2,Payment,1770888158.729421,6719,8,1
1,NewOrder,1770888158.730648,18064,20,1
2,Payment,1770888158.731544,14095,21,1
2,Payment,1770888158.731911,12263,7,1
1,NewOrder,1770888158.731988,52401,14,1
5,StockLevel,1770888158.732022,16432,2,1
5,StockLevel,1770888158.732248,12224,3,1
1,NewOrder,1770888158.733423,8701,0,1
2,Payment,1770888158.734489,11771,9,1
4,Delivery,1770888158.736154,24825,8,1
1,NewOrder,1770888158.737433,11370,22,1
1,NewOrder,1770888158.737452,38553,15,1
2,Payment,1770888158.737978,9197,19,1
2,Payment,1770888158.741337,8096,18,1
1,NewOrder,1770888158.742139,24176,0,1
5,StockLevel,1770888158.743802,3206,16,1
2,Payment,1770888158.744186,20179,7,1
2,Payment,1770888158.744484,12829,3,1
2,Payment,1770888158.745679,26605,21,1
3,OrderStatus,1770888158.746274,5815,9,1
5,StockLevel,1770888158.747028,21082,16,1
4,Delivery,1770888158.747193,6191,19,1
1,NewOrder,1770888158.748466,14922,2,1
1,NewOrder,1770888158.748688,17659,23,1
2,Payment,1770888158.748737,2359,20,1
2,Payment,1770888158.748829,4174,22,1
1,NewOrder,1770888158.749425,9570,17,1
2,Payment,1770888158.749445,5312,18,1
2,Payment,1770888158.749459,2963,12,1
4,Delivery,1770888158.749562,38358,4,1
2,Payment,1770888158.749831,3895,13,1
2,Payment,1770888158.751122,5095,20,1
2,Payment,1770888158.752115,19991,9,1
2,Payment,1770888158.752435,5387,12,1
3,OrderStatus,1770888158.753015,1289,22,1
1,NewOrder,1770888158.753399,34190,19,1
1,NewOrder,1770888158.753736,11781,13,1
1,NewOrder,1770888158.754317,5255,22,1
1,NewOrder,1770888158.754774,21856,18,1
2,Payment,1770888158.756229,1995,20,1
2,Payment,1770888158.757327,5556,3,1
1,NewOrder,1770888158.757834,33388,12,1
2,Payment,1770888158.758236,1711,20,1
2,Payment,1770888158.759003,6882,17,1
1,NewOrder,1770888158.759586,22605,22,1
2,Payment,1770888158.759961,14492,20,1
5,StockLevel,1770888158.760062,18792,10,1
1,NewOrder,1770888158.760956,5327,6,1
2,Payment,1770888158.760996,13005,8,1
3,OrderStatus,1770888158.762898,3053,3,1
5,StockLevel,1770888158.763401,2652,2,1
2,Payment,1770888158.764378,12339,7,1
1,NewOrder,1770888158.765543,21460,13,1
2,Payment,1770888158.765913,2487,17,1
2,Payment,1770888158.765976,2119,3,1
2,Payment,1770888158.766065,5706,2,1
5,StockLevel,1770888158.766294,8833,6,1
5,StockLevel,1770888158.766326,2715,0,1
2,Payment,1770888158.766368,12500,23,1
2,Payment,1770888158.768119,13096,3,1
1,NewOrder,1770888158.768136,45134,16,1
1,NewOrder,1770888158.768420,54169,17,1
1,NewOrder,1770888158.769052,9751,0,1
1,NewOrder,1770888158.771786,40072,2,1
2,Payment,1770888158.772123,6258,9,1
2,Payment,1770888158.772301,4583,21,1
2,Payment,1770888158.772549,7560,11,1
2,Payment,1770888158.774013,7761,8,1
1,NewOrder,1770888158.774469,31136,20,1
1,NewOrder,1770888158.775142,14786,6,1
3,OrderStatus,1770888158.776030,2853,15,1
4,Delivery,1770888158.776642,11799,18,1
2,Payment,1770888158.776733,8465,7,1
1,NewOrder,1770888158.776900,29713,21,1
2,Payment,1770888158.778405,4798,9,1
2,Payment,1770888158.778823,5214,0,1
5,StockLevel,1770888158.778866,9665,10,1
2,Payment,1770888158.778884,19376,23,1
2,Payment,1770888158.778896,5910,15,1
2,Payment,1770888158.780123,9477,11,1
4,Delivery,1770888158.781234,6728,3,1
2,Payment,1770888158.781799,15395,8,1
1,NewOrder,1770888158.782203,10661,22,1
1,NewOrder,1770888158.783218,46726,9,1
1,NewOrder,1770888158.783549,28704,1,1
2,Payment,1770888158.784053,18212,0,1
5,StockLevel,1770888158.784400,7882,14,1
2,Payment,1770888158.784831,5128,15,1
1,NewOrder,1770888158.785209,29468,7,1
2,Payment,1770888158.787014,17211,13,1
2,Payment,1770888158.787322,19322,5,1
2,Payment,1770888158.787602,16289,19,1
1,NewOrder,1770888158.787931,9231,4,1
1,NewOrder,1770888158.787978,41529,3,1
1,NewOrder,1770888158.788454,8180,18,1
1,NewOrder,1770888158.788541,13308,10,1
2,Payment,1770888158.789609,9383,11,1
4,Delivery,1770888158.789936,2136,6,1
3,OrderStatus,1770888158.789973,1012,15,1
1,NewOrder,1770888158.790996,18093,15,1
2,Payment,1770888158.791248,2468,12,1
1,NewOrder,1770888158.792082,17895,6,1
1,NewOrder,1770888158.792292,21300,14,1
2,Payment,1770888158.792886,14556,22,1
1,NewOrder,1770888158.793733,27444,12,1
1,NewOrder,1770888158.796648,27382,18,1
1,NewOrder,1770888158.797179,32732,4,1
3,OrderStatus,1770888158.797208,1308,8,1
1,NewOrder,1770888158.798271,40457,23,1
2,Payment,1770888158.798533,1796,8,1
4,Delivery,1770888158.799006,38408,11,1
2,Payment,1770888158.800343,8534,8,1
1,NewOrder,1770888158.801862,19958,10,1
5,StockLevel,1770888158.802293,7424,0,1
1,NewOrder,1770888158.803917,5994,19,1
1,NewOrder,1770888158.804239,5641,13,1
2,Payment,1770888158.805632,11060,20,1
2,Payment,1770888158.806631,15194,21,1
1,NewOrder,1770888158.806661,3649,5,1
1,NewOrder,1770888158.807463,8855,22,1
2,Payment,1770888158.808891,2169,8,1
2,Payment,1770888158.809115,10260,15,1
1,NewOrder,1770888158.809733,12061,0,1
2,Payment,1770888158.809894,7574,13,1
2,Payment,1770888158.809924,9484,19,1
2,Payment,1770888158.809992,8441,6,1
2,Payment,1770888158.810324,9644,5,1
2,Payment,1770888158.811071,9174,8,1
1,NewOrder,1770888158.811867,44200,2,1
2,Payment,1770888158.812279,10951,1,1
1,NewOrder,1770888158.813285,38742,16,1
2,Payment,1770888158.813608,25082,14,1
2,Payment,1770888158.814694,15188,7,1
2,Payment,1770888158.816343,7254,22,1
2,Payment,1770888158.816705,11672,20,1
2,Payment,1770888158.817494,16344,13,1
1,NewOrder,1770888158.818448,30404,6,1
1,NewOrder,1770888158.819400,35309,15,1
1,NewOrder,1770888158.819424,45015,19,1
2,Payment,1770888158.819977,18682,5,1
2,Payment,1770888158.820270,7303,8,1
3,OrderStatus,1770888158.821190,2485,12,1
1,NewOrder,1770888158.821810,19522,0,1
2,Payment,1770888158.821833,9371,10,1
2,Payment,1770888158.821843,4372,21,1
1,NewOrder,1770888158.822603,26228,17,1
2,Payment,1770888158.823247,17878,1,1
1,NewOrder,1770888158.823609,15738,22,1
1,NewOrder,1770888158.823694,28098,12,1
1,NewOrder,1770888158.824055,20632,18,1
4,Delivery,1770888158.826228,72336,21,1
1,NewOrder,1770888158.827588,53388,8,1
1,NewOrder,1770888158.828386,27187,20,1
2,Payment,1770888158.829521,15908,3,1
1,NewOrder,1770888158.829898,35419,7,1
2,Payment,1770888158.829923,13293,4,1
1,NewOrder,1770888158.829958,22482,9,1
1,NewOrder,1770888158.831217,14585,10,1
1,NewOrder,1770888158.833864,35980,13,1
1,NewOrder,1770888158.837432,28448,11,1
5,StockLevel,1770888158.838671,3652,5,1
2,Payment,1770888158.838706,3727,14,1
2,Payment,1770888158.838755,10456,23,1
2,Payment,1770888158.839362,13089,22,1
1,NewOrder,1770888158.841141,29648,1,1
2,Payment,1770888158.841359,6666,0,1
2,Payment,1770888158.842335,12040,5,1
1,NewOrder,1770888158.842451,7049,14,1
2,Payment,1770888158.843227,6492,4,1
2,Payment,1770888158.844714,21576,18,1
1,NewOrder,1770888158.845455,25760,3,1
2,Payment,1770888158.845828,9227,10,1
2,Payment,1770888158.848053,7984,0,1
4,Delivery,1770888158.848844,77315,17,1
1,NewOrder,1770888158.848866,43501,6,1
2,Payment,1770888158.849224,7687,23,1
1,NewOrder,1770888158.849516,31339,14,1
5,StockLevel,1770888158.849744,2560,4,1
2,Payment,1770888158.851809,10526,12,1
2,Payment,1770888158.852046,12363,16,1
1,NewOrder,1770888158.852318,25825,4,1
2,Payment,1770888158.852454,3982,9,1
1,NewOrder,1770888158.852463,22551,22,1
4,Delivery,1770888158.854402,21790,5,1
2,Payment,1770888158.854720,11129,15,1
2,Payment,1770888158.855068,8214,10,1
1,NewOrder,1770888158.855585,45411,20,1
1,NewOrder,1770888158.856049,24299,0,1
4,Delivery,1770888158.856081,19568,2,1
1,NewOrder,1770888158.856445,17172,9,1
2,Payment,1770888158.856925,7045,23,1
1,NewOrder,1770888158.862361,22666,12,1
2,Payment,1770888158.863296,9247,10,1
3,OrderStatus,1770888158.863984,6191,23,1
1,NewOrder,1770888158.864423,24916,16,1
2,Payment,1770888158.864450,7725,19,1
2,Payment,1770888158.865343,10337,7,1
1,NewOrder,1770888158.865865,4345,15,1
4,Delivery,1770888158.865892,38310,11,1
1,NewOrder,1770888158.866316,12311,18,1
2,Payment,1770888158.869855,11096,13,1
2,Payment,1770888158.870189,12663,23,1
1,NewOrder,1770888158.870223,55051,15,1
2,Payment,1770888158.870802,11267,1,1
3,OrderStatus,1770888158.871226,10537,3,1
2,Payment,1770888158.872189,15229,19,1
2,Payment,1770888158.872554,4560,10,1
1,NewOrder,1770888158.873634,13565,9,1
2,Payment,1770888158.875026,13863,22,1
2,Payment,1770888158.875657,9027,2,1
5,StockLevel,1770888158.875705,30108,7,1
4,Delivery,1770888158.876210,23916,5,1
2,Payment,1770888158.877126,3795,10,1
1,NewOrder,1770888158.878169,15785,4,1
1,NewOrder,1770888158.878642,12292,18,1
2,Payment,1770888158.880359,6229,0,1
3,OrderStatus,1770888158.880864,3694,14,1
2,Payment,1770888158.880937,1881,10,1
5,StockLevel,1770888158.880971,28035,13,1
1,NewOrder,1770888158.880991,42572,8,1
2,Payment,1770888158.881777,15994,3,1
1,NewOrder,1770888158.882083,33642,1,1
2,Payment,1770888158.882827,23488,10,1
1,NewOrder,1770888158.882864,43910,23,1
1,NewOrder,1770888158.884572,8967,14,1
2,Payment,1770888158.884711,11504,2,1
2,Payment,1770888158.885039,2180,12,1
1,NewOrder,1770888158.886600,37670,0,1
2,Payment,1770888158.887225,3937,9,1
2,Payment,1770888158.887233,3326,12,1
4,Delivery,1770888158.887434,11700,19,1
1,NewOrder,1770888158.888913,34227,22,1
2,Payment,1770888158.889355,16910,16,1
2,Payment,1770888158.890575,20864,12,1
1,NewOrder,1770888158.890955,28110,18,1
1,NewOrder,1770888158.891174,14699,9,1
2,Payment,1770888158.892386,15588,6,1
1,NewOrder,1770888158.893554,12550,14,1
2,Payment,1770888158.893981,5817,4,1
1,NewOrder,1770888158.896232,32613,2,1
1,NewOrder,1770888158.897785,24067,3,1
2,Payment,1770888158.898574,8743,21,1
5,StockLevel,1770888158.899155,15160,19,1
2,Payment,1770888158.899811,2638,4,1
5,StockLevel,1770888158.900143,5629,5,1
3,OrderStatus,1770888158.901022,7343,20,1
1,NewOrder,1770888158.902463,6023,4,1
5,StockLevel,1770888158.904216,3621,11,1
1,NewOrder,1770888158.905797,27027,5,1
2,Payment,1770888158.905830,7994,7,1
2,Payment,1770888158.905885,5128,9,1
2,Payment,1770888158.906115,2410,14,1
2,Payment,1770888158.906283,6790,16,1
1,NewOrder,1770888158.906327,26546,10,1
2,Payment,1770888158.907329,8875,21,1
1,NewOrder,1770888158.907847,45713,11,1
1,NewOrder,1770888158.907988,15551,6,1
2,Payment,1770888158.908376,9977,20,1
2,Payment,1770888158.908502,9521,4,1
5,StockLevel,1770888158.908536,19679,14,1
2,Payment,1770888158.909034,5601,13,1
1,NewOrder,1770888158.911023,31571,9,1
1,NewOrder,1770888158.911456,23245,12,1
1,NewOrder,1770888158.913098,19252,16,1
1,NewOrder,1770888158.913850,41745,7,1
2,Payment,1770888158.914336,5626,19,1
2,Payment,1770888158.914650,2213,13,1
1,NewOrder,1770888158.915741,26940,1,1
3,OrderStatus,1770888158.916218,5406,21,1
1,NewOrder,1770888158.916889,25906,13,1
4,Delivery,1770888158.918040,55053,4,1
1,NewOrder,1770888158.918364,8506,20,1
2,Payment,1770888158.919080,2325,18,1
2,Payment,1770888158.919977,4308,19,1
2,Payment,1770888158.921415,5101,18,1
2,Payment,1770888158.921648,20773,21,1
1,NewOrder,1770888158.921863,45331,3,1
1,NewOrder,1770888158.923155,50601,22,1
1,NewOrder,1770888158.923564,32098,6,1
3,OrderStatus,1770888158.923588,6165,8,1
2,Payment,1770888158.924283,9213,0,1
1,NewOrder,1770888158.924298,30289,19,1
1,NewOrder,1770888158.925287,49331,15,1
2,Payment,1770888158.926172,16585,17,1
2,Payment,1770888158.926528,18161,18,1
1,NewOrder,1770888158.926785,52326,23,1
2,Payment,1770888158.926888,19872,20,1
2,Payment,1770888158.928231,16775,14,1
1,NewOrder,1770888158.928858,37988,2,1
1,NewOrder,1770888158.929769,48884,8,1
2,Payment,1770888158.932385,15469,16,1
1,NewOrder,1770888158.932841,38567,5,1
4,Delivery,1770888158.932886,68799,10,1
2,Payment,1770888158.933528,19128,0,1
2,Payment,1770888158.934710,18634,12,1
1,NewOrder,1770888158.942441,34334,21,1
2,Payment,1770888158.942602,1591,9,1
1,NewOrder,1770888158.942689,14169,1,1
2,Payment,1770888158.942762,7715,17,1
2,Payment,1770888158.942805,13542,13,1
3,OrderStatus,1770888158.944201,827,9,1
5,StockLevel,1770888158.944712,18067,18,1
1,NewOrder,1770888158.945030,4706,14,1
2,Payment,1770888158.945037,5123,9,1
1,NewOrder,1770888158.946784,8493,20,1
2,Payment,1770888158.947865,10073,16,1
2,Payment,1770888158.949743,11307,14,1
1,NewOrder,1770888158.950164,26103,9,1
1,NewOrder,1770888158.950491,18522,17,1
2,Payment,1770888158.952672,9382,0,1
2,Payment,1770888158.953350,5993,12,1
1,NewOrder,1770888158.953574,17245,11,1
1,NewOrder,1770888158.954611,14799,19,1
1,NewOrder,1770888158.955305,16936,20,1
1,NewOrder,1770888158.955609,17133,7,1
5,StockLevel,1770888158.955667,19013,6,1
1,NewOrder,1770888158.956352,50031,13,1
1,NewOrder,1770888158.956870,22975,1,1
1,NewOrder,1770888158.957954,11879,16,1
2,Payment,1770888158.959356,5576,12,1
1,NewOrder,1770888158.961058,13527,14,1
1,NewOrder,1770888158.962080,31207,0,1
2,Payment,1770888158.962790,8639,18,1
2,Payment,1770888158.964947,5419,12,1
2,Payment,1770888158.966871,7287,2,1
1,NewOrder,1770888158.967206,24170,3,1
1,NewOrder,1770888158.969039,33365,17,1
1,NewOrder,1770888158.969435,20316,19,1
2,Payment,1770888158.969859,5813,16,1
1,NewOrder,1770888158.970384,28878,12,1
1,NewOrder,1770888158.970834,29103,11,1
1,NewOrder,1770888158.971434,39018,5,1
2,Payment,1770888158.971443,5650,18,1
2,Payment,1770888158.972267,6710,20,1
1,NewOrder,1770888158.972752,20109,7,1
1,NewOrder,1770888158.973109,23601,4,1
2,Payment,1770888158.973781,6706,22,1
1,NewOrder,1770888158.974184,36229,2,1
2,Payment,1770888158.974597,9636,14,1
2,Payment,1770888158.974639,7322,15,1
1,NewOrder,1770888158.974705,35228,6,1
1,NewOrder,1770888158.975686,20404,16,1
1,NewOrder,1770888158.976280,36413,9,1
2,Payment,1770888158.976785,8637,21,1
2,Payment,1770888158.977118,10217,18,1
4,Delivery,1770888158.978679,23316,8,1
1,NewOrder,1770888158.979003,18596,20,1
1,NewOrder,1770888158.979131,25204,23,1
1,NewOrder,1770888158.979871,28392,1,1
3,OrderStatus,1770888158.980512,7434,22,1
2,Payment,1770888158.981986,8200,15,1
2,Payment,1770888158.984247,9000,14,1
2,Payment,1770888158.985448,7862,21,1
1,NewOrder,1770888158.987358,44005,18,1
2,Payment,1770888158.987972,10496,22,1
2,Payment,1770888158.989775,10539,19,1
1,NewOrder,1770888158.990197,28953,15,1
2,Payment,1770888158.991402,8928,3,1
2,Payment,1770888158.992881,4389,7,1
5,StockLevel,1770888158.993265,19203,14,1
2,Payment,1770888158.993311,9169,0,1
1,NewOrder,1770888158.993336,43443,21,1
1,NewOrder,1770888158.996115,28679,16,1
2,Payment,1770888158.996727,7222,4,1
1,NewOrder,1770888158.997280,24945,7,1
2,Payment,1770888158.997610,9166,20,1
1,NewOrder,1770888158.998485,29409,22,1
1,NewOrder,1770888158.999288,20776,12,1
2,Payment,1770888158.999963,5527,11,1
2,Payment,1770888159.000339,8448,19,1
1,NewOrder,1770888159.000345,35965,3,1
1,NewOrder,1770888159.001711,42213,10,1
4,Delivery,1770888159.002011,18092,8,1
2,Payment,1770888159.002420,5377,17,1
2,Payment,1770888159.002507,7727,0,1
2,Payment,1770888159.003967,8101,4,1
1,NewOrder,1770888159.004361,29612,23,1
1,NewOrder,1770888159.005515,25226,11,1
1,NewOrder,1770888159.006394,28584,13,1
1,NewOrder,1770888159.006789,17701,20,1
2,Payment,1770888159.007821,9526,17,1
2,Payment,1770888159.008283,5259,1,1
1,NewOrder,1770888159.008804,7780,19,1
1,NewOrder,1770888159.009959,41835,6,1
2,Payment,1770888159.010251,11553,0,1
1,NewOrder,1770888159.010427,33470,2,1
1,NewOrder,1770888159.010478,29246,5,1
1,NewOrder,1770888159.012091,51494,4,1
1,NewOrder,1770888159.012478,44190,14,1
1,NewOrder,1770888159.012719,26977,9,1
1,NewOrder,1770888159.013567,47396,1,1
3,OrderStatus,1770888159.016597,8156,19,1
1,NewOrder,1770888159.017372,15715,17,1
4,Delivery,1770888159.019166,48747,15,1
1,NewOrder,1770888159.020092,15585,12,1
2,Payment,1770888159.020129,8151,8,1
1,NewOrder,1770888159.021829,43069,0,1
1,NewOrder,1770888159.022242,19899,7,1
2,Payment,1770888159.024515,5175,20,1
2,Payment,1770888159.024769,6972,19,1
1,NewOrder,1770888159.024819,20018,16,1
2,Payment,1770888159.027919,11172,22,1
1,NewOrder,1770888159.028294,43053,8,1
1,NewOrder,1770888159.029706,14695,20,1
2,Payment,1770888159.030768,5356,11,1
1,NewOrder,1770888159.031379,35783,18,1
1,NewOrder,1770888159.031754,12207,19,1
1,NewOrder,1770888159.033107,19495,17,1
2,Payment,1770888159.033992,10382,23,1
2,Payment,1770888159.035003,7161,13,1
1,NewOrder,1770888159.035702,20091,12,1
1,NewOrder,1770888159.036151,21172,11,1
1,NewOrder,1770888159.036335,32300,3,1
1,NewOrder,1770888159.036791,36765,21,1
2,Payment,1770888159.039105,9169,22,1
2,Payment,1770888159.039711,6301,9,1
1,NewOrder,1770888159.039749,33384,5,1
1,NewOrder,1770888159.042167,12318,7,1
2,Payment,1770888159.042195,3401,13,1
1,NewOrder,1770888159.043912,38133,2,1
2,Payment,1770888159.043934,5775,10,1
1,NewOrder,1770888159.043985,32394,19,1
2,Payment,1770888159.044387,8874,23,1
1,NewOrder,1770888159.044426,10004,20,1
1,NewOrder,1770888159.044863,23104,16,1
2,Payment,1770888159.045612,6799,13,1
2,Payment,1770888159.046026,6473,9,1
2,Payment,1770888159.048288,8339,22,1
1,NewOrder,1770888159.049737,38260,10,1
1,NewOrder,1770888159.051819,21681,6,1
2,Payment,1770888159.052421,2906,13,1
1,NewOrder,1770888159.052524,12597,9,1
1,NewOrder,1770888159.052616,29381,17,1
1,NewOrder,1770888159.053277,36963,23,1
1,NewOrder,1770888159.054452,31694,20,1
2,Payment,1770888159.054510,5206,7,1
2,Payment,1770888159.055354,5807,13,1
2,Payment,1770888159.055819,8100,12,1
1,NewOrder,1770888159.056638,25904,22,1
3,OrderStatus,1770888159.056693,7716,14,1
2,Payment,1770888159.057336,6632,11,1
2,Payment,1770888159.059741,5696,7,1
1,NewOrder,1770888159.060987,32426,1,1
1,NewOrder,1770888159.061198,26426,13,1
1,NewOrder,1770888159.063601,24357,4,1
2,Payment,1770888159.063943,2232,12,1
1,NewOrder,1770888159.063994,16044,11,1
2,Payment,1770888159.064436,3854,14,1
2,Payment,1770888159.064924,8603,0,1
3,OrderStatus,1770888159.065146,1988,9,1
3,OrderStatus,1770888159.065452,6072,7,1
2,Payment,1770888159.066191,7686,12,1
1,NewOrder,1770888159.067159,24362,9,1
1,NewOrder,1770888159.067175,29201,18,1
1,NewOrder,1770888159.067937,25002,15,1
2,Payment,1770888159.067993,9766,16,1
2,Payment,1770888159.068301,7721,14,1
1,NewOrder,1770888159.068662,26118,3,1
1,NewOrder,1770888159.071371,28764,8,1
2,Payment,1770888159.071535,7909,7,1
1,NewOrder,1770888159.073150,34195,5,1
1,NewOrder,1770888159.073526,26015,6,1
2,Payment,1770888159.073553,7846,0,1
1,NewOrder,1770888159.073582,32453,21,1
1,NewOrder,1770888159.073889,25255,12,1
2,Payment,1770888159.076048,3965,14,1
2,Payment,1770888159.076394,1697,19,1
1,NewOrder,1770888159.077784,30658,16,1
2,Payment,1770888159.078104,1610,19,1
1,NewOrder,1770888159.079469,36006,7,1
1,NewOrder,1770888159.079726,21396,19,1
2,Payment,1770888159.080039,11070,14,1
2,Payment,1770888159.080049,7887,11,1
1,NewOrder,1770888159.081425,28343,0,1
2,Payment,1770888159.082022,11358,17,1
1,NewOrder,1770888159.082071,22916,2,1
1,NewOrder,1770888159.082557,24145,22,1
1,NewOrder,1770888159.086171,26997,20,1
1,NewOrder,1770888159.087649,19775,13,1
2,Payment,1770888159.087949,6408,11,1
2,Payment,1770888159.087972,5932,4,1
2,Payment,1770888159.088022,9196,10,1
2,Payment,1770888159.090254,7297,23,1
2,Payment,1770888159.091135,13066,14,1
2,Payment,1770888159.091548,8058,9,1
2,Payment,1770888159.092950,17104,15,1
1,NewOrder,1770888159.093396,33843,17,1
2,Payment,1770888159.093434,8373,1,1
2,Payment,1770888159.093932,10646,4,1
2,Payment,1770888159.094372,6998,11,1
2,Payment,1770888159.094807,20251,3,1
2,Payment,1770888159.096396,10133,18,1
1,NewOrder,1770888159.097230,28624,10,1
2,Payment,1770888159.097565,6979,23,1
2,Payment,1770888159.099156,9417,12,1
1,NewOrder,1770888159.099567,29627,6,1
2,Payment,1770888159.099634,4907,9,1
2,Payment,1770888159.100161,8314,8,1
1,NewOrder,1770888159.101147,29482,19,1
1,NewOrder,1770888159.101382,18393,11,1
1,NewOrder,1770888159.101825,24473,1,1
4,Delivery,1770888159.104227,43709,14,1
2,Payment,1770888159.104554,8979,9,1
2,Payment,1770888159.104560,4592,23,1
1,NewOrder,1770888159.104603,19691,4,1
2,Payment,1770888159.105012,11843,2,1
2,Payment,1770888159.106061,7925,21,1
2,Payment,1770888159.106544,4318,18,1
2,Payment,1770888159.106726,12879,22,1
2,Payment,1770888159.107370,11433,5,1
2,Payment,1770888159.107436,8290,13,1
1,NewOrder,1770888159.108457,31063,16,1
1,NewOrder,1770888159.108490,22828,8,1
5,StockLevel,1770888159.108586,17011,12,1
2,Payment,1770888159.109166,7352,23,1
2,Payment,1770888159.109793,10625,0,1
1,NewOrder,1770888159.110078,7214,15,1
1,NewOrder,1770888159.110875,15496,18,1
2,Payment,1770888159.113193,7760,20,1
1,NewOrder,1770888159.113558,32366,9,1
1,NewOrder,1770888159.114013,39162,21,1
1,NewOrder,1770888159.115085,33233,3,1
1,NewOrder,1770888159.115501,30847,7,1
1,NewOrder,1770888159.115740,19170,13,1
1,NewOrder,1770888159.116544,22563,23,1
2,Payment,1770888159.116883,6283,2,1
2,Payment,1770888159.117307,7775,15,1
3,OrderStatus,1770888159.118819,4029,5,1
2,Payment,1770888159.119630,9181,22,1
2,Payment,1770888159.119801,4997,11,1
1,NewOrder,1770888159.120433,24383,0,1
2,Payment,1770888159.120967,3802,20,1
2,Payment,1770888159.122863,10222,5,1
2,Payment,1770888159.123182,8174,2,1
1,NewOrder,1770888159.124318,21995,4,1
1,NewOrder,1770888159.124795,26257,20,1
2,Payment,1770888159.124824,11738,11,1
3,OrderStatus,1770888159.125094,4770,15,1
2,Payment,1770888159.125608,10105,12,1
1,NewOrder,1770888159.125881,29897,10,1
1,NewOrder,1770888159.126310,33329,1,1
1,NewOrder,1770888159.126384,32095,18,1
1,NewOrder,1770888159.127259,25888,17,1
2,Payment,1770888159.128837,11689,22,1
1,NewOrder,1770888159.129220,31046,6,1
1,NewOrder,1770888159.129888,43662,15,1
1,NewOrder,1770888159.130653,28012,19,1
1,NewOrder,1770888159.131332,49076,8,1
1,NewOrder,1770888159.131376,31080,2,1
2,Payment,1770888159.133098,4747,5,1
1,NewOrder,1770888159.134927,23761,13,1
2,Payment,1770888159.135728,7272,12,1
2,Payment,1770888159.136587,7048,11,1
2,Payment,1770888159.137860,7653,5,1
2,Payment,1770888159.139133,14003,23,1
2,Payment,1770888159.139546,5911,16,1
2,Payment,1770888159.140540,15824,22,1
1,NewOrder,1770888159.143026,16022,12,1
2,Payment,1770888159.143660,4695,11,1
1,NewOrder,1770888159.144836,51456,0,1
1,NewOrder,1770888159.145474,24345,16,1
3,OrderStatus,1770888159.145527,15107,5,1
4,Delivery,1770888159.145945,41904,9,1
1,NewOrder,1770888159.146339,33001,4,1
1,NewOrder,1770888159.146374,30723,7,1
2,Payment,1770888159.147963,4236,14,1
1,NewOrder,1770888159.148343,15891,3,1
1,NewOrder,1770888159.148380,16115,11,1
2,Payment,1770888159.151066,7746,20,1
1,NewOrder,1770888159.152225,18017,14,1
1,NewOrder,1770888159.153153,41233,23,1
2,Payment,1770888159.153172,5814,17,1
4,Delivery,1770888159.153200,46765,21,1
2,Payment,1770888159.155803,10498,10,1
1,NewOrder,1770888159.156390,26950,22,1
2,Payment,1770888159.158505,11276,18,1
1,NewOrder,1770888159.158690,15428,19,1
2,Payment,1770888159.158712,2160,13,1
1,NewOrder,1770888159.158823,30822,20,1
2,Payment,1770888159.159012,4146,17,1
2,Payment,1770888159.159062,5781,12,1
1,NewOrder,1770888159.159663,24854,1,1
2,Payment,1770888159.160283,8754,6,1
1,NewOrder,1770888159.160649,28563,5,1
1,NewOrder,1770888159.160889,12675,13,1
2,Payment,1770888159.162482,9949,2,1
2,Payment,1770888159.163183,3658,17,1
1,NewOrder,1770888159.164261,11097,3,1
1,NewOrder,1770888159.164508,24952,11,1
1,NewOrder,1770888159.164858,8148,12,1
2,Payment,1770888159.166318,10181,10,1
1,NewOrder,1770888159.166856,10198,17,1
5,StockLevel,1770888159.169056,11007,6,1
2,Payment,1770888159.169806,8966,18,1
2,Payment,1770888159.169846,11651,16,1
4,Delivery,1770888159.170255,25108,14,1
2,Payment,1770888159.172456,7653,2,1
2,Payment,1770888159.173018,17886,12,1
2,Payment,1770888159.173575,21227,15,1
2,Payment,1770888159.173586,18809,13,1
1,NewOrder,1770888159.174132,28352,19,1
2,Payment,1770888159.175384,15336,3,1
2,Payment,1770888159.176510,7209,10,1
2,Payment,1770888159.177080,19615,17,1
2,Payment,1770888159.177122,13323,7,1
1,NewOrder,1770888159.178787,10787,18,1
2,Payment,1770888159.179361,15456,4,1
1,NewOrder,1770888159.180075,17503,6,1
1,NewOrder,1770888159.180134,34366,2,1
1,NewOrder,1770888159.180422,13274,8,1
2,Payment,1770888159.181525,6668,16,1
2,Payment,1770888159.183352,5527,22,1
1,NewOrder,1770888159.183733,23314,10,1
1,NewOrder,1770888159.184546,15846,1,1
2,Payment,1770888159.187874,15133,9,1
3,OrderStatus,1770888159.188218,11905,16,1
1,NewOrder,1770888159.188893,35889,22,1
1,NewOrder,1770888159.189227,16561,5,1
4,Delivery,1770888159.189483,50712,11,1
2,Payment,1770888159.189599,4903,18,1
3,OrderStatus,1770888159.189692,12661,20,1
5,StockLevel,1770888159.190456,44584,7,1
1,NewOrder,1770888159.190747,18187,3,1
1,NewOrder,1770888159.190927,16784,12,1
1,NewOrder,1770888159.192412,29970,13,1
2,Payment,1770888159.193707,25348,8,1
1,NewOrder,1770888159.194412,41256,23,1
1,NewOrder,1770888159.194528,19796,18,1
2,Payment,1770888159.194816,3653,15,1
2,Payment,1770888159.194832,2363,4,1
1,NewOrder,1770888159.195379,27716,14,1
3,OrderStatus,1770888159.196317,7569,0,1
2,Payment,1770888159.196711,4257,17,1
2,Payment,1770888159.197208,8291,4,1
2,Payment,1770888159.197587,23056,6,1
2,Payment,1770888159.198494,9552,15,1
2,Payment,1770888159.199976,9404,21,1
1,NewOrder,1770888159.200150,23933,16,1
1,NewOrder,1770888159.200406,28667,1,1
2,Payment,1770888159.200985,5183,17,1
2,Payment,1770888159.202378,12093,20,1
2,Payment,1770888159.202510,8316,19,1
2,Payment,1770888159.203021,7390,9,1
2,Payment,1770888159.203910,9854,0,1
2,Payment,1770888159.205525,11820,4,1
1,NewOrder,1770888159.205802,13756,5,1
1,NewOrder,1770888159.206193,27283,17,1
2,Payment,1770888159.207073,9342,10,1
2,Payment,1770888159.207726,12382,12,1
1,NewOrder,1770888159.208067,16630,15,1
1,NewOrder,1770888159.208962,30354,3,1
5,StockLevel,1770888159.209400,21677,21,1
1,NewOrder,1770888159.210436,19161,9,1
1,NewOrder,1770888159.210840,13125,19,1
2,Payment,1770888159.213789,9368,0,1
3,OrderStatus,1770888159.214351,1063,18,1
1,NewOrder,1770888159.214487,16543,20,1
2,Payment,1770888159.214512,6237,2,1
2,Payment,1770888159.215438,8493,18,1
1,NewOrder,1770888159.216439,35391,10,1
2,Payment,1770888159.217355,7631,4,1
2,Payment,1770888159.219069,4133,8,1
2,Payment,1770888159.219577,22853,5,1
2,Payment,1770888159.220132,9523,12,1
2,Payment,1770888159.220662,3952,6,1
2,Payment,1770888159.220775,8652,2,1
1,NewOrder,1770888159.222408,33178,13,1
3,OrderStatus,1770888159.223108,8845,14,1
2,Payment,1770888159.223181,3875,0,1
2,Payment,1770888159.223227,3139,8,1
1,NewOrder,1770888159.223956,28356,18,1
1,NewOrder,1770888159.223990,23594,19,1
2,Payment,1770888159.224098,7264,16,1
2,Payment,1770888159.224628,3013,6,1
1,NewOrder,1770888159.224723,26459,15,1
2,Payment,1770888159.224808,9652,22,1
2,Payment,1770888159.225002,6403,4,1
1,NewOrder,1770888159.226392,8806,8,1
2,Payment,1770888159.227081,9360,0,1
1,NewOrder,1770888159.227654,11210,6,1
1,NewOrder,1770888159.229099,27496,1,1
2,Payment,1770888159.229452,11152,2,1
1,NewOrder,1770888159.229622,27996,9,1
1,NewOrder,1770888159.229683,43802,12,1
5,StockLevel,1770888159.231055,18369,20,1
3,OrderStatus,1770888159.231104,9640,21,1
1,NewOrder,1770888159.231376,25874,16,1
1,NewOrder,1770888159.231421,27894,4,1
2,Payment,1770888159.231967,6100,14,1
1,NewOrder,1770888159.233489,24155,17,1
1,NewOrder,1770888159.234485,24943,22,1
1,NewOrder,1770888159.235065,40701,7,1
2,Payment,1770888159.235213,6056,8,1
2,Payment,1770888159.235678,11812,23,1
5,StockLevel,1770888159.236467,20697,0,1
1,NewOrder,1770888159.238082,28217,14,1
1,NewOrder,1770888159.238890,20588,6,1
2,Payment,1770888159.239341,7850,3,1
1,NewOrder,1770888159.240221,23359,11,1
1,NewOrder,1770888159.240629,32886,2,1
2,Payment,1770888159.240758,10068,21,1
2,Payment,1770888159.241283,10223,8,1
2,Payment,1770888159.242445,8969,5,1
2,Payment,1770888159.247212,8918,3,1
5,StockLevel,1770888159.247516,7790,23,1
1,NewOrder,1770888159.247598,21876,19,1
2,Payment,1770888159.249438,8759,20,1
1,NewOrder,1770888159.250851,18749,21,1
2,Payment,1770888159.251207,7740,15,1
1,NewOrder,1770888159.251427,5196,5,1
4,Delivery,1770888159.251527,31087,8,1
2,Payment,1770888159.251843,7498,10,1
1,NewOrder,1770888159.252326,34576,18,1
2,Payment,1770888159.255331,13494,23,1
3,OrderStatus,1770888159.255610,7322,13,1
2,Payment,1770888159.256144,8725,3,1
1,NewOrder,1770888159.256614,27807,1,1
1,NewOrder,1770888159.256649,20918,5,1
1,NewOrder,1770888159.257189,28866,0,1
2,Payment,1770888159.257274,9464,16,1
2,Payment,1770888159.257646,11862,9,1
3,OrderStatus,1770888159.257657,5731,17,1
4,Delivery,1770888159.258209,32810,20,1
5,StockLevel,1770888159.258973,19256,15,1
2,Payment,1770888159.259339,7300,4,1
2,Payment,1770888159.259356,12355,10,1
1,NewOrder,1770888159.259442,30644,22,1
2,Payment,1770888159.259503,13823,6,1
2,Payment,1770888159.262957,18444,13,1
2,Payment,1770888159.263413,7807,17,1
1,NewOrder,1770888159.263606,35557,11,1
2,Payment,1770888159.264886,7936,3,1
2,Payment,1770888159.266327,8627,14,1
1,NewOrder,1770888159.266657,36068,4,1
4,Delivery,1770888159.266764,50602,16,1
2,Payment,1770888159.268850,14987,23,1
1,NewOrder,1770888159.269486,17360,19,1
1,NewOrder,1770888159.269525,12500,9,1
2,Payment,1770888159.269615,6205,21,1
2,Payment,1770888159.271246,8444,17,1
1,NewOrder,1770888159.271731,25492,10,1
1,NewOrder,1770888159.272833,28002,3,1
1,NewOrder,1770888159.273341,13530,6,1
1,NewOrder,1770888159.273500,23746,12,1
2,Payment,1770888159.273535,8467,2,1
1,NewOrder,1770888159.274970,17344,14,1
1,NewOrder,1770888159.275793,25980,7,1
1,NewOrder,1770888159.275835,36317,21,1
1,NewOrder,1770888159.277585,20125,5,1
2,Payment,1770888159.278242,11775,15,1
2,Payment,1770888159.279703,7797,17,1
1,NewOrder,1770888159.281426,11876,13,1
1,NewOrder,1770888159.282015,38263,2,1
2,Payment,1770888159.282035,7571,9,1
1,NewOrder,1770888159.282628,33023,8,1
2,Payment,1770888159.283848,12373,23,1
2,Payment,1770888159.284447,6966,1,1
1,NewOrder,1770888159.286068,26744,0,1
2,Payment,1770888159.286863,11086,19,1
4,Delivery,1770888159.286889,10349,6,1
1,NewOrder,1770888159.286927,25923,18,1
1,NewOrder,1770888159.287512,24680,17,1
1,NewOrder,1770888159.289634,35283,9,1
2,Payment,1770888159.290030,4648,15,1
2,Payment,1770888159.290105,9489,22,1
1,NewOrder,1770888159.291044,32739,20,1
2,Payment,1770888159.291439,6196,1,1
2,Payment,1770888159.292328,6500,14,1
4,Delivery,1770888159.293319,24542,13,1
2,Payment,1770888159.294703,9768,15,1
2,Payment,1770888159.296239,8613,23,1
2,Payment,1770888159.297241,10765,10,1
1,NewOrder,1770888159.297261,27956,12,1
1,NewOrder,1770888159.297267,33499,6,1
1,NewOrder,1770888159.297646,27311,1,1
2,Payment,1770888159.297735,7235,5,1
2,Payment,1770888159.297963,3785,19,1
2,Payment,1770888159.298853,8014,14,1
2,Payment,1770888159.299188,11325,11,1
2,Payment,1770888159.299604,8668,22,1
1,NewOrder,1770888159.300861,28490,3,1
2,Payment,1770888159.301759,8605,19,1
1,NewOrder,1770888159.301800,41995,7,1
2,Payment,1770888159.302741,7283,4,1
2,Payment,1770888159.304486,10884,15,1
1,NewOrder,1770888159.304861,4405,23,1
1,NewOrder,1770888159.304996,11884,5,1
2,Payment,1770888159.306891,5999,14,1
1,NewOrder,1770888159.308032,27155,10,1
1,NewOrder,1770888159.308298,33237,22,1
2,Payment,1770888159.309278,5665,23,1
1,NewOrder,1770888159.310051,30609,4,1
2,Payment,1770888159.310376,6968,19,1
1,NewOrder,1770888159.310538,24424,11,1
1,NewOrder,1770888159.312164,30954,21,1
3,OrderStatus,1770888159.312218,8097,17,1
1,NewOrder,1770888159.312831,37544,0,1
1,NewOrder,1770888159.312867,22811,18,1
1,NewOrder,1770888159.312916,20900,14,1
2,Payment,1770888159.314967,13812,23,1
1,NewOrder,1770888159.315383,20647,15,1
2,Payment,1770888159.315664,8622,8,1
1,NewOrder,1770888159.316889,61149,5,1
3,OrderStatus,1770888159.317370,2316,19,1
5,StockLevel,1770888159.317392,19663,16,1
5,StockLevel,1770888159.317884,1852,13,1
1,NewOrder,1770888159.319705,14665,19,1
3,OrderStatus,1770888159.319750,5814,13,1
2,Payment,1770888159.320307,9181,2,1
3,OrderStatus,1770888159.320340,5858,17,1
2,Payment,1770888159.323808,7242,20,1
2,Payment,1770888159.324310,5774,8,1
1,NewOrder,1770888159.324943,34343,9,1
1,NewOrder,1770888159.324983,24421,1,1
2,Payment,1770888159.325242,6277,12,1
2,Payment,1770888159.325574,8696,13,1
1,NewOrder,1770888159.326215,31278,17,1
1,NewOrder,1770888159.328805,20486,23,1
1,NewOrder,1770888159.329362,17213,3,1
2,Payment,1770888159.329504,6490,2,1
2,Payment,1770888159.330095,7550,8,1
1,NewOrder,1770888159.330792,26311,6,1
2,Payment,1770888159.331067,7023,20,1
1,NewOrder,1770888159.331533,28711,12,1
2,Payment,1770888159.333828,7293,14,1
3,OrderStatus,1770888159.334296,995,13,1
2,Payment,1770888159.334397,8387,19,1
1,NewOrder,1770888159.334974,22598,11,1
2,Payment,1770888159.335213,6784,10,1
2,Payment,1770888159.335308,9001,13,1
1,NewOrder,1770888159.335688,18025,18,1
4,Delivery,1770888159.336005,31534,2,1
2,Payment,1770888159.336057,12738,15,1
1,NewOrder,1770888159.337069,25584,16,1
1,NewOrder,1770888159.337688,18183,8,1
1,NewOrder,1770888159.338115,20332,20,1
5,StockLevel,1770888159.340685,18200,4,1
2,Payment,1770888159.341146,10221,14,1
3,OrderStatus,1770888159.341560,4479,22,1
2,Payment,1770888159.342020,7895,10,1
2,Payment,1770888159.342798,10436,19,1
2,Payment,1770888159.343130,11862,21,1
2,Payment,1770888159.343823,8379,7,1
1,NewOrder,1770888159.344334,28087,13,1
1,NewOrder,1770888159.346064,19750,22,1
1,NewOrder,1770888159.346599,34382,3,1
3,OrderStatus,1770888159.348820,6680,15,1
2,Payment,1770888159.349318,7816,23,1
2,Payment,1770888159.349416,7388,1,1
1,NewOrder,1770888159.349939,19880,10,1
1,NewOrder,1770888159.350400,19374,0,1
2,Payment,1770888159.351393,6214,14,1
2,Payment,1770888159.352217,6729,7,1
1,NewOrder,1770888159.353256,26930,19,1
1,NewOrder,1770888159.353737,27165,18,1
1,NewOrder,1770888159.355010,15583,21,1
1,NewOrder,1770888159.355526,25762,15,1
1,NewOrder,1770888159.355888,28054,8,1
2,Payment,1770888159.356831,6606,1,1
2,Payment,1770888159.357120,6641,6,1
2,Payment,1770888159.357153,4267,23,1
3,OrderStatus,1770888159.357518,6085,17,1
1,NewOrder,1770888159.357586,25401,11,1
1,NewOrder,1770888159.357633,23775,14,1
2,Payment,1770888159.358465,10783,20,1
1,NewOrder,1770888159.358911,26515,4,1
1,NewOrder,1770888159.358975,25476,7,1
1,NewOrder,1770888159.359299,20755,9,1
1,NewOrder,1770888159.360269,30447,12,1
1,NewOrder,1770888159.361432,23490,23,1
3,OrderStatus,1770888159.362680,2097,16,1
5,StockLevel,1770888159.363461,20476,1,1
1,NewOrder,1770888159.363628,27128,17,1
1,NewOrder,1770888159.363786,17170,6,1
1,NewOrder,1770888159.364794,24655,16,1
1,NewOrder,1770888159.365825,23489,22,1
5,StockLevel,1770888159.367561,16301,2,1
2,Payment,1770888159.369273,9110,20,1
4,Delivery,1770888159.369800,20181,0,1
1,NewOrder,1770888159.369834,24852,10,1
2,Payment,1770888159.370610,10375,21,1
2,Payment,1770888159.372447,6296,13,1
2,Payment,1770888159.378064,11976,5,1
2,Payment,1770888159.378408,8811,20,1
2,Payment,1770888159.378768,2461,13,1
1,NewOrder,1770888159.380070,20735,9,1
2,Payment,1770888159.380196,9158,19,1
2,Payment,1770888159.380927,12555,18,1
2,Payment,1770888159.380971,4793,6,1
1,NewOrder,1770888159.380997,21505,3,1
2,Payment,1770888159.380999,10269,21,1
1,NewOrder,1770888159.381242,42913,13,1
4,Delivery,1770888159.381314,37105,15,1
1,NewOrder,1770888159.381418,19367,14,1
2,Payment,1770888159.383013,5589,11,1
2,Payment,1770888159.383876,8801,2,1
3,OrderStatus,1770888159.383949,5182,1,1
1,NewOrder,1770888159.383968,16295,8,1
1,NewOrder,1770888159.384466,35303,7,1
2,Payment,1770888159.384932,10912,23,1
2,Payment,1770888159.385451,15280,4,1
1,NewOrder,1770888159.385778,20808,6,1
1,NewOrder,1770888159.387244,25446,20,1
1,NewOrder,1770888159.388613,28591,11,1
1,NewOrder,1770888159.389156,23729,1,1
2,Payment,1770888159.389324,11503,22,1
3,OrderStatus,1770888159.389368,7432,19,1
1,NewOrder,1770888159.389459,38778,16,1
2,Payment,1770888159.390005,7017,0,1
2,Payment,1770888159.390058,8554,5,1
2,Payment,1770888159.390744,7190,12,1
1,NewOrder,1770888159.390781,35566,17,1
1,NewOrder,1770888159.391294,13940,21,1
1,NewOrder,1770888159.392690,26027,2,1
1,NewOrder,1770888159.393499,13667,18,1
1,NewOrder,1770888159.394712,21922,10,1
1,NewOrder,1770888159.395869,22892,23,1
2,Payment,1770888159.396824,8812,19,1
2,Payment,1770888159.397034,14966,0,1
1,NewOrder,1770888159.397945,39356,12,1
2,Payment,1770888159.398627,7059,5,1
2,Payment,1770888159.400284,7500,8,1
1,NewOrder,1770888159.400749,20269,4,1
2,Payment,1770888159.400811,7005,14,1
1,NewOrder,1770888159.400831,31611,9,1
1,NewOrder,1770888159.400853,36854,22,1
2,Payment,1770888159.402517,7600,3,1
4,Delivery,1770888159.405260,44696,21,1
1,NewOrder,1770888159.405650,33533,19,1
3,OrderStatus,1770888159.405705,7020,5,1
1,NewOrder,1770888159.406596,28629,6,1
2,Payment,1770888159.407182,7243,18,1
2,Payment,1770888159.407794,6941,8,1
1,NewOrder,1770888159.407841,30211,14,1
1,NewOrder,1770888159.410131,21314,3,1
1,NewOrder,1770888159.412016,28183,0,1
1,NewOrder,1770888159.412716,31083,20,1
2,Payment,1770888159.412744,9698,5,1
2,Payment,1770888159.412897,6495,1,1
1,NewOrder,1770888159.414438,24428,18,1
2,Payment,1770888159.414749,6656,8,1
1,NewOrder,1770888159.416659,21082,10,1
1,NewOrder,1770888159.417229,22622,11,1
2,Payment,1770888159.418429,7288,15,1
5,StockLevel,1770888159.418733,18254,2,1
2,Payment,1770888159.418774,6154,23,1
1,NewOrder,1770888159.419417,19739,1,1
2,Payment,1770888159.419780,11644,7,1
1,NewOrder,1770888159.421040,32542,4,1
4,Delivery,1770888159.421417,27094,8,1
2,Payment,1770888159.422460,8385,5,1
1,NewOrder,1770888159.424181,29702,13,1
4,Delivery,1770888159.424955,25669,23,1
2,Payment,1770888159.425742,5798,15,1
2,Payment,1770888159.426381,7380,17,1
1,NewOrder,1770888159.428262,38908,16,1
2,Payment,1770888159.430861,6785,5,1
2,Payment,1770888159.431435,6319,7,1
4,Delivery,1770888159.431468,32165,3,1
1,NewOrder,1770888159.431557,37147,15,1
1,NewOrder,1770888159.432467,35455,9,1
2,Payment,1770888159.433784,6411,17,1
1,NewOrder,1770888159.435251,36349,6,1
1,NewOrder,1770888159.437003,33256,2,1
1,NewOrder,1770888159.437309,30518,12,1
2,Payment,1770888159.437674,8204,5,1
2,Payment,1770888159.437723,7712,22,1
1,NewOrder,1770888159.437769,30414,7,1
1,NewOrder,1770888159.437770,33414,10,1
1,NewOrder,1770888159.438069,23696,14,1
2,Payment,1770888159.438892,11307,18,1
2,Payment,1770888159.439168,11002,1,1
1,NewOrder,1770888159.439196,29011,19,1
1,NewOrder,1770888159.439864,35606,11,1
1,NewOrder,1770888159.440205,21636,17,1
4,Delivery,1770888159.440227,24036,0,1
1,NewOrder,1770888159.443812,36596,20,1
3,OrderStatus,1770888159.445460,5388,22,1
2,Payment,1770888159.445892,11192,5,1
4,Delivery,1770888159.448526,37945,8,1
2,Payment,1770888159.449973,11320,21,1
3,OrderStatus,1770888159.450183,2362,1,1
1,NewOrder,1770888159.450213,11606,18,1
4,Delivery,1770888159.450638,39692,23,1
1,NewOrder,1770888159.450872,23527,22,1
4,Delivery,1770888159.452560,11765,1,1
2,Payment,1770888159.453591,8232,4,1
5,StockLevel,1770888159.453895,13149,13,1
5,StockLevel,1770888159.457110,16597,5,1
1,NewOrder,1770888159.461305,23422,21,1
1,NewOrder,1770888159.461792,34321,14,1
2,Payment,1770888159.461848,2386,18,1
1,NewOrder,1770888159.461850,23648,4,1
2,Payment,1770888159.461856,11007,17,1
4,Delivery,1770888159.463655,44368,3,1
2,Payment,1770888159.464251,13145,18,1
2,Payment,1770888159.464286,3868,0,1
2,Payment,1770888159.464342,1732,1,1
2,Payment,1770888159.466089,6875,1,1
1,NewOrder,1770888159.467070,30630,13,1
1,NewOrder,1770888159.467190,27924,16,1
2,Payment,1770888159.467841,7589,12,1
1,NewOrder,1770888159.467936,27339,9,1
2,Payment,1770888159.468171,2444,0,1
1,NewOrder,1770888159.468195,22754,7,1
1,NewOrder,1770888159.468218,36734,19,1
1,NewOrder,1770888159.468715,5075,15,1
2,Payment,1770888159.470273,9073,2,1
2,Payment,1770888159.470630,3707,0,1
2,Payment,1770888159.471195,6745,10,1
1,NewOrder,1770888159.471611,10494,6,1
1,NewOrder,1770888159.472876,19379,17,1
2,Payment,1770888159.472990,4813,1,1
1,NewOrder,1770888159.473729,30009,5,1
1,NewOrder,1770888159.473804,18478,15,1
2,Payment,1770888159.474353,6515,0,1
2,Payment,1770888159.474412,10653,22,1
2,Payment,1770888159.475442,10024,12,1
1,NewOrder,1770888159.475497,21594,11,1
1,NewOrder,1770888159.477409,34030,18,1
5,StockLevel,1770888159.477819,14175,1,1
1,NewOrder,1770888159.477968,23286,10,1
1,NewOrder,1770888159.479358,18719,2,1
1,NewOrder,1770888159.480423,28769,20,1
3,OrderStatus,1770888159.480885,812,0,1
5,StockLevel,1770888159.481710,13134,0,1
2,Payment,1770888159.482115,6536,6,1
2,Payment,1770888159.484751,9435,21,1
2,Payment,1770888159.485079,6797,22,1
1,NewOrder,1770888159.485475,23003,12,1
2,Payment,1770888159.485524,7227,4,1
1,NewOrder,1770888159.486483,15204,8,1
1,NewOrder,1770888159.488660,26027,6,1
1,NewOrder,1770888159.490358,31690,23,1
1,NewOrder,1770888159.490963,30081,7,1
1,NewOrder,1770888159.491902,37409,22,1
1,NewOrder,1770888159.492011,22325,1,1
1,NewOrder,1770888159.492271,24152,17,1
2,Payment,1770888159.492293,9293,15,1
1,NewOrder,1770888159.492775,25497,4,1
2,Payment,1770888159.494203,5947,21,1
1,NewOrder,1770888159.494857,23982,0,1
1,NewOrder,1770888159.495137,26749,16,1
2,Payment,1770888159.495287,10438,9,1
2,Payment,1770888159.496127,7013,14,1
2,Payment,1770888159.497104,11302,11,1
2,Payment,1770888159.497716,8393,13,1
5,StockLevel,1770888159.498104,14181,2,1
2,Payment,1770888159.500164,8346,21,1
2,Payment,1770888159.501269,11148,10,1
1,NewOrder,1770888159.501599,18198,15,1
2,Payment,1770888159.501699,9060,8,1
5,StockLevel,1770888159.503159,16973,14,1
1,NewOrder,1770888159.503751,22821,5,1
2,Payment,1770888159.504965,6973,19,1
2,Payment,1770888159.505751,9300,9,1
1,NewOrder,1770888159.506120,32920,13,1
2,Payment,1770888159.508040,7571,3,1
3,OrderStatus,1770888159.508421,5454,11,1
1,NewOrder,1770888159.508493,31363,12,1
2,Payment,1770888159.508525,10943,21,1
2,Payment,1770888159.509204,12406,20,1
1,NewOrder,1770888159.510783,23402,8,1
1,NewOrder,1770888159.511453,27830,18,1
2,Payment,1770888159.511963,11042,19,1
5,StockLevel,1770888159.512304,16314,2,1
2,Payment,1770888159.512429,5179,10,1
1,NewOrder,1770888159.513891,26347,11,1
2,Payment,1770888159.514350,5958,1,1
1,NewOrder,1770888159.514701,24040,6,1
1,NewOrder,1770888159.515064,28696,9,1
1,NewOrder,1770888159.515624,32475,3,1
2,Payment,1770888159.516434,7908,17,1
1,NewOrder,1770888159.517623,24882,10,1
1,NewOrder,1770888159.518284,27736,4,1
2,Payment,1770888159.518858,8730,0,1
2,Payment,1770888159.519484,8797,21,1
2,Payment,1770888159.519809,7113,15,1
1,NewOrder,1770888159.520145,34091,14,1
2,Payment,1770888159.520320,9372,1,1
1,NewOrder,1770888159.521054,23572,7,1
1,NewOrder,1770888159.521621,21314,20,1
1,NewOrder,1770888159.521901,35072,16,1
1,NewOrder,1770888159.522059,18230,23,1
5,StockLevel,1770888159.523019,17464,19,1
1,NewOrder,1770888159.524359,20682,17,1
4,Delivery,1770888159.526586,59538,5,1
1,NewOrder,1770888159.526929,33042,15,1
2,Payment,1770888159.527614,7592,0,1
1,NewOrder,1770888159.528302,25398,21,1
2,Payment,1770888159.528636,8796,2,1
2,Payment,1770888159.529323,8620,22,1
2,Payment,1770888159.529707,22020,1,1
1,NewOrder,1770888159.534211,20056,8,1
2,Payment,1770888159.535230,7669,0,1
4,Delivery,1770888159.537447,49255,2,1
1,NewOrder,1770888159.537969,23767,22,1
1,NewOrder,1770888159.538758,27609,6,1
2,Payment,1770888159.539063,7692,13,1
1,NewOrder,1770888159.539310,18016,18,1
1,NewOrder,1770888159.539868,19818,12,1
1,NewOrder,1770888159.540252,22520,11,1
2,Payment,1770888159.540303,6464,23,1
2,Payment,1770888159.540529,7723,19,1
4,Delivery,1770888159.542531,54293,10,1
2,Payment,1770888159.542925,6684,0,1
1,NewOrder,1770888159.542962,34407,20,1
2,Payment,1770888159.543774,7257,9,1
1,NewOrder,1770888159.544651,19421,7,1
3,OrderStatus,1770888159.545066,3986,17,1
1,NewOrder,1770888159.546046,31311,4,1
1,NewOrder,1770888159.546774,22815,13,1
1,NewOrder,1770888159.546783,23687,23,1
2,Payment,1770888159.548124,12407,3,1
2,Payment,1770888159.548266,6928,19,1
2,Payment,1770888159.549068,7379,17,1
2,Payment,1770888159.549625,7309,0,1
1,NewOrder,1770888159.551044,28270,9,1
2,Payment,1770888159.551746,6899,1,1
2,Payment,1770888159.553726,7127,21,1
2,Payment,1770888159.554251,8561,14,1
5,StockLevel,1770888159.554292,17961,8,1
4,Delivery,1770888159.555207,18893,19,1
2,Payment,1770888159.556462,8818,17,1
4,Delivery,1770888159.556949,29772,0,1
1,NewOrder,1770888159.557000,42114,16,1
1,NewOrder,1770888159.557337,20625,18,1
3,OrderStatus,1770888159.558658,871,1,1
1,NewOrder,1770888159.559540,18982,1,1
2,Payment,1770888159.559699,8081,12,1
1,NewOrder,1770888159.559982,16942,15,1
2,Payment,1770888159.560557,1826,3,1
2,Payment,1770888159.560864,6451,21,1
2,Payment,1770888159.561762,8278,22,1
2,Payment,1770888159.562405,7069,3,1
4,Delivery,1770888159.562784,34400,11,1
2,Payment,1770888159.562823,7555,14,1
1,NewOrder,1770888159.564097,17725,7,1
2,Payment,1770888159.565304,7882,17,1
1,NewOrder,1770888159.566392,21108,6,1
1,NewOrder,1770888159.567330,36761,21,1
4,Delivery,1770888159.567789,14508,12,1
1,NewOrder,1770888159.569493,24969,3,1
1,NewOrder,1770888159.569616,27232,13,1
2,Payment,1770888159.570053,7278,22,1
5,StockLevel,1770888159.570395,10105,14,1
1,NewOrder,1770888159.570490,28167,23,1
2,Payment,1770888159.572280,9984,8,1
1,NewOrder,1770888159.573201,16371,17,1
1,NewOrder,1770888159.574125,37172,19,1
1,NewOrder,1770888159.576937,20239,15,1
1,NewOrder,1770888159.577348,32827,22,1
1,NewOrder,1770888159.577384,33616,4,1
2,Payment,1770888159.577396,19823,20,1
1,NewOrder,1770888159.577973,35059,18,1
2,Payment,1770888159.578540,6024,1,1
1,NewOrder,1770888159.579340,26831,9,1
1,NewOrder,1770888159.580516,37222,14,1
2,Payment,1770888159.581845,12188,7,1
1,NewOrder,1770888159.582276,16247,8,1
1,NewOrder,1770888159.582313,24384,12,1
1,NewOrder,1770888159.584580,32809,1,1
5,StockLevel,1770888159.586141,19185,5,1
2,Payment,1770888159.586720,1856,2,1
1,NewOrder,1770888159.586738,8113,0,1
1,NewOrder,1770888159.587513,29170,6,1
1,NewOrder,1770888159.588602,16289,2,1
2,Payment,1770888159.589587,5987,17,1
1,NewOrder,1770888159.594050,29392,7,1
2,Payment,1770888159.594477,7145,3,1
2,Payment,1770888159.594865,8334,0,1
4,Delivery,1770888159.595590,68757,17,1
1,NewOrder,1770888159.596836,24523,10,1
5,StockLevel,1770888159.596864,14414,13,1
2,Payment,1770888159.597191,12902,15,1
2,Payment,1770888159.597195,1813,11,1
1,NewOrder,1770888159.597235,29928,20,1
1,NewOrder,1770888159.598534,33918,8,1
1,NewOrder,1770888159.598673,20270,23,1
2,Payment,1770888159.599018,1363,11,1
1,NewOrder,1770888159.599125,26457,16,1
2,Payment,1770888159.600390,1646,11,1
2,Payment,1770888159.601638,11334,3,1
2,Payment,1770888159.602045,3058,11,1
1,NewOrder,1770888159.603225,18533,0,1
1,NewOrder,1770888159.604116,18710,21,1
2,Payment,1770888159.604905,9826,2,1
2,Payment,1770888159.605118,4573,11,1
1,NewOrder,1770888159.605352,19496,5,1
2,Payment,1770888159.606185,6364,9,1
4,Delivery,1770888159.606712,58035,12,1
1,NewOrder,1770888159.609704,20674,11,1
2,Payment,1770888159.610106,6270,15,1
2,Payment,1770888159.610191,6529,22,1
3,OrderStatus,1770888159.611019,6433,4,1
1,NewOrder,1770888159.611289,23682,13,1
2,Payment,1770888159.611306,8470,19,1
2,Payment,1770888159.612566,8011,9,1
3,OrderStatus,1770888159.612984,2531,3,1
2,Payment,1770888159.613044,8683,18,1
1,NewOrder,1770888159.614740,25902,2,1
3,OrderStatus,1770888159.615527,3700,3,1
1,NewOrder,1770888159.616387,26961,15,1
2,Payment,1770888159.616699,8564,6,1
1,NewOrder,1770888159.616745,31503,22,1
1,NewOrder,1770888159.617410,17118,1,1
3,OrderStatus,1770888159.617470,7101,4,1
1,NewOrder,1770888159.617750,28017,14,1
1,NewOrder,1770888159.618954,24718,23,1
2,Payment,1770888159.619240,7599,3,1
1,NewOrder,1770888159.619792,22007,19,1
1,NewOrder,1770888159.620592,18163,9,1
4,Delivery,1770888159.621370,46201,10,1
2,Payment,1770888159.621741,5458,18,1
1,NewOrder,1770888159.621771,39317,0,1
2,Payment,1770888159.622852,6369,21,1
4,Delivery,1770888159.623454,44816,7,1
2,Payment,1770888159.624583,8187,4,1
2,Payment,1770888159.624873,10065,5,1
1,NewOrder,1770888159.625277,22554,6,1
1,NewOrder,1770888159.625594,20631,16,1
1,NewOrder,1770888159.626850,33248,3,1
2,Payment,1770888159.627178,5998,20,1
2,Payment,1770888159.627210,9464,18,1
2,Payment,1770888159.629237,9854,21,1
2,Payment,1770888159.630393,9249,11,1
5,StockLevel,1770888159.632467,20752,8,1
1,NewOrder,1770888159.632789,35991,4,1
1,NewOrder,1770888159.633189,31129,20,1
1,NewOrder,1770888159.634543,26570,1,1
1,NewOrder,1770888159.634951,11225,5,1
3,OrderStatus,1770888159.634989,2382,13,1
1,NewOrder,1770888159.636689,31521,18,1
1,NewOrder,1770888159.637384,27892,13,1
2,Payment,1770888159.638773,6448,9,1
2,Payment,1770888159.639105,1935,21,1
1,NewOrder,1770888159.639667,24615,11,1
2,Payment,1770888159.640670,5464,2,1
2,Payment,1770888159.641052,5245,21,1
1,NewOrder,1770888159.641818,19984,19,1
2,Payment,1770888159.643367,6533,15,1
2,Payment,1770888159.643689,6721,23,1
2,Payment,1770888159.645236,5916,9,1
2,Payment,1770888159.645781,9378,14,1
3,OrderStatus,1770888159.646148,3732,2,1
1,NewOrder,1770888159.646202,29893,5,1
1,NewOrder,1770888159.646247,20943,16,1
3,OrderStatus,1770888159.646307,3407,21,1
1,NewOrder,1770888159.647847,17347,6,1
1,NewOrder,1770888159.648259,33229,22,1
2,Payment,1770888159.649724,8570,21,1
2,Payment,1770888159.649895,8377,2,1
2,Payment,1770888159.649911,7945,15,1
5,StockLevel,1770888159.650426,16121,23,1
2,Payment,1770888159.651163,7080,9,1
1,NewOrder,1770888159.653230,36690,8,1
1,NewOrder,1770888159.655186,33706,14,1
2,Payment,1770888159.657882,5801,15,1
2,Payment,1770888159.658261,6982,9,1
2,Payment,1770888159.658285,4227,2,1
1,NewOrder,1770888159.658308,36363,21,1
1,NewOrder,1770888159.660114,15156,3,1
1,NewOrder,1770888159.661100,29467,0,1
1,NewOrder,1770888159.661137,29395,1,1
2,Payment,1770888159.661813,8237,19,1
1,NewOrder,1770888159.662526,37659,2,1
2,Payment,1770888159.663692,7102,15,1
1,NewOrder,1770888159.664294,25601,11,1
1,NewOrder,1770888159.664329,22253,20,1
1,NewOrder,1770888159.664360,34030,17,1
1,NewOrder,1770888159.664768,4350,12,1
2,Payment,1770888159.665220,6320,6,1
2,Payment,1770888159.665256,9386,9,1
1,NewOrder,1770888159.665296,24541,13,1
1,NewOrder,1770888159.666563,19603,23,1
1,NewOrder,1770888159.667216,25687,16,1
2,Payment,1770888159.667585,11649,10,1
1,NewOrder,1770888159.668221,27071,18,1
1,NewOrder,1770888159.668285,4369,7,1
2,Payment,1770888159.668793,7233,4,1
2,Payment,1770888159.669136,3845,12,1
2,Payment,1770888159.670075,8836,19,1
2,Payment,1770888159.670807,8938,15,1
1,NewOrder,1770888159.671553,30942,6,1
2,Payment,1770888159.672668,3914,7,1
1,NewOrder,1770888159.673007,25291,12,1
1,NewOrder,1770888159.674656,33701,9,1
1,NewOrder,1770888159.675286,35491,3,1
2,Payment,1770888159.676036,8505,4,1
1,NewOrder,1770888159.676108,31636,5,1
2,Payment,1770888159.676600,4139,7,1
1,NewOrder,1770888159.678937,35932,19,1
1,NewOrder,1770888159.679250,20536,10,1
1,NewOrder,1770888159.679755,22643,15,1
2,Payment,1770888159.680756,4202,7,1
1,NewOrder,1770888159.681513,26903,22,1
1,NewOrder,1770888159.684557,36532,4,1
1,NewOrder,1770888159.684972,21621,7,1
1,NewOrder,1770888159.686182,27330,23,1
1,NewOrder,1770888159.686596,35413,20,1
1,NewOrder,1770888159.688919,25527,14,1
2,Payment,1770888159.689851,6627,13,1
1,NewOrder,1770888159.689911,28889,11,1
3,OrderStatus,1770888159.689931,3154,8,1
1,NewOrder,1770888159.690545,20577,1,1
2,Payment,1770888159.690585,6421,0,1
2,Payment,1770888159.692915,8378,16,1
2,Payment,1770888159.693101,7088,8,1
2,Payment,1770888159.694682,7702,21,1
2,Payment,1770888159.695308,8536,18,1
2,Payment,1770888159.696493,10013,13,1
2,Payment,1770888159.697016,9076,0,1
2,Payment,1770888159.698313,15446,12,1
3,OrderStatus,1770888159.698405,4482,17,1
1,NewOrder,1770888159.699806,35923,10,1
2,Payment,1770888159.700204,8197,2,1
5,StockLevel,1770888159.700205,16673,8,1
3,OrderStatus,1770888159.701313,5043,16,1
1,NewOrder,1770888159.702411,36997,21,1
4,Delivery,1770888159.702412,35895,15,1
1,NewOrder,1770888159.702508,27018,6,1
2,Payment,1770888159.702901,8332,17,1
2,Payment,1770888159.703857,9208,18,1
5,StockLevel,1770888159.706106,13923,0,1
2,Payment,1770888159.706371,10679,16,1
1,NewOrder,1770888159.706526,22080,13,1
2,Payment,1770888159.706608,7732,7,1
1,NewOrder,1770888159.707757,23264,5,1
1,NewOrder,1770888159.708369,18483,9,1
1,NewOrder,1770888159.708427,30883,2,1
2,Payment,1770888159.708436,9422,22,1
1,NewOrder,1770888159.710793,28092,3,1
2,Payment,1770888159.711132,6328,1,1
4,Delivery,1770888159.711259,27409,17,1
1,NewOrder,1770888159.713091,19897,18,1
2,Payment,1770888159.713538,5678,23,1
1,NewOrder,1770888159.713773,10653,12,1
1,NewOrder,1770888159.714358,19786,7,1
1,NewOrder,1770888159.714461,16425,14,1
5,StockLevel,1770888159.714885,16216,19,1
1,NewOrder,1770888159.716890,30579,8,1
2,Payment,1770888159.717062,6227,16,1
1,NewOrder,1770888159.717486,22294,1,1
1,NewOrder,1770888159.717873,22885,22,1
2,Payment,1770888159.718814,7420,11,1
1,NewOrder,1770888159.719231,25693,23,1
1,NewOrder,1770888159.720042,27848,0,1
1,NewOrder,1770888159.721101,33596,4,1
1,NewOrder,1770888159.722024,36234,20,1
2,Payment,1770888159.723306,9299,16,1
1,NewOrder,1770888159.724438,17882,12,1
1,NewOrder,1770888159.726250,21613,11,1
2,Payment,1770888159.726870,8007,9,1
1,NewOrder,1770888159.728623,17136,13,1
3,OrderStatus,1770888159.729538,6657,6,1
1,NewOrder,1770888159.730913,26842,14,1
5,StockLevel,1770888159.731036,11440,5,1
1,NewOrder,1770888159.731116,35898,19,1
1,NewOrder,1770888159.732632,16300,16,1
1,NewOrder,1770888159.733003,38797,18,1
1,NewOrder,1770888159.734173,29451,7,1
2,Payment,1770888159.734891,6577,9,1
3,OrderStatus,1770888159.735745,5497,10,1
2,Payment,1770888159.736211,10392,6,1
2,Payment,1770888159.738320,10635,15,1
1,NewOrder,1770888159.738686,6662,17,1
2,Payment,1770888159.738915,9005,3,1
1,NewOrder,1770888159.739329,16663,2,1
2,Payment,1770888159.739434,6367,21,1
1,NewOrder,1770888159.739792,22335,1,1
1,NewOrder,1770888159.740768,37324,22,1
2,Payment,1770888159.741267,7343,10,1
1,NewOrder,1770888159.741481,20732,9,1
3,OrderStatus,1770888159.742335,4419,12,1
1,NewOrder,1770888159.742491,22121,5,1
2,Payment,1770888159.744952,7568,23,1
3,OrderStatus,1770888159.745366,5442,17,1
1,NewOrder,1770888159.745777,36016,13,1
1,NewOrder,1770888159.745818,35302,21,1
1,NewOrder,1770888159.746614,22583,6,1
2,Payment,1770888159.746780,8724,12,1
2,Payment,1770888159.747480,7644,8,1
3,OrderStatus,1770888159.747874,5172,11,1
2,Payment,1770888159.747903,5848,0,1
2,Payment,1770888159.747936,7900,3,1
2,Payment,1770888159.748636,8551,10,1
2,Payment,1770888159.748944,8603,16,1
3,OrderStatus,1770888159.748968,2880,15,1
2,Payment,1770888159.750822,8204,17,1
1,NewOrder,1770888159.751862,36917,15,1
2,Payment,1770888159.752546,6807,23,1
1,NewOrder,1770888159.753059,29694,11,1
2,Payment,1770888159.753765,9061,0,1
4,Delivery,1770888159.754709,53251,4,1
2,Payment,1770888159.755138,8255,8,1
2,Payment,1770888159.755530,7769,12,1
2,Payment,1770888159.755862,9128,3,1
1,NewOrder,1770888159.756011,27120,2,1
2,Payment,1770888159.757212,7735,10,1
2,Payment,1770888159.757557,4158,16,1
1,NewOrder,1770888159.757772,28144,14,1
1,NewOrder,1770888159.758273,24834,20,1
1,NewOrder,1770888159.759039,30261,17,1
1,NewOrder,1770888159.759370,20521,23,1
1,NewOrder,1770888159.761728,25081,16,1
1,NewOrder,1770888159.762137,17722,1,1
1,NewOrder,1770888159.762228,35201,9,1
2,Payment,1770888159.762851,11605,0,1
1,NewOrder,1770888159.763310,36554,12,1
4,Delivery,1770888159.763402,31103,8,1
1,NewOrder,1770888159.763643,21262,7,1
2,Payment,1770888159.764625,8369,5,1
2,Payment,1770888159.764960,7433,10,1
1,NewOrder,1770888159.765001,18751,3,1
2,Payment,1770888159.767032,9555,19,1
1,NewOrder,1770888159.769208,18323,6,1
1,NewOrder,1770888159.771810,25742,18,1
2,Payment,1770888159.772409,6577,10,1
4,Delivery,1770888159.773018,35443,5,1
2,Payment,1770888159.774473,6230,0,1
2,Payment,1770888159.776604,6552,19,1
1,NewOrder,1770888159.778110,26918,22,1
1,NewOrder,1770888159.778996,24565,10,1
1,NewOrder,1770888159.779872,34050,1,1
1,NewOrder,1770888159.779908,28633,23,1
1,NewOrder,1770888159.780722,21522,0,1
1,NewOrder,1770888159.781130,34941,21,1
2,Payment,1770888159.781807,7851,13,1
1,NewOrder,1770888159.782766,21656,11,1
2,Payment,1770888159.783119,6571,20,1
2,Payment,1770888159.783145,7200,2,1
4,Delivery,1770888159.783168,16721,19,1
1,NewOrder,1770888159.783761,23873,3,1
1,NewOrder,1770888159.784919,18666,7,1
1,NewOrder,1770888159.785928,20870,14,1
1,NewOrder,1770888159.786823,17658,16,1
2,Payment,1770888159.787558,7635,6,1
2,Payment,1770888159.788794,8732,15,1
1,NewOrder,1770888159.789314,34803,17,1
2,Payment,1770888159.789690,9809,13,1
1,NewOrder,1770888159.789706,18952,20,1
2,Payment,1770888159.790356,6707,2,1
1,NewOrder,1770888159.794524,34185,8,1
2,Payment,1770888159.795216,7660,6,1
1,NewOrder,1770888159.797079,24708,2,1
2,Payment,1770888159.797444,7457,9,1
2,Payment,1770888159.797540,7400,15,1
1,NewOrder,1770888159.797569,15937,18,1
1,NewOrder,1770888159.799513,32591,13,1
1,NewOrder,1770888159.799880,37831,12,1
2,Payment,1770888159.799906,5473,19,1
2,Payment,1770888159.802257,5734,0,1
1,NewOrder,1770888159.802886,25794,6,1
1,NewOrder,1770888159.803577,38849,10,1
2,Payment,1770888159.803602,8946,7,1
2,Payment,1770888159.804438,12323,11,1
2,Payment,1770888159.804492,9464,16,1
2,Payment,1770888159.804914,9467,9,1
2,Payment,1770888159.804952,11138,15,1
2,Payment,1770888159.805040,12434,22,1
2,Payment,1770888159.805390,10588,19,1
2,Payment,1770888159.806809,11060,14,1
2,Payment,1770888159.807659,7882,3,1
2,Payment,1770888159.807973,5564,4,1
2,Payment,1770888159.808007,9894,0,1
5,StockLevel,1770888159.808477,1546,5,1
1,NewOrder,1770888159.808583,21748,23,1
1,NewOrder,1770888159.808677,37050,20,1
4,Delivery,1770888159.810041,52153,5,1
1,NewOrder,1770888159.812563,21286,7,1
2,Payment,1770888159.813518,12554,18,1
1,NewOrder,1770888159.813550,29358,4,1
2,Payment,1770888159.813942,14209,1,1
1,NewOrder,1770888159.813970,32989,16,1
1,NewOrder,1770888159.814397,23900,9,1
1,NewOrder,1770888159.815556,28021,3,1
1,NewOrder,1770888159.816005,25312,19,1
2,Payment,1770888159.816084,8392,21,1
1,NewOrder,1770888159.816104,18225,15,1
1,NewOrder,1770888159.816777,16488,11,1
4,Delivery,1770888159.817488,52012,22,1
2,Payment,1770888159.817895,4371,14,1
1,NewOrder,1770888159.817913,13687,0,1
2,Payment,1770888159.821804,7779,2,1
1,NewOrder,1770888159.822280,27223,14,1
2,Payment,1770888159.824136,7873,17,1
2,Payment,1770888159.824490,8316,21,1
4,Delivery,1770888159.826087,44164,18,1
2,Payment,1770888159.828168,7586,1,1
1,NewOrder,1770888159.828692,31655,6,1
1,NewOrder,1770888159.828723,15524,8,1
2,Payment,1770888159.829598,8676,2,1
1,NewOrder,1770888159.830349,26845,23,1
1,NewOrder,1770888159.831617,16860,0,1
2,Payment,1770888159.832020,6443,17,1
2,Payment,1770888159.832119,7858,13,1
1,NewOrder,1770888159.832833,36995,21,1
1,NewOrder,1770888159.833279,19414,11,1
1,NewOrder,1770888159.833862,38898,7,1
1,NewOrder,1770888159.834342,30138,15,1
2,Payment,1770888159.835769,6744,1,1
1,NewOrder,1770888159.837728,39826,12,1
2,Payment,1770888159.838286,6835,2,1
1,NewOrder,1770888159.838312,24957,9,1
2,Payment,1770888159.838477,6580,17,1
1,NewOrder,1770888159.839997,35650,13,1
2,Payment,1770888159.841331,7776,19,1
1,NewOrder,1770888159.842443,34803,10,1
2,Payment,1770888159.842527,5134,1,1
1,NewOrder,1770888159.842924,20014,4,1
4,Delivery,1770888159.843590,19116,3,1
3,OrderStatus,1770888159.844271,5143,8,1
1,NewOrder,1770888159.845071,19827,17,1
1,NewOrder,1770888159.845137,37207,2,1
1,NewOrder,1770888159.845737,29155,20,1
2,Payment,1770888159.846971,8592,16,1
2,Payment,1770888159.847675,6034,1,1
1,NewOrder,1770888159.848490,27206,0,1
1,NewOrder,1770888159.849120,36574,19,1
1,NewOrder,1770888159.849429,29515,8,1
1,NewOrder,1770888159.849515,21743,14,1
2,Payment,1770888159.852711,6619,11,1
1,NewOrder,1770888159.853735,26435,1,1
2,Payment,1770888159.855574,8173,16,1
1,NewOrder,1770888159.857209,31606,23,1
2,Payment,1770888159.859356,5557,11,1
1,NewOrder,1770888159.860362,23864,6,1
1,NewOrder,1770888159.862211,21304,5,1
2,Payment,1770888159.862722,2139,3,1
1,NewOrder,1770888159.862954,31295,4,1
5,StockLevel,1770888159.863284,19740,9,1
3,OrderStatus,1770888159.863774,6160,16,1
2,Payment,1770888159.864495,9078,15,1
1,NewOrder,1770888159.864876,9131,3,1
1,NewOrder,1770888159.864917,28762,17,1
1,NewOrder,1770888159.864929,17387,11,1
2,Payment,1770888159.869515,7162,22,1
5,StockLevel,1770888159.869842,19220,21,1
2,Payment,1770888159.869945,7627,16,1
2,Payment,1770888159.870271,9071,18,1
1,NewOrder,1770888159.871284,32552,14,1
2,Payment,1770888159.872787,5757,7,1
1,NewOrder,1770888159.873587,24357,15,1
2,Payment,1770888159.874025,7677,3,1
2,Payment,1770888159.874916,9095,20,1
1,NewOrder,1770888159.875662,40177,13,1
1,NewOrder,1770888159.875719,29724,0,1
2,Payment,1770888159.876695,12028,22,1
1,NewOrder,1770888159.877262,18662,10,1
1,NewOrder,1770888159.877581,10842,12,1
1,NewOrder,1770888159.877587,38317,16,1
5,StockLevel,1770888159.878570,17246,7,1
2,Payment,1770888159.878969,9747,8,1
2,Payment,1770888159.879356,1612,18,1
1,NewOrder,1770888159.880184,30154,1,1
2,Payment,1770888159.880980,5030,18,1
1,NewOrder,1770888159.881715,34700,3,1
2,Payment,1770888159.882331,9328,11,1
4,Delivery,1770888159.882361,16886,2,1
2,Payment,1770888159.883038,10996,9,1
2,Payment,1770888159.883531,7047,5,1
3,OrderStatus,1770888159.884025,6440,20,1
1,NewOrder,1770888159.884239,32211,6,1
2,Payment,1770888159.885713,6863,19,1
4,Delivery,1770888159.886024,2660,18,1
1,NewOrder,1770888159.888450,23898,12,1
2,Payment,1770888159.888698,5850,18,1
1,NewOrder,1770888159.888737,22456,8,1
2,Payment,1770888159.888748,7521,22,1
1,NewOrder,1770888159.888829,18831,23,1
2,Payment,1770888159.889073,8811,21,1
1,NewOrder,1770888159.890489,24517,20,1
2,Payment,1770888159.890593,8657,5,1
1,NewOrder,1770888159.891674,23302,11,1
1,NewOrder,1770888159.892595,23186,19,1
1,NewOrder,1770888159.893696,29983,17,1
2,Payment,1770888159.894046,3489,9,1
2,Payment,1770888159.894259,6450,4,1
4,Delivery,1770888159.894563,9695,18,1
1,NewOrder,1770888159.895833,37972,7,1
1,NewOrder,1770888159.895938,38228,10,1
1,NewOrder,1770888159.896283,20905,22,1
1,NewOrder,1770888159.897553,18716,9,1
3,OrderStatus,1770888159.897898,4346,21,1
2,Payment,1770888159.897964,7440,15,1
1,NewOrder,1770888159.899259,30433,2,1
1,NewOrder,1770888159.899266,16600,5,1
1,NewOrder,1770888159.900722,24410,4,1
2,Payment,1770888159.902271,7591,21,1
2,Payment,1770888159.903863,8816,14,1
2,Payment,1770888159.904284,8792,18,1
1,NewOrder,1770888159.905431,24138,15,1
1,NewOrder,1770888159.905469,24150,0,1
1,NewOrder,1770888159.907677,24871,23,1
1,NewOrder,1770888159.909890,31322,21,1
1,NewOrder,1770888159.910351,17235,1,1
2,Payment,1770888159.911220,7688,8,1
1,NewOrder,1770888159.912374,27492,12,1
2,Payment,1770888159.912690,7618,14,1
4,Delivery,1770888159.913102,2710,18,1
1,NewOrder,1770888159.915002,19176,11,1
2,Payment,1770888159.915019,6853,20,1
1,NewOrder,1770888159.915796,21681,19,1
2,Payment,1770888159.915829,9247,18,1
2,Payment,1770888159.915865,8799,13,1
2,Payment,1770888159.915875,9184,5,1
4,Delivery,1770888159.915931,53996,16,1
1,NewOrder,1770888159.916297,25820,9,1
1,NewOrder,1770888159.916426,34837,3,1
1,NewOrder,1770888159.916477,15655,6,1
3,OrderStatus,1770888159.917202,6872,22,1
1,NewOrder,1770888159.918932,25155,8,1
2,Payment,1770888159.920322,6748,14,1
2,Payment,1770888159.921895,7166,20,1
2,Payment,1770888159.923707,6380,17,1
2,Payment,1770888159.924099,8557,22,1
1,NewOrder,1770888159.924691,29044,13,1
1,NewOrder,1770888159.925084,26746,5,1
2,Payment,1770888159.925102,10364,18,1
2,Payment,1770888159.925144,7427,4,1
1,NewOrder,1770888159.927087,25163,14,1
2,Payment,1770888159.927601,6540,1,1
1,NewOrder,1770888159.929086,28197,20,1
2,Payment,1770888159.929596,6946,15,1
1,NewOrder,1770888159.929634,17095,0,1
1,NewOrder,1770888159.929719,29689,2,1
2,Payment,1770888159.930103,8116,17,1
2,Payment,1770888159.932159,12997,6,1
1,NewOrder,1770888159.932563,33519,23,1
1,NewOrder,1770888159.932591,31620,4,1
2,Payment,1770888159.932668,6432,22,1
1,NewOrder,1770888159.933818,32805,7,1
2,Payment,1770888159.934168,7594,1,1
1,NewOrder,1770888159.934189,38339,10,1
4,Delivery,1770888159.934207,61630,11,1
2,Payment,1770888159.935491,10307,18,1
2,Payment,1770888159.936569,6507,15,1
2,Payment,1770888159.937505,9666,19,1
2,Payment,1770888159.938245,7540,17,1
2,Payment,1770888159.939117,10277,22,1
2,Payment,1770888159.939888,8144,12,1
3,OrderStatus,1770888159.941230,3553,21,1
1,NewOrder,1770888159.941788,25988,1,1
2,Payment,1770888159.942131,8757,9,1
1,NewOrder,1770888159.943101,20409,15,1
1,NewOrder,1770888159.944104,46983,8,1
1,NewOrder,1770888159.944802,22278,21,1
1,NewOrder,1770888159.945180,43338,6,1
2,Payment,1770888159.945812,5538,17,1
1,NewOrder,1770888159.945815,3999,18,1
1,NewOrder,1770888159.946755,23254,0,1
2,Payment,1770888159.947186,5081,19,1
1,NewOrder,1770888159.948059,18529,12,1
2,Payment,1770888159.949412,5210,22,1
1,NewOrder,1770888159.949834,33673,18,1
2,Payment,1770888159.950915,7209,9,1
5,StockLevel,1770888159.951289,17643,3,1
1,NewOrder,1770888159.951367,19367,17,1
1,NewOrder,1770888159.951857,21491,5,1
2,Payment,1770888159.952265,9087,14,1
1,NewOrder,1770888159.952291,26789,19,1
2,Payment,1770888159.953750,10381,13,1
1,NewOrder,1770888159.954650,14340,22,1
1,NewOrder,1770888159.957300,20477,20,1
1,NewOrder,1770888159.958150,35233,9,1
2,Payment,1770888159.959421,6228,2,1
2,Payment,1770888159.961371,9810,14,1
1,NewOrder,1770888159.963537,38211,15,1
2,Payment,1770888159.964148,8841,13,1
2,Payment,1770888159.964225,5009,4,1
2,Payment,1770888159.965681,4927,2,1
1,NewOrder,1770888159.966098,19082,23,1
2,Payment,1770888159.966598,8148,12,1
1,NewOrder,1770888159.966649,22310,7,1
2,Payment,1770888159.967093,10009,21,1
2,Payment,1770888159.967790,5538,1,1
2,Payment,1770888159.968959,10526,3,1
1,NewOrder,1770888159.969011,18409,22,1
2,Payment,1770888159.969253,7488,4,1
2,Payment,1770888159.969952,10007,16,1
2,Payment,1770888159.970034,10833,0,1
2,Payment,1770888159.970622,12922,2,1
1,NewOrder,1770888159.970749,29210,17,1
1,NewOrder,1770888159.971198,25312,14,1
2,Payment,1770888159.972554,10553,10,1
1,NewOrder,1770888159.973003,4177,13,1
1,NewOrder,1770888159.973342,32608,1,1
5,StockLevel,1770888159.973374,16479,5,1
1,NewOrder,1770888159.974775,22883,12,1
1,NewOrder,1770888159.976754,29944,4,1
1,NewOrder,1770888159.977120,36694,21,1
1,NewOrder,1770888159.977195,23672,13,1
2,Payment,1770888159.977799,8294,20,1
2,Payment,1770888159.979092,8680,19,1
1,NewOrder,1770888159.979509,17040,3,1
5,StockLevel,1770888159.979986,16664,16,1
1,NewOrder,1770888159.980892,21319,0,1
2,Payment,1770888159.983133,5777,10,1
1,NewOrder,1770888159.983523,28701,18,1
2,Payment,1770888159.983572,2027,2,1
1,NewOrder,1770888159.985196,21897,23,1
1,NewOrder,1770888159.985619,36497,2,1
3,OrderStatus,1770888159.986120,5550,20,1
1,NewOrder,1770888159.987434,25413,22,1
1,NewOrder,1770888159.987788,27584,19,1
1,NewOrder,1770888159.988533,24340,6,1
2,Payment,1770888159.988922,5242,10,1
2,Payment,1770888159.988985,7564,7,1
1,NewOrder,1770888159.989873,23027,5,1
2,Payment,1770888159.991100,7518,8,1
2,Payment,1770888159.991681,6569,20,1
1,NewOrder,1770888159.993410,39656,9,1
1,NewOrder,1770888159.994180,35153,10,1
1,NewOrder,1770888159.995847,40067,11,1
2,Payment,1770888159.996520,8061,14,1
2,Payment,1770888159.996578,11280,7,1
5,StockLevel,1770888159.996581,13909,3,1
3,OrderStatus,1770888159.996675,7212,16,1
1,NewOrder,1770888159.997703,28377,12,1
2,Payment,1770888159.998264,9559,20,1
1,NewOrder,1770888159.998634,3540,8,1
1,NewOrder,1770888159.999974,22686,17,1
1,NewOrder,1770888160.000881,28093,13,1
2,Payment,1770888160.001766,7743,15,1
1,NewOrder,1770888160.002200,9993,8,1
1,NewOrder,1770888160.002238,18135,0,1
1,NewOrder,1770888160.003913,35112,16,1
2,Payment,1770888160.004608,6782,14,1
2,Payment,1770888160.005977,6828,1,1
2,Payment,1770888160.006725,7877,4,1
2,Payment,1770888160.007107,8267,23,1
1,NewOrder,1770888160.007840,35104,20,1
1,NewOrder,1770888160.007885,30474,7,1
2,Payment,1770888160.009526,8380,15,1
1,NewOrder,1770888160.010513,31101,3,1
1,NewOrder,1770888160.011405,25413,14,1
2,Payment,1770888160.012219,13489,8,1
1,NewOrder,1770888160.012242,30679,18,1
1,NewOrder,1770888160.012832,19481,1,1
2,Payment,1770888160.012864,7049,22,1
1,NewOrder,1770888160.012888,36717,6,1
2,Payment,1770888160.012927,7419,5,1
1,NewOrder,1770888160.013826,39488,21,1
1,NewOrder,1770888160.014629,28191,4,1
2,Payment,1770888160.015385,7198,19,1
2,Payment,1770888160.015392,11686,23,1
1,NewOrder,1770888160.017931,20379,15,1
1,NewOrder,1770888160.019928,22965,22,1
2,Payment,1770888160.020373,12733,5,1
2,Payment,1770888160.020400,8937,0,1
5,StockLevel,1770888160.022140,16097,2,1
1,NewOrder,1770888160.022610,34418,19,1
2,Payment,1770888160.022675,7012,17,1
2,Payment,1770888160.025735,11946,8,1
2,Payment,1770888160.026105,6933,12,1
2,Payment,1770888160.027104,7562,23,1
1,NewOrder,1770888160.029000,36779,13,1
1,NewOrder,1770888160.029350,34458,10,1
2,Payment,1770888160.029358,6923,0,1
5,StockLevel,1770888160.029704,17990,17,1
2,Payment,1770888160.032340,6012,1,1
1,NewOrder,1770888160.033064,16562,12,1
1,NewOrder,1770888160.033086,23963,9,1
2,Payment,1770888160.033133,7693,5,1
1,NewOrder,1770888160.034692,23477,23,1
2,Payment,1770888160.035941,6685,11,1
1,NewOrder,1770888160.036308,33635,0,1
1,NewOrder,1770888160.036834,35254,14,1
2,Payment,1770888160.037708,6321,8,1
2,Payment,1770888160.038263,6350,2,1
1,NewOrder,1770888160.038331,16396,15,1
1,NewOrder,1770888160.038379,29585,1,1
1,NewOrder,1770888160.038387,18181,7,1
1,NewOrder,1770888160.039039,20016,16,1
2,Payment,1770888160.040840,5467,5,1
2,Payment,1770888160.041640,7484,3,1
2,Payment,1770888160.042651,9924,11,1
2,Payment,1770888160.042846,9613,4,1
1,NewOrder,1770888160.042919,38529,22,1
2,Payment,1770888160.042948,8650,18,1
1,NewOrder,1770888160.042971,30845,20,1
1,NewOrder,1770888160.044055,38834,8,1
2,Payment,1770888160.044632,13058,2,1
2,Payment,1770888160.046323,8912,5,1
2,Payment,1770888160.047720,9734,17,1
2,Payment,1770888160.049136,9896,3,1
5,StockLevel,1770888160.049631,18898,6,1
1,NewOrder,1770888160.049640,19358,12,1
2,Payment,1770888160.051625,6802,18,1
2,Payment,1770888160.052485,9248,4,1
1,NewOrder,1770888160.052602,22167,11,1
1,NewOrder,1770888160.053326,30221,21,1
2,Payment,1770888160.054746,10174,15,1
1,NewOrder,1770888160.055245,22350,5,1
2,Payment,1770888160.056579,8218,7,1
2,Payment,1770888160.057055,8570,19,1
2,Payment,1770888160.057062,9143,9,1
1,NewOrder,1770888160.057481,17937,17,1
1,NewOrder,1770888160.057717,19815,2,1
1,NewOrder,1770888160.058196,35173,23,1
1,NewOrder,1770888160.058442,23111,18,1
3,OrderStatus,1770888160.059048,3908,3,1
1,NewOrder,1770888160.059083,22391,16,1
2,Payment,1770888160.061755,3929,4,1
2,Payment,1770888160.062971,6456,3,1
2,Payment,1770888160.063835,8071,10,1
1,NewOrder,1770888160.064808,28976,7,1
2,Payment,1770888160.064929,5879,15,1
1,NewOrder,1770888160.065643,19986,19,1
1,NewOrder,1770888160.065699,16578,4,1
2,Payment,1770888160.065806,6990,13,1
1,NewOrder,1770888160.066231,14816,9,1
2,Payment,1770888160.067991,9264,1,1
2,Payment,1770888160.068555,9027,6,1
2,Payment,1770888160.069028,8613,12,1
1,NewOrder,1770888160.069443,34676,3,1
2,Payment,1770888160.069959,8950,0,1
2,Payment,1770888160.070836,8672,15,1
2,Payment,1770888160.071933,7735,10,1
1,NewOrder,1770888160.072114,26152,14,1
2,Payment,1770888160.072815,8573,13,1
1,NewOrder,1770888160.073843,35296,20,1
5,StockLevel,1770888160.074793,18030,11,1
1,NewOrder,1770888160.075437,19993,17,1
1,NewOrder,1770888160.077282,37411,1,1
2,Payment,1770888160.077549,7199,2,1
1,NewOrder,1770888160.077609,30182,6,1
1,NewOrder,1770888160.077611,23987,5,1
2,Payment,1770888160.077684,6186,12,1
2,Payment,1770888160.078925,7457,0,1
2,Payment,1770888160.079525,6630,15,1
2,Payment,1770888160.079697,6381,10,1
2,Payment,1770888160.081061,7405,9,1
2,Payment,1770888160.081414,6017,13,1
1,NewOrder,1770888160.081464,25642,22,1
4,Delivery,1770888160.081486,50336,16,1
1,NewOrder,1770888160.081572,22024,18,1
1,NewOrder,1770888160.082303,30143,4,1
1,NewOrder,1770888160.082915,36571,8,1
1,NewOrder,1770888160.083573,21793,21,1
2,Payment,1770888160.083885,7942,12,1
1,NewOrder,1770888160.084776,25878,2,1
2,Payment,1770888160.085646,8095,19,1
2,Payment,1770888160.086092,8343,10,1
2,Payment,1770888160.086171,7530,15,1
2,Payment,1770888160.086395,4942,0,1
2,Payment,1770888160.087457,8278,13,1
1,NewOrder,1770888160.088492,17634,9,1
1,NewOrder,1770888160.091352,31927,0,1
2,Payment,1770888160.091854,8662,12,1
1,NewOrder,1770888160.092838,29852,11,1
1,NewOrder,1770888160.093395,30612,23,1
1,NewOrder,1770888160.093727,31184,15,1
2,Payment,1770888160.093754,7278,19,1
2,Payment,1770888160.093809,8126,7,1
1,NewOrder,1770888160.094461,38618,10,1
1,NewOrder,1770888160.095457,17402,17,1
1,NewOrder,1770888160.095748,31867,13,1
1,NewOrder,1770888160.098282,19446,14,1
1,NewOrder,1770888160.100543,22768,12,1
1,NewOrder,1770888160.101059,32478,19,1
1,NewOrder,1770888160.101948,26276,7,1
2,Payment,1770888160.103622,6643,18,1
1,NewOrder,1770888160.104145,22575,3,1
2,Payment,1770888160.105393,7084,21,1
2,Payment,1770888160.106141,5972,9,1
1,NewOrder,1770888160.107122,22354,22,1
2,Payment,1770888160.107817,7667,6,1
1,NewOrder,1770888160.109150,31506,20,1
1,NewOrder,1770888160.110291,19136,18,1
2,Payment,1770888160.110681,7880,2,1
2,Payment,1770888160.112126,8237,9,1
2,Payment,1770888160.112473,9786,4,1
1,NewOrder,1770888160.112497,28690,21,1
2,Payment,1770888160.112886,9772,17,1
1,NewOrder,1770888160.114716,31110,1,1
2,Payment,1770888160.115511,9387,6,1
1,NewOrder,1770888160.117755,22927,14,1
3,OrderStatus,1770888160.118588,6030,2,1
5,StockLevel,1770888160.119508,14430,8,1
5,StockLevel,1770888160.120387,14209,9,1
2,Payment,1770888160.122285,6404,4,1
1,NewOrder,1770888160.122685,40374,17,1
2,Payment,1770888160.122716,6717,11,1
1,NewOrder,1770888160.123305,16997,0,1
2,Payment,1770888160.123328,5501,12,1
1,NewOrder,1770888160.124034,20824,23,1
1,NewOrder,1770888160.124644,21621,2,1
1,NewOrder,1770888160.124924,27832,6,1
4,Delivery,1770888160.124929,7224,15,1
1,NewOrder,1770888160.126736,26419,3,1
2,Payment,1770888160.127627,7299,13,1
2,Payment,1770888160.128249,7306,7,1
2,Payment,1770888160.128715,6747,4,1
1,NewOrder,1770888160.128839,32441,12,1
2,Payment,1770888160.129455,8479,18,1
2,Payment,1770888160.129456,7524,11,1
1,NewOrder,1770888160.129501,15923,22,1
1,NewOrder,1770888160.131848,30277,16,1
2,Payment,1770888160.132175,4234,15,1
2,Payment,1770888160.133095,8118,10,1
2,Payment,1770888160.133563,7126,19,1
4,Delivery,1770888160.133946,27212,8,1
5,StockLevel,1770888160.134616,12780,9,1
4,Delivery,1770888160.134938,16486,13,1
2,Payment,1770888160.135483,9345,4,1
3,OrderStatus,1770888160.135574,10752,7,1
1,NewOrder,1770888160.136435,19791,15,1
4,Delivery,1770888160.136998,24511,11,1
2,Payment,1770888160.137962,6425,18,1
5,StockLevel,1770888160.140326,11973,0,1
2,Payment,1770888160.140698,6431,14,1
2,Payment,1770888160.140716,6831,19,1
2,Payment,1770888160.141239,6395,10,1
2,Payment,1770888160.144414,6379,18,1
2,Payment,1770888160.144885,18499,23,1
2,Payment,1770888160.145452,7765,22,1
2,Payment,1770888160.146292,5105,2,1
2,Payment,1770888160.146353,6964,7,1
2,Payment,1770888160.147572,7398,19,1
2,Payment,1770888160.147652,6981,10,1
4,Delivery,1770888160.150819,11256,18,1
2,Payment,1770888160.151423,4047,2,1
2,Payment,1770888160.152325,4653,0,1
2,Payment,1770888160.153173,5808,3,1
2,Payment,1770888160.153236,7506,22,1
2,Payment,1770888160.154650,6521,10,1
2,Payment,1770888160.154988,9686,19,1
2,Payment,1770888160.155489,7306,2,1
