Transaction Type Index,Transaction Name,Start Time (microseconds),Latency (microseconds),Worker Id (start number),Phase Id (index in config file)
2,Payment,1771510066.730050,146496,10,1
1,NewOrder,1771510066.730051,122448,11,1
1,NewOrder,1771510066.730052,122370,16,1
2,Payment,1771510066.730056,141399,5,1
2,Payment,1771510066.730063,145954,13,1
2,Payment,1771510066.730068,114920,12,1
2,Payment,1771510066.730088,105242,6,1
1,NewOrder,1771510066.730110,111232,23,1
1,NewOrder,1771510066.730151,114199,9,1
2,Payment,1771510066.730184,130148,8,1
2,Payment,1771510066.730210,79706,2,1
1,NewOrder,1771510066.730228,133226,1,1
4,Delivery,1771510066.730243,79205,0,1
2,Payment,1771510066.730258,79952,7,1
1,NewOrder,1771510066.730278,114090,3,1
2,Payment,1771510066.730289,102134,4,1
1,NewOrder,1771510066.730301,115071,14,1
2,Payment,1771510066.730475,86978,15,1
4,Delivery,1771510066.730671,170200,17,1
2,Payment,1771510066.730885,91780,18,1
2,Payment,1771510066.731109,70282,19,1
2,Payment,1771510066.731363,111929,20,1
1,NewOrder,1771510066.731552,110126,21,1
1,NewOrder,1771510066.731737,127575,22,1
1,NewOrder,1771510066.801639,68395,19,1
4,Delivery,1771510066.809522,10377,0,1
1,NewOrder,1771510066.809997,58605,2,1
2,Payment,1771510066.810292,78384,7,1
1,NewOrder,1771510066.817521,78192,15,1
2,Payment,1771510066.819921,32136,0,1
1,NewOrder,1771510066.822705,65893,18,1
1,NewOrder,1771510066.832490,63982,4,1
1,NewOrder,1771510066.835393,48337,6,1
1,NewOrder,1771510066.841412,34671,23,1
4,Delivery,1771510066.841757,69576,21,1
2,Payment,1771510066.843364,38903,20,1
1,NewOrder,1771510066.844398,36541,9,1
1,NewOrder,1771510066.844429,44393,3,1
1,NewOrder,1771510066.845039,73880,12,1
1,NewOrder,1771510066.845442,38662,14,1
1,NewOrder,1771510066.852091,62830,0,1
2,Payment,1771510066.852500,41715,16,1
5,StockLevel,1771510066.852580,19255,11,1
1,NewOrder,1771510066.859351,28904,22,1
5,StockLevel,1771510066.860400,11269,8,1
2,Payment,1771510066.863518,28501,1,1
2,Payment,1771510066.868642,57934,2,1
1,NewOrder,1771510066.870067,32848,19,1
1,NewOrder,1771510066.871516,55026,5,1
5,StockLevel,1771510066.871708,17462,8,1
2,Payment,1771510066.871878,26832,11,1
2,Payment,1771510066.876118,28014,23,1
1,NewOrder,1771510066.876138,54749,13,1
4,Delivery,1771510066.876605,65818,10,1
2,Payment,1771510066.880969,35227,9,1
1,NewOrder,1771510066.882291,41825,20,1
2,Payment,1771510066.883768,21703,6,1
1,NewOrder,1771510066.884126,32649,14,1
1,NewOrder,1771510066.888300,30101,22,1
2,Payment,1771510066.888638,23660,18,1
1,NewOrder,1771510066.888714,46501,7,1
2,Payment,1771510066.888869,27184,3,1
2,Payment,1771510066.889206,37998,8,1
2,Payment,1771510066.892049,51488,1,1
1,NewOrder,1771510066.894247,24644,16,1
4,Delivery,1771510066.895742,5734,15,1
2,Payment,1771510066.896525,39628,4,1
5,StockLevel,1771510066.898752,10548,11,1
1,NewOrder,1771510066.900938,45816,17,1
1,NewOrder,1771510066.901515,26715,15,1
2,Payment,1771510066.902951,14816,19,1
1,NewOrder,1771510066.904187,16608,23,1
2,Payment,1771510066.905514,26662,6,1
1,NewOrder,1771510066.909345,29281,11,1
2,Payment,1771510066.911377,35911,21,1
2,Payment,1771510066.912342,14082,18,1
2,Payment,1771510066.914966,42507,0,1
2,Payment,1771510066.916094,36602,3,1
2,Payment,1771510066.916236,27707,9,1
2,Payment,1771510066.916794,9148,14,1
2,Payment,1771510066.917804,20402,19,1
1,NewOrder,1771510066.918437,31649,22,1
2,Payment,1771510066.918934,24990,16,1
2,Payment,1771510066.918937,12684,12,1
2,Payment,1771510066.920838,44155,23,1
2,Payment,1771510066.924162,32859,20,1
1,NewOrder,1771510066.925959,30496,14,1
1,NewOrder,1771510066.926467,22141,18,1
2,Payment,1771510066.926585,56407,5,1
2,Payment,1771510066.926619,73143,2,1
2,Payment,1771510066.927240,29866,8,1
1,NewOrder,1771510066.928269,17898,15,1
5,StockLevel,1771510066.930930,6743,13,1
1,NewOrder,1771510066.931659,19068,12,1
1,NewOrder,1771510066.932198,25457,6,1
2,Payment,1771510066.935263,35543,7,1
2,Payment,1771510066.936196,30628,4,1
1,NewOrder,1771510066.937731,29017,13,1
2,Payment,1771510066.938252,38720,19,1
2,Payment,1771510066.938670,25006,11,1
1,NewOrder,1771510066.942459,30589,10,1
1,NewOrder,1771510066.943581,22248,1,1
1,NewOrder,1771510066.943956,19981,16,1
2,Payment,1771510066.943971,33946,9,1
2,Payment,1771510066.946216,5570,15,1
1,NewOrder,1771510066.946782,13940,17,1
1,NewOrder,1771510066.947310,21442,21,1
2,Payment,1771510066.948627,59679,18,1
2,Payment,1771510066.950128,21795,22,1
1,NewOrder,1771510066.950774,18654,12,1
1,NewOrder,1771510066.951819,19982,15,1
2,Payment,1771510066.952735,18661,3,1
1,NewOrder,1771510066.956497,44642,14,1
2,Payment,1771510066.957053,79961,20,1
1,NewOrder,1771510066.957147,35017,8,1
2,Payment,1771510066.957504,54973,0,1
1,NewOrder,1771510066.957707,23381,6,1
2,Payment,1771510066.960765,12762,17,1
1,NewOrder,1771510066.963699,18801,11,1
2,Payment,1771510066.963977,13839,16,1
1,NewOrder,1771510066.965035,22968,23,1
1,NewOrder,1771510066.965875,13596,1,1
2,Payment,1771510066.966768,29391,13,1
2,Payment,1771510066.966868,21169,4,1
2,Payment,1771510066.968795,18813,21,1
3,OrderStatus,1771510066.969468,4972,12,1
2,Payment,1771510066.970863,12024,7,1
2,Payment,1771510066.971459,36361,3,1
1,NewOrder,1771510066.971836,22681,15,1
2,Payment,1771510066.971947,30070,22,1
2,Payment,1771510066.973072,30413,10,1
2,Payment,1771510066.973569,12144,17,1
1,NewOrder,1771510066.974483,26601,12,1
1,NewOrder,1771510066.977027,26961,19,1
1,NewOrder,1771510066.977841,34303,16,1
1,NewOrder,1771510066.977955,16896,9,1
1,NewOrder,1771510066.979488,22740,1,1
2,Payment,1771510066.981130,9285,6,1
2,Payment,1771510066.982536,30352,11,1
2,Payment,1771510066.982921,39182,7,1
2,Payment,1771510066.983021,38516,5,1
2,Payment,1771510066.985733,24968,17,1
1,NewOrder,1771510066.987626,20762,21,1
4,Delivery,1771510066.988046,99235,23,1
1,NewOrder,1771510066.988081,20301,4,1
1,NewOrder,1771510066.990459,17876,6,1
1,NewOrder,1771510066.992184,31812,8,1
2,Payment,1771510066.994565,38787,15,1
1,NewOrder,1771510066.994872,19819,9,1
1,NewOrder,1771510066.996205,58658,13,1
2,Payment,1771510066.999811,31893,2,1
2,Payment,1771510067.001127,13845,12,1
1,NewOrder,1771510067.001184,16921,14,1
2,Payment,1771510067.002059,12029,22,1
2,Payment,1771510067.002270,36923,1,1
5,StockLevel,1771510067.003533,27061,10,1
1,NewOrder,1771510067.004032,19519,19,1
1,NewOrder,1771510067.007857,27798,3,1
1,NewOrder,1771510067.008363,18706,6,1
2,Payment,1771510067.008377,20646,18,1
2,Payment,1771510067.008421,40185,4,1
2,Payment,1771510067.008436,12533,21,1
2,Payment,1771510067.010743,9622,17,1
2,Payment,1771510067.012183,14121,16,1
1,NewOrder,1771510067.012517,42785,0,1
2,Payment,1771510067.012932,20479,11,1
3,OrderStatus,1771510067.014109,5749,22,1
1,NewOrder,1771510067.014726,32178,9,1
1,NewOrder,1771510067.014992,22538,12,1
1,NewOrder,1771510067.018148,37135,14,1
1,NewOrder,1771510067.019881,19641,22,1
1,NewOrder,1771510067.020407,17126,17,1
1,NewOrder,1771510067.020987,26401,21,1
1,NewOrder,1771510067.021578,37929,5,1
1,NewOrder,1771510067.022164,29537,7,1
2,Payment,1771510067.023594,24201,19,1
2,Payment,1771510067.024033,13905,8,1
1,NewOrder,1771510067.026329,21170,16,1
2,Payment,1771510067.027111,16479,6,1
2,Payment,1771510067.029049,29280,18,1
2,Payment,1771510067.030635,18123,10,1
2,Payment,1771510067.031745,24698,2,1
2,Payment,1771510067.033387,17983,15,1
2,Payment,1771510067.033435,25024,11,1
2,Payment,1771510067.035680,29036,3,1
1,NewOrder,1771510067.037051,36135,20,1
4,Delivery,1771510067.037557,38354,17,1
1,NewOrder,1771510067.037572,26781,12,1
1,NewOrder,1771510067.037979,29783,8,1
1,NewOrder,1771510067.039233,41401,1,1
2,Payment,1771510067.039553,25045,22,1
1,NewOrder,1771510067.043618,12357,6,1
1,NewOrder,1771510067.046948,26166,9,1
2,Payment,1771510067.047431,25310,21,1
2,Payment,1771510067.047535,9567,16,1
2,Payment,1771510067.047821,36365,19,1
2,Payment,1771510067.048648,23752,4,1
4,Delivery,1771510067.048801,33644,10,1
1,NewOrder,1771510067.051419,17263,15,1
1,NewOrder,1771510067.051746,20274,7,1
2,Payment,1771510067.054908,18246,13,1
1,NewOrder,1771510067.055318,13967,14,1
1,NewOrder,1771510067.055348,34594,0,1
1,NewOrder,1771510067.056018,25098,6,1
2,Payment,1771510067.056480,27162,2,1
2,Payment,1771510067.057131,24021,16,1
2,Payment,1771510067.058374,30634,18,1
4,Delivery,1771510067.058530,24536,11,1
2,Payment,1771510067.059546,34774,5,1
1,NewOrder,1771510067.064396,36591,12,1
5,StockLevel,1771510067.064628,7976,22,1
2,Payment,1771510067.064765,33391,3,1
1,NewOrder,1771510067.067804,43953,8,1
1,NewOrder,1771510067.068732,31751,15,1
2,Payment,1771510067.069330,20664,14,1
5,StockLevel,1771510067.072064,34436,7,1
5,StockLevel,1771510067.072446,37451,4,1
2,Payment,1771510067.072651,49275,22,1
2,Payment,1771510067.072784,26593,21,1
1,NewOrder,1771510067.073151,17381,9,1
1,NewOrder,1771510067.073199,13706,13,1
4,Delivery,1771510067.073225,14597,20,1
2,Payment,1771510067.075946,21120,17,1
1,NewOrder,1771510067.080689,33916,1,1
2,Payment,1771510067.081159,8236,6,1
1,NewOrder,1771510067.081188,36576,16,1
1,NewOrder,1771510067.082480,18559,10,1
1,NewOrder,1771510067.083140,31892,11,1
2,Payment,1771510067.083683,19195,2,1
2,Payment,1771510067.084230,18174,19,1
2,Payment,1771510067.086950,14882,13,1
1,NewOrder,1771510067.087301,31190,23,1
2,Payment,1771510067.087868,20743,20,1
5,StockLevel,1771510067.089050,25217,18,1
1,NewOrder,1771510067.089438,13047,6,1
2,Payment,1771510067.089987,21047,0,1
3,OrderStatus,1771510067.090029,6239,14,1
1,NewOrder,1771510067.090563,37622,9,1
2,Payment,1771510067.094354,34319,5,1
1,NewOrder,1771510067.096313,13280,14,1
2,Payment,1771510067.097109,12941,17,1
2,Payment,1771510067.098189,20360,3,1
2,Payment,1771510067.099423,15672,21,1
1,NewOrder,1771510067.100521,16445,15,1
1,NewOrder,1771510067.101028,16898,12,1
1,NewOrder,1771510067.101083,20353,10,1
2,Payment,1771510067.101858,15959,13,1
1,NewOrder,1771510067.102445,31969,19,1
2,Payment,1771510067.102502,7050,6,1
1,NewOrder,1771510067.102911,28253,2,1
1,NewOrder,1771510067.106538,31401,7,1
5,StockLevel,1771510067.108641,8736,20,1
1,NewOrder,1771510067.109573,33774,6,1
2,Payment,1771510067.109631,13930,14,1
2,Payment,1771510067.109930,23506,4,1
2,Payment,1771510067.110076,16800,17,1
1,NewOrder,1771510067.111079,40138,0,1
2,Payment,1771510067.111800,18087,8,1
2,Payment,1771510067.114288,10982,18,1
2,Payment,1771510067.114651,28847,1,1
2,Payment,1771510067.115051,28036,11,1
1,NewOrder,1771510067.115132,29896,21,1
1,NewOrder,1771510067.117007,34663,15,1
2,Payment,1771510067.117415,16678,20,1
1,NewOrder,1771510067.117782,27684,16,1
2,Payment,1771510067.117849,13865,13,1
5,StockLevel,1771510067.117962,22259,12,1
1,NewOrder,1771510067.118506,29209,23,1
1,NewOrder,1771510067.118594,31851,3,1
1,NewOrder,1771510067.121481,38822,10,1
1,NewOrder,1771510067.121964,35174,22,1
2,Payment,1771510067.123604,13020,14,1
2,Payment,1771510067.125299,14051,18,1
2,Payment,1771510067.126917,13409,17,1
1,NewOrder,1771510067.128257,35950,9,1
1,NewOrder,1771510067.128698,45872,5,1
2,Payment,1771510067.129929,22361,8,1
1,NewOrder,1771510067.131213,31533,2,1
3,OrderStatus,1771510067.131755,7266,13,1
2,Payment,1771510067.133489,14543,4,1
2,Payment,1771510067.134131,11297,20,1
1,NewOrder,1771510067.134456,40145,19,1
2,Payment,1771510067.136662,18003,14,1
2,Payment,1771510067.137973,21887,7,1
1,NewOrder,1771510067.139065,27085,13,1
2,Payment,1771510067.139393,9502,18,1
2,Payment,1771510067.140260,23639,12,1
1,NewOrder,1771510067.140366,36264,17,1
1,NewOrder,1771510067.143116,39762,11,1
1,NewOrder,1771510067.143370,28961,6,1
2,Payment,1771510067.143537,12130,1,1
1,NewOrder,1771510067.145063,47759,21,1
2,Payment,1771510067.145459,9750,20,1
5,StockLevel,1771510067.145502,25643,16,1
2,Payment,1771510067.147754,17396,23,1
4,Delivery,1771510067.148074,97790,4,1
2,Payment,1771510067.148935,23180,18,1
2,Payment,1771510067.150485,14768,3,1
2,Payment,1771510067.151259,20405,0,1
1,NewOrder,1771510067.151706,37342,15,1
5,StockLevel,1771510067.152338,11142,8,1
1,NewOrder,1771510067.154697,32423,14,1
1,NewOrder,1771510067.155246,39115,20,1
1,NewOrder,1771510067.155698,37191,1,1
5,StockLevel,1771510067.157176,9026,22,1
1,NewOrder,1771510067.159883,34086,7,1
1,NewOrder,1771510067.160341,21419,10,1
2,Payment,1771510067.162782,16015,2,1
2,Payment,1771510067.163510,10311,8,1
1,NewOrder,1771510067.163937,43738,12,1
1,NewOrder,1771510067.164248,36357,9,1
1,NewOrder,1771510067.165180,25415,23,1
5,StockLevel,1771510067.165282,35472,3,1
2,Payment,1771510067.166184,12642,13,1
2,Payment,1771510067.166237,11948,22,1
3,OrderStatus,1771510067.171184,8604,16,1
1,NewOrder,1771510067.171695,36044,0,1
2,Payment,1771510067.172156,11162,18,1
2,Payment,1771510067.172357,10529,6,1
2,Payment,1771510067.173837,12349,8,1
5,StockLevel,1771510067.174609,32296,5,1
1,NewOrder,1771510067.174640,32369,19,1
2,Payment,1771510067.176668,10794,17,1
2,Payment,1771510067.178223,9213,22,1
1,NewOrder,1771510067.178835,39214,2,1
1,NewOrder,1771510067.178863,26475,13,1
2,Payment,1771510067.179820,13005,16,1
2,Payment,1771510067.181802,17709,10,1
2,Payment,1771510067.182899,25270,11,1
1,NewOrder,1771510067.182923,23046,6,1
2,Payment,1771510067.183354,8613,18,1
1,NewOrder,1771510067.186227,34148,8,1
2,Payment,1771510067.187137,15348,14,1
1,NewOrder,1771510067.187475,20282,22,1
1,NewOrder,1771510067.187496,32492,17,1
1,NewOrder,1771510067.189088,23061,15,1
1,NewOrder,1771510067.190618,22003,23,1
1,NewOrder,1771510067.192008,37739,18,1
1,NewOrder,1771510067.192862,38011,21,1
5,StockLevel,1771510067.192871,20729,16,1
1,NewOrder,1771510067.192924,35216,1,1
2,Payment,1771510067.194007,20114,7,1
1,NewOrder,1771510067.194382,39575,20,1
1,NewOrder,1771510067.199554,19100,10,1
1,NewOrder,1771510067.200637,19720,9,1
2,Payment,1771510067.200794,12677,3,1
2,Payment,1771510067.202524,7951,14,1
1,NewOrder,1771510067.205375,15030,13,1
1,NewOrder,1771510067.206000,18957,6,1
1,NewOrder,1771510067.206943,39620,5,1
2,Payment,1771510067.207048,15976,19,1
2,Payment,1771510067.207708,18355,12,1
2,Payment,1771510067.207779,9692,0,1
2,Payment,1771510067.207786,19767,22,1
2,Payment,1771510067.208199,14415,11,1
2,Payment,1771510067.210511,19236,14,1
4,Delivery,1771510067.212185,69643,15,1
1,NewOrder,1771510067.212660,30116,23,1
2,Payment,1771510067.213509,13969,3,1
1,NewOrder,1771510067.213633,19499,16,1
1,NewOrder,1771510067.214161,28099,7,1
1,NewOrder,1771510067.217509,35588,0,1
1,NewOrder,1771510067.218073,18572,2,1
2,Payment,1771510067.218682,10622,10,1
1,NewOrder,1771510067.220031,16973,17,1
2,Payment,1771510067.220398,18529,9,1
1,NewOrder,1771510067.220402,27914,8,1
2,Payment,1771510067.220435,22736,13,1
2,Payment,1771510067.222647,26341,11,1
2,Payment,1771510067.223062,9227,19,1
2,Payment,1771510067.224990,27235,6,1
2,Payment,1771510067.226104,11526,12,1
4,Delivery,1771510067.227518,18847,3,1
4,Delivery,1771510067.227595,88933,22,1
2,Payment,1771510067.228168,11862,1,1
4,Delivery,1771510067.229340,43100,10,1
1,NewOrder,1771510067.229776,25781,14,1
2,Payment,1771510067.229789,7881,18,1
2,Payment,1771510067.230908,11942,21,1
2,Payment,1771510067.232332,14151,19,1
5,StockLevel,1771510067.233172,12712,16,1
2,Payment,1771510067.233996,17558,20,1
2,Payment,1771510067.236674,9703,2,1
1,NewOrder,1771510067.237074,24192,17,1
5,StockLevel,1771510067.237660,8408,12,1
1,NewOrder,1771510067.237722,28706,18,1
2,Payment,1771510067.238967,25583,9,1
2,Payment,1771510067.240063,11928,1,1
2,Payment,1771510067.242300,14606,7,1
4,Delivery,1771510067.242811,74293,23,1
1,NewOrder,1771510067.242888,23506,21,1
1,NewOrder,1771510067.243198,19434,13,1
2,Payment,1771510067.245936,11804,4,1
2,Payment,1771510067.245946,9101,16,1
2,Payment,1771510067.246106,12477,12,1
2,Payment,1771510067.246405,15661,2,1
1,NewOrder,1771510067.246406,23310,3,1
1,NewOrder,1771510067.246512,24678,19,1
1,NewOrder,1771510067.246613,22387,5,1
1,NewOrder,1771510067.248352,36674,8,1
2,Payment,1771510067.249025,19099,11,1
1,NewOrder,1771510067.251586,37248,20,1
2,Payment,1771510067.252017,18578,1,1
2,Payment,1771510067.252259,20212,6,1
2,Payment,1771510067.253119,13327,0,1
1,NewOrder,1771510067.255083,32759,16,1
2,Payment,1771510067.255577,10394,14,1
2,Payment,1771510067.256955,19599,7,1
2,Payment,1771510067.257762,16996,4,1
1,NewOrder,1771510067.258620,29671,12,1
2,Payment,1771510067.261304,10811,17,1
1,NewOrder,1771510067.262104,44131,2,1
1,NewOrder,1771510067.262663,38925,13,1
1,NewOrder,1771510067.264630,30717,9,1
1,NewOrder,1771510067.266001,19717,14,1
2,Payment,1771510067.266422,8975,21,1
2,Payment,1771510067.266462,11136,18,1
1,NewOrder,1771510067.266469,23904,0,1
1,NewOrder,1771510067.268146,26768,11,1
1,NewOrder,1771510067.269020,24250,5,1
1,NewOrder,1771510067.269737,27913,3,1
2,Payment,1771510067.270625,15900,1,1
1,NewOrder,1771510067.271211,20954,19,1
1,NewOrder,1771510067.272149,35683,17,1
2,Payment,1771510067.272472,13948,10,1
1,NewOrder,1771510067.272502,26530,6,1
1,NewOrder,1771510067.274786,29259,4,1
2,Payment,1771510067.275430,11065,21,1
1,NewOrder,1771510067.276582,33475,7,1
1,NewOrder,1771510067.277628,34052,18,1
2,Payment,1771510067.281868,13906,15,1
1,NewOrder,1771510067.285059,23055,8,1
1,NewOrder,1771510067.285747,28536,14,1
1,NewOrder,1771510067.286442,40487,10,1
1,NewOrder,1771510067.286519,19739,21,1
1,NewOrder,1771510067.286557,29498,1,1
4,Delivery,1771510067.287873,93874,16,1
2,Payment,1771510067.288315,12637,12,1
3,OrderStatus,1771510067.288867,7078,20,1
1,NewOrder,1771510067.290404,20537,0,1
3,OrderStatus,1771510067.292197,9520,19,1
1,NewOrder,1771510067.293305,29639,5,1
2,Payment,1771510067.294946,10444,11,1
1,NewOrder,1771510067.295378,30890,9,1
1,NewOrder,1771510067.295809,23640,15,1
2,Payment,1771510067.295978,13048,20,1
2,Payment,1771510067.297679,8730,3,1
3,OrderStatus,1771510067.299061,8896,6,1
1,NewOrder,1771510067.300985,30217,12,1
2,Payment,1771510067.301618,10035,13,1
3,OrderStatus,1771510067.301746,5324,19,1
1,NewOrder,1771510067.304079,28466,4,1
1,NewOrder,1771510067.305425,31024,11,1
1,NewOrder,1771510067.306266,23094,2,1
2,Payment,1771510067.306297,15297,21,1
2,Payment,1771510067.306429,6029,3,1
2,Payment,1771510067.307102,17445,19,1
2,Payment,1771510067.307855,11763,17,1
2,Payment,1771510067.307982,8505,6,1
1,NewOrder,1771510067.308147,23478,8,1
1,NewOrder,1771510067.309050,36296,20,1
1,NewOrder,1771510067.310087,28938,7,1
2,Payment,1771510067.310976,12704,0,1
2,Payment,1771510067.311679,12039,13,1
2,Payment,1771510067.311712,15582,18,1
2,Payment,1771510067.312485,6406,3,1
1,NewOrder,1771510067.314314,18973,14,1
1,NewOrder,1771510067.316078,22969,1,1
1,NewOrder,1771510067.316516,15081,6,1
1,NewOrder,1771510067.316561,20661,22,1
1,NewOrder,1771510067.317136,28847,23,1
2,Payment,1771510067.318927,19554,3,1
2,Payment,1771510067.319476,12171,15,1
2,Payment,1771510067.319642,14258,17,1
2,Payment,1771510067.321617,8862,21,1
2,Payment,1771510067.322984,13077,5,1
2,Payment,1771510067.323705,22770,0,1
2,Payment,1771510067.323748,12619,13,1
2,Payment,1771510067.324572,9817,19,1
1,NewOrder,1771510067.326304,21486,9,1
1,NewOrder,1771510067.326959,36964,10,1
2,Payment,1771510067.327314,10433,18,1
2,Payment,1771510067.329394,20450,2,1
3,OrderStatus,1771510067.330503,8051,21,1
2,Payment,1771510067.331234,18062,12,1
2,Payment,1771510067.331627,11941,6,1
2,Payment,1771510067.331651,9180,8,1
2,Payment,1771510067.331679,22351,15,1
1,NewOrder,1771510067.332570,24729,4,1
1,NewOrder,1771510067.333314,26226,14,1
2,Payment,1771510067.333927,7419,17,1
1,NewOrder,1771510067.334414,29059,19,1
2,Payment,1771510067.336096,28161,5,1
2,Payment,1771510067.336401,7709,13,1
1,NewOrder,1771510067.336474,38171,11,1
2,Payment,1771510067.337252,11048,22,1
1,NewOrder,1771510067.337777,21788,18,1
4,Delivery,1771510067.338520,72975,3,1
1,NewOrder,1771510067.338583,22367,21,1
4,Delivery,1771510067.339052,35138,7,1
1,NewOrder,1771510067.339080,33701,1,1
2,Payment,1771510067.340863,12094,8,1
2,Payment,1771510067.341370,15190,17,1
4,Delivery,1771510067.343601,31194,6,1
1,NewOrder,1771510067.344142,37174,13,1
1,NewOrder,1771510067.345370,21575,20,1
2,Payment,1771510067.346015,14087,23,1
2,Payment,1771510067.346504,11668,0,1
2,Payment,1771510067.347820,12240,9,1
1,NewOrder,1771510067.348320,33915,22,1
2,Payment,1771510067.349330,13129,12,1
1,NewOrder,1771510067.349993,37761,2,1
1,NewOrder,1771510067.353042,35550,8,1
2,Payment,1771510067.354059,13301,15,1
1,NewOrder,1771510067.356601,27169,17,1
3,OrderStatus,1771510067.357324,8020,4,1
1,NewOrder,1771510067.358195,20226,0,1
1,NewOrder,1771510067.359565,20505,14,1
2,Payment,1771510067.359584,7811,18,1
1,NewOrder,1771510067.360099,15586,9,1
2,Payment,1771510067.360119,13411,23,1
2,Payment,1771510067.360973,15241,21,1
1,NewOrder,1771510067.362483,33255,12,1
4,Delivery,1771510067.363493,40630,19,1
2,Payment,1771510067.363947,10723,10,1
1,NewOrder,1771510067.364284,26277,5,1
1,NewOrder,1771510067.365368,24500,4,1
2,Payment,1771510067.366967,12006,20,1
1,NewOrder,1771510067.367377,34487,15,1
2,Payment,1771510067.367415,13268,18,1
2,Payment,1771510067.372804,13043,1,1
2,Payment,1771510067.373557,16813,23,1
1,NewOrder,1771510067.374218,20849,7,1
2,Payment,1771510067.374680,7582,11,1
1,NewOrder,1771510067.374697,35764,10,1
4,Delivery,1771510067.374854,8894,6,1
2,Payment,1771510067.375703,10725,9,1
1,NewOrder,1771510067.376233,33330,21,1
2,Payment,1771510067.378443,11443,0,1
2,Payment,1771510067.379000,13736,20,1
1,NewOrder,1771510067.380096,30387,14,1
1,NewOrder,1771510067.380707,23741,18,1
1,NewOrder,1771510067.381340,20080,13,1
4,Delivery,1771510067.381776,52694,16,1
2,Payment,1771510067.382254,14556,22,1
2,Payment,1771510067.382281,9161,11,1
2,Payment,1771510067.383855,9798,6,1
2,Payment,1771510067.383868,8499,17,1
2,Payment,1771510067.385869,8675,1,1
4,Delivery,1771510067.386449,64265,9,1
2,Payment,1771510067.387777,14557,2,1
1,NewOrder,1771510067.388616,25530,8,1
2,Payment,1771510067.389886,10688,4,1
3,OrderStatus,1771510067.389910,6697,0,1
4,Delivery,1771510067.390389,14480,23,1
3,OrderStatus,1771510067.390582,9074,5,1
1,NewOrder,1771510067.391466,21502,11,1
2,Payment,1771510067.392388,9046,17,1
2,Payment,1771510067.392760,10398,20,1
2,Payment,1771510067.393676,7793,6,1
1,NewOrder,1771510067.394566,34670,1,1
5,StockLevel,1771510067.395080,17021,7,1
2,Payment,1771510067.395760,14773,12,1
2,Payment,1771510067.396630,8295,0,1
1,NewOrder,1771510067.396831,14477,22,1
2,Payment,1771510067.399683,12245,5,1
1,NewOrder,1771510067.400589,21990,4,1
2,Payment,1771510067.401446,6156,17,1
1,NewOrder,1771510067.401447,28819,13,1
1,NewOrder,1771510067.401489,30535,6,1
1,NewOrder,1771510067.401880,27381,15,1
2,Payment,1771510067.402361,12258,2,1
1,NewOrder,1771510067.403178,35127,20,1
1,NewOrder,1771510067.404142,18121,19,1
1,NewOrder,1771510067.404461,19669,18,1
1,NewOrder,1771510067.404892,16323,23,1
1,NewOrder,1771510067.404949,29172,0,1
2,Payment,1771510067.407627,8801,17,1
1,NewOrder,1771510067.409583,23431,21,1
2,Payment,1771510067.410476,14373,10,1
2,Payment,1771510067.410502,11714,14,1
1,NewOrder,1771510067.410555,26669,12,1
2,Payment,1771510067.411331,10354,22,1
2,Payment,1771510067.411509,10290,3,1
1,NewOrder,1771510067.411953,30490,5,1
2,Payment,1771510067.412120,25527,7,1
1,NewOrder,1771510067.412994,24915,11,1
2,Payment,1771510067.414168,30744,8,1
1,NewOrder,1771510067.414646,23175,2,1
5,StockLevel,1771510067.416448,19651,17,1
2,Payment,1771510067.421237,12188,23,1
1,NewOrder,1771510067.421733,16151,22,1
2,Payment,1771510067.421827,6893,3,1
1,NewOrder,1771510067.422239,15689,14,1
2,Payment,1771510067.422291,15391,19,1
2,Payment,1771510067.422593,8033,4,1
1,NewOrder,1771510067.424155,31380,18,1
2,Payment,1771510067.424880,29558,10,1
1,NewOrder,1771510067.428742,28587,3,1
1,NewOrder,1771510067.429258,33322,1,1
1,NewOrder,1771510067.429288,24428,15,1
2,Payment,1771510067.430296,7563,13,1
2,Payment,1771510067.430651,8909,4,1
1,NewOrder,1771510067.432050,13224,6,1
5,StockLevel,1771510067.433037,23299,21,1
2,Payment,1771510067.433436,11021,23,1
2,Payment,1771510067.434146,8765,0,1
2,Payment,1771510067.434489,18209,16,1
2,Payment,1771510067.436131,21759,17,1
2,Payment,1771510067.437245,11637,12,1
2,Payment,1771510067.437671,10833,7,1
2,Payment,1771510067.437723,9058,19,1
1,NewOrder,1771510067.437837,24692,2,1
2,Payment,1771510067.437878,22898,13,1
3,OrderStatus,1771510067.437916,4426,22,1
1,NewOrder,1771510067.437950,20221,11,1
1,NewOrder,1771510067.437952,26207,14,1
1,NewOrder,1771510067.438322,26901,20,1
1,NewOrder,1771510067.439572,27919,4,1
1,NewOrder,1771510067.442366,18376,22,1
2,Payment,1771510067.442468,16442,5,1
2,Payment,1771510067.442933,4211,0,1
1,NewOrder,1771510067.444483,17569,23,1
2,Payment,1771510067.444936,13064,8,1
2,Payment,1771510067.445300,14966,6,1
1,NewOrder,1771510067.446806,17035,19,1
2,Payment,1771510067.447169,6251,0,1
1,NewOrder,1771510067.448527,31233,7,1
2,Payment,1771510067.448905,7017,12,1
1,NewOrder,1771510067.450740,28542,9,1
1,NewOrder,1771510067.452724,22760,16,1
1,NewOrder,1771510067.453447,21562,0,1
1,NewOrder,1771510067.453740,24803,15,1
1,NewOrder,1771510067.454467,35845,10,1
2,Payment,1771510067.455558,8692,18,1
1,NewOrder,1771510067.455942,17186,12,1
1,NewOrder,1771510067.456362,20151,21,1
1,NewOrder,1771510067.457351,19713,3,1
2,Payment,1771510067.457912,6763,17,1
4,Delivery,1771510067.458015,69154,8,1
2,Payment,1771510067.458190,8954,11,1
1,NewOrder,1771510067.458932,40364,5,1
1,NewOrder,1771510067.460286,27802,6,1
2,Payment,1771510067.460761,9719,22,1
2,Payment,1771510067.460803,6780,13,1
1,NewOrder,1771510067.462077,18652,23,1
2,Payment,1771510067.462554,10072,2,1
2,Payment,1771510067.462605,7130,1,1
1,NewOrder,1771510067.463859,25909,19,1
1,NewOrder,1771510067.464182,23338,14,1
2,Payment,1771510067.464273,8882,18,1
1,NewOrder,1771510067.464696,39120,17,1
2,Payment,1771510067.465245,10732,20,1
2,Payment,1771510067.467166,8306,11,1
2,Payment,1771510067.467507,8891,4,1
2,Payment,1771510067.467608,7824,13,1
2,Payment,1771510067.469757,9976,1,1
1,NewOrder,1771510067.470502,19320,22,1
1,NewOrder,1771510067.472650,17683,2,1
1,NewOrder,1771510067.473152,34378,12,1
3,OrderStatus,1771510067.473182,7130,18,1
4,Delivery,1771510067.475034,14267,0,1
2,Payment,1771510067.475448,9370,13,1
5,StockLevel,1771510067.475511,15307,16,1
1,NewOrder,1771510067.475525,19217,11,1
1,NewOrder,1771510067.475997,29906,20,1
1,NewOrder,1771510067.476414,23744,4,1
1,NewOrder,1771510067.476535,25456,21,1
1,NewOrder,1771510067.477118,18683,3,1
1,NewOrder,1771510067.478571,23730,15,1
3,OrderStatus,1771510067.479350,6722,9,1
1,NewOrder,1771510067.479748,18983,1,1
2,Payment,1771510067.479781,8626,7,1
1,NewOrder,1771510067.480335,21181,18,1
4,Delivery,1771510067.480754,59948,23,1
2,Payment,1771510067.484833,5551,13,1
2,Payment,1771510067.486094,15954,9,1
1,NewOrder,1771510067.487538,24566,14,1
2,Payment,1771510067.488099,16496,6,1
2,Payment,1771510067.488422,20800,7,1
2,Payment,1771510067.489317,7059,0,1
1,NewOrder,1771510067.489778,26227,19,1
2,Payment,1771510067.489843,6872,22,1
1,NewOrder,1771510067.490331,27126,10,1
1,NewOrder,1771510067.490343,36197,2,1
3,OrderStatus,1771510067.490408,6065,13,1
1,NewOrder,1771510067.490852,22391,16,1
1,NewOrder,1771510067.494761,25034,11,1
4,Delivery,1771510067.495827,52199,3,1
1,NewOrder,1771510067.496391,22287,0,1
2,Payment,1771510067.496496,16216,13,1
1,NewOrder,1771510067.496742,32364,22,1
3,OrderStatus,1771510067.498748,7721,1,1
2,Payment,1771510067.499315,9300,5,1
2,Payment,1771510067.500176,14012,4,1
2,Payment,1771510067.501538,5190,18,1
2,Payment,1771510067.502013,7067,21,1
1,NewOrder,1771510067.502070,33774,9,1
2,Payment,1771510067.502324,15504,15,1
4,Delivery,1771510067.503835,59162,17,1
1,NewOrder,1771510067.504615,35710,6,1
2,Payment,1771510067.505920,8353,20,1
2,Payment,1771510067.506490,9874,1,1
1,NewOrder,1771510067.506747,17635,18,1
2,Payment,1771510067.507551,12565,12,1
1,NewOrder,1771510067.508630,37592,5,1
1,NewOrder,1771510067.509100,32584,21,1
1,NewOrder,1771510067.509243,21558,7,1
1,NewOrder,1771510067.512122,23133,14,1
1,NewOrder,1771510067.512733,29123,13,1
5,StockLevel,1771510067.513260,15679,16,1
1,NewOrder,1771510067.514211,32547,4,1
1,NewOrder,1771510067.514290,27017,20,1
2,Payment,1771510067.516030,8745,19,1
1,NewOrder,1771510067.516385,25281,1,1
1,NewOrder,1771510067.517474,23241,10,1
1,NewOrder,1771510067.517852,22915,15,1
1,NewOrder,1771510067.518696,21130,0,1
2,Payment,1771510067.519824,8554,11,1
1,NewOrder,1771510067.520134,33227,12,1
1,NewOrder,1771510067.524403,27997,18,1
2,Payment,1771510067.524797,8941,19,1
1,NewOrder,1771510067.526552,23502,2,1
1,NewOrder,1771510067.527185,27719,8,1
2,Payment,1771510067.528399,7783,11,1
1,NewOrder,1771510067.528966,32142,16,1
3,OrderStatus,1771510067.529127,9502,22,1
2,Payment,1771510067.530823,9496,7,1
1,NewOrder,1771510067.533759,29779,19,1
2,Payment,1771510067.535275,9166,14,1
4,Delivery,1771510067.535870,50539,9,1
2,Payment,1771510067.536202,9339,11,1
2,Payment,1771510067.538656,9994,22,1
2,Payment,1771510067.539852,9275,0,1
1,NewOrder,1771510067.540345,22729,7,1
2,Payment,1771510067.540348,11331,6,1
2,Payment,1771510067.540721,13351,23,1
2,Payment,1771510067.540739,15218,10,1
2,Payment,1771510067.540783,8604,15,1
1,NewOrder,1771510067.541321,27557,20,1
2,Payment,1771510067.541718,9408,1,1
2,Payment,1771510067.541718,15255,21,1
5,StockLevel,1771510067.541868,14308,13,1
3,OrderStatus,1771510067.544466,6092,14,1
2,Payment,1771510067.545566,12692,11,1
2,Payment,1771510067.546243,7945,5,1
1,NewOrder,1771510067.546777,17471,4,1
2,Payment,1771510067.548037,8496,3,1
1,NewOrder,1771510067.548675,19739,22,1
2,Payment,1771510067.549149,10470,0,1
1,NewOrder,1771510067.549403,31118,15,1
4,Delivery,1771510067.550078,66295,2,1
2,Payment,1771510067.550575,8122,14,1
1,NewOrder,1771510067.551148,28167,1,1
1,NewOrder,1771510067.551698,17181,6,1
2,Payment,1771510067.552427,9136,18,1
2,Payment,1771510067.553376,8285,12,1
2,Payment,1771510067.554092,12528,23,1
1,NewOrder,1771510067.554208,24425,5,1
2,Payment,1771510067.554919,9356,8,1
1,NewOrder,1771510067.555973,22979,10,1
4,Delivery,1771510067.556196,7329,13,1
1,NewOrder,1771510067.556562,27570,3,1
2,Payment,1771510067.556988,11858,21,1
1,NewOrder,1771510067.558280,21179,11,1
2,Payment,1771510067.558719,7533,14,1
1,NewOrder,1771510067.559634,26166,0,1
1,NewOrder,1771510067.561130,22133,16,1
1,NewOrder,1771510067.561576,18375,18,1
4,Delivery,1771510067.561682,3481,12,1
1,NewOrder,1771510067.563010,30592,17,1
2,Payment,1771510067.563100,6549,7,1
2,Payment,1771510067.563549,5355,13,1
1,NewOrder,1771510067.563566,20125,19,1
1,NewOrder,1771510067.564270,25781,4,1
2,Payment,1771510067.564293,7969,8,1
2,Payment,1771510067.565175,10736,12,1
2,Payment,1771510067.566272,7617,14,1
4,Delivery,1771510067.566642,52185,23,1
1,NewOrder,1771510067.568437,20854,22,1
4,Delivery,1771510067.568860,50414,21,1
2,Payment,1771510067.568893,7413,20,1
4,Delivery,1771510067.568900,17926,6,1
2,Payment,1771510067.568924,10003,13,1
2,Payment,1771510067.569672,7901,7,1
1,NewOrder,1771510067.572282,18079,8,1
4,Delivery,1771510067.573913,60983,14,1
1,NewOrder,1771510067.575931,14147,12,1
2,Payment,1771510067.576332,7330,20,1
1,NewOrder,1771510067.577588,31873,7,1
2,Payment,1771510067.578653,7352,5,1
2,Payment,1771510067.578950,6328,13,1
1,NewOrder,1771510067.578969,23278,10,1
1,NewOrder,1771510067.579331,28838,1,1
1,NewOrder,1771510067.579485,26318,11,1
1,NewOrder,1771510067.579965,21016,18,1
2,Payment,1771510067.580531,7349,15,1
2,Payment,1771510067.583281,12639,16,1
2,Payment,1771510067.583685,5979,20,1
2,Payment,1771510067.583706,17192,19,1
1,NewOrder,1771510067.584145,30511,3,1
4,Delivery,1771510067.585292,50029,13,1
2,Payment,1771510067.585827,7020,0,1
1,NewOrder,1771510067.586032,27828,5,1
2,Payment,1771510067.586425,9958,9,1
1,NewOrder,1771510067.586844,18500,6,1
2,Payment,1771510067.587905,11197,15,1
2,Payment,1771510067.589313,8957,22,1
1,NewOrder,1771510067.589716,20259,20,1
2,Payment,1771510067.590070,6410,4,1
1,NewOrder,1771510067.590097,20955,12,1
2,Payment,1771510067.590381,10914,8,1
2,Payment,1771510067.592863,7555,0,1
1,NewOrder,1771510067.593629,26042,17,1
1,NewOrder,1771510067.595945,22451,16,1
2,Payment,1771510067.596399,11677,9,1
2,Payment,1771510067.596506,10417,4,1
3,OrderStatus,1771510067.598297,5796,22,1
2,Payment,1771510067.599121,8247,15,1
2,Payment,1771510067.600439,15902,0,1
2,Payment,1771510067.600916,7908,19,1
1,NewOrder,1771510067.601008,29021,18,1
1,NewOrder,1771510067.601315,18386,8,1
2,Payment,1771510067.602259,13439,10,1
2,Payment,1771510067.604111,19812,22,1
5,StockLevel,1771510067.605365,17624,6,1
5,StockLevel,1771510067.605822,21340,11,1
2,Payment,1771510067.606951,6259,4,1
1,NewOrder,1771510067.607391,29378,15,1
4,Delivery,1771510067.608102,33367,9,1
4,Delivery,1771510067.608197,8628,1,1
2,Payment,1771510067.608845,10685,19,1
2,Payment,1771510067.609477,9312,7,1
2,Payment,1771510067.609988,11750,20,1
1,NewOrder,1771510067.611079,18545,12,1
4,Delivery,1771510067.613235,3924,4,1
1,NewOrder,1771510067.613879,27611,5,1
1,NewOrder,1771510067.614684,19663,3,1
1,NewOrder,1771510067.615712,27039,10,1
2,Payment,1771510067.616355,2796,0,1
2,Payment,1771510067.616396,4839,2,1
1,NewOrder,1771510067.616847,17591,1,1
1,NewOrder,1771510067.617176,17731,4,1
1,NewOrder,1771510067.618415,30493,16,1
2,Payment,1771510067.618815,6404,7,1
2,Payment,1771510067.618848,10381,23,1
1,NewOrder,1771510067.619172,22369,0,1
2,Payment,1771510067.619294,6374,21,1
2,Payment,1771510067.619545,11726,19,1
2,Payment,1771510067.619686,6055,17,1
2,Payment,1771510067.619714,7562,8,1
1,NewOrder,1771510067.621256,20260,2,1
2,Payment,1771510067.621765,12021,20,1
3,OrderStatus,1771510067.623007,5930,6,1
1,NewOrder,1771510067.623946,32816,22,1
1,NewOrder,1771510067.625240,26241,7,1
1,NewOrder,1771510067.625725,25258,21,1
2,Payment,1771510067.625759,5848,17,1
2,Payment,1771510067.627188,10339,11,1
4,Delivery,1771510067.627291,14816,8,1
2,Payment,1771510067.628963,11212,6,1
2,Payment,1771510067.629245,9306,23,1
2,Payment,1771510067.629644,8954,12,1
1,NewOrder,1771510067.630044,33336,18,1
1,NewOrder,1771510067.631294,23567,19,1
1,NewOrder,1771510067.631624,27471,17,1
1,NewOrder,1771510067.633813,21608,20,1
1,NewOrder,1771510067.634372,22336,3,1
1,NewOrder,1771510067.634465,23708,1,1
2,Payment,1771510067.634914,10700,14,1
2,Payment,1771510067.634924,6194,4,1
4,Delivery,1771510067.635341,33523,13,1
1,NewOrder,1771510067.636789,33309,15,1
1,NewOrder,1771510067.637545,20552,11,1
2,Payment,1771510067.638562,9723,23,1
1,NewOrder,1771510067.638619,17637,12,1
2,Payment,1771510067.640186,8633,6,1
2,Payment,1771510067.641127,8609,4,1
2,Payment,1771510067.641490,13941,9,1
1,NewOrder,1771510067.641509,31402,5,1
3,OrderStatus,1771510067.641528,7412,2,1
1,NewOrder,1771510067.641556,15605,0,1
4,Delivery,1771510067.642122,41035,8,1
1,NewOrder,1771510067.642772,24487,10,1
2,Payment,1771510067.645635,7882,14,1
1,NewOrder,1771510067.648301,17115,23,1
1,NewOrder,1771510067.648846,17607,6,1
4,Delivery,1771510067.648930,20410,16,1
1,NewOrder,1771510067.648950,20879,2,1
2,Payment,1771510067.649745,7807,4,1
2,Payment,1771510067.651003,7673,21,1
2,Payment,1771510067.651495,6073,7,1
2,Payment,1771510067.653535,6292,14,1
1,NewOrder,1771510067.654887,23647,19,1
1,NewOrder,1771510067.655445,27023,9,1
2,Payment,1771510067.655450,6687,20,1
1,NewOrder,1771510067.656271,16658,12,1
2,Payment,1771510067.656724,8232,3,1
2,Payment,1771510067.656775,15662,22,1
1,NewOrder,1771510067.657175,24898,0,1
1,NewOrder,1771510067.657580,26707,4,1
1,NewOrder,1771510067.657592,24464,7,1
2,Payment,1771510067.658109,6072,11,1
2,Payment,1771510067.658193,8626,1,1
2,Payment,1771510067.658694,11022,21,1
1,NewOrder,1771510067.659112,20294,17,1
2,Payment,1771510067.659840,5502,14,1
1,NewOrder,1771510067.662164,20265,20,1
2,Payment,1771510067.663401,11079,18,1
2,Payment,1771510067.664203,7319,11,1
5,StockLevel,1771510067.664972,14515,3,1
1,NewOrder,1771510067.665358,20815,14,1
1,NewOrder,1771510067.665431,19943,23,1
5,StockLevel,1771510067.666464,13689,6,1
2,Payment,1771510067.666831,7142,1,1
2,Payment,1771510067.667284,10554,10,1
2,Payment,1771510067.668876,7859,13,1
2,Payment,1771510067.669359,11742,16,1
1,NewOrder,1771510067.669738,19391,21,1
1,NewOrder,1771510067.669848,34332,2,1
2,Payment,1771510067.670119,17760,15,1
2,Payment,1771510067.671549,8149,11,1
1,NewOrder,1771510067.672463,32437,22,1
2,Payment,1771510067.672927,7440,5,1
2,Payment,1771510067.672944,16499,12,1
2,Payment,1771510067.673983,8415,1,1
5,StockLevel,1771510067.674497,13424,18,1
1,NewOrder,1771510067.676749,26257,13,1
1,NewOrder,1771510067.677852,33184,10,1
2,Payment,1771510067.678561,4651,19,1
2,Payment,1771510067.679434,6706,17,1
1,NewOrder,1771510067.679502,31848,3,1
2,Payment,1771510067.679718,4142,11,1
2,Payment,1771510067.680167,6574,6,1
1,NewOrder,1771510067.680387,32807,5,1
1,NewOrder,1771510067.681125,22234,16,1
1,NewOrder,1771510067.682075,26549,7,1
1,NewOrder,1771510067.682093,28886,0,1
2,Payment,1771510067.682413,3673,1,1
1,NewOrder,1771510067.682443,31981,20,1
2,Payment,1771510067.682491,7980,9,1
1,NewOrder,1771510067.683171,32151,8,1
1,NewOrder,1771510067.683226,28969,19,1
1,NewOrder,1771510067.683879,23817,11,1
1,NewOrder,1771510067.684303,27456,4,1
1,NewOrder,1771510067.685386,34021,23,1
2,Payment,1771510067.686099,7022,1,1
2,Payment,1771510067.686160,11381,17,1
2,Payment,1771510067.686202,8371,14,1
2,Payment,1771510067.686751,9916,6,1
1,NewOrder,1771510067.687896,28008,15,1
1,NewOrder,1771510067.687947,22775,18,1
2,Payment,1771510067.689147,7857,21,1
1,NewOrder,1771510067.689454,23717,12,1
1,NewOrder,1771510067.690492,23941,9,1
2,Payment,1771510067.693134,7486,1,1
2,Payment,1771510067.694596,8807,14,1
1,NewOrder,1771510067.696688,17709,6,1
1,NewOrder,1771510067.697032,25860,21,1
1,NewOrder,1771510067.697561,18301,17,1
1,NewOrder,1771510067.700634,28758,1,1
2,Payment,1771510067.703024,10456,13,1
2,Payment,1771510067.703372,6467,16,1
2,Payment,1771510067.703431,8298,14,1
1,NewOrder,1771510067.704197,29151,2,1
2,Payment,1771510067.704912,7815,22,1
4,Delivery,1771510067.707716,118158,11,1
1,NewOrder,1771510067.708647,24194,7,1
4,Delivery,1771510067.709867,46959,16,1
2,Payment,1771510067.710738,6068,18,1
2,Payment,1771510067.710990,7068,0,1
1,NewOrder,1771510067.711063,26379,10,1
1,NewOrder,1771510067.711368,31912,3,1
1,NewOrder,1771510067.711756,34374,14,1
2,Payment,1771510067.711782,8301,4,1
1,NewOrder,1771510067.712213,32263,19,1
1,NewOrder,1771510067.712743,31027,22,1
3,OrderStatus,1771510067.713187,7947,12,1
2,Payment,1771510067.713214,9353,5,1
3,OrderStatus,1771510067.713502,8740,13,1
2,Payment,1771510067.714415,11845,6,1
4,Delivery,1771510067.714439,63138,20,1
2,Payment,1771510067.714462,6977,9,1
1,NewOrder,1771510067.715339,31234,8,1
1,NewOrder,1771510067.715875,22720,17,1
3,OrderStatus,1771510067.715921,8511,15,1
2,Payment,1771510067.716819,9403,18,1
2,Payment,1771510067.718077,6997,0,1
1,NewOrder,1771510067.719428,32314,23,1
1,NewOrder,1771510067.720105,29763,4,1
5,StockLevel,1771510067.721148,17625,12,1
2,Payment,1771510067.721453,9311,9,1
1,NewOrder,1771510067.722265,24340,13,1
2,Payment,1771510067.722588,10288,5,1
1,NewOrder,1771510067.722909,23608,21,1
2,Payment,1771510067.724457,8434,15,1
2,Payment,1771510067.725095,9844,0,1
4,Delivery,1771510067.726244,51830,18,1
1,NewOrder,1771510067.726280,30180,6,1
5,StockLevel,1771510067.729413,21931,1,1
1,NewOrder,1771510067.730787,23365,9,1
2,Payment,1771510067.732860,6336,7,1
2,Payment,1771510067.732894,6260,5,1
1,NewOrder,1771510067.732919,13625,15,1
2,Payment,1771510067.733364,9029,2,1
1,NewOrder,1771510067.734961,35560,0,1
2,Payment,1771510067.737464,7667,10,1
3,OrderStatus,1771510067.738611,9332,17,1
4,Delivery,1771510067.738792,18547,12,1
1,NewOrder,1771510067.739168,13864,5,1
3,OrderStatus,1771510067.739224,5566,7,1
4,Delivery,1771510067.742409,47174,2,1
1,NewOrder,1771510067.743295,16464,3,1
2,Payment,1771510067.743789,8452,22,1
1,NewOrder,1771510067.744504,17407,19,1
1,NewOrder,1771510067.744810,19553,7,1
2,Payment,1771510067.745147,7125,10,1
1,NewOrder,1771510067.746155,34875,14,1
1,NewOrder,1771510067.746538,28086,21,1
5,StockLevel,1771510067.746566,17022,15,1
2,Payment,1771510067.746591,7968,8,1
1,NewOrder,1771510067.746627,30476,13,1
1,NewOrder,1771510067.747962,28027,17,1
2,Payment,1771510067.749883,7122,4,1
1,NewOrder,1771510067.751360,30021,1,1
1,NewOrder,1771510067.751758,30032,23,1
3,OrderStatus,1771510067.752255,6913,22,1
1,NewOrder,1771510067.752293,31853,10,1
2,Payment,1771510067.753048,7119,5,1
2,Payment,1771510067.754172,8311,9,1
1,NewOrder,1771510067.754581,20116,8,1
2,Payment,1771510067.756478,7598,6,1
3,OrderStatus,1771510067.756845,6408,16,1
1,NewOrder,1771510067.757018,26735,4,1
1,NewOrder,1771510067.757357,22152,12,1
2,Payment,1771510067.759187,9708,22,1
2,Payment,1771510067.759785,9477,3,1
1,NewOrder,1771510067.760182,17441,5,1
2,Payment,1771510067.761929,8972,19,1
2,Payment,1771510067.762501,8469,9,1
1,NewOrder,1771510067.763267,27099,16,1
1,NewOrder,1771510067.763607,31010,15,1
2,Payment,1771510067.764099,13467,6,1
2,Payment,1771510067.764374,9772,7,1
3,OrderStatus,1771510067.768918,5371,22,1
2,Payment,1771510067.769283,7498,3,1
1,NewOrder,1771510067.770542,18568,0,1
2,Payment,1771510067.770930,6611,19,1
1,NewOrder,1771510067.770997,23555,9,1
1,NewOrder,1771510067.774166,30039,7,1
2,Payment,1771510067.774317,8396,22,1
1,NewOrder,1771510067.774638,24230,21,1
1,NewOrder,1771510067.774713,18763,8,1
2,Payment,1771510067.775998,8467,17,1
1,NewOrder,1771510067.776799,16405,3,1
5,StockLevel,1771510067.777123,12304,13,1
2,Payment,1771510067.777565,7989,19,1
2,Payment,1771510067.777595,6973,6,1
1,NewOrder,1771510067.777599,30216,20,1
1,NewOrder,1771510067.777637,16220,5,1
2,Payment,1771510067.778097,9261,18,1
2,Payment,1771510067.779525,11472,12,1
2,Payment,1771510067.781045,11747,14,1
1,NewOrder,1771510067.781400,31762,1,1
2,Payment,1771510067.781809,10251,23,1
2,Payment,1771510067.782732,11584,22,1
1,NewOrder,1771510067.783769,22227,4,1
1,NewOrder,1771510067.784164,27585,10,1
2,Payment,1771510067.784480,10255,17,1
1,NewOrder,1771510067.784595,32479,6,1
1,NewOrder,1771510067.785579,23614,19,1
2,Payment,1771510067.787380,10046,18,1
1,NewOrder,1771510067.789136,27765,0,1
3,OrderStatus,1771510067.789454,8647,13,1
1,NewOrder,1771510067.789611,20253,2,1
1,NewOrder,1771510067.790381,25898,16,1
2,Payment,1771510067.791009,7171,12,1
4,Delivery,1771510067.792089,62258,23,1
1,NewOrder,1771510067.792817,17938,14,1
2,Payment,1771510067.793227,6284,3,1
2,Payment,1771510067.793500,9293,8,1
2,Payment,1771510067.793885,8064,5,1
1,NewOrder,1771510067.794333,36596,22,1
2,Payment,1771510067.794564,9885,9,1
2,Payment,1771510067.794641,8041,15,1
2,Payment,1771510067.794747,9742,17,1
1,NewOrder,1771510067.797449,30589,18,1
1,NewOrder,1771510067.798115,34201,13,1
1,NewOrder,1771510067.798198,24754,12,1
2,Payment,1771510067.798895,11364,21,1
1,NewOrder,1771510067.799540,17565,3,1
2,Payment,1771510067.801969,6647,5,1
1,NewOrder,1771510067.802708,24896,15,1
2,Payment,1771510067.802808,8537,8,1
1,NewOrder,1771510067.804233,25145,7,1
1,NewOrder,1771510067.804471,32620,9,1
2,Payment,1771510067.804518,6777,17,1
2,Payment,1771510067.806025,8925,4,1
1,NewOrder,1771510067.807843,25650,20,1
1,NewOrder,1771510067.808638,33516,5,1
2,Payment,1771510067.809221,7533,19,1
2,Payment,1771510067.809889,7329,2,1
2,Payment,1771510067.810286,7871,21,1
5,StockLevel,1771510067.810779,21060,14,1
2,Payment,1771510067.811317,7392,17,1
2,Payment,1771510067.811362,7778,8,1
4,Delivery,1771510067.811767,14652,10,1
1,NewOrder,1771510067.813191,20349,1,1
2,Payment,1771510067.814977,6072,4,1
2,Payment,1771510067.816306,8220,16,1
2,Payment,1771510067.816773,7081,19,1
1,NewOrder,1771510067.816929,28535,0,1
1,NewOrder,1771510067.817101,16364,6,1
1,NewOrder,1771510067.817132,19430,3,1
2,Payment,1771510067.817245,9581,2,1
2,Payment,1771510067.818177,7400,21,1
4,Delivery,1771510067.818736,56530,17,1
1,NewOrder,1771510067.819159,23478,8,1
2,Payment,1771510067.821076,7494,4,1
1,NewOrder,1771510067.822977,33041,12,1
2,Payment,1771510067.823881,8068,19,1
1,NewOrder,1771510067.824554,23978,16,1
2,Payment,1771510067.825599,9248,21,1
2,Payment,1771510067.825901,6984,11,1
4,Delivery,1771510067.826443,39197,10,1
4,Delivery,1771510067.826843,29883,2,1
1,NewOrder,1771510067.827631,16299,15,1
2,Payment,1771510067.828065,11720,18,1
1,NewOrder,1771510067.828604,16887,4,1
2,Payment,1771510067.829405,7679,7,1
2,Payment,1771510067.830957,11648,22,1
1,NewOrder,1771510067.831858,26735,14,1
1,NewOrder,1771510067.831966,26633,19,1
4,Delivery,1771510067.832344,43352,13,1
1,NewOrder,1771510067.832912,19692,11,1
2,Payment,1771510067.833493,9164,6,1
1,NewOrder,1771510067.833509,31595,20,1
1,NewOrder,1771510067.833568,19107,1,1
1,NewOrder,1771510067.834872,32443,21,1
1,NewOrder,1771510067.836590,30350,3,1
1,NewOrder,1771510067.837103,32048,7,1
1,NewOrder,1771510067.837113,28084,9,1
2,Payment,1771510067.839812,12882,18,1
5,StockLevel,1771510067.842180,18891,5,1
1,NewOrder,1771510067.842630,29639,22,1
1,NewOrder,1771510067.842655,30041,8,1
1,NewOrder,1771510067.842690,19254,6,1
1,NewOrder,1771510067.843949,21581,15,1
1,NewOrder,1771510067.845490,12072,0,1
2,Payment,1771510067.845509,6636,4,1
1,NewOrder,1771510067.848550,15855,16,1
1,NewOrder,1771510067.852160,25350,4,1
2,Payment,1771510067.852624,5564,11,1
1,NewOrder,1771510067.852697,14588,1,1
1,NewOrder,1771510067.852717,55727,18,1
5,StockLevel,1771510067.854363,22771,23,1
4,Delivery,1771510067.856036,19890,12,1
1,NewOrder,1771510067.856754,35070,2,1
5,StockLevel,1771510067.857588,16973,0,1
2,Payment,1771510067.858209,6950,11,1
1,NewOrder,1771510067.858614,32316,14,1
1,NewOrder,1771510067.858629,23927,19,1
1,NewOrder,1771510067.861085,21885,5,1
1,NewOrder,1771510067.861972,31964,6,1
2,Payment,1771510067.864433,6790,16,1
1,NewOrder,1771510067.865131,17856,20,1
1,NewOrder,1771510067.865184,27249,11,1
1,NewOrder,1771510067.865220,23211,9,1
1,NewOrder,1771510067.865548,16362,15,1
1,NewOrder,1771510067.865666,33663,10,1
2,Payment,1771510067.866957,5716,3,1
1,NewOrder,1771510067.867304,17144,1,1
2,Payment,1771510067.867336,5365,21,1
2,Payment,1771510067.869200,6998,7,1
2,Payment,1771510067.871245,9465,16,1
2,Payment,1771510067.872288,10340,22,1
2,Payment,1771510067.872696,8708,3,1
1,NewOrder,1771510067.872715,19164,8,1
2,Payment,1771510067.872732,7151,21,1
2,Payment,1771510067.874578,9320,0,1
1,NewOrder,1771510067.875285,28122,17,1
1,NewOrder,1771510067.875716,32671,13,1
1,NewOrder,1771510067.875954,21566,12,1
1,NewOrder,1771510067.876214,28002,7,1
1,NewOrder,1771510067.877151,21730,23,1
2,Payment,1771510067.877524,8023,4,1
1,NewOrder,1771510067.879898,24927,21,1
1,NewOrder,1771510067.880726,28888,16,1
2,Payment,1771510067.881423,6288,3,1
1,NewOrder,1771510067.881925,23385,15,1
2,Payment,1771510067.882577,8695,19,1
2,Payment,1771510067.882648,10240,22,1
2,Payment,1771510067.882986,8343,5,1
1,NewOrder,1771510067.883000,25239,20,1
1,NewOrder,1771510067.883922,38111,0,1
1,NewOrder,1771510067.884464,19036,1,1
1,NewOrder,1771510067.885573,33735,4,1
1,NewOrder,1771510067.887728,19906,3,1
2,Payment,1771510067.888452,10981,9,1
2,Payment,1771510067.890951,10223,14,1
1,NewOrder,1771510067.891285,19270,19,1
1,NewOrder,1771510067.891354,20429,5,1
1,NewOrder,1771510067.891837,22345,2,1
2,Payment,1771510067.891900,9817,8,1
1,NewOrder,1771510067.892447,18903,11,1
2,Payment,1771510067.892908,9198,22,1
2,Payment,1771510067.893953,9776,6,1
1,NewOrder,1771510067.897542,28938,12,1
2,Payment,1771510067.898902,6905,23,1
1,NewOrder,1771510067.899345,28618,10,1
1,NewOrder,1771510067.899462,22069,9,1
1,NewOrder,1771510067.901196,29247,14,1
2,Payment,1771510067.901741,7225,8,1
1,NewOrder,1771510067.902135,38286,22,1
1,NewOrder,1771510067.903425,26569,17,1
2,Payment,1771510067.903518,6064,1,1
2,Payment,1771510067.903752,9923,6,1
2,Payment,1771510067.904236,11151,7,1
1,NewOrder,1771510067.904840,23359,21,1
2,Payment,1771510067.905326,4859,15,1
1,NewOrder,1771510067.905824,16830,23,1
1,NewOrder,1771510067.907656,35462,3,1
1,NewOrder,1771510067.908254,20907,20,1
2,Payment,1771510067.908415,11511,13,1
5,StockLevel,1771510067.908471,26839,18,1
4,Delivery,1771510067.908993,32004,8,1
1,NewOrder,1771510067.909605,29501,1,1
2,Payment,1771510067.909641,12322,16,1
1,NewOrder,1771510067.910206,33319,15,1
2,Payment,1771510067.910574,7309,19,1
1,NewOrder,1771510067.911365,23339,11,1
1,NewOrder,1771510067.911801,33038,5,1
1,NewOrder,1771510067.913722,28323,6,1
2,Payment,1771510067.914210,10767,2,1
1,NewOrder,1771510067.915415,33975,7,1
2,Payment,1771510067.917912,8021,19,1
5,StockLevel,1771510067.919336,20876,4,1
2,Payment,1771510067.919955,7464,13,1
2,Payment,1771510067.921557,6865,9,1
2,Payment,1771510067.921992,11768,16,1
2,Payment,1771510067.922061,5855,0,1
2,Payment,1771510067.922675,7390,23,1
1,NewOrder,1771510067.924992,31071,2,1
2,Payment,1771510067.925960,7336,19,1
1,NewOrder,1771510067.926496,18691,12,1
2,Payment,1771510067.927432,8729,13,1
1,NewOrder,1771510067.927930,24720,0,1
2,Payment,1771510067.927988,8726,10,1
2,Payment,1771510067.928217,10099,21,1
2,Payment,1771510067.928438,6092,9,1
1,NewOrder,1771510067.929184,27325,20,1
1,NewOrder,1771510067.930018,35106,17,1
1,NewOrder,1771510067.930092,32952,23,1
2,Payment,1771510067.930470,12696,14,1
1,NewOrder,1771510067.933316,35520,19,1
1,NewOrder,1771510067.933779,48567,16,1
4,Delivery,1771510067.934546,6968,9,1
1,NewOrder,1771510067.934727,27986,11,1
1,NewOrder,1771510067.935328,19592,18,1
2,Payment,1771510067.936178,23540,13,1
5,StockLevel,1771510067.936740,12515,10,1
1,NewOrder,1771510067.938333,23749,21,1
2,Payment,1771510067.939119,7293,1,1
4,Delivery,1771510067.940234,54403,4,1
2,Payment,1771510067.940445,6624,22,1
1,NewOrder,1771510067.941011,25250,8,1
2,Payment,1771510067.941527,2714,9,1
2,Payment,1771510067.942062,6640,6,1
2,Payment,1771510067.943144,8856,3,1
2,Payment,1771510067.943188,13235,14,1
1,NewOrder,1771510067.943542,23947,15,1
2,Payment,1771510067.944259,7337,9,1
4,Delivery,1771510067.944864,50445,5,1
1,NewOrder,1771510067.945207,31780,12,1
1,NewOrder,1771510067.946428,27535,1,1
2,Payment,1771510067.947087,6182,22,1
5,StockLevel,1771510067.948717,11892,6,1
1,NewOrder,1771510067.949274,28137,10,1
1,NewOrder,1771510067.949410,32455,7,1
3,OrderStatus,1771510067.951624,5041,9,1
1,NewOrder,1771510067.952019,32459,3,1
2,Payment,1771510067.952669,4752,0,1
4,Delivery,1771510067.953297,45348,22,1
1,NewOrder,1771510067.954938,16384,18,1
2,Payment,1771510067.956085,4839,2,1
1,NewOrder,1771510067.956445,37273,14,1
1,NewOrder,1771510067.956530,30002,20,1
1,NewOrder,1771510067.956687,15968,9,1
2,Payment,1771510067.957445,5639,0,1
2,Payment,1771510067.959737,11050,13,1
1,NewOrder,1771510067.960633,14731,6,1
3,OrderStatus,1771510067.960942,5419,2,1
2,Payment,1771510067.962101,7147,21,1
1,NewOrder,1771510067.962727,17847,11,1
2,Payment,1771510067.963064,8257,23,1
1,NewOrder,1771510067.963104,21735,0,1
1,NewOrder,1771510067.965144,32472,17,1
2,Payment,1771510067.966275,5901,8,1
1,NewOrder,1771510067.966382,18481,2,1
1,NewOrder,1771510067.967513,37230,15,1
1,NewOrder,1771510067.968855,27915,19,1
1,NewOrder,1771510067.969268,24402,21,1
2,Payment,1771510067.970844,6975,13,1
1,NewOrder,1771510067.971340,50098,23,1
2,Payment,1771510067.971343,6137,18,1
1,NewOrder,1771510067.972191,26431,8,1
2,Payment,1771510067.972674,5180,9,1
1,NewOrder,1771510067.973982,21932,1,1
2,Payment,1771510067.975379,5753,6,1
1,NewOrder,1771510067.977009,16898,12,1
2,Payment,1771510067.977433,9438,10,1
2,Payment,1771510067.977500,5302,18,1
2,Payment,1771510067.977837,4183,13,1
2,Payment,1771510067.977869,4818,9,1
1,NewOrder,1771510067.980593,25953,11,1
2,Payment,1771510067.981149,14267,6,1
2,Payment,1771510067.981883,11888,7,1
2,Payment,1771510067.982038,11276,13,1
1,NewOrder,1771510067.982362,18487,16,1
1,NewOrder,1771510067.982706,22423,9,1
1,NewOrder,1771510067.982816,22327,18,1
1,NewOrder,1771510067.984501,13623,3,1
1,NewOrder,1771510067.984856,16976,0,1
1,NewOrder,1771510067.984878,16834,2,1
2,Payment,1771510067.986546,7339,20,1
5,StockLevel,1771510067.986890,18597,10,1
1,NewOrder,1771510067.993342,35680,13,1
2,Payment,1771510067.993718,8035,21,1
1,NewOrder,1771510067.993741,52506,14,1
1,NewOrder,1771510067.993787,50760,7,1
2,Payment,1771510067.993903,11338,20,1
2,Payment,1771510067.993923,3242,12,1
2,Payment,1771510067.994654,6651,4,1
2,Payment,1771510067.995326,12031,5,1
1,NewOrder,1771510067.995435,26598,6,1
1,NewOrder,1771510067.995928,18576,1,1
2,Payment,1771510067.996786,12945,19,1
2,Payment,1771510067.997186,4212,12,1
1,NewOrder,1771510067.997633,20841,17,1
1,NewOrder,1771510067.998143,20727,3,1
1,NewOrder,1771510067.998645,18782,8,1
2,Payment,1771510067.998660,8285,22,1
3,OrderStatus,1771510068.000862,7954,16,1
5,StockLevel,1771510068.001319,13013,4,1
1,NewOrder,1771510068.001416,15451,12,1
2,Payment,1771510068.001741,9944,2,1
2,Payment,1771510068.001767,17096,21,1
2,Payment,1771510068.001845,11680,0,1
1,NewOrder,1771510068.004771,20695,15,1
1,NewOrder,1771510068.005157,35945,9,1
2,Payment,1771510068.005163,15256,18,1
1,NewOrder,1771510068.005260,23881,20,1
2,Payment,1771510068.005510,14070,10,1
5,StockLevel,1771510068.006568,17249,11,1
5,StockLevel,1771510068.006964,23761,22,1
2,Payment,1771510068.007369,9152,5,1
2,Payment,1771510068.008838,5357,16,1
2,Payment,1771510068.009752,12682,19,1
2,Payment,1771510068.011704,7116,2,1
1,NewOrder,1771510068.013541,15599,0,1
2,Payment,1771510068.014216,4698,16,1
1,NewOrder,1771510068.014352,20127,4,1
1,NewOrder,1771510068.014523,26560,1,1
1,NewOrder,1771510068.016538,37203,5,1
1,NewOrder,1771510068.016887,22463,12,1
1,NewOrder,1771510068.017444,33811,8,1
2,Payment,1771510068.018500,9829,17,1
1,NewOrder,1771510068.018840,21803,2,1
1,NewOrder,1771510068.018880,26563,21,1
1,NewOrder,1771510068.018899,17106,3,1
1,NewOrder,1771510068.018935,18712,16,1
2,Payment,1771510068.019599,8138,10,1
1,NewOrder,1771510068.020439,33635,18,1
2,Payment,1771510068.021456,14930,23,1
1,NewOrder,1771510068.022047,16891,6,1
1,NewOrder,1771510068.022455,15160,19,1
5,StockLevel,1771510068.023840,17141,11,1
2,Payment,1771510068.025486,11094,15,1
1,NewOrder,1771510068.027756,33927,10,1
3,OrderStatus,1771510068.028342,5109,17,1
1,NewOrder,1771510068.029047,26674,13,1
1,NewOrder,1771510068.029163,13735,20,1
2,Payment,1771510068.029169,7179,0,1
2,Payment,1771510068.030749,11525,22,1
5,StockLevel,1771510068.033472,15840,17,1
1,NewOrder,1771510068.034499,27617,4,1
1,NewOrder,1771510068.036026,18112,3,1
1,NewOrder,1771510068.036371,26692,0,1
2,Payment,1771510068.036408,7753,23,1
2,Payment,1771510068.036605,6112,15,1
1,NewOrder,1771510068.037633,25164,19,1
3,OrderStatus,1771510068.037675,4200,16,1
1,NewOrder,1771510068.038954,32921,6,1
2,Payment,1771510068.039364,5227,12,1
1,NewOrder,1771510068.040662,20227,2,1
5,StockLevel,1771510068.040997,13356,11,1
1,NewOrder,1771510068.041103,24614,1,1
2,Payment,1771510068.041119,5797,9,1
2,Payment,1771510068.041890,8713,16,1
2,Payment,1771510068.042291,11823,22,1
5,StockLevel,1771510068.042738,14979,15,1
2,Payment,1771510068.042916,8228,20,1
1,NewOrder,1771510068.044180,18536,23,1
2,Payment,1771510068.044565,6874,7,1
1,NewOrder,1771510068.044609,30295,12,1
1,NewOrder,1771510068.045469,23980,21,1
2,Payment,1771510068.046261,11533,14,1
2,Payment,1771510068.046935,7162,9,1
2,Payment,1771510068.049326,13392,17,1
1,NewOrder,1771510068.050619,36417,16,1
1,NewOrder,1771510068.051163,50192,20,1
5,StockLevel,1771510068.051283,15010,8,1
2,Payment,1771510068.051451,7019,7,1
2,Payment,1771510068.053759,6563,5,1
1,NewOrder,1771510068.054086,37604,18,1
5,StockLevel,1771510068.054126,8503,9,1
1,NewOrder,1771510068.054138,8952,22,1
2,Payment,1771510068.054159,8532,3,1
2,Payment,1771510068.054369,6602,11,1
2,Payment,1771510068.055742,8591,13,1
3,OrderStatus,1771510068.057741,3732,15,1
2,Payment,1771510068.057810,8040,14,1
1,NewOrder,1771510068.058486,21114,7,1
1,NewOrder,1771510068.060344,18052,5,1
1,NewOrder,1771510068.060911,21857,2,1
1,NewOrder,1771510068.060993,39539,11,1
2,Payment,1771510068.061486,6127,15,1
1,NewOrder,1771510068.061715,24001,10,1
2,Payment,1771510068.062130,2803,4,1
2,Payment,1771510068.062645,8485,9,1
1,NewOrder,1771510068.062719,18292,3,1
1,NewOrder,1771510068.062736,17887,23,1
4,Delivery,1771510068.062745,65388,17,1
2,Payment,1771510068.062819,2660,19,1
2,Payment,1771510068.063082,4558,0,1
2,Payment,1771510068.063115,4162,22,1
2,Payment,1771510068.064356,8999,13,1
2,Payment,1771510068.064945,6568,4,1
1,NewOrder,1771510068.065498,21239,19,1
1,NewOrder,1771510068.065731,16154,1,1
2,Payment,1771510068.065870,8948,14,1
1,NewOrder,1771510068.066310,25670,8,1
1,NewOrder,1771510068.067296,24467,22,1
2,Payment,1771510068.067633,3921,15,1
1,NewOrder,1771510068.067655,15726,0,1
1,NewOrder,1771510068.069464,37194,21,1
5,StockLevel,1771510068.071150,11101,9,1
2,Payment,1771510068.071534,6063,4,1
1,NewOrder,1771510068.071570,17154,15,1
2,Payment,1771510068.071893,9196,6,1
2,Payment,1771510068.073372,7789,13,1
1,NewOrder,1771510068.074844,33130,14,1
1,NewOrder,1771510068.074926,30145,12,1
2,Payment,1771510068.077621,4253,4,1
2,Payment,1771510068.078419,8000,5,1
2,Payment,1771510068.079619,8533,7,1
2,Payment,1771510068.080650,5652,23,1
2,Payment,1771510068.081027,7688,3,1
1,NewOrder,1771510068.081120,30895,6,1
1,NewOrder,1771510068.081183,23563,13,1
1,NewOrder,1771510068.081904,19040,1,1
1,NewOrder,1771510068.081906,31326,4,1
2,Payment,1771510068.082263,8540,9,1
1,NewOrder,1771510068.082795,19600,2,1
2,Payment,1771510068.083409,7494,0,1
1,NewOrder,1771510068.085753,19086,10,1
2,Payment,1771510068.086320,3932,23,1
1,NewOrder,1771510068.086446,29047,5,1
3,OrderStatus,1771510068.086759,4801,19,1
1,NewOrder,1771510068.087051,22919,16,1
2,Payment,1771510068.088173,6805,7,1
1,NewOrder,1771510068.088743,15455,3,1
3,OrderStatus,1771510068.088745,6320,15,1
3,OrderStatus,1771510068.090274,4482,23,1
2,Payment,1771510068.090819,5630,9,1
1,NewOrder,1771510068.090928,12715,0,1
2,Payment,1771510068.091587,11339,19,1
2,Payment,1771510068.091708,9270,18,1
1,NewOrder,1771510068.091787,32287,22,1
1,NewOrder,1771510068.092000,21594,8,1
1,NewOrder,1771510068.094773,17057,23,1
2,Payment,1771510068.094996,12683,7,1
2,Payment,1771510068.095094,11930,15,1
5,StockLevel,1771510068.096464,11102,9,1
3,OrderStatus,1771510068.100558,6416,11,1
2,Payment,1771510068.100969,10024,1,1
1,NewOrder,1771510068.101005,26975,18,1
2,Payment,1771510068.101370,10487,20,1
2,Payment,1771510068.102414,13049,2,1
1,NewOrder,1771510068.102947,27090,19,1
1,NewOrder,1771510068.103671,16671,0,1
1,NewOrder,1771510068.104224,30666,3,1
1,NewOrder,1771510068.104762,22671,13,1
1,NewOrder,1771510068.104867,44132,10,1
1,NewOrder,1771510068.105098,23707,12,1
2,Payment,1771510068.106683,6887,21,1
1,NewOrder,1771510068.106995,21835,11,1
1,NewOrder,1771510068.107052,20868,15,1
2,Payment,1771510068.107582,7925,9,1
2,Payment,1771510068.107699,17182,7,1
2,Payment,1771510068.108000,7169,14,1
1,NewOrder,1771510068.109991,21564,16,1
4,Delivery,1771510068.111010,37897,1,1
2,Payment,1771510068.111848,16001,23,1
2,Payment,1771510068.111872,13472,20,1
1,NewOrder,1771510068.112039,19539,6,1
1,NewOrder,1771510068.113253,15604,4,1
1,NewOrder,1771510068.113588,11822,21,1
2,Payment,1771510068.113609,14400,8,1
1,NewOrder,1771510068.115197,44693,14,1
2,Payment,1771510068.115483,3210,2,1
2,Payment,1771510068.115520,5554,5,1
1,NewOrder,1771510068.115526,20073,9,1
3,OrderStatus,1771510068.118718,8315,2,1
4,Delivery,1771510068.120359,29113,0,1
1,NewOrder,1771510068.121091,10018,5,1
2,Payment,1771510068.124100,6347,22,1
2,Payment,1771510068.124908,7220,7,1
1,NewOrder,1771510068.125358,30260,20,1
2,Payment,1771510068.125434,14284,21,1
1,NewOrder,1771510068.127057,13882,2,1
2,Payment,1771510068.127449,10192,13,1
2,Payment,1771510068.127866,4795,23,1
1,NewOrder,1771510068.127940,26803,15,1
2,Payment,1771510068.127996,10093,18,1
2,Payment,1771510068.128029,5585,8,1
2,Payment,1771510068.128146,11628,17,1
3,OrderStatus,1771510068.128829,2339,12,1
1,NewOrder,1771510068.128846,20466,11,1
1,NewOrder,1771510068.128872,21347,4,1
2,Payment,1771510068.130055,13192,19,1
2,Payment,1771510068.130461,10969,22,1
2,Payment,1771510068.131125,4113,5,1
1,NewOrder,1771510068.131187,19544,12,1
2,Payment,1771510068.131583,10414,16,1
1,NewOrder,1771510068.131607,10808,6,1
2,Payment,1771510068.132142,6335,7,1
1,NewOrder,1771510068.132681,26861,23,1
2,Payment,1771510068.133634,6414,8,1
2,Payment,1771510068.134909,4455,3,1
1,NewOrder,1771510068.135258,17083,5,1
2,Payment,1771510068.135624,6291,9,1
2,Payment,1771510068.137657,9143,13,1
1,NewOrder,1771510068.138107,22450,18,1
2,Payment,1771510068.138488,9940,7,1
2,Payment,1771510068.139385,7096,3,1
2,Payment,1771510068.139732,6168,21,1
2,Payment,1771510068.139790,9163,17,1
2,Payment,1771510068.140066,5161,8,1
1,NewOrder,1771510068.140960,17851,2,1
2,Payment,1771510068.141454,6382,22,1
1,NewOrder,1771510068.141932,17925,9,1
1,NewOrder,1771510068.142013,20957,16,1
2,Payment,1771510068.142438,8223,6,1
2,Payment,1771510068.143273,6064,19,1
2,Payment,1771510068.145247,7400,8,1
1,NewOrder,1771510068.145923,33589,21,1
2,Payment,1771510068.146497,8661,3,1
2,Payment,1771510068.146826,6751,13,1
1,NewOrder,1771510068.147865,16053,22,1
3,OrderStatus,1771510068.148455,9569,7,1
2,Payment,1771510068.148922,8004,1,1
1,NewOrder,1771510068.148978,19203,17,1
5,StockLevel,1771510068.149014,18323,10,1
1,NewOrder,1771510068.149328,26525,11,1
1,NewOrder,1771510068.149364,21888,19,1
2,Payment,1771510068.149495,9701,0,1
1,NewOrder,1771510068.150245,19300,4,1
1,NewOrder,1771510068.150685,35224,6,1
2,Payment,1771510068.150746,6616,12,1
1,NewOrder,1771510068.152354,18026,5,1
1,NewOrder,1771510068.152658,20677,8,1
1,NewOrder,1771510068.153598,32344,13,1
1,NewOrder,1771510068.154763,12070,15,1
1,NewOrder,1771510068.155186,12590,3,1
3,OrderStatus,1771510068.155640,5697,20,1
2,Payment,1771510068.156946,7969,1,1
2,Payment,1771510068.157380,10844,12,1
4,Delivery,1771510068.158052,39203,7,1
2,Payment,1771510068.158826,9386,2,1
1,NewOrder,1771510068.159215,34580,0,1
1,NewOrder,1771510068.159553,32526,23,1
2,Payment,1771510068.159877,7907,9,1
2,Payment,1771510068.159904,16841,14,1
2,Payment,1771510068.160572,4370,18,1
2,Payment,1771510068.161356,6738,20,1
1,NewOrder,1771510068.162998,30048,16,1
2,Payment,1771510068.163940,7243,22,1
2,Payment,1771510068.164934,8085,1,1
2,Payment,1771510068.164965,8345,18,1
2,Payment,1771510068.166861,12286,15,1
2,Payment,1771510068.167356,12170,10,1
1,NewOrder,1771510068.167804,23928,3,1
1,NewOrder,1771510068.167814,25988,9,1
1,NewOrder,1771510068.168111,12192,20,1
1,NewOrder,1771510068.168200,12738,17,1
2,Payment,1771510068.168224,6521,2,1
1,NewOrder,1771510068.168249,30216,12,1
4,Delivery,1771510068.169566,37476,4,1
1,NewOrder,1771510068.170397,53194,5,1
3,OrderStatus,1771510068.171205,5822,22,1
1,NewOrder,1771510068.171265,23308,19,1
2,Payment,1771510068.173046,7924,1,1
2,Payment,1771510068.173327,5122,18,1
1,NewOrder,1771510068.173352,34129,8,1
2,Payment,1771510068.174761,10498,2,1
3,OrderStatus,1771510068.175868,5608,11,1
1,NewOrder,1771510068.176764,22847,14,1
1,NewOrder,1771510068.177054,16773,22,1
2,Payment,1771510068.178469,10241,18,1
1,NewOrder,1771510068.179169,26010,15,1
2,Payment,1771510068.179525,12582,21,1
1,NewOrder,1771510068.179550,16801,10,1
4,Delivery,1771510068.180318,42517,20,1
2,Payment,1771510068.180956,6372,17,1
2,Payment,1771510068.180981,6865,1,1
1,NewOrder,1771510068.181491,24867,11,1
4,Delivery,1771510068.185277,22257,2,1
1,NewOrder,1771510068.185930,34956,6,1
1,NewOrder,1771510068.185965,34420,13,1
1,NewOrder,1771510068.187343,13987,17,1
1,NewOrder,1771510068.187879,20193,1,1
2,Payment,1771510068.188723,10915,18,1
1,NewOrder,1771510068.191753,10078,3,1
2,Payment,1771510068.192095,9854,23,1
1,NewOrder,1771510068.192134,19342,21,1
2,Payment,1771510068.193065,6129,16,1
1,NewOrder,1771510068.193826,30161,0,1
2,Payment,1771510068.193831,5398,9,1
1,NewOrder,1771510068.193844,15241,22,1
1,NewOrder,1771510068.194599,12575,19,1
2,Payment,1771510068.196367,7963,10,1
2,Payment,1771510068.197274,9411,7,1
1,NewOrder,1771510068.198479,17361,12,1
1,NewOrder,1771510068.199215,26913,16,1
5,StockLevel,1771510068.199250,16369,9,1
2,Payment,1771510068.199630,9482,14,1
2,Payment,1771510068.199652,23684,18,1
1,NewOrder,1771510068.201345,13549,17,1
4,Delivery,1771510068.201845,5579,3,1
1,NewOrder,1771510068.201958,23639,23,1
2,Payment,1771510068.204357,7561,10,1
2,Payment,1771510068.205197,8015,15,1
1,NewOrder,1771510068.206376,36157,11,1
1,NewOrder,1771510068.206706,21723,7,1
1,NewOrder,1771510068.207062,16508,4,1
1,NewOrder,1771510068.207186,18356,19,1
2,Payment,1771510068.207439,2013,3,1
3,OrderStatus,1771510068.207502,7291,8,1
1,NewOrder,1771510068.207548,17437,2,1
3,OrderStatus,1771510068.208084,6455,1,1
1,NewOrder,1771510068.209101,23051,22,1
1,NewOrder,1771510068.209132,18312,14,1
1,NewOrder,1771510068.209469,14999,3,1
1,NewOrder,1771510068.211495,29267,21,1
4,Delivery,1771510068.211934,52323,10,1
2,Payment,1771510068.213224,6555,15,1
2,Payment,1771510068.214549,7117,1,1
1,NewOrder,1771510068.214813,48547,8,1
1,NewOrder,1771510068.214903,40623,17,1
1,NewOrder,1771510068.215635,52257,9,1
2,Payment,1771510068.215863,7862,12,1
1,NewOrder,1771510068.219806,35101,15,1
1,NewOrder,1771510068.220413,54725,13,1
2,Payment,1771510068.220899,7588,6,1
2,Payment,1771510068.221673,6790,1,1
4,Delivery,1771510068.222851,33717,20,1
2,Payment,1771510068.223354,8024,18,1
2,Payment,1771510068.223598,8518,4,1
3,OrderStatus,1771510068.223611,6473,5,1
1,NewOrder,1771510068.223739,39485,12,1
1,NewOrder,1771510068.224007,23036,0,1
1,NewOrder,1771510068.224481,31562,3,1
2,Payment,1771510068.224997,25437,2,1
2,Payment,1771510068.225553,7487,19,1
2,Payment,1771510068.225623,8979,23,1
1,NewOrder,1771510068.226142,45399,16,1
5,StockLevel,1771510068.227457,21932,14,1
1,NewOrder,1771510068.228441,34793,7,1
2,Payment,1771510068.228483,7708,1,1
2,Payment,1771510068.228502,8582,6,1
1,NewOrder,1771510068.230107,28763,5,1
2,Payment,1771510068.231399,11037,18,1
1,NewOrder,1771510068.232142,43443,4,1
1,NewOrder,1771510068.232169,34909,22,1
1,NewOrder,1771510068.233052,31191,19,1
1,NewOrder,1771510068.234621,48821,23,1
1,NewOrder,1771510068.236230,45568,1,1
2,Payment,1771510068.237127,11558,6,1
1,NewOrder,1771510068.240788,37592,21,1
1,NewOrder,1771510068.242461,34483,18,1
2,Payment,1771510068.242553,8189,11,1
1,NewOrder,1771510068.247070,25677,0,1
1,NewOrder,1771510068.248713,34711,6,1
1,NewOrder,1771510068.249413,39562,14,1
5,StockLevel,1771510068.250453,52154,2,1
2,Payment,1771510068.250765,7350,11,1
5,StockLevel,1771510068.254933,23347,15,1
2,Payment,1771510068.255552,7354,17,1
1,NewOrder,1771510068.256069,21992,3,1
1,NewOrder,1771510068.256597,25173,20,1
1,NewOrder,1771510068.258356,19361,11,1
1,NewOrder,1771510068.258882,17177,5,1
1,NewOrder,1771510068.263165,27988,17,1
2,Payment,1771510068.263249,8265,12,1
2,Payment,1771510068.263269,7414,7,1
5,StockLevel,1771510068.263384,18053,8,1
1,NewOrder,1771510068.264268,15705,19,1
1,NewOrder,1771510068.264281,24652,10,1
1,NewOrder,1771510068.267098,28501,22,1
1,NewOrder,1771510068.267911,21035,9,1
1,NewOrder,1771510068.270698,25975,7,1
1,NewOrder,1771510068.271533,18732,12,1
2,Payment,1771510068.271568,5409,16,1
2,Payment,1771510068.272762,5598,0,1
2,Payment,1771510068.275166,8756,13,1
2,Payment,1771510068.275610,7796,4,1
2,Payment,1771510068.276083,13273,5,1
2,Payment,1771510068.276963,6499,18,1
1,NewOrder,1771510068.277001,25412,16,1
1,NewOrder,1771510068.277735,30233,11,1
1,NewOrder,1771510068.278088,24780,3,1
2,Payment,1771510068.278294,11172,15,1
5,StockLevel,1771510068.278373,15864,0,1
2,Payment,1771510068.278389,10993,21,1
1,NewOrder,1771510068.279993,19708,19,1
1,NewOrder,1771510068.281456,22249,8,1
1,NewOrder,1771510068.281788,20025,20,1
1,NewOrder,1771510068.281814,28955,1,1
2,Payment,1771510068.283420,9032,4,1
1,NewOrder,1771510068.283450,26659,6,1
2,Payment,1771510068.283459,11845,23,1
1,NewOrder,1771510068.283472,14942,18,1
1,NewOrder,1771510068.283936,30705,13,1
2,Payment,1771510068.288946,3956,10,1
2,Payment,1771510068.288968,5720,9,1
2,Payment,1771510068.288998,2859,14,1
5,StockLevel,1771510068.289370,11080,5,1
1,NewOrder,1771510068.289403,33708,21,1
2,Payment,1771510068.289483,3851,15,1
2,Payment,1771510068.290282,7181,12,1
1,NewOrder,1771510068.291172,29674,17,1
2,Payment,1771510068.291868,8805,14,1
2,Payment,1771510068.292474,6764,4,1
1,NewOrder,1771510068.292929,26601,10,1
5,StockLevel,1771510068.293352,14870,15,1
1,NewOrder,1771510068.294251,20535,0,1
1,NewOrder,1771510068.294706,26126,9,1
1,NewOrder,1771510068.295321,32962,23,1
1,NewOrder,1771510068.295616,26583,22,1
1,NewOrder,1771510068.296686,24885,7,1
1,NewOrder,1771510068.297481,16661,12,1
1,NewOrder,1771510068.298427,29043,18,1
2,Payment,1771510068.299264,4956,4,1
1,NewOrder,1771510068.299716,28529,19,1
1,NewOrder,1771510068.300467,15271,5,1
2,Payment,1771510068.300702,6630,14,1
2,Payment,1771510068.301830,6483,20,1
2,Payment,1771510068.302428,6587,16,1
2,Payment,1771510068.302622,8520,2,1
1,NewOrder,1771510068.302884,22351,3,1
2,Payment,1771510068.303721,7022,8,1
2,Payment,1771510068.304241,8583,4,1
2,Payment,1771510068.307351,7193,14,1
1,NewOrder,1771510068.307984,19897,11,1
2,Payment,1771510068.308240,7886,15,1
4,Delivery,1771510068.308328,27837,20,1
2,Payment,1771510068.309033,9091,16,1
2,Payment,1771510068.310124,10267,6,1
1,NewOrder,1771510068.310762,39200,8,1
1,NewOrder,1771510068.310790,25073,1,1
1,NewOrder,1771510068.311159,23759,2,1
1,NewOrder,1771510068.312842,29572,4,1
1,NewOrder,1771510068.314159,36391,12,1
2,Payment,1771510068.314556,8083,14,1
1,NewOrder,1771510068.314661,28854,13,1
1,NewOrder,1771510068.314814,20710,0,1
3,OrderStatus,1771510068.315755,7424,5,1
2,Payment,1771510068.316144,13943,15,1
3,OrderStatus,1771510068.318139,6140,16,1
2,Payment,1771510068.319551,6262,10,1
1,NewOrder,1771510068.320410,34076,6,1
1,NewOrder,1771510068.320849,23824,9,1
2,Payment,1771510068.320866,5579,17,1
2,Payment,1771510068.321589,8831,7,1
1,NewOrder,1771510068.322221,19809,22,1
2,Payment,1771510068.322656,8992,14,1
1,NewOrder,1771510068.323128,31381,21,1
1,NewOrder,1771510068.323205,28378,5,1
1,NewOrder,1771510068.324304,25177,16,1
1,NewOrder,1771510068.325259,21142,3,1
2,Payment,1771510068.325828,6896,10,1
1,NewOrder,1771510068.326464,25952,17,1
2,Payment,1771510068.327487,8409,18,1
2,Payment,1771510068.327893,5977,11,1
1,NewOrder,1771510068.328261,31671,19,1
2,Payment,1771510068.328298,9224,23,1
1,NewOrder,1771510068.330107,23536,15,1
2,Payment,1771510068.330438,6424,7,1
5,StockLevel,1771510068.331667,19225,14,1
2,Payment,1771510068.332746,7597,10,1
2,Payment,1771510068.333881,7787,11,1
2,Payment,1771510068.334933,10214,2,1
1,NewOrder,1771510068.335542,29605,0,1
5,StockLevel,1771510068.335878,16805,1,1
3,OrderStatus,1771510068.335916,8562,18,1
5,StockLevel,1771510068.336183,17910,20,1
1,NewOrder,1771510068.336875,30800,7,1
5,StockLevel,1771510068.337537,14101,23,1
1,NewOrder,1771510068.340369,14436,10,1
1,NewOrder,1771510068.341681,22512,11,1
1,NewOrder,1771510068.342048,16733,22,1
1,NewOrder,1771510068.342443,30476,4,1
2,Payment,1771510068.343542,8395,13,1
1,NewOrder,1771510068.344495,24583,18,1
1,NewOrder,1771510068.344690,34571,9,1
1,NewOrder,1771510068.345159,29069,2,1
1,NewOrder,1771510068.346413,18316,3,1
1,NewOrder,1771510068.349505,19669,16,1
2,Payment,1771510068.349978,7800,8,1
2,Payment,1771510068.350563,6814,12,1
1,NewOrder,1771510068.350913,23256,14,1
1,NewOrder,1771510068.351608,17426,5,1
1,NewOrder,1771510068.351648,23480,23,1
1,NewOrder,1771510068.351953,26672,13,1
1,NewOrder,1771510068.352426,15748,17,1
1,NewOrder,1771510068.352697,20164,1,1
1,NewOrder,1771510068.353662,19258,15,1
2,Payment,1771510068.354110,9605,20,1
2,Payment,1771510068.354499,8461,6,1
2,Payment,1771510068.354526,6656,21,1
2,Payment,1771510068.354823,5626,10,1
1,NewOrder,1771510068.357396,40344,12,1
2,Payment,1771510068.357791,8232,8,1
1,NewOrder,1771510068.358799,18508,22,1
2,Payment,1771510068.359948,5578,19,1
1,NewOrder,1771510068.360477,16172,10,1
1,NewOrder,1771510068.361198,17068,21,1
2,Payment,1771510068.362979,9394,6,1
2,Payment,1771510068.363728,4883,20,1
2,Payment,1771510068.364206,14494,11,1
1,NewOrder,1771510068.364741,14044,3,1
2,Payment,1771510068.365167,6592,0,1
1,NewOrder,1771510068.365542,17159,19,1
2,Payment,1771510068.366037,10166,8,1
2,Payment,1771510068.367702,12886,7,1
2,Payment,1771510068.368191,5544,17,1
1,NewOrder,1771510068.368629,26999,20,1
4,Delivery,1771510068.369049,95540,5,1
1,NewOrder,1771510068.369098,33880,18,1
2,Payment,1771510068.369201,7998,16,1
2,Payment,1771510068.371785,4842,0,1
1,NewOrder,1771510068.372400,18636,6,1
1,NewOrder,1771510068.372880,21823,1,1
2,Payment,1771510068.372939,7265,15,1
1,NewOrder,1771510068.372941,12909,4,1
2,Payment,1771510068.373752,12831,17,1
2,Payment,1771510068.374184,7564,14,1
1,NewOrder,1771510068.374243,23248,2,1
1,NewOrder,1771510068.375139,22857,23,1
2,Payment,1771510068.376214,11237,8,1
1,NewOrder,1771510068.376655,18094,0,1
2,Payment,1771510068.376669,5570,10,1
2,Payment,1771510068.377214,7826,16,1
1,NewOrder,1771510068.377328,43865,22,1
2,Payment,1771510068.378295,7964,21,1
2,Payment,1771510068.378645,9797,13,1
2,Payment,1771510068.378728,7085,11,1
4,Delivery,1771510068.378799,86228,3,1
3,OrderStatus,1771510068.379278,10484,9,1
2,Payment,1771510068.380217,15821,15,1
1,NewOrder,1771510068.380604,19353,7,1
1,NewOrder,1771510068.381763,19810,14,1
1,NewOrder,1771510068.382254,28221,10,1
1,NewOrder,1771510068.382718,20959,19,1
1,NewOrder,1771510068.385058,20194,16,1
2,Payment,1771510068.385834,3166,11,1
1,NewOrder,1771510068.385877,25389,4,1
2,Payment,1771510068.386283,7816,21,1
2,Payment,1771510068.386601,5159,17,1
1,NewOrder,1771510068.387468,28089,8,1
3,OrderStatus,1771510068.388462,7346,13,1
1,NewOrder,1771510068.389019,25826,11,1
1,NewOrder,1771510068.389779,28967,9,1
1,NewOrder,1771510068.391064,27589,6,1
4,Delivery,1771510068.391774,45857,17,1
2,Payment,1771510068.394118,9516,21,1
3,OrderStatus,1771510068.394723,7888,1,1
4,Delivery,1771510068.394774,70372,0,1
1,NewOrder,1771510068.395654,17303,20,1
1,NewOrder,1771510068.395826,19777,13,1
2,Payment,1771510068.396053,8785,15,1
2,Payment,1771510068.397512,9037,2,1
1,NewOrder,1771510068.397768,20492,12,1
1,NewOrder,1771510068.398017,28503,23,1
2,Payment,1771510068.399983,6242,7,1
2,Payment,1771510068.401592,7109,14,1
2,Payment,1771510068.402635,7015,1,1
1,NewOrder,1771510068.402994,20778,18,1
1,NewOrder,1771510068.403655,29239,21,1
1,NewOrder,1771510068.403694,16595,19,1
1,NewOrder,1771510068.404866,36229,15,1
2,Payment,1771510068.405268,6482,16,1
2,Payment,1771510068.406249,5475,7,1
1,NewOrder,1771510068.406568,22099,2,1
1,NewOrder,1771510068.408714,24215,14,1
2,Payment,1771510068.409668,6805,1,1
1,NewOrder,1771510068.410502,22794,10,1
1,NewOrder,1771510068.411285,26302,4,1
5,StockLevel,1771510068.411740,15968,7,1
2,Payment,1771510068.411767,5798,16,1
2,Payment,1771510068.412985,6448,20,1
2,Payment,1771510068.414862,4957,11,1
3,OrderStatus,1771510068.415583,8166,8,1
2,Payment,1771510068.415631,8452,13,1
1,NewOrder,1771510068.416486,25143,1,1
2,Payment,1771510068.417593,9597,16,1
5,StockLevel,1771510068.418284,17834,12,1
5,StockLevel,1771510068.418678,16707,6,1
1,NewOrder,1771510068.418774,21765,9,1
2,Payment,1771510068.419449,5595,20,1
1,NewOrder,1771510068.419848,25532,11,1
5,StockLevel,1771510068.420304,15623,19,1
2,Payment,1771510068.421221,6594,22,1
1,NewOrder,1771510068.423775,25166,8,1
1,NewOrder,1771510068.423798,29578,18,1
2,Payment,1771510068.424095,5062,13,1
1,NewOrder,1771510068.425058,16001,20,1
2,Payment,1771510068.426539,5624,23,1
2,Payment,1771510068.427200,4500,16,1
3,OrderStatus,1771510068.427728,5533,7,1
1,NewOrder,1771510068.427840,15978,22,1
1,NewOrder,1771510068.428684,19552,2,1
2,Payment,1771510068.429184,7639,13,1
1,NewOrder,1771510068.431716,26697,16,1
4,Delivery,1771510068.432179,60908,23,1
2,Payment,1771510068.432921,6632,21,1
4,Delivery,1771510068.432956,5293,14,1
2,Payment,1771510068.433283,7755,7,1
1,NewOrder,1771510068.433321,15597,10,1
2,Payment,1771510068.435413,7143,6,1
1,NewOrder,1771510068.435951,18664,19,1
1,NewOrder,1771510068.436143,20204,12,1
2,Payment,1771510068.436844,7278,13,1
1,NewOrder,1771510068.437600,27846,4,1
1,NewOrder,1771510068.437658,19477,17,1
2,Payment,1771510068.438271,7681,14,1
1,NewOrder,1771510068.439581,30757,21,1
2,Payment,1771510068.440556,9441,9,1
1,NewOrder,1771510068.441062,25062,7,1
1,NewOrder,1771510068.441071,25055,20,1
1,NewOrder,1771510068.441118,25377,15,1
2,Payment,1771510068.441648,8875,1,1
1,NewOrder,1771510068.442582,22671,6,1
1,NewOrder,1771510068.443844,22224,22,1
1,NewOrder,1771510068.444150,20413,13,1
1,NewOrder,1771510068.445407,20662,11,1
2,Payment,1771510068.445979,6173,14,1
4,Delivery,1771510068.448248,16899,2,1
1,NewOrder,1771510068.448937,17658,10,1
1,NewOrder,1771510068.448969,32654,8,1
2,Payment,1771510068.450011,5486,9,1
2,Payment,1771510068.450543,5831,1,1
3,OrderStatus,1771510068.452169,5337,14,1
1,NewOrder,1771510068.453390,33117,18,1
4,Delivery,1771510068.454627,38982,19,1
2,Payment,1771510068.455524,5641,9,1
1,NewOrder,1771510068.456373,16154,12,1
4,Delivery,1771510068.456400,8795,1,1
2,Payment,1771510068.457163,6842,17,1
2,Payment,1771510068.457532,8422,14,1
4,Delivery,1771510068.458430,20441,16,1
1,NewOrder,1771510068.461184,11005,9,1
2,Payment,1771510068.464032,15316,17,1
5,StockLevel,1771510068.464589,20906,13,1
1,NewOrder,1771510068.464615,7886,5,1
2,Payment,1771510068.465051,6529,3,1
2,Payment,1771510068.465169,8616,0,1
1,NewOrder,1771510068.465172,26241,2,1
2,Payment,1771510068.465216,4789,1,1
1,NewOrder,1771510068.465278,18166,6,1
2,Payment,1771510068.465461,13801,4,1
1,NewOrder,1771510068.465971,21484,14,1
1,NewOrder,1771510068.466080,34299,22,1
1,NewOrder,1771510068.466097,32120,11,1
2,Payment,1771510068.466144,14834,20,1
1,NewOrder,1771510068.466154,27552,7,1
2,Payment,1771510068.466509,15681,15,1
1,NewOrder,1771510068.466622,34585,10,1
1,NewOrder,1771510068.470025,10542,1,1
2,Payment,1771510068.470358,13052,21,1
1,NewOrder,1771510068.471607,28337,3,1
1,NewOrder,1771510068.472205,5990,9,1
2,Payment,1771510068.472520,12098,5,1
2,Payment,1771510068.472537,11425,12,1
1,NewOrder,1771510068.473812,29399,0,1
1,NewOrder,1771510068.478220,7418,9,1
2,Payment,1771510068.478892,9193,16,1
2,Payment,1771510068.479287,7811,4,1
2,Payment,1771510068.479364,6840,17,1
2,Payment,1771510068.480595,10045,1,1
1,NewOrder,1771510068.481001,22488,20,1
1,NewOrder,1771510068.481648,22339,8,1
2,Payment,1771510068.482207,8329,15,1
2,Payment,1771510068.483437,6154,21,1
2,Payment,1771510068.483471,6573,6,1
2,Payment,1771510068.483986,9766,12,1
2,Payment,1771510068.484637,10504,5,1
2,Payment,1771510068.485523,11206,13,1
1,NewOrder,1771510068.485655,12244,9,1
1,NewOrder,1771510068.486221,34138,17,1
1,NewOrder,1771510068.486518,11794,18,1
2,Payment,1771510068.487116,16414,4,1
1,NewOrder,1771510068.487478,19355,14,1
1,NewOrder,1771510068.488109,22510,16,1
3,OrderStatus,1771510068.489603,8965,21,1
1,NewOrder,1771510068.490071,41757,6,1
1,NewOrder,1771510068.490555,27881,15,1
1,NewOrder,1771510068.490668,37042,1,1
2,Payment,1771510068.491432,16296,2,1
2,Payment,1771510068.493104,6823,23,1
2,Payment,1771510068.493632,8222,19,1
2,Payment,1771510068.493724,5543,7,1
2,Payment,1771510068.493772,5708,12,1
1,NewOrder,1771510068.495157,39319,5,1
1,NewOrder,1771510068.496750,34080,13,1
1,NewOrder,1771510068.497913,20212,9,1
2,Payment,1771510068.498244,8262,11,1
1,NewOrder,1771510068.498335,35727,18,1
2,Payment,1771510068.498588,22560,21,1
1,NewOrder,1771510068.499280,11292,7,1
2,Payment,1771510068.499495,4458,12,1
2,Payment,1771510068.499955,10169,23,1
2,Payment,1771510068.499973,13019,3,1
2,Payment,1771510068.500409,11258,22,1
1,NewOrder,1771510068.501235,6800,10,1
1,NewOrder,1771510068.501882,20789,19,1
1,NewOrder,1771510068.503240,7261,0,1
2,Payment,1771510068.503515,10920,20,1
2,Payment,1771510068.503543,11320,4,1
2,Payment,1771510068.503974,6879,12,1
1,NewOrder,1771510068.504015,26773,8,1
1,NewOrder,1771510068.506525,24005,11,1
1,NewOrder,1771510068.506845,10174,14,1
1,NewOrder,1771510068.507745,24496,2,1
1,NewOrder,1771510068.508045,8441,10,1
2,Payment,1771510068.510151,16308,23,1
1,NewOrder,1771510068.510518,19770,0,1
2,Payment,1771510068.510588,3390,7,1
1,NewOrder,1771510068.510647,66715,16,1
1,NewOrder,1771510068.510867,32693,12,1
1,NewOrder,1771510068.511692,22754,22,1
2,Payment,1771510068.513013,4030,3,1
1,NewOrder,1771510068.513992,14101,7,1
1,NewOrder,1771510068.514455,14575,20,1
2,Payment,1771510068.514884,4497,4,1
2,Payment,1771510068.516501,6701,10,1
2,Payment,1771510068.517044,7869,14,1
2,Payment,1771510068.517059,8834,3,1
2,Payment,1771510068.518145,9974,9,1
1,NewOrder,1771510068.518455,24810,15,1
1,NewOrder,1771510068.519394,57992,4,1
1,NewOrder,1771510068.520386,21131,17,1
1,NewOrder,1771510068.521166,56208,21,1
1,NewOrder,1771510068.522685,22121,19,1
1,NewOrder,1771510068.523220,30352,10,1
2,Payment,1771510068.524931,5039,14,1
2,Payment,1771510068.525908,7230,3,1
1,NewOrder,1771510068.526485,52371,23,1
4,Delivery,1771510068.527735,18075,1,1
1,NewOrder,1771510068.528107,15540,7,1
1,NewOrder,1771510068.528154,53628,9,1
4,Delivery,1771510068.529043,33736,20,1
2,Payment,1771510068.529989,6389,14,1
2,Payment,1771510068.530302,6418,0,1
2,Payment,1771510068.530543,19668,11,1
1,NewOrder,1771510068.530805,27938,8,1
4,Delivery,1771510068.530858,15755,13,1
2,Payment,1771510068.531842,21662,6,1
2,Payment,1771510068.532269,8385,2,1
2,Payment,1771510068.533154,12181,3,1
1,NewOrder,1771510068.534090,10200,18,1
2,Payment,1771510068.534472,7077,22,1
2,Payment,1771510068.534494,16130,5,1
2,Payment,1771510068.536405,7275,14,1
1,NewOrder,1771510068.536746,70658,0,1
2,Payment,1771510068.540680,12317,2,1
2,Payment,1771510068.541534,11092,17,1
2,Payment,1771510068.541572,6695,22,1
1,NewOrder,1771510068.543284,9726,15,1
3,OrderStatus,1771510068.543587,14440,12,1
1,NewOrder,1771510068.543674,33698,7,1
3,OrderStatus,1771510068.543708,7621,14,1
2,Payment,1771510068.544309,8850,18,1
2,Payment,1771510068.544823,10145,19,1
2,Payment,1771510068.545354,11828,3,1
1,NewOrder,1771510068.545832,3465,1,1
1,NewOrder,1771510068.546639,9155,13,1
2,Payment,1771510068.548285,10435,22,1
5,StockLevel,1771510068.549310,2931,1,1
4,Delivery,1771510068.550232,87033,11,1
2,Payment,1771510068.550652,10652,5,1
2,Payment,1771510068.551356,29690,14,1
1,NewOrder,1771510068.552255,9072,1,1
1,NewOrder,1771510068.552653,38772,17,1
1,NewOrder,1771510068.553024,41299,2,1
2,Payment,1771510068.553040,35248,15,1
1,NewOrder,1771510068.553187,54248,18,1
1,NewOrder,1771510068.553530,4502,6,1
1,NewOrder,1771510068.553588,55513,10,1
2,Payment,1771510068.554987,5926,19,1
1,NewOrder,1771510068.555820,52193,13,1
1,NewOrder,1771510068.557203,37953,3,1
1,NewOrder,1771510068.558059,42027,12,1
2,Payment,1771510068.558059,4105,6,1
1,NewOrder,1771510068.558737,52250,22,1
2,Payment,1771510068.558758,22727,8,1
1,NewOrder,1771510068.560934,46475,19,1
2,Payment,1771510068.561323,26175,5,1
1,NewOrder,1771510068.561343,41716,1,1
2,Payment,1771510068.562192,26026,6,1
2,Payment,1771510068.562797,25325,20,1
1,NewOrder,1771510068.577385,39301,16,1
1,NewOrder,1771510068.577393,38277,7,1
1,NewOrder,1771510068.577394,32546,21,1
2,Payment,1771510068.577403,18527,4,1
1,NewOrder,1771510068.578872,25166,23,1
1,NewOrder,1771510068.581065,22357,14,1
1,NewOrder,1771510068.581500,59139,8,1
2,Payment,1771510068.581797,8071,9,1
2,Payment,1771510068.587524,11840,5,1
1,NewOrder,1771510068.588147,21448,20,1
2,Payment,1771510068.588244,12621,6,1
3,OrderStatus,1771510068.588305,11164,15,1
2,Payment,1771510068.589887,13483,9,1
1,NewOrder,1771510068.591444,23911,17,1
1,NewOrder,1771510068.594345,36768,2,1
2,Payment,1771510068.595181,9375,3,1
1,NewOrder,1771510068.595957,21812,4,1
1,NewOrder,1771510068.599391,10532,5,1
2,Payment,1771510068.599495,5018,15,1
1,NewOrder,1771510068.600101,24299,12,1
3,OrderStatus,1771510068.600887,12636,6,1
1,NewOrder,1771510068.603077,21911,1,1
2,Payment,1771510068.603398,3438,9,1
1,NewOrder,1771510068.603450,18350,14,1
2,Payment,1771510068.604053,4897,23,1
2,Payment,1771510068.604528,3997,15,1
2,Payment,1771510068.604584,7533,3,1
2,Payment,1771510068.606862,10302,9,1
1,NewOrder,1771510068.607419,15305,0,1
2,Payment,1771510068.607443,10861,19,1
1,NewOrder,1771510068.607455,23325,18,1
2,Payment,1771510068.608091,4919,13,1
2,Payment,1771510068.608544,6099,15,1
1,NewOrder,1771510068.608963,14327,23,1
2,Payment,1771510068.609118,9686,10,1
2,Payment,1771510068.609610,10332,20,1
1,NewOrder,1771510068.609951,15070,5,1
1,NewOrder,1771510068.609956,15429,21,1
1,NewOrder,1771510068.611014,34992,22,1
3,OrderStatus,1771510068.612135,9645,3,1
1,NewOrder,1771510068.613035,12379,13,1
2,Payment,1771510068.613551,13724,6,1
1,NewOrder,1771510068.614671,17488,15,1
2,Payment,1771510068.615383,9665,17,1
1,NewOrder,1771510068.615694,31938,7,1
4,Delivery,1771510068.616704,51648,16,1
1,NewOrder,1771510068.617183,15471,9,1
2,Payment,1771510068.617783,4902,4,1
1,NewOrder,1771510068.618321,22759,19,1
4,Delivery,1771510068.618824,18782,10,1
1,NewOrder,1771510068.619969,17352,20,1
2,Payment,1771510068.621799,10900,3,1
2,Payment,1771510068.621816,7838,14,1
2,Payment,1771510068.622710,12099,4,1
1,NewOrder,1771510068.622750,16478,0,1
1,NewOrder,1771510068.623305,9877,23,1
4,Delivery,1771510068.624425,44505,12,1
2,Payment,1771510068.625001,12242,1,1
1,NewOrder,1771510068.625047,15492,5,1
1,NewOrder,1771510068.625075,17913,17,1
1,NewOrder,1771510068.625403,8176,21,1
1,NewOrder,1771510068.625431,11247,13,1
4,Delivery,1771510068.627294,10430,6,1
4,Delivery,1771510068.629669,39267,14,1
2,Payment,1771510068.630794,6519,18,1
2,Payment,1771510068.631138,10482,2,1
1,NewOrder,1771510068.632185,18501,15,1
2,Payment,1771510068.632671,7182,9,1
2,Payment,1771510068.632723,11610,3,1
1,NewOrder,1771510068.633198,18518,23,1
2,Payment,1771510068.633604,5171,21,1
1,NewOrder,1771510068.634832,16448,4,1
2,Payment,1771510068.636705,8724,13,1
1,NewOrder,1771510068.637256,15143,1,1
1,NewOrder,1771510068.637292,28784,11,1
1,NewOrder,1771510068.637339,22047,18,1
4,Delivery,1771510068.637349,30398,20,1
1,NewOrder,1771510068.637624,24044,10,1
2,Payment,1771510068.637742,3736,6,1
1,NewOrder,1771510068.638791,16970,21,1
1,NewOrder,1771510068.639241,27291,0,1
2,Payment,1771510068.639864,7207,9,1
1,NewOrder,1771510068.640555,26140,5,1
1,NewOrder,1771510068.640665,25382,8,1
2,Payment,1771510068.641105,7139,19,1
1,NewOrder,1771510068.641504,15811,6,1
2,Payment,1771510068.641633,10137,2,1
3,OrderStatus,1771510068.643013,8554,17,1
2,Payment,1771510068.644348,10801,3,1
2,Payment,1771510068.645445,6254,13,1
1,NewOrder,1771510068.646021,18239,22,1
1,NewOrder,1771510068.647082,18348,9,1
5,StockLevel,1771510068.647648,17297,7,1
2,Payment,1771510068.648269,8085,19,1
1,NewOrder,1771510068.650712,25502,15,1
2,Payment,1771510068.651306,6512,4,1
1,NewOrder,1771510068.651587,21918,17,1
2,Payment,1771510068.651724,6278,13,1
2,Payment,1771510068.651730,6450,23,1
1,NewOrder,1771510068.651790,23124,2,1
2,Payment,1771510068.652418,7792,1,1
2,Payment,1771510068.655165,9402,3,1
1,NewOrder,1771510068.655786,18241,21,1
1,NewOrder,1771510068.656369,29364,19,1
2,Payment,1771510068.657340,6449,6,1
3,OrderStatus,1771510068.657843,6250,4,1
2,Payment,1771510068.658022,4936,13,1
2,Payment,1771510068.658194,6354,23,1
1,NewOrder,1771510068.659403,27978,18,1
2,Payment,1771510068.660225,6210,1,1
2,Payment,1771510068.661679,6563,10,1
2,Payment,1771510068.662975,5235,13,1
1,NewOrder,1771510068.663806,36258,6,1
2,Payment,1771510068.664108,7181,4,1
3,OrderStatus,1771510068.664276,6614,22,1
2,Payment,1771510068.664574,5989,23,1
1,NewOrder,1771510068.664593,39533,3,1
1,NewOrder,1771510068.664958,25380,7,1
1,NewOrder,1771510068.665447,19558,9,1
2,Payment,1771510068.666061,8433,8,1
1,NewOrder,1771510068.666091,18936,11,1
1,NewOrder,1771510068.666450,19407,1,1
1,NewOrder,1771510068.666559,18759,0,1
1,NewOrder,1771510068.666707,15693,5,1
1,NewOrder,1771510068.667772,27605,20,1
2,Payment,1771510068.668223,6635,13,1
2,Payment,1771510068.668256,13121,10,1
1,NewOrder,1771510068.668368,28214,16,1
2,Payment,1771510068.668951,7578,12,1
1,NewOrder,1771510068.668953,26531,14,1
2,Payment,1771510068.670583,4312,23,1
3,OrderStatus,1771510068.670909,7601,22,1
2,Payment,1771510068.671313,4333,4,1
5,StockLevel,1771510068.673526,17727,17,1
1,NewOrder,1771510068.674052,18092,21,1
2,Payment,1771510068.674512,9785,8,1
2,Payment,1771510068.674876,4832,13,1
2,Payment,1771510068.674907,4217,23,1
2,Payment,1771510068.674926,8779,2,1
2,Payment,1771510068.675657,10112,4,1
2,Payment,1771510068.676226,5643,15,1
1,NewOrder,1771510068.676549,27567,12,1
1,NewOrder,1771510068.678521,29666,22,1
1,NewOrder,1771510068.679133,21818,23,1
1,NewOrder,1771510068.679721,16513,13,1
2,Payment,1771510068.681395,13635,10,1
2,Payment,1771510068.681882,4513,15,1
1,NewOrder,1771510068.682426,19522,5,1
1,NewOrder,1771510068.683731,26886,2,1
2,Payment,1771510068.684314,12238,8,1
1,NewOrder,1771510068.685031,35490,9,1
1,NewOrder,1771510068.685054,27145,11,1
2,Payment,1771510068.685330,6419,0,1
1,NewOrder,1771510068.685763,20575,19,1
1,NewOrder,1771510068.685785,12287,4,1
4,Delivery,1771510068.685872,24392,1,1
5,StockLevel,1771510068.686412,12948,15,1
1,NewOrder,1771510068.687404,32057,18,1
1,NewOrder,1771510068.690352,32526,7,1
1,NewOrder,1771510068.691280,28585,17,1
2,Payment,1771510068.691765,4768,0,1
1,NewOrder,1771510068.692158,20719,21,1
2,Payment,1771510068.695056,8394,10,1
2,Payment,1771510068.695391,7232,20,1
1,NewOrder,1771510068.695498,34592,14,1
1,NewOrder,1771510068.696261,23702,13,1
1,NewOrder,1771510068.696547,12469,0,1
1,NewOrder,1771510068.696567,27071,8,1
1,NewOrder,1771510068.696596,27424,16,1
1,NewOrder,1771510068.698085,19663,4,1
1,NewOrder,1771510068.699373,21851,15,1
1,NewOrder,1771510068.700073,27084,6,1
2,Payment,1771510068.700978,5959,23,1
1,NewOrder,1771510068.701960,30172,5,1
2,Payment,1771510068.702649,8918,20,1
2,Payment,1771510068.703465,8709,10,1
2,Payment,1771510068.704133,12709,12,1
1,NewOrder,1771510068.704153,16530,3,1
2,Payment,1771510068.706355,9951,19,1
3,OrderStatus,1771510068.706950,5567,23,1
1,NewOrder,1771510068.708199,27347,22,1
2,Payment,1771510068.709032,4916,0,1
1,NewOrder,1771510068.710282,14243,1,1
2,Payment,1771510068.710631,6238,2,1
2,Payment,1771510068.711581,14135,20,1
3,OrderStatus,1771510068.712189,9365,10,1
2,Payment,1771510068.712211,7951,11,1
2,Payment,1771510068.712549,15086,23,1
2,Payment,1771510068.712893,16447,21,1
2,Payment,1771510068.713963,4367,0,1
1,NewOrder,1771510068.716322,24384,19,1
2,Payment,1771510068.716867,7133,12,1
2,Payment,1771510068.716887,3343,2,1
2,Payment,1771510068.717757,9980,4,1
2,Payment,1771510068.718345,6967,0,1
1,NewOrder,1771510068.719474,18514,18,1
1,NewOrder,1771510068.719879,15723,17,1
2,Payment,1771510068.719988,8222,13,1
2,Payment,1771510068.720175,13352,11,1
5,StockLevel,1771510068.720245,19861,2,1
3,OrderStatus,1771510068.720534,14239,9,1
3,OrderStatus,1771510068.720695,6505,3,1
4,Delivery,1771510068.721247,51920,15,1
1,NewOrder,1771510068.721567,23348,10,1
2,Payment,1771510068.722892,18676,7,1
1,NewOrder,1771510068.723652,21602,8,1
1,NewOrder,1771510068.724011,18651,12,1
2,Payment,1771510068.724032,11188,16,1
2,Payment,1771510068.724549,8405,1,1
1,NewOrder,1771510068.725339,19991,0,1
1,NewOrder,1771510068.725737,34500,20,1
3,OrderStatus,1771510068.727180,4966,6,1
1,NewOrder,1771510068.727219,30708,3,1
2,Payment,1771510068.727650,5844,23,1
1,NewOrder,1771510068.727749,16374,4,1
2,Payment,1771510068.728236,8239,13,1
1,NewOrder,1771510068.729368,26024,21,1
2,Payment,1771510068.730105,11418,14,1
1,NewOrder,1771510068.732142,28761,5,1
1,NewOrder,1771510068.732159,17289,6,1
4,Delivery,1771510068.732965,24667,1,1
1,NewOrder,1771510068.733510,35890,23,1
3,OrderStatus,1771510068.733539,16142,11,1
2,Payment,1771510068.734791,16633,9,1
2,Payment,1771510068.735247,16799,16,1
5,StockLevel,1771510068.735569,8346,22,1
2,Payment,1771510068.735628,7833,17,1
3,OrderStatus,1771510068.736491,4701,13,1
1,NewOrder,1771510068.738013,14238,18,1
1,NewOrder,1771510068.740133,32707,2,1
1,NewOrder,1771510068.740722,7964,19,1
2,Payment,1771510068.741212,12309,13,1
1,NewOrder,1771510068.741536,26317,14,1
1,NewOrder,1771510068.741582,28491,7,1
1,NewOrder,1771510068.742684,12279,12,1
2,Payment,1771510068.743477,11875,17,1
1,NewOrder,1771510068.743926,8346,22,1
1,NewOrder,1771510068.744135,21701,4,1
2,Payment,1771510068.744926,8279,10,1
1,NewOrder,1771510068.745268,15060,8,1
1,NewOrder,1771510068.745346,16522,0,1
1,NewOrder,1771510068.748699,29568,19,1
2,Payment,1771510068.749470,18882,6,1
2,Payment,1771510068.749723,11769,11,1
2,Payment,1771510068.751449,13719,9,1
2,Payment,1771510068.752070,6814,16,1
1,NewOrder,1771510068.752265,20030,18,1
1,NewOrder,1771510068.752283,32693,22,1
4,Delivery,1771510068.753224,40739,10,1
1,NewOrder,1771510068.753536,18874,13,1
2,Payment,1771510068.754978,6861,12,1
1,NewOrder,1771510068.755377,22434,17,1
2,Payment,1771510068.755418,4869,21,1
1,NewOrder,1771510068.757647,18240,1,1
2,Payment,1771510068.757937,7839,3,1
1,NewOrder,1771510068.758894,33473,16,1
1,NewOrder,1771510068.760258,14643,20,1
2,Payment,1771510068.760313,9860,21,1
1,NewOrder,1771510068.760354,28516,8,1
1,NewOrder,1771510068.760929,15551,5,1
1,NewOrder,1771510068.761519,14498,11,1
2,Payment,1771510068.761862,7574,12,1
2,Payment,1771510068.761885,9663,0,1
2,Payment,1771510068.765186,9268,9,1
2,Payment,1771510068.765797,10533,3,1
5,StockLevel,1771510068.765862,8775,4,1
2,Payment,1771510068.767871,7316,14,1
1,NewOrder,1771510068.768376,20521,6,1
2,Payment,1771510068.769412,5729,23,1
1,NewOrder,1771510068.769449,26736,12,1
1,NewOrder,1771510068.770098,8671,7,1
4,Delivery,1771510068.770199,41490,21,1
2,Payment,1771510068.771562,9492,0,1
1,NewOrder,1771510068.772319,21717,18,1
1,NewOrder,1771510068.772433,14935,13,1
2,Payment,1771510068.772849,5320,2,1
2,Payment,1771510068.773177,11234,15,1
2,Payment,1771510068.774473,8775,9,1
2,Payment,1771510068.774649,17818,4,1
1,NewOrder,1771510068.774927,20803,20,1
2,Payment,1771510068.775152,5581,23,1
1,NewOrder,1771510068.775214,30758,14,1
1,NewOrder,1771510068.775915,21433,1,1
2,Payment,1771510068.776034,10935,11,1
2,Payment,1771510068.776341,14050,3,1
2,Payment,1771510068.776505,7409,5,1
2,Payment,1771510068.777828,10671,17,1
3,OrderStatus,1771510068.778195,6069,2,1
2,Payment,1771510068.778291,13580,19,1
5,StockLevel,1771510068.778782,14220,7,1
2,Payment,1771510068.780759,13728,23,1
2,Payment,1771510068.781068,13270,0,1
2,Payment,1771510068.783265,7019,9,1
2,Payment,1771510068.783938,15054,5,1
2,Payment,1771510068.784277,11773,2,1
2,Payment,1771510068.784437,14947,15,1
1,NewOrder,1771510068.784989,11934,22,1
1,NewOrder,1771510068.786990,22609,11,1
1,NewOrder,1771510068.787381,42614,13,1
2,Payment,1771510068.788516,12215,17,1
3,OrderStatus,1771510068.788884,4241,8,1
2,Payment,1771510068.788922,5856,6,1
2,Payment,1771510068.790299,8728,9,1
2,Payment,1771510068.790418,15001,3,1
2,Payment,1771510068.791897,6719,19,1
1,NewOrder,1771510068.792389,22446,16,1
1,NewOrder,1771510068.792482,29226,4,1
1,NewOrder,1771510068.793028,16990,7,1
1,NewOrder,1771510068.793140,16097,8,1
2,Payment,1771510068.793979,8056,10,1
1,NewOrder,1771510068.794062,27093,18,1
2,Payment,1771510068.794364,9721,0,1
1,NewOrder,1771510068.794513,30542,23,1
1,NewOrder,1771510068.794798,27653,6,1
1,NewOrder,1771510068.795742,32012,20,1
1,NewOrder,1771510068.796074,17987,2,1
1,NewOrder,1771510068.796212,36900,12,1
2,Payment,1771510068.796959,21651,22,1
1,NewOrder,1771510068.797363,28151,1,1
2,Payment,1771510068.798642,17424,19,1
1,NewOrder,1771510068.799011,28893,5,1
1,NewOrder,1771510068.799038,28688,9,1
2,Payment,1771510068.799417,7849,15,1
1,NewOrder,1771510068.800743,21014,17,1
1,NewOrder,1771510068.802054,21332,10,1
1,NewOrder,1771510068.804109,29031,0,1
1,NewOrder,1771510068.805435,17372,3,1
2,Payment,1771510068.805988,4662,14,1
1,NewOrder,1771510068.807287,28054,15,1
2,Payment,1771510068.809254,5542,8,1
4,Delivery,1771510068.809625,54663,11,1
2,Payment,1771510068.810044,6791,7,1
2,Payment,1771510068.810665,7194,14,1
3,OrderStatus,1771510068.811699,7335,21,1
1,NewOrder,1771510068.814086,14477,2,1
2,Payment,1771510068.814811,6862,8,1
1,NewOrder,1771510068.814882,42356,16,1
2,Payment,1771510068.816081,6711,19,1
4,Delivery,1771510068.816882,47928,7,1
2,Payment,1771510068.817886,3828,14,1
2,Payment,1771510068.818624,6803,22,1
1,NewOrder,1771510068.819060,19422,21,1
2,Payment,1771510068.821181,6266,18,1
1,NewOrder,1771510068.821704,13168,8,1
2,Payment,1771510068.821721,7310,4,1
2,Payment,1771510068.821733,5318,14,1
2,Payment,1771510068.821774,7219,17,1
1,NewOrder,1771510068.822478,14301,6,1
2,Payment,1771510068.822806,10282,19,1
2,Payment,1771510068.822833,15216,3,1
2,Payment,1771510068.823412,5957,10,1
2,Payment,1771510068.825081,5461,23,1
1,NewOrder,1771510068.825442,19888,22,1
2,Payment,1771510068.825528,13985,1,1
2,Payment,1771510068.827063,5761,14,1
1,NewOrder,1771510068.827473,19994,18,1
4,Delivery,1771510068.827741,37020,9,1
1,NewOrder,1771510068.827770,22639,20,1
2,Payment,1771510068.827929,14023,5,1
1,NewOrder,1771510068.828576,22409,2,1
1,NewOrder,1771510068.829009,30453,17,1
5,StockLevel,1771510068.829057,12099,4,1
1,NewOrder,1771510068.829382,20738,10,1
2,Payment,1771510068.830020,5904,13,1
1,NewOrder,1771510068.830557,17881,23,1
1,NewOrder,1771510068.832850,21670,14,1
1,NewOrder,1771510068.833113,16712,19,1
4,Delivery,1771510068.833134,11512,12,1
1,NewOrder,1771510068.833166,23155,0,1
1,NewOrder,1771510068.834897,24303,8,1
2,Payment,1771510068.835368,6009,15,1
2,Payment,1771510068.835950,8109,13,1
3,OrderStatus,1771510068.836795,8585,6,1
1,NewOrder,1771510068.838063,35220,3,1
2,Payment,1771510068.838507,7450,21,1
5,StockLevel,1771510068.839533,13433,1,1
2,Payment,1771510068.841178,12125,4,1
2,Payment,1771510068.841395,9853,15,1
2,Payment,1771510068.841968,8904,5,1
2,Payment,1771510068.844085,5359,13,1
5,StockLevel,1771510068.844670,14945,12,1
2,Payment,1771510068.845356,4799,22,1
2,Payment,1771510068.845398,4830,6,1
1,NewOrder,1771510068.845971,15053,21,1
2,Payment,1771510068.847492,5376,18,1
1,NewOrder,1771510068.848461,19863,23,1
1,NewOrder,1771510068.849469,25484,13,1
1,NewOrder,1771510068.849849,28829,19,1
2,Payment,1771510068.850145,6971,10,1
2,Payment,1771510068.850181,8191,22,1
3,OrderStatus,1771510068.850247,3857,6,1
1,NewOrder,1771510068.850422,28615,20,1
2,Payment,1771510068.850887,7131,5,1
1,NewOrder,1771510068.850997,35722,2,1
1,NewOrder,1771510068.851273,29394,15,1
1,NewOrder,1771510068.852886,28183,18,1
2,Payment,1771510068.852983,6507,1,1
2,Payment,1771510068.853325,8135,4,1
1,NewOrder,1771510068.854119,21687,6,1
1,NewOrder,1771510068.854530,22646,14,1
1,NewOrder,1771510068.856346,37536,0,1
2,Payment,1771510068.857134,4241,10,1
1,NewOrder,1771510068.857264,37674,16,1
1,NewOrder,1771510068.858032,37382,5,1
2,Payment,1771510068.858397,5562,22,1
1,NewOrder,1771510068.859217,28633,8,1
1,NewOrder,1771510068.859487,34845,17,1
2,Payment,1771510068.859516,4876,1,1
1,NewOrder,1771510068.859627,18185,12,1
2,Payment,1771510068.861049,6510,21,1
1,NewOrder,1771510068.861389,18557,10,1
1,NewOrder,1771510068.861483,23684,4,1
1,NewOrder,1771510068.863984,23591,22,1
1,NewOrder,1771510068.864306,27683,11,1
2,Payment,1771510068.864418,4573,1,1
2,Payment,1771510068.864776,1577,9,1
2,Payment,1771510068.864827,4144,7,1
1,NewOrder,1771510068.866369,31044,9,1
2,Payment,1771510068.867575,6177,21,1
1,NewOrder,1771510068.868352,26147,23,1
2,Payment,1771510068.868985,2510,7,1
2,Payment,1771510068.869010,6161,1,1
1,NewOrder,1771510068.871513,21186,7,1
1,NewOrder,1771510068.873310,37848,3,1
4,Delivery,1771510068.873778,32729,21,1
2,Payment,1771510068.874979,6051,13,1
1,NewOrder,1771510068.875186,21874,1,1
1,NewOrder,1771510068.875817,28576,6,1
1,NewOrder,1771510068.877193,24612,14,1
1,NewOrder,1771510068.877837,34246,12,1
1,NewOrder,1771510068.878705,27313,19,1
1,NewOrder,1771510068.879062,18300,20,1
3,OrderStatus,1771510068.879961,7045,10,1
2,Payment,1771510068.880682,8422,15,1
2,Payment,1771510068.881043,10164,13,1
1,NewOrder,1771510068.881094,17287,18,1
1,NewOrder,1771510068.885186,28845,4,1
2,Payment,1771510068.886754,8348,2,1
2,Payment,1771510068.887025,7504,10,1
5,StockLevel,1771510068.887602,14204,22,1
2,Payment,1771510068.887874,11043,8,1
4,Delivery,1771510068.889128,37488,15,1
1,NewOrder,1771510068.891232,16248,13,1
1,NewOrder,1771510068.892015,25862,11,1
1,NewOrder,1771510068.892716,16505,7,1
2,Payment,1771510068.893909,6782,0,1
1,NewOrder,1771510068.894359,25654,17,1
2,Payment,1771510068.894517,6666,23,1
5,StockLevel,1771510068.894542,13075,10,1
1,NewOrder,1771510068.894965,15159,16,1
1,NewOrder,1771510068.895128,33694,2,1
2,Payment,1771510068.895426,7109,5,1
1,NewOrder,1771510068.897083,23247,1,1
2,Payment,1771510068.897379,11485,20,1
4,Delivery,1771510068.897428,52155,9,1
1,NewOrder,1771510068.898395,25412,18,1
1,NewOrder,1771510068.898943,23469,8,1
2,Payment,1771510068.900713,7502,0,1
2,Payment,1771510068.901193,5865,23,1
2,Payment,1771510068.901831,5667,14,1
2,Payment,1771510068.901834,8628,22,1
1,NewOrder,1771510068.902581,25333,5,1
3,OrderStatus,1771510068.904410,5534,6,1
1,NewOrder,1771510068.906044,25485,19,1
1,NewOrder,1771510068.906529,14923,21,1
2,Payment,1771510068.907074,6537,23,1
1,NewOrder,1771510068.907507,30278,13,1
1,NewOrder,1771510068.907526,18546,14,1
2,Payment,1771510068.907643,6820,10,1
1,NewOrder,1771510068.908230,35714,0,1
2,Payment,1771510068.908881,6237,20,1
1,NewOrder,1771510068.909244,26370,7,1
1,NewOrder,1771510068.909962,20449,6,1
2,Payment,1771510068.910136,7344,16,1
1,NewOrder,1771510068.910480,34955,22,1
2,Payment,1771510068.911177,7551,3,1
1,NewOrder,1771510068.912108,18703,12,1
2,Payment,1771510068.913625,14612,23,1
2,Payment,1771510068.914047,7382,4,1
1,NewOrder,1771510068.914489,32599,10,1
2,Payment,1771510068.915144,10315,20,1
1,NewOrder,1771510068.917493,14858,16,1
2,Payment,1771510068.917893,7971,11,1
1,NewOrder,1771510068.918753,33872,3,1
2,Payment,1771510068.920038,7186,17,1
2,Payment,1771510068.920357,7131,1,1
1,NewOrder,1771510068.921443,15362,4,1
2,Payment,1771510068.921477,9325,21,1
4,Delivery,1771510068.922430,28138,8,1
1,NewOrder,1771510068.923832,17486,18,1
2,Payment,1771510068.925484,9266,20,1
2,Payment,1771510068.925880,4887,11,1
1,NewOrder,1771510068.926098,23068,14,1
2,Payment,1771510068.926634,7124,15,1
2,Payment,1771510068.927250,8647,17,1
2,Payment,1771510068.927514,5399,1,1
2,Payment,1771510068.927932,12159,5,1
5,StockLevel,1771510068.928260,11597,23,1
2,Payment,1771510068.928837,14644,2,1
1,NewOrder,1771510068.930425,28881,6,1
2,Payment,1771510068.930793,6282,11,1
1,NewOrder,1771510068.930819,8379,21,1
1,NewOrder,1771510068.930838,24146,12,1
2,Payment,1771510068.931541,5901,19,1
4,Delivery,1771510068.932362,40044,16,1
2,Payment,1771510068.932939,5508,1,1
1,NewOrder,1771510068.933770,27093,15,1
2,Payment,1771510068.934771,7907,20,1
1,NewOrder,1771510068.935629,28428,7,1
1,NewOrder,1771510068.935914,19273,17,1
1,NewOrder,1771510068.936831,19185,4,1
2,Payment,1771510068.937089,9189,11,1
1,NewOrder,1771510068.937452,17558,19,1
2,Payment,1771510068.937810,5613,13,1
1,NewOrder,1771510068.938474,19997,1,1
1,NewOrder,1771510068.939216,20069,21,1
2,Payment,1771510068.939872,9626,23,1
1,NewOrder,1771510068.940113,28458,5,1
5,StockLevel,1771510068.941336,14674,18,1
2,Payment,1771510068.942704,8609,20,1
4,Delivery,1771510068.943437,29348,13,1
1,NewOrder,1771510068.943507,21902,2,1
1,NewOrder,1771510068.943960,25855,0,1
3,OrderStatus,1771510068.945461,6906,22,1
2,Payment,1771510068.946296,9162,11,1
2,Payment,1771510068.947113,10033,10,1
2,Payment,1771510068.949193,9776,14,1
2,Payment,1771510068.949524,4985,23,1
1,NewOrder,1771510068.949609,17473,9,1
2,Payment,1771510068.950589,9407,8,1
2,Payment,1771510068.951328,6705,20,1
3,OrderStatus,1771510068.952385,5600,22,1
2,Payment,1771510068.952651,6326,3,1
1,NewOrder,1771510068.954524,23720,23,1
2,Payment,1771510068.955010,8425,12,1
1,NewOrder,1771510068.955036,16164,19,1
1,NewOrder,1771510068.955204,54455,17,1
1,NewOrder,1771510068.955483,29633,11,1
1,NewOrder,1771510068.956035,33380,18,1
1,NewOrder,1771510068.956043,29539,4,1
2,Payment,1771510068.957167,4221,10,1
1,NewOrder,1771510068.958005,19664,22,1
1,NewOrder,1771510068.958046,28785,20,1
2,Payment,1771510068.958493,6476,1,1
1,NewOrder,1771510068.958994,31117,3,1
2,Payment,1771510068.959000,8125,14,1
1,NewOrder,1771510068.959302,29342,21,1
2,Payment,1771510068.959321,7295,6,1
2,Payment,1771510068.960011,8034,8,1
2,Payment,1771510068.960888,8043,15,1
1,NewOrder,1771510068.961401,26645,10,1
1,NewOrder,1771510068.963460,22976,12,1
2,Payment,1771510068.964076,6131,7,1
1,NewOrder,1771510068.964985,23615,1,1
1,NewOrder,1771510068.965426,32541,2,1
1,NewOrder,1771510068.966631,20160,6,1
1,NewOrder,1771510068.967095,32074,9,1
4,Delivery,1771510068.967149,5692,14,1
1,NewOrder,1771510068.968067,25931,8,1
2,Payment,1771510068.968584,7301,5,1
1,NewOrder,1771510068.968957,16530,15,1
1,NewOrder,1771510068.969840,28072,0,1
1,NewOrder,1771510068.970234,31945,7,1
1,NewOrder,1771510068.971215,34983,19,1
2,Payment,1771510068.972421,7930,16,1
1,NewOrder,1771510068.972804,19038,13,1
2,Payment,1771510068.972861,9579,14,1
1,NewOrder,1771510068.975902,32216,5,1
5,StockLevel,1771510068.977701,18517,22,1
4,Delivery,1771510068.978257,56514,23,1
1,NewOrder,1771510068.980382,17003,16,1
1,NewOrder,1771510068.982456,20904,14,1
4,Delivery,1771510068.985138,59463,11,1
2,Payment,1771510068.985510,5932,15,1
2,Payment,1771510068.985608,11535,4,1
2,Payment,1771510068.986461,10714,12,1
1,NewOrder,1771510068.986801,14590,6,1
2,Payment,1771510068.986855,9885,20,1
2,Payment,1771510068.988061,5279,10,1
2,Payment,1771510068.988622,11081,1,1
2,Payment,1771510068.988669,11061,21,1
1,NewOrder,1771510068.989430,28049,18,1
5,StockLevel,1771510068.990129,17538,3,1
2,Payment,1771510068.991468,8820,15,1
5,StockLevel,1771510068.991864,24867,13,1
2,Payment,1771510068.993356,7423,10,1
1,NewOrder,1771510068.994010,31213,8,1
2,Payment,1771510068.996243,8001,22,1
1,NewOrder,1771510068.996766,27267,20,1
1,NewOrder,1771510068.997156,21650,4,1
2,Payment,1771510068.997198,7408,12,1
1,NewOrder,1771510068.997397,23557,16,1
1,NewOrder,1771510068.997935,30658,0,1
2,Payment,1771510068.997993,6581,2,1
1,NewOrder,1771510068.999183,17939,9,1
2,Payment,1771510068.999728,6433,1,1
2,Payment,1771510068.999744,6058,21,1
5,StockLevel,1771510069.000300,13248,15,1
1,NewOrder,1771510069.000805,31165,10,1
2,Payment,1771510069.001404,7297,6,1
3,OrderStatus,1771510069.002205,6817,7,1
2,Payment,1771510069.003386,7181,14,1
2,Payment,1771510069.004255,4978,22,1
1,NewOrder,1771510069.004599,32363,2,1
1,NewOrder,1771510069.004623,32720,12,1
2,Payment,1771510069.005816,6921,21,1
2,Payment,1771510069.006175,4792,1,1
2,Payment,1771510069.006213,8956,19,1
2,Payment,1771510069.007680,7820,3,1
1,NewOrder,1771510069.008142,21211,5,1
1,NewOrder,1771510069.008716,29502,6,1
1,NewOrder,1771510069.009035,18462,7,1
3,OrderStatus,1771510069.009245,4091,22,1
1,NewOrder,1771510069.009681,26946,17,1
1,NewOrder,1771510069.010580,22968,14,1
3,OrderStatus,1771510069.010979,6702,1,1
1,NewOrder,1771510069.012754,61296,21,1
1,NewOrder,1771510069.013359,22482,22,1
1,NewOrder,1771510069.013561,25625,15,1
1,NewOrder,1771510069.015191,23533,19,1
1,NewOrder,1771510069.015512,26975,3,1
1,NewOrder,1771510069.016743,35236,13,1
1,NewOrder,1771510069.017133,25810,9,1
1,NewOrder,1771510069.017502,25433,18,1
2,Payment,1771510069.017719,6007,1,1
2,Payment,1771510069.018828,7665,4,1
1,NewOrder,1771510069.020980,25883,16,1
2,Payment,1771510069.023752,6950,1,1
2,Payment,1771510069.024050,6205,20,1
2,Payment,1771510069.025240,7402,8,1
2,Payment,1771510069.026506,7065,4,1
1,NewOrder,1771510069.027523,21738,7,1
1,NewOrder,1771510069.028613,16361,0,1
2,Payment,1771510069.029381,7589,5,1
1,NewOrder,1771510069.030271,17735,20,1
1,NewOrder,1771510069.030727,16950,1,1
1,NewOrder,1771510069.031987,31198,10,1
1,NewOrder,1771510069.032652,16198,8,1
1,NewOrder,1771510069.033575,19845,14,1
1,NewOrder,1771510069.033590,34411,4,1
4,Delivery,1771510069.034789,49797,23,1
1,NewOrder,1771510069.035867,36411,22,1
2,Payment,1771510069.036652,7274,17,1
2,Payment,1771510069.036985,7586,2,1
2,Payment,1771510069.036996,5862,5,1
2,Payment,1771510069.037357,8437,12,1
2,Payment,1771510069.038230,7083,6,1
2,Payment,1771510069.038739,6652,19,1
2,Payment,1771510069.039201,8503,15,1
4,Delivery,1771510069.042510,40303,3,1
2,Payment,1771510069.042874,7219,5,1
2,Payment,1771510069.042961,6224,18,1
2,Payment,1771510069.042968,6713,9,1
2,Payment,1771510069.043951,6091,17,1
2,Payment,1771510069.044585,7798,2,1
1,NewOrder,1771510069.044616,26744,11,1
2,Payment,1771510069.045001,9075,0,1
1,NewOrder,1771510069.045340,41989,6,1
1,NewOrder,1771510069.045404,25972,19,1
1,NewOrder,1771510069.045803,37073,12,1
2,Payment,1771510069.046885,6110,16,1
2,Payment,1771510069.047704,19024,1,1
2,Payment,1771510069.047720,7946,15,1
2,Payment,1771510069.048019,6606,20,1
1,NewOrder,1771510069.048861,22115,8,1
1,NewOrder,1771510069.049204,20421,18,1
1,NewOrder,1771510069.049280,18447,7,1
1,NewOrder,1771510069.049724,30682,9,1
2,Payment,1771510069.050067,7191,17,1
2,Payment,1771510069.050105,12265,5,1
1,NewOrder,1771510069.051990,24782,13,1
2,Payment,1771510069.052400,11952,2,1
1,NewOrder,1771510069.053006,27422,16,1
2,Payment,1771510069.053446,6898,14,1
5,StockLevel,1771510069.054094,20740,0,1
1,NewOrder,1771510069.054639,27782,20,1
2,Payment,1771510069.055681,10343,15,1
1,NewOrder,1771510069.057284,22115,17,1
2,Payment,1771510069.060360,7866,14,1
1,NewOrder,1771510069.062396,18344,5,1
1,NewOrder,1771510069.063210,26171,10,1
5,StockLevel,1771510069.064369,13817,2,1
2,Payment,1771510069.066038,5366,15,1
1,NewOrder,1771510069.066753,24500,1,1
1,NewOrder,1771510069.067752,31064,7,1
5,StockLevel,1771510069.068010,11703,4,1
2,Payment,1771510069.068252,5088,14,1
1,NewOrder,1771510069.069651,21169,18,1
2,Payment,1771510069.070993,7067,8,1
1,NewOrder,1771510069.071386,31827,11,1
1,NewOrder,1771510069.071388,31797,19,1
1,NewOrder,1771510069.071420,27265,15,1
1,NewOrder,1771510069.072304,13595,22,1
1,NewOrder,1771510069.073358,26365,14,1
2,Payment,1771510069.074063,5994,21,1
1,NewOrder,1771510069.074845,26519,0,1
2,Payment,1771510069.076798,6109,13,1
2,Payment,1771510069.078085,7055,8,1
4,Delivery,1771510069.078205,4978,2,1
1,NewOrder,1771510069.079425,22593,17,1
1,NewOrder,1771510069.079727,29427,4,1
1,NewOrder,1771510069.080073,22394,21,1
2,Payment,1771510069.080424,6452,9,1
1,NewOrder,1771510069.080440,30773,16,1
1,NewOrder,1771510069.080764,22063,5,1
3,OrderStatus,1771510069.082445,7557,20,1
1,NewOrder,1771510069.082828,26665,3,1
2,Payment,1771510069.082892,9027,12,1
2,Payment,1771510069.082921,10476,13,1
2,Payment,1771510069.083201,2713,2,1
2,Payment,1771510069.084601,6593,23,1
2,Payment,1771510069.085165,5630,8,1
2,Payment,1771510069.085924,10934,22,1
2,Payment,1771510069.085933,8665,2,1
2,Payment,1771510069.086893,8198,9,1
2,Payment,1771510069.087357,10140,6,1
3,OrderStatus,1771510069.089399,5229,10,1
2,Payment,1771510069.090016,9009,20,1
2,Payment,1771510069.090805,8195,8,1
2,Payment,1771510069.090833,9933,18,1
1,NewOrder,1771510069.091215,32897,23,1
1,NewOrder,1771510069.091280,25178,1,1
2,Payment,1771510069.091929,10513,12,1
1,NewOrder,1771510069.093417,25702,13,1
1,NewOrder,1771510069.094624,34878,2,1
1,NewOrder,1771510069.094644,20449,10,1
3,OrderStatus,1771510069.095117,7779,9,1
5,StockLevel,1771510069.096881,15058,22,1
2,Payment,1771510069.097519,7382,6,1
1,NewOrder,1771510069.098703,36495,15,1
1,NewOrder,1771510069.098842,34091,7,1
4,Delivery,1771510069.099026,31843,8,1
1,NewOrder,1771510069.099039,27804,20,1
2,Payment,1771510069.099750,6695,14,1
1,NewOrder,1771510069.100783,15712,18,1
1,NewOrder,1771510069.101378,28554,0,1
2,Payment,1771510069.102042,7769,17,1
2,Payment,1771510069.102461,5495,12,1
2,Payment,1771510069.102479,4692,21,1
1,NewOrder,1771510069.102839,19157,5,1
1,NewOrder,1771510069.102909,31717,9,1
2,Payment,1771510069.103199,7672,19,1
1,NewOrder,1771510069.103239,29682,11,1
1,NewOrder,1771510069.104920,27216,6,1
1,NewOrder,1771510069.106471,24381,14,1
1,NewOrder,1771510069.107187,28830,21,1
1,NewOrder,1771510069.107973,16887,12,1
1,NewOrder,1771510069.109169,26821,4,1
2,Payment,1771510069.109512,6619,3,1
1,NewOrder,1771510069.109821,32827,17,1
1,NewOrder,1771510069.110881,19021,19,1
2,Payment,1771510069.111236,6739,16,1
1,NewOrder,1771510069.111951,21676,22,1
1,NewOrder,1771510069.115118,33573,10,1
1,NewOrder,1771510069.116156,23446,3,1
2,Payment,1771510069.116473,6907,1,1
2,Payment,1771510069.116522,7496,18,1
3,OrderStatus,1771510069.117988,7498,16,1
2,Payment,1771510069.119144,8341,13,1
3,OrderStatus,1771510069.122013,8303,5,1
1,NewOrder,1771510069.123405,17723,1,1
1,NewOrder,1771510069.124039,18954,18,1
2,Payment,1771510069.124138,6350,23,1
1,NewOrder,1771510069.124885,20294,12,1
5,StockLevel,1771510069.125501,16874,16,1
2,Payment,1771510069.126857,10186,20,1
2,Payment,1771510069.127496,6509,13,1
2,Payment,1771510069.129522,5948,2,1
1,NewOrder,1771510069.129915,18459,19,1
1,NewOrder,1771510069.129947,30459,0,1
1,NewOrder,1771510069.130328,30610,5,1
2,Payment,1771510069.130498,8022,23,1
1,NewOrder,1771510069.130877,19232,14,1
2,Payment,1771510069.130879,6600,8,1
1,NewOrder,1771510069.132149,15701,6,1
1,NewOrder,1771510069.132933,33909,11,1
1,NewOrder,1771510069.132950,18940,7,1
2,Payment,1771510069.133639,7178,22,1
4,Delivery,1771510069.134013,27552,13,1
1,NewOrder,1771510069.134642,26351,9,1
2,Payment,1771510069.135223,6322,15,1
2,Payment,1771510069.135483,9028,2,1
1,NewOrder,1771510069.136001,28855,4,1
2,Payment,1771510069.136028,7592,21,1
1,NewOrder,1771510069.137068,19677,20,1
1,NewOrder,1771510069.137497,24760,8,1
2,Payment,1771510069.138534,6949,23,1
1,NewOrder,1771510069.139615,21347,3,1
1,NewOrder,1771510069.140833,31699,22,1
2,Payment,1771510069.141141,5875,1,1
4,Delivery,1771510069.141559,20397,15,1
1,NewOrder,1771510069.142389,16137,16,1
1,NewOrder,1771510069.142674,18979,17,1
1,NewOrder,1771510069.143010,30621,18,1
1,NewOrder,1771510069.143633,27538,21,1
1,NewOrder,1771510069.144522,20716,2,1
1,NewOrder,1771510069.145204,18825,12,1
1,NewOrder,1771510069.145498,29230,23,1
2,Payment,1771510069.147031,6056,1,1
1,NewOrder,1771510069.147877,38408,6,1
2,Payment,1771510069.148385,8461,19,1
2,Payment,1771510069.148707,7669,10,1
2,Payment,1771510069.150122,6671,14,1
1,NewOrder,1771510069.151916,28817,7,1
2,Payment,1771510069.153111,6048,1,1
1,NewOrder,1771510069.156401,25551,10,1
1,NewOrder,1771510069.156761,14388,20,1
2,Payment,1771510069.156817,5899,14,1
2,Payment,1771510069.156866,5383,19,1
3,OrderStatus,1771510069.158552,6846,16,1
2,Payment,1771510069.159174,6105,1,1
1,NewOrder,1771510069.160421,35215,0,1
2,Payment,1771510069.160951,10489,5,1
2,Payment,1771510069.160973,8623,3,1
2,Payment,1771510069.161018,6511,9,1
1,NewOrder,1771510069.161576,29736,13,1
1,NewOrder,1771510069.161677,25046,17,1
2,Payment,1771510069.161978,3183,15,1
1,NewOrder,1771510069.162262,31976,19,1
1,NewOrder,1771510069.162283,25304,8,1
1,NewOrder,1771510069.162731,24395,14,1
2,Payment,1771510069.164056,6585,12,1
2,Payment,1771510069.164882,8040,4,1
1,NewOrder,1771510069.165178,31043,15,1
1,NewOrder,1771510069.165250,19153,2,1
1,NewOrder,1771510069.165304,27854,1,1
1,NewOrder,1771510069.165408,19794,16,1
2,Payment,1771510069.166868,7329,11,1
2,Payment,1771510069.167553,8087,9,1
3,OrderStatus,1771510069.169622,8767,3,1
2,Payment,1771510069.170668,7756,12,1
2,Payment,1771510069.171166,10065,20,1
2,Payment,1771510069.171196,7776,21,1
2,Payment,1771510069.171453,6353,5,1
1,NewOrder,1771510069.172546,21655,22,1
1,NewOrder,1771510069.172941,34497,4,1
2,Payment,1771510069.173657,10220,18,1
2,Payment,1771510069.174225,7598,11,1
1,NewOrder,1771510069.174744,19177,23,1
2,Payment,1771510069.175658,8716,9,1
1,NewOrder,1771510069.177832,25986,5,1
1,NewOrder,1771510069.178406,32473,3,1
1,NewOrder,1771510069.178452,34596,12,1
1,NewOrder,1771510069.178985,21020,21,1
2,Payment,1771510069.180759,9158,7,1
1,NewOrder,1771510069.181243,23460,20,1
1,NewOrder,1771510069.181849,31962,11,1
2,Payment,1771510069.181969,9693,10,1
1,NewOrder,1771510069.183904,32943,18,1
2,Payment,1771510069.184400,10863,9,1
2,Payment,1771510069.184430,5748,2,1
1,NewOrder,1771510069.185227,29280,16,1
1,NewOrder,1771510069.186312,22813,6,1
1,NewOrder,1771510069.186739,26394,17,1
2,Payment,1771510069.187154,7092,14,1
1,NewOrder,1771510069.187596,31561,8,1
4,Delivery,1771510069.189941,30059,7,1
2,Payment,1771510069.190194,5402,2,1
2,Payment,1771510069.191332,8247,13,1
1,NewOrder,1771510069.191675,30350,10,1
2,Payment,1771510069.193183,6864,1,1
2,Payment,1771510069.193934,12706,23,1
1,NewOrder,1771510069.194215,19622,22,1
2,Payment,1771510069.194267,9937,19,1
1,NewOrder,1771510069.194271,21093,14,1
2,Payment,1771510069.195282,10630,9,1
1,NewOrder,1771510069.195607,21915,2,1
1,NewOrder,1771510069.195649,28411,0,1
1,NewOrder,1771510069.196238,21993,15,1
1,NewOrder,1771510069.199602,31828,13,1
2,Payment,1771510069.200018,8480,21,1
2,Payment,1771510069.200071,6170,1,1
2,Payment,1771510069.203843,7504,5,1
1,NewOrder,1771510069.204220,25151,19,1
4,Delivery,1771510069.204728,28292,20,1
2,Payment,1771510069.205929,6725,9,1
1,NewOrder,1771510069.206263,34701,1,1
1,NewOrder,1771510069.206651,25836,23,1
2,Payment,1771510069.207454,6262,4,1
1,NewOrder,1771510069.208524,22851,21,1
2,Payment,1771510069.209151,6574,6,1
2,Payment,1771510069.210893,7883,3,1
1,NewOrder,1771510069.211374,16225,5,1
1,NewOrder,1771510069.212671,30656,9,1
2,Payment,1771510069.213073,6108,12,1
1,NewOrder,1771510069.213158,29525,17,1
1,NewOrder,1771510069.213730,28955,4,1
1,NewOrder,1771510069.213822,18939,11,1
2,Payment,1771510069.213848,6096,22,1
1,NewOrder,1771510069.214523,17910,16,1
1,NewOrder,1771510069.215405,16799,14,1
4,Delivery,1771510069.215750,4667,6,1
1,NewOrder,1771510069.216858,17216,18,1
2,Payment,1771510069.217548,7377,2,1
2,Payment,1771510069.218244,7962,15,1
3,OrderStatus,1771510069.218792,7031,3,1
1,NewOrder,1771510069.219184,20957,8,1
2,Payment,1771510069.219194,9344,12,1
1,NewOrder,1771510069.219956,33578,22,1
2,Payment,1771510069.220017,5775,7,1
2,Payment,1771510069.220429,7723,6,1
2,Payment,1771510069.222047,8719,10,1
1,NewOrder,1771510069.224078,20423,0,1
2,Payment,1771510069.224943,6377,2,1
1,NewOrder,1771510069.225817,16919,7,1
1,NewOrder,1771510069.225837,29500,3,1
2,Payment,1771510069.226219,6641,15,1
4,Delivery,1771510069.227619,59427,5,1
2,Payment,1771510069.228179,7884,6,1
1,NewOrder,1771510069.228559,20983,12,1
2,Payment,1771510069.229396,6186,19,1
2,Payment,1771510069.230792,6599,10,1
2,Payment,1771510069.231346,7244,2,1
1,NewOrder,1771510069.231395,29192,21,1
2,Payment,1771510069.231456,7664,13,1
1,NewOrder,1771510069.232217,18073,14,1
2,Payment,1771510069.232455,17446,16,1
4,Delivery,1771510069.232502,2318,23,1
2,Payment,1771510069.232775,9074,11,1
2,Payment,1771510069.232886,7624,15,1
1,NewOrder,1771510069.233031,31150,20,1
2,Payment,1771510069.234091,8616,18,1
1,NewOrder,1771510069.234835,16946,23,1
1,NewOrder,1771510069.235601,20552,19,1
1,NewOrder,1771510069.236090,25033,6,1
2,Payment,1771510069.237407,5897,10,1
1,NewOrder,1771510069.238604,21054,2,1
2,Payment,1771510069.239146,8961,13,1
1,NewOrder,1771510069.240166,17139,8,1
2,Payment,1771510069.240524,13748,15,1
4,Delivery,1771510069.240979,46498,1,1
1,NewOrder,1771510069.241867,34481,11,1
1,NewOrder,1771510069.242693,16346,17,1
1,NewOrder,1771510069.242713,17334,4,1
1,NewOrder,1771510069.242724,29316,18,1
2,Payment,1771510069.242763,5881,7,1
2,Payment,1771510069.243317,6551,10,1
1,NewOrder,1771510069.243344,28865,9,1
1,NewOrder,1771510069.244520,29463,0,1
1,NewOrder,1771510069.248132,27260,13,1
1,NewOrder,1771510069.248657,35191,7,1
1,NewOrder,1771510069.249563,21697,12,1
1,NewOrder,1771510069.249884,23566,10,1
1,NewOrder,1771510069.249926,17111,16,1
2,Payment,1771510069.250305,6398,14,1
2,Payment,1771510069.251795,6554,23,1
1,NewOrder,1771510069.253548,34784,22,1
1,NewOrder,1771510069.254287,24696,15,1
1,NewOrder,1771510069.255362,24670,3,1
1,NewOrder,1771510069.256177,29405,19,1
2,Payment,1771510069.256729,5930,14,1
1,NewOrder,1771510069.257329,19668,8,1
2,Payment,1771510069.258369,6243,23,1
1,NewOrder,1771510069.259058,17172,17,1
1,NewOrder,1771510069.259671,26472,2,1
2,Payment,1771510069.260073,7632,4,1
1,NewOrder,1771510069.260614,22902,21,1
1,NewOrder,1771510069.261139,20342,6,1
2,Payment,1771510069.262682,5506,14,1
1,NewOrder,1771510069.264207,28715,20,1
2,Payment,1771510069.264638,7432,23,1
2,Payment,1771510069.267059,5063,16,1
1,NewOrder,1771510069.267731,33251,4,1
2,Payment,1771510069.268213,6423,14,1
1,NewOrder,1771510069.271284,50013,12,1
2,Payment,1771510069.272057,3643,18,1
4,Delivery,1771510069.272095,52786,23,1
1,NewOrder,1771510069.272139,28309,16,1
2,Payment,1771510069.272237,4210,9,1
1,NewOrder,1771510069.273476,26497,10,1
2,Payment,1771510069.273998,8035,0,1
1,NewOrder,1771510069.274657,29428,14,1
2,Payment,1771510069.275405,9477,13,1
1,NewOrder,1771510069.275725,27594,18,1
1,NewOrder,1771510069.276256,19480,17,1
1,NewOrder,1771510069.276374,28834,11,1
1,NewOrder,1771510069.276462,29312,9,1
2,Payment,1771510069.277018,6876,8,1
1,NewOrder,1771510069.279009,23340,15,1
2,Payment,1771510069.280048,6439,3,1
2,Payment,1771510069.281507,5575,6,1
1,NewOrder,1771510069.282052,26212,0,1
1,NewOrder,1771510069.283532,26941,21,1
1,NewOrder,1771510069.283867,18803,7,1
1,NewOrder,1771510069.283920,27698,8,1
2,Payment,1771510069.284895,6101,13,1
1,NewOrder,1771510069.285597,28421,19,1
1,NewOrder,1771510069.286167,28605,2,1
2,Payment,1771510069.286506,5949,3,1
1,NewOrder,1771510069.287058,24489,5,1
2,Payment,1771510069.287109,5721,6,1
2,Payment,1771510069.287490,8228,1,1
2,Payment,1771510069.288358,6661,22,1
2,Payment,1771510069.291011,7588,13,1
1,NewOrder,1771510069.292472,36032,3,1
2,Payment,1771510069.292848,6246,6,1
2,Payment,1771510069.292940,6763,20,1
2,Payment,1771510069.295032,7665,22,1
2,Payment,1771510069.295742,2283,1,1
1,NewOrder,1771510069.295753,12468,17,1
1,NewOrder,1771510069.298040,29404,1,1
2,Payment,1771510069.298624,7995,13,1
2,Payment,1771510069.299104,7887,6,1
2,Payment,1771510069.299729,5943,20,1
2,Payment,1771510069.300000,8592,10,1
2,Payment,1771510069.300459,10529,16,1
1,NewOrder,1771510069.301008,26461,4,1
2,Payment,1771510069.302370,9886,15,1
1,NewOrder,1771510069.302694,21840,7,1
1,NewOrder,1771510069.302711,24375,22,1
2,Payment,1771510069.303345,7535,18,1
1,NewOrder,1771510069.304096,22442,14,1
2,Payment,1771510069.305234,8442,11,1
1,NewOrder,1771510069.305718,24489,20,1
1,NewOrder,1771510069.305787,25370,9,1
2,Payment,1771510069.306645,11173,13,1
4,Delivery,1771510069.307018,15089,6,1
2,Payment,1771510069.308238,7268,17,1
5,StockLevel,1771510069.308281,17110,0,1
1,NewOrder,1771510069.308605,21151,10,1
1,NewOrder,1771510069.310490,29659,21,1
2,Payment,1771510069.310899,7403,18,1
2,Payment,1771510069.311014,8593,16,1
4,Delivery,1771510069.311563,60594,5,1
2,Payment,1771510069.311631,6608,8,1
1,NewOrder,1771510069.312274,27906,15,1
2,Payment,1771510069.313720,9685,11,1
2,Payment,1771510069.314033,8470,19,1
2,Payment,1771510069.314797,7611,2,1
1,NewOrder,1771510069.315537,28207,17,1
3,OrderStatus,1771510069.317842,6645,13,1
1,NewOrder,1771510069.318265,29352,8,1
1,NewOrder,1771510069.318316,28087,18,1
2,Payment,1771510069.319633,5343,16,1
1,NewOrder,1771510069.321314,34728,12,1
1,NewOrder,1771510069.322132,29080,6,1
1,NewOrder,1771510069.322421,20368,2,1
1,NewOrder,1771510069.322529,33629,19,1
1,NewOrder,1771510069.323432,37682,11,1
1,NewOrder,1771510069.324512,32489,13,1
1,NewOrder,1771510069.324557,25251,7,1
1,NewOrder,1771510069.324899,20934,23,1
1,NewOrder,1771510069.325004,13762,16,1
1,NewOrder,1771510069.325404,24542,0,1
1,NewOrder,1771510069.326550,15836,14,1
2,Payment,1771510069.327113,8088,22,1
2,Payment,1771510069.327462,10632,1,1
3,OrderStatus,1771510069.327481,8149,4,1
1,NewOrder,1771510069.328529,22264,3,1
1,NewOrder,1771510069.329789,21889,10,1
1,NewOrder,1771510069.330224,26839,20,1
2,Payment,1771510069.331172,8503,9,1
2,Payment,1771510069.335224,9095,22,1
1,NewOrder,1771510069.335649,20961,4,1
1,NewOrder,1771510069.338114,17878,1,1
2,Payment,1771510069.338782,6441,16,1
5,StockLevel,1771510069.339697,16851,9,1
2,Payment,1771510069.340163,8281,21,1
1,NewOrder,1771510069.340195,26746,15,1
1,NewOrder,1771510069.342406,19300,14,1
1,NewOrder,1771510069.342813,25650,2,1
1,NewOrder,1771510069.343770,22639,17,1
2,Payment,1771510069.344336,7916,22,1
2,Payment,1771510069.345252,4973,16,1
2,Payment,1771510069.345857,9921,23,1
4,Delivery,1771510069.346420,14283,18,1
2,Payment,1771510069.347642,7757,8,1
2,Payment,1771510069.348457,14094,21,1
1,NewOrder,1771510069.349818,20792,7,1
1,NewOrder,1771510069.349971,29983,0,1
2,Payment,1771510069.350252,7193,16,1
2,Payment,1771510069.350820,6211,3,1
1,NewOrder,1771510069.351224,30208,6,1
5,StockLevel,1771510069.351692,15826,10,1
2,Payment,1771510069.352269,5800,22,1
1,NewOrder,1771510069.355427,23038,8,1
2,Payment,1771510069.355804,5230,23,1
1,NewOrder,1771510069.356005,16177,1,1
3,OrderStatus,1771510069.356059,7194,12,1
2,Payment,1771510069.356172,8011,19,1
2,Payment,1771510069.356562,7166,9,1
2,Payment,1771510069.356635,8310,4,1
1,NewOrder,1771510069.357021,31631,13,1
2,Payment,1771510069.357042,6435,3,1
1,NewOrder,1771510069.357089,16978,20,1
2,Payment,1771510069.357472,4758,16,1
1,NewOrder,1771510069.358086,17035,22,1
2,Payment,1771510069.360715,10510,18,1
2,Payment,1771510069.361047,11986,23,1
4,Delivery,1771510069.361137,64084,11,1
5,StockLevel,1771510069.361719,11700,14,1
1,NewOrder,1771510069.362252,20187,16,1
2,Payment,1771510069.362566,6896,21,1
2,Payment,1771510069.363280,8979,12,1
2,Payment,1771510069.363488,8312,3,1
2,Payment,1771510069.363754,3878,9,1
2,Payment,1771510069.364209,16286,19,1
1,NewOrder,1771510069.364964,33960,4,1
2,Payment,1771510069.366422,8062,17,1
2,Payment,1771510069.366953,10607,15,1
1,NewOrder,1771510069.367526,30730,10,1
1,NewOrder,1771510069.367656,17701,9,1
2,Payment,1771510069.368478,7031,2,1
1,NewOrder,1771510069.369477,20929,21,1
1,NewOrder,1771510069.370637,30239,7,1
2,Payment,1771510069.371243,4700,18,1
2,Payment,1771510069.371826,8276,3,1
2,Payment,1771510069.372182,9639,5,1
2,Payment,1771510069.372198,6392,1,1
2,Payment,1771510069.372284,7341,12,1
2,Payment,1771510069.373050,6046,23,1
2,Payment,1771510069.373430,9862,14,1
5,StockLevel,1771510069.374093,17957,20,1
2,Payment,1771510069.374502,7306,17,1
3,OrderStatus,1771510069.375142,3884,22,1
1,NewOrder,1771510069.375535,35828,2,1
1,NewOrder,1771510069.375967,21600,18,1
1,NewOrder,1771510069.377575,17328,15,1
1,NewOrder,1771510069.378480,28506,8,1
2,Payment,1771510069.378619,8309,1,1
4,Delivery,1771510069.379051,57651,22,1
1,NewOrder,1771510069.379123,23529,23,1
1,NewOrder,1771510069.379651,35594,12,1
1,NewOrder,1771510069.379985,35733,0,1
2,Payment,1771510069.380115,12746,3,1
1,NewOrder,1771510069.380510,20810,19,1
1,NewOrder,1771510069.381446,39576,6,1
2,Payment,1771510069.381834,3958,17,1
1,NewOrder,1771510069.381837,22152,5,1
2,Payment,1771510069.382466,12402,16,1
2,Payment,1771510069.383310,5990,14,1
2,Payment,1771510069.385372,9182,9,1
4,Delivery,1771510069.385818,54390,17,1
1,NewOrder,1771510069.386943,37083,1,1
2,Payment,1771510069.388678,9720,13,1
1,NewOrder,1771510069.389331,26016,14,1
1,NewOrder,1771510069.390458,19665,21,1
2,Payment,1771510069.392097,7386,20,1
1,NewOrder,1771510069.392901,39133,3,1
1,NewOrder,1771510069.394580,25183,9,1
2,Payment,1771510069.394893,6310,16,1
1,NewOrder,1771510069.394922,29459,15,1
2,Payment,1771510069.397592,6727,18,1
1,NewOrder,1771510069.398268,21530,10,1
2,Payment,1771510069.398424,8080,13,1
1,NewOrder,1771510069.398942,25823,4,1
1,NewOrder,1771510069.399509,20202,20,1
2,Payment,1771510069.400888,6172,7,1
2,Payment,1771510069.401227,6835,16,1
2,Payment,1771510069.401344,8155,19,1
1,NewOrder,1771510069.402677,18688,23,1
1,NewOrder,1771510069.404011,39563,5,1
3,OrderStatus,1771510069.404333,5096,18,1
2,Payment,1771510069.406530,7349,13,1
4,Delivery,1771510069.407000,18728,8,1
2,Payment,1771510069.407084,8297,7,1
3,OrderStatus,1771510069.408073,5659,16,1
1,NewOrder,1771510069.409444,28915,18,1
2,Payment,1771510069.409524,7213,19,1
2,Payment,1771510069.410149,9120,21,1
1,NewOrder,1771510069.411376,37494,2,1
1,NewOrder,1771510069.413748,25781,16,1
1,NewOrder,1771510069.413903,35293,13,1
1,NewOrder,1771510069.415271,23407,12,1
1,NewOrder,1771510069.415361,25346,14,1
5,StockLevel,1771510069.415407,11090,7,1
3,OrderStatus,1771510069.415732,8409,0,1
2,Payment,1771510069.416763,7667,19,1
3,OrderStatus,1771510069.419295,12646,21,1
2,Payment,1771510069.419737,6928,20,1
1,NewOrder,1771510069.419790,24528,9,1
2,Payment,1771510069.419824,12366,10,1
1,NewOrder,1771510069.421048,35270,6,1
1,NewOrder,1771510069.421391,16373,23,1
4,Delivery,1771510069.424042,21443,1,1
2,Payment,1771510069.424165,6977,0,1
4,Delivery,1771510069.424405,16341,15,1
1,NewOrder,1771510069.424448,29506,19,1
2,Payment,1771510069.424791,8469,4,1
1,NewOrder,1771510069.425238,29343,11,1
2,Payment,1771510069.425745,7935,8,1
1,NewOrder,1771510069.426517,22011,7,1
1,NewOrder,1771510069.426682,29597,20,1
2,Payment,1771510069.431160,9355,0,1
2,Payment,1771510069.431965,10485,21,1
1,NewOrder,1771510069.432050,21206,3,1
1,NewOrder,1771510069.432216,30172,10,1
2,Payment,1771510069.433287,8760,4,1
2,Payment,1771510069.433727,6933,8,1
1,NewOrder,1771510069.436727,31427,22,1
3,OrderStatus,1771510069.437789,7073,23,1
1,NewOrder,1771510069.438376,25449,18,1
1,NewOrder,1771510069.438703,24291,12,1
2,Payment,1771510069.439557,7673,16,1
2,Payment,1771510069.440228,8942,17,1
3,OrderStatus,1771510069.440537,8032,0,1
2,Payment,1771510069.440685,5987,8,1
1,NewOrder,1771510069.440734,27929,14,1
1,NewOrder,1771510069.440761,11176,15,1
2,Payment,1771510069.442075,6841,4,1
4,Delivery,1771510069.442470,41253,21,1
1,NewOrder,1771510069.443588,34035,5,1
1,NewOrder,1771510069.444336,20135,9,1
3,OrderStatus,1771510069.444885,5613,23,1
1,NewOrder,1771510069.445500,25991,1,1
2,Payment,1771510069.446684,5533,8,1
3,OrderStatus,1771510069.447258,4807,16,1
2,Payment,1771510069.448554,6844,7,1
1,NewOrder,1771510069.448591,17678,0,1
2,Payment,1771510069.448885,9380,2,1
1,NewOrder,1771510069.448949,16381,4,1
2,Payment,1771510069.449187,9502,17,1
2,Payment,1771510069.449210,7136,13,1
4,Delivery,1771510069.450516,34555,23,1
2,Payment,1771510069.451950,9226,15,1
2,Payment,1771510069.452090,12091,16,1
5,StockLevel,1771510069.452229,15924,8,1
2,Payment,1771510069.453272,9645,3,1
2,Payment,1771510069.453972,9049,19,1
1,NewOrder,1771510069.454596,32810,11,1
1,NewOrder,1771510069.455423,23569,7,1
1,NewOrder,1771510069.456305,19370,20,1
1,NewOrder,1771510069.456345,30698,6,1
2,Payment,1771510069.456360,9458,13,1
2,Payment,1771510069.458291,7634,2,1
1,NewOrder,1771510069.458705,23996,17,1
4,Delivery,1771510069.461193,30595,15,1
1,NewOrder,1771510069.462406,25030,10,1
3,OrderStatus,1771510069.462943,8074,3,1
2,Payment,1771510069.463020,7113,12,1
1,NewOrder,1771510069.463040,19150,19,1
2,Payment,1771510069.463842,5328,18,1
1,NewOrder,1771510069.464203,15141,16,1
1,NewOrder,1771510069.464485,21771,9,1
1,NewOrder,1771510069.465346,27950,4,1
2,Payment,1771510069.465834,5980,13,1
2,Payment,1771510069.465956,5950,2,1
2,Payment,1771510069.466283,7135,0,1
2,Payment,1771510069.468167,9040,22,1
1,NewOrder,1771510069.468179,18115,8,1
1,NewOrder,1771510069.468682,35660,14,1
1,NewOrder,1771510069.469185,20480,18,1
2,Payment,1771510069.470149,8625,12,1
1,NewOrder,1771510069.471042,32708,3,1
1,NewOrder,1771510069.471507,29685,1,1
2,Payment,1771510069.471829,15182,13,1
1,NewOrder,1771510069.471942,29202,2,1
4,Delivery,1771510069.473432,18473,0,1
1,NewOrder,1771510069.475689,38033,20,1
2,Payment,1771510069.477222,8521,22,1
2,Payment,1771510069.477649,12807,5,1
1,NewOrder,1771510069.478800,31783,12,1
1,NewOrder,1771510069.479007,21811,7,1
1,NewOrder,1771510069.479362,33132,16,1
2,Payment,1771510069.482203,12203,19,1
5,StockLevel,1771510069.482719,11561,17,1
1,NewOrder,1771510069.483741,23998,21,1
2,Payment,1771510069.485089,15627,23,1
2,Payment,1771510069.485770,16746,22,1
2,Payment,1771510069.486275,5159,9,1
2,Payment,1771510069.486320,7483,8,1
1,NewOrder,1771510069.487034,28648,13,1
1,NewOrder,1771510069.487065,36540,6,1
1,NewOrder,1771510069.487428,23574,11,1
2,Payment,1771510069.487453,12787,10,1
2,Payment,1771510069.489684,16657,18,1
2,Payment,1771510069.490475,7175,5,1
2,Payment,1771510069.491461,13414,9,1
2,Payment,1771510069.491806,9104,15,1
2,Payment,1771510069.491927,12417,0,1
2,Payment,1771510069.493311,14322,4,1
5,StockLevel,1771510069.493831,23731,8,1
1,NewOrder,1771510069.494291,27473,17,1
1,NewOrder,1771510069.494426,28069,19,1
1,NewOrder,1771510069.497671,37778,5,1
1,NewOrder,1771510069.500264,20486,10,1
1,NewOrder,1771510069.500739,22729,23,1
2,Payment,1771510069.500837,6316,7,1
1,NewOrder,1771510069.500938,16260,15,1
2,Payment,1771510069.501161,12149,2,1
2,Payment,1771510069.501215,10260,1,1
2,Payment,1771510069.502535,12438,22,1
1,NewOrder,1771510069.503769,28093,3,1
1,NewOrder,1771510069.504364,38690,0,1
1,NewOrder,1771510069.504366,26775,14,1
1,NewOrder,1771510069.504898,23039,9,1
2,Payment,1771510069.506362,6589,18,1
1,NewOrder,1771510069.507169,14565,7,1
2,Payment,1771510069.507647,7745,4,1
2,Payment,1771510069.507767,8653,21,1
2,Payment,1771510069.510601,10539,12,1
1,NewOrder,1771510069.511019,28726,11,1
2,Payment,1771510069.511499,9667,1,1
2,Payment,1771510069.512509,10400,16,1
1,NewOrder,1771510069.512970,16874,18,1
3,OrderStatus,1771510069.513325,8143,2,1
1,NewOrder,1771510069.513738,24566,20,1
1,NewOrder,1771510069.514989,27089,22,1
1,NewOrder,1771510069.515407,37162,4,1
1,NewOrder,1771510069.515695,18095,13,1
2,Payment,1771510069.516434,6456,21,1
2,Payment,1771510069.517215,12091,15,1
2,Payment,1771510069.517587,6336,8,1
3,OrderStatus,1771510069.520772,6714,10,1
2,Payment,1771510069.521155,6798,12,1
1,NewOrder,1771510069.521183,27558,1,1
1,NewOrder,1771510069.521486,33067,2,1
2,Payment,1771510069.521747,5628,7,1
1,NewOrder,1771510069.521777,18061,17,1
2,Payment,1771510069.522507,7655,19,1
2,Payment,1771510069.522905,15129,21,1
1,NewOrder,1771510069.522926,10991,16,1
2,Payment,1771510069.523479,16259,23,1
2,Payment,1771510069.523631,8198,6,1
1,NewOrder,1771510069.523937,18403,8,1
2,Payment,1771510069.527395,5909,7,1
1,NewOrder,1771510069.527511,17773,10,1
4,Delivery,1771510069.527949,35551,9,1
2,Payment,1771510069.527967,9502,12,1
1,NewOrder,1771510069.529320,22883,15,1
2,Payment,1771510069.529858,5930,18,1
1,NewOrder,1771510069.530175,35057,19,1
2,Payment,1771510069.531155,8201,14,1
2,Payment,1771510069.531849,7927,6,1
2,Payment,1771510069.531887,6200,3,1
1,NewOrder,1771510069.533329,19893,7,1
2,Payment,1771510069.533803,8184,13,1
1,NewOrder,1771510069.533943,24872,16,1
1,NewOrder,1771510069.535464,32483,5,1
1,NewOrder,1771510069.535809,22291,18,1
2,Payment,1771510069.537489,7825,12,1
2,Payment,1771510069.538054,3591,21,1
2,Payment,1771510069.538114,7128,3,1
2,Payment,1771510069.538315,7567,20,1
1,NewOrder,1771510069.539381,20551,14,1
2,Payment,1771510069.539753,4759,23,1
2,Payment,1771510069.539760,7262,11,1
2,Payment,1771510069.539800,9256,6,1
4,Delivery,1771510069.539853,54489,17,1
1,NewOrder,1771510069.541657,51186,21,1
1,NewOrder,1771510069.542002,29113,13,1
1,NewOrder,1771510069.542106,27819,22,1
2,Payment,1771510069.542366,8409,8,1
2,Payment,1771510069.543069,6986,0,1
1,NewOrder,1771510069.544527,30771,23,1
4,Delivery,1771510069.545260,33362,3,1
2,Payment,1771510069.545301,7287,10,1
1,NewOrder,1771510069.545329,27768,12,1
2,Payment,1771510069.545898,6270,20,1
1,NewOrder,1771510069.547034,31620,11,1
2,Payment,1771510069.548758,8961,1,1
1,NewOrder,1771510069.549066,18224,6,1
1,NewOrder,1771510069.550072,24798,0,1
1,NewOrder,1771510069.550793,19094,8,1
1,NewOrder,1771510069.552195,17303,20,1
1,NewOrder,1771510069.552216,23827,15,1
2,Payment,1771510069.552583,6617,4,1
1,NewOrder,1771510069.552599,29667,10,1
1,NewOrder,1771510069.553239,29578,7,1
2,Payment,1771510069.554571,9444,2,1
1,NewOrder,1771510069.557738,27599,1,1
1,NewOrder,1771510069.558115,31933,18,1
2,Payment,1771510069.558833,7982,16,1
1,NewOrder,1771510069.559216,25703,4,1
1,NewOrder,1771510069.559949,30574,14,1
2,Payment,1771510069.563518,7225,9,1
1,NewOrder,1771510069.564030,23728,2,1
1,NewOrder,1771510069.565245,21081,19,1
2,Payment,1771510069.566830,5962,16,1
2,Payment,1771510069.567301,5831,6,1
1,NewOrder,1771510069.567963,16539,5,1
2,Payment,1771510069.569518,6055,20,1
2,Payment,1771510069.569898,6529,8,1
2,Payment,1771510069.569942,8068,22,1
2,Payment,1771510069.570759,7917,9,1
3,OrderStatus,1771510069.571128,6764,13,1
2,Payment,1771510069.572804,6642,16,1
1,NewOrder,1771510069.573119,28690,12,1
2,Payment,1771510069.573147,8035,6,1
1,NewOrder,1771510069.574882,21585,0,1
2,Payment,1771510069.575314,7989,23,1
1,NewOrder,1771510069.575589,32686,20,1
1,NewOrder,1771510069.576056,21991,15,1
1,NewOrder,1771510069.576439,32327,8,1
2,Payment,1771510069.577906,9099,13,1
1,NewOrder,1771510069.578023,22169,22,1
2,Payment,1771510069.578637,7114,3,1
2,Payment,1771510069.578670,6694,11,1
1,NewOrder,1771510069.578687,14791,9,1
2,Payment,1771510069.579456,9146,16,1
1,NewOrder,1771510069.581198,26100,6,1
1,NewOrder,1771510069.582292,24170,10,1
1,NewOrder,1771510069.582843,22268,7,1
1,NewOrder,1771510069.583320,32318,23,1
1,NewOrder,1771510069.584528,27248,5,1
1,NewOrder,1771510069.584945,19379,4,1
2,Payment,1771510069.585350,9876,1,1
1,NewOrder,1771510069.585390,27541,11,1
1,NewOrder,1771510069.585777,22878,3,1
2,Payment,1771510069.586341,8583,19,1
3,OrderStatus,1771510069.587031,7641,13,1
5,StockLevel,1771510069.587772,19123,2,1
1,NewOrder,1771510069.588628,21381,16,1
2,Payment,1771510069.590071,7197,18,1
1,NewOrder,1771510069.590549,31263,14,1
2,Payment,1771510069.592859,8826,21,1
2,Payment,1771510069.593497,7769,9,1
1,NewOrder,1771510069.594366,21773,17,1
4,Delivery,1771510069.594683,19643,13,1
2,Payment,1771510069.594934,10851,19,1
1,NewOrder,1771510069.595253,28617,1,1
1,NewOrder,1771510069.596484,15923,0,1
1,NewOrder,1771510069.597293,19238,18,1
3,OrderStatus,1771510069.598064,5825,15,1
1,NewOrder,1771510069.600219,24381,22,1
2,Payment,1771510069.601281,6362,9,1
1,NewOrder,1771510069.601728,31502,21,1
5,StockLevel,1771510069.601837,15845,12,1
1,NewOrder,1771510069.603906,27421,15,1
4,Delivery,1771510069.604341,43815,4,1
1,NewOrder,1771510069.605136,17274,7,1
1,NewOrder,1771510069.605810,27111,19,1
1,NewOrder,1771510069.606485,23116,10,1
1,NewOrder,1771510069.606923,22589,2,1
2,Payment,1771510069.607314,6330,6,1
1,NewOrder,1771510069.607666,26990,9,1
5,StockLevel,1771510069.608293,17015,20,1
2,Payment,1771510069.608667,8470,3,1
2,Payment,1771510069.608792,7324,8,1
1,NewOrder,1771510069.610034,30473,16,1
2,Payment,1771510069.611803,6844,5,1
1,NewOrder,1771510069.612433,21334,0,1
1,NewOrder,1771510069.612951,22206,11,1
1,NewOrder,1771510069.613670,25744,6,1
1,NewOrder,1771510069.614344,22569,13,1
1,NewOrder,1771510069.615664,17585,23,1
1,NewOrder,1771510069.616141,32805,8,1
1,NewOrder,1771510069.616166,19027,17,1
2,Payment,1771510069.616543,6919,18,1
1,NewOrder,1771510069.617161,20083,3,1
1,NewOrder,1771510069.617727,20850,12,1
2,Payment,1771510069.618661,6441,5,1
2,Payment,1771510069.621829,7241,14,1
2,Payment,1771510069.622422,6325,7,1
2,Payment,1771510069.623488,5612,18,1
2,Payment,1771510069.623882,6611,1,1
2,Payment,1771510069.624626,9172,22,1
1,NewOrder,1771510069.625121,29597,5,1
4,Delivery,1771510069.625322,27145,20,1
1,NewOrder,1771510069.628772,19688,7,1
1,NewOrder,1771510069.629090,27349,14,1
2,Payment,1771510069.629119,6439,18,1
1,NewOrder,1771510069.629528,23658,2,1
2,Payment,1771510069.629627,6078,10,1
2,Payment,1771510069.630520,5948,1,1
2,Payment,1771510069.631346,6861,15,1
2,Payment,1771510069.632947,10557,19,1
1,NewOrder,1771510069.633245,15719,21,1
2,Payment,1771510069.633266,6621,23,1
1,NewOrder,1771510069.633793,30622,0,1
2,Payment,1771510069.633824,11331,22,1
1,NewOrder,1771510069.634693,24393,9,1
2,Payment,1771510069.635171,5759,11,1
3,OrderStatus,1771510069.635208,7076,17,1
2,Payment,1771510069.635584,5963,18,1
2,Payment,1771510069.635731,6601,10,1
1,NewOrder,1771510069.636479,32042,1,1
2,Payment,1771510069.636939,7836,13,1
1,NewOrder,1771510069.637256,23960,3,1
2,Payment,1771510069.638223,8340,15,1
2,Payment,1771510069.638599,22302,12,1
1,NewOrder,1771510069.639426,28740,6,1
1,NewOrder,1771510069.639913,19505,23,1
2,Payment,1771510069.640522,9387,16,1
2,Payment,1771510069.640942,7563,11,1
2,Payment,1771510069.641557,14818,18,1
2,Payment,1771510069.642310,9240,17,1
5,StockLevel,1771510069.642355,15900,10,1
2,Payment,1771510069.643520,9684,19,1
2,Payment,1771510069.644800,20619,13,1
1,NewOrder,1771510069.645180,19185,22,1
1,NewOrder,1771510069.646581,30006,15,1
1,NewOrder,1771510069.648170,31511,4,1
1,NewOrder,1771510069.648482,25583,7,1
3,OrderStatus,1771510069.648532,4925,11,1
2,Payment,1771510069.648981,6893,8,1
2,Payment,1771510069.648983,12274,21,1
2,Payment,1771510069.649936,7468,16,1
1,NewOrder,1771510069.651575,27756,17,1
5,StockLevel,1771510069.652494,16193,20,1
2,Payment,1771510069.653203,6609,2,1
2,Payment,1771510069.653230,6551,19,1
1,NewOrder,1771510069.653475,25057,11,1
1,NewOrder,1771510069.654743,23812,5,1
2,Payment,1771510069.655901,5434,8,1
1,NewOrder,1771510069.656391,18185,18,1
1,NewOrder,1771510069.656466,18859,14,1
2,Payment,1771510069.657430,6251,16,1
1,NewOrder,1771510069.658268,19615,10,1
1,NewOrder,1771510069.659112,29819,9,1
1,NewOrder,1771510069.659434,33345,23,1
1,NewOrder,1771510069.659808,15515,19,1
2,Payment,1771510069.659838,6105,2,1
1,NewOrder,1771510069.660927,18786,12,1
1,NewOrder,1771510069.661242,21840,3,1
3,OrderStatus,1771510069.661274,4910,21,1
2,Payment,1771510069.661348,7268,8,1
2,Payment,1771510069.663706,7457,16,1
1,NewOrder,1771510069.664380,35751,22,1
2,Payment,1771510069.664441,10187,0,1
2,Payment,1771510069.665433,7462,13,1
1,NewOrder,1771510069.665958,35221,2,1
1,NewOrder,1771510069.666212,19449,21,1
1,NewOrder,1771510069.668187,30016,6,1
2,Payment,1771510069.668547,8012,1,1
1,NewOrder,1771510069.668629,15154,8,1
2,Payment,1771510069.668712,7403,20,1
2,Payment,1771510069.671189,6082,16,1
2,Payment,1771510069.672920,6428,13,1
1,NewOrder,1771510069.674078,36670,7,1
3,OrderStatus,1771510069.674594,6292,18,1
1,NewOrder,1771510069.674655,17456,0,1
2,Payment,1771510069.675338,7099,19,1
2,Payment,1771510069.675353,6163,14,1
1,NewOrder,1771510069.676142,28696,20,1
1,NewOrder,1771510069.676577,27703,1,1
1,NewOrder,1771510069.676612,35103,15,1
2,Payment,1771510069.677289,7015,16,1
1,NewOrder,1771510069.677904,33771,10,1
1,NewOrder,1771510069.678546,33884,11,1
1,NewOrder,1771510069.678570,17699,5,1
2,Payment,1771510069.679358,7118,17,1
2,Payment,1771510069.679374,9622,13,1
2,Payment,1771510069.679694,6869,4,1
3,OrderStatus,1771510069.679726,5810,12,1
2,Payment,1771510069.680911,7684,18,1
2,Payment,1771510069.681531,10613,14,1
2,Payment,1771510069.682454,9191,19,1
1,NewOrder,1771510069.683096,22050,3,1
2,Payment,1771510069.683801,9022,8,1
2,Payment,1771510069.684330,9491,16,1
2,Payment,1771510069.685552,10404,12,1
2,Payment,1771510069.685678,7716,21,1
1,NewOrder,1771510069.686501,34538,17,1
2,Payment,1771510069.686589,8287,4,1
1,NewOrder,1771510069.688608,19290,18,1
1,NewOrder,1771510069.688947,32967,9,1
1,NewOrder,1771510069.689021,22686,13,1
5,StockLevel,1771510069.691670,18245,19,1
2,Payment,1771510069.692124,7641,0,1
1,NewOrder,1771510069.692162,15717,14,1
1,NewOrder,1771510069.692804,31704,23,1
2,Payment,1771510069.692849,8310,8,1
2,Payment,1771510069.693420,7193,21,1
1,NewOrder,1771510069.693834,18579,16,1
1,NewOrder,1771510069.694892,31624,4,1
1,NewOrder,1771510069.695974,19315,12,1
1,NewOrder,1771510069.696283,29808,5,1
1,NewOrder,1771510069.698215,28267,6,1
2,Payment,1771510069.699793,6014,0,1
2,Payment,1771510069.700157,7356,22,1
3,OrderStatus,1771510069.700629,6146,21,1
1,NewOrder,1771510069.701176,22440,8,1
2,Payment,1771510069.701197,6661,2,1
1,NewOrder,1771510069.704293,27093,1,1
1,NewOrder,1771510069.704865,15841,20,1
1,NewOrder,1771510069.705157,33443,3,1
5,StockLevel,1771510069.705827,17613,0,1
1,NewOrder,1771510069.706800,18522,21,1
2,Payment,1771510069.707539,7336,22,1
3,OrderStatus,1771510069.707870,6170,2,1
1,NewOrder,1771510069.707896,32128,14,1
1,NewOrder,1771510069.707916,31784,18,1
1,NewOrder,1771510069.709939,19531,19,1
3,OrderStatus,1771510069.710764,6863,7,1
2,Payment,1771510069.711702,7613,10,1
1,NewOrder,1771510069.711735,16763,15,1
2,Payment,1771510069.711738,3512,13,1
2,Payment,1771510069.712440,5437,16,1
1,NewOrder,1771510069.712459,25153,11,1
3,OrderStatus,1771510069.714057,5792,2,1
1,NewOrder,1771510069.714892,30012,22,1
2,Payment,1771510069.715277,6236,13,1
3,OrderStatus,1771510069.715315,5332,12,1
2,Payment,1771510069.717647,6885,7,1
2,Payment,1771510069.717892,6300,16,1
2,Payment,1771510069.719344,7111,10,1
1,NewOrder,1771510069.719861,23651,2,1
2,Payment,1771510069.720672,6304,12,1
1,NewOrder,1771510069.720723,31309,20,1
1,NewOrder,1771510069.721066,28144,17,1
1,NewOrder,1771510069.721525,16675,13,1
2,Payment,1771510069.721940,6837,9,1
1,NewOrder,1771510069.723465,33805,0,1
1,NewOrder,1771510069.723642,31614,8,1
2,Payment,1771510069.724207,7652,16,1
2,Payment,1771510069.724534,7635,23,1
1,NewOrder,1771510069.724546,25881,7,1
1,NewOrder,1771510069.725336,24698,21,1
2,Payment,1771510069.726112,6358,5,1
1,NewOrder,1771510069.726473,19692,10,1
1,NewOrder,1771510069.726497,28242,6,1
1,NewOrder,1771510069.726542,26423,4,1
2,Payment,1771510069.727002,6805,12,1
1,NewOrder,1771510069.728511,17682,15,1
2,Payment,1771510069.728803,6054,9,1
2,Payment,1771510069.729483,6968,19,1
1,NewOrder,1771510069.731412,34712,1,1
1,NewOrder,1771510069.731879,25443,16,1
2,Payment,1771510069.732195,5953,23,1
1,NewOrder,1771510069.732487,33657,5,1
1,NewOrder,1771510069.733832,18245,12,1
4,Delivery,1771510069.734884,35623,9,1
2,Payment,1771510069.736467,6715,19,1
1,NewOrder,1771510069.737625,20002,11,1
2,Payment,1771510069.738167,7497,23,1
4,Delivery,1771510069.738216,18355,13,1
2,Payment,1771510069.738613,9812,3,1
1,NewOrder,1771510069.739713,30847,18,1
2,Payment,1771510069.740043,7990,14,1
2,Payment,1771510069.743208,8373,19,1
1,NewOrder,1771510069.743532,22185,2,1
1,NewOrder,1771510069.744930,20720,22,1
2,Payment,1771510069.745682,8665,23,1
2,Payment,1771510069.746192,5870,10,1
2,Payment,1771510069.746208,9395,15,1
1,NewOrder,1771510069.748058,16830,14,1
3,OrderStatus,1771510069.748452,5073,3,1
2,Payment,1771510069.749235,8383,17,1
3,OrderStatus,1771510069.750049,6825,21,1
4,Delivery,1771510069.750449,20549,7,1
1,NewOrder,1771510069.751607,30862,19,1
1,NewOrder,1771510069.752057,34587,20,1
5,StockLevel,1771510069.752087,15380,10,1
1,NewOrder,1771510069.752093,25725,12,1
1,NewOrder,1771510069.752978,17915,4,1
1,NewOrder,1771510069.753550,21566,3,1
2,Payment,1771510069.754372,6363,23,1
1,NewOrder,1771510069.754768,17138,6,1
2,Payment,1771510069.755282,9251,8,1
2,Payment,1771510069.755628,7609,15,1
5,StockLevel,1771510069.756587,17062,13,1
1,NewOrder,1771510069.756889,17122,21,1
1,NewOrder,1771510069.757283,22625,0,1
2,Payment,1771510069.757343,8295,16,1
1,NewOrder,1771510069.757632,24364,17,1
1,NewOrder,1771510069.757646,31412,11,1
5,StockLevel,1771510069.760753,18246,23,1
1,NewOrder,1771510069.763262,26193,15,1
1,NewOrder,1771510069.764548,26289,8,1
1,NewOrder,1771510069.764915,21765,14,1
2,Payment,1771510069.765663,4124,16,1
1,NewOrder,1771510069.765673,35608,22,1
2,Payment,1771510069.765743,8622,2,1
1,NewOrder,1771510069.766151,18481,1,1
1,NewOrder,1771510069.766171,24988,5,1
1,NewOrder,1771510069.767480,20425,10,1
3,OrderStatus,1771510069.769811,7498,16,1
1,NewOrder,1771510069.770534,30260,9,1
1,NewOrder,1771510069.770586,24616,18,1
2,Payment,1771510069.770907,8661,4,1
2,Payment,1771510069.771019,1540,7,1
1,NewOrder,1771510069.771931,30831,6,1
2,Payment,1771510069.772575,7428,7,1
1,NewOrder,1771510069.773664,34785,13,1
5,StockLevel,1771510069.774026,14988,21,1
1,NewOrder,1771510069.774391,26991,2,1
5,StockLevel,1771510069.775131,16470,3,1
2,Payment,1771510069.777336,6713,16,1
3,OrderStatus,1771510069.777834,5214,12,1
2,Payment,1771510069.779024,7154,23,1
1,NewOrder,1771510069.779595,16965,4,1
1,NewOrder,1771510069.779922,20034,0,1
1,NewOrder,1771510069.780030,16569,7,1
1,NewOrder,1771510069.782023,23636,17,1
2,Payment,1771510069.782490,5819,19,1
2,Payment,1771510069.783066,6713,12,1
2,Payment,1771510069.784077,7786,16,1
1,NewOrder,1771510069.784646,20365,1,1
3,OrderStatus,1771510069.786204,7664,23,1
1,NewOrder,1771510069.786662,19054,20,1
1,NewOrder,1771510069.786706,23606,14,1
1,NewOrder,1771510069.787925,25140,10,1
1,NewOrder,1771510069.788326,22908,19,1
2,Payment,1771510069.789026,7031,21,1
1,NewOrder,1771510069.789070,19692,11,1
4,Delivery,1771510069.789481,34062,15,1
1,NewOrder,1771510069.789803,20442,12,1
1,NewOrder,1771510069.790862,18021,8,1
1,NewOrder,1771510069.791179,20553,5,1
5,StockLevel,1771510069.791627,14836,3,1
1,NewOrder,1771510069.791881,22185,16,1
1,NewOrder,1771510069.793888,20132,23,1
3,OrderStatus,1771510069.795228,8206,18,1
2,Payment,1771510069.796072,6287,21,1
1,NewOrder,1771510069.796575,24414,4,1
2,Payment,1771510069.796625,6158,7,1
4,Delivery,1771510069.799985,11773,0,1
1,NewOrder,1771510069.800821,31813,9,1
2,Payment,1771510069.801308,10403,22,1
2,Payment,1771510069.801410,5886,2,1
2,Payment,1771510069.802376,11018,21,1
2,Payment,1771510069.802776,7151,6,1
2,Payment,1771510069.802802,8839,7,1
1,NewOrder,1771510069.803459,17297,18,1
2,Payment,1771510069.805027,6241,1,1
2,Payment,1771510069.805678,4880,17,1
1,NewOrder,1771510069.805746,13556,20,1
1,NewOrder,1771510069.806474,31023,3,1
1,NewOrder,1771510069.807313,17008,2,1
1,NewOrder,1771510069.808475,33571,13,1
2,Payment,1771510069.808779,10209,11,1
1,NewOrder,1771510069.808909,21842,8,1
1,NewOrder,1771510069.809942,17139,6,1
1,NewOrder,1771510069.810259,33425,12,1
1,NewOrder,1771510069.810331,28231,14,1
4,Delivery,1771510069.810570,13463,17,1
1,NewOrder,1771510069.811249,24144,19,1
2,Payment,1771510069.811288,6879,1,1
1,NewOrder,1771510069.811655,16562,7,1
2,Payment,1771510069.811723,7570,22,1
5,StockLevel,1771510069.811744,16548,5,1
1,NewOrder,1771510069.811769,31648,0,1
1,NewOrder,1771510069.813078,30984,10,1
2,Payment,1771510069.813409,4153,21,1
2,Payment,1771510069.814047,6582,23,1
2,Payment,1771510069.814091,5976,16,1
2,Payment,1771510069.817574,7172,21,1
1,NewOrder,1771510069.818188,30506,1,1
2,Payment,1771510069.819000,6642,11,1
4,Delivery,1771510069.819307,44956,22,1
2,Payment,1771510069.819328,7819,20,1
2,Payment,1771510069.820085,6191,16,1
1,NewOrder,1771510069.820642,24724,23,1
2,Payment,1771510069.820782,8346,18,1
1,NewOrder,1771510069.821015,27341,4,1
2,Payment,1771510069.823569,7805,15,1
2,Payment,1771510069.824050,8899,17,1
1,NewOrder,1771510069.824347,26547,2,1
4,Delivery,1771510069.824771,39849,21,1
2,Payment,1771510069.825659,8695,11,1
1,NewOrder,1771510069.826293,23736,16,1
2,Payment,1771510069.827102,8638,6,1
2,Payment,1771510069.827164,4917,20,1
1,NewOrder,1771510069.828232,32931,7,1
2,Payment,1771510069.828304,7066,5,1
2,Payment,1771510069.829143,5851,18,1
1,NewOrder,1771510069.830761,31791,8,1
2,Payment,1771510069.831393,6673,15,1
2,Payment,1771510069.832107,6322,20,1
1,NewOrder,1771510069.832647,21755,9,1
2,Payment,1771510069.832969,6512,17,1
2,Payment,1771510069.834375,8123,11,1
2,Payment,1771510069.835020,5622,18,1
2,Payment,1771510069.835384,7118,5,1
1,NewOrder,1771510069.835409,24083,19,1
1,NewOrder,1771510069.835753,33482,6,1
1,NewOrder,1771510069.837524,23035,3,1
2,Payment,1771510069.838082,6921,15,1
2,Payment,1771510069.838455,7958,20,1
2,Payment,1771510069.838584,8289,14,1
1,NewOrder,1771510069.839494,14132,17,1
1,NewOrder,1771510069.840659,27042,18,1
1,NewOrder,1771510069.842066,25319,13,1
1,NewOrder,1771510069.842526,33296,11,1
1,NewOrder,1771510069.842526,25525,5,1
2,Payment,1771510069.843444,5937,0,1
1,NewOrder,1771510069.843698,31630,12,1
2,Payment,1771510069.844082,6437,10,1
1,NewOrder,1771510069.845017,29120,15,1
1,NewOrder,1771510069.845376,21489,23,1
1,NewOrder,1771510069.846440,18769,20,1
3,OrderStatus,1771510069.846899,6696,14,1
1,NewOrder,1771510069.848372,35636,4,1
2,Payment,1771510069.848720,6427,1,1
2,Payment,1771510069.849404,7712,0,1
2,Payment,1771510069.850049,5944,16,1
2,Payment,1771510069.850534,6264,10,1
2,Payment,1771510069.850909,10691,2,1
1,NewOrder,1771510069.853619,27529,14,1
1,NewOrder,1771510069.853653,18013,17,1
1,NewOrder,1771510069.854416,15701,9,1
2,Payment,1771510069.855174,8384,1,1
1,NewOrder,1771510069.856009,23986,16,1
2,Payment,1771510069.856809,6150,10,1
5,StockLevel,1771510069.857142,13040,0,1
1,NewOrder,1771510069.859519,30147,19,1
1,NewOrder,1771510069.860585,32998,3,1
1,NewOrder,1771510069.861189,15816,7,1
2,Payment,1771510069.861626,7060,2,1
1,NewOrder,1771510069.862578,26415,8,1
1,NewOrder,1771510069.862973,30063,10,1
3,OrderStatus,1771510069.863577,7005,1,1
2,Payment,1771510069.864289,7426,22,1
2,Payment,1771510069.864641,11148,21,1
1,NewOrder,1771510069.865224,29253,20,1
1,NewOrder,1771510069.866891,16280,23,1
2,Payment,1771510069.867411,7211,13,1
2,Payment,1771510069.867714,9754,18,1
1,NewOrder,1771510069.868062,16595,5,1
1,NewOrder,1771510069.868712,31115,2,1
1,NewOrder,1771510069.869260,27104,6,1
2,Payment,1771510069.870132,6406,9,1
5,StockLevel,1771510069.870213,14165,0,1
1,NewOrder,1771510069.870595,24474,1,1
2,Payment,1771510069.871692,5859,17,1
2,Payment,1771510069.871742,11808,22,1
1,NewOrder,1771510069.874164,25309,15,1
2,Payment,1771510069.874648,8921,13,1
1,NewOrder,1771510069.875342,17324,12,1
2,Payment,1771510069.875815,5742,21,1
5,StockLevel,1771510069.875839,17625,11,1
3,OrderStatus,1771510069.876564,8043,9,1
5,StockLevel,1771510069.877019,16153,7,1
1,NewOrder,1771510069.877493,27562,18,1
1,NewOrder,1771510069.877568,25879,17,1
5,StockLevel,1771510069.880021,16378,16,1
4,Delivery,1771510069.881163,42358,14,1
1,NewOrder,1771510069.881573,21862,21,1
1,NewOrder,1771510069.883186,20710,23,1
2,Payment,1771510069.883574,4116,22,1
1,NewOrder,1771510069.883583,14646,13,1
2,Payment,1771510069.884025,6278,4,1
2,Payment,1771510069.884402,13275,0,1
1,NewOrder,1771510069.884619,27854,9,1
2,Payment,1771510069.884683,9523,5,1
2,Payment,1771510069.887707,5841,22,1
1,NewOrder,1771510069.889012,22995,8,1
4,Delivery,1771510069.889716,35752,19,1
1,NewOrder,1771510069.890323,29321,4,1
2,Payment,1771510069.892691,6093,12,1
2,Payment,1771510069.893061,6788,10,1
1,NewOrder,1771510069.893197,15843,7,1
1,NewOrder,1771510069.893486,29781,11,1
4,Delivery,1771510069.893564,32362,22,1
2,Payment,1771510069.893610,6311,3,1
2,Payment,1771510069.894218,7079,5,1
1,NewOrder,1771510069.894493,21305,20,1
1,NewOrder,1771510069.895084,31506,1,1
2,Payment,1771510069.896380,6275,6,1
1,NewOrder,1771510069.896411,16093,16,1
2,Payment,1771510069.897719,5378,0,1
2,Payment,1771510069.898240,6358,13,1
2,Payment,1771510069.898794,7417,12,1
2,Payment,1771510069.899499,21396,15,1
2,Payment,1771510069.899844,8666,2,1
1,NewOrder,1771510069.899864,12764,10,1
2,Payment,1771510069.899946,6906,3,1
1,NewOrder,1771510069.901310,21987,5,1
1,NewOrder,1771510069.902669,25010,6,1
2,Payment,1771510069.903123,7225,0,1
2,Payment,1771510069.903456,8102,21,1
5,StockLevel,1771510069.903460,10732,17,1
2,Payment,1771510069.903915,9033,23,1
2,Payment,1771510069.904612,7822,13,1
2,Payment,1771510069.905071,9908,18,1
2,Payment,1771510069.906227,8314,12,1
2,Payment,1771510069.906865,7163,3,1
1,NewOrder,1771510069.908526,17361,2,1
3,OrderStatus,1771510069.909052,2846,7,1
2,Payment,1771510069.910375,5978,0,1
1,NewOrder,1771510069.911583,36116,21,1
2,Payment,1771510069.911910,6639,7,1
2,Payment,1771510069.912021,3296,8,1
1,NewOrder,1771510069.912456,32360,13,1
2,Payment,1771510069.912487,7881,9,1
2,Payment,1771510069.912529,10665,16,1
2,Payment,1771510069.912655,10637,10,1
2,Payment,1771510069.912962,4866,23,1
1,NewOrder,1771510069.914040,24995,3,1
1,NewOrder,1771510069.914208,21582,17,1
1,NewOrder,1771510069.914555,25347,12,1
2,Payment,1771510069.914992,8224,18,1
1,NewOrder,1771510069.915331,21500,8,1
5,StockLevel,1771510069.915812,13946,20,1
2,Payment,1771510069.916366,6451,0,1
1,NewOrder,1771510069.917848,21576,23,1
1,NewOrder,1771510069.918560,17827,7,1
4,Delivery,1771510069.919657,48950,4,1
4,Delivery,1771510069.920395,32040,9,1
2,Payment,1771510069.920912,6075,15,1
3,OrderStatus,1771510069.922831,8132,0,1
2,Payment,1771510069.923219,5301,16,1
2,Payment,1771510069.923235,4978,18,1
2,Payment,1771510069.923284,6291,11,1
1,NewOrder,1771510069.923312,16600,10,1
1,NewOrder,1771510069.923317,29491,5,1
1,NewOrder,1771510069.923532,13363,14,1
1,NewOrder,1771510069.925480,22822,19,1
3,OrderStatus,1771510069.925903,8399,2,1
2,Payment,1771510069.925943,4011,22,1
1,NewOrder,1771510069.926606,28898,1,1
2,Payment,1771510069.927013,6353,15,1
3,OrderStatus,1771510069.927695,6117,6,1
2,Payment,1771510069.928231,7180,18,1
2,Payment,1771510069.928534,7234,16,1
1,NewOrder,1771510069.929591,21243,11,1
1,NewOrder,1771510069.929775,22299,20,1
2,Payment,1771510069.929969,7163,22,1
2,Payment,1771510069.930975,7166,0,1
1,NewOrder,1771510069.933383,22725,15,1
2,Payment,1771510069.933826,7258,6,1
2,Payment,1771510069.934316,7095,2,1
1,NewOrder,1771510069.935426,20657,18,1
3,OrderStatus,1771510069.935784,847,16,1
1,NewOrder,1771510069.935806,23153,17,1
4,Delivery,1771510069.936400,16493,7,1
2,Payment,1771510069.936644,7787,16,1
2,Payment,1771510069.936849,7023,8,1
2,Payment,1771510069.936910,5216,14,1
2,Payment,1771510069.937144,2303,22,1
2,Payment,1771510069.938153,6299,0,1
2,Payment,1771510069.939048,7477,3,1
1,NewOrder,1771510069.939437,20849,23,1
2,Payment,1771510069.939461,6663,22,1
1,NewOrder,1771510069.939913,19794,12,1
2,Payment,1771510069.939924,6621,10,1
2,Payment,1771510069.941102,7686,6,1
1,NewOrder,1771510069.941423,28945,2,1
1,NewOrder,1771510069.942141,24748,14,1
1,NewOrder,1771510069.943891,19718,8,1
1,NewOrder,1771510069.944447,28440,16,1
1,NewOrder,1771510069.944465,30944,0,1
2,Payment,1771510069.944830,7669,13,1
1,NewOrder,1771510069.946136,24251,22,1
1,NewOrder,1771510069.946540,19268,3,1
1,NewOrder,1771510069.946558,16005,10,1
1,NewOrder,1771510069.947715,25580,21,1
3,OrderStatus,1771510069.948313,7239,19,1
2,Payment,1771510069.948814,5953,6,1
1,NewOrder,1771510069.950849,26396,11,1
1,NewOrder,1771510069.952090,26943,20,1
1,NewOrder,1771510069.952450,17233,9,1
4,Delivery,1771510069.952525,18802,13,1
4,Delivery,1771510069.952827,16263,5,1
2,Payment,1771510069.952908,5280,7,1
2,Payment,1771510069.954781,7378,6,1
2,Payment,1771510069.955521,8144,1,1
1,NewOrder,1771510069.955576,16951,19,1
1,NewOrder,1771510069.956095,26428,18,1
1,NewOrder,1771510069.956126,18644,15,1
1,NewOrder,1771510069.958206,19575,7,1
2,Payment,1771510069.958973,7330,17,1
1,NewOrder,1771510069.959720,17639,12,1
2,Payment,1771510069.960302,6558,23,1
5,StockLevel,1771510069.962174,14561,6,1
2,Payment,1771510069.962581,7160,10,1
3,OrderStatus,1771510069.963623,6629,8,1
2,Payment,1771510069.963683,6657,1,1
2,Payment,1771510069.965821,7047,3,1
2,Payment,1771510069.966317,5664,17,1
1,NewOrder,1771510069.966876,22787,23,1
2,Payment,1771510069.966901,6698,14,1
2,Payment,1771510069.968635,8511,4,1
2,Payment,1771510069.969107,6169,5,1
2,Payment,1771510069.969718,4508,9,1
1,NewOrder,1771510069.969758,21085,10,1
2,Payment,1771510069.970262,8368,8,1
2,Payment,1771510069.970358,8706,1,1
1,NewOrder,1771510069.970385,15221,2,1
1,NewOrder,1771510069.970402,19917,22,1
2,Payment,1771510069.971352,10759,13,1
4,Delivery,1771510069.971993,38282,17,1
2,Payment,1771510069.972544,4285,19,1
2,Payment,1771510069.972879,8363,3,1
2,Payment,1771510069.972902,6028,16,1
3,OrderStatus,1771510069.973309,3000,21,1
2,Payment,1771510069.973615,25799,14,1
4,Delivery,1771510069.974238,25725,9,1
2,Payment,1771510069.974791,18639,15,1
1,NewOrder,1771510069.975295,24612,5,1
2,Payment,1771510069.975422,8228,0,1
2,Payment,1771510069.976324,4705,21,1
1,NewOrder,1771510069.976743,24169,6,1
2,Payment,1771510069.976842,7868,19,1
2,Payment,1771510069.977163,7914,4,1
2,Payment,1771510069.977257,5106,11,1
2,Payment,1771510069.977369,13477,12,1
2,Payment,1771510069.977793,8604,7,1
2,Payment,1771510069.978647,9344,8,1
1,NewOrder,1771510069.978957,52633,16,1
1,NewOrder,1771510069.979059,55709,20,1
2,Payment,1771510069.979082,7208,1,1
1,NewOrder,1771510069.981043,37197,21,1
2,Payment,1771510069.981268,10725,3,1
2,Payment,1771510069.982128,13079,13,1
1,NewOrder,1771510069.982379,22681,11,1
1,NewOrder,1771510069.982540,18756,18,1
1,NewOrder,1771510069.983665,22093,0,1
2,Payment,1771510069.984727,12311,19,1
1,NewOrder,1771510069.985087,35002,4,1
1,NewOrder,1771510069.985615,12202,2,1
2,Payment,1771510069.986307,7869,1,1
5,StockLevel,1771510069.986424,13802,7,1
1,NewOrder,1771510069.988007,16621,8,1
2,Payment,1771510069.989716,15686,23,1
5,StockLevel,1771510069.990332,10010,22,1
4,Delivery,1771510069.990864,19820,12,1
2,Payment,1771510069.990872,5522,10,1
2,Payment,1771510069.992004,7744,3,1
1,NewOrder,1771510069.993455,36083,15,1
2,Payment,1771510069.994195,7077,1,1
1,NewOrder,1771510069.995222,33254,13,1
2,Payment,1771510069.996408,4918,10,1
2,Payment,1771510069.997052,6910,19,1
1,NewOrder,1771510069.997833,14089,2,1
1,NewOrder,1771510069.999435,42562,14,1
2,Payment,1771510069.999760,9303,3,1
1,NewOrder,1771510069.999924,9603,5,1
2,Payment,1771510069.999988,3452,9,1
1,NewOrder,1771510070.000238,24307,7,1
4,Delivery,1771510070.000356,31420,22,1
2,Payment,1771510070.000923,13742,6,1
1,NewOrder,1771510070.001288,23839,1,1
1,NewOrder,1771510070.001313,9528,18,1
2,Payment,1771510070.001347,14729,10,1
2,Payment,1771510070.003465,13907,9,1
1,NewOrder,1771510070.003975,30816,19,1
2,Payment,1771510070.004653,15536,8,1
1,NewOrder,1771510070.005071,20036,11,1
2,Payment,1771510070.005419,2366,23,1
4,Delivery,1771510070.005774,13551,0,1
1,NewOrder,1771510070.007799,25631,23,1
1,NewOrder,1771510070.009077,20380,3,1
2,Payment,1771510070.009541,2871,5,1
1,NewOrder,1771510070.010299,14881,17,1
1,NewOrder,1771510070.010701,28027,12,1
1,NewOrder,1771510070.010854,14293,18,1
1,NewOrder,1771510070.011932,15537,2,1
2,Payment,1771510070.012421,4239,5,1
2,Payment,1771510070.014684,11131,6,1
2,Payment,1771510070.016093,5489,10,1
4,Delivery,1771510070.016680,3038,5,1
1,NewOrder,1771510070.017390,21432,9,1
1,NewOrder,1771510070.018254,24239,21,1
1,NewOrder,1771510070.019350,24608,0,1
2,Payment,1771510070.019734,6044,5,1
1,NewOrder,1771510070.020115,14624,4,1
4,Delivery,1771510070.020208,23378,8,1
1,NewOrder,1771510070.021595,22161,10,1
2,Payment,1771510070.024565,5601,7,1
2,Payment,1771510070.025124,11325,11,1
1,NewOrder,1771510070.025143,22106,1,1
3,OrderStatus,1771510070.025162,4752,18,1
4,Delivery,1771510070.025196,48623,17,1
2,Payment,1771510070.025794,5334,5,1
2,Payment,1771510070.025831,15380,6,1
2,Payment,1771510070.027482,6568,2,1
2,Payment,1771510070.028500,6763,13,1
2,Payment,1771510070.029484,8880,3,1
1,NewOrder,1771510070.029557,13624,15,1
1,NewOrder,1771510070.029924,29643,18,1
3,OrderStatus,1771510070.030184,10475,7,1
3,OrderStatus,1771510070.031143,8419,5,1
1,NewOrder,1771510070.031598,36834,16,1
4,Delivery,1771510070.031791,42575,22,1
4,Delivery,1771510070.033442,41302,23,1
2,Payment,1771510070.034066,7959,2,1
2,Payment,1771510070.034755,8858,4,1
2,Payment,1771510070.034785,4588,20,1
1,NewOrder,1771510070.034805,19386,19,1
1,NewOrder,1771510070.035276,13120,13,1
4,Delivery,1771510070.036461,7473,11,1
4,Delivery,1771510070.038390,40601,3,1
1,NewOrder,1771510070.038741,29661,12,1
2,Payment,1771510070.038848,7547,9,1
1,NewOrder,1771510070.039389,13132,20,1
2,Payment,1771510070.039575,6332,5,1
2,Payment,1771510070.040669,11510,7,1
2,Payment,1771510070.041224,15934,6,1
4,Delivery,1771510070.042022,32282,14,1
2,Payment,1771510070.042037,6420,2,1
1,NewOrder,1771510070.042513,19008,21,1
1,NewOrder,1771510070.043193,20312,15,1
1,NewOrder,1771510070.043599,20050,8,1
4,Delivery,1771510070.043630,35792,4,1
2,Payment,1771510070.043772,15387,10,1
2,Payment,1771510070.043948,20197,11,1
2,Payment,1771510070.043971,5859,0,1
1,NewOrder,1771510070.045920,23457,5,1
1,NewOrder,1771510070.046414,25498,9,1
1,NewOrder,1771510070.047265,11542,1,1
1,NewOrder,1771510070.048410,10855,13,1
2,Payment,1771510070.048472,4146,2,1
1,NewOrder,1771510070.049843,9328,0,1
1,NewOrder,1771510070.052198,28451,7,1
2,Payment,1771510070.052537,3510,20,1
1,NewOrder,1771510070.052635,25899,2,1
2,Payment,1771510070.054204,4941,19,1
2,Payment,1771510070.056068,8054,20,1
4,Delivery,1771510070.057187,16270,6,1
1,NewOrder,1771510070.058823,17975,1,1
2,Payment,1771510070.059164,6553,19,1
1,NewOrder,1771510070.059185,27490,10,1
1,NewOrder,1771510070.059188,13719,0,1
5,StockLevel,1771510070.059290,11591,13,1
5,StockLevel,1771510070.059583,27411,18,1
2,Payment,1771510070.061533,6930,21,1
1,NewOrder,1771510070.063520,15396,15,1
5,StockLevel,1771510070.063665,12371,8,1
1,NewOrder,1771510070.064138,22514,20,1
2,Payment,1771510070.064163,3880,11,1
5,StockLevel,1771510070.065744,12232,19,1
1,NewOrder,1771510070.068060,26627,11,1
1,NewOrder,1771510070.068420,16175,12,1
2,Payment,1771510070.068447,4509,16,1
2,Payment,1771510070.068490,3837,21,1
2,Payment,1771510070.069403,5654,5,1
1,NewOrder,1771510070.070907,21150,13,1
1,NewOrder,1771510070.071929,14401,9,1
1,NewOrder,1771510070.072344,20151,21,1
2,Payment,1771510070.072925,8046,0,1
2,Payment,1771510070.072981,8541,16,1
2,Payment,1771510070.073472,5717,6,1
1,NewOrder,1771510070.073835,20899,17,1
1,NewOrder,1771510070.074321,14195,14,1
1,NewOrder,1771510070.074379,38283,22,1
1,NewOrder,1771510070.074762,15282,23,1
2,Payment,1771510070.075074,7668,5,1
1,NewOrder,1771510070.076047,20394,8,1
2,Payment,1771510070.076814,10371,1,1
1,NewOrder,1771510070.077998,20857,19,1
1,NewOrder,1771510070.078547,21571,2,1
2,Payment,1771510070.078932,8881,15,1
1,NewOrder,1771510070.079006,27947,3,1
2,Payment,1771510070.079207,6027,6,1
1,NewOrder,1771510070.079438,48212,4,1
2,Payment,1771510070.080667,8216,7,1
1,NewOrder,1771510070.080987,33794,0,1
2,Payment,1771510070.081535,12800,16,1
2,Payment,1771510070.082768,6082,5,1
1,NewOrder,1771510070.084610,16366,12,1
2,Payment,1771510070.085247,14847,6,1
1,NewOrder,1771510070.086345,33348,9,1
1,NewOrder,1771510070.086665,49318,20,1
1,NewOrder,1771510070.086690,24983,10,1
1,NewOrder,1771510070.087008,18810,18,1
1,NewOrder,1771510070.087197,34864,1,1
1,NewOrder,1771510070.087820,49188,15,1
5,StockLevel,1771510070.088534,12780,14,1
4,Delivery,1771510070.088864,60085,5,1
1,NewOrder,1771510070.088902,21408,7,1
1,NewOrder,1771510070.090064,20646,23,1
2,Payment,1771510070.092070,4677,13,1
1,NewOrder,1771510070.092510,10330,21,1
1,NewOrder,1771510070.094351,35668,16,1
1,NewOrder,1771510070.094703,51190,11,1
1,NewOrder,1771510070.094751,11929,17,1
5,StockLevel,1771510070.096467,18790,8,1
1,NewOrder,1771510070.096759,9438,13,1
1,NewOrder,1771510070.098868,20119,19,1
1,NewOrder,1771510070.100113,40217,6,1
1,NewOrder,1771510070.100134,18153,2,1
2,Payment,1771510070.101002,4270,12,1
1,NewOrder,1771510070.101327,12190,14,1
2,Payment,1771510070.102853,4205,21,1
1,NewOrder,1771510070.105289,16212,12,1
1,NewOrder,1771510070.105832,18366,18,1
2,Payment,1771510070.106208,4466,13,1
2,Payment,1771510070.106697,6354,17,1
2,Payment,1771510070.106966,7791,3,1
1,NewOrder,1771510070.107073,15386,21,1
1,NewOrder,1771510070.110329,33964,7,1
1,NewOrder,1771510070.110691,12392,13,1
1,NewOrder,1771510070.110726,31695,23,1
1,NewOrder,1771510070.111685,27762,10,1
5,StockLevel,1771510070.112684,12866,22,1
2,Payment,1771510070.113063,2305,17,1
3,OrderStatus,1771510070.113531,4256,14,1
4,Delivery,1771510070.114773,34455,3,1
1,NewOrder,1771510070.114803,29442,0,1
2,Payment,1771510070.115270,7267,8,1
2,Payment,1771510070.115376,4936,17,1
1,NewOrder,1771510070.117803,10378,14,1
2,Payment,1771510070.118301,7817,2,1
2,Payment,1771510070.119002,3086,19,1
1,NewOrder,1771510070.119709,31659,9,1
3,OrderStatus,1771510070.120338,3290,17,1
1,NewOrder,1771510070.121517,14765,12,1
2,Payment,1771510070.122078,11272,1,1
2,Payment,1771510070.122103,2731,19,1
2,Payment,1771510070.122471,4139,21,1
1,NewOrder,1771510070.122563,19833,8,1
2,Payment,1771510070.123094,2541,13,1
2,Payment,1771510070.123643,4328,17,1
2,Payment,1771510070.124224,4113,18,1
2,Payment,1771510070.124848,5924,19,1
1,NewOrder,1771510070.125575,30769,22,1
2,Payment,1771510070.125651,5203,13,1
2,Payment,1771510070.126134,11205,2,1
1,NewOrder,1771510070.126628,9379,21,1
2,Payment,1771510070.127669,13433,4,1
2,Payment,1771510070.127983,6136,17,1
2,Payment,1771510070.128193,9244,14,1
2,Payment,1771510070.128352,5792,18,1
1,NewOrder,1771510070.130035,24276,16,1
2,Payment,1771510070.130785,6519,19,1
1,NewOrder,1771510070.130869,21496,13,1
2,Payment,1771510070.133376,9522,1,1
1,NewOrder,1771510070.134134,16908,17,1
1,NewOrder,1771510070.134169,10570,18,1
5,StockLevel,1771510070.136008,14379,20,1
1,NewOrder,1771510070.136027,21390,21,1
3,OrderStatus,1771510070.136302,4117,12,1
1,NewOrder,1771510070.137022,25487,15,1
3,OrderStatus,1771510070.137317,7005,19,1
2,Payment,1771510070.137355,7201,2,1
2,Payment,1771510070.137463,5413,14,1
2,Payment,1771510070.139473,5106,10,1
2,Payment,1771510070.140349,6180,6,1
2,Payment,1771510070.140431,6515,12,1
1,NewOrder,1771510070.141120,21361,4,1
2,Payment,1771510070.142417,10946,8,1
2,Payment,1771510070.142448,12337,23,1
1,NewOrder,1771510070.142905,13852,14,1
1,NewOrder,1771510070.142915,11066,1,1
2,Payment,1771510070.144260,7667,0,1
2,Payment,1771510070.144319,7081,7,1
2,Payment,1771510070.144347,12366,19,1
1,NewOrder,1771510070.144568,49594,2,1
1,NewOrder,1771510070.144593,17490,10,1
1,NewOrder,1771510070.144762,11413,18,1
2,Payment,1771510070.145907,9767,11,1
1,NewOrder,1771510070.146545,44794,6,1
1,NewOrder,1771510070.146972,28450,12,1
3,OrderStatus,1771510070.148973,7105,5,1
2,Payment,1771510070.149247,5003,3,1
1,NewOrder,1771510070.150402,38761,20,1
2,Payment,1771510070.151067,4264,17,1
2,Payment,1771510070.151393,8286,9,1
2,Payment,1771510070.151426,25886,7,1
1,NewOrder,1771510070.151954,45100,0,1
1,NewOrder,1771510070.152386,26510,13,1
2,Payment,1771510070.153379,26245,8,1
1,NewOrder,1771510070.154007,19034,1,1
1,NewOrder,1771510070.154265,45997,3,1
4,Delivery,1771510070.154324,59915,16,1
1,NewOrder,1771510070.154810,52897,23,1
1,NewOrder,1771510070.155346,28877,17,1
2,Payment,1771510070.155693,25608,11,1
1,NewOrder,1771510070.156103,42691,5,1
1,NewOrder,1771510070.156196,22016,18,1
2,Payment,1771510070.156356,6820,22,1
1,NewOrder,1771510070.156726,18283,19,1
1,NewOrder,1771510070.156778,24151,14,1
2,Payment,1771510070.157430,16363,21,1
1,NewOrder,1771510070.159699,43930,9,1
2,Payment,1771510070.162102,22086,10,1
2,Payment,1771510070.162491,14465,4,1
2,Payment,1771510070.162524,21252,15,1
1,NewOrder,1771510070.163194,28129,22,1
1,NewOrder,1771510070.173052,16171,1,1
3,OrderStatus,1771510070.173799,3292,21,1
1,NewOrder,1771510070.175027,19780,19,1
1,NewOrder,1771510070.175428,13765,12,1
2,Payment,1771510070.176976,9979,4,1
1,NewOrder,1771510070.177098,21369,21,1
2,Payment,1771510070.177332,10052,7,1
1,NewOrder,1771510070.178225,10594,18,1
1,NewOrder,1771510070.178919,13685,13,1
1,NewOrder,1771510070.179643,27482,8,1
2,Payment,1771510070.180953,4776,14,1
2,Payment,1771510070.181312,9484,11,1
1,NewOrder,1771510070.183801,25379,15,1
2,Payment,1771510070.184212,8119,10,1
1,NewOrder,1771510070.184237,16538,17,1
4,Delivery,1771510070.185743,28887,14,1
1,NewOrder,1771510070.186966,29300,4,1
2,Payment,1771510070.187402,7435,7,1
1,NewOrder,1771510070.188837,27987,18,1
4,Delivery,1771510070.189177,37335,20,1
1,NewOrder,1771510070.189207,14168,12,1
2,Payment,1771510070.189237,7168,1,1
1,NewOrder,1771510070.190822,17863,11,1
1,NewOrder,1771510070.191350,22816,22,1
1,NewOrder,1771510070.191352,23581,6,1
1,NewOrder,1771510070.192346,21859,10,1
1,NewOrder,1771510070.192613,12704,13,1
1,NewOrder,1771510070.194181,23092,2,1
1,NewOrder,1771510070.194820,20419,19,1
4,Delivery,1771510070.194865,20452,7,1
2,Payment,1771510070.196423,6416,1,1
1,NewOrder,1771510070.197080,23139,0,1
2,Payment,1771510070.198481,4791,21,1
2,Payment,1771510070.198811,9780,5,1
1,NewOrder,1771510070.200277,14269,3,1
2,Payment,1771510070.200791,4133,17,1
2,Payment,1771510070.202872,12639,1,1
2,Payment,1771510070.203297,4987,21,1
1,NewOrder,1771510070.203388,23567,12,1
2,Payment,1771510070.203653,10030,9,1
3,OrderStatus,1771510070.204938,6742,17,1
1,NewOrder,1771510070.205333,27333,13,1
1,NewOrder,1771510070.207139,11291,8,1
2,Payment,1771510070.207724,9579,23,1
1,NewOrder,1771510070.208302,27325,21,1
2,Payment,1771510070.208612,10381,5,1
5,StockLevel,1771510070.208713,22598,11,1
1,NewOrder,1771510070.209197,8950,15,1
2,Payment,1771510070.211693,6409,17,1
1,NewOrder,1771510070.213715,27929,9,1
2,Payment,1771510070.214192,6069,22,1
2,Payment,1771510070.214225,5712,10,1
1,NewOrder,1771510070.214255,20507,16,1
1,NewOrder,1771510070.214557,18233,3,1
2,Payment,1771510070.214649,5113,14,1
1,NewOrder,1771510070.214946,12843,6,1
2,Payment,1771510070.215264,7981,19,1
2,Payment,1771510070.215331,10167,7,1
2,Payment,1771510070.215527,8189,1,1
2,Payment,1771510070.216279,9652,4,1
2,Payment,1771510070.216836,14150,18,1
2,Payment,1771510070.217292,12319,2,1
2,Payment,1771510070.217316,10470,23,1
5,StockLevel,1771510070.218117,14954,17,1
2,Payment,1771510070.218163,3208,15,1
3,OrderStatus,1771510070.218445,2959,8,1
2,Payment,1771510070.219007,12322,5,1
4,Delivery,1771510070.219777,21828,14,1
2,Payment,1771510070.219962,6990,10,1
2,Payment,1771510070.220231,13909,0,1
1,NewOrder,1771510070.220278,39336,22,1
2,Payment,1771510070.221389,7892,15,1
1,NewOrder,1771510070.221413,17872,8,1
2,Payment,1771510070.223259,9095,19,1
1,NewOrder,1771510070.223742,35250,1,1
2,Payment,1771510070.225524,7173,7,1
5,StockLevel,1771510070.225958,16106,4,1
5,StockLevel,1771510070.226525,10236,20,1
1,NewOrder,1771510070.226969,14562,12,1
2,Payment,1771510070.226978,9259,10,1
2,Payment,1771510070.227814,8922,23,1
3,OrderStatus,1771510070.227817,7017,6,1
4,Delivery,1771510070.229305,12673,15,1
2,Payment,1771510070.229623,10972,2,1
2,Payment,1771510070.231011,10524,18,1
1,NewOrder,1771510070.231337,12570,11,1
1,NewOrder,1771510070.231344,24233,5,1
2,Payment,1771510070.232376,6946,19,1
2,Payment,1771510070.232685,8111,13,1
1,NewOrder,1771510070.232717,31022,7,1
2,Payment,1771510070.232817,6179,3,1
1,NewOrder,1771510070.233083,18638,17,1
4,Delivery,1771510070.234162,11841,0,1
2,Payment,1771510070.234778,8033,16,1
3,OrderStatus,1771510070.234847,5842,6,1
1,NewOrder,1771510070.235645,8744,21,1
2,Payment,1771510070.236263,11951,10,1
2,Payment,1771510070.236757,10197,23,1
2,Payment,1771510070.236786,13055,20,1
1,NewOrder,1771510070.239021,34778,3,1
2,Payment,1771510070.239299,10352,8,1
1,NewOrder,1771510070.239339,26795,19,1
2,Payment,1771510070.240612,7545,2,1
2,Payment,1771510070.240709,12053,6,1
2,Payment,1771510070.240816,4707,13,1
2,Payment,1771510070.241555,10836,18,1
4,Delivery,1771510070.241560,7795,12,1
2,Payment,1771510070.241617,6964,14,1
2,Payment,1771510070.241657,12497,9,1
1,NewOrder,1771510070.241993,19164,15,1
1,NewOrder,1771510070.242082,31736,4,1
2,Payment,1771510070.242837,7321,16,1
1,NewOrder,1771510070.243923,17366,11,1
1,NewOrder,1771510070.244403,14151,21,1
2,Payment,1771510070.245543,9307,13,1
1,NewOrder,1771510070.246023,14317,0,1
2,Payment,1771510070.246966,9557,23,1
1,NewOrder,1771510070.248176,28990,2,1
5,StockLevel,1771510070.248231,24584,10,1
4,Delivery,1771510070.248603,1308,14,1
2,Payment,1771510070.249366,8199,12,1
1,NewOrder,1771510070.249677,25669,8,1
2,Payment,1771510070.249866,4957,20,1
2,Payment,1771510070.249934,10055,14,1
3,OrderStatus,1771510070.250172,1508,16,1
2,Payment,1771510070.251693,16067,16,1
2,Payment,1771510070.251747,10139,17,1
2,Payment,1771510070.252411,6437,18,1
2,Payment,1771510070.252774,6196,6,1
2,Payment,1771510070.254172,6511,9,1
1,NewOrder,1771510070.254835,12545,20,1
2,Payment,1771510070.254865,10448,13,1
2,Payment,1771510070.255602,6264,5,1
2,Payment,1771510070.256544,6848,23,1
2,Payment,1771510070.257591,11797,12,1
2,Payment,1771510070.258580,7583,21,1
3,OrderStatus,1771510070.258870,3626,18,1
1,NewOrder,1771510070.258994,15415,6,1
1,NewOrder,1771510070.259006,18960,1,1
2,Payment,1771510070.259633,10083,22,1
2,Payment,1771510070.260000,13917,14,1
2,Payment,1771510070.260358,6962,0,1
3,OrderStatus,1771510070.260709,1504,9,1
1,NewOrder,1771510070.261172,16019,15,1
2,Payment,1771510070.261304,3189,11,1
1,NewOrder,1771510070.261879,21026,5,1
2,Payment,1771510070.261899,14911,17,1
1,NewOrder,1771510070.262228,8576,9,1
2,Payment,1771510070.262506,5744,18,1
1,NewOrder,1771510070.263414,33593,23,1
2,Payment,1771510070.263752,10751,7,1
3,OrderStatus,1771510070.264508,2963,11,1
1,NewOrder,1771510070.265325,20403,13,1
2,Payment,1771510070.266160,17024,19,1
2,Payment,1771510070.266176,4855,21,1
3,OrderStatus,1771510070.267345,7489,0,1
2,Payment,1771510070.267397,9545,20,1
2,Payment,1771510070.267483,8922,11,1
2,Payment,1771510070.267786,11571,16,1
2,Payment,1771510070.268273,4922,18,1
2,Payment,1771510070.269404,11574,12,1
4,Delivery,1771510070.269731,31368,22,1
2,Payment,1771510070.270830,7264,9,1
2,Payment,1771510070.271043,13876,21,1
2,Payment,1771510070.272828,13818,10,1
2,Payment,1771510070.273211,19680,18,1
2,Payment,1771510070.273825,5960,3,1
2,Payment,1771510070.273840,4463,4,1
1,NewOrder,1771510070.273929,26026,14,1
2,Payment,1771510070.274427,13847,6,1
2,Payment,1771510070.274528,17049,7,1
1,NewOrder,1771510070.274859,7310,0,1
2,Payment,1771510070.275372,17938,8,1
2,Payment,1771510070.276420,18559,11,1
1,NewOrder,1771510070.276824,16693,17,1
2,Payment,1771510070.276951,17471,20,1
1,NewOrder,1771510070.277185,7244,2,1
1,NewOrder,1771510070.277204,7405,15,1
1,NewOrder,1771510070.277993,19128,1,1
1,NewOrder,1771510070.278106,15302,9,1
1,NewOrder,1771510070.278312,22839,4,1
1,NewOrder,1771510070.279383,22815,16,1
2,Payment,1771510070.279797,5081,3,1
1,NewOrder,1771510070.281005,12713,12,1
2,Payment,1771510070.282196,5105,0,1
1,NewOrder,1771510070.282931,24696,5,1
2,Payment,1771510070.283197,15120,19,1
1,NewOrder,1771510070.284443,23231,2,1
2,Payment,1771510070.284625,6379,15,1
2,Payment,1771510070.284905,13386,3,1
1,NewOrder,1771510070.284941,37258,21,1
2,Payment,1771510070.285743,12648,13,1
2,Payment,1771510070.286671,9677,10,1
1,NewOrder,1771510070.287321,37801,0,1
4,Delivery,1771510070.288289,14999,6,1
1,NewOrder,1771510070.291030,33526,15,1
4,Delivery,1771510070.291600,12007,7,1
1,NewOrder,1771510070.292912,27060,18,1
2,Payment,1771510070.293330,9188,8,1
2,Payment,1771510070.293425,11022,9,1
1,NewOrder,1771510070.293543,14025,17,1
1,NewOrder,1771510070.293733,19410,12,1
5,StockLevel,1771510070.294449,14415,20,1
2,Payment,1771510070.295005,18858,11,1
2,Payment,1771510070.296367,15696,10,1
3,OrderStatus,1771510070.297020,2688,23,1
1,NewOrder,1771510070.297147,20607,1,1
1,NewOrder,1771510070.298305,20238,3,1
2,Payment,1771510070.298343,9572,19,1
1,NewOrder,1771510070.298409,59011,13,1
2,Payment,1771510070.299732,10281,23,1
1,NewOrder,1771510070.299969,14634,14,1
2,Payment,1771510070.301122,16898,22,1
2,Payment,1771510070.301165,5353,4,1
1,NewOrder,1771510070.302211,17792,16,1
2,Payment,1771510070.302534,7077,8,1
2,Payment,1771510070.303303,13318,6,1
1,NewOrder,1771510070.303629,23462,7,1
1,NewOrder,1771510070.304472,14357,9,1
2,Payment,1771510070.306538,7678,4,1
2,Payment,1771510070.307586,9480,17,1
1,NewOrder,1771510070.307643,19468,5,1
2,Payment,1771510070.307701,8324,2,1
1,NewOrder,1771510070.307933,19229,19,1
2,Payment,1771510070.308876,11640,20,1
1,NewOrder,1771510070.309637,33710,8,1
2,Payment,1771510070.310039,4145,23,1
2,Payment,1771510070.312090,6172,10,1
2,Payment,1771510070.313160,5427,12,1
2,Payment,1771510070.313880,9034,11,1
2,Payment,1771510070.314201,7979,23,1
1,NewOrder,1771510070.314234,10307,4,1
1,NewOrder,1771510070.314630,15839,14,1
2,Payment,1771510070.316038,7948,2,1
1,NewOrder,1771510070.316656,23276,6,1
2,Payment,1771510070.317079,3898,17,1
2,Payment,1771510070.317771,7978,1,1
1,NewOrder,1771510070.318041,27568,22,1
1,NewOrder,1771510070.318277,27312,10,1
5,StockLevel,1771510070.318557,16516,3,1
1,NewOrder,1771510070.318608,19938,12,1
2,Payment,1771510070.318845,6210,9,1
1,NewOrder,1771510070.319993,31959,18,1
2,Payment,1771510070.320022,6284,16,1
1,NewOrder,1771510070.320531,30412,20,1
3,OrderStatus,1771510070.321003,5186,17,1
2,Payment,1771510070.322193,4950,23,1
1,NewOrder,1771510070.322211,28249,21,1
1,NewOrder,1771510070.322934,28604,11,1
2,Payment,1771510070.324013,6860,2,1
1,NewOrder,1771510070.324557,13258,4,1
1,NewOrder,1771510070.324570,21400,15,1
2,Payment,1771510070.325073,5035,9,1
1,NewOrder,1771510070.325136,23001,0,1
2,Payment,1771510070.325774,7941,1,1
4,Delivery,1771510070.326200,43928,17,1
2,Payment,1771510070.326318,9602,16,1
1,NewOrder,1771510070.327107,31651,7,1
2,Payment,1771510070.327128,8005,5,1
2,Payment,1771510070.327169,3356,23,1
1,NewOrder,1771510070.327189,24367,19,1
2,Payment,1771510070.330124,6503,9,1
5,StockLevel,1771510070.330483,11382,14,1
2,Payment,1771510070.330544,6124,23,1
2,Payment,1771510070.330888,12082,2,1
4,Delivery,1771510070.333733,11261,1,1
1,NewOrder,1771510070.335101,30092,3,1
2,Payment,1771510070.335148,10728,5,1
1,NewOrder,1771510070.335947,28388,16,1
2,Payment,1771510070.336645,4216,9,1
2,Payment,1771510070.336693,3741,23,1
1,NewOrder,1771510070.337840,16230,4,1
2,Payment,1771510070.338561,4769,12,1
2,Payment,1771510070.339949,8223,6,1
2,Payment,1771510070.340451,5020,23,1
3,OrderStatus,1771510070.340889,4233,9,1
2,Payment,1771510070.341876,5428,14,1
2,Payment,1771510070.342989,9656,2,1
1,NewOrder,1771510070.343356,12937,12,1
1,NewOrder,1771510070.343365,26740,8,1
1,NewOrder,1771510070.345013,12315,1,1
2,Payment,1771510070.345142,5769,9,1
1,NewOrder,1771510070.345489,16759,23,1
1,NewOrder,1771510070.345602,17045,10,1
1,NewOrder,1771510070.345621,32506,22,1
2,Payment,1771510070.345886,9363,5,1
1,NewOrder,1771510070.345987,29188,15,1
2,Payment,1771510070.347314,5963,14,1
2,Payment,1771510070.348164,9597,0,1
1,NewOrder,1771510070.348189,36202,6,1
2,Payment,1771510070.350480,8738,21,1
2,Payment,1771510070.350925,5748,9,1
2,Payment,1771510070.350961,10275,20,1
5,StockLevel,1771510070.351549,20723,11,1
2,Payment,1771510070.351570,11475,19,1
1,NewOrder,1771510070.351962,37864,18,1
2,Payment,1771510070.352661,11701,2,1
2,Payment,1771510070.353289,6310,14,1
1,NewOrder,1771510070.354088,22064,4,1
1,NewOrder,1771510070.355263,26046,5,1
5,StockLevel,1771510070.356304,13351,12,1
1,NewOrder,1771510070.356687,14957,9,1
2,Payment,1771510070.357339,8309,1,1
4,Delivery,1771510070.357435,13168,13,1
1,NewOrder,1771510070.357787,23533,0,1
1,NewOrder,1771510070.358770,34411,7,1
1,NewOrder,1771510070.359231,30215,21,1
2,Payment,1771510070.359608,4010,14,1
2,Payment,1771510070.361249,7799,20,1
1,NewOrder,1771510070.362262,19069,23,1
2,Payment,1771510070.362673,7779,10,1
1,NewOrder,1771510070.363058,14597,19,1
1,NewOrder,1771510070.363635,15156,14,1
2,Payment,1771510070.364350,5804,16,1
2,Payment,1771510070.364378,6513,2,1
1,NewOrder,1771510070.365209,32023,3,1
1,NewOrder,1771510070.365662,20901,1,1
2,Payment,1771510070.369063,7071,20,1
2,Payment,1771510070.369680,8360,12,1
1,NewOrder,1771510070.370121,17526,8,1
2,Payment,1771510070.370141,3823,17,1
2,Payment,1771510070.370171,5429,16,1
2,Payment,1771510070.370463,6391,10,1
2,Payment,1771510070.370622,9401,13,1
1,NewOrder,1771510070.370903,32732,2,1
1,NewOrder,1771510070.371654,13447,9,1
2,Payment,1771510070.372284,8625,11,1
1,NewOrder,1771510070.373978,11776,17,1
2,Payment,1771510070.375190,11804,15,1
1,NewOrder,1771510070.375613,21212,16,1
1,NewOrder,1771510070.376150,39074,20,1
1,NewOrder,1771510070.376176,15987,4,1
1,NewOrder,1771510070.376866,25333,10,1
5,StockLevel,1771510070.377667,9882,19,1
2,Payment,1771510070.378065,10678,12,1
3,OrderStatus,1771510070.378143,5343,22,1
2,Payment,1771510070.378803,11748,14,1
1,NewOrder,1771510070.380038,35229,13,1
2,Payment,1771510070.380919,8500,11,1
1,NewOrder,1771510070.381337,36309,5,1
3,OrderStatus,1771510070.381337,6187,0,1
1,NewOrder,1771510070.381347,17191,23,1
1,NewOrder,1771510070.383500,17421,22,1
1,NewOrder,1771510070.384418,23707,6,1
2,Payment,1771510070.385113,6654,9,1
1,NewOrder,1771510070.385779,16846,17,1
2,Payment,1771510070.386573,7395,1,1
1,NewOrder,1771510070.387004,28198,15,1
1,NewOrder,1771510070.387538,32587,0,1
4,Delivery,1771510070.387562,27058,19,1
1,NewOrder,1771510070.387660,24696,8,1
2,Payment,1771510070.388758,6084,12,1
1,NewOrder,1771510070.389434,29483,11,1
4,Delivery,1771510070.389460,25696,21,1
2,Payment,1771510070.389843,7360,18,1
1,NewOrder,1771510070.390565,22741,14,1
2,Payment,1771510070.391782,6007,9,1
3,OrderStatus,1771510070.392175,6293,4,1
2,Payment,1771510070.393194,8101,7,1
1,NewOrder,1771510070.393993,15995,1,1
2,Payment,1771510070.394855,5254,12,1
3,OrderStatus,1771510070.396837,3086,16,1
2,Payment,1771510070.397221,7274,18,1
2,Payment,1771510070.397247,7623,3,1
1,NewOrder,1771510070.397802,28086,9,1
1,NewOrder,1771510070.398483,28734,4,1
2,Payment,1771510070.398551,8332,23,1
1,NewOrder,1771510070.399937,28867,16,1
1,NewOrder,1771510070.400135,12770,12,1
2,Payment,1771510070.400938,10184,22,1
1,NewOrder,1771510070.401312,29615,7,1
2,Payment,1771510070.402214,9289,10,1
1,NewOrder,1771510070.402638,22855,17,1
5,StockLevel,1771510070.403648,20342,2,1
1,NewOrder,1771510070.404508,24282,18,1
1,NewOrder,1771510070.404882,19839,3,1
1,NewOrder,1771510070.406899,28176,23,1
1,NewOrder,1771510070.408140,28536,6,1
2,Payment,1771510070.410015,9317,1,1
2,Payment,1771510070.411139,8083,22,1
2,Payment,1771510070.411517,5606,10,1
1,NewOrder,1771510070.412371,17624,8,1
3,OrderStatus,1771510070.412930,6306,12,1
2,Payment,1771510070.413332,7107,14,1
2,Payment,1771510070.414645,7261,19,1
2,Payment,1771510070.415174,11186,21,1
2,Payment,1771510070.415217,7451,15,1
3,OrderStatus,1771510070.415238,6169,20,1
1,NewOrder,1771510070.415282,26643,13,1
1,NewOrder,1771510070.417138,25808,10,1
1,NewOrder,1771510070.417671,21578,5,1
4,Delivery,1771510070.418944,60723,11,1
4,Delivery,1771510070.419238,48554,22,1
1,NewOrder,1771510070.419262,16308,12,1
2,Payment,1771510070.419358,4624,1,1
1,NewOrder,1771510070.420152,30154,0,1
2,Payment,1771510070.420450,5544,14,1
1,NewOrder,1771510070.421419,20105,20,1
4,Delivery,1771510070.421923,46227,19,1
1,NewOrder,1771510070.422686,19933,15,1
1,NewOrder,1771510070.424000,14117,1,1
2,Payment,1771510070.424005,7896,2,1
2,Payment,1771510070.424747,8970,3,1
2,Payment,1771510070.425507,5132,17,1
2,Payment,1771510070.425905,4831,9,1
2,Payment,1771510070.426020,6225,14,1
2,Payment,1771510070.426372,8130,21,1
3,OrderStatus,1771510070.427231,4501,4,1
1,NewOrder,1771510070.428816,25763,18,1
2,Payment,1771510070.428825,5212,16,1
2,Payment,1771510070.430007,7551,8,1
1,NewOrder,1771510070.430665,20602,17,1
2,Payment,1771510070.430752,8843,9,1
1,NewOrder,1771510070.430940,17911,7,1
4,Delivery,1771510070.431758,31944,4,1
1,NewOrder,1771510070.431927,36490,2,1
1,NewOrder,1771510070.432270,19429,14,1
1,NewOrder,1771510070.433734,41057,3,1
3,OrderStatus,1771510070.434054,2173,16,1
2,Payment,1771510070.434527,7418,21,1
2,Payment,1771510070.435088,8308,23,1
5,StockLevel,1771510070.435584,7716,12,1
2,Payment,1771510070.436244,5673,16,1
2,Payment,1771510070.436705,9136,6,1
2,Payment,1771510070.437570,9642,8,1
4,Delivery,1771510070.438144,26963,1,1
1,NewOrder,1771510070.439274,31155,5,1
2,Payment,1771510070.439610,9571,9,1
1,NewOrder,1771510070.441551,25865,20,1
2,Payment,1771510070.441929,2738,16,1
1,NewOrder,1771510070.441943,25834,13,1
1,NewOrder,1771510070.441971,29406,21,1
1,NewOrder,1771510070.442631,32188,15,1
1,NewOrder,1771510070.442971,35710,10,1
2,Payment,1771510070.443310,5938,12,1
2,Payment,1771510070.443403,4226,23,1
1,NewOrder,1771510070.444692,23040,16,1
2,Payment,1771510070.445854,7526,6,1
2,Payment,1771510070.447229,3655,8,1
1,NewOrder,1771510070.447643,20118,23,1
2,Payment,1771510070.448866,7805,7,1
1,NewOrder,1771510070.449207,27002,9,1
1,NewOrder,1771510070.449261,19204,12,1
2,Payment,1771510070.450331,12046,0,1
2,Payment,1771510070.450898,7116,8,1
1,NewOrder,1771510070.451293,11932,17,1
5,StockLevel,1771510070.451728,9151,14,1
2,Payment,1771510070.453394,8125,6,1
2,Payment,1771510070.454598,7343,18,1
2,Payment,1771510070.456697,11039,7,1
2,Payment,1771510070.458034,7372,8,1
1,NewOrder,1771510070.460905,21824,14,1
1,NewOrder,1771510070.461546,30334,6,1
2,Payment,1771510070.461966,6541,18,1
2,Payment,1771510070.462403,7717,0,1
5,StockLevel,1771510070.463251,10529,17,1
1,NewOrder,1771510070.463715,23840,4,1
2,Payment,1771510070.465128,6605,1,1
1,NewOrder,1771510070.465425,13889,8,1
1,NewOrder,1771510070.467442,19201,20,1
2,Payment,1771510070.467752,4010,16,1
2,Payment,1771510070.467763,6665,7,1
1,NewOrder,1771510070.467787,13137,23,1
1,NewOrder,1771510070.467805,19907,13,1
2,Payment,1771510070.467806,9621,22,1
2,Payment,1771510070.468168,11524,19,1
2,Payment,1771510070.468429,10861,2,1
2,Payment,1771510070.468490,5142,12,1
1,NewOrder,1771510070.468522,22996,18,1
5,StockLevel,1771510070.470146,17301,0,1
1,NewOrder,1771510070.470444,21458,5,1
2,Payment,1771510070.471403,9991,21,1
1,NewOrder,1771510070.471752,20980,1,1
2,Payment,1771510070.471778,4108,16,1
2,Payment,1771510070.473651,5681,12,1
2,Payment,1771510070.473805,8045,17,1
1,NewOrder,1771510070.474454,29099,7,1
1,NewOrder,1771510070.474804,18635,3,1
1,NewOrder,1771510070.474834,26014,15,1
1,NewOrder,1771510070.475900,28345,16,1
2,Payment,1771510070.476229,3591,9,1
1,NewOrder,1771510070.477442,21243,22,1
2,Payment,1771510070.478715,7657,10,1
1,NewOrder,1771510070.479315,31214,2,1
1,NewOrder,1771510070.479341,13807,8,1
2,Payment,1771510070.479345,5691,12,1
1,NewOrder,1771510070.479683,26115,11,1
2,Payment,1771510070.479707,3791,19,1
1,NewOrder,1771510070.479836,31377,9,1
1,NewOrder,1771510070.480939,16497,23,1
2,Payment,1771510070.481419,5709,21,1
1,NewOrder,1771510070.481869,19029,17,1
1,NewOrder,1771510070.482751,22447,14,1
2,Payment,1771510070.483515,8348,19,1
1,NewOrder,1771510070.485051,26497,12,1
5,StockLevel,1771510070.486398,19496,10,1
1,NewOrder,1771510070.486654,24629,20,1
2,Payment,1771510070.487143,6330,21,1
1,NewOrder,1771510070.487473,33176,0,1
1,NewOrder,1771510070.487564,19069,4,1
3,OrderStatus,1771510070.487737,7537,13,1
2,Payment,1771510070.491537,14308,18,1
1,NewOrder,1771510070.491890,19364,19,1
1,NewOrder,1771510070.491906,23565,6,1
1,NewOrder,1771510070.491928,22486,5,1
2,Payment,1771510070.492746,6519,1,1
2,Payment,1771510070.493162,6375,8,1
2,Payment,1771510070.493457,10517,3,1
2,Payment,1771510070.493499,5872,21,1
2,Payment,1771510070.495287,6999,13,1
2,Payment,1771510070.497450,5787,23,1
3,OrderStatus,1771510070.498696,3047,22,1
2,Payment,1771510070.499282,7327,1,1
1,NewOrder,1771510070.499392,21913,21,1
2,Payment,1771510070.499563,4712,8,1
1,NewOrder,1771510070.500875,30574,15,1
1,NewOrder,1771510070.500923,21681,17,1
1,NewOrder,1771510070.501768,35452,22,1
2,Payment,1771510070.502306,8912,13,1
1,NewOrder,1771510070.503252,21365,23,1
1,NewOrder,1771510070.503579,23879,7,1
2,Payment,1771510070.504000,11654,3,1
1,NewOrder,1771510070.504265,15238,16,1
5,StockLevel,1771510070.504291,13389,8,1
1,NewOrder,1771510070.505223,19908,14,1
3,OrderStatus,1771510070.505824,9010,11,1
2,Payment,1771510070.505871,5394,18,1
2,Payment,1771510070.505907,9435,10,1
1,NewOrder,1771510070.506635,10789,1,1
2,Payment,1771510070.506660,11311,4,1
1,NewOrder,1771510070.510545,26047,2,1
1,NewOrder,1771510070.511231,20945,13,1
2,Payment,1771510070.511238,10063,9,1
1,NewOrder,1771510070.511280,31347,19,1
1,NewOrder,1771510070.511284,34080,18,1
2,Payment,1771510070.511310,9959,20,1
5,StockLevel,1771510070.511574,9606,12,1
3,OrderStatus,1771510070.514425,10230,5,1
1,NewOrder,1771510070.514859,27800,11,1
1,NewOrder,1771510070.515358,22770,10,1
2,Payment,1771510070.515498,10376,6,1
1,NewOrder,1771510070.515679,27001,3,1
1,NewOrder,1771510070.517451,25861,1,1
1,NewOrder,1771510070.517724,13297,8,1
2,Payment,1771510070.517997,2032,4,1
1,NewOrder,1771510070.519518,23156,16,1
2,Payment,1771510070.520045,4084,4,1
1,NewOrder,1771510070.520670,31566,0,1
1,NewOrder,1771510070.521205,27180,12,1
5,StockLevel,1771510070.521286,19006,20,1
3,OrderStatus,1771510070.521320,13955,9,1
1,NewOrder,1771510070.521331,9022,21,1
1,NewOrder,1771510070.522617,20013,17,1
5,StockLevel,1771510070.524141,14815,4,1
1,NewOrder,1771510070.524642,13581,23,1
1,NewOrder,1771510070.524669,17940,5,1
1,NewOrder,1771510070.525157,23954,14,1
2,Payment,1771510070.525888,7306,6,1
1,NewOrder,1771510070.527474,24568,7,1
2,Payment,1771510070.530375,6617,21,1
2,Payment,1771510070.531048,6319,8,1
2,Payment,1771510070.531475,5499,15,1
1,NewOrder,1771510070.532202,19237,13,1
1,NewOrder,1771510070.533210,15033,6,1
2,Payment,1771510070.535300,6852,9,1
1,NewOrder,1771510070.536618,27277,2,1
2,Payment,1771510070.536988,10920,15,1
1,NewOrder,1771510070.537020,13675,21,1
2,Payment,1771510070.537236,6177,22,1
1,NewOrder,1771510070.537393,22712,8,1
1,NewOrder,1771510070.538155,29040,10,1
2,Payment,1771510070.538249,6403,23,1
1,NewOrder,1771510070.538967,16353,4,1
1,NewOrder,1771510070.540317,18924,20,1
1,NewOrder,1771510070.542179,48904,9,1
1,NewOrder,1771510070.542635,23893,5,1
1,NewOrder,1771510070.542645,16069,19,1
2,Payment,1771510070.542656,6842,17,1
2,Payment,1771510070.542686,5536,11,1
1,NewOrder,1771510070.542701,16489,16,1
4,Delivery,1771510070.542708,38998,3,1
5,StockLevel,1771510070.543328,15606,1,1
2,Payment,1771510070.543440,14371,22,1
2,Payment,1771510070.544668,4923,23,1
2,Payment,1771510070.545381,15077,18,1
1,NewOrder,1771510070.547934,33775,15,1
2,Payment,1771510070.548250,6474,11,1
4,Delivery,1771510070.548258,13689,6,1
2,Payment,1771510070.548411,7023,12,1
5,StockLevel,1771510070.549137,11015,14,1
1,NewOrder,1771510070.549514,19774,17,1
1,NewOrder,1771510070.549604,24603,23,1
1,NewOrder,1771510070.550713,12262,21,1
2,Payment,1771510070.551451,7330,13,1
2,Payment,1771510070.552067,6814,7,1
1,NewOrder,1771510070.552262,19169,0,1
1,NewOrder,1771510070.554750,15672,11,1
2,Payment,1771510070.555340,3877,4,1
2,Payment,1771510070.555461,4965,12,1
1,NewOrder,1771510070.557837,31627,22,1
1,NewOrder,1771510070.558740,20929,19,1
2,Payment,1771510070.558804,5661,13,1
2,Payment,1771510070.558907,7005,7,1
2,Payment,1771510070.558959,9040,1,1
2,Payment,1771510070.559200,7211,16,1
2,Payment,1771510070.559233,7282,4,1
1,NewOrder,1771510070.559262,24537,20,1
1,NewOrder,1771510070.560132,22560,8,1
3,OrderStatus,1771510070.560177,5310,14,1
1,NewOrder,1771510070.560442,21742,12,1
1,NewOrder,1771510070.560484,19134,18,1
4,Delivery,1771510070.561973,11533,6,1
1,NewOrder,1771510070.562991,28461,21,1
2,Payment,1771510070.563923,5932,2,1
2,Payment,1771510070.564486,6291,13,1
1,NewOrder,1771510070.565505,15728,14,1
1,NewOrder,1771510070.565930,33642,7,1
2,Payment,1771510070.566427,5905,16,1
3,OrderStatus,1771510070.566544,6018,4,1
1,NewOrder,1771510070.566544,18491,5,1
4,Delivery,1771510070.567203,6647,10,1
1,NewOrder,1771510070.568025,30240,1,1
1,NewOrder,1771510070.569315,11926,17,1
2,Payment,1771510070.569874,6330,2,1
2,Payment,1771510070.570437,7568,11,1
1,NewOrder,1771510070.570800,25917,13,1
1,NewOrder,1771510070.571457,18499,0,1
2,Payment,1771510070.572347,6217,16,1
2,Payment,1771510070.572577,6455,4,1
1,NewOrder,1771510070.573532,25244,6,1
2,Payment,1771510070.573865,6805,10,1
1,NewOrder,1771510070.574227,12619,23,1
3,OrderStatus,1771510070.576230,5664,2,1
1,NewOrder,1771510070.578026,30114,11,1
2,Payment,1771510070.578583,4882,16,1
2,Payment,1771510070.579058,4843,4,1
2,Payment,1771510070.579634,6233,18,1
4,Delivery,1771510070.579695,24473,19,1
2,Payment,1771510070.580687,7478,10,1
1,NewOrder,1771510070.581262,17508,14,1
2,Payment,1771510070.581265,4902,17,1
1,NewOrder,1771510070.581722,20755,3,1
2,Payment,1771510070.581729,10440,15,1
2,Payment,1771510070.581920,8117,2,1
1,NewOrder,1771510070.582197,23264,12,1
2,Payment,1771510070.582703,7178,8,1
1,NewOrder,1771510070.583478,19998,16,1
1,NewOrder,1771510070.583815,38007,20,1
1,NewOrder,1771510070.583926,15761,4,1
1,NewOrder,1771510070.585060,29535,5,1
2,Payment,1771510070.585880,9854,18,1
1,NewOrder,1771510070.586182,17319,17,1
1,NewOrder,1771510070.586861,20888,23,1
2,Payment,1771510070.588188,8075,10,1
2,Payment,1771510070.589479,14055,22,1
1,NewOrder,1771510070.589894,21053,8,1
1,NewOrder,1771510070.589973,22654,0,1
2,Payment,1771510070.590064,6179,2,1
2,Payment,1771510070.591100,12443,9,1
5,StockLevel,1771510070.591469,11752,21,1
2,Payment,1771510070.592183,6584,15,1
2,Payment,1771510070.595748,10947,18,1
1,NewOrder,1771510070.596268,20914,2,1
3,OrderStatus,1771510070.596276,7298,10,1
1,NewOrder,1771510070.596731,24045,13,1
1,NewOrder,1771510070.598276,44077,1,1
2,Payment,1771510070.598777,4745,14,1
1,NewOrder,1771510070.598796,19437,15,1
1,NewOrder,1771510070.598803,21316,6,1
5,StockLevel,1771510070.599595,16013,7,1
2,Payment,1771510070.599712,4358,4,1
1,NewOrder,1771510070.602503,28385,3,1
1,NewOrder,1771510070.603234,17640,21,1
4,Delivery,1771510070.603491,32436,16,1
2,Payment,1771510070.603518,2252,17,1
2,Payment,1771510070.603540,3703,14,1
2,Payment,1771510070.603561,21040,22,1
1,NewOrder,1771510070.603571,61907,9,1
1,NewOrder,1771510070.603584,29709,10,1
2,Payment,1771510070.604086,4044,4,1
1,NewOrder,1771510070.604183,29776,19,1
2,Payment,1771510070.605473,4786,12,1
1,NewOrder,1771510070.605786,14453,17,1
1,NewOrder,1771510070.606720,30849,18,1
2,Payment,1771510070.607257,4824,14,1
2,Payment,1771510070.607763,18365,23,1
1,NewOrder,1771510070.608148,11904,4,1
1,NewOrder,1771510070.608155,36025,11,1
2,Payment,1771510070.610271,6223,12,1
1,NewOrder,1771510070.610972,13018,8,1
2,Payment,1771510070.612100,7544,14,1
2,Payment,1771510070.612654,6287,0,1
2,Payment,1771510070.614609,7204,5,1
1,NewOrder,1771510070.615634,35154,7,1
2,Payment,1771510070.616507,4618,12,1
1,NewOrder,1771510070.617209,29539,2,1
2,Payment,1771510070.618250,4355,15,1
1,NewOrder,1771510070.618968,35563,0,1
1,NewOrder,1771510070.619671,19044,14,1
2,Payment,1771510070.620069,4970,4,1
2,Payment,1771510070.620146,9866,6,1
1,NewOrder,1771510070.620266,17731,17,1
2,Payment,1771510070.620790,9715,13,1
1,NewOrder,1771510070.620890,18779,21,1
2,Payment,1771510070.621138,3908,12,1
3,OrderStatus,1771510070.621844,7156,5,1
2,Payment,1771510070.621846,8681,20,1
2,Payment,1771510070.622630,9904,15,1
1,NewOrder,1771510070.624005,15240,8,1
3,OrderStatus,1771510070.624617,10567,22,1
1,NewOrder,1771510070.625065,21505,12,1
2,Payment,1771510070.625070,5508,4,1
1,NewOrder,1771510070.626154,23618,23,1
1,NewOrder,1771510070.629015,36098,5,1
1,NewOrder,1771510070.630041,27800,6,1
4,Delivery,1771510070.630531,5753,13,1
1,NewOrder,1771510070.630543,37953,20,1
2,Payment,1771510070.630605,4274,4,1
1,NewOrder,1771510070.630903,30503,3,1
1,NewOrder,1771510070.632550,12432,15,1
1,NewOrder,1771510070.633316,26571,10,1
1,NewOrder,1771510070.633976,25591,19,1
2,Payment,1771510070.634903,6752,4,1
1,NewOrder,1771510070.635197,34665,22,1
2,Payment,1771510070.635942,6299,16,1
2,Payment,1771510070.636306,8230,13,1
4,Delivery,1771510070.637595,16160,18,1
1,NewOrder,1771510070.638015,26541,17,1
2,Payment,1771510070.638730,7469,14,1
5,StockLevel,1771510070.639260,9287,8,1
1,NewOrder,1771510070.639695,15748,21,1
2,Payment,1771510070.641682,3934,4,1
1,NewOrder,1771510070.642257,13637,16,1
2,Payment,1771510070.642379,12128,1,1
1,NewOrder,1771510070.644200,18592,11,1
2,Payment,1771510070.644551,6600,13,1
1,NewOrder,1771510070.645008,26085,15,1
2,Payment,1771510070.645642,10594,4,1
1,NewOrder,1771510070.646226,26497,14,1
1,NewOrder,1771510070.646595,25475,12,1
2,Payment,1771510070.646775,13291,2,1
1,NewOrder,1771510070.648572,20699,8,1
1,NewOrder,1771510070.649786,15291,23,1
1,NewOrder,1771510070.650815,25665,7,1
1,NewOrder,1771510070.651178,32398,13,1
2,Payment,1771510070.653771,8413,18,1
2,Payment,1771510070.654528,9547,1,1
1,NewOrder,1771510070.654545,27070,0,1
1,NewOrder,1771510070.655459,26762,21,1
1,NewOrder,1771510070.655921,15688,16,1
1,NewOrder,1771510070.656261,15769,4,1
2,Payment,1771510070.657868,7495,6,1
1,NewOrder,1771510070.659585,17323,19,1
2,Payment,1771510070.659901,7499,10,1
2,Payment,1771510070.660078,11569,2,1
2,Payment,1771510070.661433,12010,3,1
5,StockLevel,1771510070.662195,16123,18,1
1,NewOrder,1771510070.662811,19882,11,1
5,StockLevel,1771510070.664086,25940,1,1
2,Payment,1771510070.664584,6066,17,1
2,Payment,1771510070.665102,7665,23,1
2,Payment,1771510070.665140,10375,5,1
2,Payment,1771510070.665390,6185,6,1
1,NewOrder,1771510070.665498,28171,9,1
1,NewOrder,1771510070.667426,24872,10,1
2,Payment,1771510070.668511,7631,20,1
1,NewOrder,1771510070.669297,22401,8,1
1,NewOrder,1771510070.669875,17072,22,1
1,NewOrder,1771510070.670676,16936,17,1
2,Payment,1771510070.671120,5007,15,1
1,NewOrder,1771510070.671597,27294,6,1
1,NewOrder,1771510070.671630,24596,16,1
4,Delivery,1771510070.671660,37974,2,1
4,Delivery,1771510070.672052,37155,4,1
1,NewOrder,1771510070.672092,27175,12,1
2,Payment,1771510070.672742,4973,14,1
1,NewOrder,1771510070.672794,24685,23,1
1,NewOrder,1771510070.673455,31341,3,1
1,NewOrder,1771510070.675541,26447,5,1
1,NewOrder,1771510070.676152,24727,15,1
1,NewOrder,1771510070.676163,44133,20,1
1,NewOrder,1771510070.676499,20443,7,1
3,OrderStatus,1771510070.676934,5852,19,1
1,NewOrder,1771510070.677742,13536,14,1
1,NewOrder,1771510070.678329,26078,18,1
2,Payment,1771510070.681642,6695,0,1
5,StockLevel,1771510070.682248,13028,21,1
1,NewOrder,1771510070.682714,37027,11,1
2,Payment,1771510070.682804,7244,19,1
4,Delivery,1771510070.683594,17931,13,1
2,Payment,1771510070.686968,7026,22,1
2,Payment,1771510070.687639,6942,17,1
2,Payment,1771510070.688362,7321,0,1
2,Payment,1771510070.690043,9197,1,1
1,NewOrder,1771510070.690067,33093,19,1
5,StockLevel,1771510070.691293,10081,14,1
2,Payment,1771510070.691715,5734,8,1
2,Payment,1771510070.692322,7269,10,1
2,Payment,1771510070.693717,7723,9,1
2,Payment,1771510070.694009,6126,22,1
1,NewOrder,1771510070.694594,25096,17,1
2,Payment,1771510070.695301,6672,21,1
1,NewOrder,1771510070.695710,32270,0,1
2,Payment,1771510070.696242,3373,16,1
1,NewOrder,1771510070.696961,29855,7,1
1,NewOrder,1771510070.697461,22291,8,1
2,Payment,1771510070.697493,7365,23,1
2,Payment,1771510070.698917,7683,6,1
2,Payment,1771510070.699266,9609,1,1
2,Payment,1771510070.699289,4194,12,1
2,Payment,1771510070.699605,8311,10,1
2,Payment,1771510070.699630,5308,16,1
1,NewOrder,1771510070.700150,29249,22,1
1,NewOrder,1771510070.700894,21289,15,1
3,OrderStatus,1771510070.701385,6786,14,1
2,Payment,1771510070.701453,8155,9,1
2,Payment,1771510070.701540,8384,13,1
2,Payment,1771510070.701991,5180,21,1
1,NewOrder,1771510070.702001,21722,5,1
1,NewOrder,1771510070.703496,17261,12,1
5,StockLevel,1771510070.704418,14242,18,1
2,Payment,1771510070.704813,9923,3,1
1,NewOrder,1771510070.704885,14830,23,1
1,NewOrder,1771510070.704951,15833,16,1
3,OrderStatus,1771510070.706625,4903,6,1
1,NewOrder,1771510070.707186,13542,21,1
2,Payment,1771510070.707928,5558,10,1
1,NewOrder,1771510070.708188,12568,14,1
2,Payment,1771510070.708903,10872,1,1
5,StockLevel,1771510070.709223,10637,4,1
1,NewOrder,1771510070.709631,28183,9,1
1,NewOrder,1771510070.709652,25035,2,1
2,Payment,1771510070.709937,8219,13,1
2,Payment,1771510070.711547,10948,6,1
1,NewOrder,1771510070.713512,18962,10,1
2,Payment,1771510070.714763,12444,3,1
2,Payment,1771510070.718171,9399,13,1
1,NewOrder,1771510070.718676,23041,18,1
5,StockLevel,1771510070.719707,19359,17,1
2,Payment,1771510070.719742,5522,23,1
1,NewOrder,1771510070.719761,21573,11,1
2,Payment,1771510070.719772,4315,8,1
2,Payment,1771510070.719792,12039,1,1
1,NewOrder,1771510070.719871,19968,4,1
2,Payment,1771510070.720309,6868,20,1
2,Payment,1771510070.720742,9219,21,1
1,NewOrder,1771510070.720785,31115,14,1
1,NewOrder,1771510070.720788,25277,12,1
1,NewOrder,1771510070.720811,29209,16,1
1,NewOrder,1771510070.722210,18714,15,1
3,OrderStatus,1771510070.722514,921,6,1
2,Payment,1771510070.723175,12593,19,1
2,Payment,1771510070.723450,13587,6,1
5,StockLevel,1771510070.723737,13543,5,1
3,OrderStatus,1771510070.724114,6163,8,1
1,NewOrder,1771510070.725277,21390,23,1
2,Payment,1771510070.726834,11831,7,1
1,NewOrder,1771510070.727196,34483,20,1
1,NewOrder,1771510070.727221,47867,3,1
1,NewOrder,1771510070.727582,12669,13,1
1,NewOrder,1771510070.727999,25173,0,1
1,NewOrder,1771510070.729419,24960,22,1
1,NewOrder,1771510070.729979,24640,21,1
2,Payment,1771510070.730289,10320,8,1
2,Payment,1771510070.731848,10226,1,1
1,NewOrder,1771510070.732490,14799,10,1
2,Payment,1771510070.734700,17598,2,1
4,Delivery,1771510070.735786,35138,19,1
1,NewOrder,1771510070.737051,32962,6,1
2,Payment,1771510070.737294,22427,5,1
1,NewOrder,1771510070.737832,19768,9,1
2,Payment,1771510070.738680,6641,7,1
1,NewOrder,1771510070.739078,24991,17,1
5,StockLevel,1771510070.739857,15587,4,1
1,NewOrder,1771510070.740265,39572,13,1
2,Payment,1771510070.740627,8122,8,1
2,Payment,1771510070.740936,8179,15,1
2,Payment,1771510070.741347,10161,11,1
2,Payment,1771510070.741730,6915,18,1
2,Payment,1771510070.742086,6558,1,1
1,NewOrder,1771510070.745336,33420,7,1
2,Payment,1771510070.746092,5868,12,1
1,NewOrder,1771510070.746682,17413,23,1
5,StockLevel,1771510070.747302,10301,10,1
1,NewOrder,1771510070.748659,29736,1,1
5,StockLevel,1771510070.748671,9572,18,1
1,NewOrder,1771510070.748768,18380,8,1
2,Payment,1771510070.749126,4945,15,1
4,Delivery,1771510070.750035,38527,16,1
1,NewOrder,1771510070.751527,15098,11,1
1,NewOrder,1771510070.751927,23492,14,1
1,NewOrder,1771510070.751985,27296,12,1
2,Payment,1771510070.752313,11304,2,1
4,Delivery,1771510070.753200,7128,0,1
1,NewOrder,1771510070.754086,25159,15,1
2,Payment,1771510070.754394,3481,22,1
5,StockLevel,1771510070.754632,14504,21,1
1,NewOrder,1771510070.755454,24903,4,1
5,StockLevel,1771510070.757614,6350,10,1
1,NewOrder,1771510070.757627,10015,9,1
4,Delivery,1771510070.757887,13418,22,1
1,NewOrder,1771510070.758260,18075,18,1
2,Payment,1771510070.759738,10761,5,1
2,Payment,1771510070.760352,4742,0,1
5,StockLevel,1771510070.761724,13166,20,1
2,Payment,1771510070.763635,8539,2,1
1,NewOrder,1771510070.763974,38491,10,1
1,NewOrder,1771510070.764084,21537,17,1
1,NewOrder,1771510070.764109,34569,23,1
2,Payment,1771510070.765113,9576,0,1
1,NewOrder,1771510070.766649,20736,11,1
3,OrderStatus,1771510070.767166,6900,8,1
1,NewOrder,1771510070.767658,19402,9,1
3,OrderStatus,1771510070.769152,6060,21,1
5,StockLevel,1771510070.770039,11252,6,1
3,OrderStatus,1771510070.770515,7726,5,1
2,Payment,1771510070.770939,10367,19,1
2,Payment,1771510070.771322,11795,22,1
5,StockLevel,1771510070.772188,15673,2,1
1,NewOrder,1771510070.774080,11413,8,1
1,NewOrder,1771510070.774697,20871,0,1
1,NewOrder,1771510070.774902,13319,20,1
1,NewOrder,1771510070.775102,39770,3,1
5,StockLevel,1771510070.775230,7672,21,1
2,Payment,1771510070.775429,13287,14,1
2,Payment,1771510070.776353,9182,18,1
1,NewOrder,1771510070.778254,24666,5,1
4,Delivery,1771510070.778422,19910,1,1
1,NewOrder,1771510070.778768,37268,7,1
1,NewOrder,1771510070.779263,14250,15,1
2,Payment,1771510070.779307,25346,12,1
3,OrderStatus,1771510070.779865,2257,13,1
2,Payment,1771510070.780371,4791,4,1
2,Payment,1771510070.781304,6130,6,1
2,Payment,1771510070.781322,12495,19,1
1,NewOrder,1771510070.782132,13558,13,1
5,StockLevel,1771510070.782917,8022,21,1
2,Payment,1771510070.783142,6796,22,1
1,NewOrder,1771510070.785188,9199,4,1
1,NewOrder,1771510070.785510,18361,8,1
2,Payment,1771510070.785562,12231,18,1
4,Delivery,1771510070.785636,3550,17,1
2,Payment,1771510070.787074,11574,9,1
2,Payment,1771510070.787397,8647,11,1
2,Payment,1771510070.787449,12564,6,1
2,Payment,1771510070.787878,7673,2,1
5,StockLevel,1771510070.788232,5109,20,1
2,Payment,1771510070.788580,17747,16,1
2,Payment,1771510070.788734,13904,14,1
2,Payment,1771510070.789199,3567,17,1
4,Delivery,1771510070.789951,39177,22,1
2,Payment,1771510070.790957,4958,21,1
5,StockLevel,1771510070.792783,13812,17,1
1,NewOrder,1771510070.793355,25512,20,1
1,NewOrder,1771510070.793531,18034,15,1
1,NewOrder,1771510070.793832,19504,19,1
1,NewOrder,1771510070.794404,20862,4,1
2,Payment,1771510070.795577,7762,2,1
2,Payment,1771510070.795587,6074,0,1
1,NewOrder,1771510070.795703,25172,13,1
5,StockLevel,1771510070.795929,6810,21,1
1,NewOrder,1771510070.796069,22194,11,1
4,Delivery,1771510070.797806,31679,18,1
1,NewOrder,1771510070.798347,14195,1,1
1,NewOrder,1771510070.798674,17849,9,1
1,NewOrder,1771510070.798704,16974,23,1
2,Payment,1771510070.800028,2825,6,1
1,NewOrder,1771510070.801716,24118,0,1
1,NewOrder,1771510070.802491,16425,10,1
1,NewOrder,1771510070.802653,16576,14,1
1,NewOrder,1771510070.802766,16873,21,1
1,NewOrder,1771510070.802880,31380,6,1
2,Payment,1771510070.802933,5761,5,1
2,Payment,1771510070.803357,7841,2,1
1,NewOrder,1771510070.803893,19319,8,1
3,OrderStatus,1771510070.804677,4293,12,1
1,NewOrder,1771510070.806353,13933,16,1
2,Payment,1771510070.806620,8549,17,1
1,NewOrder,1771510070.808706,35890,5,1
1,NewOrder,1771510070.808995,22765,12,1
2,Payment,1771510070.811213,9362,2,1
4,Delivery,1771510070.811592,30608,15,1
2,Payment,1771510070.812560,9471,1,1
3,OrderStatus,1771510070.813348,5944,19,1
2,Payment,1771510070.814898,11307,3,1
1,NewOrder,1771510070.815182,15504,17,1
2,Payment,1771510070.815295,8472,4,1
2,Payment,1771510070.815705,4838,23,1
2,Payment,1771510070.816048,4264,7,1
4,Delivery,1771510070.816538,33464,9,1
1,NewOrder,1771510070.818283,22773,11,1
2,Payment,1771510070.818881,7442,20,1
2,Payment,1771510070.818934,6000,10,1
2,Payment,1771510070.819240,6670,14,1
2,Payment,1771510070.819307,8712,19,1
2,Payment,1771510070.819653,9803,21,1
2,Payment,1771510070.820314,7892,16,1
2,Payment,1771510070.820324,6221,7,1
1,NewOrder,1771510070.820550,24468,23,1
1,NewOrder,1771510070.820587,22265,2,1
2,Payment,1771510070.820885,9430,13,1
2,Payment,1771510070.822043,5522,1,1
1,NewOrder,1771510070.823232,21335,8,1
1,NewOrder,1771510070.823779,21238,4,1
2,Payment,1771510070.824960,10195,10,1
2,Payment,1771510070.825860,6905,0,1
2,Payment,1771510070.825927,7302,14,1
1,NewOrder,1771510070.826231,31877,3,1
1,NewOrder,1771510070.826349,18700,20,1
2,Payment,1771510070.826560,4168,7,1
1,NewOrder,1771510070.827580,17047,1,1
2,Payment,1771510070.828034,6634,19,1
1,NewOrder,1771510070.828224,17727,16,1
1,NewOrder,1771510070.829141,43503,22,1
2,Payment,1771510070.829468,6620,21,1
2,Payment,1771510070.829502,8473,18,1
2,Payment,1771510070.830334,9992,13,1
1,NewOrder,1771510070.830701,19234,17,1
2,Payment,1771510070.830753,9940,7,1
2,Payment,1771510070.831774,13427,12,1
3,OrderStatus,1771510070.832784,6986,0,1
2,Payment,1771510070.833246,13894,14,1
2,Payment,1771510070.834282,10646,6,1
2,Payment,1771510070.834684,10474,19,1
1,NewOrder,1771510070.835173,31975,10,1
4,Delivery,1771510070.836104,31601,21,1
5,StockLevel,1771510070.838001,5451,18,1
1,NewOrder,1771510070.839795,19906,0,1
2,Payment,1771510070.840352,11427,13,1
2,Payment,1771510070.840710,6737,7,1
2,Payment,1771510070.841083,11067,11,1
2,Payment,1771510070.842213,6227,15,1
2,Payment,1771510070.842871,6308,2,1
1,NewOrder,1771510070.843463,23004,18,1
2,Payment,1771510070.844594,5316,8,1
1,NewOrder,1771510070.844614,23015,5,1
1,NewOrder,1771510070.844650,29837,1,1
1,NewOrder,1771510070.844950,23392,6,1
1,NewOrder,1771510070.845044,24203,4,1
1,NewOrder,1771510070.845048,19133,23,1
1,NewOrder,1771510070.845061,22944,20,1
2,Payment,1771510070.845174,6949,19,1
1,NewOrder,1771510070.845214,22130,12,1
1,NewOrder,1771510070.845965,28194,16,1
1,NewOrder,1771510070.847155,14895,14,1
3,OrderStatus,1771510070.847466,6976,7,1
2,Payment,1771510070.848455,7588,15,1
1,NewOrder,1771510070.849194,18735,2,1
1,NewOrder,1771510070.849928,24462,8,1
2,Payment,1771510070.849948,7443,17,1
2,Payment,1771510070.850027,5498,9,1
2,Payment,1771510070.851793,15284,13,1
2,Payment,1771510070.852135,6364,19,1
1,NewOrder,1771510070.852168,47992,11,1
2,Payment,1771510070.854461,6571,7,1
2,Payment,1771510070.855542,6991,9,1
1,NewOrder,1771510070.856061,31149,15,1
1,NewOrder,1771510070.857407,18224,17,1
2,Payment,1771510070.858122,6470,3,1
1,NewOrder,1771510070.858514,20463,19,1
2,Payment,1771510070.859713,7329,0,1
2,Payment,1771510070.861047,7104,7,1
2,Payment,1771510070.862064,9217,14,1
2,Payment,1771510070.862543,8034,9,1
1,NewOrder,1771510070.864194,17777,23,1
1,NewOrder,1771510070.864610,22176,3,1
1,NewOrder,1771510070.866483,22687,18,1
2,Payment,1771510070.867056,4611,0,1
1,NewOrder,1771510070.867094,36725,13,1
3,OrderStatus,1771510070.867160,4990,10,1
1,NewOrder,1771510070.867356,12361,12,1
1,NewOrder,1771510070.867641,28913,5,1
1,NewOrder,1771510070.867715,12343,21,1
1,NewOrder,1771510070.867955,23457,2,1
1,NewOrder,1771510070.868027,18174,20,1
1,NewOrder,1771510070.868163,29209,7,1
2,Payment,1771510070.868355,5273,6,1
4,Delivery,1771510070.869258,39213,4,1
2,Payment,1771510070.870591,6663,9,1
2,Payment,1771510070.871293,7279,14,1
2,Payment,1771510070.871677,4855,0,1
2,Payment,1771510070.872176,6749,10,1
1,NewOrder,1771510070.872661,26798,22,1
2,Payment,1771510070.873641,6582,6,1
2,Payment,1771510070.874177,6909,16,1
2,Payment,1771510070.874404,13364,8,1
1,NewOrder,1771510070.874503,13222,1,1
1,NewOrder,1771510070.875643,13915,17,1
2,Payment,1771510070.876548,5840,0,1
2,Payment,1771510070.877265,12254,9,1
1,NewOrder,1771510070.878583,20804,14,1
1,NewOrder,1771510070.878943,23178,10,1
2,Payment,1771510070.878988,10562,19,1
2,Payment,1771510070.879737,5191,12,1
2,Payment,1771510070.880077,11251,21,1
2,Payment,1771510070.880238,5418,6,1
1,NewOrder,1771510070.881102,14135,16,1
2,Payment,1771510070.881986,11081,23,1
1,NewOrder,1771510070.882401,34077,0,1
1,NewOrder,1771510070.884941,16116,12,1
1,NewOrder,1771510070.885670,21312,6,1
2,Payment,1771510070.886218,8357,20,1
2,Payment,1771510070.886799,7387,3,1
2,Payment,1771510070.887237,3706,15,1
2,Payment,1771510070.887743,10729,1,1
1,NewOrder,1771510070.887784,27753,8,1
1,NewOrder,1771510070.889187,29947,18,1
1,NewOrder,1771510070.889545,15823,9,1
2,Payment,1771510070.889563,13215,19,1
1,NewOrder,1771510070.889584,18396,17,1
2,Payment,1771510070.890955,8121,15,1
1,NewOrder,1771510070.891343,14447,21,1
2,Payment,1771510070.891428,9149,2,1
1,NewOrder,1771510070.893082,21216,23,1
2,Payment,1771510070.894198,8241,3,1
1,NewOrder,1771510070.894592,12413,20,1
5,StockLevel,1771510070.895251,14015,16,1
1,NewOrder,1771510070.896569,18943,5,1
4,Delivery,1771510070.897399,21094,7,1
2,Payment,1771510070.898499,16648,1,1
1,NewOrder,1771510070.899092,15017,15,1
2,Payment,1771510070.899403,6422,14,1
1,NewOrder,1771510070.899477,23329,22,1
1,NewOrder,1771510070.900187,19285,11,1
2,Payment,1771510070.900601,6118,2,1
1,NewOrder,1771510070.901072,30295,12,1
1,NewOrder,1771510070.902136,30118,10,1
3,OrderStatus,1771510070.902453,7408,3,1
5,StockLevel,1771510070.902790,35037,19,1
2,Payment,1771510070.903832,9250,13,1
1,NewOrder,1771510070.905396,17585,9,1
2,Payment,1771510070.905803,7951,21,1
1,NewOrder,1771510070.905841,22485,14,1
1,NewOrder,1771510070.906738,18742,2,1
2,Payment,1771510070.907017,8516,20,1
1,NewOrder,1771510070.907033,13517,6,1
2,Payment,1771510070.908003,7512,17,1
1,NewOrder,1771510070.908497,17443,4,1
1,NewOrder,1771510070.909321,25778,16,1
2,Payment,1771510070.909875,6547,3,1
1,NewOrder,1771510070.913106,20863,13,1
2,Payment,1771510070.913781,5830,21,1
1,NewOrder,1771510070.914135,20247,15,1
1,NewOrder,1771510070.914324,13573,23,1
1,NewOrder,1771510070.915200,48963,1,1
1,NewOrder,1771510070.915524,20736,5,1
5,StockLevel,1771510070.915541,13584,17,1
2,Payment,1771510070.915551,7129,20,1
2,Payment,1771510070.915553,8576,8,1
2,Payment,1771510070.916438,6589,3,1
4,Delivery,1771510070.916493,11349,0,1
1,NewOrder,1771510070.918512,16957,7,1
2,Payment,1771510070.919147,6672,18,1
1,NewOrder,1771510070.919489,14922,11,1
2,Payment,1771510070.919634,8734,21,1
2,Payment,1771510070.920565,6855,6,1
2,Payment,1771510070.922697,13181,20,1
2,Payment,1771510070.922840,14530,22,1
1,NewOrder,1771510070.922997,16958,9,1
2,Payment,1771510070.923038,6054,3,1
1,NewOrder,1771510070.924152,18754,8,1
2,Payment,1771510070.925498,6362,2,1
2,Payment,1771510070.925833,13612,18,1
2,Payment,1771510070.925964,8516,4,1
2,Payment,1771510070.927440,4439,6,1
1,NewOrder,1771510070.927865,24127,0,1
3,OrderStatus,1771510070.927921,3786,23,1
1,NewOrder,1771510070.928350,14173,14,1
2,Payment,1771510070.928383,4276,21,1
2,Payment,1771510070.929109,9828,3,1
1,NewOrder,1771510070.929138,16660,17,1
1,NewOrder,1771510070.931388,14940,12,1
2,Payment,1771510070.931721,10229,23,1
2,Payment,1771510070.931873,12437,2,1
2,Payment,1771510070.931892,3894,6,1
5,StockLevel,1771510070.932262,10224,10,1
3,OrderStatus,1771510070.932671,7696,21,1
3,OrderStatus,1771510070.933981,4105,13,1
1,NewOrder,1771510070.934391,52429,15,1
2,Payment,1771510070.934430,7627,11,1
2,Payment,1771510070.934490,13589,4,1
3,OrderStatus,1771510070.935118,2209,16,1
5,StockLevel,1771510070.935485,11066,7,1
2,Payment,1771510070.935799,7615,6,1
2,Payment,1771510070.935892,14598,20,1
2,Payment,1771510070.936276,10406,5,1
1,NewOrder,1771510070.937337,31165,16,1
1,NewOrder,1771510070.937384,30683,22,1
1,NewOrder,1771510070.937842,27323,19,1
1,NewOrder,1771510070.938109,12704,13,1
2,Payment,1771510070.938947,15588,3,1
5,StockLevel,1771510070.939458,14867,18,1
3,OrderStatus,1771510070.939966,11045,9,1
2,Payment,1771510070.940381,5023,21,1
1,NewOrder,1771510070.941964,15980,23,1
2,Payment,1771510070.942068,6945,11,1
2,Payment,1771510070.942496,10336,10,1
1,NewOrder,1771510070.942547,26460,14,1
4,Delivery,1771510070.942926,25541,8,1
2,Payment,1771510070.943435,7413,6,1
1,NewOrder,1771510070.944320,22063,2,1
2,Payment,1771510070.945418,8264,21,1
3,OrderStatus,1771510070.945807,6079,17,1
1,NewOrder,1771510070.946343,9389,12,1
1,NewOrder,1771510070.946564,28318,7,1
2,Payment,1771510070.946705,11310,5,1
4,Delivery,1771510070.948093,36265,4,1
2,Payment,1771510070.949024,8104,11,1
1,NewOrder,1771510070.950501,23028,20,1
2,Payment,1771510070.950837,7994,13,1
2,Payment,1771510070.950871,12564,6,1
1,NewOrder,1771510070.951022,21483,9,1
1,NewOrder,1771510070.951898,25575,17,1
2,Payment,1771510070.952015,8000,0,1
1,NewOrder,1771510070.952853,36876,10,1
2,Payment,1771510070.953716,7168,21,1
4,Delivery,1771510070.954341,12852,18,1
1,NewOrder,1771510070.954547,23650,3,1
1,NewOrder,1771510070.955748,33190,12,1
5,StockLevel,1771510070.957144,39659,11,1
1,NewOrder,1771510070.957967,54441,23,1
1,NewOrder,1771510070.958031,34663,5,1
1,NewOrder,1771510070.958854,24425,13,1
1,NewOrder,1771510070.960033,20265,0,1
1,NewOrder,1771510070.960898,16345,21,1
1,NewOrder,1771510070.963458,45641,6,1
2,Payment,1771510070.964179,8371,1,1
3,OrderStatus,1771510070.965180,6586,19,1
1,NewOrder,1771510070.966397,15285,2,1
2,Payment,1771510070.967216,5056,18,1
1,NewOrder,1771510070.968082,19720,22,1
2,Payment,1771510070.968480,7691,8,1
2,Payment,1771510070.968518,7223,16,1
2,Payment,1771510070.969030,8801,14,1
1,NewOrder,1771510070.971779,32820,19,1
1,NewOrder,1771510070.972295,19960,18,1
3,OrderStatus,1771510070.972520,2662,9,1
2,Payment,1771510070.972564,8184,1,1
1,NewOrder,1771510070.973553,15026,20,1
1,NewOrder,1771510070.974897,34623,7,1
4,Delivery,1771510070.975197,25574,9,1
1,NewOrder,1771510070.975757,41903,16,1
2,Payment,1771510070.976183,7431,8,1
2,Payment,1771510070.977258,5484,21,1
5,StockLevel,1771510070.977482,9264,17,1
2,Payment,1771510070.977853,6841,14,1
2,Payment,1771510070.978216,5693,3,1
2,Payment,1771510070.980310,6947,0,1
2,Payment,1771510070.980771,8119,1,1
2,Payment,1771510070.981714,8986,2,1
2,Payment,1771510070.982765,4761,21,1
2,Payment,1771510070.983303,7014,13,1
1,NewOrder,1771510070.983637,28821,8,1
2,Payment,1771510070.983922,8805,3,1
3,OrderStatus,1771510070.984381,2617,4,1
1,NewOrder,1771510070.984706,21091,14,1
1,NewOrder,1771510070.986759,23588,17,1
2,Payment,1771510070.986836,14902,15,1
2,Payment,1771510070.987030,7600,4,1
2,Payment,1771510070.987270,8769,0,1
1,NewOrder,1771510070.987536,22081,21,1
1,NewOrder,1771510070.987824,21722,22,1
2,Payment,1771510070.988596,5712,20,1
1,NewOrder,1771510070.988913,17700,1,1
4,Delivery,1771510070.988951,14502,12,1
2,Payment,1771510070.989744,8538,10,1
1,NewOrder,1771510070.990331,31313,13,1
1,NewOrder,1771510070.990714,21362,2,1
1,NewOrder,1771510070.992267,17302,18,1
1,NewOrder,1771510070.992706,27860,5,1
1,NewOrder,1771510070.992737,19260,3,1
1,NewOrder,1771510070.994323,15273,20,1
1,NewOrder,1771510070.994652,11335,4,1
1,NewOrder,1771510070.996051,28874,0,1
3,OrderStatus,1771510070.996827,14018,11,1
2,Payment,1771510070.998295,7032,10,1
1,NewOrder,1771510071.000787,17671,9,1
1,NewOrder,1771510071.001748,34388,15,1
2,Payment,1771510071.003467,8961,12,1
2,Payment,1771510071.004623,7764,19,1
1,NewOrder,1771510071.005342,16672,10,1
5,StockLevel,1771510071.005811,14292,14,1
2,Payment,1771510071.006037,3608,4,1
1,NewOrder,1771510071.006624,17847,1,1
2,Payment,1771510071.009111,6606,6,1
1,NewOrder,1771510071.009535,12440,7,1
2,Payment,1771510071.009569,6648,22,1
2,Payment,1771510071.009594,5185,18,1
2,Payment,1771510071.009620,9636,20,1
1,NewOrder,1771510071.009633,31837,21,1
2,Payment,1771510071.009656,4221,4,1
1,NewOrder,1771510071.010360,18566,17,1
2,Payment,1771510071.010857,7569,11,1
1,NewOrder,1771510071.012018,21713,3,1
1,NewOrder,1771510071.012087,19448,2,1
1,NewOrder,1771510071.012411,37420,19,1
1,NewOrder,1771510071.012420,35434,23,1
2,Payment,1771510071.012443,7716,12,1
4,Delivery,1771510071.012468,47996,8,1
1,NewOrder,1771510071.013890,33421,4,1
1,NewOrder,1771510071.014798,30794,18,1
2,Payment,1771510071.015729,8692,6,1
2,Payment,1771510071.016228,7796,22,1
2,Payment,1771510071.017674,10172,16,1
1,NewOrder,1771510071.018441,15333,11,1
3,OrderStatus,1771510071.018470,5011,9,1
1,NewOrder,1771510071.019266,29467,20,1
1,NewOrder,1771510071.020114,12761,14,1
2,Payment,1771510071.020182,11342,12,1
5,StockLevel,1771510071.020576,22605,5,1
1,NewOrder,1771510071.021659,15602,13,1
2,Payment,1771510071.021989,5562,7,1
2,Payment,1771510071.022038,3764,10,1
1,NewOrder,1771510071.023497,20812,9,1
2,Payment,1771510071.024037,6587,22,1
1,NewOrder,1771510071.024432,24228,6,1
1,NewOrder,1771510071.024495,45891,1,1
2,Payment,1771510071.024938,7154,0,1
2,Payment,1771510071.025816,6312,10,1
2,Payment,1771510071.027568,5799,7,1
1,NewOrder,1771510071.027858,23648,16,1
1,NewOrder,1771510071.028939,21746,17,1
2,Payment,1771510071.030637,5805,22,1
1,NewOrder,1771510071.031543,24903,12,1
1,NewOrder,1771510071.031560,23463,2,1
1,NewOrder,1771510071.032109,16834,0,1
1,NewOrder,1771510071.032147,13814,10,1
1,NewOrder,1771510071.032886,17530,14,1
1,NewOrder,1771510071.033383,19222,7,1
1,NewOrder,1771510071.033738,35126,3,1
1,NewOrder,1771510071.033786,12929,11,1
2,Payment,1771510071.036159,5907,15,1
2,Payment,1771510071.036451,6089,22,1
1,NewOrder,1771510071.037282,13035,13,1
1,NewOrder,1771510071.041492,25349,21,1
1,NewOrder,1771510071.042078,13450,15,1
4,Delivery,1771510071.042549,38275,22,1
5,StockLevel,1771510071.043196,22393,5,1
4,Delivery,1771510071.044332,16556,9,1
2,Payment,1771510071.045616,7379,18,1
2,Payment,1771510071.045983,5302,10,1
1,NewOrder,1771510071.046725,15421,11,1
1,NewOrder,1771510071.047335,27364,4,1
5,StockLevel,1771510071.047878,24905,23,1
1,NewOrder,1771510071.048684,25842,6,1
2,Payment,1771510071.048757,5639,20,1
1,NewOrder,1771510071.048967,27994,0,1
2,Payment,1771510071.049841,10967,19,1
2,Payment,1771510071.050334,5181,13,1
1,NewOrder,1771510071.050439,26203,14,1
2,Payment,1771510071.050696,7253,17,1
1,NewOrder,1771510071.051304,19514,10,1
4,Delivery,1771510071.051524,55044,16,1
1,NewOrder,1771510071.052616,18259,7,1
2,Payment,1771510071.053006,9928,18,1
3,OrderStatus,1771510071.054418,5251,20,1
4,Delivery,1771510071.055035,23087,2,1
1,NewOrder,1771510071.055538,15352,13,1
2,Payment,1771510071.055544,5226,15,1
2,Payment,1771510071.056458,10359,12,1
1,NewOrder,1771510071.057962,8491,17,1
2,Payment,1771510071.059685,5019,20,1
1,NewOrder,1771510071.060473,34731,8,1
2,Payment,1771510071.060783,10038,15,1
1,NewOrder,1771510071.060827,22377,19,1
1,NewOrder,1771510071.060907,11566,9,1
4,Delivery,1771510071.062159,57127,11,1
2,Payment,1771510071.062949,7461,18,1
1,NewOrder,1771510071.064716,17411,20,1
1,NewOrder,1771510071.065600,26348,5,1
2,Payment,1771510071.066466,6350,17,1
1,NewOrder,1771510071.066841,28889,12,1
1,NewOrder,1771510071.066866,24065,21,1
2,Payment,1771510071.068884,8063,3,1
1,NewOrder,1771510071.070400,29399,1,1
1,NewOrder,1771510071.070426,14513,18,1
2,Payment,1771510071.070844,2969,10,1
2,Payment,1771510071.070846,3438,15,1
1,NewOrder,1771510071.070897,16002,7,1
2,Payment,1771510071.070902,9611,13,1
1,NewOrder,1771510071.072484,23903,9,1
1,NewOrder,1771510071.072798,20888,23,1
2,Payment,1771510071.072831,5717,17,1
1,NewOrder,1771510071.073827,23262,10,1
2,Payment,1771510071.074295,8255,15,1
2,Payment,1771510071.074539,6376,6,1
1,NewOrder,1771510071.074710,23247,4,1
2,Payment,1771510071.076664,7923,14,1
2,Payment,1771510071.076971,7016,3,1
2,Payment,1771510071.076983,8488,0,1
2,Payment,1771510071.078136,9786,2,1
2,Payment,1771510071.078563,14765,17,1
2,Payment,1771510071.080530,15171,13,1
1,NewOrder,1771510071.080838,42871,22,1
2,Payment,1771510071.080932,7660,6,1
5,StockLevel,1771510071.082139,11681,20,1
1,NewOrder,1771510071.082573,34933,15,1
2,Payment,1771510071.083227,8635,19,1
2,Payment,1771510071.084011,8284,3,1
1,NewOrder,1771510071.084600,24135,14,1
2,Payment,1771510071.084949,9072,18,1
4,Delivery,1771510071.085487,10243,0,1
2,Payment,1771510071.086922,6850,7,1
1,NewOrder,1771510071.087938,11907,2,1
1,NewOrder,1771510071.088606,28466,6,1
2,Payment,1771510071.090954,11657,21,1
2,Payment,1771510071.091886,7864,19,1
2,Payment,1771510071.091972,3784,5,1
3,OrderStatus,1771510071.092306,5026,3,1
1,NewOrder,1771510071.093351,24124,17,1
2,Payment,1771510071.093726,10349,23,1
1,NewOrder,1771510071.093797,24483,7,1
2,Payment,1771510071.093844,12844,20,1
4,Delivery,1771510071.094045,7844,18,1
1,NewOrder,1771510071.095227,12023,8,1
2,Payment,1771510071.095724,2601,13,1
1,NewOrder,1771510071.095747,26462,0,1
2,Payment,1771510071.095756,9669,12,1
2,Payment,1771510071.095771,4006,5,1
2,Payment,1771510071.096398,5529,9,1
2,Payment,1771510071.097112,11304,10,1
1,NewOrder,1771510071.097357,27560,3,1
2,Payment,1771510071.097972,9554,4,1
5,StockLevel,1771510071.098340,20840,13,1
1,NewOrder,1771510071.099773,20334,19,1
4,Delivery,1771510071.099788,55958,5,1
2,Payment,1771510071.099812,2965,1,1
1,NewOrder,1771510071.099869,29233,2,1
2,Payment,1771510071.101911,9668,18,1
1,NewOrder,1771510071.101943,26595,9,1
1,NewOrder,1771510071.102623,22975,21,1
1,NewOrder,1771510071.102787,22786,1,1
5,StockLevel,1771510071.104095,11988,23,1
2,Payment,1771510071.105440,7934,12,1
4,Delivery,1771510071.106582,44390,16,1
2,Payment,1771510071.106702,6336,20,1
2,Payment,1771510071.107273,8906,8,1
2,Payment,1771510071.107536,5929,4,1
1,NewOrder,1771510071.108438,9733,10,1
5,StockLevel,1771510071.108746,17715,14,1
1,NewOrder,1771510071.111601,16355,18,1
1,NewOrder,1771510071.113054,14930,20,1
2,Payment,1771510071.113385,5961,12,1
2,Payment,1771510071.113488,6676,4,1
2,Payment,1771510071.116096,7640,23,1
1,NewOrder,1771510071.116203,15731,8,1
2,Payment,1771510071.117096,6117,6,1
1,NewOrder,1771510071.117500,28351,17,1
2,Payment,1771510071.117529,5689,15,1
2,Payment,1771510071.118184,12303,10,1
2,Payment,1771510071.118296,6974,7,1
1,NewOrder,1771510071.119191,22777,13,1
2,Payment,1771510071.119294,9178,11,1
1,NewOrder,1771510071.119368,30277,12,1
1,NewOrder,1771510071.120132,19527,19,1
2,Payment,1771510071.120175,5382,4,1
2,Payment,1771510071.122234,6905,0,1
1,NewOrder,1771510071.123226,17034,6,1
1,NewOrder,1771510071.123242,25481,15,1
1,NewOrder,1771510071.123730,21094,22,1
2,Payment,1771510071.123750,4809,23,1
2,Payment,1771510071.124941,8103,3,1
1,NewOrder,1771510071.125283,14290,7,1
2,Payment,1771510071.125573,12101,4,1
1,NewOrder,1771510071.125583,30489,1,1
1,NewOrder,1771510071.125620,30484,21,1
1,NewOrder,1771510071.126485,31912,14,1
1,NewOrder,1771510071.127969,20617,18,1
1,NewOrder,1771510071.127998,17187,20,1
1,NewOrder,1771510071.128489,22837,11,1
4,Delivery,1771510071.128548,31188,9,1
4,Delivery,1771510071.128571,43718,23,1
3,OrderStatus,1771510071.129112,4931,2,1
1,NewOrder,1771510071.129163,28904,0,1
4,Delivery,1771510071.130507,29562,10,1
2,Payment,1771510071.131949,7241,8,1
1,NewOrder,1771510071.133054,14467,3,1
2,Payment,1771510071.134057,6221,2,1
1,NewOrder,1771510071.137716,31701,4,1
2,Payment,1771510071.139201,7024,8,1
1,NewOrder,1771510071.139594,32799,7,1
5,StockLevel,1771510071.139672,12156,19,1
2,Payment,1771510071.140280,8079,6,1
1,NewOrder,1771510071.140291,25506,2,1
2,Payment,1771510071.141992,6470,13,1
2,Payment,1771510071.144841,6472,22,1
1,NewOrder,1771510071.145198,20582,20,1
1,NewOrder,1771510071.145861,34661,17,1
2,Payment,1771510071.146247,8217,8,1
1,NewOrder,1771510071.147536,31693,3,1
2,Payment,1771510071.148383,7693,6,1
1,NewOrder,1771510071.148474,23487,13,1
1,NewOrder,1771510071.148600,16840,18,1
1,NewOrder,1771510071.148734,28414,15,1
5,StockLevel,1771510071.149663,13316,12,1
1,NewOrder,1771510071.150985,24024,16,1
1,NewOrder,1771510071.151337,40136,22,1
1,NewOrder,1771510071.151338,18563,11,1
2,Payment,1771510071.151846,8300,19,1
2,Payment,1771510071.154486,15412,8,1
5,StockLevel,1771510071.155769,9457,5,1
1,NewOrder,1771510071.156085,11595,1,1
1,NewOrder,1771510071.156088,22526,6,1
2,Payment,1771510071.156116,9712,21,1
1,NewOrder,1771510071.158089,25340,0,1
2,Payment,1771510071.158421,8595,14,1
1,NewOrder,1771510071.159752,17790,9,1
4,Delivery,1771510071.160083,23302,10,1
1,NewOrder,1771510071.160169,23285,19,1
5,StockLevel,1771510071.162992,8463,12,1
2,Payment,1771510071.165249,4957,5,1
1,NewOrder,1771510071.165465,12099,18,1
1,NewOrder,1771510071.165805,13210,20,1
2,Payment,1771510071.165812,7475,2,1
2,Payment,1771510071.165846,15030,21,1
2,Payment,1771510071.167031,13827,14,1
5,StockLevel,1771510071.167694,7088,1,1
2,Payment,1771510071.169432,13240,4,1
1,NewOrder,1771510071.169910,28892,8,1
1,NewOrder,1771510071.169926,22035,11,1
1,NewOrder,1771510071.170217,7291,5,1
2,Payment,1771510071.171477,11611,12,1
1,NewOrder,1771510071.171979,26487,13,1
1,NewOrder,1771510071.172311,22039,23,1
1,NewOrder,1771510071.172417,20436,7,1
1,NewOrder,1771510071.173301,22543,2,1
2,Payment,1771510071.174793,9868,1,1
1,NewOrder,1771510071.175029,14906,16,1
2,Payment,1771510071.177170,12401,15,1
1,NewOrder,1771510071.177520,19613,5,1
1,NewOrder,1771510071.177566,19011,9,1
2,Payment,1771510071.177588,9725,18,1
2,Payment,1771510071.178627,13690,6,1
5,StockLevel,1771510071.179039,15088,20,1
1,NewOrder,1771510071.179252,25259,3,1
1,NewOrder,1771510071.180543,29414,17,1
2,Payment,1771510071.180877,11458,14,1
1,NewOrder,1771510071.180889,19507,21,1
2,Payment,1771510071.182687,5216,4,1
1,NewOrder,1771510071.183102,25705,12,1
4,Delivery,1771510071.183394,32130,10,1
1,NewOrder,1771510071.183453,16649,0,1
4,Delivery,1771510071.183478,17689,19,1
1,NewOrder,1771510071.184674,23218,1,1
2,Payment,1771510071.187337,8894,18,1
3,OrderStatus,1771510071.187927,9240,4,1
1,NewOrder,1771510071.189587,18869,15,1
4,Delivery,1771510071.189959,26208,16,1
1,NewOrder,1771510071.191494,29524,22,1
1,NewOrder,1771510071.191985,20136,11,1
1,NewOrder,1771510071.192332,37240,6,1
1,NewOrder,1771510071.192349,28282,14,1
2,Payment,1771510071.192874,5962,7,1
2,Payment,1771510071.194151,11419,20,1
2,Payment,1771510071.194361,7293,23,1
1,NewOrder,1771510071.195867,21970,2,1
2,Payment,1771510071.196254,15436,18,1
2,Payment,1771510071.196601,7521,9,1
2,Payment,1771510071.197147,6335,5,1
1,NewOrder,1771510071.197189,19036,4,1
2,Payment,1771510071.198480,6005,13,1
2,Payment,1771510071.198813,7203,8,1
2,Payment,1771510071.198852,9655,7,1
1,NewOrder,1771510071.200122,11907,0,1
2,Payment,1771510071.200419,17461,21,1
2,Payment,1771510071.201189,19864,19,1
2,Payment,1771510071.201666,24180,23,1
1,NewOrder,1771510071.203499,12696,5,1
1,NewOrder,1771510071.204133,29273,9,1
1,NewOrder,1771510071.204500,29491,13,1
3,OrderStatus,1771510071.204526,6526,3,1
1,NewOrder,1771510071.205585,35912,20,1
2,Payment,1771510071.206040,6189,8,1
1,NewOrder,1771510071.207916,29088,1,1
1,NewOrder,1771510071.208479,30321,15,1
2,Payment,1771510071.208519,5746,7,1
2,Payment,1771510071.208820,6101,12,1
1,NewOrder,1771510071.209971,7547,17,1
2,Payment,1771510071.211067,6783,3,1
1,NewOrder,1771510071.211704,24985,18,1
2,Payment,1771510071.212045,10627,0,1
1,NewOrder,1771510071.212145,21820,11,1
4,Delivery,1771510071.212242,3716,8,1
2,Payment,1771510071.214275,6841,7,1
2,Payment,1771510071.214945,11374,12,1
2,Payment,1771510071.215538,7099,10,1
1,NewOrder,1771510071.215967,25447,8,1
5,StockLevel,1771510071.216183,1397,16,1
2,Payment,1771510071.216218,10225,5,1
2,Payment,1771510071.216249,8252,4,1
4,Delivery,1771510071.217530,47458,17,1
2,Payment,1771510071.217592,10299,16,1
4,Delivery,1771510071.217860,24206,2,1
4,Delivery,1771510071.217872,24572,3,1
1,NewOrder,1771510071.217887,18469,21,1
2,Payment,1771510071.220654,11425,14,1
1,NewOrder,1771510071.221043,24388,22,1
2,Payment,1771510071.221067,10282,19,1
5,StockLevel,1771510071.221140,13485,7,1
3,OrderStatus,1771510071.222647,5851,10,1
1,NewOrder,1771510071.222693,36735,0,1
1,NewOrder,1771510071.224523,7567,4,1
1,NewOrder,1771510071.225869,41338,23,1
2,Payment,1771510071.226344,11597,12,1
1,NewOrder,1771510071.226458,16520,5,1
1,NewOrder,1771510071.227913,32401,16,1
1,NewOrder,1771510071.228514,18748,10,1
2,Payment,1771510071.229596,7514,6,1
2,Payment,1771510071.231370,9607,19,1
2,Payment,1771510071.232104,13020,14,1
1,NewOrder,1771510071.232106,30936,4,1
2,Payment,1771510071.233429,10574,9,1
2,Payment,1771510071.233988,17395,11,1
1,NewOrder,1771510071.234013,11395,13,1
1,NewOrder,1771510071.234639,10816,7,1
1,NewOrder,1771510071.236381,43542,21,1
1,NewOrder,1771510071.236704,35329,18,1
4,Delivery,1771510071.237016,5506,1,1
1,NewOrder,1771510071.237134,30082,6,1
2,Payment,1771510071.237955,10247,12,1
1,NewOrder,1771510071.238818,16251,15,1
2,Payment,1771510071.240998,13931,19,1
1,NewOrder,1771510071.241427,29391,8,1
1,NewOrder,1771510071.241514,29333,20,1
5,StockLevel,1771510071.242075,2791,2,1
2,Payment,1771510071.242459,7144,3,1
2,Payment,1771510071.242538,3975,1,1
1,NewOrder,1771510071.242991,24127,5,1
2,Payment,1771510071.244027,11677,9,1
2,Payment,1771510071.244877,10463,2,1
1,NewOrder,1771510071.245148,31659,14,1
1,NewOrder,1771510071.245420,11963,13,1
2,Payment,1771510071.245446,11999,22,1
1,NewOrder,1771510071.245468,10710,7,1
2,Payment,1771510071.246536,5727,1,1
1,NewOrder,1771510071.247273,35281,10,1
2,Payment,1771510071.248214,10556,12,1
1,NewOrder,1771510071.249627,13032,3,1
5,StockLevel,1771510071.251408,19724,11,1
1,NewOrder,1771510071.252278,13062,1,1
1,NewOrder,1771510071.254945,23554,19,1
1,NewOrder,1771510071.255093,14122,15,1
1,NewOrder,1771510071.255352,12834,2,1
2,Payment,1771510071.255721,8850,9,1
2,Payment,1771510071.256202,10269,7,1
3,OrderStatus,1771510071.257394,1957,13,1
1,NewOrder,1771510071.257461,14998,22,1
1,NewOrder,1771510071.258794,22857,12,1
1,NewOrder,1771510071.259372,13883,13,1
1,NewOrder,1771510071.259440,19825,0,1
2,Payment,1771510071.260331,10604,16,1
2,Payment,1771510071.262669,5939,3,1
2,Payment,1771510071.263055,11253,4,1
1,NewOrder,1771510071.264584,17598,9,1
1,NewOrder,1771510071.265008,20289,17,1
1,NewOrder,1771510071.265351,23998,1,1
2,Payment,1771510071.266491,4010,7,1
1,NewOrder,1771510071.267129,22653,5,1
1,NewOrder,1771510071.267234,50569,6,1
1,NewOrder,1771510071.267236,26093,23,1
1,NewOrder,1771510071.268210,28695,2,1
1,NewOrder,1771510071.268622,24919,3,1
1,NewOrder,1771510071.269235,34760,15,1
2,Payment,1771510071.270513,6647,7,1
1,NewOrder,1771510071.270840,35958,8,1
2,Payment,1771510071.270857,10428,20,1
2,Payment,1771510071.270959,6231,16,1
1,NewOrder,1771510071.271144,21577,11,1
3,OrderStatus,1771510071.272050,6991,18,1
1,NewOrder,1771510071.272473,24364,22,1
2,Payment,1771510071.273271,8507,13,1
2,Payment,1771510071.274320,13627,4,1
2,Payment,1771510071.276819,10283,14,1
2,Payment,1771510071.277180,6548,7,1
2,Payment,1771510071.277206,21026,16,1
2,Payment,1771510071.278513,7688,19,1
2,Payment,1771510071.279056,16259,18,1
2,Payment,1771510071.279283,15903,0,1
1,NewOrder,1771510071.279935,13124,21,1
2,Payment,1771510071.281302,21331,20,1
2,Payment,1771510071.281662,10251,12,1
2,Payment,1771510071.281789,18471,13,1
4,Delivery,1771510071.282192,13761,9,1
1,NewOrder,1771510071.282568,13034,10,1
2,Payment,1771510071.283738,6545,7,1
4,Delivery,1771510071.285321,16598,17,1
1,NewOrder,1771510071.286212,39432,19,1
1,NewOrder,1771510071.287114,38230,14,1
1,NewOrder,1771510071.287969,24496,4,1
4,Delivery,1771510071.289372,21321,1,1
2,Payment,1771510071.289803,12524,5,1
1,NewOrder,1771510071.290306,36505,7,1
1,NewOrder,1771510071.291936,28963,12,1
2,Payment,1771510071.292745,2733,11,1
4,Delivery,1771510071.293083,6769,21,1
1,NewOrder,1771510071.293352,30606,23,1
1,NewOrder,1771510071.293566,35215,3,1
1,NewOrder,1771510071.295210,28164,0,1
2,Payment,1771510071.295339,9758,18,1
3,OrderStatus,1771510071.295494,9108,11,1
1,NewOrder,1771510071.295626,9827,10,1
1,NewOrder,1771510071.295965,26444,9,1
1,NewOrder,1771510071.296861,29342,22,1
2,Payment,1771510071.296920,8459,2,1
1,NewOrder,1771510071.298244,26621,16,1
1,NewOrder,1771510071.299875,10053,21,1
1,NewOrder,1771510071.300282,20993,13,1
1,NewOrder,1771510071.301933,12849,17,1
2,Payment,1771510071.302340,5352,5,1
1,NewOrder,1771510071.302654,18649,20,1
2,Payment,1771510071.304019,10010,15,1
2,Payment,1771510071.304616,8602,11,1
2,Payment,1771510071.305120,7679,18,1
1,NewOrder,1771510071.305393,16460,2,1
1,NewOrder,1771510071.305466,14511,10,1
2,Payment,1771510071.306822,9955,8,1
1,NewOrder,1771510071.307708,11894,5,1
5,StockLevel,1771510071.309953,8647,21,1
1,NewOrder,1771510071.310710,16803,1,1
1,NewOrder,1771510071.312478,15558,4,1
1,NewOrder,1771510071.312823,16455,18,1
2,Payment,1771510071.313234,9771,11,1
3,OrderStatus,1771510071.314040,9081,15,1
1,NewOrder,1771510071.314798,10421,17,1
2,Payment,1771510071.316789,9915,8,1
2,Payment,1771510071.317815,12049,6,1
2,Payment,1771510071.318624,4437,21,1
1,NewOrder,1771510071.319617,22984,5,1
2,Payment,1771510071.320000,13191,10,1
2,Payment,1771510071.320923,4983,12,1
1,NewOrder,1771510071.321288,21288,13,1
2,Payment,1771510071.321317,3983,20,1
1,NewOrder,1771510071.321877,24457,2,1
2,Payment,1771510071.322434,14082,9,1
2,Payment,1771510071.323029,17415,11,1
4,Delivery,1771510071.323072,24393,21,1
2,Payment,1771510071.323133,5201,15,1
2,Payment,1771510071.323398,4591,0,1
2,Payment,1771510071.323970,8460,23,1
2,Payment,1771510071.324876,5884,16,1
1,NewOrder,1771510071.325229,22271,17,1
2,Payment,1771510071.325314,10648,20,1
1,NewOrder,1771510071.325368,23612,14,1
1,NewOrder,1771510071.325668,16605,19,1
1,NewOrder,1771510071.325915,21128,12,1
2,Payment,1771510071.326218,15589,22,1
2,Payment,1771510071.326728,19325,8,1
2,Payment,1771510071.326821,15439,7,1
4,Delivery,1771510071.327525,13920,1,1
1,NewOrder,1771510071.327999,26686,0,1
1,NewOrder,1771510071.328048,11786,4,1
1,NewOrder,1771510071.328355,14975,15,1
1,NewOrder,1771510071.328792,16605,3,1
5,StockLevel,1771510071.329302,12736,18,1
1,NewOrder,1771510071.329875,33184,6,1
1,NewOrder,1771510071.330784,21144,16,1
2,Payment,1771510071.332442,7792,23,1
1,NewOrder,1771510071.333206,30573,10,1
2,Payment,1771510071.335985,9920,20,1
2,Payment,1771510071.336529,17398,9,1
2,Payment,1771510071.339848,8451,4,1
1,NewOrder,1771510071.340250,29697,23,1
3,OrderStatus,1771510071.340454,9979,11,1
2,Payment,1771510071.341469,8273,1,1
2,Payment,1771510071.341830,8925,22,1
2,Payment,1771510071.342049,17089,18,1
2,Payment,1771510071.342284,12829,7,1
1,NewOrder,1771510071.342297,9398,19,1
2,Payment,1771510071.342588,3771,13,1
2,Payment,1771510071.342616,9283,5,1
2,Payment,1771510071.343342,8212,15,1
1,NewOrder,1771510071.345420,24853,3,1
1,NewOrder,1771510071.345919,26280,20,1
1,NewOrder,1771510071.346065,24694,8,1
5,StockLevel,1771510071.346357,24005,2,1
2,Payment,1771510071.346382,6487,13,1
2,Payment,1771510071.347055,7244,12,1
2,Payment,1771510071.347476,5058,21,1
3,OrderStatus,1771510071.347512,1734,17,1
4,Delivery,1771510071.348321,29484,4,1
2,Payment,1771510071.348992,7009,14,1
2,Payment,1771510071.349267,9446,17,1
1,NewOrder,1771510071.349757,20940,1,1
1,NewOrder,1771510071.350450,38832,11,1
1,NewOrder,1771510071.350777,23452,22,1
1,NewOrder,1771510071.351573,22219,15,1
1,NewOrder,1771510071.351707,29728,19,1
2,Payment,1771510071.351912,7538,5,1
1,NewOrder,1771510071.351938,16773,16,1
1,NewOrder,1771510071.352546,12437,21,1
1,NewOrder,1771510071.352882,21821,13,1
1,NewOrder,1771510071.353939,27888,9,1
1,NewOrder,1771510071.354322,32419,12,1
2,Payment,1771510071.354709,7990,0,1
4,Delivery,1771510071.355131,17109,7,1
5,StockLevel,1771510071.356025,9378,14,1
2,Payment,1771510071.358735,3038,17,1
1,NewOrder,1771510071.359155,41326,18,1
3,OrderStatus,1771510071.359466,2760,5,1
2,Payment,1771510071.361788,6561,17,1
2,Payment,1771510071.362240,14430,5,1
1,NewOrder,1771510071.362723,34710,0,1
2,Payment,1771510071.363070,6599,6,1
2,Payment,1771510071.363789,15845,10,1
5,StockLevel,1771510071.364999,19405,21,1
2,Payment,1771510071.365426,10514,14,1
1,NewOrder,1771510071.368373,31200,17,1
2,Payment,1771510071.368727,9414,16,1
1,NewOrder,1771510071.369716,41367,6,1
2,Payment,1771510071.369959,9275,23,1
1,NewOrder,1771510071.370286,24586,3,1
2,Payment,1771510071.370380,7785,2,1
5,StockLevel,1771510071.370707,25779,1,1
1,NewOrder,1771510071.370775,32569,8,1
2,Payment,1771510071.372220,8408,20,1
1,NewOrder,1771510071.372264,16256,7,1
1,NewOrder,1771510071.373804,11493,15,1
2,Payment,1771510071.374239,8580,22,1
2,Payment,1771510071.374724,5660,13,1
2,Payment,1771510071.375962,9829,14,1
1,NewOrder,1771510071.376693,24144,5,1
2,Payment,1771510071.377829,5977,4,1
1,NewOrder,1771510071.378164,29907,16,1
2,Payment,1771510071.378181,2128,2,1
1,NewOrder,1771510071.379247,27748,23,1
1,NewOrder,1771510071.379646,24628,10,1
1,NewOrder,1771510071.380333,10868,2,1
1,NewOrder,1771510071.380405,19509,13,1
1,NewOrder,1771510071.380652,19774,20,1
2,Payment,1771510071.381448,4636,19,1
2,Payment,1771510071.381841,7109,9,1
1,NewOrder,1771510071.382833,33006,22,1
2,Payment,1771510071.383820,5114,4,1
1,NewOrder,1771510071.384415,22183,21,1
2,Payment,1771510071.385315,4476,15,1
1,NewOrder,1771510071.385803,25378,14,1
2,Payment,1771510071.386094,9363,19,1
2,Payment,1771510071.386752,6126,12,1
1,NewOrder,1771510071.388532,14525,7,1
1,NewOrder,1771510071.388950,22166,4,1
2,Payment,1771510071.388966,3495,9,1
1,NewOrder,1771510071.389304,20038,11,1
2,Payment,1771510071.389803,4454,15,1
2,Payment,1771510071.391215,5775,2,1
2,Payment,1771510071.392474,12245,9,1
1,NewOrder,1771510071.392901,44194,12,1
5,StockLevel,1771510071.394270,15916,15,1
3,OrderStatus,1771510071.394887,9588,3,1
1,NewOrder,1771510071.395475,32089,19,1
1,NewOrder,1771510071.396497,35030,1,1
4,Delivery,1771510071.397002,29126,2,1
5,StockLevel,1771510071.397444,25207,0,1
1,NewOrder,1771510071.399597,10682,17,1
3,OrderStatus,1771510071.399927,4645,13,1
4,Delivery,1771510071.400440,34663,20,1
2,Payment,1771510071.400494,5314,18,1
1,NewOrder,1771510071.400848,32176,5,1
1,NewOrder,1771510071.403081,11188,7,1
1,NewOrder,1771510071.403359,10883,8,1
1,NewOrder,1771510071.404288,9473,10,1
2,Payment,1771510071.404491,12629,3,1
2,Payment,1771510071.404586,5352,13,1
1,NewOrder,1771510071.404728,12354,9,1
1,NewOrder,1771510071.405817,33151,18,1
2,Payment,1771510071.406612,3696,21,1
2,Payment,1771510071.407020,9415,23,1
2,Payment,1771510071.408082,14597,16,1
1,NewOrder,1771510071.409357,5527,11,1
2,Payment,1771510071.409948,17642,13,1
1,NewOrder,1771510071.410199,36625,15,1
1,NewOrder,1771510071.410293,34755,17,1
1,NewOrder,1771510071.410322,38103,21,1
1,NewOrder,1771510071.411097,33046,6,1
2,Payment,1771510071.411124,10404,4,1
1,NewOrder,1771510071.411192,40789,14,1
1,NewOrder,1771510071.413771,12030,10,1
2,Payment,1771510071.414255,2533,8,1
2,Payment,1771510071.414292,4231,7,1
2,Payment,1771510071.414898,7419,11,1
1,NewOrder,1771510071.415848,26048,22,1
3,OrderStatus,1771510071.416447,8330,23,1
2,Payment,1771510071.416802,7041,8,1
3,OrderStatus,1771510071.417092,3940,9,1
2,Payment,1771510071.417142,9022,3,1
1,NewOrder,1771510071.418536,17509,7,1
1,NewOrder,1771510071.421048,23548,9,1
2,Payment,1771510071.421542,8389,4,1
2,Payment,1771510071.422327,5557,11,1
1,NewOrder,1771510071.422669,31496,0,1
1,NewOrder,1771510071.422692,21819,16,1
2,Payment,1771510071.423867,5677,8,1
2,Payment,1771510071.424800,8572,23,1
2,Payment,1771510071.425815,5324,10,1
2,Payment,1771510071.426138,9528,2,1
1,NewOrder,1771510071.426189,18346,3,1
1,NewOrder,1771510071.427576,24725,19,1
1,NewOrder,1771510071.427601,16829,13,1
2,Payment,1771510071.427896,5972,11,1
2,Payment,1771510071.429559,6520,8,1
1,NewOrder,1771510071.429943,14540,4,1
1,NewOrder,1771510071.431156,13458,10,1
5,StockLevel,1771510071.431541,11138,1,1
1,NewOrder,1771510071.433041,27458,5,1
1,NewOrder,1771510071.433390,33853,23,1
2,Payment,1771510071.433880,6648,11,1
3,OrderStatus,1771510071.435119,10024,20,1
1,NewOrder,1771510071.435690,24531,2,1
1,NewOrder,1771510071.436056,23810,7,1
1,NewOrder,1771510071.436103,25924,8,1
1,NewOrder,1771510071.437119,16678,12,1
2,Payment,1771510071.438981,8166,18,1
5,StockLevel,1771510071.440544,20965,11,1
2,Payment,1771510071.441919,6821,22,1
1,NewOrder,1771510071.442690,11945,1,1
1,NewOrder,1771510071.444156,17527,6,1
1,NewOrder,1771510071.444445,38745,13,1
4,Delivery,1771510071.444500,51543,4,1
1,NewOrder,1771510071.444521,33846,16,1
2,Payment,1771510071.444548,4231,3,1
1,NewOrder,1771510071.444620,13564,9,1
1,NewOrder,1771510071.444625,28055,10,1
2,Payment,1771510071.445060,7559,17,1
1,NewOrder,1771510071.445163,18512,20,1
2,Payment,1771510071.446847,10736,15,1
2,Payment,1771510071.447158,12349,18,1
2,Payment,1771510071.448436,5696,21,1
2,Payment,1771510071.448755,12576,22,1
2,Payment,1771510071.448792,2840,3,1
2,Payment,1771510071.451644,6568,3,1
1,NewOrder,1771510071.451997,27257,14,1
1,NewOrder,1771510071.452313,35200,19,1
2,Payment,1771510071.452636,12784,17,1
2,Payment,1771510071.453811,14397,12,1
1,NewOrder,1771510071.454144,9207,21,1
1,NewOrder,1771510071.454189,13024,0,1
5,StockLevel,1771510071.454645,17350,1,1
2,Payment,1771510071.457595,13718,15,1
1,NewOrder,1771510071.458199,27379,9,1
2,Payment,1771510071.458225,8654,3,1
2,Payment,1771510071.459518,17606,18,1
1,NewOrder,1771510071.459882,28141,7,1
1,NewOrder,1771510071.460246,23977,2,1
4,Delivery,1771510071.460512,35966,5,1
2,Payment,1771510071.461342,6405,22,1
1,NewOrder,1771510071.461532,5737,11,1
2,Payment,1771510071.461711,8916,6,1
4,Delivery,1771510071.462037,28016,8,1
4,Delivery,1771510071.463365,10698,21,1
1,NewOrder,1771510071.463690,9093,20,1
1,NewOrder,1771510071.465432,26633,17,1
2,Payment,1771510071.466891,8739,3,1
2,Payment,1771510071.467227,11585,0,1
1,NewOrder,1771510071.467259,7200,23,1
1,NewOrder,1771510071.467282,4282,11,1
1,NewOrder,1771510071.467767,36856,22,1
2,Payment,1771510071.468220,7793,12,1
1,NewOrder,1771510071.470643,24331,6,1
2,Payment,1771510071.471337,7986,15,1
1,NewOrder,1771510071.471575,9015,11,1
2,Payment,1771510071.472020,12415,1,1
2,Payment,1771510071.472693,8151,10,1
2,Payment,1771510071.472796,6364,20,1
2,Payment,1771510071.474074,7045,21,1
1,NewOrder,1771510071.474471,33000,23,1
1,NewOrder,1771510071.475654,12934,3,1
2,Payment,1771510071.476026,7606,12,1
2,Payment,1771510071.477138,6395,18,1
2,Payment,1771510071.478380,6746,16,1
2,Payment,1771510071.478826,8290,0,1
2,Payment,1771510071.479173,9750,20,1
4,Delivery,1771510071.479270,30195,14,1
1,NewOrder,1771510071.479338,24341,15,1
2,Payment,1771510071.480600,6941,11,1
2,Payment,1771510071.480855,11611,10,1
2,Payment,1771510071.481133,10286,21,1
2,Payment,1771510071.483205,10190,13,1
5,StockLevel,1771510071.483543,15630,18,1
1,NewOrder,1771510071.483645,26762,12,1
2,Payment,1771510071.484247,8184,2,1
2,Payment,1771510071.484446,12293,1,1
2,Payment,1771510071.485143,10442,16,1
2,Payment,1771510071.485588,8314,9,1
5,StockLevel,1771510071.487129,15243,0,1
2,Payment,1771510071.487523,8826,19,1
2,Payment,1771510071.487557,8463,11,1
2,Payment,1771510071.488036,13241,7,1
1,NewOrder,1771510071.488600,17049,3,1
1,NewOrder,1771510071.488933,11603,20,1
2,Payment,1771510071.490063,17063,8,1
1,NewOrder,1771510071.491442,15286,21,1
2,Payment,1771510071.492075,9095,17,1
1,NewOrder,1771510071.492441,10667,2,1
2,Payment,1771510071.492477,22066,10,1
1,NewOrder,1771510071.493411,15772,13,1
1,NewOrder,1771510071.493918,10640,9,1
2,Payment,1771510071.494985,15862,6,1
2,Payment,1771510071.495595,7114,16,1
1,NewOrder,1771510071.496040,18999,11,1
1,NewOrder,1771510071.496068,19290,4,1
2,Payment,1771510071.496360,5189,19,1
1,NewOrder,1771510071.496492,14842,5,1
1,NewOrder,1771510071.496751,9929,1,1
2,Payment,1771510071.499185,16697,18,1
1,NewOrder,1771510071.500550,6939,20,1
2,Payment,1771510071.501194,14368,17,1
2,Payment,1771510071.501301,19777,7,1
2,Payment,1771510071.501563,7935,19,1
2,Payment,1771510071.502396,7165,0,1
2,Payment,1771510071.502724,6803,16,1
1,NewOrder,1771510071.503119,17209,2,1
1,NewOrder,1771510071.503692,13538,15,1
2,Payment,1771510071.504571,18106,9,1
1,NewOrder,1771510071.504639,12180,22,1
2,Payment,1771510071.505664,6227,3,1
2,Payment,1771510071.506691,8331,1,1
2,Payment,1771510071.506741,11788,21,1
2,Payment,1771510071.507139,20216,8,1
2,Payment,1771510071.507486,16589,23,1
5,StockLevel,1771510071.507499,1459,20,1
2,Payment,1771510071.508967,23931,20,1
2,Payment,1771510071.509206,14733,13,1
2,Payment,1771510071.509476,18893,14,1
2,Payment,1771510071.509511,17837,19,1
2,Payment,1771510071.509540,10366,16,1
2,Payment,1771510071.509584,17707,0,1
1,NewOrder,1771510071.510419,9815,12,1
1,NewOrder,1771510071.510858,19949,6,1
2,Payment,1771510071.511346,22241,5,1
5,StockLevel,1771510071.511903,10497,3,1
1,NewOrder,1771510071.514566,20971,10,1
2,Payment,1771510071.515034,23061,1,1
2,Payment,1771510071.515063,18762,11,1
1,NewOrder,1771510071.515373,43674,4,1
2,Payment,1771510071.515574,17887,17,1
5,StockLevel,1771510071.515906,14878,18,1
1,NewOrder,1771510071.516828,9989,22,1
5,StockLevel,1771510071.517244,1744,15,1
1,NewOrder,1771510071.518550,16198,21,1
1,NewOrder,1771510071.519001,7749,15,1
2,Payment,1771510071.519916,16996,16,1
1,NewOrder,1771510071.520246,5700,12,1
1,NewOrder,1771510071.520352,9517,2,1
1,NewOrder,1771510071.521103,13998,7,1
1,NewOrder,1771510071.522416,20240,3,1
1,NewOrder,1771510071.522692,18827,9,1
1,NewOrder,1771510071.523964,19510,13,1
2,Payment,1771510071.524090,12221,23,1
2,Payment,1771510071.525957,4081,12,1
2,Payment,1771510071.526759,12813,15,1
2,Payment,1771510071.526830,11166,22,1
2,Payment,1771510071.527301,14600,0,1
1,NewOrder,1771510071.527370,32336,19,1
2,Payment,1771510071.527374,9402,8,1
1,NewOrder,1771510071.528381,13499,14,1
5,StockLevel,1771510071.529893,22883,2,1
2,Payment,1771510071.530051,10968,12,1
1,NewOrder,1771510071.530808,12705,18,1
2,Payment,1771510071.530820,12943,6,1
1,NewOrder,1771510071.532922,27060,20,1
4,Delivery,1771510071.533474,76102,17,1
2,Payment,1771510071.533601,12824,5,1
1,NewOrder,1771510071.533840,25192,11,1
2,Payment,1771510071.534761,8915,21,1
4,Delivery,1771510071.535116,9172,7,1
1,NewOrder,1771510071.535553,13410,10,1
1,NewOrder,1771510071.536335,40628,23,1
4,Delivery,1771510071.536787,7885,8,1
1,NewOrder,1771510071.536936,24709,16,1
1,NewOrder,1771510071.538011,22669,22,1
2,Payment,1771510071.538107,9843,1,1
1,NewOrder,1771510071.539594,16225,15,1
2,Payment,1771510071.541031,5680,12,1
5,StockLevel,1771510071.541543,27265,9,1
2,Payment,1771510071.541904,9891,14,1
2,Payment,1771510071.541914,8963,0,1
2,Payment,1771510071.542671,9694,3,1
2,Payment,1771510071.543484,10541,13,1
2,Payment,1771510071.543537,3149,18,1
1,NewOrder,1771510071.543689,23648,21,1
1,NewOrder,1771510071.543787,17336,6,1
2,Payment,1771510071.544298,2761,7,1
2,Payment,1771510071.544687,7698,8,1
1,NewOrder,1771510071.546446,26469,5,1
2,Payment,1771510071.546697,3098,18,1
2,Payment,1771510071.546725,9411,12,1
1,NewOrder,1771510071.547080,22502,7,1
1,NewOrder,1771510071.547964,27534,1,1
1,NewOrder,1771510071.548974,13779,10,1
1,NewOrder,1771510071.549818,14524,18,1
2,Payment,1771510071.550890,8064,0,1
1,NewOrder,1771510071.551811,24236,14,1
5,StockLevel,1771510071.552377,9152,3,1
2,Payment,1771510071.552402,6029,8,1
2,Payment,1771510071.552788,8313,2,1
3,OrderStatus,1771510071.554041,2905,13,1
2,Payment,1771510071.555831,8866,15,1
5,StockLevel,1771510071.556148,18867,12,1
2,Payment,1771510071.556959,11355,13,1
1,NewOrder,1771510071.558444,20002,8,1
3,OrderStatus,1771510071.558967,5213,0,1
1,NewOrder,1771510071.559057,17663,11,1
3,OrderStatus,1771510071.559059,5735,4,1
2,Payment,1771510071.559722,5482,19,1
2,Payment,1771510071.560006,7808,20,1
2,Payment,1771510071.560704,12153,22,1
2,Payment,1771510071.561112,7131,2,1
2,Payment,1771510071.561136,7087,6,1
5,StockLevel,1771510071.561539,9115,3,1
1,NewOrder,1771510071.561657,35579,16,1
1,NewOrder,1771510071.562765,16395,10,1
1,NewOrder,1771510071.564194,17202,0,1
1,NewOrder,1771510071.564366,15492,18,1
2,Payment,1771510071.564708,7722,15,1
1,NewOrder,1771510071.564804,22158,4,1
1,NewOrder,1771510071.565228,10607,19,1
1,NewOrder,1771510071.567361,24278,21,1
2,Payment,1771510071.567838,10021,20,1
1,NewOrder,1771510071.568237,19596,6,1
1,NewOrder,1771510071.568254,22812,2,1
2,Payment,1771510071.568331,14080,13,1
1,NewOrder,1771510071.568831,23334,9,1
1,NewOrder,1771510071.569593,26455,7,1
2,Payment,1771510071.570668,5340,3,1
2,Payment,1771510071.572441,11832,15,1
1,NewOrder,1771510071.572880,28104,22,1
3,OrderStatus,1771510071.572925,5359,5,1
1,NewOrder,1771510071.575025,26325,12,1
2,Payment,1771510071.575512,6093,1,1
2,Payment,1771510071.575859,8006,19,1
2,Payment,1771510071.576026,3194,3,1
2,Payment,1771510071.576070,9955,14,1
1,NewOrder,1771510071.576743,23662,11,1
2,Payment,1771510071.576974,10016,23,1
1,NewOrder,1771510071.577882,19250,20,1
2,Payment,1771510071.578297,6404,5,1
2,Payment,1771510071.578469,2325,8,1
2,Payment,1771510071.579169,3593,10,1
2,Payment,1771510071.579232,7394,3,1
2,Payment,1771510071.579876,8576,18,1
2,Payment,1771510071.580810,3404,8,1
1,NewOrder,1771510071.581420,15771,0,1
1,NewOrder,1771510071.581629,40665,1,1
5,StockLevel,1771510071.582424,14593,13,1
2,Payment,1771510071.582773,6890,10,1
2,Payment,1771510071.583887,10415,19,1
2,Payment,1771510071.584228,7381,8,1
2,Payment,1771510071.584285,9139,15,1
2,Payment,1771510071.584711,12026,5,1
3,OrderStatus,1771510071.586049,7747,14,1
1,NewOrder,1771510071.586650,20915,3,1
3,OrderStatus,1771510071.586974,6690,4,1
1,NewOrder,1771510071.587006,43726,23,1
1,NewOrder,1771510071.587846,15272,6,1
1,NewOrder,1771510071.588475,30679,18,1
1,NewOrder,1771510071.589676,21386,10,1
1,NewOrder,1771510071.591079,20363,2,1
1,NewOrder,1771510071.591623,19857,8,1
4,Delivery,1771510071.591655,20271,21,1
1,NewOrder,1771510071.592187,15400,9,1
1,NewOrder,1771510071.593435,40245,15,1
1,NewOrder,1771510071.593677,28720,4,1
1,NewOrder,1771510071.593802,28544,14,1
2,Payment,1771510071.594311,12593,19,1
1,NewOrder,1771510071.596069,31462,7,1
1,NewOrder,1771510071.596746,29602,5,1
4,Delivery,1771510071.597029,12996,13,1
2,Payment,1771510071.597142,14384,20,1
1,NewOrder,1771510071.597215,32802,0,1
1,NewOrder,1771510071.597261,34326,16,1
2,Payment,1771510071.600418,7126,11,1
2,Payment,1771510071.601008,20882,22,1
1,NewOrder,1771510071.601366,13623,12,1
5,StockLevel,1771510071.603132,8262,6,1
1,NewOrder,1771510071.606917,36801,19,1
1,NewOrder,1771510071.607561,6239,11,1
1,NewOrder,1771510071.607578,6942,3,1
2,Payment,1771510071.607600,3890,9,1
2,Payment,1771510071.609599,12722,17,1
2,Payment,1771510071.610044,14421,13,1
4,Delivery,1771510071.611074,41191,10,1
1,NewOrder,1771510071.611409,5735,6,1
1,NewOrder,1771510071.611457,28814,2,1
2,Payment,1771510071.611504,7279,9,1
1,NewOrder,1771510071.611506,17352,8,1
4,Delivery,1771510071.611536,27882,20,1
2,Payment,1771510071.612157,11040,21,1
4,Delivery,1771510071.613823,38818,11,1
2,Payment,1771510071.614532,2071,3,1
1,NewOrder,1771510071.615003,7303,12,1
2,Payment,1771510071.616614,2508,3,1
1,NewOrder,1771510071.617157,11615,6,1
2,Payment,1771510071.618793,8310,9,1
1,NewOrder,1771510071.619131,8381,3,1
1,NewOrder,1771510071.619176,15045,18,1
2,Payment,1771510071.621915,5650,22,1
1,NewOrder,1771510071.622306,23517,1,1
2,Payment,1771510071.622329,11862,12,1
2,Payment,1771510071.622346,4795,17,1
2,Payment,1771510071.622371,9830,14,1
1,NewOrder,1771510071.622404,20010,4,1
2,Payment,1771510071.623212,5923,21,1
1,NewOrder,1771510071.624488,23609,13,1
1,NewOrder,1771510071.626362,42692,5,1
1,NewOrder,1771510071.627115,21935,9,1
1,NewOrder,1771510071.627157,38848,17,1
2,Payment,1771510071.627536,4561,3,1
1,NewOrder,1771510071.627541,24141,7,1
3,OrderStatus,1771510071.627588,3835,22,1
1,NewOrder,1771510071.628785,13340,6,1
2,Payment,1771510071.628867,6805,8,1
1,NewOrder,1771510071.629145,16341,21,1
2,Payment,1771510071.630027,9781,0,1
1,NewOrder,1771510071.630749,21815,23,1
2,Payment,1771510071.631433,10769,22,1
1,NewOrder,1771510071.631599,17128,16,1
2,Payment,1771510071.632110,10385,3,1
1,NewOrder,1771510071.632217,44378,14,1
1,NewOrder,1771510071.633716,14666,15,1
1,NewOrder,1771510071.634204,25650,12,1
1,NewOrder,1771510071.634234,27958,18,1
5,StockLevel,1771510071.635689,10537,8,1
1,NewOrder,1771510071.639429,30590,20,1
2,Payment,1771510071.639821,16610,0,1
5,StockLevel,1771510071.640285,23805,2,1
3,OrderStatus,1771510071.642143,5008,6,1
2,Payment,1771510071.642226,11814,22,1
1,NewOrder,1771510071.642425,22512,4,1
3,OrderStatus,1771510071.642510,3524,3,1
1,NewOrder,1771510071.643730,11260,19,1
1,NewOrder,1771510071.645507,11719,21,1
1,NewOrder,1771510071.645837,28583,1,1
2,Payment,1771510071.646049,11836,3,1
2,Payment,1771510071.646244,3565,8,1
1,NewOrder,1771510071.647162,32230,6,1
1,NewOrder,1771510071.648120,14419,13,1
2,Payment,1771510071.648394,6159,15,1
1,NewOrder,1771510071.648740,9775,16,1
2,Payment,1771510071.649062,3136,9,1
1,NewOrder,1771510071.649820,8740,8,1
2,Payment,1771510071.651694,18706,7,1
2,Payment,1771510071.652211,7272,9,1
2,Payment,1771510071.652276,11916,10,1
2,Payment,1771510071.652575,4347,23,1
2,Payment,1771510071.652654,13805,11,1
1,NewOrder,1771510071.654058,20335,22,1
4,Delivery,1771510071.654576,35640,15,1
2,Payment,1771510071.655000,3932,19,1
2,Payment,1771510071.656442,8548,0,1
1,NewOrder,1771510071.656934,25101,23,1
1,NewOrder,1771510071.657244,24171,21,1
1,NewOrder,1771510071.657898,23166,3,1
1,NewOrder,1771510071.658537,10149,16,1
3,OrderStatus,1771510071.658570,3184,8,1
1,NewOrder,1771510071.658946,8220,19,1
1,NewOrder,1771510071.659495,13402,9,1
2,Payment,1771510071.659865,3541,12,1
2,Payment,1771510071.661762,9975,8,1
1,NewOrder,1771510071.662208,17230,18,1
2,Payment,1771510071.662553,5293,13,1
2,Payment,1771510071.663418,7081,12,1
1,NewOrder,1771510071.664103,29504,2,1
2,Payment,1771510071.664206,11671,10,1
2,Payment,1771510071.664950,8274,4,1
2,Payment,1771510071.665002,12733,0,1
2,Payment,1771510071.666016,7813,17,1
1,NewOrder,1771510071.666475,16245,11,1
2,Payment,1771510071.667178,5046,19,1
1,NewOrder,1771510071.667872,14292,13,1
2,Payment,1771510071.668697,7963,16,1
2,Payment,1771510071.669067,10642,5,1
1,NewOrder,1771510071.670031,9242,20,1
2,Payment,1771510071.670411,6822,7,1
2,Payment,1771510071.670509,8963,12,1
2,Payment,1771510071.671751,7346,8,1
1,NewOrder,1771510071.672238,12697,19,1
1,NewOrder,1771510071.672908,11611,9,1
2,Payment,1771510071.673235,13036,4,1
2,Payment,1771510071.673845,13627,17,1
1,NewOrder,1771510071.674403,18896,22,1
2,Payment,1771510071.674434,13510,1,1
2,Payment,1771510071.675886,11549,10,1
2,Payment,1771510071.676607,15209,14,1
3,OrderStatus,1771510071.676856,2101,16,1
2,Payment,1771510071.677244,4214,7,1
2,Payment,1771510071.677753,11668,0,1
1,NewOrder,1771510071.678973,25047,16,1
1,NewOrder,1771510071.679109,11412,8,1
1,NewOrder,1771510071.679284,43940,20,1
2,Payment,1771510071.679408,16753,6,1
1,NewOrder,1771510071.679450,17049,18,1
2,Payment,1771510071.679482,15215,12,1
2,Payment,1771510071.679720,11119,5,1
2,Payment,1771510071.681080,12535,3,1
4,Delivery,1771510071.681423,22247,21,1
2,Payment,1771510071.681470,9114,7,1
5,StockLevel,1771510071.682046,13207,23,1
2,Payment,1771510071.682187,14528,13,1
1,NewOrder,1771510071.682732,4664,11,1
2,Payment,1771510071.684533,13041,9,1
2,Payment,1771510071.684947,3003,19,1
1,NewOrder,1771510071.686321,18128,4,1
2,Payment,1771510071.687413,11783,11,1
1,NewOrder,1771510071.687447,33561,10,1
2,Payment,1771510071.687495,15572,17,1
2,Payment,1771510071.687955,9385,1,1
1,NewOrder,1771510071.687961,14938,19,1
2,Payment,1771510071.689465,12873,0,1
1,NewOrder,1771510071.690229,9820,15,1
1,NewOrder,1771510071.690853,30439,5,1
1,NewOrder,1771510071.693310,14564,22,1
1,NewOrder,1771510071.693618,10132,2,1
2,Payment,1771510071.693626,13274,3,1
2,Payment,1771510071.694715,14622,12,1
2,Payment,1771510071.695271,4306,23,1
2,Payment,1771510071.696170,11355,6,1
2,Payment,1771510071.696509,7210,18,1
2,Payment,1771510071.696724,8104,13,1
2,Payment,1771510071.697350,10826,1,1
2,Payment,1771510071.697581,8557,9,1
3,OrderStatus,1771510071.699589,7269,23,1
2,Payment,1771510071.702354,9873,0,1
1,NewOrder,1771510071.702911,19179,19,1
2,Payment,1771510071.703085,10458,17,1
1,NewOrder,1771510071.703681,13480,21,1
2,Payment,1771510071.703737,4515,18,1
1,NewOrder,1771510071.703754,8816,2,1
1,NewOrder,1771510071.704038,22896,16,1
2,Payment,1771510071.704846,6681,13,1
2,Payment,1771510071.706909,9326,3,1
2,Payment,1771510071.707883,4081,22,1
2,Payment,1771510071.708270,8512,18,1
2,Payment,1771510071.709350,9171,12,1
2,Payment,1771510071.711545,9138,13,1
5,StockLevel,1771510071.711981,10249,22,1
2,Payment,1771510071.712236,5400,0,1
2,Payment,1771510071.713557,8831,17,1
2,Payment,1771510071.716246,4718,3,1
2,Payment,1771510071.716801,7699,18,1
2,Payment,1771510071.717657,8716,0,1
3,OrderStatus,1771510071.718534,5366,12,1
2,Payment,1771510071.721015,4591,10,1
