Transaction Type Index,Transaction Name,Start Time (microseconds),Latency (microseconds),Worker Id (start number),Phase Id (index in config file)
1,NewOrder,1772024096.558236,100484,23,1
3,OrderStatus,1772024096.558237,53234,8,1
5,StockLevel,1772024096.558237,76727,4,1
1,NewOrder,1772024096.558237,116932,7,1
2,Payment,1772024096.558239,91654,9,1
3,OrderStatus,1772024096.558249,53192,1,1
1,NewOrder,1772024096.558254,128918,5,1
1,NewOrder,1772024096.558266,95625,0,1
2,Payment,1772024096.558286,57251,3,1
2,Payment,1772024096.558294,61994,6,1
5,StockLevel,1772024096.558301,74882,2,1
2,Payment,1772024096.558420,87154,12,1
1,NewOrder,1772024096.558632,91212,10,1
1,NewOrder,1772024096.558840,136860,15,1
1,NewOrder,1772024096.559083,122061,13,1
2,Payment,1772024096.559283,60024,14,1
2,Payment,1772024096.559497,121625,11,1
1,NewOrder,1772024096.559708,127400,18,1
5,StockLevel,1772024096.559907,73303,19,1
5,StockLevel,1772024096.560118,80338,16,1
2,Payment,1772024096.560333,119389,17,1
2,Payment,1772024096.560555,77235,22,1
1,NewOrder,1772024096.560767,112683,20,1
1,NewOrder,1772024096.560985,93233,21,1
1,NewOrder,1772024096.611570,99447,8,1
2,Payment,1772024096.611571,26301,1,1
2,Payment,1772024096.615582,35467,3,1
2,Payment,1772024096.619370,76841,14,1
1,NewOrder,1772024096.620315,75851,6,1
1,NewOrder,1772024096.633226,91071,2,1
2,Payment,1772024096.633241,38999,19,1
2,Payment,1772024096.634996,45243,4,1
2,Payment,1772024096.637820,49326,22,1
1,NewOrder,1772024096.637895,75815,1,1
1,NewOrder,1772024096.640487,75856,16,1
1,NewOrder,1772024096.645607,85410,12,1
1,NewOrder,1772024096.649875,35174,10,1
1,NewOrder,1772024096.649921,88934,9,1
1,NewOrder,1772024096.651067,53200,3,1
1,NewOrder,1772024096.653917,48438,0,1
2,Payment,1772024096.654244,66991,21,1
1,NewOrder,1772024096.658746,37317,23,1
1,NewOrder,1772024096.672258,66055,19,1
1,NewOrder,1772024096.673477,50782,20,1
2,Payment,1772024096.675195,26861,7,1
2,Payment,1772024096.679750,30260,17,1
1,NewOrder,1772024096.680257,62929,4,1
1,NewOrder,1772024096.681152,71386,11,1
2,Payment,1772024096.681175,45884,13,1
1,NewOrder,1772024096.685069,48100,10,1
2,Payment,1772024096.687137,69120,18,1
2,Payment,1772024096.687163,45932,22,1
5,StockLevel,1772024096.687195,32999,5,1
2,Payment,1772024096.695728,51801,15,1
1,NewOrder,1772024096.696084,41809,23,1
1,NewOrder,1772024096.696181,32546,6,1
1,NewOrder,1772024096.696229,67557,14,1
2,Payment,1772024096.702076,15199,7,1
1,NewOrder,1772024096.702374,41119,0,1
2,Payment,1772024096.704285,19386,3,1
2,Payment,1772024096.710041,86162,17,1
4,Delivery,1772024096.711036,59930,8,1
2,Payment,1772024096.713731,20729,1,1
1,NewOrder,1772024096.716361,33346,16,1
4,Delivery,1772024096.717293,54185,7,1
2,Payment,1772024096.720212,29559,5,1
1,NewOrder,1772024096.721258,35098,21,1
2,Payment,1772024096.723692,38164,3,1
2,Payment,1772024096.724275,52767,20,1
2,Payment,1772024096.724312,57834,2,1
2,Payment,1772024096.727083,32689,13,1
3,OrderStatus,1772024096.728749,8823,6,1
1,NewOrder,1772024096.731034,30384,12,1
3,OrderStatus,1772024096.733115,13227,22,1
2,Payment,1772024096.733186,14729,10,1
5,StockLevel,1772024096.734477,33040,1,1
4,Delivery,1772024096.737593,33891,6,1
2,Payment,1772024096.737913,55883,23,1
2,Payment,1772024096.738328,75595,19,1
1,NewOrder,1772024096.738873,17571,9,1
1,NewOrder,1772024096.743204,29315,4,1
5,StockLevel,1772024096.743510,25820,0,1
5,StockLevel,1772024096.746361,38493,22,1
2,Payment,1772024096.747549,60490,15,1
3,OrderStatus,1772024096.747930,6068,10,1
1,NewOrder,1772024096.749725,46832,16,1
1,NewOrder,1772024096.749785,25922,5,1
1,NewOrder,1772024096.752560,36039,11,1
2,Payment,1772024096.754016,10434,10,1
1,NewOrder,1772024096.756278,28386,18,1
1,NewOrder,1772024096.756376,31764,21,1
1,NewOrder,1772024096.756464,31141,9,1
1,NewOrder,1772024096.759791,25664,13,1
4,Delivery,1772024096.761436,19911,12,1
4,Delivery,1772024096.761872,73527,3,1
1,NewOrder,1772024096.763804,46783,14,1
1,NewOrder,1772024096.764470,33029,10,1
1,NewOrder,1772024096.767537,31656,1,1
2,Payment,1772024096.769347,30465,0,1
2,Payment,1772024096.770985,32542,8,1
2,Payment,1772024096.771503,16615,7,1
1,NewOrder,1772024096.771507,41614,6,1
1,NewOrder,1772024096.772552,34904,4,1
1,NewOrder,1772024096.775728,28776,5,1
1,NewOrder,1772024096.777062,33040,20,1
4,Delivery,1772024096.781370,13076,12,1
4,Delivery,1772024096.782166,53691,2,1
2,Payment,1772024096.784684,21166,18,1
1,NewOrder,1772024096.784874,70072,22,1
1,NewOrder,1772024096.785474,27308,13,1
1,NewOrder,1772024096.787625,24120,9,1
2,Payment,1772024096.788134,23694,7,1
2,Payment,1772024096.788153,32856,21,1
2,Payment,1772024096.788612,47458,11,1
2,Payment,1772024096.793821,35181,23,1
2,Payment,1772024096.794467,29282,12,1
4,Delivery,1772024096.796225,88340,17,1
2,Payment,1772024096.796575,43758,16,1
2,Payment,1772024096.797516,49737,10,1
2,Payment,1772024096.799211,12217,1,1
4,Delivery,1772024096.799827,35927,0,1
2,Payment,1772024096.803552,19208,8,1
2,Payment,1772024096.804528,23888,5,1
2,Payment,1772024096.805871,46716,18,1
1,NewOrder,1772024096.807479,26844,4,1
2,Payment,1772024096.808061,45628,15,1
1,NewOrder,1772024096.810123,16984,20,1
1,NewOrder,1772024096.810628,27851,14,1
1,NewOrder,1772024096.811448,26301,1,1
1,NewOrder,1772024096.811770,11985,9,1
1,NewOrder,1772024096.811847,47675,7,1
2,Payment,1772024096.812797,122841,13,1
5,StockLevel,1772024096.813138,33144,6,1
2,Payment,1772024096.813938,24577,19,1
1,NewOrder,1772024096.821038,28946,21,1
1,NewOrder,1772024096.822780,43783,8,1
2,Payment,1772024096.823769,44158,12,1
1,NewOrder,1772024096.823777,24351,9,1
1,NewOrder,1772024096.827137,34547,20,1
2,Payment,1772024096.828438,12926,5,1
1,NewOrder,1772024096.829031,34992,23,1
1,NewOrder,1772024096.834348,73661,4,1
2,Payment,1772024096.835424,20063,3,1
5,StockLevel,1772024096.835775,12066,0,1
2,Payment,1772024096.835876,31467,2,1
2,Payment,1772024096.836097,21957,11,1
1,NewOrder,1772024096.837768,30269,1,1
1,NewOrder,1772024096.838498,32920,14,1
2,Payment,1772024096.838527,26560,19,1
2,Payment,1772024096.840358,51219,16,1
1,NewOrder,1772024096.841385,52738,5,1
1,NewOrder,1772024096.846320,43066,6,1
1,NewOrder,1772024096.847278,30971,10,1
4,Delivery,1772024096.847859,13420,0,1
2,Payment,1772024096.848140,28249,9,1
1,NewOrder,1772024096.850004,43054,21,1
1,NewOrder,1772024096.852609,55854,18,1
1,NewOrder,1772024096.853710,36616,15,1
4,Delivery,1772024096.854965,99578,22,1
1,NewOrder,1772024096.855504,59433,3,1
2,Payment,1772024096.858076,28191,11,1
3,OrderStatus,1772024096.859540,8621,7,1
1,NewOrder,1772024096.861297,42467,0,1
1,NewOrder,1772024096.861703,25513,20,1
1,NewOrder,1772024096.864043,21479,23,1
1,NewOrder,1772024096.865105,24233,19,1
1,NewOrder,1772024096.866580,36660,8,1
2,Payment,1772024096.867356,15930,2,1
2,Payment,1772024096.867945,37832,12,1
1,NewOrder,1772024096.868053,35746,1,1
1,NewOrder,1772024096.868171,49438,7,1
1,NewOrder,1772024096.871441,32330,14,1
2,Payment,1772024096.876416,20230,9,1
1,NewOrder,1772024096.878269,21252,10,1
1,NewOrder,1772024096.883313,31125,2,1
2,Payment,1772024096.884579,34237,17,1
1,NewOrder,1772024096.885548,34947,23,1
1,NewOrder,1772024096.886288,24722,11,1
1,NewOrder,1772024096.887234,37103,20,1
2,Payment,1772024096.889360,14977,19,1
1,NewOrder,1772024096.889406,46131,6,1
2,Payment,1772024096.890342,78723,15,1
1,NewOrder,1772024096.891595,36671,16,1
2,Payment,1772024096.893076,22857,21,1
2,Payment,1772024096.894143,17120,5,1
2,Payment,1772024096.896665,12193,9,1
2,Payment,1772024096.899542,24106,10,1
2,Payment,1772024096.903260,32641,8,1
2,Payment,1772024096.903780,45513,0,1
1,NewOrder,1772024096.903790,38850,14,1
2,Payment,1772024096.903818,20367,1,1
1,NewOrder,1772024096.904354,28263,19,1
2,Payment,1772024096.905794,46568,12,1
1,NewOrder,1772024096.908027,29383,4,1
2,Payment,1772024096.908480,18792,18,1
1,NewOrder,1772024096.908872,21853,9,1
1,NewOrder,1772024096.911031,35610,11,1
2,Payment,1772024096.911280,24585,5,1
1,NewOrder,1772024096.914459,34806,2,1
1,NewOrder,1772024096.914955,38436,3,1
2,Payment,1772024096.915952,22389,21,1
1,NewOrder,1772024096.917627,28521,7,1
1,NewOrder,1772024096.918834,71362,17,1
1,NewOrder,1772024096.920515,26582,23,1
3,OrderStatus,1772024096.923668,6944,10,1
1,NewOrder,1772024096.924205,46463,1,1
1,NewOrder,1772024096.924355,23083,20,1
2,Payment,1772024096.927301,23471,18,1
1,NewOrder,1772024096.928283,26791,16,1
2,Payment,1772024096.930630,56777,10,1
2,Payment,1772024096.930744,18020,9,1
2,Payment,1772024096.932643,26105,19,1
2,Payment,1772024096.935556,91329,6,1
1,NewOrder,1772024096.935659,42847,13,1
1,NewOrder,1772024096.935883,31629,5,1
2,Payment,1772024096.935914,27028,8,1
1,NewOrder,1772024096.937423,44247,4,1
1,NewOrder,1772024096.938359,31094,21,1
5,StockLevel,1772024096.942662,38105,14,1
2,Payment,1772024096.946172,52990,7,1
2,Payment,1772024096.946661,64430,11,1
1,NewOrder,1772024096.947111,15387,23,1
1,NewOrder,1772024096.947455,14399,20,1
2,Payment,1772024096.948785,22475,9,1
5,StockLevel,1772024096.949282,17504,2,1
2,Payment,1772024096.949309,9040,0,1
2,Payment,1772024096.950786,18887,18,1
1,NewOrder,1772024096.952377,44586,12,1
1,NewOrder,1772024096.953404,30891,3,1
1,NewOrder,1772024096.954556,29762,22,1
2,Payment,1772024096.955089,28817,16,1
5,StockLevel,1772024096.958378,9949,0,1
2,Payment,1772024096.958765,19196,19,1
5,StockLevel,1772024096.961874,24260,20,1
1,NewOrder,1772024096.962516,21104,23,1
1,NewOrder,1772024096.962956,33965,8,1
1,NewOrder,1772024096.966808,29954,2,1
4,Delivery,1772024096.967532,93155,5,1
1,NewOrder,1772024096.968363,28460,0,1
2,Payment,1772024096.969083,27202,15,1
2,Payment,1772024096.969476,20267,21,1
2,Payment,1772024096.969688,28913,18,1
2,Payment,1772024096.970688,13575,1,1
2,Payment,1772024096.971275,75837,9,1
1,NewOrder,1772024096.977988,18805,19,1
2,Payment,1772024096.978530,29357,13,1
2,Payment,1772024096.980789,41871,14,1
2,Payment,1772024096.981690,15195,4,1
2,Payment,1772024096.983640,24135,23,1
2,Payment,1772024096.983926,59271,16,1
2,Payment,1772024096.984280,22951,1,1
3,OrderStatus,1772024096.984311,4478,3,1
1,NewOrder,1772024096.984335,40316,22,1
2,Payment,1772024096.986152,27170,20,1
2,Payment,1772024096.987435,73313,10,1
1,NewOrder,1772024096.988814,40969,3,1
2,Payment,1772024096.989761,30371,21,1
1,NewOrder,1772024096.990210,17593,17,1
2,Payment,1772024096.996330,55633,15,1
2,Payment,1772024096.996777,16040,2,1
4,Delivery,1772024096.996813,13900,19,1
2,Payment,1772024096.996840,23584,0,1
1,NewOrder,1772024096.996896,29630,4,1
2,Payment,1772024096.996932,40019,8,1
1,NewOrder,1772024096.996980,28862,12,1
1,NewOrder,1772024096.998618,37756,18,1
2,Payment,1772024096.999172,69062,7,1
1,NewOrder,1772024097.007258,26652,1,1
2,Payment,1772024097.007788,19098,23,1
2,Payment,1772024097.007826,23125,17,1
1,NewOrder,1772024097.007903,25585,13,1
2,Payment,1772024097.010732,21930,19,1
1,NewOrder,1772024097.011109,26667,11,1
1,NewOrder,1772024097.012838,13005,2,1
1,NewOrder,1772024097.013331,11903,20,1
2,Payment,1772024097.020178,19622,21,1
1,NewOrder,1772024097.020441,13559,0,1
3,OrderStatus,1772024097.022683,5913,14,1
2,Payment,1772024097.024673,23816,22,1
2,Payment,1772024097.025259,43363,20,1
2,Payment,1772024097.025864,42192,12,1
2,Payment,1772024097.025866,8112,2,1
2,Payment,1772024097.026541,15484,4,1
1,NewOrder,1772024097.026903,18519,23,1
1,NewOrder,1772024097.026906,29192,6,1
3,OrderStatus,1772024097.028612,4349,14,1
2,Payment,1772024097.029798,19719,3,1
2,Payment,1772024097.030968,27152,17,1
1,NewOrder,1772024097.032679,23805,19,1
5,StockLevel,1772024097.032977,19656,14,1
2,Payment,1772024097.033512,48929,13,1
1,NewOrder,1772024097.033925,14902,1,1
5,StockLevel,1772024097.033990,10234,2,1
1,NewOrder,1772024097.034009,22467,0,1
2,Payment,1772024097.036391,20123,18,1
1,NewOrder,1772024097.036965,33037,8,1
2,Payment,1772024097.037796,69408,11,1
1,NewOrder,1772024097.039820,22758,21,1
2,Payment,1772024097.042043,18215,4,1
2,Payment,1772024097.043216,51447,16,1
2,Payment,1772024097.044242,23287,2,1
2,Payment,1772024097.045445,31423,23,1
2,Payment,1772024097.047128,31359,9,1
1,NewOrder,1772024097.048505,24672,22,1
1,NewOrder,1772024097.048848,21185,1,1
1,NewOrder,1772024097.049541,45083,3,1
2,Payment,1772024097.051986,49491,15,1
1,NewOrder,1772024097.052650,22063,14,1
2,Payment,1772024097.056121,34996,6,1
1,NewOrder,1772024097.056495,11515,0,1
1,NewOrder,1772024097.056506,11481,19,1
1,NewOrder,1772024097.056526,22331,18,1
3,OrderStatus,1772024097.058134,4483,17,1
4,Delivery,1772024097.060275,58708,4,1
2,Payment,1772024097.060700,18923,5,1
2,Payment,1772024097.060763,55231,10,1
1,NewOrder,1772024097.062594,15367,21,1
2,Payment,1772024097.062631,45653,17,1
2,Payment,1772024097.067551,18848,2,1
3,OrderStatus,1772024097.068009,5085,19,1
1,NewOrder,1772024097.068026,27852,0,1
1,NewOrder,1772024097.068074,29981,12,1
1,NewOrder,1772024097.068258,24705,7,1
2,Payment,1772024097.068642,14809,20,1
2,Payment,1772024097.070019,29543,8,1
2,Payment,1772024097.070049,24075,1,1
1,NewOrder,1772024097.073113,14149,19,1
3,OrderStatus,1772024097.073195,3091,22,1
4,Delivery,1772024097.074740,38259,14,1
1,NewOrder,1772024097.076304,19405,22,1
2,Payment,1772024097.076891,12979,23,1
2,Payment,1772024097.077979,19243,21,1
2,Payment,1772024097.078507,46639,9,1
1,NewOrder,1772024097.078873,23023,18,1
2,Payment,1772024097.079638,28046,5,1
1,NewOrder,1772024097.082465,40596,13,1
2,Payment,1772024097.083469,27322,20,1
2,Payment,1772024097.086422,14002,2,1
2,Payment,1772024097.087280,16243,19,1
2,Payment,1772024097.089891,37267,23,1
1,NewOrder,1772024097.091141,27784,6,1
1,NewOrder,1772024097.092988,35062,7,1
2,Payment,1772024097.094146,39758,1,1
4,Delivery,1772024097.094646,24679,3,1
2,Payment,1772024097.094681,21824,16,1
1,NewOrder,1772024097.095722,20329,22,1
2,Payment,1772024097.095908,21313,0,1
2,Payment,1772024097.097237,21700,21,1
4,Delivery,1772024097.098065,16068,12,1
2,Payment,1772024097.099587,35551,8,1
3,OrderStatus,1772024097.100446,4449,2,1
1,NewOrder,1772024097.101492,20053,15,1
2,Payment,1772024097.101909,32517,18,1
2,Payment,1772024097.103548,38528,19,1
2,Payment,1772024097.104912,19814,2,1
2,Payment,1772024097.107225,39530,11,1
1,NewOrder,1772024097.107701,14389,5,1
1,NewOrder,1772024097.108304,31300,17,1
2,Payment,1772024097.110809,45353,20,1
2,Payment,1772024097.113019,12637,14,1
4,Delivery,1772024097.114153,11545,12,1
2,Payment,1772024097.116013,40633,10,1
1,NewOrder,1772024097.116070,19683,22,1
1,NewOrder,1772024097.116514,29759,16,1
1,NewOrder,1772024097.117236,23554,0,1
2,Payment,1772024097.118955,49537,21,1
1,NewOrder,1772024097.118957,27757,6,1
2,Payment,1772024097.118995,35726,4,1
5,StockLevel,1772024097.119341,26283,3,1
2,Payment,1772024097.121562,10777,15,1
2,Payment,1772024097.122108,45192,5,1
2,Payment,1772024097.123079,18464,13,1
1,NewOrder,1772024097.124741,23399,2,1
2,Payment,1772024097.125161,42808,9,1
1,NewOrder,1772024097.125670,24170,14,1
2,Payment,1772024097.125715,29062,12,1
1,NewOrder,1772024097.127174,20422,23,1
1,NewOrder,1772024097.128065,22118,7,1
1,NewOrder,1772024097.132362,19618,15,1
2,Payment,1772024097.133924,26170,1,1
2,Payment,1772024097.134436,45126,18,1
1,NewOrder,1772024097.135148,44298,8,1
1,NewOrder,1772024097.135771,37229,22,1
3,OrderStatus,1772024097.139653,6396,17,1
1,NewOrder,1772024097.140845,27678,0,1
1,NewOrder,1772024097.141557,25252,13,1
2,Payment,1772024097.142090,45643,19,1
2,Payment,1772024097.145648,33925,3,1
2,Payment,1772024097.146065,21143,17,1
2,Payment,1772024097.146288,13021,16,1
2,Payment,1772024097.146727,37019,6,1
1,NewOrder,1772024097.146771,32410,11,1
2,Payment,1772024097.147605,58340,23,1
1,NewOrder,1772024097.148155,29972,2,1
1,NewOrder,1772024097.149853,5509,14,1
2,Payment,1772024097.150202,43307,7,1
1,NewOrder,1772024097.151993,12746,15,1
5,StockLevel,1772024097.154733,14923,4,1
1,NewOrder,1772024097.154791,32907,12,1
1,NewOrder,1772024097.155378,11893,14,1
1,NewOrder,1772024097.156174,20355,20,1
1,NewOrder,1772024097.156653,32052,10,1
1,NewOrder,1772024097.159324,19830,16,1
1,NewOrder,1772024097.160102,19019,1,1
2,Payment,1772024097.164761,10073,15,1
2,Payment,1772024097.166831,20388,13,1
1,NewOrder,1772024097.167219,31696,17,1
3,OrderStatus,1772024097.167301,6063,14,1
2,Payment,1772024097.167313,21670,5,1
2,Payment,1772024097.167984,32241,9,1
1,NewOrder,1772024097.168503,29577,21,1
4,Delivery,1772024097.168537,19233,0,1
2,Payment,1772024097.169695,33195,4,1
4,Delivery,1772024097.173044,57226,22,1
1,NewOrder,1772024097.173377,30557,14,1
2,Payment,1772024097.174845,20745,15,1
1,NewOrder,1772024097.176539,17527,20,1
1,NewOrder,1772024097.178136,35895,2,1
2,Payment,1772024097.179130,42164,1,1
2,Payment,1772024097.179166,32309,16,1
1,NewOrder,1772024097.179187,25380,11,1
1,NewOrder,1772024097.179450,39637,8,1
1,NewOrder,1772024097.179574,55349,18,1
5,StockLevel,1772024097.179597,14854,3,1
1,NewOrder,1772024097.183760,17488,6,1
1,NewOrder,1772024097.187230,29570,13,1
2,Payment,1772024097.187709,35413,12,1
2,Payment,1772024097.187739,28117,19,1
1,NewOrder,1772024097.187787,41382,0,1
1,NewOrder,1772024097.188713,25766,10,1
1,NewOrder,1772024097.188993,33135,5,1
4,Delivery,1772024097.193520,19738,7,1
2,Payment,1772024097.194076,33648,20,1
1,NewOrder,1772024097.194464,14553,3,1
2,Payment,1772024097.195598,39686,15,1
4,Delivery,1772024097.198091,32603,21,1
2,Payment,1772024097.198928,46970,17,1
1,NewOrder,1772024097.200234,11626,9,1
5,StockLevel,1772024097.201258,7287,6,1
2,Payment,1772024097.202902,21489,4,1
2,Payment,1772024097.203940,60257,14,1
1,NewOrder,1772024097.204579,11764,11,1
2,Payment,1772024097.205953,31387,23,1
1,NewOrder,1772024097.208556,8399,6,1
1,NewOrder,1772024097.209029,8477,3,1
5,StockLevel,1772024097.211491,21384,16,1
1,NewOrder,1772024097.211873,29283,9,1
1,NewOrder,1772024097.213271,5789,7,1
2,Payment,1772024097.214041,13737,2,1
2,Payment,1772024097.214484,12725,10,1
1,NewOrder,1772024097.215869,42192,19,1
2,Payment,1772024097.216350,32073,11,1
1,NewOrder,1772024097.216808,9650,13,1
2,Payment,1772024097.216963,46388,6,1
1,NewOrder,1772024097.217511,7524,3,1
2,Payment,1772024097.219069,11658,7,1
2,Payment,1772024097.219096,19455,8,1
1,NewOrder,1772024097.221302,31630,1,1
2,Payment,1772024097.222138,10680,5,1
1,NewOrder,1772024097.223131,29378,12,1
2,Payment,1772024097.224400,17721,4,1
1,NewOrder,1772024097.225045,11972,3,1
2,Payment,1772024097.226466,54557,13,1
3,OrderStatus,1772024097.227215,7856,10,1
1,NewOrder,1772024097.227730,33321,20,1
2,Payment,1772024097.227788,26850,2,1
2,Payment,1772024097.229179,35584,0,1
1,NewOrder,1772024097.230276,9842,22,1
1,NewOrder,1772024097.230702,14369,21,1
2,Payment,1772024097.230737,51885,7,1
2,Payment,1772024097.232826,42870,5,1
2,Payment,1772024097.232885,56204,16,1
2,Payment,1772024097.234932,9775,18,1
2,Payment,1772024097.235078,64456,10,1
3,OrderStatus,1772024097.235294,10854,15,1
2,Payment,1772024097.237023,46820,3,1
5,StockLevel,1772024097.237349,31488,23,1
2,Payment,1772024097.238562,51226,8,1
1,NewOrder,1772024097.240126,8638,22,1
1,NewOrder,1772024097.241168,6555,9,1
1,NewOrder,1772024097.242132,31859,4,1
5,StockLevel,1772024097.244719,37005,18,1
1,NewOrder,1772024097.245079,6285,21,1
2,Payment,1772024097.245909,50107,17,1
1,NewOrder,1772024097.246159,29685,15,1
2,Payment,1772024097.247734,23195,9,1
1,NewOrder,1772024097.248442,20296,11,1
1,NewOrder,1772024097.248771,6882,22,1
1,NewOrder,1772024097.251373,6328,21,1
1,NewOrder,1772024097.252517,33883,12,1
1,NewOrder,1772024097.252942,22360,1,1
2,Payment,1772024097.254648,51495,2,1
1,NewOrder,1772024097.255665,11364,22,1
1,NewOrder,1772024097.257710,6462,21,1
5,StockLevel,1772024097.258073,14583,19,1
1,NewOrder,1772024097.261060,24619,20,1
1,NewOrder,1772024097.263360,10650,6,1
4,Delivery,1772024097.264183,66893,21,1
2,Payment,1772024097.264205,37417,14,1
1,NewOrder,1772024097.264776,12740,0,1
2,Payment,1772024097.267040,14341,22,1
2,Payment,1772024097.268750,46501,11,1
1,NewOrder,1772024097.268848,4123,23,1
4,Delivery,1772024097.270936,43497,9,1
4,Delivery,1772024097.272664,58871,19,1
2,Payment,1772024097.272979,13043,23,1
2,Payment,1772024097.274004,18557,4,1
3,OrderStatus,1772024097.274021,1290,6,1
2,Payment,1772024097.275308,25731,1,1
1,NewOrder,1772024097.275321,6156,6,1
1,NewOrder,1772024097.275704,24924,5,1
2,Payment,1772024097.275851,36436,15,1
1,NewOrder,1772024097.277522,3932,0,1
1,NewOrder,1772024097.281032,17277,13,1
2,Payment,1772024097.281387,15269,22,1
1,NewOrder,1772024097.281466,28174,0,1
1,NewOrder,1772024097.281488,27696,6,1
5,StockLevel,1772024097.281732,10791,18,1
1,NewOrder,1772024097.282631,31048,7,1
1,NewOrder,1772024097.283849,13533,3,1
1,NewOrder,1772024097.285688,19860,20,1
2,Payment,1772024097.286031,19058,23,1
2,Payment,1772024097.286406,23252,12,1
1,NewOrder,1772024097.289100,14855,16,1
1,NewOrder,1772024097.289798,22009,8,1
2,Payment,1772024097.292533,20558,18,1
2,Payment,1772024097.292571,17856,4,1
2,Payment,1772024097.296027,20854,17,1
2,Payment,1772024097.296665,24683,22,1
4,Delivery,1772024097.297393,35889,3,1
1,NewOrder,1772024097.298320,31750,13,1
1,NewOrder,1772024097.299541,31063,10,1
1,NewOrder,1772024097.300637,8974,5,1
2,Payment,1772024097.301052,12600,1,1
2,Payment,1772024097.301634,20473,14,1
2,Payment,1772024097.303982,25445,16,1
2,Payment,1772024097.305100,37226,23,1
2,Payment,1772024097.305575,23783,20,1
2,Payment,1772024097.306148,13284,2,1
1,NewOrder,1772024097.309191,18080,6,1
2,Payment,1772024097.309616,16053,5,1
1,NewOrder,1772024097.309650,20039,0,1
2,Payment,1772024097.309668,32238,12,1
2,Payment,1772024097.310438,25976,4,1
1,NewOrder,1772024097.311813,17643,8,1
1,NewOrder,1772024097.312291,20520,15,1
2,Payment,1772024097.313102,25406,18,1
2,Payment,1772024097.313661,29337,1,1
2,Payment,1772024097.313685,15203,7,1
1,NewOrder,1772024097.314440,17651,9,1
3,OrderStatus,1772024097.315258,9634,11,1
2,Payment,1772024097.316891,32560,17,1
4,Delivery,1772024097.319442,14267,2,1
2,Payment,1772024097.321358,27464,22,1
1,NewOrder,1772024097.322117,15922,14,1
1,NewOrder,1772024097.324902,29371,11,1
2,Payment,1772024097.325677,22523,5,1
1,NewOrder,1772024097.327283,17471,6,1
2,Payment,1772024097.328893,10221,7,1
1,NewOrder,1772024097.329366,9092,20,1
2,Payment,1772024097.329434,26232,16,1
1,NewOrder,1772024097.329468,17991,8,1
2,Payment,1772024097.329694,25408,0,1
1,NewOrder,1772024097.330080,27199,13,1
3,OrderStatus,1772024097.330610,7766,10,1
2,Payment,1772024097.331086,22713,21,1
2,Payment,1772024097.331544,29366,19,1
1,NewOrder,1772024097.332103,16742,9,1
1,NewOrder,1772024097.332841,16565,15,1
2,Payment,1772024097.333287,40936,3,1
2,Payment,1772024097.333719,29287,2,1
2,Payment,1772024097.336424,60486,4,1
2,Payment,1772024097.338045,28052,14,1
2,Payment,1772024097.338385,5429,10,1
1,NewOrder,1772024097.338463,14863,20,1
2,Payment,1772024097.338511,33794,18,1
2,Payment,1772024097.339123,9641,7,1
5,StockLevel,1772024097.341914,18029,12,1
1,NewOrder,1772024097.342334,31730,23,1
2,Payment,1772024097.343004,43874,1,1
2,Payment,1772024097.343819,9944,10,1
3,OrderStatus,1772024097.344765,4841,6,1
2,Payment,1772024097.347467,19881,8,1
1,NewOrder,1772024097.348211,23546,5,1
5,StockLevel,1772024097.348769,16757,7,1
1,NewOrder,1772024097.348832,23572,22,1
3,OrderStatus,1772024097.348858,8137,9,1
2,Payment,1772024097.349411,24999,15,1
5,StockLevel,1772024097.349461,24301,17,1
2,Payment,1772024097.349616,24475,6,1
1,NewOrder,1772024097.353333,20707,20,1
2,Payment,1772024097.353768,33550,10,1
2,Payment,1772024097.353807,23028,21,1
1,NewOrder,1772024097.354284,13752,11,1
4,Delivery,1772024097.355114,9062,0,1
3,OrderStatus,1772024097.355677,8510,16,1
1,NewOrder,1772024097.357004,40257,9,1
3,OrderStatus,1772024097.357286,5769,13,1
1,NewOrder,1772024097.359951,14086,12,1
2,Payment,1772024097.360920,25563,19,1
1,NewOrder,1772024097.363017,50753,2,1
1,NewOrder,1772024097.363064,37496,13,1
1,NewOrder,1772024097.364181,12252,0,1
1,NewOrder,1772024097.364197,65936,16,1
2,Payment,1772024097.365545,18406,7,1
1,NewOrder,1772024097.366105,20855,14,1
1,NewOrder,1772024097.367354,42170,8,1
1,NewOrder,1772024097.368046,23663,11,1
1,NewOrder,1772024097.371767,38601,5,1
1,NewOrder,1772024097.372313,40042,18,1
2,Payment,1772024097.372415,29966,22,1
2,Payment,1772024097.373772,11279,17,1
1,NewOrder,1772024097.374044,6050,12,1
2,Payment,1772024097.374051,46836,20,1
2,Payment,1772024097.374071,39030,23,1
4,Delivery,1772024097.374101,3122,6,1
1,NewOrder,1772024097.374230,45381,3,1
1,NewOrder,1772024097.374414,46139,15,1
1,NewOrder,1772024097.376443,40440,0,1
1,NewOrder,1772024097.376844,34587,21,1
1,NewOrder,1772024097.377232,5402,6,1
2,Payment,1772024097.380101,9305,12,1
1,NewOrder,1772024097.382641,5071,6,1
2,Payment,1772024097.383963,8108,7,1
2,Payment,1772024097.385060,8883,17,1
1,NewOrder,1772024097.386489,54715,19,1
3,OrderStatus,1772024097.386882,10949,1,1
1,NewOrder,1772024097.386969,18299,14,1
1,NewOrder,1772024097.387325,13758,10,1
1,NewOrder,1772024097.387716,9568,6,1
2,Payment,1772024097.389413,9468,12,1
1,NewOrder,1772024097.391720,30698,11,1
1,NewOrder,1772024097.392077,30412,7,1
2,Payment,1772024097.393952,9186,17,1
1,NewOrder,1772024097.396921,54186,4,1
1,NewOrder,1772024097.397265,21788,9,1
2,Payment,1772024097.397293,5460,6,1
2,Payment,1772024097.397839,11231,1,1
2,Payment,1772024097.398888,13616,12,1
2,Payment,1772024097.400571,21206,13,1
2,Payment,1772024097.401090,5310,10,1
2,Payment,1772024097.402386,42922,22,1
1,NewOrder,1772024097.402757,15696,6,1
1,NewOrder,1772024097.403148,22200,17,1
2,Payment,1772024097.405275,21171,14,1
2,Payment,1772024097.406408,3142,10,1
4,Delivery,1772024097.409080,60556,1,1
1,NewOrder,1772024097.409541,25291,8,1
2,Payment,1772024097.409556,3203,10,1
2,Payment,1772024097.410379,8658,5,1
2,Payment,1772024097.411446,48256,21,1
2,Payment,1772024097.412361,56862,18,1
2,Payment,1772024097.412509,16986,12,1
2,Payment,1772024097.412767,5712,10,1
1,NewOrder,1772024097.413107,14040,23,1
1,NewOrder,1772024097.413781,55450,2,1
2,Payment,1772024097.416893,16038,0,1
2,Payment,1772024097.418459,7327,6,1
1,NewOrder,1772024097.418485,45765,10,1
1,NewOrder,1772024097.419048,23518,5,1
1,NewOrder,1772024097.419064,50147,9,1
3,OrderStatus,1772024097.419617,8926,3,1
2,Payment,1772024097.420561,22504,15,1
1,NewOrder,1772024097.420894,32629,20,1
2,Payment,1772024097.421788,12702,13,1
3,OrderStatus,1772024097.422426,7601,11,1
1,NewOrder,1772024097.422496,45828,7,1
2,Payment,1772024097.425357,31105,17,1
2,Payment,1772024097.425792,4994,6,1
1,NewOrder,1772024097.426453,13326,14,1
2,Payment,1772024097.427153,49612,23,1
1,NewOrder,1772024097.428553,30451,3,1
1,NewOrder,1772024097.429499,13575,12,1
4,Delivery,1772024097.430037,98082,11,1
1,NewOrder,1772024097.430144,16913,16,1
1,NewOrder,1772024097.430795,10873,6,1
1,NewOrder,1772024097.432941,40077,0,1
5,StockLevel,1772024097.434498,10226,13,1
2,Payment,1772024097.434840,16830,8,1
1,NewOrder,1772024097.439787,6068,14,1
2,Payment,1772024097.441217,40596,19,1
1,NewOrder,1772024097.441674,4648,6,1
1,NewOrder,1772024097.442575,11246,5,1
2,Payment,1772024097.443071,25418,15,1
1,NewOrder,1772024097.443086,26223,12,1
2,Payment,1772024097.444729,28904,13,1
1,NewOrder,1772024097.445319,29745,22,1
2,Payment,1772024097.445861,33804,14,1
4,Delivery,1772024097.446332,82175,6,1
4,Delivery,1772024097.447067,21380,16,1
2,Payment,1772024097.451116,15866,4,1
1,NewOrder,1772024097.451681,16839,8,1
1,NewOrder,1772024097.453541,6290,20,1
2,Payment,1772024097.453833,16762,5,1
2,Payment,1772024097.456472,30666,17,1
2,Payment,1772024097.459015,17586,3,1
2,Payment,1772024097.459710,29941,21,1
1,NewOrder,1772024097.459840,8570,20,1
2,Payment,1772024097.464256,7428,10,1
2,Payment,1772024097.466991,36630,4,1
2,Payment,1772024097.468333,13866,7,1
5,StockLevel,1772024097.468415,11753,20,1
1,NewOrder,1772024097.468454,19730,16,1
1,NewOrder,1772024097.468494,21934,15,1
2,Payment,1772024097.468527,8734,8,1
1,NewOrder,1772024097.469221,21150,9,1
2,Payment,1772024097.469240,43806,2,1
1,NewOrder,1772024097.469243,20711,18,1
2,Payment,1772024097.469314,29369,12,1
2,Payment,1772024097.469646,24958,1,1
1,NewOrder,1772024097.470605,29167,5,1
2,Payment,1772024097.471690,24123,10,1
2,Payment,1772024097.473026,14753,0,1
2,Payment,1772024097.473640,27514,13,1
2,Payment,1772024097.475071,29070,22,1
1,NewOrder,1772024097.476616,27678,3,1
2,Payment,1772024097.476772,32774,23,1
5,StockLevel,1772024097.477271,12320,8,1
1,NewOrder,1772024097.479672,29965,14,1
2,Payment,1772024097.480175,53124,20,1
5,StockLevel,1772024097.481825,19673,19,1
4,Delivery,1772024097.482205,46336,7,1
4,Delivery,1772024097.487145,96026,17,1
1,NewOrder,1772024097.487790,21367,0,1
2,Payment,1772024097.488192,15895,16,1
1,NewOrder,1772024097.489596,20943,8,1
3,OrderStatus,1772024097.489661,9928,21,1
1,NewOrder,1772024097.489962,6702,18,1
2,Payment,1772024097.490382,8602,9,1
1,NewOrder,1772024097.490441,6586,15,1
1,NewOrder,1772024097.494611,64465,1,1
2,Payment,1772024097.495821,14759,10,1
2,Payment,1772024097.496675,9291,18,1
2,Payment,1772024097.497042,15923,15,1
2,Payment,1772024097.498693,17827,12,1
2,Payment,1772024097.498993,14480,9,1
2,Payment,1772024097.499598,39758,21,1
4,Delivery,1772024097.499776,59415,5,1
1,NewOrder,1772024097.501164,11380,13,1
1,NewOrder,1772024097.501510,22161,19,1
1,NewOrder,1772024097.503634,53653,4,1
1,NewOrder,1772024097.504093,52673,16,1
2,Payment,1772024097.504147,45423,22,1
2,Payment,1772024097.504303,18665,3,1
1,NewOrder,1772024097.505975,8180,18,1
5,StockLevel,1772024097.509167,21964,0,1
1,NewOrder,1772024097.509555,53536,23,1
2,Payment,1772024097.509649,23131,14,1
1,NewOrder,1772024097.510549,42736,8,1
2,Payment,1772024097.510590,11089,10,1
2,Payment,1772024097.512555,6700,13,1
2,Payment,1772024097.512975,24153,15,1
2,Payment,1772024097.513058,12143,2,1
5,StockLevel,1772024097.513482,6046,9,1
2,Payment,1772024097.514163,20971,18,1
1,NewOrder,1772024097.516527,6790,12,1
2,Payment,1772024097.519266,22076,13,1
1,NewOrder,1772024097.519537,3329,9,1
1,NewOrder,1772024097.521687,11053,10,1
2,Payment,1772024097.522873,12006,9,1
1,NewOrder,1772024097.522979,26650,3,1
1,NewOrder,1772024097.523326,9486,12,1
1,NewOrder,1772024097.523679,55165,19,1
2,Payment,1772024097.525210,1680,2,1
1,NewOrder,1772024097.526898,18843,2,1
2,Payment,1772024097.528128,18396,11,1
1,NewOrder,1772024097.528515,34391,6,1
5,StockLevel,1772024097.528550,11797,7,1
1,NewOrder,1772024097.531142,31829,0,1
1,NewOrder,1772024097.532747,11693,10,1
2,Payment,1772024097.532783,18488,14,1
4,Delivery,1772024097.532823,50640,12,1
2,Payment,1772024097.533304,31585,20,1
5,StockLevel,1772024097.534890,18398,9,1
2,Payment,1772024097.535143,36358,18,1
1,NewOrder,1772024097.537135,33091,15,1
1,NewOrder,1772024097.539365,12514,21,1
5,StockLevel,1772024097.540351,8536,7,1
2,Payment,1772024097.541353,21588,13,1
1,NewOrder,1772024097.544446,10016,10,1
2,Payment,1772024097.545750,3725,2,1
1,NewOrder,1772024097.546532,16750,11,1
1,NewOrder,1772024097.548907,26410,7,1
2,Payment,1772024097.549502,2320,2,1
2,Payment,1772024097.549597,30891,22,1
3,OrderStatus,1772024097.549636,10221,3,1
1,NewOrder,1772024097.551278,17048,14,1
1,NewOrder,1772024097.551829,6160,2,1
1,NewOrder,1772024097.551889,42807,21,1
3,OrderStatus,1772024097.553297,9199,8,1
2,Payment,1772024097.553301,11051,9,1
2,Payment,1772024097.554471,11537,10,1
2,Payment,1772024097.556777,13514,16,1
2,Payment,1772024097.557293,5716,4,1
2,Payment,1772024097.557998,12338,2,1
1,NewOrder,1772024097.559088,26815,1,1
2,Payment,1772024097.559201,16248,5,1
2,Payment,1772024097.559875,19595,3,1
1,NewOrder,1772024097.562505,36863,8,1
4,Delivery,1772024097.562916,18509,6,1
2,Payment,1772024097.562949,10745,13,1
4,Delivery,1772024097.562979,22016,0,1
2,Payment,1772024097.563019,20600,4,1
2,Payment,1772024097.563095,27198,23,1
1,NewOrder,1772024097.563287,33266,11,1
1,NewOrder,1772024097.564361,5891,9,1
1,NewOrder,1772024097.564896,23161,20,1
1,NewOrder,1772024097.566015,54493,10,1
1,NewOrder,1772024097.568333,17596,14,1
1,NewOrder,1772024097.570232,21591,15,1
2,Payment,1772024097.570261,5034,9,1
5,StockLevel,1772024097.570300,4758,16,1
2,Payment,1772024097.570341,18100,2,1
5,StockLevel,1772024097.571509,21734,18,1
2,Payment,1772024097.573705,14768,13,1
1,NewOrder,1772024097.575064,25367,16,1
1,NewOrder,1772024097.575304,25212,9,1
5,StockLevel,1772024097.575347,8114,7,1
1,NewOrder,1772024097.575460,22746,5,1
1,NewOrder,1772024097.578854,40834,19,1
2,Payment,1772024097.579480,15757,3,1
2,Payment,1772024097.580498,18120,22,1
4,Delivery,1772024097.581436,18710,6,1
4,Delivery,1772024097.583181,80065,17,1
1,NewOrder,1772024097.583467,16606,7,1
2,Payment,1772024097.583472,8795,12,1
1,NewOrder,1772024097.583630,17539,4,1
1,NewOrder,1772024097.585005,31784,0,1
4,Delivery,1772024097.585911,47400,1,1
1,NewOrder,1772024097.585937,38232,14,1
2,Payment,1772024097.588068,20935,20,1
2,Payment,1772024097.588449,21897,2,1
2,Payment,1772024097.588480,10966,13,1
1,NewOrder,1772024097.590302,44039,23,1
2,Payment,1772024097.591831,10595,15,1
2,Payment,1772024097.592275,12779,12,1
1,NewOrder,1772024097.593254,42543,18,1
2,Payment,1772024097.594704,25454,21,1
1,NewOrder,1772024097.595247,23945,3,1
2,Payment,1772024097.596557,13245,11,1
1,NewOrder,1772024097.598217,8532,5,1
2,Payment,1772024097.598626,28390,22,1
1,NewOrder,1772024097.599379,30936,8,1
1,NewOrder,1772024097.599450,11279,13,1
2,Payment,1772024097.600081,38930,7,1
2,Payment,1772024097.600157,22964,6,1
1,NewOrder,1772024097.600436,35094,16,1
2,Payment,1772024097.600533,31314,9,1
2,Payment,1772024097.601174,14285,4,1
1,NewOrder,1772024097.602435,11568,15,1
2,Payment,1772024097.605061,2511,12,1
2,Payment,1772024097.606756,11555,5,1
2,Payment,1772024097.607578,2731,12,1
2,Payment,1772024097.609008,26404,20,1
1,NewOrder,1772024097.609811,36940,11,1
3,OrderStatus,1772024097.610314,3048,12,1
2,Payment,1772024097.610355,14734,2,1
1,NewOrder,1772024097.610734,17219,13,1
2,Payment,1772024097.613368,3894,12,1
3,OrderStatus,1772024097.614010,7001,15,1
5,StockLevel,1772024097.615467,11441,4,1
1,NewOrder,1772024097.616797,18976,0,1
2,Payment,1772024097.617278,5977,12,1
1,NewOrder,1772024097.618322,11300,5,1
2,Payment,1772024097.619203,13282,3,1
1,NewOrder,1772024097.619697,33812,19,1
3,OrderStatus,1772024097.620165,7647,21,1
1,NewOrder,1772024097.620515,44664,10,1
2,Payment,1772024097.621019,10560,15,1
2,Payment,1772024097.623132,27733,6,1
1,NewOrder,1772024097.623262,29146,12,1
1,NewOrder,1772024097.624178,14878,14,1
2,Payment,1772024097.625098,13429,2,1
2,Payment,1772024097.626918,16422,4,1
3,OrderStatus,1772024097.627027,5864,22,1
4,Delivery,1772024097.627817,48088,21,1
1,NewOrder,1772024097.627962,25582,13,1
2,Payment,1772024097.629629,17489,5,1
4,Delivery,1772024097.630322,53181,8,1
1,NewOrder,1772024097.631589,37744,15,1
2,Payment,1772024097.631854,26355,9,1
2,Payment,1772024097.632496,31562,3,1
1,NewOrder,1772024097.632899,43035,22,1
2,Payment,1772024097.633321,20228,1,1
2,Payment,1772024097.634349,5746,23,1
2,Payment,1772024097.635418,20991,20,1
1,NewOrder,1772024097.635538,25837,16,1
1,NewOrder,1772024097.635781,34040,0,1
2,Payment,1772024097.635802,14446,18,1
3,OrderStatus,1772024097.638534,8542,2,1
1,NewOrder,1772024097.639019,22804,7,1
2,Payment,1772024097.639065,6750,14,1
1,NewOrder,1772024097.640099,16790,23,1
2,Payment,1772024097.643353,27889,4,1
2,Payment,1772024097.645824,5067,14,1
1,NewOrder,1772024097.646761,21338,11,1
1,NewOrder,1772024097.647085,27426,2,1
3,OrderStatus,1772024097.647121,5332,5,1
2,Payment,1772024097.650255,13866,18,1
2,Payment,1772024097.650873,13612,6,1
2,Payment,1772024097.650902,6874,14,1
2,Payment,1772024097.652415,11972,12,1
1,NewOrder,1772024097.652463,16200,5,1
1,NewOrder,1772024097.653520,41584,19,1
2,Payment,1772024097.653552,24197,13,1
1,NewOrder,1772024097.653560,17127,1,1
5,StockLevel,1772024097.656415,16424,20,1
1,NewOrder,1772024097.656899,30876,23,1
1,NewOrder,1772024097.657783,13976,14,1
4,Delivery,1772024097.658217,25731,9,1
1,NewOrder,1772024097.661386,29241,16,1
2,Payment,1772024097.661834,15872,7,1
2,Payment,1772024097.663255,23843,17,1
2,Payment,1772024097.664069,18945,3,1
1,NewOrder,1772024097.664127,26130,18,1
2,Payment,1772024097.664393,35436,12,1
1,NewOrder,1772024097.664496,50126,6,1
2,Payment,1772024097.665189,14372,10,1
1,NewOrder,1772024097.668113,24669,11,1
1,NewOrder,1772024097.668673,6852,5,1
2,Payment,1772024097.669343,23930,15,1
1,NewOrder,1772024097.669831,6361,0,1
1,NewOrder,1772024097.670695,12772,1,1
2,Payment,1772024097.671252,19349,4,1
2,Payment,1772024097.671764,33145,14,1
1,NewOrder,1772024097.672846,25788,20,1
1,NewOrder,1772024097.674520,25269,2,1
1,NewOrder,1772024097.675530,32413,5,1
2,Payment,1772024097.675911,7622,21,1
1,NewOrder,1772024097.675937,35287,22,1
1,NewOrder,1772024097.676194,5083,0,1
2,Payment,1772024097.677713,5844,7,1
1,NewOrder,1772024097.677762,25369,13,1
4,Delivery,1772024097.679568,4369,10,1
2,Payment,1772024097.681285,18067,0,1
1,NewOrder,1772024097.683022,51821,3,1
1,NewOrder,1772024097.683478,30406,1,1
4,Delivery,1772024097.683510,49002,8,1
1,NewOrder,1772024097.683544,50611,21,1
1,NewOrder,1772024097.683562,39313,7,1
1,NewOrder,1772024097.683946,17225,10,1
2,Payment,1772024097.683957,3849,9,1
2,Payment,1772024097.687105,24798,17,1
1,NewOrder,1772024097.687785,41511,23,1
2,Payment,1772024097.687814,3454,9,1
2,Payment,1772024097.690263,6994,18,1
5,StockLevel,1772024097.690611,14018,4,1
1,NewOrder,1772024097.690638,17821,16,1
3,OrderStatus,1772024097.691277,5327,9,1
1,NewOrder,1772024097.692792,45755,11,1
1,NewOrder,1772024097.693283,21311,15,1
1,NewOrder,1772024097.695113,43981,19,1
2,Payment,1772024097.696613,6552,9,1
1,NewOrder,1772024097.697267,45017,18,1
4,Delivery,1772024097.698643,98505,20,1
2,Payment,1772024097.699362,9070,0,1
1,NewOrder,1772024097.699796,26102,2,1
1,NewOrder,1772024097.699839,20049,12,1
2,Payment,1772024097.701176,8300,10,1
1,NewOrder,1772024097.703142,45161,13,1
2,Payment,1772024097.703172,14347,9,1
1,NewOrder,1772024097.704638,34472,4,1
2,Payment,1772024097.704914,11505,14,1
1,NewOrder,1772024097.707951,45253,5,1
2,Payment,1772024097.708442,12670,0,1
1,NewOrder,1772024097.708470,38893,16,1
3,OrderStatus,1772024097.709481,6440,10,1
1,NewOrder,1772024097.711232,23579,22,1
1,NewOrder,1772024097.711913,27288,17,1
2,Payment,1772024097.713892,15821,1,1
1,NewOrder,1772024097.714607,23981,15,1
2,Payment,1772024097.714627,7857,6,1
1,NewOrder,1772024097.715928,23249,10,1
2,Payment,1772024097.716426,5053,14,1
2,Payment,1772024097.717528,12152,9,1
2,Payment,1772024097.719898,17400,12,1
3,OrderStatus,1772024097.721122,12997,0,1
1,NewOrder,1772024097.721485,53686,14,1
1,NewOrder,1772024097.722493,17182,6,1
1,NewOrder,1772024097.722884,16179,7,1
2,Payment,1772024097.725907,19929,2,1
1,NewOrder,1772024097.729304,30667,23,1
2,Payment,1772024097.729691,12159,9,1
2,Payment,1772024097.729719,25910,1,1
3,OrderStatus,1772024097.732519,10851,8,1
1,NewOrder,1772024097.734129,23966,0,1
2,Payment,1772024097.734162,11297,21,1
2,Payment,1772024097.734818,18813,22,1
4,Delivery,1772024097.734848,33649,3,1
1,NewOrder,1772024097.737305,51245,12,1
3,OrderStatus,1772024097.738553,11816,11,1
5,StockLevel,1772024097.738594,14703,15,1
1,NewOrder,1772024097.739075,17755,7,1
1,NewOrder,1772024097.739105,53253,19,1
4,Delivery,1772024097.739116,30124,4,1
2,Payment,1772024097.739186,6612,10,1
4,Delivery,1772024097.739207,61591,17,1
2,Payment,1772024097.739679,12026,6,1
1,NewOrder,1772024097.741858,52951,9,1
4,Delivery,1772024097.742290,55140,18,1
2,Payment,1772024097.743381,22594,8,1
1,NewOrder,1772024097.745468,17405,21,1
4,Delivery,1772024097.745806,76913,10,1
2,Payment,1772024097.745848,26438,2,1
1,NewOrder,1772024097.747370,20123,16,1
1,NewOrder,1772024097.748310,46565,13,1
2,Payment,1772024097.750376,28522,11,1
1,NewOrder,1772024097.751715,36212,6,1
5,StockLevel,1772024097.753210,28375,5,1
2,Payment,1772024097.753305,10123,15,1
1,NewOrder,1772024097.753639,41529,22,1
1,NewOrder,1772024097.755637,19100,1,1
1,NewOrder,1772024097.756840,31604,7,1
4,Delivery,1772024097.758104,10711,0,1
1,NewOrder,1772024097.759984,12190,23,1
1,NewOrder,1772024097.762883,11048,21,1
1,NewOrder,1772024097.763434,13187,15,1
2,Payment,1772024097.765986,22426,8,1
2,Payment,1772024097.767500,5184,16,1
1,NewOrder,1772024097.768502,8911,3,1
1,NewOrder,1772024097.768821,8093,0,1
2,Payment,1772024097.769248,14166,4,1
1,NewOrder,1772024097.772184,22180,23,1
2,Payment,1772024097.772293,18589,2,1
1,NewOrder,1772024097.772688,57783,16,1
4,Delivery,1772024097.773941,23508,21,1
2,Payment,1772024097.774749,20566,1,1
3,OrderStatus,1772024097.775178,4554,14,1
1,NewOrder,1772024097.776630,12504,15,1
1,NewOrder,1772024097.776922,8583,0,1
1,NewOrder,1772024097.777418,10963,3,1
2,Payment,1772024097.778907,16864,11,1
1,NewOrder,1772024097.779739,12276,14,1
2,Payment,1772024097.781596,25757,5,1
1,NewOrder,1772024097.783424,20991,4,1
3,OrderStatus,1772024097.785513,2469,0,1
4,Delivery,1772024097.787935,35190,6,1
2,Payment,1772024097.787990,42548,0,1
1,NewOrder,1772024097.788392,11846,3,1
1,NewOrder,1772024097.788418,32757,8,1
3,OrderStatus,1772024097.788452,7155,7,1
2,Payment,1772024097.788554,7252,12,1
2,Payment,1772024097.789139,12904,15,1
2,Payment,1772024097.790890,27449,2,1
1,NewOrder,1772024097.792022,31447,14,1
1,NewOrder,1772024097.792367,36959,19,1
2,Payment,1772024097.794374,5358,23,1
2,Payment,1772024097.794819,11667,9,1
1,NewOrder,1772024097.794885,44907,13,1
1,NewOrder,1772024097.795174,10032,22,1
1,NewOrder,1772024097.795321,42399,1,1
1,NewOrder,1772024097.795616,39138,7,1
3,OrderStatus,1772024097.795776,11933,11,1
1,NewOrder,1772024097.795811,43809,12,1
3,OrderStatus,1772024097.797159,4739,20,1
1,NewOrder,1772024097.797438,19072,18,1
2,Payment,1772024097.797457,9525,21,1
2,Payment,1772024097.799740,20625,23,1
1,NewOrder,1772024097.800244,33509,3,1
2,Payment,1772024097.800808,13911,17,1
5,StockLevel,1772024097.801907,7670,20,1
1,NewOrder,1772024097.802049,32751,15,1
1,NewOrder,1772024097.804421,10928,4,1
1,NewOrder,1772024097.805217,11624,22,1
4,Delivery,1772024097.806495,16661,9,1
4,Delivery,1772024097.806988,47478,21,1
1,NewOrder,1772024097.807362,51048,5,1
1,NewOrder,1772024097.807716,44274,11,1
5,StockLevel,1772024097.809584,10447,20,1
1,NewOrder,1772024097.814729,24750,17,1
2,Payment,1772024097.815359,6283,4,1
2,Payment,1772024097.816515,7454,18,1
1,NewOrder,1772024097.816849,8924,22,1
1,NewOrder,1772024097.818344,16739,2,1
2,Payment,1772024097.820041,10104,20,1
5,StockLevel,1772024097.820374,14298,23,1
1,NewOrder,1772024097.821184,37584,8,1
2,Payment,1772024097.821648,18996,4,1
1,NewOrder,1772024097.822727,16879,10,1
1,NewOrder,1772024097.823136,30805,6,1
2,Payment,1772024097.823164,17996,9,1
1,NewOrder,1772024097.823476,32626,14,1
2,Payment,1772024097.823977,15550,18,1
1,NewOrder,1772024097.825779,27283,22,1
2,Payment,1772024097.829334,19352,19,1
2,Payment,1772024097.830154,29540,20,1
1,NewOrder,1772024097.830478,48817,16,1
1,NewOrder,1772024097.830542,27288,0,1
1,NewOrder,1772024097.833762,44301,3,1
1,NewOrder,1772024097.834677,6435,23,1
2,Payment,1772024097.834758,14415,7,1
1,NewOrder,1772024097.834811,62354,15,1
2,Payment,1772024097.835089,9897,2,1
2,Payment,1772024097.837732,16686,1,1
1,NewOrder,1772024097.839487,23419,17,1
2,Payment,1772024097.839536,32965,18,1
3,OrderStatus,1772024097.839611,7439,10,1
2,Payment,1772024097.839626,4391,12,1
2,Payment,1772024097.839797,9259,13,1
1,NewOrder,1772024097.840653,18505,4,1
3,OrderStatus,1772024097.841118,5659,23,1
4,Delivery,1772024097.841172,78618,9,1
2,Payment,1772024097.844025,10413,12,1
1,NewOrder,1772024097.844994,13829,2,1
1,NewOrder,1772024097.846786,29233,23,1
2,Payment,1772024097.847058,14993,10,1
2,Payment,1772024097.848697,14080,19,1
1,NewOrder,1772024097.849063,15102,13,1
2,Payment,1772024097.849177,22215,7,1
1,NewOrder,1772024097.851999,11839,11,1
2,Payment,1772024097.853071,35915,22,1
2,Payment,1772024097.853946,29504,6,1
1,NewOrder,1772024097.854428,47679,1,1
1,NewOrder,1772024097.854443,15166,12,1
1,NewOrder,1772024097.854474,24330,21,1
2,Payment,1772024097.856107,3636,14,1
4,Delivery,1772024097.857837,23282,0,1
1,NewOrder,1772024097.858418,44554,5,1
1,NewOrder,1772024097.858776,32874,8,1
1,NewOrder,1772024097.858829,32732,2,1
1,NewOrder,1772024097.859161,28390,4,1
2,Payment,1772024097.859700,38622,20,1
2,Payment,1772024097.859748,12948,14,1
1,NewOrder,1772024097.862061,49154,10,1
2,Payment,1772024097.862786,44066,19,1
2,Payment,1772024097.862912,21369,17,1
2,Payment,1772024097.863845,42273,11,1
1,NewOrder,1772024097.864175,9298,13,1
3,OrderStatus,1772024097.869618,2456,12,1
1,NewOrder,1772024097.871399,33213,7,1
4,Delivery,1772024097.872081,6636,12,1
1,NewOrder,1772024097.872511,38221,18,1
1,NewOrder,1772024097.872702,34960,14,1
2,Payment,1772024097.873481,27653,13,1
2,Payment,1772024097.876030,37159,23,1
2,Payment,1772024097.878072,13549,3,1
3,OrderStatus,1772024097.878727,3010,12,1
2,Payment,1772024097.878817,38369,21,1
2,Payment,1772024097.879301,24148,16,1
1,NewOrder,1772024097.881128,33947,0,1
1,NewOrder,1772024097.881745,12527,12,1
2,Payment,1772024097.883459,29694,6,1
2,Payment,1772024097.884289,23025,17,1
2,Payment,1772024097.887557,15454,4,1
3,OrderStatus,1772024097.888998,9155,22,1
2,Payment,1772024097.891566,21079,2,1
2,Payment,1772024097.891625,15144,3,1
2,Payment,1772024097.891661,47173,8,1
1,NewOrder,1772024097.894282,8290,12,1
1,NewOrder,1772024097.897175,36757,15,1
2,Payment,1772024097.898166,26516,22,1
1,NewOrder,1772024097.898331,34686,20,1
3,OrderStatus,1772024097.901143,7893,13,1
3,OrderStatus,1772024097.902116,7432,1,1
1,NewOrder,1772024097.902580,11659,12,1
2,Payment,1772024097.902978,40012,5,1
2,Payment,1772024097.903021,25671,4,1
2,Payment,1772024097.903454,7730,16,1
1,NewOrder,1772024097.904620,34430,7,1
2,Payment,1772024097.906124,13482,11,1
1,NewOrder,1772024097.906775,18318,3,1
1,NewOrder,1772024097.906862,21492,19,1
2,Payment,1772024097.907322,11826,17,1
1,NewOrder,1772024097.907668,28826,14,1
2,Payment,1772024097.909042,16025,13,1
2,Payment,1772024097.909557,9062,1,1
3,OrderStatus,1772024097.910741,6520,18,1
2,Payment,1772024097.911192,24760,16,1
2,Payment,1772024097.911221,13992,10,1
5,StockLevel,1772024097.912652,15334,2,1
2,Payment,1772024097.913161,44104,6,1
1,NewOrder,1772024097.913194,23636,23,1
3,OrderStatus,1772024097.914243,4145,12,1
1,NewOrder,1772024097.915084,31286,0,1
1,NewOrder,1772024097.917197,15824,21,1
1,NewOrder,1772024097.917274,36478,18,1
1,NewOrder,1772024097.918396,14132,12,1
2,Payment,1772024097.918628,45604,1,1
5,StockLevel,1772024097.919156,33392,17,1
2,Payment,1772024097.919610,47748,11,1
2,Payment,1772024097.919796,53059,9,1
5,StockLevel,1772024097.924690,11167,22,1
1,NewOrder,1772024097.925073,30053,13,1
1,NewOrder,1772024097.925098,35462,3,1
2,Payment,1772024097.925221,20273,10,1
2,Payment,1772024097.927991,26175,2,1
2,Payment,1772024097.928365,13252,19,1
1,NewOrder,1772024097.928697,36882,4,1
2,Payment,1772024097.932536,16676,12,1
2,Payment,1772024097.933026,16902,20,1
1,NewOrder,1772024097.933034,8493,21,1
1,NewOrder,1772024097.933938,49066,15,1
1,NewOrder,1772024097.935862,15733,22,1
1,NewOrder,1772024097.935962,50144,16,1
1,NewOrder,1772024097.936504,15703,14,1
3,OrderStatus,1772024097.936834,3170,23,1
1,NewOrder,1772024097.938840,33945,8,1
2,Payment,1772024097.939057,40653,7,1
1,NewOrder,1772024097.940009,6679,23,1
1,NewOrder,1772024097.941549,28917,21,1
1,NewOrder,1772024097.941629,35507,19,1
2,Payment,1772024097.942998,31984,5,1
1,NewOrder,1772024097.945500,40209,10,1
2,Payment,1772024097.946380,37532,0,1
1,NewOrder,1772024097.946697,37728,23,1
2,Payment,1772024097.949219,11795,12,1
1,NewOrder,1772024097.949936,34965,20,1
1,NewOrder,1772024097.951609,6770,22,1
1,NewOrder,1772024097.952217,6789,14,1
2,Payment,1772024097.952556,17033,17,1
3,OrderStatus,1772024097.953762,10173,18,1
2,Payment,1772024097.954172,37374,2,1
1,NewOrder,1772024097.955130,30953,13,1
2,Payment,1772024097.957276,27168,6,1
1,NewOrder,1772024097.958388,14726,22,1
1,NewOrder,1772024097.959014,7246,14,1
4,Delivery,1772024097.960568,38986,3,1
2,Payment,1772024097.961021,15598,12,1
2,Payment,1772024097.963946,9175,18,1
1,NewOrder,1772024097.964242,27360,1,1
4,Delivery,1772024097.965589,34827,4,1
1,NewOrder,1772024097.966264,13999,14,1
1,NewOrder,1772024097.967366,31805,11,1
1,NewOrder,1772024097.969596,21980,17,1
1,NewOrder,1772024097.970479,21035,21,1
5,StockLevel,1772024097.972792,25121,8,1
1,NewOrder,1772024097.972865,18304,9,1
2,Payment,1772024097.973119,3989,22,1
2,Payment,1772024097.973134,10746,18,1
1,NewOrder,1772024097.974989,41995,5,1
2,Payment,1772024097.976626,7158,12,1
2,Payment,1772024097.977115,10921,22,1
1,NewOrder,1772024097.977140,47836,19,1
2,Payment,1772024097.979715,13059,7,1
2,Payment,1772024097.980273,8484,14,1
2,Payment,1772024097.983015,20517,15,1
1,NewOrder,1772024097.983790,16267,12,1
1,NewOrder,1772024097.983890,32779,18,1
2,Payment,1772024097.983922,17932,0,1
1,NewOrder,1772024097.984429,11719,23,1
2,Payment,1772024097.984454,15084,6,1
1,NewOrder,1772024097.984912,18481,20,1
2,Payment,1772024097.985715,27743,10,1
2,Payment,1772024097.986094,27963,13,1
1,NewOrder,1772024097.986111,12161,16,1
5,StockLevel,1772024097.988041,11762,22,1
2,Payment,1772024097.988766,20867,14,1
1,NewOrder,1772024097.991174,21395,9,1
5,StockLevel,1772024097.991524,25433,21,1
2,Payment,1772024097.991552,34130,2,1
2,Payment,1772024097.991585,26065,17,1
2,Payment,1772024097.991607,18667,1,1
2,Payment,1772024097.992782,26952,7,1
1,NewOrder,1772024097.996152,10735,23,1
2,Payment,1772024097.997918,28486,8,1
1,NewOrder,1772024097.998282,7825,16,1
1,NewOrder,1772024097.999179,39330,11,1
2,Payment,1772024097.999544,33490,6,1
1,NewOrder,1772024097.999561,9085,3,1
1,NewOrder,1772024097.999808,20300,22,1
2,Payment,1772024098.000060,21656,12,1
1,NewOrder,1772024098.000425,10157,4,1
2,Payment,1772024098.001859,29943,0,1
1,NewOrder,1772024098.003402,18820,20,1
1,NewOrder,1772024098.003543,50117,15,1
2,Payment,1772024098.006115,23029,16,1
2,Payment,1772024098.006893,2321,23,1
2,Payment,1772024098.008654,28895,3,1
3,OrderStatus,1772024098.009223,3546,23,1
1,NewOrder,1772024098.009643,21693,14,1
3,OrderStatus,1772024098.010278,7726,1,1
5,StockLevel,1772024098.010589,8485,4,1
1,NewOrder,1772024098.012576,29075,9,1
1,NewOrder,1772024098.012778,13575,23,1
2,Payment,1772024098.013465,29519,10,1
1,NewOrder,1772024098.014068,20120,13,1
1,NewOrder,1772024098.016678,17854,18,1
1,NewOrder,1772024098.016964,27446,21,1
2,Payment,1772024098.016990,35554,5,1
1,NewOrder,1772024098.017658,15996,17,1
2,Payment,1772024098.018013,70609,1,1
2,Payment,1772024098.019079,58574,4,1
2,Payment,1772024098.019743,44098,7,1
1,NewOrder,1772024098.020117,21064,22,1
2,Payment,1772024098.021721,16400,12,1
5,StockLevel,1772024098.022229,13327,20,1
4,Delivery,1772024098.024982,33001,19,1
1,NewOrder,1772024098.025690,22265,2,1
1,NewOrder,1772024098.026362,41544,23,1
2,Payment,1772024098.026410,53084,8,1
5,StockLevel,1772024098.029151,15543,16,1
2,Payment,1772024098.031346,13761,14,1
2,Payment,1772024098.031812,34654,0,1
1,NewOrder,1772024098.033042,26253,6,1
2,Payment,1772024098.033661,20627,17,1
1,NewOrder,1772024098.034195,45339,13,1
1,NewOrder,1772024098.034537,65014,18,1
1,NewOrder,1772024098.035569,11947,20,1
1,NewOrder,1772024098.037556,41604,3,1
2,Payment,1772024098.038131,23858,12,1
1,NewOrder,1772024098.038518,43531,11,1
1,NewOrder,1772024098.041190,23071,22,1
1,NewOrder,1772024098.041660,65477,9,1
1,NewOrder,1772024098.042991,54051,10,1
1,NewOrder,1772024098.044426,9829,21,1
3,OrderStatus,1772024098.044700,10702,16,1
1,NewOrder,1772024098.045116,24484,14,1
2,Payment,1772024098.047525,2678,20,1
1,NewOrder,1772024098.047963,36327,2,1
1,NewOrder,1772024098.050212,9551,20,1
1,NewOrder,1772024098.052555,51052,5,1
2,Payment,1772024098.053670,35948,15,1
5,StockLevel,1772024098.054262,33956,21,1
2,Payment,1772024098.054296,21248,17,1
1,NewOrder,1772024098.055410,37730,16,1
1,NewOrder,1772024098.057993,51122,19,1
1,NewOrder,1772024098.059306,56044,6,1
2,Payment,1772024098.059775,20910,20,1
1,NewOrder,1772024098.061996,44671,12,1
5,StockLevel,1772024098.063853,31447,7,1
1,NewOrder,1772024098.064266,42806,22,1
2,Payment,1772024098.066477,33408,0,1
1,NewOrder,1772024098.067912,41780,23,1
2,Payment,1772024098.069610,33385,14,1
2,Payment,1772024098.075556,40042,17,1
2,Payment,1772024098.077661,32014,4,1
2,Payment,1772024098.079168,40159,3,1
2,Payment,1772024098.079498,11265,8,1
2,Payment,1772024098.079544,43050,13,1
1,NewOrder,1772024098.080693,41167,20,1
1,NewOrder,1772024098.082060,42270,11,1
2,Payment,1772024098.084296,43773,2,1
2,Payment,1772024098.088227,13551,21,1
1,NewOrder,1772024098.088634,36196,1,1
2,Payment,1772024098.089624,41967,15,1
1,NewOrder,1772024098.090770,27385,8,1
1,NewOrder,1772024098.093151,32049,16,1
1,NewOrder,1772024098.095310,20703,7,1
2,Payment,1772024098.097048,9955,10,1
2,Payment,1772024098.099560,10167,18,1
2,Payment,1772024098.099895,39324,0,1
2,Payment,1772024098.101784,22011,21,1
1,NewOrder,1772024098.103005,25589,14,1
1,NewOrder,1772024098.103611,17594,5,1
1,NewOrder,1772024098.106677,26551,12,1
2,Payment,1772024098.107009,10782,10,1
3,OrderStatus,1772024098.107075,6706,22,1
1,NewOrder,1772024098.107146,24393,9,1
1,NewOrder,1772024098.109122,21049,19,1
2,Payment,1772024098.109686,38076,4,1
4,Delivery,1772024098.109700,72150,23,1
2,Payment,1772024098.109733,19890,18,1
2,Payment,1772024098.113789,21816,22,1
2,Payment,1772024098.115361,11600,6,1
2,Payment,1772024098.115606,23195,17,1
1,NewOrder,1772024098.116023,11964,7,1
2,Payment,1772024098.117799,15858,10,1
2,Payment,1772024098.118163,17838,8,1
2,Payment,1772024098.119337,34387,3,1
1,NewOrder,1772024098.121211,16879,5,1
2,Payment,1772024098.121867,19707,20,1
2,Payment,1772024098.122610,21329,13,1
2,Payment,1772024098.123805,29285,21,1
2,Payment,1772024098.124341,21298,11,1
1,NewOrder,1772024098.124842,8844,1,1
1,NewOrder,1772024098.125213,8501,16,1
1,NewOrder,1772024098.126968,22461,6,1
3,OrderStatus,1772024098.127997,8830,7,1
3,OrderStatus,1772024098.128080,10142,2,1
1,NewOrder,1772024098.128601,34395,14,1
2,Payment,1772024098.129633,30668,18,1
2,Payment,1772024098.130196,15792,19,1
2,Payment,1772024098.131553,22196,9,1
2,Payment,1772024098.131618,18416,15,1
1,NewOrder,1772024098.133235,27594,12,1
1,NewOrder,1772024098.133681,38843,10,1
2,Payment,1772024098.133699,8667,1,1
3,OrderStatus,1772024098.133725,4336,16,1
1,NewOrder,1772024098.135630,25243,22,1
5,StockLevel,1772024098.136015,15720,8,1
3,OrderStatus,1772024098.136835,6627,7,1
1,NewOrder,1772024098.138070,14558,16,1
2,Payment,1772024098.138098,24394,5,1
2,Payment,1772024098.138226,32958,2,1
1,NewOrder,1772024098.138805,22929,17,1
1,NewOrder,1772024098.139228,27508,0,1
1,NewOrder,1772024098.141599,19341,20,1
1,NewOrder,1772024098.142369,25065,1,1
2,Payment,1772024098.143467,17496,7,1
1,NewOrder,1772024098.143957,21385,13,1
4,Delivery,1772024098.145665,83721,11,1
1,NewOrder,1772024098.146013,17699,19,1
2,Payment,1772024098.147788,33100,4,1
2,Payment,1772024098.149438,23512,6,1
2,Payment,1772024098.150045,7586,15,1
1,NewOrder,1772024098.151741,60484,8,1
2,Payment,1772024098.152637,9777,16,1
1,NewOrder,1772024098.153099,49581,21,1
2,Payment,1772024098.153737,36879,3,1
2,Payment,1772024098.153760,33729,9,1
1,NewOrder,1772024098.157642,32602,15,1
1,NewOrder,1772024098.160310,34826,18,1
5,StockLevel,1772024098.160853,37366,12,1
4,Delivery,1772024098.160890,24944,22,1
2,Payment,1772024098.160951,15588,20,1
1,NewOrder,1772024098.160973,47184,7,1
1,NewOrder,1772024098.161760,11474,17,1
2,Payment,1772024098.162437,6622,16,1
2,Payment,1772024098.162512,39610,5,1
1,NewOrder,1772024098.163008,46196,14,1
2,Payment,1772024098.163738,22061,19,1
2,Payment,1772024098.165351,14198,13,1
5,StockLevel,1772024098.166745,6673,0,1
2,Payment,1772024098.167444,44914,1,1
1,NewOrder,1772024098.169069,46491,16,1
1,NewOrder,1772024098.171194,36988,2,1
1,NewOrder,1772024098.172545,45888,10,1
5,StockLevel,1772024098.172961,33853,6,1
2,Payment,1772024098.173245,17318,17,1
1,NewOrder,1772024098.173428,6634,0,1
1,NewOrder,1772024098.176549,34659,20,1
1,NewOrder,1772024098.179575,32259,13,1
2,Payment,1772024098.180072,40451,0,1
2,Payment,1772024098.180899,33824,4,1
5,StockLevel,1772024098.181874,3726,23,1
5,StockLevel,1772024098.185613,4038,23,1
2,Payment,1772024098.185810,7461,19,1
2,Payment,1772024098.185846,21812,22,1
2,Payment,1772024098.187498,14014,9,1
1,NewOrder,1772024098.189673,12977,23,1
1,NewOrder,1772024098.190274,37035,15,1
1,NewOrder,1772024098.190589,32527,17,1
2,Payment,1772024098.190633,35810,3,1
1,NewOrder,1772024098.193296,27735,19,1
2,Payment,1772024098.195157,20908,18,1
4,Delivery,1772024098.198253,19571,12,1
2,Payment,1772024098.201524,10792,9,1
2,Payment,1772024098.202126,27623,5,1
1,NewOrder,1772024098.202660,8066,23,1
1,NewOrder,1772024098.202694,8563,21,1
1,NewOrder,1772024098.206824,17687,6,1
2,Payment,1772024098.207674,14280,22,1
4,Delivery,1772024098.208179,21511,7,1
1,NewOrder,1772024098.208197,21582,2,1
1,NewOrder,1772024098.209210,18608,14,1
2,Payment,1772024098.210752,15010,23,1
2,Payment,1772024098.211219,20887,20,1
2,Payment,1772024098.211266,26634,21,1
2,Payment,1772024098.211839,3254,13,1
2,Payment,1772024098.212233,9380,8,1
2,Payment,1772024098.212322,3371,9,1
2,Payment,1772024098.212368,20794,1,1
2,Payment,1772024098.214732,22753,4,1
1,NewOrder,1772024098.215108,22765,13,1
3,OrderStatus,1772024098.215566,6765,16,1
1,NewOrder,1772024098.215704,24590,9,1
2,Payment,1772024098.216092,31441,18,1
2,Payment,1772024098.217829,5666,12,1
2,Payment,1772024098.218461,9751,10,1
2,Payment,1772024098.220548,24512,0,1
1,NewOrder,1772024098.221041,18910,19,1
2,Payment,1772024098.221629,11107,8,1
1,NewOrder,1772024098.221958,17217,22,1
2,Payment,1772024098.222340,12533,16,1
2,Payment,1772024098.223129,21968,17,1
2,Payment,1772024098.223522,14425,12,1
2,Payment,1772024098.224535,14817,6,1
2,Payment,1772024098.225771,15646,23,1
1,NewOrder,1772024098.226470,18117,3,1
2,Payment,1772024098.227330,31882,15,1
2,Payment,1772024098.227843,21959,14,1
2,Payment,1772024098.228227,25918,10,1
1,NewOrder,1772024098.229394,13552,11,1
2,Payment,1772024098.229698,16732,7,1
4,Delivery,1772024098.229759,35871,5,1
2,Payment,1772024098.229789,23882,2,1
1,NewOrder,1772024098.232116,17214,20,1
1,NewOrder,1772024098.232745,21354,8,1
2,Payment,1772024098.233173,28679,1,1
1,NewOrder,1772024098.234883,17036,16,1
2,Payment,1772024098.237491,39225,4,1
1,NewOrder,1772024098.237884,19402,13,1
1,NewOrder,1772024098.237910,17197,21,1
1,NewOrder,1772024098.237955,13253,12,1
2,Payment,1772024098.239188,17149,22,1
2,Payment,1772024098.239355,28264,6,1
1,NewOrder,1772024098.239960,16908,19,1
2,Payment,1772024098.240297,36378,9,1
4,Delivery,1772024098.241425,57383,23,1
4,Delivery,1772024098.242950,27904,11,1
1,NewOrder,1772024098.244616,28322,3,1
2,Payment,1772024098.245068,37494,0,1
2,Payment,1772024098.245104,21561,17,1
4,Delivery,1772024098.246455,25007,7,1
1,NewOrder,1772024098.247539,42595,18,1
1,NewOrder,1772024098.249341,34588,20,1
1,NewOrder,1772024098.249810,9898,14,1
1,NewOrder,1772024098.251212,12365,12,1
1,NewOrder,1772024098.251927,31416,16,1
2,Payment,1772024098.253678,37965,2,1
5,StockLevel,1772024098.254104,24571,8,1
2,Payment,1772024098.254148,29274,10,1
2,Payment,1772024098.255114,10103,21,1
1,NewOrder,1772024098.256345,27986,22,1
2,Payment,1772024098.256874,16922,19,1
2,Payment,1772024098.257292,16628,13,1
1,NewOrder,1772024098.259217,23783,15,1
1,NewOrder,1772024098.259712,11566,14,1
1,NewOrder,1772024098.261863,41414,1,1
2,Payment,1772024098.263583,5679,12,1
2,Payment,1772024098.265224,15890,21,1
1,NewOrder,1772024098.265639,8225,5,1
1,NewOrder,1772024098.266671,31274,17,1
1,NewOrder,1772024098.267627,26528,6,1
1,NewOrder,1772024098.269276,7017,12,1
2,Payment,1772024098.270877,19787,11,1
2,Payment,1772024098.271300,5952,14,1
2,Payment,1772024098.271481,26005,7,1
2,Payment,1772024098.272950,32015,3,1
1,NewOrder,1772024098.273810,22779,19,1
5,StockLevel,1772024098.273891,8632,5,1
1,NewOrder,1772024098.273932,39736,13,1
2,Payment,1772024098.276310,5311,12,1
1,NewOrder,1772024098.276701,46681,9,1
1,NewOrder,1772024098.276742,40200,4,1
2,Payment,1772024098.277263,9876,14,1
2,Payment,1772024098.278682,36566,8,1
1,NewOrder,1772024098.281122,21205,21,1
2,Payment,1772024098.281627,10824,12,1
1,NewOrder,1772024098.282549,35550,5,1
1,NewOrder,1772024098.282588,48603,0,1
2,Payment,1772024098.283009,21277,15,1
1,NewOrder,1772024098.283350,54748,16,1
1,NewOrder,1772024098.283433,51575,10,1
1,NewOrder,1772024098.283955,38233,20,1
1,NewOrder,1772024098.284341,30373,22,1
2,Payment,1772024098.287149,36845,14,1
5,StockLevel,1772024098.290144,10620,18,1
1,NewOrder,1772024098.290688,24643,11,1
2,Payment,1772024098.291653,23735,2,1
2,Payment,1772024098.292471,20656,12,1
2,Payment,1772024098.294181,32078,6,1
3,OrderStatus,1772024098.296615,4202,19,1
1,NewOrder,1772024098.297511,32999,7,1
2,Payment,1772024098.297962,36554,17,1
1,NewOrder,1772024098.298818,8550,23,1
5,StockLevel,1772024098.300778,6521,18,1
2,Payment,1772024098.300826,4737,19,1
1,NewOrder,1772024098.302333,13074,21,1
2,Payment,1772024098.303288,20839,1,1
2,Payment,1772024098.304298,38911,15,1
1,NewOrder,1772024098.304975,46492,3,1
1,NewOrder,1772024098.305570,37062,19,1
5,StockLevel,1772024098.307325,4307,18,1
1,NewOrder,1772024098.307394,8388,23,1
1,NewOrder,1772024098.311648,6883,18,1
2,Payment,1772024098.313137,58046,12,1
1,NewOrder,1772024098.313679,32528,13,1
2,Payment,1772024098.314724,10705,22,1
2,Payment,1772024098.315256,27956,8,1
2,Payment,1772024098.315341,20100,11,1
1,NewOrder,1772024098.315393,36554,2,1
1,NewOrder,1772024098.315414,15756,21,1
2,Payment,1772024098.315792,12000,23,1
1,NewOrder,1772024098.316952,40247,4,1
3,OrderStatus,1772024098.318124,14794,5,1
2,Payment,1772024098.318546,12593,18,1
1,NewOrder,1772024098.322198,27179,20,1
2,Payment,1772024098.323407,28185,9,1
1,NewOrder,1772024098.324002,24960,14,1
2,Payment,1772024098.324136,10519,1,1
1,NewOrder,1772024098.325454,38715,22,1
3,OrderStatus,1772024098.326285,12639,6,1
2,Payment,1772024098.327814,6010,23,1
2,Payment,1772024098.330536,33059,7,1
5,StockLevel,1772024098.331163,7247,18,1
1,NewOrder,1772024098.331197,17794,21,1
2,Payment,1772024098.331206,12037,0,1
2,Payment,1772024098.332928,18272,5,1
1,NewOrder,1772024098.333849,36923,23,1
2,Payment,1772024098.334535,14891,17,1
4,Delivery,1772024098.334682,24532,1,1
1,NewOrder,1772024098.335018,29282,10,1
2,Payment,1772024098.335462,37414,11,1
2,Payment,1772024098.338108,26052,16,1
1,NewOrder,1772024098.338420,20327,18,1
1,NewOrder,1772024098.338949,25239,6,1
4,Delivery,1772024098.342657,26480,19,1
5,StockLevel,1772024098.343226,23154,15,1
1,NewOrder,1772024098.343239,23852,8,1
4,Delivery,1772024098.343269,16498,0,1
2,Payment,1772024098.346217,31041,13,1
1,NewOrder,1772024098.348981,28782,14,1
2,Payment,1772024098.349001,5748,21,1
1,NewOrder,1772024098.349385,14884,20,1
2,Payment,1772024098.349432,36372,17,1
2,Payment,1772024098.351215,14423,5,1
1,NewOrder,1772024098.351476,37920,3,1
4,Delivery,1772024098.351604,42104,9,1
5,StockLevel,1772024098.351973,21358,2,1
2,Payment,1772024098.354774,4300,21,1
2,Payment,1772024098.357209,14114,4,1
5,StockLevel,1772024098.358772,12247,18,1
2,Payment,1772024098.359099,5110,21,1
4,Delivery,1772024098.359240,11986,1,1
1,NewOrder,1772024098.359789,25148,0,1
2,Payment,1772024098.363604,21889,7,1
1,NewOrder,1772024098.364187,21641,16,1
1,NewOrder,1772024098.364195,29577,22,1
4,Delivery,1772024098.364231,29877,6,1
2,Payment,1772024098.364237,11307,21,1
1,NewOrder,1772024098.364295,21513,20,1
2,Payment,1772024098.364327,15265,10,1
1,NewOrder,1772024098.365663,15012,5,1
2,Payment,1772024098.366389,33851,15,1
2,Payment,1772024098.367100,26191,8,1
2,Payment,1772024098.369147,16501,19,1
2,Payment,1772024098.370797,30835,23,1
2,Payment,1772024098.371046,22701,18,1
2,Payment,1772024098.371188,36430,12,1
1,NewOrder,1772024098.371236,15314,1,1
5,StockLevel,1772024098.371333,10167,4,1
1,NewOrder,1772024098.372886,24165,11,1
2,Payment,1772024098.373341,8641,2,1
1,NewOrder,1772024098.375554,37223,21,1
2,Payment,1772024098.377279,37031,13,1
4,Delivery,1772024098.377773,47983,14,1
1,NewOrder,1772024098.379616,19153,10,1
1,NewOrder,1772024098.380700,25018,5,1
2,Payment,1772024098.381516,4992,4,1
1,NewOrder,1772024098.381993,13964,2,1
1,NewOrder,1772024098.384947,36665,0,1
5,StockLevel,1772024098.385516,26548,7,1
2,Payment,1772024098.385675,25590,19,1
1,NewOrder,1772024098.385819,35434,17,1
1,NewOrder,1772024098.385829,34873,20,1
2,Payment,1772024098.385854,39092,16,1
1,NewOrder,1772024098.386514,26895,4,1
2,Payment,1772024098.386560,15758,1,1
2,Payment,1772024098.389406,17244,3,1
1,NewOrder,1772024098.393302,26976,8,1
1,NewOrder,1772024098.393714,34708,9,1
2,Payment,1772024098.393753,23855,18,1
1,NewOrder,1772024098.393782,36159,22,1
1,NewOrder,1772024098.394118,12888,6,1
4,Delivery,1772024098.395967,36191,2,1
2,Payment,1772024098.397060,2640,11,1
1,NewOrder,1772024098.398795,16269,10,1
1,NewOrder,1772024098.399706,15134,11,1
5,StockLevel,1772024098.400250,17391,15,1
2,Payment,1772024098.401656,21223,23,1
2,Payment,1772024098.402327,11621,1,1
4,Delivery,1772024098.405729,26742,5,1
1,NewOrder,1772024098.406660,20696,3,1
2,Payment,1772024098.407016,4855,6,1
2,Payment,1772024098.407628,22667,12,1
1,NewOrder,1772024098.411275,33139,19,1
2,Payment,1772024098.411883,10342,6,1
2,Payment,1772024098.412073,18220,7,1
1,NewOrder,1772024098.412802,36187,21,1
5,StockLevel,1772024098.413435,12613,4,1
1,NewOrder,1772024098.413959,20772,1,1
1,NewOrder,1772024098.414320,24385,13,1
2,Payment,1772024098.414850,21210,11,1
1,NewOrder,1772024098.415072,8057,10,1
1,NewOrder,1772024098.417613,25519,18,1
3,OrderStatus,1772024098.417651,6011,15,1
2,Payment,1772024098.420306,21928,8,1
5,StockLevel,1772024098.420709,18046,20,1
3,OrderStatus,1772024098.421265,7985,17,1
1,NewOrder,1772024098.421617,23215,0,1
4,Delivery,1772024098.422252,16350,6,1
1,NewOrder,1772024098.422890,45685,23,1
1,NewOrder,1772024098.423134,30102,10,1
2,Payment,1772024098.423686,15396,15,1
2,Payment,1772024098.424971,32847,16,1
2,Payment,1772024098.425767,19095,14,1
1,NewOrder,1772024098.426057,11763,4,1
2,Payment,1772024098.427366,8177,3,1
2,Payment,1772024098.428448,21915,9,1
2,Payment,1772024098.429260,38706,17,1
2,Payment,1772024098.429951,6933,22,1
2,Payment,1772024098.430301,31866,7,1
1,NewOrder,1772024098.430303,26260,12,1
1,NewOrder,1772024098.432169,19357,2,1
2,Payment,1772024098.432481,7355,5,1
1,NewOrder,1772024098.434741,18998,1,1
1,NewOrder,1772024098.435552,24731,3,1
1,NewOrder,1772024098.436071,17199,11,1
1,NewOrder,1772024098.436894,16822,22,1
1,NewOrder,1772024098.437825,31988,4,1
2,Payment,1772024098.438610,29872,6,1
1,NewOrder,1772024098.438712,24524,13,1
2,Payment,1772024098.438766,6042,20,1
1,NewOrder,1772024098.439092,23000,15,1
2,Payment,1772024098.439847,6019,5,1
1,NewOrder,1772024098.442241,12650,8,1
1,NewOrder,1772024098.443136,12122,18,1
2,Payment,1772024098.444439,8376,19,1
1,NewOrder,1772024098.444817,41900,20,1
1,NewOrder,1772024098.444842,51334,0,1
1,NewOrder,1772024098.444870,36302,14,1
1,NewOrder,1772024098.445877,33079,5,1
1,NewOrder,1772024098.448998,40077,21,1
2,Payment,1772024098.450378,28282,9,1
4,Delivery,1772024098.451536,23786,2,1
1,NewOrder,1772024098.452825,33867,19,1
3,OrderStatus,1772024098.453246,10820,10,1
2,Payment,1772024098.453280,36184,11,1
1,NewOrder,1772024098.453733,10020,22,1
2,Payment,1772024098.453765,7970,1,1
1,NewOrder,1772024098.454896,13621,8,1
1,NewOrder,1772024098.455261,22189,18,1
2,Payment,1772024098.456588,17837,12,1
2,Payment,1772024098.457844,27605,16,1
2,Payment,1772024098.460294,5867,3,1
2,Payment,1772024098.461746,9324,1,1
4,Delivery,1772024098.462102,27320,15,1
1,NewOrder,1772024098.462174,19552,7,1
2,Payment,1772024098.463246,35042,13,1
1,NewOrder,1772024098.463763,32852,22,1
2,Payment,1772024098.464077,30147,10,1
2,Payment,1772024098.466170,8798,3,1
2,Payment,1772024098.467974,37774,17,1
2,Payment,1772024098.468493,34756,6,1
2,Payment,1772024098.468524,30082,8,1
5,StockLevel,1772024098.468586,15791,23,1
2,Payment,1772024098.469819,16468,4,1
1,NewOrder,1772024098.471088,23059,1,1
2,Payment,1772024098.474436,17007,12,1
1,NewOrder,1772024098.474976,37672,3,1
4,Delivery,1772024098.475330,9694,2,1
2,Payment,1772024098.477458,10563,18,1
1,NewOrder,1772024098.478666,38396,9,1
4,Delivery,1772024098.478966,6500,5,1
4,Delivery,1772024098.481181,8603,14,1
2,Payment,1772024098.481733,26428,7,1
1,NewOrder,1772024098.484386,40207,23,1
1,NewOrder,1772024098.485028,5571,2,1
1,NewOrder,1772024098.485459,28544,16,1
2,Payment,1772024098.485474,4189,5,1
1,NewOrder,1772024098.486296,36072,4,1
5,StockLevel,1772024098.486703,21061,19,1
2,Payment,1772024098.486723,8991,20,1
2,Payment,1772024098.488027,15552,18,1
1,NewOrder,1772024098.489083,22094,21,1
2,Payment,1772024098.489430,23583,15,1
1,NewOrder,1772024098.489471,11391,11,1
4,Delivery,1772024098.489668,69007,5,1
1,NewOrder,1772024098.489791,16587,14,1
1,NewOrder,1772024098.490603,12999,2,1
1,NewOrder,1772024098.491449,27526,12,1
5,StockLevel,1772024098.494155,10711,1,1
1,NewOrder,1772024098.494230,21454,10,1
1,NewOrder,1772024098.495719,22898,20,1
2,Payment,1772024098.496182,10171,0,1
3,OrderStatus,1772024098.496620,9748,22,1
5,StockLevel,1772024098.498293,22444,13,1
2,Payment,1772024098.498618,14317,8,1
1,NewOrder,1772024098.500868,23094,11,1
1,NewOrder,1772024098.503254,27485,6,1
1,NewOrder,1772024098.503586,36567,18,1
2,Payment,1772024098.503608,8206,2,1
5,StockLevel,1772024098.504873,11821,1,1
2,Payment,1772024098.505759,16035,17,1
2,Payment,1772024098.506359,18660,0,1
3,OrderStatus,1772024098.506378,7499,22,1
2,Payment,1772024098.506385,21395,14,1
4,Delivery,1772024098.507769,20423,19,1
4,Delivery,1772024098.508166,29845,7,1
1,NewOrder,1772024098.511184,41040,21,1
2,Payment,1772024098.511824,22244,2,1
1,NewOrder,1772024098.512661,25756,3,1
1,NewOrder,1772024098.512940,23493,8,1
1,NewOrder,1772024098.513022,28750,15,1
1,NewOrder,1772024098.513882,24499,22,1
1,NewOrder,1772024098.514010,16217,16,1
2,Payment,1772024098.515691,7517,10,1
2,Payment,1772024098.516704,24751,1,1
3,OrderStatus,1772024098.517070,11826,9,1
4,Delivery,1772024098.518641,9934,20,1
2,Payment,1772024098.518986,16588,12,1
1,NewOrder,1772024098.520744,16217,13,1
2,Payment,1772024098.521803,20312,17,1
2,Payment,1772024098.522373,25570,4,1
1,NewOrder,1772024098.523215,25117,10,1
2,Payment,1772024098.523974,6798,11,1
2,Payment,1772024098.524598,4839,23,1
1,NewOrder,1772024098.525029,26364,0,1
2,Payment,1772024098.527792,22627,14,1
1,NewOrder,1772024098.528201,27743,19,1
1,NewOrder,1772024098.528582,29745,20,1
2,Payment,1772024098.528901,10044,9,1
1,NewOrder,1772024098.529442,16841,23,1
1,NewOrder,1772024098.530232,11909,16,1
1,NewOrder,1772024098.530749,31472,6,1
2,Payment,1772024098.530779,16087,11,1
4,Delivery,1772024098.534073,24825,2,1
2,Payment,1772024098.535584,22583,12,1
1,NewOrder,1772024098.536442,11123,8,1
2,Payment,1772024098.536968,53223,13,1
1,NewOrder,1772024098.538017,11636,7,1
2,Payment,1772024098.538388,8355,22,1
2,Payment,1772024098.538429,14536,3,1
2,Payment,1772024098.538950,15638,9,1
2,Payment,1772024098.540158,15043,18,1
2,Payment,1772024098.541473,21188,1,1
2,Payment,1772024098.541792,22182,15,1
1,NewOrder,1772024098.542120,23006,17,1
2,Payment,1772024098.542146,41328,16,1
1,NewOrder,1772024098.546298,16316,23,1
1,NewOrder,1772024098.546762,27876,22,1
2,Payment,1772024098.546891,17719,11,1
2,Payment,1772024098.547576,22174,8,1
1,NewOrder,1772024098.547951,21135,4,1
2,Payment,1772024098.548339,30512,10,1
1,NewOrder,1772024098.549679,19355,7,1
2,Payment,1772024098.550424,19698,14,1
2,Payment,1772024098.551398,16625,0,1
1,NewOrder,1772024098.552227,17131,21,1
1,NewOrder,1772024098.552973,17828,3,1
2,Payment,1772024098.554614,33186,9,1
2,Payment,1772024098.555208,9964,18,1
2,Payment,1772024098.555951,13167,19,1
2,Payment,1772024098.558176,42489,12,1
1,NewOrder,1772024098.558338,10229,20,1
1,NewOrder,1772024098.558682,14784,5,1
4,Delivery,1772024098.558907,43801,2,1
2,Payment,1772024098.562232,34380,6,1
1,NewOrder,1772024098.562624,19910,23,1
2,Payment,1772024098.562671,11461,1,1
2,Payment,1772024098.563999,42541,15,1
2,Payment,1772024098.564636,40908,11,1
1,NewOrder,1772024098.565136,19122,17,1
3,OrderStatus,1772024098.565185,5375,18,1
2,Payment,1772024098.568031,15368,0,1
2,Payment,1772024098.568593,6607,20,1
1,NewOrder,1772024098.569044,27885,7,1
3,OrderStatus,1772024098.569093,6220,4,1
1,NewOrder,1772024098.569127,27828,19,1
1,NewOrder,1772024098.569363,20429,21,1
2,Payment,1772024098.569755,46112,8,1
2,Payment,1772024098.570133,46140,14,1
2,Payment,1772024098.570566,13246,18,1
1,NewOrder,1772024098.570814,12131,3,1
1,NewOrder,1772024098.573477,27138,5,1
1,NewOrder,1772024098.574144,28405,1,1
4,Delivery,1772024098.574644,35428,22,1
1,NewOrder,1772024098.575205,24599,20,1
1,NewOrder,1772024098.575318,26862,4,1
5,StockLevel,1772024098.578856,27418,10,1
2,Payment,1772024098.582543,5669,23,1
2,Payment,1772024098.582951,5224,3,1
1,NewOrder,1772024098.583409,55410,0,1
1,NewOrder,1772024098.583478,21735,16,1
1,NewOrder,1772024098.583817,45431,18,1
2,Payment,1772024098.584261,37410,17,1
1,NewOrder,1772024098.587809,23538,9,1
2,Payment,1772024098.588181,4734,3,1
2,Payment,1772024098.588223,4331,23,1
1,NewOrder,1772024098.589803,33879,21,1
5,StockLevel,1772024098.590200,20168,13,1
2,Payment,1772024098.592574,6378,23,1
4,Delivery,1772024098.592922,9994,3,1
2,Payment,1772024098.596620,22287,6,1
2,Payment,1772024098.596953,26317,7,1
2,Payment,1772024098.596973,9708,19,1
1,NewOrder,1772024098.598959,50285,23,1
1,NewOrder,1772024098.599811,10699,20,1
1,NewOrder,1772024098.600618,12114,5,1
3,OrderStatus,1772024098.600676,6301,12,1
2,Payment,1772024098.602188,3847,4,1
2,Payment,1772024098.602554,15074,1,1
2,Payment,1772024098.602717,22060,2,1
3,OrderStatus,1772024098.602923,6725,3,1
2,Payment,1772024098.605222,23554,16,1
1,NewOrder,1772024098.605548,39213,11,1
1,NewOrder,1772024098.606044,27561,4,1
2,Payment,1772024098.606282,22933,10,1
1,NewOrder,1772024098.606546,39009,15,1
2,Payment,1772024098.606688,13389,19,1
1,NewOrder,1772024098.606985,8473,12,1
2,Payment,1772024098.609654,28163,3,1
1,NewOrder,1772024098.610079,39149,22,1
1,NewOrder,1772024098.610372,38955,13,1
2,Payment,1772024098.610512,12262,20,1
2,Payment,1772024098.611352,23614,9,1
2,Payment,1772024098.612740,16433,5,1
2,Payment,1772024098.615467,2598,12,1
2,Payment,1772024098.615875,26493,8,1
4,Delivery,1772024098.616281,32936,14,1
3,OrderStatus,1772024098.617634,10738,1,1
4,Delivery,1772024098.618076,31543,12,1
1,NewOrder,1772024098.618915,44483,6,1
1,NewOrder,1772024098.620084,67144,19,1
1,NewOrder,1772024098.621682,65105,17,1
2,Payment,1772024098.622783,4857,20,1
2,Payment,1772024098.623276,25855,7,1
1,NewOrder,1772024098.623688,32072,21,1
1,NewOrder,1772024098.624786,17082,2,1
1,NewOrder,1772024098.627646,18374,20,1
1,NewOrder,1772024098.628379,22877,1,1
2,Payment,1772024098.628784,9644,16,1
1,NewOrder,1772024098.629181,58565,5,1
1,NewOrder,1772024098.629223,35351,10,1
1,NewOrder,1772024098.629257,39385,18,1
2,Payment,1772024098.633613,13131,4,1
2,Payment,1772024098.634975,24929,9,1
2,Payment,1772024098.637825,18703,3,1
1,NewOrder,1772024098.638435,48901,16,1
2,Payment,1772024098.638827,31016,0,1
1,NewOrder,1772024098.641877,11535,2,1
2,Payment,1772024098.642375,27830,8,1
1,NewOrder,1772024098.644767,11658,11,1
1,NewOrder,1772024098.645564,10911,15,1
5,StockLevel,1772024098.646026,14644,20,1
2,Payment,1772024098.646749,31509,4,1
1,NewOrder,1772024098.649138,38229,7,1
2,Payment,1772024098.649220,29603,14,1
1,NewOrder,1772024098.649237,46233,22,1
1,NewOrder,1772024098.649258,38584,23,1
2,Payment,1772024098.649338,13297,13,1
1,NewOrder,1772024098.649625,18197,12,1
2,Payment,1772024098.651266,37155,1,1
2,Payment,1772024098.653431,39576,2,1
2,Payment,1772024098.655784,16033,21,1
3,OrderStatus,1772024098.656449,14694,11,1
1,NewOrder,1772024098.656489,36410,15,1
1,NewOrder,1772024098.656555,35241,3,1
1,NewOrder,1772024098.659929,33799,9,1
2,Payment,1772024098.660680,19281,20,1
2,Payment,1772024098.662662,26303,13,1
4,Delivery,1772024098.663409,26440,6,1
2,Payment,1772024098.664584,15864,10,1
2,Payment,1772024098.667831,28766,12,1
4,Delivery,1772024098.668653,23971,18,1
1,NewOrder,1772024098.669853,22627,0,1
2,Payment,1772024098.670224,18694,8,1
1,NewOrder,1772024098.671152,46667,11,1
2,Payment,1772024098.671827,15961,21,1
2,Payment,1772024098.678283,40501,4,1
2,Payment,1772024098.678827,29975,14,1
1,NewOrder,1772024098.679969,21979,20,1
2,Payment,1772024098.680457,19776,10,1
2,Payment,1772024098.686813,31374,17,1
1,NewOrder,1772024098.687249,29396,19,1
2,Payment,1772024098.687362,36479,16,1
2,Payment,1772024098.687393,21439,7,1
2,Payment,1772024098.687769,21035,5,1
5,StockLevel,1772024098.687813,28744,21,1
2,Payment,1772024098.687867,5846,23,1
2,Payment,1772024098.688431,34233,1,1
2,Payment,1772024098.688921,28930,8,1
1,NewOrder,1772024098.688975,29176,13,1
1,NewOrder,1772024098.689862,30685,6,1
1,NewOrder,1772024098.691821,28329,3,1
1,NewOrder,1772024098.692486,11849,0,1
2,Payment,1772024098.692642,15071,18,1
4,Delivery,1772024098.692924,44514,15,1
1,NewOrder,1772024098.693032,9618,2,1
1,NewOrder,1772024098.693750,15541,23,1
1,NewOrder,1772024098.693752,17057,9,1
4,Delivery,1772024098.695483,13216,22,1
2,Payment,1772024098.696614,31763,12,1
5,StockLevel,1772024098.700242,23254,10,1
2,Payment,1772024098.701958,16313,20,1
2,Payment,1772024098.702667,26233,2,1
2,Payment,1772024098.704341,33036,0,1
1,NewOrder,1772024098.707720,22856,18,1
2,Payment,1772024098.708705,15596,22,1
4,Delivery,1772024098.708814,29025,14,1
1,NewOrder,1772024098.708816,9460,5,1
1,NewOrder,1772024098.708841,20026,7,1
1,NewOrder,1772024098.709302,8570,23,1
1,NewOrder,1772024098.710819,7483,9,1
4,Delivery,1772024098.716582,22612,21,1
2,Payment,1772024098.716662,13548,19,1
1,NewOrder,1772024098.717834,23982,11,1
2,Payment,1772024098.717863,5159,8,1
5,StockLevel,1772024098.717888,17642,23,1
5,StockLevel,1772024098.718177,18876,13,1
4,Delivery,1772024098.718211,19709,17,1
2,Payment,1772024098.718299,18663,20,1
2,Payment,1772024098.718303,30362,5,1
1,NewOrder,1772024098.718311,28325,9,1
2,Payment,1772024098.718789,36535,4,1
1,NewOrder,1772024098.720156,17251,3,1
2,Payment,1772024098.720552,8781,6,1
2,Payment,1772024098.722681,42213,1,1
2,Payment,1772024098.723025,12778,8,1
2,Payment,1772024098.723509,23009,10,1
1,NewOrder,1772024098.723854,23478,16,1
1,NewOrder,1772024098.724311,32610,22,1
1,NewOrder,1772024098.728396,30160,12,1
2,Payment,1772024098.728876,26079,7,1
1,NewOrder,1772024098.728910,25234,2,1
3,OrderStatus,1772024098.729338,10265,6,1
1,NewOrder,1772024098.730235,34387,19,1
1,NewOrder,1772024098.730587,13191,18,1
1,NewOrder,1772024098.735540,31996,23,1
2,Payment,1772024098.735813,28800,8,1
5,StockLevel,1772024098.736987,18159,20,1
2,Payment,1772024098.737078,8824,13,1
1,NewOrder,1772024098.737402,21127,0,1
1,NewOrder,1772024098.737419,33869,3,1
4,Delivery,1772024098.737463,27538,15,1
1,NewOrder,1772024098.737847,25097,14,1
2,Payment,1772024098.737928,20034,17,1
2,Payment,1772024098.739203,7329,21,1
1,NewOrder,1772024098.739606,24871,6,1
1,NewOrder,1772024098.741835,12659,11,1
2,Payment,1772024098.743793,8381,18,1
2,Payment,1772024098.745913,24867,13,1
1,NewOrder,1772024098.746524,18014,10,1
1,NewOrder,1772024098.746542,18765,21,1
2,Payment,1772024098.746641,28620,9,1
2,Payment,1772024098.747359,26782,16,1
5,StockLevel,1772024098.748676,11952,5,1
2,Payment,1772024098.752184,6403,18,1
2,Payment,1772024098.754154,13646,2,1
1,NewOrder,1772024098.754498,23601,11,1
1,NewOrder,1772024098.754971,21923,7,1
2,Payment,1772024098.755156,13624,20,1
1,NewOrder,1772024098.755333,26351,4,1
2,Payment,1772024098.756927,18140,22,1
2,Payment,1772024098.757969,28621,17,1
1,NewOrder,1772024098.758539,12235,0,1
2,Payment,1772024098.758567,20712,12,1
2,Payment,1772024098.758591,23462,18,1
2,Payment,1772024098.760642,9357,5,1
1,NewOrder,1772024098.762954,4832,14,1
2,Payment,1772024098.764487,16293,6,1
1,NewOrder,1772024098.764546,24451,10,1
1,NewOrder,1772024098.764617,25601,8,1
3,OrderStatus,1772024098.764632,11538,19,1
5,StockLevel,1772024098.764906,15824,1,1
2,Payment,1772024098.765015,30249,15,1
1,NewOrder,1772024098.765322,5059,21,1
2,Payment,1772024098.767561,22030,23,1
2,Payment,1772024098.767792,31151,14,1
2,Payment,1772024098.767805,4323,2,1
1,NewOrder,1772024098.768803,19355,20,1
2,Payment,1772024098.770006,5803,5,1
2,Payment,1772024098.770385,26775,21,1
5,StockLevel,1772024098.770783,9489,0,1
5,StockLevel,1772024098.770795,14367,13,1
2,Payment,1772024098.771299,10023,3,1
1,NewOrder,1772024098.772133,31371,2,1
2,Payment,1772024098.774148,31470,16,1
2,Payment,1772024098.775082,28769,22,1
5,StockLevel,1772024098.775286,20671,9,1
1,NewOrder,1772024098.775834,19801,5,1
1,NewOrder,1772024098.776175,12749,19,1
2,Payment,1772024098.776902,11622,7,1
2,Payment,1772024098.778124,21620,11,1
1,NewOrder,1772024098.779289,29627,12,1
1,NewOrder,1772024098.780297,29115,0,1
1,NewOrder,1772024098.780753,13901,1,1
1,NewOrder,1772024098.780806,20844,6,1
5,StockLevel,1772024098.781347,22116,3,1
1,NewOrder,1772024098.781694,29843,4,1
2,Payment,1772024098.782058,42514,18,1
2,Payment,1772024098.785179,31361,13,1
1,NewOrder,1772024098.786603,28148,17,1
2,Payment,1772024098.788178,44684,20,1
1,NewOrder,1772024098.788550,50148,7,1
2,Payment,1772024098.788948,21542,19,1
2,Payment,1772024098.789002,14224,10,1
2,Payment,1772024098.789613,48222,23,1
1,NewOrder,1772024098.790244,21583,8,1
1,NewOrder,1772024098.794664,8092,1,1
2,Payment,1772024098.795301,32509,15,1
2,Payment,1772024098.795641,5145,5,1
1,NewOrder,1772024098.795964,18203,9,1
1,NewOrder,1772024098.797169,13881,21,1
2,Payment,1772024098.798966,37088,14,1
1,NewOrder,1772024098.799759,60329,11,1
2,Payment,1772024098.800797,7051,5,1
2,Payment,1772024098.801674,9431,6,1
2,Payment,1772024098.802770,10208,1,1
1,NewOrder,1772024098.803253,14195,10,1
1,NewOrder,1772024098.803479,29700,3,1
2,Payment,1772024098.803516,19810,2,1
1,NewOrder,1772024098.803855,35882,22,1
3,OrderStatus,1772024098.805627,14066,16,1
3,OrderStatus,1772024098.807858,10632,5,1
1,NewOrder,1772024098.808940,14890,12,1
2,Payment,1772024098.809437,24324,0,1
2,Payment,1772024098.810515,30814,19,1
1,NewOrder,1772024098.811075,10180,21,1
1,NewOrder,1772024098.811131,32432,6,1
2,Payment,1772024098.811547,26218,4,1
5,StockLevel,1772024098.811832,7686,8,1
1,NewOrder,1772024098.813004,28975,1,1
1,NewOrder,1772024098.814174,7472,9,1
1,NewOrder,1772024098.814757,9000,17,1
1,NewOrder,1772024098.816548,47707,13,1
4,Delivery,1772024098.817476,20317,10,1
1,NewOrder,1772024098.818494,48900,5,1
1,NewOrder,1772024098.819535,8692,8,1
2,Payment,1772024098.819708,24717,16,1
4,Delivery,1772024098.821280,46501,21,1
2,Payment,1772024098.821662,15707,9,1
1,NewOrder,1772024098.823351,8795,2,1
1,NewOrder,1772024098.823768,37730,17,1
1,NewOrder,1772024098.823841,30538,12,1
2,Payment,1772024098.824581,22684,18,1
2,Payment,1772024098.827820,27457,15,1
2,Payment,1772024098.828236,13231,8,1
5,StockLevel,1772024098.832171,7489,2,1
1,NewOrder,1772024098.832888,34542,20,1
2,Payment,1772024098.833204,8804,3,1
2,Payment,1772024098.833768,14041,0,1
2,Payment,1772024098.836065,29613,14,1
1,NewOrder,1772024098.837379,36275,9,1
1,NewOrder,1772024098.837775,25954,4,1
2,Payment,1772024098.837803,9895,10,1
2,Payment,1772024098.837845,15168,23,1
5,StockLevel,1772024098.838702,18142,7,1
1,NewOrder,1772024098.839670,22237,2,1
2,Payment,1772024098.839741,17944,22,1
1,NewOrder,1772024098.841333,19697,19,1
5,StockLevel,1772024098.841477,7714,8,1
2,Payment,1772024098.841990,10636,1,1
4,Delivery,1772024098.842013,25715,3,1
3,OrderStatus,1772024098.843572,7108,6,1
5,StockLevel,1772024098.844430,23959,16,1
2,Payment,1772024098.847289,15105,18,1
4,Delivery,1772024098.847725,65831,10,1
1,NewOrder,1772024098.847819,15036,0,1
1,NewOrder,1772024098.849214,37148,8,1
1,NewOrder,1772024098.850690,37732,6,1
1,NewOrder,1772024098.852635,12241,1,1
2,Payment,1772024098.853024,19521,23,1
2,Payment,1772024098.854384,35163,12,1
2,Payment,1772024098.855284,18221,15,1
2,Payment,1772024098.856854,9602,7,1
2,Payment,1772024098.857691,28720,22,1
4,Delivery,1772024098.860098,54061,11,1
2,Payment,1772024098.861040,31697,19,1
2,Payment,1772024098.861522,32263,17,1
4,Delivery,1772024098.861916,6966,2,1
2,Payment,1772024098.862404,36922,18,1
1,NewOrder,1772024098.862865,7497,0,1
2,Payment,1772024098.863739,3192,4,1
1,NewOrder,1772024098.864264,11232,13,1
1,NewOrder,1772024098.864886,6022,1,1
2,Payment,1772024098.865684,44085,14,1
2,Payment,1772024098.866465,8260,7,1
1,NewOrder,1772024098.866941,9813,4,1
3,OrderStatus,1772024098.867405,8750,5,1
1,NewOrder,1772024098.867440,30852,20,1
1,NewOrder,1772024098.867737,5355,3,1
1,NewOrder,1772024098.867803,8585,21,1
3,OrderStatus,1772024098.868394,6835,16,1
2,Payment,1772024098.868890,11863,2,1
2,Payment,1772024098.870371,20299,0,1
2,Payment,1772024098.870935,22888,1,1
1,NewOrder,1772024098.872555,20522,23,1
1,NewOrder,1772024098.873102,24229,3,1
1,NewOrder,1772024098.873516,38320,15,1
4,Delivery,1772024098.873678,40360,9,1
2,Payment,1772024098.874739,11793,7,1
1,NewOrder,1772024098.875251,26704,16,1
1,NewOrder,1772024098.875514,12538,13,1
1,NewOrder,1772024098.876164,14118,5,1
1,NewOrder,1772024098.876398,23906,21,1
1,NewOrder,1772024098.876770,24056,4,1
3,OrderStatus,1772024098.880778,7242,2,1
2,Payment,1772024098.886372,7115,8,1
4,Delivery,1772024098.886420,19656,22,1
1,NewOrder,1772024098.886537,13366,7,1
2,Payment,1772024098.888025,16269,2,1
2,Payment,1772024098.888058,16827,13,1
2,Payment,1772024098.888444,9504,6,1
2,Payment,1772024098.889557,25493,12,1
2,Payment,1772024098.890304,27940,5,1
2,Payment,1772024098.890682,18340,0,1
2,Payment,1772024098.892750,13758,19,1
1,NewOrder,1772024098.893084,16961,23,1
2,Payment,1772024098.893497,13051,8,1
1,NewOrder,1772024098.893794,23783,17,1
1,NewOrder,1772024098.893830,24356,1,1
2,Payment,1772024098.897340,28047,3,1
2,Payment,1772024098.897956,18215,6,1
1,NewOrder,1772024098.898302,17206,20,1
5,StockLevel,1772024098.899337,14346,18,1
2,Payment,1772024098.899909,26551,7,1
2,Payment,1772024098.900308,16236,21,1
5,StockLevel,1772024098.900835,2207,4,1
2,Payment,1772024098.901964,19649,16,1
1,NewOrder,1772024098.903048,13529,4,1
1,NewOrder,1772024098.904304,15118,2,1
2,Payment,1772024098.904895,26138,13,1
2,Payment,1772024098.906082,14611,22,1
1,NewOrder,1772024098.906519,19614,19,1
2,Payment,1772024098.906554,22876,8,1
2,Payment,1772024098.909028,18901,0,1
1,NewOrder,1772024098.909782,29284,14,1
1,NewOrder,1772024098.910051,41294,23,1
1,NewOrder,1772024098.911841,8508,15,1
2,Payment,1772024098.913580,18134,10,1
2,Payment,1772024098.913709,13942,18,1
1,NewOrder,1772024098.914046,11707,9,1
2,Payment,1772024098.914167,20251,11,1
2,Payment,1772024098.915055,24523,12,1
2,Payment,1772024098.915521,44141,20,1
1,NewOrder,1772024098.916197,9657,6,1
5,StockLevel,1772024098.916568,22312,21,1
2,Payment,1772024098.916601,22402,4,1
2,Payment,1772024098.917584,16008,17,1
2,Payment,1772024098.918195,32689,1,1
1,NewOrder,1772024098.918254,45741,5,1
1,NewOrder,1772024098.919430,26029,2,1
1,NewOrder,1772024098.920359,41966,15,1
2,Payment,1772024098.920699,14859,22,1
2,Payment,1772024098.921622,26852,16,1
5,StockLevel,1772024098.925396,15247,3,1
1,NewOrder,1772024098.925763,8254,9,1
2,Payment,1772024098.925861,13468,6,1
2,Payment,1772024098.926143,18950,19,1
1,NewOrder,1772024098.926469,11991,7,1
3,OrderStatus,1772024098.927661,10841,18,1
1,NewOrder,1772024098.927934,20961,0,1
2,Payment,1772024098.929437,19526,8,1
2,Payment,1772024098.931037,29360,13,1
2,Payment,1772024098.931723,30043,10,1
1,NewOrder,1772024098.933600,26892,17,1
1,NewOrder,1772024098.934021,46520,9,1
1,NewOrder,1772024098.934429,50354,11,1
1,NewOrder,1772024098.935562,56376,22,1
1,NewOrder,1772024098.938465,63875,7,1
1,NewOrder,1772024098.938512,14213,18,1
2,Payment,1772024098.938886,23246,21,1
5,StockLevel,1772024098.939013,26600,4,1
1,NewOrder,1772024098.939074,46518,14,1
1,NewOrder,1772024098.939338,44809,6,1
1,NewOrder,1772024098.939582,43250,12,1
1,NewOrder,1772024098.940649,13199,3,1
1,NewOrder,1772024098.945097,44191,19,1
2,Payment,1772024098.945470,7952,2,1
2,Payment,1772024098.948480,21533,16,1
1,NewOrder,1772024098.948904,49101,0,1
1,NewOrder,1772024098.948967,37605,8,1
2,Payment,1772024098.950890,5130,1,1
2,Payment,1772024098.951348,24975,23,1
2,Payment,1772024098.952734,27373,18,1
2,Payment,1772024098.953431,4579,2,1
1,NewOrder,1772024098.953854,11134,3,1
2,Payment,1772024098.956030,6202,1,1
3,OrderStatus,1772024098.958020,2661,2,1
2,Payment,1772024098.959671,14138,20,1
2,Payment,1772024098.960404,31993,13,1
2,Payment,1772024098.960497,21489,17,1
2,Payment,1772024098.960690,3869,2,1
2,Payment,1772024098.961782,14002,10,1
1,NewOrder,1772024098.962156,47511,21,1
5,StockLevel,1772024098.962270,27701,1,1
1,NewOrder,1772024098.962335,40016,15,1
1,NewOrder,1772024098.964002,39514,5,1
1,NewOrder,1772024098.964568,11863,2,1
2,Payment,1772024098.964996,1780,3,1
2,Payment,1772024098.965622,13817,4,1
1,NewOrder,1772024098.966781,43267,3,1
2,Payment,1772024098.970041,31306,16,1
1,NewOrder,1772024098.973832,38653,20,1
1,NewOrder,1772024098.975820,23957,10,1
3,OrderStatus,1772024098.976345,2532,23,1
1,NewOrder,1772024098.976456,15981,2,1
2,Payment,1772024098.978886,3909,23,1
2,Payment,1772024098.979448,19180,4,1
1,NewOrder,1772024098.980129,18465,18,1
1,NewOrder,1772024098.980552,42683,9,1
4,Delivery,1772024098.981996,83758,17,1
2,Payment,1772024098.982819,3229,23,1
5,StockLevel,1772024098.982858,15680,12,1
3,OrderStatus,1772024098.984157,9071,6,1
2,Payment,1772024098.984795,10764,11,1
2,Payment,1772024098.985600,24821,14,1
2,Payment,1772024098.986054,3570,23,1
1,NewOrder,1772024098.986589,32286,8,1
2,Payment,1772024098.989296,10424,19,1
2,Payment,1772024098.989632,3272,23,1
2,Payment,1772024098.989975,20845,1,1
5,StockLevel,1772024098.991962,20476,22,1
2,Payment,1772024098.992421,23162,13,1
1,NewOrder,1772024098.992461,38027,2,1
2,Payment,1772024098.992909,16095,23,1
2,Payment,1772024098.993240,8581,6,1
5,StockLevel,1772024098.995570,8631,11,1
1,NewOrder,1772024098.998030,8378,0,1
1,NewOrder,1772024098.998563,33580,12,1
2,Payment,1772024098.998619,14256,18,1
4,Delivery,1772024098.998653,68109,4,1
2,Payment,1772024098.999736,18809,19,1
1,NewOrder,1772024098.999783,42371,10,1
2,Payment,1772024099.001374,17580,16,1
3,OrderStatus,1772024099.001826,10541,6,1
1,NewOrder,1772024099.002365,20790,7,1
2,Payment,1772024099.002377,22716,15,1
4,Delivery,1772024099.003526,63870,5,1
1,NewOrder,1772024099.004207,33774,11,1
5,StockLevel,1772024099.006433,2561,0,1
2,Payment,1772024099.009007,4323,0,1
2,Payment,1772024099.009014,15212,23,1
2,Payment,1772024099.009694,24901,21,1
2,Payment,1772024099.010069,7595,3,1
2,Payment,1772024099.010434,22668,14,1
1,NewOrder,1772024099.010832,25467,1,1
2,Payment,1772024099.012377,7869,6,1
1,NewOrder,1772024099.012449,31225,22,1
3,OrderStatus,1772024099.012495,7401,20,1
4,Delivery,1772024099.012881,9332,18,1
2,Payment,1772024099.013339,7830,0,1
3,OrderStatus,1772024099.015606,4772,13,1
2,Payment,1772024099.017672,11004,3,1
1,NewOrder,1772024099.018554,33346,19,1
2,Payment,1772024099.018887,9160,8,1
2,Payment,1772024099.018964,22713,16,1
2,Payment,1772024099.019918,19291,20,1
2,Payment,1772024099.020251,13895,6,1
4,Delivery,1772024099.020383,45802,13,1
2,Payment,1772024099.021176,12523,0,1
2,Payment,1772024099.022237,21526,18,1
1,NewOrder,1772024099.023163,43910,7,1
1,NewOrder,1772024099.023240,30258,9,1
3,OrderStatus,1772024099.024250,6711,23,1
2,Payment,1772024099.025103,26294,15,1
2,Payment,1772024099.028057,10689,8,1
1,NewOrder,1772024099.028684,17299,3,1
5,StockLevel,1772024099.030506,14526,2,1
1,NewOrder,1772024099.030970,33063,23,1
1,NewOrder,1772024099.032152,39343,12,1
1,NewOrder,1772024099.033123,30172,14,1
5,StockLevel,1772024099.033710,11208,0,1
2,Payment,1772024099.034165,8868,6,1
2,Payment,1772024099.034605,17168,21,1
1,NewOrder,1772024099.036324,22920,1,1
1,NewOrder,1772024099.037990,17707,11,1
2,Payment,1772024099.038770,9344,8,1
2,Payment,1772024099.039219,19562,20,1
2,Payment,1772024099.041694,16608,16,1
2,Payment,1772024099.042166,14259,10,1
1,NewOrder,1772024099.043038,49479,6,1
2,Payment,1772024099.043698,21635,22,1
3,OrderStatus,1772024099.043788,8665,18,1
1,NewOrder,1772024099.044923,16475,0,1
2,Payment,1772024099.045041,9043,2,1
1,NewOrder,1772024099.046008,15783,3,1
2,Payment,1772024099.048129,11028,8,1
2,Payment,1772024099.051407,13221,15,1
1,NewOrder,1772024099.051783,20129,21,1
3,OrderStatus,1772024099.051906,3711,19,1
2,Payment,1772024099.052461,30093,18,1
1,NewOrder,1772024099.053507,47112,9,1
2,Payment,1772024099.054089,7736,2,1
2,Payment,1772024099.055648,13871,19,1
2,Payment,1772024099.055722,6139,11,1
2,Payment,1772024099.056441,8148,10,1
2,Payment,1772024099.058317,12162,16,1
1,NewOrder,1772024099.058791,22400,20,1
2,Payment,1772024099.059163,9672,8,1
2,Payment,1772024099.059253,4861,1,1
2,Payment,1772024099.061429,14682,0,1
2,Payment,1772024099.061801,9070,3,1
2,Payment,1772024099.061836,21079,2,1
2,Payment,1772024099.061866,14795,11,1
2,Payment,1772024099.063318,17484,14,1
2,Payment,1772024099.064042,27799,23,1
1,NewOrder,1772024099.064119,17992,1,1
2,Payment,1772024099.064602,22829,10,1
2,Payment,1772024099.064637,26512,15,1
4,Delivery,1772024099.065373,30845,22,1
1,NewOrder,1772024099.065779,17700,17,1
1,NewOrder,1772024099.066193,34769,13,1
2,Payment,1772024099.066786,24926,4,1
4,Delivery,1772024099.067087,16829,7,1
2,Payment,1772024099.067416,29676,5,1
1,NewOrder,1772024099.068843,20222,8,1
5,StockLevel,1772024099.069540,16595,19,1
4,Delivery,1772024099.070504,7748,16,1
2,Payment,1772024099.070910,35433,3,1
4,Delivery,1772024099.071511,6347,12,1
2,Payment,1772024099.071937,31384,21,1
1,NewOrder,1772024099.076136,25910,0,1
1,NewOrder,1772024099.076675,21020,11,1
2,Payment,1772024099.077875,19807,12,1
5,StockLevel,1772024099.078258,11145,16,1
1,NewOrder,1772024099.080811,35048,14,1
2,Payment,1772024099.081203,34150,20,1
1,NewOrder,1772024099.082117,21848,1,1
1,NewOrder,1772024099.082563,22381,18,1
5,StockLevel,1772024099.082933,18214,2,1
1,NewOrder,1772024099.083490,9478,17,1
1,NewOrder,1772024099.083941,19205,7,1
1,NewOrder,1772024099.086159,23441,19,1
1,NewOrder,1772024099.087457,19683,10,1
5,StockLevel,1772024099.089087,13883,8,1
4,Delivery,1772024099.089420,67053,16,1
2,Payment,1772024099.091172,17797,15,1
1,NewOrder,1772024099.091737,38514,4,1
4,Delivery,1772024099.091866,4772,23,1
1,NewOrder,1772024099.092522,14184,6,1
2,Payment,1772024099.092978,22872,17,1
2,Payment,1772024099.096242,23728,22,1
1,NewOrder,1772024099.096659,39283,23,1
1,NewOrder,1772024099.097102,21057,5,1
1,NewOrder,1772024099.097692,28700,12,1
2,Payment,1772024099.097706,10494,11,1
1,NewOrder,1772024099.100630,9995,9,1
1,NewOrder,1772024099.100972,38808,13,1
2,Payment,1772024099.101156,16961,2,1
1,NewOrder,1772024099.102053,42485,0,1
2,Payment,1772024099.102986,16305,8,1
2,Payment,1772024099.103151,25270,7,1
3,OrderStatus,1772024099.103346,14345,21,1
1,NewOrder,1772024099.103981,41607,1,1
1,NewOrder,1772024099.104956,31418,18,1
1,NewOrder,1772024099.106367,28533,3,1
4,Delivery,1772024099.106720,3466,6,1
2,Payment,1772024099.107143,44390,10,1
2,Payment,1772024099.108209,24991,11,1
1,NewOrder,1772024099.108997,42671,15,1
1,NewOrder,1772024099.109603,6246,19,1
5,StockLevel,1772024099.110196,2371,6,1
2,Payment,1772024099.110650,20033,9,1
2,Payment,1772024099.112577,31439,6,1
1,NewOrder,1772024099.115362,30684,20,1
2,Payment,1772024099.115855,6498,19,1
1,NewOrder,1772024099.115860,13211,17,1
2,Payment,1772024099.115870,2221,14,1
1,NewOrder,1772024099.117704,21479,21,1
1,NewOrder,1772024099.118102,10942,14,1
2,Payment,1772024099.118130,3118,2,1
2,Payment,1772024099.118170,6308,5,1
2,Payment,1772024099.119298,20905,8,1
1,NewOrder,1772024099.119976,34545,22,1
2,Payment,1772024099.121255,6166,2,1
1,NewOrder,1772024099.122366,8925,19,1
2,Payment,1772024099.124506,6210,5,1
2,Payment,1772024099.126401,9084,12,1
2,Payment,1772024099.127432,5407,2,1
1,NewOrder,1772024099.128423,29371,7,1
2,Payment,1772024099.129059,15513,14,1
2,Payment,1772024099.129080,23682,17,1
2,Payment,1772024099.130260,11997,4,1
2,Payment,1772024099.130689,27937,9,1
2,Payment,1772024099.130726,5676,5,1
2,Payment,1772024099.131306,1853,19,1
2,Payment,1772024099.132864,18209,2,1
3,OrderStatus,1772024099.133174,2662,19,1
2,Payment,1772024099.133224,32664,11,1
2,Payment,1772024099.134914,20696,3,1
1,NewOrder,1772024099.135510,15948,12,1
1,NewOrder,1772024099.135852,15777,19,1
2,Payment,1772024099.135966,5756,23,1
4,Delivery,1772024099.136380,15163,18,1
2,Payment,1772024099.136414,24023,5,1
2,Payment,1772024099.139197,7360,21,1
1,NewOrder,1772024099.139812,21074,13,1
5,StockLevel,1772024099.140211,15295,8,1
2,Payment,1772024099.141746,9875,23,1
1,NewOrder,1772024099.142268,26477,4,1
1,NewOrder,1772024099.144040,19111,6,1
2,Payment,1772024099.144548,25465,0,1
5,StockLevel,1772024099.144582,16256,14,1
1,NewOrder,1772024099.145601,21889,1,1
2,Payment,1772024099.146071,13914,20,1
1,NewOrder,1772024099.146566,24354,21,1
1,NewOrder,1772024099.151083,18418,2,1
2,Payment,1772024099.151469,5535,12,1
1,NewOrder,1772024099.151537,36824,10,1
2,Payment,1772024099.151552,23279,18,1
2,Payment,1772024099.151631,13753,23,1
2,Payment,1772024099.151638,28639,19,1
2,Payment,1772024099.151678,18335,15,1
3,OrderStatus,1772024099.152771,5731,17,1
2,Payment,1772024099.154545,37313,22,1
1,NewOrder,1772024099.155527,18689,8,1
2,Payment,1772024099.155635,24315,3,1
1,NewOrder,1772024099.156480,19194,16,1
2,Payment,1772024099.157013,18628,12,1
2,Payment,1772024099.157804,13769,7,1
2,Payment,1772024099.158511,27571,17,1
2,Payment,1772024099.158631,21681,9,1
1,NewOrder,1772024099.159993,32543,20,1
1,NewOrder,1772024099.160465,37734,5,1
1,NewOrder,1772024099.160848,16548,14,1
2,Payment,1772024099.160892,30470,13,1
1,NewOrder,1772024099.163175,13908,6,1
1,NewOrder,1772024099.165394,20699,23,1
2,Payment,1772024099.165902,22907,11,1
1,NewOrder,1772024099.167514,14421,1,1
5,StockLevel,1772024099.168755,16086,4,1
2,Payment,1772024099.169526,19320,2,1
2,Payment,1772024099.170018,27836,15,1
2,Payment,1772024099.170023,23828,0,1
1,NewOrder,1772024099.170945,17990,21,1
1,NewOrder,1772024099.171598,24527,7,1
1,NewOrder,1772024099.174226,8052,8,1
2,Payment,1772024099.174859,22553,18,1
1,NewOrder,1772024099.175656,16422,12,1
2,Payment,1772024099.175694,31609,16,1
2,Payment,1772024099.177108,30922,6,1
1,NewOrder,1772024099.177421,8317,14,1
1,NewOrder,1772024099.179972,17359,3,1
2,Payment,1772024099.180284,26376,19,1
1,NewOrder,1772024099.180318,17855,9,1
1,NewOrder,1772024099.181944,11093,1,1
2,Payment,1772024099.182285,11171,8,1
2,Payment,1772024099.184851,16232,4,1
3,OrderStatus,1772024099.185748,2587,14,1
3,OrderStatus,1772024099.186108,4992,17,1
2,Payment,1772024099.186109,29130,23,1
5,StockLevel,1772024099.188358,8705,14,1
2,Payment,1772024099.188386,11386,10,1
1,NewOrder,1772024099.188834,10018,11,1
2,Payment,1772024099.188871,26190,2,1
2,Payment,1772024099.188945,34859,21,1
2,Payment,1772024099.191109,38256,17,1
2,Payment,1772024099.191371,29373,13,1
1,NewOrder,1772024099.191871,29292,22,1
1,NewOrder,1772024099.192103,37252,12,1
2,Payment,1772024099.192561,37330,20,1
1,NewOrder,1772024099.193048,28765,1,1
2,Payment,1772024099.193467,21192,8,1
2,Payment,1772024099.193882,35046,0,1
2,Payment,1772024099.196141,28118,7,1
1,NewOrder,1772024099.197087,25747,14,1
2,Payment,1772024099.197355,36603,3,1
1,NewOrder,1772024099.197439,42147,18,1
1,NewOrder,1772024099.197879,31503,15,1
2,Payment,1772024099.198177,31682,9,1
1,NewOrder,1772024099.198210,33192,5,1
2,Payment,1772024099.198862,38530,11,1
2,Payment,1772024099.199796,48501,10,1
3,OrderStatus,1772024099.201092,12139,4,1
1,NewOrder,1772024099.206681,26888,19,1
1,NewOrder,1772024099.207312,36065,16,1
1,NewOrder,1772024099.208039,22531,6,1
5,StockLevel,1772024099.213240,18490,4,1
2,Payment,1772024099.214683,43884,8,1
1,NewOrder,1772024099.215081,25807,2,1
2,Payment,1772024099.215264,21719,23,1
1,NewOrder,1772024099.220754,16518,13,1
2,Payment,1772024099.221189,28235,22,1
2,Payment,1772024099.221839,16162,1,1
3,OrderStatus,1772024099.222844,5495,14,1
2,Payment,1772024099.223814,32127,21,1
1,NewOrder,1772024099.224267,21658,7,1
2,Payment,1772024099.228347,6368,14,1
2,Payment,1772024099.228954,12865,0,1
1,NewOrder,1772024099.229379,49925,12,1
1,NewOrder,1772024099.229390,38843,17,1
1,NewOrder,1772024099.229400,71023,15,1
1,NewOrder,1772024099.229869,30831,9,1
1,NewOrder,1772024099.229897,27825,20,1
1,NewOrder,1772024099.230580,10690,6,1
2,Payment,1772024099.231430,22644,5,1
2,Payment,1772024099.231736,30813,4,1
1,NewOrder,1772024099.233573,28550,19,1
3,OrderStatus,1772024099.233965,4985,3,1
2,Payment,1772024099.234725,6531,14,1
2,Payment,1772024099.236993,22049,23,1
2,Payment,1772024099.237279,18759,13,1
1,NewOrder,1772024099.237402,38135,11,1
1,NewOrder,1772024099.238010,11850,1,1
5,StockLevel,1772024099.238960,8723,3,1
1,NewOrder,1772024099.239626,11928,18,1
2,Payment,1772024099.240918,30517,2,1
1,NewOrder,1772024099.241266,41733,14,1
1,NewOrder,1772024099.241276,23719,6,1
1,NewOrder,1772024099.241825,30114,0,1
5,StockLevel,1772024099.243388,21636,16,1
1,NewOrder,1772024099.245935,10093,7,1
2,Payment,1772024099.247692,30092,3,1
2,Payment,1772024099.248307,17086,10,1
2,Payment,1772024099.249443,13140,22,1
1,NewOrder,1772024099.249866,6085,1,1
2,Payment,1772024099.251570,15464,18,1
1,NewOrder,1772024099.254083,36203,5,1
2,Payment,1772024099.255955,17061,21,1
2,Payment,1772024099.255961,9457,1,1
2,Payment,1772024099.256036,15835,7,1
1,NewOrder,1772024099.256048,16580,13,1
1,NewOrder,1772024099.257732,19261,20,1
2,Payment,1772024099.258577,19197,8,1
5,StockLevel,1772024099.259045,8835,23,1
5,StockLevel,1772024099.260711,18104,9,1
3,OrderStatus,1772024099.262132,7159,19,1
2,Payment,1772024099.262559,27625,4,1
4,Delivery,1772024099.262608,79577,22,1
3,OrderStatus,1772024099.265019,5667,6,1
1,NewOrder,1772024099.265049,36893,16,1
2,Payment,1772024099.265418,18003,10,1
4,Delivery,1772024099.265430,15141,1,1
1,NewOrder,1772024099.267046,25112,18,1
1,NewOrder,1772024099.267889,21041,23,1
1,NewOrder,1772024099.268240,21997,17,1
1,NewOrder,1772024099.269314,53337,19,1
1,NewOrder,1772024099.270696,21850,6,1
1,NewOrder,1772024099.271440,23288,2,1
2,Payment,1772024099.271879,31578,7,1
1,NewOrder,1772024099.271964,45227,0,1
1,NewOrder,1772024099.272652,16248,13,1
2,Payment,1772024099.273026,9246,21,1
2,Payment,1772024099.275562,15716,11,1
2,Payment,1772024099.277019,12210,20,1
1,NewOrder,1772024099.277801,13878,8,1
2,Payment,1772024099.277804,24503,3,1
1,NewOrder,1772024099.278843,22423,9,1
4,Delivery,1772024099.279315,13218,12,1
5,StockLevel,1772024099.280596,10915,1,1
2,Payment,1772024099.282284,18963,21,1
2,Payment,1772024099.283003,10234,14,1
1,NewOrder,1772024099.283430,39083,10,1
1,NewOrder,1772024099.288917,39140,13,1
5,StockLevel,1772024099.288955,24242,23,1
1,NewOrder,1772024099.289247,15627,20,1
1,NewOrder,1772024099.290202,39776,4,1
1,NewOrder,1772024099.290247,33363,17,1
4,Delivery,1772024099.290311,81856,5,1
2,Payment,1772024099.291287,20918,11,1
1,NewOrder,1772024099.291529,10370,1,1
2,Payment,1772024099.291686,31984,8,1
5,StockLevel,1772024099.292183,3890,18,1
2,Payment,1772024099.292546,17992,12,1
2,Payment,1772024099.292572,36169,6,1
2,Payment,1772024099.293247,10168,14,1
2,Payment,1772024099.294737,15370,2,1
3,OrderStatus,1772024099.296082,945,18,1
1,NewOrder,1772024099.297032,6816,18,1
1,NewOrder,1772024099.300442,45213,15,1
2,Payment,1772024099.301258,8412,21,1
1,NewOrder,1772024099.301276,30802,9,1
1,NewOrder,1772024099.301904,64559,1,1
1,NewOrder,1772024099.301952,31798,16,1
1,NewOrder,1772024099.302313,20305,3,1
1,NewOrder,1772024099.303424,16180,14,1
2,Payment,1772024099.303483,46739,7,1
1,NewOrder,1772024099.303860,17285,18,1
1,NewOrder,1772024099.304888,9319,20,1
1,NewOrder,1772024099.309674,36448,21,1
3,OrderStatus,1772024099.310129,13424,2,1
2,Payment,1772024099.310548,10751,12,1
2,Payment,1772024099.312214,26357,11,1
1,NewOrder,1772024099.313220,39458,23,1
2,Payment,1772024099.314216,7052,20,1
1,NewOrder,1772024099.317200,20106,0,1
2,Payment,1772024099.319614,9079,14,1
1,NewOrder,1772024099.321152,9774,18,1
2,Payment,1772024099.321279,10780,20,1
2,Payment,1772024099.321309,20326,12,1
2,Payment,1772024099.322522,36458,10,1
1,NewOrder,1772024099.322630,12821,3,1
1,NewOrder,1772024099.322662,16476,19,1
1,NewOrder,1772024099.323572,49694,2,1
2,Payment,1772024099.323635,30735,17,1
1,NewOrder,1772024099.323696,18459,8,1
1,NewOrder,1772024099.328062,30810,13,1
2,Payment,1772024099.328701,33113,14,1
3,OrderStatus,1772024099.328751,10779,6,1
2,Payment,1772024099.330003,4860,4,1
1,NewOrder,1772024099.330934,15796,18,1
2,Payment,1772024099.332074,6457,20,1
1,NewOrder,1772024099.332089,27838,9,1
1,NewOrder,1772024099.333775,13583,16,1
1,NewOrder,1772024099.334878,12836,4,1
1,NewOrder,1772024099.335460,10636,3,1
3,OrderStatus,1772024099.337316,11712,0,1
2,Payment,1772024099.338543,16968,20,1
2,Payment,1772024099.338578,23284,11,1
2,Payment,1772024099.339145,3651,19,1
2,Payment,1772024099.339541,26043,6,1
1,NewOrder,1772024099.341644,29643,12,1
1,NewOrder,1772024099.342165,31545,8,1
1,NewOrder,1772024099.342195,31523,22,1
1,NewOrder,1772024099.342804,9500,19,1
2,Payment,1772024099.345665,20893,15,1
1,NewOrder,1772024099.346112,41467,3,1
1,NewOrder,1772024099.346136,25477,21,1
4,Delivery,1772024099.346746,19319,18,1
1,NewOrder,1772024099.347369,5335,16,1
1,NewOrder,1772024099.347739,11109,4,1
2,Payment,1772024099.349038,9406,0,1
2,Payment,1772024099.350229,22589,7,1
1,NewOrder,1772024099.352313,6507,19,1
1,NewOrder,1772024099.352682,22912,23,1
2,Payment,1772024099.352709,18024,16,1
2,Payment,1772024099.354383,23221,17,1
1,NewOrder,1772024099.355514,24297,20,1
1,NewOrder,1772024099.358478,27523,0,1
2,Payment,1772024099.358831,2647,19,1
4,Delivery,1772024099.358858,13743,4,1
2,Payment,1772024099.358878,24861,13,1
2,Payment,1772024099.358990,19496,10,1
1,NewOrder,1772024099.359937,22783,9,1
1,NewOrder,1772024099.361483,14140,19,1
2,Payment,1772024099.361840,32018,14,1
1,NewOrder,1772024099.361887,18538,11,1
1,NewOrder,1772024099.365607,20027,6,1
2,Payment,1772024099.366091,9216,18,1
5,StockLevel,1772024099.366474,16250,1,1
2,Payment,1772024099.366584,36906,15,1
2,Payment,1772024099.370757,41754,16,1
2,Payment,1772024099.371292,47151,12,1
2,Payment,1772024099.371624,10511,21,1
2,Payment,1772024099.372192,4728,5,1
1,NewOrder,1772024099.372623,36539,4,1
1,NewOrder,1772024099.372827,11939,7,1
1,NewOrder,1772024099.373273,15593,2,1
2,Payment,1772024099.373739,9522,8,1
1,NewOrder,1772024099.373746,20150,22,1
2,Payment,1772024099.375318,29917,18,1
2,Payment,1772024099.375600,36274,23,1
2,Payment,1772024099.375633,19981,19,1
5,StockLevel,1772024099.376930,16929,5,1
1,NewOrder,1772024099.377629,13186,17,1
2,Payment,1772024099.378495,14673,10,1
4,Delivery,1772024099.379825,59593,20,1
2,Payment,1772024099.380450,23196,11,1
1,NewOrder,1772024099.382146,28474,21,1
1,NewOrder,1772024099.382726,20901,9,1
4,Delivery,1772024099.382735,20216,1,1
5,StockLevel,1772024099.383267,19919,8,1
1,NewOrder,1772024099.383764,42268,13,1
2,Payment,1772024099.384813,24352,7,1
2,Payment,1772024099.385651,29304,6,1
5,StockLevel,1772024099.386015,4768,0,1
1,NewOrder,1772024099.387588,21802,3,1
2,Payment,1772024099.388891,2242,2,1
1,NewOrder,1772024099.390793,6112,0,1
1,NewOrder,1772024099.390826,5408,17,1
2,Payment,1772024099.391138,2698,2,1
1,NewOrder,1772024099.393178,27856,10,1
1,NewOrder,1772024099.393842,36663,2,1
1,NewOrder,1772024099.393868,31120,14,1
1,NewOrder,1772024099.393871,9726,5,1
1,NewOrder,1772024099.393905,29743,22,1
1,NewOrder,1772024099.395620,30404,19,1
1,NewOrder,1772024099.396259,4328,17,1
1,NewOrder,1772024099.396920,6645,0,1
2,Payment,1772024099.400604,6220,17,1
2,Payment,1772024099.402958,8462,1,1
1,NewOrder,1772024099.403194,29915,8,1
2,Payment,1772024099.403501,20525,15,1
3,OrderStatus,1772024099.403578,3280,0,1
3,OrderStatus,1772024099.403614,9027,5,1
2,Payment,1772024099.403652,18871,9,1
1,NewOrder,1772024099.403671,25646,11,1
2,Payment,1772024099.405241,12142,18,1
1,NewOrder,1772024099.406829,12365,17,1
1,NewOrder,1772024099.406866,19676,0,1
2,Payment,1772024099.409175,16428,4,1
2,Payment,1772024099.409184,17740,7,1
2,Payment,1772024099.409416,24449,3,1
2,Payment,1772024099.410627,15237,21,1
1,NewOrder,1772024099.411435,20595,1,1
2,Payment,1772024099.411889,22298,23,1
2,Payment,1772024099.412516,17454,16,1
3,OrderStatus,1772024099.412659,7580,5,1
1,NewOrder,1772024099.414965,28708,6,1
2,Payment,1772024099.417393,22974,18,1
2,Payment,1772024099.418448,17394,12,1
1,NewOrder,1772024099.419203,8689,17,1
4,Delivery,1772024099.420265,74415,5,1
5,StockLevel,1772024099.421044,20177,10,1
2,Payment,1772024099.422547,10343,9,1
2,Payment,1772024099.423673,24561,22,1
2,Payment,1772024099.424032,16705,15,1
1,NewOrder,1772024099.425000,17495,14,1
1,NewOrder,1772024099.425629,26494,4,1
5,StockLevel,1772024099.425873,16935,21,1
2,Payment,1772024099.426051,28460,19,1
1,NewOrder,1772024099.426052,18457,13,1
1,NewOrder,1772024099.426552,14442,0,1
2,Payment,1772024099.426949,13832,7,1
1,NewOrder,1772024099.427912,13107,17,1
2,Payment,1772024099.429339,20874,11,1
1,NewOrder,1772024099.429985,27521,16,1
5,StockLevel,1772024099.430530,14151,2,1
1,NewOrder,1772024099.432038,21713,1,1
2,Payment,1772024099.432900,26155,9,1
1,NewOrder,1772024099.433120,22079,8,1
1,NewOrder,1772024099.433875,30180,3,1
2,Payment,1772024099.434191,27524,23,1
2,Payment,1772024099.435852,15754,12,1
2,Payment,1772024099.439442,28193,20,1
1,NewOrder,1772024099.440377,21808,18,1
1,NewOrder,1772024099.440747,48678,15,1
2,Payment,1772024099.440791,27790,7,1
1,NewOrder,1772024099.441019,12076,0,1
1,NewOrder,1772024099.441046,11507,17,1
2,Payment,1772024099.441245,35485,10,1
2,Payment,1772024099.442512,13797,14,1
2,Payment,1772024099.442817,40663,21,1
2,Payment,1772024099.443684,36412,6,1
1,NewOrder,1772024099.444520,13599,13,1
2,Payment,1772024099.444691,4796,2,1
2,Payment,1772024099.448244,25972,22,1
2,Payment,1772024099.449513,10249,2,1
2,Payment,1772024099.450219,34160,11,1
2,Payment,1772024099.451625,12870,12,1
2,Payment,1772024099.452133,14887,4,1
1,NewOrder,1772024099.452563,8220,17,1
1,NewOrder,1772024099.453120,7668,0,1
2,Payment,1772024099.453776,22990,1,1
2,Payment,1772024099.454521,37418,19,1
3,OrderStatus,1772024099.455209,3632,8,1
2,Payment,1772024099.456320,13266,14,1
1,NewOrder,1772024099.457521,11512,16,1
3,OrderStatus,1772024099.458144,4117,13,1
1,NewOrder,1772024099.458865,8725,8,1
1,NewOrder,1772024099.459065,31470,9,1
2,Payment,1772024099.459770,26362,2,1
1,NewOrder,1772024099.460793,14217,17,1
1,NewOrder,1772024099.460798,10212,0,1
2,Payment,1772024099.461727,40975,23,1
1,NewOrder,1772024099.462209,9249,18,1
1,NewOrder,1772024099.462283,38167,13,1
2,Payment,1772024099.464087,31022,3,1
1,NewOrder,1772024099.464508,39172,12,1
4,Delivery,1772024099.467029,27985,4,1
1,NewOrder,1772024099.467616,46363,8,1
1,NewOrder,1772024099.467660,48441,20,1
1,NewOrder,1772024099.468591,24934,7,1
1,NewOrder,1772024099.469043,8087,16,1
1,NewOrder,1772024099.469602,6722,14,1
2,Payment,1772024099.471031,31877,0,1
4,Delivery,1772024099.471466,3343,18,1
5,StockLevel,1772024099.474224,20877,22,1
2,Payment,1772024099.474814,35763,18,1
2,Payment,1772024099.475016,2133,17,1
1,NewOrder,1772024099.476333,10868,14,1
1,NewOrder,1772024099.476734,14216,10,1
1,NewOrder,1772024099.476770,31116,1,1
1,NewOrder,1772024099.477137,15186,16,1
2,Payment,1772024099.477155,3708,17,1
2,Payment,1772024099.480101,7784,6,1
1,NewOrder,1772024099.480874,14197,17,1
1,NewOrder,1772024099.483496,45159,21,1
1,NewOrder,1772024099.484404,19213,11,1
4,Delivery,1772024099.486141,8753,2,1
1,NewOrder,1772024099.487226,18159,14,1
1,NewOrder,1772024099.487896,8520,6,1
2,Payment,1772024099.489430,11004,15,1
1,NewOrder,1772024099.490560,28581,9,1
1,NewOrder,1772024099.490959,24382,10,1
2,Payment,1772024099.491949,26106,19,1
2,Payment,1772024099.492333,12959,16,1
1,NewOrder,1772024099.493556,31141,7,1
2,Payment,1772024099.494691,21793,5,1
1,NewOrder,1772024099.494900,38729,2,1
1,NewOrder,1772024099.495021,52458,4,1
1,NewOrder,1772024099.495074,34041,17,1
1,NewOrder,1772024099.495103,27924,22,1
2,Payment,1772024099.495115,13962,3,1
1,NewOrder,1772024099.496419,11138,6,1
1,NewOrder,1772024099.500444,27237,15,1
1,NewOrder,1772024099.500460,26443,13,1
1,NewOrder,1772024099.502712,26837,23,1
1,NewOrder,1772024099.502932,18840,0,1
1,NewOrder,1772024099.503640,21659,11,1
1,NewOrder,1772024099.503705,22930,12,1
2,Payment,1772024099.505317,7296,16,1
1,NewOrder,1772024099.505411,27399,14,1
3,OrderStatus,1772024099.507572,4039,6,1
1,NewOrder,1772024099.507897,44621,1,1
5,StockLevel,1772024099.509100,14133,3,1
4,Delivery,1772024099.510604,16298,18,1
2,Payment,1772024099.511631,7907,6,1
4,Delivery,1772024099.512624,34008,16,1
1,NewOrder,1772024099.513989,39719,8,1
1,NewOrder,1772024099.515351,48442,10,1
2,Payment,1772024099.516125,13323,20,1
1,NewOrder,1772024099.516509,17538,5,1
1,NewOrder,1772024099.518061,30481,19,1
2,Payment,1772024099.519152,11867,9,1
2,Payment,1772024099.519542,22611,6,1
1,NewOrder,1772024099.521797,18538,0,1
2,Payment,1772024099.523053,14990,22,1
1,NewOrder,1772024099.523257,17501,3,1
1,NewOrder,1772024099.524718,41506,7,1
1,NewOrder,1772024099.525312,41321,11,1
2,Payment,1772024099.526654,4655,12,1
1,NewOrder,1772024099.526929,30689,18,1
1,NewOrder,1772024099.526933,39696,13,1
1,NewOrder,1772024099.527693,31425,15,1
2,Payment,1772024099.528682,18420,21,1
1,NewOrder,1772024099.529126,34569,17,1
1,NewOrder,1772024099.529453,18777,20,1
2,Payment,1772024099.529555,13661,23,1
2,Payment,1772024099.531046,20885,9,1
1,NewOrder,1772024099.531334,35743,12,1
1,NewOrder,1772024099.532820,32812,14,1
2,Payment,1772024099.533642,22279,2,1
2,Payment,1772024099.534070,27869,5,1
2,Payment,1772024099.538052,13803,22,1
1,NewOrder,1772024099.540350,5800,0,1
2,Payment,1772024099.540768,25999,3,1
5,StockLevel,1772024099.542160,20680,6,1
2,Payment,1772024099.543226,13774,23,1
2,Payment,1772024099.546161,26451,0,1
4,Delivery,1772024099.546640,33254,16,1
1,NewOrder,1772024099.547108,24065,21,1
1,NewOrder,1772024099.547484,28177,4,1
5,StockLevel,1772024099.548258,14646,20,1
1,NewOrder,1772024099.548553,25627,19,1
4,Delivery,1772024099.551862,45150,22,1
2,Payment,1772024099.551935,6590,9,1
2,Payment,1772024099.552522,28670,1,1
2,Payment,1772024099.553718,12944,8,1
1,NewOrder,1772024099.555930,16638,2,1
2,Payment,1772024099.557010,6748,23,1
2,Payment,1772024099.557625,14424,18,1
2,Payment,1772024099.558530,14044,9,1
1,NewOrder,1772024099.559128,24071,15,1
2,Payment,1772024099.561946,23558,5,1
5,StockLevel,1772024099.562846,8004,6,1
2,Payment,1772024099.562912,21759,20,1
2,Payment,1772024099.563705,9951,17,1
2,Payment,1772024099.563764,14412,23,1
1,NewOrder,1772024099.563802,17843,10,1
1,NewOrder,1772024099.565638,18335,14,1
2,Payment,1772024099.566233,13327,7,1
1,NewOrder,1772024099.566639,21990,13,1
5,StockLevel,1772024099.566641,19530,11,1
1,NewOrder,1772024099.566666,48958,8,1
2,Payment,1772024099.566778,27576,3,1
2,Payment,1772024099.567088,9938,12,1
1,NewOrder,1772024099.570860,28403,6,1
1,NewOrder,1772024099.571180,22454,21,1
1,NewOrder,1772024099.572060,22254,18,1
2,Payment,1772024099.572575,27614,2,1
1,NewOrder,1772024099.572581,22778,9,1
2,Payment,1772024099.572616,36833,0,1
1,NewOrder,1772024099.573661,23385,17,1
2,Payment,1772024099.574186,14895,19,1
1,NewOrder,1772024099.575671,21287,4,1
1,NewOrder,1772024099.577033,26478,12,1
2,Payment,1772024099.578183,19405,23,1
2,Payment,1772024099.579570,10025,7,1
2,Payment,1772024099.579900,9338,16,1
1,NewOrder,1772024099.581198,37101,1,1
2,Payment,1772024099.581651,18726,10,1
1,NewOrder,1772024099.583209,13778,15,1
2,Payment,1772024099.583980,20137,14,1
2,Payment,1772024099.584676,24038,20,1
5,StockLevel,1772024099.585510,15381,5,1
2,Payment,1772024099.586176,21258,11,1
1,NewOrder,1772024099.588639,38523,13,1
2,Payment,1772024099.589087,26095,19,1
2,Payment,1772024099.589243,21874,16,1
1,NewOrder,1772024099.589598,21836,7,1
2,Payment,1772024099.593658,31954,21,1
1,NewOrder,1772024099.594338,33218,18,1
2,Payment,1772024099.594381,23423,3,1
1,NewOrder,1772024099.595374,14208,9,1
1,NewOrder,1772024099.596963,11427,4,1
4,Delivery,1772024099.596997,14468,15,1
2,Payment,1772024099.597016,36996,22,1
2,Payment,1772024099.597049,19795,17,1
4,Delivery,1772024099.597599,50906,23,1
1,NewOrder,1772024099.599268,39555,6,1
2,Payment,1772024099.600198,27334,2,1
2,Payment,1772024099.600387,13016,10,1
1,NewOrder,1772024099.600895,35499,5,1
2,Payment,1772024099.603521,22501,12,1
1,NewOrder,1772024099.604142,31778,14,1
1,NewOrder,1772024099.607443,33084,11,1
1,NewOrder,1772024099.608415,19170,4,1
1,NewOrder,1772024099.608741,46539,20,1
1,NewOrder,1772024099.609474,29373,0,1
2,Payment,1772024099.609608,14260,9,1
1,NewOrder,1772024099.611142,38126,16,1
2,Payment,1772024099.611448,26861,7,1
3,OrderStatus,1772024099.611488,4648,15,1
1,NewOrder,1772024099.613418,34417,10,1
5,StockLevel,1772024099.615190,21452,19,1
1,NewOrder,1772024099.615630,27083,8,1
2,Payment,1772024099.616144,18374,15,1
1,NewOrder,1772024099.616868,18273,17,1
1,NewOrder,1772024099.617836,57550,3,1
4,Delivery,1772024099.618310,29558,1,1
1,NewOrder,1772024099.623884,52555,9,1
2,Payment,1772024099.625619,13171,21,1
2,Payment,1772024099.626033,12927,12,1
2,Payment,1772024099.627172,20073,13,1
1,NewOrder,1772024099.627545,36316,2,1
2,Payment,1772024099.627561,22442,18,1
5,StockLevel,1772024099.627595,28251,4,1
2,Payment,1772024099.634022,21539,22,1
2,Payment,1772024099.634541,22424,15,1
4,Delivery,1772024099.635151,20725,17,1
1,NewOrder,1772024099.635937,45153,14,1
1,NewOrder,1772024099.636419,28085,5,1
1,NewOrder,1772024099.636657,6445,19,1
1,NewOrder,1772024099.638318,44983,7,1
1,NewOrder,1772024099.638799,40394,21,1
1,NewOrder,1772024099.638832,40038,6,1
1,NewOrder,1772024099.638855,25065,0,1
2,Payment,1772024099.638969,25402,12,1
1,NewOrder,1772024099.640540,35007,11,1
1,NewOrder,1772024099.642716,6694,8,1
4,Delivery,1772024099.643118,5527,19,1
2,Payment,1772024099.647270,33311,13,1
2,Payment,1772024099.647847,2634,10,1
1,NewOrder,1772024099.647893,33151,1,1
2,Payment,1772024099.648516,10764,23,1
2,Payment,1772024099.648653,15973,19,1
1,NewOrder,1772024099.649285,26161,16,1
2,Payment,1772024099.649436,2956,8,1
3,OrderStatus,1772024099.650009,3264,18,1
1,NewOrder,1772024099.650487,13417,10,1
1,NewOrder,1772024099.652416,8084,8,1
1,NewOrder,1772024099.653282,9572,18,1
2,Payment,1772024099.655290,20132,20,1
2,Payment,1772024099.655566,29022,22,1
1,NewOrder,1772024099.655863,21346,4,1
2,Payment,1772024099.655886,14056,17,1
2,Payment,1772024099.656990,32819,15,1
1,NewOrder,1772024099.659288,25651,23,1
1,NewOrder,1772024099.660527,20503,8,1
1,NewOrder,1772024099.662861,28329,18,1
2,Payment,1772024099.663871,21175,2,1
1,NewOrder,1772024099.663913,23298,10,1
2,Payment,1772024099.663926,11567,0,1
1,NewOrder,1772024099.664391,17527,12,1
2,Payment,1772024099.664530,29997,5,1
1,NewOrder,1772024099.664644,24432,19,1
2,Payment,1772024099.669968,26991,17,1
1,NewOrder,1772024099.675410,28137,3,1
1,NewOrder,1772024099.675447,28474,20,1
2,Payment,1772024099.675472,29316,16,1
1,NewOrder,1772024099.675518,24014,0,1
1,NewOrder,1772024099.675558,29782,11,1
1,NewOrder,1772024099.676465,35916,9,1
3,OrderStatus,1772024099.677235,4436,4,1
2,Payment,1772024099.678882,3935,6,1
2,Payment,1772024099.679217,14660,21,1
1,NewOrder,1772024099.680606,29984,13,1
1,NewOrder,1772024099.681055,29133,8,1
2,Payment,1772024099.681060,20843,1,1
2,Payment,1772024099.681115,17985,14,1
2,Payment,1772024099.681695,27253,4,1
1,NewOrder,1772024099.681928,8530,12,1
2,Payment,1772024099.682823,2383,6,1
1,NewOrder,1772024099.683325,17794,7,1
2,Payment,1772024099.684613,16821,22,1
2,Payment,1772024099.684944,23372,23,1
2,Payment,1772024099.685056,29847,2,1
1,NewOrder,1772024099.685210,9362,6,1
1,NewOrder,1772024099.687222,25738,10,1
2,Payment,1772024099.689085,26996,19,1
1,NewOrder,1772024099.689819,17887,15,1
1,NewOrder,1772024099.690470,7194,12,1
2,Payment,1772024099.691200,31790,18,1
2,Payment,1772024099.693887,34685,21,1
1,NewOrder,1772024099.694552,19842,5,1
1,NewOrder,1772024099.694597,6786,6,1
4,Delivery,1772024099.696986,31165,17,1
2,Payment,1772024099.697675,11141,12,1
1,NewOrder,1772024099.699124,10614,14,1
2,Payment,1772024099.699558,18520,0,1
2,Payment,1772024099.701143,12464,7,1
2,Payment,1772024099.701396,4571,6,1
1,NewOrder,1772024099.701458,29000,22,1
1,NewOrder,1772024099.701914,30604,1,1
2,Payment,1772024099.703560,18890,3,1
2,Payment,1772024099.703932,30243,20,1
2,Payment,1772024099.704802,14448,16,1
1,NewOrder,1772024099.705365,23150,11,1
2,Payment,1772024099.705976,13751,6,1
2,Payment,1772024099.707731,17223,15,1
1,NewOrder,1772024099.708321,32699,23,1
2,Payment,1772024099.708841,21179,12,1
2,Payment,1772024099.708968,17028,4,1
2,Payment,1772024099.709744,27183,14,1
2,Payment,1772024099.710206,18507,8,1
1,NewOrder,1772024099.710600,34212,13,1
2,Payment,1772024099.712405,10476,9,1
2,Payment,1772024099.712969,26110,10,1
2,Payment,1772024099.713625,21521,7,1
1,NewOrder,1772024099.714397,14340,5,1
1,NewOrder,1772024099.714930,18611,2,1
5,StockLevel,1772024099.716088,16809,19,1
2,Payment,1772024099.718085,12282,0,1
2,Payment,1772024099.719256,25087,16,1
1,NewOrder,1772024099.719734,34281,6,1
2,Payment,1772024099.722453,19203,3,1
2,Payment,1772024099.722900,19170,9,1
2,Payment,1772024099.723015,15642,18,1
1,NewOrder,1772024099.724964,18119,15,1
1,NewOrder,1772024099.726003,9724,4,1
1,NewOrder,1772024099.728161,9433,17,1
2,Payment,1772024099.728548,22918,11,1
2,Payment,1772024099.728591,15463,21,1
2,Payment,1772024099.728737,28869,8,1
1,NewOrder,1772024099.728762,9161,5,1
1,NewOrder,1772024099.730026,30310,12,1
1,NewOrder,1772024099.730375,34475,0,1
5,StockLevel,1772024099.730465,15557,22,1
1,NewOrder,1772024099.732528,18363,1,1
5,StockLevel,1772024099.732902,14952,19,1
1,NewOrder,1772024099.733548,12182,2,1
1,NewOrder,1772024099.734187,23873,20,1
2,Payment,1772024099.735158,28806,7,1
2,Payment,1772024099.735734,10459,4,1
2,Payment,1772024099.736941,12136,14,1
2,Payment,1772024099.737604,16848,17,1
2,Payment,1772024099.737949,11081,5,1
2,Payment,1772024099.738670,9880,18,1
1,NewOrder,1772024099.739103,8439,10,1
2,Payment,1772024099.741045,12357,23,1
2,Payment,1772024099.741681,11510,3,1
5,StockLevel,1772024099.742081,20267,9,1
1,NewOrder,1772024099.743094,16368,15,1
2,Payment,1772024099.744079,12685,21,1
2,Payment,1772024099.744356,18855,16,1
2,Payment,1772024099.744821,31975,13,1
1,NewOrder,1772024099.745754,17946,2,1
4,Delivery,1772024099.746032,54723,22,1
2,Payment,1772024099.746197,10999,4,1
2,Payment,1772024099.747551,29200,10,1
1,NewOrder,1772024099.747859,33150,19,1
1,NewOrder,1772024099.748558,19615,18,1
2,Payment,1772024099.749054,27294,5,1
1,NewOrder,1772024099.749102,16059,14,1
2,Payment,1772024099.750901,12843,1,1
2,Payment,1772024099.751475,31621,11,1
2,Payment,1772024099.753216,29273,3,1
2,Payment,1772024099.753418,7880,23,1
5,StockLevel,1772024099.754029,17020,6,1
2,Payment,1772024099.754464,30856,17,1
1,NewOrder,1772024099.756773,12312,21,1
1,NewOrder,1772024099.757206,14154,4,1
4,Delivery,1772024099.757632,39381,8,1
1,NewOrder,1772024099.758070,10566,20,1
2,Payment,1772024099.759490,36548,15,1
1,NewOrder,1772024099.760356,24398,12,1
2,Payment,1772024099.761322,3870,23,1
2,Payment,1772024099.762357,27297,9,1
1,NewOrder,1772024099.763221,40470,16,1
2,Payment,1772024099.763709,23875,2,1
1,NewOrder,1772024099.763751,30827,1,1
1,NewOrder,1772024099.763989,22185,7,1
3,OrderStatus,1772024099.764875,10042,0,1
2,Payment,1772024099.765165,38903,14,1
1,NewOrder,1772024099.765202,32355,23,1
1,NewOrder,1772024099.768198,8700,18,1
2,Payment,1772024099.768660,2183,20,1
2,Payment,1772024099.769095,3240,21,1
2,Payment,1772024099.770856,3430,20,1
1,NewOrder,1772024099.771059,20342,6,1
2,Payment,1772024099.771364,19503,4,1
5,StockLevel,1772024099.772344,3695,21,1
2,Payment,1772024099.774315,2468,20,1
4,Delivery,1772024099.774953,13958,0,1
2,Payment,1772024099.776050,5457,21,1
1,NewOrder,1772024099.776371,32746,5,1
1,NewOrder,1772024099.776775,33428,10,1
1,NewOrder,1772024099.776811,24980,20,1
2,Payment,1772024099.776822,36812,13,1
1,NewOrder,1772024099.776909,16353,18,1
1,NewOrder,1772024099.781016,25641,19,1
1,NewOrder,1772024099.781517,35586,21,1
2,Payment,1772024099.782514,13558,3,1
5,StockLevel,1772024099.783103,14218,11,1
4,Delivery,1772024099.784773,12695,12,1
2,Payment,1772024099.785345,36210,17,1
1,NewOrder,1772024099.786183,23991,7,1
2,Payment,1772024099.787595,16557,2,1
1,NewOrder,1772024099.788920,21815,0,1
1,NewOrder,1772024099.789661,16975,9,1
1,NewOrder,1772024099.790891,18663,4,1
4,Delivery,1772024099.791406,6602,6,1
1,NewOrder,1772024099.793272,10782,18,1
1,NewOrder,1772024099.794593,17767,1,1
2,Payment,1772024099.796047,31797,15,1
1,NewOrder,1772024099.796084,29039,3,1
1,NewOrder,1772024099.797023,18513,8,1
2,Payment,1772024099.797328,6697,11,1
2,Payment,1772024099.797476,39683,12,1
1,NewOrder,1772024099.797567,29343,23,1
1,NewOrder,1772024099.798013,24523,6,1
2,Payment,1772024099.800762,8719,22,1
2,Payment,1772024099.801816,16154,20,1
2,Payment,1772024099.803696,49309,16,1
1,NewOrder,1772024099.804037,23752,11,1
2,Payment,1772024099.804064,23330,18,1
2,Payment,1772024099.804072,57108,14,1
2,Payment,1772024099.804161,10126,2,1
2,Payment,1772024099.806647,8788,9,1
1,NewOrder,1772024099.806667,24447,19,1
1,NewOrder,1772024099.809142,22467,5,1
2,Payment,1772024099.809508,27241,22,1
3,OrderStatus,1772024099.809568,9382,4,1
2,Payment,1772024099.810184,9362,7,1
1,NewOrder,1772024099.810213,26859,10,1
4,Delivery,1772024099.810746,4120,0,1
4,Delivery,1772024099.812374,2747,1,1
2,Payment,1772024099.813659,54926,13,1
2,Payment,1772024099.814297,8834,2,1
2,Payment,1772024099.814875,11374,0,1
1,NewOrder,1772024099.815129,12864,1,1
1,NewOrder,1772024099.815446,21665,9,1
1,NewOrder,1772024099.815546,22607,8,1
2,Payment,1772024099.817112,29394,21,1
1,NewOrder,1772024099.817976,16321,20,1
2,Payment,1772024099.818958,16876,4,1
5,StockLevel,1772024099.819560,15290,7,1
2,Payment,1772024099.821580,54773,17,1
1,NewOrder,1772024099.822546,14111,6,1
1,NewOrder,1772024099.823141,18873,2,1
1,NewOrder,1772024099.825134,13403,3,1
2,Payment,1772024099.826274,18012,0,1
2,Payment,1772024099.826935,25022,23,1
1,NewOrder,1772024099.827404,27570,18,1
1,NewOrder,1772024099.827799,17711,11,1
1,NewOrder,1772024099.827851,21811,15,1
1,NewOrder,1772024099.827998,26504,1,1
2,Payment,1772024099.831133,26037,19,1
2,Payment,1772024099.831635,22304,5,1
1,NewOrder,1772024099.834323,5432,20,1
2,Payment,1772024099.834863,7128,7,1
1,NewOrder,1772024099.835862,26252,4,1
1,NewOrder,1772024099.836667,4609,6,1
2,Payment,1772024099.836774,24813,22,1
2,Payment,1772024099.837082,7520,10,1
5,StockLevel,1772024099.837122,14495,9,1
1,NewOrder,1772024099.837169,29943,12,1
5,StockLevel,1772024099.838164,14225,8,1
2,Payment,1772024099.838549,9080,3,1
1,NewOrder,1772024099.839765,4864,20,1
2,Payment,1772024099.841288,6857,6,1
2,Payment,1772024099.842001,12481,7,1
2,Payment,1772024099.842022,21755,2,1
3,OrderStatus,1772024099.844311,6455,0,1
1,NewOrder,1772024099.844617,19809,10,1
1,NewOrder,1772024099.844640,24319,20,1
1,NewOrder,1772024099.845512,20118,11,1
1,NewOrder,1772024099.846525,23217,21,1
1,NewOrder,1772024099.847634,20523,3,1
2,Payment,1772024099.848171,12454,6,1
3,OrderStatus,1772024099.849687,6862,15,1
1,NewOrder,1772024099.850774,42803,0,1
1,NewOrder,1772024099.851648,22437,9,1
2,Payment,1772024099.851963,14434,23,1
1,NewOrder,1772024099.852397,30619,8,1
2,Payment,1772024099.853030,30470,16,1
1,NewOrder,1772024099.853949,34796,5,1
1,NewOrder,1772024099.854495,36898,7,1
4,Delivery,1772024099.854528,29038,1,1
1,NewOrder,1772024099.855013,30135,18,1
2,Payment,1772024099.856559,37482,15,1
1,NewOrder,1772024099.857181,19580,19,1
2,Payment,1772024099.860650,6431,6,1
1,NewOrder,1772024099.861190,33926,14,1
2,Payment,1772024099.861603,10717,22,1
2,Payment,1772024099.862133,10683,4,1
2,Payment,1772024099.863784,17587,2,1
2,Payment,1772024099.864431,15623,10,1
1,NewOrder,1772024099.865640,31363,11,1
5,StockLevel,1772024099.866418,15106,23,1
2,Payment,1772024099.867092,23951,6,1
3,OrderStatus,1772024099.867126,4862,12,1
1,NewOrder,1772024099.868182,20883,3,1
1,NewOrder,1772024099.868594,26860,13,1
3,OrderStatus,1772024099.868983,6107,20,1
1,NewOrder,1772024099.869767,25472,21,1
1,NewOrder,1772024099.871997,39493,12,1
1,NewOrder,1772024099.872331,29355,22,1
3,OrderStatus,1772024099.872825,12398,4,1
1,NewOrder,1772024099.874094,36839,9,1
2,Payment,1772024099.875096,9131,20,1
1,NewOrder,1772024099.876357,19995,17,1
2,Payment,1772024099.876773,13192,19,1
1,NewOrder,1772024099.880064,46311,10,1
1,NewOrder,1772024099.881392,38217,2,1
2,Payment,1772024099.881557,13278,23,1
1,NewOrder,1772024099.883027,44932,8,1
2,Payment,1772024099.883517,19043,16,1
2,Payment,1772024099.883581,12142,1,1
2,Payment,1772024099.884251,28285,20,1
1,NewOrder,1772024099.885157,14054,18,1
2,Payment,1772024099.885238,20657,4,1
2,Payment,1772024099.888770,20525,5,1
2,Payment,1772024099.889075,23878,3,1
2,Payment,1772024099.889993,29904,19,1
2,Payment,1772024099.891053,11463,6,1
2,Payment,1772024099.891411,19064,7,1
2,Payment,1772024099.893602,24894,0,1
1,NewOrder,1772024099.894052,36696,15,1
1,NewOrder,1772024099.894845,58150,23,1
2,Payment,1772024099.895122,16260,14,1
1,NewOrder,1772024099.895244,31199,21,1
1,NewOrder,1772024099.895464,15564,13,1
1,NewOrder,1772024099.895734,23899,1,1
1,NewOrder,1772024099.896366,6632,17,1
1,NewOrder,1772024099.897014,8369,11,1
1,NewOrder,1772024099.899236,7040,18,1
1,NewOrder,1772024099.901696,34591,22,1
1,NewOrder,1772024099.902525,41926,6,1
2,Payment,1772024099.902565,16251,16,1
2,Payment,1772024099.903006,20110,17,1
2,Payment,1772024099.905393,7591,11,1
2,Payment,1772024099.905905,19718,4,1
1,NewOrder,1772024099.906286,6589,18,1
2,Payment,1772024099.909304,25182,5,1
2,Payment,1772024099.910500,8444,7,1
2,Payment,1772024099.910947,16591,9,1
1,NewOrder,1772024099.911034,29480,13,1
1,NewOrder,1772024099.911392,37195,14,1
2,Payment,1772024099.911500,24648,12,1
1,NewOrder,1772024099.912546,24336,20,1
1,NewOrder,1772024099.912885,23731,18,1
2,Payment,1772024099.912962,26880,3,1
1,NewOrder,1772024099.912991,14972,11,1
2,Payment,1772024099.918506,33050,0,1
5,StockLevel,1772024099.918826,18534,16,1
2,Payment,1772024099.918968,15056,7,1
1,NewOrder,1772024099.919634,32543,2,1
4,Delivery,1772024099.919657,24715,1,1
1,NewOrder,1772024099.919906,28286,19,1
1,NewOrder,1772024099.923139,19108,17,1
4,Delivery,1772024099.925627,18901,4,1
1,NewOrder,1772024099.926398,12966,10,1
2,Payment,1772024099.926476,9029,21,1
5,StockLevel,1772024099.927552,13283,9,1
1,NewOrder,1772024099.927964,15264,8,1
2,Payment,1772024099.927973,11894,11,1
2,Payment,1772024099.930767,12907,15,1
2,Payment,1772024099.934049,20774,7,1
4,Delivery,1772024099.934500,10057,5,1
1,NewOrder,1772024099.935515,46579,21,1
1,NewOrder,1772024099.936160,33421,12,1
2,Payment,1772024099.936313,8119,22,1
1,NewOrder,1772024099.936640,48141,18,1
1,NewOrder,1772024099.936892,32743,20,1
1,NewOrder,1772024099.937370,14753,16,1
1,NewOrder,1772024099.939383,40584,10,1
2,Payment,1772024099.939852,21766,3,1
3,OrderStatus,1772024099.939874,11555,11,1
1,NewOrder,1772024099.940551,10248,13,1
1,NewOrder,1772024099.940844,9262,9,1
1,NewOrder,1772024099.942270,8449,17,1
2,Payment,1772024099.943237,13051,8,1
2,Payment,1772024099.943679,9643,15,1
2,Payment,1772024099.944382,26946,1,1
2,Payment,1772024099.944442,7110,22,1
2,Payment,1772024099.944457,14536,6,1
2,Payment,1772024099.944535,35414,4,1
1,NewOrder,1772024099.944562,8713,5,1
2,Payment,1772024099.948202,11126,19,1
5,StockLevel,1772024099.948596,26162,14,1
2,Payment,1772024099.950125,12494,9,1
2,Payment,1772024099.950737,12919,17,1
1,NewOrder,1772024099.950810,4628,13,1
1,NewOrder,1772024099.951435,14399,11,1
2,Payment,1772024099.951562,11438,22,1
1,NewOrder,1772024099.951567,32010,0,1
2,Payment,1772024099.952135,20982,16,1
5,StockLevel,1772024099.952212,24250,2,1
1,NewOrder,1772024099.953005,30929,23,1
1,NewOrder,1772024099.953285,27975,5,1
1,NewOrder,1772024099.953331,42604,15,1
1,NewOrder,1772024099.954848,40514,7,1
1,NewOrder,1772024099.955447,7586,13,1
2,Payment,1772024099.956305,8254,8,1
2,Payment,1772024099.959016,8914,6,1
1,NewOrder,1772024099.959353,9700,19,1
1,NewOrder,1772024099.961643,26364,3,1
2,Payment,1772024099.962629,7447,9,1
1,NewOrder,1772024099.963005,9777,22,1
2,Payment,1772024099.963043,14377,13,1
1,NewOrder,1772024099.963681,24361,17,1
2,Payment,1772024099.964583,8489,8,1
2,Payment,1772024099.965843,16208,11,1
1,NewOrder,1772024099.967940,28091,6,1
1,NewOrder,1772024099.969063,31638,19,1
4,Delivery,1772024099.969586,13887,12,1
2,Payment,1772024099.969646,9450,20,1
1,NewOrder,1772024099.970082,29929,9,1
2,Payment,1772024099.971349,16000,1,1
1,NewOrder,1772024099.972796,28716,22,1
1,NewOrder,1772024099.973078,27657,8,1
1,NewOrder,1772024099.973131,45141,16,1
1,NewOrder,1772024099.974765,43389,14,1
1,NewOrder,1772024099.976486,41576,2,1
2,Payment,1772024099.977445,6090,13,1
2,Payment,1772024099.979121,9874,20,1
2,Payment,1772024099.979959,13613,4,1
4,Delivery,1772024099.979973,39964,10,1
1,NewOrder,1772024099.981271,16768,5,1
2,Payment,1772024099.982062,10427,11,1
1,NewOrder,1772024099.982101,18570,21,1
2,Payment,1772024099.983479,13043,12,1
1,NewOrder,1772024099.983560,17113,13,1
2,Payment,1772024099.983601,34464,0,1
1,NewOrder,1772024099.983946,34299,23,1
2,Payment,1772024099.984807,12264,18,1
2,Payment,1772024099.987361,46841,1,1
2,Payment,1772024099.988019,58264,3,1
2,Payment,1772024099.988057,42582,17,1
1,NewOrder,1772024099.989004,29161,20,1
1,NewOrder,1772024099.992498,24433,11,1
1,NewOrder,1772024099.993582,24765,4,1
1,NewOrder,1772024099.995371,22572,7,1
2,Payment,1772024099.995960,22078,15,1
4,Delivery,1772024099.996041,24417,6,1
1,NewOrder,1772024099.996526,21880,12,1
2,Payment,1772024099.997086,21037,18,1
2,Payment,1772024099.998052,55567,5,1
2,Payment,1772024100.000021,18161,9,1
2,Payment,1772024100.000680,29455,21,1
4,Delivery,1772024100.000684,17268,13,1
2,Payment,1772024100.000719,43466,19,1
1,NewOrder,1772024100.000745,17540,8,1
4,Delivery,1772024100.001525,25929,22,1
2,Payment,1772024100.016941,8089,11,1
2,Payment,1772024100.017967,28840,7,1
1,NewOrder,1772024100.017981,46490,13,1
2,Payment,1772024100.018063,26019,15,1
2,Payment,1772024100.018091,39778,2,1
1,NewOrder,1772024100.018092,18817,0,1
2,Payment,1772024100.018138,39087,18,1
1,NewOrder,1772024100.018166,46710,14,1
1,NewOrder,1772024100.018191,31938,20,1
2,Payment,1772024100.018208,16853,9,1
2,Payment,1772024100.018257,33231,23,1
1,NewOrder,1772024100.018292,28382,16,1
1,NewOrder,1772024100.018313,38705,8,1
1,NewOrder,1772024100.018358,39048,4,1
1,NewOrder,1772024100.018418,31341,12,1
1,NewOrder,1772024100.019963,22575,10,1
2,Payment,1772024100.020479,33037,6,1
2,Payment,1772024100.025034,32416,11,1
4,Delivery,1772024100.027464,39355,22,1
2,Payment,1772024100.030160,32314,21,1
2,Payment,1772024100.030649,21302,17,1
3,OrderStatus,1772024100.034228,12000,1,1
1,NewOrder,1772024100.035087,32935,9,1
4,Delivery,1772024100.036932,15163,0,1
2,Payment,1772024100.042565,19854,10,1
2,Payment,1772024100.044102,11879,15,1
2,Payment,1772024100.044210,23541,19,1
2,Payment,1772024100.046242,15737,1,1
4,Delivery,1772024100.046293,6305,3,1
2,Payment,1772024100.046678,13530,16,1
2,Payment,1772024100.046817,22070,7,1
1,NewOrder,1772024100.049770,11212,12,1
2,Payment,1772024100.050139,25816,20,1
2,Payment,1772024100.051497,32107,23,1
2,Payment,1772024100.051962,11624,17,1
5,StockLevel,1772024100.052120,12797,0,1
2,Payment,1772024100.052627,14676,3,1
2,Payment,1772024100.053522,29660,6,1
2,Payment,1772024100.053634,21777,5,1
1,NewOrder,1772024100.055996,13277,15,1
1,NewOrder,1772024100.057044,29644,8,1
2,Payment,1772024100.057250,37157,18,1
2,Payment,1772024100.057419,31195,4,1
2,Payment,1772024100.057475,36472,11,1
2,Payment,1772024100.057879,29095,2,1
2,Payment,1772024100.060222,7364,16,1
2,Payment,1772024100.061007,16748,12,1
1,NewOrder,1772024100.061993,32685,1,1
1,NewOrder,1772024100.062427,43652,10,1
1,NewOrder,1772024100.062511,49463,21,1
2,Payment,1772024100.063596,21978,17,1
1,NewOrder,1772024100.064496,11418,13,1
1,NewOrder,1772024100.064901,8956,14,1
2,Payment,1772024100.064927,25731,0,1
4,Delivery,1772024100.066844,14064,22,1
1,NewOrder,1772024100.067314,57025,3,1
1,NewOrder,1772024100.067595,47835,16,1
1,NewOrder,1772024100.067761,46807,19,1
3,OrderStatus,1772024100.068046,12939,9,1
2,Payment,1772024100.068907,34936,7,1
1,NewOrder,1772024100.069283,31926,15,1
2,Payment,1772024100.073896,28360,14,1
1,NewOrder,1772024100.075420,9401,5,1
1,NewOrder,1772024100.075938,10627,13,1
1,NewOrder,1772024100.075986,11304,20,1
4,Delivery,1772024100.077767,16820,12,1
1,NewOrder,1772024100.080931,5995,22,1
2,Payment,1772024100.081013,31399,9,1
1,NewOrder,1772024100.083207,24447,6,1
1,NewOrder,1772024100.083629,15191,23,1
2,Payment,1772024100.084849,20152,5,1
1,NewOrder,1772024100.085594,19309,17,1
1,NewOrder,1772024100.086590,52707,13,1
1,NewOrder,1772024100.086714,9600,8,1
2,Payment,1772024100.086932,21440,22,1
2,Payment,1772024100.086983,25530,2,1
2,Payment,1772024100.087300,19155,20,1
1,NewOrder,1772024100.088618,6696,4,1
1,NewOrder,1772024100.090676,7284,0,1
2,Payment,1772024100.093957,27955,11,1
4,Delivery,1772024100.094417,18051,18,1
2,Payment,1772024100.094591,15438,12,1
2,Payment,1772024100.094688,25785,1,1
2,Payment,1772024100.095326,33919,4,1
1,NewOrder,1772024100.096324,6652,8,1
2,Payment,1772024100.097970,38694,0,1
1,NewOrder,1772024100.098844,3701,23,1
5,StockLevel,1772024100.101219,13154,15,1
1,NewOrder,1772024100.102265,35960,14,1
1,NewOrder,1772024100.102551,3488,23,1
2,Payment,1772024100.102994,25738,8,1
2,Payment,1772024100.103853,32269,7,1
2,Payment,1772024100.104912,11966,17,1
2,Payment,1772024100.105011,36220,5,1
2,Payment,1772024100.106043,5352,23,1
2,Payment,1772024100.106088,35537,10,1
1,NewOrder,1772024100.106466,19385,20,1
2,Payment,1772024100.107679,41914,6,1
1,NewOrder,1772024100.108395,41382,22,1
2,Payment,1772024100.110054,15411,12,1
5,StockLevel,1772024100.111420,22155,23,1
1,NewOrder,1772024100.111984,28776,21,1
1,NewOrder,1772024100.112422,6359,9,1
1,NewOrder,1772024100.112478,26918,18,1
1,NewOrder,1772024100.112519,12428,2,1
1,NewOrder,1772024100.114382,9140,15,1
2,Payment,1772024100.114577,3210,19,1
3,OrderStatus,1772024100.115449,8435,16,1
2,Payment,1772024100.116881,12360,17,1
1,NewOrder,1772024100.117797,37571,19,1
1,NewOrder,1772024100.118800,11348,9,1
2,Payment,1772024100.120498,28533,1,1
2,Payment,1772024100.121922,39760,11,1
2,Payment,1772024100.123547,17280,15,1
2,Payment,1772024100.123894,25774,16,1
3,OrderStatus,1772024100.124344,7562,3,1
1,NewOrder,1772024100.124956,7096,2,1
4,Delivery,1772024100.125475,3652,12,1
1,NewOrder,1772024100.125861,6613,20,1
3,OrderStatus,1772024100.128738,9614,8,1
2,Payment,1772024100.129148,23455,12,1
1,NewOrder,1772024100.129253,17669,17,1
2,Payment,1772024100.129256,28859,4,1
3,OrderStatus,1772024100.130159,1741,9,1
1,NewOrder,1772024100.131908,10192,9,1
2,Payment,1772024100.131918,35257,3,1
1,NewOrder,1772024100.132061,7309,2,1
1,NewOrder,1772024100.132485,14374,20,1
4,Delivery,1772024100.133586,88634,23,1
1,NewOrder,1772024100.136132,42215,7,1
1,NewOrder,1772024100.136670,10162,0,1
2,Payment,1772024100.138228,17546,14,1
2,Payment,1772024100.138359,25678,8,1
1,NewOrder,1772024100.139305,50918,13,1
2,Payment,1772024100.139382,36509,2,1
2,Payment,1772024100.139406,10089,18,1
5,StockLevel,1772024100.140771,22721,21,1
1,NewOrder,1772024100.140830,19924,15,1
4,Delivery,1772024100.141236,69472,5,1
1,NewOrder,1772024100.141632,42424,10,1
1,NewOrder,1772024100.142106,11312,9,1
1,NewOrder,1772024100.146837,6231,0,1
1,NewOrder,1772024100.146864,5357,20,1
2,Payment,1772024100.146925,7480,17,1
1,NewOrder,1772024100.149042,16012,1,1
2,Payment,1772024100.149502,9593,18,1
1,NewOrder,1772024100.149603,9516,6,1
1,NewOrder,1772024100.149676,49750,16,1
5,StockLevel,1772024100.149787,22766,22,1
2,Payment,1772024100.152227,18936,20,1
1,NewOrder,1772024100.152606,13114,12,1
2,Payment,1772024100.153073,32329,0,1
2,Payment,1772024100.153428,14192,9,1
2,Payment,1772024100.154410,4329,17,1
2,Payment,1772024100.155378,24848,19,1
5,StockLevel,1772024100.155781,4131,14,1
2,Payment,1772024100.158122,34335,4,1
5,StockLevel,1772024100.158743,29114,17,1
1,NewOrder,1772024100.159104,47584,18,1
1,NewOrder,1772024100.159129,30977,6,1
2,Payment,1772024100.159922,1369,14,1
2,Payment,1772024100.160759,3855,15,1
1,NewOrder,1772024100.161296,9199,14,1
2,Payment,1772024100.161687,9393,11,1
1,NewOrder,1772024100.163498,26272,21,1
1,NewOrder,1772024100.164048,16546,8,1
1,NewOrder,1772024100.164619,16974,15,1
1,NewOrder,1772024100.165060,25188,1,1
3,OrderStatus,1772024100.165724,2783,12,1
2,Payment,1772024100.167183,30901,3,1
2,Payment,1772024100.167626,6457,9,1
1,NewOrder,1772024100.168513,10744,12,1
2,Payment,1772024100.170500,3240,14,1
2,Payment,1772024100.171087,6008,11,1
2,Payment,1772024100.171168,18527,20,1
2,Payment,1772024100.172557,23279,22,1
1,NewOrder,1772024100.173744,8233,14,1
2,Payment,1772024100.174089,6851,9,1
1,NewOrder,1772024100.175902,26527,2,1
2,Payment,1772024100.177119,13393,11,1
2,Payment,1772024100.178371,19118,7,1
2,Payment,1772024100.179264,2784,12,1
2,Payment,1772024100.180237,18831,19,1
1,NewOrder,1772024100.180610,31158,8,1
1,NewOrder,1772024100.180943,32666,9,1
1,NewOrder,1772024100.181618,16012,15,1
5,StockLevel,1772024100.181990,5970,14,1
2,Payment,1772024100.182053,2303,12,1
4,Delivery,1772024100.184092,56050,10,1
2,Payment,1772024100.184368,2664,12,1
2,Payment,1772024100.185412,19591,0,1
2,Payment,1772024100.187046,2149,12,1
2,Payment,1772024100.187885,10078,17,1
2,Payment,1772024100.187964,5066,14,1
2,Payment,1772024100.189211,20649,12,1
2,Payment,1772024100.189703,18338,20,1
2,Payment,1772024100.189775,13404,21,1
2,Payment,1772024100.190130,20544,6,1
1,NewOrder,1772024100.190259,18359,13,1
1,NewOrder,1772024100.190274,16883,1,1
1,NewOrder,1772024100.190525,17114,11,1
1,NewOrder,1772024100.192481,23164,4,1
2,Payment,1772024100.193035,24297,14,1
2,Payment,1772024100.195848,15550,22,1
1,NewOrder,1772024100.197513,33375,7,1
2,Payment,1772024100.197667,30991,15,1
1,NewOrder,1772024100.197974,31385,17,1
1,NewOrder,1772024100.198089,28187,3,1
2,Payment,1772024100.199073,16169,19,1
2,Payment,1772024100.199433,36768,16,1
2,Payment,1772024100.202454,10844,2,1
5,StockLevel,1772024100.203189,7420,21,1
1,NewOrder,1772024100.205010,39161,0,1
1,NewOrder,1772024100.206698,30301,18,1
2,Payment,1772024100.207167,11055,1,1
2,Payment,1772024100.207649,6325,11,1
5,StockLevel,1772024100.208051,4793,20,1
2,Payment,1772024100.208628,33858,13,1
1,NewOrder,1772024100.209884,25520,12,1
1,NewOrder,1772024100.210620,33501,21,1
1,NewOrder,1772024100.210699,26644,6,1
1,NewOrder,1772024100.210733,32938,5,1
1,NewOrder,1772024100.211407,13534,22,1
2,Payment,1772024100.211779,7090,8,1
5,StockLevel,1772024100.212849,7995,20,1
1,NewOrder,1772024100.213308,30847,2,1
1,NewOrder,1772024100.213637,45681,9,1
2,Payment,1772024100.213979,9144,11,1
1,NewOrder,1772024100.215267,31563,19,1
1,NewOrder,1772024100.215652,21379,4,1
2,Payment,1772024100.217345,33039,14,1
2,Payment,1772024100.218229,5268,1,1
2,Payment,1772024100.218880,10477,8,1
1,NewOrder,1772024100.220868,18841,20,1
2,Payment,1772024100.222226,8744,23,1
1,NewOrder,1772024100.223138,22830,11,1
2,Payment,1772024100.223519,5804,1,1
1,NewOrder,1772024100.224946,25834,22,1
3,OrderStatus,1772024100.226301,6023,3,1
2,Payment,1772024100.228683,29709,15,1
1,NewOrder,1772024100.229328,23093,1,1
2,Payment,1772024100.229364,37142,17,1
1,NewOrder,1772024100.229370,17830,8,1
1,NewOrder,1772024100.230901,27567,7,1
5,StockLevel,1772024100.230980,15820,23,1
2,Payment,1772024100.232351,7770,3,1
1,NewOrder,1772024100.235412,33099,12,1
1,NewOrder,1772024100.236215,16912,16,1
3,OrderStatus,1772024100.237002,6770,18,1
1,NewOrder,1772024100.237041,31447,4,1
2,Payment,1772024100.237353,7818,6,1
2,Payment,1772024100.239734,5906,20,1
1,NewOrder,1772024100.240131,37176,3,1
2,Payment,1772024100.240148,13476,10,1
2,Payment,1772024100.242511,32174,13,1
2,Payment,1772024100.243678,14684,5,1
1,NewOrder,1772024100.243781,24788,18,1
2,Payment,1772024100.244146,14685,21,1
2,Payment,1772024100.244181,9820,2,1
1,NewOrder,1772024100.244196,24341,0,1
1,NewOrder,1772024100.245175,27537,6,1
1,NewOrder,1772024100.245651,24790,20,1
2,Payment,1772024100.245978,11962,11,1
1,NewOrder,1772024100.246817,23599,23,1
1,NewOrder,1772024100.246840,5899,19,1
2,Payment,1772024100.247211,14559,8,1
1,NewOrder,1772024100.250408,26366,14,1
2,Payment,1772024100.250804,14323,22,1
1,NewOrder,1772024100.252428,8966,1,1
2,Payment,1772024100.252754,17259,19,1
2,Payment,1772024100.253152,27253,16,1
1,NewOrder,1772024100.253643,47851,10,1
5,StockLevel,1772024100.254012,14083,2,1
2,Payment,1772024100.257947,13960,11,1
2,Payment,1772024100.258369,8175,5,1
1,NewOrder,1772024100.258402,27566,15,1
2,Payment,1772024100.258478,22470,7,1
2,Payment,1772024100.258841,20001,21,1
2,Payment,1772024100.259324,31506,9,1
4,Delivery,1772024100.261399,14474,1,1
3,OrderStatus,1772024100.261797,3470,8,1
1,NewOrder,1772024100.265152,15809,22,1
2,Payment,1772024100.265292,33752,8,1
5,StockLevel,1772024100.266520,17909,17,1
2,Payment,1772024100.266559,11111,5,1
4,Delivery,1772024100.268104,8108,2,1
2,Payment,1772024100.268498,14010,4,1
2,Payment,1772024100.268521,20863,12,1
1,NewOrder,1772024100.268547,23305,0,1
1,NewOrder,1772024100.268574,41904,18,1
2,Payment,1772024100.270024,13337,19,1
2,Payment,1772024100.270420,23560,23,1
1,NewOrder,1772024100.270448,35889,20,1
2,Payment,1772024100.271912,31477,11,1
5,StockLevel,1772024100.272739,6832,6,1
1,NewOrder,1772024100.274694,39117,13,1
1,NewOrder,1772024100.275897,17579,1,1
2,Payment,1772024100.276220,8977,2,1
1,NewOrder,1772024100.276782,9650,14,1
2,Payment,1772024100.277317,10983,3,1
2,Payment,1772024100.277681,14775,5,1
2,Payment,1772024100.278847,23479,21,1
2,Payment,1772024100.279582,36292,6,1
2,Payment,1772024100.280430,18054,16,1
2,Payment,1772024100.280981,29045,7,1
1,NewOrder,1772024100.280986,35339,22,1
2,Payment,1772024100.282518,12840,4,1
1,NewOrder,1772024100.283386,22981,19,1
2,Payment,1772024100.284453,21458,17,1
2,Payment,1772024100.285201,13793,2,1
1,NewOrder,1772024100.285973,31321,15,1
5,StockLevel,1772024100.286457,3972,14,1
1,NewOrder,1772024100.288325,31350,3,1
2,Payment,1772024100.289393,30284,12,1
2,Payment,1772024100.290433,20088,14,1
1,NewOrder,1772024100.290854,26003,9,1
2,Payment,1772024100.291857,12614,0,1
4,Delivery,1772024100.292463,64468,5,1
1,NewOrder,1772024100.293487,19605,1,1
2,Payment,1772024100.293985,15150,23,1
1,NewOrder,1772024100.295367,13466,4,1
2,Payment,1772024100.298494,26269,16,1
2,Payment,1772024100.299002,14106,2,1
4,Delivery,1772024100.299053,32148,8,1
1,NewOrder,1772024100.301504,17102,10,1
1,NewOrder,1772024100.302336,27750,21,1
1,NewOrder,1772024100.303398,29498,11,1
1,NewOrder,1772024100.304476,43333,0,1
2,Payment,1772024100.305921,25740,17,1
2,Payment,1772024100.306344,13645,20,1
3,OrderStatus,1772024100.306376,5349,19,1
2,Payment,1772024100.308844,17098,4,1
2,Payment,1772024100.309146,15584,23,1
2,Payment,1772024100.310037,14268,7,1
1,NewOrder,1772024100.310483,39400,18,1
1,NewOrder,1772024100.310527,25697,14,1
1,NewOrder,1772024100.311735,7441,19,1
1,NewOrder,1772024100.313103,11652,1,1
1,NewOrder,1772024100.313118,20365,2,1
2,Payment,1772024100.313821,26697,13,1
2,Payment,1772024100.315880,14832,6,1
4,Delivery,1772024100.316333,60192,22,1
3,OrderStatus,1772024100.316883,8596,9,1
4,Delivery,1772024100.317300,37320,15,1
2,Payment,1772024100.318620,16669,10,1
1,NewOrder,1772024100.319181,11957,19,1
2,Payment,1772024100.319685,14976,3,1
1,NewOrder,1772024100.319688,51925,12,1
2,Payment,1772024100.319994,13518,20,1
2,Payment,1772024100.324313,18966,7,1
1,NewOrder,1772024100.324740,22834,23,1
1,NewOrder,1772024100.324764,21939,1,1
1,NewOrder,1772024100.324772,24062,16,1
1,NewOrder,1772024100.325488,32847,9,1
4,Delivery,1772024100.325949,32280,4,1
1,NewOrder,1772024100.330095,26225,21,1
3,OrderStatus,1772024100.330719,4083,6,1
1,NewOrder,1772024100.331163,31438,19,1
3,OrderStatus,1772024100.331226,5206,8,1
5,StockLevel,1772024100.331685,25053,17,1
2,Payment,1772024100.332905,20137,11,1
1,NewOrder,1772024100.333510,38581,2,1
2,Payment,1772024100.333522,10813,20,1
1,NewOrder,1772024100.334686,33435,3,1
1,NewOrder,1772024100.334827,26435,6,1
1,NewOrder,1772024100.335316,40533,10,1
2,Payment,1772024100.336233,16243,14,1
1,NewOrder,1772024100.336443,43955,8,1
2,Payment,1772024100.340542,20615,13,1
1,NewOrder,1772024100.343284,24860,7,1
2,Payment,1772024100.344359,9967,20,1
2,Payment,1772024100.346724,8684,1,1
2,Payment,1772024100.347583,13714,23,1
1,NewOrder,1772024100.347812,28679,0,1
2,Payment,1772024100.348852,23203,16,1
1,NewOrder,1772024100.349907,19847,18,1
1,NewOrder,1772024100.352500,15220,14,1
1,NewOrder,1772024100.353066,23380,11,1
1,NewOrder,1772024100.354346,19862,20,1
1,NewOrder,1772024100.354628,25735,15,1
1,NewOrder,1772024100.355432,45502,1,1
5,StockLevel,1772024100.356325,20625,21,1
1,NewOrder,1772024100.356747,44105,17,1
1,NewOrder,1772024100.356958,37841,5,1
1,NewOrder,1772024100.358238,32771,4,1
2,Payment,1772024100.358347,8337,9,1
2,Payment,1772024100.361166,23495,13,1
2,Payment,1772024100.361275,16999,6,1
1,NewOrder,1772024100.361322,39542,23,1
2,Payment,1772024100.362611,6250,19,1
1,NewOrder,1772024100.366694,45063,9,1
1,NewOrder,1772024100.367725,9135,14,1
1,NewOrder,1772024100.368145,11312,3,1
2,Payment,1772024100.368168,11736,7,1
1,NewOrder,1772024100.368886,10542,19,1
1,NewOrder,1772024100.369780,39067,18,1
1,NewOrder,1772024100.371618,29347,12,1
1,NewOrder,1772024100.372080,39610,16,1
1,NewOrder,1772024100.372119,28822,2,1
2,Payment,1772024100.374232,3036,20,1
2,Payment,1772024100.375860,6817,10,1
2,Payment,1772024100.376456,9048,11,1
1,NewOrder,1772024100.376494,38057,0,1
1,NewOrder,1772024100.376535,76941,22,1
2,Payment,1772024100.376869,16314,14,1
1,NewOrder,1772024100.376957,13193,21,1
2,Payment,1772024100.377276,12771,20,1
2,Payment,1772024100.378299,12401,6,1
2,Payment,1772024100.379437,18076,19,1
1,NewOrder,1772024100.379467,84731,3,1
2,Payment,1772024100.379909,14328,7,1
1,NewOrder,1772024100.380374,20122,15,1
1,NewOrder,1772024100.380423,11309,8,1
1,NewOrder,1772024100.382683,67790,10,1
1,NewOrder,1772024100.384666,27647,13,1
1,NewOrder,1772024100.385529,33166,11,1
1,NewOrder,1772024100.390057,61402,20,1
1,NewOrder,1772024100.390162,62588,21,1
2,Payment,1772024100.390725,12978,6,1
1,NewOrder,1772024100.391014,60344,4,1
1,NewOrder,1772024100.391744,59649,8,1
4,Delivery,1772024100.393187,25129,14,1
1,NewOrder,1772024100.394241,21471,7,1
1,NewOrder,1772024100.394810,24639,5,1
1,NewOrder,1772024100.397522,28444,19,1
2,Payment,1772024100.400523,13180,15,1
2,Payment,1772024100.400876,17976,17,1
1,NewOrder,1772024100.400886,47011,23,1
1,NewOrder,1772024100.400943,29352,1,1
2,Payment,1772024100.400952,11391,2,1
1,NewOrder,1772024100.400975,38943,12,1
2,Payment,1772024100.403713,10560,6,1
1,NewOrder,1772024100.408860,14763,18,1
2,Payment,1772024100.411715,15136,16,1
2,Payment,1772024100.411781,7032,9,1
2,Payment,1772024100.412330,19402,13,1
1,NewOrder,1772024100.412353,31198,2,1
2,Payment,1772024100.413714,23479,15,1
1,NewOrder,1772024100.414298,16879,6,1
5,StockLevel,1772024100.414569,8543,0,1
1,NewOrder,1772024100.415725,13247,7,1
2,Payment,1772024100.418341,25219,14,1
1,NewOrder,1772024100.418716,13424,11,1
2,Payment,1772024100.418823,6717,9,1
1,NewOrder,1772024100.418857,34234,17,1
2,Payment,1772024100.419460,3706,5,1
2,Payment,1772024100.423132,8612,0,1
1,NewOrder,1772024100.423191,11066,5,1
2,Payment,1772024100.423635,6008,18,1
1,NewOrder,1772024100.425567,28881,9,1
2,Payment,1772024100.425976,13442,19,1
2,Payment,1772024100.426860,33304,16,1
1,NewOrder,1772024100.428980,46788,7,1
1,NewOrder,1772024100.429647,28013,18,1
1,NewOrder,1772024100.430305,18889,1,1
1,NewOrder,1772024100.431202,6022,6,1
2,Payment,1772024100.431737,37331,13,1
3,OrderStatus,1772024100.431754,4846,0,1
2,Payment,1772024100.432149,2535,11,1
2,Payment,1772024100.434267,2494,5,1
3,OrderStatus,1772024100.434691,2042,11,1
2,Payment,1772024100.436612,6614,0,1
3,OrderStatus,1772024100.436741,2033,11,1
1,NewOrder,1772024100.436771,20873,5,1
2,Payment,1772024100.437217,10360,15,1
1,NewOrder,1772024100.437250,7679,6,1
4,Delivery,1772024100.438780,48093,11,1
1,NewOrder,1772024100.439423,46906,19,1
1,NewOrder,1772024100.439942,22765,12,1
1,NewOrder,1772024100.443253,24710,0,1
1,NewOrder,1772024100.443568,13546,2,1
2,Payment,1772024100.443585,30253,14,1
1,NewOrder,1772024100.444954,23006,6,1
2,Payment,1772024100.447603,35334,15,1
4,Delivery,1772024100.447907,60298,23,1
2,Payment,1772024100.449204,4783,1,1
1,NewOrder,1772024100.450482,24125,10,1
1,NewOrder,1772024100.451364,32207,4,1
1,NewOrder,1772024100.451401,46255,8,1
1,NewOrder,1772024100.451469,22401,20,1
2,Payment,1772024100.452759,7830,21,1
1,NewOrder,1772024100.453101,43901,17,1
2,Payment,1772024100.453486,19191,22,1
1,NewOrder,1772024100.453994,13532,1,1
1,NewOrder,1772024100.454458,20214,9,1
1,NewOrder,1772024100.457126,20848,2,1
5,StockLevel,1772024100.457655,12381,5,1
4,Delivery,1772024100.457669,50861,18,1
2,Payment,1772024100.460171,32626,16,1
1,NewOrder,1772024100.460596,27821,21,1
4,Delivery,1772024100.462715,5215,12,1
1,NewOrder,1772024100.464205,28886,3,1
2,Payment,1772024100.467532,6381,1,1
3,OrderStatus,1772024100.467935,9268,12,1
1,NewOrder,1772024100.467972,34283,6,1
1,NewOrder,1772024100.467973,26309,0,1
2,Payment,1772024100.469078,32517,13,1
2,Payment,1772024100.470046,8409,5,1
1,NewOrder,1772024100.472681,25591,22,1
1,NewOrder,1772024100.473847,27214,14,1
1,NewOrder,1772024100.473876,27640,20,1
1,NewOrder,1772024100.473922,28633,1,1
5,StockLevel,1772024100.474612,29833,10,1
1,NewOrder,1772024100.474682,12924,9,1
1,NewOrder,1772024100.475773,68597,7,1
2,Payment,1772024100.477206,36062,12,1
3,OrderStatus,1772024100.477986,4262,2,1
2,Payment,1772024100.478460,5841,5,1
2,Payment,1772024100.482256,8162,2,1
3,OrderStatus,1772024100.482941,6945,15,1
2,Payment,1772024100.483578,16279,4,1
1,NewOrder,1772024100.484309,20946,5,1
1,NewOrder,1772024100.486339,16196,19,1
1,NewOrder,1772024100.486882,36155,11,1
1,NewOrder,1772024100.487610,22360,9,1
1,NewOrder,1772024100.488422,18835,21,1
1,NewOrder,1772024100.489896,35661,15,1
1,NewOrder,1772024100.490423,21022,2,1
1,NewOrder,1772024100.492801,35464,16,1
2,Payment,1772024100.493096,16520,3,1
2,Payment,1772024100.494288,22464,0,1
2,Payment,1772024100.497012,25518,17,1
1,NewOrder,1772024100.497666,8376,8,1
1,NewOrder,1772024100.498278,7333,22,1
2,Payment,1772024100.499862,22734,4,1
2,Payment,1772024100.501072,30747,14,1
5,StockLevel,1772024100.501522,17916,20,1
1,NewOrder,1772024100.501602,20345,13,1
2,Payment,1772024100.502259,10708,6,1
3,OrderStatus,1772024100.502541,9472,19,1
2,Payment,1772024100.502560,29368,1,1
2,Payment,1772024100.504455,13184,10,1
2,Payment,1772024100.505261,37471,5,1
1,NewOrder,1772024100.505616,9084,22,1
1,NewOrder,1772024100.506046,21030,8,1
2,Payment,1772024100.507264,2680,21,1
2,Payment,1772024100.508215,5003,23,1
1,NewOrder,1772024100.508537,22484,18,1
2,Payment,1772024100.509626,41527,3,1
2,Payment,1772024100.509957,8300,21,1
1,NewOrder,1772024100.509983,25703,9,1
2,Payment,1772024100.511454,51389,2,1
2,Payment,1772024100.512018,21277,19,1
1,NewOrder,1772024100.512992,19103,6,1
2,Payment,1772024100.513241,25360,23,1
1,NewOrder,1772024100.513293,28249,12,1
1,NewOrder,1772024100.514711,18081,22,1
1,NewOrder,1772024100.516778,14564,0,1
2,Payment,1772024100.517654,5842,10,1
1,NewOrder,1772024100.518269,41746,21,1
5,StockLevel,1772024100.519447,16585,20,1
1,NewOrder,1772024100.521956,17197,13,1
3,OrderStatus,1772024100.522540,11169,17,1
2,Payment,1772024100.522606,50944,4,1
1,NewOrder,1772024100.523062,21976,11,1
2,Payment,1772024100.523521,12605,10,1
1,NewOrder,1772024100.525571,24238,15,1
1,NewOrder,1772024100.527101,16141,8,1
1,NewOrder,1772024100.528275,27016,16,1
2,Payment,1772024100.531030,12638,18,1
3,OrderStatus,1772024100.531353,3621,0,1
2,Payment,1772024100.531828,8911,14,1
2,Payment,1772024100.531938,49755,1,1
1,NewOrder,1772024100.532107,29520,6,1
1,NewOrder,1772024100.532807,18001,22,1
2,Payment,1772024100.533298,16441,19,1
2,Payment,1772024100.533719,15478,17,1
1,NewOrder,1772024100.535002,19483,0,1
1,NewOrder,1772024100.535696,16405,9,1
2,Payment,1772024100.536037,33309,20,1
1,NewOrder,1772024100.536136,15457,10,1
1,NewOrder,1772024100.538612,20699,23,1
5,StockLevel,1772024100.539187,11611,13,1
2,Payment,1772024100.540764,22837,14,1
1,NewOrder,1772024100.541547,18756,12,1
1,NewOrder,1772024100.542743,31366,5,1
1,NewOrder,1772024100.543255,15263,8,1
2,Payment,1772024100.543678,35806,18,1
1,NewOrder,1772024100.544394,20730,7,1
1,NewOrder,1772024100.545043,13960,11,1
2,Payment,1772024100.549207,34133,17,1
1,NewOrder,1772024100.549749,26165,19,1
2,Payment,1772024100.549821,22726,15,1
1,NewOrder,1772024100.550823,36495,13,1
4,Delivery,1772024100.550837,15559,22,1
5,StockLevel,1772024100.551164,30694,3,1
2,Payment,1772024100.551603,12099,10,1
1,NewOrder,1772024100.552126,54519,9,1
1,NewOrder,1772024100.554493,20994,0,1
1,NewOrder,1772024100.555305,14542,16,1
2,Payment,1772024100.558527,17452,8,1
1,NewOrder,1772024100.559027,36464,11,1
1,NewOrder,1772024100.559336,4696,23,1
2,Payment,1772024100.560022,26268,21,1
1,NewOrder,1772024100.560306,23097,12,1
1,NewOrder,1772024100.561652,12431,6,1
1,NewOrder,1772024100.562850,31098,2,1
2,Payment,1772024100.563627,28470,14,1
1,NewOrder,1772024100.563718,43328,10,1
1,NewOrder,1772024100.564036,4273,23,1
2,Payment,1772024100.565150,14714,7,1
2,Payment,1772024100.566405,16153,22,1
2,Payment,1772024100.568313,21186,23,1
1,NewOrder,1772024100.569355,59032,20,1
1,NewOrder,1772024100.569851,6033,16,1
1,NewOrder,1772024100.572576,45770,15,1
1,NewOrder,1772024100.573558,23827,4,1
1,NewOrder,1772024100.574107,6397,6,1
2,Payment,1772024100.574133,11796,5,1
1,NewOrder,1772024100.575498,23894,0,1
2,Payment,1772024100.575889,30406,16,1
2,Payment,1772024100.575924,18733,19,1
1,NewOrder,1772024100.575989,22252,8,1
2,Payment,1772024100.579494,19250,18,1
1,NewOrder,1772024100.579873,63171,7,1
1,NewOrder,1772024100.580514,18271,6,1
1,NewOrder,1772024100.581710,46612,1,1
1,NewOrder,1772024100.581880,42700,3,1
2,Payment,1772024100.582574,21108,22,1
3,OrderStatus,1772024100.583344,9068,17,1
1,NewOrder,1772024100.583413,24841,12,1
5,StockLevel,1772024100.585940,14041,5,1
1,NewOrder,1772024100.586293,19559,21,1
2,Payment,1772024100.587326,29232,13,1
2,Payment,1772024100.589510,20752,23,1
1,NewOrder,1772024100.592106,24953,14,1
1,NewOrder,1772024100.592422,30430,17,1
1,NewOrder,1772024100.593960,30591,2,1
1,NewOrder,1772024100.594667,30568,19,1
1,NewOrder,1772024100.595516,52648,11,1
1,NewOrder,1772024100.597399,28491,4,1
2,Payment,1772024100.598250,5833,8,1
1,NewOrder,1772024100.598768,28875,18,1
1,NewOrder,1772024100.598798,31039,6,1
1,NewOrder,1772024100.599421,25104,0,1
1,NewOrder,1772024100.599991,52644,5,1
1,NewOrder,1772024100.603691,28067,22,1
1,NewOrder,1772024100.604093,43613,8,1
1,NewOrder,1772024100.605863,42273,21,1
1,NewOrder,1772024100.606299,30231,16,1
2,Payment,1772024100.606654,13718,9,1
1,NewOrder,1772024100.607055,46309,10,1
1,NewOrder,1772024100.608269,19919,12,1
5,StockLevel,1772024100.610276,29311,23,1
4,Delivery,1772024100.616567,39647,13,1
4,Delivery,1772024100.617083,38720,14,1
1,NewOrder,1772024100.618373,23241,15,1
1,NewOrder,1772024100.620397,32949,9,1
2,Payment,1772024100.622881,7457,17,1
2,Payment,1772024100.624552,7539,0,1
2,Payment,1772024100.624577,4078,2,1
4,Delivery,1772024100.624606,21309,3,1
2,Payment,1772024100.625241,12000,19,1
2,Payment,1772024100.625904,8999,4,1
1,NewOrder,1772024100.627653,41342,18,1
4,Delivery,1772024100.628198,28097,12,1
2,Payment,1772024100.628359,10532,1,1
2,Payment,1772024100.628412,13647,20,1
1,NewOrder,1772024100.628684,8175,2,1
5,StockLevel,1772024100.629851,21041,6,1
2,Payment,1772024100.630341,2284,17,1
5,StockLevel,1772024100.631784,20659,22,1
2,Payment,1772024100.632116,10466,0,1
1,NewOrder,1772024100.632636,11253,17,1
1,NewOrder,1772024100.634927,13202,4,1
1,NewOrder,1772024100.636540,24005,16,1
1,NewOrder,1772024100.636870,21435,2,1
2,Payment,1772024100.637266,10887,19,1
2,Payment,1772024100.638900,9256,1,1
1,NewOrder,1772024100.639593,40909,23,1
1,NewOrder,1772024100.641639,19208,15,1
1,NewOrder,1772024100.642069,18744,20,1
2,Payment,1772024100.642609,11615,0,1
4,Delivery,1772024100.643069,22380,7,1
1,NewOrder,1772024100.643901,19051,17,1
1,NewOrder,1772024100.645940,26751,3,1
1,NewOrder,1772024100.647731,25851,8,1
1,NewOrder,1772024100.648136,25870,4,1
2,Payment,1772024100.648147,20006,21,1
2,Payment,1772024100.648163,10422,19,1
1,NewOrder,1772024100.648167,23081,1,1
1,NewOrder,1772024100.648176,30954,11,1
2,Payment,1772024100.650902,8906,6,1
1,NewOrder,1772024100.652452,45371,22,1
2,Payment,1772024100.652645,12164,5,1
1,NewOrder,1772024100.653350,21860,9,1
1,NewOrder,1772024100.653392,47225,10,1
2,Payment,1772024100.654230,20608,0,1
5,StockLevel,1772024100.655829,19185,14,1
2,Payment,1772024100.656246,7698,13,1
2,Payment,1772024100.656319,22713,12,1
3,OrderStatus,1772024100.658326,5289,2,1
1,NewOrder,1772024100.658591,25689,19,1
2,Payment,1772024100.659830,9591,6,1
2,Payment,1772024100.660572,22707,16,1
2,Payment,1772024100.660827,13936,20,1
1,NewOrder,1772024100.660863,19219,15,1
2,Payment,1772024100.662973,37656,17,1
1,NewOrder,1772024100.663640,23399,2,1
1,NewOrder,1772024100.663970,21007,13,1
2,Payment,1772024100.664842,15559,5,1
1,NewOrder,1772024100.665460,57150,7,1
2,Payment,1772024100.668156,12907,21,1
2,Payment,1772024100.669010,20329,18,1
1,NewOrder,1772024100.669446,27059,6,1
1,NewOrder,1772024100.671260,13768,1,1
2,Payment,1772024100.672716,12681,3,1
2,Payment,1772024100.673592,8096,8,1
1,NewOrder,1772024100.674015,18081,4,1
2,Payment,1772024100.674773,26710,20,1
5,StockLevel,1772024100.674847,10743,0,1
2,Payment,1772024100.675019,12745,14,1
2,Payment,1772024100.675223,10708,9,1
2,Payment,1772024100.679043,12317,12,1
2,Payment,1772024100.679140,16505,11,1
1,NewOrder,1772024100.680098,18486,15,1
1,NewOrder,1772024100.680416,15203,5,1
2,Payment,1772024100.680527,44493,23,1
2,Payment,1772024100.681082,53686,21,1
1,NewOrder,1772024100.681698,32595,8,1
2,Payment,1772024100.683285,28123,16,1
2,Payment,1772024100.684290,33924,19,1
1,NewOrder,1772024100.684984,23864,13,1
1,NewOrder,1772024100.685039,23839,1,1
2,Payment,1772024100.685408,9814,3,1
1,NewOrder,1772024100.685600,17822,0,1
1,NewOrder,1772024100.685941,14098,9,1
2,Payment,1772024100.687050,18533,2,1
2,Payment,1772024100.687788,30069,14,1
2,Payment,1772024100.689348,21611,18,1
1,NewOrder,1772024100.691375,11500,12,1
1,NewOrder,1772024100.692106,8954,4,1
2,Payment,1772024100.695231,18577,3,1
3,OrderStatus,1772024100.695632,8366,5,1
2,Payment,1772024100.695665,11526,11,1
2,Payment,1772024100.696530,20012,6,1
1,NewOrder,1772024100.697841,36953,22,1
1,NewOrder,1772024100.698588,10360,15,1
1,NewOrder,1772024100.700064,43744,9,1
2,Payment,1772024100.700641,18145,10,1
1,NewOrder,1772024100.700655,20392,17,1
2,Payment,1772024100.701069,19463,4,1
4,Delivery,1772024100.701507,46229,20,1
3,OrderStatus,1772024100.702909,1195,12,1
2,Payment,1772024100.703434,24251,0,1
2,Payment,1772024100.704004,30842,5,1
1,NewOrder,1772024100.704109,10155,12,1
2,Payment,1772024100.705601,38169,2,1
2,Payment,1772024100.707201,13817,11,1
2,Payment,1772024100.708860,17174,13,1
2,Payment,1772024100.708889,45413,1,1
1,NewOrder,1772024100.708953,7033,15,1
5,StockLevel,1772024100.710964,15314,18,1
2,Payment,1772024100.711417,22940,16,1
1,NewOrder,1772024100.713818,28378,3,1
3,OrderStatus,1772024100.714282,1468,12,1
2,Payment,1772024100.714304,9892,8,1
2,Payment,1772024100.715756,21519,12,1
2,Payment,1772024100.715996,24304,15,1
2,Payment,1772024100.716550,11863,6,1
1,NewOrder,1772024100.717862,34419,14,1
5,StockLevel,1772024100.718223,23534,19,1
2,Payment,1772024100.718801,13738,10,1
2,Payment,1772024100.720557,45381,4,1
1,NewOrder,1772024100.721034,15600,11,1
1,NewOrder,1772024100.721060,11005,17,1
1,NewOrder,1772024100.722634,24084,7,1
1,NewOrder,1772024100.724206,15729,8,1
2,Payment,1772024100.725029,19641,23,1
1,NewOrder,1772024100.726039,30881,13,1
1,NewOrder,1772024100.726285,21888,18,1
1,NewOrder,1772024100.727710,20991,0,1
1,NewOrder,1772024100.728438,14346,6,1
2,Payment,1772024100.732090,13916,17,1
1,NewOrder,1772024100.732551,20724,10,1
2,Payment,1772024100.734367,17441,16,1
1,NewOrder,1772024100.734778,25177,21,1
1,NewOrder,1772024100.734810,22135,22,1
2,Payment,1772024100.734856,40001,5,1
1,NewOrder,1772024100.736646,19896,11,1
2,Payment,1772024100.737279,22292,12,1
2,Payment,1772024100.739945,5420,8,1
1,NewOrder,1772024100.740309,33700,15,1
2,Payment,1772024100.741767,8574,19,1
2,Payment,1772024100.742207,39671,3,1
1,NewOrder,1772024100.742793,29051,6,1
1,NewOrder,1772024100.743774,42126,2,1
1,NewOrder,1772024100.743817,52807,9,1
5,StockLevel,1772024100.744680,10689,23,1
4,Delivery,1772024100.745375,41585,8,1
1,NewOrder,1772024100.746014,44855,17,1
1,NewOrder,1772024100.746728,13208,7,1
2,Payment,1772024100.747747,7193,20,1
2,Payment,1772024100.748178,19125,18,1
2,Payment,1772024100.748705,41496,0,1
1,NewOrder,1772024100.750350,7907,19,1
1,NewOrder,1772024100.751814,15911,16,1
1,NewOrder,1772024100.752287,41893,14,1
1,NewOrder,1772024100.753281,41717,10,1
5,StockLevel,1772024100.754305,25959,1,1
1,NewOrder,1772024100.754954,41568,20,1
2,Payment,1772024100.755379,13681,23,1
4,Delivery,1772024100.756552,30741,11,1
2,Payment,1772024100.756927,5134,13,1
1,NewOrder,1772024100.756949,51786,22,1
2,Payment,1772024100.758262,14040,19,1
2,Payment,1772024100.759581,5396,12,1
1,NewOrder,1772024100.759946,48699,7,1
2,Payment,1772024100.759959,15893,21,1
1,NewOrder,1772024100.762065,6206,13,1
2,Payment,1772024100.764987,2838,12,1
1,NewOrder,1772024100.765946,30160,4,1
1,NewOrder,1772024100.767311,33588,18,1
2,Payment,1772024100.767730,6833,16,1
2,Payment,1772024100.767831,2638,12,1
1,NewOrder,1772024100.768276,14028,13,1
1,NewOrder,1772024100.769071,13211,23,1
4,Delivery,1772024100.770474,4034,12,1
1,NewOrder,1772024100.771853,22351,6,1
1,NewOrder,1772024100.772307,29018,19,1
1,NewOrder,1772024100.774016,22479,15,1
1,NewOrder,1772024100.774513,25841,12,1
1,NewOrder,1772024100.774570,23807,16,1
1,NewOrder,1772024100.774861,30005,5,1
1,NewOrder,1772024100.775857,17717,21,1
2,Payment,1772024100.780269,21061,1,1
2,Payment,1772024100.781889,24473,3,1
2,Payment,1772024100.782288,5225,23,1
1,NewOrder,1772024100.782309,23595,13,1
2,Payment,1772024100.785910,33343,2,1
2,Payment,1772024100.786966,7175,8,1
1,NewOrder,1772024100.787300,13654,11,1
4,Delivery,1772024100.787518,81028,23,1
2,Payment,1772024100.790206,40770,0,1
2,Payment,1772024100.790879,13497,17,1
2,Payment,1772024100.793579,11387,21,1
1,NewOrder,1772024100.794146,68924,8,1
2,Payment,1772024100.794186,29399,14,1
2,Payment,1772024100.794209,14057,6,1
1,NewOrder,1772024100.795004,53443,10,1
1,NewOrder,1772024100.796113,10738,4,1
1,NewOrder,1772024100.796506,13862,15,1
2,Payment,1772024100.796526,22228,20,1
2,Payment,1772024100.796634,24950,9,1
1,NewOrder,1772024100.798386,31530,16,1
1,NewOrder,1772024100.800359,46760,12,1
2,Payment,1772024100.800907,33678,18,1
1,NewOrder,1772024100.800959,9737,11,1
1,NewOrder,1772024100.801335,24221,19,1
4,Delivery,1772024100.801339,12226,1,1
1,NewOrder,1772024100.804380,53213,17,1
2,Payment,1772024100.804871,27962,5,1
1,NewOrder,1772024100.804977,52241,21,1
2,Payment,1772024100.805910,25945,13,1
1,NewOrder,1772024100.806371,50368,3,1
4,Delivery,1772024100.806855,6948,4,1
5,StockLevel,1772024100.808271,33351,6,1
5,StockLevel,1772024100.808651,20484,7,1
2,Payment,1772024100.808745,40225,22,1
1,NewOrder,1772024100.810378,8832,15,1
2,Payment,1772024100.810699,23202,11,1
1,NewOrder,1772024100.813571,16900,1,1
3,OrderStatus,1772024100.813811,2148,4,1
1,NewOrder,1772024100.815965,6179,4,1
2,Payment,1772024100.818761,42472,20,1
2,Payment,1772024100.819218,22703,15,1
1,NewOrder,1772024100.819263,50359,2,1
2,Payment,1772024100.821595,22538,9,1
1,NewOrder,1772024100.822151,29139,4,1
2,Payment,1772024100.823595,33317,14,1
1,NewOrder,1772024100.825565,31200,19,1
2,Payment,1772024100.829140,27737,7,1
1,NewOrder,1772024100.829923,39730,16,1
2,Payment,1772024100.830481,4591,1,1
2,Payment,1772024100.830981,7512,0,1
2,Payment,1772024100.831865,38608,13,1
2,Payment,1772024100.832843,9540,5,1
1,NewOrder,1772024100.833905,29759,11,1
1,NewOrder,1772024100.834596,27073,18,1
1,NewOrder,1772024100.835078,11678,1,1
1,NewOrder,1772024100.838498,13992,0,1
2,Payment,1772024100.841632,22189,6,1
3,OrderStatus,1772024100.841926,10546,15,1
2,Payment,1772024100.842394,3856,5,1
2,Payment,1772024100.844143,25036,9,1
2,Payment,1772024100.846258,3374,5,1
2,Payment,1772024100.846765,7443,1,1
1,NewOrder,1772024100.847124,30232,12,1
5,StockLevel,1772024100.848453,24076,10,1
1,NewOrder,1772024100.848979,27662,22,1
1,NewOrder,1772024100.849636,14138,5,1
2,Payment,1772024100.851295,8142,4,1
5,StockLevel,1772024100.852482,21308,15,1
1,NewOrder,1772024100.852495,14709,0,1
1,NewOrder,1772024100.854213,18104,1,1
2,Payment,1772024100.856750,15333,3,1
1,NewOrder,1772024100.856773,27397,19,1
2,Payment,1772024100.856886,18982,7,1
1,NewOrder,1772024100.856921,18583,14,1
2,Payment,1772024100.857222,10954,21,1
5,StockLevel,1772024100.857598,14237,17,1
1,NewOrder,1772024100.859443,25068,4,1
1,NewOrder,1772024100.861245,23700,20,1
1,NewOrder,1772024100.861677,16819,18,1
2,Payment,1772024100.863076,28071,8,1
2,Payment,1772024100.863671,41164,11,1
1,NewOrder,1772024100.863778,32194,5,1
1,NewOrder,1772024100.863827,28080,6,1
1,NewOrder,1772024100.867210,39088,0,1
1,NewOrder,1772024100.868183,16367,21,1
4,Delivery,1772024100.868558,38084,23,1
1,NewOrder,1772024100.869187,28913,9,1
2,Payment,1772024100.869631,15788,2,1
1,NewOrder,1772024100.869657,51532,16,1
1,NewOrder,1772024100.870483,22220,13,1
2,Payment,1772024100.871840,8318,17,1
4,Delivery,1772024100.872093,32207,3,1
1,NewOrder,1772024100.872323,43486,1,1
1,NewOrder,1772024100.872532,19220,10,1
1,NewOrder,1772024100.873795,20754,15,1
3,OrderStatus,1772024100.875509,5106,14,1
1,NewOrder,1772024100.875873,41917,7,1
3,OrderStatus,1772024100.876646,5843,22,1
2,Payment,1772024100.877361,10038,12,1
2,Payment,1772024100.878503,6423,18,1
1,NewOrder,1772024100.880163,26087,17,1
2,Payment,1772024100.880626,21717,14,1
2,Payment,1772024100.882495,9305,22,1
2,Payment,1772024100.884181,25204,19,1
3,OrderStatus,1772024100.884516,7928,4,1
2,Payment,1772024100.884560,34767,21,1
5,StockLevel,1772024100.884933,6727,18,1
2,Payment,1772024100.884959,20367,20,1
2,Payment,1772024100.885425,15622,2,1
2,Payment,1772024100.887404,21484,12,1
1,NewOrder,1772024100.891171,39455,8,1
2,Payment,1772024100.891672,20727,18,1
2,Payment,1772024100.891758,17584,10,1
2,Payment,1772024100.891805,36252,22,1
3,OrderStatus,1772024100.891913,4334,6,1
2,Payment,1772024100.892454,17960,4,1
5,StockLevel,1772024100.892708,3889,13,1
1,NewOrder,1772024100.894553,4839,15,1
1,NewOrder,1772024100.895976,25592,5,1
2,Payment,1772024100.896256,19165,6,1
2,Payment,1772024100.896601,15343,13,1
3,OrderStatus,1772024100.898110,7827,9,1
1,NewOrder,1772024100.899395,5436,15,1
2,Payment,1772024100.901058,16120,2,1
1,NewOrder,1772024100.902353,43221,14,1
2,Payment,1772024100.904306,22119,3,1
2,Payment,1772024100.904833,11019,15,1
1,NewOrder,1772024100.904846,9177,11,1
1,NewOrder,1772024100.905337,24223,20,1
1,NewOrder,1772024100.905947,23639,9,1
1,NewOrder,1772024100.906256,27348,17,1
1,NewOrder,1772024100.906307,34805,0,1
3,OrderStatus,1772024100.906648,6190,23,1
1,NewOrder,1772024100.908896,17498,12,1
2,Payment,1772024100.909348,14706,10,1
2,Payment,1772024100.909390,32179,19,1
1,NewOrder,1772024100.910418,27937,4,1
2,Payment,1772024100.911948,8503,13,1
1,NewOrder,1772024100.912404,25921,18,1
2,Payment,1772024100.912844,43640,23,1
1,NewOrder,1772024100.914032,31050,11,1
2,Payment,1772024100.915429,19820,6,1
1,NewOrder,1772024100.915814,49431,1,1
2,Payment,1772024100.915864,10609,15,1
2,Payment,1772024100.917186,20392,2,1
1,NewOrder,1772024100.917799,21485,7,1
1,NewOrder,1772024100.919336,46342,21,1
2,Payment,1772024100.920457,12331,13,1
1,NewOrder,1772024100.921200,45716,16,1
1,NewOrder,1772024100.921574,17286,5,1
2,Payment,1772024100.924059,26313,10,1
1,NewOrder,1772024100.926401,27682,12,1
1,NewOrder,1772024100.926430,45337,3,1
1,NewOrder,1772024100.926483,25938,15,1
1,NewOrder,1772024100.928066,37130,22,1
1,NewOrder,1772024100.929567,47994,20,1
1,NewOrder,1772024100.929591,40783,9,1
3,OrderStatus,1772024100.930632,3435,8,1
1,NewOrder,1772024100.932799,31796,13,1
2,Payment,1772024100.933609,4645,17,1
1,NewOrder,1772024100.934073,8414,8,1
4,Delivery,1772024100.935260,18528,6,1
2,Payment,1772024100.937591,16532,2,1
1,NewOrder,1772024100.938260,30597,17,1
2,Payment,1772024100.938334,9862,18,1
1,NewOrder,1772024100.938362,35480,4,1
4,Delivery,1772024100.938866,45273,5,1
2,Payment,1772024100.939291,23483,7,1
2,Payment,1772024100.941119,32165,0,1
2,Payment,1772024100.941579,24711,19,1
2,Payment,1772024100.942492,26048,8,1
1,NewOrder,1772024100.945088,32439,11,1
1,NewOrder,1772024100.945592,18421,14,1
1,NewOrder,1772024100.948202,25688,18,1
1,NewOrder,1772024100.950380,39883,10,1
1,NewOrder,1772024100.952431,41516,15,1
2,Payment,1772024100.953798,21768,6,1
1,NewOrder,1772024100.954087,26148,12,1
2,Payment,1772024100.954131,33220,2,1
2,Payment,1772024100.956489,21111,23,1
1,NewOrder,1772024100.962785,34457,7,1
1,NewOrder,1772024100.964024,17736,14,1
2,Payment,1772024100.964600,12127,13,1
2,Payment,1772024100.965205,20510,22,1
2,Payment,1772024100.965250,29601,1,1
1,NewOrder,1772024100.965683,42343,21,1
1,NewOrder,1772024100.966300,40418,19,1
1,NewOrder,1772024100.966923,38204,16,1
1,NewOrder,1772024100.968546,29068,8,1
2,Payment,1772024100.968864,16384,17,1
1,NewOrder,1772024100.970385,10748,9,1
1,NewOrder,1772024100.971774,13913,3,1
2,Payment,1772024100.973293,28224,0,1
2,Payment,1772024100.973890,34068,4,1
4,Delivery,1772024100.973927,18927,18,1
2,Payment,1772024100.975656,10098,6,1
1,NewOrder,1772024100.976827,26852,13,1
2,Payment,1772024100.977547,11113,11,1
1,NewOrder,1772024100.977569,23424,20,1
1,NewOrder,1772024100.977608,27047,23,1
2,Payment,1772024100.980241,13328,12,1
4,Delivery,1772024100.981140,7546,9,1
2,Payment,1772024100.981771,15892,14,1
2,Payment,1772024100.984149,37927,5,1
2,Payment,1772024100.985256,17081,17,1
3,OrderStatus,1772024100.985694,1616,3,1
2,Payment,1772024100.985720,2905,22,1
2,Payment,1772024100.985766,6541,6,1
2,Payment,1772024100.987315,28613,3,1
2,Payment,1772024100.987356,42689,2,1
1,NewOrder,1772024100.988633,14143,22,1
1,NewOrder,1772024100.988665,19608,11,1
1,NewOrder,1772024100.988691,4499,9,1
2,Payment,1772024100.990273,8072,10,1
1,NewOrder,1772024100.992314,22149,6,1
1,NewOrder,1772024100.992858,24559,18,1
2,Payment,1772024100.993195,9603,9,1
1,NewOrder,1772024100.993574,12240,12,1
1,NewOrder,1772024100.993963,21615,15,1
2,Payment,1772024100.994861,49012,1,1
2,Payment,1772024100.997251,15542,7,1
1,NewOrder,1772024100.997620,17336,8,1
2,Payment,1772024100.997666,10389,14,1
1,NewOrder,1772024100.998350,20481,10,1
2,Payment,1772024101.001001,7762,20,1
2,Payment,1772024101.001540,48215,0,1
2,Payment,1772024101.002342,11393,17,1
1,NewOrder,1772024101.002788,14230,22,1
1,NewOrder,1772024101.002808,15586,9,1
2,Payment,1772024101.003686,14208,13,1
2,Payment,1772024101.004665,7205,23,1
1,NewOrder,1772024101.005137,18503,16,1
2,Payment,1772024101.005821,15568,12,1
2,Payment,1772024101.006723,9152,19,1
2,Payment,1772024101.007965,48479,4,1
2,Payment,1772024101.008043,15280,21,1
2,Payment,1772024101.008072,20678,14,1
2,Payment,1772024101.008282,9106,11,1
2,Payment,1772024101.008769,21570,20,1
2,Payment,1772024101.011877,24216,23,1
2,Payment,1772024101.012798,8032,7,1
2,Payment,1772024101.013742,25057,17,1
3,OrderStatus,1772024101.014469,2414,6,1
1,NewOrder,1772024101.014965,17889,8,1
2,Payment,1772024101.015587,30966,15,1
2,Payment,1772024101.015880,26507,19,1
1,NewOrder,1772024101.015933,39510,3,1
2,Payment,1772024101.016888,15440,6,1
1,NewOrder,1772024101.017029,8249,22,1
2,Payment,1772024101.017393,6638,11,1
1,NewOrder,1772024101.017420,17980,18,1
4,Delivery,1772024101.017898,15309,13,1
1,NewOrder,1772024101.018408,8356,9,1
2,Payment,1772024101.018836,24287,10,1
1,NewOrder,1772024101.020834,10163,7,1
1,NewOrder,1772024101.021394,29689,12,1
1,NewOrder,1772024101.022079,24844,5,1
2,Payment,1772024101.023328,25791,21,1
4,Delivery,1772024101.023644,10244,16,1
2,Payment,1772024101.024039,25452,11,1
1,NewOrder,1772024101.025285,8334,22,1
1,NewOrder,1772024101.026769,8231,9,1
1,NewOrder,1772024101.028761,15601,14,1
2,Payment,1772024101.030067,30736,2,1
1,NewOrder,1772024101.030352,14381,20,1
1,NewOrder,1772024101.031002,5985,7,1
1,NewOrder,1772024101.032338,13826,6,1
1,NewOrder,1772024101.032864,44971,8,1
1,NewOrder,1772024101.033214,27120,13,1
1,NewOrder,1772024101.033626,6639,22,1
2,Payment,1772024101.033895,17604,16,1
2,Payment,1772024101.035004,19337,9,1
2,Payment,1772024101.035410,25531,18,1
2,Payment,1772024101.036100,49484,23,1
1,NewOrder,1772024101.036991,8819,7,1
1,NewOrder,1772024101.038805,51046,17,1
2,Payment,1772024101.040272,12687,22,1
2,Payment,1772024101.042397,30491,19,1
4,Delivery,1772024101.043128,31461,10,1
2,Payment,1772024101.043877,30021,1,1
1,NewOrder,1772024101.044367,43204,14,1
1,NewOrder,1772024101.044739,45890,20,1
1,NewOrder,1772024101.045814,23807,7,1
1,NewOrder,1772024101.046170,46071,6,1
2,Payment,1772024101.046563,12258,15,1
1,NewOrder,1772024101.046928,30258,5,1
1,NewOrder,1772024101.049122,42300,21,1
1,NewOrder,1772024101.049500,42631,11,1
1,NewOrder,1772024101.049760,18272,0,1
2,Payment,1772024101.051093,22938,12,1
3,OrderStatus,1772024101.051503,7718,16,1
2,Payment,1772024101.052965,39758,22,1
2,Payment,1772024101.054348,4589,9,1
1,NewOrder,1772024101.055449,13401,3,1
2,Payment,1772024101.056468,26623,4,1
3,OrderStatus,1772024101.058832,13438,15,1
1,NewOrder,1772024101.058947,25231,9,1
2,Payment,1772024101.059227,23325,16,1
2,Payment,1772024101.060339,29980,13,1
2,Payment,1772024101.060813,28262,2,1
1,NewOrder,1772024101.060947,32568,18,1
1,NewOrder,1772024101.068042,31600,0,1
1,NewOrder,1772024101.068859,9483,3,1
3,OrderStatus,1772024101.069629,10532,7,1
2,Payment,1772024101.072276,23387,15,1
2,Payment,1772024101.072896,25765,19,1
2,Payment,1772024101.073907,24288,1,1
1,NewOrder,1772024101.074040,22385,12,1
2,Payment,1772024101.074602,3177,10,1
2,Payment,1772024101.077198,23520,5,1
1,NewOrder,1772024101.077781,7670,10,1
1,NewOrder,1772024101.077846,38960,8,1
2,Payment,1772024101.078356,25349,3,1
2,Payment,1772024101.080167,8527,7,1
1,NewOrder,1772024101.082562,17108,16,1
1,NewOrder,1772024101.083101,32006,4,1
1,NewOrder,1772024101.084202,14439,9,1
1,NewOrder,1772024101.085462,16052,10,1
2,Payment,1772024101.085621,16891,23,1
2,Payment,1772024101.087581,17789,14,1
2,Payment,1772024101.088704,6212,7,1
1,NewOrder,1772024101.089084,23999,2,1
2,Payment,1772024101.089856,22544,17,1
2,Payment,1772024101.090327,26073,13,1
2,Payment,1772024101.090638,23503,20,1
2,Payment,1772024101.091431,29152,21,1
2,Payment,1772024101.092143,7765,11,1
2,Payment,1772024101.092266,13639,6,1
2,Payment,1772024101.092732,39809,22,1
3,OrderStatus,1772024101.093519,3844,18,1
1,NewOrder,1772024101.094921,41760,7,1
1,NewOrder,1772024101.095672,7429,15,1
2,Payment,1772024101.096435,24674,12,1
2,Payment,1772024101.097370,43891,18,1
1,NewOrder,1772024101.098205,27617,1,1
1,NewOrder,1772024101.098651,19770,9,1
1,NewOrder,1772024101.098666,39107,19,1
1,NewOrder,1772024101.099654,19665,0,1
1,NewOrder,1772024101.099681,22000,16,1
3,OrderStatus,1772024101.099918,11020,11,1
2,Payment,1772024101.100728,5566,5,1
1,NewOrder,1772024101.101524,15302,10,1
4,Delivery,1772024101.102518,70447,23,1
2,Payment,1772024101.103110,27759,15,1
5,StockLevel,1772024101.103712,5864,3,1
2,Payment,1772024101.105380,34134,14,1
2,Payment,1772024101.105909,3574,6,1
2,Payment,1772024101.106304,3155,5,1
2,Payment,1772024101.109466,2519,5,1
2,Payment,1772024101.109489,2855,6,1
2,Payment,1772024101.109580,6041,3,1
2,Payment,1772024101.110947,16057,11,1
2,Payment,1772024101.111990,10556,5,1
1,NewOrder,1772024101.112349,42557,6,1
2,Payment,1772024101.112410,34270,17,1
2,Payment,1772024101.113088,18220,2,1
2,Payment,1772024101.114153,35557,20,1
2,Payment,1772024101.115113,25504,4,1
2,Payment,1772024101.115627,32645,3,1
2,Payment,1772024101.116405,36938,13,1
1,NewOrder,1772024101.116815,33871,8,1
3,OrderStatus,1772024101.116831,7387,10,1
2,Payment,1772024101.118427,16756,9,1
2,Payment,1772024101.119324,39663,0,1
2,Payment,1772024101.120590,38530,21,1
5,StockLevel,1772024101.121119,17663,12,1
2,Payment,1772024101.121691,78539,16,1
1,NewOrder,1772024101.122551,37136,5,1
1,NewOrder,1772024101.124221,21250,10,1
1,NewOrder,1772024101.125828,5523,1,1
2,Payment,1772024101.127015,15454,11,1
2,Payment,1772024101.130878,30116,15,1
2,Payment,1772024101.131317,35713,2,1
2,Payment,1772024101.131357,30146,1,1
2,Payment,1772024101.132566,35549,22,1
2,Payment,1772024101.135207,15155,9,1
1,NewOrder,1772024101.136691,31378,7,1
2,Payment,1772024101.137784,40748,19,1
2,Payment,1772024101.138791,36791,12,1
2,Payment,1772024101.139540,28664,14,1
2,Payment,1772024101.140655,34013,4,1
1,NewOrder,1772024101.141286,27505,18,1
2,Payment,1772024101.142494,16445,11,1
2,Payment,1772024101.145496,22666,10,1
2,Payment,1772024101.146705,37384,17,1
2,Payment,1772024101.148281,32782,3,1
1,NewOrder,1772024101.149732,22854,20,1
1,NewOrder,1772024101.150374,23637,9,1
1,NewOrder,1772024101.150691,26755,8,1
2,Payment,1772024101.153351,38252,13,1
1,NewOrder,1772024101.154916,16418,6,1
1,NewOrder,1772024101.158951,29741,11,1
2,Payment,1772024101.158998,32106,0,1
1,NewOrder,1772024101.159129,20504,21,1
2,Payment,1772024101.159698,39736,5,1
2,Payment,1772024101.161019,44508,15,1
1,NewOrder,1772024101.161514,14525,1,1
1,NewOrder,1772024101.167041,30974,2,1
1,NewOrder,1772024101.168094,35541,7,1
2,Payment,1772024101.168140,18083,22,1
1,NewOrder,1772024101.168186,37778,10,1
1,NewOrder,1772024101.168229,31739,14,1
1,NewOrder,1772024101.168823,28790,18,1
1,NewOrder,1772024101.171343,17827,6,1
2,Payment,1772024101.172596,21291,20,1
5,StockLevel,1772024101.172975,7852,23,1
2,Payment,1772024101.174022,3098,9,1
2,Payment,1772024101.174696,30405,4,1
2,Payment,1772024101.175606,36705,12,1
1,NewOrder,1772024101.176065,23820,1,1
1,NewOrder,1772024101.177133,11191,9,1
2,Payment,1772024101.177451,5099,8,1
3,OrderStatus,1772024101.178543,8052,19,1
2,Payment,1772024101.179638,22729,21,1
5,StockLevel,1772024101.180850,6624,23,1
1,NewOrder,1772024101.181086,36700,3,1
2,Payment,1772024101.182560,3125,8,1
1,NewOrder,1772024101.184099,24158,17,1
1,NewOrder,1772024101.185700,7012,8,1
1,NewOrder,1772024101.186232,27797,22,1
2,Payment,1772024101.186604,21237,19,1
1,NewOrder,1772024101.187484,33225,23,1
1,NewOrder,1772024101.188328,5827,9,1
1,NewOrder,1772024101.188701,5140,11,1
3,OrderStatus,1772024101.189180,6191,6,1
2,Payment,1772024101.191107,19973,0,1
2,Payment,1772024101.191625,27609,13,1
2,Payment,1772024101.192737,1875,8,1
2,Payment,1772024101.193851,4155,11,1
2,Payment,1772024101.193898,21265,20,1
5,StockLevel,1772024101.194160,2877,9,1
2,Payment,1772024101.194622,5200,8,1
1,NewOrder,1772024101.195381,24281,6,1
3,OrderStatus,1772024101.197041,938,9,1
4,Delivery,1772024101.197625,10662,18,1
2,Payment,1772024101.197993,7407,9,1
2,Payment,1772024101.198031,13804,11,1
2,Payment,1772024101.198035,19014,2,1
2,Payment,1772024101.199459,24649,5,1
1,NewOrder,1772024101.199832,22812,8,1
1,NewOrder,1772024101.199894,28668,1,1
2,Payment,1772024101.199978,26920,14,1
1,NewOrder,1772024101.200237,30506,16,1
1,NewOrder,1772024101.202392,15429,21,1
2,Payment,1772024101.203645,17928,7,1
2,Payment,1772024101.205108,24714,4,1
1,NewOrder,1772024101.205403,11135,9,1
1,NewOrder,1772024101.205545,38673,15,1
5,StockLevel,1772024101.205974,23153,10,1
2,Payment,1772024101.207848,14080,19,1
1,NewOrder,1772024101.208267,40505,17,1
1,NewOrder,1772024101.208298,26713,18,1
1,NewOrder,1772024101.211090,31436,0,1
1,NewOrder,1772024101.211838,29530,11,1
2,Payment,1772024101.212321,21253,12,1
1,NewOrder,1772024101.214039,24277,22,1
1,NewOrder,1772024101.215179,29460,20,1
1,NewOrder,1772024101.216548,20503,9,1
2,Payment,1772024101.217055,17274,2,1
2,Payment,1772024101.217796,23607,3,1
2,Payment,1772024101.217832,9103,21,1
2,Payment,1772024101.219245,24566,13,1
2,Payment,1772024101.219672,6780,6,1
1,NewOrder,1772024101.220714,13394,23,1
3,OrderStatus,1772024101.221576,8014,7,1
1,NewOrder,1772024101.221935,33687,19,1
2,Payment,1772024101.222655,11299,8,1
1,NewOrder,1772024101.224118,12220,5,1
2,Payment,1772024101.226460,14583,6,1
1,NewOrder,1772024101.226908,33658,14,1
2,Payment,1772024101.226940,5396,21,1
2,Payment,1772024101.228572,23568,1,1
1,NewOrder,1772024101.229132,16128,10,1
2,Payment,1772024101.229599,21654,7,1
2,Payment,1772024101.229828,30809,4,1
2,Payment,1772024101.230755,23055,16,1
1,NewOrder,1772024101.232341,30889,21,1
1,NewOrder,1772024101.233581,47554,12,1
1,NewOrder,1772024101.233963,72254,8,1
4,Delivery,1772024101.234119,47484,23,1
3,OrderStatus,1772024101.234337,10411,2,1
2,Payment,1772024101.235016,6487,18,1
4,Delivery,1772024101.236347,14185,5,1
2,Payment,1772024101.237058,18176,9,1
2,Payment,1772024101.238326,14271,22,1
1,NewOrder,1772024101.241053,27062,6,1
1,NewOrder,1772024101.241377,46755,11,1
3,OrderStatus,1772024101.241410,9559,3,1
2,Payment,1772024101.241514,19079,18,1
4,Delivery,1772024101.242533,8317,0,1
1,NewOrder,1772024101.243815,31305,13,1
2,Payment,1772024101.244228,21679,15,1
2,Payment,1772024101.244644,35531,20,1
1,NewOrder,1772024101.244754,46864,2,1
1,NewOrder,1772024101.245270,5643,10,1
2,Payment,1772024101.248782,25801,17,1
1,NewOrder,1772024101.250540,7492,5,1
4,Delivery,1772024101.250860,4792,0,1
2,Payment,1772024101.250917,8240,10,1
2,Payment,1772024101.250975,17541,3,1
2,Payment,1772024101.251256,12661,7,1
1,NewOrder,1772024101.252147,28057,1,1
3,OrderStatus,1772024101.252602,7067,22,1
3,OrderStatus,1772024101.253820,7928,16,1
1,NewOrder,1772024101.255239,21411,9,1
3,OrderStatus,1772024101.255625,3987,19,1
2,Payment,1772024101.255657,24042,0,1
1,NewOrder,1772024101.258041,11174,5,1
4,Delivery,1772024101.259163,15927,10,1
1,NewOrder,1772024101.259618,27442,19,1
5,StockLevel,1772024101.259680,19615,22,1
2,Payment,1772024101.260573,25307,14,1
2,Payment,1772024101.260602,26866,18,1
5,StockLevel,1772024101.260642,22863,4,1
2,Payment,1772024101.261757,28101,16,1
4,Delivery,1772024101.263236,18625,21,1
1,NewOrder,1772024101.263920,16188,7,1
1,NewOrder,1772024101.265911,37689,15,1
2,Payment,1772024101.268126,9344,6,1
1,NewOrder,1772024101.268521,27597,3,1
2,Payment,1772024101.269220,12280,5,1
1,NewOrder,1772024101.274590,32763,17,1
2,Payment,1772024101.275094,5114,10,1
1,NewOrder,1772024101.275129,12308,13,1
1,NewOrder,1772024101.276657,15807,9,1
2,Payment,1772024101.277477,10613,6,1
1,NewOrder,1772024101.279300,28353,22,1
2,Payment,1772024101.279709,5664,0,1
2,Payment,1772024101.280113,20470,7,1
2,Payment,1772024101.280181,12798,20,1
2,Payment,1772024101.280215,13286,10,1
1,NewOrder,1772024101.280217,26403,1,1
2,Payment,1772024101.281145,14266,12,1
2,Payment,1772024101.281504,7035,5,1
2,Payment,1772024101.281606,21252,23,1
2,Payment,1772024101.281868,28227,21,1
2,Payment,1772024101.283510,11292,4,1
2,Payment,1772024101.285379,15159,0,1
2,Payment,1772024101.285895,17681,14,1
2,Payment,1772024101.287069,30609,19,1
1,NewOrder,1772024101.287447,44529,13,1
1,NewOrder,1772024101.287475,27332,18,1
1,NewOrder,1772024101.288096,18621,6,1
2,Payment,1772024101.288137,18616,11,1
2,Payment,1772024101.288549,15423,5,1
4,Delivery,1772024101.289880,32682,16,1
4,Delivery,1772024101.291642,31381,2,1
1,NewOrder,1772024101.292470,36998,9,1
5,StockLevel,1772024101.293004,11813,20,1
1,NewOrder,1772024101.293517,16408,10,1
3,OrderStatus,1772024101.294806,5463,4,1
2,Payment,1772024101.295435,15111,12,1
2,Payment,1772024101.296128,13841,3,1
2,Payment,1772024101.300293,22242,4,1
1,NewOrder,1772024101.300554,21536,0,1
2,Payment,1772024101.300608,10597,7,1
2,Payment,1772024101.302885,23551,23,1
2,Payment,1772024101.303582,13597,14,1
1,NewOrder,1772024101.303610,30990,15,1
2,Payment,1772024101.303997,24895,5,1
2,Payment,1772024101.304842,29727,20,1
4,Delivery,1772024101.306234,18388,8,1
1,NewOrder,1772024101.306629,13230,1,1
1,NewOrder,1772024101.306727,13425,6,1
2,Payment,1772024101.306763,8445,11,1
5,StockLevel,1772024101.307362,18959,17,1
1,NewOrder,1772024101.307659,21888,22,1
4,Delivery,1772024101.309938,14878,10,1
5,StockLevel,1772024101.309995,25692,3,1
2,Payment,1772024101.310104,30797,21,1
4,Delivery,1772024101.310556,12443,12,1
2,Payment,1772024101.311215,11278,7,1
2,Payment,1772024101.314832,35664,18,1
3,OrderStatus,1772024101.315233,6110,11,1
1,NewOrder,1772024101.317205,28556,14,1
5,StockLevel,1772024101.317688,18157,19,1
1,NewOrder,1772024101.319869,12582,1,1
4,Delivery,1772024101.320163,4757,6,1
2,Payment,1772024101.321367,6908,11,1
1,NewOrder,1772024101.322100,18065,0,1
1,NewOrder,1772024101.322502,38388,7,1
2,Payment,1772024101.322541,11031,4,1
1,NewOrder,1772024101.322574,32737,16,1
2,Payment,1772024101.323015,5837,12,1
5,StockLevel,1772024101.323035,13392,2,1
2,Payment,1772024101.324663,9542,8,1
1,NewOrder,1772024101.324821,15642,10,1
2,Payment,1772024101.324929,13420,6,1
2,Payment,1772024101.326330,9265,17,1
2,Payment,1772024101.326446,33921,23,1
4,Delivery,1772024101.328284,67977,11,1
2,Payment,1772024101.328861,13383,12,1
2,Payment,1772024101.328901,10402,5,1
5,StockLevel,1772024101.329473,12354,9,1
2,Payment,1772024101.329556,41879,22,1
1,NewOrder,1772024101.331987,23362,13,1
2,Payment,1772024101.332460,10336,1,1
2,Payment,1772024101.333583,16575,4,1
4,Delivery,1772024101.334215,63439,8,1
1,NewOrder,1772024101.334574,32454,20,1
2,Payment,1772024101.334604,15926,15,1
2,Payment,1772024101.335605,25309,17,1
5,StockLevel,1772024101.335697,12963,3,1
1,NewOrder,1772024101.335855,17140,19,1
4,Delivery,1772024101.336440,43479,2,1
2,Payment,1772024101.338370,4469,6,1
1,NewOrder,1772024101.339312,25536,5,1
5,StockLevel,1772024101.340175,9241,0,1
1,NewOrder,1772024101.340468,26074,10,1
1,NewOrder,1772024101.340910,22043,21,1
2,Payment,1772024101.341833,12912,9,1
1,NewOrder,1772024101.342252,33900,12,1
1,NewOrder,1772024101.342804,16463,1,1
1,NewOrder,1772024101.342865,26135,6,1
4,Delivery,1772024101.345786,23497,14,1
1,NewOrder,1772024101.348670,13669,3,1
1,NewOrder,1772024101.349421,23285,0,1
1,NewOrder,1772024101.350169,42288,4,1
5,StockLevel,1772024101.350499,19345,18,1
1,NewOrder,1772024101.350541,28795,15,1
1,NewOrder,1772024101.353005,26231,19,1
1,NewOrder,1772024101.354769,25187,9,1
1,NewOrder,1772024101.355339,33893,16,1
1,NewOrder,1772024101.355375,21628,13,1
2,Payment,1772024101.359281,6556,1,1
2,Payment,1772024101.360393,18586,23,1
2,Payment,1772024101.360900,9879,7,1
2,Payment,1772024101.360924,10645,17,1
2,Payment,1772024101.362363,9089,3,1
3,OrderStatus,1772024101.362978,6630,21,1
2,Payment,1772024101.364858,13064,5,1
1,NewOrder,1772024101.365847,23007,1,1
1,NewOrder,1772024101.366552,28009,10,1
2,Payment,1772024101.367036,30050,20,1
1,NewOrder,1772024101.369010,16569,6,1
1,NewOrder,1772024101.369291,24085,14,1
2,Payment,1772024101.369614,16394,21,1
2,Payment,1772024101.369855,52676,18,1
1,NewOrder,1772024101.370789,26197,7,1
2,Payment,1772024101.371457,47597,22,1
2,Payment,1772024101.371477,12519,3,1
2,Payment,1772024101.371594,7734,17,1
1,NewOrder,1772024101.372715,17269,0,1
2,Payment,1772024101.376158,15514,12,1
1,NewOrder,1772024101.377013,22417,13,1
1,NewOrder,1772024101.377932,51058,5,1
5,StockLevel,1772024101.378989,10294,23,1
2,Payment,1772024101.379245,32754,19,1
1,NewOrder,1772024101.379339,49866,17,1
4,Delivery,1772024101.379344,53239,15,1
1,NewOrder,1772024101.379933,30854,2,1
1,NewOrder,1772024101.379981,30303,9,1
2,Payment,1772024101.384021,9860,3,1
1,NewOrder,1772024101.385595,43413,6,1
2,Payment,1772024101.386011,17701,21,1
1,NewOrder,1772024101.388877,8646,1,1
2,Payment,1772024101.389241,9152,16,1
5,StockLevel,1772024101.389293,6917,23,1
1,NewOrder,1772024101.389991,36775,0,1
1,NewOrder,1772024101.391677,43653,12,1
1,NewOrder,1772024101.392482,7760,4,1
2,Payment,1772024101.393386,15445,14,1
2,Payment,1772024101.393891,7913,3,1
2,Payment,1772024101.394571,12787,10,1
1,NewOrder,1772024101.396232,4322,23,1
2,Payment,1772024101.396284,18459,11,1
2,Payment,1772024101.396996,23951,7,1
2,Payment,1772024101.397094,30269,20,1
2,Payment,1772024101.397528,6639,1,1
2,Payment,1772024101.397662,31250,8,1
5,StockLevel,1772024101.398401,21236,16,1
1,NewOrder,1772024101.399434,11382,13,1
1,NewOrder,1772024101.400267,5756,4,1
2,Payment,1772024101.400568,14716,23,1
1,NewOrder,1772024101.401815,27228,3,1
2,Payment,1772024101.403738,29945,21,1
5,StockLevel,1772024101.404173,4667,1,1
1,NewOrder,1772024101.406034,11975,4,1
1,NewOrder,1772024101.407383,21635,10,1
4,Delivery,1772024101.408842,24006,14,1
1,NewOrder,1772024101.408851,6753,1,1
2,Payment,1772024101.410308,28072,9,1
1,NewOrder,1772024101.410815,32362,2,1
1,NewOrder,1772024101.410842,29522,13,1
1,NewOrder,1772024101.412004,21317,19,1
2,Payment,1772024101.414767,31704,11,1
2,Payment,1772024101.415310,27121,23,1
1,NewOrder,1772024101.415613,40517,1,1
1,NewOrder,1772024101.418018,14615,4,1
1,NewOrder,1772024101.419079,15657,22,1
1,NewOrder,1772024101.419661,44514,16,1
4,Delivery,1772024101.420974,17461,7,1
1,NewOrder,1772024101.422536,38609,18,1
4,Delivery,1772024101.426791,7494,0,1
1,NewOrder,1772024101.427377,17529,20,1
1,NewOrder,1772024101.428936,17233,8,1
4,Delivery,1772024101.429015,5863,5,1
2,Payment,1772024101.429034,23823,6,1
1,NewOrder,1772024101.429043,32746,10,1
2,Payment,1772024101.429069,9274,3,1
2,Payment,1772024101.429216,4562,17,1
2,Payment,1772024101.432609,6545,15,1
5,StockLevel,1772024101.432644,12083,4,1
1,NewOrder,1772024101.432857,27718,14,1
2,Payment,1772024101.433341,25169,19,1
2,Payment,1772024101.433708,18321,21,1
1,NewOrder,1772024101.433783,15487,17,1
1,NewOrder,1772024101.434295,17627,0,1
2,Payment,1772024101.434749,36227,22,1
1,NewOrder,1772024101.434899,68968,5,1
1,NewOrder,1772024101.435344,18469,12,1
2,Payment,1772024101.438367,6956,3,1
1,NewOrder,1772024101.438406,18213,9,1
1,NewOrder,1772024101.438459,32588,7,1
1,NewOrder,1772024101.439163,27249,15,1
1,NewOrder,1772024101.440389,31445,13,1
1,NewOrder,1772024101.442437,55617,23,1
2,Payment,1772024101.443188,16056,2,1
1,NewOrder,1772024101.444751,27609,4,1
5,StockLevel,1772024101.444934,13799,20,1
2,Payment,1772024101.445333,27170,3,1
4,Delivery,1772024101.446179,26753,8,1
1,NewOrder,1772024101.446478,49062,11,1
1,NewOrder,1772024101.449276,45650,17,1
2,Payment,1772024101.451946,31491,0,1
4,Delivery,1772024101.452054,32648,21,1
2,Payment,1772024101.452882,6330,6,1
1,NewOrder,1772024101.453823,26585,12,1
1,NewOrder,1772024101.456141,16244,1,1
1,NewOrder,1772024101.456622,17036,9,1
1,NewOrder,1772024101.458515,39039,19,1
1,NewOrder,1772024101.458744,25832,20,1
1,NewOrder,1772024101.459236,26004,6,1
1,NewOrder,1772024101.459260,38773,2,1
2,Payment,1772024101.460584,8754,14,1
2,Payment,1772024101.461170,24427,18,1
2,Payment,1772024101.461799,5453,10,1
2,Payment,1772024101.464185,14527,16,1
2,Payment,1772024101.466437,23981,15,1
3,OrderStatus,1772024101.467262,3018,10,1
2,Payment,1772024101.469346,30556,14,1
2,Payment,1772024101.470289,2966,10,1
1,NewOrder,1772024101.470981,60128,22,1
1,NewOrder,1772024101.471057,36928,7,1
5,StockLevel,1772024101.471845,30434,13,1
4,Delivery,1772024101.472370,60381,4,1
1,NewOrder,1772024101.472395,62904,1,1
3,OrderStatus,1772024101.472512,11240,3,1
2,Payment,1772024101.472941,2502,8,1
2,Payment,1772024101.473259,5413,10,1
1,NewOrder,1772024101.473669,11098,9,1
2,Payment,1772024101.475457,5706,8,1
2,Payment,1772024101.478683,6033,10,1
1,NewOrder,1772024101.478722,45319,16,1
2,Payment,1772024101.480433,28681,12,1
2,Payment,1772024101.481172,7582,8,1
3,OrderStatus,1772024101.483462,753,0,1
2,Payment,1772024101.483782,3409,3,1
2,Payment,1772024101.484222,7603,0,1
2,Payment,1772024101.484604,13477,20,1
1,NewOrder,1772024101.484726,17625,21,1
2,Payment,1772024101.484741,10816,10,1
5,StockLevel,1772024101.484777,6613,9,1
1,NewOrder,1772024101.485264,15005,6,1
3,OrderStatus,1772024101.485609,10424,18,1
3,OrderStatus,1772024101.487196,3335,3,1
1,NewOrder,1772024101.488778,11538,8,1
5,StockLevel,1772024101.490443,23771,15,1
2,Payment,1772024101.490555,4943,3,1
1,NewOrder,1772024101.491394,21444,9,1
1,NewOrder,1772024101.491849,19201,0,1
2,Payment,1772024101.494936,23966,17,1
2,Payment,1772024101.495523,7218,3,1
1,NewOrder,1772024101.495564,37142,11,1
1,NewOrder,1772024101.495581,17619,10,1
1,NewOrder,1772024101.496061,35334,18,1
1,NewOrder,1772024101.497581,34228,19,1
1,NewOrder,1772024101.498044,35041,2,1
2,Payment,1772024101.498061,10219,23,1
2,Payment,1772024101.498087,17493,20,1
1,NewOrder,1772024101.499913,25772,14,1
2,Payment,1772024101.500280,11740,6,1
1,NewOrder,1772024101.500342,22363,8,1
1,NewOrder,1772024101.502289,29983,13,1
2,Payment,1772024101.502362,17050,21,1
2,Payment,1772024101.502758,4594,3,1
1,NewOrder,1772024101.503905,33467,5,1
1,NewOrder,1772024101.507360,14838,3,1
2,Payment,1772024101.507994,10491,7,1
2,Payment,1772024101.508290,22171,23,1
1,NewOrder,1772024101.509138,34641,12,1
2,Payment,1772024101.511060,4046,0,1
2,Payment,1772024101.512036,11490,6,1
2,Payment,1772024101.512863,14988,9,1
2,Payment,1772024101.513210,20289,10,1
2,Payment,1772024101.514226,13021,15,1
1,NewOrder,1772024101.515591,38123,20,1
1,NewOrder,1772024101.518494,32345,7,1
2,Payment,1772024101.518912,16021,17,1
2,Payment,1772024101.519422,15853,21,1
4,Delivery,1772024101.522208,11152,3,1
1,NewOrder,1772024101.522721,33310,8,1
1,NewOrder,1772024101.523529,12819,6,1
2,Payment,1772024101.524066,19128,16,1
2,Payment,1772024101.525710,27931,14,1
2,Payment,1772024101.527855,11503,9,1
2,Payment,1772024101.530485,16659,23,1
1,NewOrder,1772024101.532279,18584,13,1
2,Payment,1772024101.532715,12918,11,1
3,OrderStatus,1772024101.532761,4086,4,1
2,Payment,1772024101.533102,4641,2,1
2,Payment,1772024101.533382,10772,3,1
2,Payment,1772024101.536856,16318,4,1
1,NewOrder,1772024101.537755,19533,2,1
2,Payment,1772024101.545661,4751,11,1
2,Payment,1772024101.550436,5300,11,1
