Transaction Type Index,Transaction Name,Start Time (microseconds),Latency (microseconds),Worker Id (start number),Phase Id (index in config file)
3,OrderStatus,1772001821.926949,68175,1,1
2,Payment,1772001821.926951,66066,21,1
2,Payment,1772001821.926951,86877,16,1
2,Payment,1772001821.926951,86218,22,1
2,Payment,1772001821.926969,142336,23,1
2,Payment,1772001821.926982,98230,6,1
2,Payment,1772001821.927004,69496,0,1
4,Delivery,1772001821.927038,139129,5,1
4,Delivery,1772001821.927051,75342,7,1
2,Payment,1772001821.927062,101866,18,1
2,Payment,1772001821.927068,66444,9,1
1,NewOrder,1772001821.927073,104675,20,1
1,NewOrder,1772001821.927082,106045,12,1
2,Payment,1772001821.927102,117318,10,1
2,Payment,1772001821.927118,86770,4,1
1,NewOrder,1772001821.927133,116616,3,1
2,Payment,1772001821.927143,106884,2,1
3,OrderStatus,1772001821.927155,80798,8,1
1,NewOrder,1772001821.927187,105165,11,1
1,NewOrder,1772001821.927201,119554,17,1
1,NewOrder,1772001821.927217,94448,15,1
1,NewOrder,1772001821.927229,115013,14,1
2,Payment,1772001821.927229,119536,19,1
1,NewOrder,1772001821.927237,100910,13,1
2,Payment,1772001821.993253,98731,21,1
1,NewOrder,1772001821.993573,65680,9,1
3,OrderStatus,1772001821.995208,6040,1,1
2,Payment,1772001821.996595,47222,0,1
1,NewOrder,1772001822.001274,61919,1,1
4,Delivery,1772001822.002448,23741,7,1
2,Payment,1772001822.008011,51375,8,1
2,Payment,1772001822.013213,92875,22,1
1,NewOrder,1772001822.013864,48375,16,1
2,Payment,1772001822.013938,44397,4,1
1,NewOrder,1772001822.021718,22677,15,1
2,Payment,1772001822.025255,95804,6,1
2,Payment,1772001822.026220,58470,7,1
2,Payment,1772001822.028191,16168,13,1
1,NewOrder,1772001822.028996,76362,18,1
2,Payment,1772001822.031783,95354,20,1
2,Payment,1772001822.032378,63852,11,1
2,Payment,1772001822.033199,25897,12,1
1,NewOrder,1772001822.034086,53460,2,1
2,Payment,1772001822.042293,32606,14,1
1,NewOrder,1772001822.043803,21610,3,1
1,NewOrder,1772001822.043844,80356,0,1
1,NewOrder,1772001822.044388,42279,13,1
4,Delivery,1772001822.044431,77145,15,1
2,Payment,1772001822.044457,67809,10,1
1,NewOrder,1772001822.046802,20432,17,1
1,NewOrder,1772001822.046802,66082,19,1
2,Payment,1772001822.058385,13048,4,1
1,NewOrder,1772001822.059139,20096,12,1
2,Payment,1772001822.059306,72023,9,1
1,NewOrder,1772001822.059415,40616,8,1
1,NewOrder,1772001822.062286,30794,16,1
2,Payment,1772001822.063238,17247,1,1
1,NewOrder,1772001822.065458,24350,3,1
1,NewOrder,1772001822.066209,55325,5,1
1,NewOrder,1772001822.067271,24058,17,1
1,NewOrder,1772001822.069420,73353,23,1
1,NewOrder,1772001822.071475,78872,4,1
4,Delivery,1772001822.074922,47392,14,1
2,Payment,1772001822.079284,9083,12,1
4,Delivery,1772001822.080526,29924,1,1
1,NewOrder,1772001822.084751,81896,7,1
2,Payment,1772001822.086711,14774,13,1
1,NewOrder,1772001822.087580,51329,2,1
1,NewOrder,1772001822.088428,28792,12,1
2,Payment,1772001822.089829,12306,3,1
3,OrderStatus,1772001822.091372,10554,17,1
3,OrderStatus,1772001822.092005,12804,21,1
2,Payment,1772001822.093099,25291,16,1
1,NewOrder,1772001822.096270,21635,11,1
2,Payment,1772001822.100076,43143,8,1
2,Payment,1772001822.101522,28400,13,1
5,StockLevel,1772001822.101955,24903,17,1
2,Payment,1772001822.102176,14119,3,1
2,Payment,1772001822.104853,33951,21,1
1,NewOrder,1772001822.105398,31679,18,1
2,Payment,1772001822.106129,46120,22,1
5,StockLevel,1772001822.110476,22326,1,1
2,Payment,1772001822.112284,40531,10,1
3,OrderStatus,1772001822.112907,9404,19,1
2,Payment,1772001822.116341,11370,3,1
2,Payment,1772001822.117264,22961,12,1
1,NewOrder,1772001822.117953,20118,11,1
1,NewOrder,1772001822.118429,26504,16,1
1,NewOrder,1772001822.121101,58930,6,1
2,Payment,1772001822.121566,21630,5,1
2,Payment,1772001822.121626,42878,15,1
1,NewOrder,1772001822.122338,28925,19,1
5,StockLevel,1772001822.122358,28307,14,1
2,Payment,1772001822.124240,32641,0,1
1,NewOrder,1772001822.126917,30386,17,1
1,NewOrder,1772001822.127169,25923,20,1
4,Delivery,1772001822.127736,60025,3,1
1,NewOrder,1772001822.129972,51503,13,1
1,NewOrder,1772001822.131367,33103,9,1
1,NewOrder,1772001822.132843,37564,1,1
1,NewOrder,1772001822.137104,51742,18,1
2,Payment,1772001822.138104,25181,11,1
2,Payment,1772001822.138855,25509,21,1
1,NewOrder,1772001822.138950,26517,2,1
2,Payment,1772001822.140310,52835,12,1
1,NewOrder,1772001822.142818,42687,23,1
1,NewOrder,1772001822.143238,28121,5,1
2,Payment,1772001822.143253,28732,8,1
1,NewOrder,1772001822.144971,39392,16,1
1,NewOrder,1772001822.150404,32999,4,1
5,StockLevel,1772001822.150712,11812,14,1
1,NewOrder,1772001822.151302,40223,19,1
2,Payment,1772001822.152278,26099,22,1
2,Payment,1772001822.152835,27473,10,1
2,Payment,1772001822.153135,38742,20,1
1,NewOrder,1772001822.156925,42654,0,1
1,NewOrder,1772001822.157331,22733,17,1
2,Payment,1772001822.162574,54579,14,1
1,NewOrder,1772001822.163329,16612,11,1
1,NewOrder,1772001822.164392,53315,21,1
1,NewOrder,1772001822.164508,22439,9,1
2,Payment,1772001822.164527,14606,15,1
2,Payment,1772001822.165495,16896,2,1
1,NewOrder,1772001822.166712,24188,7,1
2,Payment,1772001822.170460,19343,1,1
2,Payment,1772001822.171410,35580,5,1
2,Payment,1772001822.172017,20398,8,1
1,NewOrder,1772001822.178454,61559,22,1
4,Delivery,1772001822.179165,33018,15,1
2,Payment,1772001822.179969,44747,11,1
2,Payment,1772001822.180089,30129,6,1
1,NewOrder,1772001822.180124,19973,17,1
2,Payment,1772001822.180351,51378,10,1
1,NewOrder,1772001822.181514,17329,13,1
2,Payment,1772001822.182433,41199,2,1
1,NewOrder,1772001822.183433,23314,4,1
2,Payment,1772001822.184403,21112,16,1
2,Payment,1772001822.185556,21452,23,1
1,NewOrder,1772001822.186986,24195,9,1
5,StockLevel,1772001822.187815,26151,3,1
2,Payment,1772001822.188881,32469,18,1
2,Payment,1772001822.189830,41915,1,1
1,NewOrder,1772001822.190929,32762,7,1
2,Payment,1772001822.191572,44720,19,1
1,NewOrder,1772001822.191925,27471,20,1
1,NewOrder,1772001822.192466,25225,8,1
2,Payment,1772001822.193189,38716,12,1
2,Payment,1772001822.198870,60771,13,1
1,NewOrder,1772001822.199638,28299,0,1
2,Payment,1772001822.200152,75706,17,1
1,NewOrder,1772001822.205562,18100,16,1
1,NewOrder,1772001822.206795,24334,4,1
1,NewOrder,1772001822.207040,37241,5,1
4,Delivery,1772001822.207046,93653,23,1
4,Delivery,1772001822.210249,12547,6,1
1,NewOrder,1772001822.211279,20562,9,1
2,Payment,1772001822.212218,78342,15,1
1,NewOrder,1772001822.213996,26735,3,1
2,Payment,1772001822.217200,24183,14,1
2,Payment,1772001822.217736,24483,8,1
2,Payment,1772001822.217746,28377,21,1
2,Payment,1772001822.219442,34104,20,1
4,Delivery,1772001822.221395,80066,18,1
1,NewOrder,1772001822.222834,30073,6,1
2,Payment,1772001822.223677,15012,2,1
1,NewOrder,1772001822.223712,23588,16,1
1,NewOrder,1772001822.223729,25425,7,1
1,NewOrder,1772001822.224749,14478,11,1
2,Payment,1772001822.227979,19744,0,1
2,Payment,1772001822.231172,36879,4,1
2,Payment,1772001822.231774,21528,10,1
1,NewOrder,1772001822.231785,24321,1,1
1,NewOrder,1772001822.231888,23039,9,1
1,NewOrder,1772001822.231952,41285,12,1
2,Payment,1772001822.236345,24940,19,1
1,NewOrder,1772001822.238737,21605,2,1
1,NewOrder,1772001822.239276,24661,11,1
4,Delivery,1772001822.240057,61364,22,1
1,NewOrder,1772001822.240775,39396,3,1
1,NewOrder,1772001822.241423,29547,14,1
1,NewOrder,1772001822.242252,36916,8,1
1,NewOrder,1772001822.244324,31714,5,1
2,Payment,1772001822.246167,20841,21,1
5,StockLevel,1772001822.247340,17032,16,1
2,Payment,1772001822.247754,32529,0,1
2,Payment,1772001822.249197,13019,7,1
1,NewOrder,1772001822.252948,28958,6,1
4,Delivery,1772001822.253377,79120,10,1
2,Payment,1772001822.253594,21732,20,1
1,NewOrder,1772001822.254965,23514,9,1
1,NewOrder,1772001822.256140,21119,1,1
2,Payment,1772001822.259699,44219,13,1
2,Payment,1772001822.260385,33785,2,1
2,Payment,1772001822.261358,24038,19,1
2,Payment,1772001822.262266,8119,7,1
1,NewOrder,1772001822.263978,27829,11,1
1,NewOrder,1772001822.264413,16977,16,1
1,NewOrder,1772001822.267050,27222,21,1
2,Payment,1772001822.268095,34174,4,1
1,NewOrder,1772001822.270428,45349,7,1
1,NewOrder,1772001822.271015,33501,14,1
2,Payment,1772001822.273281,51264,12,1
1,NewOrder,1772001822.275366,19626,20,1
2,Payment,1772001822.275890,37187,17,1
1,NewOrder,1772001822.276081,21417,5,1
5,StockLevel,1772001822.277303,12624,1,1
2,Payment,1772001822.278517,8980,9,1
2,Payment,1772001822.279213,15475,8,1
1,NewOrder,1772001822.280211,13599,3,1
2,Payment,1772001822.280319,30182,0,1
1,NewOrder,1772001822.281426,21594,16,1
2,Payment,1772001822.281945,19907,6,1
2,Payment,1772001822.285436,12673,19,1
2,Payment,1772001822.287539,55884,9,1
2,Payment,1772001822.289975,32565,1,1
2,Payment,1772001822.290604,45759,15,1
2,Payment,1772001822.291853,20797,11,1
1,NewOrder,1772001822.293851,27686,3,1
3,OrderStatus,1772001822.294199,5338,2,1
1,NewOrder,1772001822.294330,29589,21,1
2,Payment,1772001822.294714,28626,8,1
4,Delivery,1772001822.295034,6121,20,1
2,Payment,1772001822.297541,35619,5,1
2,Payment,1772001822.298166,8663,19,1
5,StockLevel,1772001822.299596,30016,2,1
2,Payment,1772001822.300736,15904,23,1
1,NewOrder,1772001822.301190,20933,20,1
2,Payment,1772001822.301470,31101,22,1
1,NewOrder,1772001822.301503,20658,18,1
1,NewOrder,1772001822.301894,37795,6,1
1,NewOrder,1772001822.302305,36296,4,1
1,NewOrder,1772001822.303060,28780,16,1
1,NewOrder,1772001822.303951,28452,13,1
1,NewOrder,1772001822.304569,17675,14,1
2,Payment,1772001822.306846,47923,19,1
1,NewOrder,1772001822.310540,23862,0,1
1,NewOrder,1772001822.312695,42659,11,1
1,NewOrder,1772001822.313117,24696,17,1
1,NewOrder,1772001822.315815,39608,7,1
1,NewOrder,1772001822.316683,40766,23,1
1,NewOrder,1772001822.321583,28570,3,1
1,NewOrder,1772001822.322165,37944,20,1
2,Payment,1772001822.322207,46568,18,1
1,NewOrder,1772001822.322278,35754,14,1
2,Payment,1772001822.322573,21641,1,1
1,NewOrder,1772001822.323384,34569,8,1
1,NewOrder,1772001822.323953,31492,21,1
1,NewOrder,1772001822.324585,32595,12,1
2,Payment,1772001822.329658,25732,2,1
2,Payment,1772001822.331883,13856,16,1
2,Payment,1772001822.332447,23979,13,1
1,NewOrder,1772001822.332553,66152,10,1
1,NewOrder,1772001822.332619,44388,22,1
1,NewOrder,1772001822.333196,22136,5,1
1,NewOrder,1772001822.334429,21163,0,1
2,Payment,1772001822.336425,32745,15,1
2,Payment,1772001822.337858,45672,17,1
1,NewOrder,1772001822.338632,37660,4,1
5,StockLevel,1772001822.339730,18407,6,1
1,NewOrder,1772001822.343509,19612,9,1
2,Payment,1772001822.344313,23335,1,1
1,NewOrder,1772001822.345775,12815,16,1
2,Payment,1772001822.350195,33239,3,1
2,Payment,1772001822.354818,25478,19,1
1,NewOrder,1772001822.355380,20381,5,1
2,Payment,1772001822.355385,30583,11,1
1,NewOrder,1772001822.355428,31370,2,1
2,Payment,1772001822.355466,15999,7,1
1,NewOrder,1772001822.355485,29640,21,1
2,Payment,1772001822.355617,34290,0,1
3,OrderStatus,1772001822.356457,8211,13,1
2,Payment,1772001822.357206,42889,12,1
1,NewOrder,1772001822.357483,19414,23,1
1,NewOrder,1772001822.357991,21587,8,1
1,NewOrder,1772001822.358070,21537,14,1
2,Payment,1772001822.358169,46334,6,1
2,Payment,1772001822.358616,33305,16,1
1,NewOrder,1772001822.360154,16130,20,1
1,NewOrder,1772001822.363160,19429,9,1
1,NewOrder,1772001822.364714,23920,13,1
1,NewOrder,1772001822.367688,40053,1,1
2,Payment,1772001822.368812,20365,18,1
2,Payment,1772001822.369211,40169,15,1
2,Payment,1772001822.371508,47977,7,1
2,Payment,1772001822.375830,34114,5,1
4,Delivery,1772001822.376313,30772,20,1
5,StockLevel,1772001822.376335,21442,4,1
4,Delivery,1772001822.376943,30813,23,1
1,NewOrder,1772001822.377035,33262,22,1
2,Payment,1772001822.379615,49318,8,1
4,Delivery,1772001822.379649,30195,14,1
1,NewOrder,1772001822.380335,27399,19,1
1,NewOrder,1772001822.382627,17212,9,1
2,Payment,1772001822.383468,42325,3,1
2,Payment,1772001822.383569,40071,17,1
1,NewOrder,1772001822.385154,19317,21,1
1,NewOrder,1772001822.386004,42000,11,1
2,Payment,1772001822.386837,50097,2,1
2,Payment,1772001822.388673,47261,13,1
2,Payment,1772001822.389213,14729,18,1
1,NewOrder,1772001822.389960,34868,0,1
1,NewOrder,1772001822.391939,18703,16,1
2,Payment,1772001822.397826,32270,4,1
1,NewOrder,1772001822.398748,27054,10,1
1,NewOrder,1772001822.399895,24100,9,1
1,NewOrder,1772001822.400131,44698,12,1
1,NewOrder,1772001822.403981,55013,18,1
2,Payment,1772001822.404515,13969,21,1
1,NewOrder,1772001822.404532,59670,6,1
1,NewOrder,1772001822.407107,14316,20,1
1,NewOrder,1772001822.407757,50750,1,1
1,NewOrder,1772001822.407780,35334,19,1
1,NewOrder,1772001822.407795,14456,23,1
1,NewOrder,1772001822.409414,62197,15,1
1,NewOrder,1772001822.409864,13751,14,1
2,Payment,1772001822.409977,48354,5,1
5,StockLevel,1772001822.410313,26726,22,1
4,Delivery,1772001822.410664,57674,16,1
1,NewOrder,1772001822.418529,49161,21,1
2,Payment,1772001822.419525,22577,7,1
3,OrderStatus,1772001822.421460,4004,20,1
2,Payment,1772001822.422283,8635,23,1
1,NewOrder,1772001822.423654,13640,14,1
4,Delivery,1772001822.423670,45285,17,1
1,NewOrder,1772001822.424014,41776,9,1
2,Payment,1772001822.424853,48331,0,1
2,Payment,1772001822.425502,11780,20,1
2,Payment,1772001822.425828,21768,10,1
1,NewOrder,1772001822.425835,35275,3,1
1,NewOrder,1772001822.428049,48778,11,1
1,NewOrder,1772001822.428968,30671,8,1
1,NewOrder,1772001822.430115,10473,4,1
2,Payment,1772001822.430931,12393,23,1
1,NewOrder,1772001822.435978,42874,13,1
2,Payment,1772001822.436961,43792,2,1
1,NewOrder,1772001822.437077,21889,22,1
2,Payment,1772001822.437306,11561,20,1
2,Payment,1772001822.437313,6378,14,1
2,Payment,1772001822.440614,79198,4,1
1,NewOrder,1772001822.442133,27225,7,1
1,NewOrder,1772001822.443152,36585,19,1
2,Payment,1772001822.443372,14855,23,1
2,Payment,1772001822.443721,7530,14,1
2,Payment,1772001822.444863,18906,12,1
2,Payment,1772001822.447635,10576,10,1
1,NewOrder,1772001822.448906,10032,20,1
1,NewOrder,1772001822.451294,10463,14,1
2,Payment,1772001822.458265,5961,10,1
1,NewOrder,1772001822.458267,15979,23,1
2,Payment,1772001822.458373,36768,5,1
2,Payment,1772001822.458526,48137,1,1
1,NewOrder,1772001822.458977,13427,20,1
2,Payment,1772001822.459000,5757,22,1
1,NewOrder,1772001822.459034,40225,18,1
1,NewOrder,1772001822.459661,36073,8,1
1,NewOrder,1772001822.461142,28519,3,1
1,NewOrder,1772001822.461792,15000,14,1
1,NewOrder,1772001822.463810,30075,12,1
1,NewOrder,1772001822.464236,31468,6,1
2,Payment,1772001822.464254,6164,10,1
1,NewOrder,1772001822.464782,26511,22,1
1,NewOrder,1772001822.465821,44905,9,1
2,Payment,1772001822.467743,14040,21,1
2,Payment,1772001822.468365,6876,16,1
2,Payment,1772001822.468990,14471,17,1
1,NewOrder,1772001822.469424,43546,7,1
2,Payment,1772001822.470484,5644,10,1
1,NewOrder,1772001822.471643,55713,15,1
2,Payment,1772001822.472428,16140,20,1
4,Delivery,1772001822.473202,24432,0,1
1,NewOrder,1772001822.474284,17187,23,1
3,OrderStatus,1772001822.475273,4806,16,1
1,NewOrder,1772001822.476153,11834,10,1
5,StockLevel,1772001822.476816,13325,14,1
1,NewOrder,1772001822.476862,41653,11,1
1,NewOrder,1772001822.478892,54064,13,1
2,Payment,1772001822.479752,21914,19,1
2,Payment,1772001822.480113,10095,16,1
2,Payment,1772001822.480770,46903,2,1
4,Delivery,1772001822.481808,84421,21,1
1,NewOrder,1772001822.483495,11645,17,1
2,Payment,1772001822.488010,4527,10,1
2,Payment,1772001822.488605,30871,20,1
1,NewOrder,1772001822.489713,41164,3,1
2,Payment,1772001822.490174,5551,14,1
1,NewOrder,1772001822.490231,28330,16,1
2,Payment,1772001822.491319,52960,22,1
2,Payment,1772001822.491494,46905,23,1
1,NewOrder,1772001822.492599,26012,10,1
1,NewOrder,1772001822.493928,40863,12,1
2,Payment,1772001822.495166,5730,17,1
1,NewOrder,1772001822.495172,38793,5,1
1,NewOrder,1772001822.495732,9873,6,1
1,NewOrder,1772001822.495744,8688,14,1
2,Payment,1772001822.495766,6731,8,1
1,NewOrder,1772001822.497661,27404,0,1
2,Payment,1772001822.499285,30288,18,1
1,NewOrder,1772001822.500922,17617,17,1
1,NewOrder,1772001822.501686,48591,19,1
2,Payment,1772001822.502534,3591,8,1
1,NewOrder,1772001822.504454,14212,14,1
1,NewOrder,1772001822.505637,12831,6,1
4,Delivery,1772001822.506160,32269,8,1
1,NewOrder,1772001822.506696,27730,1,1
1,NewOrder,1772001822.510768,35705,9,1
4,Delivery,1772001822.513023,25899,7,1
4,Delivery,1772001822.518504,20497,6,1
1,NewOrder,1772001822.518570,18838,11,1
2,Payment,1772001822.518575,7643,17,1
2,Payment,1772001822.518616,15846,16,1
1,NewOrder,1772001822.518655,25139,10,1
2,Payment,1772001822.518683,23072,14,1
1,NewOrder,1772001822.519547,13944,20,1
2,Payment,1772001822.519837,21325,4,1
2,Payment,1772001822.525105,23641,0,1
4,Delivery,1772001822.526259,67187,17,1
2,Payment,1772001822.527381,24402,15,1
2,Payment,1772001822.527695,45803,2,1
5,StockLevel,1772001822.529597,32284,18,1
2,Payment,1772001822.530909,33659,3,1
2,Payment,1772001822.532985,27765,13,1
1,NewOrder,1772001822.533512,19996,20,1
5,StockLevel,1772001822.533981,29721,5,1
1,NewOrder,1772001822.534460,23398,1,1
2,Payment,1772001822.534489,49207,16,1
2,Payment,1772001822.534816,65847,12,1
1,NewOrder,1772001822.537424,19679,11,1
2,Payment,1772001822.538434,11837,23,1
2,Payment,1772001822.538458,4799,8,1
1,NewOrder,1772001822.538956,24692,7,1
4,Delivery,1772001822.539032,7919,6,1
2,Payment,1772001822.541192,48997,4,1
2,Payment,1772001822.541789,31269,14,1
1,NewOrder,1772001822.543278,15420,8,1
1,NewOrder,1772001822.543824,23070,10,1
2,Payment,1772001822.544307,11899,22,1
2,Payment,1772001822.546508,16262,9,1
1,NewOrder,1772001822.546982,15073,6,1
1,NewOrder,1772001822.548771,21256,0,1
1,NewOrder,1772001822.550303,23153,23,1
1,NewOrder,1772001822.550313,25332,19,1
2,Payment,1772001822.551811,57268,15,1
4,Delivery,1772001822.553539,13453,20,1
2,Payment,1772001822.556235,6470,22,1
1,NewOrder,1772001822.557134,37039,11,1
5,StockLevel,1772001822.557891,19400,1,1
2,Payment,1772001822.558727,8689,8,1
2,Payment,1772001822.560764,58002,13,1
1,NewOrder,1772001822.561905,36583,18,1
4,Delivery,1772001822.562107,8324,6,1
1,NewOrder,1772001822.562735,15978,22,1
2,Payment,1772001822.562809,14655,9,1
2,Payment,1772001822.563663,24110,7,1
3,OrderStatus,1772001822.563730,9065,5,1
2,Payment,1772001822.564595,15055,3,1
1,NewOrder,1772001822.566278,41372,21,1
1,NewOrder,1772001822.566908,26592,10,1
1,NewOrder,1772001822.567022,32788,20,1
1,NewOrder,1772001822.567429,17130,8,1
1,NewOrder,1772001822.570054,26183,0,1
1,NewOrder,1772001822.570461,13626,6,1
1,NewOrder,1772001822.572824,36353,5,1
2,Payment,1772001822.573093,55930,14,1
1,NewOrder,1772001822.573485,19989,23,1
1,NewOrder,1772001822.573522,19487,2,1
2,Payment,1772001822.575669,15168,19,1
1,NewOrder,1772001822.577306,23531,1,1
1,NewOrder,1772001822.577489,29565,9,1
2,Payment,1772001822.578744,28821,22,1
2,Payment,1772001822.579680,17031,3,1
1,NewOrder,1772001822.583724,27638,16,1
2,Payment,1772001822.584105,11105,6,1
1,NewOrder,1772001822.584587,24128,8,1
2,Payment,1772001822.587797,15894,7,1
2,Payment,1772001822.590214,14524,4,1
2,Payment,1772001822.590870,9337,19,1
2,Payment,1772001822.593043,17189,2,1
1,NewOrder,1772001822.593468,14059,17,1
2,Payment,1772001822.593502,30206,23,1
3,OrderStatus,1772001822.593531,3062,10,1
2,Payment,1772001822.594199,18956,11,1
1,NewOrder,1772001822.595238,17305,6,1
1,NewOrder,1772001822.596267,33997,0,1
5,StockLevel,1772001822.596622,24500,10,1
1,NewOrder,1772001822.596737,21147,3,1
2,Payment,1772001822.598523,17821,18,1
1,NewOrder,1772001822.599858,30370,20,1
1,NewOrder,1772001822.600245,44712,19,1
2,Payment,1772001822.600686,39577,12,1
2,Payment,1772001822.600865,20076,1,1
2,Payment,1772001822.603722,18324,7,1
1,NewOrder,1772001822.604766,32532,4,1
3,OrderStatus,1772001822.607089,10906,9,1
3,OrderStatus,1772001822.607555,4468,17,1
2,Payment,1772001822.607600,21283,22,1
1,NewOrder,1772001822.607674,37308,21,1
1,NewOrder,1772001822.608742,14021,8,1
2,Payment,1772001822.609101,49340,15,1
1,NewOrder,1772001822.609206,40485,5,1
1,NewOrder,1772001822.610257,15755,2,1
1,NewOrder,1772001822.611390,24648,16,1
1,NewOrder,1772001822.612059,16106,17,1
1,NewOrder,1772001822.612575,18212,6,1
1,NewOrder,1772001822.613186,20088,11,1
2,Payment,1772001822.616372,23237,18,1
2,Payment,1772001822.617913,22458,3,1
1,NewOrder,1772001822.618028,38372,9,1
5,StockLevel,1772001822.618799,16859,13,1
2,Payment,1772001822.620968,29742,1,1
1,NewOrder,1772001822.621148,17096,10,1
1,NewOrder,1772001822.622081,40844,7,1
2,Payment,1772001822.622789,6130,8,1
2,Payment,1772001822.623737,35242,23,1
2,Payment,1772001822.626045,32976,2,1
2,Payment,1772001822.628190,21652,17,1
1,NewOrder,1772001822.628898,21389,22,1
2,Payment,1772001822.628948,5114,8,1
1,NewOrder,1772001822.629048,25124,14,1
4,Delivery,1772001822.630255,45360,20,1
4,Delivery,1772001822.630290,17172,0,1
1,NewOrder,1772001822.630815,19530,6,1
1,NewOrder,1772001822.633301,20209,11,1
4,Delivery,1772001822.634094,30743,8,1
1,NewOrder,1772001822.635691,14624,13,1
1,NewOrder,1772001822.636073,26321,16,1
1,NewOrder,1772001822.637351,23895,4,1
2,Payment,1772001822.638275,6184,10,1
4,Delivery,1772001822.639639,36498,18,1
1,NewOrder,1772001822.640293,23119,12,1
2,Payment,1772001822.640403,30982,3,1
1,NewOrder,1772001822.644492,17572,10,1
2,Payment,1772001822.644987,47747,19,1
2,Payment,1772001822.645006,39914,21,1
5,StockLevel,1772001822.647528,20216,0,1
2,Payment,1772001822.649735,32787,5,1
1,NewOrder,1772001822.650004,25521,17,1
2,Payment,1772001822.650313,24848,22,1
1,NewOrder,1772001822.650340,15917,13,1
3,OrderStatus,1772001822.650379,4876,6,1
2,Payment,1772001822.650742,41831,1,1
1,NewOrder,1772001822.653541,15955,11,1
1,NewOrder,1772001822.654192,30242,14,1
2,Payment,1772001822.655329,8640,6,1
2,Payment,1772001822.656426,13116,9,1
3,OrderStatus,1772001822.658536,8164,15,1
2,Payment,1772001822.658999,10070,23,1
1,NewOrder,1772001822.659042,29468,2,1
1,NewOrder,1772001822.661264,19358,4,1
1,NewOrder,1772001822.662091,41681,10,1
1,NewOrder,1772001822.662418,13068,16,1
2,Payment,1772001822.662941,22763,7,1
1,NewOrder,1772001822.663448,28318,12,1
1,NewOrder,1772001822.663987,22338,6,1
2,Payment,1772001822.664852,10643,8,1
4,Delivery,1772001822.666278,31298,13,1
2,Payment,1772001822.666722,11837,15,1
1,NewOrder,1772001822.667768,30272,0,1
2,Payment,1772001822.669093,28910,23,1
1,NewOrder,1772001822.669514,50062,11,1
1,NewOrder,1772001822.669563,25499,9,1
1,NewOrder,1772001822.671403,27443,3,1
3,OrderStatus,1772001822.675184,6633,22,1
2,Payment,1772001822.675507,16304,16,1
1,NewOrder,1772001822.675513,17356,8,1
1,NewOrder,1772001822.675544,21171,17,1
1,NewOrder,1772001822.675628,29239,20,1
1,NewOrder,1772001822.676158,37998,18,1
2,Payment,1772001822.678577,22268,15,1
1,NewOrder,1772001822.680638,24590,4,1
1,NewOrder,1772001822.681842,19339,22,1
2,Payment,1772001822.682542,18503,5,1
2,Payment,1772001822.684454,25870,14,1
5,StockLevel,1772001822.684943,26291,21,1
2,Payment,1772001822.685720,8538,7,1
1,NewOrder,1772001822.686343,14094,6,1
2,Payment,1772001822.688527,24811,2,1
2,Payment,1772001822.691788,29657,12,1
2,Payment,1772001822.691842,24412,16,1
2,Payment,1772001822.692587,14662,1,1
2,Payment,1772001822.692761,15736,19,1
3,OrderStatus,1772001822.692892,6149,8,1
1,NewOrder,1772001822.694281,17964,7,1
2,Payment,1772001822.695076,10523,9,1
1,NewOrder,1772001822.696738,24805,17,1
1,NewOrder,1772001822.697599,19596,13,1
2,Payment,1772001822.698026,15744,23,1
2,Payment,1772001822.698060,35214,0,1
1,NewOrder,1772001822.698863,13863,3,1
2,Payment,1772001822.699057,11804,8,1
1,NewOrder,1772001822.700459,13015,6,1
1,NewOrder,1772001822.700858,32833,15,1
5,StockLevel,1772001822.701063,21107,5,1
2,Payment,1772001822.701193,17917,22,1
4,Delivery,1772001822.703795,40498,10,1
1,NewOrder,1772001822.704889,17538,20,1
2,Payment,1772001822.705240,15174,4,1
1,NewOrder,1772001822.705615,23604,9,1
3,OrderStatus,1772001822.707264,7220,1,1
2,Payment,1772001822.708505,16638,19,1
2,Payment,1772001822.710350,18248,14,1
1,NewOrder,1772001822.710883,25292,8,1
2,Payment,1772001822.711254,25370,21,1
1,NewOrder,1772001822.712270,34253,7,1
1,NewOrder,1772001822.712736,16563,3,1
2,Payment,1772001822.713362,25560,2,1
5,StockLevel,1772001822.713487,14380,6,1
4,Delivery,1772001822.713792,50861,23,1
2,Payment,1772001822.714175,33421,18,1
1,NewOrder,1772001822.714506,38838,1,1
2,Payment,1772001822.716270,22288,16,1
5,StockLevel,1772001822.717220,11877,13,1
1,NewOrder,1772001822.719122,17854,22,1
1,NewOrder,1772001822.719597,35603,11,1
1,NewOrder,1772001822.720425,18456,4,1
1,NewOrder,1772001822.721470,21084,12,1
2,Payment,1772001822.721564,23952,17,1
1,NewOrder,1772001822.722185,31894,5,1
1,NewOrder,1772001822.722455,25190,20,1
1,NewOrder,1772001822.725157,33829,19,1
4,Delivery,1772001822.727878,16752,6,1
1,NewOrder,1772001822.728631,24503,14,1
2,Payment,1772001822.729119,24743,13,1
2,Payment,1772001822.729238,14316,9,1
1,NewOrder,1772001822.729347,20908,3,1
2,Payment,1772001822.733291,13186,0,1
1,NewOrder,1772001822.733713,38289,15,1
1,NewOrder,1772001822.736186,19484,8,1
2,Payment,1772001822.736646,23760,21,1
2,Payment,1772001822.736999,16085,22,1
2,Payment,1772001822.738581,21256,16,1
1,NewOrder,1772001822.738900,22389,4,1
2,Payment,1772001822.738940,13419,2,1
2,Payment,1772001822.742575,24006,12,1
1,NewOrder,1772001822.743580,16743,9,1
2,Payment,1772001822.744313,7144,10,1
2,Payment,1772001822.744640,13606,6,1
1,NewOrder,1772001822.745542,27845,17,1
2,Payment,1772001822.746497,12526,0,1
1,NewOrder,1772001822.746556,28862,7,1
2,Payment,1772001822.747609,33082,18,1
2,Payment,1772001822.747674,21477,20,1
2,Payment,1772001822.750289,13967,3,1
2,Payment,1772001822.751478,11336,10,1
5,StockLevel,1772001822.752387,15681,2,1
1,NewOrder,1772001822.753106,23269,22,1
2,Payment,1772001822.753158,21861,14,1
1,NewOrder,1772001822.753359,34462,1,1
2,Payment,1772001822.753882,26345,13,1
2,Payment,1772001822.754097,26622,5,1
1,NewOrder,1772001822.755228,32569,11,1
4,Delivery,1772001822.755697,20704,8,1
4,Delivery,1772001822.758261,18687,6,1
1,NewOrder,1772001822.759007,38967,19,1
3,OrderStatus,1772001822.759046,9293,0,1
1,NewOrder,1772001822.759852,24939,16,1
2,Payment,1772001822.760343,14639,9,1
1,NewOrder,1772001822.760434,41157,21,1
1,NewOrder,1772001822.761312,13060,4,1
2,Payment,1772001822.762842,20080,10,1
2,Payment,1772001822.764273,6033,3,1
1,NewOrder,1772001822.764664,25436,23,1
2,Payment,1772001822.766594,24132,12,1
1,NewOrder,1772001822.768092,17575,2,1
5,StockLevel,1772001822.768363,17757,0,1
3,OrderStatus,1772001822.769166,10962,20,1
2,Payment,1772001822.770330,16087,3,1
5,StockLevel,1772001822.772023,32350,15,1
1,NewOrder,1772001822.773408,19848,17,1
1,NewOrder,1772001822.774400,15025,4,1
2,Payment,1772001822.775000,14458,9,1
1,NewOrder,1772001822.775045,36758,14,1
2,Payment,1772001822.775432,21800,7,1
1,NewOrder,1772001822.776388,25233,22,1
2,Payment,1772001822.776413,25341,8,1
2,Payment,1772001822.776968,45195,6,1
2,Payment,1772001822.780158,19251,20,1
3,OrderStatus,1772001822.780237,6235,13,1
2,Payment,1772001822.780710,8304,18,1
2,Payment,1772001822.780746,15030,5,1
3,OrderStatus,1772001822.782934,4460,10,1
4,Delivery,1772001822.784801,55087,16,1
2,Payment,1772001822.785680,15989,2,1
1,NewOrder,1772001822.786148,33475,0,1
2,Payment,1772001822.786430,49334,3,1
2,Payment,1772001822.786488,7927,13,1
1,NewOrder,1772001822.787408,22791,10,1
1,NewOrder,1772001822.787825,22833,11,1
2,Payment,1772001822.787838,20326,1,1
1,NewOrder,1772001822.789033,33900,18,1
2,Payment,1772001822.789445,26246,4,1
2,Payment,1772001822.789483,19213,9,1
1,NewOrder,1772001822.790115,27794,23,1
2,Payment,1772001822.790742,10457,12,1
5,StockLevel,1772001822.793269,13224,17,1
2,Payment,1772001822.794432,12493,13,1
2,Payment,1772001822.795798,26720,5,1
1,NewOrder,1772001822.797247,26484,7,1
2,Payment,1772001822.797996,10674,19,1
3,OrderStatus,1772001822.799426,8103,20,1
2,Payment,1772001822.801224,9881,12,1
1,NewOrder,1772001822.801607,30553,21,1
4,Delivery,1772001822.801648,78135,22,1
1,NewOrder,1772001822.801690,27226,2,1
1,NewOrder,1772001822.801776,20870,8,1
1,NewOrder,1772001822.804401,23048,15,1
1,NewOrder,1772001822.806521,18817,17,1
2,Payment,1772001822.806946,7828,13,1
2,Payment,1772001822.807548,10326,20,1
2,Payment,1772001822.808177,39574,1,1
3,OrderStatus,1772001822.808698,7608,19,1
1,NewOrder,1772001822.808716,18258,9,1
2,Payment,1772001822.810219,17750,10,1
2,Payment,1772001822.810685,30955,11,1
1,NewOrder,1772001822.811125,13618,12,1
1,NewOrder,1772001822.811828,18064,14,1
2,Payment,1772001822.814798,6556,13,1
4,Delivery,1772001822.815714,78949,4,1
1,NewOrder,1772001822.816322,42263,19,1
2,Payment,1772001822.817896,8646,20,1
5,StockLevel,1772001822.817929,22457,23,1
2,Payment,1772001822.819637,36348,0,1
4,Delivery,1772001822.821368,19127,13,1
1,NewOrder,1772001822.822177,31314,6,1
1,NewOrder,1772001822.822542,22818,5,1
1,NewOrder,1772001822.822660,14837,8,1
1,NewOrder,1772001822.822945,37080,18,1
2,Payment,1772001822.823755,24773,7,1
2,Payment,1772001822.824763,5960,12,1
1,NewOrder,1772001822.825357,17809,17,1
2,Payment,1772001822.826564,7265,20,1
1,NewOrder,1772001822.826991,17059,9,1
2,Payment,1772001822.827466,8946,15,1
1,NewOrder,1772001822.827979,21480,10,1
2,Payment,1772001822.828942,12123,2,1
1,NewOrder,1772001822.829907,44241,14,1
1,NewOrder,1772001822.830737,13185,12,1
4,Delivery,1772001822.832184,48015,21,1
1,NewOrder,1772001822.833847,17955,20,1
3,OrderStatus,1772001822.835784,12118,3,1
3,OrderStatus,1772001822.836433,8492,15,1
4,Delivery,1772001822.837521,22129,8,1
2,Payment,1772001822.839923,13528,16,1
2,Payment,1772001822.840403,6619,23,1
2,Payment,1772001822.840514,5375,13,1
2,Payment,1772001822.841090,22489,2,1
2,Payment,1772001822.841656,16967,11,1
1,NewOrder,1772001822.843184,12650,17,1
2,Payment,1772001822.843931,14073,12,1
1,NewOrder,1772001822.844079,40283,9,1
1,NewOrder,1772001822.844947,43351,15,1
1,NewOrder,1772001822.845380,37692,5,1
2,Payment,1772001822.845912,23028,13,1
1,NewOrder,1772001822.847039,12634,23,1
1,NewOrder,1772001822.847772,39834,1,1
1,NewOrder,1772001822.847914,29179,3,1
1,NewOrder,1772001822.848564,25798,7,1
2,Payment,1772001822.849478,14497,10,1
3,OrderStatus,1772001822.851822,8751,20,1
1,NewOrder,1772001822.853475,23189,16,1
1,NewOrder,1772001822.853530,29907,6,1
1,NewOrder,1772001822.855858,27643,17,1
2,Payment,1772001822.855997,13751,0,1
5,StockLevel,1772001822.858025,24940,12,1
4,Delivery,1772001822.858599,21789,19,1
5,StockLevel,1772001822.858644,25830,11,1
1,NewOrder,1772001822.859673,17408,8,1
2,Payment,1772001822.859697,7047,23,1
2,Payment,1772001822.860053,14277,18,1
2,Payment,1772001822.860591,22543,20,1
2,Payment,1772001822.863596,11426,2,1
2,Payment,1772001822.864000,5628,10,1
1,NewOrder,1772001822.866767,28756,23,1
1,NewOrder,1772001822.868963,32404,13,1
2,Payment,1772001822.869650,7454,10,1
2,Payment,1772001822.869770,15759,0,1
2,Payment,1772001822.874170,7818,14,1
1,NewOrder,1772001822.874357,41027,18,1
4,Delivery,1772001822.874384,40299,7,1
1,NewOrder,1772001822.875042,25130,2,1
1,NewOrder,1772001822.876690,32581,16,1
2,Payment,1772001822.877110,6300,8,1
5,StockLevel,1772001822.877117,23085,3,1
1,NewOrder,1772001822.877127,32182,10,1
1,NewOrder,1772001822.879818,19501,22,1
5,StockLevel,1772001822.880222,19747,21,1
1,NewOrder,1772001822.880405,36044,19,1
2,Payment,1772001822.882016,9041,14,1
4,Delivery,1772001822.882984,15987,12,1
1,NewOrder,1772001822.883091,29582,5,1
4,Delivery,1772001822.883154,38486,20,1
1,NewOrder,1772001822.883425,34390,8,1
1,NewOrder,1772001822.883453,15888,6,1
1,NewOrder,1772001822.883512,15851,17,1
1,NewOrder,1772001822.884379,30963,9,1
1,NewOrder,1772001822.884488,39413,11,1
1,NewOrder,1772001822.885554,34378,0,1
1,NewOrder,1772001822.887627,27169,1,1
2,Payment,1772001822.888315,20937,15,1
1,NewOrder,1772001822.891081,32067,14,1
1,NewOrder,1772001822.894683,14774,4,1
1,NewOrder,1772001822.895544,25832,23,1
1,NewOrder,1772001822.898991,14410,12,1
1,NewOrder,1772001822.899345,17726,22,1
1,NewOrder,1772001822.899359,17667,6,1
1,NewOrder,1772001822.899377,12020,17,1
5,StockLevel,1772001822.899982,17391,21,1
1,NewOrder,1772001822.900194,16737,2,1
3,OrderStatus,1772001822.900223,10622,3,1
2,Payment,1772001822.901386,13334,13,1
2,Payment,1772001822.909280,24508,15,1
2,Payment,1772001822.909295,11487,16,1
1,NewOrder,1772001822.909358,16573,10,1
2,Payment,1772001822.909479,7582,4,1
2,Payment,1772001822.910873,10932,3,1
2,Payment,1772001822.911414,15507,17,1
2,Payment,1772001822.912701,15945,5,1
1,NewOrder,1772001822.913415,10317,12,1
2,Payment,1772001822.914714,6959,7,1
3,OrderStatus,1772001822.914748,4471,13,1
2,Payment,1772001822.914824,19478,1,1
2,Payment,1772001822.915358,13777,9,1
2,Payment,1772001822.915412,7824,18,1
1,NewOrder,1772001822.916468,18837,19,1
2,Payment,1772001822.916945,22529,2,1
2,Payment,1772001822.917054,19113,6,1
3,OrderStatus,1772001822.917089,3482,22,1
2,Payment,1772001822.917095,26423,4,1
1,NewOrder,1772001822.917387,27100,21,1
1,NewOrder,1772001822.917836,24708,8,1
1,NewOrder,1772001822.919241,22272,13,1
1,NewOrder,1772001822.919959,17587,0,1
2,Payment,1772001822.920598,6834,22,1
2,Payment,1772001822.920808,17580,16,1
1,NewOrder,1772001822.921389,22531,23,1
1,NewOrder,1772001822.921661,23520,20,1
3,OrderStatus,1772001822.921691,8195,7,1
1,NewOrder,1772001822.921819,16513,3,1
2,Payment,1772001822.923175,21970,14,1
5,StockLevel,1772001822.923264,15756,18,1
1,NewOrder,1772001822.923749,22842,12,1
2,Payment,1772001822.923921,21114,11,1
1,NewOrder,1772001822.925947,19970,10,1
1,NewOrder,1772001822.926941,15077,17,1
2,Payment,1772001822.927453,5343,22,1
2,Payment,1772001822.928670,35077,5,1
2,Payment,1772001822.929162,21744,9,1
2,Payment,1772001822.929906,26396,7,1
1,NewOrder,1772001822.932815,29917,22,1
4,Delivery,1772001822.933813,34550,15,1
2,Payment,1772001822.934329,21464,1,1
1,NewOrder,1772001822.935333,24878,19,1
2,Payment,1772001822.936185,27024,6,1
1,NewOrder,1772001822.937573,32041,0,1
2,Payment,1772001822.938352,36718,3,1
1,NewOrder,1772001822.938420,18005,16,1
2,Payment,1772001822.939047,10310,18,1
1,NewOrder,1772001822.939516,17908,2,1
2,Payment,1772001822.941535,8178,13,1
1,NewOrder,1772001822.942046,22129,17,1
1,NewOrder,1772001822.942561,13876,8,1
1,NewOrder,1772001822.943543,24398,4,1
1,NewOrder,1772001822.943949,25587,23,1
3,OrderStatus,1772001822.944507,5798,21,1
1,NewOrder,1772001822.945059,18640,11,1
2,Payment,1772001822.945157,15429,14,1
2,Payment,1772001822.945200,11172,20,1
2,Payment,1772001822.945944,22380,10,1
3,OrderStatus,1772001822.946605,6215,12,1
3,OrderStatus,1772001822.949396,7632,18,1
5,StockLevel,1772001822.949754,17945,13,1
1,NewOrder,1772001822.950331,38922,21,1
2,Payment,1772001822.950920,37620,9,1
1,NewOrder,1772001822.952843,13172,12,1
1,NewOrder,1772001822.955820,28416,1,1
1,NewOrder,1772001822.956329,14728,7,1
2,Payment,1772001822.956391,7217,20,1
1,NewOrder,1772001822.956450,17423,16,1
2,Payment,1772001822.956454,17643,8,1
2,Payment,1772001822.957053,12118,18,1
2,Payment,1772001822.957449,11016,2,1
1,NewOrder,1772001822.960237,20840,19,1
5,StockLevel,1772001822.960602,15383,14,1
1,NewOrder,1772001822.962760,13349,22,1
2,Payment,1772001822.963236,14296,6,1
2,Payment,1772001822.963626,10680,20,1
1,NewOrder,1772001822.963720,24850,11,1
2,Payment,1772001822.963776,16694,5,1
2,Payment,1772001822.964190,8763,17,1
1,NewOrder,1772001822.966036,20277,12,1
2,Payment,1772001822.967720,10615,13,1
2,Payment,1772001822.967970,31013,4,1
2,Payment,1772001822.968347,12601,10,1
1,NewOrder,1772001822.968382,22995,15,1
2,Payment,1772001822.968480,25274,2,1
1,NewOrder,1772001822.969201,32520,18,1
1,NewOrder,1772001822.969564,16048,23,1
2,Payment,1772001822.969633,17645,0,1
3,OrderStatus,1772001822.971071,6433,7,1
2,Payment,1772001822.972973,9468,17,1
2,Payment,1772001822.973886,17973,16,1
2,Payment,1772001822.974122,17310,8,1
2,Payment,1772001822.974323,7215,20,1
2,Payment,1772001822.975093,37320,3,1
1,NewOrder,1772001822.976001,19132,14,1
1,NewOrder,1772001822.976123,15637,22,1
1,NewOrder,1772001822.977523,26862,7,1
2,Payment,1772001822.977555,18819,6,1
1,NewOrder,1772001822.978357,12623,13,1
2,Payment,1772001822.980497,46779,5,1
3,OrderStatus,1772001822.980975,4029,10,1
2,Payment,1772001822.981103,7385,19,1
1,NewOrder,1772001822.981558,20875,20,1
2,Payment,1772001822.982463,14902,17,1
2,Payment,1772001822.984263,20071,1,1
2,Payment,1772001822.985032,15834,10,1
2,Payment,1772001822.985637,5823,23,1
2,Payment,1772001822.986335,15635,12,1
2,Payment,1772001822.987304,31895,0,1
1,NewOrder,1772001822.988508,49338,19,1
1,NewOrder,1772001822.988560,25954,9,1
4,Delivery,1772001822.988586,105449,11,1
1,NewOrder,1772001822.989282,14255,21,1
1,NewOrder,1772001822.991009,20212,13,1
5,StockLevel,1772001822.991397,23124,15,1
2,Payment,1772001822.991445,13898,8,1
2,Payment,1772001822.991476,4465,23,1
4,Delivery,1772001822.991776,48672,22,1
1,NewOrder,1772001822.991880,30182,16,1
1,NewOrder,1772001822.993776,25052,2,1
2,Payment,1772001822.995152,19054,14,1
1,NewOrder,1772001822.995970,22864,23,1
2,Payment,1772001822.996390,16009,6,1
5,StockLevel,1772001822.997386,13038,17,1
1,NewOrder,1772001822.999008,32622,4,1
2,Payment,1772001823.000893,16696,10,1
1,NewOrder,1772001823.001748,31601,18,1
2,Payment,1772001823.001989,17254,12,1
1,NewOrder,1772001823.002455,20885,20,1
1,NewOrder,1772001823.003565,33881,21,1
1,NewOrder,1772001823.004372,33512,1,1
1,NewOrder,1772001823.004418,28127,7,1
5,StockLevel,1772001823.005359,23607,8,1
2,Payment,1772001823.010443,14984,17,1
2,Payment,1772001823.011245,23194,13,1
1,NewOrder,1772001823.012418,15497,6,1
1,NewOrder,1772001823.012443,27496,3,1
2,Payment,1772001823.014233,25807,14,1
1,NewOrder,1772001823.014534,19778,9,1
2,Payment,1772001823.014547,45420,15,1
1,NewOrder,1772001823.017609,28123,10,1
1,NewOrder,1772001823.018844,17641,2,1
1,NewOrder,1772001823.018852,21103,23,1
1,NewOrder,1772001823.019212,21141,0,1
2,Payment,1772001823.019262,28806,12,1
1,NewOrder,1772001823.022084,22155,16,1
2,Payment,1772001823.023365,6542,20,1
2,Payment,1772001823.025446,19289,17,1
2,Payment,1772001823.027297,12680,5,1
1,NewOrder,1772001823.027935,22175,6,1
5,StockLevel,1772001823.028987,15708,8,1
1,NewOrder,1772001823.029930,19777,20,1
1,NewOrder,1772001823.031650,26902,4,1
2,Payment,1772001823.032565,6790,7,1
2,Payment,1772001823.033366,10851,18,1
1,NewOrder,1772001823.034338,20589,9,1
2,Payment,1772001823.034460,17706,13,1
2,Payment,1772001823.036513,9164,2,1
2,Payment,1772001823.037462,12975,21,1
1,NewOrder,1772001823.037864,35016,19,1
1,NewOrder,1772001823.037904,26501,1,1
2,Payment,1772001823.039373,13151,7,1
1,NewOrder,1772001823.039955,22367,3,1
1,NewOrder,1772001823.039977,19934,23,1
4,Delivery,1772001823.039999,49181,5,1
2,Payment,1772001823.040062,27530,14,1
1,NewOrder,1772001823.040376,36413,0,1
5,StockLevel,1772001823.040463,10095,22,1
1,NewOrder,1772001823.044237,26353,18,1
5,StockLevel,1772001823.044259,17975,16,1
2,Payment,1772001823.044710,11529,8,1
2,Payment,1772001823.044751,28625,17,1
2,Payment,1772001823.045699,8118,2,1
1,NewOrder,1772001823.045747,13174,10,1
2,Payment,1772001823.048091,31252,12,1
5,StockLevel,1772001823.049735,21941,20,1
2,Payment,1772001823.050128,9310,6,1
1,NewOrder,1772001823.050455,35224,21,1
1,NewOrder,1772001823.050579,20400,22,1
3,OrderStatus,1772001823.052186,5830,13,1
1,NewOrder,1772001823.052542,40280,7,1
2,Payment,1772001823.053834,7076,2,1
1,NewOrder,1772001823.054942,19872,9,1
2,Payment,1772001823.056263,6567,8,1
2,Payment,1772001823.058041,28020,13,1
2,Payment,1772001823.058574,7859,4,1
2,Payment,1772001823.058940,7141,10,1
2,Payment,1772001823.059458,14914,6,1
1,NewOrder,1772001823.059924,19381,23,1
1,NewOrder,1772001823.059993,43735,15,1
1,NewOrder,1772001823.060931,23262,2,1
1,NewOrder,1772001823.062262,33009,16,1
1,NewOrder,1772001823.062342,25022,3,1
2,Payment,1772001823.062842,15999,8,1
2,Payment,1772001823.064421,13702,1,1
1,NewOrder,1772001823.066099,32950,10,1
2,Payment,1772001823.066450,26739,4,1
4,Delivery,1772001823.067608,54550,14,1
1,NewOrder,1772001823.070614,17130,18,1
1,NewOrder,1772001823.071004,29039,22,1
2,Payment,1772001823.071695,7607,20,1
1,NewOrder,1772001823.072904,16247,19,1
1,NewOrder,1772001823.073396,17727,17,1
2,Payment,1772001823.074391,11648,6,1
1,NewOrder,1772001823.074830,41486,9,1
3,OrderStatus,1772001823.076809,5909,0,1
1,NewOrder,1772001823.078145,34127,1,1
1,NewOrder,1772001823.078861,25970,8,1
2,Payment,1772001823.079323,18093,20,1
2,Payment,1772001823.079323,9486,23,1
1,NewOrder,1772001823.079363,38429,12,1
4,Delivery,1772001823.082740,6887,0,1
2,Payment,1772001823.084211,14190,2,1
1,NewOrder,1772001823.085706,25664,21,1
1,NewOrder,1772001823.086059,28038,6,1
4,Delivery,1772001823.086078,36558,13,1
2,Payment,1772001823.087379,15877,3,1
2,Payment,1772001823.087765,14381,18,1
2,Payment,1772001823.088828,18574,23,1
1,NewOrder,1772001823.089168,24292,19,1
1,NewOrder,1772001823.089197,17748,5,1
1,NewOrder,1772001823.089645,28659,0,1
1,NewOrder,1772001823.091142,30981,17,1
4,Delivery,1772001823.092836,2963,7,1
1,NewOrder,1772001823.093202,28354,4,1
1,NewOrder,1772001823.094061,30795,11,1
1,NewOrder,1772001823.095292,21667,16,1
1,NewOrder,1772001823.095817,24985,7,1
1,NewOrder,1772001823.097440,22840,20,1
4,Delivery,1772001823.098419,81717,2,1
2,Payment,1772001823.099062,8252,10,1
2,Payment,1772001823.100059,16946,22,1
3,OrderStatus,1772001823.102171,7695,18,1
3,OrderStatus,1772001823.103277,7224,3,1
2,Payment,1772001823.103754,23510,15,1
2,Payment,1772001823.104852,8107,8,1
1,NewOrder,1772001823.106967,21254,5,1
2,Payment,1772001823.107341,10207,10,1
4,Delivery,1772001823.107434,39623,23,1
1,NewOrder,1772001823.109878,17836,18,1
1,NewOrder,1772001823.110533,31540,3,1
2,Payment,1772001823.111390,17189,21,1
1,NewOrder,1772001823.112292,68330,1,1
1,NewOrder,1772001823.112986,18110,8,1
1,NewOrder,1772001823.113473,11755,19,1
2,Payment,1772001823.114120,9205,6,1
2,Payment,1772001823.116341,36400,9,1
1,NewOrder,1772001823.116976,39861,16,1
2,Payment,1772001823.117025,14856,22,1
2,Payment,1772001823.117569,18164,10,1
1,NewOrder,1772001823.117821,39952,12,1
2,Payment,1772001823.118322,5506,0,1
1,NewOrder,1772001823.120300,15802,20,1
1,NewOrder,1772001823.120830,23141,7,1
1,NewOrder,1772001823.121584,29156,4,1
1,NewOrder,1772001823.122147,20935,17,1
4,Delivery,1772001823.122174,39353,14,1
1,NewOrder,1772001823.122659,50837,13,1
1,NewOrder,1772001823.123353,26944,6,1
1,NewOrder,1772001823.123845,13419,0,1
2,Payment,1772001823.124880,24055,11,1
3,OrderStatus,1772001823.125242,4441,19,1
1,NewOrder,1772001823.127291,58063,15,1
2,Payment,1772001823.127739,8386,18,1
1,NewOrder,1772001823.128235,12506,5,1
1,NewOrder,1772001823.128614,26187,21,1
1,NewOrder,1772001823.129700,22415,19,1
2,Payment,1772001823.131119,26003,8,1
2,Payment,1772001823.131896,7726,22,1
2,Payment,1772001823.135753,26265,10,1
2,Payment,1772001823.136121,6738,20,1
1,NewOrder,1772001823.136145,9441,18,1
3,OrderStatus,1772001823.137282,3420,0,1
1,NewOrder,1772001823.139656,15047,22,1
2,Payment,1772001823.140725,5032,0,1
1,NewOrder,1772001823.140762,21153,5,1
1,NewOrder,1772001823.142096,21558,3,1
3,OrderStatus,1772001823.142874,4540,20,1
2,Payment,1772001823.143101,11662,17,1
1,NewOrder,1772001823.143986,35486,7,1
1,NewOrder,1772001823.145617,19149,18,1
2,Payment,1772001823.145775,5331,0,1
2,Payment,1772001823.147074,6677,23,1
1,NewOrder,1772001823.147430,18470,20,1
1,NewOrder,1772001823.148967,32939,11,1
1,NewOrder,1772001823.150321,26505,6,1
1,NewOrder,1772001823.150769,22037,4,1
1,NewOrder,1772001823.151123,22403,0,1
2,Payment,1772001823.152142,5583,19,1
2,Payment,1772001823.152759,13502,9,1
2,Payment,1772001823.153778,8110,23,1
1,NewOrder,1772001823.154721,11770,22,1
2,Payment,1772001823.154783,7099,17,1
2,Payment,1772001823.154829,20725,21,1
1,NewOrder,1772001823.156871,39930,16,1
2,Payment,1772001823.157139,11855,8,1
2,Payment,1772001823.157746,22292,19,1
1,NewOrder,1772001823.157790,31388,12,1
2,Payment,1772001823.161544,11931,14,1
1,NewOrder,1772001823.161907,35061,17,1
1,NewOrder,1772001823.161911,9964,23,1
2,Payment,1772001823.161938,4283,5,1
2,Payment,1772001823.162029,9394,10,1
1,NewOrder,1772001823.163689,21583,3,1
2,Payment,1772001823.164790,28114,18,1
4,Delivery,1772001823.165919,19032,20,1
1,NewOrder,1772001823.166238,18048,5,1
2,Payment,1772001823.166276,7794,9,1
2,Payment,1772001823.166521,30317,22,1
2,Payment,1772001823.169012,8865,8,1
2,Payment,1772001823.171446,8660,10,1
1,NewOrder,1772001823.171889,18266,23,1
1,NewOrder,1772001823.172822,20662,4,1
1,NewOrder,1772001823.173499,26088,14,1
1,NewOrder,1772001823.173510,27474,13,1
1,NewOrder,1772001823.173546,15080,0,1
2,Payment,1772001823.174085,9350,9,1
2,Payment,1772001823.175572,9738,21,1
2,Payment,1772001823.176846,12376,6,1
2,Payment,1772001823.177895,19284,8,1
2,Payment,1772001823.179487,25160,7,1
1,NewOrder,1772001823.180054,13033,19,1
2,Payment,1772001823.180129,30658,10,1
2,Payment,1772001823.180155,10153,2,1
2,Payment,1772001823.180637,14866,1,1
3,OrderStatus,1772001823.181925,7033,11,1
2,Payment,1772001823.183465,8958,9,1
2,Payment,1772001823.184305,14397,5,1
3,OrderStatus,1772001823.184969,4660,20,1
2,Payment,1772001823.185296,34569,3,1
1,NewOrder,1772001823.185345,48203,21,1
2,Payment,1772001823.185367,7497,15,1
1,NewOrder,1772001823.188650,11907,0,1
1,NewOrder,1772001823.188979,38436,11,1
2,Payment,1772001823.189199,7028,12,1
3,OrderStatus,1772001823.189240,9866,6,1
5,StockLevel,1772001823.189667,7912,20,1
2,Payment,1772001823.190171,10919,23,1
2,Payment,1772001823.190330,13164,2,1
2,Payment,1772001823.192444,21334,9,1
2,Payment,1772001823.192879,8145,15,1
2,Payment,1772001823.192925,14075,18,1
1,NewOrder,1772001823.193100,10869,19,1
2,Payment,1772001823.193500,33106,4,1
1,NewOrder,1772001823.195528,30525,1,1
1,NewOrder,1772001823.196252,30230,12,1
5,StockLevel,1772001823.196814,17975,16,1
4,Delivery,1772001823.196857,33564,22,1
1,NewOrder,1772001823.196983,31884,17,1
1,NewOrder,1772001823.197204,36920,8,1
1,NewOrder,1772001823.197597,20706,20,1
1,NewOrder,1772001823.198722,10512,5,1
1,NewOrder,1772001823.199116,31225,6,1
1,NewOrder,1772001823.199613,21599,14,1
3,OrderStatus,1772001823.200582,4177,0,1
2,Payment,1772001823.200992,5654,13,1
1,NewOrder,1772001823.201043,21526,15,1
2,Payment,1772001823.201116,8658,23,1
1,NewOrder,1772001823.203512,27377,2,1
1,NewOrder,1772001823.203983,22575,19,1
1,NewOrder,1772001823.204674,23103,7,1
2,Payment,1772001823.204778,26896,0,1
1,NewOrder,1772001823.206656,25540,13,1
1,NewOrder,1772001823.207015,22553,18,1
2,Payment,1772001823.209245,26859,5,1
1,NewOrder,1772001823.209796,25884,23,1
2,Payment,1772001823.210809,7838,10,1
2,Payment,1772001823.213790,8738,9,1
1,NewOrder,1772001823.214810,17418,16,1
2,Payment,1772001823.218324,5208,20,1
1,NewOrder,1772001823.218676,22756,10,1
2,Payment,1772001823.219882,23396,3,1
4,Delivery,1772001823.221234,22154,14,1
2,Payment,1772001823.222539,5822,9,1
1,NewOrder,1772001823.222589,22099,15,1
1,NewOrder,1772001823.223560,30211,20,1
2,Payment,1772001823.226073,13384,1,1
2,Payment,1772001823.226506,5770,12,1
1,NewOrder,1772001823.226582,24681,19,1
2,Payment,1772001823.226625,34157,4,1
2,Payment,1772001823.227432,8919,11,1
1,NewOrder,1772001823.227805,38220,7,1
2,Payment,1772001823.228383,15696,9,1
2,Payment,1772001823.228885,7166,17,1
1,NewOrder,1772001823.229584,21709,18,1
2,Payment,1772001823.230375,18423,6,1
3,OrderStatus,1772001823.230439,5201,22,1
1,NewOrder,1772001823.230904,12405,2,1
2,Payment,1772001823.231699,19169,0,1
1,NewOrder,1772001823.232212,11151,13,1
2,Payment,1772001823.232245,12805,16,1
2,Payment,1772001823.232299,16467,12,1
1,NewOrder,1772001823.233562,9778,21,1
1,NewOrder,1772001823.234143,17665,8,1
2,Payment,1772001823.235665,7253,22,1
2,Payment,1772001823.235701,12579,23,1
1,NewOrder,1772001823.236065,51676,17,1
2,Payment,1772001823.236131,29103,5,1
1,NewOrder,1772001823.236367,27378,11,1
2,Payment,1772001823.239480,30995,1,1
1,NewOrder,1772001823.241459,43529,10,1
2,Payment,1772001823.242940,11611,22,1
2,Payment,1772001823.243290,37690,3,1
1,NewOrder,1772001823.243329,22678,2,1
1,NewOrder,1772001823.243362,24868,21,1
1,NewOrder,1772001823.243385,30577,13,1
1,NewOrder,1772001823.243405,33240,14,1
1,NewOrder,1772001823.244101,32045,9,1
1,NewOrder,1772001823.244702,10952,15,1
1,NewOrder,1772001823.245066,41443,16,1
1,NewOrder,1772001823.248306,22496,23,1
2,Payment,1772001823.248786,3918,12,1
1,NewOrder,1772001823.248820,21227,6,1
2,Payment,1772001823.250885,36892,0,1
1,NewOrder,1772001823.251282,29009,19,1
1,NewOrder,1772001823.251305,31848,18,1
1,NewOrder,1772001823.251831,11096,8,1
1,NewOrder,1772001823.252722,14039,12,1
2,Payment,1772001823.253784,7690,20,1
1,NewOrder,1772001823.254565,18328,22,1
2,Payment,1772001823.255689,5756,15,1
2,Payment,1772001823.260805,33964,4,1
1,NewOrder,1772001823.261468,7894,15,1
3,OrderStatus,1772001823.261495,4664,20,1
2,Payment,1772001823.262947,4366,8,1
1,NewOrder,1772001823.263766,12827,11,1
1,NewOrder,1772001823.265256,11669,5,1
1,NewOrder,1772001823.266037,46995,2,1
2,Payment,1772001823.266047,10439,7,1
1,NewOrder,1772001823.266171,52977,20,1
1,NewOrder,1772001823.266783,23452,12,1
2,Payment,1772001823.267333,11431,8,1
2,Payment,1772001823.268256,8131,21,1
2,Payment,1772001823.269385,6636,15,1
3,OrderStatus,1772001823.270075,14029,6,1
1,NewOrder,1772001823.270493,46119,1,1
2,Payment,1772001823.270820,7345,23,1
3,OrderStatus,1772001823.272914,2260,22,1
2,Payment,1772001823.273981,13009,13,1
1,NewOrder,1772001823.275196,11716,22,1
4,Delivery,1772001823.276036,44668,15,1
2,Payment,1772001823.276172,5198,9,1
2,Payment,1772001823.276412,5945,21,1
1,NewOrder,1772001823.276502,44513,7,1
2,Payment,1772001823.276607,10578,11,1
1,NewOrder,1772001823.276664,43254,14,1
2,Payment,1772001823.276939,22008,5,1
2,Payment,1772001823.278193,7321,23,1
1,NewOrder,1772001823.278781,9509,8,1
1,NewOrder,1772001823.280310,38866,19,1
1,NewOrder,1772001823.280999,27017,3,1
3,OrderStatus,1772001823.281395,4438,9,1
2,Payment,1772001823.282376,8288,21,1
1,NewOrder,1772001823.283172,35448,18,1
1,NewOrder,1772001823.284132,32543,6,1
1,NewOrder,1772001823.285009,26539,10,1
2,Payment,1772001823.285552,8855,23,1
1,NewOrder,1772001823.285846,9390,9,1
2,Payment,1772001823.286522,12061,16,1
1,NewOrder,1772001823.286930,10520,22,1
2,Payment,1772001823.287002,24520,13,1
2,Payment,1772001823.287214,3373,11,1
1,NewOrder,1772001823.287758,34552,17,1
1,NewOrder,1772001823.287791,32229,0,1
2,Payment,1772001823.288314,7956,8,1
2,Payment,1772001823.290253,26531,12,1
2,Payment,1772001823.290600,8937,11,1
1,NewOrder,1772001823.290677,26739,21,1
2,Payment,1772001823.294430,4555,23,1
2,Payment,1772001823.294797,7959,4,1
2,Payment,1772001823.295257,9495,9,1
1,NewOrder,1772001823.296306,15307,8,1
2,Payment,1772001823.297471,3897,22,1
1,NewOrder,1772001823.298599,20600,16,1
2,Payment,1772001823.298965,12554,5,1
2,Payment,1772001823.298998,6487,23,1
2,Payment,1772001823.299558,12094,11,1
1,NewOrder,1772001823.301381,15211,22,1
2,Payment,1772001823.302777,13877,4,1
5,StockLevel,1772001823.304766,15534,9,1
2,Payment,1772001823.305512,7149,23,1
1,NewOrder,1772001823.308038,28818,3,1
2,Payment,1772001823.311549,12782,13,1
1,NewOrder,1772001823.311554,27038,5,1
2,Payment,1772001823.311568,5884,10,1
2,Payment,1772001823.311631,18776,8,1
2,Payment,1772001823.311674,12022,11,1
2,Payment,1772001823.312692,4893,23,1
2,Payment,1772001823.313048,13947,2,1
2,Payment,1772001823.316622,4438,22,1
2,Payment,1772001823.316634,18692,1,1
2,Payment,1772001823.316675,24199,4,1
5,StockLevel,1772001823.316693,20600,6,1
2,Payment,1772001823.316798,15699,12,1
2,Payment,1772001823.317444,10833,21,1
2,Payment,1772001823.317470,25051,10,1
1,NewOrder,1772001823.317616,26291,23,1
2,Payment,1772001823.318636,17462,18,1
1,NewOrder,1772001823.319166,21966,20,1
4,Delivery,1772001823.319195,28099,19,1
2,Payment,1772001823.319214,20964,16,1
1,NewOrder,1772001823.319942,19476,14,1
2,Payment,1772001823.320031,27021,0,1
3,OrderStatus,1772001823.320318,7528,9,1
1,NewOrder,1772001823.320731,19850,15,1
1,NewOrder,1772001823.321034,23605,7,1
1,NewOrder,1772001823.321074,19414,22,1
1,NewOrder,1772001823.322329,23040,17,1
2,Payment,1772001823.323726,22785,11,1
4,Delivery,1772001823.324350,37752,13,1
4,Delivery,1772001823.327016,51357,2,1
1,NewOrder,1772001823.327858,18193,9,1
1,NewOrder,1772001823.328300,36225,21,1
2,Payment,1772001823.330426,20883,8,1
2,Payment,1772001823.332520,14729,12,1
2,Payment,1772001823.335342,25931,1,1
2,Payment,1772001823.336119,6929,18,1
2,Payment,1772001823.336877,41143,3,1
1,NewOrder,1772001823.337308,24223,6,1
2,Payment,1772001823.338608,29990,5,1
2,Payment,1772001823.339441,10611,14,1
2,Payment,1772001823.340197,13741,16,1
2,Payment,1772001823.340501,11341,22,1
5,StockLevel,1772001823.340595,7216,15,1
2,Payment,1772001823.340885,44412,4,1
5,StockLevel,1772001823.341150,7699,20,1
2,Payment,1772001823.342545,19588,10,1
1,NewOrder,1772001823.343067,22640,18,1
4,Delivery,1772001823.343926,4081,23,1
2,Payment,1772001823.344666,10094,7,1
2,Payment,1772001823.345396,15829,17,1
1,NewOrder,1772001823.346069,23082,9,1
1,NewOrder,1772001823.346530,18814,11,1
5,StockLevel,1772001823.347086,22695,0,1
3,OrderStatus,1772001823.347266,2486,12,1
2,Payment,1772001823.347313,8667,19,1
1,NewOrder,1772001823.347829,14242,15,1
2,Payment,1772001823.348029,14263,23,1
3,OrderStatus,1772001823.348863,3592,20,1
1,NewOrder,1772001823.349773,20719,12,1
1,NewOrder,1772001823.350079,19792,14,1
2,Payment,1772001823.351334,15388,8,1
2,Payment,1772001823.351863,15599,22,1
1,NewOrder,1772001823.352469,11198,20,1
1,NewOrder,1772001823.353952,18067,16,1
2,Payment,1772001823.354780,15616,7,1
2,Payment,1772001823.356005,19822,19,1
1,NewOrder,1772001823.361244,33132,17,1
2,Payment,1772001823.361297,33458,1,1
2,Payment,1772001823.361553,19291,6,1
2,Payment,1772001823.362088,7725,15,1
2,Payment,1772001823.362123,4966,13,1
2,Payment,1772001823.362147,14069,10,1
4,Delivery,1772001823.362307,49490,23,1
4,Delivery,1772001823.363682,48630,20,1
1,NewOrder,1772001823.364542,27520,21,1
1,NewOrder,1772001823.365360,14878,11,1
2,Payment,1772001823.365730,14944,18,1
1,NewOrder,1772001823.366743,22688,8,1
1,NewOrder,1772001823.367117,13688,13,1
2,Payment,1772001823.367482,22301,22,1
1,NewOrder,1772001823.368620,40055,5,1
5,StockLevel,1772001823.369178,12839,9,1
1,NewOrder,1772001823.369797,30457,0,1
5,StockLevel,1772001823.369831,8258,15,1
1,NewOrder,1772001823.369888,18538,14,1
1,NewOrder,1772001823.370414,13813,7,1
1,NewOrder,1772001823.370507,17892,12,1
2,Payment,1772001823.372039,6307,16,1
2,Payment,1772001823.375853,25626,19,1
2,Payment,1772001823.376235,11831,10,1
2,Payment,1772001823.378043,27007,3,1
1,NewOrder,1772001823.378116,12104,15,1
4,Delivery,1772001823.378402,23578,16,1
2,Payment,1772001823.378416,20999,2,1
4,Delivery,1772001823.380259,65459,11,1
2,Payment,1772001823.380699,13015,18,1
5,StockLevel,1772001823.380820,12854,13,1
1,NewOrder,1772001823.380856,16983,6,1
2,Payment,1772001823.382036,12179,9,1
1,NewOrder,1772001823.384249,15968,7,1
1,NewOrder,1772001823.385339,45101,4,1
2,Payment,1772001823.388083,12722,10,1
2,Payment,1772001823.388412,3248,12,1
1,NewOrder,1772001823.388451,14799,14,1
2,Payment,1772001823.389455,17428,8,1
2,Payment,1772001823.389794,16316,22,1
2,Payment,1772001823.390230,4373,15,1
1,NewOrder,1772001823.391680,8597,12,1
1,NewOrder,1772001823.392086,21672,21,1
2,Payment,1772001823.393688,7597,13,1
2,Payment,1772001823.393733,17973,18,1
1,NewOrder,1772001823.394239,30209,9,1
2,Payment,1772001823.394405,13012,17,1
2,Payment,1772001823.394625,9465,15,1
2,Payment,1772001823.394774,15738,1,1
1,NewOrder,1772001823.397858,41279,6,1
2,Payment,1772001823.399428,16547,2,1
5,StockLevel,1772001823.400235,12798,7,1
2,Payment,1772001823.400271,20106,0,1
2,Payment,1772001823.400294,11071,12,1
1,NewOrder,1772001823.400819,32351,10,1
2,Payment,1772001823.401307,17107,13,1
1,NewOrder,1772001823.401496,33256,19,1
1,NewOrder,1772001823.401990,9533,16,1
1,NewOrder,1772001823.403262,9512,14,1
1,NewOrder,1772001823.404109,12286,15,1
1,NewOrder,1772001823.405067,48939,3,1
2,Payment,1772001823.406127,10194,22,1
2,Payment,1772001823.406897,7284,8,1
2,Payment,1772001823.407432,15382,17,1
2,Payment,1772001823.408689,18209,5,1
1,NewOrder,1772001823.410532,26310,1,1
2,Payment,1772001823.411381,13910,12,1
2,Payment,1772001823.411537,17703,16,1
2,Payment,1772001823.411723,14822,18,1
1,NewOrder,1772001823.411808,21996,23,1
1,NewOrder,1772001823.412330,10435,20,1
1,NewOrder,1772001823.412789,20342,14,1
1,NewOrder,1772001823.413045,20140,7,1
2,Payment,1772001823.413776,19061,21,1
2,Payment,1772001823.414196,7915,8,1
3,OrderStatus,1772001823.415993,8431,2,1
1,NewOrder,1772001823.416335,41737,22,1
1,NewOrder,1772001823.416411,16822,15,1
1,NewOrder,1772001823.418431,47270,13,1
2,Payment,1772001823.420392,11047,0,1
1,NewOrder,1772001823.422130,23033,8,1
5,StockLevel,1772001823.422780,25956,20,1
1,NewOrder,1772001823.422833,33885,17,1
1,NewOrder,1772001823.424441,44559,2,1
2,Payment,1772001823.424464,9932,9,1
2,Payment,1772001823.425311,7907,12,1
2,Payment,1772001823.426559,17199,18,1
1,NewOrder,1772001823.426912,45051,5,1
1,NewOrder,1772001823.429252,14325,16,1
1,NewOrder,1772001823.430459,37456,4,1
1,NewOrder,1772001823.431457,14776,0,1
4,Delivery,1772001823.432853,57029,21,1
1,NewOrder,1772001823.433143,13984,14,1
2,Payment,1772001823.433196,13467,10,1
1,NewOrder,1772001823.433197,13211,7,1
2,Payment,1772001823.433235,9814,12,1
1,NewOrder,1772001823.433247,14251,15,1
1,NewOrder,1772001823.433819,12623,23,1
2,Payment,1772001823.434414,19131,9,1
2,Payment,1772001823.434778,21145,19,1
1,NewOrder,1772001823.436858,27435,1,1
1,NewOrder,1772001823.439157,37697,6,1
3,OrderStatus,1772001823.443067,12620,12,1
1,NewOrder,1772001823.443590,10392,16,1
2,Payment,1772001823.443776,18350,18,1
1,NewOrder,1772001823.445182,27732,8,1
1,NewOrder,1772001823.445734,19285,11,1
1,NewOrder,1772001823.446246,18454,0,1
2,Payment,1772001823.446417,13057,7,1
2,Payment,1772001823.446457,22899,23,1
1,NewOrder,1772001823.446680,33996,10,1
1,NewOrder,1772001823.447154,6868,14,1
1,NewOrder,1772001823.447508,11635,15,1
1,NewOrder,1772001823.448752,23254,20,1
1,NewOrder,1772001823.453567,20383,9,1
1,NewOrder,1772001823.454001,16502,16,1
1,NewOrder,1772001823.454021,22382,3,1
2,Payment,1772001823.454038,8441,14,1
2,Payment,1772001823.455705,17258,12,1
1,NewOrder,1772001823.455944,20873,19,1
2,Payment,1772001823.456734,27091,17,1
1,NewOrder,1772001823.458086,27599,22,1
2,Payment,1772001823.459160,31103,15,1
5,StockLevel,1772001823.459494,11161,7,1
2,Payment,1772001823.462145,12316,18,1
2,Payment,1772001823.462496,38574,14,1
2,Payment,1772001823.464311,8530,1,1
1,NewOrder,1772001823.464715,53923,0,1
2,Payment,1772001823.465037,6310,11,1
2,Payment,1772001823.465715,47225,13,1
2,Payment,1772001823.467940,8945,4,1
2,Payment,1772001823.469013,12033,2,1
1,NewOrder,1772001823.469382,21984,23,1
1,NewOrder,1772001823.470528,15566,16,1
1,NewOrder,1772001823.470681,16981,7,1
2,Payment,1772001823.471373,3655,11,1
2,Payment,1772001823.471975,21857,5,1
2,Payment,1772001823.472023,5172,20,1
2,Payment,1772001823.472854,11452,1,1
2,Payment,1772001823.472930,6429,8,1
1,NewOrder,1772001823.472976,20467,12,1
1,NewOrder,1772001823.473970,12595,9,1
1,NewOrder,1772001823.474486,12001,18,1
2,Payment,1772001823.475048,8855,11,1
2,Payment,1772001823.476415,21724,3,1
2,Payment,1772001823.476828,6486,19,1
2,Payment,1772001823.476869,11295,6,1
2,Payment,1772001823.476900,11212,4,1
2,Payment,1772001823.477216,11550,20,1
2,Payment,1772001823.479376,12981,8,1
1,NewOrder,1772001823.480694,24699,10,1
2,Payment,1772001823.481062,22497,2,1
1,NewOrder,1772001823.483340,27420,19,1
2,Payment,1772001823.483850,38416,17,1
3,OrderStatus,1772001823.483928,3447,11,1
1,NewOrder,1772001823.484324,21420,1,1
2,Payment,1772001823.485700,8819,22,1
1,NewOrder,1772001823.486119,42882,16,1
2,Payment,1772001823.486510,21884,18,1
4,Delivery,1772001823.486578,26829,9,1
1,NewOrder,1772001823.487395,15012,11,1
2,Payment,1772001823.487676,19646,7,1
2,Payment,1772001823.488137,27989,4,1
1,NewOrder,1772001823.488175,26535,6,1
3,OrderStatus,1772001823.488792,3576,20,1
2,Payment,1772001823.489907,9280,21,1
2,Payment,1772001823.490287,38286,15,1
1,NewOrder,1772001823.491378,17654,23,1
1,NewOrder,1772001823.492377,35266,8,1
1,NewOrder,1772001823.492388,9327,20,1
1,NewOrder,1772001823.493467,32646,12,1
2,Payment,1772001823.493843,25196,5,1
4,Delivery,1772001823.494530,30649,22,1
5,StockLevel,1772001823.498160,19499,3,1
1,NewOrder,1772001823.499199,41537,21,1
1,NewOrder,1772001823.501092,17564,14,1
2,Payment,1772001823.501728,22496,20,1
1,NewOrder,1772001823.502420,8764,11,1
1,NewOrder,1772001823.503573,22198,2,1
1,NewOrder,1772001823.505416,29587,10,1
2,Payment,1772001823.505756,16080,1,1
2,Payment,1772001823.507338,14094,7,1
2,Payment,1772001823.508404,22749,18,1
1,NewOrder,1772001823.509055,24161,23,1
2,Payment,1772001823.510784,24665,19,1
1,NewOrder,1772001823.511198,5250,11,1
3,OrderStatus,1772001823.512963,14386,13,1
1,NewOrder,1772001823.513430,4799,9,1
5,StockLevel,1772001823.514734,17571,6,1
1,NewOrder,1772001823.516139,22472,4,1
2,Payment,1772001823.516457,9356,11,1
1,NewOrder,1772001823.517683,26091,3,1
2,Payment,1772001823.518250,11909,9,1
1,NewOrder,1772001823.518666,11007,0,1
1,NewOrder,1772001823.518678,11813,14,1
1,NewOrder,1772001823.519059,19969,5,1
4,Delivery,1772001823.521455,23320,7,1
2,Payment,1772001823.521853,4769,1,1
2,Payment,1772001823.522291,13518,17,1
1,NewOrder,1772001823.524240,33582,20,1
1,NewOrder,1772001823.525195,25758,22,1
1,NewOrder,1772001823.525830,34488,2,1
2,Payment,1772001823.525833,8755,11,1
1,NewOrder,1772001823.526143,25054,12,1
1,NewOrder,1772001823.526637,24287,1,1
1,NewOrder,1772001823.527378,21272,13,1
1,NewOrder,1772001823.527658,20654,8,1
2,Payment,1772001823.528598,14633,15,1
2,Payment,1772001823.529020,28862,16,1
2,Payment,1772001823.529689,5772,0,1
2,Payment,1772001823.530184,7787,9,1
1,NewOrder,1772001823.530519,20505,14,1
1,NewOrder,1772001823.531169,27011,18,1
2,Payment,1772001823.532319,12821,6,1
2,Payment,1772001823.533241,7109,23,1
1,NewOrder,1772001823.534604,16710,11,1
2,Payment,1772001823.535029,15225,10,1
2,Payment,1772001823.535463,10927,19,1
2,Payment,1772001823.535474,4511,0,1
2,Payment,1772001823.535826,28378,17,1
2,Payment,1772001823.538004,21979,9,1
5,StockLevel,1772001823.538629,17190,4,1
1,NewOrder,1772001823.539050,34172,5,1
1,NewOrder,1772001823.539999,11284,0,1
2,Payment,1772001823.540366,10862,23,1
1,NewOrder,1772001823.540746,19690,21,1
1,NewOrder,1772001823.543252,61404,15,1
2,Payment,1772001823.543800,7073,3,1
2,Payment,1772001823.544787,22045,7,1
1,NewOrder,1772001823.545166,39806,6,1
1,NewOrder,1772001823.546407,24592,19,1
2,Payment,1772001823.548337,23845,8,1
4,Delivery,1772001823.548677,32363,13,1
1,NewOrder,1772001823.550279,33856,10,1
1,NewOrder,1772001823.550885,27218,3,1
1,NewOrder,1772001823.550938,9406,1,1
1,NewOrder,1772001823.550974,34739,22,1
1,NewOrder,1772001823.551050,12798,14,1
1,NewOrder,1772001823.551209,40863,12,1
4,Delivery,1772001823.551245,73008,23,1
3,OrderStatus,1772001823.551295,2699,0,1
2,Payment,1772001823.551324,25061,11,1
2,Payment,1772001823.554012,3386,0,1
1,NewOrder,1772001823.555841,27916,4,1
2,Payment,1772001823.557415,4838,0,1
2,Payment,1772001823.557840,5121,20,1
4,Delivery,1772001823.557895,23740,16,1
1,NewOrder,1772001823.558206,27901,18,1
1,NewOrder,1772001823.559999,27815,9,1
1,NewOrder,1772001823.560345,24304,2,1
2,Payment,1772001823.560361,6904,1,1
1,NewOrder,1772001823.560450,20558,21,1
1,NewOrder,1772001823.562275,11933,0,1
1,NewOrder,1772001823.562981,29956,20,1
2,Payment,1772001823.563871,3371,14,1
1,NewOrder,1772001823.564219,11520,17,1
1,NewOrder,1772001823.566852,24069,7,1
4,Delivery,1772001823.567266,14260,14,1
2,Payment,1772001823.567277,4301,1,1
1,NewOrder,1772001823.571017,54899,19,1
2,Payment,1772001823.571592,6128,1,1
3,OrderStatus,1772001823.572200,4755,8,1
1,NewOrder,1772001823.573237,29694,5,1
2,Payment,1772001823.574228,6411,0,1
1,NewOrder,1772001823.575764,16578,17,1
2,Payment,1772001823.576407,5580,11,1
2,Payment,1772001823.576975,9164,8,1
2,Payment,1772001823.577742,8398,1,1
1,NewOrder,1772001823.578120,20769,3,1
2,Payment,1772001823.580663,17468,0,1
2,Payment,1772001823.581020,8636,21,1
1,NewOrder,1772001823.581056,29120,13,1
1,NewOrder,1772001823.581539,11425,14,1
2,Payment,1772001823.581657,5317,16,1
1,NewOrder,1772001823.581999,16588,11,1
1,NewOrder,1772001823.583771,31883,4,1
2,Payment,1772001823.584153,7425,10,1
1,NewOrder,1772001823.584665,29704,2,1
2,Payment,1772001823.584997,13626,6,1
2,Payment,1772001823.585727,13635,22,1
2,Payment,1772001823.586117,22462,18,1
1,NewOrder,1772001823.586152,41446,8,1
2,Payment,1772001823.586166,21952,1,1
1,NewOrder,1772001823.586995,11610,16,1
2,Payment,1772001823.587827,19047,9,1
5,StockLevel,1772001823.589671,9213,21,1
1,NewOrder,1772001823.590947,28239,7,1
1,NewOrder,1772001823.591605,12526,10,1
1,NewOrder,1772001823.592099,20217,12,1
1,NewOrder,1772001823.592362,18412,17,1
1,NewOrder,1772001823.592949,7713,20,1
2,Payment,1772001823.592976,13466,14,1
1,NewOrder,1772001823.598149,14083,0,1
4,Delivery,1772001823.598604,63411,11,1
2,Payment,1772001823.598632,15174,16,1
1,NewOrder,1772001823.598650,34163,6,1
2,Payment,1772001823.598909,16833,3,1
2,Payment,1772001823.598916,20681,21,1
2,Payment,1772001823.599388,15942,22,1
2,Payment,1772001823.600674,23969,20,1
2,Payment,1772001823.602962,20444,5,1
1,NewOrder,1772001823.604150,10581,10,1
1,NewOrder,1772001823.604675,7232,15,1
1,NewOrder,1772001823.606457,20320,14,1
2,Payment,1772001823.606899,8790,9,1
1,NewOrder,1772001823.608144,13131,1,1
1,NewOrder,1772001823.608598,16955,18,1
2,Payment,1772001823.610194,9436,13,1
2,Payment,1772001823.610790,20284,17,1
2,Payment,1772001823.611919,28133,15,1
2,Payment,1772001823.612244,17596,0,1
1,NewOrder,1772001823.612332,43042,12,1
4,Delivery,1772001823.613816,59570,16,1
1,NewOrder,1772001823.614389,21463,2,1
2,Payment,1772001823.614748,15536,10,1
1,NewOrder,1772001823.615349,39682,22,1
1,NewOrder,1772001823.615679,49862,4,1
2,Payment,1772001823.615701,6857,9,1
3,OrderStatus,1772001823.615766,8985,3,1
2,Payment,1772001823.619202,22514,7,1
1,NewOrder,1772001823.619618,21693,21,1
1,NewOrder,1772001823.619641,48587,13,1
1,NewOrder,1772001823.621296,28894,1,1
2,Payment,1772001823.622576,21771,9,1
1,NewOrder,1772001823.623429,32623,5,1
2,Payment,1772001823.624264,4323,23,1
4,Delivery,1772001823.624662,33674,20,1
1,NewOrder,1772001823.624783,28990,3,1
2,Payment,1772001823.625572,6496,18,1
2,Payment,1772001823.625941,9454,19,1
3,OrderStatus,1772001823.626798,4789,14,1
1,NewOrder,1772001823.627613,12892,8,1
2,Payment,1772001823.628613,9036,23,1
2,Payment,1772001823.629861,13317,0,1
1,NewOrder,1772001823.630309,36017,10,1
1,NewOrder,1772001823.631094,31748,17,1
1,NewOrder,1772001823.631613,10076,14,1
2,Payment,1772001823.632086,8321,18,1
2,Payment,1772001823.632824,14267,6,1
1,NewOrder,1772001823.635419,6318,19,1
2,Payment,1772001823.635874,9769,2,1
1,NewOrder,1772001823.637665,10036,23,1
2,Payment,1772001823.640078,10508,15,1
1,NewOrder,1772001823.640419,27826,18,1
1,NewOrder,1772001823.640530,28688,8,1
2,Payment,1772001823.641345,11039,21,1
1,NewOrder,1772001823.641697,19760,14,1
4,Delivery,1772001823.641726,21024,7,1
1,NewOrder,1772001823.641754,25469,19,1
2,Payment,1772001823.643201,6290,0,1
2,Payment,1772001823.644358,6657,9,1
3,OrderStatus,1772001823.645666,2314,2,1
1,NewOrder,1772001823.647113,12094,6,1
2,Payment,1772001823.647723,7680,23,1
1,NewOrder,1772001823.647998,14876,2,1
2,Payment,1772001823.649519,5827,0,1
2,Payment,1772001823.650204,11950,1,1
1,NewOrder,1772001823.650605,21385,15,1
1,NewOrder,1772001823.651028,16730,9,1
2,Payment,1772001823.652406,13553,21,1
1,NewOrder,1772001823.653785,20459,3,1
1,NewOrder,1772001823.655050,19640,22,1
1,NewOrder,1772001823.655363,38076,0,1
1,NewOrder,1772001823.655394,38484,12,1
2,Payment,1772001823.655418,14335,23,1
1,NewOrder,1772001823.656065,21692,5,1
1,NewOrder,1772001823.658350,22986,20,1
2,Payment,1772001823.659221,4436,6,1
2,Payment,1772001823.661472,7149,14,1
1,NewOrder,1772001823.662027,17903,11,1
2,Payment,1772001823.662172,9331,1,1
3,OrderStatus,1772001823.662769,10019,7,1
1,NewOrder,1772001823.662872,26272,17,1
1,NewOrder,1772001823.662885,17421,2,1
2,Payment,1772001823.663673,4614,6,1
2,Payment,1772001823.665558,17033,4,1
2,Payment,1772001823.665972,13591,21,1
2,Payment,1772001823.666348,9810,10,1
2,Payment,1772001823.667236,19687,19,1
2,Payment,1772001823.667794,17620,9,1
2,Payment,1772001823.668243,11725,13,1
1,NewOrder,1772001823.668259,39367,18,1
1,NewOrder,1772001823.668300,22006,6,1
2,Payment,1772001823.668648,5112,14,1
2,Payment,1772001823.669225,20400,8,1
1,NewOrder,1772001823.669767,16499,23,1
5,StockLevel,1772001823.671520,25940,1,1
1,NewOrder,1772001823.672018,30277,15,1
2,Payment,1772001823.672802,25966,7,1
2,Payment,1772001823.673396,18697,16,1
1,NewOrder,1772001823.673766,9927,14,1
1,NewOrder,1772001823.674274,9075,3,1
4,Delivery,1772001823.674705,37964,22,1
2,Payment,1772001823.676178,29467,10,1
1,NewOrder,1772001823.677767,8136,5,1
3,OrderStatus,1772001823.679588,13271,21,1
1,NewOrder,1772001823.679954,25207,11,1
5,StockLevel,1772001823.679983,18126,13,1
2,Payment,1772001823.680316,5966,2,1
2,Payment,1772001823.681353,8375,20,1
2,Payment,1772001823.682604,7094,4,1
2,Payment,1772001823.683370,12042,3,1
2,Payment,1772001823.683703,12492,14,1
2,Payment,1772001823.685430,26765,9,1
1,NewOrder,1772001823.685920,15600,5,1
4,Delivery,1772001823.686290,26847,23,1
2,Payment,1772001823.686302,19310,2,1
1,NewOrder,1772001823.686933,34256,19,1
1,NewOrder,1772001823.689161,10045,17,1
1,NewOrder,1772001823.689641,30862,8,1
1,NewOrder,1772001823.689709,30829,4,1
2,Payment,1772001823.689754,5181,20,1
1,NewOrder,1772001823.690323,24026,6,1
1,NewOrder,1772001823.692104,13442,16,1
2,Payment,1772001823.692881,14636,21,1
2,Payment,1772001823.693451,19981,0,1
1,NewOrder,1772001823.693887,7205,12,1
2,Payment,1772001823.694953,19083,20,1
1,NewOrder,1772001823.695422,26162,3,1
1,NewOrder,1772001823.696215,22334,14,1
1,NewOrder,1772001823.697480,20734,1,1
1,NewOrder,1772001823.698126,14504,13,1
1,NewOrder,1772001823.698781,19369,7,1
2,Payment,1772001823.699219,7765,17,1
1,NewOrder,1772001823.701106,16605,12,1
4,Delivery,1772001823.701529,36854,5,1
1,NewOrder,1772001823.702320,24296,15,1
4,Delivery,1772001823.705179,33599,11,1
2,Payment,1772001823.705564,5582,16,1
1,NewOrder,1772001823.705632,24809,2,1
2,Payment,1772001823.705658,14422,10,1
5,StockLevel,1772001823.707004,15780,17,1
2,Payment,1772001823.707528,29141,21,1
2,Payment,1772001823.707640,20376,18,1
2,Payment,1772001823.711160,4939,16,1
1,NewOrder,1772001823.712217,32872,9,1
2,Payment,1772001823.712648,7928,13,1
2,Payment,1772001823.712684,33551,22,1
1,NewOrder,1772001823.713153,24351,23,1
1,NewOrder,1772001823.713447,32039,0,1
2,Payment,1772001823.714055,37069,20,1
2,Payment,1772001823.714362,14871,6,1
1,NewOrder,1772001823.716116,29764,16,1
1,NewOrder,1772001823.717727,26441,12,1
4,Delivery,1772001823.718165,20980,7,1
1,NewOrder,1772001823.718237,33359,1,1
1,NewOrder,1772001823.718561,46267,14,1
2,Payment,1772001823.720094,20412,10,1
1,NewOrder,1772001823.720514,34109,8,1
2,Payment,1772001823.720552,10593,4,1
2,Payment,1772001823.720595,8716,13,1
1,NewOrder,1772001823.721208,11574,19,1
5,StockLevel,1772001823.721601,7925,3,1
1,NewOrder,1772001823.722800,11319,17,1
4,Delivery,1772001823.726630,32218,15,1
1,NewOrder,1772001823.728032,30322,18,1
3,OrderStatus,1772001823.729250,11726,6,1
4,Delivery,1772001823.729344,29900,13,1
1,NewOrder,1772001823.729549,11132,3,1
1,NewOrder,1772001823.730454,24552,2,1
1,NewOrder,1772001823.731157,26262,4,1
1,NewOrder,1772001823.732794,9254,19,1
2,Payment,1772001823.734129,5801,17,1
1,NewOrder,1772001823.736687,22072,21,1
2,Payment,1772001823.737527,21336,23,1
1,NewOrder,1772001823.738396,8765,5,1
2,Payment,1772001823.738804,5766,11,1
2,Payment,1772001823.739164,12395,7,1
3,OrderStatus,1772001823.739941,3444,17,1
2,Payment,1772001823.740527,17472,10,1
1,NewOrder,1772001823.740694,15227,3,1
1,NewOrder,1772001823.740989,18373,6,1
2,Payment,1772001823.742065,21669,19,1
1,NewOrder,1772001823.743400,17186,17,1
2,Payment,1772001823.744179,5999,12,1
2,Payment,1772001823.744590,22761,11,1
1,NewOrder,1772001823.745100,24421,9,1
2,Payment,1772001823.745501,8713,0,1
1,NewOrder,1772001823.745895,24544,16,1
1,NewOrder,1772001823.746245,30256,22,1
2,Payment,1772001823.747183,11259,5,1
2,Payment,1772001823.750191,4782,12,1
2,Payment,1772001823.751141,21466,20,1
1,NewOrder,1772001823.751570,21503,7,1
2,Payment,1772001823.751622,16618,1,1
2,Payment,1772001823.754230,16643,0,1
2,Payment,1772001823.754633,17546,8,1
1,NewOrder,1772001823.754986,31948,12,1
2,Payment,1772001823.755031,20656,2,1
1,NewOrder,1772001823.755935,18987,3,1
1,NewOrder,1772001823.757440,10440,4,1
2,Payment,1772001823.758020,17669,10,1
2,Payment,1772001823.758366,25283,18,1
2,Payment,1772001823.758465,24273,5,1
2,Payment,1772001823.758772,18107,21,1
1,NewOrder,1772001823.758876,14251,15,1
5,StockLevel,1772001823.758884,18624,23,1
4,Delivery,1772001823.759260,8613,13,1
1,NewOrder,1772001823.759384,8350,6,1
1,NewOrder,1772001823.760604,20653,17,1
5,StockLevel,1772001823.763753,14649,19,1
2,Payment,1772001823.764843,7802,14,1
2,Payment,1772001823.767370,17377,11,1
2,Payment,1772001823.767752,12979,6,1
2,Payment,1772001823.767889,17965,4,1
1,NewOrder,1772001823.767901,4691,13,1
2,Payment,1772001823.768258,21232,1,1
2,Payment,1772001823.769532,18736,9,1
2,Payment,1772001823.770464,7914,16,1
2,Payment,1772001823.770884,23031,0,1
2,Payment,1772001823.772198,19563,8,1
1,NewOrder,1772001823.772610,13896,13,1
2,Payment,1772001823.772624,14360,20,1
2,Payment,1772001823.772660,10614,14,1
2,Payment,1772001823.773085,23932,7,1
1,NewOrder,1772001823.773140,15738,15,1
2,Payment,1772001823.774935,29529,3,1
2,Payment,1772001823.775698,33708,2,1
1,NewOrder,1772001823.775714,6735,10,1
2,Payment,1772001823.776525,17032,22,1
2,Payment,1772001823.776890,23141,21,1
5,StockLevel,1772001823.777533,3089,23,1
5,StockLevel,1772001823.778402,13569,16,1
2,Payment,1772001823.778422,24982,19,1
1,NewOrder,1772001823.780638,6003,23,1
1,NewOrder,1772001823.780757,13087,6,1
2,Payment,1772001823.781270,5667,17,1
1,NewOrder,1772001823.782471,11408,10,1
2,Payment,1772001823.782749,32303,5,1
2,Payment,1772001823.783300,10075,14,1
2,Payment,1772001823.783676,22586,18,1
2,Payment,1772001823.784779,18767,11,1
5,StockLevel,1772001823.785871,9329,4,1
1,NewOrder,1772001823.786533,8547,13,1
2,Payment,1772001823.786654,23064,23,1
2,Payment,1772001823.786955,13991,17,1
2,Payment,1772001823.786968,22479,12,1
1,NewOrder,1772001823.787008,14035,20,1
1,NewOrder,1772001823.788292,25255,9,1
1,NewOrder,1772001823.788888,13872,15,1
5,StockLevel,1772001823.789512,7963,1,1
2,Payment,1772001823.791781,14077,8,1
1,NewOrder,1772001823.791996,10310,16,1
1,NewOrder,1772001823.793402,25323,14,1
2,Payment,1772001823.793580,21413,22,1
3,OrderStatus,1772001823.793860,10129,6,1
1,NewOrder,1772001823.793892,20385,10,1
2,Payment,1772001823.793929,26649,0,1
2,Payment,1772001823.795096,19284,13,1
1,NewOrder,1772001823.795215,7504,4,1
1,NewOrder,1772001823.797038,23482,7,1
1,NewOrder,1772001823.797488,6543,1,1
2,Payment,1772001823.800065,20087,21,1
5,StockLevel,1772001823.800983,15773,17,1
5,StockLevel,1772001823.801068,14097,20,1
2,Payment,1772001823.802326,15971,16,1
2,Payment,1772001823.802730,22550,4,1
2,Payment,1772001823.802786,27078,15,1
2,Payment,1772001823.803432,21275,19,1
2,Payment,1772001823.803572,5431,11,1
4,Delivery,1772001823.803999,11044,6,1
5,StockLevel,1772001823.804049,2162,1,1
2,Payment,1772001823.804482,27804,3,1
1,NewOrder,1772001823.805883,25813,8,1
2,Payment,1772001823.806232,32070,1,1
5,StockLevel,1772001823.806276,12535,18,1
2,Payment,1772001823.809023,5399,11,1
1,NewOrder,1772001823.809424,27587,2,1
2,Payment,1772001823.809469,27634,12,1
1,NewOrder,1772001823.809737,28484,23,1
1,NewOrder,1772001823.813573,25095,9,1
1,NewOrder,1772001823.814292,9183,10,1
1,NewOrder,1772001823.814400,23223,13,1
2,Payment,1772001823.814440,9931,11,1
1,NewOrder,1772001823.815005,30634,22,1
1,NewOrder,1772001823.815070,11702,6,1
2,Payment,1772001823.815071,30540,5,1
2,Payment,1772001823.815176,14195,20,1
2,Payment,1772001823.816769,5559,17,1
1,NewOrder,1772001823.818321,15845,16,1
5,StockLevel,1772001823.818747,11668,14,1
1,NewOrder,1772001823.818829,23211,18,1
2,Payment,1772001823.820167,16367,21,1
1,NewOrder,1772001823.820533,24638,7,1
2,Payment,1772001823.820595,30819,0,1
2,Payment,1772001823.822357,19277,17,1
1,NewOrder,1772001823.823490,16589,10,1
1,NewOrder,1772001823.824393,19067,11,1
2,Payment,1772001823.824728,23965,19,1
1,NewOrder,1772001823.825296,17299,4,1
1,NewOrder,1772001823.826783,14020,6,1
1,NewOrder,1772001823.829388,22376,20,1
2,Payment,1772001823.829886,19353,15,1
2,Payment,1772001823.830430,22240,14,1
1,NewOrder,1772001823.831720,13955,8,1
5,StockLevel,1772001823.832297,17265,3,1
1,NewOrder,1772001823.834179,16813,16,1
1,NewOrder,1772001823.836541,25854,21,1
2,Payment,1772001823.837016,19186,2,1
2,Payment,1772001823.837128,21585,12,1
1,NewOrder,1772001823.837644,12658,13,1
1,NewOrder,1772001823.838246,11769,23,1
2,Payment,1772001823.838320,27773,1,1
4,Delivery,1772001823.838681,43925,9,1
2,Payment,1772001823.840100,6703,10,1
2,Payment,1772001823.840823,9878,6,1
1,NewOrder,1772001823.841660,22714,17,1
2,Payment,1772001823.842050,13806,18,1
2,Payment,1772001823.842610,19411,4,1
4,Delivery,1772001823.843468,39725,11,1
2,Payment,1772001823.845183,19572,7,1
2,Payment,1772001823.845636,27259,5,1
1,NewOrder,1772001823.845657,9231,22,1
1,NewOrder,1772001823.845697,10101,8,1
2,Payment,1772001823.846825,7407,10,1
2,Payment,1772001823.848713,9648,19,1
1,NewOrder,1772001823.849250,22956,15,1
2,Payment,1772001823.849572,30770,3,1
2,Payment,1772001823.850041,13349,23,1
2,Payment,1772001823.850328,13475,13,1
1,NewOrder,1772001823.850727,18371,6,1
1,NewOrder,1772001823.851007,5997,16,1
2,Payment,1772001823.851440,35136,0,1
3,OrderStatus,1772001823.851773,5661,20,1
1,NewOrder,1772001823.852696,15514,14,1
1,NewOrder,1772001823.854252,16797,10,1
2,Payment,1772001823.854898,18688,22,1
2,Payment,1772001823.855811,14112,8,1
3,OrderStatus,1772001823.855872,9130,18,1
1,NewOrder,1772001823.856215,9139,2,1
1,NewOrder,1772001823.857022,27675,16,1
4,Delivery,1772001823.857459,23014,20,1
5,StockLevel,1772001823.858386,12880,19,1
1,NewOrder,1772001823.858739,32344,12,1
1,NewOrder,1772001823.862046,25019,4,1
4,Delivery,1772001823.862415,18412,21,1
1,NewOrder,1772001823.863426,35802,23,1
2,Payment,1772001823.863828,13849,13,1
1,NewOrder,1772001823.864396,33282,17,1
5,StockLevel,1772001823.864776,29215,7,1
2,Payment,1772001823.865024,16629,18,1
2,Payment,1772001823.865367,24988,2,1
1,NewOrder,1772001823.866107,34063,1,1
1,NewOrder,1772001823.868235,26589,14,1
1,NewOrder,1772001823.869124,27000,6,1
1,NewOrder,1772001823.869942,20368,8,1
3,OrderStatus,1772001823.871071,4129,10,1
2,Payment,1772001823.871290,16765,19,1
2,Payment,1772001823.872225,9006,15,1
4,Delivery,1772001823.872914,78162,5,1
2,Payment,1772001823.873604,20516,22,1
2,Payment,1772001823.875229,4577,10,1
2,Payment,1772001823.877702,8274,13,1
2,Payment,1772001823.879831,5441,10,1
2,Payment,1772001823.880368,14974,3,1
1,NewOrder,1772001823.880499,25931,20,1
2,Payment,1772001823.880849,17917,21,1
1,NewOrder,1772001823.881250,24310,15,1
1,NewOrder,1772001823.881671,50838,18,1
2,Payment,1772001823.882642,7270,9,1
2,Payment,1772001823.883209,16911,11,1
1,NewOrder,1772001823.884711,23596,16,1
2,Payment,1772001823.885298,22416,10,1
1,NewOrder,1772001823.885997,36231,13,1
2,Payment,1772001823.886601,13841,0,1
2,Payment,1772001823.887076,22382,4,1
2,Payment,1772001823.888066,18441,19,1
1,NewOrder,1772001823.889932,28792,9,1
2,Payment,1772001823.890322,21131,8,1
2,Payment,1772001823.890380,28414,2,1
1,NewOrder,1772001823.891106,13322,12,1
4,Delivery,1772001823.894007,13346,7,1
4,Delivery,1772001823.894145,70393,22,1
1,NewOrder,1772001823.894852,12890,14,1
2,Payment,1772001823.895356,38605,3,1
3,OrderStatus,1772001823.896144,4435,6,1
2,Payment,1772001823.897698,4603,17,1
2,Payment,1772001823.898781,13786,21,1
5,StockLevel,1772001823.899241,9866,23,1
5,StockLevel,1772001823.900141,37718,11,1
1,NewOrder,1772001823.900184,32344,1,1
1,NewOrder,1772001823.900471,47365,0,1
1,NewOrder,1772001823.900601,10418,6,1
2,Payment,1772001823.902326,5449,17,1
5,StockLevel,1772001823.904457,10845,12,1
1,NewOrder,1772001823.905575,40603,15,1
1,NewOrder,1772001823.906456,39351,20,1
1,NewOrder,1772001823.906528,58107,19,1
1,NewOrder,1772001823.907377,21462,7,1
1,NewOrder,1772001823.907740,25158,10,1
2,Payment,1772001823.907756,3733,14,1
1,NewOrder,1772001823.907801,10945,17,1
2,Payment,1772001823.908321,10052,16,1
1,NewOrder,1772001823.909118,12216,23,1
2,Payment,1772001823.909483,34919,4,1
4,Delivery,1772001823.911031,8767,6,1
1,NewOrder,1772001823.911473,14737,8,1
2,Payment,1772001823.911511,11183,14,1
2,Payment,1772001823.912587,6487,21,1
1,NewOrder,1772001823.915333,21643,12,1
1,NewOrder,1772001823.918390,20976,16,1
5,StockLevel,1772001823.918747,21978,9,1
2,Payment,1772001823.918766,14036,17,1
2,Payment,1772001823.918821,32868,2,1
2,Payment,1772001823.919087,13438,21,1
2,Payment,1772001823.919816,4960,6,1
1,NewOrder,1772001823.921345,10720,23,1
1,NewOrder,1772001823.922242,22484,13,1
1,NewOrder,1772001823.922720,34174,14,1
1,NewOrder,1772001823.924787,19532,6,1
2,Payment,1772001823.926236,3275,8,1
2,Payment,1772001823.928864,5462,7,1
3,OrderStatus,1772001823.929527,5005,8,1
2,Payment,1772001823.932090,6222,23,1
1,NewOrder,1772001823.932534,25721,18,1
1,NewOrder,1772001823.932554,25552,21,1
2,Payment,1772001823.932555,32153,1,1
1,NewOrder,1772001823.932814,13834,17,1
2,Payment,1772001823.932917,10710,10,1
2,Payment,1772001823.933974,54625,3,1
2,Payment,1772001823.934351,29071,7,1
2,Payment,1772001823.934558,15521,8,1
1,NewOrder,1772001823.937002,27755,12,1
1,NewOrder,1772001823.937881,26965,11,1
2,Payment,1772001823.938327,6210,23,1
2,Payment,1772001823.939385,5369,16,1
1,NewOrder,1772001823.940749,14089,9,1
1,NewOrder,1772001823.943653,21116,10,1
1,NewOrder,1772001823.944347,20321,6,1
2,Payment,1772001823.944428,55860,4,1
1,NewOrder,1772001823.944552,20051,23,1
1,NewOrder,1772001823.944751,21833,13,1
1,NewOrder,1772001823.944769,20055,16,1
3,OrderStatus,1772001823.945823,5498,20,1
1,NewOrder,1772001823.946203,19214,15,1
1,NewOrder,1772001823.946661,37094,17,1
1,NewOrder,1772001823.947861,16928,0,1
4,Delivery,1772001823.950095,15756,8,1
2,Payment,1772001823.951091,55453,5,1
2,Payment,1772001823.951356,6364,20,1
5,StockLevel,1772001823.951714,10814,2,1
2,Payment,1772001823.954863,31472,9,1
2,Payment,1772001823.956914,7544,14,1
2,Payment,1772001823.957745,6830,20,1
2,Payment,1772001823.958130,31149,21,1
2,Payment,1772001823.958285,37508,18,1
1,NewOrder,1772001823.962552,26340,2,1
3,OrderStatus,1772001823.963444,2245,7,1
2,Payment,1772001823.964483,39389,14,1
1,NewOrder,1772001823.964554,45423,22,1
2,Payment,1772001823.964611,37864,20,1
1,NewOrder,1772001823.964620,32976,23,1
2,Payment,1772001823.964659,43309,19,1
4,Delivery,1772001823.964682,20070,6,1
1,NewOrder,1772001823.964725,31949,1,1
2,Payment,1772001823.964779,34413,12,1
1,NewOrder,1772001823.964789,39641,10,1
2,Payment,1772001823.964800,47175,0,1
2,Payment,1772001823.964841,24092,16,1
1,NewOrder,1772001823.964867,41189,11,1
2,Payment,1772001823.965435,42123,15,1
1,NewOrder,1772001823.965703,28998,7,1
5,StockLevel,1772001823.965864,18059,8,1
2,Payment,1772001823.966596,46398,13,1
2,Payment,1772001823.983779,46627,17,1
2,Payment,1772001823.983945,6593,8,1
2,Payment,1772001823.984766,9436,6,1
1,NewOrder,1772001823.986359,39123,9,1
3,OrderStatus,1772001823.988616,11203,3,1
1,NewOrder,1772001823.988907,30613,2,1
1,NewOrder,1772001823.988951,17128,16,1
1,NewOrder,1772001823.989294,19673,21,1
4,Delivery,1772001823.990545,15920,8,1
4,Delivery,1772001823.994223,12746,6,1
2,Payment,1772001823.994719,2298,7,1
2,Payment,1772001823.995809,18779,18,1
2,Payment,1772001823.996695,21174,1,1
2,Payment,1772001823.997037,3570,7,1
2,Payment,1772001823.997609,13525,23,1
2,Payment,1772001823.999211,21592,12,1
2,Payment,1772001823.999842,24914,3,1
1,NewOrder,1772001824.000316,10421,4,1
2,Payment,1772001824.000621,2168,7,1
1,NewOrder,1772001824.002497,36672,20,1
2,Payment,1772001824.002801,8366,7,1
1,NewOrder,1772001824.003893,12895,14,1
2,Payment,1772001824.004456,10720,10,1
2,Payment,1772001824.006086,15375,11,1
1,NewOrder,1772001824.006095,21317,16,1
1,NewOrder,1772001824.006480,32046,8,1
2,Payment,1772001824.006555,22953,5,1
1,NewOrder,1772001824.007005,29041,6,1
1,NewOrder,1772001824.007587,10731,15,1
1,NewOrder,1772001824.007992,13187,19,1
2,Payment,1772001824.008989,9372,21,1
2,Payment,1772001824.010003,11138,22,1
1,NewOrder,1772001824.010755,14762,4,1
1,NewOrder,1772001824.011158,36975,23,1
2,Payment,1772001824.011189,14292,7,1
1,NewOrder,1772001824.011998,43318,0,1
2,Payment,1772001824.013007,24726,13,1
2,Payment,1772001824.014613,14306,18,1
1,NewOrder,1772001824.015202,11589,10,1
1,NewOrder,1772001824.016822,8721,14,1
1,NewOrder,1772001824.017887,23737,1,1
1,NewOrder,1772001824.018334,19795,15,1
2,Payment,1772001824.018373,14526,21,1
2,Payment,1772001824.019537,16610,2,1
2,Payment,1772001824.020824,25126,12,1
1,NewOrder,1772001824.021165,45055,22,1
3,OrderStatus,1772001824.021194,3217,19,1
1,NewOrder,1772001824.021485,22522,11,1
4,Delivery,1772001824.024433,18496,19,1
1,NewOrder,1772001824.024778,29087,3,1
2,Payment,1772001824.025501,3867,9,1
2,Payment,1772001824.025505,10076,7,1
1,NewOrder,1772001824.025534,40500,4,1
1,NewOrder,1772001824.025561,40045,14,1
2,Payment,1772001824.026803,23165,10,1
5,StockLevel,1772001824.027425,10810,16,1
1,NewOrder,1772001824.028938,13029,18,1
2,Payment,1772001824.029391,24846,9,1
2,Payment,1772001824.029531,12821,5,1
1,NewOrder,1772001824.030422,42731,17,1
2,Payment,1772001824.032922,5232,21,1
1,NewOrder,1772001824.035599,41565,7,1
3,OrderStatus,1772001824.036063,9863,6,1
2,Payment,1772001824.036173,15030,2,1
1,NewOrder,1772001824.037748,29191,13,1
2,Payment,1772001824.038148,13838,15,1
1,NewOrder,1772001824.038172,28222,21,1
1,NewOrder,1772001824.038249,13761,16,1
2,Payment,1772001824.038538,25733,8,1
1,NewOrder,1772001824.039197,12421,20,1
1,NewOrder,1772001824.041642,7653,1,1
1,NewOrder,1772001824.041982,8851,18,1
2,Payment,1772001824.042365,18238,5,1
2,Payment,1772001824.042948,3368,19,1
2,Payment,1772001824.044032,24484,11,1
2,Payment,1772001824.045950,28312,6,1
2,Payment,1772001824.045961,12479,12,1
1,NewOrder,1772001824.046332,25221,19,1
2,Payment,1772001824.048149,9690,23,1
1,NewOrder,1772001824.049334,5752,1,1
2,Payment,1772001824.049983,28196,10,1
2,Payment,1772001824.050849,15407,18,1
1,NewOrder,1772001824.051227,32368,2,1
4,Delivery,1772001824.051643,9783,20,1
1,NewOrder,1772001824.052000,8631,15,1
1,NewOrder,1772001824.052024,7234,16,1
1,NewOrder,1772001824.053880,35528,3,1
2,Payment,1772001824.054256,27698,9,1
1,NewOrder,1772001824.055104,5125,1,1
1,NewOrder,1772001824.055340,20347,0,1
1,NewOrder,1772001824.057859,20814,23,1
2,Payment,1772001824.058456,8117,12,1
2,Payment,1772001824.059268,10102,16,1
1,NewOrder,1772001824.060245,18376,1,1
1,NewOrder,1772001824.060615,22253,5,1
1,NewOrder,1772001824.060649,16023,15,1
3,OrderStatus,1772001824.061444,1211,20,1
2,Payment,1772001824.062670,7442,20,1
2,Payment,1772001824.064297,21350,8,1
2,Payment,1772001824.065623,6975,14,1
2,Payment,1772001824.066049,7811,4,1
1,NewOrder,1772001824.066238,18064,22,1
2,Payment,1772001824.066280,8958,18,1
2,Payment,1772001824.066405,15142,21,1
1,NewOrder,1772001824.066584,21343,12,1
1,NewOrder,1772001824.066954,23849,13,1
1,NewOrder,1772001824.068528,28714,11,1
2,Payment,1772001824.069387,6246,16,1
1,NewOrder,1772001824.070128,22560,20,1
2,Payment,1772001824.071569,12637,19,1
2,Payment,1772001824.072621,5967,14,1
2,Payment,1772001824.073178,10034,17,1
2,Payment,1772001824.073875,6365,4,1
2,Payment,1772001824.074288,17739,6,1
1,NewOrder,1772001824.075252,16800,18,1
1,NewOrder,1772001824.075650,13831,16,1
2,Payment,1772001824.075714,13816,0,1
2,Payment,1772001824.076693,12419,15,1
1,NewOrder,1772001824.077189,17793,7,1
2,Payment,1772001824.078194,18676,10,1
2,Payment,1772001824.078598,28944,14,1
2,Payment,1772001824.078634,19487,1,1
2,Payment,1772001824.078701,20082,23,1
3,OrderStatus,1772001824.080255,6719,4,1
2,Payment,1772001824.081557,7487,21,1
2,Payment,1772001824.081974,20320,9,1
2,Payment,1772001824.082893,21764,5,1
2,Payment,1772001824.083237,15448,17,1
2,Payment,1772001824.083607,27659,2,1
1,NewOrder,1772001824.084214,8404,19,1
4,Delivery,1772001824.084311,24373,22,1
4,Delivery,1772001824.085666,33829,8,1
1,NewOrder,1772001824.086992,10198,4,1
2,Payment,1772001824.087946,16583,12,1
1,NewOrder,1772001824.089062,35003,21,1
1,NewOrder,1772001824.089126,28355,15,1
3,OrderStatus,1772001824.089436,5954,3,1
3,OrderStatus,1772001824.089491,10475,16,1
2,Payment,1772001824.089542,26172,0,1
2,Payment,1772001824.090814,18480,13,1
2,Payment,1772001824.092045,15104,6,1
2,Payment,1772001824.092070,11971,18,1
1,NewOrder,1772001824.092644,4572,19,1
1,NewOrder,1772001824.092711,12368,20,1
2,Payment,1772001824.094999,17095,7,1
1,NewOrder,1772001824.095413,31303,3,1
2,Payment,1772001824.096891,31605,10,1
2,Payment,1772001824.097212,25676,4,1
5,StockLevel,1772001824.097231,3385,19,1
2,Payment,1772001824.097260,19415,11,1
1,NewOrder,1772001824.098147,23503,1,1
2,Payment,1772001824.098698,13936,17,1
3,OrderStatus,1772001824.098808,8483,23,1
1,NewOrder,1772001824.099980,13377,16,1
1,NewOrder,1772001824.100627,4412,19,1
2,Payment,1772001824.102313,18976,9,1
2,Payment,1772001824.104063,10913,18,1
5,StockLevel,1772001824.104550,2882,12,1
1,NewOrder,1772001824.104683,18605,5,1
2,Payment,1772001824.105055,14980,19,1
4,Delivery,1772001824.105099,4100,20,1
2,Payment,1772001824.107163,29042,6,1
2,Payment,1772001824.107301,22063,23,1
1,NewOrder,1772001824.107449,35256,12,1
2,Payment,1772001824.107556,7839,14,1
1,NewOrder,1772001824.108694,4639,22,1
2,Payment,1772001824.109215,29445,20,1
2,Payment,1772001824.109308,10752,13,1
1,NewOrder,1772001824.111288,20853,2,1
2,Payment,1772001824.112113,35614,7,1
1,NewOrder,1772001824.112651,34749,17,1
1,NewOrder,1772001824.113351,26676,22,1
3,OrderStatus,1772001824.113370,7272,16,1
1,NewOrder,1772001824.115011,18716,18,1
1,NewOrder,1772001824.115417,27937,14,1
1,NewOrder,1772001824.115732,26941,0,1
1,NewOrder,1772001824.116696,19075,11,1
1,NewOrder,1772001824.117497,14172,15,1
2,Payment,1772001824.119514,33532,8,1
1,NewOrder,1772001824.120060,20310,19,1
2,Payment,1772001824.120081,5017,13,1
2,Payment,1772001824.120654,13438,16,1
2,Payment,1772001824.121299,20982,9,1
1,NewOrder,1772001824.121675,27342,1,1
1,NewOrder,1772001824.122909,43654,4,1
1,NewOrder,1772001824.123303,31358,5,1
2,Payment,1772001824.124089,8890,21,1
4,Delivery,1772001824.125108,18588,13,1
1,NewOrder,1772001824.126729,13694,3,1
1,NewOrder,1772001824.128506,18686,10,1
1,NewOrder,1772001824.129381,30908,23,1
2,Payment,1772001824.131690,6079,15,1
2,Payment,1772001824.132164,4174,2,1
2,Payment,1772001824.132993,9744,21,1
1,NewOrder,1772001824.133760,14067,18,1
1,NewOrder,1772001824.134103,39695,16,1
1,NewOrder,1772001824.135788,23985,11,1
1,NewOrder,1772001824.136223,43539,6,1
4,Delivery,1772001824.136361,34762,2,1
2,Payment,1772001824.137782,6462,15,1
2,Payment,1772001824.138677,11221,20,1
2,Payment,1772001824.140052,21077,22,1
5,StockLevel,1772001824.140385,10703,19,1
1,NewOrder,1772001824.140442,21088,3,1
1,NewOrder,1772001824.142303,37940,9,1
1,NewOrder,1772001824.142683,43788,0,1
1,NewOrder,1772001824.142727,32151,12,1
2,Payment,1772001824.142756,27983,21,1
1,NewOrder,1772001824.143368,20736,14,1
1,NewOrder,1772001824.143718,17771,13,1
1,NewOrder,1772001824.144255,21770,15,1
1,NewOrder,1772001824.147204,13108,10,1
1,NewOrder,1772001824.147428,28537,17,1
1,NewOrder,1772001824.147746,13828,7,1
1,NewOrder,1772001824.147846,31542,18,1
1,NewOrder,1772001824.149033,12539,1,1
2,Payment,1772001824.149913,33164,20,1
1,NewOrder,1772001824.151103,9138,19,1
1,NewOrder,1772001824.153058,19578,8,1
4,Delivery,1772001824.154681,16921,5,1
2,Payment,1772001824.159799,8041,11,1
1,NewOrder,1772001824.160255,14090,19,1
2,Payment,1772001824.160315,13963,23,1
1,NewOrder,1772001824.160328,8484,10,1
1,NewOrder,1772001824.161147,21263,22,1
2,Payment,1772001824.161499,6998,13,1
2,Payment,1772001824.161554,6383,3,1
2,Payment,1772001824.161582,12724,7,1
1,NewOrder,1772001824.161590,10831,1,1
1,NewOrder,1772001824.164130,27000,14,1
2,Payment,1772001824.166050,12945,15,1
1,NewOrder,1772001824.166587,20701,4,1
2,Payment,1772001824.167858,18282,11,1
2,Payment,1772001824.167951,7589,3,1
1,NewOrder,1772001824.168509,27354,13,1
4,Delivery,1772001824.168823,41698,10,1
1,NewOrder,1772001824.170754,15826,21,1
2,Payment,1772001824.171134,12855,2,1
2,Payment,1772001824.171620,18240,5,1
4,Delivery,1772001824.172433,33070,1,1
1,NewOrder,1772001824.172651,14284,8,1
1,NewOrder,1772001824.173827,18529,16,1
2,Payment,1772001824.174297,15091,23,1
2,Payment,1772001824.174319,20234,7,1
1,NewOrder,1772001824.174365,22298,19,1
2,Payment,1772001824.174911,14071,12,1
1,NewOrder,1772001824.175555,34188,3,1
1,NewOrder,1772001824.175980,44591,17,1
1,NewOrder,1772001824.179016,34228,15,1
1,NewOrder,1772001824.179411,41525,18,1
2,Payment,1772001824.179781,22256,6,1
1,NewOrder,1772001824.180259,39305,9,1
3,OrderStatus,1772001824.182424,4976,22,1
1,NewOrder,1772001824.183103,23281,20,1
2,Payment,1772001824.184009,11203,2,1
5,StockLevel,1772001824.186166,28211,11,1
4,Delivery,1772001824.186487,19543,0,1
1,NewOrder,1772001824.186606,37060,21,1
2,Payment,1772001824.186946,24837,8,1
1,NewOrder,1772001824.187306,16573,4,1
2,Payment,1772001824.187409,5742,22,1
1,NewOrder,1772001824.189004,48774,12,1
2,Payment,1772001824.189405,8626,23,1
1,NewOrder,1772001824.189873,26463,5,1
1,NewOrder,1772001824.191150,16066,14,1
1,NewOrder,1772001824.192370,12696,16,1
2,Payment,1772001824.193166,7935,22,1
2,Payment,1772001824.194578,24600,7,1
2,Payment,1772001824.195237,7993,2,1
2,Payment,1772001824.195898,6917,13,1
2,Payment,1772001824.196675,8926,19,1
1,NewOrder,1772001824.198047,14073,23,1
2,Payment,1772001824.201119,9435,22,1
1,NewOrder,1772001824.202063,41446,6,1
1,NewOrder,1772001824.202839,31682,13,1
1,NewOrder,1772001824.203253,35168,2,1
2,Payment,1772001824.203898,8268,4,1
2,Payment,1772001824.205092,5474,16,1
2,Payment,1772001824.205529,15425,1,1
1,NewOrder,1772001824.205626,25105,19,1
1,NewOrder,1772001824.206046,27045,0,1
2,Payment,1772001824.206409,7973,20,1
1,NewOrder,1772001824.207227,7612,14,1
1,NewOrder,1772001824.209770,25138,3,1
1,NewOrder,1772001824.210537,18959,10,1
2,Payment,1772001824.210567,6115,22,1
2,Payment,1772001824.210591,3286,16,1
1,NewOrder,1772001824.211813,34762,8,1
1,NewOrder,1772001824.212140,33000,23,1
1,NewOrder,1772001824.212179,25567,4,1
1,NewOrder,1772001824.213269,24401,15,1
2,Payment,1772001824.213890,9349,16,1
1,NewOrder,1772001824.214394,16896,20,1
2,Payment,1772001824.214407,15903,11,1
4,Delivery,1772001824.214863,15833,14,1
1,NewOrder,1772001824.216361,14949,5,1
1,NewOrder,1772001824.216697,17450,22,1
1,NewOrder,1772001824.219203,25981,7,1
2,Payment,1772001824.219591,17752,9,1
2,Payment,1772001824.220609,11990,17,1
1,NewOrder,1772001824.220959,23148,18,1
1,NewOrder,1772001824.220976,23703,1,1
1,NewOrder,1772001824.223260,19905,16,1
2,Payment,1772001824.223689,9790,21,1
2,Payment,1772001824.229521,13250,10,1
1,NewOrder,1772001824.230337,39063,11,1
2,Payment,1772001824.230711,7123,14,1
2,Payment,1772001824.230757,7256,19,1
1,NewOrder,1772001824.231318,25826,20,1
2,Payment,1772001824.231321,4192,5,1
2,Payment,1772001824.232618,16183,17,1
2,Payment,1772001824.233124,6098,0,1
4,Delivery,1772001824.233501,37422,21,1
1,NewOrder,1772001824.234171,20989,22,1
1,NewOrder,1772001824.234536,25988,13,1
4,Delivery,1772001824.234945,43870,3,1
2,Payment,1772001824.235544,7694,5,1
1,NewOrder,1772001824.237356,30822,9,1
2,Payment,1772001824.237688,22221,15,1
1,NewOrder,1772001824.237757,25616,4,1
2,Payment,1772001824.237802,17938,12,1
1,NewOrder,1772001824.237844,18728,14,1
2,Payment,1772001824.238037,5585,19,1
2,Payment,1772001824.238447,14129,2,1
1,NewOrder,1772001824.239242,32364,0,1
1,NewOrder,1772001824.242786,23966,10,1
1,NewOrder,1772001824.243175,25298,16,1
2,Payment,1772001824.243252,16971,5,1
1,NewOrder,1772001824.243523,14651,6,1
1,NewOrder,1772001824.243642,26716,19,1
2,Payment,1772001824.244135,4239,18,1
2,Payment,1772001824.244690,19095,1,1
3,OrderStatus,1772001824.245160,3271,23,1
5,StockLevel,1772001824.245209,7448,7,1
2,Payment,1772001824.246597,3710,8,1
2,Payment,1772001824.248402,2613,18,1
2,Payment,1772001824.248448,4819,23,1
2,Payment,1772001824.248823,17593,17,1
1,NewOrder,1772001824.250325,17438,8,1
1,NewOrder,1772001824.251037,15752,18,1
2,Payment,1772001824.252591,28329,2,1
2,Payment,1772001824.252689,4972,7,1
5,StockLevel,1772001824.253284,9602,23,1
2,Payment,1772001824.255186,8584,22,1
2,Payment,1772001824.255765,22075,12,1
2,Payment,1772001824.256588,27652,14,1
2,Payment,1772001824.257163,10966,20,1
2,Payment,1772001824.257678,6218,7,1
1,NewOrder,1772001824.258196,25408,6,1
2,Payment,1772001824.259927,28558,15,1
2,Payment,1772001824.260246,10185,5,1
4,Delivery,1772001824.260548,25428,13,1
2,Payment,1772001824.262901,10785,23,1
2,Payment,1772001824.263399,22255,4,1
2,Payment,1772001824.263792,17982,22,1
1,NewOrder,1772001824.263810,28055,1,1
1,NewOrder,1772001824.263907,22184,7,1
2,Payment,1772001824.266442,26031,17,1
1,NewOrder,1772001824.266770,23559,10,1
1,NewOrder,1772001824.266810,17410,18,1
1,NewOrder,1772001824.267788,31305,8,1
1,NewOrder,1772001824.268154,27455,20,1
2,Payment,1772001824.268195,12349,9,1
1,NewOrder,1772001824.268485,29218,16,1
3,OrderStatus,1772001824.269409,2658,11,1
1,NewOrder,1772001824.270382,9158,19,1
1,NewOrder,1772001824.270447,32401,5,1
3,OrderStatus,1772001824.270942,2219,21,1
2,Payment,1772001824.271630,18762,0,1
2,Payment,1772001824.272083,12031,11,1
4,Delivery,1772001824.273179,18132,21,1
1,NewOrder,1772001824.273701,25380,23,1
2,Payment,1772001824.277855,21205,12,1
2,Payment,1772001824.278844,15673,3,1
2,Payment,1772001824.279565,11304,19,1
2,Payment,1772001824.280568,6916,9,1
2,Payment,1772001824.280931,17384,2,1
1,NewOrder,1772001824.281798,15837,22,1
1,NewOrder,1772001824.283629,22564,6,1
1,NewOrder,1772001824.284128,23094,11,1
1,NewOrder,1772001824.284251,17652,18,1
2,Payment,1772001824.284255,18235,14,1
2,Payment,1772001824.285678,19022,4,1
2,Payment,1772001824.285989,19853,13,1
2,Payment,1772001824.286110,8816,7,1
1,NewOrder,1772001824.287499,32974,9,1
2,Payment,1772001824.288499,21235,15,1
1,NewOrder,1772001824.290346,14039,10,1
2,Payment,1772001824.290412,18394,0,1
2,Payment,1772001824.290897,6049,19,1
2,Payment,1772001824.291324,11583,21,1
1,NewOrder,1772001824.291886,27612,1,1
2,Payment,1772001824.292498,20526,17,1
1,NewOrder,1772001824.294534,13214,3,1
1,NewOrder,1772001824.294941,19303,7,1
1,NewOrder,1772001824.295622,25689,20,1
2,Payment,1772001824.296964,10670,19,1
2,Payment,1772001824.297651,16061,22,1
2,Payment,1772001824.297725,22800,16,1
1,NewOrder,1772001824.298341,18837,2,1
2,Payment,1772001824.299085,29070,12,1
1,NewOrder,1772001824.299109,13628,23,1
1,NewOrder,1772001824.299110,46115,8,1
2,Payment,1772001824.301931,24883,18,1
2,Payment,1772001824.302506,28888,14,1
1,NewOrder,1772001824.302873,36412,5,1
2,Payment,1772001824.302922,16973,21,1
1,NewOrder,1772001824.304410,15642,10,1
1,NewOrder,1772001824.304713,16244,4,1
1,NewOrder,1772001824.305865,27923,13,1
1,NewOrder,1772001824.306208,35863,6,1
1,NewOrder,1772001824.307233,14187,11,1
2,Payment,1772001824.307651,28128,19,1
2,Payment,1772001824.307769,4666,3,1
3,OrderStatus,1772001824.308818,6057,0,1
2,Payment,1772001824.309754,26430,15,1
3,OrderStatus,1772001824.312447,4285,3,1
1,NewOrder,1772001824.312759,14599,23,1
5,StockLevel,1772001824.313047,16539,17,1
2,Payment,1772001824.313734,31931,22,1
2,Payment,1772001824.314266,5722,7,1
2,Payment,1772001824.314891,5055,0,1
1,NewOrder,1772001824.316749,21186,3,1
2,Payment,1772001824.317203,8101,2,1
2,Payment,1772001824.319518,3909,1,1
1,NewOrder,1772001824.319923,22821,21,1
1,NewOrder,1772001824.319962,31033,0,1
1,NewOrder,1772001824.320015,27972,7,1
1,NewOrder,1772001824.320077,21354,10,1
1,NewOrder,1772001824.320486,26797,9,1
2,Payment,1772001824.320544,21893,16,1
1,NewOrder,1772001824.320968,6724,4,1
2,Payment,1772001824.321347,18265,20,1
5,StockLevel,1772001824.321446,2494,11,1
2,Payment,1772001824.323438,3802,1,1
1,NewOrder,1772001824.323959,15596,11,1
1,NewOrder,1772001824.325355,33679,2,1
2,Payment,1772001824.326839,23366,18,1
1,NewOrder,1772001824.327257,9096,1,1
4,Delivery,1772001824.327380,51337,23,1
2,Payment,1772001824.327705,3265,4,1
1,NewOrder,1772001824.328183,30357,12,1
1,NewOrder,1772001824.329602,19011,17,1
1,NewOrder,1772001824.330985,28394,4,1
1,NewOrder,1772001824.331411,34586,14,1
1,NewOrder,1772001824.333816,19589,13,1
1,NewOrder,1772001824.335804,16188,19,1
2,Payment,1772001824.336197,14480,15,1
1,NewOrder,1772001824.336363,24836,1,1
1,NewOrder,1772001824.337948,18124,3,1
2,Payment,1772001824.339310,8643,5,1
2,Payment,1772001824.339568,6050,11,1
1,NewOrder,1772001824.339641,31039,20,1
1,NewOrder,1772001824.341449,22503,10,1
4,Delivery,1772001824.342082,10099,6,1
4,Delivery,1772001824.342465,44526,16,1
3,OrderStatus,1772001824.342772,14749,21,1
2,Payment,1772001824.345242,7319,8,1
1,NewOrder,1772001824.345635,21274,11,1
2,Payment,1772001824.345691,11394,22,1
1,NewOrder,1772001824.347302,24748,9,1
2,Payment,1772001824.347979,6568,5,1
2,Payment,1772001824.348012,8458,7,1
1,NewOrder,1772001824.348640,16361,17,1
5,StockLevel,1772001824.350241,17867,18,1
2,Payment,1772001824.350696,9174,15,1
2,Payment,1772001824.351020,13299,0,1
2,Payment,1772001824.352008,12606,19,1
1,NewOrder,1772001824.352206,15107,6,1
2,Payment,1772001824.352579,9204,8,1
1,NewOrder,1772001824.353429,24639,13,1
2,Payment,1772001824.354560,13538,5,1
1,NewOrder,1772001824.356089,15100,3,1
2,Payment,1772001824.356494,12537,7,1
2,Payment,1772001824.357104,13366,22,1
2,Payment,1772001824.357534,21364,21,1
2,Payment,1772001824.358557,7884,12,1
2,Payment,1772001824.359049,15190,2,1
1,NewOrder,1772001824.359389,26100,4,1
2,Payment,1772001824.359882,10165,15,1
2,Payment,1772001824.361223,20482,1,1
1,NewOrder,1772001824.361802,42417,8,1
1,NewOrder,1772001824.363978,22067,10,1
2,Payment,1772001824.364345,24635,0,1
2,Payment,1772001824.364641,36148,19,1
2,Payment,1772001824.365029,13541,17,1
1,NewOrder,1772001824.366011,14704,14,1
2,Payment,1772001824.366463,20050,12,1
2,Payment,1772001824.366934,8313,11,1
2,Payment,1772001824.367324,14991,6,1
1,NewOrder,1772001824.368115,24696,5,1
3,OrderStatus,1772001824.368136,6657,18,1
1,NewOrder,1772001824.369045,44084,7,1
1,NewOrder,1772001824.370062,21935,15,1
1,NewOrder,1772001824.370495,27611,22,1
2,Payment,1772001824.370695,11731,20,1
1,NewOrder,1772001824.371202,20085,3,1
1,NewOrder,1772001824.372063,18870,9,1
1,NewOrder,1772001824.374254,23465,2,1
2,Payment,1772001824.374811,11642,18,1
2,Payment,1772001824.375272,11133,11,1
4,Delivery,1772001824.378089,9323,13,1
1,NewOrder,1772001824.378595,25464,17,1
5,StockLevel,1772001824.378729,9829,23,1
1,NewOrder,1772001824.378910,30622,21,1
1,NewOrder,1772001824.380737,15330,14,1
2,Payment,1772001824.381718,15711,1,1
2,Payment,1772001824.382339,10849,6,1
1,NewOrder,1772001824.382439,16581,20,1
2,Payment,1772001824.385509,19143,4,1
2,Payment,1772001824.386066,11241,10,1
4,Delivery,1772001824.386416,43975,11,1
2,Payment,1772001824.386483,18556,18,1
1,NewOrder,1772001824.386539,25215,12,1
1,NewOrder,1772001824.387009,22547,16,1
2,Payment,1772001824.387429,9414,13,1
1,NewOrder,1772001824.388585,14384,23,1
3,OrderStatus,1772001824.388999,7336,0,1
1,NewOrder,1772001824.390959,13219,9,1
2,Payment,1772001824.391311,17895,3,1
3,OrderStatus,1772001824.392012,13187,15,1
1,NewOrder,1772001824.392829,21296,5,1
2,Payment,1772001824.393203,11853,6,1
1,NewOrder,1772001824.396092,25950,14,1
2,Payment,1772001824.396354,25390,0,1
1,NewOrder,1772001824.396868,20718,13,1
5,StockLevel,1772001824.397345,22443,10,1
1,NewOrder,1772001824.397454,24202,1,1
2,Payment,1772001824.397730,37351,2,1
2,Payment,1772001824.398138,16999,22,1
2,Payment,1772001824.399035,27260,20,1
5,StockLevel,1772001824.400811,11422,19,1
1,NewOrder,1772001824.402995,22013,23,1
1,NewOrder,1772001824.404073,24594,17,1
1,NewOrder,1772001824.404200,17510,9,1
2,Payment,1772001824.404244,11494,8,1
1,NewOrder,1772001824.404663,52376,4,1
2,Payment,1772001824.405065,29656,18,1
1,NewOrder,1772001824.405072,43071,6,1
2,Payment,1772001824.405223,6010,15,1
1,NewOrder,1772001824.409231,29116,3,1
1,NewOrder,1772001824.409558,41119,21,1
2,Payment,1772001824.409582,11598,16,1
1,NewOrder,1772001824.411249,18748,15,1
1,NewOrder,1772001824.411774,29396,12,1
1,NewOrder,1772001824.412250,38941,19,1
1,NewOrder,1772001824.413151,16821,7,1
3,OrderStatus,1772001824.414140,5734,5,1
1,NewOrder,1772001824.415153,46153,22,1
1,NewOrder,1772001824.415761,38784,8,1
1,NewOrder,1772001824.417623,12399,13,1
1,NewOrder,1772001824.419810,9761,10,1
2,Payment,1772001824.419890,18984,5,1
1,NewOrder,1772001824.421192,39304,16,1
1,NewOrder,1772001824.421672,13363,1,1
2,Payment,1772001824.421735,7524,9,1
1,NewOrder,1772001824.421762,42686,0,1
2,Payment,1772001824.422067,14861,14,1
2,Payment,1772001824.425021,15763,23,1
2,Payment,1772001824.426306,20910,20,1
1,NewOrder,1772001824.428692,4126,17,1
1,NewOrder,1772001824.429278,26932,9,1
2,Payment,1772001824.429587,10588,10,1
4,Delivery,1772001824.429992,1848,7,1
1,NewOrder,1772001824.430021,8806,15,1
1,NewOrder,1772001824.430037,39604,13,1
2,Payment,1772001824.430408,11652,11,1
2,Payment,1772001824.431857,15897,7,1
3,OrderStatus,1772001824.432833,1675,17,1
1,NewOrder,1772001824.434522,17613,17,1
2,Payment,1772001824.434746,20731,18,1
2,Payment,1772001824.435056,9234,1,1
1,NewOrder,1772001824.435097,16650,2,1
4,Delivery,1772001824.436947,32714,14,1
2,Payment,1772001824.438373,9465,3,1
4,Delivery,1772001824.438842,31332,15,1
3,OrderStatus,1772001824.438891,4419,5,1
1,NewOrder,1772001824.440187,28834,10,1
1,NewOrder,1772001824.440797,28926,23,1
1,NewOrder,1772001824.441192,22591,12,1
2,Payment,1772001824.442079,9087,11,1
2,Payment,1772001824.443325,9831,5,1
1,NewOrder,1772001824.444316,22272,1,1
1,NewOrder,1772001824.447233,31528,20,1
1,NewOrder,1772001824.447771,23899,7,1
1,NewOrder,1772001824.447874,16351,3,1
1,NewOrder,1772001824.448164,28713,6,1
2,Payment,1772001824.450691,18317,21,1
1,NewOrder,1772001824.451191,19708,11,1
2,Payment,1772001824.451206,10464,19,1
1,NewOrder,1772001824.451772,23824,2,1
2,Payment,1772001824.452149,7051,17,1
1,NewOrder,1772001824.453182,23669,5,1
2,Payment,1772001824.454566,7134,8,1
2,Payment,1772001824.455504,19698,18,1
2,Payment,1772001824.456238,11252,9,1
1,NewOrder,1772001824.457063,21236,4,1
2,Payment,1772001824.459215,11715,17,1
1,NewOrder,1772001824.460511,30933,16,1
1,NewOrder,1772001824.461346,22883,22,1
2,Payment,1772001824.461685,16955,19,1
2,Payment,1772001824.461726,15107,8,1
2,Payment,1772001824.463808,11008,12,1
2,Payment,1772001824.464246,5982,3,1
1,NewOrder,1772001824.464474,23346,0,1
5,StockLevel,1772001824.466613,11558,1,1
2,Payment,1772001824.467505,15233,9,1
2,Payment,1772001824.469033,17740,21,1
3,OrderStatus,1772001824.469042,7344,10,1
1,NewOrder,1772001824.469675,19463,13,1
2,Payment,1772001824.469677,10369,14,1
1,NewOrder,1772001824.469740,21738,23,1
1,NewOrder,1772001824.470192,22156,15,1
2,Payment,1772001824.470248,4907,3,1
1,NewOrder,1772001824.470914,10260,11,1
2,Payment,1772001824.470948,14641,17,1
2,Payment,1772001824.471679,15541,7,1
2,Payment,1772001824.474831,7181,12,1
5,StockLevel,1772001824.475178,4229,3,1
2,Payment,1772001824.475234,17612,18,1
4,Delivery,1772001824.475622,10349,2,1
2,Payment,1772001824.476415,19100,10,1
2,Payment,1772001824.476851,25279,8,1
2,Payment,1772001824.476867,9499,5,1
3,OrderStatus,1772001824.476890,9856,6,1
2,Payment,1772001824.478190,12859,1,1
1,NewOrder,1772001824.478314,14621,4,1
3,OrderStatus,1772001824.478659,9284,19,1
2,Payment,1772001824.478777,21319,20,1
4,Delivery,1772001824.479420,7003,3,1
2,Payment,1772001824.480058,18042,14,1
1,NewOrder,1772001824.481191,13854,11,1
2,Payment,1772001824.482036,22103,12,1
1,NewOrder,1772001824.482762,11581,9,1
2,Payment,1772001824.484254,21044,22,1
4,Delivery,1772001824.485604,57606,17,1
5,StockLevel,1772001824.485989,13154,2,1
2,Payment,1772001824.486384,12186,5,1
1,NewOrder,1772001824.486442,27543,3,1
2,Payment,1772001824.486770,19106,6,1
1,NewOrder,1772001824.486785,34463,21,1
2,Payment,1772001824.487237,23693,7,1
1,NewOrder,1772001824.487836,10744,0,1
2,Payment,1772001824.487959,23471,19,1
1,NewOrder,1772001824.489151,6255,13,1
2,Payment,1772001824.491068,12604,1,1
1,NewOrder,1772001824.491464,27307,16,1
1,NewOrder,1772001824.491491,25203,23,1
2,Payment,1772001824.492371,8473,15,1
1,NewOrder,1772001824.492871,8842,18,1
2,Payment,1772001824.492948,15082,4,1
2,Payment,1772001824.494368,23214,9,1
1,NewOrder,1772001824.495071,32746,11,1
1,NewOrder,1772001824.495418,8686,13,1
1,NewOrder,1772001824.495530,28480,10,1
1,NewOrder,1772001824.498117,24721,14,1
2,Payment,1772001824.498603,27655,5,1
2,Payment,1772001824.498605,18857,0,1
2,Payment,1772001824.499156,32222,2,1
1,NewOrder,1772001824.500108,20631,20,1
2,Payment,1772001824.500866,5618,15,1
2,Payment,1772001824.501726,14291,18,1
1,NewOrder,1772001824.502148,23260,8,1
2,Payment,1772001824.503695,9723,1,1
3,OrderStatus,1772001824.504116,2339,13,1
1,NewOrder,1772001824.504153,17066,12,1
3,OrderStatus,1772001824.505343,7846,22,1
1,NewOrder,1772001824.505889,25579,6,1
2,Payment,1772001824.506471,3766,13,1
3,OrderStatus,1772001824.506502,3561,15,1
2,Payment,1772001824.508050,14549,4,1
1,NewOrder,1772001824.510079,14827,15,1
3,OrderStatus,1772001824.510252,2983,13,1
2,Payment,1772001824.510954,11913,7,1
2,Payment,1772001824.511455,9767,19,1
1,NewOrder,1772001824.513207,21793,22,1
1,NewOrder,1772001824.513251,26563,13,1
1,NewOrder,1772001824.513446,21946,1,1
1,NewOrder,1772001824.514001,14815,3,1
2,Payment,1772001824.516047,16875,18,1
2,Payment,1772001824.516709,19907,23,1
2,Payment,1772001824.517472,20438,0,1
1,NewOrder,1772001824.517592,19458,9,1
1,NewOrder,1772001824.518797,12170,16,1
2,Payment,1772001824.520751,6232,20,1
2,Payment,1772001824.521236,8289,12,1
2,Payment,1772001824.521248,25555,19,1
2,Payment,1772001824.521263,21985,21,1
2,Payment,1772001824.522625,23865,4,1
2,Payment,1772001824.522850,12683,14,1
1,NewOrder,1772001824.522892,22682,7,1
1,NewOrder,1772001824.524022,22602,10,1
2,Payment,1772001824.524923,17877,15,1
5,StockLevel,1772001824.525420,12226,8,1
1,NewOrder,1772001824.526283,22175,5,1
1,NewOrder,1772001824.527004,36583,20,1
1,NewOrder,1772001824.527830,17290,11,1
2,Payment,1772001824.528842,22593,3,1
2,Payment,1772001824.529548,21322,12,1
2,Payment,1772001824.530988,31363,16,1
1,NewOrder,1772001824.531395,24026,2,1
2,Payment,1772001824.531489,7903,6,1
1,NewOrder,1772001824.532935,35830,18,1
1,NewOrder,1772001824.535012,26993,22,1
4,Delivery,1772001824.535405,29317,1,1
2,Payment,1772001824.535568,34824,14,1
1,NewOrder,1772001824.536643,15570,23,1
4,Delivery,1772001824.537065,23793,9,1
1,NewOrder,1772001824.537668,18991,8,1
1,NewOrder,1772001824.537935,41644,0,1
2,Payment,1772001824.539412,10803,6,1
1,NewOrder,1772001824.539828,19103,13,1
4,Delivery,1772001824.542818,48212,15,1
2,Payment,1772001824.543226,14188,17,1
1,NewOrder,1772001824.543274,36967,21,1
1,NewOrder,1772001824.545140,17403,11,1
1,NewOrder,1772001824.545601,41708,7,1
1,NewOrder,1772001824.546512,37168,4,1
1,NewOrder,1772001824.546634,31165,10,1
1,NewOrder,1772001824.546818,29900,19,1
1,NewOrder,1772001824.548477,16267,5,1
2,Payment,1772001824.550233,17041,6,1
1,NewOrder,1772001824.550892,31506,12,1
4,Delivery,1772001824.551453,13858,3,1
1,NewOrder,1772001824.552237,12553,23,1
1,NewOrder,1772001824.555442,39186,2,1
2,Payment,1772001824.556674,13333,8,1
2,Payment,1772001824.557424,18840,17,1
3,OrderStatus,1772001824.558956,3196,13,1
1,NewOrder,1772001824.560882,14523,9,1
2,Payment,1772001824.562033,9126,22,1
2,Payment,1772001824.562170,18134,13,1
4,Delivery,1772001824.562362,29180,16,1
1,NewOrder,1772001824.562569,18590,11,1
5,StockLevel,1772001824.563598,6419,20,1
1,NewOrder,1772001824.564742,23470,1,1
1,NewOrder,1772001824.564765,34850,5,1
1,NewOrder,1772001824.564816,11855,23,1
1,NewOrder,1772001824.565363,23127,3,1
1,NewOrder,1772001824.567288,34267,6,1
2,Payment,1772001824.568790,5868,18,1
2,Payment,1772001824.570023,5487,8,1
2,Payment,1772001824.570043,10302,20,1
5,StockLevel,1772001824.570404,13526,14,1
2,Payment,1772001824.571173,13003,22,1
2,Payment,1772001824.574683,13088,18,1
2,Payment,1772001824.575431,4847,9,1
3,OrderStatus,1772001824.575538,4334,8,1
1,NewOrder,1772001824.576282,27917,17,1
4,Delivery,1772001824.576683,51020,23,1
2,Payment,1772001824.576745,14882,19,1
1,NewOrder,1772001824.577815,19260,10,1
1,NewOrder,1772001824.579596,32554,0,1
2,Payment,1772001824.579894,4169,8,1
2,Payment,1772001824.580258,20420,21,1
1,NewOrder,1772001824.580300,16421,9,1
4,Delivery,1772001824.580329,11219,13,1
2,Payment,1772001824.580372,15432,20,1
1,NewOrder,1772001824.581171,26793,11,1
3,OrderStatus,1772001824.582421,6998,12,1
1,NewOrder,1772001824.583695,31020,4,1
5,StockLevel,1772001824.583946,10304,14,1
4,Delivery,1772001824.584075,24964,8,1
1,NewOrder,1772001824.584202,21815,22,1
1,NewOrder,1772001824.587342,16829,7,1
2,Payment,1772001824.587794,16449,18,1
2,Payment,1772001824.588238,11013,1,1
2,Payment,1772001824.588503,20188,3,1
3,OrderStatus,1772001824.589445,7534,12,1
1,NewOrder,1772001824.591052,14451,15,1
1,NewOrder,1772001824.591565,31026,16,1
1,NewOrder,1772001824.591568,27120,13,1
2,Payment,1772001824.591645,16666,19,1
2,Payment,1772001824.594276,6981,14,1
1,NewOrder,1772001824.594641,30905,2,1
2,Payment,1772001824.595821,18700,20,1
2,Payment,1772001824.596741,7123,9,1
1,NewOrder,1772001824.597006,28562,12,1
1,NewOrder,1772001824.597090,34100,10,1
1,NewOrder,1772001824.599276,26246,1,1
2,Payment,1772001824.599640,15895,5,1
2,Payment,1772001824.600704,23353,21,1
1,NewOrder,1772001824.601283,32817,14,1
1,NewOrder,1772001824.601570,27643,6,1
1,NewOrder,1772001824.603900,33615,9,1
2,Payment,1772001824.604186,9951,7,1
2,Payment,1772001824.604221,6571,17,1
1,NewOrder,1772001824.604261,23409,18,1
1,NewOrder,1772001824.605526,16626,15,1
1,NewOrder,1772001824.606042,25717,22,1
1,NewOrder,1772001824.607984,26207,11,1
1,NewOrder,1772001824.608335,25282,19,1
2,Payment,1772001824.608712,10986,3,1
2,Payment,1772001824.609052,10287,8,1
3,OrderStatus,1772001824.610803,8141,17,1
4,Delivery,1772001824.612174,12948,0,1
1,NewOrder,1772001824.614157,19852,7,1
1,NewOrder,1772001824.614546,39705,20,1
4,Delivery,1772001824.614741,10861,4,1
1,NewOrder,1772001824.615549,25530,5,1
2,Payment,1772001824.618708,7642,13,1
2,Payment,1772001824.618970,12722,17,1
2,Payment,1772001824.619351,7748,8,1
2,Payment,1772001824.619732,10645,3,1
2,Payment,1772001824.622168,22350,15,1
2,Payment,1772001824.622618,14678,16,1
2,Payment,1772001824.624078,9997,21,1
1,NewOrder,1772001824.625147,18702,0,1
1,NewOrder,1772001824.625546,30335,1,1
2,Payment,1772001824.625574,11345,2,1
2,Payment,1772001824.625594,24092,12,1
1,NewOrder,1772001824.625623,11997,4,1
2,Payment,1772001824.626363,31147,13,1
2,Payment,1772001824.627125,6995,8,1
1,NewOrder,1772001824.627686,25928,18,1
1,NewOrder,1772001824.627717,35467,23,1
3,OrderStatus,1772001824.629229,4615,6,1
3,OrderStatus,1772001824.630405,6274,3,1
2,Payment,1772001824.631216,6275,10,1
2,Payment,1772001824.631714,34537,17,1
2,Payment,1772001824.631785,7238,22,1
1,NewOrder,1772001824.633642,21514,19,1
1,NewOrder,1772001824.633875,29392,6,1
3,OrderStatus,1772001824.634024,13465,7,1
1,NewOrder,1772001824.634097,29100,21,1
1,NewOrder,1772001824.634119,30430,14,1
1,NewOrder,1772001824.634152,29632,8,1
4,Delivery,1772001824.634213,40099,11,1
1,NewOrder,1772001824.636698,26978,3,1
5,StockLevel,1772001824.636934,29052,2,1
1,NewOrder,1772001824.637312,19854,16,1
5,StockLevel,1772001824.637506,14144,10,1
2,Payment,1772001824.637527,9182,9,1
1,NewOrder,1772001824.637634,31872,4,1
2,Payment,1772001824.639040,3942,22,1
2,Payment,1772001824.641090,6273,5,1
2,Payment,1772001824.643001,6263,22,1
2,Payment,1772001824.643871,7005,0,1
1,NewOrder,1772001824.644530,17453,15,1
5,StockLevel,1772001824.646729,15235,9,1
2,Payment,1772001824.647378,8539,5,1
2,Payment,1772001824.647515,7681,7,1
2,Payment,1772001824.649273,9535,22,1
2,Payment,1772001824.649727,23240,12,1
1,NewOrder,1772001824.650902,13228,0,1
2,Payment,1772001824.651674,11511,10,1
1,NewOrder,1772001824.653638,18520,18,1
1,NewOrder,1772001824.654270,36592,20,1
1,NewOrder,1772001824.655167,15852,19,1
2,Payment,1772001824.655213,12344,7,1
2,Payment,1772001824.655893,11204,1,1
2,Payment,1772001824.655943,7210,5,1
2,Payment,1772001824.657178,22119,16,1
1,NewOrder,1772001824.657535,29945,13,1
1,NewOrder,1772001824.658836,10244,22,1
2,Payment,1772001824.661988,10561,9,1
2,Payment,1772001824.661998,30683,15,1
4,Delivery,1772001824.663179,61114,5,1
5,StockLevel,1772001824.663213,30549,21,1
3,OrderStatus,1772001824.663214,12117,10,1
1,NewOrder,1772001824.663223,28170,23,1
2,Payment,1772001824.663295,20045,6,1
2,Payment,1772001824.663701,8876,3,1
1,NewOrder,1772001824.663801,43688,8,1
1,NewOrder,1772001824.664152,42918,0,1
1,NewOrder,1772001824.664566,13699,14,1
1,NewOrder,1772001824.666011,18368,2,1
1,NewOrder,1772001824.666266,34281,17,1
2,Payment,1772001824.667122,15234,1,1
2,Payment,1772001824.667570,19978,7,1
1,NewOrder,1772001824.669101,10126,22,1
3,OrderStatus,1772001824.669529,5799,4,1
1,NewOrder,1772001824.671034,8754,19,1
1,NewOrder,1772001824.672183,19789,18,1
1,NewOrder,1772001824.672584,22518,9,1
2,Payment,1772001824.672594,14481,3,1
2,Payment,1772001824.672977,10313,12,1
5,StockLevel,1772001824.674338,4653,11,1
2,Payment,1772001824.675346,27381,4,1
1,NewOrder,1772001824.675355,25639,10,1
3,OrderStatus,1772001824.678278,2620,14,1
2,Payment,1772001824.679018,12385,11,1
1,NewOrder,1772001824.679241,8204,22,1
2,Payment,1772001824.679317,8199,16,1
4,Delivery,1772001824.679802,11663,19,1
5,StockLevel,1772001824.680921,5573,14,1
2,Payment,1772001824.682371,11693,1,1
2,Payment,1772001824.683307,17269,12,1
2,Payment,1772001824.683366,17334,6,1
1,NewOrder,1772001824.684393,25244,2,1
2,Payment,1772001824.686520,18736,14,1
1,NewOrder,1772001824.687086,30277,3,1
2,Payment,1772001824.687470,3981,22,1
1,NewOrder,1772001824.687506,27825,13,1
1,NewOrder,1772001824.687541,21557,16,1
2,Payment,1772001824.687573,20325,7,1
1,NewOrder,1772001824.690877,23603,20,1
1,NewOrder,1772001824.691420,21859,23,1
1,NewOrder,1772001824.691424,11005,11,1
1,NewOrder,1772001824.691474,20021,22,1
5,StockLevel,1772001824.691485,10999,19,1
1,NewOrder,1772001824.691985,20803,18,1
1,NewOrder,1772001824.692706,23087,15,1
2,Payment,1772001824.693783,7731,21,1
3,OrderStatus,1772001824.694078,6926,1,1
1,NewOrder,1772001824.695130,21409,9,1
2,Payment,1772001824.700566,11931,17,1
2,Payment,1772001824.700602,17720,12,1
1,NewOrder,1772001824.700726,16964,6,1
1,NewOrder,1772001824.701021,21704,10,1
4,Delivery,1772001824.701025,23625,1,1
1,NewOrder,1772001824.701539,19280,21,1
1,NewOrder,1772001824.702454,30372,11,1
2,Payment,1772001824.702503,7901,19,1
2,Payment,1772001824.702753,9366,4,1
2,Payment,1772001824.705272,18536,14,1
2,Payment,1772001824.707097,8707,0,1
2,Payment,1772001824.707508,9060,8,1
2,Payment,1772001824.707925,15709,7,1
5,StockLevel,1772001824.709113,11894,16,1
3,OrderStatus,1772001824.709652,5910,2,1
2,Payment,1772001824.710416,9132,19,1
1,NewOrder,1772001824.711525,18805,22,1
1,NewOrder,1772001824.712137,13705,4,1
2,Payment,1772001824.712507,18783,17,1
2,Payment,1772001824.712813,13542,18,1
2,Payment,1772001824.713304,21502,23,1
2,Payment,1772001824.714496,25238,20,1
1,NewOrder,1772001824.715357,13398,13,1
1,NewOrder,1772001824.715579,17961,2,1
2,Payment,1772001824.715808,20196,15,1
2,Payment,1772001824.715832,5457,0,1
2,Payment,1772001824.716554,27798,9,1
2,Payment,1772001824.716600,15682,8,1
5,StockLevel,1772001824.717394,8941,3,1
1,NewOrder,1772001824.717710,32920,6,1
3,OrderStatus,1772001824.718342,8694,12,1
1,NewOrder,1772001824.719574,20667,19,1
2,Payment,1772001824.720855,21490,21,1
2,Payment,1772001824.721020,19594,16,1
1,NewOrder,1772001824.721304,12325,0,1
1,NewOrder,1772001824.722740,36397,10,1
1,NewOrder,1772001824.723659,52090,7,1
1,NewOrder,1772001824.723828,40384,14,1
1,NewOrder,1772001824.724319,15015,5,1
2,Payment,1772001824.724665,5154,1,1
1,NewOrder,1772001824.725864,23554,4,1
1,NewOrder,1772001824.726360,18375,3,1
2,Payment,1772001824.726382,23466,18,1
2,Payment,1772001824.727053,18741,12,1
1,NewOrder,1772001824.728785,35956,13,1
2,Payment,1772001824.729834,3736,1,1
3,OrderStatus,1772001824.730340,10163,22,1
2,Payment,1772001824.731315,22106,17,1
2,Payment,1772001824.732307,20518,8,1
3,OrderStatus,1772001824.732843,6863,11,1
2,Payment,1772001824.733558,3071,2,1
1,NewOrder,1772001824.733597,27029,1,1
2,Payment,1772001824.733657,11133,0,1
4,Delivery,1772001824.734818,68973,23,1
1,NewOrder,1772001824.736021,23631,15,1
1,NewOrder,1772001824.736640,14537,2,1
2,Payment,1772001824.739358,8771,5,1
2,Payment,1772001824.739718,18183,11,1
1,NewOrder,1772001824.739754,21155,20,1
1,NewOrder,1772001824.740264,16490,19,1
2,Payment,1772001824.740516,19239,22,1
1,NewOrder,1772001824.740624,31714,16,1
1,NewOrder,1772001824.742360,10987,21,1
1,NewOrder,1772001824.744375,40661,9,1
1,NewOrder,1772001824.744766,14733,3,1
2,Payment,1772001824.744816,8887,0,1
1,NewOrder,1772001824.745812,32155,12,1
2,Payment,1772001824.748145,8142,5,1
2,Payment,1772001824.749430,12267,4,1
1,NewOrder,1772001824.749881,31907,18,1
1,NewOrder,1772001824.750655,37153,6,1
3,OrderStatus,1772001824.751201,6352,2,1
1,NewOrder,1772001824.752850,39221,8,1
1,NewOrder,1772001824.753371,38677,21,1
1,NewOrder,1772001824.753449,33778,17,1
2,Payment,1772001824.753728,9889,0,1
1,NewOrder,1772001824.756315,9982,5,1
1,NewOrder,1772001824.756780,10513,19,1
5,StockLevel,1772001824.757570,5034,2,1
2,Payment,1772001824.757927,7905,11,1
1,NewOrder,1772001824.759156,36969,10,1
2,Payment,1772001824.759522,8276,3,1
5,StockLevel,1772001824.759662,20249,15,1
2,Payment,1772001824.759781,10536,22,1
2,Payment,1772001824.760651,10131,1,1
2,Payment,1772001824.760924,14046,20,1
2,Payment,1772001824.761715,12533,4,1
1,NewOrder,1772001824.762629,19540,2,1
1,NewOrder,1772001824.763635,15238,0,1
1,NewOrder,1772001824.764237,34794,14,1
1,NewOrder,1772001824.764756,33778,13,1
1,NewOrder,1772001824.765845,33159,11,1
1,NewOrder,1772001824.766322,15907,5,1
2,Payment,1772001824.767319,11218,19,1
1,NewOrder,1772001824.767823,19952,3,1
2,Payment,1772001824.770330,13811,22,1
2,Payment,1772001824.770793,7848,1,1
1,NewOrder,1772001824.772366,22252,16,1
2,Payment,1772001824.774264,7942,4,1
4,Delivery,1772001824.774998,29347,20,1
1,NewOrder,1772001824.775772,26797,7,1
3,OrderStatus,1772001824.777988,7868,12,1
1,NewOrder,1772001824.778552,9856,19,1
2,Payment,1772001824.778667,6392,1,1
2,Payment,1772001824.778899,9536,0,1
1,NewOrder,1772001824.779936,27848,15,1
1,NewOrder,1772001824.781803,24505,18,1
2,Payment,1772001824.782187,19713,2,1
2,Payment,1772001824.782217,14303,4,1
2,Payment,1772001824.782244,9181,5,1
1,NewOrder,1772001824.784166,36865,22,1
1,NewOrder,1772001824.785068,36974,9,1
1,NewOrder,1772001824.785072,15080,1,1
1,NewOrder,1772001824.785881,22304,12,1
1,NewOrder,1772001824.787250,19090,17,1
1,NewOrder,1772001824.787790,22037,3,1
3,OrderStatus,1772001824.787834,8287,6,1
1,NewOrder,1772001824.788425,21015,19,1
1,NewOrder,1772001824.788452,27166,0,1
1,NewOrder,1772001824.791444,24961,5,1
2,Payment,1772001824.792072,13392,21,1
1,NewOrder,1772001824.792099,50404,8,1
1,NewOrder,1772001824.794638,15147,16,1
2,Payment,1772001824.796141,17226,6,1
5,StockLevel,1772001824.796142,10513,10,1
1,NewOrder,1772001824.796533,37317,4,1
2,Payment,1772001824.798550,14291,13,1
1,NewOrder,1772001824.799026,43066,11,1
1,NewOrder,1772001824.799057,41740,14,1
1,NewOrder,1772001824.800174,28820,1,1
2,Payment,1772001824.801913,9946,2,1
2,Payment,1772001824.802585,13753,7,1
1,NewOrder,1772001824.803800,9035,23,1
1,NewOrder,1772001824.804369,44855,20,1
1,NewOrder,1772001824.805479,42687,21,1
2,Payment,1772001824.806326,16788,18,1
2,Payment,1772001824.806355,18014,17,1
2,Payment,1772001824.806667,12002,10,1
1,NewOrder,1772001824.807802,5363,15,1
1,NewOrder,1772001824.808197,10132,12,1
2,Payment,1772001824.809461,22492,19,1
1,NewOrder,1772001824.809797,37891,16,1
1,NewOrder,1772001824.809840,24935,3,1
2,Payment,1772001824.811870,8774,2,1
3,OrderStatus,1772001824.812853,1740,23,1
2,Payment,1772001824.812861,26129,13,1
2,Payment,1772001824.813175,19349,15,1
1,NewOrder,1772001824.813382,43335,6,1
1,NewOrder,1772001824.814618,12199,23,1
1,NewOrder,1772001824.815631,38876,0,1
1,NewOrder,1772001824.816357,12208,7,1
2,Payment,1772001824.816421,8209,5,1
1,NewOrder,1772001824.818355,10667,12,1
2,Payment,1772001824.818684,2350,10,1
5,StockLevel,1772001824.820674,21771,2,1
1,NewOrder,1772001824.821047,11807,10,1
2,Payment,1772001824.821049,17589,22,1
2,Payment,1772001824.822055,16494,9,1
1,NewOrder,1772001824.823131,28361,18,1
4,Delivery,1772001824.824393,43048,17,1
1,NewOrder,1772001824.824655,14012,5,1
4,Delivery,1772001824.826835,33424,23,1
1,NewOrder,1772001824.828587,9411,7,1
1,NewOrder,1772001824.829010,19280,1,1
2,Payment,1772001824.829036,13578,12,1
2,Payment,1772001824.831976,12640,19,1
2,Payment,1772001824.832558,15571,15,1
1,NewOrder,1772001824.832898,8307,10,1
1,NewOrder,1772001824.833866,18086,4,1
1,NewOrder,1772001824.834787,21375,3,1
1,NewOrder,1772001824.838026,38499,7,1
1,NewOrder,1772001824.838574,44882,9,1
2,Payment,1772001824.838663,13360,22,1
2,Payment,1772001824.838692,3780,5,1
2,Payment,1772001824.839004,17653,13,1
2,Payment,1772001824.840812,26989,14,1
2,Payment,1772001824.841231,3843,10,1
1,NewOrder,1772001824.842105,15561,11,1
1,NewOrder,1772001824.842461,19480,2,1
2,Payment,1772001824.842492,3925,5,1
1,NewOrder,1772001824.842519,35077,8,1
2,Payment,1772001824.842640,27016,12,1
2,Payment,1772001824.844648,14951,19,1
1,NewOrder,1772001824.845090,16560,10,1
2,Payment,1772001824.846430,5730,5,1
1,NewOrder,1772001824.847708,17178,16,1
1,NewOrder,1772001824.848141,28552,15,1
2,Payment,1772001824.848190,27780,21,1
5,StockLevel,1772001824.848315,23765,1,1
2,Payment,1772001824.849236,32134,20,1
1,NewOrder,1772001824.851517,12927,18,1
2,Payment,1772001824.851969,4719,4,1
1,NewOrder,1772001824.852051,24251,22,1
1,NewOrder,1772001824.852186,24185,5,1
1,NewOrder,1772001824.854532,30258,0,1
1,NewOrder,1772001824.856188,9096,3,1
1,NewOrder,1772001824.856676,27241,13,1
1,NewOrder,1772001824.856703,26579,4,1
1,NewOrder,1772001824.856741,31510,6,1
2,Payment,1772001824.857679,4667,11,1
2,Payment,1772001824.859623,27960,19,1
1,NewOrder,1772001824.860289,16401,23,1
1,NewOrder,1772001824.861675,26639,10,1
2,Payment,1772001824.861963,14588,2,1
2,Payment,1772001824.862368,13970,11,1
2,Payment,1772001824.864470,28436,18,1
1,NewOrder,1772001824.864907,11749,16,1
2,Payment,1772001824.865310,15422,3,1
2,Payment,1772001824.867463,9193,17,1
2,Payment,1772001824.867827,13687,14,1
1,NewOrder,1772001824.869681,13667,12,1
2,Payment,1772001824.872103,11227,1,1
2,Payment,1772001824.875995,21352,21,1
2,Payment,1772001824.876314,27448,22,1
1,NewOrder,1772001824.876364,26359,11,1
1,NewOrder,1772001824.876404,21770,5,1
2,Payment,1772001824.876546,6318,7,1
2,Payment,1772001824.876571,10041,2,1
2,Payment,1772001824.876684,15025,16,1
1,NewOrder,1772001824.876686,21909,17,1
2,Payment,1772001824.876717,32618,15,1
1,NewOrder,1772001824.876720,15617,23,1
1,NewOrder,1772001824.877611,33334,8,1
2,Payment,1772001824.880750,8492,3,1
1,NewOrder,1772001824.881388,35556,20,1
1,NewOrder,1772001824.881532,32680,14,1
1,NewOrder,1772001824.882892,20625,7,1
2,Payment,1772001824.883297,8865,4,1
1,NewOrder,1772001824.883359,15291,1,1
2,Payment,1772001824.883370,15201,12,1
1,NewOrder,1772001824.883481,10579,9,1
2,Payment,1772001824.883930,35062,13,1
1,NewOrder,1772001824.884800,16650,0,1
2,Payment,1772001824.886627,8445,2,1
1,NewOrder,1772001824.887603,22116,19,1
1,NewOrder,1772001824.888265,22312,6,1
2,Payment,1772001824.888340,7094,10,1
2,Payment,1772001824.889256,10773,3,1
2,Payment,1772001824.891734,39049,16,1
2,Payment,1772001824.892174,11241,4,1
1,NewOrder,1772001824.892360,11081,23,1
2,Payment,1772001824.892925,15354,18,1
2,Payment,1772001824.894074,5458,9,1
1,NewOrder,1772001824.895085,13572,2,1
1,NewOrder,1772001824.895459,24940,10,1
1,NewOrder,1772001824.897375,40106,21,1
1,NewOrder,1772001824.898194,29610,5,1
2,Payment,1772001824.898588,39259,12,1
2,Payment,1772001824.898608,46296,17,1
1,NewOrder,1772001824.898677,16001,1,1
1,NewOrder,1772001824.899556,10102,9,1
2,Payment,1772001824.900040,14760,3,1
1,NewOrder,1772001824.901468,15789,0,1
1,NewOrder,1772001824.902751,25024,11,1
1,NewOrder,1772001824.903427,35181,4,1
2,Payment,1772001824.903456,11613,23,1
2,Payment,1772001824.903533,6668,7,1
4,Delivery,1772001824.903788,48496,22,1
1,NewOrder,1772001824.908301,26459,18,1
1,NewOrder,1772001824.908683,13040,2,1
2,Payment,1772001824.909348,40835,15,1
5,StockLevel,1772001824.909673,9404,9,1
1,NewOrder,1772001824.909742,12503,19,1
1,NewOrder,1772001824.910212,27809,7,1
2,Payment,1772001824.910600,6987,6,1
1,NewOrder,1772001824.910959,17877,8,1
5,StockLevel,1772001824.914232,15998,14,1
2,Payment,1772001824.914704,12596,1,1
2,Payment,1772001824.914826,17899,3,1
1,NewOrder,1772001824.915082,29331,23,1
2,Payment,1772001824.916971,7994,20,1
2,Payment,1772001824.917282,20059,0,1
2,Payment,1772001824.917599,11757,6,1
1,NewOrder,1772001824.919019,27620,13,1
1,NewOrder,1772001824.919098,14338,9,1
1,NewOrder,1772001824.920415,9429,10,1
1,NewOrder,1772001824.921736,17326,2,1
1,NewOrder,1772001824.922262,14612,19,1
2,Payment,1772001824.924983,6867,20,1
1,NewOrder,1772001824.927323,28536,1,1
2,Payment,1772001824.927804,8444,11,1
2,Payment,1772001824.927821,16653,5,1
1,NewOrder,1772001824.928847,12364,8,1
2,Payment,1772001824.929384,14065,6,1
1,NewOrder,1772001824.929869,14588,10,1
2,Payment,1772001824.930244,27891,14,1
2,Payment,1772001824.930799,33389,16,1
2,Payment,1772001824.931865,5427,20,1
2,Payment,1772001824.932737,22629,3,1
2,Payment,1772001824.933454,14514,9,1
1,NewOrder,1772001824.934776,21059,18,1
2,Payment,1772001824.936273,14209,11,1
3,OrderStatus,1772001824.936898,3867,19,1
3,OrderStatus,1772001824.937312,3754,20,1
1,NewOrder,1772001824.937357,13588,0,1
1,NewOrder,1772001824.937502,19560,21,1
1,NewOrder,1772001824.937859,41397,12,1
2,Payment,1772001824.938039,18418,7,1
1,NewOrder,1772001824.938622,22675,4,1
2,Payment,1772001824.939083,22269,2,1
1,NewOrder,1772001824.940783,12053,19,1
2,Payment,1772001824.941087,4843,20,1
5,StockLevel,1772001824.941225,10109,8,1
1,NewOrder,1772001824.943478,9323,6,1
1,NewOrder,1772001824.944431,34853,23,1
2,Payment,1772001824.944479,17137,10,1
2,Payment,1772001824.944488,22218,5,1
3,OrderStatus,1772001824.944919,6686,17,1
2,Payment,1772001824.945939,4959,20,1
2,Payment,1772001824.946656,20870,13,1
1,NewOrder,1772001824.947985,7859,9,1
2,Payment,1772001824.950213,22087,15,1
4,Delivery,1772001824.950497,44256,11,1
1,NewOrder,1772001824.950906,31503,20,1
1,NewOrder,1772001824.950962,31040,0,1
2,Payment,1772001824.951347,12070,8,1
1,NewOrder,1772001824.951614,28253,17,1
1,NewOrder,1772001824.952318,20299,22,1
3,OrderStatus,1772001824.952810,6726,6,1
2,Payment,1772001824.952858,8022,19,1
2,Payment,1772001824.955380,16452,3,1
1,NewOrder,1772001824.955860,22266,18,1
2,Payment,1772001824.955870,11196,9,1
1,NewOrder,1772001824.955877,29309,1,1
1,NewOrder,1772001824.956469,22465,7,1
1,NewOrder,1772001824.957074,20595,21,1
2,Payment,1772001824.958163,20800,14,1
1,NewOrder,1772001824.959555,21967,6,1
2,Payment,1772001824.960892,8439,19,1
1,NewOrder,1772001824.961311,26183,4,1
1,NewOrder,1772001824.961371,19112,2,1
2,Payment,1772001824.961632,10644,10,1
2,Payment,1772001824.963431,12240,8,1
2,Payment,1772001824.964202,21009,16,1
2,Payment,1772001824.966731,11387,5,1
2,Payment,1772001824.967085,12827,9,1
1,NewOrder,1772001824.967545,39956,13,1
1,NewOrder,1772001824.969343,17772,19,1
1,NewOrder,1772001824.971857,26683,3,1
2,Payment,1772001824.972302,14796,10,1
4,Delivery,1772001824.972318,43081,15,1
1,NewOrder,1772001824.972628,49056,22,1
4,Delivery,1772001824.975697,19598,8,1
1,NewOrder,1772001824.977700,29380,21,1
2,Payment,1772001824.978210,8522,5,1
5,StockLevel,1772001824.978216,34453,18,1
1,NewOrder,1772001824.978958,26037,7,1
2,Payment,1772001824.978980,15286,14,1
1,NewOrder,1772001824.979286,38821,12,1
1,NewOrder,1772001824.979300,21907,23,1
2,Payment,1772001824.979881,21714,17,1
2,Payment,1772001824.979929,15722,9,1
2,Payment,1772001824.980498,14261,2,1
2,Payment,1772001824.981546,21036,6,1
2,Payment,1772001824.982016,19981,0,1
2,Payment,1772001824.982426,3654,20,1
2,Payment,1772001824.985212,23458,1,1
1,NewOrder,1772001824.985236,43687,16,1
3,OrderStatus,1772001824.986099,943,20,1
2,Payment,1772001824.986763,25713,5,1
1,NewOrder,1772001824.987060,8945,20,1
1,NewOrder,1772001824.987117,20348,10,1
2,Payment,1772001824.987137,2530,19,1
1,NewOrder,1772001824.987520,22687,4,1
2,Payment,1772001824.989680,1961,19,1
1,NewOrder,1772001824.991666,9050,19,1
1,NewOrder,1772001824.994291,36139,14,1
2,Payment,1772001824.994768,10721,11,1
2,Payment,1772001824.994774,21413,2,1
2,Payment,1772001824.995313,12830,8,1
5,StockLevel,1772001824.995666,19917,9,1
2,Payment,1772001824.996015,3484,20,1
2,Payment,1772001824.998570,28260,3,1
1,NewOrder,1772001824.999525,13521,20,1
2,Payment,1772001825.000730,3135,19,1
1,NewOrder,1772001825.001220,21627,23,1
2,Payment,1772001825.001614,6608,17,1
2,Payment,1772001825.002024,35031,0,1
2,Payment,1772001825.002599,13195,6,1
5,StockLevel,1772001825.003891,11791,19,1
1,NewOrder,1772001825.005020,19668,7,1
4,Delivery,1772001825.005516,53511,11,1
1,NewOrder,1772001825.007098,25804,21,1
2,Payment,1772001825.007481,19350,10,1
1,NewOrder,1772001825.007528,24153,13,1
1,NewOrder,1772001825.008168,24039,8,1
1,NewOrder,1772001825.008237,19839,17,1
2,Payment,1772001825.008687,37854,1,1
2,Payment,1772001825.010219,38675,4,1
1,NewOrder,1772001825.012495,13562,5,1
2,Payment,1772001825.012693,8227,18,1
3,OrderStatus,1772001825.013058,3761,20,1
5,StockLevel,1772001825.015422,14917,15,1
1,NewOrder,1772001825.015602,19528,9,1
1,NewOrder,1772001825.015707,17943,19,1
2,Payment,1772001825.015818,22513,6,1
2,Payment,1772001825.016202,38469,2,1
1,NewOrder,1772001825.016835,28608,20,1
2,Payment,1772001825.018141,8729,12,1
2,Payment,1772001825.020946,6384,18,1
1,NewOrder,1772001825.021710,13056,22,1
4,Delivery,1772001825.022872,61245,23,1
1,NewOrder,1772001825.024714,20691,7,1
5,StockLevel,1772001825.026078,20007,5,1
4,Delivery,1772001825.026858,46566,3,1
1,NewOrder,1772001825.026861,38919,10,1
1,NewOrder,1772001825.026907,37115,12,1
1,NewOrder,1772001825.027343,32450,18,1
2,Payment,1772001825.028100,6323,17,1
2,Payment,1772001825.028949,15988,16,1
3,OrderStatus,1772001825.030365,3663,15,1
2,Payment,1772001825.030446,22068,14,1
2,Payment,1772001825.031692,23621,13,1
1,NewOrder,1772001825.032229,13949,8,1
1,NewOrder,1772001825.032923,12495,21,1
2,Payment,1772001825.033675,8061,19,1
1,NewOrder,1772001825.034050,12523,15,1
2,Payment,1772001825.034449,26051,17,1
1,NewOrder,1772001825.034790,12545,22,1
1,NewOrder,1772001825.035146,10232,9,1
2,Payment,1772001825.037075,22625,0,1
2,Payment,1772001825.038357,10030,6,1
2,Payment,1772001825.041751,5545,19,1
2,Payment,1772001825.044955,18712,16,1
2,Payment,1772001825.045389,4795,9,1
2,Payment,1772001825.045421,7508,7,1
1,NewOrder,1772001825.045441,7436,21,1
4,Delivery,1772001825.045467,39221,20,1
1,NewOrder,1772001825.046110,14553,5,1
2,Payment,1772001825.046199,10968,8,1
2,Payment,1772001825.046556,18645,1,1
2,Payment,1772001825.046595,19673,15,1
1,NewOrder,1772001825.047309,27612,19,1
2,Payment,1772001825.047357,1858,22,1
2,Payment,1772001825.048405,14870,6,1
1,NewOrder,1772001825.048911,31736,4,1
4,Delivery,1772001825.049228,35393,22,1
2,Payment,1772001825.050208,16509,9,1
3,OrderStatus,1772001825.052537,6987,14,1
2,Payment,1772001825.052892,3562,21,1
5,StockLevel,1772001825.052943,13129,7,1
1,NewOrder,1772001825.054690,23604,2,1
1,NewOrder,1772001825.055327,11312,13,1
1,NewOrder,1772001825.056485,14660,21,1
2,Payment,1772001825.057180,15030,8,1
1,NewOrder,1772001825.059051,17637,11,1
1,NewOrder,1772001825.059539,25738,14,1
1,NewOrder,1772001825.059712,24722,0,1
2,Payment,1772001825.059802,7166,18,1
2,Payment,1772001825.060509,11018,17,1
4,Delivery,1772001825.060672,13187,5,1
2,Payment,1772001825.063292,12014,6,1
2,Payment,1772001825.063685,11969,16,1
2,Payment,1772001825.064050,21108,12,1
2,Payment,1772001825.065215,6274,1,1
1,NewOrder,1772001825.065793,18263,10,1
2,Payment,1772001825.066082,12669,7,1
5,StockLevel,1772001825.066283,9447,15,1
3,OrderStatus,1772001825.066658,3891,13,1
4,Delivery,1772001825.066741,24678,9,1
1,NewOrder,1772001825.066981,38954,18,1
1,NewOrder,1772001825.070568,17451,13,1
1,NewOrder,1772001825.071160,12228,21,1
2,Payment,1772001825.071506,7355,1,1
2,Payment,1772001825.071541,18800,17,1
1,NewOrder,1772001825.072230,14443,8,1
2,Payment,1772001825.073441,10568,3,1
2,Payment,1772001825.073881,29346,5,1
1,NewOrder,1772001825.074934,29078,19,1
4,Delivery,1772001825.075320,16665,6,1
2,Payment,1772001825.075671,28572,16,1
1,NewOrder,1772001825.075747,14202,15,1
2,Payment,1772001825.076714,7357,11,1
1,NewOrder,1772001825.078308,25772,2,1
1,NewOrder,1772001825.078761,25381,7,1
2,Payment,1772001825.078889,26905,1,1
3,OrderStatus,1772001825.080675,5703,4,1
2,Payment,1772001825.083402,6213,21,1
1,NewOrder,1772001825.084028,21882,3,1
4,Delivery,1772001825.084073,7795,10,1
2,Payment,1772001825.084089,11292,11,1
1,NewOrder,1772001825.084144,22612,23,1
5,StockLevel,1772001825.084446,10686,0,1
1,NewOrder,1772001825.084648,20749,22,1
4,Delivery,1772001825.084704,23818,20,1
1,NewOrder,1772001825.085180,19006,12,1
2,Payment,1772001825.085296,26691,14,1
1,NewOrder,1772001825.086395,17720,4,1
2,Payment,1772001825.086686,17435,8,1
2,Payment,1772001825.088033,33256,13,1
1,NewOrder,1772001825.089628,27546,21,1
1,NewOrder,1772001825.089969,14019,15,1
2,Payment,1772001825.090376,33867,17,1
1,NewOrder,1772001825.091439,14557,9,1
1,NewOrder,1772001825.091888,27900,10,1
1,NewOrder,1772001825.092011,26584,6,1
1,NewOrder,1772001825.095145,9090,0,1
2,Payment,1772001825.095403,17052,11,1
2,Payment,1772001825.103244,7945,5,1
1,NewOrder,1772001825.104010,27568,15,1
2,Payment,1772001825.104024,4923,19,1
2,Payment,1772001825.104096,14186,2,1
1,NewOrder,1772001825.104136,16244,4,1
1,NewOrder,1772001825.104147,42964,8,1
1,NewOrder,1772001825.104168,27930,7,1
2,Payment,1772001825.104197,23599,12,1
1,NewOrder,1772001825.104262,14415,0,1
1,NewOrder,1772001825.104263,20265,16,1
1,NewOrder,1772001825.105410,13713,22,1
2,Payment,1772001825.105809,20559,1,1
2,Payment,1772001825.105928,8297,3,1
1,NewOrder,1772001825.105954,13426,18,1
1,NewOrder,1772001825.106010,13056,9,1
2,Payment,1772001825.106769,14690,23,1
2,Payment,1772001825.108534,18635,20,1
2,Payment,1772001825.108977,24112,19,1
2,Payment,1772001825.111211,25303,5,1
5,StockLevel,1772001825.112007,33199,14,1
2,Payment,1772001825.112476,13025,11,1
5,StockLevel,1772001825.114239,5102,3,1
1,NewOrder,1772001825.117199,25277,21,1
2,Payment,1772001825.118308,26176,2,1
2,Payment,1772001825.118604,13474,6,1
1,NewOrder,1772001825.118700,24341,0,1
1,NewOrder,1772001825.119092,3193,9,1
2,Payment,1772001825.119149,20388,22,1
1,NewOrder,1772001825.119354,9776,3,1
1,NewOrder,1772001825.119406,28939,18,1
3,OrderStatus,1772001825.119814,9837,10,1
3,OrderStatus,1772001825.120403,10766,4,1
1,NewOrder,1772001825.121303,33399,13,1
2,Payment,1772001825.121472,23631,23,1
1,NewOrder,1772001825.122308,14874,9,1
2,Payment,1772001825.124269,7748,17,1
1,NewOrder,1772001825.124541,20510,16,1
3,OrderStatus,1772001825.125514,9924,11,1
1,NewOrder,1772001825.126395,32838,1,1
1,NewOrder,1772001825.127195,33259,20,1
1,NewOrder,1772001825.127813,17478,12,1
1,NewOrder,1772001825.129165,12464,3,1
2,Payment,1772001825.129682,9275,10,1
1,NewOrder,1772001825.131184,19675,4,1
2,Payment,1772001825.131604,5598,15,1
1,NewOrder,1772001825.132041,13138,17,1
1,NewOrder,1772001825.132102,19129,6,1
2,Payment,1772001825.132123,15653,7,1
2,Payment,1772001825.133113,16068,19,1
1,NewOrder,1772001825.135464,23088,11,1
2,Payment,1772001825.136535,13178,5,1
1,NewOrder,1772001825.137198,13291,9,1
2,Payment,1772001825.137214,5843,15,1
2,Payment,1772001825.138972,15900,10,1
2,Payment,1772001825.139559,14883,22,1
2,Payment,1772001825.141655,20029,3,1
4,Delivery,1772001825.142486,45972,21,1
2,Payment,1772001825.143071,4651,15,1
2,Payment,1772001825.143081,33421,0,1
2,Payment,1772001825.144510,9836,2,1
2,Payment,1772001825.145070,8619,16,1
2,Payment,1772001825.145118,18737,23,1
4,Delivery,1772001825.145190,58222,17,1
1,NewOrder,1772001825.145219,18510,14,1
1,NewOrder,1772001825.145341,43661,12,1
1,NewOrder,1772001825.147129,14548,8,1
2,Payment,1772001825.147748,16063,15,1
3,OrderStatus,1772001825.147798,11883,7,1
2,Payment,1772001825.148355,25528,18,1
3,OrderStatus,1772001825.149200,6774,19,1
1,NewOrder,1772001825.149739,13714,5,1
2,Payment,1772001825.150514,9958,9,1
1,NewOrder,1772001825.150873,41580,4,1
1,NewOrder,1772001825.151242,35646,6,1
3,OrderStatus,1772001825.153704,10667,16,1
1,NewOrder,1772001825.154371,38109,2,1
1,NewOrder,1772001825.154454,38913,22,1
1,NewOrder,1772001825.154712,34387,13,1
2,Payment,1772001825.154890,18415,10,1
5,StockLevel,1772001825.156002,27156,19,1
2,Payment,1772001825.158577,20890,11,1
2,Payment,1772001825.159246,25636,1,1
2,Payment,1772001825.159705,29921,7,1
1,NewOrder,1772001825.160473,7449,20,1
2,Payment,1772001825.160503,25291,9,1
2,Payment,1772001825.161697,25575,3,1
5,StockLevel,1772001825.161707,5262,8,1
1,NewOrder,1772001825.163478,7010,5,1
1,NewOrder,1772001825.163748,10109,14,1
1,NewOrder,1772001825.163827,34015,15,1
1,NewOrder,1772001825.163879,28553,23,1
1,NewOrder,1772001825.164395,39418,16,1
1,NewOrder,1772001825.166982,8182,8,1
5,StockLevel,1772001825.167949,3935,20,1
2,Payment,1772001825.170502,19782,5,1
1,NewOrder,1772001825.171900,5716,20,1
4,Delivery,1772001825.173352,40098,10,1
1,NewOrder,1772001825.173884,6706,14,1
1,NewOrder,1772001825.173901,8859,18,1
2,Payment,1772001825.175181,19531,8,1
1,NewOrder,1772001825.176528,24741,0,1
1,NewOrder,1772001825.177629,6803,20,1
4,Delivery,1772001825.179492,34494,11,1
2,Payment,1772001825.180607,2921,14,1
4,Delivery,1772001825.182781,6118,18,1
2,Payment,1772001825.183169,8888,19,1
2,Payment,1772001825.183546,1862,14,1
2,Payment,1772001825.184458,12570,20,1
2,Payment,1772001825.184907,10970,1,1
4,Delivery,1772001825.185423,18779,14,1
2,Payment,1772001825.185809,18041,9,1
1,NewOrder,1772001825.186913,27560,6,1
1,NewOrder,1772001825.187289,16656,3,1
2,Payment,1772001825.188481,18030,21,1
1,NewOrder,1772001825.188922,29062,18,1
5,StockLevel,1772001825.189016,24856,12,1
2,Payment,1772001825.189125,4931,13,1
1,NewOrder,1772001825.189644,20140,7,1
1,NewOrder,1772001825.190295,19972,5,1
2,Payment,1772001825.192083,24915,19,1
1,NewOrder,1772001825.192457,20663,23,1
1,NewOrder,1772001825.192465,11582,4,1
2,Payment,1772001825.192506,11407,2,1
1,NewOrder,1772001825.193380,11923,22,1
2,Payment,1772001825.194071,4446,13,1
2,Payment,1772001825.194725,16871,8,1
2,Payment,1772001825.195897,14281,1,1
1,NewOrder,1772001825.197045,27751,20,1
5,StockLevel,1772001825.197867,11590,15,1
4,Delivery,1772001825.198530,5703,13,1
1,NewOrder,1772001825.201290,11361,0,1
1,NewOrder,1772001825.203426,27877,17,1
1,NewOrder,1772001825.203833,20069,16,1
1,NewOrder,1772001825.203863,31739,9,1
1,NewOrder,1772001825.203928,25527,2,1
1,NewOrder,1772001825.203970,19547,3,1
2,Payment,1772001825.204058,14897,4,1
2,Payment,1772001825.204224,5050,14,1
2,Payment,1772001825.204246,14804,13,1
1,NewOrder,1772001825.205350,14443,22,1
1,NewOrder,1772001825.206523,34080,21,1
1,NewOrder,1772001825.209299,16585,14,1
1,NewOrder,1772001825.209476,31505,15,1
2,Payment,1772001825.209794,5464,7,1
1,NewOrder,1772001825.210194,55406,1,1
2,Payment,1772001825.210287,13529,5,1
2,Payment,1772001825.211605,12202,8,1
1,NewOrder,1772001825.212677,19547,0,1
5,StockLevel,1772001825.213138,11334,23,1
1,NewOrder,1772001825.213468,18693,10,1
1,NewOrder,1772001825.213883,50876,12,1
3,OrderStatus,1772001825.214011,4304,11,1
1,NewOrder,1772001825.214493,39063,6,1
1,NewOrder,1772001825.215284,16527,7,1
2,Payment,1772001825.217024,13815,19,1
2,Payment,1772001825.218001,21079,18,1
2,Payment,1772001825.218340,10047,11,1
1,NewOrder,1772001825.218977,39740,4,1
5,StockLevel,1772001825.219070,37338,13,1
1,NewOrder,1772001825.219812,12709,22,1
1,NewOrder,1772001825.223543,13516,3,1
2,Payment,1772001825.223824,9037,8,1
3,OrderStatus,1772001825.223841,5196,5,1
1,NewOrder,1772001825.223929,14288,16,1
2,Payment,1772001825.224484,26255,23,1
4,Delivery,1772001825.224804,37294,20,1
1,NewOrder,1772001825.225902,19862,14,1
1,NewOrder,1772001825.228413,12676,11,1
1,NewOrder,1772001825.229066,32212,5,1
5,StockLevel,1772001825.229471,9896,2,1
2,Payment,1772001825.230862,27168,19,1
2,Payment,1772001825.231329,14103,17,1
1,NewOrder,1772001825.231836,39789,7,1
1,NewOrder,1772001825.232179,28497,10,1
1,NewOrder,1772001825.232257,27618,0,1
1,NewOrder,1772001825.232533,30791,22,1
1,NewOrder,1772001825.232870,27403,8,1
1,NewOrder,1772001825.235628,10149,9,1
2,Payment,1772001825.237080,3870,3,1
1,NewOrder,1772001825.238242,7552,16,1
2,Payment,1772001825.239097,24662,18,1
1,NewOrder,1772001825.239398,9326,2,1
1,NewOrder,1772001825.240620,40532,21,1
1,NewOrder,1772001825.240961,28630,3,1
1,NewOrder,1772001825.241004,27369,15,1
2,Payment,1772001825.241115,2057,11,1
4,Delivery,1772001825.243186,26198,11,1
1,NewOrder,1772001825.245457,33858,17,1
1,NewOrder,1772001825.245789,33499,14,1
2,Payment,1772001825.245792,2403,9,1
1,NewOrder,1772001825.245808,6198,16,1
2,Payment,1772001825.248208,3217,9,1
2,Payment,1772001825.248755,2740,2,1
4,Delivery,1772001825.250750,12030,23,1
1,NewOrder,1772001825.251441,17431,9,1
3,OrderStatus,1772001825.251521,2847,2,1
2,Payment,1772001825.252032,3041,16,1
3,OrderStatus,1772001825.253582,8331,6,1
4,Delivery,1772001825.254393,18546,2,1
2,Payment,1772001825.255098,3237,16,1
2,Payment,1772001825.256434,10810,13,1
2,Payment,1772001825.258055,11194,19,1
4,Delivery,1772001825.258361,37751,16,1
3,OrderStatus,1772001825.258732,11171,4,1
1,NewOrder,1772001825.259890,36284,0,1
1,NewOrder,1772001825.260299,28557,8,1
1,NewOrder,1772001825.260701,22655,10,1
1,NewOrder,1772001825.261294,27108,5,1
2,Payment,1772001825.261934,8013,6,1
1,NewOrder,1772001825.262116,18678,20,1
2,Payment,1772001825.262797,13294,23,1
5,StockLevel,1772001825.263349,14451,22,1
1,NewOrder,1772001825.263786,19909,18,1
2,Payment,1772001825.264774,10060,12,1
1,NewOrder,1772001825.265619,17710,1,1
2,Payment,1772001825.267269,17591,13,1
2,Payment,1772001825.268393,27148,15,1
2,Payment,1772001825.268890,20410,9,1
2,Payment,1772001825.269264,13531,19,1
2,Payment,1772001825.269410,16329,11,1
1,NewOrder,1772001825.269616,26523,3,1
1,NewOrder,1772001825.269929,36639,4,1
2,Payment,1772001825.269962,8965,6,1
1,NewOrder,1772001825.271640,10681,7,1
1,NewOrder,1772001825.272964,26983,2,1
2,Payment,1772001825.274851,32403,12,1
1,NewOrder,1772001825.276107,32855,23,1
1,NewOrder,1772001825.277819,14122,22,1
3,OrderStatus,1772001825.278947,7230,6,1
2,Payment,1772001825.279313,21341,14,1
2,Payment,1772001825.279341,31637,17,1
1,NewOrder,1772001825.280807,10425,20,1
2,Payment,1772001825.281175,12255,21,1
1,NewOrder,1772001825.282339,9266,7,1
5,StockLevel,1772001825.282830,22511,19,1
2,Payment,1772001825.283347,3186,1,1
1,NewOrder,1772001825.283376,25004,10,1
1,NewOrder,1772001825.283705,7804,18,1
2,Payment,1772001825.284877,28949,13,1
1,NewOrder,1772001825.285759,24810,11,1
2,Payment,1772001825.286187,12062,6,1
2,Payment,1772001825.286549,3863,1,1
2,Payment,1772001825.288423,5425,5,1
1,NewOrder,1772001825.288884,33884,8,1
1,NewOrder,1772001825.289355,30934,9,1
2,Payment,1772001825.290438,6014,1,1
2,Payment,1772001825.291257,12500,20,1
1,NewOrder,1772001825.291521,7631,18,1
2,Payment,1772001825.291632,9053,7,1
5,StockLevel,1772001825.291952,2152,22,1
2,Payment,1772001825.293455,17613,21,1
1,NewOrder,1772001825.293870,19527,5,1
2,Payment,1772001825.294117,12781,22,1
2,Payment,1772001825.295566,23243,15,1
4,Delivery,1772001825.296137,38000,16,1
2,Payment,1772001825.296152,4455,3,1
2,Payment,1772001825.296200,10808,0,1
1,NewOrder,1772001825.296464,9718,1,1
3,OrderStatus,1772001825.298277,4355,6,1
3,OrderStatus,1772001825.299165,2979,18,1
2,Payment,1772001825.299973,11026,2,1
2,Payment,1772001825.300621,15530,3,1
3,OrderStatus,1772001825.300669,6186,14,1
1,NewOrder,1772001825.300710,10828,7,1
1,NewOrder,1772001825.302158,9726,18,1
1,NewOrder,1772001825.302657,26187,6,1
2,Payment,1772001825.303769,11263,20,1
1,NewOrder,1772001825.305365,25380,19,1
2,Payment,1772001825.306216,13597,1,1
2,Payment,1772001825.306581,20949,4,1
2,Payment,1772001825.306872,26398,14,1
1,NewOrder,1772001825.306911,6886,22,1
2,Payment,1772001825.307023,16283,0,1
2,Payment,1772001825.307266,19466,12,1
2,Payment,1772001825.308391,5684,10,1
1,NewOrder,1772001825.308977,18159,23,1
2,Payment,1772001825.310589,7791,11,1
2,Payment,1772001825.311013,31958,17,1
2,Payment,1772001825.311021,21827,2,1
1,NewOrder,1772001825.311098,20025,21,1
2,Payment,1772001825.311563,13574,7,1
2,Payment,1772001825.311898,5177,18,1
1,NewOrder,1772001825.313410,27417,5,1
2,Payment,1772001825.313818,6431,22,1
1,NewOrder,1772001825.313842,39983,13,1
1,NewOrder,1772001825.314085,43637,10,1
1,NewOrder,1772001825.315042,35903,20,1
1,NewOrder,1772001825.316164,19726,3,1
1,NewOrder,1772001825.317102,16661,18,1
1,NewOrder,1772001825.318395,37220,11,1
2,Payment,1772001825.318828,29533,15,1
3,OrderStatus,1772001825.319829,6930,1,1
1,NewOrder,1772001825.320260,35458,22,1
1,NewOrder,1772001825.320316,33464,9,1
1,NewOrder,1772001825.322782,10913,8,1
2,Payment,1772001825.323324,20109,0,1
2,Payment,1772001825.325163,8295,7,1
2,Payment,1772001825.326749,25264,12,1
3,OrderStatus,1772001825.326777,3939,1,1
1,NewOrder,1772001825.327149,30551,23,1
2,Payment,1772001825.327543,25689,4,1
2,Payment,1772001825.328873,20920,6,1
1,NewOrder,1772001825.330732,9288,1,1
1,NewOrder,1772001825.330764,9626,19,1
1,NewOrder,1772001825.331133,9291,21,1
2,Payment,1772001825.332865,32491,2,1
1,NewOrder,1772001825.333289,34294,14,1
3,OrderStatus,1772001825.333469,7766,7,1
1,NewOrder,1772001825.333706,27451,8,1
1,NewOrder,1772001825.333784,15059,18,1
1,NewOrder,1772001825.334148,42050,16,1
2,Payment,1772001825.335918,21313,3,1
1,NewOrder,1772001825.340039,7224,1,1
5,StockLevel,1772001825.340404,4423,19,1
1,NewOrder,1772001825.340447,5581,21,1
2,Payment,1772001825.340840,32759,5,1
2,Payment,1772001825.341257,12440,7,1
5,StockLevel,1772001825.342983,14475,17,1
1,NewOrder,1772001825.343444,24263,0,1
2,Payment,1772001825.344843,3013,19,1
2,Payment,1772001825.346057,4513,21,1
2,Payment,1772001825.347279,35628,1,1
1,NewOrder,1772001825.347870,18918,19,1
1,NewOrder,1772001825.348378,40604,15,1
2,Payment,1772001825.348856,6321,18,1
1,NewOrder,1772001825.349815,22973,6,1
2,Payment,1772001825.350595,9203,21,1
2,Payment,1772001825.350959,16605,20,1
1,NewOrder,1772001825.352038,24945,12,1
3,OrderStatus,1772001825.353250,5396,4,1
1,NewOrder,1772001825.353708,32530,7,1
3,OrderStatus,1772001825.353801,10350,9,1
1,NewOrder,1772001825.353837,25430,13,1
1,NewOrder,1772001825.355195,20779,18,1
4,Delivery,1772001825.355629,53080,11,1
2,Payment,1772001825.355743,19719,22,1
1,NewOrder,1772001825.357244,27346,3,1
2,Payment,1772001825.357494,5453,17,1
3,OrderStatus,1772001825.357714,4837,23,1
1,NewOrder,1772001825.357738,21535,10,1
1,NewOrder,1772001825.358674,21128,4,1
1,NewOrder,1772001825.359814,18605,21,1
5,StockLevel,1772001825.361173,10356,8,1
2,Payment,1772001825.362570,17213,23,1
1,NewOrder,1772001825.362980,13107,17,1
2,Payment,1772001825.364169,8204,9,1
2,Payment,1772001825.365371,21244,2,1
1,NewOrder,1772001825.366813,24658,19,1
1,NewOrder,1772001825.367589,24394,20,1
1,NewOrder,1772001825.367600,17130,14,1
2,Payment,1772001825.367719,21634,0,1
1,NewOrder,1772001825.371542,12623,8,1
2,Payment,1772001825.372394,9232,9,1
3,OrderStatus,1772001825.372814,4526,6,1
1,NewOrder,1772001825.373614,18843,5,1
2,Payment,1772001825.375487,21115,22,1
2,Payment,1772001825.375988,11221,18,1
2,Payment,1772001825.376109,4892,17,1
1,NewOrder,1772001825.376222,27786,16,1
2,Payment,1772001825.377009,8867,12,1
2,Payment,1772001825.377361,7690,6,1
1,NewOrder,1772001825.378430,15773,21,1
2,Payment,1772001825.379294,15905,13,1
1,NewOrder,1772001825.379298,26573,10,1
1,NewOrder,1772001825.379798,28550,23,1
1,NewOrder,1772001825.379818,25953,4,1
2,Payment,1772001825.381019,8254,17,1
2,Payment,1772001825.381637,8046,9,1
2,Payment,1772001825.382931,15846,1,1
2,Payment,1772001825.384179,15020,8,1
1,NewOrder,1772001825.384606,26515,3,1
1,NewOrder,1772001825.384756,20629,14,1
1,NewOrder,1772001825.385073,8721,6,1
2,Payment,1772001825.385901,12867,12,1
2,Payment,1772001825.386253,18119,7,1
2,Payment,1772001825.386639,16660,2,1
1,NewOrder,1772001825.387221,24766,18,1
2,Payment,1772001825.389007,22140,15,1
2,Payment,1772001825.389297,14952,17,1
2,Payment,1772001825.389378,21346,0,1
1,NewOrder,1772001825.389701,19068,9,1
1,NewOrder,1772001825.391498,7770,19,1
3,OrderStatus,1772001825.392008,1706,20,1
2,Payment,1772001825.392472,27055,5,1
2,Payment,1772001825.393729,10302,20,1
1,NewOrder,1772001825.393808,4562,6,1
2,Payment,1772001825.394229,17366,21,1
1,NewOrder,1772001825.395224,16642,13,1
1,NewOrder,1772001825.396622,15841,22,1
1,NewOrder,1772001825.398392,18918,6,1
2,Payment,1772001825.398782,17859,12,1
2,Payment,1772001825.398803,24552,1,1
3,OrderStatus,1772001825.399225,6169,8,1
1,NewOrder,1772001825.399290,27733,19,1
1,NewOrder,1772001825.403317,13373,2,1
2,Payment,1772001825.404034,19379,16,1
1,NewOrder,1772001825.404058,20818,20,1
1,NewOrder,1772001825.404262,22377,17,1
1,NewOrder,1772001825.404407,26920,7,1
2,Payment,1772001825.405399,27115,14,1
1,NewOrder,1772001825.405421,21878,8,1
2,Payment,1772001825.405781,27897,4,1
2,Payment,1772001825.405887,10318,10,1
2,Payment,1772001825.408365,8999,23,1
2,Payment,1772001825.408728,10425,11,1
1,NewOrder,1772001825.408795,12286,9,1
1,NewOrder,1772001825.410742,20560,0,1
2,Payment,1772001825.411147,26719,3,1
2,Payment,1772001825.411163,26034,15,1
2,Payment,1772001825.411609,11032,21,1
1,NewOrder,1772001825.411885,8347,13,1
3,OrderStatus,1772001825.412001,11136,18,1
5,StockLevel,1772001825.412488,3622,22,1
2,Payment,1772001825.416135,10637,22,1
1,NewOrder,1772001825.416236,14774,10,1
2,Payment,1772001825.416666,25072,12,1
1,NewOrder,1772001825.416705,16775,2,1
1,NewOrder,1772001825.417353,12518,6,1
2,Payment,1772001825.417392,14607,23,1
2,Payment,1772001825.419167,2534,11,1
1,NewOrder,1772001825.419547,15618,5,1
1,NewOrder,1772001825.420250,16544,13,1
1,NewOrder,1772001825.421103,30476,9,1
2,Payment,1772001825.421726,4546,11,1
2,Payment,1772001825.422653,15971,21,1
2,Payment,1772001825.423169,20189,18,1
1,NewOrder,1772001825.423366,25057,1,1
1,NewOrder,1772001825.423440,18677,16,1
2,Payment,1772001825.424890,23453,20,1
2,Payment,1772001825.426298,8342,11,1
2,Payment,1772001825.426672,20027,17,1
1,NewOrder,1772001825.426798,16700,22,1
1,NewOrder,1772001825.427036,21357,19,1
1,NewOrder,1772001825.427308,25962,8,1
2,Payment,1772001825.429893,12946,6,1
1,NewOrder,1772001825.431024,8209,10,1
2,Payment,1772001825.431330,12140,0,1
5,StockLevel,1772001825.431342,1921,7,1
2,Payment,1772001825.432017,22247,23,1
2,Payment,1772001825.432544,18635,14,1
2,Payment,1772001825.433281,14713,7,1
2,Payment,1772001825.433495,18689,2,1
2,Payment,1772001825.433705,24322,4,1
1,NewOrder,1772001825.434653,27924,11,1
1,NewOrder,1772001825.435187,23695,5,1
1,NewOrder,1772001825.436809,8785,13,1
1,NewOrder,1772001825.437223,18612,15,1
4,Delivery,1772001825.437880,27750,3,1
1,NewOrder,1772001825.438637,28626,21,1
5,StockLevel,1772001825.439260,8669,10,1
1,NewOrder,1772001825.441755,22776,12,1
2,Payment,1772001825.442132,14843,16,1
1,NewOrder,1772001825.442855,18934,6,1
2,Payment,1772001825.443374,15096,18,1
2,Payment,1772001825.443480,6014,0,1
2,Payment,1772001825.443510,23629,22,1
2,Payment,1772001825.445613,18524,13,1
4,Delivery,1772001825.446724,70155,17,1
2,Payment,1772001825.447945,4636,10,1
4,Delivery,1772001825.448019,16470,7,1
2,Payment,1772001825.448357,25966,20,1
1,NewOrder,1772001825.448407,25576,19,1
2,Payment,1772001825.448439,19515,1,1
3,OrderStatus,1772001825.449507,9411,0,1
2,Payment,1772001825.451189,25515,14,1
1,NewOrder,1772001825.451596,44718,9,1
2,Payment,1772001825.452199,20217,2,1
1,NewOrder,1772001825.452592,19422,10,1
2,Payment,1772001825.453302,5899,8,1
1,NewOrder,1772001825.454289,20666,23,1
1,NewOrder,1772001825.455859,46617,15,1
1,NewOrder,1772001825.456991,31892,16,1
1,NewOrder,1772001825.458040,32683,4,1
1,NewOrder,1772001825.458489,44820,18,1
1,NewOrder,1772001825.458906,36167,5,1
5,StockLevel,1772001825.458931,10620,0,1
1,NewOrder,1772001825.459218,38324,8,1
1,NewOrder,1772001825.461810,35696,6,1
2,Payment,1772001825.462593,4139,11,1
2,Payment,1772001825.464160,19095,13,1
2,Payment,1772001825.464508,7808,7,1
1,NewOrder,1772001825.464548,32613,12,1
1,NewOrder,1772001825.465645,11568,3,1
2,Payment,1772001825.466750,16875,11,1
4,Delivery,1772001825.467154,30474,22,1
1,NewOrder,1772001825.467276,11414,21,1
1,NewOrder,1772001825.467967,29879,1,1
1,NewOrder,1772001825.469568,7465,0,1
2,Payment,1772001825.472034,18331,10,1
1,NewOrder,1772001825.472334,36865,7,1
2,Payment,1772001825.472434,11225,2,1
1,NewOrder,1772001825.473997,35664,19,1
1,NewOrder,1772001825.474337,39430,20,1
1,NewOrder,1772001825.474977,5850,23,1
1,NewOrder,1772001825.476725,24411,14,1
1,NewOrder,1772001825.477046,29049,0,1
2,Payment,1772001825.477225,9083,3,1
1,NewOrder,1772001825.478702,8679,21,1
2,Payment,1772001825.480848,1731,23,1
1,NewOrder,1772001825.482593,14998,23,1
1,NewOrder,1772001825.483280,15457,13,1
2,Payment,1772001825.483649,12012,11,1
2,Payment,1772001825.483679,6371,2,1
1,NewOrder,1772001825.486331,28176,3,1
4,Delivery,1772001825.487397,10683,21,1
2,Payment,1772001825.488902,12611,16,1
1,NewOrder,1772001825.490076,39045,2,1
2,Payment,1772001825.490382,9095,10,1
1,NewOrder,1772001825.490747,15003,4,1
1,NewOrder,1772001825.495098,18031,5,1
1,NewOrder,1772001825.495680,36789,11,1
4,Delivery,1772001825.496336,27791,9,1
1,NewOrder,1772001825.497174,39800,12,1
1,NewOrder,1772001825.497522,41429,6,1
2,Payment,1772001825.497569,18621,8,1
1,NewOrder,1772001825.497612,31891,23,1
2,Payment,1772001825.497639,7319,22,1
1,NewOrder,1772001825.497860,52570,1,1
2,Payment,1772001825.498094,11600,21,1
1,NewOrder,1772001825.498749,39542,13,1
1,NewOrder,1772001825.499494,37028,10,1
1,NewOrder,1772001825.501148,20510,14,1
2,Payment,1772001825.501536,5253,16,1
1,NewOrder,1772001825.502494,21201,15,1
2,Payment,1772001825.503322,17986,18,1
2,Payment,1772001825.504979,27342,22,1
1,NewOrder,1772001825.505775,20682,4,1
1,NewOrder,1772001825.506110,34838,0,1
5,StockLevel,1772001825.506804,10331,16,1
2,Payment,1772001825.509222,22058,7,1
1,NewOrder,1772001825.509682,17674,19,1
1,NewOrder,1772001825.509708,33728,21,1
5,StockLevel,1772001825.513143,10650,5,1
2,Payment,1772001825.513787,27778,20,1
1,NewOrder,1772001825.514522,31064,3,1
1,NewOrder,1772001825.516208,30515,8,1
2,Payment,1772001825.516895,4792,17,1
3,OrderStatus,1772001825.517150,4616,16,1
1,NewOrder,1772001825.521339,37835,18,1
1,NewOrder,1772001825.521676,28340,14,1
4,Delivery,1772001825.521708,62349,17,1
1,NewOrder,1772001825.521783,14677,16,1
1,NewOrder,1772001825.523729,10477,15,1
1,NewOrder,1772001825.523806,11034,5,1
4,Delivery,1772001825.524144,17431,9,1
1,NewOrder,1772001825.526473,18233,4,1
1,NewOrder,1772001825.527380,8768,19,1
2,Payment,1772001825.529138,7382,2,1
2,Payment,1772001825.529527,15707,23,1
2,Payment,1772001825.531306,13001,7,1
2,Payment,1772001825.532333,20716,22,1
2,Payment,1772001825.532486,21767,11,1
2,Payment,1772001825.534217,2440,15,1
2,Payment,1772001825.534855,4529,5,1
2,Payment,1772001825.536175,13343,19,1
2,Payment,1772001825.536472,3340,16,1
1,NewOrder,1772001825.536536,24107,2,1
1,NewOrder,1772001825.536548,20976,10,1
2,Payment,1772001825.536668,5589,15,1
2,Payment,1772001825.537001,12075,12,1
2,Payment,1772001825.538304,16359,13,1
1,NewOrder,1772001825.538963,15735,6,1
2,Payment,1772001825.539413,4485,5,1
1,NewOrder,1772001825.539838,18007,16,1
2,Payment,1772001825.540962,11486,0,1
1,NewOrder,1772001825.541591,11407,20,1
2,Payment,1772001825.541600,29638,9,1
1,NewOrder,1772001825.542282,21453,15,1
2,Payment,1772001825.543451,13263,21,1
4,Delivery,1772001825.543931,37421,5,1
1,NewOrder,1772001825.544321,21580,7,1
2,Payment,1772001825.544734,12849,4,1
1,NewOrder,1772001825.545258,22471,23,1
2,Payment,1772001825.545599,18162,3,1
2,Payment,1772001825.546751,13133,8,1
2,Payment,1772001825.549104,15915,12,1
2,Payment,1772001825.549531,13757,19,1
2,Payment,1772001825.550040,20527,14,1
1,NewOrder,1772001825.550458,24730,1,1
1,NewOrder,1772001825.552474,16538,0,1
1,NewOrder,1772001825.553012,19972,20,1
2,Payment,1772001825.553061,16585,22,1
2,Payment,1772001825.554274,31179,11,1
2,Payment,1772001825.554682,25751,13,1
5,StockLevel,1772001825.554724,21890,6,1
1,NewOrder,1772001825.556734,20915,21,1
3,OrderStatus,1772001825.557544,11679,10,1
1,NewOrder,1772001825.557600,45948,4,1
1,NewOrder,1772001825.557857,37878,16,1
1,NewOrder,1772001825.559200,15373,18,1
2,Payment,1772001825.559899,27364,8,1
1,NewOrder,1772001825.560667,15638,2,1
1,NewOrder,1772001825.563316,33396,19,1
1,NewOrder,1772001825.563751,37019,15,1
1,NewOrder,1772001825.563780,39327,3,1
2,Payment,1772001825.565046,17911,12,1
1,NewOrder,1772001825.565927,11324,7,1
1,NewOrder,1772001825.567743,24862,23,1
5,StockLevel,1772001825.569024,6783,0,1
2,Payment,1772001825.569249,21234,10,1
1,NewOrder,1772001825.569657,8124,22,1
1,NewOrder,1772001825.570598,20331,14,1
3,OrderStatus,1772001825.571262,15215,9,1
2,Payment,1772001825.573012,6836,20,1
4,Delivery,1772001825.574599,8008,18,1
2,Payment,1772001825.575209,7040,1,1
2,Payment,1772001825.575832,17879,0,1
2,Payment,1772001825.576322,23147,2,1
2,Payment,1772001825.576630,18615,6,1
1,NewOrder,1772001825.577267,8794,7,1
2,Payment,1772001825.577662,12239,21,1
1,NewOrder,1772001825.577792,6615,22,1
1,NewOrder,1772001825.579875,34160,20,1
2,Payment,1772001825.580446,4352,13,1
2,Payment,1772001825.581376,21777,5,1
2,Payment,1772001825.582263,25181,1,1
2,Payment,1772001825.582625,13108,18,1
1,NewOrder,1772001825.582977,32662,12,1
3,OrderStatus,1772001825.584072,7671,17,1
1,NewOrder,1772001825.584420,29695,22,1
1,NewOrder,1772001825.584817,32490,13,1
2,Payment,1772001825.585479,13876,11,1
1,NewOrder,1772001825.586073,8428,7,1
2,Payment,1772001825.586490,17095,9,1
1,NewOrder,1772001825.587280,15473,8,1
2,Payment,1772001825.589918,10819,21,1
1,NewOrder,1772001825.590509,14082,10,1
1,NewOrder,1772001825.590943,22298,14,1
2,Payment,1772001825.591769,8653,17,1
2,Payment,1772001825.592619,12767,23,1
2,Payment,1772001825.593725,17415,0,1
5,StockLevel,1772001825.594511,5940,7,1
2,Payment,1772001825.595263,12771,6,1
1,NewOrder,1772001825.595750,12985,16,1
1,NewOrder,1772001825.595753,23306,18,1
1,NewOrder,1772001825.596737,17101,19,1
2,Payment,1772001825.599376,12215,11,1
2,Payment,1772001825.599495,16099,2,1
2,Payment,1772001825.600436,6344,17,1
1,NewOrder,1772001825.600465,9093,7,1
2,Payment,1772001825.600753,8352,21,1
2,Payment,1772001825.600785,9510,15,1
2,Payment,1772001825.602767,20443,8,1
2,Payment,1772001825.603127,17095,3,1
1,NewOrder,1772001825.603164,30054,5,1
2,Payment,1772001825.603566,23220,4,1
2,Payment,1772001825.603596,11861,9,1
2,Payment,1772001825.604610,23846,10,1
2,Payment,1772001825.605398,6393,23,1
2,Payment,1772001825.606795,7079,17,1
1,NewOrder,1772001825.607467,22850,1,1
2,Payment,1772001825.608056,28081,6,1
2,Payment,1772001825.608749,9006,16,1
2,Payment,1772001825.609123,5870,21,1
2,Payment,1772001825.609585,40764,7,1
2,Payment,1772001825.610308,11548,15,1
1,NewOrder,1772001825.611152,25894,0,1
5,StockLevel,1772001825.611601,16975,11,1
2,Payment,1772001825.611806,9247,23,1
1,NewOrder,1772001825.613262,14691,14,1
2,Payment,1772001825.613856,11991,19,1
1,NewOrder,1772001825.613889,12433,17,1
5,StockLevel,1772001825.614050,11149,20,1
1,NewOrder,1772001825.614126,17725,22,1
1,NewOrder,1772001825.615006,27977,21,1
1,NewOrder,1772001825.615468,19900,9,1
1,NewOrder,1772001825.615608,26691,2,1
2,Payment,1772001825.615667,9687,12,1
2,Payment,1772001825.617340,13084,13,1
1,NewOrder,1772001825.617784,16177,16,1
2,Payment,1772001825.619084,10856,18,1
1,NewOrder,1772001825.620241,17214,3,1
5,StockLevel,1772001825.621065,16093,23,1
1,NewOrder,1772001825.621873,16623,15,1
1,NewOrder,1772001825.623229,14651,8,1
3,OrderStatus,1772001825.625219,4588,20,1
2,Payment,1772001825.625379,9072,12,1
2,Payment,1772001825.625861,8643,19,1
1,NewOrder,1772001825.626339,25870,17,1
1,NewOrder,1772001825.626813,57679,4,1
2,Payment,1772001825.627966,11340,14,1
2,Payment,1772001825.628478,26710,10,1
1,NewOrder,1772001825.628591,15191,11,1
1,NewOrder,1772001825.629824,24169,20,1
3,OrderStatus,1772001825.629948,5984,18,1
1,NewOrder,1772001825.630335,45545,1,1
2,Payment,1772001825.630436,14919,13,1
1,NewOrder,1772001825.631866,21194,22,1
2,Payment,1772001825.633243,4718,5,1
1,NewOrder,1772001825.633974,25103,16,1
5,StockLevel,1772001825.634468,22278,12,1
2,Payment,1772001825.634522,6916,19,1
2,Payment,1772001825.635383,24332,9,1
2,Payment,1772001825.635946,10428,18,1
4,Delivery,1772001825.636156,18580,6,1
1,NewOrder,1772001825.637060,18500,0,1
1,NewOrder,1772001825.637174,12793,23,1
2,Payment,1772001825.637476,4376,3,1
2,Payment,1772001825.637895,24555,8,1
1,NewOrder,1772001825.637973,9787,5,1
1,NewOrder,1772001825.638512,37790,15,1
1,NewOrder,1772001825.639322,38481,14,1
1,NewOrder,1772001825.641461,32193,19,1
2,Payment,1772001825.641876,4882,3,1
1,NewOrder,1772001825.642313,16734,2,1
2,Payment,1772001825.642992,15566,21,1
1,NewOrder,1772001825.643804,12371,11,1
1,NewOrder,1772001825.645371,30033,13,1
4,Delivery,1772001825.646398,18773,18,1
1,NewOrder,1772001825.646776,34748,3,1
1,NewOrder,1772001825.647776,12337,5,1
1,NewOrder,1772001825.649980,9110,23,1
1,NewOrder,1772001825.650382,9777,7,1
2,Payment,1772001825.652219,8213,17,1
4,Delivery,1772001825.653076,12629,22,1
1,NewOrder,1772001825.654013,32827,20,1
4,Delivery,1772001825.654752,19334,6,1
1,NewOrder,1772001825.655205,39406,10,1
1,NewOrder,1772001825.655585,41716,0,1
2,Payment,1772001825.656201,9606,11,1
1,NewOrder,1772001825.656757,39587,12,1
2,Payment,1772001825.658571,17754,21,1
1,NewOrder,1772001825.659068,36527,2,1
4,Delivery,1772001825.659101,56846,16,1
2,Payment,1772001825.659117,11735,23,1
1,NewOrder,1772001825.659733,18791,9,1
2,Payment,1772001825.660135,1923,5,1
2,Payment,1772001825.660170,10312,7,1
1,NewOrder,1772001825.660444,9613,17,1
2,Payment,1772001825.662078,3763,5,1
3,OrderStatus,1772001825.662462,2155,8,1
1,NewOrder,1772001825.664630,22663,8,1
1,NewOrder,1772001825.665180,25128,18,1
1,NewOrder,1772001825.665726,28546,22,1
2,Payment,1772001825.665824,8271,11,1
5,StockLevel,1772001825.665859,4315,5,1
2,Payment,1772001825.670082,4065,17,1
2,Payment,1772001825.670193,5657,5,1
4,Delivery,1772001825.670507,3965,7,1
3,OrderStatus,1772001825.670864,9246,23,1
1,NewOrder,1772001825.673676,35698,19,1
1,NewOrder,1772001825.674105,40892,6,1
1,NewOrder,1772001825.674122,15020,11,1
2,Payment,1772001825.674164,4390,17,1
1,NewOrder,1772001825.674497,12771,7,1
1,NewOrder,1772001825.675417,26609,13,1
1,NewOrder,1772001825.675868,22839,5,1
2,Payment,1772001825.675893,12941,1,1
2,Payment,1772001825.676315,11544,15,1
1,NewOrder,1772001825.676336,22796,21,1
5,StockLevel,1772001825.677813,19303,14,1
2,Payment,1772001825.678548,4721,9,1
5,StockLevel,1772001825.678564,9858,17,1
1,NewOrder,1772001825.680126,28602,23,1
3,OrderStatus,1772001825.681542,8167,3,1
3,OrderStatus,1772001825.683284,3701,9,1
1,NewOrder,1772001825.684509,28773,4,1
1,NewOrder,1772001825.686865,20695,20,1
1,NewOrder,1772001825.686996,20997,9,1
2,Payment,1772001825.687287,5968,7,1
1,NewOrder,1772001825.687317,30351,8,1
5,StockLevel,1772001825.687884,28710,15,1
2,Payment,1772001825.688434,6146,17,1
1,NewOrder,1772001825.688850,62884,1,1
1,NewOrder,1772001825.689158,16755,11,1
1,NewOrder,1772001825.689734,23125,3,1
4,Delivery,1772001825.690332,15414,18,1
2,Payment,1772001825.693275,5828,7,1
2,Payment,1772001825.694288,8625,22,1
1,NewOrder,1772001825.694599,16485,17,1
4,Delivery,1772001825.694630,67420,10,1
3,OrderStatus,1772001825.695609,7844,2,1
2,Payment,1772001825.696369,8054,12,1
1,NewOrder,1772001825.697132,22204,14,1
2,Payment,1772001825.697344,8934,0,1
1,NewOrder,1772001825.698721,26407,5,1
1,NewOrder,1772001825.699117,19320,7,1
2,Payment,1772001825.699146,10823,21,1
1,NewOrder,1772001825.702047,21291,13,1
1,NewOrder,1772001825.702925,18928,22,1
2,Payment,1772001825.703470,8799,2,1
2,Payment,1772001825.704434,7184,12,1
2,Payment,1772001825.705761,15702,18,1
1,NewOrder,1772001825.705937,15942,11,1
2,Payment,1772001825.706301,16280,0,1
2,Payment,1772001825.707579,27097,20,1
1,NewOrder,1772001825.708019,16699,9,1
2,Payment,1772001825.708741,33047,23,1
2,Payment,1772001825.709399,37887,19,1
5,StockLevel,1772001825.709987,33791,21,1
3,OrderStatus,1772001825.711098,6861,17,1
3,OrderStatus,1772001825.711628,12980,12,1
1,NewOrder,1772001825.712286,49709,2,1
1,NewOrder,1772001825.712879,17957,3,1
1,NewOrder,1772001825.713294,13171,4,1
1,NewOrder,1772001825.715009,13225,6,1
2,Payment,1772001825.715979,5839,16,1
1,NewOrder,1772001825.716605,34060,15,1
1,NewOrder,1772001825.717696,31577,8,1
1,NewOrder,1772001825.717979,20656,17,1
2,Payment,1772001825.718449,6706,7,1
1,NewOrder,1772001825.719350,11586,14,1
4,Delivery,1772001825.721483,26150,18,1
1,NewOrder,1772001825.721831,35639,16,1
1,NewOrder,1772001825.721870,34363,22,1
1,NewOrder,1772001825.721898,24657,11,1
3,OrderStatus,1772001825.722593,13282,0,1
1,NewOrder,1772001825.723352,7112,13,1
2,Payment,1772001825.724628,11097,12,1
5,StockLevel,1772001825.724735,23398,9,1
1,NewOrder,1772001825.725138,22093,5,1
1,NewOrder,1772001825.725168,36926,7,1
1,NewOrder,1772001825.726477,8941,4,1
2,Payment,1772001825.728260,2562,6,1
2,Payment,1772001825.730485,8698,13,1
1,NewOrder,1772001825.730849,10051,6,1
2,Payment,1772001825.730851,2308,3,1
2,Payment,1772001825.730961,10448,14,1
1,NewOrder,1772001825.733172,38851,3,1
1,NewOrder,1772001825.734693,22453,20,1
1,NewOrder,1772001825.735431,21221,4,1
1,NewOrder,1772001825.735734,22147,12,1
1,NewOrder,1772001825.735888,26132,0,1
1,NewOrder,1772001825.738653,21196,17,1
2,Payment,1772001825.739198,5429,13,1
2,Payment,1772001825.740928,4100,6,1
2,Payment,1772001825.741433,6807,14,1
1,NewOrder,1772001825.741810,19774,23,1
5,StockLevel,1772001825.743813,28112,21,1
1,NewOrder,1772001825.744647,12842,13,1
1,NewOrder,1772001825.745057,21564,6,1
1,NewOrder,1772001825.746570,21296,11,1
1,NewOrder,1772001825.747244,34107,5,1
2,Payment,1772001825.747305,10550,19,1
1,NewOrder,1772001825.747655,19830,18,1
1,NewOrder,1772001825.748149,18434,9,1
1,NewOrder,1772001825.748268,41822,14,1
2,Payment,1772001825.749288,7823,8,1
1,NewOrder,1772001825.750678,19888,15,1
2,Payment,1772001825.751750,7707,1,1
1,NewOrder,1772001825.756251,19256,22,1
2,Payment,1772001825.756668,7937,4,1
4,Delivery,1772001825.757128,5455,8,1
1,NewOrder,1772001825.757162,14400,20,1
1,NewOrder,1772001825.757482,25823,16,1
1,NewOrder,1772001825.757504,25446,13,1
2,Payment,1772001825.757867,7965,19,1
1,NewOrder,1772001825.757892,37362,12,1
1,NewOrder,1772001825.759478,18074,1,1
1,NewOrder,1772001825.759866,11078,17,1
4,Delivery,1772001825.761599,82612,23,1
3,OrderStatus,1772001825.762009,12006,2,1
2,Payment,1772001825.762037,15403,0,1
2,Payment,1772001825.762062,15009,10,1
1,NewOrder,1772001825.762124,31663,7,1
2,Payment,1772001825.762603,24927,8,1
3,OrderStatus,1772001825.764631,7683,4,1
1,NewOrder,1772001825.765847,37303,19,1
5,StockLevel,1772001825.766600,7180,9,1
1,NewOrder,1772001825.766639,17144,6,1
1,NewOrder,1772001825.767499,33643,18,1
2,Payment,1772001825.767888,22896,11,1
2,Payment,1772001825.770597,3388,15,1
2,Payment,1772001825.770961,6530,17,1
1,NewOrder,1772001825.771572,7952,20,1
1,NewOrder,1772001825.771946,51100,21,1
1,NewOrder,1772001825.772039,48400,3,1
1,NewOrder,1772001825.772331,40176,4,1
2,Payment,1772001825.773792,20467,9,1
2,Payment,1772001825.774003,18206,15,1
2,Payment,1772001825.774026,10618,2,1
2,Payment,1772001825.775517,2060,22,1
2,Payment,1772001825.777085,27676,10,1
2,Payment,1772001825.777454,2534,0,1
3,OrderStatus,1772001825.777503,3309,17,1
1,NewOrder,1772001825.777569,42796,1,1
2,Payment,1772001825.777589,10900,22,1
2,Payment,1772001825.779538,11843,20,1
3,OrderStatus,1772001825.780001,2671,0,1
1,NewOrder,1772001825.780824,10581,17,1
1,NewOrder,1772001825.781383,38490,5,1
1,NewOrder,1772001825.782687,12920,0,1
1,NewOrder,1772001825.782963,27254,13,1
5,StockLevel,1772001825.783324,19800,16,1
2,Payment,1772001825.783794,29355,6,1
1,NewOrder,1772001825.784661,10992,2,1
1,NewOrder,1772001825.787543,8488,8,1
2,Payment,1772001825.788514,14337,22,1
2,Payment,1772001825.790103,8202,14,1
1,NewOrder,1772001825.790804,8411,11,1
3,OrderStatus,1772001825.791407,1936,20,1
2,Payment,1772001825.791432,9741,17,1
1,NewOrder,1772001825.792224,33562,15,1
1,NewOrder,1772001825.793359,7429,20,1
1,NewOrder,1772001825.793801,32034,7,1
1,NewOrder,1772001825.794274,31563,9,1
4,Delivery,1772001825.795274,21133,12,1
2,Payment,1772001825.795620,12032,0,1
2,Payment,1772001825.795682,17420,2,1
2,Payment,1772001825.796056,12332,8,1
1,NewOrder,1772001825.798327,17688,14,1
1,NewOrder,1772001825.799234,9211,11,1
1,NewOrder,1772001825.800799,7548,20,1
2,Payment,1772001825.801159,7261,18,1
1,NewOrder,1772001825.801185,15242,17,1
2,Payment,1772001825.802865,10526,22,1
1,NewOrder,1772001825.803139,39720,16,1
1,NewOrder,1772001825.803165,25539,19,1
2,Payment,1772001825.804775,13485,10,1
1,NewOrder,1772001825.807668,37976,0,1
1,NewOrder,1772001825.808360,10994,20,1
1,NewOrder,1772001825.808411,17024,8,1
5,StockLevel,1772001825.808434,17156,18,1
2,Payment,1772001825.808455,12799,11,1
2,Payment,1772001825.810243,8955,13,1
3,OrderStatus,1772001825.812523,8309,4,1
2,Payment,1772001825.813127,10291,2,1
2,Payment,1772001825.813161,13519,6,1
1,NewOrder,1772001825.813407,37158,22,1
5,StockLevel,1772001825.816029,13807,14,1
2,Payment,1772001825.816433,17308,12,1
2,Payment,1772001825.816440,9438,17,1
1,NewOrder,1772001825.818272,51538,10,1
5,StockLevel,1772001825.819210,14214,13,1
2,Payment,1772001825.819370,4013,20,1
3,OrderStatus,1772001825.819903,8030,5,1
1,NewOrder,1772001825.820380,25753,1,1
1,NewOrder,1772001825.820456,44965,3,1
1,NewOrder,1772001825.820852,40832,4,1
1,NewOrder,1772001825.821265,21908,11,1
1,NewOrder,1772001825.823063,32233,21,1
1,NewOrder,1772001825.823398,21568,20,1
1,NewOrder,1772001825.823440,42552,2,1
2,Payment,1772001825.825449,28242,8,1
2,Payment,1772001825.825604,18645,18,1
2,Payment,1772001825.825800,24288,15,1
2,Payment,1772001825.825847,17916,9,1
4,Delivery,1772001825.825857,30241,7,1
2,Payment,1772001825.825893,29294,17,1
4,Delivery,1772001825.826707,30142,6,1
2,Payment,1772001825.827948,14976,5,1
2,Payment,1772001825.828721,18378,19,1
1,NewOrder,1772001825.829848,31824,14,1
1,NewOrder,1772001825.833438,34950,13,1
1,NewOrder,1772001825.842763,22181,12,1
1,NewOrder,1772001825.842883,25559,16,1
2,Payment,1772001825.842949,7587,5,1
1,NewOrder,1772001825.843197,21812,11,1
2,Payment,1772001825.843778,15786,9,1
1,NewOrder,1772001825.844230,16622,23,1
2,Payment,1772001825.844271,6209,18,1
1,NewOrder,1772001825.844978,20499,20,1
2,Payment,1772001825.845658,9155,0,1
1,NewOrder,1772001825.846148,21151,1,1
2,Payment,1772001825.847117,9845,19,1
2,Payment,1772001825.850113,14581,15,1
4,Delivery,1772001825.850493,14130,18,1
1,NewOrder,1772001825.850550,32565,5,1
2,Payment,1772001825.850578,16253,22,1
1,NewOrder,1772001825.853714,13844,8,1
2,Payment,1772001825.854832,6876,0,1
1,NewOrder,1772001825.855203,25415,17,1
1,NewOrder,1772001825.855319,35359,21,1
1,NewOrder,1772001825.856113,11820,7,1
2,Payment,1772001825.856870,6083,6,1
1,NewOrder,1772001825.856982,33733,19,1
2,Payment,1772001825.859576,7600,9,1
1,NewOrder,1772001825.860863,29727,23,1
1,NewOrder,1772001825.861694,8486,14,1
2,Payment,1772001825.861704,11082,4,1
3,OrderStatus,1772001825.861724,4253,0,1
1,NewOrder,1772001825.862969,7187,6,1
2,Payment,1772001825.864636,7584,18,1
1,NewOrder,1772001825.864718,21284,15,1
2,Payment,1772001825.864959,7929,12,1
2,Payment,1772001825.865040,12145,11,1
1,NewOrder,1772001825.865430,20247,3,1
2,Payment,1772001825.865490,12071,20,1
1,NewOrder,1772001825.865998,23814,0,1
2,Payment,1772001825.866006,16560,2,1
2,Payment,1772001825.866852,15612,22,1
1,NewOrder,1772001825.867187,25329,9,1
1,NewOrder,1772001825.867315,25806,1,1
1,NewOrder,1772001825.867583,17262,8,1
2,Payment,1772001825.867945,14078,7,1
1,NewOrder,1772001825.868399,14417,13,1
1,NewOrder,1772001825.868457,19325,16,1
2,Payment,1772001825.869824,35466,10,1
2,Payment,1772001825.870172,20315,6,1
2,Payment,1772001825.870190,12693,14,1
1,NewOrder,1772001825.872237,29308,18,1
1,NewOrder,1772001825.872799,27677,4,1
1,NewOrder,1772001825.872901,19878,12,1
2,Payment,1772001825.877206,21228,11,1
1,NewOrder,1772001825.877578,28447,20,1
2,Payment,1772001825.880633,9931,17,1
4,Delivery,1772001825.882045,9639,7,1
2,Payment,1772001825.882477,8895,22,1
3,OrderStatus,1772001825.882584,8792,2,1
1,NewOrder,1772001825.882829,13950,13,1
2,Payment,1772001825.882901,15484,14,1
2,Payment,1772001825.883131,8200,5,1
2,Payment,1772001825.884857,30816,8,1
2,Payment,1772001825.885707,14805,3,1
2,Payment,1772001825.886025,17198,15,1
2,Payment,1772001825.887794,20316,16,1
3,OrderStatus,1772001825.889833,2415,0,1
1,NewOrder,1772001825.890504,15173,6,1
1,NewOrder,1772001825.890581,16999,17,1
2,Payment,1772001825.890605,7860,23,1
1,NewOrder,1772001825.890689,7294,21,1
2,Payment,1772001825.890729,11722,19,1
2,Payment,1772001825.891359,12818,5,1
1,NewOrder,1772001825.891383,17010,22,1
1,NewOrder,1772001825.891393,31193,2,1
2,Payment,1772001825.891693,18220,7,1
2,Payment,1772001825.892264,17167,0,1
1,NewOrder,1772001825.892526,15433,9,1
2,Payment,1772001825.892791,19204,12,1
1,NewOrder,1772001825.893133,16911,1,1
2,Payment,1772001825.896792,21528,13,1
2,Payment,1772001825.898006,9898,21,1
2,Payment,1772001825.898404,36463,14,1
1,NewOrder,1772001825.898454,29888,11,1
1,NewOrder,1772001825.898477,17792,23,1
2,Payment,1772001825.900492,13985,4,1
2,Payment,1772001825.900530,20730,3,1
1,NewOrder,1772001825.901562,8711,18,1
3,OrderStatus,1772001825.902469,5275,19,1
1,NewOrder,1772001825.903246,22288,15,1
2,Payment,1772001825.904197,23587,5,1
1,NewOrder,1772001825.905335,22040,10,1
1,NewOrder,1772001825.905689,15165,6,1
2,Payment,1772001825.906037,7299,20,1
2,Payment,1772001825.907606,16004,17,1
2,Payment,1772001825.907757,8546,19,1
2,Payment,1772001825.907919,13563,21,1
1,NewOrder,1772001825.907980,13307,9,1
5,StockLevel,1772001825.908128,9128,16,1
1,NewOrder,1772001825.908406,32109,22,1
1,NewOrder,1772001825.909446,22331,0,1
1,NewOrder,1772001825.909927,25547,7,1
2,Payment,1772001825.910057,26707,1,1
5,StockLevel,1772001825.910289,17383,18,1
1,NewOrder,1772001825.912006,14679,12,1
2,Payment,1772001825.913351,14529,20,1
1,NewOrder,1772001825.914503,27707,4,1
4,Delivery,1772001825.915691,31851,8,1
1,NewOrder,1772001825.916283,16170,23,1
1,NewOrder,1772001825.916318,35480,19,1
2,Payment,1772001825.917266,24878,16,1
1,NewOrder,1772001825.918333,26753,13,1
1,NewOrder,1772001825.920871,9908,6,1
1,NewOrder,1772001825.921277,16610,3,1
2,Payment,1772001825.921308,11702,9,1
1,NewOrder,1772001825.921496,19982,21,1
1,NewOrder,1772001825.922601,26891,2,1
5,StockLevel,1772001825.923632,14224,17,1
2,Payment,1772001825.925564,23255,15,1
2,Payment,1772001825.926700,17797,12,1
2,Payment,1772001825.927392,10902,10,1
2,Payment,1772001825.927688,4790,18,1
1,NewOrder,1772001825.927805,25440,5,1
1,NewOrder,1772001825.927892,21572,20,1
2,Payment,1772001825.928355,16611,11,1
1,NewOrder,1772001825.930789,17077,6,1
1,NewOrder,1772001825.931793,16139,0,1
1,NewOrder,1772001825.932472,27391,23,1
1,NewOrder,1772001825.932501,26834,18,1
2,Payment,1772001825.933034,18396,9,1
1,NewOrder,1772001825.934882,27472,14,1
4,Delivery,1772001825.935489,12537,7,1
2,Payment,1772001825.936789,5805,1,1
5,StockLevel,1772001825.937876,16261,17,1
5,StockLevel,1772001825.937901,22621,3,1
2,Payment,1772001825.938310,18587,10,1
2,Payment,1772001825.940532,5539,22,1
1,NewOrder,1772001825.941492,26594,21,1
5,StockLevel,1772001825.942160,12998,16,1
1,NewOrder,1772001825.942228,25833,4,1
1,NewOrder,1772001825.942605,14673,1,1
1,NewOrder,1772001825.944509,16443,12,1
2,Payment,1772001825.944980,17798,11,1
2,Payment,1772001825.945113,8456,13,1
1,NewOrder,1772001825.946091,16729,22,1
2,Payment,1772001825.947560,21919,8,1
1,NewOrder,1772001825.947879,26921,6,1
2,Payment,1772001825.947943,6100,0,1
1,NewOrder,1772001825.948048,36269,7,1
2,Payment,1772001825.948841,8506,15,1
1,NewOrder,1772001825.949477,25056,20,1
2,Payment,1772001825.949506,11804,2,1
2,Payment,1772001825.951457,25204,9,1
1,NewOrder,1772001825.951810,17060,19,1
2,Payment,1772001825.953260,15169,5,1
2,Payment,1772001825.953584,9158,13,1
1,NewOrder,1772001825.954063,28134,0,1
2,Payment,1772001825.954150,17476,17,1
1,NewOrder,1772001825.955171,23589,16,1
1,NewOrder,1772001825.956908,24722,10,1
1,NewOrder,1772001825.957286,9509,1,1
2,Payment,1772001825.957367,20161,15,1
5,StockLevel,1772001825.959346,11671,18,1
2,Payment,1772001825.959887,8585,23,1
1,NewOrder,1772001825.960539,30764,3,1
1,NewOrder,1772001825.960967,38988,12,1
3,OrderStatus,1772001825.961355,8004,2,1
1,NewOrder,1772001825.962384,30732,14,1
2,Payment,1772001825.962755,22539,13,1
2,Payment,1772001825.962797,21076,11,1
2,Payment,1772001825.962842,11214,22,1
2,Payment,1772001825.966809,8514,1,1
1,NewOrder,1772001825.968091,20538,4,1
1,NewOrder,1772001825.968112,26175,21,1
5,StockLevel,1772001825.968446,15504,5,1
1,NewOrder,1772001825.968486,26599,23,1
1,NewOrder,1772001825.968886,25759,19,1
1,NewOrder,1772001825.969384,35021,2,1
1,NewOrder,1772001825.969500,25635,8,1
2,Payment,1772001825.971030,13241,18,1
2,Payment,1772001825.971641,23400,17,1
1,NewOrder,1772001825.974073,18593,22,1
4,Delivery,1772001825.974551,25948,20,1
2,Payment,1772001825.974814,18194,6,1
2,Payment,1772001825.975336,6823,1,1
1,NewOrder,1772001825.976685,33208,9,1
1,NewOrder,1772001825.977542,28107,15,1
1,NewOrder,1772001825.978775,18792,16,1
2,Payment,1772001825.981646,20886,10,1
2,Payment,1772001825.982172,6811,1,1
1,NewOrder,1772001825.982219,15812,0,1
2,Payment,1772001825.983888,26683,11,1
1,NewOrder,1772001825.983964,32672,5,1
2,Payment,1772001825.984283,9926,18,1
1,NewOrder,1772001825.984329,22649,7,1
2,Payment,1772001825.985344,19033,13,1
2,Payment,1772001825.988643,10096,4,1
2,Payment,1772001825.989007,4790,1,1
1,NewOrder,1772001825.991324,27983,3,1
2,Payment,1772001825.992677,7893,22,1
1,NewOrder,1772001825.993023,38974,6,1
1,NewOrder,1772001825.993130,19971,14,1
2,Payment,1772001825.993806,14473,1,1
1,NewOrder,1772001825.994226,35450,18,1
2,Payment,1772001825.994300,9646,21,1
1,NewOrder,1772001825.994655,21390,19,1
1,NewOrder,1772001825.995053,27789,17,1
2,Payment,1772001825.995111,15124,23,1
1,NewOrder,1772001825.995145,12169,8,1
1,NewOrder,1772001825.997579,16591,16,1
1,NewOrder,1772001825.998053,21657,0,1
1,NewOrder,1772001825.998750,41027,4,1
2,Payment,1772001825.999968,9337,12,1
2,Payment,1772001826.000517,13177,20,1
1,NewOrder,1772001826.000587,42262,22,1
4,Delivery,1772001826.002558,63024,10,1
1,NewOrder,1772001826.003960,7424,21,1
1,NewOrder,1772001826.004397,17116,13,1
2,Payment,1772001826.004419,12834,2,1
1,NewOrder,1772001826.005673,28709,15,1
2,Payment,1772001826.006991,9992,7,1
1,NewOrder,1772001826.007324,26645,8,1
1,NewOrder,1772001826.008297,39105,1,1
1,NewOrder,1772001826.009335,25786,12,1
1,NewOrder,1772001826.009910,14999,9,1
2,Payment,1772001826.010245,10616,23,1
2,Payment,1772001826.010582,15776,11,1
2,Payment,1772001826.011405,13084,21,1
1,NewOrder,1772001826.013124,32682,14,1
1,NewOrder,1772001826.013719,25281,20,1
1,NewOrder,1772001826.014184,29437,16,1
2,Payment,1772001826.016064,15066,19,1
2,Payment,1772001826.016661,9322,5,1
1,NewOrder,1772001826.016999,23410,7,1
1,NewOrder,1772001826.017263,33108,2,1
1,NewOrder,1772001826.019332,20485,3,1
1,NewOrder,1772001826.019725,26794,0,1
1,NewOrder,1772001826.020886,17577,23,1
1,NewOrder,1772001826.021528,22885,13,1
1,NewOrder,1772001826.022867,25718,17,1
1,NewOrder,1772001826.024510,27915,21,1
2,Payment,1772001826.024932,7140,9,1
2,Payment,1772001826.025996,6592,5,1
1,NewOrder,1772001826.026381,22586,11,1
2,Payment,1772001826.029690,7913,18,1
2,Payment,1772001826.031146,10767,19,1
1,NewOrder,1772001826.032028,16991,6,1
4,Delivery,1772001826.032092,34018,9,1
1,NewOrder,1772001826.032599,15614,5,1
1,NewOrder,1772001826.033986,32122,8,1
5,StockLevel,1772001826.034402,30241,15,1
1,NewOrder,1772001826.035136,30047,12,1
2,Payment,1772001826.037624,8712,18,1
2,Payment,1772001826.038488,19642,23,1
1,NewOrder,1772001826.039022,14577,20,1
1,NewOrder,1772001826.039803,18706,4,1
4,Delivery,1772001826.039842,18638,3,1
1,NewOrder,1772001826.040430,32570,7,1
1,NewOrder,1772001826.041931,13984,19,1
2,Payment,1772001826.042874,21360,22,1
1,NewOrder,1772001826.043636,7903,16,1
2,Payment,1772001826.044440,5021,13,1
2,Payment,1772001826.045833,9621,14,1
4,Delivery,1772001826.046356,20926,18,1
2,Payment,1772001826.046546,7865,0,1
1,NewOrder,1772001826.047416,26706,1,1
1,NewOrder,1772001826.048231,21972,5,1
1,NewOrder,1772001826.048596,32599,17,1
2,Payment,1772001826.048981,9469,11,1
1,NewOrder,1772001826.049029,28032,6,1
1,NewOrder,1772001826.049477,43394,13,1
1,NewOrder,1772001826.050384,29836,2,1
2,Payment,1772001826.051558,8269,16,1
2,Payment,1772001826.052439,14472,21,1
2,Payment,1772001826.053620,16455,20,1
1,NewOrder,1772001826.054427,36157,0,1
1,NewOrder,1772001826.055484,23538,14,1
2,Payment,1772001826.055929,16757,19,1
4,Delivery,1772001826.058154,9595,23,1
1,NewOrder,1772001826.058464,19886,11,1
2,Payment,1772001826.058493,2272,3,1
3,OrderStatus,1772001826.058522,3960,4,1
1,NewOrder,1772001826.059839,27639,16,1
2,Payment,1772001826.060783,2525,3,1
3,OrderStatus,1772001826.062498,5238,4,1
2,Payment,1772001826.063333,2565,3,1
1,NewOrder,1772001826.064248,20352,22,1
1,NewOrder,1772001826.064652,27454,15,1
3,OrderStatus,1772001826.065205,7740,12,1
2,Payment,1772001826.065595,8922,10,1
2,Payment,1772001826.065913,3585,3,1
1,NewOrder,1772001826.066129,39467,8,1
2,Payment,1772001826.066136,14494,9,1
1,NewOrder,1772001826.066923,18096,21,1
2,Payment,1772001826.067296,14306,18,1
2,Payment,1772001826.067761,6867,4,1
2,Payment,1772001826.067769,24378,23,1
2,Payment,1772001826.069511,9193,3,1
2,Payment,1772001826.070096,32818,20,1
2,Payment,1772001826.070220,14790,5,1
2,Payment,1772001826.072702,37017,19,1
4,Delivery,1772001826.072970,13768,12,1
1,NewOrder,1772001826.073019,14961,7,1
1,NewOrder,1772001826.074144,21699,1,1
4,Delivery,1772001826.074542,29677,10,1
1,NewOrder,1772001826.074653,21592,4,1
2,Payment,1772001826.077076,13872,6,1
1,NewOrder,1772001826.078379,17905,11,1
1,NewOrder,1772001826.078721,18677,3,1
1,NewOrder,1772001826.079040,24768,14,1
2,Payment,1772001826.080245,10673,2,1
5,StockLevel,1772001826.080643,23057,9,1
1,NewOrder,1772001826.081220,41609,17,1
1,NewOrder,1772001826.081628,20084,18,1
1,NewOrder,1772001826.084623,37363,22,1
1,NewOrder,1772001826.085036,62943,5,1
1,NewOrder,1772001826.085048,55081,21,1
1,NewOrder,1772001826.086755,20836,12,1
4,Delivery,1772001826.087500,26770,16,1
1,NewOrder,1772001826.087995,10058,7,1
4,Delivery,1772001826.090603,18623,0,1
1,NewOrder,1772001826.090944,25534,2,1
2,Payment,1772001826.090973,9197,6,1
1,NewOrder,1772001826.092120,27336,15,1
1,NewOrder,1772001826.092168,49744,23,1
1,NewOrder,1772001826.092896,20989,13,1
2,Payment,1772001826.095857,4673,1,1
1,NewOrder,1772001826.096273,16031,4,1
2,Payment,1772001826.096322,7927,11,1
2,Payment,1772001826.097417,6767,3,1
2,Payment,1772001826.098079,9855,7,1
2,Payment,1772001826.100195,14095,6,1
1,NewOrder,1772001826.100544,14019,1,1
1,NewOrder,1772001826.101737,30996,18,1
2,Payment,1772001826.102937,13161,20,1
2,Payment,1772001826.103721,29764,9,1
1,NewOrder,1772001826.103819,33203,14,1
2,Payment,1772001826.104207,3755,3,1
4,Delivery,1772001826.104243,24570,10,1
2,Payment,1772001826.104273,19946,11,1
2,Payment,1772001826.105621,30932,8,1
1,NewOrder,1772001826.107615,34943,12,1
1,NewOrder,1772001826.107951,15158,7,1
2,Payment,1772001826.107976,6582,3,1
2,Payment,1772001826.109236,10651,0,1
1,NewOrder,1772001826.109731,21348,19,1
2,Payment,1772001826.112332,23329,4,1
5,StockLevel,1772001826.113904,18292,13,1
1,NewOrder,1772001826.114291,37220,16,1
2,Payment,1772001826.114316,26183,6,1
1,NewOrder,1772001826.114572,37606,3,1
1,NewOrder,1772001826.114589,10475,1,1
1,NewOrder,1772001826.116112,15423,20,1
1,NewOrder,1772001826.116503,15009,2,1
2,Payment,1772001826.119480,8138,15,1
1,NewOrder,1772001826.119907,22342,0,1
2,Payment,1772001826.122005,7974,22,1
2,Payment,1772001826.122855,10277,17,1
1,NewOrder,1772001826.123121,9988,7,1
2,Payment,1772001826.124247,23296,11,1
4,Delivery,1772001826.125079,8004,1,1
2,Payment,1772001826.127641,9305,15,1
2,Payment,1772001826.128835,23315,10,1
1,NewOrder,1772001826.129999,30634,22,1
1,NewOrder,1772001826.131098,10444,19,1
2,Payment,1772001826.131538,8997,2,1
4,Delivery,1772001826.131562,16394,20,1
1,NewOrder,1772001826.132210,29172,13,1
1,NewOrder,1772001826.132759,29366,18,1
2,Payment,1772001826.133116,14904,1,1
1,NewOrder,1772001826.133121,17650,7,1
1,NewOrder,1772001826.133154,27119,17,1
2,Payment,1772001826.133498,26405,9,1
2,Payment,1772001826.135686,22236,4,1
2,Payment,1772001826.136564,31110,8,1
1,NewOrder,1772001826.136956,28721,15,1
1,NewOrder,1772001826.137037,21435,14,1
1,NewOrder,1772001826.140148,21950,21,1
1,NewOrder,1772001826.140516,17921,6,1
3,OrderStatus,1772001826.140564,6719,2,1
2,Payment,1772001826.141567,4457,19,1
1,NewOrder,1772001826.141931,25728,23,1
1,NewOrder,1772001826.142262,24819,0,1
2,Payment,1772001826.142568,9551,12,1
1,NewOrder,1772001826.146052,31394,19,1
1,NewOrder,1772001826.147306,15762,2,1
1,NewOrder,1772001826.147563,17596,11,1
4,Delivery,1772001826.147981,26908,20,1
2,Payment,1772001826.147995,21987,5,1
1,NewOrder,1772001826.148037,29442,1,1
1,NewOrder,1772001826.150796,17168,7,1
2,Payment,1772001826.151524,14134,16,1
2,Payment,1772001826.152146,23939,12,1
1,NewOrder,1772001826.152163,19246,10,1
3,OrderStatus,1772001826.152196,9745,3,1
3,OrderStatus,1772001826.157943,7487,4,1
1,NewOrder,1772001826.158456,21746,6,1
1,NewOrder,1772001826.158492,19644,14,1
3,OrderStatus,1772001826.159915,8841,9,1
1,NewOrder,1772001826.160294,29350,17,1
2,Payment,1772001826.160646,7350,22,1
2,Payment,1772001826.161408,21335,13,1
1,NewOrder,1772001826.161957,19576,3,1
2,Payment,1772001826.162113,10052,21,1
2,Payment,1772001826.162140,14961,18,1
1,NewOrder,1772001826.163082,34829,2,1
1,NewOrder,1772001826.165173,23971,11,1
1,NewOrder,1772001826.165447,44510,4,1
2,Payment,1772001826.165684,28116,16,1
1,NewOrder,1772001826.165698,14875,15,1
3,OrderStatus,1772001826.167090,8622,0,1
1,NewOrder,1772001826.167677,49377,23,1
1,NewOrder,1772001826.167700,35845,8,1
2,Payment,1772001826.167977,18220,7,1
1,NewOrder,1772001826.168007,33153,22,1
2,Payment,1772001826.168770,22006,9,1
1,NewOrder,1772001826.169992,11830,5,1
1,NewOrder,1772001826.171423,13719,10,1
1,NewOrder,1772001826.172187,34392,21,1
1,NewOrder,1772001826.174902,12288,20,1
2,Payment,1772001826.175731,13952,0,1
1,NewOrder,1772001826.176097,37183,12,1
2,Payment,1772001826.177126,9166,18,1
4,Delivery,1772001826.177472,34090,19,1
1,NewOrder,1772001826.177509,44306,1,1
2,Payment,1772001826.178148,25807,14,1
2,Payment,1772001826.180218,13955,6,1
2,Payment,1772001826.180588,29071,15,1
1,NewOrder,1772001826.181556,12564,3,1
2,Payment,1772001826.181844,17879,5,1
1,NewOrder,1772001826.182757,18853,13,1
5,StockLevel,1772001826.185155,7616,10,1
1,NewOrder,1772001826.186220,18621,7,1
1,NewOrder,1772001826.186315,14212,18,1
2,Payment,1772001826.187205,3945,20,1
2,Payment,1772001826.189167,11438,11,1
3,OrderStatus,1772001826.189659,6487,17,1
1,NewOrder,1772001826.189696,31081,0,1
1,NewOrder,1772001826.190790,10344,9,1
1,NewOrder,1772001826.191176,9378,20,1
2,Payment,1772001826.192797,16490,10,1
2,Payment,1772001826.193816,21696,16,1
2,Payment,1772001826.194131,15212,3,1
2,Payment,1772001826.194195,23877,6,1
2,Payment,1772001826.196171,27072,17,1
1,NewOrder,1772001826.197937,17174,2,1
1,NewOrder,1772001826.199748,20649,5,1
1,NewOrder,1772001826.200553,24613,18,1
1,NewOrder,1772001826.200578,20235,20,1
3,OrderStatus,1772001826.200621,9293,11,1
2,Payment,1772001826.201159,19658,9,1
1,NewOrder,1772001826.201176,15441,22,1
4,Delivery,1772001826.201624,7228,13,1
1,NewOrder,1772001826.203569,17144,8,1
2,Payment,1772001826.203965,30501,14,1
1,NewOrder,1772001826.204856,16592,7,1
2,Payment,1772001826.206598,7403,21,1
1,NewOrder,1772001826.208861,35677,13,1
1,NewOrder,1772001826.209311,29135,10,1
2,Payment,1772001826.209359,7329,3,1
2,Payment,1772001826.209678,28260,15,1
3,OrderStatus,1772001826.209928,6102,11,1
1,NewOrder,1772001826.209981,32620,4,1
1,NewOrder,1772001826.211582,12033,19,1
1,NewOrder,1772001826.213293,16275,12,1
1,NewOrder,1772001826.214018,13320,21,1
1,NewOrder,1772001826.215135,35637,2,1
2,Payment,1772001826.215530,27483,16,1
2,Payment,1772001826.216055,15205,11,1
1,NewOrder,1772001826.216628,51473,22,1
3,OrderStatus,1772001826.216713,4801,3,1
1,NewOrder,1772001826.217078,37222,23,1
3,OrderStatus,1772001826.218103,3247,6,1
1,NewOrder,1772001826.220422,50839,5,1
1,NewOrder,1772001826.220732,35737,8,1
1,NewOrder,1772001826.220796,25062,0,1
4,Delivery,1772001826.220838,33429,20,1
1,NewOrder,1772001826.220839,15169,9,1
1,NewOrder,1772001826.221363,32961,6,1
1,NewOrder,1772001826.221465,53144,7,1
1,NewOrder,1772001826.221539,40014,3,1
3,OrderStatus,1772001826.221826,1923,1,1
2,Payment,1772001826.223256,24147,17,1
2,Payment,1772001826.223627,10503,19,1
1,NewOrder,1772001826.223765,11561,1,1
1,NewOrder,1772001826.225190,9581,18,1
1,NewOrder,1772001826.227357,23373,21,1
3,OrderStatus,1772001826.229595,2472,12,1
1,NewOrder,1772001826.231279,20431,11,1
1,NewOrder,1772001826.232086,24912,12,1
2,Payment,1772001826.234155,6157,19,1
1,NewOrder,1772001826.234481,26036,14,1
2,Payment,1772001826.234796,9375,18,1
5,StockLevel,1772001826.235341,17367,1,1
1,NewOrder,1772001826.236032,16195,9,1
1,NewOrder,1772001826.237960,15882,15,1
2,Payment,1772001826.238461,13224,10,1
1,NewOrder,1772001826.240326,19387,19,1
2,Payment,1772001826.242626,7206,4,1
1,NewOrder,1772001826.243030,16578,16,1
1,NewOrder,1772001826.244183,21353,18,1
2,Payment,1772001826.244563,14670,13,1
1,NewOrder,1772001826.245882,15289,0,1
1,NewOrder,1772001826.247426,17354,17,1
5,StockLevel,1772001826.249858,10430,4,1
2,Payment,1772001826.250750,8990,21,1
2,Payment,1772001826.250800,14796,2,1
1,NewOrder,1772001826.251699,30462,10,1
1,NewOrder,1772001826.251725,28521,11,1
1,NewOrder,1772001826.252238,26101,9,1
1,NewOrder,1772001826.252733,21546,1,1
1,NewOrder,1772001826.253855,10507,15,1
2,Payment,1772001826.254295,10834,20,1
1,NewOrder,1772001826.254320,27321,23,1
1,NewOrder,1772001826.254343,28186,6,1
2,Payment,1772001826.256494,10602,8,1
2,Payment,1772001826.257026,8482,12,1
2,Payment,1772001826.259249,22854,13,1
1,NewOrder,1772001826.259631,15892,16,1
1,NewOrder,1772001826.259739,15865,19,1
2,Payment,1772001826.259766,13809,21,1
1,NewOrder,1772001826.260300,19584,4,1
2,Payment,1772001826.260536,8694,14,1
1,NewOrder,1772001826.261189,10574,0,1
4,Delivery,1772001826.261579,40208,3,1
3,OrderStatus,1772001826.264376,4740,15,1
2,Payment,1772001826.264811,22118,17,1
1,NewOrder,1772001826.265149,25725,20,1
1,NewOrder,1772001826.265522,34314,12,1
5,StockLevel,1772001826.265552,16158,18,1
2,Payment,1772001826.265621,8908,2,1
2,Payment,1772001826.267110,6827,8,1
2,Payment,1772001826.268110,14102,22,1
2,Payment,1772001826.269126,22401,15,1
5,StockLevel,1772001826.269247,12881,14,1
2,Payment,1772001826.271274,11340,5,1
1,NewOrder,1772001826.271788,29422,0,1
4,Delivery,1772001826.273587,27238,21,1
2,Payment,1772001826.273966,10130,8,1
1,NewOrder,1772001826.274302,21173,1,1
4,Delivery,1772001826.274551,27748,2,1
3,OrderStatus,1772001826.274627,7911,7,1
1,NewOrder,1772001826.275539,16009,16,1
2,Payment,1772001826.275626,9868,19,1
2,Payment,1772001826.278362,9369,9,1
1,NewOrder,1772001826.279908,26904,4,1
1,NewOrder,1772001826.280265,21863,11,1
2,Payment,1772001826.281658,7038,23,1
2,Payment,1772001826.281733,10599,18,1
2,Payment,1772001826.282122,12381,13,1
1,NewOrder,1772001826.282141,30645,14,1
2,Payment,1772001826.282187,9402,10,1
2,Payment,1772001826.282223,16485,22,1
2,Payment,1772001826.282538,13333,6,1
4,Delivery,1772001826.282564,13441,7,1
1,NewOrder,1772001826.282629,18541,5,1
2,Payment,1772001826.284111,17991,8,1
1,NewOrder,1772001826.285504,11608,19,1
2,Payment,1772001826.286955,12826,17,1
1,NewOrder,1772001826.287753,11612,9,1
2,Payment,1772001826.288713,13355,23,1
2,Payment,1772001826.290901,20356,20,1
2,Payment,1772001826.291544,15543,15,1
1,NewOrder,1772001826.291567,14889,16,1
1,NewOrder,1772001826.291602,25930,10,1
2,Payment,1772001826.292341,25315,18,1
2,Payment,1772001826.294517,7745,13,1
2,Payment,1772001826.295487,6235,1,1
2,Payment,1772001826.295880,11659,6,1
2,Payment,1772001826.296027,15993,7,1
3,OrderStatus,1772001826.297140,3972,19,1
2,Payment,1772001826.298716,25909,22,1
2,Payment,1772001826.299390,16059,9,1
2,Payment,1772001826.299807,10819,17,1
2,Payment,1772001826.299851,15449,12,1
1,NewOrder,1772001826.300849,16313,21,1
2,Payment,1772001826.301123,34068,19,1
2,Payment,1772001826.301179,4344,5,1
2,Payment,1772001826.301222,7069,0,1
2,Payment,1772001826.301747,15876,1,1
1,NewOrder,1772001826.301796,12629,3,1
1,NewOrder,1772001826.302080,13327,23,1
4,Delivery,1772001826.302116,22167,8,1
5,StockLevel,1772001826.302147,6876,11,1
1,NewOrder,1772001826.302272,15722,13,1
2,Payment,1772001826.302316,21872,2,1
2,Payment,1772001826.305534,28213,5,1
2,Payment,1772001826.306481,11904,16,1
1,NewOrder,1772001826.306841,10235,4,1
2,Payment,1772001826.307101,16063,15,1
1,NewOrder,1772001826.307556,16534,6,1
1,NewOrder,1772001826.308300,29758,0,1
1,NewOrder,1772001826.309038,15720,11,1
2,Payment,1772001826.310659,15408,17,1
1,NewOrder,1772001826.311271,13077,20,1
2,Payment,1772001826.312046,8975,7,1
2,Payment,1772001826.312806,17341,14,1
1,NewOrder,1772001826.314442,15826,3,1
1,NewOrder,1772001826.315315,12185,12,1
5,StockLevel,1772001826.315424,10763,23,1
5,StockLevel,1772001826.315475,10489,9,1
2,Payment,1772001826.317088,31894,4,1
2,Payment,1772001826.317188,38741,21,1
1,NewOrder,1772001826.317545,21727,10,1
2,Payment,1772001826.317649,27409,1,1
2,Payment,1772001826.317673,30035,18,1
2,Payment,1772001826.318010,23644,13,1
1,NewOrder,1772001826.318396,12482,16,1
5,StockLevel,1772001826.321046,10212,7,1
1,NewOrder,1772001826.323179,15694,15,1
2,Payment,1772001826.324105,5061,6,1
1,NewOrder,1772001826.324213,31779,2,1
1,NewOrder,1772001826.324308,36849,8,1
1,NewOrder,1772001826.324374,26851,20,1
1,NewOrder,1772001826.324639,31741,22,1
1,NewOrder,1772001826.324770,31627,11,1
1,NewOrder,1772001826.325975,12569,9,1
1,NewOrder,1772001826.326096,15957,17,1
1,NewOrder,1772001826.326200,12319,23,1
1,NewOrder,1772001826.327514,34156,12,1
3,OrderStatus,1772001826.329179,4369,6,1
1,NewOrder,1772001826.330163,24414,14,1
3,OrderStatus,1772001826.330278,3798,3,1
1,NewOrder,1772001826.330905,11490,16,1
2,Payment,1772001826.331280,7203,7,1
1,NewOrder,1772001826.333567,25654,6,1
5,StockLevel,1772001826.333759,25719,5,1
2,Payment,1772001826.334092,19894,3,1
5,StockLevel,1772001826.335214,26398,19,1
3,OrderStatus,1772001826.338074,6008,0,1
5,StockLevel,1772001826.338506,19648,7,1
1,NewOrder,1772001826.338533,9500,23,1
2,Payment,1772001826.338568,9619,9,1
2,Payment,1772001826.338884,4700,15,1
1,NewOrder,1772001826.339288,23753,10,1
1,NewOrder,1772001826.341678,20958,13,1
1,NewOrder,1772001826.342073,16468,17,1
2,Payment,1772001826.342412,4915,16,1
2,Payment,1772001826.343599,11555,15,1
2,Payment,1772001826.344096,14030,0,1
4,Delivery,1772001826.345079,16110,1,1
1,NewOrder,1772001826.347341,28130,16,1
2,Payment,1772001826.347730,13016,18,1
2,Payment,1772001826.348055,17424,23,1
1,NewOrder,1772001826.348203,18175,9,1
2,Payment,1772001826.349003,14695,4,1
2,Payment,1772001826.351243,18852,20,1
4,Delivery,1772001826.354009,7465,3,1
1,NewOrder,1772001826.354598,22641,14,1
2,Payment,1772001826.355167,6801,15,1
2,Payment,1772001826.355946,20081,21,1
2,Payment,1772001826.356010,4039,2,1
1,NewOrder,1772001826.356389,20228,22,1
2,Payment,1772001826.356410,5316,11,1
1,NewOrder,1772001826.358138,24279,0,1
4,Delivery,1772001826.358172,13699,7,1
1,NewOrder,1772001826.358564,34154,17,1
2,Payment,1772001826.359237,9040,6,1
2,Payment,1772001826.359490,11087,5,1
2,Payment,1772001826.360063,5903,2,1
1,NewOrder,1772001826.360760,10646,18,1
2,Payment,1772001826.361170,10584,8,1
2,Payment,1772001826.361203,14745,1,1
2,Payment,1772001826.361485,23007,3,1
2,Payment,1772001826.361622,23002,19,1
1,NewOrder,1772001826.361684,14679,12,1
4,Delivery,1772001826.361756,10547,11,1
2,Payment,1772001826.361980,6885,15,1
1,NewOrder,1772001826.362651,18467,13,1
2,Payment,1772001826.363053,12930,10,1
2,Payment,1772001826.363716,32714,4,1
1,NewOrder,1772001826.365494,16892,23,1
2,Payment,1772001826.365981,36446,2,1
1,NewOrder,1772001826.366389,19838,9,1
2,Payment,1772001826.368294,15685,6,1
1,NewOrder,1772001826.368886,34884,15,1
2,Payment,1772001826.370108,26801,20,1
1,NewOrder,1772001826.370593,17710,5,1
2,Payment,1772001826.371423,29587,18,1
2,Payment,1772001826.371784,26725,8,1
4,Delivery,1772001826.371883,10085,7,1
1,NewOrder,1772001826.372319,13573,11,1
2,Payment,1772001826.375486,10777,16,1
2,Payment,1772001826.375972,31550,1,1
1,NewOrder,1772001826.375993,20180,10,1
2,Payment,1772001826.376039,32008,21,1
1,NewOrder,1772001826.376374,30704,12,1
3,OrderStatus,1772001826.376629,10180,22,1
1,NewOrder,1772001826.377265,24474,14,1
2,Payment,1772001826.381135,9742,13,1
1,NewOrder,1772001826.381984,11176,7,1
1,NewOrder,1772001826.382402,8800,23,1
1,NewOrder,1772001826.382437,23294,0,1
2,Payment,1772001826.384003,20732,6,1
5,StockLevel,1772001826.384504,24138,3,1
1,NewOrder,1772001826.384630,30301,19,1
1,NewOrder,1772001826.385905,7277,11,1
1,NewOrder,1772001826.386237,10636,9,1
1,NewOrder,1772001826.386284,24797,16,1
1,NewOrder,1772001826.386820,34220,22,1
1,NewOrder,1772001826.388316,5450,5,1
2,Payment,1772001826.390899,10556,13,1
1,NewOrder,1772001826.391220,18267,23,1
2,Payment,1772001826.392733,16389,17,1
2,Payment,1772001826.393172,19633,7,1
4,Delivery,1772001826.393193,36430,11,1
4,Delivery,1772001826.393778,29273,5,1
2,Payment,1772001826.396195,23115,10,1
2,Payment,1772001826.396442,14016,4,1
2,Payment,1772001826.396892,25221,9,1
1,NewOrder,1772001826.396923,29234,20,1
1,NewOrder,1772001826.398534,13365,8,1
1,NewOrder,1772001826.401588,22736,18,1
4,Delivery,1772001826.401622,28525,13,1
4,Delivery,1772001826.401775,28836,14,1
2,Payment,1772001826.402453,10958,2,1
2,Payment,1772001826.403790,11598,15,1
2,Payment,1772001826.404764,21029,6,1
2,Payment,1772001826.405746,10759,0,1
2,Payment,1772001826.407115,18251,12,1
2,Payment,1772001826.407543,13143,1,1
2,Payment,1772001826.408075,7409,21,1
1,NewOrder,1772001826.408686,23199,3,1
1,NewOrder,1772001826.409152,21307,17,1
5,StockLevel,1772001826.409513,21557,23,1
3,OrderStatus,1772001826.410477,1879,4,1
2,Payment,1772001826.411098,20106,16,1
1,NewOrder,1772001826.411919,16381,8,1
1,NewOrder,1772001826.412370,19552,4,1
2,Payment,1772001826.412825,21667,7,1
1,NewOrder,1772001826.413430,22278,2,1
1,NewOrder,1772001826.414950,24190,19,1
1,NewOrder,1772001826.415411,19572,15,1
2,Payment,1772001826.415494,11977,21,1
4,Delivery,1772001826.416522,8281,0,1
2,Payment,1772001826.419325,23528,10,1
2,Payment,1772001826.420703,6863,1,1
1,NewOrder,1772001826.421056,39421,22,1
1,NewOrder,1772001826.422140,6514,9,1
2,Payment,1772001826.423065,13184,5,1
2,Payment,1772001826.424349,11986,18,1
2,Payment,1772001826.424820,18392,0,1
2,Payment,1772001826.425384,14634,12,1
2,Payment,1772001826.425806,24695,6,1
2,Payment,1772001826.426178,14589,20,1
2,Payment,1772001826.427492,17454,21,1
1,NewOrder,1772001826.427590,21849,1,1
1,NewOrder,1772001826.428316,7045,8,1
3,OrderStatus,1772001826.428667,2168,9,1
2,Payment,1772001826.429646,29793,11,1
1,NewOrder,1772001826.430167,17921,13,1
3,OrderStatus,1772001826.430478,3330,17,1
1,NewOrder,1772001826.430627,11065,14,1
1,NewOrder,1772001826.430856,9497,9,1
2,Payment,1772001826.431100,17664,23,1
2,Payment,1772001826.431216,14302,16,1
1,NewOrder,1772001826.431895,14356,3,1
1,NewOrder,1772001826.431941,14222,4,1
1,NewOrder,1772001826.433820,26606,17,1
1,NewOrder,1772001826.434509,45768,7,1
1,NewOrder,1772001826.435001,18635,15,1
4,Delivery,1772001826.435373,39544,8,1
4,Delivery,1772001826.435720,19397,2,1
1,NewOrder,1772001826.436263,33204,5,1
1,NewOrder,1772001826.436349,18576,18,1
2,Payment,1772001826.439156,12855,19,1
1,NewOrder,1772001826.440038,33498,12,1
2,Payment,1772001826.440370,26462,9,1
5,StockLevel,1772001826.440777,11539,20,1
1,NewOrder,1772001826.441708,10886,14,1
2,Payment,1772001826.442871,28117,10,1
1,NewOrder,1772001826.443227,25775,0,1
2,Payment,1772001826.444963,9367,21,1
2,Payment,1772001826.445543,7097,16,1
2,Payment,1772001826.446186,6388,4,1
1,NewOrder,1772001826.446266,30511,3,1
2,Payment,1772001826.448100,12759,13,1
1,NewOrder,1772001826.448780,12025,23,1
1,NewOrder,1772001826.449463,24484,1,1
2,Payment,1772001826.450522,26640,6,1
2,Payment,1772001826.452028,4770,19,1
3,OrderStatus,1772001826.452330,1873,20,1
1,NewOrder,1772001826.452588,10941,4,1
2,Payment,1772001826.452605,16349,14,1
2,Payment,1772001826.452661,22972,16,1
2,Payment,1772001826.453653,27465,15,1
2,Payment,1772001826.454217,4498,20,1
3,OrderStatus,1772001826.454339,3022,21,1
2,Payment,1772001826.454937,5825,18,1
1,NewOrder,1772001826.455138,6405,2,1
2,Payment,1772001826.456822,5796,19,1
2,Payment,1772001826.457379,7420,21,1
2,Payment,1772001826.458735,8653,20,1
2,Payment,1772001826.459462,27633,11,1
1,NewOrder,1772001826.460439,30487,17,1
5,StockLevel,1772001826.460491,20438,22,1
2,Payment,1772001826.460777,9874,18,1
1,NewOrder,1772001826.460829,37856,23,1
1,NewOrder,1772001826.460870,21045,13,1
1,NewOrder,1772001826.461554,13395,2,1
1,NewOrder,1772001826.462637,19691,19,1
2,Payment,1772001826.463552,5006,4,1
1,NewOrder,1772001826.464810,12308,21,1
1,NewOrder,1772001826.466849,18336,9,1
2,Payment,1772001826.467408,7513,20,1
3,OrderStatus,1772001826.468576,5303,4,1
3,OrderStatus,1772001826.468965,9798,14,1
1,NewOrder,1772001826.469015,19344,0,1
1,NewOrder,1772001826.469486,15127,5,1
2,Payment,1772001826.470668,7520,18,1
1,NewOrder,1772001826.471009,23434,10,1
2,Payment,1772001826.473552,14047,12,1
2,Payment,1772001826.473896,6754,4,1
1,NewOrder,1772001826.473978,34864,1,1
2,Payment,1772001826.474937,7510,20,1
2,Payment,1772001826.474942,18846,8,1
2,Payment,1772001826.474964,19009,2,1
1,NewOrder,1772001826.475650,14480,16,1
2,Payment,1772001826.476790,24438,3,1
2,Payment,1772001826.477131,15164,21,1
1,NewOrder,1772001826.477175,26067,6,1
2,Payment,1772001826.478203,20851,18,1
5,StockLevel,1772001826.478774,10125,14,1
2,Payment,1772001826.480299,16636,7,1
1,NewOrder,1772001826.480661,32951,4,1
1,NewOrder,1772001826.480948,26995,22,1
1,NewOrder,1772001826.481135,13855,15,1
1,NewOrder,1772001826.481929,35013,13,1
1,NewOrder,1772001826.482341,35479,19,1
2,Payment,1772001826.482459,19315,20,1
1,NewOrder,1772001826.484639,11343,5,1
1,NewOrder,1772001826.485196,22339,9,1
2,Payment,1772001826.487112,11905,11,1
3,OrderStatus,1772001826.487621,5074,12,1
2,Payment,1772001826.488375,19596,0,1
1,NewOrder,1772001826.488913,6724,14,1
2,Payment,1772001826.490147,4241,16,1
2,Payment,1772001826.490936,10879,17,1
1,NewOrder,1772001826.492308,32801,21,1
1,NewOrder,1772001826.492724,29363,12,1
3,OrderStatus,1772001826.493815,8624,8,1
5,StockLevel,1772001826.493999,24997,2,1
3,OrderStatus,1772001826.494399,11305,16,1
3,OrderStatus,1772001826.494457,10200,10,1
2,Payment,1772001826.495016,10145,15,1
2,Payment,1772001826.495652,12277,14,1
4,Delivery,1772001826.495994,24794,5,1
1,NewOrder,1772001826.496957,7202,7,1
2,Payment,1772001826.498704,13466,23,1
1,NewOrder,1772001826.499029,13635,11,1
2,Payment,1772001826.499077,4503,18,1
2,Payment,1772001826.501240,12901,3,1
2,Payment,1772001826.501790,13441,20,1
2,Payment,1772001826.501837,12488,17,1
1,NewOrder,1772001826.502452,17813,8,1
2,Payment,1772001826.503265,8001,6,1
2,Payment,1772001826.503597,14701,18,1
1,NewOrder,1772001826.504173,8417,7,1
1,NewOrder,1772001826.504682,17841,10,1
2,Payment,1772001826.505178,15054,15,1
2,Payment,1772001826.505721,19002,16,1
2,Payment,1772001826.507548,8455,9,1
1,NewOrder,1772001826.507960,10298,14,1
2,Payment,1772001826.507965,17208,22,1
1,NewOrder,1772001826.507985,20873,0,1
1,NewOrder,1772001826.508855,12396,1,1
1,NewOrder,1772001826.511291,23168,6,1
4,Delivery,1772001826.512186,52550,23,1
2,Payment,1772001826.512612,6465,7,1
2,Payment,1772001826.512686,9580,11,1
2,Payment,1772001826.513631,8264,4,1
2,Payment,1772001826.514154,13354,3,1
1,NewOrder,1772001826.514350,19015,17,1
2,Payment,1772001826.515246,13482,20,1
2,Payment,1772001826.516017,11602,9,1
1,NewOrder,1772001826.516958,10199,13,1
2,Payment,1772001826.517851,16306,19,1
2,Payment,1772001826.518270,10065,14,1
1,NewOrder,1772001826.518323,17476,18,1
2,Payment,1772001826.519021,12345,2,1
1,NewOrder,1772001826.519092,27872,7,1
2,Payment,1772001826.520245,15524,15,1
2,Payment,1772001826.520286,11770,8,1
2,Payment,1772001826.520814,26218,5,1
1,NewOrder,1772001826.521277,16841,1,1
1,NewOrder,1772001826.521910,15846,4,1
1,NewOrder,1772001826.522100,15024,12,1
2,Payment,1772001826.522292,13106,11,1
2,Payment,1772001826.522534,15619,10,1
1,NewOrder,1772001826.524741,21533,16,1
4,Delivery,1772001826.525120,40098,21,1
1,NewOrder,1772001826.525187,26918,22,1
2,Payment,1772001826.527172,16406,13,1
1,NewOrder,1772001826.527521,16011,3,1
4,Delivery,1772001826.527629,22384,9,1
2,Payment,1772001826.528347,18644,14,1
1,NewOrder,1772001826.528746,16942,20,1
2,Payment,1772001826.528899,10826,0,1
2,Payment,1772001826.531391,20842,2,1
1,NewOrder,1772001826.532067,20093,8,1
2,Payment,1772001826.533392,20385,17,1
2,Payment,1772001826.534171,9022,19,1
1,NewOrder,1772001826.534475,28854,6,1
2,Payment,1772001826.535422,5327,11,1
2,Payment,1772001826.535781,25988,15,1
1,NewOrder,1772001826.535824,11875,18,1
2,Payment,1772001826.537139,29491,12,1
2,Payment,1772001826.537771,21915,4,1
1,NewOrder,1772001826.538132,14056,1,1
1,NewOrder,1772001826.538168,8782,10,1
2,Payment,1772001826.539743,27276,0,1
2,Payment,1772001826.540825,3347,11,1
3,OrderStatus,1772001826.543232,7030,19,1
2,Payment,1772001826.543544,29252,3,1
2,Payment,1772001826.543614,29561,13,1
2,Payment,1772001826.544205,3803,11,1
2,Payment,1772001826.545713,2515,20,1
2,Payment,1772001826.546291,33199,16,1
1,NewOrder,1772001826.546978,17376,10,1
1,NewOrder,1772001826.546979,13043,7,1
2,Payment,1772001826.547014,40353,14,1
2,Payment,1772001826.547056,41346,5,1
2,Payment,1772001826.547714,3586,18,1
2,Payment,1772001826.548027,3646,11,1
5,StockLevel,1772001826.548240,6936,20,1
1,NewOrder,1772001826.550038,19526,9,1
1,NewOrder,1772001826.550298,11058,19,1
1,NewOrder,1772001826.551317,9365,18,1
2,Payment,1772001826.551698,4169,11,1
1,NewOrder,1772001826.552124,16879,22,1
4,Delivery,1772001826.552171,22276,8,1
2,Payment,1772001826.552214,42024,1,1
5,StockLevel,1772001826.552244,20232,2,1
2,Payment,1772001826.553792,39312,17,1
5,StockLevel,1772001826.555189,4591,20,1
1,NewOrder,1772001826.555881,21692,11,1
1,NewOrder,1772001826.559699,15479,4,1
2,Payment,1772001826.559795,2434,20,1
1,NewOrder,1772001826.560042,29760,7,1
5,StockLevel,1772001826.560708,12951,18,1
1,NewOrder,1772001826.561374,13491,19,1
2,Payment,1772001826.561795,41656,15,1
1,NewOrder,1772001826.562246,17586,20,1
2,Payment,1772001826.563346,3773,6,1
1,NewOrder,1772001826.564370,18410,10,1
2,Payment,1772001826.564745,6370,23,1
1,NewOrder,1772001826.565238,16222,21,1
1,NewOrder,1772001826.566656,18146,12,1
3,OrderStatus,1772001826.567033,4619,0,1
2,Payment,1772001826.567135,4653,6,1
2,Payment,1772001826.569020,10545,22,1
1,NewOrder,1772001826.569580,22130,9,1
1,NewOrder,1772001826.571126,9916,23,1
2,Payment,1772001826.571676,26145,0,1
1,NewOrder,1772001826.571802,11451,6,1
2,Payment,1772001826.572489,6478,2,1
1,NewOrder,1772001826.572820,12366,3,1
1,NewOrder,1772001826.573199,12969,13,1
4,Delivery,1772001826.573681,12400,18,1
2,Payment,1772001826.574460,6249,8,1
1,NewOrder,1772001826.574875,29340,19,1
1,NewOrder,1772001826.575187,23360,4,1
2,Payment,1772001826.577586,8399,11,1
2,Payment,1772001826.578976,24964,2,1
2,Payment,1772001826.579505,31120,16,1
1,NewOrder,1772001826.579595,21161,22,1
2,Payment,1772001826.579846,9445,20,1
1,NewOrder,1772001826.580719,25247,8,1
2,Payment,1772001826.581066,16718,23,1
3,OrderStatus,1772001826.581484,7860,21,1
3,OrderStatus,1772001826.582801,3974,10,1
2,Payment,1772001826.583273,4452,6,1
4,Delivery,1772001826.584826,8995,12,1
1,NewOrder,1772001826.585201,11851,3,1
2,Payment,1772001826.585999,4729,11,1
1,NewOrder,1772001826.586107,13878,18,1
2,Payment,1772001826.586192,11728,13,1
1,NewOrder,1772001826.586799,18389,10,1
1,NewOrder,1772001826.587382,16386,14,1
1,NewOrder,1772001826.587740,13889,6,1
2,Payment,1772001826.588412,23368,5,1
2,Payment,1772001826.589333,15159,20,1
1,NewOrder,1772001826.589367,16914,21,1
1,NewOrder,1772001826.589814,22809,7,1
1,NewOrder,1772001826.590741,14881,11,1
2,Payment,1772001826.591726,6127,9,1
1,NewOrder,1772001826.593130,14880,17,1
2,Payment,1772001826.593845,25094,12,1
2,Payment,1772001826.594261,25448,1,1
3,OrderStatus,1772001826.597076,3914,3,1
1,NewOrder,1772001826.597809,27743,23,1
1,NewOrder,1772001826.597834,29840,0,1
1,NewOrder,1772001826.597877,21768,9,1
1,NewOrder,1772001826.597940,21131,13,1
2,Payment,1772001826.598563,29091,4,1
2,Payment,1772001826.600002,12688,18,1
1,NewOrder,1772001826.600767,11913,22,1
1,NewOrder,1772001826.601013,27137,3,1
1,NewOrder,1772001826.601657,11871,6,1
2,Payment,1772001826.603472,29647,15,1
2,Payment,1772001826.603780,22832,14,1
1,NewOrder,1772001826.603957,24561,2,1
1,NewOrder,1772001826.604225,8442,19,1
1,NewOrder,1772001826.604518,24825,20,1
2,Payment,1772001826.605197,3151,10,1
2,Payment,1772001826.605640,11017,11,1
1,NewOrder,1772001826.605984,20971,8,1
1,NewOrder,1772001826.606294,56600,21,1
2,Payment,1772001826.608023,33932,17,1
1,NewOrder,1772001826.608358,9734,10,1
2,Payment,1772001826.610648,39659,16,1
1,NewOrder,1772001826.611809,27475,5,1
2,Payment,1772001826.612639,7426,7,1
1,NewOrder,1772001826.612691,6560,19,1
3,OrderStatus,1772001826.612704,1555,22,1
2,Payment,1772001826.612711,10172,18,1
2,Payment,1772001826.613547,15314,6,1
2,Payment,1772001826.614274,12717,22,1
2,Payment,1772001826.616679,15736,11,1
1,NewOrder,1772001826.618117,17646,10,1
1,NewOrder,1772001826.618959,50177,12,1
2,Payment,1772001826.619088,35024,13,1
1,NewOrder,1772001826.619273,31368,19,1
1,NewOrder,1772001826.619658,16971,9,1
1,NewOrder,1772001826.619725,39370,1,1
2,Payment,1772001826.620078,15790,7,1
2,Payment,1772001826.622906,12010,18,1
2,Payment,1772001826.625594,16868,23,1
2,Payment,1772001826.626635,31782,14,1
1,NewOrder,1772001826.626975,46509,8,1
1,NewOrder,1772001826.627009,29876,22,1
1,NewOrder,1772001826.627677,33847,4,1
3,OrderStatus,1772001826.627698,1042,0,1
1,NewOrder,1772001826.628165,7144,3,1
1,NewOrder,1772001826.628532,7263,2,1
2,Payment,1772001826.628760,4382,0,1
1,NewOrder,1772001826.628883,13458,6,1
2,Payment,1772001826.629355,23210,20,1
1,NewOrder,1772001826.632429,11698,11,1
2,Payment,1772001826.633158,9337,0,1
1,NewOrder,1772001826.633400,32114,15,1
1,NewOrder,1772001826.634940,25540,18,1
1,NewOrder,1772001826.635335,7505,3,1
1,NewOrder,1772001826.635796,14122,10,1
1,NewOrder,1772001826.635829,6655,2,1
2,Payment,1772001826.635881,4664,7,1
1,NewOrder,1772001826.636653,32452,9,1
1,NewOrder,1772001826.639302,38679,5,1
2,Payment,1772001826.640573,2673,7,1
1,NewOrder,1772001826.641967,33000,17,1
5,StockLevel,1772001826.642366,25504,6,1
1,NewOrder,1772001826.642490,39821,23,1
2,Payment,1772001826.642498,10437,2,1
2,Payment,1772001826.642520,17069,0,1
1,NewOrder,1772001826.642852,6662,3,1
1,NewOrder,1772001826.643255,15202,7,1
1,NewOrder,1772001826.644141,22812,11,1
1,NewOrder,1772001826.649532,6931,3,1
1,NewOrder,1772001826.649931,26784,10,1
1,NewOrder,1772001826.650323,11654,16,1
2,Payment,1772001826.650649,7283,19,1
2,Payment,1772001826.652580,11356,20,1
1,NewOrder,1772001826.652956,35220,2,1
1,NewOrder,1772001826.654128,18976,13,1
1,NewOrder,1772001826.656557,8503,3,1
3,OrderStatus,1772001826.656908,4745,22,1
2,Payment,1772001826.657943,11846,19,1
2,Payment,1772001826.658446,4885,14,1
2,Payment,1772001826.658481,5872,7,1
5,StockLevel,1772001826.659105,19679,1,1
2,Payment,1772001826.659604,8374,0,1
1,NewOrder,1772001826.660502,20780,18,1
1,NewOrder,1772001826.661547,22584,4,1
1,NewOrder,1772001826.661672,31789,22,1
1,NewOrder,1772001826.661990,27112,16,1
1,NewOrder,1772001826.662906,32737,21,1
1,NewOrder,1772001826.663346,27634,14,1
2,Payment,1772001826.663964,11822,20,1
2,Payment,1772001826.664367,6329,7,1
2,Payment,1772001826.665070,5149,3,1
2,Payment,1772001826.665524,5271,15,1
2,Payment,1772001826.666962,10075,11,1
1,NewOrder,1772001826.667877,25563,6,1
3,OrderStatus,1772001826.667992,3369,0,1
1,NewOrder,1772001826.669115,27306,9,1
2,Payment,1772001826.669145,17618,12,1
1,NewOrder,1772001826.669803,38717,19,1
1,NewOrder,1772001826.670227,22881,3,1
2,Payment,1772001826.670707,11219,7,1
1,NewOrder,1772001826.670803,24414,15,1
1,NewOrder,1772001826.671374,24687,0,1
1,NewOrder,1772001826.673116,30644,13,1
2,Payment,1772001826.673495,15032,8,1
1,NewOrder,1772001826.674985,16805,17,1
2,Payment,1772001826.675796,7968,20,1
2,Payment,1772001826.676726,26712,10,1
1,NewOrder,1772001826.677050,37700,11,1
2,Payment,1772001826.678001,7813,5,1
1,NewOrder,1772001826.678796,19252,1,1
1,NewOrder,1772001826.681306,17948,18,1
2,Payment,1772001826.681940,13783,7,1
1,NewOrder,1772001826.682321,44148,23,1
4,Delivery,1772001826.683786,32890,20,1
2,Payment,1772001826.684151,11536,4,1
1,NewOrder,1772001826.685827,16157,5,1
1,NewOrder,1772001826.686777,22298,12,1
2,Payment,1772001826.688189,10569,2,1
2,Payment,1772001826.688538,24836,8,1
1,NewOrder,1772001826.689127,22406,16,1
2,Payment,1772001826.690995,8226,14,1
5,StockLevel,1772001826.691811,6903,17,1
3,OrderStatus,1772001826.693122,5908,3,1
2,Payment,1772001826.693464,26226,6,1
1,NewOrder,1772001826.693474,18578,22,1
1,NewOrder,1772001826.695227,20578,15,1
1,NewOrder,1772001826.695668,30272,21,1
2,Payment,1772001826.695701,9937,4,1
1,NewOrder,1772001826.695735,24708,7,1
2,Payment,1772001826.696085,13722,0,1
1,NewOrder,1772001826.696442,26034,9,1
1,NewOrder,1772001826.698062,11752,1,1
1,NewOrder,1772001826.698733,11018,17,1
1,NewOrder,1772001826.698772,14279,2,1
2,Payment,1772001826.699041,31675,3,1
4,Delivery,1772001826.699236,18078,14,1
1,NewOrder,1772001826.699278,15030,18,1
2,Payment,1772001826.701995,21531,5,1
2,Payment,1772001826.703462,23754,10,1
1,NewOrder,1772001826.703771,17436,13,1
5,StockLevel,1772001826.705656,7054,4,1
1,NewOrder,1772001826.708534,18257,19,1
2,Payment,1772001826.709091,8275,12,1
1,NewOrder,1772001826.709771,19594,17,1
2,Payment,1772001826.709827,27480,1,1
1,NewOrder,1772001826.709831,15642,0,1
2,Payment,1772001826.711558,22685,16,1
1,NewOrder,1772001826.712077,13756,22,1
2,Payment,1772001826.712733,29434,4,1
1,NewOrder,1772001826.713075,9971,2,1
2,Payment,1772001826.713386,21330,8,1
2,Payment,1772001826.714324,3837,18,1
5,StockLevel,1772001826.714773,18813,11,1
1,NewOrder,1772001826.715826,13900,15,1
2,Payment,1772001826.716705,11940,20,1
1,NewOrder,1772001826.717345,16922,14,1
5,StockLevel,1772001826.717378,25847,12,1
1,NewOrder,1772001826.718185,15557,18,1
2,Payment,1772001826.719701,19093,6,1
3,OrderStatus,1772001826.720465,7122,7,1
1,NewOrder,1772001826.721232,15476,13,1
2,Payment,1772001826.722499,20775,9,1
2,Payment,1772001826.723070,33985,2,1
2,Payment,1772001826.723537,26710,5,1
1,NewOrder,1772001826.725497,5723,0,1
1,NewOrder,1772001826.725857,6379,22,1
2,Payment,1772001826.725950,10763,21,1
2,Payment,1772001826.726486,15255,23,1
2,Payment,1772001826.726807,19089,19,1
2,Payment,1772001826.727234,19949,10,1
1,NewOrder,1772001826.727597,20342,7,1
1,NewOrder,1772001826.728670,17667,20,1
1,NewOrder,1772001826.729394,21948,17,1
3,OrderStatus,1772001826.729737,1053,15,1
1,NewOrder,1772001826.730731,12292,3,1
2,Payment,1772001826.730804,6531,15,1
1,NewOrder,1772001826.731242,4793,0,1
2,Payment,1772001826.732260,17078,22,1
2,Payment,1772001826.733624,17266,11,1
2,Payment,1772001826.733755,19183,18,1
2,Payment,1772001826.734268,4925,16,1
1,NewOrder,1772001826.734278,21277,14,1
1,NewOrder,1772001826.734731,25402,8,1
1,NewOrder,1772001826.736056,17405,0,1
1,NewOrder,1772001826.736719,11190,13,1
2,Payment,1772001826.736737,24684,21,1
2,Payment,1772001826.737352,27903,1,1
2,Payment,1772001826.737355,4729,15,1
2,Payment,1772001826.738805,15928,6,1
2,Payment,1772001826.739200,10998,16,1
1,NewOrder,1772001826.741765,16270,23,1
1,NewOrder,1772001826.742114,20109,15,1
1,NewOrder,1772001826.742188,40777,4,1
1,NewOrder,1772001826.743034,23090,3,1
1,NewOrder,1772001826.743240,29085,12,1
2,Payment,1772001826.743291,16484,9,1
2,Payment,1772001826.745908,23504,19,1
1,NewOrder,1772001826.746359,17752,20,1
1,NewOrder,1772001826.747207,26045,10,1
5,StockLevel,1772001826.747920,11136,13,1
2,Payment,1772001826.747951,21019,7,1
2,Payment,1772001826.749358,23992,22,1
2,Payment,1772001826.750281,22372,5,1
1,NewOrder,1772001826.750346,22696,16,1
1,NewOrder,1772001826.750940,26534,11,1
1,NewOrder,1772001826.751355,24860,17,1
1,NewOrder,1772001826.753010,22093,18,1
5,StockLevel,1772001826.753569,13012,0,1
1,NewOrder,1772001826.754747,19619,6,1
1,NewOrder,1772001826.755568,22311,14,1
2,Payment,1772001826.757080,25455,2,1
5,StockLevel,1772001826.758058,13155,23,1
1,NewOrder,1772001826.759083,13718,13,1
4,Delivery,1772001826.759797,45508,9,1
5,StockLevel,1772001826.760164,14500,8,1
1,NewOrder,1772001826.761437,43008,21,1
1,NewOrder,1772001826.762239,26471,15,1
1,NewOrder,1772001826.764126,14667,20,1
2,Payment,1772001826.765267,26758,1,1
3,OrderStatus,1772001826.766146,3127,3,1
1,NewOrder,1772001826.766604,37926,0,1
2,Payment,1772001826.768981,11526,7,1
1,NewOrder,1772001826.769288,32141,3,1
1,NewOrder,1772001826.769425,27383,19,1
1,NewOrder,1772001826.771234,11719,23,1
2,Payment,1772001826.772347,4582,12,1
2,Payment,1772001826.772662,27389,5,1
1,NewOrder,1772001826.772813,31764,13,1
2,Payment,1772001826.773057,9690,16,1
2,Payment,1772001826.773263,16501,10,1
1,NewOrder,1772001826.773360,18132,22,1
2,Payment,1772001826.774388,22747,6,1
1,NewOrder,1772001826.774687,8226,8,1
1,NewOrder,1772001826.775114,12116,18,1
2,Payment,1772001826.776228,15696,17,1
2,Payment,1772001826.776938,21216,12,1
1,NewOrder,1772001826.777495,5776,11,1
2,Payment,1772001826.777902,26742,14,1
2,Payment,1772001826.778805,2482,20,1
3,OrderStatus,1772001826.780517,12539,7,1
1,NewOrder,1772001826.781296,5327,20,1
1,NewOrder,1772001826.782550,23069,2,1
4,Delivery,1772001826.782762,29568,16,1
2,Payment,1772001826.782931,10527,8,1
4,Delivery,1772001826.782979,32204,4,1
1,NewOrder,1772001826.782979,24932,23,1
1,NewOrder,1772001826.783287,8777,11,1
1,NewOrder,1772001826.786645,7722,20,1
1,NewOrder,1772001826.787242,26666,18,1
2,Payment,1772001826.788727,25947,15,1
2,Payment,1772001826.789787,13346,10,1
5,StockLevel,1772001826.791515,13489,22,1
2,Payment,1772001826.791949,27996,17,1
2,Payment,1772001826.792042,13427,1,1
1,NewOrder,1772001826.792076,12521,11,1
2,Payment,1772001826.793079,19222,7,1
1,NewOrder,1772001826.793470,19774,8,1
2,Payment,1772001826.794390,2673,20,1
2,Payment,1772001826.796831,7673,19,1
5,StockLevel,1772001826.797077,5554,20,1
2,Payment,1772001826.797156,17650,6,1
2,Payment,1772001826.798166,27476,12,1
2,Payment,1772001826.800075,13122,5,1
2,Payment,1772001826.801451,17891,3,1
1,NewOrder,1772001826.802644,19384,20,1
2,Payment,1772001826.803169,16257,10,1
2,Payment,1772001826.804468,18266,21,1
2,Payment,1772001826.804525,12471,19,1
1,NewOrder,1772001826.804541,29222,0,1
2,Payment,1772001826.804599,30157,13,1
1,NewOrder,1772001826.804609,22618,11,1
1,NewOrder,1772001826.804654,21065,14,1
1,NewOrder,1772001826.805016,6026,22,1
2,Payment,1772001826.805338,19544,9,1
1,NewOrder,1772001826.805479,14559,1,1
1,NewOrder,1772001826.805629,17125,2,1
2,Payment,1772001826.807924,17716,23,1
5,StockLevel,1772001826.811052,1396,22,1
2,Payment,1772001826.812315,20935,7,1
1,NewOrder,1772001826.812354,27019,16,1
2,Payment,1772001826.812455,17961,22,1
2,Payment,1772001826.813204,12488,5,1
2,Payment,1772001826.813267,28436,8,1
1,NewOrder,1772001826.813913,15862,18,1
1,NewOrder,1772001826.814685,14117,15,1
2,Payment,1772001826.814830,31521,6,1
2,Payment,1772001826.815204,15280,4,1
1,NewOrder,1772001826.817006,22811,19,1
3,OrderStatus,1772001826.819365,2185,3,1
1,NewOrder,1772001826.819450,10254,10,1
2,Payment,1772001826.819960,21891,17,1
2,Payment,1772001826.820046,16914,1,1
1,NewOrder,1772001826.821564,17779,3,1
1,NewOrder,1772001826.822051,14014,20,1
1,NewOrder,1772001826.822757,13875,21,1
1,NewOrder,1772001826.822774,16526,2,1
3,OrderStatus,1772001826.824903,6663,9,1
1,NewOrder,1772001826.825652,25190,12,1
1,NewOrder,1772001826.825664,12780,23,1
2,Payment,1772001826.825706,18980,5,1
1,NewOrder,1772001826.825731,23047,14,1
4,Delivery,1772001826.827240,20354,11,1
1,NewOrder,1772001826.828820,23963,15,1
2,Payment,1772001826.829722,22446,10,1
1,NewOrder,1772001826.829796,11326,18,1
3,OrderStatus,1772001826.830426,2349,22,1
1,NewOrder,1772001826.830506,14721,4,1
2,Payment,1772001826.831578,26377,9,1
2,Payment,1772001826.832783,6612,22,1
2,Payment,1772001826.833273,29837,7,1
2,Payment,1772001826.833769,15840,0,1
1,NewOrder,1772001826.834779,28667,13,1
2,Payment,1772001826.836078,10739,20,1
2,Payment,1772001826.836654,14538,21,1
1,NewOrder,1772001826.836980,16703,1,1
1,NewOrder,1772001826.838469,7467,23,1
2,Payment,1772001826.839323,18068,2,1
2,Payment,1772001826.839361,13850,3,1
2,Payment,1772001826.839396,6997,16,1
2,Payment,1772001826.839406,16915,22,1
2,Payment,1772001826.839830,22695,19,1
3,OrderStatus,1772001826.841130,1594,18,1
2,Payment,1772001826.841718,27728,8,1
4,Delivery,1772001826.841862,37406,17,1
1,NewOrder,1772001826.842732,22673,18,1
2,Payment,1772001826.844709,15736,5,1
1,NewOrder,1772001826.845240,13875,4,1
1,NewOrder,1772001826.845950,20193,23,1
4,Delivery,1772001826.846375,1768,6,1
1,NewOrder,1772001826.846403,24310,16,1
1,NewOrder,1772001826.846839,27453,20,1
1,NewOrder,1772001826.847612,15568,11,1
2,Payment,1772001826.848156,26644,6,1
2,Payment,1772001826.848797,5424,14,1
2,Payment,1772001826.849623,14200,0,1
1,NewOrder,1772001826.850851,22510,12,1
1,NewOrder,1772001826.851208,25412,21,1
1,NewOrder,1772001826.852182,31209,10,1
2,Payment,1772001826.852798,6686,15,1
1,NewOrder,1772001826.853219,17893,3,1
2,Payment,1772001826.853692,15139,1,1
1,NewOrder,1772001826.854240,20446,14,1
1,NewOrder,1772001826.856337,28854,22,1
2,Payment,1772001826.857415,18494,2,1
2,Payment,1772001826.857971,24409,9,1
4,Delivery,1772001826.859125,21459,4,1
1,NewOrder,1772001826.859508,10713,15,1
1,NewOrder,1772001826.860457,18489,5,1
1,NewOrder,1772001826.862538,32509,19,1
2,Payment,1772001826.863133,28866,7,1
2,Payment,1772001826.863196,22538,11,1
2,Payment,1772001826.863459,8884,13,1
4,Delivery,1772001826.863832,17530,0,1
1,NewOrder,1772001826.865416,24178,18,1
1,NewOrder,1772001826.866160,19906,23,1
1,NewOrder,1772001826.868845,20306,1,1
2,Payment,1772001826.869470,25209,8,1
1,NewOrder,1772001826.870231,9063,15,1
1,NewOrder,1772001826.870737,18845,16,1
1,NewOrder,1772001826.871135,20352,3,1
2,Payment,1772001826.872357,9478,13,1
2,Payment,1772001826.873376,12008,12,1
2,Payment,1772001826.874302,10952,20,1
2,Payment,1772001826.874709,18579,14,1
4,Delivery,1772001826.874825,9414,6,1
1,NewOrder,1772001826.875921,13691,2,1
2,Payment,1772001826.876643,21202,21,1
1,NewOrder,1772001826.878957,5854,5,1
2,Payment,1772001826.879288,20789,17,1
2,Payment,1772001826.879305,16564,15,1
2,Payment,1772001826.880597,2766,4,1
2,Payment,1772001826.881378,7208,0,1
2,Payment,1772001826.881843,24828,13,1
2,Payment,1772001826.882388,15415,9,1
1,NewOrder,1772001826.883375,22302,4,1
1,NewOrder,1772001826.883412,21897,10,1
2,Payment,1772001826.884249,17727,6,1
2,Payment,1772001826.884833,7973,5,1
1,NewOrder,1772001826.885201,21349,22,1
2,Payment,1772001826.885264,19653,20,1
1,NewOrder,1772001826.885400,8397,12,1
2,Payment,1772001826.885757,22241,11,1
2,Payment,1772001826.886079,32097,23,1
3,OrderStatus,1772001826.888608,912,0,1
4,Delivery,1772001826.889163,17005,1,1
1,NewOrder,1772001826.889530,4596,0,1
2,Payment,1772001826.889606,25511,16,1
5,StockLevel,1772001826.889618,16320,18,1
2,Payment,1772001826.889625,7839,2,1
2,Payment,1772001826.891503,9499,3,1
1,NewOrder,1772001826.892014,14874,7,1
1,NewOrder,1772001826.892817,21265,5,1
3,OrderStatus,1772001826.893311,4935,14,1
2,Payment,1772001826.893811,28808,12,1
2,Payment,1772001826.894701,18992,8,1
1,NewOrder,1772001826.895057,28475,19,1
1,NewOrder,1772001826.895893,25647,15,1
2,Payment,1772001826.897488,12286,2,1
1,NewOrder,1772001826.897820,27272,9,1
2,Payment,1772001826.897861,26835,21,1
4,Delivery,1772001826.898254,16612,14,1
5,StockLevel,1772001826.901998,17255,6,1
2,Payment,1772001826.905695,14339,4,1
1,NewOrder,1772001826.905949,9900,18,1
1,NewOrder,1772001826.906194,8553,1,1
1,NewOrder,1772001826.906566,10571,22,1
2,Payment,1772001826.906917,15833,7,1
2,Payment,1772001826.914098,8602,5,1
5,StockLevel,1772001826.914759,2432,1,1
1,NewOrder,1772001826.917146,8527,22,1
1,NewOrder,1772001826.917205,5727,1,1
2,Payment,1772001826.922940,2510,1,1
