Transaction Type Index,Transaction Name,Start Time (microseconds),Latency (microseconds),Worker Id (start number),Phase Id (index in config file)
2,Payment,1770907710.296897,108190,19,1
1,NewOrder,1770907710.296898,152565,11,1
2,Payment,1770907710.296902,99916,21,1
2,Payment,1770907710.296909,121995,5,1
2,Payment,1770907710.296923,133912,3,1
1,NewOrder,1770907710.296939,118171,0,1
2,Payment,1770907710.296950,112062,7,1
1,NewOrder,1770907710.296978,156688,6,1
1,NewOrder,1770907710.296992,179514,8,1
1,NewOrder,1770907710.297002,189651,9,1
2,Payment,1770907710.297020,114896,10,1
1,NewOrder,1770907710.297033,190277,1,1
3,OrderStatus,1770907710.297064,90653,2,1
2,Payment,1770907710.297070,99300,17,1
3,OrderStatus,1770907710.297086,84362,12,1
1,NewOrder,1770907710.297115,171928,14,1
1,NewOrder,1770907710.297136,153933,13,1
1,NewOrder,1770907710.297157,171510,15,1
3,OrderStatus,1770907710.297169,86291,16,1
1,NewOrder,1770907710.297200,168158,18,1
1,NewOrder,1770907710.297216,159249,23,1
1,NewOrder,1770907710.297236,176551,22,1
2,Payment,1770907710.297246,119937,4,1
2,Payment,1770907710.297256,91676,20,1
4,Delivery,1770907710.381713,19798,12,1
2,Payment,1770907710.383534,22759,16,1
4,Delivery,1770907710.387790,100809,2,1
4,Delivery,1770907710.389080,86694,20,1
1,NewOrder,1770907710.396430,110073,17,1
2,Payment,1770907710.396862,15728,21,1
1,NewOrder,1770907710.401546,67476,12,1
1,NewOrder,1770907710.405120,77505,19,1
2,Payment,1770907710.406339,14103,16,1
3,OrderStatus,1770907710.409078,24811,7,1
2,Payment,1770907710.411964,6700,10,1
1,NewOrder,1770907710.412610,94282,21,1
1,NewOrder,1770907710.415202,50535,0,1
1,NewOrder,1770907710.417242,100683,4,1
1,NewOrder,1770907710.418695,88145,10,1
3,OrderStatus,1770907710.418937,7089,5,1
1,NewOrder,1770907710.420475,74421,16,1
1,NewOrder,1770907710.426068,94335,5,1
1,NewOrder,1770907710.430904,15393,3,1
2,Payment,1770907710.433933,20372,7,1
1,NewOrder,1770907710.446335,36601,3,1
1,NewOrder,1770907710.449529,30477,11,1
1,NewOrder,1770907710.451113,37413,13,1
1,NewOrder,1770907710.453700,29185,6,1
1,NewOrder,1770907710.454359,98858,7,1
2,Payment,1770907710.456523,28375,23,1
5,StockLevel,1770907710.465422,29078,18,1
2,Payment,1770907710.465780,22270,0,1
1,NewOrder,1770907710.468732,30655,15,1
1,NewOrder,1770907710.469054,24852,12,1
1,NewOrder,1770907710.469110,44371,14,1
4,Delivery,1770907710.473854,8922,22,1
2,Payment,1770907710.475839,12637,20,1
2,Payment,1770907710.476601,33381,8,1
2,Payment,1770907710.480049,34432,11,1
2,Payment,1770907710.482665,15033,19,1
1,NewOrder,1770907710.482798,33125,22,1
2,Payment,1770907710.482904,40332,6,1
2,Payment,1770907710.482975,67358,3,1
2,Payment,1770907710.484950,15987,23,1
2,Payment,1770907710.486695,31769,9,1
2,Payment,1770907710.487377,23625,1,1
1,NewOrder,1770907710.488101,22951,0,1
1,NewOrder,1770907710.488493,101131,20,1
1,NewOrder,1770907710.488551,24919,13,1
2,Payment,1770907710.488644,29563,2,1
1,NewOrder,1770907710.493950,38749,12,1
1,NewOrder,1770907710.494541,36224,18,1
2,Payment,1770907710.494941,11828,16,1
2,Payment,1770907710.497739,12684,19,1
1,NewOrder,1770907710.499421,26058,15,1
1,NewOrder,1770907710.500975,17313,23,1
2,Payment,1770907710.506553,18128,17,1
3,OrderStatus,1770907710.506799,7234,16,1
2,Payment,1770907710.506892,22428,10,1
5,StockLevel,1770907710.506943,42641,21,1
1,NewOrder,1770907710.510024,35367,8,1
1,NewOrder,1770907710.510466,34520,19,1
2,Payment,1770907710.511029,21470,1,1
2,Payment,1770907710.511079,52494,0,1
1,NewOrder,1770907710.513506,73188,13,1
2,Payment,1770907710.513507,30486,14,1
2,Payment,1770907710.514076,39736,16,1
2,Payment,1770907710.514511,11802,11,1
1,NewOrder,1770907710.515961,45750,22,1
1,NewOrder,1770907710.517970,41440,4,1
2,Payment,1770907710.518237,20582,2,1
2,Payment,1770907710.518330,9529,23,1
1,NewOrder,1770907710.518506,19134,9,1
1,NewOrder,1770907710.520443,43214,5,1
2,Payment,1770907710.523274,9874,6,1
1,NewOrder,1770907710.524722,27050,17,1
2,Payment,1770907710.525522,43862,15,1
2,Payment,1770907710.526348,9834,11,1
1,NewOrder,1770907710.527906,68464,23,1
2,Payment,1770907710.529367,13927,10,1
2,Payment,1770907710.530787,48911,18,1
2,Payment,1770907710.532543,12892,1,1
2,Payment,1770907710.532719,49128,12,1
2,Payment,1770907710.533193,20568,6,1
2,Payment,1770907710.536203,30110,11,1
2,Payment,1770907710.537681,32115,9,1
1,NewOrder,1770907710.538838,9375,2,1
1,NewOrder,1770907710.543341,52491,10,1
2,Payment,1770907710.544039,15105,14,1
2,Payment,1770907710.545034,38775,19,1
1,NewOrder,1770907710.545426,32708,8,1
5,StockLevel,1770907710.545473,33443,1,1
2,Payment,1770907710.548234,6244,2,1
4,Delivery,1770907710.549608,96994,21,1
2,Payment,1770907710.550372,7151,3,1
1,NewOrder,1770907710.551812,46991,17,1
1,NewOrder,1770907710.553258,44634,7,1
2,Payment,1770907710.553803,19428,6,1
2,Payment,1770907710.553859,19483,16,1
1,NewOrder,1770907710.554522,13713,2,1
1,NewOrder,1770907710.557583,7385,3,1
1,NewOrder,1770907710.559185,36677,14,1
2,Payment,1770907710.559443,13367,4,1
2,Payment,1770907710.561737,28304,22,1
2,Payment,1770907710.563597,12038,0,1
1,NewOrder,1770907710.563699,64236,5,1
2,Payment,1770907710.565009,13382,3,1
1,NewOrder,1770907710.566376,29435,11,1
2,Payment,1770907710.568279,12899,2,1
4,Delivery,1770907710.569427,84044,15,1
4,Delivery,1770907710.569829,89873,9,1
2,Payment,1770907710.572860,24514,4,1
1,NewOrder,1770907710.573265,21973,6,1
2,Payment,1770907710.573376,11763,16,1
2,Payment,1770907710.575676,8777,0,1
1,NewOrder,1770907710.578186,46458,8,1
2,Payment,1770907710.578433,11002,3,1
4,Delivery,1770907710.578947,31825,1,1
2,Payment,1770907710.579742,18161,18,1
4,Delivery,1770907710.581217,28823,2,1
1,NewOrder,1770907710.581884,31606,12,1
5,StockLevel,1770907710.583852,29985,19,1
1,NewOrder,1770907710.584495,25542,0,1
1,NewOrder,1770907710.585182,28983,16,1
2,Payment,1770907710.586732,17958,13,1
2,Payment,1770907710.589462,11775,3,1
1,NewOrder,1770907710.589672,35481,20,1
1,NewOrder,1770907710.590059,37661,22,1
2,Payment,1770907710.595288,14270,6,1
1,NewOrder,1770907710.595835,41809,11,1
1,NewOrder,1770907710.595875,56978,10,1
1,NewOrder,1770907710.595902,53488,14,1
1,NewOrder,1770907710.596386,29773,23,1
1,NewOrder,1770907710.597415,35110,4,1
2,Payment,1770907710.597911,22328,7,1
1,NewOrder,1770907710.597936,33135,18,1
1,NewOrder,1770907710.598849,38145,17,1
2,Payment,1770907710.601284,2521,3,1
2,Payment,1770907710.603845,2911,3,1
2,Payment,1770907710.604732,12961,13,1
1,NewOrder,1770907710.606797,7524,3,1
2,Payment,1770907710.609618,13009,6,1
2,Payment,1770907710.610069,29403,2,1
2,Payment,1770907710.610282,11738,0,1
3,OrderStatus,1770907710.610811,2434,1,1
2,Payment,1770907710.613286,14614,1,1
1,NewOrder,1770907710.613533,41193,12,1
1,NewOrder,1770907710.613879,43621,19,1
2,Payment,1770907710.614202,13835,16,1
2,Payment,1770907710.614351,10191,3,1
2,Payment,1770907710.617726,21953,13,1
2,Payment,1770907710.620280,19493,7,1
1,NewOrder,1770907710.622060,26095,0,1
4,Delivery,1770907710.622668,37665,6,1
4,Delivery,1770907710.624584,66089,3,1
1,NewOrder,1770907710.624687,32773,8,1
2,Payment,1770907710.625197,14514,20,1
1,NewOrder,1770907710.626195,27652,23,1
1,NewOrder,1770907710.627760,29387,22,1
2,Payment,1770907710.627948,15095,1,1
1,NewOrder,1770907710.627978,47968,5,1
1,NewOrder,1770907710.628072,30854,16,1
1,NewOrder,1770907710.631110,33203,18,1
1,NewOrder,1770907710.632567,23774,4,1
1,NewOrder,1770907710.637037,38223,17,1
1,NewOrder,1770907710.637676,30016,11,1
4,Delivery,1770907710.639506,51653,2,1
1,NewOrder,1770907710.639725,34726,13,1
1,NewOrder,1770907710.639753,38259,20,1
4,Delivery,1770907710.639799,20448,7,1
4,Delivery,1770907710.643090,48114,1,1
1,NewOrder,1770907710.646646,74854,21,1
1,NewOrder,1770907710.648198,31636,0,1
1,NewOrder,1770907710.649434,63123,14,1
4,Delivery,1770907710.652891,7392,10,1
2,Payment,1770907710.653515,16392,15,1
1,NewOrder,1770907710.653894,21150,23,1
2,Payment,1770907710.654770,17646,12,1
1,NewOrder,1770907710.656382,56202,4,1
1,NewOrder,1770907710.657187,63669,22,1
1,NewOrder,1770907710.657496,62756,8,1
4,Delivery,1770907710.657549,58660,19,1
1,NewOrder,1770907710.658964,28740,16,1
2,Payment,1770907710.659744,15528,9,1
1,NewOrder,1770907710.660289,34526,7,1
2,Payment,1770907710.660326,25500,10,1
5,StockLevel,1770907710.660373,3486,6,1
2,Payment,1770907710.663910,14389,6,1
2,Payment,1770907710.664355,12387,18,1
2,Payment,1770907710.667743,14025,11,1
2,Payment,1770907710.669954,13261,15,1
1,NewOrder,1770907710.672459,57368,12,1
1,NewOrder,1770907710.674489,20612,13,1
1,NewOrder,1770907710.675090,19983,23,1
2,Payment,1770907710.675305,39560,17,1
3,OrderStatus,1770907710.675307,17755,9,1
3,OrderStatus,1770907710.675979,19451,5,1
5,StockLevel,1770907710.676772,13468,18,1
2,Payment,1770907710.678052,12586,20,1
1,NewOrder,1770907710.678342,4449,6,1
1,NewOrder,1770907710.679881,49011,0,1
1,NewOrder,1770907710.681796,48127,11,1
1,NewOrder,1770907710.682830,8437,6,1
2,Payment,1770907710.683259,39235,15,1
2,Payment,1770907710.685868,24152,10,1
2,Payment,1770907710.687746,37055,16,1
2,Payment,1770907710.690284,9433,18,1
1,NewOrder,1770907710.690692,33294,20,1
1,NewOrder,1770907710.690728,58922,3,1
2,Payment,1770907710.691202,4783,2,1
2,Payment,1770907710.691246,7892,1,1
3,OrderStatus,1770907710.691292,2174,6,1
1,NewOrder,1770907710.693139,32067,9,1
1,NewOrder,1770907710.693507,3508,6,1
2,Payment,1770907710.694851,34772,7,1
1,NewOrder,1770907710.695113,50994,23,1
1,NewOrder,1770907710.695140,37488,13,1
2,Payment,1770907710.695470,50894,5,1
1,NewOrder,1770907710.696042,30325,2,1
1,NewOrder,1770907710.697045,4971,6,1
1,NewOrder,1770907710.699175,14083,1,1
2,Payment,1770907710.699745,35322,18,1
1,NewOrder,1770907710.702090,4947,6,1
2,Payment,1770907710.707077,6347,6,1
5,StockLevel,1770907710.710061,47835,10,1
1,NewOrder,1770907710.712599,8484,14,1
2,Payment,1770907710.712624,73582,4,1
1,NewOrder,1770907710.713305,54390,1,1
1,NewOrder,1770907710.713455,5219,6,1
2,Payment,1770907710.714907,3753,17,1
1,NewOrder,1770907710.716246,11924,19,1
2,Payment,1770907710.718702,16349,6,1
1,NewOrder,1770907710.718704,95801,17,1
4,Delivery,1770907710.720284,127650,8,1
2,Payment,1770907710.720887,15242,22,1
1,NewOrder,1770907710.721192,6964,14,1
2,Payment,1770907710.721516,46358,21,1
2,Payment,1770907710.722526,5348,15,1
2,Payment,1770907710.724024,18663,20,1
1,NewOrder,1770907710.724821,7275,16,1
2,Payment,1770907710.725239,43935,9,1
1,NewOrder,1770907710.726446,10171,2,1
3,OrderStatus,1770907710.727972,2004,15,1
2,Payment,1770907710.728191,2742,14,1
2,Payment,1770907710.728206,73784,19,1
2,Payment,1770907710.728936,22108,0,1
1,NewOrder,1770907710.729665,38371,7,1
1,NewOrder,1770907710.729850,38014,12,1
3,OrderStatus,1770907710.729955,18743,11,1
1,NewOrder,1770907710.730011,12704,15,1
2,Payment,1770907710.730959,11851,14,1
1,NewOrder,1770907710.732126,22744,16,1
1,NewOrder,1770907710.732661,41383,13,1
2,Payment,1770907710.735096,45027,6,1
1,NewOrder,1770907710.735097,35113,18,1
5,StockLevel,1770907710.736165,3283,22,1
1,NewOrder,1770907710.736648,14291,2,1
1,NewOrder,1770907710.739485,11508,22,1
1,NewOrder,1770907710.742725,8194,20,1
2,Payment,1770907710.742756,8215,15,1
1,NewOrder,1770907710.742855,44344,14,1
2,Payment,1770907710.746142,187006,23,1
1,NewOrder,1770907710.746405,27839,5,1
1,NewOrder,1770907710.748732,18952,11,1
5,StockLevel,1770907710.749718,7262,3,1
2,Payment,1770907710.750957,168493,20,1
2,Payment,1770907710.750971,35575,2,1
1,NewOrder,1770907710.751001,15603,15,1
2,Payment,1770907710.751012,56762,22,1
1,NewOrder,1770907710.751080,18607,0,1
3,OrderStatus,1770907710.754905,4011,16,1
2,Payment,1770907710.757015,120612,3,1
1,NewOrder,1770907710.757931,16290,10,1
1,NewOrder,1770907710.758937,8779,16,1
2,Payment,1770907710.766644,3716,15,1
4,Delivery,1770907710.767727,80259,11,1
2,Payment,1770907710.767738,45001,1,1
3,OrderStatus,1770907710.767753,1853,16,1
2,Payment,1770907710.767902,5216,12,1
1,NewOrder,1770907710.767907,6375,21,1
1,NewOrder,1770907710.768059,19343,7,1
4,Delivery,1770907710.769207,78813,9,1
2,Payment,1770907710.769630,7807,16,1
1,NewOrder,1770907710.769721,17483,0,1
1,NewOrder,1770907710.770243,232697,18,1
1,NewOrder,1770907710.770389,16833,15,1
1,NewOrder,1770907710.773150,58713,12,1
2,Payment,1770907710.774077,21763,13,1
5,StockLevel,1770907710.774251,4778,10,1
5,StockLevel,1770907710.774269,8183,5,1
1,NewOrder,1770907710.774315,12848,21,1
1,NewOrder,1770907710.777473,6293,16,1
1,NewOrder,1770907710.779063,22667,10,1
2,Payment,1770907710.780150,3137,6,1
2,Payment,1770907710.782491,26320,5,1
1,NewOrder,1770907710.783324,8959,6,1
2,Payment,1770907710.783800,2219,16,1
2,Payment,1770907710.786054,2579,16,1
2,Payment,1770907710.786242,102954,4,1
2,Payment,1770907710.786587,24125,2,1
1,NewOrder,1770907710.787202,35258,21,1
2,Payment,1770907710.787230,4200,14,1
3,OrderStatus,1770907710.787241,2971,0,1
2,Payment,1770907710.787253,12664,15,1
2,Payment,1770907710.787431,3601,7,1
1,NewOrder,1770907710.788670,9126,16,1
1,NewOrder,1770907710.790249,5169,0,1
2,Payment,1770907710.791070,2429,7,1
2,Payment,1770907710.791467,6343,14,1
2,Payment,1770907710.792316,5248,6,1
1,NewOrder,1770907710.793534,8214,7,1
2,Payment,1770907710.795453,85299,0,1
2,Payment,1770907710.795875,59123,13,1
2,Payment,1770907710.797619,2704,6,1
2,Payment,1770907710.797832,34997,16,1
1,NewOrder,1770907710.797848,10571,14,1
1,NewOrder,1770907710.799951,4750,15,1
2,Payment,1770907710.800358,2126,6,1
1,NewOrder,1770907710.801775,4984,10,1
2,Payment,1770907710.801785,11820,7,1
2,Payment,1770907710.802024,8323,19,1
2,Payment,1770907710.802527,2539,6,1
2,Payment,1770907710.804735,30437,15,1
1,NewOrder,1770907710.805100,36531,6,1
2,Payment,1770907710.806796,10007,10,1
2,Payment,1770907710.807806,6670,22,1
4,Delivery,1770907710.808446,35124,14,1
2,Payment,1770907710.808849,10921,5,1
1,NewOrder,1770907710.810382,6651,19,1
1,NewOrder,1770907710.810749,16705,2,1
2,Payment,1770907710.812775,10138,1,1
2,Payment,1770907710.813642,20692,7,1
1,NewOrder,1770907710.814513,10924,22,1
2,Payment,1770907710.814542,140558,17,1
1,NewOrder,1770907710.816841,13236,10,1
1,NewOrder,1770907710.817069,10305,19,1
2,Payment,1770907710.819805,6782,5,1
2,Payment,1770907710.822497,3157,21,1
1,NewOrder,1770907710.822956,24577,1,1
2,Payment,1770907710.825484,22202,22,1
1,NewOrder,1770907710.825693,21772,21,1
2,Payment,1770907710.826620,4457,5,1
2,Payment,1770907710.827410,27980,19,1
2,Payment,1770907710.827497,57963,2,1
4,Delivery,1770907710.830118,18099,10,1
2,Payment,1770907710.831114,80125,5,1
1,NewOrder,1770907710.831910,5566,12,1
1,NewOrder,1770907710.832873,8173,16,1
2,Payment,1770907710.834375,2238,7,1
1,NewOrder,1770907710.835207,5492,15,1
1,NewOrder,1770907710.836649,7259,7,1
2,Payment,1770907710.837513,21260,12,1
1,NewOrder,1770907710.840736,17154,15,1
1,NewOrder,1770907710.841085,16797,16,1
5,StockLevel,1770907710.841668,6153,6,1
1,NewOrder,1770907710.843607,25224,14,1
5,StockLevel,1770907710.843943,7407,7,1
1,NewOrder,1770907710.847505,27666,21,1
2,Payment,1770907710.847746,107859,1,1
1,NewOrder,1770907710.847746,7658,22,1
2,Payment,1770907710.847860,20550,6,1
2,Payment,1770907710.847970,23247,8,1
4,Delivery,1770907710.848022,27484,11,1
1,NewOrder,1770907710.848079,48799,9,1
2,Payment,1770907710.848257,25197,10,1
1,NewOrder,1770907710.851459,45894,7,1
1,NewOrder,1770907710.855052,6939,13,1
5,StockLevel,1770907710.855429,2697,19,1
2,Payment,1770907710.855435,5120,22,1
2,Payment,1770907710.857909,105471,16,1
1,NewOrder,1770907710.857932,15825,15,1
2,Payment,1770907710.858156,4244,19,1
1,NewOrder,1770907710.858799,8119,12,1
1,NewOrder,1770907710.860586,8603,22,1
1,NewOrder,1770907710.862019,3535,13,1
2,Payment,1770907710.862433,2060,19,1
2,Payment,1770907710.864522,2474,19,1
2,Payment,1770907710.865597,81391,13,1
2,Payment,1770907710.866947,85837,12,1
1,NewOrder,1770907710.867030,5812,19,1
3,OrderStatus,1770907710.868441,7486,6,1
1,NewOrder,1770907710.868851,52786,14,1
2,Payment,1770907710.869226,52665,22,1
2,Payment,1770907710.871249,4557,8,1
5,StockLevel,1770907710.872872,3060,19,1
2,Payment,1770907710.873501,4991,10,1
2,Payment,1770907710.873779,85141,15,1
1,NewOrder,1770907710.875201,39477,21,1
1,NewOrder,1770907710.875538,60078,11,1
1,NewOrder,1770907710.875840,6214,8,1
2,Payment,1770907710.875956,13175,6,1
5,StockLevel,1770907710.875967,7613,19,1
1,NewOrder,1770907710.877655,5014,3,1
1,NewOrder,1770907710.878520,9497,10,1
1,NewOrder,1770907710.880771,6754,0,1
4,Delivery,1770907710.882085,32083,8,1
2,Payment,1770907710.882699,7678,3,1
1,NewOrder,1770907710.883605,9429,19,1
1,NewOrder,1770907710.885487,32919,2,1
4,Delivery,1770907710.887556,4010,0,1
2,Payment,1770907710.888048,7597,10,1
5,StockLevel,1770907710.889157,1507,6,1
1,NewOrder,1770907710.889217,17139,4,1
1,NewOrder,1770907710.890393,3571,3,1
2,Payment,1770907710.890693,9407,6,1
2,Payment,1770907710.891600,3410,0,1
1,NewOrder,1770907710.893064,20105,19,1
2,Payment,1770907710.893981,2463,3,1
1,NewOrder,1770907710.895040,19451,0,1
1,NewOrder,1770907710.895675,7033,10,1
1,NewOrder,1770907710.896467,3171,3,1
1,NewOrder,1770907710.896907,5363,9,1
1,NewOrder,1770907710.897385,26105,7,1
1,NewOrder,1770907710.899668,4038,3,1
2,Payment,1770907710.900129,8557,6,1
1,NewOrder,1770907710.902299,4704,9,1
1,NewOrder,1770907710.902737,20117,10,1
2,Payment,1770907710.903727,44018,3,1
1,NewOrder,1770907710.906383,11556,4,1
1,NewOrder,1770907710.907030,4294,9,1
2,Payment,1770907710.908710,3895,6,1
2,Payment,1770907710.911272,103256,5,1
1,NewOrder,1770907710.911356,4927,9,1
2,Payment,1770907710.912635,7915,6,1
1,NewOrder,1770907710.913196,37334,19,1
1,NewOrder,1770907710.914195,29867,8,1
2,Payment,1770907710.914510,43404,0,1
1,NewOrder,1770907710.914704,28464,21,1
1,NewOrder,1770907710.916309,12454,9,1
2,Payment,1770907710.917966,99012,4,1
2,Payment,1770907710.918432,100645,2,1
2,Payment,1770907710.919468,4690,20,1
1,NewOrder,1770907710.920578,10186,6,1
1,NewOrder,1770907710.921664,30371,14,1
2,Payment,1770907710.921917,3761,22,1
1,NewOrder,1770907710.922875,15134,10,1
2,Payment,1770907710.923525,1836,7,1
1,NewOrder,1770907710.924184,27818,20,1
1,NewOrder,1770907710.925385,7874,7,1
1,NewOrder,1770907710.925707,3972,22,1
2,Payment,1770907710.928791,2973,9,1
2,Payment,1770907710.929706,4949,22,1
2,Payment,1770907710.930780,2443,6,1
1,NewOrder,1770907710.931784,22565,9,1
2,Payment,1770907710.933178,12323,23,1
1,NewOrder,1770907710.933252,10274,6,1
2,Payment,1770907710.933289,7267,7,1
1,NewOrder,1770907710.934682,3553,22,1
1,NewOrder,1770907710.935635,48178,11,1
2,Payment,1770907710.938043,12568,10,1
4,Delivery,1770907710.938254,72786,22,1
2,Payment,1770907710.940594,17616,7,1
1,NewOrder,1770907710.943207,92828,21,1
1,NewOrder,1770907710.943555,89628,6,1
2,Payment,1770907710.944087,8949,8,1
1,NewOrder,1770907710.945531,59403,23,1
1,NewOrder,1770907710.947012,53286,13,1
1,NewOrder,1770907710.947772,6938,3,1
2,Payment,1770907710.950561,4424,19,1
2,Payment,1770907710.950641,27859,10,1
1,NewOrder,1770907710.952022,42528,20,1
1,NewOrder,1770907710.952058,44876,14,1
3,OrderStatus,1770907710.952813,9824,12,1
2,Payment,1770907710.953067,8300,8,1
2,Payment,1770907710.954368,79177,9,1
2,Payment,1770907710.954737,4671,3,1
1,NewOrder,1770907710.954999,118121,19,1
1,NewOrder,1770907710.955120,4691,17,1
1,NewOrder,1770907710.955636,61802,1,1
1,NewOrder,1770907710.957947,4070,0,1
2,Payment,1770907710.958242,7465,7,1
2,Payment,1770907710.958949,2891,15,1
2,Payment,1770907710.959435,46872,3,1
4,Delivery,1770907710.959835,91547,17,1
2,Payment,1770907710.961394,6048,8,1
1,NewOrder,1770907710.961870,7307,15,1
1,NewOrder,1770907710.962045,2864,0,1
1,NewOrder,1770907710.962666,10683,12,1
2,Payment,1770907710.963413,1721,16,1
2,Payment,1770907710.964932,44379,0,1
2,Payment,1770907710.965159,2033,16,1
4,Delivery,1770907710.965732,31768,7,1
1,NewOrder,1770907710.967220,3692,16,1
1,NewOrder,1770907710.967469,4024,8,1
1,NewOrder,1770907710.969206,7172,15,1
1,NewOrder,1770907710.970938,5197,16,1
1,NewOrder,1770907710.971520,3153,8,1
1,NewOrder,1770907710.973370,3232,12,1
2,Payment,1770907710.974700,5685,8,1
1,NewOrder,1770907710.976167,9422,16,1
2,Payment,1770907710.976396,4877,15,1
5,StockLevel,1770907710.976636,2946,12,1
2,Payment,1770907710.978527,8375,10,1
1,NewOrder,1770907710.979607,8549,12,1
2,Payment,1770907710.980413,8463,8,1
1,NewOrder,1770907710.981301,5661,15,1
1,NewOrder,1770907710.983837,27264,11,1
5,StockLevel,1770907710.985617,14087,16,1
1,NewOrder,1770907710.986933,88750,10,1
5,StockLevel,1770907710.986993,5331,15,1
1,NewOrder,1770907710.988184,3821,12,1
1,NewOrder,1770907710.988905,3660,8,1
2,Payment,1770907710.992030,2725,12,1
1,NewOrder,1770907710.992350,9734,15,1
4,Delivery,1770907710.992585,5418,8,1
1,NewOrder,1770907710.994582,90079,20,1
1,NewOrder,1770907710.994772,5488,12,1
5,StockLevel,1770907710.996964,16986,14,1
1,NewOrder,1770907710.997539,106815,7,1
2,Payment,1770907710.998032,25181,8,1
1,NewOrder,1770907710.999728,4505,16,1
2,Payment,1770907711.000293,2041,12,1
2,Payment,1770907711.000333,10523,13,1
2,Payment,1770907711.002110,16358,15,1
2,Payment,1770907711.002362,10271,12,1
3,OrderStatus,1770907711.003055,7003,18,1
1,NewOrder,1770907711.004267,18095,16,1
2,Payment,1770907711.004962,2013,23,1
2,Payment,1770907711.006338,5000,3,1
1,NewOrder,1770907711.007005,5252,23,1
1,NewOrder,1770907711.009335,5564,0,1
1,NewOrder,1770907711.010145,104147,18,1
2,Payment,1770907711.010877,84449,13,1
2,Payment,1770907711.011098,85603,22,1
2,Payment,1770907711.011116,77427,11,1
2,Payment,1770907711.011352,54398,3,1
2,Payment,1770907711.012279,61467,23,1
1,NewOrder,1770907711.012657,60112,12,1
2,Payment,1770907711.013974,94114,14,1
1,NewOrder,1770907711.014561,14224,5,1
3,OrderStatus,1770907711.014921,2742,0,1
2,Payment,1770907711.016989,3925,4,1
1,NewOrder,1770907711.017458,10294,1,1
1,NewOrder,1770907711.017690,47962,0,1
1,NewOrder,1770907711.018480,54662,15,1
1,NewOrder,1770907711.019097,6657,2,1
1,NewOrder,1770907711.020941,3242,4,1
2,Payment,1770907711.022382,3629,16,1
2,Payment,1770907711.023230,4795,8,1
2,Payment,1770907711.024204,1776,4,1
3,OrderStatus,1770907711.025777,25523,2,1
2,Payment,1770907711.026001,2799,4,1
1,NewOrder,1770907711.026040,31376,16,1
1,NewOrder,1770907711.027778,22522,1,1
1,NewOrder,1770907711.028047,10626,8,1
1,NewOrder,1770907711.028798,4335,5,1
1,NewOrder,1770907711.028822,6047,4,1
2,Payment,1770907711.033156,4693,5,1
2,Payment,1770907711.033204,3104,6,1
1,NewOrder,1770907711.033582,16372,9,1
1,NewOrder,1770907711.034894,3202,4,1
5,StockLevel,1770907711.036054,7854,21,1
2,Payment,1770907711.036331,4025,6,1
1,NewOrder,1770907711.037874,8189,5,1
2,Payment,1770907711.038117,1891,4,1
1,NewOrder,1770907711.038699,12128,8,1
1,NewOrder,1770907711.040031,4663,4,1
1,NewOrder,1770907711.040377,13258,6,1
3,OrderStatus,1770907711.043940,6271,21,1
1,NewOrder,1770907711.044715,3923,4,1
1,NewOrder,1770907711.046090,15466,5,1
1,NewOrder,1770907711.048660,3213,4,1
1,NewOrder,1770907711.049980,11617,9,1
2,Payment,1770907711.050230,66689,21,1
1,NewOrder,1770907711.050336,15152,1,1
1,NewOrder,1770907711.050847,24918,8,1
5,StockLevel,1770907711.051324,21342,2,1
2,Payment,1770907711.051405,5098,17,1
1,NewOrder,1770907711.051894,3110,4,1
1,NewOrder,1770907711.053652,9355,6,1
2,Payment,1770907711.055024,1994,4,1
2,Payment,1770907711.056529,4545,17,1
1,NewOrder,1770907711.057041,4863,4,1
1,NewOrder,1770907711.057448,15720,16,1
1,NewOrder,1770907711.061097,31118,17,1
1,NewOrder,1770907711.061594,70786,5,1
3,OrderStatus,1770907711.061619,12634,9,1
2,Payment,1770907711.061918,1529,4,1
1,NewOrder,1770907711.063039,88234,6,1
2,Payment,1770907711.063469,1528,4,1
1,NewOrder,1770907711.065017,6460,4,1
2,Payment,1770907711.065522,18132,1,1
1,NewOrder,1770907711.065684,2765,0,1
2,Payment,1770907711.065766,4415,3,1
2,Payment,1770907711.068473,3223,0,1
1,NewOrder,1770907711.070204,15070,3,1
5,StockLevel,1770907711.071494,3035,4,1
1,NewOrder,1770907711.071717,9239,0,1
1,NewOrder,1770907711.072692,26507,2,1
1,NewOrder,1770907711.072804,31504,12,1
2,Payment,1770907711.073134,50635,19,1
2,Payment,1770907711.073167,7525,15,1
2,Payment,1770907711.073186,8734,16,1
2,Payment,1770907711.073776,13357,23,1
2,Payment,1770907711.074270,12283,9,1
1,NewOrder,1770907711.074549,15693,4,1
1,NewOrder,1770907711.075698,31381,10,1
1,NewOrder,1770907711.075791,5154,8,1
1,NewOrder,1770907711.080717,15401,15,1
1,NewOrder,1770907711.080960,27431,8,1
1,NewOrder,1770907711.080984,4059,0,1
1,NewOrder,1770907711.081944,14150,16,1
2,Payment,1770907711.083684,15271,1,1
2,Payment,1770907711.084681,14205,20,1
2,Payment,1770907711.085068,33826,0,1
2,Payment,1770907711.085295,13869,3,1
2,Payment,1770907711.086576,62922,9,1
2,Payment,1770907711.087149,31399,23,1
1,NewOrder,1770907711.088566,5795,11,1
1,NewOrder,1770907711.090270,61262,4,1
5,StockLevel,1770907711.092239,127991,17,1
4,Delivery,1770907711.094383,22594,11,1
2,Payment,1770907711.095348,1805,13,1
2,Payment,1770907711.096118,35789,16,1
1,NewOrder,1770907711.096142,76212,15,1
1,NewOrder,1770907711.096736,25265,22,1
2,Payment,1770907711.097176,2202,13,1
2,Payment,1770907711.098905,23401,20,1
2,Payment,1770907711.098985,52323,1,1
1,NewOrder,1770907711.099189,7356,3,1
2,Payment,1770907711.099217,23560,2,1
1,NewOrder,1770907711.099391,4896,13,1
2,Payment,1770907711.104320,5921,13,1
3,OrderStatus,1770907711.104330,4170,12,1
1,NewOrder,1770907711.104378,12341,7,1
1,NewOrder,1770907711.106570,10378,3,1
1,NewOrder,1770907711.107112,16509,10,1
2,Payment,1770907711.108109,7014,14,1
1,NewOrder,1770907711.108412,73899,8,1
2,Payment,1770907711.108523,8604,12,1
1,NewOrder,1770907711.110266,4409,13,1
2,Payment,1770907711.114315,62779,18,1
2,Payment,1770907711.114698,4224,13,1
2,Payment,1770907711.115151,10621,14,1
1,NewOrder,1770907711.116744,73562,7,1
2,Payment,1770907711.116946,18659,21,1
2,Payment,1770907711.116981,3673,3,1
4,Delivery,1770907711.116998,18344,11,1
3,OrderStatus,1770907711.117144,56207,12,1
1,NewOrder,1770907711.118568,5527,23,1
2,Payment,1770907711.118926,7648,0,1
1,NewOrder,1770907711.118950,6302,13,1
2,Payment,1770907711.120678,4427,3,1
1,NewOrder,1770907711.122064,58679,22,1
2,Payment,1770907711.122330,11512,20,1
1,NewOrder,1770907711.122861,51901,2,1
1,NewOrder,1770907711.123647,63334,10,1
2,Payment,1770907711.123790,15987,19,1
3,OrderStatus,1770907711.124123,11071,23,1
4,Delivery,1770907711.125125,68594,3,1
1,NewOrder,1770907711.125267,31044,13,1
1,NewOrder,1770907711.125796,3234,14,1
2,Payment,1770907711.126597,1544,0,1
1,NewOrder,1770907711.128160,6869,0,1
2,Payment,1770907711.129051,2869,14,1
2,Payment,1770907711.131935,5223,16,1
1,NewOrder,1770907711.131942,7195,14,1
1,NewOrder,1770907711.132396,5431,5,1
4,Delivery,1770907711.133863,56486,20,1
1,NewOrder,1770907711.135040,53815,0,1
1,NewOrder,1770907711.135216,53287,23,1
1,NewOrder,1770907711.135364,9265,11,1
2,Payment,1770907711.135619,5625,21,1
1,NewOrder,1770907711.137182,7849,16,1
1,NewOrder,1770907711.137849,7628,5,1
1,NewOrder,1770907711.139152,5882,14,1
5,StockLevel,1770907711.139798,38098,19,1
2,Payment,1770907711.141265,1842,21,1
5,StockLevel,1770907711.143126,1723,21,1
2,Payment,1770907711.144656,6818,11,1
2,Payment,1770907711.144866,1755,21,1
2,Payment,1770907711.145048,5204,14,1
1,NewOrder,1770907711.145059,2772,16,1
1,NewOrder,1770907711.145504,5526,5,1
1,NewOrder,1770907711.146639,5518,21,1
2,Payment,1770907711.147851,3751,16,1
2,Payment,1770907711.149512,6865,9,1
2,Payment,1770907711.150269,6426,14,1
2,Payment,1770907711.151043,7328,5,1
2,Payment,1770907711.151301,22755,6,1
2,Payment,1770907711.151326,60542,1,1
2,Payment,1770907711.151495,7679,11,1
2,Payment,1770907711.151554,3695,4,1
2,Payment,1770907711.151620,2710,16,1
2,Payment,1770907711.152171,3304,21,1
2,Payment,1770907711.154350,8609,16,1
1,NewOrder,1770907711.155276,6386,4,1
1,NewOrder,1770907711.155491,7757,21,1
1,NewOrder,1770907711.156332,4733,13,1
1,NewOrder,1770907711.156404,69225,9,1
1,NewOrder,1770907711.156710,59470,14,1
1,NewOrder,1770907711.158390,5286,5,1
2,Payment,1770907711.159191,3331,11,1
2,Payment,1770907711.161085,3110,13,1
2,Payment,1770907711.161682,51687,4,1
2,Payment,1770907711.162543,14338,11,1
1,NewOrder,1770907711.162981,9393,16,1
2,Payment,1770907711.163265,37998,21,1
5,StockLevel,1770907711.163700,1656,5,1
1,NewOrder,1770907711.164214,3397,13,1
3,OrderStatus,1770907711.165372,1714,5,1
1,NewOrder,1770907711.167107,5170,5,1
2,Payment,1770907711.167629,1826,13,1
1,NewOrder,1770907711.169475,3216,13,1
2,Payment,1770907711.172297,47989,5,1
2,Payment,1770907711.172374,59440,15,1
2,Payment,1770907711.172394,39810,16,1
1,NewOrder,1770907711.172704,3666,13,1
2,Payment,1770907711.173375,60272,12,1
1,NewOrder,1770907711.174073,49943,6,1
1,NewOrder,1770907711.174785,18104,2,1
1,NewOrder,1770907711.176387,35851,13,1
1,NewOrder,1770907711.176902,36229,11,1
2,Payment,1770907711.177112,2387,18,1
2,Payment,1770907711.177910,4466,19,1
1,NewOrder,1770907711.179518,11527,18,1
1,NewOrder,1770907711.180764,7041,22,1
1,NewOrder,1770907711.182330,17732,8,1
1,NewOrder,1770907711.182401,3985,19,1
2,Payment,1770907711.186406,16382,19,1
1,NewOrder,1770907711.186997,8286,10,1
1,NewOrder,1770907711.187832,21035,22,1
2,Payment,1770907711.188532,16032,23,1
1,NewOrder,1770907711.188870,11417,0,1
1,NewOrder,1770907711.190345,7794,7,1
1,NewOrder,1770907711.190378,4444,20,1
1,NewOrder,1770907711.191064,76777,18,1
2,Payment,1770907711.192908,83614,2,1
2,Payment,1770907711.193739,80844,3,1
1,NewOrder,1770907711.194842,75589,20,1
5,StockLevel,1770907711.195302,6335,10,1
1,NewOrder,1770907711.198167,2588,7,1
1,NewOrder,1770907711.200089,3671,8,1
2,Payment,1770907711.200313,79260,0,1
1,NewOrder,1770907711.200781,7870,7,1
2,Payment,1770907711.201283,4441,21,1
2,Payment,1770907711.201653,46954,10,1
4,Delivery,1770907711.202814,4747,19,1
1,NewOrder,1770907711.203779,76898,8,1
2,Payment,1770907711.204585,2724,23,1
2,Payment,1770907711.205737,2661,21,1
2,Payment,1770907711.207331,36670,23,1
2,Payment,1770907711.207582,23923,19,1
1,NewOrder,1770907711.208417,13013,21,1
3,OrderStatus,1770907711.208670,1504,7,1
1,NewOrder,1770907711.208894,69988,22,1
1,NewOrder,1770907711.210193,35911,7,1
1,NewOrder,1770907711.211895,15070,1,1
1,NewOrder,1770907711.212226,12263,16,1
2,Payment,1770907711.212255,8641,13,1
2,Payment,1770907711.213157,38394,11,1
1,NewOrder,1770907711.213391,3333,4,1
5,StockLevel,1770907711.216196,7880,14,1
1,NewOrder,1770907711.216742,3082,4,1
2,Payment,1770907711.219840,1670,4,1
2,Payment,1770907711.220256,23866,17,1
2,Payment,1770907711.220314,3506,5,1
1,NewOrder,1770907711.220924,13832,13,1
2,Payment,1770907711.221454,7338,21,1
1,NewOrder,1770907711.221528,6435,4,1
1,NewOrder,1770907711.223846,7515,5,1
4,Delivery,1770907711.224044,2218,6,1
1,NewOrder,1770907711.224091,40441,14,1
1,NewOrder,1770907711.224516,68026,16,1
1,NewOrder,1770907711.225657,5474,9,1
2,Payment,1770907711.226281,23378,6,1
2,Payment,1770907711.226992,3425,1,1
2,Payment,1770907711.227981,4270,4,1
3,OrderStatus,1770907711.228818,3560,21,1
2,Payment,1770907711.230443,42891,1,1
2,Payment,1770907711.231146,60152,9,1
1,NewOrder,1770907711.231380,14765,5,1
1,NewOrder,1770907711.231519,11038,19,1
1,NewOrder,1770907711.231839,8780,15,1
1,NewOrder,1770907711.232278,11972,4,1
2,Payment,1770907711.232403,1500,21,1
2,Payment,1770907711.233673,2342,12,1
1,NewOrder,1770907711.233918,2358,21,1
1,NewOrder,1770907711.234784,6938,13,1
5,StockLevel,1770907711.236037,5142,12,1
2,Payment,1770907711.236288,1165,21,1
1,NewOrder,1770907711.237466,2637,21,1
1,NewOrder,1770907711.240116,41168,21,1
2,Payment,1770907711.240646,8163,15,1
2,Payment,1770907711.241206,4358,12,1
2,Payment,1770907711.241741,28816,13,1
2,Payment,1770907711.242583,2671,19,1
5,StockLevel,1770907711.244021,32487,23,1
2,Payment,1770907711.244149,14864,17,1
2,Payment,1770907711.244265,44319,4,1
2,Payment,1770907711.245273,1385,19,1
1,NewOrder,1770907711.245609,3438,12,1
5,StockLevel,1770907711.246126,7260,7,1
1,NewOrder,1770907711.246173,47133,5,1
4,Delivery,1770907711.246678,31592,19,1
1,NewOrder,1770907711.248635,29947,10,1
2,Payment,1770907711.248834,1735,15,1
1,NewOrder,1770907711.249068,3300,12,1
2,Payment,1770907711.249677,3005,6,1
1,NewOrder,1770907711.250588,4324,15,1
3,OrderStatus,1770907711.251576,1840,11,1
2,Payment,1770907711.252387,4318,12,1
1,NewOrder,1770907711.252701,30283,6,1
2,Payment,1770907711.253403,2371,7,1
1,NewOrder,1770907711.253436,3320,11,1
2,Payment,1770907711.254930,9803,15,1
1,NewOrder,1770907711.255793,4433,7,1
1,NewOrder,1770907711.256734,16908,12,1
2,Payment,1770907711.256772,2602,11,1
1,NewOrder,1770907711.259036,11348,17,1
1,NewOrder,1770907711.259394,5292,11,1
1,NewOrder,1770907711.260253,4600,7,1
1,NewOrder,1770907711.264560,33806,14,1
5,StockLevel,1770907711.264702,6140,11,1
1,NewOrder,1770907711.264765,4165,15,1
2,Payment,1770907711.264881,28205,7,1
2,Payment,1770907711.267868,15788,18,1
2,Payment,1770907711.268952,5007,15,1
5,StockLevel,1770907711.270411,23993,17,1
5,StockLevel,1770907711.270459,7787,20,1
2,Payment,1770907711.270582,12515,13,1
2,Payment,1770907711.270868,30220,11,1
1,NewOrder,1770907711.273361,46438,1,1
1,NewOrder,1770907711.273670,13339,12,1
1,NewOrder,1770907711.273986,10242,15,1
2,Payment,1770907711.274604,3127,3,1
2,Payment,1770907711.276536,46059,23,1
1,NewOrder,1770907711.276548,7990,2,1
2,Payment,1770907711.277750,5178,3,1
2,Payment,1770907711.278260,60976,20,1
2,Payment,1770907711.278289,47576,19,1
2,Payment,1770907711.278610,54902,10,1
2,Payment,1770907711.278910,56681,22,1
2,Payment,1770907711.279595,7780,0,1
2,Payment,1770907711.280705,43903,8,1
4,Delivery,1770907711.281306,29940,21,1
5,StockLevel,1770907711.282953,1611,3,1
2,Payment,1770907711.283012,39459,6,1
1,NewOrder,1770907711.283124,6235,13,1
1,NewOrder,1770907711.283686,54993,18,1
1,NewOrder,1770907711.284252,52069,15,1
2,Payment,1770907711.284567,31571,2,1
1,NewOrder,1770907711.284581,33499,3,1
1,NewOrder,1770907711.287030,51910,12,1
1,NewOrder,1770907711.287407,28760,0,1
1,NewOrder,1770907711.288603,4230,4,1
1,NewOrder,1770907711.289387,15673,13,1
3,OrderStatus,1770907711.291321,4293,9,1
2,Payment,1770907711.292564,4088,16,1
1,NewOrder,1770907711.292851,7482,4,1
4,Delivery,1770907711.293109,12066,7,1
1,NewOrder,1770907711.293322,3344,5,1
1,NewOrder,1770907711.294432,14038,17,1
2,Payment,1770907711.295635,3498,9,1
2,Payment,1770907711.296678,4232,16,1
1,NewOrder,1770907711.296685,8440,5,1
1,NewOrder,1770907711.298394,7621,14,1
1,NewOrder,1770907711.299154,7465,9,1
1,NewOrder,1770907711.300360,14773,4,1
5,StockLevel,1770907711.300940,5752,16,1
3,OrderStatus,1770907711.301103,1204,11,1
2,Payment,1770907711.302325,1975,11,1
2,Payment,1770907711.304317,4031,11,1
2,Payment,1770907711.305087,1970,13,1
2,Payment,1770907711.305152,14959,5,1
2,Payment,1770907711.305198,6408,7,1
2,Payment,1770907711.306042,3144,14,1
2,Payment,1770907711.306639,3455,9,1
2,Payment,1770907711.306722,6063,16,1
1,NewOrder,1770907711.307071,59452,13,1
5,StockLevel,1770907711.308367,20295,11,1
2,Payment,1770907711.308491,2130,17,1
2,Payment,1770907711.309208,37798,14,1
2,Payment,1770907711.310113,2960,9,1
2,Payment,1770907711.310640,5284,17,1
3,OrderStatus,1770907711.311272,38267,21,1
2,Payment,1770907711.311629,2873,7,1
2,Payment,1770907711.312812,63369,16,1
1,NewOrder,1770907711.313092,34226,9,1
2,Payment,1770907711.314524,1651,7,1
3,OrderStatus,1770907711.315154,4112,4,1
2,Payment,1770907711.315949,93073,17,1
2,Payment,1770907711.316166,6308,2,1
2,Payment,1770907711.316199,7708,0,1
1,NewOrder,1770907711.316200,53759,7,1
1,NewOrder,1770907711.318099,22787,3,1
1,NewOrder,1770907711.319292,23829,4,1
2,Payment,1770907711.319816,8545,1,1
1,NewOrder,1770907711.320139,53885,5,1
2,Payment,1770907711.322502,3729,2,1
2,Payment,1770907711.322504,3441,6,1
2,Payment,1770907711.322613,14316,23,1
1,NewOrder,1770907711.323927,3391,0,1
2,Payment,1770907711.324631,5958,8,1
2,Payment,1770907711.325887,25518,19,1
1,NewOrder,1770907711.325966,4270,6,1
2,Payment,1770907711.326247,4006,2,1
1,NewOrder,1770907711.327334,8889,0,1
2,Payment,1770907711.328379,48198,1,1
2,Payment,1770907711.328692,47653,11,1
5,StockLevel,1770907711.330256,1797,6,1
1,NewOrder,1770907711.330272,3010,2,1
1,NewOrder,1770907711.330615,13558,8,1
2,Payment,1770907711.332079,41279,6,1
1,NewOrder,1770907711.333310,38414,2,1
4,Delivery,1770907711.333537,35309,10,1
2,Payment,1770907711.335618,12294,22,1
1,NewOrder,1770907711.336251,39577,0,1
1,NewOrder,1770907711.336339,9590,15,1
1,NewOrder,1770907711.336953,6485,23,1
2,Payment,1770907711.338702,2485,18,1
3,OrderStatus,1770907711.338954,1432,12,1
1,NewOrder,1770907711.339271,58908,20,1
2,Payment,1770907711.340407,81250,12,1
5,StockLevel,1770907711.340915,3008,3,1
2,Payment,1770907711.341213,2198,18,1
2,Payment,1770907711.343147,52780,4,1
2,Payment,1770907711.343432,2724,18,1
1,NewOrder,1770907711.343455,56339,23,1
2,Payment,1770907711.343950,82970,3,1
1,NewOrder,1770907711.344201,94057,8,1
3,OrderStatus,1770907711.345949,22939,15,1
2,Payment,1770907711.346176,3148,18,1
1,NewOrder,1770907711.347035,10591,14,1
1,NewOrder,1770907711.347336,5058,9,1
1,NewOrder,1770907711.347937,8820,22,1
1,NewOrder,1770907711.349347,2633,18,1
1,NewOrder,1770907711.349590,16800,21,1
4,Delivery,1770907711.351423,6202,19,1
1,NewOrder,1770907711.351999,33293,18,1
5,StockLevel,1770907711.352419,2289,9,1
1,NewOrder,1770907711.354734,2519,9,1
4,Delivery,1770907711.356776,1219,22,1
1,NewOrder,1770907711.357273,4023,9,1
2,Payment,1770907711.357653,1470,19,1
1,NewOrder,1770907711.357658,13344,14,1
2,Payment,1770907711.358012,2420,22,1
1,NewOrder,1770907711.359143,24581,19,1
1,NewOrder,1770907711.360459,4250,22,1
1,NewOrder,1770907711.361313,3974,9,1
2,Payment,1770907711.364729,10451,22,1
4,Delivery,1770907711.365305,3988,9,1
2,Payment,1770907711.366415,10254,21,1
4,Delivery,1770907711.366535,43050,13,1
2,Payment,1770907711.368864,11376,10,1
5,StockLevel,1770907711.368908,2580,15,1
1,NewOrder,1770907711.369316,3802,9,1
2,Payment,1770907711.369974,42555,7,1
1,NewOrder,1770907711.371030,45163,14,1
2,Payment,1770907711.371503,5505,15,1
2,Payment,1770907711.371751,57258,2,1
2,Payment,1770907711.373137,37281,9,1
2,Payment,1770907711.373378,4789,6,1
2,Payment,1770907711.374037,65032,5,1
1,NewOrder,1770907711.375192,22547,22,1
2,Payment,1770907711.375849,67796,0,1
1,NewOrder,1770907711.376209,66113,16,1
2,Payment,1770907711.376360,5953,11,1
1,NewOrder,1770907711.376600,4913,1,1
1,NewOrder,1770907711.376694,32077,21,1
1,NewOrder,1770907711.377026,10445,15,1
1,NewOrder,1770907711.378188,73189,6,1
2,Payment,1770907711.380259,3223,10,1
4,Delivery,1770907711.381532,5015,1,1
2,Payment,1770907711.382338,15975,11,1
2,Payment,1770907711.383498,1894,10,1
2,Payment,1770907711.383740,1355,19,1
1,NewOrder,1770907711.385111,3762,19,1
1,NewOrder,1770907711.385307,48927,18,1
2,Payment,1770907711.385411,2812,10,1
1,NewOrder,1770907711.386565,3607,1,1
1,NewOrder,1770907711.387498,36020,15,1
1,NewOrder,1770907711.388252,18674,10,1
3,OrderStatus,1770907711.388901,1930,19,1
1,NewOrder,1770907711.390189,3462,1,1
1,NewOrder,1770907711.390849,4850,19,1
1,NewOrder,1770907711.393668,2606,1,1
1,NewOrder,1770907711.395718,11428,19,1
2,Payment,1770907711.395955,3642,4,1
2,Payment,1770907711.396300,4430,1,1
1,NewOrder,1770907711.397754,7763,22,1
2,Payment,1770907711.398207,2161,20,1
2,Payment,1770907711.398341,10433,11,1
2,Payment,1770907711.399615,70838,4,1
1,NewOrder,1770907711.399807,4458,23,1
2,Payment,1770907711.400388,2175,20,1
1,NewOrder,1770907711.400750,8006,1,1
1,NewOrder,1770907711.402582,30315,20,1
2,Payment,1770907711.404283,2612,23,1
2,Payment,1770907711.405536,48375,22,1
1,NewOrder,1770907711.406913,14977,23,1
2,Payment,1770907711.406955,13221,10,1
1,NewOrder,1770907711.407165,27469,19,1
1,NewOrder,1770907711.408785,5347,1,1
1,NewOrder,1770907711.408793,18994,11,1
5,StockLevel,1770907711.408805,7546,21,1
1,NewOrder,1770907711.409042,23429,17,1
1,NewOrder,1770907711.409603,13808,13,1
2,Payment,1770907711.410436,4026,9,1
1,NewOrder,1770907711.412549,11381,7,1
2,Payment,1770907711.414153,27197,1,1
2,Payment,1770907711.414479,2085,9,1
2,Payment,1770907711.416210,9702,14,1
2,Payment,1770907711.416370,6932,21,1
1,NewOrder,1770907711.416591,8947,9,1
2,Payment,1770907711.420198,1657,10,1
1,NewOrder,1770907711.421678,12977,12,1
1,NewOrder,1770907711.421869,27862,10,1
1,NewOrder,1770907711.421917,28318,23,1
5,StockLevel,1770907711.423329,68952,21,1
5,StockLevel,1770907711.423431,73180,13,1
1,NewOrder,1770907711.423533,53613,15,1
1,NewOrder,1770907711.423950,71171,7,1
2,Payment,1770907711.425558,57328,9,1
2,Payment,1770907711.425931,5442,14,1
2,Payment,1770907711.426930,2916,3,1
5,StockLevel,1770907711.427803,6363,11,1
2,Payment,1770907711.429035,3729,2,1
5,StockLevel,1770907711.429856,1347,3,1
2,Payment,1770907711.431208,2612,3,1
2,Payment,1770907711.431398,57181,14,1
1,NewOrder,1770907711.432498,61949,17,1
4,Delivery,1770907711.432790,10852,2,1
2,Payment,1770907711.432926,1436,20,1
2,Payment,1770907711.433827,1379,3,1
1,NewOrder,1770907711.434193,31105,11,1
5,StockLevel,1770907711.434251,27373,18,1
2,Payment,1770907711.434388,1310,20,1
1,NewOrder,1770907711.434646,42170,19,1
1,NewOrder,1770907711.434672,30010,12,1
2,Payment,1770907711.435214,1588,3,1
3,OrderStatus,1770907711.435714,1369,20,1
1,NewOrder,1770907711.436809,3080,3,1
1,NewOrder,1770907711.437105,8663,20,1
1,NewOrder,1770907711.438273,64238,8,1
1,NewOrder,1770907711.439085,10561,5,1
2,Payment,1770907711.439897,6296,3,1
1,NewOrder,1770907711.441371,3219,1,1
1,NewOrder,1770907711.442352,56622,16,1
5,StockLevel,1770907711.443658,31126,2,1
2,Payment,1770907711.443672,4567,0,1
1,NewOrder,1770907711.444617,2690,1,1
1,NewOrder,1770907711.445794,12538,20,1
2,Payment,1770907711.446206,3642,3,1
1,NewOrder,1770907711.447324,29642,1,1
1,NewOrder,1770907711.448264,26282,0,1
3,OrderStatus,1770907711.449662,9399,5,1
2,Payment,1770907711.449760,66140,10,1
5,StockLevel,1770907711.449865,7149,3,1
5,StockLevel,1770907711.450252,1438,23,1
1,NewOrder,1770907711.451405,4349,6,1
1,NewOrder,1770907711.451704,6872,23,1
1,NewOrder,1770907711.453939,48815,22,1
1,NewOrder,1770907711.455772,7247,6,1
2,Payment,1770907711.457032,13530,3,1
1,NewOrder,1770907711.458353,4855,20,1
1,NewOrder,1770907711.458594,3861,23,1
3,OrderStatus,1770907711.459083,4268,5,1
3,OrderStatus,1770907711.461657,6826,18,1
1,NewOrder,1770907711.462471,5073,23,1
1,NewOrder,1770907711.463047,13156,6,1
1,NewOrder,1770907711.463225,6948,20,1
2,Payment,1770907711.463372,72513,5,1
1,NewOrder,1770907711.464698,49505,12,1
1,NewOrder,1770907711.465316,45544,11,1
2,Payment,1770907711.467560,1489,23,1
1,NewOrder,1770907711.468508,45331,18,1
2,Payment,1770907711.469065,1741,23,1
2,Payment,1770907711.470189,2034,20,1
2,Payment,1770907711.470478,3296,4,1
3,OrderStatus,1770907711.470587,1761,3,1
2,Payment,1770907711.470820,5348,23,1
1,NewOrder,1770907711.472249,3481,20,1
2,Payment,1770907711.472368,3773,3,1
2,Payment,1770907711.473786,27455,4,1
2,Payment,1770907711.474572,5670,0,1
2,Payment,1770907711.474810,3371,2,1
1,NewOrder,1770907711.475744,42758,20,1
2,Payment,1770907711.476164,29498,3,1
1,NewOrder,1770907711.476190,41709,23,1
1,NewOrder,1770907711.476221,2640,6,1
2,Payment,1770907711.476829,1782,19,1
2,Payment,1770907711.476993,5973,1,1
2,Payment,1770907711.477159,14661,15,1
1,NewOrder,1770907711.478194,23965,2,1
1,NewOrder,1770907711.478629,4322,19,1
1,NewOrder,1770907711.478885,7421,6,1
1,NewOrder,1770907711.480266,20063,0,1
2,Payment,1770907711.482913,10146,9,1
1,NewOrder,1770907711.482966,4434,19,1
1,NewOrder,1770907711.482982,2970,1,1
1,NewOrder,1770907711.485967,6980,1,1
2,Payment,1770907711.486325,13366,6,1
2,Payment,1770907711.487414,3966,19,1
2,Payment,1770907711.488605,5328,14,1
2,Payment,1770907711.491395,10840,19,1
2,Payment,1770907711.491846,9386,15,1
1,NewOrder,1770907711.492297,7231,21,1
1,NewOrder,1770907711.492966,2640,1,1
2,Payment,1770907711.493086,2301,9,1
1,NewOrder,1770907711.493958,9281,14,1
5,StockLevel,1770907711.494474,4460,17,1
1,NewOrder,1770907711.495150,6374,7,1
2,Payment,1770907711.495405,2929,9,1
1,NewOrder,1770907711.495621,2769,1,1
2,Payment,1770907711.496626,2039,13,1
1,NewOrder,1770907711.498360,44888,9,1
2,Payment,1770907711.498416,4460,1,1
1,NewOrder,1770907711.498681,58767,13,1
2,Payment,1770907711.498945,50750,17,1
2,Payment,1770907711.498988,45213,16,1
2,Payment,1770907711.499544,45438,21,1
2,Payment,1770907711.499712,1757,6,1
1,NewOrder,1770907711.500356,5202,0,1
2,Payment,1770907711.501252,56502,15,1
4,Delivery,1770907711.501261,41358,4,1
2,Payment,1770907711.501482,2555,6,1
1,NewOrder,1770907711.501554,49338,7,1
2,Payment,1770907711.502232,7655,2,1
2,Payment,1770907711.502385,80808,19,1
2,Payment,1770907711.502598,14333,8,1
2,Payment,1770907711.502867,94882,22,1
1,NewOrder,1770907711.502955,38052,1,1
2,Payment,1770907711.503252,83185,14,1
1,NewOrder,1770907711.504061,22445,6,1
1,NewOrder,1770907711.505703,4337,0,1
1,NewOrder,1770907711.505704,12826,3,1
2,Payment,1770907711.510029,3088,2,1
2,Payment,1770907711.510077,1615,0,1
1,NewOrder,1770907711.510891,10027,11,1
2,Payment,1770907711.511710,3645,0,1
1,NewOrder,1770907711.513135,7913,2,1
2,Payment,1770907711.513875,65827,18,1
4,Delivery,1770907711.514224,6189,12,1
1,NewOrder,1770907711.515375,21557,0,1
2,Payment,1770907711.515937,4862,10,1
1,NewOrder,1770907711.516963,4089,8,1
2,Payment,1770907711.517927,88683,23,1
2,Payment,1770907711.518524,98499,20,1
1,NewOrder,1770907711.518554,5861,3,1
3,OrderStatus,1770907711.520430,7526,12,1
1,NewOrder,1770907711.520825,16280,10,1
2,Payment,1770907711.520930,2030,11,1
1,NewOrder,1770907711.521071,10142,8,1
2,Payment,1770907711.521081,3016,2,1
1,NewOrder,1770907711.522977,5227,11,1
1,NewOrder,1770907711.524117,6811,2,1
2,Payment,1770907711.524441,1314,3,1
2,Payment,1770907711.525774,1253,3,1
1,NewOrder,1770907711.526533,12989,6,1
1,NewOrder,1770907711.527043,9974,3,1
2,Payment,1770907711.527982,80489,12,1
1,NewOrder,1770907711.528222,9337,11,1
1,NewOrder,1770907711.530958,19167,2,1
5,StockLevel,1770907711.531239,4006,8,1
2,Payment,1770907711.535267,23158,8,1
2,Payment,1770907711.535907,2495,5,1
2,Payment,1770907711.536950,2746,0,1
2,Payment,1770907711.537036,12997,3,1
2,Payment,1770907711.537125,1518,10,1
4,Delivery,1770907711.537595,36956,11,1
3,OrderStatus,1770907711.538418,2680,5,1
2,Payment,1770907711.538669,2076,10,1
2,Payment,1770907711.539535,2699,6,1
2,Payment,1770907711.539714,3846,0,1
1,NewOrder,1770907711.540760,25149,10,1
2,Payment,1770907711.541035,3905,1,1
1,NewOrder,1770907711.541123,14773,5,1
2,Payment,1770907711.542252,1723,6,1
1,NewOrder,1770907711.542641,29696,4,1
2,Payment,1770907711.543271,13403,9,1
2,Payment,1770907711.543588,7745,0,1
2,Payment,1770907711.543995,17324,6,1
1,NewOrder,1770907711.544217,28842,16,1
1,NewOrder,1770907711.544957,23038,1,1
2,Payment,1770907711.545000,34137,21,1
1,NewOrder,1770907711.549711,4929,17,1
2,Payment,1770907711.550062,2545,3,1
1,NewOrder,1770907711.550140,10011,2,1
1,NewOrder,1770907711.550919,8213,7,1
1,NewOrder,1770907711.551356,11017,0,1
1,NewOrder,1770907711.552626,12727,3,1
2,Payment,1770907711.554662,27698,17,1
2,Payment,1770907711.555910,4930,5,1
1,NewOrder,1770907711.556696,5044,9,1
1,NewOrder,1770907711.557470,34922,13,1
2,Payment,1770907711.557776,36399,15,1
4,Delivery,1770907711.558450,16488,8,1
1,NewOrder,1770907711.559152,5376,7,1
2,Payment,1770907711.560169,5274,2,1
1,NewOrder,1770907711.560857,15874,5,1
5,StockLevel,1770907711.561331,9058,6,1
5,StockLevel,1770907711.561758,1564,9,1
1,NewOrder,1770907711.562391,9074,0,1
2,Payment,1770907711.563336,2114,9,1
4,Delivery,1770907711.564547,16916,7,1
2,Payment,1770907711.565365,54978,3,1
2,Payment,1770907711.565456,42405,2,1
2,Payment,1770907711.565469,1487,9,1
2,Payment,1770907711.565923,5215,10,1
2,Payment,1770907711.566973,1232,9,1
5,StockLevel,1770907711.568021,4722,1,1
1,NewOrder,1770907711.568220,7341,9,1
2,Payment,1770907711.570402,2545,6,1
1,NewOrder,1770907711.571156,4640,10,1
2,Payment,1770907711.571484,47133,0,1
2,Payment,1770907711.572365,31117,4,1
1,NewOrder,1770907711.572758,17481,1,1
3,OrderStatus,1770907711.572973,1598,6,1
2,Payment,1770907711.573074,15325,16,1
1,NewOrder,1770907711.574572,15420,11,1
1,NewOrder,1770907711.574589,15737,6,1
2,Payment,1770907711.574957,1453,8,1
2,Payment,1770907711.575588,29377,9,1
1,NewOrder,1770907711.575812,87027,10,1
1,NewOrder,1770907711.576429,82109,8,1
3,OrderStatus,1770907711.576747,1911,5,1
2,Payment,1770907711.578675,78148,5,1
2,Payment,1770907711.579165,5332,21,1
1,NewOrder,1770907711.579715,24768,18,1
1,NewOrder,1770907711.581481,9913,7,1
1,NewOrder,1770907711.582378,4245,17,1
1,NewOrder,1770907711.583214,14742,19,1
1,NewOrder,1770907711.584516,13797,21,1
2,Payment,1770907711.586470,13276,14,1
3,OrderStatus,1770907711.586640,1217,17,1
3,OrderStatus,1770907711.587873,1244,17,1
1,NewOrder,1770907711.588423,5970,16,1
1,NewOrder,1770907711.589135,5290,17,1
2,Payment,1770907711.590010,37297,11,1
1,NewOrder,1770907711.590252,13125,1,1
2,Payment,1770907711.590351,38226,6,1
1,NewOrder,1770907711.591420,11846,7,1
2,Payment,1770907711.592417,3526,13,1
2,Payment,1770907711.594202,2609,15,1
2,Payment,1770907711.594411,7831,16,1
1,NewOrder,1770907711.594440,3869,17,1
1,NewOrder,1770907711.595962,65027,13,1
2,Payment,1770907711.596829,6854,15,1
2,Payment,1770907711.597776,11385,22,1
2,Payment,1770907711.597968,9771,19,1
5,StockLevel,1770907711.598325,1525,17,1
1,NewOrder,1770907711.598330,61229,21,1
1,NewOrder,1770907711.599771,5530,14,1
1,NewOrder,1770907711.599878,3360,17,1
2,Payment,1770907711.602261,4265,16,1
1,NewOrder,1770907711.603256,30987,17,1
1,NewOrder,1770907711.603285,50990,7,1
1,NewOrder,1770907711.603403,78400,1,1
2,Payment,1770907711.603498,2227,4,1
1,NewOrder,1770907711.603704,6270,15,1
1,NewOrder,1770907711.604501,33844,18,1
1,NewOrder,1770907711.604980,39301,9,1
2,Payment,1770907711.605325,6713,14,1
1,NewOrder,1770907711.605750,13399,4,1
1,NewOrder,1770907711.606544,29724,16,1
1,NewOrder,1770907711.606624,34264,23,1
2,Payment,1770907711.607750,2689,19,1
2,Payment,1770907711.607876,55044,2,1
2,Payment,1770907711.608509,3909,12,1
1,NewOrder,1770907711.609180,9135,22,1
1,NewOrder,1770907711.609996,5783,15,1
2,Payment,1770907711.610455,1279,19,1
1,NewOrder,1770907711.611748,7857,19,1
2,Payment,1770907711.612071,5580,14,1
5,StockLevel,1770907711.612438,1607,12,1
5,StockLevel,1770907711.614059,1224,12,1
2,Payment,1770907711.615295,3284,12,1
1,NewOrder,1770907711.615796,10147,15,1
2,Payment,1770907711.617042,2637,20,1
2,Payment,1770907711.617677,8648,14,1
1,NewOrder,1770907711.618331,22868,22,1
2,Payment,1770907711.618595,1295,12,1
1,NewOrder,1770907711.618636,7328,0,1
2,Payment,1770907711.619175,6856,4,1
1,NewOrder,1770907711.619622,6366,19,1
1,NewOrder,1770907711.619694,21529,20,1
2,Payment,1770907711.619905,4631,12,1
2,Payment,1770907711.620364,29386,3,1
2,Payment,1770907711.624562,2852,12,1
2,Payment,1770907711.625958,4986,15,1
1,NewOrder,1770907711.625982,39899,0,1
1,NewOrder,1770907711.626004,18221,19,1
1,NewOrder,1770907711.626058,26788,4,1
1,NewOrder,1770907711.626343,4838,14,1
1,NewOrder,1770907711.627333,33518,11,1
2,Payment,1770907711.627430,1621,12,1
1,NewOrder,1770907711.628596,32955,6,1
2,Payment,1770907711.629068,10245,12,1
1,NewOrder,1770907711.630965,3494,15,1
1,NewOrder,1770907711.631198,34738,14,1
1,NewOrder,1770907711.634262,38431,17,1
1,NewOrder,1770907711.634476,9502,15,1
1,NewOrder,1770907711.636294,34382,16,1
2,Payment,1770907711.638374,1515,18,1
1,NewOrder,1770907711.639332,56533,12,1
2,Payment,1770907711.639910,1820,18,1
2,Payment,1770907711.640916,3266,23,1
1,NewOrder,1770907711.641227,23065,22,1
1,NewOrder,1770907711.641248,29373,20,1
2,Payment,1770907711.641750,3697,18,1
2,Payment,1770907711.644004,2241,15,1
4,Delivery,1770907711.644195,20999,23,1
1,NewOrder,1770907711.644248,8055,19,1
1,NewOrder,1770907711.644308,56985,9,1
1,NewOrder,1770907711.645463,2792,18,1
2,Payment,1770907711.646266,1687,15,1
2,Payment,1770907711.647971,1490,15,1
1,NewOrder,1770907711.648270,50105,18,1
5,StockLevel,1770907711.649477,13264,15,1
1,NewOrder,1770907711.649776,34982,3,1
1,NewOrder,1770907711.652327,31958,19,1
2,Payment,1770907711.652872,12749,4,1
1,NewOrder,1770907711.654302,22183,7,1
2,Payment,1770907711.656851,11790,5,1
1,NewOrder,1770907711.658564,42826,8,1
4,Delivery,1770907711.659586,6570,21,1
2,Payment,1770907711.660878,9860,11,1
2,Payment,1770907711.661015,9767,13,1
2,Payment,1770907711.661595,1947,6,1
2,Payment,1770907711.662768,21080,15,1
1,NewOrder,1770907711.662866,34355,10,1
2,Payment,1770907711.662946,23472,2,1
1,NewOrder,1770907711.663560,4266,6,1
2,Payment,1770907711.664318,20203,22,1
2,Payment,1770907711.665213,23284,23,1
2,Payment,1770907711.665655,21801,4,1
2,Payment,1770907711.665894,30772,0,1
1,NewOrder,1770907711.665963,10193,14,1
1,NewOrder,1770907711.666179,49237,21,1
2,Payment,1770907711.667850,4877,6,1
1,NewOrder,1770907711.668668,38333,5,1
2,Payment,1770907711.670647,15597,20,1
2,Payment,1770907711.670697,2152,16,1
2,Payment,1770907711.670757,4630,11,1
2,Payment,1770907711.670811,3701,13,1
1,NewOrder,1770907711.672719,7994,17,1
4,Delivery,1770907711.672747,9044,6,1
2,Payment,1770907711.672876,3431,16,1
1,NewOrder,1770907711.674537,4786,13,1
1,NewOrder,1770907711.675413,8094,11,1
2,Payment,1770907711.676183,1708,14,1
2,Payment,1770907711.676331,2768,16,1
2,Payment,1770907711.676511,1764,7,1
1,NewOrder,1770907711.677911,61354,14,1
2,Payment,1770907711.678295,2692,7,1
2,Payment,1770907711.679118,46479,16,1
3,OrderStatus,1770907711.679344,4055,13,1
2,Payment,1770907711.680738,52169,17,1
1,NewOrder,1770907711.681003,60113,7,1
2,Payment,1770907711.681817,2476,6,1
2,Payment,1770907711.681821,35394,1,1
1,NewOrder,1770907711.683418,54859,13,1
2,Payment,1770907711.683521,40267,11,1
1,NewOrder,1770907711.683867,40946,15,1
2,Payment,1770907711.684316,3890,6,1
1,NewOrder,1770907711.684321,43208,19,1
1,NewOrder,1770907711.684541,4138,22,1
4,Delivery,1770907711.684784,19842,3,1
2,Payment,1770907711.686261,3372,20,1
1,NewOrder,1770907711.686444,16440,2,1
1,NewOrder,1770907711.687476,17811,4,1
1,NewOrder,1770907711.688216,18912,6,1
2,Payment,1770907711.688516,7304,23,1
2,Payment,1770907711.688705,2700,22,1
1,NewOrder,1770907711.689652,11389,20,1
4,Delivery,1770907711.691425,22380,22,1
2,Payment,1770907711.695839,1342,23,1
2,Payment,1770907711.695892,58819,12,1
3,OrderStatus,1770907711.696689,2236,0,1
2,Payment,1770907711.697197,1175,23,1
1,NewOrder,1770907711.697251,24350,10,1
1,NewOrder,1770907711.698387,19137,23,1
5,StockLevel,1770907711.698402,15953,18,1
2,Payment,1770907711.698947,2731,0,1
5,StockLevel,1770907711.701055,4209,20,1
2,Payment,1770907711.701321,4239,9,1
1,NewOrder,1770907711.701416,61056,8,1
5,StockLevel,1770907711.701697,2669,0,1
1,NewOrder,1770907711.702910,98980,2,1
1,NewOrder,1770907711.704381,15233,0,1
1,NewOrder,1770907711.704651,6401,3,1
1,NewOrder,1770907711.705279,61525,20,1
2,Payment,1770907711.705313,4548,4,1
1,NewOrder,1770907711.705603,97318,9,1
1,NewOrder,1770907711.707032,12882,5,1
1,NewOrder,1770907711.707148,5927,6,1
1,NewOrder,1770907711.709878,13186,4,1
1,NewOrder,1770907711.711075,13440,3,1
1,NewOrder,1770907711.713096,10778,6,1
2,Payment,1770907711.713824,6209,22,1
2,Payment,1770907711.714393,41327,18,1
1,NewOrder,1770907711.715441,10876,21,1
2,Payment,1770907711.717240,4587,1,1
2,Payment,1770907711.717541,39213,23,1
1,NewOrder,1770907711.719645,9994,0,1
2,Payment,1770907711.719934,3733,5,1
1,NewOrder,1770907711.720044,89597,22,1
1,NewOrder,1770907711.721612,91288,10,1
2,Payment,1770907711.721849,3619,1,1
2,Payment,1770907711.723080,39213,4,1
2,Payment,1770907711.723678,87263,5,1
4,Delivery,1770907711.723809,38101,11,1
1,NewOrder,1770907711.723896,68336,6,1
1,NewOrder,1770907711.724531,29624,3,1
2,Payment,1770907711.724830,31640,15,1
2,Payment,1770907711.725485,1249,1,1
1,NewOrder,1770907711.725624,7117,16,1
2,Payment,1770907711.726334,38925,21,1
1,NewOrder,1770907711.726751,4065,1,1
1,NewOrder,1770907711.727544,20600,19,1
1,NewOrder,1770907711.729665,19438,0,1
4,Delivery,1770907711.730835,8510,1,1
1,NewOrder,1770907711.732768,16162,16,1
1,NewOrder,1770907711.732932,6346,17,1
2,Payment,1770907711.738381,2117,13,1
1,NewOrder,1770907711.739302,7814,14,1
2,Payment,1770907711.739303,3313,17,1
1,NewOrder,1770907711.739371,3548,1,1
1,NewOrder,1770907711.740510,36530,13,1
1,NewOrder,1770907711.741142,39034,7,1
1,NewOrder,1770907711.742637,3394,17,1
1,NewOrder,1770907711.742939,3793,1,1
2,Payment,1770907711.746047,1576,17,1
2,Payment,1770907711.746748,2540,1,1
2,Payment,1770907711.747146,33478,14,1
2,Payment,1770907711.747641,1836,17,1
2,Payment,1770907711.748174,24024,19,1
2,Payment,1770907711.748966,1670,16,1
1,NewOrder,1770907711.749129,5283,0,1
2,Payment,1770907711.749303,64500,1,1
1,NewOrder,1770907711.749493,29677,17,1
1,NewOrder,1770907711.750654,3817,16,1
2,Payment,1770907711.754175,61541,3,1
1,NewOrder,1770907711.754431,24819,0,1
1,NewOrder,1770907711.754485,28807,16,1
1,NewOrder,1770907711.754731,3284,12,1
3,OrderStatus,1770907711.755732,6428,18,1
5,StockLevel,1770907711.756486,12989,15,1
1,NewOrder,1770907711.756769,4145,23,1
2,Payment,1770907711.758033,1374,12,1
2,Payment,1770907711.759420,1156,12,1
1,NewOrder,1770907711.760589,6886,12,1
4,Delivery,1770907711.760934,72731,23,1
2,Payment,1770907711.761935,5227,11,1
5,StockLevel,1770907711.762172,39745,18,1
2,Payment,1770907711.762309,39746,4,1
2,Payment,1770907711.762490,1388,8,1
1,NewOrder,1770907711.763903,63080,8,1
1,NewOrder,1770907711.765271,2530,21,1
5,StockLevel,1770907711.766820,52636,20,1
2,Payment,1770907711.767186,3170,11,1
2,Payment,1770907711.767489,1650,12,1
2,Payment,1770907711.767812,963,21,1
2,Payment,1770907711.768784,1110,21,1
2,Payment,1770907711.769152,9964,12,1
2,Payment,1770907711.769496,18997,15,1
1,NewOrder,1770907711.769903,3463,21,1
1,NewOrder,1770907711.770376,2737,11,1
1,NewOrder,1770907711.772217,14946,19,1
1,NewOrder,1770907711.773129,22319,11,1
1,NewOrder,1770907711.773378,2022,21,1
1,NewOrder,1770907711.775411,5242,21,1
1,NewOrder,1770907711.777058,9346,13,1
1,NewOrder,1770907711.779143,22325,12,1
1,NewOrder,1770907711.779187,3208,17,1
1,NewOrder,1770907711.779273,19182,0,1
3,OrderStatus,1770907711.780188,1814,7,1
1,NewOrder,1770907711.780636,5937,14,1
1,NewOrder,1770907711.780664,6687,21,1
1,NewOrder,1770907711.782018,29843,7,1
3,OrderStatus,1770907711.782411,1013,17,1
2,Payment,1770907711.783312,1964,16,1
4,Delivery,1770907711.783439,123797,17,1
1,NewOrder,1770907711.785293,110632,16,1
2,Payment,1770907711.786423,5935,13,1
1,NewOrder,1770907711.786582,4310,14,1
1,NewOrder,1770907711.787170,11229,19,1
1,NewOrder,1770907711.787362,4165,21,1
2,Payment,1770907711.788510,4537,15,1
1,NewOrder,1770907711.790908,100956,14,1
2,Payment,1770907711.791539,1009,21,1
2,Payment,1770907711.792242,2525,6,1
1,NewOrder,1770907711.792371,100214,13,1
1,NewOrder,1770907711.792555,2502,21,1
4,Delivery,1770907711.793066,111659,15,1
2,Payment,1770907711.794780,2219,6,1
1,NewOrder,1770907711.795067,3346,21,1
1,NewOrder,1770907711.795474,21917,11,1
1,NewOrder,1770907711.797010,9050,6,1
1,NewOrder,1770907711.798408,17885,19,1
1,NewOrder,1770907711.798424,6140,21,1
2,Payment,1770907711.798469,21648,0,1
1,NewOrder,1770907711.801489,23602,12,1
3,OrderStatus,1770907711.801905,6741,2,1
1,NewOrder,1770907711.801928,4388,18,1
2,Payment,1770907711.802069,10492,4,1
1,NewOrder,1770907711.802940,36855,9,1
1,NewOrder,1770907711.804575,94223,21,1
2,Payment,1770907711.806078,5100,6,1
2,Payment,1770907711.806329,1038,18,1
2,Payment,1770907711.807377,1412,18,1
1,NewOrder,1770907711.808661,34066,2,1
1,NewOrder,1770907711.808800,2338,18,1
4,Delivery,1770907711.809666,24447,22,1
2,Payment,1770907711.810966,10121,5,1
4,Delivery,1770907711.811149,22805,18,1
3,OrderStatus,1770907711.811203,1401,6,1
2,Payment,1770907711.811876,9002,7,1
1,NewOrder,1770907711.812575,18520,4,1
1,NewOrder,1770907711.812625,6628,6,1
1,NewOrder,1770907711.812913,26542,10,1
1,NewOrder,1770907711.813825,3565,1,1
2,Payment,1770907711.815727,7638,3,1
2,Payment,1770907711.816317,65294,19,1
1,NewOrder,1770907711.817411,106173,11,1
2,Payment,1770907711.817414,52333,1,1
3,OrderStatus,1770907711.819272,2276,6,1
5,StockLevel,1770907711.819471,15741,20,1
1,NewOrder,1770907711.820132,68609,0,1
2,Payment,1770907711.820897,68893,7,1
1,NewOrder,1770907711.821099,3211,5,1
2,Payment,1770907711.821589,53279,6,1
2,Payment,1770907711.823381,46928,3,1
1,NewOrder,1770907711.824327,9769,5,1
2,Payment,1770907711.825109,7076,12,1
1,NewOrder,1770907711.827039,19725,8,1
2,Payment,1770907711.831117,3227,4,1
1,NewOrder,1770907711.832207,3891,12,1
1,NewOrder,1770907711.833688,10701,23,1
1,NewOrder,1770907711.833964,12742,18,1
3,OrderStatus,1770907711.834128,26172,5,1
2,Payment,1770907711.834140,48844,22,1
2,Payment,1770907711.834363,2703,4,1
2,Payment,1770907711.835241,70071,20,1
1,NewOrder,1770907711.836120,2986,12,1
1,NewOrder,1770907711.837089,27950,4,1
1,NewOrder,1770907711.839126,3149,12,1
1,NewOrder,1770907711.839482,6960,10,1
5,StockLevel,1770907711.839838,6109,9,1
1,NewOrder,1770907711.842296,4614,12,1
1,NewOrder,1770907711.842755,7169,2,1
1,NewOrder,1770907711.844398,5439,23,1
1,NewOrder,1770907711.845964,11075,9,1
1,NewOrder,1770907711.846465,16169,10,1
1,NewOrder,1770907711.846735,2677,18,1
4,Delivery,1770907711.846791,10274,8,1
2,Payment,1770907711.846930,2256,12,1
2,Payment,1770907711.849207,2435,12,1
1,NewOrder,1770907711.849436,4032,18,1
4,Delivery,1770907711.849849,20696,23,1
1,NewOrder,1770907711.849945,11321,2,1
1,NewOrder,1770907711.851659,10671,12,1
1,NewOrder,1770907711.853481,3190,18,1
1,NewOrder,1770907711.856681,3111,18,1
3,OrderStatus,1770907711.857060,2145,9,1
1,NewOrder,1770907711.857085,10370,8,1
1,NewOrder,1770907711.859221,9444,9,1
2,Payment,1770907711.859820,72131,18,1
4,Delivery,1770907711.860320,22242,5,1
1,NewOrder,1770907711.861291,10883,2,1
2,Payment,1770907711.862345,1798,12,1
2,Payment,1770907711.862652,13083,10,1
3,OrderStatus,1770907711.864160,1756,12,1
2,Payment,1770907711.865059,6329,4,1
1,NewOrder,1770907711.865937,32981,12,1
1,NewOrder,1770907711.867482,5287,8,1
2,Payment,1770907711.868684,11320,9,1
4,Delivery,1770907711.869772,13334,1,1
2,Payment,1770907711.870328,2729,3,1
1,NewOrder,1770907711.870561,110280,23,1
2,Payment,1770907711.871407,3786,4,1
1,NewOrder,1770907711.872200,127679,2,1
1,NewOrder,1770907711.872787,136135,8,1
1,NewOrder,1770907711.873074,4471,3,1
2,Payment,1770907711.874891,6317,6,1
1,NewOrder,1770907711.875215,3664,4,1
1,NewOrder,1770907711.875753,4829,10,1
4,Delivery,1770907711.877563,5607,3,1
2,Payment,1770907711.878897,1216,4,1
5,StockLevel,1770907711.880022,104012,9,1
2,Payment,1770907711.880129,1435,4,1
2,Payment,1770907711.880599,8093,10,1
2,Payment,1770907711.881233,24647,6,1
1,NewOrder,1770907711.881593,89137,4,1
1,NewOrder,1770907711.881623,16276,19,1
5,StockLevel,1770907711.882581,2164,5,1
2,Payment,1770907711.883002,23379,22,1
1,NewOrder,1770907711.883123,5712,1,1
1,NewOrder,1770907711.883192,22729,3,1
1,NewOrder,1770907711.884759,15197,5,1
1,NewOrder,1770907711.888718,39897,10,1
2,Payment,1770907711.888766,8476,0,1
1,NewOrder,1770907711.888854,7791,1,1
2,Payment,1770907711.889815,1512,7,1
1,NewOrder,1770907711.891343,7692,7,1
1,NewOrder,1770907711.891891,36378,14,1
2,Payment,1770907711.892605,1815,13,1
2,Payment,1770907711.894440,4572,13,1
1,NewOrder,1770907711.895943,29436,16,1
2,Payment,1770907711.896658,2408,1,1
2,Payment,1770907711.897257,37774,0,1
1,NewOrder,1770907711.897925,31950,19,1
2,Payment,1770907711.898818,11776,21,1
2,Payment,1770907711.898933,1546,12,1
5,StockLevel,1770907711.899026,1723,13,1
1,NewOrder,1770907711.899051,7112,7,1
2,Payment,1770907711.899083,24704,1,1
2,Payment,1770907711.899983,21997,5,1
1,NewOrder,1770907711.900496,2624,12,1
2,Payment,1770907711.900763,1255,13,1
2,Payment,1770907711.902032,1461,13,1
2,Payment,1770907711.903135,1384,12,1
1,NewOrder,1770907711.903508,24494,13,1
1,NewOrder,1770907711.904534,7376,12,1
2,Payment,1770907711.904740,1414,15,1
5,StockLevel,1770907711.905330,7504,20,1
1,NewOrder,1770907711.905891,5462,6,1
2,Payment,1770907711.905940,21248,3,1
2,Payment,1770907711.906169,1180,15,1
2,Payment,1770907711.906182,4892,7,1
1,NewOrder,1770907711.906395,6778,22,1
1,NewOrder,1770907711.907247,47561,17,1
5,StockLevel,1770907711.907356,1499,15,1
2,Payment,1770907711.908862,2458,15,1
2,Payment,1770907711.910612,7138,21,1
1,NewOrder,1770907711.911092,4485,7,1
3,OrderStatus,1770907711.911334,2176,15,1
1,NewOrder,1770907711.911368,7234,6,1
2,Payment,1770907711.911922,1390,12,1
2,Payment,1770907711.912862,18771,20,1
2,Payment,1770907711.913186,22803,22,1
1,NewOrder,1770907711.913324,4149,12,1
2,Payment,1770907711.913527,1113,15,1
2,Payment,1770907711.914653,1543,15,1
2,Payment,1770907711.915603,1117,7,1
1,NewOrder,1770907711.916211,3821,15,1
2,Payment,1770907711.916735,1533,7,1
1,NewOrder,1770907711.917488,36137,12,1
1,NewOrder,1770907711.917775,8885,21,1
1,NewOrder,1770907711.918284,31172,7,1
1,NewOrder,1770907711.918620,39526,6,1
3,OrderStatus,1770907711.920050,2398,15,1
2,Payment,1770907711.922007,3758,5,1
2,Payment,1770907711.922470,1296,15,1
2,Payment,1770907711.923598,5455,11,1
2,Payment,1770907711.923784,1686,15,1
2,Payment,1770907711.923806,4490,1,1
2,Payment,1770907711.925407,4562,16,1
1,NewOrder,1770907711.925487,19641,15,1
2,Payment,1770907711.925791,3907,5,1
2,Payment,1770907711.926677,6573,21,1
2,Payment,1770907711.927215,5437,3,1
2,Payment,1770907711.928026,3321,13,1
2,Payment,1770907711.928295,15267,14,1
2,Payment,1770907711.928314,3207,1,1
1,NewOrder,1770907711.928635,27471,10,1
5,StockLevel,1770907711.929066,19452,11,1
2,Payment,1770907711.929722,8901,5,1
2,Payment,1770907711.929891,7840,19,1
2,Payment,1770907711.929978,15570,16,1
3,OrderStatus,1770907711.931357,11761,13,1
1,NewOrder,1770907711.931542,4914,1,1
2,Payment,1770907711.931648,17194,20,1
5,StockLevel,1770907711.931963,24047,18,1
2,Payment,1770907711.932678,3370,3,1
3,OrderStatus,1770907711.933272,1457,21,1
1,NewOrder,1770907711.934748,21978,21,1
1,NewOrder,1770907711.935049,3918,0,1
1,NewOrder,1770907711.936014,19359,22,1
1,NewOrder,1770907711.936068,19394,3,1
2,Payment,1770907711.936474,3281,1,1
1,NewOrder,1770907711.937757,3783,19,1
1,NewOrder,1770907711.938649,6875,5,1
2,Payment,1770907711.938984,8814,0,1
2,Payment,1770907711.939781,8301,1,1
2,Payment,1770907711.941560,2038,19,1
1,NewOrder,1770907711.943139,88557,13,1
2,Payment,1770907711.943589,50559,14,1
1,NewOrder,1770907711.943615,49884,19,1
2,Payment,1770907711.945151,56750,15,1
1,NewOrder,1770907711.945543,48643,5,1
1,NewOrder,1770907711.945562,49159,16,1
1,NewOrder,1770907711.947811,93565,0,1
2,Payment,1770907711.948102,1378,1,1
1,NewOrder,1770907711.948530,79306,11,1
2,Payment,1770907711.948869,6122,20,1
3,OrderStatus,1770907711.949482,5025,7,1
4,Delivery,1770907711.949497,45808,1,1
1,NewOrder,1770907711.953651,9513,12,1
1,NewOrder,1770907711.954533,14039,7,1
1,NewOrder,1770907711.954834,42262,17,1
1,NewOrder,1770907711.955017,3737,20,1
2,Payment,1770907711.955398,2029,22,1
2,Payment,1770907711.955483,7319,3,1
1,NewOrder,1770907711.956025,15467,18,1
1,NewOrder,1770907711.956124,9599,10,1
1,NewOrder,1770907711.956741,11357,21,1
1,NewOrder,1770907711.957445,5645,22,1
2,Payment,1770907711.958164,5024,6,1
2,Payment,1770907711.958773,1292,20,1
1,NewOrder,1770907711.960081,21897,20,1
1,NewOrder,1770907711.962827,6763,3,1
2,Payment,1770907711.963108,1200,22,1
2,Payment,1770907711.963191,32252,12,1
1,NewOrder,1770907711.963205,27328,6,1
2,Payment,1770907711.964325,1654,22,1
2,Payment,1770907711.965740,2670,10,1
1,NewOrder,1770907711.965998,3806,22,1
1,NewOrder,1770907711.968124,12221,21,1
4,Delivery,1770907711.968424,45312,10,1
1,NewOrder,1770907711.968598,10079,7,1
1,NewOrder,1770907711.969606,3396,3,1
2,Payment,1770907711.969821,1164,22,1
4,Delivery,1770907711.970758,24931,4,1
2,Payment,1770907711.971001,1174,22,1
1,NewOrder,1770907711.971519,10304,18,1
2,Payment,1770907711.972190,1106,22,1
1,NewOrder,1770907711.973018,10950,3,1
4,Delivery,1770907711.973312,6591,22,1
1,NewOrder,1770907711.978697,31782,7,1
5,StockLevel,1770907711.979921,1810,22,1
2,Payment,1770907711.980372,9309,21,1
1,NewOrder,1770907711.980867,45350,23,1
1,NewOrder,1770907711.981746,5047,22,1
1,NewOrder,1770907711.981849,29677,18,1
1,NewOrder,1770907711.981991,3765,20,1
1,NewOrder,1770907711.983982,9811,3,1
1,NewOrder,1770907711.984056,23936,9,1
2,Payment,1770907711.985772,17942,20,1
1,NewOrder,1770907711.986811,6491,22,1
2,Payment,1770907711.989706,19702,21,1
5,StockLevel,1770907711.990560,1902,6,1
2,Payment,1770907711.992486,13008,6,1
2,Payment,1770907711.993320,14508,22,1
2,Payment,1770907711.993513,13687,19,1
1,NewOrder,1770907711.993819,4718,3,1
2,Payment,1770907711.994167,41867,14,1
1,NewOrder,1770907711.994201,40881,5,1
2,Payment,1770907711.994735,40207,16,1
2,Payment,1770907711.995320,37548,1,1
1,NewOrder,1770907711.995461,3555,12,1
1,NewOrder,1770907711.995705,4667,4,1
2,Payment,1770907711.997122,35659,17,1
2,Payment,1770907711.998562,1225,3,1
1,NewOrder,1770907711.999036,5391,12,1
2,Payment,1770907711.999805,2284,3,1
1,NewOrder,1770907711.999905,26309,2,1
1,NewOrder,1770907712.000390,4730,4,1
2,Payment,1770907712.001925,8526,15,1
1,NewOrder,1770907712.002107,25934,3,1
1,NewOrder,1770907712.003741,27917,20,1
2,Payment,1770907712.004453,6903,12,1
1,NewOrder,1770907712.005137,3956,4,1
4,Delivery,1770907712.005514,8542,6,1
5,StockLevel,1770907712.007227,30120,19,1
2,Payment,1770907712.007850,2654,22,1
1,NewOrder,1770907712.008018,19844,9,1
1,NewOrder,1770907712.008949,17372,8,1
2,Payment,1770907712.009111,95118,4,1
1,NewOrder,1770907712.009434,16436,21,1
1,NewOrder,1770907712.010478,27341,15,1
1,NewOrder,1770907712.010507,47857,7,1
2,Payment,1770907712.010524,1294,22,1
4,Delivery,1770907712.011374,7865,12,1
1,NewOrder,1770907712.011549,4646,18,1
1,NewOrder,1770907712.011835,6303,22,1
2,Payment,1770907712.013762,6747,10,1
2,Payment,1770907712.014074,11845,6,1
2,Payment,1770907712.016212,1674,18,1
1,NewOrder,1770907712.017901,37288,18,1
4,Delivery,1770907712.018158,7646,22,1
5,StockLevel,1770907712.019264,1942,12,1
4,Delivery,1770907712.020534,49108,10,1
2,Payment,1770907712.021231,24892,12,1
1,NewOrder,1770907712.025823,20677,22,1
2,Payment,1770907712.025882,1179,21,1
1,NewOrder,1770907712.025938,18138,6,1
2,Payment,1770907712.026248,24209,23,1
2,Payment,1770907712.026249,24283,2,1
2,Payment,1770907712.026349,26279,8,1
2,Payment,1770907712.027076,19397,21,1
1,NewOrder,1770907712.027851,17861,11,1
1,NewOrder,1770907712.027888,41104,9,1
1,NewOrder,1770907712.028067,72436,3,1
2,Payment,1770907712.031684,19981,20,1
1,NewOrder,1770907712.031709,9618,13,1
3,OrderStatus,1770907712.032808,1563,17,1
2,Payment,1770907712.032887,9351,1,1
1,NewOrder,1770907712.034391,3565,17,1
2,Payment,1770907712.034961,2676,16,1
2,Payment,1770907712.035111,2795,5,1
2,Payment,1770907712.036059,3212,14,1
1,NewOrder,1770907712.037369,101667,19,1
1,NewOrder,1770907712.037655,96418,16,1
2,Payment,1770907712.037843,5014,15,1
2,Payment,1770907712.037922,86887,5,1
5,StockLevel,1770907712.037975,1674,17,1
2,Payment,1770907712.039291,78431,14,1
2,Payment,1770907712.039661,77446,17,1
4,Delivery,1770907712.041342,7677,13,1
2,Payment,1770907712.041395,4804,0,1
1,NewOrder,1770907712.042265,6635,1,1
2,Payment,1770907712.042877,90015,15,1
2,Payment,1770907712.044088,126766,6,1
2,Payment,1770907712.045731,153042,11,1
5,StockLevel,1770907712.046148,1624,12,1
2,Payment,1770907712.046223,3036,0,1
1,NewOrder,1770907712.046493,3656,21,1
1,NewOrder,1770907712.046515,7507,22,1
1,NewOrder,1770907712.047799,80346,12,1
1,NewOrder,1770907712.048928,89850,1,1
2,Payment,1770907712.049037,67075,13,1
1,NewOrder,1770907712.049270,89597,0,1
1,NewOrder,1770907712.050161,10284,21,1
2,Payment,1770907712.050483,2797,23,1
1,NewOrder,1770907712.050548,26159,2,1
1,NewOrder,1770907712.051682,5545,20,1
2,Payment,1770907712.052642,4821,8,1
1,NewOrder,1770907712.053301,10977,23,1
1,NewOrder,1770907712.054043,23263,22,1
2,Payment,1770907712.055207,4886,18,1
1,NewOrder,1770907712.057254,9915,20,1
1,NewOrder,1770907712.057475,3224,8,1
1,NewOrder,1770907712.058388,10770,7,1
2,Payment,1770907712.060118,5085,18,1
5,StockLevel,1770907712.060459,8023,21,1
1,NewOrder,1770907712.060716,2589,8,1
1,NewOrder,1770907712.063319,5808,8,1
1,NewOrder,1770907712.064305,7996,23,1
5,StockLevel,1770907712.065232,5259,18,1
2,Payment,1770907712.067195,1903,20,1
4,Delivery,1770907712.068508,15192,21,1
1,NewOrder,1770907712.069006,9862,9,1
2,Payment,1770907712.069117,1646,20,1
1,NewOrder,1770907712.069143,5416,8,1
2,Payment,1770907712.069185,10321,7,1
1,NewOrder,1770907712.069668,11317,10,1
5,StockLevel,1770907712.070519,3219,18,1
2,Payment,1770907712.070778,1222,20,1
1,NewOrder,1770907712.072014,6030,20,1
2,Payment,1770907712.072318,1471,23,1
1,NewOrder,1770907712.073767,6168,18,1
2,Payment,1770907712.073806,1604,23,1
2,Payment,1770907712.074587,4550,8,1
3,OrderStatus,1770907712.075426,1983,23,1
2,Payment,1770907712.076725,26203,2,1
2,Payment,1770907712.077333,9543,22,1
3,OrderStatus,1770907712.077426,2188,23,1
1,NewOrder,1770907712.078069,7252,20,1
1,NewOrder,1770907712.078885,7930,9,1
2,Payment,1770907712.079156,2085,8,1
1,NewOrder,1770907712.079532,21181,7,1
2,Payment,1770907712.079630,8468,23,1
5,StockLevel,1770907712.079950,3186,18,1
1,NewOrder,1770907712.081012,5484,10,1
1,NewOrder,1770907712.081258,2700,8,1
1,NewOrder,1770907712.083151,13061,18,1
2,Payment,1770907712.083724,36032,21,1
1,NewOrder,1770907712.083975,4154,8,1
2,Payment,1770907712.085336,20582,20,1
1,NewOrder,1770907712.086514,12608,10,1
1,NewOrder,1770907712.086832,16717,9,1
1,NewOrder,1770907712.086891,5119,22,1
1,NewOrder,1770907712.088124,3632,23,1
2,Payment,1770907712.088144,1997,8,1
1,NewOrder,1770907712.090156,8648,8,1
4,Delivery,1770907712.091773,8427,23,1
2,Payment,1770907712.092038,1158,22,1
5,StockLevel,1770907712.093212,5465,22,1
1,NewOrder,1770907712.096241,11267,18,1
1,NewOrder,1770907712.098703,80066,22,1
1,NewOrder,1770907712.098825,3332,8,1
1,NewOrder,1770907712.099149,73754,10,1
2,Payment,1770907712.100217,1753,23,1
1,NewOrder,1770907712.100526,13522,3,1
2,Payment,1770907712.100741,4202,7,1
2,Payment,1770907712.101987,5826,23,1
1,NewOrder,1770907712.102172,4704,8,1
1,NewOrder,1770907712.102947,3259,2,1
2,Payment,1770907712.103576,5640,9,1
4,Delivery,1770907712.104253,46355,4,1
1,NewOrder,1770907712.104969,14766,7,1
2,Payment,1770907712.105942,3104,20,1
1,NewOrder,1770907712.106226,4254,2,1
2,Payment,1770907712.106891,57157,8,1
1,NewOrder,1770907712.107519,71546,18,1
1,NewOrder,1770907712.107833,4480,23,1
2,Payment,1770907712.109072,1180,20,1
2,Payment,1770907712.109242,62410,9,1
2,Payment,1770907712.110268,11271,20,1
2,Payment,1770907712.110497,1238,2,1
1,NewOrder,1770907712.111750,3609,2,1
1,NewOrder,1770907712.112330,7673,23,1
1,NewOrder,1770907712.114075,37905,3,1
1,NewOrder,1770907712.115374,4732,2,1
2,Payment,1770907712.116129,5026,13,1
3,OrderStatus,1770907712.117133,5142,17,1
4,Delivery,1770907712.117742,28240,14,1
2,Payment,1770907712.119762,46110,7,1
1,NewOrder,1770907712.119773,43110,21,1
1,NewOrder,1770907712.120014,52110,23,1
2,Payment,1770907712.120133,3609,2,1
1,NewOrder,1770907712.121172,19824,13,1
1,NewOrder,1770907712.121555,5256,20,1
2,Payment,1770907712.122299,7518,17,1
2,Payment,1770907712.123758,4796,2,1
2,Payment,1770907712.124833,5015,5,1
2,Payment,1770907712.126828,1516,20,1
2,Payment,1770907712.128173,21633,12,1
2,Payment,1770907712.128361,1974,20,1
1,NewOrder,1770907712.128568,42814,2,1
5,StockLevel,1770907712.129843,8495,17,1
1,NewOrder,1770907712.129870,3103,5,1
2,Payment,1770907712.130350,8199,20,1
1,NewOrder,1770907712.132911,5799,15,1
5,StockLevel,1770907712.132992,5019,5,1
1,NewOrder,1770907712.134100,12321,16,1
4,Delivery,1770907712.138030,14087,5,1
5,StockLevel,1770907712.138365,4933,17,1
2,Payment,1770907712.138575,20156,20,1
2,Payment,1770907712.138726,1422,15,1
1,NewOrder,1770907712.138795,6246,1,1
2,Payment,1770907712.138893,3736,0,1
1,NewOrder,1770907712.139065,12785,19,1
1,NewOrder,1770907712.140163,5370,15,1
1,NewOrder,1770907712.141022,6737,13,1
2,Payment,1770907712.142654,1950,0,1
2,Payment,1770907712.143324,3470,17,1
1,NewOrder,1770907712.144620,68584,0,1
2,Payment,1770907712.145059,2405,1,1
1,NewOrder,1770907712.145548,65717,15,1
1,NewOrder,1770907712.146006,6487,14,1
1,NewOrder,1770907712.146447,80819,16,1
1,NewOrder,1770907712.146814,76124,17,1
1,NewOrder,1770907712.147480,60469,1,1
1,NewOrder,1770907712.147785,75651,13,1
1,NewOrder,1770907712.149833,4527,12,1
2,Payment,1770907712.150627,2806,4,1
2,Payment,1770907712.151878,7966,19,1
2,Payment,1770907712.152005,2888,3,1
1,NewOrder,1770907712.152137,4278,5,1
2,Payment,1770907712.152513,76929,14,1
2,Payment,1770907712.153452,2434,4,1
1,NewOrder,1770907712.154382,67926,12,1
2,Payment,1770907712.154914,4109,3,1
1,NewOrder,1770907712.155903,5018,4,1
3,OrderStatus,1770907712.156433,1084,5,1
2,Payment,1770907712.157533,3109,5,1
1,NewOrder,1770907712.158757,10608,20,1
1,NewOrder,1770907712.159051,4410,3,1
4,Delivery,1770907712.159863,61472,19,1
1,NewOrder,1770907712.160661,69171,5,1
1,NewOrder,1770907712.160934,2824,4,1
1,NewOrder,1770907712.162910,19813,21,1
5,StockLevel,1770907712.163488,1784,3,1
2,Payment,1770907712.163773,51465,4,1
1,NewOrder,1770907712.164075,3319,8,1
2,Payment,1770907712.165299,77629,3,1
1,NewOrder,1770907712.165887,6094,7,1
2,Payment,1770907712.167412,6224,8,1
1,NewOrder,1770907712.169392,7980,20,1
2,Payment,1770907712.170882,32414,6,1
1,NewOrder,1770907712.171410,9793,2,1
2,Payment,1770907712.171679,2921,9,1
2,Payment,1770907712.172008,28907,7,1
1,NewOrder,1770907712.172142,4515,23,1
2,Payment,1770907712.172920,29298,10,1
3,OrderStatus,1770907712.173656,10312,8,1
1,NewOrder,1770907712.174618,4393,9,1
1,NewOrder,1770907712.176676,12485,23,1
2,Payment,1770907712.177391,3841,20,1
1,NewOrder,1770907712.178796,3407,22,1
5,StockLevel,1770907712.179027,2256,9,1
1,NewOrder,1770907712.179091,8639,18,1
2,Payment,1770907712.181229,62847,2,1
1,NewOrder,1770907712.181259,7043,20,1
2,Payment,1770907712.181308,1486,9,1
1,NewOrder,1770907712.182223,3942,22,1
1,NewOrder,1770907712.182740,14078,21,1
2,Payment,1770907712.182818,1260,9,1
1,NewOrder,1770907712.183994,7468,8,1
1,NewOrder,1770907712.184095,4349,9,1
2,Payment,1770907712.186178,1225,22,1
1,NewOrder,1770907712.187419,8379,22,1
1,NewOrder,1770907712.187747,76265,18,1
1,NewOrder,1770907712.188328,87319,20,1
5,StockLevel,1770907712.188461,1295,9,1
1,NewOrder,1770907712.189181,3984,23,1
1,NewOrder,1770907712.189768,5177,9,1
1,NewOrder,1770907712.191476,5378,8,1
1,NewOrder,1770907712.193183,3065,23,1
1,NewOrder,1770907712.194960,82917,9,1
1,NewOrder,1770907712.195825,90786,22,1
1,NewOrder,1770907712.196264,2460,23,1
2,Payment,1770907712.196845,1212,21,1
2,Payment,1770907712.196864,10672,8,1
2,Payment,1770907712.198074,1192,21,1
1,NewOrder,1770907712.198741,4203,23,1
1,NewOrder,1770907712.198800,11980,11,1
2,Payment,1770907712.199281,1860,21,1
1,NewOrder,1770907712.200940,9651,7,1
1,NewOrder,1770907712.201159,74500,21,1
1,NewOrder,1770907712.202237,8602,10,1
5,StockLevel,1770907712.202961,1613,23,1
1,NewOrder,1770907712.203313,3694,6,1
2,Payment,1770907712.204590,1173,23,1
1,NewOrder,1770907712.205777,4976,23,1
2,Payment,1770907712.207022,3783,6,1
1,NewOrder,1770907712.207553,60376,8,1
1,NewOrder,1770907712.207965,5357,1,1
2,Payment,1770907712.210618,2709,7,1
3,OrderStatus,1770907712.210770,1243,23,1
2,Payment,1770907712.210805,3753,11,1
2,Payment,1770907712.210825,21188,6,1
1,NewOrder,1770907712.210857,39051,10,1
2,Payment,1770907712.211289,19436,15,1
2,Payment,1770907712.212032,1594,23,1
1,NewOrder,1770907712.213216,15468,0,1
1,NewOrder,1770907712.213348,6923,1,1
1,NewOrder,1770907712.213356,21153,7,1
2,Payment,1770907712.213643,3497,23,1
1,NewOrder,1770907712.214575,5010,11,1
3,OrderStatus,1770907712.215252,6250,4,1
1,NewOrder,1770907712.217157,24688,23,1
2,Payment,1770907712.219604,6081,11,1
1,NewOrder,1770907712.220290,15643,1,1
2,Payment,1770907712.221353,5951,19,1
2,Payment,1770907712.221528,72554,4,1
3,OrderStatus,1770907712.222334,2358,12,1
2,Payment,1770907712.222963,13467,17,1
1,NewOrder,1770907712.223463,6622,13,1
4,Delivery,1770907712.224716,13041,12,1
2,Payment,1770907712.225709,1228,11,1
2,Payment,1770907712.226953,1347,11,1
2,Payment,1770907712.227293,11036,16,1
2,Payment,1770907712.227328,3231,19,1
2,Payment,1770907712.228315,1342,11,1
2,Payment,1770907712.228711,66646,0,1
2,Payment,1770907712.229468,71158,14,1
1,NewOrder,1770907712.229673,9910,11,1
1,NewOrder,1770907712.229857,6346,5,1
3,OrderStatus,1770907712.230104,1213,13,1
1,NewOrder,1770907712.230576,81203,19,1
1,NewOrder,1770907712.230745,11880,15,1
1,NewOrder,1770907712.231334,78082,13,1
1,NewOrder,1770907712.232028,10005,6,1
2,Payment,1770907712.234535,8566,7,1
4,Delivery,1770907712.235959,5477,1,1
1,NewOrder,1770907712.236223,2394,5,1
1,NewOrder,1770907712.236456,65159,17,1
1,NewOrder,1770907712.237780,74301,12,1
5,StockLevel,1770907712.238356,25771,16,1
2,Payment,1770907712.238633,57950,5,1
2,Payment,1770907712.239607,60389,11,1
2,Payment,1770907712.241461,7185,1,1
1,NewOrder,1770907712.241864,4260,23,1
2,Payment,1770907712.242050,37678,6,1
2,Payment,1770907712.242637,62225,15,1
2,Payment,1770907712.242955,2698,3,1
2,Payment,1770907712.243127,20963,7,1
1,NewOrder,1770907712.244100,3181,2,1
2,Payment,1770907712.245672,18326,3,1
1,NewOrder,1770907712.246142,3368,23,1
1,NewOrder,1770907712.247298,2989,2,1
1,NewOrder,1770907712.248664,54706,1,1
1,NewOrder,1770907712.249525,18785,23,1
1,NewOrder,1770907712.249926,25285,10,1
1,NewOrder,1770907712.250303,25455,2,1
1,NewOrder,1770907712.264023,29948,3,1
1,NewOrder,1770907712.264032,28124,18,1
1,NewOrder,1770907712.264142,45832,7,1
2,Payment,1770907712.264147,56904,16,1
5,StockLevel,1770907712.267956,12586,8,1
2,Payment,1770907712.268337,1149,23,1
1,NewOrder,1770907712.269499,6197,23,1
1,NewOrder,1770907712.275237,3710,10,1
2,Payment,1770907712.275664,8807,20,1
1,NewOrder,1770907712.275684,16595,21,1
2,Payment,1770907712.275723,5360,23,1
1,NewOrder,1770907712.275785,4094,2,1
2,Payment,1770907712.277893,3143,9,1
1,NewOrder,1770907712.278973,3534,10,1
4,Delivery,1770907712.279754,3544,6,1
3,OrderStatus,1770907712.279898,1177,2,1
1,NewOrder,1770907712.280567,63429,8,1
1,NewOrder,1770907712.281052,58877,9,1
3,OrderStatus,1770907712.281095,1264,2,1
2,Payment,1770907712.281109,11134,23,1
1,NewOrder,1770907712.282377,10384,2,1
1,NewOrder,1770907712.282525,5190,10,1
2,Payment,1770907712.283316,1854,6,1
1,NewOrder,1770907712.284498,76782,20,1
3,OrderStatus,1770907712.285186,2180,6,1
2,Payment,1770907712.286639,52583,22,1
1,NewOrder,1770907712.287381,7696,6,1
5,StockLevel,1770907712.287743,2104,10,1
2,Payment,1770907712.289874,1670,10,1
2,Payment,1770907712.291561,1421,10,1
2,Payment,1770907712.292183,64591,18,1
2,Payment,1770907712.292269,78537,23,1
2,Payment,1770907712.292305,67585,21,1
1,NewOrder,1770907712.292779,77232,2,1
1,NewOrder,1770907712.292997,55351,10,1
1,NewOrder,1770907712.293997,80343,3,1
1,NewOrder,1770907712.294101,9665,4,1
4,Delivery,1770907712.295093,2958,6,1
2,Payment,1770907712.295383,2328,0,1
2,Payment,1770907712.296601,2533,5,1
1,NewOrder,1770907712.297727,2920,0,1
1,NewOrder,1770907712.298077,18549,6,1
1,NewOrder,1770907712.299150,4633,5,1
5,StockLevel,1770907712.300022,11396,11,1
2,Payment,1770907712.300643,7274,14,1
2,Payment,1770907712.300665,1185,0,1
5,StockLevel,1770907712.301630,10322,17,1
2,Payment,1770907712.301865,1864,0,1
1,NewOrder,1770907712.303397,69388,1,1
2,Payment,1770907712.303743,1216,0,1
2,Payment,1770907712.303795,2565,4,1
1,NewOrder,1770907712.303800,66968,5,1
2,Payment,1770907712.304876,4351,15,1
1,NewOrder,1770907712.304988,3224,0,1
5,StockLevel,1770907712.306384,66462,4,1
2,Payment,1770907712.307943,3361,14,1
2,Payment,1770907712.308234,1248,0,1
2,Payment,1770907712.309243,3445,15,1
1,NewOrder,1770907712.309440,4036,13,1
2,Payment,1770907712.309500,45107,0,1
1,NewOrder,1770907712.309987,12475,7,1
2,Payment,1770907712.311330,3460,14,1
4,Delivery,1770907712.311443,27555,11,1
2,Payment,1770907712.311806,1277,19,1
1,NewOrder,1770907712.311966,10411,17,1
1,NewOrder,1770907712.312107,7936,12,1
1,NewOrder,1770907712.312713,15001,15,1
1,NewOrder,1770907712.313102,4160,19,1
1,NewOrder,1770907712.313493,8789,13,1
2,Payment,1770907712.314815,3169,14,1
1,NewOrder,1770907712.316643,11485,6,1
3,OrderStatus,1770907712.317279,1834,19,1
4,Delivery,1770907712.318011,12735,14,1
2,Payment,1770907712.319130,1668,19,1
2,Payment,1770907712.320062,2425,12,1
1,NewOrder,1770907712.320814,43550,19,1
2,Payment,1770907712.321072,2697,16,1
1,NewOrder,1770907712.322310,33846,13,1
2,Payment,1770907712.322403,3482,17,1
1,NewOrder,1770907712.322491,10785,7,1
1,NewOrder,1770907712.322514,37066,12,1
3,OrderStatus,1770907712.323789,1330,16,1
1,NewOrder,1770907712.325140,2940,16,1
2,Payment,1770907712.325903,2015,17,1
1,NewOrder,1770907712.327740,13978,15,1
1,NewOrder,1770907712.327947,5543,17,1
2,Payment,1770907712.328095,1491,16,1
2,Payment,1770907712.328145,2315,6,1
1,NewOrder,1770907712.329613,4583,16,1
1,NewOrder,1770907712.330475,35494,6,1
2,Payment,1770907712.330761,2099,14,1
1,NewOrder,1770907712.332875,105626,14,1
2,Payment,1770907712.333302,56657,7,1
1,NewOrder,1770907712.333511,5457,17,1
1,NewOrder,1770907712.334214,4734,16,1
2,Payment,1770907712.338963,1454,16,1
2,Payment,1770907712.338997,2874,17,1
1,NewOrder,1770907712.339025,22772,11,1
1,NewOrder,1770907712.339249,3520,22,1
2,Payment,1770907712.339954,51248,9,1
2,Payment,1770907712.340433,4064,16,1
1,NewOrder,1770907712.341743,10382,15,1
5,StockLevel,1770907712.341898,1357,17,1
1,NewOrder,1770907712.342788,4316,22,1
2,Payment,1770907712.343273,2333,17,1
2,Payment,1770907712.344024,49239,8,1
2,Payment,1770907712.344521,17222,16,1
1,NewOrder,1770907712.345624,3744,17,1
2,Payment,1770907712.347119,1350,22,1
4,Delivery,1770907712.348374,24901,10,1
4,Delivery,1770907712.348485,23463,22,1
1,NewOrder,1770907712.349385,3360,17,1
2,Payment,1770907712.352152,15386,15,1
3,OrderStatus,1770907712.352759,1239,17,1
2,Payment,1770907712.354018,12163,17,1
3,OrderStatus,1770907712.354626,3221,0,1
1,NewOrder,1770907712.356177,18232,13,1
3,OrderStatus,1770907712.356799,1077,18,1
2,Payment,1770907712.357863,2226,0,1
1,NewOrder,1770907712.357894,6990,18,1
2,Payment,1770907712.359602,84351,12,1
2,Payment,1770907712.359916,11962,21,1
2,Payment,1770907712.360118,12646,0,1
2,Payment,1770907712.361306,55729,20,1
1,NewOrder,1770907712.361759,24518,16,1
5,StockLevel,1770907712.361822,3356,11,1
2,Payment,1770907712.364391,64673,19,1
1,NewOrder,1770907712.364902,3461,18,1
1,NewOrder,1770907712.365203,4247,11,1
1,NewOrder,1770907712.365998,6425,6,1
2,Payment,1770907712.366199,34640,17,1
2,Payment,1770907712.367564,77537,15,1
1,NewOrder,1770907712.368380,2560,18,1
3,OrderStatus,1770907712.369468,980,11,1
2,Payment,1770907712.370037,34200,2,1
2,Payment,1770907712.370464,32254,11,1
5,StockLevel,1770907712.370792,3582,5,1
4,Delivery,1770907712.370833,1523,23,1
2,Payment,1770907712.370956,43716,18,1
1,NewOrder,1770907712.371896,47638,21,1
2,Payment,1770907712.371965,24862,22,1
4,Delivery,1770907712.372379,11388,23,1
2,Payment,1770907712.372451,36405,6,1
2,Payment,1770907712.372779,1219,0,1
1,NewOrder,1770907712.372801,10405,1,1
2,Payment,1770907712.372860,2446,4,1
2,Payment,1770907712.373294,66427,10,1
2,Payment,1770907712.374017,2363,0,1
2,Payment,1770907712.374353,4218,3,1
1,NewOrder,1770907712.374393,7787,5,1
2,Payment,1770907712.374435,89802,13,1
1,NewOrder,1770907712.375319,5960,4,1
1,NewOrder,1770907712.376395,7014,0,1
1,NewOrder,1770907712.378591,14344,3,1
1,NewOrder,1770907712.381293,11667,4,1
1,NewOrder,1770907712.382209,7980,5,1
1,NewOrder,1770907712.383232,9993,1,1
4,Delivery,1770907712.383426,1892,0,1
1,NewOrder,1770907712.383784,5713,23,1
4,Delivery,1770907712.385336,1910,0,1
5,StockLevel,1770907712.386304,3696,16,1
1,NewOrder,1770907712.387262,4487,0,1
2,Payment,1770907712.389513,41534,23,1
1,NewOrder,1770907712.389986,56354,7,1
2,Payment,1770907712.390010,50713,16,1
1,NewOrder,1770907712.390208,18294,5,1
1,NewOrder,1770907712.391228,2565,9,1
2,Payment,1770907712.391767,12426,0,1
1,NewOrder,1770907712.392962,34683,3,1
1,NewOrder,1770907712.392983,3965,4,1
1,NewOrder,1770907712.393240,6603,1,1
1,NewOrder,1770907712.393276,7124,8,1
2,Payment,1770907712.393819,1165,9,1
1,NewOrder,1770907712.394999,4063,9,1
2,Payment,1770907712.396842,27994,22,1
5,StockLevel,1770907712.396974,2576,4,1
1,NewOrder,1770907712.399077,5533,9,1
1,NewOrder,1770907712.399571,14387,4,1
2,Payment,1770907712.399859,24660,1,1
3,OrderStatus,1770907712.400416,2704,8,1
1,NewOrder,1770907712.400863,4064,17,1
1,NewOrder,1770907712.402744,27079,11,1
1,NewOrder,1770907712.403147,6377,8,1
2,Payment,1770907712.404221,22641,0,1
2,Payment,1770907712.404254,1160,2,1
2,Payment,1770907712.404625,4829,9,1
2,Payment,1770907712.404945,42393,17,1
2,Payment,1770907712.405428,1432,2,1
1,NewOrder,1770907712.406874,2681,2,1
1,NewOrder,1770907712.408515,4882,5,1
2,Payment,1770907712.408884,1312,6,1
1,NewOrder,1770907712.409470,6191,9,1
1,NewOrder,1770907712.409545,9225,8,1
1,NewOrder,1770907712.409595,3414,2,1
4,Delivery,1770907712.410215,2869,6,1
1,NewOrder,1770907712.413027,10154,2,1
2,Payment,1770907712.413109,1762,6,1
2,Payment,1770907712.413412,12287,5,1
1,NewOrder,1770907712.413984,44349,4,1
1,NewOrder,1770907712.414689,5782,18,1
2,Payment,1770907712.414891,1178,6,1
1,NewOrder,1770907712.415676,4389,9,1
2,Payment,1770907712.416086,21737,6,1
1,NewOrder,1770907712.417055,3707,20,1
5,StockLevel,1770907712.418788,3720,8,1
1,NewOrder,1770907712.419561,4801,21,1
2,Payment,1770907712.420080,57161,9,1
2,Payment,1770907712.420487,102060,18,1
2,Payment,1770907712.420780,36710,20,1
2,Payment,1770907712.422534,63710,8,1
1,NewOrder,1770907712.423208,34327,2,1
3,OrderStatus,1770907712.424381,26532,21,1
2,Payment,1770907712.424544,7943,1,1
3,OrderStatus,1770907712.424850,1336,22,1
2,Payment,1770907712.425723,2308,5,1
1,NewOrder,1770907712.426204,6123,22,1
2,Payment,1770907712.426887,2450,0,1
1,NewOrder,1770907712.427671,5585,3,1
1,NewOrder,1770907712.428046,10158,5,1
2,Payment,1770907712.429096,3108,19,1
5,StockLevel,1770907712.429354,1922,0,1
1,NewOrder,1770907712.429839,34015,11,1
2,Payment,1770907712.431073,55144,23,1
2,Payment,1770907712.431290,3313,0,1
3,OrderStatus,1770907712.432230,1105,19,1
1,NewOrder,1770907712.432344,34368,22,1
1,NewOrder,1770907712.432502,25329,1,1
5,StockLevel,1770907712.433274,3496,3,1
1,NewOrder,1770907712.433353,6026,19,1
1,NewOrder,1770907712.434621,47697,0,1
1,NewOrder,1770907712.436796,8632,3,1
2,Payment,1770907712.437852,3546,6,1
2,Payment,1770907712.438219,44965,5,1
1,NewOrder,1770907712.438518,18959,14,1
1,NewOrder,1770907712.439405,4186,19,1
2,Payment,1770907712.439741,36375,10,1
1,NewOrder,1770907712.440750,16291,16,1
1,NewOrder,1770907712.441426,35103,6,1
2,Payment,1770907712.443609,29774,19,1
1,NewOrder,1770907712.443968,20767,12,1
4,Delivery,1770907712.445126,12523,15,1
2,Payment,1770907712.445444,50414,3,1
2,Payment,1770907712.446356,49749,7,1
1,NewOrder,1770907712.447365,16376,17,1
1,NewOrder,1770907712.450937,2682,21,1
1,NewOrder,1770907712.453638,4167,21,1
1,NewOrder,1770907712.457067,5470,16,1
4,Delivery,1770907712.457504,4638,14,1
4,Delivery,1770907712.457516,30286,20,1
2,Payment,1770907712.457578,27018,2,1
5,StockLevel,1770907712.457675,6449,15,1
1,NewOrder,1770907712.457822,9455,21,1
1,NewOrder,1770907712.457842,24552,1,1
2,Payment,1770907712.458340,29022,4,1
3,OrderStatus,1770907712.462162,6434,14,1
2,Payment,1770907712.462554,2405,16,1
2,Payment,1770907712.463756,2482,17,1
2,Payment,1770907712.463881,22425,11,1
2,Payment,1770907712.464150,4897,15,1
1,NewOrder,1770907712.464254,5443,13,1
4,Delivery,1770907712.464752,6156,12,1
2,Payment,1770907712.464971,2467,16,1
3,OrderStatus,1770907712.466257,1474,17,1
2,Payment,1770907712.466739,25463,22,1
2,Payment,1770907712.467292,85461,21,1
2,Payment,1770907712.467457,5140,16,1
1,NewOrder,1770907712.467747,4621,17,1
2,Payment,1770907712.468610,39100,14,1
4,Delivery,1770907712.469074,2271,15,1
1,NewOrder,1770907712.469714,2877,13,1
5,StockLevel,1770907712.470924,5255,12,1
3,OrderStatus,1770907712.471363,1403,15,1
5,StockLevel,1770907712.472384,4729,17,1
1,NewOrder,1770907712.472607,2662,13,1
2,Payment,1770907712.472612,84367,16,1
1,NewOrder,1770907712.472782,3413,15,1
1,NewOrder,1770907712.473408,6328,19,1
2,Payment,1770907712.475284,34071,13,1
1,NewOrder,1770907712.476141,6666,10,1
2,Payment,1770907712.476197,40469,12,1
1,NewOrder,1770907712.476224,30738,15,1
1,NewOrder,1770907712.476545,12271,6,1
2,Payment,1770907712.477139,38223,17,1
1,NewOrder,1770907712.477261,4944,9,1
2,Payment,1770907712.479754,1165,19,1
2,Payment,1770907712.480934,1738,19,1
1,NewOrder,1770907712.482221,4890,9,1
2,Payment,1770907712.482345,13040,0,1
1,NewOrder,1770907712.482415,7345,1,1
2,Payment,1770907712.482688,5171,19,1
2,Payment,1770907712.482833,4842,10,1
2,Payment,1770907712.483210,15980,5,1
2,Payment,1770907712.484614,3302,2,1
2,Payment,1770907712.486233,15421,23,1
2,Payment,1770907712.486270,10010,8,1
2,Payment,1770907712.486324,62971,11,1
2,Payment,1770907712.487128,10666,9,1
2,Payment,1770907712.487377,5521,4,1
1,NewOrder,1770907712.487693,4818,10,1
4,Delivery,1770907712.487814,39352,20,1
2,Payment,1770907712.487874,5284,19,1
1,NewOrder,1770907712.487932,3367,2,1
1,NewOrder,1770907712.488845,26189,6,1
2,Payment,1770907712.489774,16287,1,1
2,Payment,1770907712.491314,24390,2,1
2,Payment,1770907712.492216,28101,22,1
5,StockLevel,1770907712.492535,1732,10,1
1,NewOrder,1770907712.492913,36373,4,1
3,OrderStatus,1770907712.493184,1157,19,1
1,NewOrder,1770907712.494283,10560,10,1
1,NewOrder,1770907712.494360,4330,19,1
1,NewOrder,1770907712.495412,31787,0,1
3,OrderStatus,1770907712.495875,1044,3,1
1,NewOrder,1770907712.496121,63713,7,1
1,NewOrder,1770907712.496297,2733,8,1
4,Delivery,1770907712.496935,10794,3,1
1,NewOrder,1770907712.497811,4779,9,1
1,NewOrder,1770907712.498704,2385,19,1
2,Payment,1770907712.499046,3963,8,1
2,Payment,1770907712.499217,5463,5,1
2,Payment,1770907712.501104,1755,19,1
2,Payment,1770907712.501681,4152,23,1
2,Payment,1770907712.502604,10980,9,1
2,Payment,1770907712.502873,4447,19,1
2,Payment,1770907712.503036,4623,8,1
2,Payment,1770907712.504706,12556,5,1
2,Payment,1770907712.504870,4764,10,1
1,NewOrder,1770907712.505859,26134,23,1
2,Payment,1770907712.506079,10227,1,1
2,Payment,1770907712.506989,5219,15,1
2,Payment,1770907712.507334,18435,19,1
2,Payment,1770907712.507678,2983,8,1
2,Payment,1770907712.507730,2681,14,1
1,NewOrder,1770907712.507741,71497,3,1
2,Payment,1770907712.509372,9623,13,1
1,NewOrder,1770907712.509651,37563,10,1
1,NewOrder,1770907712.510428,4090,14,1
1,NewOrder,1770907712.510677,4391,8,1
1,NewOrder,1770907712.512228,57237,15,1
2,Payment,1770907712.513611,36821,9,1
1,NewOrder,1770907712.514535,65010,14,1
2,Payment,1770907712.515057,37362,6,1
1,NewOrder,1770907712.515085,25730,8,1
2,Payment,1770907712.515381,31138,17,1
1,NewOrder,1770907712.515720,18628,2,1
1,NewOrder,1770907712.516332,12723,1,1
4,Delivery,1770907712.516692,1708,12,1
2,Payment,1770907712.517276,5702,5,1
1,NewOrder,1770907712.518417,3092,12,1
1,NewOrder,1770907712.519014,25178,13,1
2,Payment,1770907712.520343,3844,22,1
2,Payment,1770907712.521524,1482,12,1
1,NewOrder,1770907712.522573,12365,18,1
2,Payment,1770907712.522998,4052,5,1
1,NewOrder,1770907712.523021,21126,12,1
1,NewOrder,1770907712.524213,21975,22,1
2,Payment,1770907712.525786,14991,19,1
1,NewOrder,1770907712.527076,21526,5,1
1,NewOrder,1770907712.527184,3099,20,1
3,OrderStatus,1770907712.527212,1850,0,1
2,Payment,1770907712.529082,2615,0,1
1,NewOrder,1770907712.529086,8615,1,1
2,Payment,1770907712.529300,3957,4,1
1,NewOrder,1770907712.530298,4952,20,1
1,NewOrder,1770907712.531716,9121,0,1
2,Payment,1770907712.532018,63717,23,1
1,NewOrder,1770907712.533275,6000,4,1
1,NewOrder,1770907712.534361,112573,2,1
4,Delivery,1770907712.534957,5647,18,1
2,Payment,1770907712.535265,15271,20,1
2,Payment,1770907712.537712,107368,1,1
2,Payment,1770907712.539289,107969,4,1
3,OrderStatus,1770907712.540619,107586,18,1
2,Payment,1770907712.540794,1562,19,1
1,NewOrder,1770907712.540840,101725,8,1
1,NewOrder,1770907712.540858,110070,0,1
2,Payment,1770907712.542371,1523,19,1
2,Payment,1770907712.543907,7592,19,1
1,NewOrder,1770907712.544173,5959,12,1
5,StockLevel,1770907712.544219,1863,13,1
1,NewOrder,1770907712.546100,4002,13,1
1,NewOrder,1770907712.546213,12739,22,1
2,Payment,1770907712.546540,3255,17,1
1,NewOrder,1770907712.547234,23697,10,1
2,Payment,1770907712.548628,106017,5,1
2,Payment,1770907712.549312,5608,11,1
2,Payment,1770907712.549805,6001,17,1
2,Payment,1770907712.550119,23330,13,1
2,Payment,1770907712.550154,16315,12,1
2,Payment,1770907712.550452,2764,9,1
2,Payment,1770907712.550563,17129,20,1
2,Payment,1770907712.551514,2219,19,1
1,NewOrder,1770907712.552436,24538,6,1
2,Payment,1770907712.552768,71892,21,1
2,Payment,1770907712.553231,3124,9,1
1,NewOrder,1770907712.553747,15875,19,1
1,NewOrder,1770907712.554933,20905,11,1
2,Payment,1770907712.555826,2515,17,1
2,Payment,1770907712.556367,1679,9,1
2,Payment,1770907712.556990,3109,16,1
2,Payment,1770907712.558061,8083,9,1
1,NewOrder,1770907712.558352,7178,17,1
1,NewOrder,1770907712.558978,18426,22,1
1,NewOrder,1770907712.559861,23791,7,1
1,NewOrder,1770907712.560113,4581,16,1
2,Payment,1770907712.564707,3052,16,1
2,Payment,1770907712.565545,4295,17,1
2,Payment,1770907712.566156,3339,9,1
2,Payment,1770907712.566497,11949,12,1
1,NewOrder,1770907712.567709,90344,20,1
2,Payment,1770907712.567776,3793,16,1
1,NewOrder,1770907712.569487,20040,15,1
1,NewOrder,1770907712.569512,60014,9,1
2,Payment,1770907712.569649,62927,19,1
1,NewOrder,1770907712.569853,22012,17,1
1,NewOrder,1770907712.570947,11893,10,1
1,NewOrder,1770907712.571585,4665,16,1
1,NewOrder,1770907712.573475,11540,13,1
2,Payment,1770907712.575853,3729,11,1
1,NewOrder,1770907712.576276,4093,16,1
1,NewOrder,1770907712.577000,13170,6,1
1,NewOrder,1770907712.577428,22103,22,1
2,Payment,1770907712.578474,3812,12,1
2,Payment,1770907712.579253,100113,3,1
3,OrderStatus,1770907712.579557,5101,14,1
5,StockLevel,1770907712.579596,8267,11,1
1,NewOrder,1770907712.580387,3788,16,1
1,NewOrder,1770907712.582315,10249,12,1
1,NewOrder,1770907712.582867,19676,10,1
1,NewOrder,1770907712.583669,20210,7,1
1,NewOrder,1770907712.584190,2452,16,1
2,Payment,1770907712.584669,2967,14,1
1,NewOrder,1770907712.585029,9686,13,1
5,StockLevel,1770907712.586656,1585,16,1
1,NewOrder,1770907712.587646,24618,14,1
2,Payment,1770907712.587869,3765,11,1
1,NewOrder,1770907712.588254,3953,16,1
2,Payment,1770907712.589553,9583,15,1
1,NewOrder,1770907712.590197,27701,6,1
1,NewOrder,1770907712.591643,24903,11,1
1,NewOrder,1770907712.591892,7339,17,1
1,NewOrder,1770907712.592222,4551,16,1
2,Payment,1770907712.592593,7649,12,1
1,NewOrder,1770907712.594741,3845,13,1
1,NewOrder,1770907712.595760,57982,23,1
1,NewOrder,1770907712.596786,7463,16,1
1,NewOrder,1770907712.598605,10519,13,1
1,NewOrder,1770907712.599162,16546,15,1
1,NewOrder,1770907712.599256,28418,17,1
2,Payment,1770907712.599549,26219,22,1
2,Payment,1770907712.600268,1130,12,1
2,Payment,1770907712.601414,1335,12,1
1,NewOrder,1770907712.602570,10305,10,1
1,NewOrder,1770907712.602766,4771,12,1
1,NewOrder,1770907712.603905,9928,7,1
2,Payment,1770907712.604265,1557,16,1
4,Delivery,1770907712.605836,52764,16,1
2,Payment,1770907712.607555,1194,12,1
2,Payment,1770907712.608764,1178,12,1
2,Payment,1770907712.609150,2748,13,1
1,NewOrder,1770907712.609959,4090,12,1
2,Payment,1770907712.611918,4067,13,1
1,NewOrder,1770907712.612291,23778,14,1
1,NewOrder,1770907712.612901,18120,10,1
1,NewOrder,1770907712.613860,20084,7,1
3,OrderStatus,1770907712.614066,1678,12,1
1,NewOrder,1770907712.615734,16681,15,1
1,NewOrder,1770907712.615764,5770,12,1
1,NewOrder,1770907712.616012,2822,13,1
1,NewOrder,1770907712.616573,23542,11,1
2,Payment,1770907712.617924,3025,6,1
1,NewOrder,1770907712.618853,3739,13,1
4,Delivery,1770907712.620975,10782,6,1
1,NewOrder,1770907712.621560,17397,12,1
2,Payment,1770907712.622608,1160,13,1
2,Payment,1770907712.623783,1304,13,1
1,NewOrder,1770907712.624681,33327,21,1
2,Payment,1770907712.625103,1547,13,1
1,NewOrder,1770907712.625787,18726,22,1
1,NewOrder,1770907712.626665,86398,13,1
2,Payment,1770907712.627700,4232,17,1
2,Payment,1770907712.629550,12306,9,1
4,Delivery,1770907712.631048,1059,10,1
2,Payment,1770907712.631783,13247,6,1
1,NewOrder,1770907712.631954,3379,17,1
1,NewOrder,1770907712.632124,78428,10,1
2,Payment,1770907712.632435,6311,15,1
5,StockLevel,1770907712.632605,20102,19,1
1,NewOrder,1770907712.633970,82329,7,1
5,StockLevel,1770907712.635352,1392,17,1
4,Delivery,1770907712.636085,62644,14,1
2,Payment,1770907712.636760,7491,17,1
2,Payment,1770907712.638772,74091,15,1
1,NewOrder,1770907712.638981,5826,12,1
2,Payment,1770907712.640152,74196,11,1
1,NewOrder,1770907712.641873,21878,9,1
5,StockLevel,1770907712.642592,1784,8,1
1,NewOrder,1770907712.644264,77248,17,1
1,NewOrder,1770907712.644403,39882,8,1
1,NewOrder,1770907712.644539,51923,22,1
2,Payment,1770907712.644835,30639,12,1
1,NewOrder,1770907712.645050,52360,6,1
3,OrderStatus,1770907712.645107,1293,1,1
2,Payment,1770907712.646419,2064,1,1
1,NewOrder,1770907712.646960,15404,2,1
4,Delivery,1770907712.647272,6991,4,1
1,NewOrder,1770907712.648232,19688,18,1
1,NewOrder,1770907712.648508,21774,1,1
2,Payment,1770907712.650955,4678,0,1
2,Payment,1770907712.652734,5260,19,1
1,NewOrder,1770907712.653768,13812,23,1
2,Payment,1770907712.654279,5429,4,1
1,NewOrder,1770907712.654671,17262,5,1
1,NewOrder,1770907712.655650,18887,0,1
2,Payment,1770907712.658016,2217,19,1
1,NewOrder,1770907712.658027,7978,21,1
1,NewOrder,1770907712.658076,2685,20,1
2,Payment,1770907712.658625,17965,16,1
1,NewOrder,1770907712.659723,14565,4,1
5,StockLevel,1770907712.660250,7062,19,1
3,OrderStatus,1770907712.660778,1038,20,1
1,NewOrder,1770907712.661830,2894,20,1
2,Payment,1770907712.662390,2165,2,1
2,Payment,1770907712.663778,3173,9,1
1,NewOrder,1770907712.664574,11794,2,1
1,NewOrder,1770907712.664751,9510,20,1
2,Payment,1770907712.666030,4542,21,1
1,NewOrder,1770907712.666966,18943,9,1
1,NewOrder,1770907712.667334,21814,19,1
1,NewOrder,1770907712.667606,17872,23,1
1,NewOrder,1770907712.667936,84732,18,1
2,Payment,1770907712.670309,3731,1,1
1,NewOrder,1770907712.670600,30799,21,1
3,OrderStatus,1770907712.671959,2032,5,1
1,NewOrder,1770907712.674013,16484,5,1
1,NewOrder,1770907712.674063,20654,1,1
1,NewOrder,1770907712.674280,3982,20,1
2,Payment,1770907712.674309,6088,4,1
2,Payment,1770907712.674558,7128,0,1
2,Payment,1770907712.675500,3987,12,1
2,Payment,1770907712.676384,13239,2,1
2,Payment,1770907712.676608,1230,16,1
1,NewOrder,1770907712.677850,8250,16,1
1,NewOrder,1770907712.678281,81795,20,1
2,Payment,1770907712.679384,3455,3,1
2,Payment,1770907712.679514,3044,12,1
1,NewOrder,1770907712.680419,14806,4,1
2,Payment,1770907712.681703,2956,0,1
1,NewOrder,1770907712.682570,16458,12,1
2,Payment,1770907712.682855,2840,3,1
1,NewOrder,1770907712.684302,14459,8,1
1,NewOrder,1770907712.684673,67381,0,1
2,Payment,1770907712.685494,11100,23,1
2,Payment,1770907712.685711,1259,3,1
1,NewOrder,1770907712.685935,73451,9,1
5,StockLevel,1770907712.686125,78165,16,1
1,NewOrder,1770907712.686983,2625,3,1
2,Payment,1770907712.689164,13163,19,1
2,Payment,1770907712.689625,1120,3,1
2,Payment,1770907712.689650,13702,2,1
2,Payment,1770907712.690523,2167,5,1
1,NewOrder,1770907712.690760,5601,3,1
2,Payment,1770907712.692709,10939,5,1
1,NewOrder,1770907712.694743,10666,1,1
5,StockLevel,1770907712.695251,5911,4,1
1,NewOrder,1770907712.696376,4727,3,1
1,NewOrder,1770907712.696490,6238,22,1
1,NewOrder,1770907712.696620,68023,23,1
2,Payment,1770907712.697436,4185,6,1
2,Payment,1770907712.698751,14748,14,1
5,StockLevel,1770907712.698787,2882,8,1
2,Payment,1770907712.699056,29263,12,1
2,Payment,1770907712.701120,3793,3,1
2,Payment,1770907712.701188,7070,4,1
1,NewOrder,1770907712.701426,83059,21,1
2,Payment,1770907712.701649,1714,6,1
4,Delivery,1770907712.701694,9232,8,1
2,Payment,1770907712.702342,2024,19,1
2,Payment,1770907712.702754,41420,22,1
2,Payment,1770907712.703370,50149,2,1
1,NewOrder,1770907712.703389,3993,6,1
2,Payment,1770907712.703667,2216,5,1
1,NewOrder,1770907712.704381,48257,19,1
4,Delivery,1770907712.704928,33492,3,1
2,Payment,1770907712.705437,5988,1,1
1,NewOrder,1770907712.705899,27712,5,1
2,Payment,1770907712.707400,1323,6,1
2,Payment,1770907712.708284,1523,4,1
5,StockLevel,1770907712.708738,7472,6,1
1,NewOrder,1770907712.709822,33824,4,1
2,Payment,1770907712.710574,14630,10,1
2,Payment,1770907712.710942,5912,8,1
2,Payment,1770907712.711451,14841,1,1
2,Payment,1770907712.712879,2312,15,1
4,Delivery,1770907712.713075,12436,13,1
1,NewOrder,1770907712.713517,2989,14,1
1,NewOrder,1770907712.714362,18354,11,1
2,Payment,1770907712.715206,1880,15,1
1,NewOrder,1770907712.716237,17579,6,1
2,Payment,1770907712.716324,12445,7,1
1,NewOrder,1770907712.716523,2625,14,1
2,Payment,1770907712.716881,15669,8,1
1,NewOrder,1770907712.717102,7903,15,1
2,Payment,1770907712.719162,1146,14,1
2,Payment,1770907712.720322,1424,14,1
2,Payment,1770907712.721538,5056,17,1
1,NewOrder,1770907712.721759,3876,14,1
1,NewOrder,1770907712.725032,44596,15,1
2,Payment,1770907712.725233,5067,10,1
1,NewOrder,1770907712.725537,68368,13,1
5,StockLevel,1770907712.725651,2091,14,1
4,Delivery,1770907712.726311,12432,1,1
1,NewOrder,1770907712.726620,4219,17,1
1,NewOrder,1770907712.727753,54760,14,1
1,NewOrder,1770907712.728347,9672,12,1
3,OrderStatus,1770907712.728796,1853,7,1
2,Payment,1770907712.730316,4034,10,1
2,Payment,1770907712.730668,7196,7,1
1,NewOrder,1770907712.730859,4851,17,1
2,Payment,1770907712.732576,2918,8,1
1,NewOrder,1770907712.732743,49413,11,1
2,Payment,1770907712.733635,3289,5,1
2,Payment,1770907712.733841,32040,6,1
2,Payment,1770907712.734365,9465,10,1
1,NewOrder,1770907712.735511,46184,8,1
1,NewOrder,1770907712.735729,43212,17,1
1,NewOrder,1770907712.736940,13834,5,1
5,StockLevel,1770907712.737888,34911,7,1
1,NewOrder,1770907712.738035,4857,12,1
1,NewOrder,1770907712.738445,14878,3,1
1,NewOrder,1770907712.738765,6097,1,1
1,NewOrder,1770907712.742908,4361,12,1
2,Payment,1770907712.743665,3171,4,1
1,NewOrder,1770907712.743857,52243,10,1
3,OrderStatus,1770907712.744200,1984,22,1
2,Payment,1770907712.744875,3444,1,1
3,OrderStatus,1770907712.746208,1003,22,1
2,Payment,1770907712.746862,5516,4,1
1,NewOrder,1770907712.747228,5175,22,1
2,Payment,1770907712.747298,1563,12,1
4,Delivery,1770907712.748345,8675,1,1
1,NewOrder,1770907712.748881,28770,12,1
2,Payment,1770907712.750792,4552,5,1
2,Payment,1770907712.752080,5522,0,1
2,Payment,1770907712.752392,13748,4,1
1,NewOrder,1770907712.752420,48767,22,1
2,Payment,1770907712.752664,5919,19,1
1,NewOrder,1770907712.752690,30157,18,1
1,NewOrder,1770907712.753350,33860,3,1
3,OrderStatus,1770907712.753539,1248,2,1
2,Payment,1770907712.754805,1560,2,1
2,Payment,1770907712.755370,9425,5,1
2,Payment,1770907712.756382,2319,2,1
1,NewOrder,1770907712.757045,26844,1,1
1,NewOrder,1770907712.757622,8229,0,1
2,Payment,1770907712.758604,3449,19,1
4,Delivery,1770907712.758717,4375,2,1
1,NewOrder,1770907712.759400,28512,9,1
2,Payment,1770907712.760102,3844,20,1
1,NewOrder,1770907712.762078,40400,19,1
2,Payment,1770907712.763108,6808,2,1
1,NewOrder,1770907712.763972,40159,20,1
2,Payment,1770907712.764307,11319,16,1
2,Payment,1770907712.764667,9050,23,1
2,Payment,1770907712.764805,2453,5,1
1,NewOrder,1770907712.765868,5383,0,1
1,NewOrder,1770907712.765895,34369,6,1
1,NewOrder,1770907712.766158,4011,4,1
2,Payment,1770907712.767274,7359,5,1
2,Payment,1770907712.769664,7294,15,1
2,Payment,1770907712.769932,6959,2,1
1,NewOrder,1770907712.770182,5031,4,1
1,NewOrder,1770907712.771264,34392,0,1
2,Payment,1770907712.772825,6367,7,1
2,Payment,1770907712.773733,10669,23,1
2,Payment,1770907712.774644,6469,5,1
2,Payment,1770907712.775240,4291,4,1
2,Payment,1770907712.775652,10020,16,1
2,Payment,1770907712.776916,18430,2,1
5,StockLevel,1770907712.776990,1715,15,1
1,NewOrder,1770907712.777672,17129,12,1
2,Payment,1770907712.778728,8400,15,1
2,Payment,1770907712.778970,9437,17,1
2,Payment,1770907712.779217,11794,7,1
2,Payment,1770907712.779548,8840,4,1
1,NewOrder,1770907712.781129,44108,5,1
1,NewOrder,1770907712.781723,18035,8,1
1,NewOrder,1770907712.782182,16632,11,1
1,NewOrder,1770907712.782527,21858,14,1
2,Payment,1770907712.782871,17237,18,1
1,NewOrder,1770907712.783905,19558,1,1
2,Payment,1770907712.784431,25847,23,1
2,Payment,1770907712.784508,18316,21,1
2,Payment,1770907712.785697,7021,16,1
4,Delivery,1770907712.787149,5769,15,1
2,Payment,1770907712.787225,12730,3,1
2,Payment,1770907712.787939,11991,9,1
1,NewOrder,1770907712.788402,36862,4,1
2,Payment,1770907712.788422,5708,17,1
3,OrderStatus,1770907712.791037,1212,7,1
2,Payment,1770907712.792267,11525,7,1
2,Payment,1770907712.792745,17449,16,1
1,NewOrder,1770907712.792936,4196,15,1
1,NewOrder,1770907712.793931,54656,13,1
2,Payment,1770907712.794151,21537,17,1
2,Payment,1770907712.794827,59223,12,1
2,Payment,1770907712.795364,21913,2,1
2,Payment,1770907712.796128,14906,10,1
2,Payment,1770907712.797143,48966,15,1
2,Payment,1770907712.798833,6576,11,1
1,NewOrder,1770907712.799784,9173,8,1
2,Payment,1770907712.799948,17515,9,1
2,Payment,1770907712.799974,18659,3,1
1,NewOrder,1770907712.800135,21996,18,1
1,NewOrder,1770907712.800278,54754,6,1
2,Payment,1770907712.801213,2958,22,1
2,Payment,1770907712.802488,37351,19,1
2,Payment,1770907712.802836,6171,21,1
1,NewOrder,1770907712.803492,40540,1,1
2,Payment,1770907712.803819,3031,7,1
5,StockLevel,1770907712.804159,20855,20,1
2,Payment,1770907712.804190,3698,22,1
1,NewOrder,1770907712.804405,5485,14,1
2,Payment,1770907712.805436,2925,11,1
2,Payment,1770907712.805668,113504,0,1
1,NewOrder,1770907712.806876,50459,7,1
2,Payment,1770907712.807905,51162,22,1
2,Payment,1770907712.808381,3683,11,1
2,Payment,1770907712.808969,44019,8,1
2,Payment,1770907712.809036,2290,21,1
2,Payment,1770907712.809908,37360,14,1
1,NewOrder,1770907712.810220,18329,16,1
1,NewOrder,1770907712.810295,7154,23,1
1,NewOrder,1770907712.811062,33231,10,1
1,NewOrder,1770907712.811346,6075,21,1
3,OrderStatus,1770907712.812091,1124,11,1
2,Payment,1770907712.813233,35946,11,1
2,Payment,1770907712.815704,33138,17,1
2,Payment,1770907712.817306,4317,2,1
3,OrderStatus,1770907712.817441,5145,21,1
2,Payment,1770907712.817466,1778,23,1
1,NewOrder,1770907712.817490,3177,9,1
1,NewOrder,1770907712.818658,6276,3,1
4,Delivery,1770907712.819271,14659,23,1
1,NewOrder,1770907712.820688,5427,9,1
1,NewOrder,1770907712.821647,15302,2,1
4,Delivery,1770907712.822160,12156,18,1
1,NewOrder,1770907712.822612,4475,21,1
2,Payment,1770907712.824962,3865,3,1
5,StockLevel,1770907712.825034,8496,20,1
1,NewOrder,1770907712.825265,12915,5,1
2,Payment,1770907712.825291,4752,4,1
4,Delivery,1770907712.826130,20932,9,1
1,NewOrder,1770907712.827106,7258,21,1
2,Payment,1770907712.828576,46520,16,1
1,NewOrder,1770907712.828846,9048,3,1
2,Payment,1770907712.830066,11228,4,1
4,Delivery,1770907712.833557,727,20,1
1,NewOrder,1770907712.833948,6657,23,1
4,Delivery,1770907712.834303,52316,20,1
1,NewOrder,1770907712.834339,3804,18,1
1,NewOrder,1770907712.834391,12599,21,1
2,Payment,1770907712.836965,46018,2,1
2,Payment,1770907712.837932,46271,3,1
2,Payment,1770907712.838193,2797,18,1
5,StockLevel,1770907712.838226,46143,5,1
2,Payment,1770907712.839875,4463,19,1
2,Payment,1770907712.840623,17973,23,1
3,OrderStatus,1770907712.841013,1860,18,1
1,NewOrder,1770907712.841323,6742,4,1
5,StockLevel,1770907712.842896,43437,18,1
2,Payment,1770907712.844045,47411,1,1
2,Payment,1770907712.844312,2975,10,1
5,StockLevel,1770907712.844364,35874,19,1
1,NewOrder,1770907712.846135,18336,15,1
2,Payment,1770907712.847018,24700,21,1
2,Payment,1770907712.847087,25296,9,1
1,NewOrder,1770907712.847289,2403,14,1
4,Delivery,1770907712.847307,12765,10,1
2,Payment,1770907712.848091,52393,4,1
4,Delivery,1770907712.848608,10066,13,1
5,StockLevel,1770907712.848865,3028,17,1
2,Payment,1770907712.849203,1312,11,1
2,Payment,1770907712.849709,5589,14,1
4,Delivery,1770907712.850538,9909,11,1
2,Payment,1770907712.851915,4833,17,1
1,NewOrder,1770907712.853015,4139,8,1
3,OrderStatus,1770907712.854077,3849,12,1
5,StockLevel,1770907712.855046,3497,6,1
4,Delivery,1770907712.855314,3688,14,1
2,Payment,1770907712.856771,1255,17,1
2,Payment,1770907712.857171,56717,8,1
2,Payment,1770907712.857363,73306,7,1
2,Payment,1770907712.857952,8345,12,1
2,Payment,1770907712.858048,9686,17,1
1,NewOrder,1770907712.858570,11349,6,1
1,NewOrder,1770907712.858624,24674,23,1
2,Payment,1770907712.858694,13077,13,1
1,NewOrder,1770907712.859024,4472,14,1
2,Payment,1770907712.859082,1203,22,1
5,StockLevel,1770907712.860089,3369,10,1
2,Payment,1770907712.860301,1147,22,1
1,NewOrder,1770907712.860466,3147,11,1
2,Payment,1770907712.861462,1071,22,1
4,Delivery,1770907712.862546,43930,22,1
1,NewOrder,1770907712.863473,77561,10,1
1,NewOrder,1770907712.863524,3124,14,1
1,NewOrder,1770907712.863635,6162,11,1
3,OrderStatus,1770907712.864494,1451,15,1
1,NewOrder,1770907712.865967,3193,15,1
4,Delivery,1770907712.866318,4570,12,1
1,NewOrder,1770907712.866669,2799,14,1
3,OrderStatus,1770907712.867756,1646,17,1
2,Payment,1770907712.869181,20498,15,1
1,NewOrder,1770907712.869425,4477,17,1
1,NewOrder,1770907712.869487,2699,14,1
2,Payment,1770907712.869820,45087,11,1
1,NewOrder,1770907712.869947,83519,6,1
2,Payment,1770907712.870914,35271,12,1
1,NewOrder,1770907712.871739,6182,21,1
1,NewOrder,1770907712.871789,69340,13,1
1,NewOrder,1770907712.872203,68749,14,1
5,StockLevel,1770907712.872412,1826,9,1
2,Payment,1770907712.873919,2214,17,1
1,NewOrder,1770907712.874267,4252,9,1
1,NewOrder,1770907712.875123,8277,16,1
2,Payment,1770907712.876150,1117,17,1
2,Payment,1770907712.877281,1937,17,1
2,Payment,1770907712.877935,1489,21,1
1,NewOrder,1770907712.878538,44757,9,1
1,NewOrder,1770907712.879234,36264,17,1
2,Payment,1770907712.879436,2363,21,1
2,Payment,1770907712.880254,3139,19,1
1,NewOrder,1770907712.881814,42454,21,1
1,NewOrder,1770907712.882999,13539,2,1
1,NewOrder,1770907712.883326,6637,23,1
1,NewOrder,1770907712.883412,12426,19,1
2,Payment,1770907712.883428,7161,16,1
2,Payment,1770907712.884220,1130,3,1
2,Payment,1770907712.884394,5252,5,1
1,NewOrder,1770907712.885365,4407,3,1
2,Payment,1770907712.886357,5276,18,1
1,NewOrder,1770907712.886645,23903,20,1
2,Payment,1770907712.889673,6790,5,1
1,NewOrder,1770907712.889714,23967,15,1
1,NewOrder,1770907712.889787,3280,3,1
2,Payment,1770907712.889983,5040,23,1
3,OrderStatus,1770907712.890615,2024,16,1
2,Payment,1770907712.891475,6472,1,1
1,NewOrder,1770907712.891652,3320,18,1
1,NewOrder,1770907712.892660,94153,16,1
2,Payment,1770907712.893083,4120,3,1
1,NewOrder,1770907712.894990,103232,18,1
2,Payment,1770907712.895050,17880,23,1
3,OrderStatus,1770907712.895865,1347,19,1
1,NewOrder,1770907712.896482,19684,5,1
5,StockLevel,1770907712.896563,92232,2,1
1,NewOrder,1770907712.897234,106288,3,1
1,NewOrder,1770907712.897235,2830,19,1
1,NewOrder,1770907712.897974,5331,1,1
2,Payment,1770907712.900082,4250,19,1
5,StockLevel,1770907712.900510,2306,4,1
2,Payment,1770907712.902836,7681,4,1
1,NewOrder,1770907712.903320,9694,1,1
5,StockLevel,1770907712.904362,4956,19,1
4,Delivery,1770907712.906212,7474,12,1
2,Payment,1770907712.906498,29230,22,1
1,NewOrder,1770907712.909344,65647,19,1
2,Payment,1770907712.910535,12793,4,1
5,StockLevel,1770907712.910569,77903,20,1
2,Payment,1770907712.912950,1610,23,1
3,OrderStatus,1770907712.913033,4940,1,1
1,NewOrder,1770907712.913700,8361,12,1
1,NewOrder,1770907712.913711,5232,15,1
2,Payment,1770907712.913917,10144,8,1
2,Payment,1770907712.914577,2386,23,1
2,Payment,1770907712.914922,13459,11,1
2,Payment,1770907712.915511,3253,17,1
1,NewOrder,1770907712.916194,70352,5,1
1,NewOrder,1770907712.916978,48804,23,1
1,NewOrder,1770907712.918000,55335,1,1
2,Payment,1770907712.918786,2862,17,1
1,NewOrder,1770907712.918960,2895,15,1
1,NewOrder,1770907712.919185,16586,0,1
1,NewOrder,1770907712.921666,40093,17,1
2,Payment,1770907712.921876,1684,15,1
2,Payment,1770907712.922087,3048,12,1
1,NewOrder,1770907712.923322,47325,9,1
2,Payment,1770907712.923357,56311,4,1
1,NewOrder,1770907712.923577,4235,15,1
1,NewOrder,1770907712.924080,15296,8,1
2,Payment,1770907712.924285,1938,21,1
1,NewOrder,1770907712.925154,8240,12,1
1,NewOrder,1770907712.926241,12998,21,1
2,Payment,1770907712.927829,1141,15,1
2,Payment,1770907712.928399,4217,11,1
1,NewOrder,1770907712.928985,3704,15,1
2,Payment,1770907712.930695,4799,7,1
2,Payment,1770907712.932639,4663,11,1
2,Payment,1770907712.932705,1730,15,1
2,Payment,1770907712.933414,2378,12,1
1,NewOrder,1770907712.934449,36221,15,1
1,NewOrder,1770907712.935520,5363,7,1
2,Payment,1770907712.935748,1962,22,1
1,NewOrder,1770907712.935801,4388,0,1
1,NewOrder,1770907712.935823,37348,12,1
1,NewOrder,1770907712.937318,6943,11,1
2,Payment,1770907712.937727,1681,22,1
2,Payment,1770907712.939266,10046,21,1
2,Payment,1770907712.939392,1179,8,1
1,NewOrder,1770907712.939426,17087,22,1
4,Delivery,1770907712.940208,10780,0,1
2,Payment,1770907712.940586,1878,8,1
1,NewOrder,1770907712.940910,2781,7,1
1,NewOrder,1770907712.940981,6231,14,1
2,Payment,1770907712.941062,8826,10,1
1,NewOrder,1770907712.941145,9414,13,1
3,OrderStatus,1770907712.942478,1973,8,1
1,NewOrder,1770907712.943711,3705,7,1
1,NewOrder,1770907712.944288,8459,11,1
1,NewOrder,1770907712.944468,10291,8,1
2,Payment,1770907712.947240,3213,14,1
2,Payment,1770907712.947433,3804,7,1
2,Payment,1770907712.949339,2473,21,1
5,StockLevel,1770907712.949916,4208,10,1
2,Payment,1770907712.950481,3536,14,1
1,NewOrder,1770907712.950586,15769,13,1
1,NewOrder,1770907712.951017,19646,0,1
1,NewOrder,1770907712.951253,49136,7,1
2,Payment,1770907712.951830,3194,21,1
2,Payment,1770907712.952766,1633,11,1
2,Payment,1770907712.953495,2203,6,1
2,Payment,1770907712.954037,3556,14,1
3,OrderStatus,1770907712.954152,4501,10,1
1,NewOrder,1770907712.954416,9518,11,1
2,Payment,1770907712.954781,1950,8,1
1,NewOrder,1770907712.955053,20990,21,1
1,NewOrder,1770907712.955724,9103,6,1
1,NewOrder,1770907712.956531,19851,22,1
1,NewOrder,1770907712.956747,13846,8,1
2,Payment,1770907712.957621,2096,14,1
2,Payment,1770907712.958678,3355,10,1
2,Payment,1770907712.959736,2321,14,1
2,Payment,1770907712.961777,7574,17,1
1,NewOrder,1770907712.962052,5810,10,1
2,Payment,1770907712.962074,11033,14,1
1,NewOrder,1770907712.963960,5976,11,1
1,NewOrder,1770907712.964853,68664,6,1
1,NewOrder,1770907712.965806,29968,23,1
2,Payment,1770907712.966378,65725,13,1
1,NewOrder,1770907712.967877,79916,10,1
1,NewOrder,1770907712.969379,12103,17,1
2,Payment,1770907712.969955,59576,11,1
1,NewOrder,1770907712.970614,24388,8,1
1,NewOrder,1770907712.970679,2841,9,1
2,Payment,1770907712.970684,2341,0,1
2,Payment,1770907712.970699,3816,15,1
1,NewOrder,1770907712.973052,18889,0,1
5,StockLevel,1770907712.973124,51948,14,1
2,Payment,1770907712.973188,2354,12,1
2,Payment,1770907712.973346,4895,1,1
4,Delivery,1770907712.973548,25829,9,1
3,OrderStatus,1770907712.974541,1594,15,1
1,NewOrder,1770907712.975019,30221,19,1
1,NewOrder,1770907712.975561,2785,12,1
2,Payment,1770907712.976070,6580,21,1
2,Payment,1770907712.976155,1788,15,1
1,NewOrder,1770907712.976400,19668,22,1
4,Delivery,1770907712.977961,14808,15,1
2,Payment,1770907712.978257,3061,1,1
1,NewOrder,1770907712.978375,9333,12,1
1,NewOrder,1770907712.979686,7081,4,1
1,NewOrder,1770907712.981334,5326,1,1
2,Payment,1770907712.981506,2518,17,1
2,Payment,1770907712.982677,6512,21,1
2,Payment,1770907712.984043,2672,17,1
2,Payment,1770907712.986561,10900,5,1
2,Payment,1770907712.986677,3739,1,1
1,NewOrder,1770907712.986730,35281,17,1
2,Payment,1770907712.986794,6327,4,1
1,NewOrder,1770907712.986840,23364,16,1
2,Payment,1770907712.987732,1715,12,1
4,Delivery,1770907712.988499,33814,20,1
5,StockLevel,1770907712.988822,23176,2,1
1,NewOrder,1770907712.989217,24797,21,1
2,Payment,1770907712.989465,1188,12,1
1,NewOrder,1770907712.990432,27706,1,1
1,NewOrder,1770907712.990668,22992,12,1
3,OrderStatus,1770907712.991959,4650,0,1
2,Payment,1770907712.992795,4023,15,1
1,NewOrder,1770907712.993148,33320,4,1
2,Payment,1770907712.995029,38032,8,1
1,NewOrder,1770907712.995800,13655,23,1
2,Payment,1770907712.996082,13673,22,1
1,NewOrder,1770907712.996628,8010,0,1
4,Delivery,1770907712.996846,9722,15,1
1,NewOrder,1770907712.997490,17135,5,1
2,Payment,1770907712.998249,12310,18,1
2,Payment,1770907712.999399,34282,9,1
1,NewOrder,1770907713.000406,21082,7,1
2,Payment,1770907713.003551,6098,3,1
1,NewOrder,1770907713.004666,24028,0,1
3,OrderStatus,1770907713.005268,5256,19,1
5,StockLevel,1770907713.006587,16873,15,1
2,Payment,1770907713.009477,10016,23,1
1,NewOrder,1770907713.009674,34389,3,1
1,NewOrder,1770907713.009793,11040,22,1
1,NewOrder,1770907713.010220,5161,16,1
1,NewOrder,1770907713.010552,33450,19,1
1,NewOrder,1770907713.010584,4336,18,1
1,NewOrder,1770907713.012013,32021,2,1
1,NewOrder,1770907713.013689,77944,12,1
1,NewOrder,1770907713.014042,70716,21,1
2,Payment,1770907713.014645,7698,5,1
1,NewOrder,1770907713.014940,3234,18,1
1,NewOrder,1770907713.015399,4312,16,1
2,Payment,1770907713.018166,11151,1,1
5,StockLevel,1770907713.018191,7861,18,1
1,NewOrder,1770907713.019513,76498,23,1
4,Delivery,1770907713.019728,70548,16,1
2,Payment,1770907713.020861,1424,22,1
1,NewOrder,1770907713.021512,12225,7,1
2,Payment,1770907713.022028,12771,17,1
2,Payment,1770907713.022302,1141,22,1
2,Payment,1770907713.022328,12375,20,1
4,Delivery,1770907713.022369,52669,5,1
1,NewOrder,1770907713.023460,67837,22,1
4,Delivery,1770907713.023488,106197,15,1
1,NewOrder,1770907713.025086,14782,14,1
1,NewOrder,1770907713.026081,69044,18,1
2,Payment,1770907713.026483,17667,4,1
2,Payment,1770907713.028721,1694,0,1
1,NewOrder,1770907713.029344,45035,1,1
4,Delivery,1770907713.029558,29154,11,1
1,NewOrder,1770907713.030436,4530,0,1
2,Payment,1770907713.032120,1589,13,1
1,NewOrder,1770907713.033081,61290,8,1
1,NewOrder,1770907713.033544,19663,6,1
1,NewOrder,1770907713.033707,4127,9,1
1,NewOrder,1770907713.033726,19646,13,1
2,Payment,1770907713.033752,6538,7,1
1,NewOrder,1770907713.034730,62054,20,1
5,StockLevel,1770907713.034818,51019,17,1
1,NewOrder,1770907713.034983,54277,0,1
2,Payment,1770907713.037860,3618,9,1
1,NewOrder,1770907713.039894,16172,14,1
2,Payment,1770907713.040314,10267,7,1
5,StockLevel,1770907713.041505,1704,9,1
1,NewOrder,1770907713.043224,16784,9,1
1,NewOrder,1770907713.044021,47702,19,1
2,Payment,1770907713.044061,1219,2,1
1,NewOrder,1770907713.044092,6543,3,1
4,Delivery,1770907713.044178,31237,4,1
1,NewOrder,1770907713.045296,4158,2,1
1,NewOrder,1770907713.047808,11979,10,1
2,Payment,1770907713.049467,37829,2,1
2,Payment,1770907713.050608,1241,7,1
1,NewOrder,1770907713.050654,46801,3,1
3,OrderStatus,1770907713.051877,1395,7,1
2,Payment,1770907713.053222,2492,6,1
1,NewOrder,1770907713.053290,4412,7,1
1,NewOrder,1770907713.053400,11233,13,1
5,StockLevel,1770907713.055729,3946,6,1
1,NewOrder,1770907713.056079,10345,14,1
2,Payment,1770907713.057720,1496,7,1
2,Payment,1770907713.058738,1572,11,1
1,NewOrder,1770907713.059233,4719,7,1
1,NewOrder,1770907713.059689,90303,6,1
1,NewOrder,1770907713.059816,9863,10,1
1,NewOrder,1770907713.060038,9705,9,1
2,Payment,1770907713.060328,1106,11,1
2,Payment,1770907713.061446,1207,11,1
1,NewOrder,1770907713.062667,3009,11,1
1,NewOrder,1770907713.063979,6394,7,1
2,Payment,1770907713.064660,5026,13,1
2,Payment,1770907713.065690,1094,11,1
4,Delivery,1770907713.066453,82597,14,1
1,NewOrder,1770907713.066799,14405,11,1
2,Payment,1770907713.069706,1324,10,1
2,Payment,1770907713.069714,2553,13,1
1,NewOrder,1770907713.069770,79053,9,1
2,Payment,1770907713.070399,3214,7,1
1,NewOrder,1770907713.071049,4668,10,1
2,Payment,1770907713.072293,1620,13,1
2,Payment,1770907713.073629,4180,7,1
2,Payment,1770907713.073930,1481,13,1
2,Payment,1770907713.074400,32826,1,1
1,NewOrder,1770907713.075062,2952,5,1
1,NewOrder,1770907713.075430,2951,13,1
1,NewOrder,1770907713.075435,5920,4,1
2,Payment,1770907713.075741,3184,10,1
2,Payment,1770907713.077828,2686,7,1
2,Payment,1770907713.078031,19508,5,1
4,Delivery,1770907713.078397,70727,13,1
1,NewOrder,1770907713.078954,71856,10,1
1,NewOrder,1770907713.080531,4046,7,1
2,Payment,1770907713.081232,3233,11,1
2,Payment,1770907713.081374,42525,4,1
1,NewOrder,1770907713.084484,69752,11,1
2,Payment,1770907713.084602,63628,7,1
2,Payment,1770907713.084785,2319,21,1
2,Payment,1770907713.085866,8520,17,1
4,Delivery,1770907713.087123,39250,21,1
2,Payment,1770907713.087317,1156,2,1
1,NewOrder,1770907713.088489,3529,2,1
2,Payment,1770907713.089287,4667,0,1
4,Delivery,1770907713.090295,15238,16,1
2,Payment,1770907713.091326,14555,22,1
2,Payment,1770907713.091651,6959,12,1
1,NewOrder,1770907713.091751,12063,19,1
1,NewOrder,1770907713.092033,4290,2,1
1,NewOrder,1770907713.093981,23778,0,1
2,Payment,1770907713.094387,58794,8,1
2,Payment,1770907713.094414,5505,17,1
2,Payment,1770907713.095153,12311,18,1
2,Payment,1770907713.096040,12572,23,1
1,NewOrder,1770907713.096339,29035,2,1
5,StockLevel,1770907713.096803,9207,20,1
2,Payment,1770907713.097482,1233,3,1
2,Payment,1770907713.097557,3746,5,1
2,Payment,1770907713.098636,2483,12,1
1,NewOrder,1770907713.098743,4770,3,1
1,NewOrder,1770907713.099938,7559,17,1
3,OrderStatus,1770907713.101137,11576,12,1
1,NewOrder,1770907713.101319,2878,5,1
2,Payment,1770907713.103533,4770,3,1
2,Payment,1770907713.103841,6022,19,1
2,Payment,1770907713.104213,12685,5,1
1,NewOrder,1770907713.105550,16085,16,1
1,NewOrder,1770907713.105908,17607,22,1
1,NewOrder,1770907713.106024,38282,20,1
1,NewOrder,1770907713.107244,20191,1,1
1,NewOrder,1770907713.107491,5871,18,1
2,Payment,1770907713.107523,9702,17,1
1,NewOrder,1770907713.108322,2388,3,1
2,Payment,1770907713.108628,3129,23,1
2,Payment,1770907713.109891,3835,19,1
3,OrderStatus,1770907713.110728,1059,3,1
1,NewOrder,1770907713.111776,32642,23,1
1,NewOrder,1770907713.111800,4200,3,1
5,StockLevel,1770907713.112740,31261,12,1
2,Payment,1770907713.113380,5543,18,1
2,Payment,1770907713.113744,9413,19,1
1,NewOrder,1770907713.116018,4650,3,1
1,NewOrder,1770907713.116923,41421,5,1
1,NewOrder,1770907713.117251,27111,17,1
1,NewOrder,1770907713.117786,26936,0,1
1,NewOrder,1770907713.118947,25911,18,1
2,Payment,1770907713.120694,4868,3,1
3,OrderStatus,1770907713.121663,3840,16,1
1,NewOrder,1770907713.123180,38404,19,1
1,NewOrder,1770907713.123535,5770,22,1
1,NewOrder,1770907713.123923,7828,4,1
2,Payment,1770907713.125391,11563,2,1
2,Payment,1770907713.125523,2232,16,1
2,Payment,1770907713.125594,2208,3,1
2,Payment,1770907713.126400,1374,21,1
2,Payment,1770907713.127453,1520,1,1
3,OrderStatus,1770907713.127782,1533,16,1
2,Payment,1770907713.127795,4286,21,1
2,Payment,1770907713.127819,8022,3,1
1,NewOrder,1770907713.128990,4050,1,1
2,Payment,1770907713.129328,4369,22,1
1,NewOrder,1770907713.129338,4052,16,1
1,NewOrder,1770907713.129701,4368,15,1
1,NewOrder,1770907713.131771,17090,4,1
2,Payment,1770907713.132099,3355,21,1
4,Delivery,1770907713.133057,3133,1,1
1,NewOrder,1770907713.133408,4197,16,1
2,Payment,1770907713.133722,10083,22,1
2,Payment,1770907713.134087,13120,15,1
2,Payment,1770907713.135479,16771,21,1
1,NewOrder,1770907713.135868,4891,3,1
1,NewOrder,1770907713.136206,9237,1,1
2,Payment,1770907713.136972,1141,2,1
2,Payment,1770907713.137625,18267,16,1
1,NewOrder,1770907713.138131,6145,2,1
5,StockLevel,1770907713.140780,2869,3,1
1,NewOrder,1770907713.143677,4197,3,1
2,Payment,1770907713.143833,10960,22,1
2,Payment,1770907713.144030,14013,12,1
2,Payment,1770907713.144292,1316,2,1
2,Payment,1770907713.144322,11639,20,1
1,NewOrder,1770907713.144382,21764,17,1
1,NewOrder,1770907713.144445,21681,23,1
1,NewOrder,1770907713.144745,20388,0,1
2,Payment,1770907713.144874,12323,18,1
1,NewOrder,1770907713.145472,18991,1,1
2,Payment,1770907713.145624,13484,2,1
1,NewOrder,1770907713.147222,3738,15,1
2,Payment,1770907713.147892,87879,3,1
2,Payment,1770907713.148257,69156,7,1
1,NewOrder,1770907713.148843,4803,9,1
2,Payment,1770907713.148881,94563,4,1
2,Payment,1770907713.149065,75140,14,1
1,NewOrder,1770907713.149143,4558,13,1
2,Payment,1770907713.150009,63367,6,1
2,Payment,1770907713.150825,76150,10,1
2,Payment,1770907713.150973,60108,15,1
1,NewOrder,1770907713.152277,6001,21,1
1,NewOrder,1770907713.153208,31760,8,1
2,Payment,1770907713.153664,63723,9,1
2,Payment,1770907713.153717,60083,13,1
2,Payment,1770907713.154253,121814,11,1
3,OrderStatus,1770907713.154820,54952,22,1
2,Payment,1770907713.155904,50111,16,1
2,Payment,1770907713.155989,2555,20,1
1,NewOrder,1770907713.157223,4482,18,1
1,NewOrder,1770907713.158066,33040,12,1
2,Payment,1770907713.158296,50483,21,1
1,NewOrder,1770907713.158365,32467,5,1
1,NewOrder,1770907713.158561,9983,20,1
1,NewOrder,1770907713.159135,9660,2,1
3,OrderStatus,1770907713.161611,14363,19,1
2,Payment,1770907713.161721,1193,18,1
1,NewOrder,1770907713.162930,2752,18,1
1,NewOrder,1770907713.164479,18081,1,1
1,NewOrder,1770907713.165160,11374,0,1
1,NewOrder,1770907713.165700,3975,18,1
2,Payment,1770907713.166156,5164,23,1
2,Payment,1770907713.166171,6484,17,1
1,NewOrder,1770907713.168562,17454,20,1
1,NewOrder,1770907713.168823,17552,2,1
1,NewOrder,1770907713.169703,4660,18,1
1,NewOrder,1770907713.171347,14976,23,1
2,Payment,1770907713.172683,3447,17,1
1,NewOrder,1770907713.174381,3952,18,1
3,OrderStatus,1770907713.175999,7361,19,1
5,StockLevel,1770907713.176159,6495,17,1
2,Payment,1770907713.176551,4328,0,1
1,NewOrder,1770907713.178349,3932,18,1
4,Delivery,1770907713.180907,7193,0,1
2,Payment,1770907713.182297,1156,18,1
5,StockLevel,1770907713.182584,7553,1,1
2,Payment,1770907713.182681,4002,17,1
1,NewOrder,1770907713.183381,19921,19,1
1,NewOrder,1770907713.183468,3690,18,1
2,Payment,1770907713.184995,44804,8,1
1,NewOrder,1770907713.186051,85192,20,1
5,StockLevel,1770907713.186350,5310,23,1
1,NewOrder,1770907713.186401,13114,2,1
4,Delivery,1770907713.186709,62191,17,1
1,NewOrder,1770907713.187175,3905,18,1
1,NewOrder,1770907713.188134,6834,0,1
1,NewOrder,1770907713.190155,8424,1,1
1,NewOrder,1770907713.190854,16528,5,1
1,NewOrder,1770907713.191095,4184,18,1
1,NewOrder,1770907713.191123,14715,12,1
3,OrderStatus,1770907713.191687,3064,23,1
1,NewOrder,1770907713.194779,51334,23,1
1,NewOrder,1770907713.194986,8133,0,1
2,Payment,1770907713.195301,1156,18,1
1,NewOrder,1770907713.196472,3970,18,1
3,OrderStatus,1770907713.198599,2897,1,1
2,Payment,1770907713.199542,39004,2,1
1,NewOrder,1770907713.200458,3960,18,1
1,NewOrder,1770907713.201513,46478,1,1
4,Delivery,1770907713.203147,42371,0,1
1,NewOrder,1770907713.203319,16653,19,1
1,NewOrder,1770907713.204434,5048,18,1
2,Payment,1770907713.205867,2672,12,1
1,NewOrder,1770907713.206038,9892,16,1
1,NewOrder,1770907713.207409,7718,5,1
1,NewOrder,1770907713.208557,8556,12,1
1,NewOrder,1770907713.208808,6775,21,1
1,NewOrder,1770907713.209497,11256,18,1
1,NewOrder,1770907713.209797,65681,22,1
1,NewOrder,1770907713.211099,3376,15,1
1,NewOrder,1770907713.213394,73638,6,1
3,OrderStatus,1770907713.213828,2529,13,1
5,StockLevel,1770907713.214492,1388,15,1
4,Delivery,1770907713.215148,34518,5,1
1,NewOrder,1770907713.215603,7494,21,1
2,Payment,1770907713.215895,9960,15,1
1,NewOrder,1770907713.215958,8045,16,1
1,NewOrder,1770907713.216376,4969,13,1
4,Delivery,1770907713.217130,32125,12,1
2,Payment,1770907713.217404,58403,9,1
1,NewOrder,1770907713.217432,2847,7,1
1,NewOrder,1770907713.219987,7449,19,1
1,NewOrder,1770907713.220296,7712,7,1
1,NewOrder,1770907713.220774,10901,18,1
1,NewOrder,1770907713.221364,2858,13,1
2,Payment,1770907713.223125,6454,21,1
1,NewOrder,1770907713.224017,15731,16,1
2,Payment,1770907713.224236,2933,14,1
2,Payment,1770907713.224241,5523,13,1
1,NewOrder,1770907713.225879,6142,15,1
2,Payment,1770907713.226989,54463,10,1
1,NewOrder,1770907713.227195,56070,14,1
1,NewOrder,1770907713.227457,6225,19,1
2,Payment,1770907713.228036,54546,7,1
1,NewOrder,1770907713.229593,14466,21,1
2,Payment,1770907713.229790,1151,13,1
1,NewOrder,1770907713.229819,4499,8,1
2,Payment,1770907713.230958,1498,13,1
1,NewOrder,1770907713.231703,5571,18,1
2,Payment,1770907713.232036,7590,15,1
4,Delivery,1770907713.232472,16718,13,1
1,NewOrder,1770907713.233702,37603,19,1
3,OrderStatus,1770907713.234336,1638,8,1
2,Payment,1770907713.235789,1207,3,1
1,NewOrder,1770907713.235992,3968,8,1
1,NewOrder,1770907713.237012,2941,3,1
3,OrderStatus,1770907713.237301,6960,18,1
5,StockLevel,1770907713.238560,9769,2,1
1,NewOrder,1770907713.239642,42318,15,1
2,Payment,1770907713.239775,2415,16,1
2,Payment,1770907713.239967,5080,3,1
2,Payment,1770907713.239979,1251,8,1
1,NewOrder,1770907713.241244,17459,8,1
1,NewOrder,1770907713.242217,57300,16,1
2,Payment,1770907713.243462,16852,4,1
2,Payment,1770907713.244082,44470,21,1
1,NewOrder,1770907713.244281,2520,18,1
1,NewOrder,1770907713.245064,10366,3,1
2,Payment,1770907713.245534,3373,0,1
2,Payment,1770907713.246132,2260,23,1
1,NewOrder,1770907713.246818,44752,18,1
2,Payment,1770907713.248008,1498,1,1
1,NewOrder,1770907713.248357,71695,2,1
1,NewOrder,1770907713.248405,80692,23,1
1,NewOrder,1770907713.248930,82047,17,1
1,NewOrder,1770907713.248931,41909,0,1
1,NewOrder,1770907713.249208,5851,13,1
2,Payment,1770907713.249277,3697,12,1
3,OrderStatus,1770907713.249522,1291,1,1
1,NewOrder,1770907713.249687,8736,5,1
4,Delivery,1770907713.250830,2758,1,1
1,NewOrder,1770907713.252993,38121,12,1
2,Payment,1770907713.253604,1209,1,1
1,NewOrder,1770907713.254826,5036,1,1
4,Delivery,1770907713.255078,2754,13,1
1,NewOrder,1770907713.255456,3939,3,1
2,Payment,1770907713.257849,1215,13,1
2,Payment,1770907713.258450,3054,5,1
1,NewOrder,1770907713.258730,7347,8,1
2,Payment,1770907713.259092,1366,13,1
5,StockLevel,1770907713.259415,2876,3,1
2,Payment,1770907713.259878,2979,1,1
2,Payment,1770907713.260331,3746,4,1
1,NewOrder,1770907713.260477,4600,13,1
2,Payment,1770907713.261531,4032,5,1
4,Delivery,1770907713.262319,31134,3,1
5,StockLevel,1770907713.262885,2999,1,1
2,Payment,1770907713.264103,2980,4,1
2,Payment,1770907713.265096,1566,13,1
1,NewOrder,1770907713.265598,25375,5,1
1,NewOrder,1770907713.265913,28233,1,1
4,Delivery,1770907713.266097,5492,8,1
1,NewOrder,1770907713.266681,5148,13,1
1,NewOrder,1770907713.267101,4811,4,1
2,Payment,1770907713.271259,21563,20,1
2,Payment,1770907713.271333,28071,19,1
4,Delivery,1770907713.271603,31579,8,1
1,NewOrder,1770907713.271846,5336,13,1
2,Payment,1770907713.271938,3299,4,1
1,NewOrder,1770907713.275264,6797,4,1
2,Payment,1770907713.275502,16106,22,1
1,NewOrder,1770907713.275828,8765,9,1
2,Payment,1770907713.276088,4210,11,1
2,Payment,1770907713.277200,1250,13,1
2,Payment,1770907713.278466,1924,13,1
2,Payment,1770907713.280319,4248,11,1
4,Delivery,1770907713.280409,4901,13,1
1,NewOrder,1770907713.281479,26610,10,1
1,NewOrder,1770907713.281982,23001,15,1
2,Payment,1770907713.282088,8965,4,1
2,Payment,1770907713.282610,3109,7,1
3,OrderStatus,1770907713.283292,2368,14,1
2,Payment,1770907713.284587,2665,11,1
4,Delivery,1770907713.284610,18619,9,1
1,NewOrder,1770907713.285323,18228,13,1
3,OrderStatus,1770907713.285687,1768,14,1
2,Payment,1770907713.285737,18467,7,1
1,NewOrder,1770907713.287059,35610,6,1
2,Payment,1770907713.287277,20556,11,1
2,Payment,1770907713.287483,23076,14,1
1,NewOrder,1770907713.288566,9658,21,1
3,OrderStatus,1770907713.290858,4009,0,1
2,Payment,1770907713.290987,12489,5,1
1,NewOrder,1770907713.291082,36480,4,1
2,Payment,1770907713.291137,27580,12,1
1,NewOrder,1770907713.291584,11438,18,1
2,Payment,1770907713.291623,14521,22,1
2,Payment,1770907713.292841,1533,20,1
1,NewOrder,1770907713.293480,26603,3,1
2,Payment,1770907713.294175,33687,1,1
1,NewOrder,1770907713.294402,6547,20,1
2,Payment,1770907713.294885,96220,0,1
2,Payment,1770907713.298239,4443,21,1
1,NewOrder,1770907713.299430,3523,19,1
2,Payment,1770907713.299544,30436,16,1
4,Delivery,1770907713.300976,28090,20,1
1,NewOrder,1770907713.302709,34086,21,1
1,NewOrder,1770907713.302971,30817,19,1
1,NewOrder,1770907713.303048,24517,18,1
2,Payment,1770907713.303191,7808,8,1
3,OrderStatus,1770907713.303249,2000,9,1
1,NewOrder,1770907713.303498,24029,5,1
4,Delivery,1770907713.303568,4389,13,1
4,Delivery,1770907713.304217,18501,7,1
1,NewOrder,1770907713.305011,17620,15,1
5,StockLevel,1770907713.305267,6511,9,1
1,NewOrder,1770907713.306170,19216,22,1
2,Payment,1770907713.307850,14902,11,1
2,Payment,1770907713.307986,33524,13,1
2,Payment,1770907713.308116,30601,10,1
5,StockLevel,1770907713.310575,4348,14,1
2,Payment,1770907713.311015,39930,8,1
1,NewOrder,1770907713.311806,12005,9,1
1,NewOrder,1770907713.314949,57366,14,1
2,Payment,1770907713.318744,16632,12,1
1,NewOrder,1770907713.320081,95385,2,1
2,Payment,1770907713.320111,15565,3,1
2,Payment,1770907713.322656,23006,15,1
1,NewOrder,1770907713.322697,20394,6,1
2,Payment,1770907713.322746,18470,7,1
1,NewOrder,1770907713.322779,11126,11,1
2,Payment,1770907713.323828,32090,9,1
2,Payment,1770907713.325412,6135,22,1
2,Payment,1770907713.327547,19266,5,1
2,Payment,1770907713.327589,56768,18,1
1,NewOrder,1770907713.327593,7191,4,1
4,Delivery,1770907713.327878,7178,1,1
1,NewOrder,1770907713.329090,7661,20,1
2,Payment,1770907713.329116,11122,23,1
2,Payment,1770907713.330008,69149,16,1
2,Payment,1770907713.330996,68066,17,1
2,Payment,1770907713.331565,4992,22,1
1,NewOrder,1770907713.333817,6983,19,1
2,Payment,1770907713.333922,9136,11,1
2,Payment,1770907713.334801,2818,4,1
3,OrderStatus,1770907713.335071,4223,1,1
2,Payment,1770907713.335395,56989,12,1
5,StockLevel,1770907713.335703,2713,3,1
2,Payment,1770907713.336575,9859,22,1
1,NewOrder,1770907713.336770,121912,20,1
1,NewOrder,1770907713.336822,103901,21,1
1,NewOrder,1770907713.337635,42499,4,1
2,Payment,1770907713.338445,10023,3,1
1,NewOrder,1770907713.338744,3886,10,1
2,Payment,1770907713.339320,10565,1,1
1,NewOrder,1770907713.340265,85020,23,1
2,Payment,1770907713.340828,49587,19,1
2,Payment,1770907713.341231,3845,7,1
1,NewOrder,1770907713.341527,6354,13,1
1,NewOrder,1770907713.342652,2988,10,1
2,Payment,1770907713.343084,5042,11,1
2,Payment,1770907713.343119,29877,6,1
1,NewOrder,1770907713.345095,25797,7,1
1,NewOrder,1770907713.345668,50435,10,1
1,NewOrder,1770907713.345679,12882,15,1
1,NewOrder,1770907713.346450,5923,22,1
1,NewOrder,1770907713.346840,35469,5,1
2,Payment,1770907713.347897,11178,13,1
1,NewOrder,1770907713.348144,18692,11,1
2,Payment,1770907713.348487,2798,3,1
1,NewOrder,1770907713.349901,6478,1,1
2,Payment,1770907713.350962,3376,8,1
1,NewOrder,1770907713.351302,4973,3,1
1,NewOrder,1770907713.352390,6610,22,1
1,NewOrder,1770907713.354365,9613,8,1
3,OrderStatus,1770907713.355946,1027,9,1
1,NewOrder,1770907713.356292,4009,3,1
2,Payment,1770907713.356407,33450,1,1
1,NewOrder,1770907713.356992,4997,9,1
1,NewOrder,1770907713.358588,70659,15,1
4,Delivery,1770907713.359017,18103,22,1
2,Payment,1770907713.359094,1641,13,1
1,NewOrder,1770907713.360317,5501,3,1
2,Payment,1770907713.360751,3675,13,1
5,StockLevel,1770907713.362017,1521,9,1
1,NewOrder,1770907713.363553,6734,9,1
1,NewOrder,1770907713.363998,21025,8,1
1,NewOrder,1770907713.364455,5092,13,1
1,NewOrder,1770907713.365833,4699,3,1
2,Payment,1770907713.366863,3111,11,1
3,OrderStatus,1770907713.369582,1765,13,1
2,Payment,1770907713.370001,4477,11,1
1,NewOrder,1770907713.370315,8189,9,1
2,Payment,1770907713.370547,22329,3,1
2,Payment,1770907713.370924,6007,7,1
1,NewOrder,1770907713.371368,3329,13,1
1,NewOrder,1770907713.372342,59921,14,1
1,NewOrder,1770907713.373023,59203,6,1
1,NewOrder,1770907713.374498,57859,11,1
2,Payment,1770907713.374715,1336,13,1
3,OrderStatus,1770907713.376067,1233,13,1
2,Payment,1770907713.376948,6134,7,1
1,NewOrder,1770907713.377146,3218,22,1
1,NewOrder,1770907713.377319,54494,13,1
1,NewOrder,1770907713.378525,6220,9,1
1,NewOrder,1770907713.380162,7300,4,1
1,NewOrder,1770907713.380383,15772,22,1
1,NewOrder,1770907713.382326,4785,5,1
2,Payment,1770907713.383108,13037,7,1
1,NewOrder,1770907713.384384,15100,18,1
1,NewOrder,1770907713.384772,45614,9,1
1,NewOrder,1770907713.385049,5389,8,1
1,NewOrder,1770907713.387127,27422,5,1
2,Payment,1770907713.387489,11445,4,1
2,Payment,1770907713.389876,13280,1,1
1,NewOrder,1770907713.390445,3144,19,1
1,NewOrder,1770907713.390456,8392,8,1
1,NewOrder,1770907713.391123,39982,0,1
1,NewOrder,1770907713.392411,6418,12,1
1,NewOrder,1770907713.392903,6054,3,1
2,Payment,1770907713.393607,1429,19,1
2,Payment,1770907713.395051,1264,19,1
5,StockLevel,1770907713.396118,31378,10,1
1,NewOrder,1770907713.396163,36384,7,1
1,NewOrder,1770907713.396184,35586,22,1
2,Payment,1770907713.396330,2470,19,1
2,Payment,1770907713.398814,2289,19,1
1,NewOrder,1770907713.398849,4139,12,1
2,Payment,1770907713.398876,15975,8,1
2,Payment,1770907713.398961,5540,4,1
2,Payment,1770907713.398995,31247,3,1
3,OrderStatus,1770907713.399091,2934,17,1
2,Payment,1770907713.399184,3796,16,1
3,OrderStatus,1770907713.399502,2107,18,1
1,NewOrder,1770907713.401120,15225,19,1
1,NewOrder,1770907713.401631,41543,18,1
2,Payment,1770907713.402045,2924,17,1
1,NewOrder,1770907713.403009,38395,16,1
1,NewOrder,1770907713.403010,4985,12,1
2,Payment,1770907713.403178,5782,1,1
2,Payment,1770907713.404528,1937,4,1
1,NewOrder,1770907713.404985,42635,17,1
1,NewOrder,1770907713.406484,34160,4,1
1,NewOrder,1770907713.408011,7521,12,1
1,NewOrder,1770907713.408987,6498,1,1
2,Payment,1770907713.414576,19639,5,1
2,Payment,1770907713.414874,16080,8,1
5,StockLevel,1770907713.415480,11479,2,1
1,NewOrder,1770907713.415503,25117,1,1
1,NewOrder,1770907713.415559,13851,12,1
5,StockLevel,1770907713.416372,5804,19,1
5,StockLevel,1770907713.422204,2782,19,1
2,Payment,1770907713.425000,29858,19,1
1,NewOrder,1770907713.425312,40092,23,1
4,Delivery,1770907713.426986,40970,2,1
2,Payment,1770907713.427523,14983,10,1
1,NewOrder,1770907713.429273,7777,15,1
1,NewOrder,1770907713.429438,4799,12,1
2,Payment,1770907713.430270,11143,3,1
2,Payment,1770907713.430413,9801,9,1
1,NewOrder,1770907713.430981,12474,8,1
2,Payment,1770907713.431132,11595,0,1
2,Payment,1770907713.431787,17179,22,1
1,NewOrder,1770907713.431842,9606,13,1
1,NewOrder,1770907713.432241,20543,6,1
2,Payment,1770907713.432282,1480,14,1
2,Payment,1770907713.432384,52154,11,1
1,NewOrder,1770907713.432575,8169,7,1
4,Delivery,1770907713.433780,80557,14,1
1,NewOrder,1770907713.434244,17295,5,1
1,NewOrder,1770907713.434254,7109,12,1
2,Payment,1770907713.437077,41833,15,1
2,Payment,1770907713.440240,3500,9,1
4,Delivery,1770907713.440649,27615,1,1
1,NewOrder,1770907713.440672,10856,4,1
2,Payment,1770907713.440752,16218,21,1
1,NewOrder,1770907713.440763,39518,7,1
2,Payment,1770907713.441383,38869,12,1
4,Delivery,1770907713.441426,73197,16,1
2,Payment,1770907713.441441,3719,3,1
2,Payment,1770907713.441464,42372,13,1
2,Payment,1770907713.442523,10144,10,1
2,Payment,1770907713.442740,3875,0,1
1,NewOrder,1770907713.443201,17720,18,1
4,Delivery,1770907713.443469,4224,8,1
1,NewOrder,1770907713.443767,3288,9,1
1,NewOrder,1770907713.445188,3682,3,1
2,Payment,1770907713.446630,1319,0,1
2,Payment,1770907713.447073,9952,9,1
1,NewOrder,1770907713.447649,45044,17,1
1,NewOrder,1770907713.447710,10471,8,1
4,Delivery,1770907713.447965,20252,0,1
1,NewOrder,1770907713.448887,29070,3,1
1,NewOrder,1770907713.448990,5639,22,1
1,NewOrder,1770907713.451557,16434,4,1
4,Delivery,1770907713.451569,16591,5,1
2,Payment,1770907713.452694,47717,10,1
2,Payment,1770907713.452801,49128,6,1
2,Payment,1770907713.454645,8106,22,1
1,NewOrder,1770907713.454885,13081,19,1
1,NewOrder,1770907713.456996,5089,21,1
2,Payment,1770907713.457053,30990,9,1
2,Payment,1770907713.458200,27590,8,1
1,NewOrder,1770907713.458701,2933,20,1
2,Payment,1770907713.460937,6416,18,1
2,Payment,1770907713.461652,2164,20,1
4,Delivery,1770907713.462112,17581,21,1
1,NewOrder,1770907713.462779,20209,22,1
5,StockLevel,1770907713.463831,1951,20,1
1,NewOrder,1770907713.465430,32101,23,1
2,Payment,1770907713.465797,2889,20,1
1,NewOrder,1770907713.467371,5811,18,1
1,NewOrder,1770907713.467983,36015,2,1
1,NewOrder,1770907713.467995,33780,19,1
2,Payment,1770907713.468019,100374,4,1
2,Payment,1770907713.468180,1277,5,1
2,Payment,1770907713.468234,3249,0,1
4,Delivery,1770907713.468283,6293,1,1
1,NewOrder,1770907713.468714,4933,20,1
1,NewOrder,1770907713.469474,5635,5,1
1,NewOrder,1770907713.471500,14091,0,1
1,NewOrder,1770907713.473199,17853,18,1
2,Payment,1770907713.473667,1323,20,1
2,Payment,1770907713.474601,1516,1,1
2,Payment,1770907713.475008,4649,20,1
2,Payment,1770907713.475137,7813,5,1
1,NewOrder,1770907713.476135,9617,1,1
2,Payment,1770907713.477986,27548,3,1
1,NewOrder,1770907713.478925,2916,15,1
5,StockLevel,1770907713.479673,12164,20,1
1,NewOrder,1770907713.479720,12478,21,1
1,NewOrder,1770907713.480268,4765,12,1
1,NewOrder,1770907713.480308,4533,7,1
1,NewOrder,1770907713.481856,73635,15,1
1,NewOrder,1770907713.482971,7784,5,1
2,Payment,1770907713.483015,14787,22,1
1,NewOrder,1770907713.483851,10049,13,1
2,Payment,1770907713.484565,20391,11,1
2,Payment,1770907713.484868,29401,7,1
1,NewOrder,1770907713.485051,26962,12,1
2,Payment,1770907713.485611,24877,0,1
2,Payment,1770907713.485771,38193,1,1
4,Delivery,1770907713.485808,5270,8,1
1,NewOrder,1770907713.488060,5617,9,1
1,NewOrder,1770907713.490782,22881,5,1
2,Payment,1770907713.491070,8184,18,1
1,NewOrder,1770907713.491101,7190,8,1
2,Payment,1770907713.491865,9872,20,1
2,Payment,1770907713.492216,21188,21,1
5,StockLevel,1770907713.492722,3242,17,1
4,Delivery,1770907713.493692,21756,9,1
5,StockLevel,1770907713.493916,2011,13,1
1,NewOrder,1770907713.495940,12260,13,1
1,NewOrder,1770907713.495991,128671,17,1
1,NewOrder,1770907713.497558,122869,23,1
3,OrderStatus,1770907713.497824,6227,22,1
1,NewOrder,1770907713.498310,4012,8,1
2,Payment,1770907713.499276,5219,18,1
1,NewOrder,1770907713.500439,21990,10,1
2,Payment,1770907713.501764,42702,20,1
1,NewOrder,1770907713.501793,124520,19,1
2,Payment,1770907713.501949,4487,6,1
1,NewOrder,1770907713.502340,44790,8,1
2,Payment,1770907713.504018,103024,2,1
1,NewOrder,1770907713.504071,30210,22,1
1,NewOrder,1770907713.504523,50885,18,1
2,Payment,1770907713.504976,3956,11,1
2,Payment,1770907713.505547,13963,3,1
1,NewOrder,1770907713.506464,3066,6,1
1,NewOrder,1770907713.508226,47228,13,1
2,Payment,1770907713.508949,1823,11,1
1,NewOrder,1770907713.509548,14439,6,1
2,Payment,1770907713.510515,54724,0,1
2,Payment,1770907713.510787,4844,11,1
2,Payment,1770907713.512041,2408,12,1
3,OrderStatus,1770907713.513420,24425,21,1
2,Payment,1770907713.513689,35817,5,1
2,Payment,1770907713.514296,3857,7,1
1,NewOrder,1770907713.514357,42438,14,1
1,NewOrder,1770907713.514476,9251,12,1
2,Payment,1770907713.514646,1276,16,1
2,Payment,1770907713.515476,40647,9,1
1,NewOrder,1770907713.515657,3550,11,1
1,NewOrder,1770907713.515940,2947,16,1
2,Payment,1770907713.518171,2419,7,1
2,Payment,1770907713.518903,1353,16,1
2,Payment,1770907713.519226,4307,11,1
2,Payment,1770907713.519538,6061,3,1
1,NewOrder,1770907713.520272,17157,16,1
2,Payment,1770907713.520610,4623,7,1
1,NewOrder,1770907713.522454,53211,10,1
2,Payment,1770907713.523549,5112,11,1
2,Payment,1770907713.523748,2840,12,1
3,OrderStatus,1770907713.523987,1242,1,1
2,Payment,1770907713.524014,2917,6,1
1,NewOrder,1770907713.525251,2834,1,1
2,Payment,1770907713.525253,9485,7,1
2,Payment,1770907713.525618,2537,3,1
2,Payment,1770907713.526608,5739,12,1
1,NewOrder,1770907713.526957,5921,6,1
2,Payment,1770907713.528102,1389,1,1
1,NewOrder,1770907713.528182,32717,3,1
1,NewOrder,1770907713.528689,6233,11,1
1,NewOrder,1770907713.529506,7861,1,1
2,Payment,1770907713.532373,21300,12,1
2,Payment,1770907713.532895,11209,6,1
2,Payment,1770907713.534309,11619,22,1
5,StockLevel,1770907713.534765,4655,7,1
1,NewOrder,1770907713.534943,14136,11,1
1,NewOrder,1770907713.537395,11332,1,1
2,Payment,1770907713.537455,18090,16,1
1,NewOrder,1770907713.537869,7502,21,1
3,OrderStatus,1770907713.539448,915,7,1
2,Payment,1770907713.540379,9839,7,1
1,NewOrder,1770907713.544132,27192,6,1
2,Payment,1770907713.544493,2805,20,1
1,NewOrder,1770907713.545400,9955,21,1
2,Payment,1770907713.545955,4507,22,1
2,Payment,1770907713.547144,71311,8,1
1,NewOrder,1770907713.547316,91995,20,1
2,Payment,1770907713.548754,30785,1,1
1,NewOrder,1770907713.549108,17508,11,1
2,Payment,1770907713.549525,17574,5,1
1,NewOrder,1770907713.550234,5833,7,1
2,Payment,1770907713.550480,5614,22,1
1,NewOrder,1770907713.553688,23113,12,1
1,NewOrder,1770907713.555368,64639,21,1
1,NewOrder,1770907713.555429,83844,18,1
2,Payment,1770907713.555478,4056,13,1
2,Payment,1770907713.555509,15895,15,1
2,Payment,1770907713.555560,5576,16,1
1,NewOrder,1770907713.556084,5040,7,1
2,Payment,1770907713.556120,2798,22,1
1,NewOrder,1770907713.556139,9737,9,1
1,NewOrder,1770907713.556810,35754,14,1
1,NewOrder,1770907713.558935,7450,22,1
2,Payment,1770907713.559552,15693,13,1
3,OrderStatus,1770907713.560927,25629,3,1
1,NewOrder,1770907713.561140,4090,7,1
5,StockLevel,1770907713.561163,2113,16,1
1,NewOrder,1770907713.563291,3545,16,1
2,Payment,1770907713.565248,1366,7,1
1,NewOrder,1770907713.565267,23556,0,1
2,Payment,1770907713.565904,4555,9,1
1,NewOrder,1770907713.566410,13673,22,1
1,NewOrder,1770907713.566630,4142,7,1
2,Payment,1770907713.566645,5062,11,1
2,Payment,1770907713.566853,22559,16,1
1,NewOrder,1770907713.567117,19516,5,1
1,NewOrder,1770907713.568410,12989,4,1
1,NewOrder,1770907713.570486,11280,9,1
2,Payment,1770907713.570788,3232,7,1
5,StockLevel,1770907713.571339,21099,6,1
2,Payment,1770907713.571431,5671,15,1
1,NewOrder,1770907713.571734,3826,11,1
2,Payment,1770907713.574036,1548,7,1
1,NewOrder,1770907713.575264,16716,13,1
2,Payment,1770907713.575579,1867,11,1
2,Payment,1770907713.575600,3061,7,1
2,Payment,1770907713.575679,12075,10,1
5,StockLevel,1770907713.576828,18076,12,1
2,Payment,1770907713.577129,9593,15,1
4,Delivery,1770907713.577460,33427,11,1
1,NewOrder,1770907713.578676,2581,7,1
2,Payment,1770907713.579565,2595,1,1
2,Payment,1770907713.580111,1420,22,1
2,Payment,1770907713.581271,3328,7,1
5,StockLevel,1770907713.581421,3555,4,1
1,NewOrder,1770907713.581551,4496,22,1
2,Payment,1770907713.581783,5779,9,1
2,Payment,1770907713.582187,3328,1,1
4,Delivery,1770907713.584614,25280,7,1
2,Payment,1770907713.584987,31224,4,1
1,NewOrder,1770907713.585534,33407,1,1
1,NewOrder,1770907713.586064,15829,22,1
1,NewOrder,1770907713.586573,10310,3,1
3,OrderStatus,1770907713.586660,3634,5,1
2,Payment,1770907713.586739,5216,15,1
4,Delivery,1770907713.587574,22285,9,1
2,Payment,1770907713.587781,1945,10,1
1,NewOrder,1770907713.588840,15240,0,1
2,Payment,1770907713.589429,11980,16,1
2,Payment,1770907713.589745,1307,10,1
2,Payment,1770907713.590313,14595,5,1
1,NewOrder,1770907713.591067,4691,10,1
4,Delivery,1770907713.591983,8835,15,1
5,StockLevel,1770907713.592008,7123,13,1
4,Delivery,1770907713.592454,17572,6,1
2,Payment,1770907713.592584,14537,14,1
2,Payment,1770907713.594930,16328,12,1
1,NewOrder,1770907713.595773,3996,10,1
1,NewOrder,1770907713.596911,55530,3,1
2,Payment,1770907713.599158,10931,13,1
1,NewOrder,1770907713.599784,61730,10,1
4,Delivery,1770907713.600837,52822,15,1
2,Payment,1770907713.601436,2071,16,1
2,Payment,1770907713.601916,7736,22,1
1,NewOrder,1770907713.603526,3828,16,1
1,NewOrder,1770907713.604097,6007,0,1
1,NewOrder,1770907713.604934,18860,5,1
1,NewOrder,1770907713.607070,40193,2,1
2,Payment,1770907713.607148,5788,14,1
2,Payment,1770907713.607370,6852,16,1
2,Payment,1770907713.609677,9240,22,1
2,Payment,1770907713.609880,2012,9,1
2,Payment,1770907713.609917,3447,7,1
2,Payment,1770907713.610049,4517,6,1
4,Delivery,1770907713.610108,44805,13,1
1,NewOrder,1770907713.610122,40677,0,1
2,Payment,1770907713.610915,35218,11,1
1,NewOrder,1770907713.611279,21174,12,1
2,Payment,1770907713.611906,12421,9,1
2,Payment,1770907713.612955,13885,14,1
2,Payment,1770907713.613391,3429,7,1
2,Payment,1770907713.614249,18584,16,1
1,NewOrder,1770907713.614592,46897,6,1
2,Payment,1770907713.616233,5883,4,1
1,NewOrder,1770907713.616849,19539,7,1
5,StockLevel,1770907713.618478,2693,8,1
2,Payment,1770907713.618930,5639,22,1
2,Payment,1770907713.618960,15011,1,1
2,Payment,1770907713.620024,11547,21,1
2,Payment,1770907713.620456,12598,23,1
3,OrderStatus,1770907713.621188,1239,8,1
4,Delivery,1770907713.622132,94720,4,1
1,NewOrder,1770907713.622454,3643,8,1
1,NewOrder,1770907713.623823,39732,5,1
2,Payment,1770907713.624344,2626,9,1
2,Payment,1770907713.624580,13880,22,1
2,Payment,1770907713.624674,2769,17,1
3,OrderStatus,1770907713.626116,4064,8,1
1,NewOrder,1770907713.626330,37613,19,1
1,NewOrder,1770907713.626861,27145,14,1
1,NewOrder,1770907713.626984,5803,9,1
1,NewOrder,1770907713.627471,5313,17,1
2,Payment,1770907713.630208,17469,8,1
2,Payment,1770907713.631585,10632,21,1
2,Payment,1770907713.632471,16445,12,1
2,Payment,1770907713.632803,4034,17,1
1,NewOrder,1770907713.632813,7727,9,1
2,Payment,1770907713.632862,5925,16,1
1,NewOrder,1770907713.633081,28744,23,1
4,Delivery,1770907713.633990,93283,1,1
5,StockLevel,1770907713.636405,21067,7,1
1,NewOrder,1770907713.636865,3965,17,1
1,NewOrder,1770907713.638488,26637,22,1
5,StockLevel,1770907713.638806,2404,16,1
1,NewOrder,1770907713.639301,80416,18,1
4,Delivery,1770907713.639339,26696,20,1
1,NewOrder,1770907713.640554,73179,9,1
1,NewOrder,1770907713.640849,26049,17,1
1,NewOrder,1770907713.641235,3917,16,1
1,NewOrder,1770907713.642244,5886,21,1
2,Payment,1770907713.645171,5930,16,1
1,NewOrder,1770907713.646159,15284,11,1
1,NewOrder,1770907713.647290,64308,2,1
2,Payment,1770907713.647698,13765,8,1
2,Payment,1770907713.648146,1399,21,1
2,Payment,1770907713.648945,10067,12,1
4,Delivery,1770907713.649560,17015,21,1
1,NewOrder,1770907713.650812,65529,0,1
1,NewOrder,1770907713.651128,10718,16,1
1,NewOrder,1770907713.652458,26921,3,1
1,NewOrder,1770907713.653687,28371,15,1
2,Payment,1770907713.654033,16328,14,1
2,Payment,1770907713.654935,6950,13,1
5,StockLevel,1770907713.657548,21487,7,1
2,Payment,1770907713.659039,14139,12,1
5,StockLevel,1770907713.661473,12322,11,1
1,NewOrder,1770907713.661492,24529,8,1
1,NewOrder,1770907713.661513,37750,6,1
1,NewOrder,1770907713.661542,23590,10,1
2,Payment,1770907713.661849,2056,23,1
1,NewOrder,1770907713.661866,41213,16,1
2,Payment,1770907713.661902,13193,13,1
2,Payment,1770907713.663571,39767,5,1
2,Payment,1770907713.663922,1843,23,1
1,NewOrder,1770907713.663959,52543,19,1
1,NewOrder,1770907713.665144,69837,22,1
2,Payment,1770907713.665781,1376,23,1
2,Payment,1770907713.666062,43895,20,1
4,Delivery,1770907713.666591,12420,21,1
1,NewOrder,1770907713.666915,57090,17,1
1,NewOrder,1770907713.667170,61622,23,1
5,StockLevel,1770907713.670382,5269,14,1
2,Payment,1770907713.673196,5778,12,1
2,Payment,1770907713.673817,3561,11,1
1,NewOrder,1770907713.675116,6036,13,1
1,NewOrder,1770907713.675679,3657,14,1
2,Payment,1770907713.677395,1963,11,1
2,Payment,1770907713.678999,5537,12,1
1,NewOrder,1770907713.679029,49797,21,1
1,NewOrder,1770907713.679055,8088,7,1
1,NewOrder,1770907713.679354,4513,14,1
2,Payment,1770907713.679373,1923,11,1
1,NewOrder,1770907713.679409,6362,3,1
1,NewOrder,1770907713.681177,10962,13,1
2,Payment,1770907713.681310,2228,11,1
4,Delivery,1770907713.682078,14757,15,1
1,NewOrder,1770907713.683553,2790,11,1
4,Delivery,1770907713.683883,13484,14,1
2,Payment,1770907713.684554,2166,12,1
1,NewOrder,1770907713.685152,11030,10,1
1,NewOrder,1770907713.685790,11123,3,1
2,Payment,1770907713.686034,7002,8,1
2,Payment,1770907713.686358,7878,11,1
1,NewOrder,1770907713.686736,3509,12,1
1,NewOrder,1770907713.687171,13833,7,1
1,NewOrder,1770907713.690265,7595,12,1
2,Payment,1770907713.692165,1648,13,1
4,Delivery,1770907713.693054,34290,8,1
2,Payment,1770907713.693831,1882,13,1
1,NewOrder,1770907713.694261,6599,11,1
1,NewOrder,1770907713.695727,5134,13,1
1,NewOrder,1770907713.696209,69659,10,1
1,NewOrder,1770907713.696861,73412,15,1
2,Payment,1770907713.696929,35529,3,1
1,NewOrder,1770907713.697388,10982,14,1
2,Payment,1770907713.697871,2957,12,1
1,NewOrder,1770907713.699289,61191,6,1
2,Payment,1770907713.700841,1357,12,1
2,Payment,1770907713.700877,1889,11,1
2,Payment,1770907713.700879,2729,13,1
1,NewOrder,1770907713.701030,65394,7,1
2,Payment,1770907713.702211,3044,12,1
2,Payment,1770907713.702783,3508,11,1
1,NewOrder,1770907713.703104,4097,16,1
2,Payment,1770907713.703352,63293,5,1
1,NewOrder,1770907713.703634,17433,13,1
5,StockLevel,1770907713.705271,16493,12,1
2,Payment,1770907713.706307,3378,11,1
1,NewOrder,1770907713.707219,7107,16,1
1,NewOrder,1770907713.708397,35531,14,1
1,NewOrder,1770907713.709711,26277,11,1
2,Payment,1770907713.709973,1371,20,1
1,NewOrder,1770907713.711357,4974,20,1
4,Delivery,1770907713.711615,9192,2,1
2,Payment,1770907713.713749,6476,9,1
2,Payment,1770907713.714339,14659,16,1
2,Payment,1770907713.716343,1077,20,1
1,NewOrder,1770907713.716356,27990,0,1
1,NewOrder,1770907713.716528,12493,19,1
3,OrderStatus,1770907713.716864,2168,4,1
1,NewOrder,1770907713.717433,3076,20,1
4,Delivery,1770907713.719052,9712,4,1
1,NewOrder,1770907713.719729,31306,18,1
2,Payment,1770907713.720246,7982,9,1
1,NewOrder,1770907713.720520,24150,20,1
1,NewOrder,1770907713.720828,3257,2,1
1,NewOrder,1770907713.721086,38588,13,1
1,NewOrder,1770907713.721777,23010,12,1
2,Payment,1770907713.724030,21888,17,1
1,NewOrder,1770907713.724102,27410,2,1
2,Payment,1770907713.727293,7396,1,1
5,StockLevel,1770907713.727371,2598,8,1
1,NewOrder,1770907713.728238,26882,9,1
2,Payment,1770907713.728780,39946,4,1
3,OrderStatus,1770907713.728806,13495,23,1
2,Payment,1770907713.728853,26563,21,1
1,NewOrder,1770907713.729024,21235,16,1
2,Payment,1770907713.729039,1845,19,1
2,Payment,1770907713.729994,4149,8,1
2,Payment,1770907713.730910,15074,19,1
2,Payment,1770907713.732469,3577,3,1
1,NewOrder,1770907713.734159,40396,8,1
1,NewOrder,1770907713.734714,9177,1,1
2,Payment,1770907713.735005,27537,22,1
2,Payment,1770907713.736011,7801,11,1
4,Delivery,1770907713.736073,30306,3,1
1,NewOrder,1770907713.742326,13729,23,1
2,Payment,1770907713.743838,22935,11,1
1,NewOrder,1770907713.743918,18657,1,1
2,Payment,1770907713.743955,24251,14,1
1,NewOrder,1770907713.744360,7982,0,1
1,NewOrder,1770907713.744695,5972,20,1
1,NewOrder,1770907713.744813,20453,12,1
1,NewOrder,1770907713.745931,22498,17,1
1,NewOrder,1770907713.746008,16266,19,1
1,NewOrder,1770907713.750284,8982,16,1
1,NewOrder,1770907713.750693,3177,20,1
2,Payment,1770907713.751054,5431,18,1
1,NewOrder,1770907713.751533,31698,2,1
2,Payment,1770907713.752359,19126,0,1
1,NewOrder,1770907713.753887,8745,20,1
2,Payment,1770907713.755146,82322,9,1
2,Payment,1770907713.755442,10436,21,1
2,Payment,1770907713.756081,25080,23,1
1,NewOrder,1770907713.756501,32860,18,1
1,NewOrder,1770907713.759292,36530,16,1
1,NewOrder,1770907713.759689,3354,13,1
1,NewOrder,1770907713.760505,68773,6,1
1,NewOrder,1770907713.762299,28035,19,1
2,Payment,1770907713.762558,14134,22,1
1,NewOrder,1770907713.762603,15288,1,1
3,OrderStatus,1770907713.762658,13496,20,1
1,NewOrder,1770907713.763059,17787,13,1
2,Payment,1770907713.765282,10270,12,1
2,Payment,1770907713.765881,62797,10,1
1,NewOrder,1770907713.765905,50319,21,1
1,NewOrder,1770907713.766399,4836,3,1
2,Payment,1770907713.766444,63505,7,1
1,NewOrder,1770907713.766660,4307,5,1
2,Payment,1770907713.766783,6095,11,1
5,StockLevel,1770907713.768230,4228,14,1
3,OrderStatus,1770907713.768454,6332,17,1
1,NewOrder,1770907713.768752,7063,4,1
2,Payment,1770907713.770287,119161,15,1
2,Payment,1770907713.770986,5597,5,1
1,NewOrder,1770907713.771250,59509,3,1
1,NewOrder,1770907713.771512,24881,0,1
1,NewOrder,1770907713.772470,61776,14,1
2,Payment,1770907713.772904,52649,11,1
2,Payment,1770907713.774580,52459,8,1
2,Payment,1770907713.774802,2282,17,1
2,Payment,1770907713.775568,120062,12,1
1,NewOrder,1770907713.775842,6689,4,1
2,Payment,1770907713.776170,3875,20,1
2,Payment,1770907713.776595,7975,5,1
5,StockLevel,1770907713.776718,42985,22,1
1,NewOrder,1770907713.777111,4334,17,1
1,NewOrder,1770907713.777920,10973,1,1
1,NewOrder,1770907713.780069,12227,20,1
2,Payment,1770907713.780873,40105,13,1
5,StockLevel,1770907713.781180,5974,23,1
1,NewOrder,1770907713.781462,2446,17,1
2,Payment,1770907713.782551,14258,4,1
2,Payment,1770907713.783256,2878,2,1
3,OrderStatus,1770907713.783923,1021,17,1
1,NewOrder,1770907713.784586,40254,5,1
2,Payment,1770907713.784969,36244,17,1
1,NewOrder,1770907713.786160,5993,2,1
4,Delivery,1770907713.787179,8849,23,1
1,NewOrder,1770907713.788921,17528,1,1
2,Payment,1770907713.789377,2531,18,1
2,Payment,1770907713.790351,4350,19,1
2,Payment,1770907713.791922,4561,18,1
4,Delivery,1770907713.792169,21979,2,1
1,NewOrder,1770907713.792322,18548,20,1
2,Payment,1770907713.794727,3515,19,1
4,Delivery,1770907713.795837,21329,16,1
1,NewOrder,1770907713.796046,3649,23,1
2,Payment,1770907713.796419,2146,0,1
1,NewOrder,1770907713.796503,9323,18,1
5,StockLevel,1770907713.796827,3913,4,1
2,Payment,1770907713.798257,4950,19,1
1,NewOrder,1770907713.798583,7895,0,1
4,Delivery,1770907713.799710,8335,23,1
1,NewOrder,1770907713.800754,9124,4,1
4,Delivery,1770907713.803220,5263,19,1
1,NewOrder,1770907713.805843,11466,18,1
1,NewOrder,1770907713.806476,75202,1,1
5,StockLevel,1770907713.806503,14240,0,1
2,Payment,1770907713.808060,1411,23,1
1,NewOrder,1770907713.808498,3927,19,1
1,NewOrder,1770907713.809484,4077,23,1
1,NewOrder,1770907713.809900,7725,4,1
1,NewOrder,1770907713.810895,55114,20,1
2,Payment,1770907713.812442,4839,19,1
2,Payment,1770907713.813605,7420,23,1
5,StockLevel,1770907713.814167,55274,2,1
2,Payment,1770907713.816250,2769,21,1
2,Payment,1770907713.817183,35398,16,1
2,Payment,1770907713.817297,50534,19,1
2,Payment,1770907713.817325,58215,18,1
2,Payment,1770907713.817635,2611,4,1
3,OrderStatus,1770907713.819037,1322,21,1
2,Payment,1770907713.819722,3821,22,1
1,NewOrder,1770907713.820261,5418,4,1
2,Payment,1770907713.820377,31321,21,1
3,OrderStatus,1770907713.820768,51599,0,1
2,Payment,1770907713.820994,54656,13,1
4,Delivery,1770907713.821043,58545,23,1
3,OrderStatus,1770907713.821226,637,17,1
3,OrderStatus,1770907713.821874,718,17,1
1,NewOrder,1770907713.822604,20120,17,1
1,NewOrder,1770907713.823561,21979,22,1
1,NewOrder,1770907713.824856,4531,5,1
1,NewOrder,1770907713.825598,8623,11,1
2,Payment,1770907713.825693,2685,4,1
4,Delivery,1770907713.827054,8492,8,1
2,Payment,1770907713.828392,4895,4,1
2,Payment,1770907713.828690,3631,10,1
2,Payment,1770907713.829289,1885,6,1
2,Payment,1770907713.829413,11325,5,1
2,Payment,1770907713.829966,3558,7,1
2,Payment,1770907713.830774,4308,3,1
1,NewOrder,1770907713.831188,94945,6,1
2,Payment,1770907713.832337,2409,10,1
1,NewOrder,1770907713.833301,9037,4,1
2,Payment,1770907713.833540,2465,7,1
1,NewOrder,1770907713.834239,17754,11,1
1,NewOrder,1770907713.834269,17704,14,1
1,NewOrder,1770907713.834761,3680,10,1
1,NewOrder,1770907713.835096,4212,3,1
2,Payment,1770907713.835561,13842,8,1
2,Payment,1770907713.836019,3719,7,1
3,OrderStatus,1770907713.837494,997,9,1
2,Payment,1770907713.838455,5354,10,1
3,OrderStatus,1770907713.838508,950,9,1
2,Payment,1770907713.839322,7327,3,1
1,NewOrder,1770907713.839473,4097,9,1
1,NewOrder,1770907713.839753,6649,7,1
1,NewOrder,1770907713.840763,43842,5,1
2,Payment,1770907713.842354,2819,4,1
2,Payment,1770907713.842739,11877,17,1
2,Payment,1770907713.843597,2329,9,1
1,NewOrder,1770907713.843821,85327,10,1
1,NewOrder,1770907713.845189,24513,4,1
2,Payment,1770907713.845556,8143,22,1
1,NewOrder,1770907713.845943,14528,9,1
2,Payment,1770907713.846428,4203,7,1
1,NewOrder,1770907713.846677,3662,3,1
2,Payment,1770907713.849423,2473,8,1
2,Payment,1770907713.850354,23064,3,1
1,NewOrder,1770907713.850647,70219,7,1
2,Payment,1770907713.851723,4487,21,1
2,Payment,1770907713.851911,1240,8,1
2,Payment,1770907713.851998,66817,14,1
1,NewOrder,1770907713.852008,77660,11,1
2,Payment,1770907713.852594,3844,16,1
2,Payment,1770907713.853166,2748,8,1
1,NewOrder,1770907713.853714,11556,22,1
2,Payment,1770907713.854641,2893,17,1
5,StockLevel,1770907713.855927,5751,8,1
2,Payment,1770907713.856227,2250,21,1
1,NewOrder,1770907713.856463,19141,16,1
1,NewOrder,1770907713.857550,5103,17,1
2,Payment,1770907713.858491,2816,21,1
2,Payment,1770907713.860498,4859,9,1
1,NewOrder,1770907713.861321,14275,21,1
4,Delivery,1770907713.861703,13064,8,1
1,NewOrder,1770907713.862668,12944,17,1
1,NewOrder,1770907713.865289,21580,22,1
2,Payment,1770907713.865376,10190,9,1
2,Payment,1770907713.866037,13494,20,1
1,NewOrder,1770907713.867847,20039,19,1
2,Payment,1770907713.869478,21310,2,1
1,NewOrder,1770907713.869728,8031,4,1
1,NewOrder,1770907713.872392,73236,0,1
5,StockLevel,1770907713.873438,63609,3,1
1,NewOrder,1770907713.874785,46214,8,1
4,Delivery,1770907713.875557,5048,18,1
1,NewOrder,1770907713.875592,4355,9,1
1,NewOrder,1770907713.875614,3904,21,1
2,Payment,1770907713.875620,2685,16,1
3,OrderStatus,1770907713.875639,643,17,1
2,Payment,1770907713.875664,14409,13,1
2,Payment,1770907713.876299,3171,17,1
1,NewOrder,1770907713.877774,51176,4,1
1,NewOrder,1770907713.878319,5198,16,1
2,Payment,1770907713.879487,2918,17,1
1,NewOrder,1770907713.879534,5752,21,1
2,Payment,1770907713.879551,25477,20,1
1,NewOrder,1770907713.879616,49588,23,1
1,NewOrder,1770907713.879964,3051,9,1
5,StockLevel,1770907713.880620,28149,18,1
2,Payment,1770907713.881699,11681,1,1
1,NewOrder,1770907713.882420,4226,17,1
2,Payment,1770907713.883030,1605,9,1
1,NewOrder,1770907713.883531,6831,16,1
1,NewOrder,1770907713.884619,3888,5,1
1,NewOrder,1770907713.884661,16346,9,1
3,OrderStatus,1770907713.885301,16327,21,1
2,Payment,1770907713.886660,4942,17,1
2,Payment,1770907713.886895,21592,22,1
1,NewOrder,1770907713.887901,45297,19,1
2,Payment,1770907713.888521,3439,5,1
1,NewOrder,1770907713.889475,28479,15,1
2,Payment,1770907713.890099,2952,13,1
1,NewOrder,1770907713.890375,7044,16,1
1,NewOrder,1770907713.890806,59482,2,1
2,Payment,1770907713.891619,2562,17,1
2,Payment,1770907713.891975,3214,5,1
2,Payment,1770907713.893066,3776,13,1
4,Delivery,1770907713.893394,40283,1,1
2,Payment,1770907713.894196,5156,17,1
1,NewOrder,1770907713.895205,3218,5,1
2,Payment,1770907713.895654,2540,12,1
3,OrderStatus,1770907713.896857,1816,13,1
1,NewOrder,1770907713.897432,4694,16,1
2,Payment,1770907713.898209,7773,12,1
1,NewOrder,1770907713.898437,7364,5,1
5,StockLevel,1770907713.898687,6913,13,1
1,NewOrder,1770907713.899365,5981,17,1
2,Payment,1770907713.901034,1520,9,1
2,Payment,1770907713.901655,10153,21,1
1,NewOrder,1770907713.902137,31633,16,1
2,Payment,1770907713.902571,2795,9,1
2,Payment,1770907713.905053,5387,20,1
5,StockLevel,1770907713.905360,1627,17,1
1,NewOrder,1770907713.905380,33423,9,1
2,Payment,1770907713.905615,2424,13,1
1,NewOrder,1770907713.905816,11921,5,1
1,NewOrder,1770907713.906008,11967,12,1
2,Payment,1770907713.907012,2191,17,1
1,NewOrder,1770907713.908054,9899,13,1
2,Payment,1770907713.908504,5215,22,1
2,Payment,1770907713.908781,6981,18,1
1,NewOrder,1770907713.909220,4059,17,1
2,Payment,1770907713.910453,10621,20,1
1,NewOrder,1770907713.911834,74115,21,1
1,NewOrder,1770907713.913305,2653,17,1
1,NewOrder,1770907713.913734,71399,22,1
2,Payment,1770907713.915788,21521,18,1
1,NewOrder,1770907713.915973,23726,17,1
1,NewOrder,1770907713.917754,9019,5,1
5,StockLevel,1770907713.917968,1812,15,1
2,Payment,1770907713.917982,2346,13,1
5,StockLevel,1770907713.917990,3165,12,1
2,Payment,1770907713.918841,10770,14,1
2,Payment,1770907713.919792,1796,15,1
2,Payment,1770907713.920347,2330,13,1
1,NewOrder,1770907713.920878,37650,7,1
1,NewOrder,1770907713.921013,46937,8,1
2,Payment,1770907713.921091,18264,20,1
1,NewOrder,1770907713.921183,5375,12,1
1,NewOrder,1770907713.921602,35085,15,1
2,Payment,1770907713.922691,8073,13,1
2,Payment,1770907713.926148,28947,6,1
5,StockLevel,1770907713.926577,3012,12,1
2,Payment,1770907713.926794,2381,5,1
2,Payment,1770907713.928966,10152,4,1
1,NewOrder,1770907713.929159,4663,10,1
2,Payment,1770907713.929202,1835,5,1
2,Payment,1770907713.929219,11775,23,1
1,NewOrder,1770907713.929604,32078,12,1
2,Payment,1770907713.929630,7436,14,1
1,NewOrder,1770907713.929688,28925,11,1
1,NewOrder,1770907713.930779,27483,13,1
2,Payment,1770907713.931051,2534,5,1
1,NewOrder,1770907713.933224,39922,19,1
2,Payment,1770907713.933599,15490,5,1
1,NewOrder,1770907713.933694,51323,1,1
2,Payment,1770907713.933784,9994,16,1
2,Payment,1770907713.933839,22718,10,1
2,Payment,1770907713.937066,15998,3,1
2,Payment,1770907713.937093,13524,14,1
1,NewOrder,1770907713.937323,2567,18,1
1,NewOrder,1770907713.938829,8668,9,1
2,Payment,1770907713.939136,12389,4,1
2,Payment,1770907713.939371,4070,20,1
2,Payment,1770907713.939717,9820,17,1
3,OrderStatus,1770907713.939907,992,18,1
1,NewOrder,1770907713.940913,3337,18,1
1,NewOrder,1770907713.941013,32427,23,1
2,Payment,1770907713.943455,23186,20,1
1,NewOrder,1770907713.943792,44738,16,1
1,NewOrder,1770907713.944265,5033,18,1
2,Payment,1770907713.945648,19213,0,1
4,Delivery,1770907713.947519,8829,9,1
2,Payment,1770907713.949116,6159,5,1
1,NewOrder,1770907713.949311,2478,18,1
1,NewOrder,1770907713.949563,39015,17,1
2,Payment,1770907713.950301,15862,2,1
2,Payment,1770907713.950633,1294,14,1
2,Payment,1770907713.951539,37632,4,1
1,NewOrder,1770907713.951799,14924,18,1
4,Delivery,1770907713.951941,4641,14,1
2,Payment,1770907713.953088,5141,3,1
1,NewOrder,1770907713.955121,82891,6,1
2,Payment,1770907713.955288,8423,5,1
2,Payment,1770907713.956365,7080,9,1
1,NewOrder,1770907713.956578,3196,10,1
2,Payment,1770907713.956596,1903,14,1
1,NewOrder,1770907713.956713,5770,15,1
3,OrderStatus,1770907713.958246,3568,3,1
2,Payment,1770907713.958290,44409,13,1
5,StockLevel,1770907713.958514,1447,14,1
2,Payment,1770907713.958544,69363,7,1
1,NewOrder,1770907713.958633,108735,11,1
1,NewOrder,1770907713.959790,3313,10,1
2,Payment,1770907713.959973,2567,14,1
2,Payment,1770907713.961695,41376,12,1
2,Payment,1770907713.961829,37800,3,1
2,Payment,1770907713.962507,46334,15,1
2,Payment,1770907713.962554,47976,14,1
3,OrderStatus,1770907713.963122,32620,10,1
1,NewOrder,1770907713.963459,36746,9,1
1,NewOrder,1770907713.963725,37425,5,1
2,Payment,1770907713.964880,3756,0,1
2,Payment,1770907713.966181,5997,2,1
1,NewOrder,1770907713.966669,6451,20,1
2,Payment,1770907713.966749,7656,18,1
1,NewOrder,1770907713.967972,10426,8,1
5,StockLevel,1770907713.968649,16151,0,1
1,NewOrder,1770907713.972203,8511,2,1
4,Delivery,1770907713.973137,7647,20,1
1,NewOrder,1770907713.973164,6454,19,1
2,Payment,1770907713.973456,1992,23,1
1,NewOrder,1770907713.974431,11023,18,1
2,Payment,1770907713.975464,1310,23,1
2,Payment,1770907713.976785,1190,23,1
2,Payment,1770907713.977988,1166,23,1
2,Payment,1770907713.978424,1667,8,1
1,NewOrder,1770907713.979166,45079,23,1
1,NewOrder,1770907713.979634,4229,19,1
3,OrderStatus,1770907713.980108,2748,8,1
2,Payment,1770907713.980732,7026,2,1
1,NewOrder,1770907713.980800,80806,20,1
2,Payment,1770907713.982873,2213,8,1
1,NewOrder,1770907713.983880,4383,19,1
1,NewOrder,1770907713.984817,3946,0,1
2,Payment,1770907713.985053,8022,1,1
2,Payment,1770907713.985100,36905,8,1
2,Payment,1770907713.985160,2745,22,1
1,NewOrder,1770907713.985468,28609,18,1
2,Payment,1770907713.985961,13959,21,1
2,Payment,1770907713.987773,37628,2,1
2,Payment,1770907713.987924,8239,22,1
2,Payment,1770907713.988279,9995,19,1
1,NewOrder,1770907713.988546,5557,16,1
1,NewOrder,1770907713.988605,2777,17,1
2,Payment,1770907713.988776,1552,0,1
5,StockLevel,1770907713.989195,3714,4,1
4,Delivery,1770907713.990341,3121,0,1
2,Payment,1770907713.991400,13334,17,1
2,Payment,1770907713.992925,4978,4,1
2,Payment,1770907713.993090,1471,1,1
1,NewOrder,1770907713.993474,23269,0,1
1,NewOrder,1770907713.994120,4636,16,1
2,Payment,1770907713.994575,16086,1,1
2,Payment,1770907713.995757,29512,10,1
2,Payment,1770907713.996183,15850,22,1
1,NewOrder,1770907713.997912,58048,4,1
4,Delivery,1770907713.998302,12192,19,1
2,Payment,1770907713.998770,7641,16,1
2,Payment,1770907713.999655,1261,3,1
2,Payment,1770907713.999945,4442,21,1
1,NewOrder,1770907714.000220,8244,9,1
1,NewOrder,1770907714.000942,34299,3,1
2,Payment,1770907714.001169,1301,5,1
1,NewOrder,1770907714.002482,18810,5,1
1,NewOrder,1770907714.002720,37343,13,1
1,NewOrder,1770907714.003082,17095,12,1
2,Payment,1770907714.004403,1612,21,1
1,NewOrder,1770907714.004750,5704,17,1
2,Payment,1770907714.006028,1995,21,1
5,StockLevel,1770907714.006436,1519,16,1
1,NewOrder,1770907714.007968,33791,16,1
2,Payment,1770907714.008036,2047,21,1
2,Payment,1770907714.008490,18050,9,1
1,NewOrder,1770907714.008858,31550,15,1
4,Delivery,1770907714.010096,772,21,1
2,Payment,1770907714.010481,2056,17,1
2,Payment,1770907714.010511,2623,19,1
1,NewOrder,1770907714.010550,55482,14,1
1,NewOrder,1770907714.010679,4670,1,1
2,Payment,1770907714.010882,3514,21,1
2,Payment,1770907714.012048,4946,22,1
2,Payment,1770907714.012556,1808,17,1
2,Payment,1770907714.013147,7102,19,1
1,NewOrder,1770907714.014101,92578,18,1
1,NewOrder,1770907714.014381,11160,17,1
1,NewOrder,1770907714.014411,28433,21,1
4,Delivery,1770907714.015365,2689,1,1
1,NewOrder,1770907714.016760,38889,0,1
2,Payment,1770907714.017005,4978,22,1
2,Payment,1770907714.018068,8892,1,1
2,Payment,1770907714.020202,1420,12,1
1,NewOrder,1770907714.020275,119961,19,1
1,NewOrder,1770907714.021320,56017,5,1
1,NewOrder,1770907714.021634,58391,12,1
2,Payment,1770907714.022011,2162,22,1
4,Delivery,1770907714.022021,8632,8,1
2,Payment,1770907714.024190,33964,22,1
1,NewOrder,1770907714.024272,116869,23,1
1,NewOrder,1770907714.025284,6581,10,1
2,Payment,1770907714.025416,17354,2,1
1,NewOrder,1770907714.025589,4958,17,1
2,Payment,1770907714.026556,3403,9,1
2,Payment,1770907714.026974,5868,1,1
3,OrderStatus,1770907714.027928,1313,7,1
2,Payment,1770907714.029258,3392,7,1
1,NewOrder,1770907714.029974,6746,9,1
2,Payment,1770907714.030562,1825,17,1
1,NewOrder,1770907714.030679,44341,8,1
4,Delivery,1770907714.031883,59276,10,1
1,NewOrder,1770907714.032401,62668,17,1
1,NewOrder,1770907714.032667,3515,7,1
1,NewOrder,1770907714.032856,29672,1,1
2,Payment,1770907714.035263,10366,3,1
1,NewOrder,1770907714.036198,3292,7,1
1,NewOrder,1770907714.036746,54152,9,1
2,Payment,1770907714.038033,7281,6,1
1,NewOrder,1770907714.039507,6090,7,1
1,NewOrder,1770907714.040090,44053,13,1
2,Payment,1770907714.040433,15349,15,1
2,Payment,1770907714.041786,24362,16,1
2,Payment,1770907714.042796,17956,2,1
2,Payment,1770907714.042870,16637,21,1
3,OrderStatus,1770907714.045338,23999,6,1
1,NewOrder,1770907714.045614,20436,7,1
2,Payment,1770907714.045645,16395,3,1
1,NewOrder,1770907714.055790,39073,0,1
1,NewOrder,1770907714.055806,75290,15,1
1,NewOrder,1770907714.055971,10203,4,1
2,Payment,1770907714.058179,25481,22,1
4,Delivery,1770907714.059528,101783,21,1
2,Payment,1770907714.060777,24598,2,1
1,NewOrder,1770907714.061632,81986,20,1
1,NewOrder,1770907714.062065,6456,3,1
2,Payment,1770907714.062550,28982,1,1
1,NewOrder,1770907714.066059,26386,14,1
5,StockLevel,1770907714.066083,1618,7,1
2,Payment,1770907714.066182,5341,16,1
1,NewOrder,1770907714.066197,28859,4,1
1,NewOrder,1770907714.067386,65219,11,1
2,Payment,1770907714.067718,1337,7,1
1,NewOrder,1770907714.068535,6241,3,1
3,OrderStatus,1770907714.069070,1402,7,1
1,NewOrder,1770907714.069363,22588,6,1
2,Payment,1770907714.070487,1282,7,1
2,Payment,1770907714.071549,4259,16,1
2,Payment,1770907714.071784,1916,7,1
2,Payment,1770907714.073711,2077,7,1
1,NewOrder,1770907714.074789,5832,3,1
1,NewOrder,1770907714.075046,56702,8,1
1,NewOrder,1770907714.075801,8655,7,1
2,Payment,1770907714.075823,3658,16,1
2,Payment,1770907714.077350,26433,5,1
1,NewOrder,1770907714.079492,4678,16,1
2,Payment,1770907714.080051,5072,12,1
1,NewOrder,1770907714.080634,50448,3,1
2,Payment,1770907714.083682,32715,22,1
1,NewOrder,1770907714.084169,13312,13,1
2,Payment,1770907714.084184,16712,16,1
2,Payment,1770907714.084483,1552,7,1
2,Payment,1770907714.085141,16065,12,1
3,OrderStatus,1770907714.085392,931,2,1
1,NewOrder,1770907714.086062,8049,7,1
1,NewOrder,1770907714.086337,12120,2,1
2,Payment,1770907714.090915,46298,9,1
2,Payment,1770907714.091180,1781,10,1
2,Payment,1770907714.091556,7557,1,1
2,Payment,1770907714.091978,2445,6,1
1,NewOrder,1770907714.092461,38755,14,1
1,NewOrder,1770907714.092976,5639,10,1
1,NewOrder,1770907714.094138,42883,7,1
1,NewOrder,1770907714.094442,80200,6,1
2,Payment,1770907714.094878,2614,0,1
1,NewOrder,1770907714.095082,30549,4,1
1,NewOrder,1770907714.095083,36098,17,1
2,Payment,1770907714.097508,3253,0,1
1,NewOrder,1770907714.097509,9514,13,1
4,Delivery,1770907714.098472,8163,2,1
2,Payment,1770907714.098631,1376,10,1
1,NewOrder,1770907714.099131,10362,1,1
2,Payment,1770907714.100020,8305,10,1
2,Payment,1770907714.100779,5796,0,1
1,NewOrder,1770907714.100910,45738,16,1
1,NewOrder,1770907714.101226,5779,12,1
1,NewOrder,1770907714.103810,56478,5,1
1,NewOrder,1770907714.106601,10706,0,1
1,NewOrder,1770907714.106660,2681,2,1
1,NewOrder,1770907714.106696,7225,18,1
2,Payment,1770907714.107031,1315,12,1
5,StockLevel,1770907714.107049,4713,13,1
2,Payment,1770907714.108341,22808,10,1
5,StockLevel,1770907714.108360,1807,12,1
1,NewOrder,1770907714.109356,4994,2,1
2,Payment,1770907714.109519,11995,1,1
2,Payment,1770907714.110180,1414,12,1
2,Payment,1770907714.111607,2717,12,1
2,Payment,1770907714.111788,4706,13,1
1,NewOrder,1770907714.113947,4708,18,1
1,NewOrder,1770907714.114341,3816,12,1
1,NewOrder,1770907714.114365,53726,2,1
1,NewOrder,1770907714.116422,56283,22,1
1,NewOrder,1770907714.116520,5073,13,1
1,NewOrder,1770907714.117333,5524,0,1
1,NewOrder,1770907714.118172,4794,12,1
2,Payment,1770907714.118672,1406,18,1
2,Payment,1770907714.120091,1185,18,1
1,NewOrder,1770907714.121288,3347,18,1
2,Payment,1770907714.121539,2059,1,1
1,NewOrder,1770907714.121611,5308,13,1
2,Payment,1770907714.122875,16289,0,1
1,NewOrder,1770907714.122991,2970,12,1
2,Payment,1770907714.123617,16842,1,1
4,Delivery,1770907714.124649,37182,18,1
1,NewOrder,1770907714.125646,5465,4,1
1,NewOrder,1770907714.125979,5508,12,1
1,NewOrder,1770907714.126933,4570,13,1
4,Delivery,1770907714.131109,5408,3,1
1,NewOrder,1770907714.131124,62009,15,1
2,Payment,1770907714.131136,12946,4,1
2,Payment,1770907714.131175,23825,10,1
2,Payment,1770907714.131207,6047,17,1
2,Payment,1770907714.131242,27824,14,1
1,NewOrder,1770907714.131501,55095,12,1
2,Payment,1770907714.131518,22081,13,1
2,Payment,1770907714.131773,24894,8,1
2,Payment,1770907714.132631,25485,11,1
2,Payment,1770907714.136535,12012,3,1
1,NewOrder,1770907714.137046,88075,7,1
1,NewOrder,1770907714.137226,13331,9,1
2,Payment,1770907714.137280,2674,17,1
1,NewOrder,1770907714.139189,38586,0,1
3,OrderStatus,1770907714.139971,5615,17,1
5,StockLevel,1770907714.140262,1740,19,1
2,Payment,1770907714.140475,6571,1,1
1,NewOrder,1770907714.141167,24273,23,1
2,Payment,1770907714.142027,1866,19,1
2,Payment,1770907714.143644,17080,20,1
5,StockLevel,1770907714.143910,1065,19,1
2,Payment,1770907714.144096,7261,4,1
1,NewOrder,1770907714.144988,4838,19,1
2,Payment,1770907714.145612,10814,17,1
1,NewOrder,1770907714.146674,29396,16,1
1,NewOrder,1770907714.147063,13267,1,1
1,NewOrder,1770907714.148563,4577,3,1
1,NewOrder,1770907714.149838,4593,19,1
1,NewOrder,1770907714.150580,10128,9,1
1,NewOrder,1770907714.151372,36255,4,1
1,NewOrder,1770907714.153154,5465,3,1
2,Payment,1770907714.153625,4016,13,1
2,Payment,1770907714.154445,8067,19,1
1,NewOrder,1770907714.155010,62360,10,1
2,Payment,1770907714.156452,4180,17,1
1,NewOrder,1770907714.156690,60709,8,1
2,Payment,1770907714.157663,4614,13,1
2,Payment,1770907714.158131,12120,11,1
1,NewOrder,1770907714.158631,24987,3,1
1,NewOrder,1770907714.159092,29621,14,1
1,NewOrder,1770907714.160314,32683,5,1
1,NewOrder,1770907714.160358,35320,1,1
2,Payment,1770907714.160656,3097,17,1
1,NewOrder,1770907714.160724,68483,9,1
1,NewOrder,1770907714.160738,26533,20,1
2,Payment,1770907714.161322,7169,21,1
2,Payment,1770907714.161848,2132,18,1
3,OrderStatus,1770907714.162300,12090,13,1
1,NewOrder,1770907714.162540,9047,19,1
2,Payment,1770907714.163769,2346,17,1
3,OrderStatus,1770907714.163995,868,18,1
1,NewOrder,1770907714.164876,3584,18,1
1,NewOrder,1770907714.165466,35441,23,1
1,NewOrder,1770907714.166130,16073,17,1
1,NewOrder,1770907714.168118,33060,2,1
1,NewOrder,1770907714.168473,2681,18,1
2,Payment,1770907714.168517,10530,21,1
1,NewOrder,1770907714.170278,11892,11,1
2,Payment,1770907714.171166,13086,18,1
2,Payment,1770907714.171615,10308,19,1
1,NewOrder,1770907714.172718,27853,22,1
1,NewOrder,1770907714.174415,33979,13,1
1,NewOrder,1770907714.174655,58807,6,1
2,Payment,1770907714.176096,11546,16,1
2,Payment,1770907714.177801,15984,0,1
1,NewOrder,1770907714.179073,21871,21,1
2,Payment,1770907714.181949,5642,19,1
2,Payment,1770907714.182190,1774,11,1
1,NewOrder,1770907714.182229,8597,17,1
2,Payment,1770907714.183632,11265,3,1
1,NewOrder,1770907714.184000,45940,11,1
1,NewOrder,1770907714.184277,4404,18,1
1,NewOrder,1770907714.186621,53955,12,1
2,Payment,1770907714.187299,6315,20,1
1,NewOrder,1770907714.187617,34842,19,1
1,NewOrder,1770907714.187645,40291,4,1
2,Payment,1770907714.187668,5843,16,1
1,NewOrder,1770907714.188696,4337,18,1
1,NewOrder,1770907714.188729,53337,14,1
2,Payment,1770907714.190852,17317,17,1
1,NewOrder,1770907714.193023,47531,5,1
1,NewOrder,1770907714.193048,3381,18,1
2,Payment,1770907714.193158,17770,15,1
5,StockLevel,1770907714.193520,13465,16,1
1,NewOrder,1770907714.193642,37912,20,1
1,NewOrder,1770907714.193812,37568,0,1
1,NewOrder,1770907714.194916,24423,3,1
2,Payment,1770907714.195703,8480,1,1
2,Payment,1770907714.196442,1675,18,1
5,StockLevel,1770907714.198129,1529,18,1
2,Payment,1770907714.199668,1476,18,1
1,NewOrder,1770907714.200597,27362,22,1
1,NewOrder,1770907714.200931,34389,23,1
1,NewOrder,1770907714.200970,9209,21,1
1,NewOrder,1770907714.201158,3258,18,1
2,Payment,1770907714.201204,7138,2,1
4,Delivery,1770907714.204199,27093,1,1
2,Payment,1770907714.204428,1307,18,1
2,Payment,1770907714.205746,2566,18,1
1,NewOrder,1770907714.207004,25579,16,1
2,Payment,1770907714.208195,8664,17,1
1,NewOrder,1770907714.208324,19741,18,1
2,Payment,1770907714.208356,9376,2,1
1,NewOrder,1770907714.208420,10691,13,1
3,OrderStatus,1770907714.210197,1277,21,1
1,NewOrder,1770907714.210954,22974,15,1
2,Payment,1770907714.211494,1265,21,1
2,Payment,1770907714.212775,4555,21,1
2,Payment,1770907714.216885,11141,17,1
1,NewOrder,1770907714.217345,3825,21,1
2,Payment,1770907714.217397,12456,10,1
1,NewOrder,1770907714.217427,42108,8,1
2,Payment,1770907714.217751,3874,2,1
1,NewOrder,1770907714.219137,49373,13,1
2,Payment,1770907714.219364,10844,3,1
1,NewOrder,1770907714.221183,10341,21,1
1,NewOrder,1770907714.221651,6410,2,1
4,Delivery,1770907714.222484,25624,19,1
2,Payment,1770907714.225147,8756,7,1
1,NewOrder,1770907714.227963,32189,4,1
2,Payment,1770907714.227981,2654,22,1
1,NewOrder,1770907714.228052,21750,17,1
3,OrderStatus,1770907714.228089,3663,2,1
2,Payment,1770907714.228093,11830,18,1
1,NewOrder,1770907714.229219,30224,9,1
2,Payment,1770907714.229879,5964,10,1
1,NewOrder,1770907714.229954,41191,11,1
2,Payment,1770907714.230222,3788,3,1
2,Payment,1770907714.230650,13489,22,1
2,Payment,1770907714.231318,4426,1,1
2,Payment,1770907714.231392,6161,0,1
2,Payment,1770907714.231538,8592,21,1
1,NewOrder,1770907714.231581,25316,20,1
2,Payment,1770907714.231778,21875,2,1
1,NewOrder,1770907714.232596,30171,16,1
1,NewOrder,1770907714.233489,25530,6,1
1,NewOrder,1770907714.233929,33863,7,1
2,Payment,1770907714.233942,6564,15,1
2,Payment,1770907714.234022,21169,3,1
2,Payment,1770907714.235337,13583,23,1
1,NewOrder,1770907714.235764,31079,1,1
1,NewOrder,1770907714.235863,4662,10,1
2,Payment,1770907714.237590,22498,0,1
1,NewOrder,1770907714.239940,44391,18,1
5,StockLevel,1770907714.240147,3478,21,1
4,Delivery,1770907714.240533,67070,15,1
2,Payment,1770907714.240541,4083,10,1
2,Payment,1770907714.240580,16606,5,1
1,NewOrder,1770907714.240590,62899,12,1
2,Payment,1770907714.242093,17324,14,1
3,OrderStatus,1770907714.243638,960,21,1
2,Payment,1770907714.244150,6261,22,1
1,NewOrder,1770907714.244616,4000,21,1
2,Payment,1770907714.244635,24866,10,1
1,NewOrder,1770907714.248123,38139,19,1
1,NewOrder,1770907714.248628,8644,21,1
2,Payment,1770907714.248938,2534,23,1
5,StockLevel,1770907714.249813,24178,17,1
1,NewOrder,1770907714.250436,13076,22,1
1,NewOrder,1770907714.251486,5796,23,1
5,StockLevel,1770907714.253681,30404,2,1
1,NewOrder,1770907714.255216,42689,3,1
1,NewOrder,1770907714.256917,27396,20,1
1,NewOrder,1770907714.257213,4960,5,1
1,NewOrder,1770907714.257301,32362,23,1
2,Payment,1770907714.257303,2307,21,1
2,Payment,1770907714.259045,11675,6,1
1,NewOrder,1770907714.259442,26304,14,1
2,Payment,1770907714.259469,12381,9,1
1,NewOrder,1770907714.259562,26804,8,1
1,NewOrder,1770907714.259624,3588,21,1
1,NewOrder,1770907714.260109,4891,0,1
2,Payment,1770907714.260166,6284,4,1
2,Payment,1770907714.262189,5360,5,1
1,NewOrder,1770907714.262792,23194,16,1
2,Payment,1770907714.263232,2383,21,1
2,Payment,1770907714.263538,3702,22,1
2,Payment,1770907714.265026,5172,0,1
2,Payment,1770907714.265641,4131,21,1
1,NewOrder,1770907714.266475,26875,4,1
2,Payment,1770907714.266860,16387,1,1
1,NewOrder,1770907714.267266,35750,22,1
1,NewOrder,1770907714.267565,4913,5,1
2,Payment,1770907714.267807,12465,7,1
2,Payment,1770907714.268536,7195,13,1
1,NewOrder,1770907714.269528,59057,10,1
1,NewOrder,1770907714.269797,42037,21,1
2,Payment,1770907714.270215,4721,0,1
2,Payment,1770907714.270735,19365,6,1
1,NewOrder,1770907714.271172,41758,11,1
2,Payment,1770907714.271866,12753,9,1
1,NewOrder,1770907714.272493,46335,5,1
1,NewOrder,1770907714.274004,16437,17,1
1,NewOrder,1770907714.274957,42052,0,1
2,Payment,1770907714.275742,8891,13,1
2,Payment,1770907714.280298,5880,7,1
1,NewOrder,1770907714.283272,6066,1,1
2,Payment,1770907714.284111,7791,2,1
1,NewOrder,1770907714.284341,27106,20,1
2,Payment,1770907714.284347,13159,18,1
1,NewOrder,1770907714.284634,5483,9,1
1,NewOrder,1770907714.284655,44999,13,1
1,NewOrder,1770907714.285770,45274,14,1
1,NewOrder,1770907714.286002,25854,16,1
1,NewOrder,1770907714.286191,8538,7,1
1,NewOrder,1770907714.286288,33974,19,1
3,OrderStatus,1770907714.286395,14904,8,1
2,Payment,1770907714.289352,1410,1,1
1,NewOrder,1770907714.289690,29049,23,1
4,Delivery,1770907714.290125,13278,6,1
1,NewOrder,1770907714.290134,37757,9,1
2,Payment,1770907714.290468,2697,17,1
2,Payment,1770907714.290775,2828,1,1
1,NewOrder,1770907714.291919,4098,2,1
2,Payment,1770907714.293180,1957,17,1
1,NewOrder,1770907714.293364,49637,4,1
2,Payment,1770907714.293616,1227,1,1
1,NewOrder,1770907714.294741,33870,7,1
4,Delivery,1770907714.294852,18817,1,1
1,NewOrder,1770907714.295164,40321,17,1
2,Payment,1770907714.296031,2083,2,1
1,NewOrder,1770907714.297520,52445,18,1
2,Payment,1770907714.297916,7781,3,1
1,NewOrder,1770907714.298124,77864,2,1
1,NewOrder,1770907714.301325,24856,8,1
2,Payment,1770907714.303031,8857,22,1
2,Payment,1770907714.303420,2293,6,1
2,Payment,1770907714.303517,14423,12,1
1,NewOrder,1770907714.305723,6208,3,1
3,OrderStatus,1770907714.305730,5390,6,1
2,Payment,1770907714.307629,17985,15,1
1,NewOrder,1770907714.311144,31284,6,1
2,Payment,1770907714.311474,7969,20,1
1,NewOrder,1770907714.311860,5843,21,1
3,OrderStatus,1770907714.311874,3372,16,1
2,Payment,1770907714.311907,1224,22,1
1,NewOrder,1770907714.311952,31681,3,1
5,StockLevel,1770907714.312944,18398,11,1
1,NewOrder,1770907714.313146,2647,22,1
2,Payment,1770907714.313697,7397,1,1
1,NewOrder,1770907714.315260,61128,16,1
2,Payment,1770907714.315809,1446,22,1
2,Payment,1770907714.317031,14210,0,1
2,Payment,1770907714.317268,7612,22,1
2,Payment,1770907714.317720,2867,21,1
1,NewOrder,1770907714.317954,14931,12,1
1,NewOrder,1770907714.318764,55153,23,1
2,Payment,1770907714.318854,2997,5,1
1,NewOrder,1770907714.319465,90405,20,1
2,Payment,1770907714.320289,25121,19,1
2,Payment,1770907714.320602,28314,21,1
2,Payment,1770907714.321111,30766,1,1
5,StockLevel,1770907714.321877,1803,5,1
2,Payment,1770907714.323694,12386,5,1
1,NewOrder,1770907714.324896,88989,22,1
2,Payment,1770907714.325640,2609,15,1
2,Payment,1770907714.326203,4018,8,1
1,NewOrder,1770907714.327903,7681,9,1
1,NewOrder,1770907714.328276,16832,15,1
1,NewOrder,1770907714.328598,36761,10,1
2,Payment,1770907714.328624,3812,7,1
2,Payment,1770907714.329675,1731,13,1
1,NewOrder,1770907714.330249,29562,8,1
2,Payment,1770907714.331070,5038,14,1
2,Payment,1770907714.331256,12277,0,1
2,Payment,1770907714.331369,5641,11,1
2,Payment,1770907714.331424,1396,13,1
1,NewOrder,1770907714.332462,29052,7,1
1,NewOrder,1770907714.332833,4206,13,1
1,NewOrder,1770907714.332898,32141,12,1
1,NewOrder,1770907714.335502,78608,17,1
2,Payment,1770907714.335598,2903,9,1
2,Payment,1770907714.336093,9928,5,1
3,OrderStatus,1770907714.336120,6658,14,1
1,NewOrder,1770907714.337024,27445,11,1
1,NewOrder,1770907714.337066,6588,13,1
1,NewOrder,1770907714.338517,4260,9,1
1,NewOrder,1770907714.342444,28421,6,1
4,Delivery,1770907714.342791,53051,9,1
1,NewOrder,1770907714.342804,14258,14,1
1,NewOrder,1770907714.343027,42910,4,1
2,Payment,1770907714.343549,5401,0,1
1,NewOrder,1770907714.343647,6689,3,1
2,Payment,1770907714.343669,3069,13,1
2,Payment,1770907714.345134,12556,15,1
3,OrderStatus,1770907714.345425,3960,19,1
1,NewOrder,1770907714.346039,16152,5,1
2,Payment,1770907714.346753,9835,13,1
1,NewOrder,1770907714.348937,3383,21,1
1,NewOrder,1770907714.348967,29768,0,1
2,Payment,1770907714.349401,25718,19,1
3,OrderStatus,1770907714.349979,796,18,1
1,NewOrder,1770907714.350353,5048,3,1
2,Payment,1770907714.350788,26822,18,1
1,NewOrder,1770907714.351900,77906,1,1
1,NewOrder,1770907714.352335,27478,21,1
2,Payment,1770907714.355416,1425,3,1
2,Payment,1770907714.356602,23754,13,1
1,NewOrder,1770907714.356855,48033,3,1
2,Payment,1770907714.357078,3285,14,1
1,NewOrder,1770907714.357716,4152,15,1
1,NewOrder,1770907714.359831,35986,8,1
1,NewOrder,1770907714.360377,10995,14,1
1,NewOrder,1770907714.361543,25932,7,1
1,NewOrder,1770907714.361883,3499,15,1
1,NewOrder,1770907714.362205,11166,5,1
1,NewOrder,1770907714.364495,31393,11,1
1,NewOrder,1770907714.365059,30833,12,1
5,StockLevel,1770907714.365372,1571,10,1
1,NewOrder,1770907714.365397,10412,15,1
1,NewOrder,1770907714.366964,19397,10,1
2,Payment,1770907714.370891,13761,6,1
1,NewOrder,1770907714.371397,16013,14,1
1,NewOrder,1770907714.373397,26606,5,1
2,Payment,1770907714.373933,6265,23,1
3,OrderStatus,1770907714.375145,8587,19,1
1,NewOrder,1770907714.375824,26807,15,1
2,Payment,1770907714.376012,2746,2,1
3,OrderStatus,1770907714.376404,1249,16,1
3,OrderStatus,1770907714.377626,3137,18,1
2,Payment,1770907714.377669,16862,16,1
1,NewOrder,1770907714.378755,58182,0,1
2,Payment,1770907714.378771,1762,2,1
1,NewOrder,1770907714.379839,62088,21,1
2,Payment,1770907714.380222,32225,23,1
1,NewOrder,1770907714.380369,15550,13,1
2,Payment,1770907714.380546,4833,2,1
1,NewOrder,1770907714.380776,66919,18,1
2,Payment,1770907714.383756,32570,19,1
1,NewOrder,1770907714.384666,33053,6,1
3,OrderStatus,1770907714.385392,878,2,1
1,NewOrder,1770907714.385964,5157,4,1
1,NewOrder,1770907714.386284,4068,2,1
1,NewOrder,1770907714.386382,2451,10,1
3,OrderStatus,1770907714.387435,1572,14,1
1,NewOrder,1770907714.387487,8018,7,1
1,NewOrder,1770907714.388847,30879,10,1
1,NewOrder,1770907714.389024,3162,14,1
2,Payment,1770907714.390366,25615,2,1
4,Delivery,1770907714.391147,60554,4,1
1,NewOrder,1770907714.392200,35251,14,1
1,NewOrder,1770907714.394543,48012,16,1
2,Payment,1770907714.395534,2112,7,1
1,NewOrder,1770907714.395833,9919,8,1
2,Payment,1770907714.395861,8442,9,1
5,StockLevel,1770907714.395911,5740,12,1
1,NewOrder,1770907714.395915,4263,11,1
2,Payment,1770907714.395933,14177,13,1
1,NewOrder,1770907714.397667,3919,7,1
2,Payment,1770907714.400030,20719,5,1
1,NewOrder,1770907714.400195,9041,11,1
2,Payment,1770907714.401611,3385,7,1
1,NewOrder,1770907714.401665,2907,12,1
1,NewOrder,1770907714.402648,2704,15,1
1,NewOrder,1770907714.404328,5258,9,1
2,Payment,1770907714.404586,6663,12,1
2,Payment,1770907714.404907,16988,3,1
2,Payment,1770907714.405022,1357,7,1
1,NewOrder,1770907714.405364,56296,15,1
1,NewOrder,1770907714.405778,64553,8,1
2,Payment,1770907714.406397,1184,7,1
2,Payment,1770907714.407593,1948,7,1
1,NewOrder,1770907714.409263,62489,11,1
1,NewOrder,1770907714.409555,40370,7,1
5,StockLevel,1770907714.409603,6317,9,1
4,Delivery,1770907714.409887,38579,20,1
2,Payment,1770907714.410126,19539,13,1
2,Payment,1770907714.411264,19704,12,1
2,Payment,1770907714.412458,4923,23,1
1,NewOrder,1770907714.413912,16146,22,1
1,NewOrder,1770907714.414124,50966,17,1
1,NewOrder,1770907714.415946,43936,9,1
2,Payment,1770907714.416002,3425,2,1
2,Payment,1770907714.416351,4220,19,1
4,Delivery,1770907714.417395,30984,23,1
1,NewOrder,1770907714.417751,3107,6,1
1,NewOrder,1770907714.419452,22958,2,1
1,NewOrder,1770907714.419753,5759,10,1
5,StockLevel,1770907714.420587,20360,19,1
2,Payment,1770907714.420775,3352,5,1
1,NewOrder,1770907714.420873,5038,6,1
4,Delivery,1770907714.421913,30097,3,1
1,NewOrder,1770907714.424143,29779,5,1
1,NewOrder,1770907714.425528,5157,10,1
1,NewOrder,1770907714.425926,44262,6,1
1,NewOrder,1770907714.427464,54593,14,1
1,NewOrder,1770907714.429676,30240,13,1
2,Payment,1770907714.429831,6629,1,1
2,Payment,1770907714.430070,1291,22,1
1,NewOrder,1770907714.430709,18887,10,1
1,NewOrder,1770907714.430995,5917,12,1
2,Payment,1770907714.431375,1305,22,1
1,NewOrder,1770907714.432691,4216,22,1
5,StockLevel,1770907714.436472,18617,1,1
2,Payment,1770907714.436933,10774,12,1
1,NewOrder,1770907714.436939,7666,22,1
1,NewOrder,1770907714.436965,2996,0,1
1,NewOrder,1770907714.439978,4182,0,1
1,NewOrder,1770907714.440974,28305,19,1
1,NewOrder,1770907714.441946,25638,21,1
2,Payment,1770907714.442434,5036,2,1
1,NewOrder,1770907714.442581,47399,16,1
1,NewOrder,1770907714.444176,3483,0,1
2,Payment,1770907714.444630,1367,22,1
2,Payment,1770907714.446014,13828,22,1
2,Payment,1770907714.447496,12199,2,1
1,NewOrder,1770907714.447675,20287,0,1
1,NewOrder,1770907714.447712,25460,18,1
4,Delivery,1770907714.447734,2134,12,1
1,NewOrder,1770907714.448396,5110,23,1
4,Delivery,1770907714.448490,42521,20,1
1,NewOrder,1770907714.449611,23624,10,1
2,Payment,1770907714.449885,1637,12,1
1,NewOrder,1770907714.449953,10581,7,1
1,NewOrder,1770907714.451537,31851,12,1
1,NewOrder,1770907714.451726,24700,4,1
1,NewOrder,1770907714.452031,22325,3,1
2,Payment,1770907714.453522,16665,23,1
1,NewOrder,1770907714.453937,24803,5,1
1,NewOrder,1770907714.455109,37623,1,1
3,OrderStatus,1770907714.459721,12007,2,1
2,Payment,1770907714.459861,12109,22,1
1,NewOrder,1770907714.459908,5177,9,1
2,Payment,1770907714.459935,9466,13,1
2,Payment,1770907714.460561,4226,7,1
1,NewOrder,1770907714.461686,18888,15,1
1,NewOrder,1770907714.464815,25113,7,1
5,StockLevel,1770907714.465104,15191,9,1
2,Payment,1770907714.465110,6605,17,1
1,NewOrder,1770907714.467610,73199,21,1
2,Payment,1770907714.467985,20817,0,1
1,NewOrder,1770907714.469304,24143,19,1
2,Payment,1770907714.469416,7473,13,1
1,NewOrder,1770907714.470199,19755,6,1
1,NewOrder,1770907714.470213,86700,23,1
2,Payment,1770907714.470347,6770,8,1
1,NewOrder,1770907714.471733,5401,17,1
2,Payment,1770907714.471754,27180,2,1
1,NewOrder,1770907714.471780,11995,11,1
4,Delivery,1770907714.471997,21928,22,1
2,Payment,1770907714.473197,21244,18,1
2,Payment,1770907714.473252,4985,10,1
2,Payment,1770907714.474382,55403,3,1
1,NewOrder,1770907714.476452,21881,4,1
1,NewOrder,1770907714.476914,76324,13,1
2,Payment,1770907714.477143,2630,8,1
2,Payment,1770907714.477153,2352,17,1
2,Payment,1770907714.478254,2715,10,1
2,Payment,1770907714.478758,58711,5,1
1,NewOrder,1770907714.479521,73922,17,1
2,Payment,1770907714.479799,7305,8,1
1,NewOrder,1770907714.480321,57872,9,1
2,Payment,1770907714.480599,9905,15,1
1,NewOrder,1770907714.480995,4040,10,1
1,NewOrder,1770907714.482074,8513,14,1
1,NewOrder,1770907714.483411,78222,12,1
2,Payment,1770907714.483790,6747,11,1
2,Payment,1770907714.485051,61526,10,1
2,Payment,1770907714.487130,37385,8,1
1,NewOrder,1770907714.488827,64662,0,1
2,Payment,1770907714.489955,53816,7,1
2,Payment,1770907714.489975,61664,6,1
3,OrderStatus,1770907714.490006,24346,16,1
1,NewOrder,1770907714.490529,5436,15,1
2,Payment,1770907714.490551,1143,11,1
5,StockLevel,1770907714.490609,2659,14,1
4,Delivery,1770907714.491036,79302,20,1
1,NewOrder,1770907714.491708,15320,11,1
2,Payment,1770907714.492760,7401,1,1
2,Payment,1770907714.493285,2226,14,1
1,NewOrder,1770907714.493462,8640,19,1
1,NewOrder,1770907714.493941,13163,22,1
2,Payment,1770907714.494466,3415,18,1
1,NewOrder,1770907714.495529,5198,14,1
1,NewOrder,1770907714.495980,3003,15,1
2,Payment,1770907714.497900,3135,18,1
1,NewOrder,1770907714.498359,13870,4,1
3,OrderStatus,1770907714.498947,10466,2,1
1,NewOrder,1770907714.499010,25695,15,1
1,NewOrder,1770907714.500178,3493,1,1
1,NewOrder,1770907714.500743,6044,14,1
2,Payment,1770907714.501050,3152,18,1
2,Payment,1770907714.502129,3434,19,1
1,NewOrder,1770907714.503687,8841,1,1
2,Payment,1770907714.504228,5036,18,1
1,NewOrder,1770907714.505608,12067,19,1
4,Delivery,1770907714.506803,4363,14,1
2,Payment,1770907714.507042,47566,11,1
1,NewOrder,1770907714.507130,8249,22,1
5,StockLevel,1770907714.509288,5705,18,1
1,NewOrder,1770907714.509432,71606,2,1
1,NewOrder,1770907714.511190,3764,14,1
1,NewOrder,1770907714.512255,10464,4,1
2,Payment,1770907714.512555,2792,1,1
1,NewOrder,1770907714.514369,64691,16,1
1,NewOrder,1770907714.514973,5546,14,1
2,Payment,1770907714.515019,3090,18,1
1,NewOrder,1770907714.515364,13408,1,1
1,NewOrder,1770907714.515392,13548,22,1
1,NewOrder,1770907714.517686,12908,19,1
2,Payment,1770907714.518127,3429,18,1
2,Payment,1770907714.520536,1507,14,1
1,NewOrder,1770907714.521598,56899,18,1
1,NewOrder,1770907714.522058,6804,14,1
1,NewOrder,1770907714.522730,6066,4,1
2,Payment,1770907714.524529,20154,8,1
4,Delivery,1770907714.524716,8890,15,1
1,NewOrder,1770907714.528797,4027,1,1
1,NewOrder,1770907714.528812,4376,4,1
2,Payment,1770907714.528886,2022,14,1
2,Payment,1770907714.528966,4725,22,1
1,NewOrder,1770907714.529802,7723,3,1
2,Payment,1770907714.530620,8612,19,1
2,Payment,1770907714.530927,2269,14,1
2,Payment,1770907714.532840,6917,1,1
1,NewOrder,1770907714.533202,2531,4,1
2,Payment,1770907714.533212,1642,14,1
1,NewOrder,1770907714.533631,4575,15,1
2,Payment,1770907714.533703,4031,22,1
2,Payment,1770907714.534866,1656,14,1
2,Payment,1770907714.535759,10594,4,1
1,NewOrder,1770907714.536534,7782,14,1
2,Payment,1770907714.537488,3751,5,1
2,Payment,1770907714.537539,6372,3,1
2,Payment,1770907714.537751,3211,22,1
3,OrderStatus,1770907714.538209,7323,9,1
1,NewOrder,1770907714.538222,48589,15,1
1,NewOrder,1770907714.539258,3907,19,1
1,NewOrder,1770907714.539775,4560,1,1
4,Delivery,1770907714.540822,29899,21,1
1,NewOrder,1770907714.540989,3209,22,1
2,Payment,1770907714.541264,3652,5,1
3,OrderStatus,1770907714.543182,707,19,1
2,Payment,1770907714.543789,9574,7,1
4,Delivery,1770907714.543904,26868,19,1
2,Payment,1770907714.543929,7743,3,1
1,NewOrder,1770907714.544212,30824,22,1
2,Payment,1770907714.544343,15505,14,1
4,Delivery,1770907714.544351,31012,1,1
2,Payment,1770907714.544698,3890,8,1
2,Payment,1770907714.544932,3173,5,1
2,Payment,1770907714.545547,11912,9,1
1,NewOrder,1770907714.546369,42597,4,1
1,NewOrder,1770907714.546602,19079,10,1
5,StockLevel,1770907714.548120,8017,5,1
4,Delivery,1770907714.548614,16529,8,1
3,OrderStatus,1770907714.551664,2981,6,1
2,Payment,1770907714.551688,1706,3,1
1,NewOrder,1770907714.553263,47803,13,1
4,Delivery,1770907714.553379,12040,7,1
2,Payment,1770907714.553421,3621,3,1
3,OrderStatus,1770907714.553457,5438,17,1
1,NewOrder,1770907714.553515,65947,0,1
1,NewOrder,1770907714.554624,14638,11,1
2,Payment,1770907714.554658,4841,6,1
1,NewOrder,1770907714.556162,49256,5,1
2,Payment,1770907714.556927,22231,23,1
2,Payment,1770907714.557060,18099,3,1
1,NewOrder,1770907714.557473,8145,9,1
2,Payment,1770907714.558920,17496,17,1
1,NewOrder,1770907714.559515,3663,6,1
5,StockLevel,1770907714.559862,5835,14,1
5,StockLevel,1770907714.561645,17982,12,1
5,StockLevel,1770907714.563190,1696,6,1
2,Payment,1770907714.564897,2001,6,1
2,Payment,1770907714.565169,14526,8,1
1,NewOrder,1770907714.565436,35105,7,1
2,Payment,1770907714.565645,22470,9,1
1,NewOrder,1770907714.565706,34951,10,1
3,OrderStatus,1770907714.565723,1028,14,1
2,Payment,1770907714.566766,12639,14,1
1,NewOrder,1770907714.566911,38562,6,1
2,Payment,1770907714.569288,15043,11,1
3,OrderStatus,1770907714.570354,2973,20,1
1,NewOrder,1770907714.570739,8879,21,1
1,NewOrder,1770907714.570788,4623,19,1
1,NewOrder,1770907714.573344,50910,20,1
3,OrderStatus,1770907714.575064,21566,22,1
1,NewOrder,1770907714.575173,6349,3,1
1,NewOrder,1770907714.575380,17347,1,1
1,NewOrder,1770907714.575427,4156,19,1
1,NewOrder,1770907714.576442,13138,17,1
1,NewOrder,1770907714.578528,82215,18,1
1,NewOrder,1770907714.579077,38041,16,1
3,OrderStatus,1770907714.579182,7154,23,1
1,NewOrder,1770907714.579431,3158,14,1
2,Payment,1770907714.579598,2032,19,1
2,Payment,1770907714.579636,3195,21,1
1,NewOrder,1770907714.579642,21121,12,1
4,Delivery,1770907714.579710,26229,8,1
1,NewOrder,1770907714.581049,41310,2,1
2,Payment,1770907714.581537,6837,3,1
2,Payment,1770907714.581646,3013,19,1
2,Payment,1770907714.582619,1813,14,1
1,NewOrder,1770907714.582855,45867,21,1
1,NewOrder,1770907714.584357,21194,11,1
2,Payment,1770907714.584453,1719,14,1
2,Payment,1770907714.584672,1157,19,1
2,Payment,1770907714.585841,1230,19,1
1,NewOrder,1770907714.586188,18852,14,1
2,Payment,1770907714.586355,3169,23,1
1,NewOrder,1770907714.586822,20102,15,1
1,NewOrder,1770907714.587084,5061,19,1
1,NewOrder,1770907714.588130,17324,9,1
2,Payment,1770907714.588389,4443,3,1
2,Payment,1770907714.588979,29574,4,1
1,NewOrder,1770907714.589538,43870,23,1
2,Payment,1770907714.589593,8401,17,1
1,NewOrder,1770907714.592158,34918,19,1
1,NewOrder,1770907714.592744,44518,1,1
1,NewOrder,1770907714.592846,44047,3,1
2,Payment,1770907714.596647,22281,22,1
5,StockLevel,1770907714.598010,26912,17,1
2,Payment,1770907714.600556,3580,7,1
2,Payment,1770907714.600674,5213,10,1
2,Payment,1770907714.600790,6863,12,1
2,Payment,1770907714.601080,17965,13,1
1,NewOrder,1770907714.604149,5700,7,1
1,NewOrder,1770907714.605066,37581,14,1
1,NewOrder,1770907714.605445,7897,5,1
3,OrderStatus,1770907714.605480,7050,9,1
1,NewOrder,1770907714.605492,41613,6,1
1,NewOrder,1770907714.605593,63624,11,1
2,Payment,1770907714.605913,2121,10,1
4,Delivery,1770907714.605952,63302,8,1
1,NewOrder,1770907714.606935,15978,15,1
1,NewOrder,1770907714.607671,4248,12,1
1,NewOrder,1770907714.608055,38821,10,1
2,Payment,1770907714.609868,4521,7,1
2,Payment,1770907714.611933,8366,12,1
2,Payment,1770907714.612557,3124,9,1
1,NewOrder,1770907714.613359,2577,5,1
2,Payment,1770907714.614406,12230,7,1
1,NewOrder,1770907714.615700,30808,9,1
2,Payment,1770907714.615951,3720,5,1
2,Payment,1770907714.617133,9794,16,1
2,Payment,1770907714.618568,9887,4,1
2,Payment,1770907714.618944,10326,22,1
2,Payment,1770907714.619061,12666,13,1
1,NewOrder,1770907714.619476,19075,0,1
2,Payment,1770907714.619686,27255,5,1
1,NewOrder,1770907714.620325,3911,12,1
2,Payment,1770907714.622375,12047,2,1
2,Payment,1770907714.622931,22353,15,1
3,OrderStatus,1770907714.624253,774,12,1
1,NewOrder,1770907714.624269,2911,20,1
4,Delivery,1770907714.624937,47760,17,1
2,Payment,1770907714.625043,21878,12,1
2,Payment,1770907714.626662,42638,7,1
5,StockLevel,1770907714.626943,1544,16,1
1,NewOrder,1770907714.627103,26934,19,1
2,Payment,1770907714.627193,3350,20,1
2,Payment,1770907714.628481,4571,4,1
3,OrderStatus,1770907714.628514,745,16,1
1,NewOrder,1770907714.628736,10131,21,1
1,NewOrder,1770907714.629278,12132,16,1
2,Payment,1770907714.629283,3252,22,1
2,Payment,1770907714.630557,3559,20,1
2,Payment,1770907714.631753,12275,13,1
2,Payment,1770907714.632550,14071,22,1
2,Payment,1770907714.633071,12451,4,1
2,Payment,1770907714.633434,1479,23,1
1,NewOrder,1770907714.634129,6719,20,1
1,NewOrder,1770907714.634438,4436,2,1
2,Payment,1770907714.634929,1234,23,1
2,Payment,1770907714.636175,4216,23,1
2,Payment,1770907714.636913,5535,3,1
2,Payment,1770907714.637277,25392,1,1
2,Payment,1770907714.638567,32942,0,1
5,StockLevel,1770907714.638882,2543,21,1
3,OrderStatus,1770907714.638889,1059,2,1
2,Payment,1770907714.639961,9598,2,1
2,Payment,1770907714.640399,2092,23,1
1,NewOrder,1770907714.640874,21784,20,1
2,Payment,1770907714.641438,6799,16,1
3,OrderStatus,1770907714.641451,26185,21,1
1,NewOrder,1770907714.642462,27911,3,1
1,NewOrder,1770907714.642517,20011,23,1
4,Delivery,1770907714.642659,30342,14,1
4,Delivery,1770907714.644041,29080,13,1
2,Payment,1770907714.645303,16875,15,1
4,Delivery,1770907714.645540,8120,4,1
2,Payment,1770907714.646537,84418,9,1
2,Payment,1770907714.646636,15948,22,1
2,Payment,1770907714.646894,82665,10,1
1,NewOrder,1770907714.646938,4475,12,1
4,Delivery,1770907714.646957,7852,5,1
1,NewOrder,1770907714.647116,90129,6,1
2,Payment,1770907714.648257,1617,16,1
3,OrderStatus,1770907714.649599,4798,2,1
1,NewOrder,1770907714.649889,14753,16,1
1,NewOrder,1770907714.651429,3167,12,1
1,NewOrder,1770907714.653677,8926,4,1
2,Payment,1770907714.654062,17299,19,1
1,NewOrder,1770907714.654416,16186,2,1
1,NewOrder,1770907714.654610,14975,12,1
2,Payment,1770907714.654823,10057,5,1
1,NewOrder,1770907714.660758,41153,18,1
1,NewOrder,1770907714.662190,71517,15,1
1,NewOrder,1770907714.662546,3892,23,1
1,NewOrder,1770907714.662610,7718,22,1
2,Payment,1770907714.662617,7477,4,1
2,Payment,1770907714.662668,9379,20,1
1,NewOrder,1770907714.662695,3678,1,1
1,NewOrder,1770907714.664658,31529,16,1
2,Payment,1770907714.664905,17954,5,1
2,Payment,1770907714.666391,29295,1,1
1,NewOrder,1770907714.666453,3674,23,1
2,Payment,1770907714.667652,6150,21,1
2,Payment,1770907714.669231,15272,11,1
4,Delivery,1770907714.669268,66667,8,1
2,Payment,1770907714.669327,17905,7,1
2,Payment,1770907714.669602,14848,12,1
2,Payment,1770907714.670107,18903,4,1
2,Payment,1770907714.670139,5542,23,1
1,NewOrder,1770907714.670341,12476,22,1
1,NewOrder,1770907714.670399,31391,3,1
2,Payment,1770907714.670615,3423,2,1
1,NewOrder,1770907714.671384,12732,19,1
2,Payment,1770907714.671523,1419,0,1
2,Payment,1770907714.672064,5056,20,1
2,Payment,1770907714.672706,21965,17,1
2,Payment,1770907714.672954,8728,0,1
2,Payment,1770907714.673019,14127,14,1
1,NewOrder,1770907714.673137,4732,13,1
2,Payment,1770907714.673816,22187,21,1
1,NewOrder,1770907714.674053,2554,2,1
2,Payment,1770907714.675697,7035,23,1
2,Payment,1770907714.676621,19990,2,1
1,NewOrder,1770907714.677133,15009,20,1
1,NewOrder,1770907714.677884,19347,13,1
1,NewOrder,1770907714.681709,5488,0,1
2,Payment,1770907714.682746,14447,23,1
2,Payment,1770907714.682835,21167,22,1
1,NewOrder,1770907714.682885,11550,5,1
2,Payment,1770907714.684132,35402,19,1
5,StockLevel,1770907714.684472,1789,12,1
1,NewOrder,1770907714.684529,51259,11,1
1,NewOrder,1770907714.686276,8171,12,1
3,OrderStatus,1770907714.687162,874,14,1
2,Payment,1770907714.687213,1261,0,1
1,NewOrder,1770907714.687247,50060,7,1
2,Payment,1770907714.688051,3956,14,1
1,NewOrder,1770907714.688488,6306,0,1
1,NewOrder,1770907714.689026,18163,4,1
3,OrderStatus,1770907714.692025,33573,14,1
2,Payment,1770907714.692159,16376,20,1
2,Payment,1770907714.694465,30562,12,1
1,NewOrder,1770907714.694468,31624,5,1
4,Delivery,1770907714.694688,11225,17,1
2,Payment,1770907714.694821,3152,0,1
1,NewOrder,1770907714.695700,22553,1,1
1,NewOrder,1770907714.696036,11592,21,1
1,NewOrder,1770907714.696204,25631,16,1
1,NewOrder,1770907714.696628,20477,2,1
1,NewOrder,1770907714.697209,3586,23,1
1,NewOrder,1770907714.697259,12278,13,1
2,Payment,1770907714.698000,1259,0,1
2,Payment,1770907714.699274,1227,0,1
1,NewOrder,1770907714.700515,46008,0,1
2,Payment,1770907714.700811,1986,23,1
1,NewOrder,1770907714.701807,41986,3,1
5,StockLevel,1770907714.701924,43796,18,1
5,StockLevel,1770907714.702812,3838,23,1
1,NewOrder,1770907714.704022,38333,22,1
2,Payment,1770907714.705932,1348,17,1
4,Delivery,1770907714.706664,90510,23,1
4,Delivery,1770907714.707210,17550,4,1
1,NewOrder,1770907714.707294,3876,17,1
1,NewOrder,1770907714.707641,9436,21,1
2,Payment,1770907714.708552,1194,20,1
1,NewOrder,1770907714.709562,8749,13,1
1,NewOrder,1770907714.709761,35927,20,1
1,NewOrder,1770907714.711185,3504,17,1
2,Payment,1770907714.714701,1581,17,1
3,OrderStatus,1770907714.716294,1179,17,1
2,Payment,1770907714.717093,1459,21,1
2,Payment,1770907714.717121,27788,2,1
2,Payment,1770907714.717487,1242,17,1
2,Payment,1770907714.718272,28191,1,1
1,NewOrder,1770907714.718331,25098,13,1
1,NewOrder,1770907714.718566,27124,21,1
1,NewOrder,1770907714.718743,4848,17,1
2,Payment,1770907714.719549,2230,19,1
2,Payment,1770907714.721792,1431,19,1
2,Payment,1770907714.721851,20469,16,1
2,Payment,1770907714.723237,1216,19,1
1,NewOrder,1770907714.723605,23823,17,1
1,NewOrder,1770907714.724466,21296,19,1
1,NewOrder,1770907714.724775,8607,4,1
1,NewOrder,1770907714.725040,2976,12,1
1,NewOrder,1770907714.725614,11292,14,1
2,Payment,1770907714.726120,43913,5,1
2,Payment,1770907714.728032,1825,12,1
1,NewOrder,1770907714.729591,7688,10,1
1,NewOrder,1770907714.729872,2435,12,1
2,Payment,1770907714.730983,2744,9,1
1,NewOrder,1770907714.732322,6799,12,1
2,Payment,1770907714.733396,35326,4,1
2,Payment,1770907714.733721,2088,15,1
2,Payment,1770907714.733745,3926,9,1
2,Payment,1770907714.735814,5159,11,1
2,Payment,1770907714.735824,1129,15,1
2,Payment,1770907714.735949,14453,8,1
2,Payment,1770907714.736932,4960,14,1
1,NewOrder,1770907714.736966,23147,15,1
1,NewOrder,1770907714.737263,24851,6,1
1,NewOrder,1770907714.737292,22614,10,1
1,NewOrder,1770907714.737334,3007,7,1
1,NewOrder,1770907714.737698,20633,9,1
2,Payment,1770907714.739134,6616,12,1
2,Payment,1770907714.740356,3185,7,1
1,NewOrder,1770907714.740987,21540,11,1
1,NewOrder,1770907714.741907,15882,14,1
1,NewOrder,1770907714.742339,12431,16,1
2,Payment,1770907714.742373,1317,22,1
2,Payment,1770907714.743448,2511,13,1
1,NewOrder,1770907714.743556,26256,7,1
2,Payment,1770907714.743699,1462,22,1
1,NewOrder,1770907714.743826,6425,3,1
2,Payment,1770907714.744922,2446,2,1
2,Payment,1770907714.745173,8370,22,1
2,Payment,1770907714.745699,27304,20,1
2,Payment,1770907714.745715,23930,21,1
1,NewOrder,1770907714.745734,51940,18,1
4,Delivery,1770907714.745764,4114,12,1
2,Payment,1770907714.745789,25201,19,1
1,NewOrder,1770907714.745974,23163,13,1
4,Delivery,1770907714.746475,28929,1,1
1,NewOrder,1770907714.746536,50439,0,1
3,OrderStatus,1770907714.747381,27835,2,1
2,Payment,1770907714.747450,1462,17,1
2,Payment,1770907714.748925,32597,17,1
2,Payment,1770907714.749891,52686,12,1
2,Payment,1770907714.750268,62713,3,1
1,NewOrder,1770907714.750415,3444,8,1
2,Payment,1770907714.753556,21401,22,1
1,NewOrder,1770907714.753872,6263,8,1
3,OrderStatus,1770907714.754784,2491,16,1
1,NewOrder,1770907714.757300,34133,16,1
1,NewOrder,1770907714.757808,5052,14,1
1,NewOrder,1770907714.758357,6461,9,1
2,Payment,1770907714.759933,1896,10,1
2,Payment,1770907714.760136,22015,15,1
2,Payment,1770907714.760150,2943,8,1
2,Payment,1770907714.761847,8231,10,1
2,Payment,1770907714.762132,87953,6,1
5,StockLevel,1770907714.762543,4598,11,1
3,OrderStatus,1770907714.762876,1547,14,1
1,NewOrder,1770907714.763119,6218,8,1
2,Payment,1770907714.764437,19013,14,1
1,NewOrder,1770907714.764837,3868,9,1
1,NewOrder,1770907714.767168,120272,11,1
2,Payment,1770907714.768729,4148,9,1
1,NewOrder,1770907714.768738,9518,4,1
2,Payment,1770907714.769154,35111,13,1
2,Payment,1770907714.769352,85529,8,1
1,NewOrder,1770907714.769661,28460,21,1
2,Payment,1770907714.769827,57905,7,1
1,NewOrder,1770907714.770060,3958,5,1
2,Payment,1770907714.770105,81317,10,1
2,Payment,1770907714.771003,14808,19,1
2,Payment,1770907714.772897,85261,9,1
1,NewOrder,1770907714.773028,4061,20,1
2,Payment,1770907714.774034,31797,5,1
2,Payment,1770907714.774975,2559,22,1
1,NewOrder,1770907714.775235,22429,2,1
2,Payment,1770907714.775420,36201,1,1
2,Payment,1770907714.777106,1443,20,1
5,StockLevel,1770907714.777549,4501,22,1
1,NewOrder,1770907714.778272,22290,4,1
1,NewOrder,1770907714.778564,3876,20,1
1,NewOrder,1770907714.781542,17897,17,1
2,Payment,1770907714.782067,5988,22,1
2,Payment,1770907714.782171,2716,15,1
5,StockLevel,1770907714.782457,1501,20,1
1,NewOrder,1770907714.783477,2888,14,1
1,NewOrder,1770907714.783971,2819,20,1
2,Payment,1770907714.784904,63895,15,1
1,NewOrder,1770907714.785827,26470,19,1
1,NewOrder,1770907714.786382,39450,14,1
1,NewOrder,1770907714.786804,2411,20,1
2,Payment,1770907714.788075,1485,22,1
1,NewOrder,1770907714.789228,3371,20,1
1,NewOrder,1770907714.789591,12724,22,1
2,Payment,1770907714.791449,5551,16,1
1,NewOrder,1770907714.792613,4594,20,1
3,OrderStatus,1770907714.797003,1945,0,1
1,NewOrder,1770907714.797027,26532,16,1
4,Delivery,1770907714.797200,8814,23,1
1,NewOrder,1770907714.797221,4120,20,1
1,NewOrder,1770907714.797682,25864,2,1
2,Payment,1770907714.797690,7563,18,1
2,Payment,1770907714.798137,10719,21,1
2,Payment,1770907714.798962,3103,0,1
1,NewOrder,1770907714.799452,23397,17,1
1,NewOrder,1770907714.800579,22229,4,1
2,Payment,1770907714.801368,5470,20,1
2,Payment,1770907714.802079,8222,0,1
1,NewOrder,1770907714.802334,4156,22,1
1,NewOrder,1770907714.802604,23501,12,1
2,Payment,1770907714.804281,2179,13,1
1,NewOrder,1770907714.805267,53656,18,1
2,Payment,1770907714.805845,20548,5,1
1,NewOrder,1770907714.806030,7458,23,1
2,Payment,1770907714.806474,2195,13,1
1,NewOrder,1770907714.806510,7826,22,1
3,OrderStatus,1770907714.806850,1147,20,1
1,NewOrder,1770907714.808013,3832,20,1
1,NewOrder,1770907714.808682,7933,13,1
4,Delivery,1770907714.808876,54882,21,1
2,Payment,1770907714.810328,17668,0,1
4,Delivery,1770907714.811639,7083,1,1
2,Payment,1770907714.811860,2212,20,1
1,NewOrder,1770907714.812315,12228,19,1
1,NewOrder,1770907714.813006,10644,3,1
1,NewOrder,1770907714.813517,10886,23,1
2,Payment,1770907714.814085,2773,20,1
4,Delivery,1770907714.814352,49942,22,1
1,NewOrder,1770907714.816642,4159,13,1
2,Payment,1770907714.816874,2106,20,1
1,NewOrder,1770907714.818738,54229,1,1
2,Payment,1770907714.818994,1425,20,1
2,Payment,1770907714.820432,1230,20,1
1,NewOrder,1770907714.820818,7159,13,1
2,Payment,1770907714.821677,1832,20,1
2,Payment,1770907714.822835,9703,4,1
3,OrderStatus,1770907714.822875,3606,17,1
1,NewOrder,1770907714.823522,8733,20,1
1,NewOrder,1770907714.823567,48113,2,1
1,NewOrder,1770907714.823575,15491,16,1
5,StockLevel,1770907714.823665,48532,3,1
1,NewOrder,1770907714.824419,49931,23,1
4,Delivery,1770907714.824570,39793,19,1
3,OrderStatus,1770907714.825852,6981,14,1
2,Payment,1770907714.826118,22988,12,1
2,Payment,1770907714.826407,4068,5,1
1,NewOrder,1770907714.826494,46273,17,1
1,NewOrder,1770907714.827745,27544,7,1
1,NewOrder,1770907714.827992,5947,13,1
2,Payment,1770907714.828013,6839,0,1
2,Payment,1770907714.830491,5603,5,1
1,NewOrder,1770907714.832274,4788,20,1
1,NewOrder,1770907714.832563,7141,4,1
1,NewOrder,1770907714.832854,25053,14,1
1,NewOrder,1770907714.833959,12964,13,1
4,Delivery,1770907714.834872,8379,0,1
2,Payment,1770907714.836111,1392,5,1
2,Payment,1770907714.837078,1501,20,1
1,NewOrder,1770907714.837519,4460,5,1
1,NewOrder,1770907714.838596,2721,20,1
3,OrderStatus,1770907714.839093,9139,16,1
2,Payment,1770907714.839720,2030,4,1
1,NewOrder,1770907714.841344,2609,20,1
2,Payment,1770907714.841765,1899,4,1
1,NewOrder,1770907714.841993,5243,5,1
1,NewOrder,1770907714.843270,35530,0,1
1,NewOrder,1770907714.843677,30246,4,1
1,NewOrder,1770907714.843970,4929,20,1
2,Payment,1770907714.846949,6557,13,1
2,Payment,1770907714.847250,1194,5,1
2,Payment,1770907714.848249,14551,16,1
2,Payment,1770907714.848458,1447,5,1
1,NewOrder,1770907714.848815,35700,15,1
1,NewOrder,1770907714.848908,23827,20,1
2,Payment,1770907714.849132,7106,12,1
1,NewOrder,1770907714.849918,15680,5,1
1,NewOrder,1770907714.850099,5839,6,1
2,Payment,1770907714.851439,4205,10,1
1,NewOrder,1770907714.853533,5534,13,1
2,Payment,1770907714.854893,1962,8,1
1,NewOrder,1770907714.855314,32469,7,1
1,NewOrder,1770907714.855658,45625,10,1
1,NewOrder,1770907714.855953,45740,6,1
1,NewOrder,1770907714.856258,5673,12,1
2,Payment,1770907714.856869,6657,8,1
2,Payment,1770907714.857922,61561,14,1
2,Payment,1770907714.858169,57807,9,1
1,NewOrder,1770907714.858939,21841,18,1
2,Payment,1770907714.859096,17808,13,1
1,NewOrder,1770907714.861946,4458,12,1
2,Payment,1770907714.862814,16053,16,1
1,NewOrder,1770907714.863553,39101,8,1
1,NewOrder,1770907714.863772,4655,21,1
2,Payment,1770907714.864306,2507,22,1
2,Payment,1770907714.864384,10422,19,1
1,NewOrder,1770907714.865616,41285,5,1
2,Payment,1770907714.866421,62887,12,1
5,StockLevel,1770907714.866832,3493,22,1
1,NewOrder,1770907714.868445,4889,21,1
2,Payment,1770907714.870340,5452,22,1
4,Delivery,1770907714.871706,9529,2,1
2,Payment,1770907714.872223,3522,3,1
2,Payment,1770907714.872752,4588,20,1
2,Payment,1770907714.872781,55331,17,1
1,NewOrder,1770907714.872978,3027,1,1
2,Payment,1770907714.873350,51807,21,1
2,Payment,1770907714.873952,4599,4,1
2,Payment,1770907714.874369,4544,23,1
2,Payment,1770907714.874820,40628,19,1
3,OrderStatus,1770907714.875761,2052,3,1
2,Payment,1770907714.875804,41480,22,1
2,Payment,1770907714.876020,7588,1,1
1,NewOrder,1770907714.876924,36075,13,1
2,Payment,1770907714.877353,36769,20,1
2,Payment,1770907714.877828,25421,3,1
1,NewOrder,1770907714.878568,33458,4,1
5,StockLevel,1770907714.878827,1818,0,1
2,Payment,1770907714.878884,3211,16,1
1,NewOrder,1770907714.878927,10382,23,1
1,NewOrder,1770907714.880660,23912,0,1
1,NewOrder,1770907714.880795,105381,18,1
3,OrderStatus,1770907714.881254,17997,2,1
1,NewOrder,1770907714.882111,4788,16,1
1,NewOrder,1770907714.883621,9332,1,1
2,Payment,1770907714.884542,3132,15,1
5,StockLevel,1770907714.886912,2203,16,1
2,Payment,1770907714.887466,53275,11,1
1,NewOrder,1770907714.887689,8032,15,1
4,Delivery,1770907714.887808,3195,7,1
5,StockLevel,1770907714.889127,3693,16,1
1,NewOrder,1770907714.889320,4122,23,1
1,NewOrder,1770907714.891021,3418,7,1
2,Payment,1770907714.892846,27458,16,1
2,Payment,1770907714.892979,11943,1,1
1,NewOrder,1770907714.893454,18682,23,1
2,Payment,1770907714.894453,43926,7,1
1,NewOrder,1770907714.895748,24592,15,1
1,NewOrder,1770907714.899275,6713,2,1
2,Payment,1770907714.901310,21234,10,1
2,Payment,1770907714.901720,37947,6,1
1,NewOrder,1770907714.902681,40664,8,1
1,NewOrder,1770907714.903276,12778,3,1
1,NewOrder,1770907714.904586,4201,0,1
1,NewOrder,1770907714.904948,5104,1,1
1,NewOrder,1770907714.906004,80189,2,1
1,NewOrder,1770907714.906929,85982,5,1
2,Payment,1770907714.908800,1862,0,1
1,NewOrder,1770907714.910079,52270,1,1
1,NewOrder,1770907714.910677,74863,0,1
2,Payment,1770907714.912041,4773,4,1
1,NewOrder,1770907714.912152,12428,23,1
1,NewOrder,1770907714.913027,17613,13,1
1,NewOrder,1770907714.914137,43865,20,1
1,NewOrder,1770907714.915473,4282,19,1
2,Payment,1770907714.915995,4191,9,1
2,Payment,1770907714.916069,1990,3,1
4,Delivery,1770907714.916839,8818,4,1
1,NewOrder,1770907714.917306,4873,22,1
2,Payment,1770907714.918076,10886,3,1
2,Payment,1770907714.919498,3555,14,1
2,Payment,1770907714.919772,10912,19,1
2,Payment,1770907714.920212,4883,9,1
2,Payment,1770907714.920321,1543,16,1
2,Payment,1770907714.920368,42497,15,1
1,NewOrder,1770907714.921877,5836,16,1
2,Payment,1770907714.922196,6726,22,1
4,Delivery,1770907714.922555,110331,10,1
2,Payment,1770907714.923068,10186,14,1
2,Payment,1770907714.924592,5060,23,1
1,NewOrder,1770907714.925105,25248,9,1
1,NewOrder,1770907714.925183,5151,21,1
2,Payment,1770907714.925682,3678,4,1
2,Payment,1770907714.927735,2370,16,1
2,Payment,1770907714.928137,4112,17,1
1,NewOrder,1770907714.928933,5647,22,1
2,Payment,1770907714.928977,35801,3,1
5,StockLevel,1770907714.929336,4270,12,1
2,Payment,1770907714.929384,28611,4,1
2,Payment,1770907714.929678,25330,23,1
2,Payment,1770907714.930119,26468,16,1
2,Payment,1770907714.930352,5770,21,1
2,Payment,1770907714.930657,23760,13,1
1,NewOrder,1770907714.930704,3853,19,1
4,Delivery,1770907714.932275,48216,17,1
1,NewOrder,1770907714.933271,4796,14,1
3,OrderStatus,1770907714.933633,807,12,1
1,NewOrder,1770907714.934458,13755,12,1
2,Payment,1770907714.934584,4132,19,1
3,OrderStatus,1770907714.934597,999,22,1
1,NewOrder,1770907714.935611,2788,22,1
1,NewOrder,1770907714.936136,31932,21,1
2,Payment,1770907714.938082,20486,14,1
2,Payment,1770907714.938405,3582,7,1
1,NewOrder,1770907714.938414,7105,22,1
2,Payment,1770907714.938734,7264,19,1
1,NewOrder,1770907714.939683,4376,6,1
2,Payment,1770907714.940754,2829,11,1
2,Payment,1770907714.942009,3167,7,1
1,NewOrder,1770907714.943372,9895,8,1
1,NewOrder,1770907714.943597,6938,11,1
2,Payment,1770907714.944074,2316,6,1
2,Payment,1770907714.945194,2352,7,1
1,NewOrder,1770907714.945534,17838,22,1
2,Payment,1770907714.946025,4754,19,1
2,Payment,1770907714.946408,3027,6,1
3,OrderStatus,1770907714.947560,798,7,1
2,Payment,1770907714.948240,79161,12,1
1,NewOrder,1770907714.948374,3929,7,1
2,Payment,1770907714.949449,1473,6,1
4,Delivery,1770907714.950368,93959,9,1
2,Payment,1770907714.950552,1427,11,1
1,NewOrder,1770907714.950794,12926,19,1
2,Payment,1770907714.950932,2543,6,1
2,Payment,1770907714.951994,4330,11,1
1,NewOrder,1770907714.952316,84254,7,1
1,NewOrder,1770907714.953293,86408,8,1
1,NewOrder,1770907714.953491,90579,6,1
2,Payment,1770907714.954432,44842,13,1
1,NewOrder,1770907714.955024,17685,23,1
2,Payment,1770907714.956339,78453,11,1
1,NewOrder,1770907714.956598,3696,16,1
2,Payment,1770907714.958025,4794,4,1
1,NewOrder,1770907714.958029,18701,20,1
5,StockLevel,1770907714.958587,3847,14,1
2,Payment,1770907714.960310,3659,16,1
5,StockLevel,1770907714.962363,10282,1,1
1,NewOrder,1770907714.962449,74454,14,1
1,NewOrder,1770907714.962845,11223,4,1
2,Payment,1770907714.962879,57436,15,1
2,Payment,1770907714.963382,4935,22,1
2,Payment,1770907714.963738,6077,19,1
1,NewOrder,1770907714.963990,4708,16,1
2,Payment,1770907714.964805,1768,3,1
2,Payment,1770907714.966588,2254,3,1
2,Payment,1770907714.968095,4891,21,1
2,Payment,1770907714.968330,3134,22,1
2,Payment,1770907714.968712,34773,16,1
4,Delivery,1770907714.968856,4730,3,1
1,NewOrder,1770907714.969838,9527,19,1
2,Payment,1770907714.971476,5043,22,1
5,StockLevel,1770907714.972671,5676,1,1
2,Payment,1770907714.972721,6353,23,1
1,NewOrder,1770907714.973006,9921,21,1
1,NewOrder,1770907714.973600,3089,3,1
2,Payment,1770907714.974084,1870,4,1
2,Payment,1770907714.975967,3821,4,1
2,Payment,1770907714.976545,26087,22,1
5,StockLevel,1770907714.976702,1529,3,1
2,Payment,1770907714.976751,7218,20,1
1,NewOrder,1770907714.978244,24567,3,1
3,OrderStatus,1770907714.978375,1882,1,1
2,Payment,1770907714.979100,1691,23,1
2,Payment,1770907714.979378,13493,19,1
2,Payment,1770907714.979798,3948,4,1
1,NewOrder,1770907714.980274,6228,1,1
1,NewOrder,1770907714.980517,5434,17,1
5,StockLevel,1770907714.980807,1703,23,1
1,NewOrder,1770907714.982522,10674,23,1
1,NewOrder,1770907714.982948,8042,21,1
1,NewOrder,1770907714.983759,18648,4,1
2,Payment,1770907714.983990,10315,20,1
2,Payment,1770907714.985553,1457,0,1
2,Payment,1770907714.985967,20125,17,1
5,StockLevel,1770907714.986191,5553,18,1
2,Payment,1770907714.986219,1983,2,1
1,NewOrder,1770907714.986515,6104,1,1
5,StockLevel,1770907714.987024,3408,0,1
1,NewOrder,1770907714.988216,3478,2,1
5,StockLevel,1770907714.990444,1523,0,1
2,Payment,1770907714.991007,5771,21,1
2,Payment,1770907714.991708,1323,2,1
2,Payment,1770907714.991760,55562,18,1
1,NewOrder,1770907714.991979,67327,0,1
2,Payment,1770907714.992632,2763,1,1
2,Payment,1770907714.992897,7455,19,1
2,Payment,1770907714.992923,3243,5,1
4,Delivery,1770907714.993044,66065,2,1
1,NewOrder,1770907714.993220,4292,23,1
3,OrderStatus,1770907714.994330,982,20,1
1,NewOrder,1770907714.995328,4406,20,1
2,Payment,1770907714.995408,3053,1,1
2,Payment,1770907714.996180,3989,5,1
3,OrderStatus,1770907714.996804,743,21,1
1,NewOrder,1770907714.997529,60575,23,1
2,Payment,1770907714.997564,46865,21,1
2,Payment,1770907714.998474,48874,1,1
1,NewOrder,1770907714.999289,29742,13,1
2,Payment,1770907714.999749,4051,20,1
2,Payment,1770907715.000182,1249,5,1
1,NewOrder,1770907715.000376,42836,19,1
1,NewOrder,1770907715.001444,5021,5,1
1,NewOrder,1770907715.002421,25510,4,1
2,Payment,1770907715.002659,4071,22,1
2,Payment,1770907715.002837,3599,3,1
2,Payment,1770907715.003503,4482,16,1
2,Payment,1770907715.003822,4623,20,1
2,Payment,1770907715.006106,3092,17,1
2,Payment,1770907715.006454,1799,3,1
2,Payment,1770907715.006479,3017,5,1
2,Payment,1770907715.006755,4670,22,1
5,StockLevel,1770907715.008001,3607,16,1
2,Payment,1770907715.008270,2262,3,1
5,StockLevel,1770907715.008469,14543,20,1
5,StockLevel,1770907715.009225,1456,17,1
2,Payment,1770907715.009512,2201,5,1
2,Payment,1770907715.010545,2198,3,1
2,Payment,1770907715.010698,1194,17,1
1,NewOrder,1770907715.011439,41998,22,1
1,NewOrder,1770907715.011621,6915,16,1
2,Payment,1770907715.011726,2110,5,1
1,NewOrder,1770907715.011906,4284,17,1
2,Payment,1770907715.012756,2238,3,1
1,NewOrder,1770907715.013850,11814,5,1
2,Payment,1770907715.015007,1566,3,1
1,NewOrder,1770907715.016204,2751,17,1
2,Payment,1770907715.016584,1731,3,1
2,Payment,1770907715.018326,6578,3,1
1,NewOrder,1770907715.018548,4216,16,1
5,StockLevel,1770907715.018969,1122,17,1
1,NewOrder,1770907715.020101,2445,17,1
5,StockLevel,1770907715.020341,8389,15,1
1,NewOrder,1770907715.022559,2788,17,1
1,NewOrder,1770907715.022778,2859,16,1
2,Payment,1770907715.023047,23072,20,1
1,NewOrder,1770907715.024917,55137,3,1
2,Payment,1770907715.025359,16112,17,1
4,Delivery,1770907715.025664,23951,16,1
4,Delivery,1770907715.025690,33624,5,1
1,NewOrder,1770907715.027430,14849,12,1
1,NewOrder,1770907715.027949,8291,4,1
1,NewOrder,1770907715.028742,6571,15,1
1,NewOrder,1770907715.029049,13878,13,1
2,Payment,1770907715.032902,3621,10,1
1,NewOrder,1770907715.034809,7376,11,1
1,NewOrder,1770907715.035328,6965,15,1
1,NewOrder,1770907715.036269,4926,4,1
2,Payment,1770907715.036548,1397,10,1
2,Payment,1770907715.036594,2666,7,1
1,NewOrder,1770907715.036917,53029,14,1
2,Payment,1770907715.037963,64283,10,1
2,Payment,1770907715.039277,1133,7,1
1,NewOrder,1770907715.039728,63558,8,1
2,Payment,1770907715.040424,1891,7,1
1,NewOrder,1770907715.041219,65540,4,1
2,Payment,1770907715.041486,1770,17,1
2,Payment,1770907715.042199,58590,11,1
1,NewOrder,1770907715.042305,56527,12,1
2,Payment,1770907715.042310,3480,15,1
4,Delivery,1770907715.042329,55831,7,1
4,Delivery,1770907715.042946,7153,13,1
1,NewOrder,1770907715.043230,15508,19,1
1,NewOrder,1770907715.043270,34162,17,1
1,NewOrder,1770907715.044087,4505,6,1
2,Payment,1770907715.044351,66535,9,1
1,NewOrder,1770907715.044446,13788,21,1
5,StockLevel,1770907715.045807,56094,15,1
2,Payment,1770907715.046145,10893,20,1
1,NewOrder,1770907715.047335,3681,18,1
2,Payment,1770907715.047361,1585,1,1
4,Delivery,1770907715.048609,49852,6,1
1,NewOrder,1770907715.048961,5798,1,1
2,Payment,1770907715.049628,6336,16,1
2,Payment,1770907715.050121,29411,13,1
1,NewOrder,1770907715.051030,2672,18,1
1,NewOrder,1770907715.053464,12937,22,1
1,NewOrder,1770907715.053716,3639,18,1
1,NewOrder,1770907715.054786,13206,1,1
1,NewOrder,1770907715.055990,20137,16,1
2,Payment,1770907715.057064,4685,20,1
1,NewOrder,1770907715.057368,6504,18,1
4,Delivery,1770907715.058130,24610,23,1
3,OrderStatus,1770907715.058252,1810,21,1
4,Delivery,1770907715.058765,24169,19,1
2,Payment,1770907715.059135,8166,2,1
2,Payment,1770907715.059322,6781,0,1
5,StockLevel,1770907715.059336,1558,5,1
2,Payment,1770907715.060086,3035,21,1
1,NewOrder,1770907715.060910,8895,5,1
1,NewOrder,1770907715.061777,15517,20,1
1,NewOrder,1770907715.063139,2297,21,1
1,NewOrder,1770907715.063886,12007,18,1
2,Payment,1770907715.065453,1534,21,1
1,NewOrder,1770907715.066131,10019,0,1
1,NewOrder,1770907715.066418,65361,22,1
1,NewOrder,1770907715.067001,10317,21,1
2,Payment,1770907715.067328,1851,2,1
1,NewOrder,1770907715.068009,9033,1,1
2,Payment,1770907715.069195,2574,2,1
1,NewOrder,1770907715.069832,62305,5,1
1,NewOrder,1770907715.071785,63370,2,1
2,Payment,1770907715.075920,57342,18,1
1,NewOrder,1770907715.076154,6108,16,1
1,NewOrder,1770907715.076180,69224,0,1
1,NewOrder,1770907715.077069,7749,1,1
2,Payment,1770907715.077321,66994,20,1
4,Delivery,1770907715.077347,5683,21,1
2,Payment,1770907715.077459,3180,17,1
2,Payment,1770907715.079551,6274,13,1
2,Payment,1770907715.080080,1241,3,1
1,NewOrder,1770907715.080666,3858,17,1
2,Payment,1770907715.081338,1379,3,1
2,Payment,1770907715.082278,13981,16,1
1,NewOrder,1770907715.082733,48005,3,1
1,NewOrder,1770907715.082768,61305,23,1
2,Payment,1770907715.082959,52223,19,1
2,Payment,1770907715.083051,62575,21,1
2,Payment,1770907715.084544,2589,17,1
1,NewOrder,1770907715.084838,3595,1,1
2,Payment,1770907715.085852,2272,13,1
1,NewOrder,1770907715.087148,8306,17,1
1,NewOrder,1770907715.088143,2426,13,1
2,Payment,1770907715.088449,1347,1,1
1,NewOrder,1770907715.089808,3025,1,1
2,Payment,1770907715.089961,8544,14,1
1,NewOrder,1770907715.090586,4356,13,1
1,NewOrder,1770907715.092861,5575,1,1
2,Payment,1770907715.094958,13341,13,1
1,NewOrder,1770907715.095469,39279,17,1
1,NewOrder,1770907715.096286,46536,16,1
1,NewOrder,1770907715.098187,27540,7,1
2,Payment,1770907715.098457,2601,1,1
2,Payment,1770907715.098481,9741,6,1
1,NewOrder,1770907715.098520,2628,14,1
1,NewOrder,1770907715.098849,32014,12,1
2,Payment,1770907715.100816,2534,11,1
1,NewOrder,1770907715.101073,35662,1,1
1,NewOrder,1770907715.101162,11352,14,1
2,Payment,1770907715.101928,1962,15,1
1,NewOrder,1770907715.102264,11850,10,1
2,Payment,1770907715.103313,18368,8,1
2,Payment,1770907715.103371,1497,11,1
2,Payment,1770907715.103909,7475,15,1
1,NewOrder,1770907715.104883,5895,11,1
5,StockLevel,1770907715.106786,4179,4,1
2,Payment,1770907715.108241,4488,6,1
2,Payment,1770907715.108327,10275,13,1
2,Payment,1770907715.110792,4555,11,1
1,NewOrder,1770907715.110915,3641,9,1
1,NewOrder,1770907715.110993,7947,4,1
1,NewOrder,1770907715.111412,56277,15,1
1,NewOrder,1770907715.112541,56901,14,1
2,Payment,1770907715.112747,3385,6,1
1,NewOrder,1770907715.114140,4667,10,1
1,NewOrder,1770907715.114583,4675,9,1
1,NewOrder,1770907715.115366,53135,11,1
1,NewOrder,1770907715.116146,4456,6,1
1,NewOrder,1770907715.118629,10831,13,1
2,Payment,1770907715.118823,3939,10,1
1,NewOrder,1770907715.118967,3094,4,1
2,Payment,1770907715.119276,5423,9,1
2,Payment,1770907715.120616,10276,6,1
5,StockLevel,1770907715.121709,45959,8,1
1,NewOrder,1770907715.122081,2910,4,1
3,OrderStatus,1770907715.122781,1156,10,1
2,Payment,1770907715.123951,1769,10,1
1,NewOrder,1770907715.124727,41127,9,1
2,Payment,1770907715.125008,1673,4,1
1,NewOrder,1770907715.125734,5130,10,1
1,NewOrder,1770907715.125754,44215,7,1
2,Payment,1770907715.126694,1174,4,1
1,NewOrder,1770907715.127880,2909,4,1
4,Delivery,1770907715.129487,13731,13,1
2,Payment,1770907715.130760,1413,3,1
2,Payment,1770907715.130817,25000,4,1
4,Delivery,1770907715.130874,29838,12,1
2,Payment,1770907715.130893,24037,10,1
1,NewOrder,1770907715.130920,36297,6,1
2,Payment,1770907715.131807,11382,22,1
4,Delivery,1770907715.132157,43160,5,1
1,NewOrder,1770907715.132187,22166,3,1
2,Payment,1770907715.133282,2937,18,1
2,Payment,1770907715.134761,40930,17,1
4,Delivery,1770907715.135170,40427,2,1
1,NewOrder,1770907715.135203,8609,19,1
1,NewOrder,1770907715.136245,4939,18,1
1,NewOrder,1770907715.136762,3474,1,1
2,Payment,1770907715.140253,21480,1,1
1,NewOrder,1770907715.141202,55303,18,1
2,Payment,1770907715.142848,41235,16,1
2,Payment,1770907715.143216,3676,22,1
1,NewOrder,1770907715.143245,76094,13,1
4,Delivery,1770907715.143840,4555,19,1
1,NewOrder,1770907715.144101,67812,23,1
2,Payment,1770907715.144334,3733,20,1
2,Payment,1770907715.145420,40578,0,1
1,NewOrder,1770907715.145651,3072,21,1
1,NewOrder,1770907715.146912,65409,22,1
1,NewOrder,1770907715.148082,3363,20,1
2,Payment,1770907715.148415,2652,19,1
1,NewOrder,1770907715.148741,4286,21,1
1,NewOrder,1770907715.151093,23765,19,1
2,Payment,1770907715.151460,1295,20,1
1,NewOrder,1770907715.152767,20979,20,1
2,Payment,1770907715.153042,1686,21,1
1,NewOrder,1770907715.154381,4199,3,1
1,NewOrder,1770907715.154746,3455,21,1
2,Payment,1770907715.154958,1286,10,1
1,NewOrder,1770907715.155834,9672,4,1
2,Payment,1770907715.156262,1073,10,1
1,NewOrder,1770907715.157349,3975,10,1
2,Payment,1770907715.158217,5054,21,1
1,NewOrder,1770907715.158600,49550,3,1
2,Payment,1770907715.160728,36324,12,1
2,Payment,1770907715.161352,1264,10,1
1,NewOrder,1770907715.161761,20666,1,1
2,Payment,1770907715.162635,4608,10,1
2,Payment,1770907715.163298,8143,21,1
1,NewOrder,1770907715.165533,6126,4,1
1,NewOrder,1770907715.165881,38923,9,1
2,Payment,1770907715.167231,1524,6,1
2,Payment,1770907715.167257,2959,10,1
1,NewOrder,1770907715.167686,34779,8,1
2,Payment,1770907715.167717,36889,15,1
2,Payment,1770907715.168528,13844,11,1
2,Payment,1770907715.168770,12712,6,1
2,Payment,1770907715.169469,49230,14,1
1,NewOrder,1770907715.169998,34413,7,1
2,Payment,1770907715.170245,1422,10,1
1,NewOrder,1770907715.171469,19424,21,1
1,NewOrder,1770907715.171688,3582,10,1
2,Payment,1770907715.171691,1215,4,1
1,NewOrder,1770907715.172921,9757,4,1
1,NewOrder,1770907715.173768,11537,20,1
1,NewOrder,1770907715.174885,9475,19,1
1,NewOrder,1770907715.175285,80019,10,1
2,Payment,1770907715.175345,3788,5,1
5,StockLevel,1770907715.175615,1887,2,1
1,NewOrder,1770907715.175709,37486,17,1
1,NewOrder,1770907715.177522,4597,2,1
2,Payment,1770907715.179150,2672,5,1
1,NewOrder,1770907715.181508,24396,6,1
1,NewOrder,1770907715.181837,11082,5,1
2,Payment,1770907715.182135,5617,2,1
3,OrderStatus,1770907715.182399,18859,11,1
1,NewOrder,1770907715.182447,9099,1,1
2,Payment,1770907715.182707,21212,4,1
2,Payment,1770907715.184109,6472,16,1
1,NewOrder,1770907715.184383,6905,19,1
2,Payment,1770907715.185319,5611,20,1
1,NewOrder,1770907715.186009,9597,0,1
4,Delivery,1770907715.187779,3922,2,1
5,StockLevel,1770907715.190609,26987,16,1
2,Payment,1770907715.190909,19814,21,1
2,Payment,1770907715.190958,20124,20,1
4,Delivery,1770907715.191316,34936,19,1
1,NewOrder,1770907715.191574,33596,1,1
1,NewOrder,1770907715.191726,4954,2,1
3,OrderStatus,1770907715.192946,1349,5,1
1,NewOrder,1770907715.194312,8122,5,1
1,NewOrder,1770907715.195634,2342,0,1
1,NewOrder,1770907715.196522,30367,18,1
2,Payment,1770907715.196691,14020,2,1
1,NewOrder,1770907715.197079,5486,12,1
1,NewOrder,1770907715.197993,39544,0,1
1,NewOrder,1770907715.201284,53967,11,1
2,Payment,1770907715.202448,6927,5,1
1,NewOrder,1770907715.202491,3195,8,1
1,NewOrder,1770907715.202593,16370,12,1
2,Payment,1770907715.203936,42326,4,1
2,Payment,1770907715.204429,46968,7,1
2,Payment,1770907715.204634,7658,15,1
4,Delivery,1770907715.204820,65161,9,1
1,NewOrder,1770907715.205704,40465,8,1
5,StockLevel,1770907715.205931,1759,6,1
2,Payment,1770907715.207718,45139,6,1
2,Payment,1770907715.208177,39597,3,1
1,NewOrder,1770907715.209403,55231,5,1
1,NewOrder,1770907715.210742,3247,2,1
2,Payment,1770907715.210744,3023,21,1
2,Payment,1770907715.211109,11632,20,1
2,Payment,1770907715.211928,12235,23,1
5,StockLevel,1770907715.212319,39121,15,1
1,NewOrder,1770907715.212349,15761,22,1
5,StockLevel,1770907715.213210,10404,17,1
5,StockLevel,1770907715.213780,3834,21,1
1,NewOrder,1770907715.214003,5448,2,1
1,NewOrder,1770907715.217623,15636,16,1
1,NewOrder,1770907715.217639,5517,21,1
4,Delivery,1770907715.218713,39442,14,1
1,NewOrder,1770907715.218991,4193,12,1
1,NewOrder,1770907715.219367,10991,13,1
2,Payment,1770907715.219465,7772,2,1
1,NewOrder,1770907715.222768,3860,20,1
2,Payment,1770907715.223174,20336,21,1
1,NewOrder,1770907715.223203,25104,12,1
2,Payment,1770907715.223642,5021,17,1
2,Payment,1770907715.224191,9138,23,1
1,NewOrder,1770907715.225195,60995,1,1
2,Payment,1770907715.226280,15458,19,1
1,NewOrder,1770907715.226654,13908,20,1
1,NewOrder,1770907715.226904,3428,18,1
2,Payment,1770907715.227264,1437,2,1
2,Payment,1770907715.228137,7803,22,1
2,Payment,1770907715.228691,3352,17,1
2,Payment,1770907715.228717,1344,2,1
1,NewOrder,1770907715.230074,2950,2,1
1,NewOrder,1770907715.230346,62993,18,1
1,NewOrder,1770907715.230377,50528,13,1
1,NewOrder,1770907715.232070,12099,17,1
2,Payment,1770907715.233038,1682,2,1
1,NewOrder,1770907715.233287,56937,16,1
1,NewOrder,1770907715.233348,3800,23,1
4,Delivery,1770907715.234735,4432,2,1
1,NewOrder,1770907715.235968,4103,22,1
2,Payment,1770907715.237163,5683,23,1
2,Payment,1770907715.237556,4664,0,1
3,OrderStatus,1770907715.239181,656,2,1
2,Payment,1770907715.239850,4062,2,1
1,NewOrder,1770907715.240089,4031,22,1
4,Delivery,1770907715.240589,5600,20,1
2,Payment,1770907715.241766,3976,19,1
2,Payment,1770907715.242860,31106,23,1
2,Payment,1770907715.243537,3333,21,1
2,Payment,1770907715.243932,41996,2,1
1,NewOrder,1770907715.244136,50547,22,1
1,NewOrder,1770907715.244196,47289,17,1
4,Delivery,1770907715.245769,1037,19,1
2,Payment,1770907715.246185,8815,8,1
2,Payment,1770907715.246215,1863,20,1
1,NewOrder,1770907715.246282,24178,4,1
2,Payment,1770907715.246886,4310,21,1
1,NewOrder,1770907715.247788,14904,3,1
2,Payment,1770907715.248096,20153,20,1
1,NewOrder,1770907715.248333,3171,12,1
2,Payment,1770907715.251210,19595,21,1
1,NewOrder,1770907715.251414,9144,7,1
1,NewOrder,1770907715.251457,10760,15,1
5,StockLevel,1770907715.251523,12931,12,1
1,NewOrder,1770907715.252884,2738,6,1
2,Payment,1770907715.255014,5456,8,1
1,NewOrder,1770907715.255265,4366,11,1
2,Payment,1770907715.255323,11317,10,1
1,NewOrder,1770907715.255634,3729,6,1
3,OrderStatus,1770907715.258177,2182,14,1
2,Payment,1770907715.259378,1933,6,1
1,NewOrder,1770907715.259646,6702,11,1
2,Payment,1770907715.260382,2330,14,1
1,NewOrder,1770907715.260497,6110,8,1
2,Payment,1770907715.260585,3049,7,1
2,Payment,1770907715.261325,3333,6,1
2,Payment,1770907715.262728,5415,14,1
2,Payment,1770907715.263647,11240,7,1
2,Payment,1770907715.264465,4977,12,1
2,Payment,1770907715.264649,2415,5,1
4,Delivery,1770907715.264672,3984,6,1
2,Payment,1770907715.266364,14031,11,1
2,Payment,1770907715.266626,8953,8,1
2,Payment,1770907715.266662,11124,10,1
1,NewOrder,1770907715.267084,26751,5,1
2,Payment,1770907715.268259,3947,20,1
1,NewOrder,1770907715.268673,13640,6,1
3,OrderStatus,1770907715.269467,584,12,1
2,Payment,1770907715.270000,12660,9,1
2,Payment,1770907715.270066,1173,12,1
2,Payment,1770907715.271252,1171,12,1
2,Payment,1770907715.272225,2967,20,1
4,Delivery,1770907715.272435,1241,12,1
2,Payment,1770907715.273689,1282,12,1
2,Payment,1770907715.273983,4493,23,1
1,NewOrder,1770907715.274998,3884,12,1
2,Payment,1770907715.277813,8412,10,1
1,NewOrder,1770907715.278898,3859,12,1
2,Payment,1770907715.280920,7793,13,1
2,Payment,1770907715.282771,8274,12,1
2,Payment,1770907715.285945,1241,2,1
4,Delivery,1770907715.286212,4530,1,1
1,NewOrder,1770907715.287201,3031,2,1
2,Payment,1770907715.288725,6344,13,1
2,Payment,1770907715.290249,1416,2,1
