Transaction Type Index,Transaction Name,Start Time (microseconds),Latency (microseconds),Worker Id (start number),Phase Id (index in config file)
1,NewOrder,1771507668.680223,185175,22,1
2,Payment,1771507668.680224,85534,12,1
2,Payment,1771507668.680224,66920,7,1
2,Payment,1771507668.680225,59573,11,1
2,Payment,1771507668.680258,103489,8,1
4,Delivery,1771507668.680278,104522,0,1
2,Payment,1771507668.680302,123237,5,1
2,Payment,1771507668.680321,118132,4,1
2,Payment,1771507668.680322,112834,1,1
1,NewOrder,1771507668.680355,171017,19,1
1,NewOrder,1771507668.680356,172636,6,1
2,Payment,1771507668.680362,59135,3,1
4,Delivery,1771507668.680387,180141,9,1
1,NewOrder,1771507668.680414,182903,2,1
1,NewOrder,1771507668.680424,190563,10,1
3,OrderStatus,1771507668.680574,92609,14,1
2,Payment,1771507668.680776,110492,13,1
1,NewOrder,1771507668.680967,170302,15,1
2,Payment,1771507668.681190,76363,16,1
2,Payment,1771507668.681392,120864,17,1
2,Payment,1771507668.681692,79289,18,1
2,Payment,1771507668.681836,102695,20,1
1,NewOrder,1771507668.682051,171183,21,1
4,Delivery,1771507668.682232,284187,23,1
1,NewOrder,1771507668.739615,23521,3,1
1,NewOrder,1771507668.739847,24031,11,1
2,Payment,1771507668.747211,6786,7,1
5,StockLevel,1771507668.754111,10116,7,1
2,Payment,1771507668.757622,37718,16,1
1,NewOrder,1771507668.761051,88335,18,1
2,Payment,1771507668.763180,44444,3,1
2,Payment,1771507668.763922,24543,11,1
3,OrderStatus,1771507668.764266,7050,7,1
2,Payment,1771507668.765827,41515,12,1
1,NewOrder,1771507668.771363,14024,7,1
1,NewOrder,1771507668.773211,105004,14,1
1,NewOrder,1771507668.783815,101295,8,1
2,Payment,1771507668.784583,34740,20,1
2,Payment,1771507668.784859,35000,0,1
2,Payment,1771507668.785433,8583,7,1
1,NewOrder,1771507668.788508,10469,11,1
2,Payment,1771507668.791304,21613,13,1
4,Delivery,1771507668.793225,58910,1,1
1,NewOrder,1771507668.794040,21775,7,1
1,NewOrder,1771507668.795382,67897,16,1
3,OrderStatus,1771507668.798501,4486,4,1
1,NewOrder,1771507668.799034,20671,11,1
1,NewOrder,1771507668.802308,53316,17,1
1,NewOrder,1771507668.803011,67930,4,1
4,Delivery,1771507668.803605,48717,5,1
3,OrderStatus,1771507668.807374,6641,12,1
2,Payment,1771507668.807668,16490,3,1
2,Payment,1771507668.812949,6701,13,1
5,StockLevel,1771507668.814058,33491,12,1
2,Payment,1771507668.815857,10484,7,1
2,Payment,1771507668.819365,9297,20,1
1,NewOrder,1771507668.819686,61835,13,1
1,NewOrder,1771507668.819723,28360,11,1
1,NewOrder,1771507668.819900,69949,0,1
2,Payment,1771507668.824198,9928,3,1
2,Payment,1771507668.826357,9367,7,1
1,NewOrder,1771507668.828705,64440,20,1
2,Payment,1771507668.834195,13598,3,1
2,Payment,1771507668.835767,11519,7,1
1,NewOrder,1771507668.847332,18635,7,1
2,Payment,1771507668.847593,14461,12,1
2,Payment,1771507668.847855,6360,3,1
1,NewOrder,1771507668.848121,29333,11,1
1,NewOrder,1771507668.849426,36228,18,1
2,Payment,1771507668.851314,26858,15,1
1,NewOrder,1771507668.851437,54997,19,1
1,NewOrder,1771507668.852174,80679,1,1
1,NewOrder,1771507668.852367,25929,5,1
1,NewOrder,1771507668.853052,53317,6,1
1,NewOrder,1771507668.853310,47261,21,1
2,Payment,1771507668.854232,9620,3,1
1,NewOrder,1771507668.855640,37454,17,1
3,OrderStatus,1771507668.860558,21162,9,1
1,NewOrder,1771507668.862096,62176,12,1
1,NewOrder,1771507668.863325,29803,16,1
2,Payment,1771507668.863345,29742,2,1
1,NewOrder,1771507668.863871,34841,3,1
2,Payment,1771507668.865423,18842,22,1
5,StockLevel,1771507668.865981,12485,7,1
2,Payment,1771507668.870958,26297,4,1
2,Payment,1771507668.871055,29545,10,1
1,NewOrder,1771507668.877477,19329,11,1
2,Payment,1771507668.878199,16932,15,1
1,NewOrder,1771507668.878231,44197,14,1
1,NewOrder,1771507668.878345,40110,5,1
1,NewOrder,1771507668.878480,25047,7,1
2,Payment,1771507668.881573,18649,13,1
1,NewOrder,1771507668.881766,69789,9,1
1,NewOrder,1771507668.884310,19232,22,1
2,Payment,1771507668.885145,20057,8,1
4,Delivery,1771507668.885681,81064,18,1
2,Payment,1771507668.889894,12988,0,1
2,Payment,1771507668.893111,16876,17,1
1,NewOrder,1771507668.893127,42168,2,1
2,Payment,1771507668.893201,13648,16,1
2,Payment,1771507668.893205,15532,20,1
2,Payment,1771507668.895169,22032,15,1
2,Payment,1771507668.896857,15879,11,1
2,Payment,1771507668.897295,9925,4,1
1,NewOrder,1771507668.898753,29351,3,1
1,NewOrder,1771507668.900265,37027,13,1
1,NewOrder,1771507668.900608,43144,21,1
2,Payment,1771507668.900633,16971,10,1
2,Payment,1771507668.902924,13114,0,1
2,Payment,1771507668.903570,17760,7,1
1,NewOrder,1771507668.903581,38337,22,1
1,NewOrder,1771507668.905240,30002,8,1
1,NewOrder,1771507668.906389,48681,6,1
1,NewOrder,1771507668.906480,43994,19,1
2,Payment,1771507668.906900,14465,16,1
1,NewOrder,1771507668.907255,43183,4,1
2,Payment,1771507668.908758,11843,20,1
1,NewOrder,1771507668.910008,19051,17,1
1,NewOrder,1771507668.912779,32813,11,1
2,Payment,1771507668.916081,14689,0,1
2,Payment,1771507668.917246,15592,15,1
5,StockLevel,1771507668.917647,32906,10,1
2,Payment,1771507668.918496,16738,5,1
1,NewOrder,1771507668.920642,30842,20,1
1,NewOrder,1771507668.921365,24252,7,1
2,Payment,1771507668.921407,16192,16,1
2,Payment,1771507668.922468,22478,14,1
1,NewOrder,1771507668.924359,25166,12,1
2,Payment,1771507668.928143,13154,3,1
1,NewOrder,1771507668.929087,37258,17,1
1,NewOrder,1771507668.930786,26710,0,1
2,Payment,1771507668.932882,37388,15,1
1,NewOrder,1771507668.932977,37199,1,1
1,NewOrder,1771507668.935263,19883,8,1
1,NewOrder,1771507668.935292,19825,5,1
1,NewOrder,1771507668.935337,21481,2,1
2,Payment,1771507668.937345,17591,13,1
2,Payment,1771507668.937643,28602,16,1
2,Payment,1771507668.941350,10781,3,1
2,Payment,1771507668.941964,24344,22,1
1,NewOrder,1771507668.943796,39182,21,1
2,Payment,1771507668.945000,34280,14,1
1,NewOrder,1771507668.945621,28746,11,1
1,NewOrder,1771507668.945656,20261,7,1
2,Payment,1771507668.949572,25562,12,1
1,NewOrder,1771507668.950488,45105,4,1
1,NewOrder,1771507668.950521,31739,19,1
2,Payment,1771507668.950599,15880,10,1
1,NewOrder,1771507668.951521,32089,20,1
1,NewOrder,1771507668.951601,54412,9,1
5,StockLevel,1771507668.952163,25926,3,1
1,NewOrder,1771507668.954996,42312,13,1
1,NewOrder,1771507668.955094,19662,6,1
1,NewOrder,1771507668.955160,43130,5,1
1,NewOrder,1771507668.955190,51189,8,1
2,Payment,1771507668.956861,17921,2,1
4,Delivery,1771507668.957530,17229,0,1
5,StockLevel,1771507668.965944,12212,7,1
1,NewOrder,1771507668.966262,11006,16,1
1,NewOrder,1771507668.966353,24400,22,1
2,Payment,1771507668.966391,24316,17,1
2,Payment,1771507668.966454,39503,23,1
2,Payment,1771507668.966524,23503,10,1
2,Payment,1771507668.966775,3490,18,1
2,Payment,1771507668.970207,25753,1,1
2,Payment,1771507668.970297,12668,15,1
2,Payment,1771507668.970315,38091,18,1
1,NewOrder,1771507668.974417,24226,11,1
2,Payment,1771507668.974792,31219,6,1
1,NewOrder,1771507668.974803,30000,0,1
2,Payment,1771507668.974824,24395,2,1
1,NewOrder,1771507668.975164,16658,12,1
1,NewOrder,1771507668.977289,29400,16,1
1,NewOrder,1771507668.978135,45520,3,1
3,OrderStatus,1771507668.978204,10376,7,1
3,OrderStatus,1771507668.979319,5048,14,1
1,NewOrder,1771507668.982302,39587,19,1
3,OrderStatus,1771507668.983008,6562,15,1
5,StockLevel,1771507668.983016,48547,21,1
1,NewOrder,1771507668.983655,31873,20,1
5,StockLevel,1771507668.984411,31764,14,1
1,NewOrder,1771507668.988623,40201,7,1
5,StockLevel,1771507668.989611,39527,15,1
1,NewOrder,1771507668.990071,51136,10,1
2,Payment,1771507668.990735,7971,17,1
1,NewOrder,1771507668.990796,29076,22,1
1,NewOrder,1771507668.991845,26141,12,1
1,NewOrder,1771507668.995637,27130,4,1
2,Payment,1771507668.995983,10400,1,1
1,NewOrder,1771507668.997330,38489,13,1
1,NewOrder,1771507668.998308,42067,5,1
4,Delivery,1771507668.998659,122149,11,1
2,Payment,1771507668.998753,13247,17,1
2,Payment,1771507668.999263,9954,2,1
1,NewOrder,1771507669.004855,36562,0,1
1,NewOrder,1771507669.005988,61071,23,1
2,Payment,1771507669.006053,25248,9,1
2,Payment,1771507669.006063,14549,6,1
1,NewOrder,1771507669.006414,43752,1,1
1,NewOrder,1771507669.006419,36997,8,1
1,NewOrder,1771507669.006722,35386,16,1
1,NewOrder,1771507669.008449,7334,18,1
1,NewOrder,1771507669.009257,43469,2,1
5,StockLevel,1771507669.012028,36129,17,1
1,NewOrder,1771507669.015571,40280,20,1
1,NewOrder,1771507669.015830,7182,18,1
1,NewOrder,1771507669.016219,47221,14,1
1,NewOrder,1771507669.018040,23402,12,1
3,OrderStatus,1771507669.019907,10526,22,1
2,Payment,1771507669.020649,18248,6,1
4,Delivery,1771507669.021935,58055,19,1
2,Payment,1771507669.022813,19077,4,1
3,OrderStatus,1771507669.023060,2240,18,1
1,NewOrder,1771507669.023707,27630,3,1
5,StockLevel,1771507669.025346,3009,18,1
1,NewOrder,1771507669.028407,35538,18,1
1,NewOrder,1771507669.028850,19031,7,1
4,Delivery,1771507669.029201,83704,15,1
4,Delivery,1771507669.030476,48598,22,1
1,NewOrder,1771507669.031346,51655,9,1
1,NewOrder,1771507669.031611,33628,21,1
1,NewOrder,1771507669.035862,20430,13,1
1,NewOrder,1771507669.038948,47566,6,1
1,NewOrder,1771507669.040420,38599,5,1
1,NewOrder,1771507669.041251,37737,10,1
3,OrderStatus,1771507669.041466,6394,0,1
1,NewOrder,1771507669.041489,16759,12,1
4,Delivery,1771507669.041939,101823,4,1
2,Payment,1771507669.042150,11228,16,1
2,Payment,1771507669.043496,16584,8,1
5,StockLevel,1771507669.047908,25553,0,1
2,Payment,1771507669.047933,17924,7,1
1,NewOrder,1771507669.048204,33057,17,1
4,Delivery,1771507669.050209,94073,1,1
1,NewOrder,1771507669.051381,18951,3,1
2,Payment,1771507669.052768,20596,2,1
1,NewOrder,1771507669.053423,34068,16,1
2,Payment,1771507669.055908,10892,20,1
1,NewOrder,1771507669.056339,33486,13,1
2,Payment,1771507669.058327,14415,12,1
1,NewOrder,1771507669.060123,25412,8,1
5,StockLevel,1771507669.063488,27878,14,1
1,NewOrder,1771507669.063994,42138,18,1
3,OrderStatus,1771507669.065272,16756,21,1
2,Payment,1771507669.065878,2837,7,1
1,NewOrder,1771507669.066851,23069,20,1
5,StockLevel,1771507669.067108,30838,23,1
1,NewOrder,1771507669.068759,31512,7,1
1,NewOrder,1771507669.070374,20924,3,1
1,NewOrder,1771507669.072786,18166,12,1
1,NewOrder,1771507669.073407,38623,2,1
1,NewOrder,1771507669.073505,48539,0,1
1,NewOrder,1771507669.079035,39032,10,1
1,NewOrder,1771507669.079065,29414,5,1
2,Payment,1771507669.079117,3124,22,1
2,Payment,1771507669.080068,21741,19,1
2,Payment,1771507669.081303,11840,17,1
2,Payment,1771507669.082068,23957,21,1
2,Payment,1771507669.082285,26513,22,1
1,NewOrder,1771507669.083033,38750,9,1
1,NewOrder,1771507669.085621,29873,8,1
1,NewOrder,1771507669.086554,36441,6,1
2,Payment,1771507669.087596,11105,16,1
2,Payment,1771507669.089865,12697,13,1
2,Payment,1771507669.089964,24035,20,1
1,NewOrder,1771507669.090987,31991,12,1
5,StockLevel,1771507669.091333,12004,3,1
2,Payment,1771507669.091402,18286,14,1
2,Payment,1771507669.093160,12611,17,1
1,NewOrder,1771507669.097983,46221,23,1
1,NewOrder,1771507669.098719,33929,16,1
2,Payment,1771507669.100306,19603,7,1
1,NewOrder,1771507669.101852,36266,19,1
4,Delivery,1771507669.102609,11531,13,1
1,NewOrder,1771507669.103395,28678,3,1
1,NewOrder,1771507669.105808,48473,17,1
1,NewOrder,1771507669.106064,4937,21,1
1,NewOrder,1771507669.106177,29047,18,1
1,NewOrder,1771507669.108522,20446,5,1
3,OrderStatus,1771507669.108817,2645,22,1
2,Payment,1771507669.109701,9444,14,1
1,NewOrder,1771507669.111014,5480,21,1
1,NewOrder,1771507669.111498,5388,22,1
1,NewOrder,1771507669.112043,23856,2,1
2,Payment,1771507669.112942,9640,15,1
1,NewOrder,1771507669.114037,17583,20,1
2,Payment,1771507669.114155,23327,13,1
2,Payment,1771507669.115530,14970,8,1
2,Payment,1771507669.116509,3316,21,1
2,Payment,1771507669.116922,6050,22,1
2,Payment,1771507669.118103,16623,10,1
2,Payment,1771507669.119160,16016,14,1
1,NewOrder,1771507669.119838,26818,21,1
1,NewOrder,1771507669.119917,29483,7,1
2,Payment,1771507669.120822,17669,11,1
1,NewOrder,1771507669.121822,26040,9,1
1,NewOrder,1771507669.122081,32180,0,1
5,StockLevel,1771507669.122608,14662,15,1
2,Payment,1771507669.122992,18212,12,1
1,NewOrder,1771507669.123011,18275,22,1
1,NewOrder,1771507669.123033,33854,6,1
1,NewOrder,1771507669.129005,44315,5,1
2,Payment,1771507669.130534,13661,8,1
1,NewOrder,1771507669.131650,36707,20,1
1,NewOrder,1771507669.132108,44960,3,1
2,Payment,1771507669.132682,21528,16,1
1,NewOrder,1771507669.134773,31946,10,1
1,NewOrder,1771507669.135212,43190,14,1
1,NewOrder,1771507669.135272,44632,18,1
2,Payment,1771507669.135930,16123,2,1
2,Payment,1771507669.137315,19850,15,1
2,Payment,1771507669.137508,6698,13,1
1,NewOrder,1771507669.138151,33981,19,1
1,NewOrder,1771507669.138507,28124,11,1
4,Delivery,1771507669.141244,13041,12,1
2,Payment,1771507669.141324,12780,22,1
1,NewOrder,1771507669.143777,51048,4,1
2,Payment,1771507669.144215,22826,23,1
2,Payment,1771507669.144234,18457,8,1
1,NewOrder,1771507669.144236,18127,13,1
1,NewOrder,1771507669.144319,9581,1,1
1,NewOrder,1771507669.146672,31119,21,1
1,NewOrder,1771507669.147874,38291,9,1
1,NewOrder,1771507669.149439,34068,7,1
2,Payment,1771507669.152068,15633,2,1
2,Payment,1771507669.153914,15967,1,1
2,Payment,1771507669.154138,14684,22,1
3,OrderStatus,1771507669.154245,5850,16,1
2,Payment,1771507669.154316,19766,0,1
5,StockLevel,1771507669.154321,25675,17,1
2,Payment,1771507669.154328,11861,12,1
3,OrderStatus,1771507669.156922,11353,6,1
1,NewOrder,1771507669.157209,31496,15,1
2,Payment,1771507669.160132,12342,16,1
1,NewOrder,1771507669.162402,45129,13,1
3,OrderStatus,1771507669.162726,10981,8,1
1,NewOrder,1771507669.166235,24599,12,1
2,Payment,1771507669.166647,17486,11,1
1,NewOrder,1771507669.166759,45771,10,1
1,NewOrder,1771507669.167054,33705,23,1
2,Payment,1771507669.167714,18749,2,1
2,Payment,1771507669.168312,20670,6,1
3,OrderStatus,1771507669.168368,13041,20,1
2,Payment,1771507669.168861,1718,22,1
1,NewOrder,1771507669.169920,4790,1,1
2,Payment,1771507669.170593,1600,22,1
1,NewOrder,1771507669.172177,30091,19,1
1,NewOrder,1771507669.172207,5335,22,1
2,Payment,1771507669.172497,11627,16,1
1,NewOrder,1771507669.173346,27445,5,1
2,Payment,1771507669.173746,18592,8,1
3,OrderStatus,1771507669.174109,4527,0,1
2,Payment,1771507669.174747,14180,1,1
2,Payment,1771507669.177083,14344,3,1
2,Payment,1771507669.177553,2577,22,1
1,NewOrder,1771507669.177836,30153,21,1
2,Payment,1771507669.178441,21968,14,1
2,Payment,1771507669.178661,17534,0,1
1,NewOrder,1771507669.179936,30799,18,1
3,OrderStatus,1771507669.180033,4650,17,1
2,Payment,1771507669.180144,2342,22,1
2,Payment,1771507669.181427,7619,20,1
2,Payment,1771507669.182500,9291,22,1
2,Payment,1771507669.183522,24380,7,1
2,Payment,1771507669.184146,28615,11,1
2,Payment,1771507669.184184,19112,16,1
1,NewOrder,1771507669.184720,46154,17,1
1,NewOrder,1771507669.186179,26824,9,1
1,NewOrder,1771507669.186492,46057,2,1
2,Payment,1771507669.188750,17060,15,1
2,Payment,1771507669.188944,3948,1,1
3,OrderStatus,1771507669.189025,6883,6,1
2,Payment,1771507669.189060,22072,20,1
1,NewOrder,1771507669.190846,40154,12,1
1,NewOrder,1771507669.191441,36390,3,1
1,NewOrder,1771507669.191822,33255,22,1
2,Payment,1771507669.192373,12939,8,1
1,NewOrder,1771507669.192927,3466,1,1
1,NewOrder,1771507669.194859,28668,4,1
1,NewOrder,1771507669.195936,34436,6,1
1,NewOrder,1771507669.196229,31730,0,1
2,Payment,1771507669.196407,1489,1,1
1,NewOrder,1771507669.197910,6313,1,1
2,Payment,1771507669.200471,8997,14,1
2,Payment,1771507669.200779,14561,23,1
2,Payment,1771507669.200809,16171,5,1
2,Payment,1771507669.202310,21128,19,1
1,NewOrder,1771507669.203329,18593,16,1
5,StockLevel,1771507669.204249,25688,1,1
1,NewOrder,1771507669.205346,35330,8,1
2,Payment,1771507669.205841,7008,15,1
2,Payment,1771507669.207553,30035,13,1
1,NewOrder,1771507669.207934,22484,7,1
5,StockLevel,1771507669.208024,15657,21,1
2,Payment,1771507669.209482,26223,14,1
1,NewOrder,1771507669.210748,35216,18,1
1,NewOrder,1771507669.211163,19598,20,1
2,Payment,1771507669.212561,22322,10,1
1,NewOrder,1771507669.212796,4435,11,1
2,Payment,1771507669.212879,28377,15,1
1,NewOrder,1771507669.213044,44915,9,1
4,Delivery,1771507669.215353,80362,23,1
1,NewOrder,1771507669.217011,48278,5,1
1,NewOrder,1771507669.217250,3859,11,1
1,NewOrder,1771507669.221142,6208,11,1
2,Payment,1771507669.221961,17317,16,1
2,Payment,1771507669.223469,18726,19,1
1,NewOrder,1771507669.223571,31730,4,1
3,OrderStatus,1771507669.223720,6158,21,1
2,Payment,1771507669.225090,1219,22,1
1,NewOrder,1771507669.226320,4495,22,1
2,Payment,1771507669.227361,15731,11,1
2,Payment,1771507669.227910,2877,3,1
2,Payment,1771507669.227993,7475,0,1
1,NewOrder,1771507669.229907,19085,21,1
1,NewOrder,1771507669.229961,21009,1,1
2,Payment,1771507669.230394,18584,6,1
2,Payment,1771507669.230442,15917,7,1
1,NewOrder,1771507669.230780,41891,20,1
1,NewOrder,1771507669.230815,14914,3,1
1,NewOrder,1771507669.230828,39867,22,1
1,NewOrder,1771507669.230893,20905,17,1
2,Payment,1771507669.231019,20421,12,1
4,Delivery,1771507669.232569,82781,2,1
1,NewOrder,1771507669.234906,44398,10,1
2,Payment,1771507669.235497,9764,0,1
2,Payment,1771507669.235731,13334,14,1
2,Payment,1771507669.237614,5924,13,1
2,Payment,1771507669.239289,7021,16,1
1,NewOrder,1771507669.240705,34622,8,1
2,Payment,1771507669.241280,13577,15,1
1,NewOrder,1771507669.242213,28817,19,1
2,Payment,1771507669.243116,18468,11,1
1,NewOrder,1771507669.243564,4908,13,1
1,NewOrder,1771507669.245287,54091,0,1
1,NewOrder,1771507669.245750,33070,3,1
2,Payment,1771507669.245990,17682,18,1
2,Payment,1771507669.246337,6616,16,1
1,NewOrder,1771507669.246375,29343,7,1
1,NewOrder,1771507669.248483,30936,13,1
2,Payment,1771507669.249004,26756,21,1
3,OrderStatus,1771507669.249004,5325,6,1
2,Payment,1771507669.249084,10200,14,1
2,Payment,1771507669.250996,22484,1,1
1,NewOrder,1771507669.251466,32031,12,1
2,Payment,1771507669.251823,23384,17,1
2,Payment,1771507669.252974,12021,16,1
2,Payment,1771507669.254355,13825,6,1
2,Payment,1771507669.254873,5858,15,1
1,NewOrder,1771507669.255310,20027,4,1
1,NewOrder,1771507669.257968,28562,9,1
1,NewOrder,1771507669.259308,51936,14,1
1,NewOrder,1771507669.260755,4509,15,1
1,NewOrder,1771507669.261613,19267,11,1
1,NewOrder,1771507669.263698,32420,18,1
2,Payment,1771507669.265008,2367,16,1
1,NewOrder,1771507669.265286,5664,15,1
2,Payment,1771507669.265313,23069,5,1
1,NewOrder,1771507669.267385,25475,16,1
2,Payment,1771507669.268199,13053,6,1
1,NewOrder,1771507669.270725,18271,22,1
2,Payment,1771507669.270963,5710,15,1
2,Payment,1771507669.271035,13223,19,1
1,NewOrder,1771507669.272682,13904,20,1
2,Payment,1771507669.273488,12449,1,1
4,Delivery,1771507669.275220,25630,17,1
1,NewOrder,1771507669.275348,41943,4,1
2,Payment,1771507669.275355,12009,8,1
3,OrderStatus,1771507669.275735,8303,7,1
1,NewOrder,1771507669.275786,32717,21,1
4,Delivery,1771507669.276685,23847,15,1
2,Payment,1771507669.278830,13074,3,1
1,NewOrder,1771507669.279330,38084,10,1
2,Payment,1771507669.279426,8010,13,1
1,NewOrder,1771507669.280892,36547,11,1
1,NewOrder,1771507669.281276,35556,6,1
2,Payment,1771507669.283522,13058,12,1
2,Payment,1771507669.284057,9412,7,1
1,NewOrder,1771507669.284274,40851,19,1
2,Payment,1771507669.285946,12320,1,1
1,NewOrder,1771507669.286536,29421,9,1
1,NewOrder,1771507669.286590,23894,20,1
1,NewOrder,1771507669.287389,23955,8,1
5,StockLevel,1771507669.287444,24297,13,1
3,OrderStatus,1771507669.288406,1618,5,1
1,NewOrder,1771507669.289020,27377,22,1
1,NewOrder,1771507669.290047,33700,5,1
1,NewOrder,1771507669.291914,27599,3,1
2,Payment,1771507669.292886,6988,16,1
5,StockLevel,1771507669.293493,13308,7,1
2,Payment,1771507669.295725,16511,23,1
1,NewOrder,1771507669.296141,37003,18,1
2,Payment,1771507669.296601,9295,12,1
1,NewOrder,1771507669.298290,24312,1,1
3,OrderStatus,1771507669.299397,6555,0,1
2,Payment,1771507669.299896,9018,16,1
4,Delivery,1771507669.300558,44384,15,1
2,Payment,1771507669.300871,9921,17,1
1,NewOrder,1771507669.305922,23780,12,1
3,OrderStatus,1771507669.305976,6232,0,1
2,Payment,1771507669.306831,12187,7,1
2,Payment,1771507669.308529,17324,21,1
2,Payment,1771507669.308934,4167,16,1
2,Payment,1771507669.310507,17785,20,1
2,Payment,1771507669.310813,7082,17,1
2,Payment,1771507669.311266,9605,14,1
1,NewOrder,1771507669.311370,41962,8,1
2,Payment,1771507669.311762,12422,13,1
5,StockLevel,1771507669.312231,16738,0,1
2,Payment,1771507669.312252,18676,23,1
5,StockLevel,1771507669.313117,26765,16,1
1,NewOrder,1771507669.315368,42065,2,1
1,NewOrder,1771507669.315993,29308,9,1
2,Payment,1771507669.316419,17139,22,1
2,Payment,1771507669.316852,10998,6,1
4,Delivery,1771507669.317331,73801,4,1
5,StockLevel,1771507669.317440,15118,10,1
2,Payment,1771507669.317456,13050,11,1
2,Payment,1771507669.317912,9601,17,1
1,NewOrder,1771507669.319044,32901,7,1
1,NewOrder,1771507669.319523,30149,3,1
1,NewOrder,1771507669.320887,24408,14,1
1,NewOrder,1771507669.322616,26785,1,1
3,OrderStatus,1771507669.323754,4236,5,1
2,Payment,1771507669.324189,7326,13,1
2,Payment,1771507669.325149,21013,19,1
2,Payment,1771507669.325875,23516,21,1
2,Payment,1771507669.327540,6240,17,1
2,Payment,1771507669.327867,17513,6,1
1,NewOrder,1771507669.328000,32219,5,1
1,NewOrder,1771507669.328315,29941,20,1
2,Payment,1771507669.328984,10781,0,1
1,NewOrder,1771507669.329726,28515,12,1
2,Payment,1771507669.330529,18963,11,1
2,Payment,1771507669.330943,21078,23,1
1,NewOrder,1771507669.331538,30597,13,1
3,OrderStatus,1771507669.332577,12211,10,1
1,NewOrder,1771507669.333153,42845,18,1
1,NewOrder,1771507669.333598,11744,22,1
1,NewOrder,1771507669.333805,3244,17,1
1,NewOrder,1771507669.337071,4656,17,1
2,Payment,1771507669.339792,11682,0,1
2,Payment,1771507669.339909,9020,16,1
1,NewOrder,1771507669.341746,23308,17,1
2,Payment,1771507669.344801,20591,10,1
2,Payment,1771507669.344964,12173,15,1
2,Payment,1771507669.345310,20449,9,1
1,NewOrder,1771507669.345317,29585,14,1
2,Payment,1771507669.345366,10667,22,1
5,StockLevel,1771507669.345404,33272,6,1
2,Payment,1771507669.346179,14414,19,1
1,NewOrder,1771507669.348951,32744,16,1
1,NewOrder,1771507669.349418,17458,1,1
1,NewOrder,1771507669.349419,22476,21,1
1,NewOrder,1771507669.349507,34505,11,1
1,NewOrder,1771507669.349699,25559,3,1
2,Payment,1771507669.351495,9585,0,1
2,Payment,1771507669.351955,17870,7,1
2,Payment,1771507669.352029,6667,23,1
2,Payment,1771507669.353416,14501,8,1
2,Payment,1771507669.356058,7324,22,1
1,NewOrder,1771507669.357155,45760,15,1
1,NewOrder,1771507669.357449,37592,2,1
1,NewOrder,1771507669.358266,29993,12,1
1,NewOrder,1771507669.358271,28479,20,1
1,NewOrder,1771507669.358719,40122,23,1
2,Payment,1771507669.360227,19056,5,1
1,NewOrder,1771507669.360599,31867,19,1
1,NewOrder,1771507669.361098,41295,0,1
1,NewOrder,1771507669.362155,23500,13,1
1,NewOrder,1771507669.363395,21814,22,1
1,NewOrder,1771507669.365072,26067,17,1
1,NewOrder,1771507669.365401,20047,10,1
3,OrderStatus,1771507669.365778,8258,9,1
1,NewOrder,1771507669.366892,19828,1,1
2,Payment,1771507669.367938,10949,8,1
2,Payment,1771507669.369836,10853,7,1
1,NewOrder,1771507669.371901,33131,21,1
2,Payment,1771507669.374059,14596,9,1
1,NewOrder,1771507669.374909,29364,14,1
2,Payment,1771507669.375279,9255,3,1
1,NewOrder,1771507669.376005,25538,18,1
1,NewOrder,1771507669.378694,33635,6,1
2,Payment,1771507669.378911,11937,8,1
3,OrderStatus,1771507669.379299,7758,5,1
4,Delivery,1771507669.380699,34204,7,1
2,Payment,1771507669.381712,6906,16,1
3,OrderStatus,1771507669.384039,8135,11,1
1,NewOrder,1771507669.384557,25870,3,1
1,NewOrder,1771507669.385230,22371,22,1
1,NewOrder,1771507669.385458,41160,10,1
1,NewOrder,1771507669.385675,29947,13,1
2,Payment,1771507669.386734,9643,1,1
2,Payment,1771507669.386766,8730,20,1
1,NewOrder,1771507669.387090,31828,5,1
2,Payment,1771507669.388275,11001,12,1
1,NewOrder,1771507669.388637,27433,16,1
1,NewOrder,1771507669.388675,37890,9,1
2,Payment,1771507669.390874,8311,8,1
2,Payment,1771507669.391140,15786,4,1
3,OrderStatus,1771507669.391157,7493,17,1
1,NewOrder,1771507669.392198,19722,11,1
2,Payment,1771507669.392474,12184,19,1
1,NewOrder,1771507669.395068,32916,2,1
1,NewOrder,1771507669.395517,31522,20,1
2,Payment,1771507669.396392,14594,1,1
2,Payment,1771507669.398671,7566,17,1
2,Payment,1771507669.398854,12364,23,1
1,NewOrder,1771507669.399201,34117,8,1
1,NewOrder,1771507669.399294,20030,12,1
2,Payment,1771507669.401552,13899,18,1
2,Payment,1771507669.402411,10303,0,1
2,Payment,1771507669.402942,12301,15,1
2,Payment,1771507669.404282,12808,14,1
2,Payment,1771507669.404664,13055,19,1
1,NewOrder,1771507669.405038,38783,21,1
1,NewOrder,1771507669.406256,17735,17,1
2,Payment,1771507669.406935,11927,4,1
1,NewOrder,1771507669.407619,41341,22,1
2,Payment,1771507669.410454,11888,3,1
1,NewOrder,1771507669.410996,24303,1,1
1,NewOrder,1771507669.411239,35382,23,1
2,Payment,1771507669.411944,9940,11,1
2,Payment,1771507669.412346,14689,6,1
2,Payment,1771507669.412723,10936,0,1
2,Payment,1771507669.414923,15648,7,1
2,Payment,1771507669.415263,4635,15,1
2,Payment,1771507669.415473,16360,18,1
2,Payment,1771507669.415633,7672,13,1
2,Payment,1771507669.416085,9603,16,1
3,OrderStatus,1771507669.417101,5847,14,1
3,OrderStatus,1771507669.417725,8155,19,1
1,NewOrder,1771507669.418871,25876,4,1
5,StockLevel,1771507669.418939,27997,5,1
1,NewOrder,1771507669.419332,25372,12,1
3,OrderStatus,1771507669.419910,11997,15,1
5,StockLevel,1771507669.421912,27729,11,1
1,NewOrder,1771507669.422362,28435,3,1
1,NewOrder,1771507669.422965,34161,14,1
1,NewOrder,1771507669.423316,31302,13,1
2,Payment,1771507669.423681,2373,0,1
1,NewOrder,1771507669.424011,26317,17,1
2,Payment,1771507669.425708,8130,16,1
1,NewOrder,1771507669.425890,32113,19,1
1,NewOrder,1771507669.426076,32451,0,1
2,Payment,1771507669.426572,14931,9,1
2,Payment,1771507669.426637,13083,10,1
4,Delivery,1771507669.427045,16376,6,1
3,OrderStatus,1771507669.427054,9104,20,1
1,NewOrder,1771507669.427991,32383,2,1
2,Payment,1771507669.430579,1779,7,1
4,Delivery,1771507669.431853,16146,18,1
1,NewOrder,1771507669.431917,35920,15,1
1,NewOrder,1771507669.432363,25586,7,1
5,StockLevel,1771507669.433338,25093,8,1
1,NewOrder,1771507669.433856,27239,16,1
5,StockLevel,1771507669.435321,18587,1,1
1,NewOrder,1771507669.436182,23514,20,1
2,Payment,1771507669.439730,11889,10,1
2,Payment,1771507669.441512,13856,9,1
4,Delivery,1771507669.443437,14538,6,1
1,NewOrder,1771507669.443839,27288,21,1
2,Payment,1771507669.444712,8873,12,1
1,NewOrder,1771507669.444768,40159,4,1
1,NewOrder,1771507669.446637,25480,23,1
2,Payment,1771507669.446949,12723,5,1
2,Payment,1771507669.448017,10557,18,1
2,Payment,1771507669.448981,11311,22,1
2,Payment,1771507669.449660,8824,11,1
2,Payment,1771507669.450336,5561,17,1
1,NewOrder,1771507669.450812,20302,3,1
2,Payment,1771507669.451640,10378,10,1
2,Payment,1771507669.453605,9893,12,1
1,NewOrder,1771507669.453917,18775,1,1
2,Payment,1771507669.454635,10738,13,1
2,Payment,1771507669.455392,12831,9,1
1,NewOrder,1771507669.455916,19319,17,1
1,NewOrder,1771507669.457149,42845,14,1
3,OrderStatus,1771507669.457959,7875,7,1
1,NewOrder,1771507669.457994,24727,6,1
2,Payment,1771507669.458020,11999,19,1
1,NewOrder,1771507669.458445,33754,8,1
2,Payment,1771507669.458509,12259,11,1
2,Payment,1771507669.458545,10848,0,1
1,NewOrder,1771507669.458589,24490,18,1
2,Payment,1771507669.459681,12414,5,1
1,NewOrder,1771507669.459712,31015,20,1
1,NewOrder,1771507669.460311,34814,22,1
1,NewOrder,1771507669.460388,30317,2,1
1,NewOrder,1771507669.461107,21955,16,1
2,Payment,1771507669.462038,11040,10,1
2,Payment,1771507669.463512,8052,12,1
2,Payment,1771507669.465389,8097,13,1
1,NewOrder,1771507669.465856,36808,7,1
2,Payment,1771507669.467848,7360,15,1
1,NewOrder,1771507669.468244,41870,9,1
2,Payment,1771507669.469418,6536,0,1
2,Payment,1771507669.470028,13404,19,1
2,Payment,1771507669.470784,10619,11,1
2,Payment,1771507669.471129,8128,3,1
2,Payment,1771507669.471137,16779,21,1
1,NewOrder,1771507669.471584,30311,12,1
1,NewOrder,1771507669.472115,41933,5,1
2,Payment,1771507669.472130,18579,23,1
1,NewOrder,1771507669.472720,21670,1,1
2,Payment,1771507669.473095,10308,10,1
1,NewOrder,1771507669.473507,28426,13,1
2,Payment,1771507669.475227,14724,15,1
1,NewOrder,1771507669.475244,36301,17,1
1,NewOrder,1771507669.475974,21350,0,1
1,NewOrder,1771507669.479266,30972,3,1
1,NewOrder,1771507669.481430,42997,11,1
2,Payment,1771507669.482731,10020,6,1
1,NewOrder,1771507669.483087,32085,16,1
1,NewOrder,1771507669.483091,34587,18,1
1,NewOrder,1771507669.483420,24869,10,1
1,NewOrder,1771507669.483458,27245,19,1
4,Delivery,1771507669.484937,66411,4,1
5,StockLevel,1771507669.487937,12839,21,1
4,Delivery,1771507669.489979,43887,15,1
2,Payment,1771507669.490722,5024,23,1
2,Payment,1771507669.490731,12822,2,1
2,Payment,1771507669.490748,7801,20,1
2,Payment,1771507669.492225,8998,8,1
2,Payment,1771507669.492763,16694,6,1
1,NewOrder,1771507669.494408,31746,1,1
2,Payment,1771507669.495146,7527,22,1
2,Payment,1771507669.495760,8252,23,1
1,NewOrder,1771507669.497352,16673,0,1
1,NewOrder,1771507669.498570,28040,20,1
1,NewOrder,1771507669.500008,33331,14,1
1,NewOrder,1771507669.500795,25799,21,1
1,NewOrder,1771507669.501242,27957,8,1
5,StockLevel,1771507669.501911,14159,12,1
1,NewOrder,1771507669.501960,31053,13,1
5,StockLevel,1771507669.502693,25575,22,1
2,Payment,1771507669.502693,9747,7,1
1,NewOrder,1771507669.503581,35207,2,1
5,StockLevel,1771507669.504027,23966,23,1
1,NewOrder,1771507669.508316,20586,10,1
2,Payment,1771507669.509484,7787,6,1
1,NewOrder,1771507669.510137,19841,9,1
2,Payment,1771507669.510267,6243,3,1
1,NewOrder,1771507669.510719,23634,19,1
1,NewOrder,1771507669.511573,24785,17,1
2,Payment,1771507669.512453,7616,7,1
1,NewOrder,1771507669.514047,21195,0,1
2,Payment,1771507669.514067,12077,5,1
1,NewOrder,1771507669.515187,18167,16,1
1,NewOrder,1771507669.516089,25059,12,1
1,NewOrder,1771507669.516531,26905,3,1
1,NewOrder,1771507669.517288,19841,6,1
2,Payment,1771507669.517704,10663,18,1
2,Payment,1771507669.520090,15438,7,1
2,Payment,1771507669.524442,13003,11,1
1,NewOrder,1771507669.526171,26993,5,1
1,NewOrder,1771507669.526184,15477,1,1
2,Payment,1771507669.526623,15005,21,1
5,StockLevel,1771507669.526633,18519,20,1
2,Payment,1771507669.528014,9106,23,1
2,Payment,1771507669.528297,10883,22,1
1,NewOrder,1771507669.528394,41486,18,1
2,Payment,1771507669.528929,15323,10,1
2,Payment,1771507669.529218,17355,8,1
2,Payment,1771507669.529991,19696,9,1
1,NewOrder,1771507669.533040,15789,13,1
2,Payment,1771507669.533370,5886,14,1
1,NewOrder,1771507669.533383,22426,16,1
1,NewOrder,1771507669.533882,39657,15,1
1,NewOrder,1771507669.534366,30335,19,1
2,Payment,1771507669.535270,9560,0,1
2,Payment,1771507669.535552,6834,7,1
1,NewOrder,1771507669.536374,29768,17,1
2,Payment,1771507669.537147,13934,23,1
2,Payment,1771507669.537158,18595,6,1
1,NewOrder,1771507669.537464,17497,11,1
5,StockLevel,1771507669.538816,34354,2,1
1,NewOrder,1771507669.539205,16225,22,1
1,NewOrder,1771507669.539272,43249,14,1
2,Payment,1771507669.541167,11744,12,1
2,Payment,1771507669.541652,7484,21,1
1,NewOrder,1771507669.541683,28266,1,1
1,NewOrder,1771507669.542415,20585,7,1
1,NewOrder,1771507669.543454,28856,3,1
2,Payment,1771507669.544272,7111,10,1
1,NewOrder,1771507669.544856,33381,0,1
1,NewOrder,1771507669.545196,31150,20,1
2,Payment,1771507669.546593,6938,8,1
1,NewOrder,1771507669.548847,33552,13,1
3,OrderStatus,1771507669.549162,6730,21,1
1,NewOrder,1771507669.549715,32827,9,1
2,Payment,1771507669.551106,6420,23,1
4,Delivery,1771507669.551374,60380,4,1
1,NewOrder,1771507669.551406,23289,10,1
4,Delivery,1771507669.552940,14191,12,1
2,Payment,1771507669.553209,13713,5,1
2,Payment,1771507669.553556,4322,8,1
1,NewOrder,1771507669.554981,19381,11,1
2,Payment,1771507669.555454,10421,22,1
2,Payment,1771507669.555772,4366,6,1
1,NewOrder,1771507669.555838,28521,16,1
2,Payment,1771507669.555913,12308,21,1
1,NewOrder,1771507669.557544,30486,23,1
1,NewOrder,1771507669.557899,31789,8,1
1,NewOrder,1771507669.560154,36757,6,1
1,NewOrder,1771507669.563027,27584,7,1
1,NewOrder,1771507669.564727,23993,19,1
2,Payment,1771507669.565902,7097,22,1
2,Payment,1771507669.566170,10667,17,1
1,NewOrder,1771507669.566949,21434,5,1
1,NewOrder,1771507669.567150,22509,12,1
1,NewOrder,1771507669.568244,21098,21,1
2,Payment,1771507669.569893,12687,18,1
2,Payment,1771507669.569977,8721,1,1
2,Payment,1771507669.572340,9473,3,1
2,Payment,1771507669.573017,11887,22,1
3,OrderStatus,1771507669.573209,8258,2,1
1,NewOrder,1771507669.573564,37793,15,1
1,NewOrder,1771507669.574381,24486,11,1
2,Payment,1771507669.574722,10146,10,1
1,NewOrder,1771507669.576373,16088,20,1
1,NewOrder,1771507669.576864,31485,17,1
1,NewOrder,1771507669.578252,26488,0,1
5,StockLevel,1771507669.578724,13904,1,1
3,OrderStatus,1771507669.581493,7622,2,1
2,Payment,1771507669.581839,6605,3,1
1,NewOrder,1771507669.582417,32521,13,1
1,NewOrder,1771507669.582547,34324,14,1
2,Payment,1771507669.582562,11114,9,1
3,OrderStatus,1771507669.582597,6088,18,1
1,NewOrder,1771507669.584384,30178,16,1
2,Payment,1771507669.584895,10387,10,1
1,NewOrder,1771507669.584933,24307,22,1
1,NewOrder,1771507669.588045,24810,23,1
2,Payment,1771507669.588403,11521,5,1
1,NewOrder,1771507669.588472,21973,3,1
2,Payment,1771507669.588710,11188,18,1
1,NewOrder,1771507669.588735,39174,19,1
1,NewOrder,1771507669.589131,33320,2,1
2,Payment,1771507669.589370,12392,21,1
2,Payment,1771507669.589679,9133,12,1
1,NewOrder,1771507669.589716,23568,8,1
2,Payment,1771507669.590626,7767,7,1
2,Payment,1771507669.592490,11225,20,1
1,NewOrder,1771507669.592657,33660,1,1
1,NewOrder,1771507669.593694,38586,9,1
2,Payment,1771507669.595303,5929,10,1
1,NewOrder,1771507669.596938,34458,6,1
1,NewOrder,1771507669.598419,23628,7,1
1,NewOrder,1771507669.598838,29354,12,1
2,Payment,1771507669.598894,9738,11,1
1,NewOrder,1771507669.599912,39478,18,1
1,NewOrder,1771507669.599941,40143,5,1
1,NewOrder,1771507669.601243,35471,10,1
1,NewOrder,1771507669.601785,25177,21,1
1,NewOrder,1771507669.603734,30242,20,1
1,NewOrder,1771507669.604761,22058,0,1
3,OrderStatus,1771507669.608367,7005,17,1
1,NewOrder,1771507669.608648,32668,11,1
1,NewOrder,1771507669.609268,23935,22,1
2,Payment,1771507669.610465,8041,3,1
2,Payment,1771507669.611384,9766,15,1
2,Payment,1771507669.611780,14179,4,1
4,Delivery,1771507669.612872,70664,23,1
2,Payment,1771507669.613309,9117,8,1
1,NewOrder,1771507669.614580,31807,16,1
4,Delivery,1771507669.614960,45982,13,1
2,Payment,1771507669.615396,9727,17,1
5,StockLevel,1771507669.616890,17828,14,1
1,NewOrder,1771507669.618532,25403,3,1
2,Payment,1771507669.621200,6625,15,1
2,Payment,1771507669.622060,6224,7,1
1,NewOrder,1771507669.622454,24346,8,1
1,NewOrder,1771507669.622466,34299,2,1
1,NewOrder,1771507669.625146,17270,17,1
2,Payment,1771507669.625987,12984,4,1
4,Delivery,1771507669.626344,36731,1,1
1,NewOrder,1771507669.626846,23384,0,1
4,Delivery,1771507669.626983,55949,21,1
1,NewOrder,1771507669.627841,19373,15,1
5,StockLevel,1771507669.627937,26043,19,1
2,Payment,1771507669.628211,9012,12,1
5,StockLevel,1771507669.628311,18681,7,1
1,NewOrder,1771507669.631423,25006,6,1
5,StockLevel,1771507669.632308,20677,9,1
1,NewOrder,1771507669.633220,28556,22,1
2,Payment,1771507669.633997,7835,20,1
2,Payment,1771507669.634745,9523,14,1
2,Payment,1771507669.636740,8013,10,1
2,Payment,1771507669.637248,9530,12,1
1,NewOrder,1771507669.638991,22356,4,1
2,Payment,1771507669.639423,7356,18,1
1,NewOrder,1771507669.640109,26520,5,1
1,NewOrder,1771507669.641344,19576,11,1
1,NewOrder,1771507669.641854,21808,20,1
1,NewOrder,1771507669.642430,24672,17,1
2,Payment,1771507669.643956,5760,3,1
1,NewOrder,1771507669.644293,26790,14,1
2,Payment,1771507669.644773,9445,10,1
2,Payment,1771507669.646413,5979,16,1
2,Payment,1771507669.646796,9682,18,1
1,NewOrder,1771507669.646805,20271,12,1
2,Payment,1771507669.646825,9866,8,1
3,OrderStatus,1771507669.647010,6412,7,1
2,Payment,1771507669.647240,8920,15,1
2,Payment,1771507669.649741,7641,3,1
1,NewOrder,1771507669.650253,18876,0,1
4,Delivery,1771507669.652417,9018,16,1
1,NewOrder,1771507669.653008,42545,9,1
2,Payment,1771507669.653446,8021,7,1
2,Payment,1771507669.653995,10152,19,1
2,Payment,1771507669.654234,12873,10,1
1,NewOrder,1771507669.656182,22366,15,1
2,Payment,1771507669.656453,8156,6,1
2,Payment,1771507669.656504,10577,18,1
1,NewOrder,1771507669.656713,13947,8,1
1,NewOrder,1771507669.656781,32052,2,1
2,Payment,1771507669.657403,6235,3,1
2,Payment,1771507669.660938,10063,11,1
1,NewOrder,1771507669.660961,23334,13,1
1,NewOrder,1771507669.661360,41374,4,1
2,Payment,1771507669.661455,2223,16,1
1,NewOrder,1771507669.661493,25027,7,1
2,Payment,1771507669.661792,7805,22,1
1,NewOrder,1771507669.663102,27097,1,1
1,NewOrder,1771507669.663662,24839,3,1
1,NewOrder,1771507669.663680,20354,20,1
1,NewOrder,1771507669.663700,22059,16,1
2,Payment,1771507669.664161,9989,19,1
2,Payment,1771507669.664625,8936,6,1
1,NewOrder,1771507669.666646,35379,5,1
1,NewOrder,1771507669.667092,16143,12,1
2,Payment,1771507669.667104,9524,18,1
1,NewOrder,1771507669.667121,16328,10,1
2,Payment,1771507669.667168,7664,17,1
1,NewOrder,1771507669.669144,36891,0,1
1,NewOrder,1771507669.669615,41841,22,1
1,NewOrder,1771507669.670688,24824,8,1
1,NewOrder,1771507669.671022,21230,11,1
2,Payment,1771507669.671105,9002,14,1
1,NewOrder,1771507669.673581,29125,6,1
2,Payment,1771507669.674169,9364,19,1
2,Payment,1771507669.674851,8595,17,1
2,Payment,1771507669.676644,9525,18,1
2,Payment,1771507669.678574,10244,15,1
1,NewOrder,1771507669.680129,26351,14,1
1,NewOrder,1771507669.682951,4594,21,1
2,Payment,1771507669.683263,8763,12,1
2,Payment,1771507669.683476,11121,17,1
2,Payment,1771507669.683483,12652,10,1
1,NewOrder,1771507669.683552,27779,23,1
2,Payment,1771507669.683563,9896,19,1
1,NewOrder,1771507669.684050,36561,20,1
1,NewOrder,1771507669.684321,24399,13,1
2,Payment,1771507669.685777,11891,16,1
4,Delivery,1771507669.686183,17407,18,1
1,NewOrder,1771507669.686530,27028,7,1
2,Payment,1771507669.687570,7269,21,1
1,NewOrder,1771507669.688523,27025,3,1
4,Delivery,1771507669.688831,42073,15,1
1,NewOrder,1771507669.688850,33127,2,1
2,Payment,1771507669.690218,10895,1,1
2,Payment,1771507669.692044,9844,12,1
2,Payment,1771507669.692279,6230,11,1
2,Payment,1771507669.693477,8578,19,1
1,NewOrder,1771507669.694618,15585,17,1
3,OrderStatus,1771507669.694861,1006,21,1
2,Payment,1771507669.695527,10924,8,1
1,NewOrder,1771507669.695568,34507,9,1
1,NewOrder,1771507669.695880,16845,21,1
1,NewOrder,1771507669.696163,44781,10,1
2,Payment,1771507669.697690,5565,16,1
2,Payment,1771507669.698519,9606,11,1
3,OrderStatus,1771507669.701137,7840,1,1
2,Payment,1771507669.701909,7292,12,1
1,NewOrder,1771507669.702039,25842,5,1
3,OrderStatus,1771507669.702074,7160,19,1
1,NewOrder,1771507669.702720,35719,6,1
1,NewOrder,1771507669.702756,32370,4,1
5,StockLevel,1771507669.703273,13022,16,1
2,Payment,1771507669.703605,7705,18,1
1,NewOrder,1771507669.706051,27094,0,1
2,Payment,1771507669.706472,13623,8,1
4,Delivery,1771507669.706507,24994,14,1
2,Payment,1771507669.708147,13511,11,1
2,Payment,1771507669.708738,8720,13,1
3,OrderStatus,1771507669.708995,5989,1,1
2,Payment,1771507669.709228,5605,12,1
1,NewOrder,1771507669.709249,41208,19,1
2,Payment,1771507669.710219,10302,17,1
1,NewOrder,1771507669.711331,55818,18,1
2,Payment,1771507669.711346,13747,23,1
2,Payment,1771507669.711470,9622,22,1
1,NewOrder,1771507669.712751,3448,21,1
2,Payment,1771507669.713585,21480,7,1
5,StockLevel,1771507669.714861,13650,12,1
2,Payment,1771507669.715004,8650,1,1
5,StockLevel,1771507669.715566,14193,3,1
1,NewOrder,1771507669.716219,2666,21,1
1,NewOrder,1771507669.716322,15208,16,1
2,Payment,1771507669.717474,5825,13,1
2,Payment,1771507669.718905,3703,21,1
2,Payment,1771507669.720115,12573,8,1
5,StockLevel,1771507669.720546,9391,17,1
1,NewOrder,1771507669.720639,12484,20,1
2,Payment,1771507669.721107,14950,22,1
1,NewOrder,1771507669.721685,17769,11,1
1,NewOrder,1771507669.721996,43143,2,1
2,Payment,1771507669.722628,3798,21,1
1,NewOrder,1771507669.723318,32314,13,1
2,Payment,1771507669.723683,7753,1,1
2,Payment,1771507669.725112,12944,23,1
1,NewOrder,1771507669.726446,3986,21,1
2,Payment,1771507669.727910,12582,5,1
2,Payment,1771507669.728526,4517,12,1
2,Payment,1771507669.729772,12779,3,1
1,NewOrder,1771507669.729958,39127,17,1
1,NewOrder,1771507669.730093,49562,9,1
1,NewOrder,1771507669.730450,13525,21,1
1,NewOrder,1771507669.730929,48799,15,1
2,Payment,1771507669.731459,14069,1,1
2,Payment,1771507669.731519,3776,14,1
2,Payment,1771507669.731559,5814,16,1
3,OrderStatus,1771507669.732706,9648,8,1
2,Payment,1771507669.733060,12044,12,1
2,Payment,1771507669.733139,18693,20,1
1,NewOrder,1771507669.733166,39917,0,1
1,NewOrder,1771507669.735086,15624,7,1
1,NewOrder,1771507669.735146,42724,4,1
2,Payment,1771507669.735307,3090,14,1
1,NewOrder,1771507669.736073,35483,22,1
1,NewOrder,1771507669.737392,35763,16,1
2,Payment,1771507669.738075,15624,23,1
1,NewOrder,1771507669.738410,3317,14,1
2,Payment,1771507669.738460,9302,6,1
3,OrderStatus,1771507669.739468,6970,11,1
1,NewOrder,1771507669.740508,39655,5,1
1,NewOrder,1771507669.740961,40716,10,1
1,NewOrder,1771507669.741744,2508,14,1
1,NewOrder,1771507669.742378,38832,8,1
2,Payment,1771507669.742567,15146,3,1
1,NewOrder,1771507669.743994,6730,21,1
2,Payment,1771507669.744274,1466,14,1
1,NewOrder,1771507669.745117,31487,12,1
1,NewOrder,1771507669.745549,43026,1,1
5,StockLevel,1771507669.745756,1739,14,1
2,Payment,1771507669.746455,16791,11,1
1,NewOrder,1771507669.747518,28773,14,1
1,NewOrder,1771507669.747781,37811,6,1
5,StockLevel,1771507669.750476,29266,19,1
1,NewOrder,1771507669.750732,4096,7,1
1,NewOrder,1771507669.750738,35380,21,1
1,NewOrder,1771507669.751844,34196,20,1
1,NewOrder,1771507669.753724,30383,23,1
1,NewOrder,1771507669.754855,3476,7,1
2,Payment,1771507669.755659,7684,13,1
1,NewOrder,1771507669.757731,18918,3,1
1,NewOrder,1771507669.758351,4952,7,1
2,Payment,1771507669.763260,13301,11,1
1,NewOrder,1771507669.763320,3912,7,1
2,Payment,1771507669.763364,9899,13,1
2,Payment,1771507669.765163,15315,2,1
5,StockLevel,1771507669.767174,18042,18,1
1,NewOrder,1771507669.767249,5806,7,1
1,NewOrder,1771507669.769112,23985,17,1
1,NewOrder,1771507669.771581,32002,22,1
4,Delivery,1771507669.773071,28774,7,1
2,Payment,1771507669.773111,10790,0,1
1,NewOrder,1771507669.773200,28313,16,1
5,StockLevel,1771507669.773289,16349,13,1
1,NewOrder,1771507669.776317,27304,14,1
5,StockLevel,1771507669.776588,1444,11,1
2,Payment,1771507669.776632,9358,12,1
1,NewOrder,1771507669.776677,31479,3,1
2,Payment,1771507669.777897,11437,4,1
1,NewOrder,1771507669.778049,2390,11,1
2,Payment,1771507669.779682,9785,9,1
3,OrderStatus,1771507669.779758,9103,15,1
2,Payment,1771507669.779771,6321,19,1
2,Payment,1771507669.780181,11529,5,1
5,StockLevel,1771507669.780457,1123,11,1
4,Delivery,1771507669.780494,65207,2,1
2,Payment,1771507669.781222,10455,8,1
2,Payment,1771507669.781588,11693,11,1
1,NewOrder,1771507669.781693,33728,10,1
2,Payment,1771507669.783919,19671,0,1
2,Payment,1771507669.784135,3436,23,1
2,Payment,1771507669.785238,16165,18,1
2,Payment,1771507669.785609,10120,6,1
2,Payment,1771507669.786003,5584,12,1
3,OrderStatus,1771507669.786068,7556,20,1
1,NewOrder,1771507669.786111,29475,19,1
1,NewOrder,1771507669.786131,27226,21,1
2,Payment,1771507669.787592,15071,23,1
1,NewOrder,1771507669.788592,32834,1,1
2,Payment,1771507669.788881,6431,15,1
2,Payment,1771507669.789348,12473,4,1
1,NewOrder,1771507669.789496,41717,9,1
2,Payment,1771507669.789652,10791,13,1
2,Payment,1771507669.791610,11577,12,1
1,NewOrder,1771507669.791702,18100,8,1
1,NewOrder,1771507669.791738,21268,5,1
3,OrderStatus,1771507669.793115,22397,17,1
1,NewOrder,1771507669.793297,8073,11,1
1,NewOrder,1771507669.793652,39815,20,1
1,NewOrder,1771507669.795330,31592,15,1
1,NewOrder,1771507669.795753,16647,6,1
3,OrderStatus,1771507669.800471,17299,13,1
1,NewOrder,1771507669.801393,30563,11,1
2,Payment,1771507669.801428,7473,18,1
2,Payment,1771507669.801533,7270,16,1
1,NewOrder,1771507669.801835,30238,4,1
2,Payment,1771507669.801860,6640,7,1
2,Payment,1771507669.802688,8052,23,1
1,NewOrder,1771507669.803204,35608,12,1
1,NewOrder,1771507669.803614,36582,22,1
1,NewOrder,1771507669.803618,27523,0,1
2,Payment,1771507669.803649,6872,14,1
1,NewOrder,1771507669.808179,24557,3,1
2,Payment,1771507669.808527,5987,7,1
1,NewOrder,1771507669.808818,23106,16,1
1,NewOrder,1771507669.808927,31682,18,1
2,Payment,1771507669.809829,7330,8,1
1,NewOrder,1771507669.810542,8543,14,1
5,StockLevel,1771507669.810757,1364,23,1
2,Payment,1771507669.812140,1121,23,1
1,NewOrder,1771507669.812414,26759,6,1
1,NewOrder,1771507669.813022,39120,5,1
3,OrderStatus,1771507669.813272,1358,23,1
1,NewOrder,1771507669.813386,34380,21,1
2,Payment,1771507669.814529,13483,7,1
4,Delivery,1771507669.814648,53770,23,1
1,NewOrder,1771507669.815440,35875,10,1
2,Payment,1771507669.815532,12416,17,1
2,Payment,1771507669.815614,10814,19,1
2,Payment,1771507669.817214,11175,8,1
2,Payment,1771507669.817790,13253,13,1
1,NewOrder,1771507669.819112,6365,14,1
1,NewOrder,1771507669.821444,18787,1,1
1,NewOrder,1771507669.825500,37382,14,1
2,Payment,1771507669.826449,12694,19,1
1,NewOrder,1771507669.826936,26948,15,1
2,Payment,1771507669.827975,8382,17,1
1,NewOrder,1771507669.828035,39961,7,1
2,Payment,1771507669.828406,6963,8,1
2,Payment,1771507669.831063,8069,13,1
1,NewOrder,1771507669.831159,22331,0,1
2,Payment,1771507669.831232,13317,9,1
5,StockLevel,1771507669.831939,17018,16,1
1,NewOrder,1771507669.831978,22475,11,1
2,Payment,1771507669.832085,9352,4,1
2,Payment,1771507669.832754,12081,3,1
1,NewOrder,1771507669.833493,32258,20,1
1,NewOrder,1771507669.835387,24522,8,1
5,StockLevel,1771507669.836374,14068,17,1
2,Payment,1771507669.838840,6520,12,1
2,Payment,1771507669.839152,9021,13,1
1,NewOrder,1771507669.839164,24574,19,1
2,Payment,1771507669.839191,8094,6,1
2,Payment,1771507669.840215,8057,22,1
1,NewOrder,1771507669.840247,15346,1,1
2,Payment,1771507669.840630,11691,18,1
5,StockLevel,1771507669.841459,24575,4,1
2,Payment,1771507669.844577,11398,9,1
3,OrderStatus,1771507669.844851,4019,3,1
2,Payment,1771507669.845381,6513,12,1
1,NewOrder,1771507669.845729,25740,2,1
1,NewOrder,1771507669.847305,27265,6,1
1,NewOrder,1771507669.847784,18120,21,1
2,Payment,1771507669.848193,5606,13,1
2,Payment,1771507669.848292,12013,22,1
2,Payment,1771507669.848890,5025,3,1
1,NewOrder,1771507669.848980,23134,16,1
1,NewOrder,1771507669.850458,19795,17,1
2,Payment,1771507669.851337,9274,10,1
2,Payment,1771507669.851906,5108,12,1
5,StockLevel,1771507669.852162,14049,5,1
5,StockLevel,1771507669.852335,14128,18,1
2,Payment,1771507669.853511,10925,0,1
2,Payment,1771507669.853815,5062,13,1
2,Payment,1771507669.853904,10448,15,1
2,Payment,1771507669.853929,4591,3,1
1,NewOrder,1771507669.854470,34192,11,1
2,Payment,1771507669.855609,10688,1,1
4,Delivery,1771507669.855996,62175,9,1
1,NewOrder,1771507669.857032,37287,12,1
2,Payment,1771507669.858537,9784,3,1
2,Payment,1771507669.858895,7622,13,1
1,NewOrder,1771507669.859929,29849,8,1
2,Payment,1771507669.860333,4627,22,1
1,NewOrder,1771507669.860632,29061,10,1
2,Payment,1771507669.862899,6894,14,1
2,Payment,1771507669.863751,7144,19,1
1,NewOrder,1771507669.864379,23685,15,1
2,Payment,1771507669.864455,8849,0,1
1,NewOrder,1771507669.864988,29447,22,1
2,Payment,1771507669.865774,6936,20,1
2,Payment,1771507669.865922,12497,21,1
1,NewOrder,1771507669.866055,31678,4,1
1,NewOrder,1771507669.866226,23229,5,1
2,Payment,1771507669.866310,3826,1,1
2,Payment,1771507669.866481,10336,18,1
1,NewOrder,1771507669.866534,33986,13,1
2,Payment,1771507669.868012,5888,7,1
2,Payment,1771507669.868340,6531,3,1
2,Payment,1771507669.868436,6523,23,1
2,Payment,1771507669.869808,7885,14,1
2,Payment,1771507669.870154,6102,1,1
1,NewOrder,1771507669.870272,35911,17,1
2,Payment,1771507669.870907,13108,19,1
1,NewOrder,1771507669.871488,32423,2,1
2,Payment,1771507669.872129,7000,16,1
1,NewOrder,1771507669.872732,24830,20,1
1,NewOrder,1771507669.873318,33876,0,1
1,NewOrder,1771507669.873917,36882,7,1
1,NewOrder,1771507669.874590,38047,6,1
2,Payment,1771507669.874890,6598,3,1
2,Payment,1771507669.874974,7405,23,1
2,Payment,1771507669.876272,7480,1,1
2,Payment,1771507669.876837,21472,18,1
1,NewOrder,1771507669.877706,28000,14,1
2,Payment,1771507669.878438,18648,21,1
2,Payment,1771507669.879148,4044,16,1
2,Payment,1771507669.881505,7933,3,1
2,Payment,1771507669.882399,11614,23,1
5,StockLevel,1771507669.883210,15216,16,1
1,NewOrder,1771507669.883772,27333,1,1
1,NewOrder,1771507669.884036,16049,19,1
2,Payment,1771507669.888080,8118,15,1
1,NewOrder,1771507669.888680,18179,11,1
3,OrderStatus,1771507669.889463,7986,3,1
1,NewOrder,1771507669.889475,40975,5,1
1,NewOrder,1771507669.889709,34121,10,1
2,Payment,1771507669.889792,10080,8,1
1,NewOrder,1771507669.894031,38008,23,1
2,Payment,1771507669.894332,5917,12,1
1,NewOrder,1771507669.894446,28435,22,1
2,Payment,1771507669.896216,6641,15,1
1,NewOrder,1771507669.897106,15220,21,1
2,Payment,1771507669.897462,7178,3,1
1,NewOrder,1771507669.897586,23779,20,1
2,Payment,1771507669.897749,9747,4,1
2,Payment,1771507669.898320,2171,18,1
1,NewOrder,1771507669.898450,17279,16,1
1,NewOrder,1771507669.899891,31676,8,1
2,Payment,1771507669.900095,10815,19,1
1,NewOrder,1771507669.900265,16856,12,1
1,NewOrder,1771507669.900514,12478,18,1
1,NewOrder,1771507669.900535,19800,13,1
2,Payment,1771507669.902866,7537,15,1
1,NewOrder,1771507669.903935,33669,2,1
2,Payment,1771507669.904666,6911,3,1
2,Payment,1771507669.905725,7513,14,1
2,Payment,1771507669.906201,9446,17,1
1,NewOrder,1771507669.906887,24162,11,1
2,Payment,1771507669.907221,7430,0,1
2,Payment,1771507669.907517,13292,4,1
2,Payment,1771507669.910429,7313,15,1
2,Payment,1771507669.910815,5546,7,1
1,NewOrder,1771507669.910924,16156,19,1
2,Payment,1771507669.911120,7934,1,1
1,NewOrder,1771507669.911597,32352,3,1
2,Payment,1771507669.912346,7468,21,1
2,Payment,1771507669.912655,7825,6,1
1,NewOrder,1771507669.913005,18897,18,1
1,NewOrder,1771507669.913259,18757,14,1
3,OrderStatus,1771507669.914666,7677,0,1
2,Payment,1771507669.915666,6245,17,1
2,Payment,1771507669.915744,7689,16,1
2,Payment,1771507669.916374,8326,7,1
1,NewOrder,1771507669.917139,28682,12,1
1,NewOrder,1771507669.917763,33326,15,1
1,NewOrder,1771507669.918185,18448,9,1
2,Payment,1771507669.919071,7463,1,1
4,Delivery,1771507669.919828,87558,21,1
2,Payment,1771507669.920348,7292,13,1
2,Payment,1771507669.920505,9293,6,1
1,NewOrder,1771507669.920836,37283,4,1
2,Payment,1771507669.921381,10689,20,1
1,NewOrder,1771507669.921937,24659,17,1
5,StockLevel,1771507669.922359,17466,0,1
2,Payment,1771507669.922908,18237,22,1
2,Payment,1771507669.923453,8123,16,1
2,Payment,1771507669.923863,8144,10,1
2,Payment,1771507669.924711,10130,7,1
2,Payment,1771507669.926555,9015,1,1
2,Payment,1771507669.927093,15617,19,1
1,NewOrder,1771507669.927659,36527,13,1
1,NewOrder,1771507669.929823,18626,6,1
2,Payment,1771507669.930478,9800,5,1
1,NewOrder,1771507669.931070,19619,11,1
1,NewOrder,1771507669.931589,39149,8,1
2,Payment,1771507669.931594,4011,16,1
2,Payment,1771507669.931917,7697,18,1
5,StockLevel,1771507669.932031,16882,14,1
3,OrderStatus,1771507669.932038,7389,10,1
1,NewOrder,1771507669.932057,19003,23,1
2,Payment,1771507669.932091,13338,20,1
3,OrderStatus,1771507669.934860,4023,7,1
1,NewOrder,1771507669.935591,24084,1,1
2,Payment,1771507669.935622,5200,16,1
4,Delivery,1771507669.936653,45850,9,1
1,NewOrder,1771507669.937622,35184,2,1
2,Payment,1771507669.938903,14152,7,1
2,Payment,1771507669.939449,15211,10,1
1,NewOrder,1771507669.939634,30346,18,1
1,NewOrder,1771507669.939835,35275,0,1
2,Payment,1771507669.940298,8491,5,1
1,NewOrder,1771507669.940838,18041,16,1
1,NewOrder,1771507669.941166,23752,22,1
2,Payment,1771507669.942736,8945,19,1
1,NewOrder,1771507669.943969,29247,3,1
2,Payment,1771507669.945450,4140,20,1
1,NewOrder,1771507669.945839,19139,12,1
3,OrderStatus,1771507669.946608,8329,17,1
2,Payment,1771507669.948463,8314,6,1
1,NewOrder,1771507669.948808,20312,5,1
2,Payment,1771507669.948926,10034,14,1
1,NewOrder,1771507669.949610,30353,20,1
1,NewOrder,1771507669.950707,26387,11,1
1,NewOrder,1771507669.951076,22831,23,1
2,Payment,1771507669.951105,9310,15,1
1,NewOrder,1771507669.951702,12819,19,1
2,Payment,1771507669.953075,11812,7,1
2,Payment,1771507669.954685,4163,10,1
1,NewOrder,1771507669.954956,20197,17,1
1,NewOrder,1771507669.956797,39329,6,1
1,NewOrder,1771507669.958145,34884,4,1
1,NewOrder,1771507669.958866,26263,10,1
1,NewOrder,1771507669.958915,37749,16,1
1,NewOrder,1771507669.958980,22703,14,1
1,NewOrder,1771507669.959694,36994,1,1
2,Payment,1771507669.960435,2785,15,1
2,Payment,1771507669.963237,11465,15,1
1,NewOrder,1771507669.964205,25254,13,1
2,Payment,1771507669.964535,10138,19,1
2,Payment,1771507669.964900,6135,7,1
2,Payment,1771507669.964937,11625,22,1
1,NewOrder,1771507669.964991,31652,12,1
4,Delivery,1771507669.969144,123013,5,1
5,StockLevel,1771507669.970007,16567,18,1
1,NewOrder,1771507669.970758,33485,8,1
2,Payment,1771507669.971051,8524,7,1
2,Payment,1771507669.972834,9693,2,1
1,NewOrder,1771507669.973231,15405,3,1
3,OrderStatus,1771507669.973926,5092,23,1
1,NewOrder,1771507669.974699,18303,19,1
1,NewOrder,1771507669.974730,22977,15,1
2,Payment,1771507669.975123,10318,0,1
2,Payment,1771507669.975168,4766,17,1
1,NewOrder,1771507669.976581,22121,22,1
2,Payment,1771507669.977110,6868,11,1
1,NewOrder,1771507669.979038,24728,23,1
1,NewOrder,1771507669.979598,22312,7,1
3,OrderStatus,1771507669.979948,6296,17,1
1,NewOrder,1771507669.979980,27510,20,1
2,Payment,1771507669.981699,7784,14,1
1,NewOrder,1771507669.982530,19567,9,1
1,NewOrder,1771507669.982550,28749,2,1
1,NewOrder,1771507669.983991,30402,11,1
2,Payment,1771507669.985145,7445,10,1
1,NewOrder,1771507669.985457,27382,0,1
4,Delivery,1771507669.986269,121577,17,1
2,Payment,1771507669.986596,7276,18,1
1,NewOrder,1771507669.988656,18808,3,1
2,Payment,1771507669.989473,9745,13,1
2,Payment,1771507669.989510,7740,14,1
1,NewOrder,1771507669.992616,22995,10,1
2,Payment,1771507669.993025,6594,19,1
2,Payment,1771507669.993053,8378,4,1
2,Payment,1771507669.993891,7916,18,1
1,NewOrder,1771507669.996153,35482,6,1
1,NewOrder,1771507669.996659,16200,12,1
1,NewOrder,1771507669.996690,19964,16,1
1,NewOrder,1771507669.996710,31253,1,1
4,Delivery,1771507669.997264,110760,14,1
1,NewOrder,1771507669.997738,25353,15,1
2,Payment,1771507669.998725,8682,22,1
2,Payment,1771507669.999231,4147,13,1
2,Payment,1771507669.999639,9488,19,1
2,Payment,1771507670.001448,5880,4,1
2,Payment,1771507670.001829,9191,18,1
2,Payment,1771507670.001928,4907,7,1
2,Payment,1771507670.002115,8315,9,1
2,Payment,1771507670.003398,8962,13,1
1,NewOrder,1771507670.003785,34465,23,1
2,Payment,1771507670.004261,9032,8,1
2,Payment,1771507670.006857,8241,7,1
2,Payment,1771507670.007345,8237,4,1
2,Payment,1771507670.007415,12687,21,1
2,Payment,1771507670.007428,8213,22,1
1,NewOrder,1771507670.007488,27485,3,1
4,Delivery,1771507670.007511,73970,20,1
1,NewOrder,1771507670.009148,23844,19,1
2,Payment,1771507670.010449,13075,9,1
2,Payment,1771507670.011037,7032,18,1
5,StockLevel,1771507670.011315,14094,2,1
2,Payment,1771507670.012379,9943,13,1
1,NewOrder,1771507670.012860,21710,0,1
2,Payment,1771507670.012879,11231,12,1
4,Delivery,1771507670.013306,61844,8,1
1,NewOrder,1771507670.014415,22747,11,1
2,Payment,1771507670.015118,10659,7,1
2,Payment,1771507670.015598,9717,4,1
2,Payment,1771507670.015627,12197,10,1
3,OrderStatus,1771507670.015656,6425,22,1
1,NewOrder,1771507670.016674,16315,16,1
2,Payment,1771507670.018091,3864,18,1
1,NewOrder,1771507670.020123,14884,21,1
2,Payment,1771507670.021975,5480,18,1
2,Payment,1771507670.022101,9331,22,1
1,NewOrder,1771507670.022339,29067,13,1
1,NewOrder,1771507670.023108,32435,15,1
2,Payment,1771507670.023547,7390,9,1
2,Payment,1771507670.024131,1725,12,1
2,Payment,1771507670.025360,12851,4,1
1,NewOrder,1771507670.025430,24440,2,1
1,NewOrder,1771507670.025790,15607,7,1
1,NewOrder,1771507670.025871,27105,12,1
2,Payment,1771507670.027470,8090,18,1
2,Payment,1771507670.027849,4787,10,1
1,NewOrder,1771507670.027998,28356,1,1
1,NewOrder,1771507670.030957,23109,9,1
2,Payment,1771507670.031450,7077,22,1
4,Delivery,1771507670.031654,44075,6,1
2,Payment,1771507670.032656,3653,10,1
4,Delivery,1771507670.033007,49202,19,1
3,OrderStatus,1771507670.033016,6942,16,1
1,NewOrder,1771507670.034585,28621,0,1
1,NewOrder,1771507670.035017,16961,3,1
1,NewOrder,1771507670.035027,28791,21,1
2,Payment,1771507670.035580,6701,18,1
2,Payment,1771507670.036326,6777,10,1
1,NewOrder,1771507670.037202,22261,11,1
5,StockLevel,1771507670.038234,12421,4,1
3,OrderStatus,1771507670.038268,6178,23,1
2,Payment,1771507670.038544,9192,22,1
2,Payment,1771507670.039975,12979,16,1
1,NewOrder,1771507670.041413,14158,7,1
1,NewOrder,1771507670.042297,18856,18,1
1,NewOrder,1771507670.043119,28145,10,1
2,Payment,1771507670.044462,10228,23,1
2,Payment,1771507670.047762,4674,22,1
1,NewOrder,1771507670.049889,16781,2,1
3,OrderStatus,1771507670.050669,6309,4,1
1,NewOrder,1771507670.051424,14817,13,1
2,Payment,1771507670.052000,7856,3,1
1,NewOrder,1771507670.052448,42032,22,1
1,NewOrder,1771507670.052979,23185,16,1
2,Payment,1771507670.053002,6922,12,1
2,Payment,1771507670.054079,9716,9,1
1,NewOrder,1771507670.054708,24711,23,1
2,Payment,1771507670.055555,8027,15,1
1,NewOrder,1771507670.055586,14016,7,1
4,Delivery,1771507670.056367,36181,1,1
5,StockLevel,1771507670.057004,15787,4,1
1,NewOrder,1771507670.059490,19103,11,1
5,StockLevel,1771507670.059873,15363,3,1
2,Payment,1771507670.059937,6633,12,1
2,Payment,1771507670.061200,5469,18,1
3,OrderStatus,1771507670.063219,3867,0,1
2,Payment,1771507670.063602,4671,15,1
1,NewOrder,1771507670.063820,32362,9,1
3,OrderStatus,1771507670.063844,4607,21,1
1,NewOrder,1771507670.066260,29447,13,1
5,StockLevel,1771507670.066580,14368,12,1
2,Payment,1771507670.066686,8381,2,1
1,NewOrder,1771507670.066694,36661,18,1
1,NewOrder,1771507670.067095,34389,0,1
5,StockLevel,1771507670.068290,13900,15,1
2,Payment,1771507670.068462,6317,21,1
1,NewOrder,1771507670.069629,38022,7,1
3,OrderStatus,1771507670.071289,7605,10,1
1,NewOrder,1771507670.072812,28003,4,1
1,NewOrder,1771507670.074803,57018,21,1
1,NewOrder,1771507670.075093,57436,2,1
1,NewOrder,1771507670.075167,34297,8,1
1,NewOrder,1771507670.075254,25173,3,1
2,Payment,1771507670.075751,1273,6,1
5,StockLevel,1771507670.076188,10525,16,1
2,Payment,1771507670.077041,1814,6,1
2,Payment,1771507670.078617,7370,11,1
1,NewOrder,1771507670.078870,3696,6,1
3,OrderStatus,1771507670.078916,14820,10,1
1,NewOrder,1771507670.079443,36679,23,1
1,NewOrder,1771507670.080963,37293,12,1
1,NewOrder,1771507670.081505,36649,20,1
1,NewOrder,1771507670.082203,36797,15,1
2,Payment,1771507670.082231,1404,19,1
4,Delivery,1771507670.082578,3921,6,1
2,Payment,1771507670.083653,1266,19,1
1,NewOrder,1771507670.084934,5900,19,1
2,Payment,1771507670.086013,8170,11,1
4,Delivery,1771507670.086523,8071,6,1
1,NewOrder,1771507670.086732,20256,16,1
1,NewOrder,1771507670.090851,26548,19,1
2,Payment,1771507670.092174,9281,5,1
2,Payment,1771507670.092563,1873,1,1
2,Payment,1771507670.093763,11804,10,1
1,NewOrder,1771507670.094196,20678,11,1
1,NewOrder,1771507670.094454,4997,1,1
5,StockLevel,1771507670.094505,17837,22,1
2,Payment,1771507670.094619,8610,6,1
2,Payment,1771507670.095724,9477,13,1
1,NewOrder,1771507670.096221,33609,9,1
2,Payment,1771507670.099474,3920,1,1
2,Payment,1771507670.100441,10966,3,1
1,NewOrder,1771507670.100840,40936,4,1
5,StockLevel,1771507670.101473,28160,5,1
1,NewOrder,1771507670.101509,32149,0,1
1,NewOrder,1771507670.103246,44751,6,1
2,Payment,1771507670.103381,24939,18,1
1,NewOrder,1771507670.103404,4039,1,1
2,Payment,1771507670.105219,9224,13,1
1,NewOrder,1771507670.105593,42372,10,1
2,Payment,1771507670.107002,10506,16,1
1,NewOrder,1771507670.107453,11292,1,1
2,Payment,1771507670.107676,12762,7,1
5,StockLevel,1771507670.107871,8551,17,1
1,NewOrder,1771507670.108046,4271,14,1
2,Payment,1771507670.109489,15504,8,1
2,Payment,1771507670.111432,6148,3,1
1,NewOrder,1771507670.112334,2409,14,1
1,NewOrder,1771507670.112367,30531,22,1
2,Payment,1771507670.114469,5025,13,1
1,NewOrder,1771507670.114756,2715,14,1
2,Payment,1771507670.114901,11711,11,1
2,Payment,1771507670.116147,14094,23,1
1,NewOrder,1771507670.116446,42169,17,1
2,Payment,1771507670.117427,17465,19,1
1,NewOrder,1771507670.117485,4410,14,1
1,NewOrder,1771507670.117534,23446,16,1
1,NewOrder,1771507670.117602,18168,3,1
2,Payment,1771507670.118166,15123,20,1
2,Payment,1771507670.118281,3389,12,1
1,NewOrder,1771507670.118753,29374,1,1
1,NewOrder,1771507670.119010,28125,15,1
1,NewOrder,1771507670.119511,22207,13,1
5,StockLevel,1771507670.120460,17685,7,1
1,NewOrder,1771507670.121693,24214,12,1
1,NewOrder,1771507670.121908,3261,14,1
2,Payment,1771507670.125019,8700,8,1
1,NewOrder,1771507670.125201,4100,14,1
2,Payment,1771507670.126635,8558,11,1
1,NewOrder,1771507670.128347,30906,18,1
1,NewOrder,1771507670.129314,25572,14,1
1,NewOrder,1771507670.129643,34776,5,1
2,Payment,1771507670.129845,10043,9,1
1,NewOrder,1771507670.130265,26428,23,1
1,NewOrder,1771507670.131832,25621,21,1
1,NewOrder,1771507670.132554,18754,2,1
2,Payment,1771507670.133314,3482,20,1
1,NewOrder,1771507670.133684,18453,0,1
2,Payment,1771507670.133733,13885,8,1
1,NewOrder,1771507670.134906,16898,19,1
2,Payment,1771507670.135218,15097,11,1
2,Payment,1771507670.135786,9818,3,1
5,StockLevel,1771507670.136819,16712,20,1
2,Payment,1771507670.138171,14779,7,1
2,Payment,1771507670.139917,15356,9,1
1,NewOrder,1771507670.141002,29488,16,1
2,Payment,1771507670.141748,8198,13,1
1,NewOrder,1771507670.141799,25295,4,1
1,NewOrder,1771507670.142911,27726,22,1
1,NewOrder,1771507670.145629,15191,3,1
2,Payment,1771507670.145932,6438,12,1
2,Payment,1771507670.147160,8087,15,1
2,Payment,1771507670.147643,9459,8,1
2,Payment,1771507670.147976,11976,10,1
1,NewOrder,1771507670.148020,34602,6,1
1,NewOrder,1771507670.148151,35584,1,1
2,Payment,1771507670.149965,7167,13,1
3,OrderStatus,1771507670.150341,1219,11,1
4,Delivery,1771507670.151321,40479,2,1
4,Delivery,1771507670.151576,60703,11,1
1,NewOrder,1771507670.151820,25799,19,1
2,Payment,1771507670.152161,7743,0,1
1,NewOrder,1771507670.152382,19811,12,1
1,NewOrder,1771507670.152969,25569,7,1
2,Payment,1771507670.153542,9604,20,1
1,NewOrder,1771507670.154908,29296,14,1
1,NewOrder,1771507670.155268,21545,15,1
2,Payment,1771507670.155286,8283,9,1
2,Payment,1771507670.156712,9330,23,1
1,NewOrder,1771507670.157113,25537,8,1
2,Payment,1771507670.157149,11552,13,1
1,NewOrder,1771507670.157472,35278,21,1
1,NewOrder,1771507670.158634,34452,17,1
2,Payment,1771507670.159265,14456,18,1
2,Payment,1771507670.159918,8345,0,1
1,NewOrder,1771507670.159971,22704,10,1
5,StockLevel,1771507670.160840,13601,3,1
2,Payment,1771507670.163166,8632,20,1
1,NewOrder,1771507670.163578,23908,9,1
2,Payment,1771507670.164435,10204,5,1
1,NewOrder,1771507670.166067,36260,23,1
2,Payment,1771507670.167110,10554,4,1
1,NewOrder,1771507670.168284,28918,0,1
2,Payment,1771507670.168718,6610,13,1
2,Payment,1771507670.170509,8518,16,1
1,NewOrder,1771507670.170655,21168,22,1
2,Payment,1771507670.171809,10041,20,1
2,Payment,1771507670.172211,12669,12,1
2,Payment,1771507670.173740,10436,18,1
3,OrderStatus,1771507670.174453,13945,3,1
2,Payment,1771507670.174655,9059,5,1
2,Payment,1771507670.175351,10901,13,1
1,NewOrder,1771507670.176839,16841,15,1
1,NewOrder,1771507670.177636,37194,19,1
5,StockLevel,1771507670.177687,15542,4,1
1,NewOrder,1771507670.178567,25660,7,1
1,NewOrder,1771507670.179044,23624,16,1
5,StockLevel,1771507670.181867,14014,20,1
2,Payment,1771507670.182635,7349,6,1
1,NewOrder,1771507670.182671,34064,8,1
1,NewOrder,1771507670.182692,28335,10,1
3,OrderStatus,1771507670.183726,7370,5,1
2,Payment,1771507670.183765,7543,1,1
1,NewOrder,1771507670.184196,3809,18,1
4,Delivery,1771507670.184221,82670,14,1
1,NewOrder,1771507670.184917,27691,12,1
1,NewOrder,1771507670.186263,23946,13,1
2,Payment,1771507670.187502,6920,9,1
1,NewOrder,1771507670.188023,35030,18,1
1,NewOrder,1771507670.188412,16806,3,1
2,Payment,1771507670.190002,6058,6,1
2,Payment,1771507670.191113,10003,5,1
2,Payment,1771507670.191337,11721,1,1
1,NewOrder,1771507670.191816,39206,2,1
2,Payment,1771507670.191834,6231,22,1
2,Payment,1771507670.192775,7801,21,1
2,Payment,1771507670.193101,5449,17,1
2,Payment,1771507670.193254,11319,4,1
1,NewOrder,1771507670.193692,28031,15,1
2,Payment,1771507670.194446,13917,9,1
2,Payment,1771507670.195896,10282,20,1
2,Payment,1771507670.196075,14155,6,1
1,NewOrder,1771507670.197220,23773,0,1
1,NewOrder,1771507670.198077,25551,22,1
4,Delivery,1771507670.198569,68542,17,1
2,Payment,1771507670.200594,9256,21,1
2,Payment,1771507670.201130,11134,5,1
1,NewOrder,1771507670.202345,35499,23,1
1,NewOrder,1771507670.202686,27300,16,1
1,NewOrder,1771507670.203076,16161,1,1
1,NewOrder,1771507670.204240,38134,7,1
5,StockLevel,1771507670.204587,13938,4,1
1,NewOrder,1771507670.205240,33053,3,1
1,NewOrder,1771507670.206202,15161,20,1
3,OrderStatus,1771507670.208378,6711,9,1
2,Payment,1771507670.209862,13692,21,1
2,Payment,1771507670.210231,5386,13,1
2,Payment,1771507670.210248,3110,6,1
1,NewOrder,1771507670.211048,40852,10,1
2,Payment,1771507670.212282,11314,5,1
2,Payment,1771507670.212297,6565,11,1
2,Payment,1771507670.212622,6661,12,1
1,NewOrder,1771507670.213375,17667,6,1
1,NewOrder,1771507670.214849,24042,19,1
1,NewOrder,1771507670.215100,44427,9,1
2,Payment,1771507670.215629,6487,13,1
3,OrderStatus,1771507670.216752,9555,8,1
5,StockLevel,1771507670.218541,12592,4,1
1,NewOrder,1771507670.218869,42926,11,1
2,Payment,1771507670.219242,11099,1,1
2,Payment,1771507670.219298,8086,12,1
2,Payment,1771507670.221016,11150,0,1
2,Payment,1771507670.221383,10482,20,1
1,NewOrder,1771507670.221738,33543,15,1
5,StockLevel,1771507670.222135,20471,13,1
5,StockLevel,1771507670.223067,17830,18,1
2,Payment,1771507670.223561,6940,21,1
2,Payment,1771507670.223609,14686,5,1
2,Payment,1771507670.223639,14608,22,1
4,Delivery,1771507670.226326,64029,8,1
5,StockLevel,1771507670.227404,12719,12,1
1,NewOrder,1771507670.230000,35839,16,1
4,Delivery,1771507670.230351,49548,1,1
1,NewOrder,1771507670.230525,25184,21,1
2,Payment,1771507670.231047,12435,2,1
2,Payment,1771507670.231059,11794,6,1
1,NewOrder,1771507670.231151,30332,4,1
1,NewOrder,1771507670.231881,50050,20,1
2,Payment,1771507670.232186,13760,0,1
1,NewOrder,1771507670.237867,17377,23,1
2,Payment,1771507670.238263,4629,22,1
2,Payment,1771507670.238306,10666,3,1
2,Payment,1771507670.238318,13477,5,1
1,NewOrder,1771507670.238916,11542,19,1
1,NewOrder,1771507670.240141,33554,12,1
2,Payment,1771507670.240915,10157,18,1
4,Delivery,1771507670.242390,48291,7,1
4,Delivery,1771507670.242624,24927,13,1
2,Payment,1771507670.242870,11035,6,1
5,StockLevel,1771507670.242910,20910,22,1
2,Payment,1771507670.243505,14735,2,1
4,Delivery,1771507670.245965,29086,0,1
1,NewOrder,1771507670.248984,43867,3,1
1,NewOrder,1771507670.250467,21968,19,1
2,Payment,1771507670.251094,10832,18,1
1,NewOrder,1771507670.251817,27699,5,1
1,NewOrder,1771507670.251922,35379,10,1
2,Payment,1771507670.253923,8290,6,1
2,Payment,1771507670.255259,8699,23,1
1,NewOrder,1771507670.255307,34151,15,1
1,NewOrder,1771507670.255729,31620,21,1
2,Payment,1771507670.258266,8048,2,1
2,Payment,1771507670.259540,7290,9,1
1,NewOrder,1771507670.261507,23198,4,1
2,Payment,1771507670.261810,7662,11,1
1,NewOrder,1771507670.261951,21106,18,1
2,Payment,1771507670.262224,13978,6,1
1,NewOrder,1771507670.263830,26448,22,1
2,Payment,1771507670.263967,8750,23,1
1,NewOrder,1771507670.265864,28388,16,1
4,Delivery,1771507670.266340,8904,2,1
1,NewOrder,1771507670.266848,34700,9,1
4,Delivery,1771507670.266916,58125,14,1
3,OrderStatus,1771507670.267125,1059,17,1
1,NewOrder,1771507670.267573,6929,13,1
1,NewOrder,1771507670.268199,3347,17,1
2,Payment,1771507670.269486,5139,11,1
1,NewOrder,1771507670.271560,3246,17,1
5,StockLevel,1771507670.272451,17401,19,1
2,Payment,1771507670.272727,12477,23,1
2,Payment,1771507670.273707,13190,12,1
1,NewOrder,1771507670.274519,41195,13,1
1,NewOrder,1771507670.274650,23169,11,1
2,Payment,1771507670.274832,1754,17,1
1,NewOrder,1771507670.275073,6230,0,1
1,NewOrder,1771507670.275265,25808,2,1
1,NewOrder,1771507670.276224,12822,6,1
1,NewOrder,1771507670.276601,4179,17,1
2,Payment,1771507670.279532,8300,5,1
1,NewOrder,1771507670.279914,23469,1,1
1,NewOrder,1771507670.280798,14251,17,1
2,Payment,1771507670.281328,8574,0,1
1,NewOrder,1771507670.281948,40424,20,1
2,Payment,1771507670.283081,8817,18,1
1,NewOrder,1771507670.284730,28320,4,1
1,NewOrder,1771507670.285230,34088,23,1
2,Payment,1771507670.286923,8096,12,1
1,NewOrder,1771507670.287326,25700,10,1
1,NewOrder,1771507670.287375,20916,21,1
1,NewOrder,1771507670.287857,31871,5,1
2,Payment,1771507670.289060,9889,6,1
1,NewOrder,1771507670.289482,36741,15,1
2,Payment,1771507670.289876,10430,19,1
2,Payment,1771507670.289926,6135,0,1
1,NewOrder,1771507670.290305,38762,22,1
2,Payment,1771507670.290371,11216,8,1
1,NewOrder,1771507670.290698,3977,7,1
1,NewOrder,1771507670.291923,20562,18,1
2,Payment,1771507670.292867,8533,3,1
1,NewOrder,1771507670.294267,22892,16,1
1,NewOrder,1771507670.294691,3640,7,1
2,Payment,1771507670.295033,8213,12,1
1,NewOrder,1771507670.295073,28361,17,1
2,Payment,1771507670.296087,11983,0,1
1,NewOrder,1771507670.297836,41788,11,1
2,Payment,1771507670.298347,5018,7,1
2,Payment,1771507670.298967,8540,6,1
2,Payment,1771507670.300332,7266,19,1
1,NewOrder,1771507670.301085,23496,2,1
2,Payment,1771507670.301411,13024,3,1
2,Payment,1771507670.301562,7936,9,1
1,NewOrder,1771507670.301604,34174,8,1
1,NewOrder,1771507670.303259,40693,12,1
1,NewOrder,1771507670.303392,4033,7,1
1,NewOrder,1771507670.303397,33933,1,1
4,Delivery,1771507670.307440,4943,7,1
1,NewOrder,1771507670.307526,25996,6,1
3,OrderStatus,1771507670.307624,6613,19,1
1,NewOrder,1771507670.308096,35028,0,1
3,OrderStatus,1771507670.308313,5880,21,1
2,Payment,1771507670.309522,8406,9,1
2,Payment,1771507670.312400,7597,7,1
1,NewOrder,1771507670.312509,22878,18,1
1,NewOrder,1771507670.313049,25145,10,1
5,StockLevel,1771507670.313075,14688,4,1
3,OrderStatus,1771507670.314212,11280,21,1
1,NewOrder,1771507670.314264,18706,19,1
2,Payment,1771507670.314446,6175,3,1
2,Payment,1771507670.315738,10607,13,1
1,NewOrder,1771507670.317221,23878,16,1
1,NewOrder,1771507670.317945,25498,9,1
5,StockLevel,1771507670.319342,16410,23,1
1,NewOrder,1771507670.319752,28938,5,1
1,NewOrder,1771507670.320015,23441,7,1
1,NewOrder,1771507670.320646,16560,3,1
2,Payment,1771507670.322397,8471,20,1
1,NewOrder,1771507670.323450,17111,17,1
1,NewOrder,1771507670.324598,38978,2,1
2,Payment,1771507670.325054,9340,14,1
1,NewOrder,1771507670.325517,17909,21,1
2,Payment,1771507670.326238,10770,15,1
1,NewOrder,1771507670.326358,21285,13,1
2,Payment,1771507670.327782,9451,4,1
5,StockLevel,1771507670.329080,13222,22,1
1,NewOrder,1771507670.330892,36418,20,1
2,Payment,1771507670.332995,7556,19,1
1,NewOrder,1771507670.333547,20305,6,1
1,NewOrder,1771507670.334407,25510,14,1
2,Payment,1771507670.335409,8510,18,1
4,Delivery,1771507670.335778,77178,23,1
1,NewOrder,1771507670.335804,50959,8,1
1,NewOrder,1771507670.337022,15442,15,1
2,Payment,1771507670.337241,9106,3,1
1,NewOrder,1771507670.337247,45338,4,1
1,NewOrder,1771507670.337354,33173,1,1
2,Payment,1771507670.338215,8800,10,1
1,NewOrder,1771507670.339638,27645,11,1
2,Payment,1771507670.340573,8934,19,1
2,Payment,1771507670.340580,10001,17,1
1,NewOrder,1771507670.341116,36680,16,1
2,Payment,1771507670.342325,10492,22,1
1,NewOrder,1771507670.343138,28443,0,1
2,Payment,1771507670.343452,7653,21,1
1,NewOrder,1771507670.343458,41232,9,1
1,NewOrder,1771507670.343474,4474,7,1
1,NewOrder,1771507670.343932,40397,18,1
1,NewOrder,1771507670.343964,26802,12,1
1,NewOrder,1771507670.346371,32969,3,1
2,Payment,1771507670.347028,8355,10,1
2,Payment,1771507670.347658,6429,13,1
1,NewOrder,1771507670.347960,35116,7,1
2,Payment,1771507670.348706,9785,5,1
2,Payment,1771507670.349518,9238,19,1
2,Payment,1771507670.350607,9711,17,1
1,NewOrder,1771507670.351138,37431,21,1
2,Payment,1771507670.352480,10754,15,1
2,Payment,1771507670.352833,7868,22,1
2,Payment,1771507670.353865,13300,6,1
1,NewOrder,1771507670.354112,2935,13,1
2,Payment,1771507670.355404,15357,10,1
2,Payment,1771507670.357063,4330,13,1
1,NewOrder,1771507670.358517,35174,5,1
2,Payment,1771507670.358769,17265,19,1
5,StockLevel,1771507670.359928,27193,14,1
3,OrderStatus,1771507670.360334,5460,17,1
5,StockLevel,1771507670.360719,24130,22,1
2,Payment,1771507670.361410,3392,13,1
1,NewOrder,1771507670.363250,7488,15,1
1,NewOrder,1771507670.363601,46162,2,1
2,Payment,1771507670.364816,2483,13,1
1,NewOrder,1771507670.366033,26729,17,1
5,StockLevel,1771507670.367192,25811,6,1
1,NewOrder,1771507670.367308,20804,11,1
2,Payment,1771507670.367319,3398,13,1
2,Payment,1771507670.367322,11942,20,1
2,Payment,1771507670.370777,7053,1,1
1,NewOrder,1771507670.370779,5283,15,1
2,Payment,1771507670.370779,5235,13,1
2,Payment,1771507670.370792,8837,12,1
3,OrderStatus,1771507670.370805,12181,10,1
2,Payment,1771507670.371605,8719,0,1
1,NewOrder,1771507670.376032,19977,13,1
1,NewOrder,1771507670.376050,26244,19,1
4,Delivery,1771507670.376087,32086,15,1
2,Payment,1771507670.377809,8345,16,1
1,NewOrder,1771507670.377842,13664,1,1
2,Payment,1771507670.379291,1400,20,1
2,Payment,1771507670.379364,5632,3,1
1,NewOrder,1771507670.379641,18280,12,1
1,NewOrder,1771507670.380346,17145,0,1
4,Delivery,1771507670.380709,33052,20,1
2,Payment,1771507670.382600,11454,4,1
2,Payment,1771507670.383009,9202,10,1
1,NewOrder,1771507670.383097,12670,7,1
2,Payment,1771507670.384337,8748,18,1
2,Payment,1771507670.384709,8406,9,1
4,Delivery,1771507670.384874,28865,22,1
1,NewOrder,1771507670.385006,20042,3,1
2,Payment,1771507670.386175,5300,16,1
1,NewOrder,1771507670.386783,19891,8,1
2,Payment,1771507670.387144,6938,14,1
2,Payment,1771507670.388136,6652,11,1
1,NewOrder,1771507670.388584,28587,21,1
1,NewOrder,1771507670.391492,34922,16,1
1,NewOrder,1771507670.391525,18987,1,1
1,NewOrder,1771507670.392227,26149,10,1
2,Payment,1771507670.392786,5213,17,1
2,Payment,1771507670.393015,9702,6,1
1,NewOrder,1771507670.393097,18393,18,1
2,Payment,1771507670.393129,7629,9,1
2,Payment,1771507670.393704,7617,5,1
2,Payment,1771507670.394071,5654,4,1
1,NewOrder,1771507670.394093,25214,14,1
2,Payment,1771507670.394804,11965,11,1
2,Payment,1771507670.395781,12423,7,1
2,Payment,1771507670.396021,3366,13,1
2,Payment,1771507670.397517,12128,0,1
1,NewOrder,1771507670.397934,33822,12,1
1,NewOrder,1771507670.398023,38266,17,1
1,NewOrder,1771507670.399405,6920,13,1
2,Payment,1771507670.399739,8071,4,1
1,NewOrder,1771507670.400772,28548,9,1
4,Delivery,1771507670.401345,86417,5,1
1,NewOrder,1771507670.402306,37111,19,1
1,NewOrder,1771507670.402741,45437,6,1
2,Payment,1771507670.405064,13728,3,1
3,OrderStatus,1771507670.406341,10746,13,1
1,NewOrder,1771507670.406694,39912,8,1
1,NewOrder,1771507670.406784,15713,11,1
1,NewOrder,1771507670.407824,38686,4,1
1,NewOrder,1771507670.408181,3715,15,1
1,NewOrder,1771507670.408218,20233,7,1
1,NewOrder,1771507670.409657,30171,0,1
1,NewOrder,1771507670.409771,35129,2,1
2,Payment,1771507670.410524,10564,1,1
4,Delivery,1771507670.411503,3842,18,1
2,Payment,1771507670.411910,8490,15,1
2,Payment,1771507670.412972,8552,23,1
2,Payment,1771507670.413759,9765,22,1
2,Payment,1771507670.413773,8479,20,1
1,NewOrder,1771507670.415353,36413,18,1
2,Payment,1771507670.417105,5583,13,1
2,Payment,1771507670.417208,9938,21,1
1,NewOrder,1771507670.418386,35178,10,1
1,NewOrder,1771507670.418804,33427,3,1
2,Payment,1771507670.419323,10763,14,1
2,Payment,1771507670.420414,24518,15,1
5,StockLevel,1771507670.421108,15117,1,1
1,NewOrder,1771507670.421550,20269,23,1
1,NewOrder,1771507670.422268,4545,20,1
2,Payment,1771507670.422522,9350,11,1
1,NewOrder,1771507670.422707,49587,13,1
2,Payment,1771507670.423538,5140,22,1
1,NewOrder,1771507670.426439,15733,16,1
1,NewOrder,1771507670.426829,5692,20,1
1,NewOrder,1771507670.427171,44231,21,1
2,Payment,1771507670.428476,7653,7,1
1,NewOrder,1771507670.428704,6289,22,1
2,Payment,1771507670.429334,15215,9,1
1,NewOrder,1771507670.430098,33951,14,1
2,Payment,1771507670.431781,15094,12,1
3,OrderStatus,1771507670.431897,7774,11,1
2,Payment,1771507670.432535,2071,20,1
1,NewOrder,1771507670.434618,2522,20,1
2,Payment,1771507670.435008,7031,22,1
5,StockLevel,1771507670.436143,4655,7,1
2,Payment,1771507670.436249,4600,1,1
1,NewOrder,1771507670.436312,26856,17,1
1,NewOrder,1771507670.437150,4906,20,1
1,NewOrder,1771507670.439442,32604,19,1
2,Payment,1771507670.439691,7227,11,1
2,Payment,1771507670.439838,4036,0,1
1,NewOrder,1771507670.440811,32435,7,1
2,Payment,1771507670.440875,8215,1,1
1,NewOrder,1771507670.441845,40970,23,1
2,Payment,1771507670.442065,1196,22,1
2,Payment,1771507670.442073,2802,20,1
1,NewOrder,1771507670.442197,17950,16,1
2,Payment,1771507670.443274,3155,22,1
1,NewOrder,1771507670.443898,18859,0,1
2,Payment,1771507670.444576,8203,9,1
2,Payment,1771507670.444886,3084,20,1
2,Payment,1771507670.444922,9986,2,1
4,Delivery,1771507670.444944,63373,15,1
2,Payment,1771507670.446447,6908,22,1
1,NewOrder,1771507670.446528,37931,4,1
2,Payment,1771507670.446631,9392,8,1
2,Payment,1771507670.446891,1614,12,1
1,NewOrder,1771507670.446936,13529,11,1
2,Payment,1771507670.447985,7302,20,1
3,OrderStatus,1771507670.448192,8112,6,1
1,NewOrder,1771507670.448517,27908,12,1
1,NewOrder,1771507670.449115,37347,1,1
2,Payment,1771507670.451781,8585,18,1
1,NewOrder,1771507670.452257,34530,3,1
2,Payment,1771507670.452797,10268,9,1
1,NewOrder,1771507670.453366,31795,22,1
2,Payment,1771507670.453573,10937,10,1
2,Payment,1771507670.454924,8080,2,1
2,Payment,1771507670.455306,7792,20,1
2,Payment,1771507670.456038,10083,8,1
1,NewOrder,1771507670.456323,28778,6,1
5,StockLevel,1771507670.460172,18794,16,1
2,Payment,1771507670.460390,4449,18,1
1,NewOrder,1771507670.460491,30069,11,1
1,NewOrder,1771507670.462783,30184,0,1
2,Payment,1771507670.463034,1772,2,1
1,NewOrder,1771507670.463089,29978,9,1
2,Payment,1771507670.463123,8695,20,1
1,NewOrder,1771507670.463187,22542,17,1
2,Payment,1771507670.464061,8989,14,1
1,NewOrder,1771507670.464526,24354,10,1
2,Payment,1771507670.464823,1623,2,1
1,NewOrder,1771507670.464858,3885,18,1
1,NewOrder,1771507670.466147,23449,8,1
1,NewOrder,1771507670.466463,4010,2,1
3,OrderStatus,1771507670.468760,1374,18,1
2,Payment,1771507670.470151,3130,18,1
1,NewOrder,1771507670.470488,5038,2,1
2,Payment,1771507670.471427,22190,21,1
2,Payment,1771507670.471829,3131,20,1
1,NewOrder,1771507670.472069,31757,19,1
1,NewOrder,1771507670.472306,35964,13,1
1,NewOrder,1771507670.473066,35611,14,1
2,Payment,1771507670.473258,1225,7,1
2,Payment,1771507670.473299,18607,18,1
2,Payment,1771507670.474498,1112,7,1
1,NewOrder,1771507670.474985,11882,20,1
2,Payment,1771507670.475551,9529,2,1
2,Payment,1771507670.475624,1657,7,1
1,NewOrder,1771507670.476448,22683,12,1
1,NewOrder,1771507670.477300,3458,7,1
1,NewOrder,1771507670.478998,15796,16,1
2,Payment,1771507670.480773,1634,7,1
1,NewOrder,1771507670.482420,15832,7,1
2,Payment,1771507670.482840,15002,23,1
1,NewOrder,1771507670.484479,31820,4,1
1,NewOrder,1771507670.485108,58902,2,1
1,NewOrder,1771507670.485112,28279,6,1
1,NewOrder,1771507670.485203,33971,22,1
2,Payment,1771507670.485744,4224,17,1
1,NewOrder,1771507670.486482,22092,1,1
1,NewOrder,1771507670.486813,28100,3,1
2,Payment,1771507670.486882,11990,20,1
2,Payment,1771507670.487775,10471,5,1
2,Payment,1771507670.488895,9379,10,1
1,NewOrder,1771507670.489611,34811,8,1
1,NewOrder,1771507670.489985,19887,17,1
2,Payment,1771507670.490569,9296,11,1
1,NewOrder,1771507670.491928,47391,18,1
2,Payment,1771507670.492991,10811,0,1
2,Payment,1771507670.493079,8366,9,1
2,Payment,1771507670.493630,6713,21,1
2,Payment,1771507670.494810,12894,16,1
2,Payment,1771507670.497861,7527,23,1
2,Payment,1771507670.498271,10153,5,1
2,Payment,1771507670.498279,13568,7,1
1,NewOrder,1771507670.498286,38385,10,1
2,Payment,1771507670.498889,2871,20,1
1,NewOrder,1771507670.499145,36320,12,1
1,NewOrder,1771507670.499878,35119,11,1
2,Payment,1771507670.500361,2962,21,1
2,Payment,1771507670.501456,12269,9,1
2,Payment,1771507670.501775,6160,20,1
2,Payment,1771507670.503335,8996,21,1
2,Payment,1771507670.503828,7777,0,1
1,NewOrder,1771507670.503845,41075,19,1
5,StockLevel,1771507670.505399,4697,23,1
1,NewOrder,1771507670.507719,30551,16,1
2,Payment,1771507670.507952,1367,20,1
1,NewOrder,1771507670.508283,33015,13,1
2,Payment,1771507670.508329,7943,15,1
1,NewOrder,1771507670.508449,22440,5,1
2,Payment,1771507670.508585,8119,1,1
1,NewOrder,1771507670.508701,23365,14,1
2,Payment,1771507670.509334,1508,20,1
1,NewOrder,1771507670.509888,34532,17,1
2,Payment,1771507670.510114,6818,23,1
2,Payment,1771507670.510854,3317,20,1
2,Payment,1771507670.511622,7022,0,1
5,StockLevel,1771507670.511873,1264,7,1
2,Payment,1771507670.512345,5585,21,1
2,Payment,1771507670.513151,12527,7,1
3,OrderStatus,1771507670.513406,8310,6,1
2,Payment,1771507670.513742,13930,9,1
1,NewOrder,1771507670.514183,44521,20,1
1,NewOrder,1771507670.514938,30403,3,1
2,Payment,1771507670.516286,7615,15,1
2,Payment,1771507670.516314,3659,4,1
1,NewOrder,1771507670.516719,31546,1,1
1,NewOrder,1771507670.516945,34424,23,1
1,NewOrder,1771507670.517944,3840,21,1
2,Payment,1771507670.518657,18919,0,1
2,Payment,1771507670.519185,5574,22,1
1,NewOrder,1771507670.519989,4493,4,1
1,NewOrder,1771507670.521729,65199,6,1
1,NewOrder,1771507670.521806,6960,21,1
2,Payment,1771507670.523917,8776,15,1
2,Payment,1771507670.524448,4502,8,1
2,Payment,1771507670.524497,16857,4,1
2,Payment,1771507670.524783,1424,22,1
1,NewOrder,1771507670.525692,26252,7,1
1,NewOrder,1771507670.526223,6439,22,1
1,NewOrder,1771507670.527690,9730,9,1
2,Payment,1771507670.528783,4437,21,1
3,OrderStatus,1771507670.528975,1060,8,1
2,Payment,1771507670.530051,1117,8,1
5,StockLevel,1771507670.530915,21171,5,1
2,Payment,1771507670.531181,1455,8,1
4,Delivery,1771507670.532080,64323,14,1
5,StockLevel,1771507670.532649,31985,8,1
1,NewOrder,1771507670.532678,64015,22,1
2,Payment,1771507670.532717,14126,15,1
2,Payment,1771507670.533232,2130,21,1
2,Payment,1771507670.535012,9437,11,1
1,NewOrder,1771507670.535385,11992,21,1
1,NewOrder,1771507670.535491,15901,12,1
1,NewOrder,1771507670.536681,58194,10,1
1,NewOrder,1771507670.537436,28982,9,1
5,StockLevel,1771507670.537587,1659,0,1
1,NewOrder,1771507670.538295,23500,16,1
1,NewOrder,1771507670.539257,5147,0,1
2,Payment,1771507670.539345,14191,18,1
2,Payment,1771507670.541323,9989,13,1
2,Payment,1771507670.541379,10483,4,1
1,NewOrder,1771507670.544035,50763,2,1
2,Payment,1771507670.544418,8467,0,1
2,Payment,1771507670.544445,9483,17,1
2,Payment,1771507670.544468,3460,11,1
2,Payment,1771507670.544942,10303,19,1
1,NewOrder,1771507670.545367,24052,3,1
4,Delivery,1771507670.546867,49990,15,1
2,Payment,1771507670.547387,9339,21,1
2,Payment,1771507670.547939,3394,11,1
2,Payment,1771507670.548282,6296,1,1
1,NewOrder,1771507670.551337,50876,13,1
1,NewOrder,1771507670.551346,36054,11,1
1,NewOrder,1771507670.551394,15521,23,1
4,Delivery,1771507670.551417,45486,12,1
2,Payment,1771507670.551877,8200,4,1
1,NewOrder,1771507670.551970,42335,7,1
1,NewOrder,1771507670.552098,48461,5,1
1,NewOrder,1771507670.552907,6679,0,1
2,Payment,1771507670.553548,12329,18,1
1,NewOrder,1771507670.553950,32741,17,1
2,Payment,1771507670.554591,4504,1,1
1,NewOrder,1771507670.555270,39970,19,1
1,NewOrder,1771507670.556739,29903,21,1
4,Delivery,1771507670.558730,79319,20,1
2,Payment,1771507670.559111,7334,1,1
5,StockLevel,1771507670.559611,27159,0,1
2,Payment,1771507670.560096,7574,4,1
2,Payment,1771507670.561808,6223,16,1
2,Payment,1771507670.564659,29955,8,1
1,NewOrder,1771507670.565893,48875,18,1
2,Payment,1771507670.566445,30175,9,1
2,Payment,1771507670.566464,20265,1,1
1,NewOrder,1771507670.566940,26293,23,1
2,Payment,1771507670.567697,22378,4,1
1,NewOrder,1771507670.568044,37745,16,1
1,NewOrder,1771507670.569436,33799,3,1
1,NewOrder,1771507670.586677,23811,21,1
2,Payment,1771507670.586714,4427,17,1
1,NewOrder,1771507670.586748,8427,1,1
1,NewOrder,1771507670.586779,52167,0,1
1,NewOrder,1771507670.586950,42032,6,1
1,NewOrder,1771507670.587420,10132,11,1
1,NewOrder,1771507670.590088,20888,4,1
1,NewOrder,1771507670.591149,14344,17,1
2,Payment,1771507670.593255,4922,23,1
2,Payment,1771507670.594332,8609,7,1
1,NewOrder,1771507670.594623,37643,8,1
4,Delivery,1771507670.594821,40251,2,1
3,OrderStatus,1771507670.594888,6793,10,1
1,NewOrder,1771507670.595189,29345,1,1
1,NewOrder,1771507670.595262,23142,19,1
1,NewOrder,1771507670.596415,37794,14,1
2,Payment,1771507670.596640,7727,9,1
1,NewOrder,1771507670.596702,22906,22,1
2,Payment,1771507670.596873,1228,15,1
2,Payment,1771507670.596922,2861,12,1
1,NewOrder,1771507670.597566,25214,11,1
2,Payment,1771507670.598114,3196,15,1
1,NewOrder,1771507670.598188,20637,23,1
1,NewOrder,1771507670.599806,15904,12,1
1,NewOrder,1771507670.600570,29449,5,1
1,NewOrder,1771507670.601325,26256,15,1
2,Payment,1771507670.601704,14630,10,1
4,Delivery,1771507670.602226,107191,13,1
1,NewOrder,1771507670.602968,30834,7,1
1,NewOrder,1771507670.603258,15600,3,1
1,NewOrder,1771507670.604380,31768,9,1
1,NewOrder,1771507670.605504,26155,17,1
2,Payment,1771507670.605804,1132,16,1
4,Delivery,1771507670.606948,102047,16,1
1,NewOrder,1771507670.610513,16249,21,1
1,NewOrder,1771507670.611001,13071,4,1
2,Payment,1771507670.614793,7610,18,1
2,Payment,1771507670.615735,5499,12,1
2,Payment,1771507670.616359,8347,10,1
1,NewOrder,1771507670.618429,28492,19,1
1,NewOrder,1771507670.618848,19543,23,1
1,NewOrder,1771507670.618884,14445,3,1
1,NewOrder,1771507670.619633,35335,22,1
2,Payment,1771507670.621248,4911,12,1
2,Payment,1771507670.622420,7212,18,1
2,Payment,1771507670.622804,5256,11,1
1,NewOrder,1771507670.624097,30323,4,1
1,NewOrder,1771507670.624549,26303,1,1
2,Payment,1771507670.624730,7560,10,1
2,Payment,1771507670.626185,5428,12,1
1,NewOrder,1771507670.626778,17675,21,1
1,NewOrder,1771507670.627598,28545,15,1
1,NewOrder,1771507670.628085,29478,11,1
4,Delivery,1771507670.628994,14192,6,1
1,NewOrder,1771507670.629657,35709,18,1
2,Payment,1771507670.630041,7352,5,1
2,Payment,1771507670.631638,6206,12,1
1,NewOrder,1771507670.631675,23190,17,1
1,NewOrder,1771507670.632286,35680,8,1
2,Payment,1771507670.632314,7246,10,1
2,Payment,1771507670.633352,10685,3,1
1,NewOrder,1771507670.633818,42202,7,1
1,NewOrder,1771507670.634223,28411,14,1
1,NewOrder,1771507670.635086,40844,2,1
1,NewOrder,1771507670.636159,33382,9,1
1,NewOrder,1771507670.637405,40208,5,1
2,Payment,1771507670.637862,14713,12,1
1,NewOrder,1771507670.638066,3213,20,1
4,Delivery,1771507670.638401,62508,23,1
2,Payment,1771507670.638957,9051,0,1
1,NewOrder,1771507670.639578,42171,10,1
2,Payment,1771507670.641293,2704,20,1
1,NewOrder,1771507670.643204,26257,6,1
2,Payment,1771507670.644010,2962,20,1
2,Payment,1771507670.644062,4037,3,1
2,Payment,1771507670.644476,8479,21,1
1,NewOrder,1771507670.646939,5351,19,1
1,NewOrder,1771507670.646997,5598,20,1
1,NewOrder,1771507670.648026,32877,0,1
1,NewOrder,1771507670.648124,3846,3,1
2,Payment,1771507670.650878,4841,1,1
2,Payment,1771507670.651986,5077,3,1
2,Payment,1771507670.652305,14049,19,1
5,StockLevel,1771507670.652595,8444,12,1
2,Payment,1771507670.652612,16005,20,1
1,NewOrder,1771507670.652981,10565,21,1
1,NewOrder,1771507670.654446,21011,4,1
2,Payment,1771507670.654887,3481,17,1
2,Payment,1771507670.654982,15674,22,1
1,NewOrder,1771507670.655745,20169,1,1
1,NewOrder,1771507670.656154,19786,15,1
1,NewOrder,1771507670.657082,6329,3,1
2,Payment,1771507670.657577,5388,11,1
1,NewOrder,1771507670.658384,11692,17,1
2,Payment,1771507670.661063,5811,12,1
2,Payment,1771507670.662659,7645,14,1
2,Payment,1771507670.662980,6370,11,1
1,NewOrder,1771507670.663427,45648,3,1
2,Payment,1771507670.663571,14012,21,1
1,NewOrder,1771507670.665389,23906,18,1
1,NewOrder,1771507670.666374,34786,19,1
2,Payment,1771507670.666900,13912,12,1
2,Payment,1771507670.667976,8072,8,1
1,NewOrder,1771507670.668642,12134,20,1
5,StockLevel,1771507670.669360,17079,11,1
2,Payment,1771507670.669473,10727,6,1
2,Payment,1771507670.669566,8596,9,1
1,NewOrder,1771507670.670101,28800,17,1
2,Payment,1771507670.670329,7687,14,1
2,Payment,1771507670.670682,5323,22,1
1,NewOrder,1771507670.675485,21306,4,1
3,OrderStatus,1771507670.675939,7084,1,1
2,Payment,1771507670.675958,11385,2,1
2,Payment,1771507670.675966,9500,15,1
1,NewOrder,1771507670.676031,30449,22,1
2,Payment,1771507670.676046,6396,7,1
2,Payment,1771507670.676073,8404,8,1
2,Payment,1771507670.677605,3528,21,1
2,Payment,1771507670.677629,6480,5,1
2,Payment,1771507670.678031,9753,14,1
2,Payment,1771507670.678171,10541,9,1
1,NewOrder,1771507670.680216,26896,6,1
5,StockLevel,1771507670.680793,14246,20,1
1,NewOrder,1771507670.680827,11211,12,1
2,Payment,1771507670.680913,8349,0,1
1,NewOrder,1771507670.681158,17810,21,1
2,Payment,1771507670.681781,10659,10,1
2,Payment,1771507670.682469,11867,7,1
2,Payment,1771507670.683049,8009,1,1
1,NewOrder,1771507670.684134,32836,5,1
2,Payment,1771507670.684495,11754,8,1
1,NewOrder,1771507670.685483,13330,15,1
1,NewOrder,1771507670.686465,17006,11,1
2,Payment,1771507670.687368,10966,2,1
4,Delivery,1771507670.687801,21595,14,1
1,NewOrder,1771507670.688730,32612,9,1
5,StockLevel,1771507670.689287,16301,0,1
2,Payment,1771507670.689321,11443,18,1
1,NewOrder,1771507670.691082,17645,1,1
2,Payment,1771507670.692063,4752,12,1
1,NewOrder,1771507670.692457,24479,10,1
2,Payment,1771507670.694361,5798,7,1
2,Payment,1771507670.695065,7271,20,1
3,OrderStatus,1771507670.696274,8311,8,1
2,Payment,1771507670.696805,4078,4,1
1,NewOrder,1771507670.696833,33371,12,1
1,NewOrder,1771507670.698348,26091,2,1
2,Payment,1771507670.698837,4948,15,1
1,NewOrder,1771507670.698926,41229,17,1
1,NewOrder,1771507670.698994,32793,21,1
1,NewOrder,1771507670.700183,36423,7,1
2,Payment,1771507670.700778,8168,18,1
2,Payment,1771507670.700898,6669,4,1
1,NewOrder,1771507670.700924,38145,23,1
5,StockLevel,1771507670.701171,16370,19,1
1,NewOrder,1771507670.702354,29462,20,1
2,Payment,1771507670.703496,23613,11,1
4,Delivery,1771507670.703798,5700,15,1
2,Payment,1771507670.704597,14412,8,1
1,NewOrder,1771507670.705613,35185,0,1
2,Payment,1771507670.706507,10487,22,1
1,NewOrder,1771507670.707128,32075,6,1
2,Payment,1771507670.707580,22598,4,1
1,NewOrder,1771507670.708746,37373,1,1
1,NewOrder,1771507670.708971,19009,18,1
1,NewOrder,1771507670.709009,2982,16,1
1,NewOrder,1771507670.709087,26690,3,1
4,Delivery,1771507670.709435,17847,14,1
2,Payment,1771507670.709459,1383,13,1
1,NewOrder,1771507670.709515,31606,15,1
2,Payment,1771507670.710857,1438,13,1
2,Payment,1771507670.712013,1749,16,1
1,NewOrder,1771507670.712308,4627,13,1
1,NewOrder,1771507670.713776,3547,16,1
2,Payment,1771507670.716947,1174,13,1
1,NewOrder,1771507670.716955,4830,10,1
1,NewOrder,1771507670.716996,31247,5,1
1,NewOrder,1771507670.717020,22277,22,1
1,NewOrder,1771507670.717350,11865,16,1
2,Payment,1771507670.717554,8854,19,1
2,Payment,1771507670.718133,1391,13,1
2,Payment,1771507670.719026,1279,8,1
1,NewOrder,1771507670.719537,7121,13,1
2,Payment,1771507670.720318,1869,8,1
5,StockLevel,1771507670.721367,19247,9,1
1,NewOrder,1771507670.721797,3105,10,1
1,NewOrder,1771507670.722200,4474,8,1
2,Payment,1771507670.724464,16253,2,1
3,OrderStatus,1771507670.724915,2162,10,1
2,Payment,1771507670.726425,13272,19,1
2,Payment,1771507670.726685,1313,13,1
2,Payment,1771507670.726687,2108,8,1
2,Payment,1771507670.727094,4253,10,1
2,Payment,1771507670.727134,7363,11,1
2,Payment,1771507670.727307,11956,14,1
3,OrderStatus,1771507670.727996,10675,18,1
2,Payment,1771507670.728019,1525,13,1
1,NewOrder,1771507670.728818,25447,8,1
2,Payment,1771507670.729229,2528,16,1
2,Payment,1771507670.729560,3279,13,1
2,Payment,1771507670.730203,5102,4,1
2,Payment,1771507670.730216,35643,12,1
1,NewOrder,1771507670.731360,57434,10,1
1,NewOrder,1771507670.731783,49116,16,1
1,NewOrder,1771507670.731798,36778,21,1
1,NewOrder,1771507670.731841,22094,20,1
2,Payment,1771507670.732853,7763,13,1
2,Payment,1771507670.734509,5127,11,1
1,NewOrder,1771507670.735321,33155,4,1
2,Payment,1771507670.735794,8124,3,1
1,NewOrder,1771507670.736632,19646,7,1
1,NewOrder,1771507670.738694,17852,18,1
1,NewOrder,1771507670.739094,16502,23,1
1,NewOrder,1771507670.739217,24015,6,1
2,Payment,1771507670.739289,9677,14,1
2,Payment,1771507670.739323,8370,22,1
1,NewOrder,1771507670.739646,16643,11,1
4,Delivery,1771507670.739723,50768,19,1
2,Payment,1771507670.740171,27034,17,1
5,StockLevel,1771507670.740629,15657,9,1
2,Payment,1771507670.740634,13609,13,1
1,NewOrder,1771507670.740727,21237,2,1
5,StockLevel,1771507670.740823,13024,0,1
2,Payment,1771507670.741147,27421,15,1
2,Payment,1771507670.743933,10293,3,1
2,Payment,1771507670.746136,13511,1,1
2,Payment,1771507670.747719,7312,22,1
2,Payment,1771507670.748269,11369,5,1
2,Payment,1771507670.748990,9217,14,1
1,NewOrder,1771507670.753873,41709,0,1
1,NewOrder,1771507670.753961,34080,20,1
2,Payment,1771507670.754239,6625,3,1
1,NewOrder,1771507670.754266,4292,13,1
2,Payment,1771507670.754291,2234,8,1
5,StockLevel,1771507670.755047,27982,22,1
2,Payment,1771507670.755621,17477,23,1
1,NewOrder,1771507670.756308,46009,9,1
2,Payment,1771507670.756308,21823,7,1
1,NewOrder,1771507670.756313,36713,11,1
2,Payment,1771507670.756542,9128,8,1
1,NewOrder,1771507670.756560,37059,18,1
1,NewOrder,1771507670.758220,32630,14,1
1,NewOrder,1771507670.758575,9024,13,1
1,NewOrder,1771507670.759660,4301,5,1
3,OrderStatus,1771507670.759673,10525,1,1
3,OrderStatus,1771507670.760877,1093,3,1
2,Payment,1771507670.761990,24617,2,1
4,Delivery,1771507670.761991,13783,3,1
2,Payment,1771507670.763243,24170,6,1
2,Payment,1771507670.763984,23708,5,1
1,NewOrder,1771507670.765688,41966,8,1
1,NewOrder,1771507670.765873,6110,12,1
1,NewOrder,1771507670.767223,8658,17,1
2,Payment,1771507670.767610,2789,13,1
1,NewOrder,1771507670.768494,19444,4,1
2,Payment,1771507670.768583,3158,15,1
1,NewOrder,1771507670.768603,18852,21,1
2,Payment,1771507670.770213,19549,1,1
1,NewOrder,1771507670.770411,4655,13,1
1,NewOrder,1771507670.771757,4170,15,1
2,Payment,1771507670.772006,3903,12,1
5,StockLevel,1771507670.773112,14406,23,1
5,StockLevel,1771507670.775083,1521,13,1
1,NewOrder,1771507670.775798,34487,3,1
1,NewOrder,1771507670.775899,6805,17,1
2,Payment,1771507670.775921,1577,12,1
1,NewOrder,1771507670.775940,22051,15,1
3,OrderStatus,1771507670.776616,896,13,1
1,NewOrder,1771507670.777511,24480,12,1
1,NewOrder,1771507670.777526,6022,13,1
1,NewOrder,1771507670.778153,32003,7,1
1,NewOrder,1771507670.780914,26712,16,1
2,Payment,1771507670.782714,8448,17,1
1,NewOrder,1771507670.783054,24622,22,1
2,Payment,1771507670.783562,8907,13,1
1,NewOrder,1771507670.786633,23057,2,1
1,NewOrder,1771507670.787442,17019,6,1
1,NewOrder,1771507670.787469,17309,21,1
1,NewOrder,1771507670.787535,35803,23,1
2,Payment,1771507670.787708,3050,5,1
2,Payment,1771507670.787948,11388,4,1
5,StockLevel,1771507670.788066,25560,20,1
1,NewOrder,1771507670.788810,24747,10,1
2,Payment,1771507670.789778,2398,1,1
2,Payment,1771507670.790508,8056,19,1
2,Payment,1771507670.790770,3108,5,1
1,NewOrder,1771507670.790874,16832,14,1
2,Payment,1771507670.791173,16458,17,1
1,NewOrder,1771507670.792190,22458,1,1
3,OrderStatus,1771507670.792485,2096,13,1
1,NewOrder,1771507670.793039,36872,11,1
1,NewOrder,1771507670.793644,30756,18,1
2,Payment,1771507670.793890,1173,5,1
1,NewOrder,1771507670.794597,37487,13,1
2,Payment,1771507670.795074,5340,5,1
1,NewOrder,1771507670.795590,32562,0,1
2,Payment,1771507670.798022,14339,15,1
1,NewOrder,1771507670.798590,20595,19,1
1,NewOrder,1771507670.799348,14738,4,1
1,NewOrder,1771507670.800445,2765,5,1
1,NewOrder,1771507670.802017,35983,12,1
1,NewOrder,1771507670.802335,26231,9,1
2,Payment,1771507670.803226,1535,5,1
2,Payment,1771507670.804472,5555,6,1
1,NewOrder,1771507670.804775,2821,5,1
2,Payment,1771507670.804794,16137,21,1
1,NewOrder,1771507670.807610,4701,5,1
2,Payment,1771507670.807651,6617,16,1
2,Payment,1771507670.807653,15961,17,1
2,Payment,1771507670.807667,4309,8,1
1,NewOrder,1771507670.807702,20093,22,1
2,Payment,1771507670.807732,8390,14,1
1,NewOrder,1771507670.809704,42214,2,1
2,Payment,1771507670.810039,7990,6,1
2,Payment,1771507670.810180,11293,7,1
1,NewOrder,1771507670.810295,18323,3,1
1,NewOrder,1771507670.811986,26026,8,1
1,NewOrder,1771507670.812324,17938,5,1
1,NewOrder,1771507670.812384,27311,15,1
1,NewOrder,1771507670.813582,36493,10,1
3,OrderStatus,1771507670.813642,8614,20,1
1,NewOrder,1771507670.814119,18959,4,1
2,Payment,1771507670.814293,8054,16,1
3,OrderStatus,1771507670.814678,8249,1,1
2,Payment,1771507670.816147,10457,14,1
5,StockLevel,1771507670.818054,18004,6,1
2,Payment,1771507670.819199,9488,19,1
2,Payment,1771507670.820955,9619,21,1
1,NewOrder,1771507670.821490,34262,7,1
2,Payment,1771507670.822280,10113,20,1
1,NewOrder,1771507670.822370,36922,16,1
1,NewOrder,1771507670.822937,17980,1,1
2,Payment,1771507670.823364,10881,23,1
2,Payment,1771507670.823639,1588,17,1
1,NewOrder,1771507670.824425,32954,18,1
1,NewOrder,1771507670.825247,27447,17,1
1,NewOrder,1771507670.826620,27762,14,1
1,NewOrder,1771507670.827811,29628,22,1
2,Payment,1771507670.828177,11830,0,1
2,Payment,1771507670.828582,9011,9,1
2,Payment,1771507670.828643,12633,3,1
5,StockLevel,1771507670.828699,20918,19,1
2,Payment,1771507670.829931,9795,11,1
2,Payment,1771507670.830287,12895,5,1
1,NewOrder,1771507670.830594,9163,21,1
2,Payment,1771507670.832109,7235,13,1
2,Payment,1771507670.832419,3522,20,1
1,NewOrder,1771507670.833090,41128,4,1
1,NewOrder,1771507670.834270,20197,23,1
1,NewOrder,1771507670.835958,37677,20,1
1,NewOrder,1771507670.836083,36002,6,1
2,Payment,1771507670.837615,11946,9,1
2,Payment,1771507670.838017,11867,12,1
1,NewOrder,1771507670.838037,26820,8,1
2,Payment,1771507670.839370,13510,13,1
2,Payment,1771507670.839711,14785,15,1
2,Payment,1771507670.839745,12662,11,1
2,Payment,1771507670.839770,10149,21,1
2,Payment,1771507670.840018,14524,0,1
2,Payment,1771507670.840944,11409,1,1
2,Payment,1771507670.841295,3017,3,1
2,Payment,1771507670.843200,2251,5,1
1,NewOrder,1771507670.844328,12729,3,1
5,StockLevel,1771507670.845477,2422,5,1
2,Payment,1771507670.847923,9423,5,1
2,Payment,1771507670.849578,9582,9,1
1,NewOrder,1771507670.849649,27190,19,1
1,NewOrder,1771507670.849909,33415,12,1
5,StockLevel,1771507670.849944,9214,21,1
1,NewOrder,1771507670.850086,23397,10,1
1,NewOrder,1771507670.851943,27919,2,1
2,Payment,1771507670.852370,7148,1,1
4,Delivery,1771507670.852432,66788,11,1
1,NewOrder,1771507670.852704,33944,17,1
2,Payment,1771507670.852905,4538,13,1
1,NewOrder,1771507670.854407,45511,14,1
1,NewOrder,1771507670.854484,38396,23,1
2,Payment,1771507670.854521,4844,15,1
2,Payment,1771507670.854568,8646,0,1
1,NewOrder,1771507670.855777,29931,7,1
2,Payment,1771507670.857083,5028,3,1
1,NewOrder,1771507670.857370,18392,5,1
1,NewOrder,1771507670.857401,18794,18,1
1,NewOrder,1771507670.857463,17908,13,1
2,Payment,1771507670.857467,9202,22,1
2,Payment,1771507670.859174,8760,9,1
2,Payment,1771507670.859183,16538,21,1
3,OrderStatus,1771507670.859301,8511,16,1
1,NewOrder,1771507670.859390,11589,15,1
2,Payment,1771507670.859537,13179,1,1
1,NewOrder,1771507670.862129,23825,3,1
4,Delivery,1771507670.863239,1908,0,1
1,NewOrder,1771507670.864873,15005,8,1
5,StockLevel,1771507670.865161,1526,0,1
2,Payment,1771507670.866695,7196,22,1
2,Payment,1771507670.866701,1671,0,1
5,StockLevel,1771507670.867834,13057,16,1
1,NewOrder,1771507670.867956,31192,9,1
3,OrderStatus,1771507670.868385,1580,0,1
3,OrderStatus,1771507670.869980,1229,0,1
1,NewOrder,1771507670.871005,26077,15,1
1,NewOrder,1771507670.871223,32262,0,1
4,Delivery,1771507670.872110,47398,6,1
2,Payment,1771507670.872742,8544,1,1
2,Payment,1771507670.873496,5865,10,1
1,NewOrder,1771507670.873653,32036,20,1
2,Payment,1771507670.873917,5463,22,1
2,Payment,1771507670.874232,11661,4,1
2,Payment,1771507670.875388,10543,13,1
2,Payment,1771507670.875746,6821,21,1
1,NewOrder,1771507670.875788,10181,5,1
2,Payment,1771507670.876211,8289,18,1
1,NewOrder,1771507670.876855,38390,19,1
2,Payment,1771507670.879385,3940,10,1
1,NewOrder,1771507670.879398,41606,22,1
2,Payment,1771507670.879879,19232,2,1
1,NewOrder,1771507670.879890,45145,8,1
2,Payment,1771507670.880917,20818,16,1
1,NewOrder,1771507670.881307,14387,1,1
1,NewOrder,1771507670.882592,20552,21,1
2,Payment,1771507670.883335,20107,12,1
1,NewOrder,1771507670.883350,47804,10,1
2,Payment,1771507670.884522,14462,18,1
2,Payment,1771507670.885725,21981,7,1
2,Payment,1771507670.885908,1287,4,1
1,NewOrder,1771507670.885955,4221,13,1
1,NewOrder,1771507670.885981,31190,3,1
1,NewOrder,1771507670.885985,28508,5,1
1,NewOrder,1771507670.886674,31660,17,1
1,NewOrder,1771507670.887219,3261,4,1
2,Payment,1771507670.890193,1632,13,1
4,Delivery,1771507670.890497,38766,4,1
2,Payment,1771507670.891839,1292,13,1
2,Payment,1771507670.892905,7576,23,1
2,Payment,1771507670.893143,1742,13,1
4,Delivery,1771507670.894899,42916,13,1
2,Payment,1771507670.895719,5322,1,1
1,NewOrder,1771507670.897106,25139,15,1
1,NewOrder,1771507670.899011,16214,18,1
1,NewOrder,1771507670.899127,29378,2,1
1,NewOrder,1771507670.899166,31339,9,1
2,Payment,1771507670.899946,8041,14,1
1,NewOrder,1771507670.900506,21778,23,1
1,NewOrder,1771507670.901057,26033,1,1
1,NewOrder,1771507670.901759,24227,16,1
1,NewOrder,1771507670.903168,22114,21,1
1,NewOrder,1771507670.903453,18151,12,1
2,Payment,1771507670.903517,11601,0,1
1,NewOrder,1771507670.905702,16536,20,1
2,Payment,1771507670.907763,7437,7,1
2,Payment,1771507670.908013,7167,14,1
2,Payment,1771507670.914511,15063,5,1
5,StockLevel,1771507670.915135,11784,0,1
5,StockLevel,1771507670.915207,14692,14,1
5,StockLevel,1771507670.915226,15808,7,1
3,OrderStatus,1771507670.915242,10822,18,1
2,Payment,1771507670.915261,12826,19,1
1,NewOrder,1771507670.917203,48025,3,1
1,NewOrder,1771507670.918360,14767,17,1
2,Payment,1771507670.919245,7003,11,1
1,NewOrder,1771507670.919524,5207,6,1
2,Payment,1771507670.921028,11997,22,1
1,NewOrder,1771507670.921629,20600,12,1
2,Payment,1771507670.922266,9133,20,1
2,Payment,1771507670.922269,4449,15,1
1,NewOrder,1771507670.922307,20798,23,1
1,NewOrder,1771507670.924747,13450,6,1
1,NewOrder,1771507670.925050,30221,8,1
4,Delivery,1771507670.925308,61185,21,1
2,Payment,1771507670.926011,6615,16,1
1,NewOrder,1771507670.926089,16476,18,1
4,Delivery,1771507670.926270,79656,11,1
2,Payment,1771507670.926735,7897,15,1
1,NewOrder,1771507670.926937,15261,0,1
1,NewOrder,1771507670.927115,15062,1,1
2,Payment,1771507670.928099,11657,19,1
1,NewOrder,1771507670.928519,24147,2,1
2,Payment,1771507670.929275,12252,4,1
1,NewOrder,1771507670.929584,41139,5,1
2,Payment,1771507670.929926,8307,14,1
2,Payment,1771507670.930520,7788,9,1
2,Payment,1771507670.931058,9028,7,1
4,Delivery,1771507670.931179,74365,10,1
2,Payment,1771507670.931423,10703,20,1
2,Payment,1771507670.932643,9283,16,1
1,NewOrder,1771507670.933041,20999,22,1
2,Payment,1771507670.933140,22305,17,1
1,NewOrder,1771507670.934645,39111,15,1
2,Payment,1771507670.937840,10537,13,1
2,Payment,1771507670.938222,10744,6,1
1,NewOrder,1771507670.938261,32790,14,1
2,Payment,1771507670.938325,6916,9,1
2,Payment,1771507670.939782,3548,19,1
2,Payment,1771507670.940102,9354,7,1
5,StockLevel,1771507670.941545,11786,4,1
1,NewOrder,1771507670.941951,29131,16,1
2,Payment,1771507670.942145,3436,20,1
5,StockLevel,1771507670.942189,21669,1,1
2,Payment,1771507670.942212,13293,0,1
1,NewOrder,1771507670.942254,37785,12,1
1,NewOrder,1771507670.942575,33170,18,1
1,NewOrder,1771507670.943122,38342,23,1
1,NewOrder,1771507670.943354,3414,19,1
2,Payment,1771507670.945267,8481,9,1
1,NewOrder,1771507670.945605,19077,20,1
1,NewOrder,1771507670.946785,6933,19,1
2,Payment,1771507670.948389,6054,13,1
2,Payment,1771507670.948984,8792,6,1
2,Payment,1771507670.949481,5993,7,1
2,Payment,1771507670.952690,10459,2,1
1,NewOrder,1771507670.953354,28648,4,1
1,NewOrder,1771507670.953733,4302,19,1
1,NewOrder,1771507670.953760,22616,9,1
2,Payment,1771507670.954061,9646,22,1
2,Payment,1771507670.954465,9682,13,1
3,OrderStatus,1771507670.955282,8419,8,1
2,Payment,1771507670.955463,1119,17,1
1,NewOrder,1771507670.955499,32926,7,1
1,NewOrder,1771507670.955527,32507,0,1
2,Payment,1771507670.956607,8945,17,1
1,NewOrder,1771507670.957802,32647,6,1
1,NewOrder,1771507670.958048,5556,19,1
1,NewOrder,1771507670.963166,24914,2,1
2,Payment,1771507670.963617,4657,19,1
1,NewOrder,1771507670.963725,24030,8,1
1,NewOrder,1771507670.963733,17228,22,1
2,Payment,1771507670.963883,6283,1,1
3,OrderStatus,1771507670.964163,8517,13,1
1,NewOrder,1771507670.964709,38367,20,1
2,Payment,1771507670.965254,6731,3,1
2,Payment,1771507670.965568,1533,17,1
1,NewOrder,1771507670.967126,35520,17,1
2,Payment,1771507670.968290,13086,19,1
1,NewOrder,1771507670.970182,29184,1,1
1,NewOrder,1771507670.970732,24578,5,1
2,Payment,1771507670.971069,8198,14,1
1,NewOrder,1771507670.971107,22173,16,1
1,NewOrder,1771507670.972012,41709,3,1
2,Payment,1771507670.972696,8843,13,1
5,StockLevel,1771507670.973769,15733,15,1
5,StockLevel,1771507670.975770,13889,18,1
3,OrderStatus,1771507670.976398,8719,9,1
1,NewOrder,1771507670.979294,30264,14,1
1,NewOrder,1771507670.980064,22988,12,1
1,NewOrder,1771507670.980987,22990,22,1
2,Payment,1771507670.981401,8696,19,1
1,NewOrder,1771507670.981489,23091,23,1
1,NewOrder,1771507670.981551,25504,13,1
2,Payment,1771507670.982028,6101,4,1
1,NewOrder,1771507670.985128,36131,9,1
1,NewOrder,1771507670.986509,21215,21,1
2,Payment,1771507670.987778,10753,8,1
2,Payment,1771507670.988060,10789,0,1
2,Payment,1771507670.988092,6910,2,1
1,NewOrder,1771507670.988156,14986,4,1
1,NewOrder,1771507670.988450,35010,7,1
2,Payment,1771507670.989516,7736,15,1
2,Payment,1771507670.989672,9696,18,1
2,Payment,1771507670.990124,11548,19,1
5,StockLevel,1771507670.990469,15147,6,1
2,Payment,1771507670.993296,9744,16,1
1,NewOrder,1771507670.995021,29437,2,1
1,NewOrder,1771507670.995332,30206,5,1
1,NewOrder,1771507670.997278,35389,15,1
2,Payment,1771507670.998554,6016,8,1
1,NewOrder,1771507670.998859,33988,0,1
1,NewOrder,1771507670.999385,40981,18,1
2,Payment,1771507670.999393,6318,1,1
1,NewOrder,1771507671.001693,23004,19,1
1,NewOrder,1771507671.002668,41092,17,1
2,Payment,1771507671.003063,8556,16,1
4,Delivery,1771507671.003068,13708,12,1
1,NewOrder,1771507671.003091,29207,20,1
4,Delivery,1771507671.003168,61895,4,1
5,StockLevel,1771507671.003991,15405,22,1
2,Payment,1771507671.004596,8181,23,1
2,Payment,1771507671.004600,7746,8,1
2,Payment,1771507671.005565,8367,10,1
3,OrderStatus,1771507671.005627,7344,6,1
3,OrderStatus,1771507671.005735,4877,1,1
1,NewOrder,1771507671.005937,28923,11,1
1,NewOrder,1771507671.007071,35660,13,1
2,Payment,1771507671.007750,6839,21,1
4,Delivery,1771507671.009576,7874,14,1
2,Payment,1771507671.010629,12538,1,1
1,NewOrder,1771507671.011644,25880,16,1
1,NewOrder,1771507671.012371,36224,8,1
2,Payment,1771507671.012802,13151,23,1
2,Payment,1771507671.012994,8092,6,1
1,NewOrder,1771507671.013739,36305,3,1
1,NewOrder,1771507671.013955,4384,10,1
3,OrderStatus,1771507671.014604,9293,21,1
2,Payment,1771507671.016789,12664,12,1
2,Payment,1771507671.017471,1831,14,1
2,Payment,1771507671.018355,5064,10,1
2,Payment,1771507671.019317,11783,14,1
2,Payment,1771507671.019412,9315,22,1
1,NewOrder,1771507671.021108,25744,6,1
1,NewOrder,1771507671.021284,32751,9,1
1,NewOrder,1771507671.023182,30797,1,1
1,NewOrder,1771507671.023443,5229,10,1
2,Payment,1771507671.023483,8431,7,1
1,NewOrder,1771507671.023915,27271,21,1
2,Payment,1771507671.024470,12814,2,1
1,NewOrder,1771507671.024723,3973,19,1
1,NewOrder,1771507671.025559,21366,5,1
2,Payment,1771507671.025965,6249,23,1
2,Payment,1771507671.028688,4383,10,1
2,Payment,1771507671.028717,8119,19,1
1,NewOrder,1771507671.028750,23587,22,1
2,Payment,1771507671.029471,10947,12,1
2,Payment,1771507671.031115,6285,14,1
2,Payment,1771507671.031935,7776,7,1
2,Payment,1771507671.032237,13514,23,1
1,NewOrder,1771507671.032311,30765,20,1
1,NewOrder,1771507671.032682,31952,15,1
2,Payment,1771507671.032859,12935,0,1
4,Delivery,1771507671.033086,70616,10,1
1,NewOrder,1771507671.034885,35110,11,1
4,Delivery,1771507671.036861,51365,19,1
2,Payment,1771507671.037309,9991,2,1
1,NewOrder,1771507671.037423,34259,14,1
1,NewOrder,1771507671.037552,29731,16,1
1,NewOrder,1771507671.039737,31355,7,1
2,Payment,1771507671.040378,7441,18,1
1,NewOrder,1771507671.040436,26286,12,1
3,OrderStatus,1771507671.042753,6852,13,1
1,NewOrder,1771507671.043785,33416,17,1
2,Payment,1771507671.045769,7191,23,1
2,Payment,1771507671.045819,8566,0,1
1,NewOrder,1771507671.046868,31086,6,1
2,Payment,1771507671.046951,13779,5,1
2,Payment,1771507671.047326,9089,2,1
2,Payment,1771507671.047832,9381,18,1
2,Payment,1771507671.048622,5314,8,1
1,NewOrder,1771507671.049628,22087,13,1
2,Payment,1771507671.050068,8624,3,1
1,NewOrder,1771507671.051208,29732,21,1
2,Payment,1771507671.052351,12687,22,1
2,Payment,1771507671.052985,9768,23,1
1,NewOrder,1771507671.053962,28187,8,1
1,NewOrder,1771507671.053994,37543,1,1
2,Payment,1771507671.054060,7714,9,1
1,NewOrder,1771507671.054411,28719,0,1
1,NewOrder,1771507671.056434,34140,2,1
1,NewOrder,1771507671.057232,31513,18,1
1,NewOrder,1771507671.058716,30082,3,1
1,NewOrder,1771507671.060747,27968,5,1
1,NewOrder,1771507671.061801,18049,9,1
2,Payment,1771507671.062770,9274,23,1
1,NewOrder,1771507671.063092,18558,20,1
2,Payment,1771507671.064647,13106,15,1
2,Payment,1771507671.065060,5388,22,1
3,OrderStatus,1771507671.065080,6171,4,1
2,Payment,1771507671.066748,9119,12,1
1,NewOrder,1771507671.067297,15642,16,1
2,Payment,1771507671.070021,9316,11,1
1,NewOrder,1771507671.070473,23756,22,1
1,NewOrder,1771507671.071109,42189,7,1
2,Payment,1771507671.071275,6723,4,1
2,Payment,1771507671.071706,9072,14,1
4,Delivery,1771507671.071732,38142,13,1
2,Payment,1771507671.072060,7780,23,1
3,OrderStatus,1771507671.075891,7882,12,1
1,NewOrder,1771507671.077227,18203,17,1
1,NewOrder,1771507671.077777,15612,15,1
1,NewOrder,1771507671.077967,38672,6,1
1,NewOrder,1771507671.078024,31774,4,1
2,Payment,1771507671.079364,6246,11,1
1,NewOrder,1771507671.079854,35454,23,1
4,Delivery,1771507671.079870,24503,9,1
2,Payment,1771507671.080789,7974,14,1
2,Payment,1771507671.080951,5018,21,1
2,Payment,1771507671.081667,5910,20,1
2,Payment,1771507671.082175,10921,8,1
1,NewOrder,1771507671.082961,31701,16,1
1,NewOrder,1771507671.083155,10218,0,1
1,NewOrder,1771507671.083798,24885,12,1
2,Payment,1771507671.085627,9403,11,1
2,Payment,1771507671.085986,7428,21,1
2,Payment,1771507671.087593,7794,20,1
1,NewOrder,1771507671.088238,25010,19,1
2,Payment,1771507671.088728,11514,5,1
1,NewOrder,1771507671.088772,32046,18,1
2,Payment,1771507671.088789,11813,14,1
2,Payment,1771507671.088822,13061,3,1
2,Payment,1771507671.090599,13352,2,1
1,NewOrder,1771507671.091553,19954,1,1
2,Payment,1771507671.093112,11275,8,1
1,NewOrder,1771507671.093391,3146,0,1
1,NewOrder,1771507671.093413,34528,15,1
1,NewOrder,1771507671.093432,20746,21,1
1,NewOrder,1771507671.094245,23094,22,1
2,Payment,1771507671.095047,12795,11,1
2,Payment,1771507671.095414,4272,20,1
1,NewOrder,1771507671.095455,22875,17,1
5,StockLevel,1771507671.096563,7167,0,1
2,Payment,1771507671.099712,9672,20,1
2,Payment,1771507671.100261,10305,5,1
2,Payment,1771507671.100627,9217,14,1
1,NewOrder,1771507671.101903,22083,3,1
5,StockLevel,1771507671.103724,18563,10,1
1,NewOrder,1771507671.103746,34272,0,1
1,NewOrder,1771507671.103975,6565,2,1
1,NewOrder,1771507671.104394,5014,9,1
1,NewOrder,1771507671.104415,36719,8,1
4,Delivery,1771507671.107867,56871,11,1
2,Payment,1771507671.108710,8673,12,1
1,NewOrder,1771507671.109408,16402,20,1
1,NewOrder,1771507671.109428,29629,9,1
1,NewOrder,1771507671.109823,14322,4,1
1,NewOrder,1771507671.109861,37248,14,1
1,NewOrder,1771507671.109892,26877,13,1
2,Payment,1771507671.110560,11488,2,1
2,Payment,1771507671.110590,9996,5,1
1,NewOrder,1771507671.111522,30489,1,1
2,Payment,1771507671.113260,6784,19,1
1,NewOrder,1771507671.113315,30287,7,1
1,NewOrder,1771507671.114198,23977,21,1
1,NewOrder,1771507671.114682,36445,16,1
1,NewOrder,1771507671.115335,27515,23,1
1,NewOrder,1771507671.116666,24487,6,1
5,StockLevel,1771507671.117356,15088,22,1
2,Payment,1771507671.117407,5024,12,1
4,Delivery,1771507671.118341,67839,17,1
2,Payment,1771507671.120060,5783,19,1
1,NewOrder,1771507671.120614,19253,5,1
1,NewOrder,1771507671.120843,17892,18,1
2,Payment,1771507671.122064,3238,2,1
1,NewOrder,1771507671.122304,20564,10,1
2,Payment,1771507671.122456,6936,12,1
2,Payment,1771507671.124000,14149,3,1
1,NewOrder,1771507671.124165,19039,4,1
1,NewOrder,1771507671.125314,19606,2,1
2,Payment,1771507671.125828,8892,20,1
1,NewOrder,1771507671.125862,24825,19,1
5,StockLevel,1771507671.127967,15984,15,1
2,Payment,1771507671.129410,7992,12,1
3,OrderStatus,1771507671.132467,7778,22,1
2,Payment,1771507671.134746,6219,20,1
1,NewOrder,1771507671.136794,25762,13,1
1,NewOrder,1771507671.137420,21289,12,1
1,NewOrder,1771507671.138042,26320,0,1
2,Payment,1771507671.138172,5525,3,1
1,NewOrder,1771507671.138190,26597,21,1
1,NewOrder,1771507671.138761,38958,18,1
1,NewOrder,1771507671.139072,36951,9,1
2,Payment,1771507671.139893,7614,5,1
2,Payment,1771507671.140266,7984,22,1
1,NewOrder,1771507671.140991,19187,20,1
2,Payment,1771507671.141151,9900,8,1
1,NewOrder,1771507671.141167,28795,6,1
2,Payment,1771507671.142027,10420,1,1
3,OrderStatus,1771507671.142875,8351,23,1
1,NewOrder,1771507671.142885,17895,10,1
1,NewOrder,1771507671.143215,27083,4,1
2,Payment,1771507671.143616,9219,7,1
4,Delivery,1771507671.143706,58017,3,1
2,Payment,1771507671.143969,10843,15,1
1,NewOrder,1771507671.144934,36534,2,1
2,Payment,1771507671.147132,9101,14,1
2,Payment,1771507671.147532,7647,5,1
1,NewOrder,1771507671.148269,28170,22,1
1,NewOrder,1771507671.150711,28158,19,1
1,NewOrder,1771507671.151078,21257,8,1
1,NewOrder,1771507671.151145,33505,16,1
1,NewOrder,1771507671.151237,27607,23,1
1,NewOrder,1771507671.152468,32112,1,1
1,NewOrder,1771507671.152851,31318,7,1
1,NewOrder,1771507671.154838,24506,15,1
2,Payment,1771507671.155196,7809,5,1
1,NewOrder,1771507671.156253,30596,14,1
1,NewOrder,1771507671.158736,19746,12,1
2,Payment,1771507671.160197,7108,20,1
2,Payment,1771507671.160796,5939,10,1
2,Payment,1771507671.162580,7778,13,1
2,Payment,1771507671.163027,7294,5,1
4,Delivery,1771507671.164389,37745,0,1
1,NewOrder,1771507671.164759,25206,11,1
2,Payment,1771507671.164802,9203,21,1
2,Payment,1771507671.166753,9192,10,1
4,Delivery,1771507671.167323,34429,20,1
2,Payment,1771507671.169980,7627,6,1
1,NewOrder,1771507671.170318,24371,4,1
2,Payment,1771507671.170335,6629,5,1
2,Payment,1771507671.170383,6923,13,1
2,Payment,1771507671.172359,7372,8,1
1,NewOrder,1771507671.174027,37436,21,1
1,NewOrder,1771507671.175960,26365,10,1
2,Payment,1771507671.176050,6428,9,1
2,Payment,1771507671.176452,6541,22,1
4,Delivery,1771507671.176983,25169,5,1
2,Payment,1771507671.177333,5623,13,1
1,NewOrder,1771507671.177620,23284,6,1
4,Delivery,1771507671.177742,24449,18,1
2,Payment,1771507671.178496,13478,12,1
5,StockLevel,1771507671.178860,15848,23,1
5,StockLevel,1771507671.178883,14870,19,1
2,Payment,1771507671.179371,15685,15,1
2,Payment,1771507671.179757,5768,8,1
2,Payment,1771507671.181493,4986,2,1
2,Payment,1771507671.182503,7846,9,1
2,Payment,1771507671.182974,5657,13,1
2,Payment,1771507671.183021,4752,22,1
2,Payment,1771507671.184184,8198,7,1
3,OrderStatus,1771507671.184607,5627,1,1
2,Payment,1771507671.184677,5710,16,1
1,NewOrder,1771507671.185542,36371,8,1
1,NewOrder,1771507671.186205,45262,17,1
2,Payment,1771507671.186503,5909,2,1
1,NewOrder,1771507671.186876,35043,14,1
2,Payment,1771507671.187799,5159,22,1
2,Payment,1771507671.188658,7856,13,1
1,NewOrder,1771507671.189986,38444,11,1
2,Payment,1771507671.190260,9489,1,1
3,OrderStatus,1771507671.190376,5210,9,1
1,NewOrder,1771507671.190402,37291,16,1
5,StockLevel,1771507671.191992,9298,12,1
1,NewOrder,1771507671.192401,31096,7,1
1,NewOrder,1771507671.192426,25327,2,1
1,NewOrder,1771507671.192973,25839,22,1
2,Payment,1771507671.193766,7545,19,1
2,Payment,1771507671.194712,6589,4,1
1,NewOrder,1771507671.194736,32414,23,1
2,Payment,1771507671.195081,3749,15,1
2,Payment,1771507671.195602,6070,9,1
1,NewOrder,1771507671.196530,27257,13,1
2,Payment,1771507671.198843,8314,15,1
1,NewOrder,1771507671.199765,40208,1,1
1,NewOrder,1771507671.200926,30432,6,1
1,NewOrder,1771507671.201314,35403,12,1
1,NewOrder,1771507671.201318,26302,4,1
1,NewOrder,1771507671.201335,33557,19,1
2,Payment,1771507671.201685,22076,9,1
5,StockLevel,1771507671.201749,23702,3,1
1,NewOrder,1771507671.201763,42937,20,1
1,NewOrder,1771507671.202145,5243,0,1
2,Payment,1771507671.202168,2582,5,1
5,StockLevel,1771507671.202211,2035,18,1
2,Payment,1771507671.202340,19474,10,1
2,Payment,1771507671.204262,3168,18,1
1,NewOrder,1771507671.204763,6882,5,1
2,Payment,1771507671.207175,14207,15,1
5,StockLevel,1771507671.207404,1320,0,1
2,Payment,1771507671.207455,3669,18,1
5,StockLevel,1771507671.208737,1170,0,1
2,Payment,1771507671.209925,1505,0,1
1,NewOrder,1771507671.211142,26381,18,1
1,NewOrder,1771507671.211446,4148,0,1
2,Payment,1771507671.211482,12377,21,1
2,Payment,1771507671.211665,6546,5,1
1,NewOrder,1771507671.215610,3603,0,1
5,StockLevel,1771507671.217770,16195,2,1
1,NewOrder,1771507671.218236,17136,5,1
2,Payment,1771507671.218826,10712,22,1
2,Payment,1771507671.219229,2526,0,1
2,Payment,1771507671.221409,6997,15,1
2,Payment,1771507671.221766,1967,0,1
2,Payment,1771507671.221834,6551,10,1
1,NewOrder,1771507671.221934,33216,14,1
3,OrderStatus,1771507671.221941,7985,8,1
2,Payment,1771507671.223514,16813,7,1
1,NewOrder,1771507671.223751,13451,0,1
4,Delivery,1771507671.223776,31645,9,1
1,NewOrder,1771507671.223813,15424,13,1
2,Payment,1771507671.223885,13490,21,1
2,Payment,1771507671.225464,8787,3,1
1,NewOrder,1771507671.227177,33588,23,1
2,Payment,1771507671.227635,9444,4,1
1,NewOrder,1771507671.227728,31958,16,1
2,Payment,1771507671.228402,6394,10,1
1,NewOrder,1771507671.228422,16258,15,1
2,Payment,1771507671.228447,10147,11,1
2,Payment,1771507671.229562,5479,22,1
2,Payment,1771507671.229942,12487,8,1
2,Payment,1771507671.231375,14867,6,1
2,Payment,1771507671.231494,10922,17,1
2,Payment,1771507671.233992,8057,2,1
1,NewOrder,1771507671.234266,20749,3,1
1,NewOrder,1771507671.234816,21043,10,1
3,OrderStatus,1771507671.234910,8322,19,1
1,NewOrder,1771507671.235054,26958,22,1
2,Payment,1771507671.235387,8684,5,1
1,NewOrder,1771507671.236731,18664,12,1
1,NewOrder,1771507671.237096,15829,4,1
2,Payment,1771507671.237219,8592,0,1
1,NewOrder,1771507671.237387,24186,21,1
1,NewOrder,1771507671.237541,41843,18,1
2,Payment,1771507671.238615,6036,11,1
1,NewOrder,1771507671.239251,33147,13,1
1,NewOrder,1771507671.239990,25020,1,1
2,Payment,1771507671.240344,7647,7,1
1,NewOrder,1771507671.242060,26677,2,1
4,Delivery,1771507671.242441,60480,17,1
2,Payment,1771507671.242449,6861,8,1
1,NewOrder,1771507671.243248,34393,19,1
2,Payment,1771507671.244090,14973,5,1
2,Payment,1771507671.244667,9616,11,1
1,NewOrder,1771507671.244696,21211,15,1
2,Payment,1771507671.244715,6780,20,1
2,Payment,1771507671.245830,11595,0,1
1,NewOrder,1771507671.246261,12451,6,1
1,NewOrder,1771507671.248007,16513,7,1
1,NewOrder,1771507671.249327,31269,8,1
1,NewOrder,1771507671.251509,26752,20,1
1,NewOrder,1771507671.252941,30801,4,1
3,OrderStatus,1771507671.254307,6388,11,1
1,NewOrder,1771507671.255031,18401,3,1
2,Payment,1771507671.255164,6871,14,1
1,NewOrder,1771507671.255422,18774,12,1
1,NewOrder,1771507671.255439,28270,9,1
1,NewOrder,1771507671.255876,27131,10,1
1,NewOrder,1771507671.257441,22057,0,1
2,Payment,1771507671.258725,12493,6,1
2,Payment,1771507671.259082,3920,5,1
2,Payment,1771507671.259712,8517,16,1
5,StockLevel,1771507671.260714,15252,11,1
1,NewOrder,1771507671.260793,18947,23,1
2,Payment,1771507671.261598,7020,21,1
2,Payment,1771507671.262032,8995,22,1
2,Payment,1771507671.262050,9102,14,1
2,Payment,1771507671.263028,7591,5,1
1,NewOrder,1771507671.264538,18768,7,1
2,Payment,1771507671.265022,9517,1,1
2,Payment,1771507671.265925,21192,15,1
2,Payment,1771507671.268252,8668,16,1
2,Payment,1771507671.268636,11080,21,1
3,OrderStatus,1771507671.268755,9059,2,1
1,NewOrder,1771507671.270644,35290,5,1
2,Payment,1771507671.271045,6702,22,1
1,NewOrder,1771507671.271178,21049,14,1
1,NewOrder,1771507671.271235,15607,6,1
2,Payment,1771507671.272424,9028,13,1
2,Payment,1771507671.273456,5398,3,1
2,Payment,1771507671.274210,14217,12,1
1,NewOrder,1771507671.274558,26840,1,1
1,NewOrder,1771507671.275993,18343,11,1
2,Payment,1771507671.276946,8625,16,1
1,NewOrder,1771507671.277654,30271,19,1
4,Delivery,1771507671.277761,101132,22,1
2,Payment,1771507671.277842,8110,2,1
1,NewOrder,1771507671.278287,26317,20,1
1,NewOrder,1771507671.278881,14738,3,1
4,Delivery,1771507671.279410,99895,18,1
1,NewOrder,1771507671.279516,21923,0,1
4,Delivery,1771507671.279742,99548,21,1
1,NewOrder,1771507671.279753,14566,23,1
2,Payment,1771507671.280621,7106,8,1
1,NewOrder,1771507671.281464,18511,13,1
1,NewOrder,1771507671.283033,18773,10,1
1,NewOrder,1771507671.283323,27624,7,1
2,Payment,1771507671.283721,7342,9,1
1,NewOrder,1771507671.283758,17240,4,1
2,Payment,1771507671.285597,6970,16,1
1,NewOrder,1771507671.285970,27310,2,1
1,NewOrder,1771507671.286869,32513,6,1
1,NewOrder,1771507671.287136,7605,15,1
2,Payment,1771507671.287755,8789,8,1
2,Payment,1771507671.288445,12921,12,1
1,NewOrder,1771507671.291091,20931,9,1
2,Payment,1771507671.292254,7489,14,1
1,NewOrder,1771507671.292590,21066,16,1
1,NewOrder,1771507671.293643,19053,3,1
1,NewOrder,1771507671.294347,28286,23,1
2,Payment,1771507671.294354,7427,11,1
1,NewOrder,1771507671.294766,28783,15,1
1,NewOrder,1771507671.296570,34127,8,1
2,Payment,1771507671.299769,8134,14,1
1,NewOrder,1771507671.300001,31889,13,1
1,NewOrder,1771507671.301025,35005,4,1
1,NewOrder,1771507671.301384,2771,12,1
1,NewOrder,1771507671.301425,27480,1,1
1,NewOrder,1771507671.301463,15075,0,1
2,Payment,1771507671.301808,6606,11,1
2,Payment,1771507671.301822,5220,10,1
2,Payment,1771507671.302937,8440,17,1
2,Payment,1771507671.304170,9532,12,1
2,Payment,1771507671.304631,5712,20,1
1,NewOrder,1771507671.305950,29727,5,1
2,Payment,1771507671.307071,7738,10,1
4,Delivery,1771507671.307930,32242,14,1
1,NewOrder,1771507671.307953,28968,19,1
1,NewOrder,1771507671.308428,18029,11,1
1,NewOrder,1771507671.310359,32151,20,1
1,NewOrder,1771507671.310974,26303,7,1
2,Payment,1771507671.311398,7551,17,1
1,NewOrder,1771507671.312049,21773,9,1
2,Payment,1771507671.312714,9089,3,1
2,Payment,1771507671.313307,10295,2,1
2,Payment,1771507671.313675,9524,16,1
2,Payment,1771507671.313726,6989,12,1
2,Payment,1771507671.314835,7792,10,1
1,NewOrder,1771507671.316564,32451,0,1
1,NewOrder,1771507671.318967,27802,17,1
1,NewOrder,1771507671.319406,31348,6,1
1,NewOrder,1771507671.320741,14661,12,1
3,OrderStatus,1771507671.321827,7563,3,1
2,Payment,1771507671.322655,6192,10,1
2,Payment,1771507671.322655,6215,23,1
2,Payment,1771507671.323225,5303,16,1
1,NewOrder,1771507671.323564,31774,15,1
1,NewOrder,1771507671.323622,19573,2,1
3,OrderStatus,1771507671.326483,6798,11,1
2,Payment,1771507671.328543,5797,16,1
1,NewOrder,1771507671.328867,26433,10,1
1,NewOrder,1771507671.328892,23668,23,1
2,Payment,1771507671.328932,8481,1,1
5,StockLevel,1771507671.329400,13939,3,1
2,Payment,1771507671.330711,6598,8,1
2,Payment,1771507671.331913,7862,13,1
2,Payment,1771507671.333306,8015,11,1
1,NewOrder,1771507671.333849,20878,9,1
1,NewOrder,1771507671.334367,34587,16,1
1,NewOrder,1771507671.335429,24098,12,1
2,Payment,1771507671.335701,7828,5,1
2,Payment,1771507671.336048,9174,4,1
5,StockLevel,1771507671.336948,11602,19,1
3,OrderStatus,1771507671.337304,6845,7,1
1,NewOrder,1771507671.337326,21645,8,1
1,NewOrder,1771507671.337440,26793,1,1
1,NewOrder,1771507671.339798,23891,13,1
1,NewOrder,1771507671.340199,23126,14,1
4,Delivery,1771507671.341347,74973,11,1
1,NewOrder,1771507671.342536,14121,20,1
2,Payment,1771507671.343208,6898,2,1
2,Payment,1771507671.343366,17329,3,1
2,Payment,1771507671.343556,11572,5,1
2,Payment,1771507671.344173,6379,7,1
2,Payment,1771507671.345249,7777,4,1
2,Payment,1771507671.346788,5747,17,1
2,Payment,1771507671.348576,7633,19,1
2,Payment,1771507671.349042,8304,0,1
2,Payment,1771507671.350132,8713,2,1
2,Payment,1771507671.350573,8674,7,1
1,NewOrder,1771507671.350781,22877,6,1
1,NewOrder,1771507671.352553,26484,17,1
1,NewOrder,1771507671.352576,26516,23,1
1,NewOrder,1771507671.353053,28383,4,1
2,Payment,1771507671.354757,8898,9,1
2,Payment,1771507671.355147,7517,5,1
1,NewOrder,1771507671.355311,14229,10,1
1,NewOrder,1771507671.355365,24196,15,1
1,NewOrder,1771507671.356235,19664,19,1
5,StockLevel,1771507671.356673,12972,20,1
2,Payment,1771507671.357366,8480,0,1
4,Delivery,1771507671.358864,36617,2,1
1,NewOrder,1771507671.358998,27020,8,1
1,NewOrder,1771507671.359267,24090,7,1
1,NewOrder,1771507671.359553,15572,12,1
2,Payment,1771507671.360707,3439,3,1
1,NewOrder,1771507671.362690,17493,5,1
2,Payment,1771507671.363351,8351,14,1
1,NewOrder,1771507671.363680,31758,9,1
1,NewOrder,1771507671.363708,18821,13,1
2,Payment,1771507671.364172,2993,3,1
4,Delivery,1771507671.364247,31560,1,1
2,Payment,1771507671.365872,8410,0,1
2,Payment,1771507671.367184,9022,3,1
3,OrderStatus,1771507671.368979,8971,16,1
3,OrderStatus,1771507671.369559,5452,10,1
2,Payment,1771507671.369669,6253,20,1
2,Payment,1771507671.371725,13625,14,1
1,NewOrder,1771507671.373679,33345,6,1
1,NewOrder,1771507671.374308,14568,0,1
2,Payment,1771507671.375028,4800,10,1
2,Payment,1771507671.375149,11968,12,1
2,Payment,1771507671.375925,8251,19,1
2,Payment,1771507671.375949,10213,20,1
2,Payment,1771507671.376222,1675,3,1
2,Payment,1771507671.377911,1839,3,1
2,Payment,1771507671.377975,11302,16,1
2,Payment,1771507671.378908,12725,22,1
2,Payment,1771507671.379046,26926,17,1
1,NewOrder,1771507671.379118,36069,23,1
2,Payment,1771507671.379310,8013,21,1
3,OrderStatus,1771507671.379326,946,18,1
2,Payment,1771507671.379576,27724,15,1
3,OrderStatus,1771507671.379766,5536,3,1
2,Payment,1771507671.379845,16627,10,1
1,NewOrder,1771507671.380194,20214,5,1
2,Payment,1771507671.380292,8934,18,1
2,Payment,1771507671.381456,8147,4,1
2,Payment,1771507671.382550,11177,13,1
2,Payment,1771507671.383383,14558,7,1
1,NewOrder,1771507671.384198,55754,19,1
1,NewOrder,1771507671.385328,47446,3,1
1,NewOrder,1771507671.385377,38680,14,1
1,NewOrder,1771507671.386044,43396,8,1
2,Payment,1771507671.386176,25323,20,1
1,NewOrder,1771507671.387135,26817,12,1
1,NewOrder,1771507671.387349,2082,21,1
1,NewOrder,1771507671.388904,47279,0,1
2,Payment,1771507671.389252,6162,18,1
2,Payment,1771507671.389303,9036,16,1
1,NewOrder,1771507671.389447,5932,21,1
4,Delivery,1771507671.389618,6484,4,1
1,NewOrder,1771507671.391659,21335,22,1
1,NewOrder,1771507671.393750,32309,13,1
2,Payment,1771507671.395396,1562,21,1
2,Payment,1771507671.395438,3221,18,1
2,Payment,1771507671.395462,7547,9,1
1,NewOrder,1771507671.395508,33224,2,1
3,OrderStatus,1771507671.395828,3237,1,1
2,Payment,1771507671.396124,6260,4,1
2,Payment,1771507671.396488,17504,10,1
1,NewOrder,1771507671.396970,6260,21,1
2,Payment,1771507671.397959,6864,7,1
2,Payment,1771507671.398359,1714,16,1
3,OrderStatus,1771507671.398686,1036,18,1
1,NewOrder,1771507671.399086,9934,1,1
3,OrderStatus,1771507671.399742,963,18,1
1,NewOrder,1771507671.400089,7335,16,1
1,NewOrder,1771507671.400425,34413,5,1
1,NewOrder,1771507671.400723,4009,18,1
2,Payment,1771507671.402405,17264,4,1
1,NewOrder,1771507671.403024,28811,9,1
2,Payment,1771507671.403242,1168,21,1
2,Payment,1771507671.404434,2782,21,1
2,Payment,1771507671.404748,3894,18,1
2,Payment,1771507671.404850,2601,7,1
2,Payment,1771507671.405999,4628,17,1
4,Delivery,1771507671.407050,12099,6,1
2,Payment,1771507671.407233,5693,21,1
2,Payment,1771507671.407317,5702,15,1
1,NewOrder,1771507671.407442,21213,16,1
2,Payment,1771507671.407470,17858,7,1
1,NewOrder,1771507671.408670,4289,18,1
1,NewOrder,1771507671.409035,30195,1,1
1,NewOrder,1771507671.410653,34680,17,1
2,Payment,1771507671.411515,3987,20,1
1,NewOrder,1771507671.412945,4894,21,1
1,NewOrder,1771507671.412980,4893,18,1
1,NewOrder,1771507671.413021,20468,22,1
2,Payment,1771507671.413045,4553,15,1
1,NewOrder,1771507671.413979,43448,12,1
2,Payment,1771507671.414017,10501,10,1
2,Payment,1771507671.415201,10861,23,1
2,Payment,1771507671.415517,16055,20,1
4,Delivery,1771507671.416331,90620,11,1
2,Payment,1771507671.417612,19638,15,1
2,Payment,1771507671.417857,10145,21,1
1,NewOrder,1771507671.417901,5859,18,1
4,Delivery,1771507671.419171,88284,6,1
1,NewOrder,1771507671.419686,36919,4,1
1,NewOrder,1771507671.423786,35730,18,1
2,Payment,1771507671.424102,15223,14,1
2,Payment,1771507671.424564,17921,10,1
1,NewOrder,1771507671.425377,5131,7,1
2,Payment,1771507671.426108,18040,13,1
1,NewOrder,1771507671.426112,37646,23,1
2,Payment,1771507671.428041,4107,21,1
2,Payment,1771507671.428682,18705,16,1
1,NewOrder,1771507671.428756,37632,2,1
1,NewOrder,1771507671.429467,24417,8,1
1,NewOrder,1771507671.430530,8526,7,1
4,Delivery,1771507671.431593,34783,20,1
3,OrderStatus,1771507671.431852,4021,9,1
1,NewOrder,1771507671.432165,5703,21,1
2,Payment,1771507671.432799,10178,3,1
1,NewOrder,1771507671.433504,29101,22,1
1,NewOrder,1771507671.434861,31900,5,1
2,Payment,1771507671.435899,19575,9,1
1,NewOrder,1771507671.436210,12805,0,1
2,Payment,1771507671.437267,11802,15,1
2,Payment,1771507671.437885,2091,21,1
2,Payment,1771507671.439081,5999,7,1
5,StockLevel,1771507671.439256,1517,1,1
1,NewOrder,1771507671.439349,14158,14,1
1,NewOrder,1771507671.439979,26071,19,1
1,NewOrder,1771507671.439992,41891,21,1
1,NewOrder,1771507671.440790,3660,1,1
5,StockLevel,1771507671.442499,15067,10,1
1,NewOrder,1771507671.442995,29573,3,1
1,NewOrder,1771507671.444175,21863,13,1
1,NewOrder,1771507671.444464,5215,1,1
1,NewOrder,1771507671.445107,18271,7,1
4,Delivery,1771507671.445360,69616,17,1
1,NewOrder,1771507671.447410,17386,16,1
1,NewOrder,1771507671.449041,18135,0,1
2,Payment,1771507671.449096,4842,15,1
1,NewOrder,1771507671.449697,40093,1,1
1,NewOrder,1771507671.453524,16655,14,1
1,NewOrder,1771507671.453896,25629,8,1
1,NewOrder,1771507671.453958,33966,15,1
2,Payment,1771507671.455494,9753,9,1
1,NewOrder,1771507671.456629,16249,4,1
1,NewOrder,1771507671.457452,21259,12,1
1,NewOrder,1771507671.457579,30886,10,1
2,Payment,1771507671.459542,8878,18,1
1,NewOrder,1771507671.462631,23613,22,1
2,Payment,1771507671.463398,11267,7,1
1,NewOrder,1771507671.463791,26839,23,1
2,Payment,1771507671.464822,5628,16,1
2,Payment,1771507671.465272,10871,9,1
2,Payment,1771507671.466063,6245,13,1
1,NewOrder,1771507671.466083,32894,19,1
1,NewOrder,1771507671.466393,29747,20,1
2,Payment,1771507671.466412,5139,2,1
2,Payment,1771507671.466777,6313,5,1
2,Payment,1771507671.467195,7870,0,1
1,NewOrder,1771507671.468437,28483,18,1
2,Payment,1771507671.470206,10490,14,1
2,Payment,1771507671.470467,8519,16,1
1,NewOrder,1771507671.471567,17736,2,1
1,NewOrder,1771507671.472324,28110,13,1
5,StockLevel,1771507671.472595,17123,3,1
2,Payment,1771507671.472893,9840,4,1
3,OrderStatus,1771507671.473111,7872,5,1
1,NewOrder,1771507671.474684,25284,7,1
1,NewOrder,1771507671.475092,17715,0,1
2,Payment,1771507671.476169,3409,9,1
1,NewOrder,1771507671.478737,31578,12,1
1,NewOrder,1771507671.479013,4730,16,1
4,Delivery,1771507671.479544,28120,8,1
3,OrderStatus,1771507671.479603,6686,9,1
5,StockLevel,1771507671.480716,10451,14,1
1,NewOrder,1771507671.481004,16337,5,1
2,Payment,1771507671.481898,13001,21,1
1,NewOrder,1771507671.482759,22173,4,1
5,StockLevel,1771507671.483763,1797,16,1
1,NewOrder,1771507671.485573,37603,16,1
2,Payment,1771507671.486256,11063,22,1
1,NewOrder,1771507671.486315,33786,9,1
2,Payment,1771507671.487952,8234,15,1
1,NewOrder,1771507671.488489,19710,10,1
1,NewOrder,1771507671.489321,28712,2,1
1,NewOrder,1771507671.489744,23717,3,1
2,Payment,1771507671.489816,5812,1,1
1,NewOrder,1771507671.490657,37431,23,1
2,Payment,1771507671.491183,7517,14,1
2,Payment,1771507671.492834,6684,0,1
2,Payment,1771507671.494925,4038,21,1
1,NewOrder,1771507671.495654,45116,1,1
1,NewOrder,1771507671.496159,30055,20,1
1,NewOrder,1771507671.496213,21618,15,1
2,Payment,1771507671.496937,7519,18,1
2,Payment,1771507671.497344,15942,22,1
2,Payment,1771507671.497356,6059,5,1
1,NewOrder,1771507671.498719,30005,14,1
2,Payment,1771507671.498988,6603,21,1
1,NewOrder,1771507671.499004,18239,19,1
1,NewOrder,1771507671.499533,31551,0,1
4,Delivery,1771507671.499983,10950,7,1
1,NewOrder,1771507671.500455,27877,13,1
1,NewOrder,1771507671.503442,35957,5,1
2,Payment,1771507671.504475,11253,18,1
1,NewOrder,1771507671.504958,37626,4,1
1,NewOrder,1771507671.505617,5717,21,1
2,Payment,1771507671.506976,8789,11,1
1,NewOrder,1771507671.507477,5977,6,1
2,Payment,1771507671.507681,12745,8,1
2,Payment,1771507671.508222,9577,10,1
2,Payment,1771507671.510342,13016,12,1
2,Payment,1771507671.510948,12295,7,1
5,StockLevel,1771507671.511360,1781,21,1
2,Payment,1771507671.513165,4585,21,1
2,Payment,1771507671.513312,6371,22,1
5,StockLevel,1771507671.513473,1668,6,1
2,Payment,1771507671.513479,6684,3,1
2,Payment,1771507671.515002,10904,17,1
2,Payment,1771507671.515156,3795,6,1
1,NewOrder,1771507671.515755,24607,18,1
4,Delivery,1771507671.515792,76883,11,1
2,Payment,1771507671.517259,16875,19,1
1,NewOrder,1771507671.517770,26860,21,1
1,NewOrder,1771507671.517824,42544,10,1
3,OrderStatus,1771507671.517853,13115,15,1
1,NewOrder,1771507671.518045,28950,2,1
1,NewOrder,1771507671.518973,4294,6,1
2,Payment,1771507671.519708,16414,22,1
2,Payment,1771507671.520128,9647,9,1
2,Payment,1771507671.520187,13179,3,1
1,NewOrder,1771507671.520441,4813,8,1
1,NewOrder,1771507671.523192,41551,16,1
1,NewOrder,1771507671.523269,17815,7,1
1,NewOrder,1771507671.523296,3106,6,1
2,Payment,1771507671.523373,12164,12,1
2,Payment,1771507671.525270,6321,8,1
1,NewOrder,1771507671.525934,40597,17,1
4,Delivery,1771507671.526242,39689,20,1
3,OrderStatus,1771507671.526422,921,6,1
1,NewOrder,1771507671.527359,2770,6,1
2,Payment,1771507671.528113,10425,23,1
1,NewOrder,1771507671.528355,35360,13,1
3,OrderStatus,1771507671.528741,11717,14,1
1,NewOrder,1771507671.529802,22148,9,1
2,Payment,1771507671.530144,2419,6,1
2,Payment,1771507671.530987,11456,15,1
2,Payment,1771507671.531112,10463,0,1
3,OrderStatus,1771507671.531609,6182,8,1
2,Payment,1771507671.532579,1518,6,1
2,Payment,1771507671.533393,11238,3,1
2,Payment,1771507671.534113,1568,6,1
1,NewOrder,1771507671.534160,21508,19,1
2,Payment,1771507671.535552,10198,12,1
2,Payment,1771507671.535746,1289,6,1
1,NewOrder,1771507671.536148,7202,22,1
2,Payment,1771507671.537049,1857,6,1
2,Payment,1771507671.537810,7405,8,1
4,Delivery,1771507671.538557,27788,23,1
1,NewOrder,1771507671.538921,11851,6,1
1,NewOrder,1771507671.539416,26484,5,1
2,Payment,1771507671.540382,9238,18,1
2,Payment,1771507671.540478,7419,14,1
1,NewOrder,1771507671.540789,30380,1,1
2,Payment,1771507671.541097,6395,7,1
2,Payment,1771507671.541602,6273,0,1
5,StockLevel,1771507671.542455,16544,15,1
1,NewOrder,1771507671.542612,31504,4,1
2,Payment,1771507671.543364,7795,22,1
2,Payment,1771507671.544650,7821,21,1
1,NewOrder,1771507671.544658,22794,3,1
3,OrderStatus,1771507671.545235,6382,8,1
1,NewOrder,1771507671.545770,22824,12,1
2,Payment,1771507671.547011,9110,2,1
1,NewOrder,1771507671.547507,24964,7,1
1,NewOrder,1771507671.547893,24618,0,1
4,Delivery,1771507671.547916,31485,14,1
1,NewOrder,1771507671.549637,33212,18,1
2,Payment,1771507671.550790,8076,6,1
1,NewOrder,1771507671.551186,22594,22,1
1,NewOrder,1771507671.551634,17852,8,1
2,Payment,1771507671.551963,16677,9,1
1,NewOrder,1771507671.552493,17086,21,1
1,NewOrder,1771507671.555687,25000,19,1
1,NewOrder,1771507671.556140,16562,2,1
2,Payment,1771507671.558882,6628,6,1
1,NewOrder,1771507671.559019,22426,15,1
1,NewOrder,1771507671.560386,25247,10,1
2,Payment,1771507671.563734,6935,13,1
2,Payment,1771507671.564760,12522,16,1
1,NewOrder,1771507671.565522,31446,6,1
5,StockLevel,1771507671.565923,15005,5,1
2,Payment,1771507671.565950,10985,20,1
1,NewOrder,1771507671.566366,14234,23,1
2,Payment,1771507671.566544,12486,17,1
1,NewOrder,1771507671.567472,34507,3,1
1,NewOrder,1771507671.568613,40888,12,1
2,Payment,1771507671.568666,2379,9,1
1,NewOrder,1771507671.569501,15825,8,1
2,Payment,1771507671.569605,9759,21,1
1,NewOrder,1771507671.570684,36941,13,1
1,NewOrder,1771507671.571067,15284,9,1
2,Payment,1771507671.571194,6154,1,1
3,OrderStatus,1771507671.572497,4675,7,1
1,NewOrder,1771507671.572531,18729,0,1
2,Payment,1771507671.572724,6618,2,1
1,NewOrder,1771507671.573800,34342,22,1
1,NewOrder,1771507671.574151,16596,4,1
1,NewOrder,1771507671.576952,34868,20,1
1,NewOrder,1771507671.577203,24418,7,1
1,NewOrder,1771507671.577306,32677,16,1
1,NewOrder,1771507671.577362,34901,1,1
1,NewOrder,1771507671.579045,27496,17,1
2,Payment,1771507671.579368,4601,2,1
2,Payment,1771507671.579384,2496,21,1
2,Payment,1771507671.579427,7617,14,1
1,NewOrder,1771507671.580616,40326,23,1
2,Payment,1771507671.580702,9001,19,1
2,Payment,1771507671.580942,8292,5,1
2,Payment,1771507671.581460,8221,15,1
1,NewOrder,1771507671.581894,29275,21,1
1,NewOrder,1771507671.582875,25069,18,1
1,NewOrder,1771507671.583983,26380,2,1
2,Payment,1771507671.585343,7744,8,1
1,NewOrder,1771507671.585648,28540,10,1
3,OrderStatus,1771507671.586366,7989,9,1
1,NewOrder,1771507671.587072,20508,14,1
1,NewOrder,1771507671.589257,21080,5,1
1,NewOrder,1771507671.589703,22739,15,1
1,NewOrder,1771507671.589719,24243,19,1
1,NewOrder,1771507671.590764,23143,4,1
2,Payment,1771507671.591275,8389,0,1
1,NewOrder,1771507671.592692,25865,11,1
2,Payment,1771507671.593099,7477,8,1
1,NewOrder,1771507671.594377,30375,9,1
1,NewOrder,1771507671.596985,34743,6,1
1,NewOrder,1771507671.599690,22679,0,1
2,Payment,1771507671.600594,7095,8,1
1,NewOrder,1771507671.601634,17721,7,1
2,Payment,1771507671.601991,7026,3,1
1,NewOrder,1771507671.606558,27168,17,1
1,NewOrder,1771507671.607606,37625,14,1
2,Payment,1771507671.607652,4580,13,1
1,NewOrder,1771507671.607714,29497,8,1
2,Payment,1771507671.607960,8464,18,1
2,Payment,1771507671.608168,10271,22,1
1,NewOrder,1771507671.609030,33463,3,1
2,Payment,1771507671.609516,4626,12,1
2,Payment,1771507671.609997,12224,16,1
2,Payment,1771507671.610356,9377,5,1
2,Payment,1771507671.610382,7585,2,1
4,Delivery,1771507671.611196,41186,21,1
2,Payment,1771507671.611845,9385,20,1
2,Payment,1771507671.612246,8569,13,1
2,Payment,1771507671.612290,9363,1,1
3,OrderStatus,1771507671.612468,7537,15,1
5,StockLevel,1771507671.613931,14404,4,1
2,Payment,1771507671.613979,10299,19,1
2,Payment,1771507671.614168,9466,12,1
2,Payment,1771507671.614204,7342,10,1
2,Payment,1771507671.616445,9843,18,1
1,NewOrder,1771507671.617994,34041,2,1
2,Payment,1771507671.618456,4166,22,1
1,NewOrder,1771507671.618582,31351,11,1
2,Payment,1771507671.619376,8662,7,1
2,Payment,1771507671.619748,5700,5,1
3,OrderStatus,1771507671.620020,8262,15,1
1,NewOrder,1771507671.620840,36723,13,1
1,NewOrder,1771507671.620959,23608,23,1
2,Payment,1771507671.621247,7699,20,1
1,NewOrder,1771507671.621560,23807,10,1
2,Payment,1771507671.621679,5150,1,1
1,NewOrder,1771507671.622238,28006,16,1
2,Payment,1771507671.622397,8640,0,1
1,NewOrder,1771507671.622635,20175,22,1
1,NewOrder,1771507671.623648,28374,12,1
1,NewOrder,1771507671.624295,20231,19,1
1,NewOrder,1771507671.624767,19355,9,1
2,Payment,1771507671.625462,7676,5,1
1,NewOrder,1771507671.626301,35338,18,1
1,NewOrder,1771507671.626848,33547,1,1
1,NewOrder,1771507671.628050,24009,7,1
1,NewOrder,1771507671.628303,36351,15,1
1,NewOrder,1771507671.628362,22172,4,1
2,Payment,1771507671.628960,6301,20,1
2,Payment,1771507671.631064,7639,0,1
2,Payment,1771507671.631741,8943,6,1
2,Payment,1771507671.633165,8367,5,1
1,NewOrder,1771507671.633744,35658,17,1
2,Payment,1771507671.635279,9315,20,1
1,NewOrder,1771507671.637223,28671,8,1
1,NewOrder,1771507671.638731,20864,0,1
2,Payment,1771507671.640712,8075,6,1
1,NewOrder,1771507671.641559,17987,5,1
1,NewOrder,1771507671.642510,35460,3,1
4,Delivery,1771507671.642828,9958,22,1
1,NewOrder,1771507671.644135,28372,9,1
1,NewOrder,1771507671.644552,24248,19,1
1,NewOrder,1771507671.644592,27328,23,1
2,Payment,1771507671.644610,6353,20,1
2,Payment,1771507671.645247,7332,14,1
3,OrderStatus,1771507671.645382,6753,10,1
2,Payment,1771507671.648804,10598,6,1
1,NewOrder,1771507671.649957,30218,11,1
2,Payment,1771507671.650271,8417,16,1
1,NewOrder,1771507671.650560,28175,4,1
1,NewOrder,1771507671.650991,36726,20,1
1,NewOrder,1771507671.652039,31583,12,1
2,Payment,1771507671.652062,7535,2,1
1,NewOrder,1771507671.652085,17222,7,1
1,NewOrder,1771507671.652156,27344,10,1
1,NewOrder,1771507671.652410,18641,21,1
2,Payment,1771507671.652605,7702,14,1
1,NewOrder,1771507671.652801,11468,22,1
2,Payment,1771507671.657590,7428,13,1
1,NewOrder,1771507671.658715,32628,16,1
3,OrderStatus,1771507671.659422,5264,6,1
1,NewOrder,1771507671.659574,34268,5,1
1,NewOrder,1771507671.659613,29342,2,1
2,Payment,1771507671.659622,6231,0,1
1,NewOrder,1771507671.660322,18578,14,1
2,Payment,1771507671.660413,7045,1,1
1,NewOrder,1771507671.661664,26528,18,1
2,Payment,1771507671.664294,8235,22,1
1,NewOrder,1771507671.664675,18451,15,1
1,NewOrder,1771507671.664705,24645,6,1
1,NewOrder,1771507671.665040,21805,13,1
1,NewOrder,1771507671.665870,27676,0,1
2,Payment,1771507671.665920,9565,8,1
2,Payment,1771507671.667476,10759,1,1
1,NewOrder,1771507671.668822,21912,19,1
2,Payment,1771507671.669323,8964,7,1
2,Payment,1771507671.669429,8531,17,1
2,Payment,1771507671.671083,7924,21,1
2,Payment,1771507671.671947,10301,23,1
1,NewOrder,1771507671.672533,22721,9,1
5,StockLevel,1771507671.672545,16520,22,1
2,Payment,1771507671.675512,8224,8,1
1,NewOrder,1771507671.677981,40020,17,1
3,OrderStatus,1771507671.677989,5199,3,1
3,OrderStatus,1771507671.678247,5184,1,1
4,Delivery,1771507671.678314,21768,7,1
2,Payment,1771507671.678752,7396,4,1
2,Payment,1771507671.678922,8866,14,1
1,NewOrder,1771507671.679033,27625,21,1
2,Payment,1771507671.679516,10460,10,1
1,NewOrder,1771507671.680201,37938,11,1
4,Delivery,1771507671.682266,66638,23,1
1,NewOrder,1771507671.683152,29896,15,1
4,Delivery,1771507671.683215,41475,3,1
1,NewOrder,1771507671.683445,17302,1,1
1,NewOrder,1771507671.683640,20410,12,1
1,NewOrder,1771507671.683762,29787,8,1
1,NewOrder,1771507671.686175,14556,4,1
1,NewOrder,1771507671.686871,26715,13,1
2,Payment,1771507671.687733,6560,20,1
1,NewOrder,1771507671.687808,27089,14,1
2,Payment,1771507671.688219,7807,18,1
2,Payment,1771507671.688981,5948,2,1
2,Payment,1771507671.689092,8626,22,1
1,NewOrder,1771507671.689377,31876,6,1
2,Payment,1771507671.689991,9666,10,1
2,Payment,1771507671.690746,9376,19,1
2,Payment,1771507671.691364,8762,16,1
2,Payment,1771507671.693565,7069,0,1
1,NewOrder,1771507671.693855,17538,5,1
1,NewOrder,1771507671.694317,24674,20,1
2,Payment,1771507671.694955,7807,2,1
1,NewOrder,1771507671.695281,18238,9,1
2,Payment,1771507671.696053,7012,18,1
1,NewOrder,1771507671.697735,19626,22,1
1,NewOrder,1771507671.699673,22939,10,1
1,NewOrder,1771507671.700104,17239,7,1
1,NewOrder,1771507671.700148,17953,16,1
2,Payment,1771507671.700151,8078,19,1
2,Payment,1771507671.700650,9672,0,1
1,NewOrder,1771507671.700750,28801,4,1
2,Payment,1771507671.700762,7794,1,1
1,NewOrder,1771507671.702789,19585,2,1
1,NewOrder,1771507671.703084,29525,18,1
1,NewOrder,1771507671.704066,35128,12,1
1,NewOrder,1771507671.706685,16780,21,1
5,StockLevel,1771507671.708244,16258,19,1
2,Payment,1771507671.708575,8735,1,1
1,NewOrder,1771507671.710339,19186,0,1
1,NewOrder,1771507671.711406,26762,5,1
1,NewOrder,1771507671.713076,29586,15,1
4,Delivery,1771507671.713537,37514,9,1
1,NewOrder,1771507671.713564,30742,8,1
1,NewOrder,1771507671.713614,28185,13,1
2,Payment,1771507671.714923,7697,14,1
2,Payment,1771507671.717329,6741,1,1
1,NewOrder,1771507671.717363,37417,7,1
1,NewOrder,1771507671.717379,26958,22,1
1,NewOrder,1771507671.718026,20785,17,1
1,NewOrder,1771507671.718117,22760,16,1
2,Payment,1771507671.718166,6489,11,1
1,NewOrder,1771507671.719008,31099,20,1
1,NewOrder,1771507671.721278,23556,6,1
1,NewOrder,1771507671.722400,27317,2,1
1,NewOrder,1771507671.722629,25054,10,1
2,Payment,1771507671.722639,6405,14,1
1,NewOrder,1771507671.723490,33034,21,1
2,Payment,1771507671.724088,6742,1,1
2,Payment,1771507671.724529,7590,19,1
2,Payment,1771507671.724670,7906,11,1
1,NewOrder,1771507671.724718,22931,3,1
3,OrderStatus,1771507671.729068,8458,14,1
2,Payment,1771507671.729544,7381,0,1
2,Payment,1771507671.729572,8829,4,1
2,Payment,1771507671.730847,10675,1,1
1,NewOrder,1771507671.732146,34522,19,1
2,Payment,1771507671.732590,11120,11,1
1,NewOrder,1771507671.732636,31088,18,1
2,Payment,1771507671.736950,9887,0,1
1,NewOrder,1771507671.737551,36757,14,1
1,NewOrder,1771507671.738194,24742,5,1
2,Payment,1771507671.738428,5865,4,1
5,StockLevel,1771507671.738833,12936,17,1
2,Payment,1771507671.739208,8022,12,1
1,NewOrder,1771507671.740903,21768,16,1
1,NewOrder,1771507671.741536,24940,1,1
2,Payment,1771507671.741826,8715,13,1
2,Payment,1771507671.742683,9598,15,1
1,NewOrder,1771507671.743724,34675,11,1
2,Payment,1771507671.744320,8682,4,1
1,NewOrder,1771507671.744334,28646,8,1
2,Payment,1771507671.744364,7645,22,1
1,NewOrder,1771507671.744851,21819,6,1
1,NewOrder,1771507671.746863,30707,0,1
1,NewOrder,1771507671.747257,21653,12,1
1,NewOrder,1771507671.747666,28172,3,1
1,NewOrder,1771507671.747711,18219,10,1
2,Payment,1771507671.748923,10250,23,1
1,NewOrder,1771507671.749742,16756,2,1
2,Payment,1771507671.750124,11887,20,1
2,Payment,1771507671.750556,9018,13,1
1,NewOrder,1771507671.751062,19133,9,1
1,NewOrder,1771507671.751783,40117,17,1
3,OrderStatus,1771507671.752035,7583,22,1
2,Payment,1771507671.752301,5834,15,1
1,NewOrder,1771507671.753022,30619,4,1
2,Payment,1771507671.754797,8163,7,1
1,NewOrder,1771507671.756540,23972,21,1
2,Payment,1771507671.758153,9029,15,1
2,Payment,1771507671.759191,15452,23,1
2,Payment,1771507671.759589,5403,13,1
2,Payment,1771507671.759645,9799,22,1
2,Payment,1771507671.762030,18015,20,1
3,OrderStatus,1771507671.762698,5684,16,1
2,Payment,1771507671.762956,8919,5,1
2,Payment,1771507671.762978,7656,7,1
2,Payment,1771507671.763737,17915,18,1
1,NewOrder,1771507671.765010,19095,13,1
1,NewOrder,1771507671.765956,37391,10,1
1,NewOrder,1771507671.766503,23952,1,1
1,NewOrder,1771507671.766514,18164,2,1
1,NewOrder,1771507671.766686,25728,6,1
2,Payment,1771507671.766697,9468,19,1
2,Payment,1771507671.767209,7529,15,1
1,NewOrder,1771507671.768400,38073,16,1
5,StockLevel,1771507671.768931,17277,12,1
2,Payment,1771507671.769463,9047,22,1
1,NewOrder,1771507671.770220,36274,9,1
2,Payment,1771507671.770660,6875,7,1
1,NewOrder,1771507671.771903,20563,5,1
1,NewOrder,1771507671.772999,20115,8,1
1,NewOrder,1771507671.774329,18182,14,1
1,NewOrder,1771507671.774663,27394,23,1
2,Payment,1771507671.774764,8420,15,1
1,NewOrder,1771507671.775865,27812,3,1
2,Payment,1771507671.776191,7386,19,1
1,NewOrder,1771507671.777551,26348,7,1
3,OrderStatus,1771507671.777587,7023,0,1
2,Payment,1771507671.778426,8799,11,1
1,NewOrder,1771507671.778536,18038,22,1
2,Payment,1771507671.780063,6037,20,1
2,Payment,1771507671.780539,7543,21,1
1,NewOrder,1771507671.781678,9421,18,1
1,NewOrder,1771507671.783208,29828,15,1
5,StockLevel,1771507671.783598,19588,19,1
2,Payment,1771507671.783659,7476,4,1
2,Payment,1771507671.784132,8807,13,1
4,Delivery,1771507671.784637,16244,0,1
2,Payment,1771507671.784696,8137,2,1
1,NewOrder,1771507671.786116,14917,20,1
2,Payment,1771507671.786226,8950,12,1
1,NewOrder,1771507671.787252,27652,11,1
1,NewOrder,1771507671.788099,17954,21,1
1,NewOrder,1771507671.790472,34337,1,1
2,Payment,1771507671.791112,9801,18,1
2,Payment,1771507671.791151,8091,4,1
2,Payment,1771507671.791918,9476,17,1
2,Payment,1771507671.792428,9528,6,1
1,NewOrder,1771507671.792493,35328,5,1
1,NewOrder,1771507671.792536,30357,14,1
1,NewOrder,1771507671.792860,16190,2,1
1,NewOrder,1771507671.792964,30427,13,1
1,NewOrder,1771507671.793129,36891,8,1
2,Payment,1771507671.795203,8895,12,1
1,NewOrder,1771507671.796595,37821,22,1
2,Payment,1771507671.799262,7463,4,1
1,NewOrder,1771507671.800898,28745,0,1
2,Payment,1771507671.800931,5777,18,1
1,NewOrder,1771507671.801060,20043,20,1
1,NewOrder,1771507671.801408,19589,17,1
2,Payment,1771507671.801968,6712,6,1
1,NewOrder,1771507671.802084,16995,23,1
2,Payment,1771507671.803211,7542,19,1
2,Payment,1771507671.803374,7344,10,1
1,NewOrder,1771507671.803693,23102,3,1
1,NewOrder,1771507671.803920,21404,7,1
2,Payment,1771507671.804125,6114,12,1
1,NewOrder,1771507671.806079,32179,21,1
2,Payment,1771507671.806488,7374,16,1
1,NewOrder,1771507671.806522,32999,9,1
2,Payment,1771507671.806723,5111,18,1
1,NewOrder,1771507671.806743,31506,4,1
3,OrderStatus,1771507671.808692,5514,6,1
1,NewOrder,1771507671.809076,29144,2,1
1,NewOrder,1771507671.810264,24609,12,1
2,Payment,1771507671.810744,5677,10,1
2,Payment,1771507671.810772,6018,19,1
3,OrderStatus,1771507671.811849,1009,18,1
5,StockLevel,1771507671.812882,1471,18,1
2,Payment,1771507671.813055,9078,15,1
2,Payment,1771507671.813887,6623,16,1
2,Payment,1771507671.814229,6305,6,1
1,NewOrder,1771507671.814372,5576,18,1
4,Delivery,1771507671.814919,61683,11,1
2,Payment,1771507671.816448,6337,10,1
2,Payment,1771507671.816817,6533,19,1
3,OrderStatus,1771507671.819095,6813,23,1
1,NewOrder,1771507671.819964,4208,18,1
1,NewOrder,1771507671.820537,17242,16,1
1,NewOrder,1771507671.820561,27219,6,1
1,NewOrder,1771507671.821015,17821,17,1
2,Payment,1771507671.821129,7138,20,1
3,OrderStatus,1771507671.822159,3147,15,1
4,Delivery,1771507671.822812,54035,10,1
3,OrderStatus,1771507671.822919,6679,14,1
1,NewOrder,1771507671.823368,31604,19,1
1,NewOrder,1771507671.823416,28722,13,1
4,Delivery,1771507671.824187,21257,18,1
1,NewOrder,1771507671.824823,20623,1,1
2,Payment,1771507671.825317,9510,15,1
1,NewOrder,1771507671.825351,24403,7,1
2,Payment,1771507671.825921,8975,23,1
2,Payment,1771507671.826821,8022,3,1
4,Delivery,1771507671.827835,67801,5,1
3,OrderStatus,1771507671.828293,6398,20,1
1,NewOrder,1771507671.829619,19269,14,1
1,NewOrder,1771507671.829660,21785,0,1
2,Payment,1771507671.830040,8157,8,1
2,Payment,1771507671.834443,9005,22,1
5,StockLevel,1771507671.834717,16332,20,1
1,NewOrder,1771507671.834853,23793,15,1
1,NewOrder,1771507671.834864,20588,3,1
2,Payment,1771507671.834900,7021,12,1
2,Payment,1771507671.834915,6008,23,1
2,Payment,1771507671.837806,7095,16,1
1,NewOrder,1771507671.838214,34192,8,1
1,NewOrder,1771507671.838237,28378,2,1
1,NewOrder,1771507671.838275,19850,4,1
2,Payment,1771507671.838285,9977,21,1
1,NewOrder,1771507671.838848,28216,17,1
1,NewOrder,1771507671.839536,17675,9,1
2,Payment,1771507671.840942,11803,23,1
2,Payment,1771507671.841947,8580,12,1
3,OrderStatus,1771507671.843474,5271,22,1
5,StockLevel,1771507671.844919,14373,16,1
4,Delivery,1771507671.845474,13198,18,1
1,NewOrder,1771507671.845477,37780,1,1
1,NewOrder,1771507671.847807,34140,6,1
1,NewOrder,1771507671.848289,34828,21,1
4,Delivery,1771507671.848772,10299,22,1
1,NewOrder,1771507671.848904,34088,14,1
1,NewOrder,1771507671.849773,19708,7,1
1,NewOrder,1771507671.850554,14884,12,1
2,Payment,1771507671.851076,8383,20,1
2,Payment,1771507671.851461,7273,0,1
2,Payment,1771507671.852165,7319,13,1
1,NewOrder,1771507671.852761,21978,23,1
1,NewOrder,1771507671.854998,17048,19,1
1,NewOrder,1771507671.855473,29387,3,1
3,OrderStatus,1771507671.857228,7658,9,1
1,NewOrder,1771507671.858142,38047,4,1
1,NewOrder,1771507671.858668,16585,15,1
2,Payment,1771507671.858693,7963,18,1
2,Payment,1771507671.858760,7261,0,1
1,NewOrder,1771507671.859088,10140,22,1
1,NewOrder,1771507671.859307,24281,16,1
2,Payment,1771507671.859471,11020,20,1
4,Delivery,1771507671.859503,23380,13,1
2,Payment,1771507671.864906,8024,9,1
1,NewOrder,1771507671.865464,25747,12,1
1,NewOrder,1771507671.866044,36466,0,1
1,NewOrder,1771507671.866629,18633,2,1
2,Payment,1771507671.866679,8512,18,1
2,Payment,1771507671.867084,10076,17,1
1,NewOrder,1771507671.869254,31549,22,1
1,NewOrder,1771507671.869501,19105,7,1
1,NewOrder,1771507671.870508,29428,20,1
2,Payment,1771507671.872073,13498,19,1
1,NewOrder,1771507671.872433,22407,8,1
2,Payment,1771507671.872952,9975,9,1
2,Payment,1771507671.874765,8470,23,1
1,NewOrder,1771507671.875218,33565,18,1
3,OrderStatus,1771507671.875275,6702,15,1
1,NewOrder,1771507671.876628,35941,11,1
1,NewOrder,1771507671.876862,6021,10,1
5,StockLevel,1771507671.877200,20508,17,1
1,NewOrder,1771507671.881973,27833,6,1
1,NewOrder,1771507671.881998,24934,15,1
1,NewOrder,1771507671.882896,31771,13,1
1,NewOrder,1771507671.882905,2641,10,1
1,NewOrder,1771507671.882943,17836,9,1
2,Payment,1771507671.883020,5086,14,1
1,NewOrder,1771507671.883136,17619,21,1
1,NewOrder,1771507671.883247,24013,23,1
2,Payment,1771507671.883284,6687,1,1
2,Payment,1771507671.883602,12901,16,1
1,NewOrder,1771507671.884880,25679,3,1
2,Payment,1771507671.885281,11719,2,1
2,Payment,1771507671.885563,1312,10,1
2,Payment,1771507671.885588,1599,19,1
2,Payment,1771507671.886890,2036,10,1
1,NewOrder,1771507671.887202,23624,19,1
1,NewOrder,1771507671.888133,18891,14,1
1,NewOrder,1771507671.888632,24689,7,1
1,NewOrder,1771507671.888941,4507,10,1
1,NewOrder,1771507671.889988,34208,1,1
1,NewOrder,1771507671.891239,31326,12,1
5,StockLevel,1771507671.893461,16007,10,1
1,NewOrder,1771507671.894867,38638,8,1
2,Payment,1771507671.895650,10621,5,1
2,Payment,1771507671.896216,11517,4,1
1,NewOrder,1771507671.896523,32351,16,1
1,NewOrder,1771507671.897013,34055,2,1
2,Payment,1771507671.897735,7372,17,1
2,Payment,1771507671.899953,7331,20,1
3,OrderStatus,1771507671.900781,3824,21,1
1,NewOrder,1771507671.900801,28099,9,1
1,NewOrder,1771507671.900830,25115,22,1
2,Payment,1771507671.902530,7885,0,1
1,NewOrder,1771507671.904624,35136,21,1
2,Payment,1771507671.905134,6201,17,1
2,Payment,1771507671.906297,9651,5,1
2,Payment,1771507671.906959,8428,15,1
2,Payment,1771507671.907051,10014,14,1
5,StockLevel,1771507671.907275,16623,23,1
2,Payment,1771507671.907302,8392,20,1
2,Payment,1771507671.907760,5440,4,1
2,Payment,1771507671.908798,8625,18,1
1,NewOrder,1771507671.909495,18888,10,1
2,Payment,1771507671.909822,8896,6,1
1,NewOrder,1771507671.910431,38079,0,1
2,Payment,1771507671.910587,6866,3,1
1,NewOrder,1771507671.910853,28131,19,1
1,NewOrder,1771507671.911355,33120,17,1
2,Payment,1771507671.912585,7976,11,1
1,NewOrder,1771507671.913227,22666,4,1
1,NewOrder,1771507671.913348,17761,7,1
1,NewOrder,1771507671.914686,30780,13,1
2,Payment,1771507671.915406,8183,15,1
4,Delivery,1771507671.915710,32908,20,1
2,Payment,1771507671.915965,8259,5,1
2,Payment,1771507671.917085,11897,14,1
1,NewOrder,1771507671.917440,29637,18,1
1,NewOrder,1771507671.917479,26519,3,1
2,Payment,1771507671.918745,6241,6,1
1,NewOrder,1771507671.920587,15769,11,1
4,Delivery,1771507671.922591,13735,12,1
1,NewOrder,1771507671.923616,21824,15,1
5,StockLevel,1771507671.923910,15694,23,1
1,NewOrder,1771507671.924208,28209,1,1
2,Payment,1771507671.924243,9984,5,1
1,NewOrder,1771507671.925001,23101,6,1
1,NewOrder,1771507671.925971,24167,22,1
1,NewOrder,1771507671.928399,19996,10,1
1,NewOrder,1771507671.928884,30510,16,1
5,StockLevel,1771507671.928923,17866,9,1
1,NewOrder,1771507671.929007,32609,14,1
2,Payment,1771507671.931085,9445,2,1
2,Payment,1771507671.931136,8986,7,1
3,OrderStatus,1771507671.933521,6517,8,1
2,Payment,1771507671.934253,7906,5,1
1,NewOrder,1771507671.935921,16920,4,1
1,NewOrder,1771507671.936342,29421,12,1
2,Payment,1771507671.936381,15000,11,1
2,Payment,1771507671.939011,5965,19,1
1,NewOrder,1771507671.939634,33343,23,1
2,Payment,1771507671.939778,7925,21,1
2,Payment,1771507671.940063,8420,8,1
2,Payment,1771507671.940148,6372,7,1
4,Delivery,1771507671.940557,35355,2,1
1,NewOrder,1771507671.942185,24096,5,1
4,Delivery,1771507671.944017,32263,3,1
1,NewOrder,1771507671.944501,31760,17,1
4,Delivery,1771507671.945003,4060,19,1
2,Payment,1771507671.945455,7322,15,1
1,NewOrder,1771507671.945482,27981,13,1
1,NewOrder,1771507671.946537,29701,7,1
2,Payment,1771507671.946815,10290,9,1
1,NewOrder,1771507671.947094,31672,18,1
1,NewOrder,1771507671.947717,30685,21,1
1,NewOrder,1771507671.948129,30589,6,1
5,StockLevel,1771507671.948422,14573,10,1
2,Payment,1771507671.948497,10411,8,1
2,Payment,1771507671.948532,6889,0,1
1,NewOrder,1771507671.948635,24229,20,1
1,NewOrder,1771507671.949081,26374,19,1
1,NewOrder,1771507671.950152,32971,22,1
1,NewOrder,1771507671.951393,22084,11,1
2,Payment,1771507671.952432,8068,1,1
1,NewOrder,1771507671.952805,20799,15,1
1,NewOrder,1771507671.952868,27793,4,1
1,NewOrder,1771507671.955446,32308,0,1
2,Payment,1771507671.957120,9133,9,1
3,OrderStatus,1771507671.958934,1965,8,1
1,NewOrder,1771507671.959421,29406,16,1
2,Payment,1771507671.960527,8548,1,1
1,NewOrder,1771507671.960916,25222,8,1
2,Payment,1771507671.961633,11864,14,1
2,Payment,1771507671.963018,9859,10,1
2,Payment,1771507671.965783,10183,12,1
1,NewOrder,1771507671.966270,33110,9,1
2,Payment,1771507671.966300,7220,5,1
1,NewOrder,1771507671.969101,22308,1,1
1,NewOrder,1771507671.972890,20143,20,1
1,NewOrder,1771507671.972896,24560,10,1
1,NewOrder,1771507671.973005,20686,23,1
2,Payment,1771507671.973481,10675,13,1
1,NewOrder,1771507671.973492,17847,11,1
1,NewOrder,1771507671.973524,14198,14,1
1,NewOrder,1771507671.973548,31786,5,1
2,Payment,1771507671.973631,8965,15,1
1,NewOrder,1771507671.975482,28020,19,1
1,NewOrder,1771507671.975933,22456,2,1
2,Payment,1771507671.975986,10565,12,1
1,NewOrder,1771507671.976251,21259,7,1
1,NewOrder,1771507671.976278,15201,17,1
2,Payment,1771507671.976295,1230,3,1
2,Payment,1771507671.977540,1142,3,1
2,Payment,1771507671.978420,6394,21,1
1,NewOrder,1771507671.978697,4261,3,1
2,Payment,1771507671.978747,9599,6,1
2,Payment,1771507671.978788,8212,18,1
2,Payment,1771507671.980687,9627,4,1
1,NewOrder,1771507671.982622,30399,15,1
4,Delivery,1771507671.982974,34656,3,1
2,Payment,1771507671.983151,10352,22,1
2,Payment,1771507671.984182,6896,13,1
1,NewOrder,1771507671.984834,38652,21,1
1,NewOrder,1771507671.986160,24805,8,1
1,NewOrder,1771507671.986578,28142,12,1
1,NewOrder,1771507671.987017,21976,18,1
1,NewOrder,1771507671.987738,20700,14,1
1,NewOrder,1771507671.987769,25661,0,1
3,OrderStatus,1771507671.988366,4748,6,1
1,NewOrder,1771507671.988854,29840,16,1
1,NewOrder,1771507671.990341,23150,4,1
1,NewOrder,1771507671.991102,37139,13,1
2,Payment,1771507671.991366,5726,11,1
2,Payment,1771507671.991425,7304,1,1
2,Payment,1771507671.991500,7428,17,1
1,NewOrder,1771507671.993059,28440,20,1
1,NewOrder,1771507671.993130,33899,6,1
2,Payment,1771507671.993520,7345,22,1
1,NewOrder,1771507671.993705,26308,23,1
1,NewOrder,1771507671.997109,21977,11,1
2,Payment,1771507671.997482,9457,10,1
2,Payment,1771507671.997538,7505,7,1
1,NewOrder,1771507671.998416,34214,2,1
1,NewOrder,1771507671.998756,35768,1,1
2,Payment,1771507671.998955,6493,17,1
1,NewOrder,1771507671.999395,38695,9,1
1,NewOrder,1771507672.000884,37229,22,1
2,Payment,1771507672.003528,9446,19,1
1,NewOrder,1771507672.005069,29924,7,1
2,Payment,1771507672.005348,8082,5,1
2,Payment,1771507672.005475,7537,17,1
2,Payment,1771507672.006966,6137,10,1
2,Payment,1771507672.008465,9930,14,1
1,NewOrder,1771507672.009011,37220,18,1
1,NewOrder,1771507672.010982,37618,8,1
1,NewOrder,1771507672.012994,29047,19,1
4,Delivery,1771507672.013039,53783,17,1
2,Payment,1771507672.013050,7331,15,1
2,Payment,1771507672.013129,5585,10,1
2,Payment,1771507672.013446,7023,0,1
1,NewOrder,1771507672.013457,17477,5,1
1,NewOrder,1771507672.013506,31469,4,1
4,Delivery,1771507672.014744,52434,12,1
1,NewOrder,1771507672.017655,18025,3,1
2,Payment,1771507672.018421,6136,14,1
4,Delivery,1771507672.018720,48461,16,1
1,NewOrder,1771507672.018733,28473,10,1
2,Payment,1771507672.019103,6886,11,1
2,Payment,1771507672.020038,5012,23,1
1,NewOrder,1771507672.020396,14924,15,1
1,NewOrder,1771507672.020486,17287,0,1
1,NewOrder,1771507672.021526,15457,20,1
3,OrderStatus,1771507672.023502,6120,21,1
1,NewOrder,1771507672.024583,26172,14,1
1,NewOrder,1771507672.025068,17808,23,1
1,NewOrder,1771507672.026016,16553,11,1
1,NewOrder,1771507672.027056,21169,6,1
2,Payment,1771507672.028257,8242,13,1
1,NewOrder,1771507672.029648,20271,21,1
2,Payment,1771507672.030961,8896,5,1
2,Payment,1771507672.032648,9735,2,1
2,Payment,1771507672.034543,9915,1,1
2,Payment,1771507672.035009,5730,7,1
2,Payment,1771507672.035346,6968,15,1
1,NewOrder,1771507672.035695,25766,3,1
2,Payment,1771507672.036518,8351,13,1
1,NewOrder,1771507672.036996,18669,20,1
2,Payment,1771507672.037801,8772,0,1
2,Payment,1771507672.038112,6861,9,1
2,Payment,1771507672.038129,9665,22,1
1,NewOrder,1771507672.039871,39908,5,1
2,Payment,1771507672.040758,8497,7,1
2,Payment,1771507672.042058,7821,19,1
1,NewOrder,1771507672.042341,36261,15,1
1,NewOrder,1771507672.042398,14505,2,1
1,NewOrder,1771507672.042590,14965,11,1
2,Payment,1771507672.042889,8682,23,1
2,Payment,1771507672.044475,6206,1,1
4,Delivery,1771507672.044885,22244,13,1
2,Payment,1771507672.044991,7703,9,1
1,NewOrder,1771507672.045002,35308,4,1
1,NewOrder,1771507672.046253,32958,18,1
2,Payment,1771507672.046586,6935,0,1
2,Payment,1771507672.047231,7417,10,1
1,NewOrder,1771507672.047809,30916,22,1
2,Payment,1771507672.048237,8306,6,1
1,NewOrder,1771507672.048612,26563,8,1
1,NewOrder,1771507672.049290,29347,7,1
1,NewOrder,1771507672.049905,34830,19,1
2,Payment,1771507672.049946,6927,21,1
1,NewOrder,1771507672.050707,28476,1,1
1,NewOrder,1771507672.050779,23988,14,1
3,OrderStatus,1771507672.051582,2967,23,1
1,NewOrder,1771507672.052712,32085,9,1
2,Payment,1771507672.053542,6989,0,1
1,NewOrder,1771507672.054559,30199,23,1
3,OrderStatus,1771507672.054662,3720,10,1
1,NewOrder,1771507672.055687,24530,20,1
3,OrderStatus,1771507672.056561,2597,6,1
1,NewOrder,1771507672.056891,39491,21,1
1,NewOrder,1771507672.056921,23259,2,1
1,NewOrder,1771507672.057572,31755,11,1
5,StockLevel,1771507672.058394,11493,10,1
2,Payment,1771507672.059175,5989,6,1
5,StockLevel,1771507672.060544,13289,0,1
2,Payment,1771507672.061480,12852,3,1
2,Payment,1771507672.065212,15330,6,1
3,OrderStatus,1771507672.066839,9486,17,1
2,Payment,1771507672.067146,2766,13,1
2,Payment,1771507672.067199,7258,16,1
1,NewOrder,1771507672.067203,11369,12,1
1,NewOrder,1771507672.069905,38307,10,1
1,NewOrder,1771507672.069931,12802,13,1
2,Payment,1771507672.073852,14671,0,1
2,Payment,1771507672.074359,15823,3,1
1,NewOrder,1771507672.074471,2597,16,1
1,NewOrder,1771507672.074783,26962,14,1
1,NewOrder,1771507672.075192,18123,8,1
5,StockLevel,1771507672.076338,19700,17,1
1,NewOrder,1771507672.077096,3547,16,1
1,NewOrder,1771507672.078586,5367,12,1
3,OrderStatus,1771507672.078617,1194,15,1
2,Payment,1771507672.078664,5196,7,1
2,Payment,1771507672.078752,8836,22,1
1,NewOrder,1771507672.079209,24856,1,1
2,Payment,1771507672.079229,9901,18,1
1,NewOrder,1771507672.079798,16441,5,1
1,NewOrder,1771507672.079826,19199,15,1
2,Payment,1771507672.080205,13495,2,1
2,Payment,1771507672.080232,19372,20,1
4,Delivery,1771507672.080327,56455,4,1
2,Payment,1771507672.080559,10171,6,1
1,NewOrder,1771507672.080668,3633,16,1
1,NewOrder,1771507672.082758,18957,13,1
2,Payment,1771507672.083879,9854,7,1
2,Payment,1771507672.083964,1979,12,1
1,NewOrder,1771507672.084319,21346,16,1
2,Payment,1771507672.084752,17167,19,1
1,NewOrder,1771507672.084772,27432,23,1
5,StockLevel,1771507672.084817,15533,9,1
1,NewOrder,1771507672.085963,3754,12,1
2,Payment,1771507672.087606,9796,22,1
5,StockLevel,1771507672.088551,12259,0,1
2,Payment,1771507672.089145,13673,18,1
1,NewOrder,1771507672.089345,36987,11,1
2,Payment,1771507672.089728,5571,12,1
2,Payment,1771507672.090198,1443,3,1
2,Payment,1771507672.090755,7132,6,1
3,OrderStatus,1771507672.091656,5569,3,1
2,Payment,1771507672.093331,8310,8,1
2,Payment,1771507672.093720,4572,2,1
5,StockLevel,1771507672.093749,12531,7,1
2,Payment,1771507672.095315,6013,12,1
2,Payment,1771507672.096050,13669,17,1
1,NewOrder,1771507672.096260,23933,5,1
2,Payment,1771507672.096401,7990,21,1
1,NewOrder,1771507672.097242,23087,3,1
1,NewOrder,1771507672.097413,29509,22,1
1,NewOrder,1771507672.097913,29634,6,1
3,OrderStatus,1771507672.098310,3845,2,1
2,Payment,1771507672.099044,13918,15,1
1,NewOrder,1771507672.099617,26323,20,1
1,NewOrder,1771507672.100364,31289,9,1
1,NewOrder,1771507672.100828,33545,0,1
1,NewOrder,1771507672.101342,21478,12,1
1,NewOrder,1771507672.101655,22840,8,1
2,Payment,1771507672.101732,14947,13,1
2,Payment,1771507672.101768,13164,14,1
1,NewOrder,1771507672.101938,26076,19,1
2,Payment,1771507672.102173,5697,2,1
1,NewOrder,1771507672.102833,3999,18,1
2,Payment,1771507672.104081,10204,1,1
1,NewOrder,1771507672.104403,25630,21,1
1,NewOrder,1771507672.105680,30092,16,1
1,NewOrder,1771507672.106295,38849,7,1
2,Payment,1771507672.106859,1320,18,1
4,Delivery,1771507672.107897,29091,2,1
2,Payment,1771507672.108195,2279,18,1
2,Payment,1771507672.108228,6567,10,1
2,Payment,1771507672.109733,8798,17,1
1,NewOrder,1771507672.110496,35179,18,1
2,Payment,1771507672.112220,7219,23,1
2,Payment,1771507672.112979,7675,15,1
1,NewOrder,1771507672.114305,19281,1,1
2,Payment,1771507672.114811,7588,10,1
1,NewOrder,1771507672.114952,14056,14,1
1,NewOrder,1771507672.116694,17821,13,1
2,Payment,1771507672.118558,4298,17,1
1,NewOrder,1771507672.119450,31381,23,1
3,OrderStatus,1771507672.120220,9739,5,1
2,Payment,1771507672.120354,7821,3,1
2,Payment,1771507672.120670,7499,15,1
1,NewOrder,1771507672.122419,24336,10,1
1,NewOrder,1771507672.122841,21814,12,1
2,Payment,1771507672.122875,8078,17,1
1,NewOrder,1771507672.124515,20368,8,1
2,Payment,1771507672.125954,6872,20,1
2,Payment,1771507672.126352,6916,11,1
2,Payment,1771507672.126940,7753,22,1
2,Payment,1771507672.127563,7908,6,1
1,NewOrder,1771507672.128035,31224,19,1
2,Payment,1771507672.128193,5457,3,1
3,OrderStatus,1771507672.128199,5189,15,1
2,Payment,1771507672.129025,9791,14,1
2,Payment,1771507672.129985,7500,5,1
2,Payment,1771507672.130050,6880,21,1
2,Payment,1771507672.130965,9264,17,1
2,Payment,1771507672.131671,7544,9,1
2,Payment,1771507672.132843,6284,20,1
1,NewOrder,1771507672.133284,22104,11,1
2,Payment,1771507672.133413,8235,15,1
1,NewOrder,1771507672.133604,29864,1,1
1,NewOrder,1771507672.133664,19649,3,1
2,Payment,1771507672.134391,10530,0,1
3,OrderStatus,1771507672.134531,7775,13,1
1,NewOrder,1771507672.134704,35111,22,1
2,Payment,1771507672.135487,10894,6,1
2,Payment,1771507672.135788,12970,16,1
2,Payment,1771507672.136795,11087,4,1
1,NewOrder,1771507672.136956,32380,21,1
2,Payment,1771507672.137003,2105,2,1
2,Payment,1771507672.137502,13690,5,1
1,NewOrder,1771507672.138833,31746,14,1
3,OrderStatus,1771507672.139125,1118,2,1
1,NewOrder,1771507672.139143,18463,20,1
2,Payment,1771507672.139235,9732,9,1
1,NewOrder,1771507672.140245,25559,17,1
2,Payment,1771507672.140259,6199,2,1
1,NewOrder,1771507672.141663,30765,15,1
2,Payment,1771507672.142325,8950,13,1
1,NewOrder,1771507672.144682,26866,12,1
2,Payment,1771507672.144909,30145,8,1
1,NewOrder,1771507672.144940,34318,0,1
2,Payment,1771507672.145171,12845,7,1
1,NewOrder,1771507672.145690,44031,18,1
3,OrderStatus,1771507672.146397,6082,6,1
2,Payment,1771507672.146485,2763,2,1
2,Payment,1771507672.146768,9630,10,1
1,NewOrder,1771507672.147900,19658,4,1
5,StockLevel,1771507672.148770,26772,16,1
2,Payment,1771507672.148983,23020,9,1
2,Payment,1771507672.149264,4277,2,1
2,Payment,1771507672.150847,9057,23,1
1,NewOrder,1771507672.151208,11476,5,1
1,NewOrder,1771507672.151294,37518,13,1
2,Payment,1771507672.152497,7327,6,1
2,Payment,1771507672.153329,5382,3,1
2,Payment,1771507672.153556,6499,2,1
2,Payment,1771507672.155415,15397,11,1
1,NewOrder,1771507672.156415,23379,10,1
1,NewOrder,1771507672.157633,28957,20,1
1,NewOrder,1771507672.158037,14475,7,1
1,NewOrder,1771507672.158727,33060,3,1
1,NewOrder,1771507672.159278,23669,19,1
2,Payment,1771507672.159839,13261,6,1
2,Payment,1771507672.159920,11017,23,1
1,NewOrder,1771507672.160066,2979,2,1
3,OrderStatus,1771507672.162713,5603,5,1
2,Payment,1771507672.163064,1389,2,1
2,Payment,1771507672.163484,5625,1,1
1,NewOrder,1771507672.164469,3738,2,1
1,NewOrder,1771507672.165820,28828,17,1
2,Payment,1771507672.167579,14456,4,1
1,NewOrder,1771507672.168223,39914,2,1
1,NewOrder,1771507672.168342,29783,5,1
3,OrderStatus,1771507672.169123,14231,1,1
2,Payment,1771507672.169362,18954,21,1
2,Payment,1771507672.169842,26825,22,1
1,NewOrder,1771507672.170596,49014,14,1
5,StockLevel,1771507672.170838,12811,11,1
4,Delivery,1771507672.170964,67405,23,1
1,NewOrder,1771507672.171567,11320,12,1
1,NewOrder,1771507672.172019,26911,9,1
2,Payment,1771507672.172455,4799,15,1
2,Payment,1771507672.172531,19868,7,1
2,Payment,1771507672.173119,3877,6,1
1,NewOrder,1771507672.175082,25108,8,1
2,Payment,1771507672.175558,7277,16,1
3,OrderStatus,1771507672.177015,840,6,1
1,NewOrder,1771507672.177281,25351,15,1
1,NewOrder,1771507672.177876,5664,6,1
1,NewOrder,1771507672.179277,32393,0,1
1,NewOrder,1771507672.179822,22136,10,1
1,NewOrder,1771507672.182052,42449,4,1
1,NewOrder,1771507672.182864,14336,16,1
3,OrderStatus,1771507672.182904,4486,12,1
4,Delivery,1771507672.182973,55738,19,1
2,Payment,1771507672.183372,12864,1,1
1,NewOrder,1771507672.183558,3745,6,1
3,OrderStatus,1771507672.183663,5677,11,1
2,Payment,1771507672.186618,11523,20,1
1,NewOrder,1771507672.187320,31762,6,1
1,NewOrder,1771507672.187407,20766,12,1
5,StockLevel,1771507672.188342,16675,21,1
2,Payment,1771507672.188838,8938,13,1
5,StockLevel,1771507672.189355,10981,11,1
3,OrderStatus,1771507672.189738,8218,18,1
3,OrderStatus,1771507672.191810,5895,3,1
4,Delivery,1771507672.192418,22897,7,1
2,Payment,1771507672.194665,6098,17,1
1,NewOrder,1771507672.196251,31055,1,1
1,NewOrder,1771507672.196696,27774,22,1
2,Payment,1771507672.197217,5844,16,1
2,Payment,1771507672.197732,9209,3,1
2,Payment,1771507672.197791,6943,13,1
2,Payment,1771507672.197981,8940,18,1
1,NewOrder,1771507672.198152,32761,5,1
1,NewOrder,1771507672.198170,31992,20,1
1,NewOrder,1771507672.198945,39773,9,1
1,NewOrder,1771507672.200210,26564,8,1
2,Payment,1771507672.200353,12246,11,1
1,NewOrder,1771507672.200780,29863,17,1
1,NewOrder,1771507672.201985,27063,10,1
1,NewOrder,1771507672.202646,33358,15,1
1,NewOrder,1771507672.203078,32946,16,1
1,NewOrder,1771507672.204752,25340,13,1
3,OrderStatus,1771507672.205032,6076,21,1
2,Payment,1771507672.206940,9980,18,1
1,NewOrder,1771507672.206961,27980,3,1
4,Delivery,1771507672.208152,4484,2,1
2,Payment,1771507672.208189,12770,12,1
1,NewOrder,1771507672.211125,34767,21,1
4,Delivery,1771507672.211688,3702,0,1
1,NewOrder,1771507672.212635,17488,11,1
2,Payment,1771507672.212655,1215,2,1
1,NewOrder,1771507672.213884,4677,2,1
2,Payment,1771507672.215331,8318,7,1
2,Payment,1771507672.215412,8967,0,1
2,Payment,1771507672.216934,8730,18,1
2,Payment,1771507672.218576,7464,2,1
1,NewOrder,1771507672.219100,42068,6,1
1,NewOrder,1771507672.219630,23178,14,1
4,Delivery,1771507672.220976,10643,12,1
1,NewOrder,1771507672.223677,38453,7,1
2,Payment,1771507672.224395,11196,0,1
1,NewOrder,1771507672.224485,18706,22,1
2,Payment,1771507672.224527,8159,4,1
1,NewOrder,1771507672.225682,24015,18,1
2,Payment,1771507672.226068,8135,2,1
1,NewOrder,1771507672.226791,19121,8,1
2,Payment,1771507672.227325,11306,1,1
3,OrderStatus,1771507672.229065,2602,10,1
2,Payment,1771507672.230108,17326,13,1
1,NewOrder,1771507672.230140,20615,11,1
1,NewOrder,1771507672.230189,23434,20,1
2,Payment,1771507672.230656,19327,17,1
2,Payment,1771507672.230938,12302,5,1
2,Payment,1771507672.231636,19705,12,1
2,Payment,1771507672.231695,5709,10,1
1,NewOrder,1771507672.232695,34645,4,1
1,NewOrder,1771507672.234219,37634,2,1
2,Payment,1771507672.234957,11021,3,1
5,StockLevel,1771507672.235607,11894,0,1
1,NewOrder,1771507672.236031,38869,15,1
2,Payment,1771507672.236042,18446,16,1
1,NewOrder,1771507672.237423,36600,10,1
2,Payment,1771507672.238384,11864,23,1
2,Payment,1771507672.238652,8950,1,1
1,NewOrder,1771507672.238726,3258,19,1
1,NewOrder,1771507672.238734,32986,9,1
4,Delivery,1771507672.242001,3858,19,1
2,Payment,1771507672.242833,14924,14,1
1,NewOrder,1771507672.243211,17382,22,1
2,Payment,1771507672.243267,9295,5,1
1,NewOrder,1771507672.245875,10438,19,1
1,NewOrder,1771507672.245909,32891,21,1
2,Payment,1771507672.245931,9431,8,1
1,NewOrder,1771507672.245996,36167,3,1
2,Payment,1771507672.247448,8303,13,1
5,StockLevel,1771507672.247531,14491,0,1
1,NewOrder,1771507672.247616,15704,1,1
1,NewOrder,1771507672.249724,23139,18,1
2,Payment,1771507672.250000,13867,17,1
2,Payment,1771507672.250264,7463,23,1
2,Payment,1771507672.250767,20641,11,1
2,Payment,1771507672.251363,10131,12,1
1,NewOrder,1771507672.252582,19667,5,1
1,NewOrder,1771507672.253641,39715,20,1
1,NewOrder,1771507672.254515,18057,16,1
2,Payment,1771507672.255381,17743,8,1
1,NewOrder,1771507672.255763,42070,13,1
2,Payment,1771507672.256324,8773,19,1
1,NewOrder,1771507672.257754,35304,23,1
5,StockLevel,1771507672.257775,1450,14,1
3,OrderStatus,1771507672.259250,1132,14,1
1,NewOrder,1771507672.260400,3179,14,1
2,Payment,1771507672.260611,6752,22,1
2,Payment,1771507672.261212,14376,6,1
1,NewOrder,1771507672.261520,23615,12,1
2,Payment,1771507672.262042,6277,0,1
2,Payment,1771507672.262147,14916,7,1
2,Payment,1771507672.263336,8389,1,1
1,NewOrder,1771507672.263593,3165,14,1
2,Payment,1771507672.263885,1777,17,1
1,NewOrder,1771507672.265112,23063,19,1
1,NewOrder,1771507672.265677,28702,17,1
3,OrderStatus,1771507672.266774,936,14,1
2,Payment,1771507672.267356,8512,4,1
2,Payment,1771507672.267380,5523,22,1
1,NewOrder,1771507672.267726,27711,14,1
1,NewOrder,1771507672.268332,43035,0,1
1,NewOrder,1771507672.271437,21888,11,1
2,Payment,1771507672.271735,27255,9,1
1,NewOrder,1771507672.271740,4283,1,1
1,NewOrder,1771507672.271880,38866,2,1
2,Payment,1771507672.272267,5876,5,1
2,Payment,1771507672.272598,8270,16,1
2,Payment,1771507672.272879,8463,18,1
1,NewOrder,1771507672.272929,35280,22,1
2,Payment,1771507672.273140,10306,8,1
2,Payment,1771507672.274046,7487,10,1
1,NewOrder,1771507672.274928,21884,15,1
2,Payment,1771507672.275605,10738,6,1
2,Payment,1771507672.275884,7224,4,1
1,NewOrder,1771507672.276039,37106,1,1
2,Payment,1771507672.277083,12507,7,1
1,NewOrder,1771507672.278158,33138,5,1
2,Payment,1771507672.278816,22564,21,1
2,Payment,1771507672.280895,6516,16,1
5,StockLevel,1771507672.281362,29270,18,1
1,NewOrder,1771507672.281558,3352,10,1
1,NewOrder,1771507672.282187,38125,3,1
2,Payment,1771507672.283128,22862,4,1
3,OrderStatus,1771507672.283473,1977,8,1
2,Payment,1771507672.284929,2854,10,1
2,Payment,1771507672.285149,3432,12,1
4,Delivery,1771507672.285472,35212,8,1
2,Payment,1771507672.286362,9825,6,1
2,Payment,1771507672.287430,9846,16,1
2,Payment,1771507672.287800,3191,10,1
2,Payment,1771507672.288194,14866,19,1
2,Payment,1771507672.288597,1166,12,1
1,NewOrder,1771507672.289607,19060,7,1
1,NewOrder,1771507672.289779,4597,12,1
5,StockLevel,1771507672.291006,3007,10,1
1,NewOrder,1771507672.293085,43454,23,1
1,NewOrder,1771507672.293347,15377,11,1
1,NewOrder,1771507672.293384,15704,20,1
1,NewOrder,1771507672.294027,29435,10,1
2,Payment,1771507672.294396,4839,12,1
2,Payment,1771507672.294397,7486,17,1
1,NewOrder,1771507672.295454,36515,14,1
2,Payment,1771507672.296205,11355,6,1
2,Payment,1771507672.296831,8383,15,1
3,OrderStatus,1771507672.297307,6852,16,1
5,StockLevel,1771507672.297848,17602,13,1
2,Payment,1771507672.299012,10302,9,1
5,StockLevel,1771507672.299255,1258,12,1
2,Payment,1771507672.300525,3125,12,1
2,Payment,1771507672.301406,9798,21,1
2,Payment,1771507672.301909,7456,17,1
2,Payment,1771507672.303075,1782,19,1
1,NewOrder,1771507672.303680,56728,12,1
2,Payment,1771507672.304177,22998,16,1
4,Delivery,1771507672.304872,33263,19,1
1,NewOrder,1771507672.305238,54820,15,1
2,Payment,1771507672.306007,5379,4,1
1,NewOrder,1771507672.307583,23890,6,1
2,Payment,1771507672.308235,7175,22,1
4,Delivery,1771507672.308680,13199,7,1
1,NewOrder,1771507672.308740,56582,11,1
2,Payment,1771507672.309114,22382,20,1
5,StockLevel,1771507672.309340,1484,9,1
4,Delivery,1771507672.309383,86483,17,1
2,Payment,1771507672.310652,9994,18,1
1,NewOrder,1771507672.310763,4840,2,1
2,Payment,1771507672.310840,1659,9,1
1,NewOrder,1771507672.311221,21203,21,1
5,StockLevel,1771507672.311314,11096,5,1
1,NewOrder,1771507672.311381,25560,0,1
1,NewOrder,1771507672.311400,19755,4,1
1,NewOrder,1771507672.312514,6123,9,1
1,NewOrder,1771507672.313161,19235,1,1
3,OrderStatus,1771507672.315437,4837,22,1
1,NewOrder,1771507672.315476,19498,13,1
2,Payment,1771507672.315616,2564,2,1
1,NewOrder,1771507672.318196,5740,2,1
4,Delivery,1771507672.318671,3230,9,1
2,Payment,1771507672.320299,8515,22,1
2,Payment,1771507672.320327,16767,3,1
1,NewOrder,1771507672.320664,12694,18,1
2,Payment,1771507672.320704,5928,8,1
1,NewOrder,1771507672.321904,3145,7,1
5,StockLevel,1771507672.321915,13366,9,1
2,Payment,1771507672.322426,16167,5,1
3,OrderStatus,1771507672.323480,3673,10,1
1,NewOrder,1771507672.323952,42442,2,1
1,NewOrder,1771507672.325064,6474,7,1
1,NewOrder,1771507672.326644,48223,8,1
1,NewOrder,1771507672.327169,56379,10,1
2,Payment,1771507672.327190,10561,16,1
2,Payment,1771507672.328829,5775,22,1
2,Payment,1771507672.331181,9324,4,1
2,Payment,1771507672.331487,5430,6,1
2,Payment,1771507672.331515,15399,20,1
1,NewOrder,1771507672.331564,5688,7,1
5,StockLevel,1771507672.331983,24140,14,1
1,NewOrder,1771507672.332410,52818,1,1
1,NewOrder,1771507672.332443,55986,21,1
1,NewOrder,1771507672.333374,40028,18,1
2,Payment,1771507672.334623,11375,22,1
4,Delivery,1771507672.334992,61329,13,1
4,Delivery,1771507672.335292,6094,9,1
1,NewOrder,1771507672.336553,30281,23,1
2,Payment,1771507672.336944,26959,6,1
2,Payment,1771507672.336959,29692,0,1
1,NewOrder,1771507672.337116,27245,3,1
4,Delivery,1771507672.337262,3701,7,1
2,Payment,1771507672.337778,6583,16,1
1,NewOrder,1771507672.338152,28653,19,1
2,Payment,1771507672.338620,3589,5,1
1,NewOrder,1771507672.340522,42999,4,1
1,NewOrder,1771507672.340979,48300,7,1
1,NewOrder,1771507672.341402,4224,9,1
2,Payment,1771507672.342225,3013,5,1
1,NewOrder,1771507672.344379,29525,16,1
1,NewOrder,1771507672.345255,39579,5,1
2,Payment,1771507672.345642,31100,9,1
2,Payment,1771507672.346011,23764,22,1
1,NewOrder,1771507672.355861,4512,20,1
1,NewOrder,1771507672.356145,17134,14,1
1,NewOrder,1771507672.360074,18556,15,1
3,OrderStatus,1771507672.360390,998,20,1
1,NewOrder,1771507672.360430,3899,12,1
2,Payment,1771507672.361403,10130,20,1
1,NewOrder,1771507672.363916,39244,6,1
2,Payment,1771507672.364338,3614,12,1
1,NewOrder,1771507672.364381,23911,3,1
1,NewOrder,1771507672.365339,17784,11,1
2,Payment,1771507672.366417,6446,2,1
1,NewOrder,1771507672.366665,28277,0,1
1,NewOrder,1771507672.366818,27747,19,1
2,Payment,1771507672.366857,6746,23,1
2,Payment,1771507672.367969,14514,12,1
1,NewOrder,1771507672.369800,19026,22,1
2,Payment,1771507672.371553,3571,20,1
2,Payment,1771507672.372889,5005,2,1
1,NewOrder,1771507672.373307,24413,14,1
2,Payment,1771507672.373420,12068,18,1
1,NewOrder,1771507672.373624,24895,23,1
2,Payment,1771507672.373916,11497,16,1
1,NewOrder,1771507672.374883,39412,8,1
1,NewOrder,1771507672.375140,6272,20,1
1,NewOrder,1771507672.376759,54590,9,1
2,Payment,1771507672.377913,6645,2,1
5,StockLevel,1771507672.378648,17992,15,1
1,NewOrder,1771507672.381425,22994,20,1
1,NewOrder,1771507672.382510,22155,12,1
2,Payment,1771507672.383149,11967,11,1
2,Payment,1771507672.383536,2532,4,1
2,Payment,1771507672.383569,2142,10,1
1,NewOrder,1771507672.384584,36747,2,1
2,Payment,1771507672.384851,2890,5,1
2,Payment,1771507672.385247,9673,1,1
2,Payment,1771507672.385426,8046,16,1
2,Payment,1771507672.385505,4237,18,1
2,Payment,1771507672.385724,1656,10,1
2,Payment,1771507672.386086,3236,4,1
1,NewOrder,1771507672.387394,37310,10,1
1,NewOrder,1771507672.387768,22266,5,1
1,NewOrder,1771507672.388308,21688,3,1
5,StockLevel,1771507672.388445,14780,21,1
1,NewOrder,1771507672.388844,20272,22,1
2,Payment,1771507672.389293,6940,7,1
1,NewOrder,1771507672.389333,32109,4,1
5,StockLevel,1771507672.389758,16870,18,1
1,NewOrder,1771507672.393488,17431,16,1
1,NewOrder,1771507672.394592,29079,19,1
1,NewOrder,1771507672.394948,18136,1,1
1,NewOrder,1771507672.394963,49868,0,1
1,NewOrder,1771507672.395142,23130,11,1
1,NewOrder,1771507672.395881,18335,17,1
1,NewOrder,1771507672.396249,60671,7,1
2,Payment,1771507672.396340,1479,13,1
1,NewOrder,1771507672.396664,24589,15,1
3,OrderStatus,1771507672.397747,7922,14,1
1,NewOrder,1771507672.397839,3867,13,1
1,NewOrder,1771507672.398536,23733,23,1
2,Payment,1771507672.401733,1625,13,1
1,NewOrder,1771507672.403178,49935,6,1
5,StockLevel,1771507672.403250,33953,21,1
2,Payment,1771507672.403372,1271,13,1
2,Payment,1771507672.404432,9559,20,1
2,Payment,1771507672.404654,1591,13,1
2,Payment,1771507672.404682,17803,12,1
1,NewOrder,1771507672.405695,15610,14,1
2,Payment,1771507672.406259,2675,13,1
2,Payment,1771507672.406639,29398,18,1
1,NewOrder,1771507672.408946,26305,13,1
2,Payment,1771507672.409134,29865,22,1
2,Payment,1771507672.410022,5921,3,1
2,Payment,1771507672.410060,13232,5,1
2,Payment,1771507672.410945,4697,16,1
1,NewOrder,1771507672.413097,36103,1,1
2,Payment,1771507672.414014,28224,20,1
1,NewOrder,1771507672.414242,7057,17,1
3,OrderStatus,1771507672.414322,21605,8,1
1,NewOrder,1771507672.415663,6859,16,1
1,NewOrder,1771507672.415960,4679,3,1
1,NewOrder,1771507672.418298,16394,11,1
2,Payment,1771507672.420665,4341,3,1
4,Delivery,1771507672.421268,66164,15,1
2,Payment,1771507672.421326,4181,17,1
2,Payment,1771507672.421339,2300,14,1
1,NewOrder,1771507672.421359,11505,2,1
2,Payment,1771507672.421470,4916,4,1
2,Payment,1771507672.422293,15405,23,1
5,StockLevel,1771507672.422509,23673,12,1
2,Payment,1771507672.422538,4469,16,1
5,StockLevel,1771507672.423319,20331,5,1
1,NewOrder,1771507672.423654,9172,14,1
2,Payment,1771507672.423696,32856,19,1
3,OrderStatus,1771507672.424731,2124,10,1
3,OrderStatus,1771507672.425032,1058,3,1
1,NewOrder,1771507672.425532,5429,17,1
1,NewOrder,1771507672.426109,10017,3,1
4,Delivery,1771507672.426404,76732,4,1
1,NewOrder,1771507672.426881,9439,10,1
5,StockLevel,1771507672.427026,1827,16,1
2,Payment,1771507672.428865,3317,16,1
2,Payment,1771507672.430975,4476,17,1
2,Payment,1771507672.431376,10576,9,1
1,NewOrder,1771507672.432208,31535,16,1
1,NewOrder,1771507672.432853,60236,14,1
2,Payment,1771507672.432891,3077,2,1
1,NewOrder,1771507672.434719,61692,11,1
1,NewOrder,1771507672.435278,25749,13,1
1,NewOrder,1771507672.435479,24466,17,1
1,NewOrder,1771507672.435946,23353,8,1
1,NewOrder,1771507672.435986,57125,2,1
1,NewOrder,1771507672.436052,23549,18,1
2,Payment,1771507672.436142,7639,3,1
1,NewOrder,1771507672.436338,79360,10,1
2,Payment,1771507672.437228,2987,21,1
2,Payment,1771507672.437713,33025,23,1
1,NewOrder,1771507672.439019,6065,22,1
1,NewOrder,1771507672.440230,6272,21,1
1,NewOrder,1771507672.441979,27221,9,1
1,NewOrder,1771507672.442253,5838,20,1
1,NewOrder,1771507672.443668,23638,5,1
2,Payment,1771507672.443796,6086,3,1
2,Payment,1771507672.444857,6077,0,1
2,Payment,1771507672.445101,2238,22,1
2,Payment,1771507672.446198,8758,12,1
2,Payment,1771507672.446518,4903,21,1
1,NewOrder,1771507672.447360,24089,22,1
1,NewOrder,1771507672.448106,3237,20,1
5,StockLevel,1771507672.449228,13412,1,1
1,NewOrder,1771507672.449909,27089,3,1
2,Payment,1771507672.450961,1180,0,1
2,Payment,1771507672.451369,14455,20,1
2,Payment,1771507672.451436,17869,21,1
1,NewOrder,1771507672.452156,5124,0,1
2,Payment,1771507672.453135,1311,6,1
1,NewOrder,1771507672.454462,3288,6,1
1,NewOrder,1771507672.454982,22058,12,1
3,OrderStatus,1771507672.456566,12700,19,1
4,Delivery,1771507672.456946,3774,7,1
2,Payment,1771507672.457296,9897,0,1
2,Payment,1771507672.457767,2154,6,1
1,NewOrder,1771507672.459319,19157,8,1
1,NewOrder,1771507672.459632,12480,18,1
1,NewOrder,1771507672.459936,30887,6,1
2,Payment,1771507672.459971,4854,17,1
4,Delivery,1771507672.460746,5923,7,1
3,OrderStatus,1771507672.461042,1615,13,1
1,NewOrder,1771507672.462656,15845,1,1
1,NewOrder,1771507672.462681,9326,13,1
2,Payment,1771507672.463761,5912,16,1
1,NewOrder,1771507672.464841,20092,17,1
1,NewOrder,1771507672.465849,26832,20,1
1,NewOrder,1771507672.466684,26472,7,1
2,Payment,1771507672.467220,6392,0,1
1,NewOrder,1771507672.467332,18924,5,1
1,NewOrder,1771507672.469218,34869,9,1
1,NewOrder,1771507672.469291,24874,19,1
1,NewOrder,1771507672.469331,25197,21,1
1,NewOrder,1771507672.469690,11850,16,1
2,Payment,1771507672.470764,1544,23,1
2,Payment,1771507672.471476,6608,22,1
1,NewOrder,1771507672.472027,22516,13,1
5,StockLevel,1771507672.472138,8134,18,1
2,Payment,1771507672.472324,4214,23,1
2,Payment,1771507672.473638,9707,0,1
1,NewOrder,1771507672.476551,19163,23,1
2,Payment,1771507672.477024,8382,3,1
1,NewOrder,1771507672.477067,38313,12,1
2,Payment,1771507672.478109,9909,22,1
2,Payment,1771507672.478492,4671,8,1
1,NewOrder,1771507672.478517,9264,1,1
2,Payment,1771507672.480299,27107,18,1
2,Payment,1771507672.481556,3920,16,1
1,NewOrder,1771507672.483190,80927,8,1
2,Payment,1771507672.483372,5170,0,1
1,NewOrder,1771507672.484950,81489,17,1
2,Payment,1771507672.485433,7891,3,1
1,NewOrder,1771507672.485491,38813,16,1
1,NewOrder,1771507672.486282,78588,5,1
2,Payment,1771507672.487459,7320,15,1
1,NewOrder,1771507672.487803,37174,1,1
1,NewOrder,1771507672.488035,3160,22,1
2,Payment,1771507672.488568,15160,0,1
2,Payment,1771507672.490849,5224,6,1
1,NewOrder,1771507672.491214,16274,22,1
1,NewOrder,1771507672.492706,38841,20,1
2,Payment,1771507672.493114,3594,14,1
2,Payment,1771507672.493140,3545,2,1
1,NewOrder,1771507672.493203,24121,7,1
1,NewOrder,1771507672.493345,26859,3,1
1,NewOrder,1771507672.494191,26816,19,1
2,Payment,1771507672.494554,13538,21,1
1,NewOrder,1771507672.494563,15350,13,1
4,Delivery,1771507672.494793,9597,15,1
1,NewOrder,1771507672.495734,35616,23,1
1,NewOrder,1771507672.496087,38623,6,1
2,Payment,1771507672.496437,7105,11,1
2,Payment,1771507672.496704,1541,2,1
2,Payment,1771507672.496728,2181,14,1
2,Payment,1771507672.498260,2044,2,1
3,OrderStatus,1771507672.498928,1025,14,1
2,Payment,1771507672.499967,2819,14,1
1,NewOrder,1771507672.500331,3551,2,1
2,Payment,1771507672.502802,2158,14,1
1,NewOrder,1771507672.503152,32179,4,1
1,NewOrder,1771507672.503553,27852,11,1
2,Payment,1771507672.503755,1582,0,1
2,Payment,1771507672.503901,3176,2,1
2,Payment,1771507672.504111,8572,9,1
1,NewOrder,1771507672.504409,35682,15,1
2,Payment,1771507672.504977,2192,14,1
2,Payment,1771507672.505355,3151,0,1
2,Payment,1771507672.507094,26409,2,1
2,Payment,1771507672.507184,23832,14,1
1,NewOrder,1771507672.507434,58369,18,1
1,NewOrder,1771507672.507508,48622,22,1
2,Payment,1771507672.508107,1403,21,1
1,NewOrder,1771507672.508522,40689,0,1
2,Payment,1771507672.509522,1265,21,1
2,Payment,1771507672.509931,25051,13,1
2,Payment,1771507672.510799,1686,21,1
1,NewOrder,1771507672.512512,33333,21,1
1,NewOrder,1771507672.512701,4739,9,1
2,Payment,1771507672.515396,16972,12,1
2,Payment,1771507672.515724,15189,10,1
4,Delivery,1771507672.517341,28622,7,1
2,Payment,1771507672.517458,15219,9,1
1,NewOrder,1771507672.520231,53198,3,1
1,NewOrder,1771507672.521021,25008,19,1
1,NewOrder,1771507672.524330,58068,16,1
2,Payment,1771507672.524998,44304,1,1
2,Payment,1771507672.530940,8872,10,1
1,NewOrder,1771507672.531042,26438,14,1
3,OrderStatus,1771507672.531375,2095,23,1
4,Delivery,1771507672.531432,14796,11,1
2,Payment,1771507672.531575,3154,20,1
2,Payment,1771507672.532394,2787,12,1
1,NewOrder,1771507672.532698,4746,9,1
3,OrderStatus,1771507672.533492,1268,23,1
2,Payment,1771507672.533520,3005,2,1
2,Payment,1771507672.534732,8990,6,1
1,NewOrder,1771507672.534750,5939,20,1
1,NewOrder,1771507672.534780,9059,23,1
1,NewOrder,1771507672.535005,9466,13,1
1,NewOrder,1771507672.535197,34400,12,1
1,NewOrder,1771507672.535358,6029,4,1
5,StockLevel,1771507672.536538,5781,2,1
2,Payment,1771507672.537462,3545,9,1
1,NewOrder,1771507672.539839,26961,10,1
1,NewOrder,1771507672.540108,8567,15,1
1,NewOrder,1771507672.540709,65766,20,1
2,Payment,1771507672.541023,3996,9,1
2,Payment,1771507672.541406,2948,4,1
2,Payment,1771507672.542335,4054,2,1
2,Payment,1771507672.543741,11905,6,1
1,NewOrder,1771507672.543865,62468,23,1
1,NewOrder,1771507672.544368,8105,4,1
5,StockLevel,1771507672.544488,14207,13,1
1,NewOrder,1771507672.545045,6051,9,1
1,NewOrder,1771507672.545858,15642,21,1
1,NewOrder,1771507672.545982,13214,7,1
2,Payment,1771507672.546056,8584,19,1
1,NewOrder,1771507672.546246,5211,11,1
1,NewOrder,1771507672.546405,61771,2,1
2,Payment,1771507672.548701,4205,15,1
2,Payment,1771507672.549226,4777,0,1
2,Payment,1771507672.551117,6705,9,1
2,Payment,1771507672.551473,8049,11,1
2,Payment,1771507672.552491,3098,4,1
2,Payment,1771507672.552931,1652,15,1
3,OrderStatus,1771507672.554020,2288,0,1
1,NewOrder,1771507672.554603,47710,15,1
2,Payment,1771507672.554666,4944,19,1
1,NewOrder,1771507672.555607,4577,4,1
2,Payment,1771507672.555661,15632,6,1
4,Delivery,1771507672.556144,29901,22,1
1,NewOrder,1771507672.556324,13736,0,1
2,Payment,1771507672.557508,8152,14,1
2,Payment,1771507672.557843,3620,9,1
4,Delivery,1771507672.558723,48122,13,1
4,Delivery,1771507672.559223,10398,7,1
3,OrderStatus,1771507672.559549,1009,11,1
2,Payment,1771507672.559626,7668,19,1
1,NewOrder,1771507672.560195,15013,4,1
1,NewOrder,1771507672.560575,46553,11,1
2,Payment,1771507672.561487,13768,9,1
1,NewOrder,1771507672.561527,3691,21,1
1,NewOrder,1771507672.564133,12048,8,1
1,NewOrder,1771507672.564886,18365,5,1
2,Payment,1771507672.565233,17226,21,1
5,StockLevel,1771507672.565671,27827,14,1
2,Payment,1771507672.565830,3739,18,1
1,NewOrder,1771507672.566466,11408,17,1
1,NewOrder,1771507672.566819,84851,10,1
2,Payment,1771507672.567320,34298,19,1
1,NewOrder,1771507672.569329,15714,1,1
2,Payment,1771507672.569586,10006,18,1
4,Delivery,1771507672.569614,37061,12,1
1,NewOrder,1771507672.569637,5336,7,1
2,Payment,1771507672.570088,5137,0,1
1,NewOrder,1771507672.571320,79557,6,1
1,NewOrder,1771507672.573456,12948,3,1
2,Payment,1771507672.574987,34714,7,1
1,NewOrder,1771507672.575235,7601,4,1
5,StockLevel,1771507672.575244,1818,0,1
2,Payment,1771507672.575281,37298,9,1
1,NewOrder,1771507672.576194,6516,8,1
2,Payment,1771507672.577088,6731,0,1
2,Payment,1771507672.577900,3664,17,1
3,OrderStatus,1771507672.579618,685,18,1
2,Payment,1771507672.580318,2423,18,1
2,Payment,1771507672.581583,4012,17,1
1,NewOrder,1771507672.582414,8755,16,1
1,NewOrder,1771507672.582486,73347,21,1
1,NewOrder,1771507672.582722,7026,8,1
2,Payment,1771507672.582758,2621,18,1
2,Payment,1771507672.582863,26108,4,1
5,StockLevel,1771507672.583278,3433,5,1
2,Payment,1771507672.583838,27641,0,1
1,NewOrder,1771507672.585069,4859,1,1
5,StockLevel,1771507672.585398,4104,18,1
3,OrderStatus,1771507672.585609,958,17,1
2,Payment,1771507672.586071,17748,22,1
2,Payment,1771507672.586418,27228,3,1
2,Payment,1771507672.586583,1418,17,1
1,NewOrder,1771507672.586732,14193,5,1
2,Payment,1771507672.588017,1245,17,1
1,NewOrder,1771507672.589276,33440,17,1
4,Delivery,1771507672.589527,2183,18,1
3,OrderStatus,1771507672.589765,723,8,1
2,Payment,1771507672.589949,34392,1,1
1,NewOrder,1771507672.590506,11192,8,1
1,NewOrder,1771507672.591184,12843,16,1
1,NewOrder,1771507672.591728,11912,18,1
2,Payment,1771507672.593512,16455,14,1
2,Payment,1771507672.600951,13865,5,1
1,NewOrder,1771507672.601645,73443,19,1
2,Payment,1771507672.601725,18841,8,1
5,StockLevel,1771507672.602336,63425,15,1
4,Delivery,1771507672.603666,67567,18,1
4,Delivery,1771507672.603841,66920,22,1
2,Payment,1771507672.604043,11093,16,1
2,Payment,1771507672.606359,44581,23,1
1,NewOrder,1771507672.606502,3577,20,1
2,Payment,1771507672.606694,7051,12,1
2,Payment,1771507672.606871,37803,13,1
2,Payment,1771507672.607154,38282,11,1
2,Payment,1771507672.608189,44521,2,1
1,NewOrder,1771507672.608997,48102,4,1
1,NewOrder,1771507672.609728,53208,7,1
1,NewOrder,1771507672.609980,6301,14,1
2,Payment,1771507672.610098,3598,20,1
2,Payment,1771507672.611505,30445,0,1
2,Payment,1771507672.612603,11145,9,1
5,StockLevel,1771507672.613673,3733,3,1
1,NewOrder,1771507672.613711,5693,20,1
1,NewOrder,1771507672.613760,8291,12,1
2,Payment,1771507672.614832,8092,5,1
1,NewOrder,1771507672.615154,2220,16,1
2,Payment,1771507672.616296,29690,14,1
1,NewOrder,1771507672.617390,3291,16,1
1,NewOrder,1771507672.617433,5585,3,1
1,NewOrder,1771507672.619432,13245,20,1
1,NewOrder,1771507672.620592,42763,8,1
1,NewOrder,1771507672.620708,38499,16,1
2,Payment,1771507672.622069,25339,12,1
1,NewOrder,1771507672.622743,3834,17,1
2,Payment,1771507672.622942,2631,5,1
2,Payment,1771507672.623034,3969,3,1
5,StockLevel,1771507672.623774,33295,9,1
1,NewOrder,1771507672.624367,3320,1,1
1,NewOrder,1771507672.625589,5889,5,1
2,Payment,1771507672.626597,22249,17,1
3,OrderStatus,1771507672.627018,771,3,1
2,Payment,1771507672.627704,3323,1,1
5,StockLevel,1771507672.627804,1600,3,1
1,NewOrder,1771507672.629413,8124,3,1
1,NewOrder,1771507672.631043,5123,1,1
3,OrderStatus,1771507672.631493,1262,5,1
2,Payment,1771507672.632703,20330,20,1
2,Payment,1771507672.632773,1325,5,1
1,NewOrder,1771507672.634111,6837,5,1
2,Payment,1771507672.636181,2176,1,1
2,Payment,1771507672.637548,6510,3,1
2,Payment,1771507672.638371,8482,1,1
4,Delivery,1771507672.640964,44504,5,1
1,NewOrder,1771507672.641965,31797,0,1
2,Payment,1771507672.644083,10494,3,1
3,OrderStatus,1771507672.644689,6589,13,1
2,Payment,1771507672.645463,7933,11,1
1,NewOrder,1771507672.646012,4600,14,1
2,Payment,1771507672.646881,9344,1,1
2,Payment,1771507672.647428,5836,12,1
5,StockLevel,1771507672.648871,1670,17,1
1,NewOrder,1771507672.650555,20294,17,1
1,NewOrder,1771507672.650632,33606,14,1
2,Payment,1771507672.650904,4109,6,1
2,Payment,1771507672.650967,4534,23,1
1,NewOrder,1771507672.651306,31366,13,1
2,Payment,1771507672.651688,4916,10,1
1,NewOrder,1771507672.652736,24166,2,1
1,NewOrder,1771507672.653055,16028,20,1
2,Payment,1771507672.653285,5566,12,1
2,Payment,1771507672.653411,4675,11,1
1,NewOrder,1771507672.654603,19960,3,1
1,NewOrder,1771507672.655040,43200,6,1
1,NewOrder,1771507672.655515,37739,23,1
1,NewOrder,1771507672.655847,40824,21,1
1,NewOrder,1771507672.656246,27041,1,1
1,NewOrder,1771507672.656619,36598,10,1
1,NewOrder,1771507672.657084,20083,9,1
1,NewOrder,1771507672.657113,30203,4,1
1,NewOrder,1771507672.658109,29408,11,1
2,Payment,1771507672.658870,5307,12,1
4,Delivery,1771507672.659234,47551,16,1
2,Payment,1771507672.662954,8064,7,1
1,NewOrder,1771507672.663380,24160,8,1
1,NewOrder,1771507672.664193,30277,12,1
1,NewOrder,1771507672.665778,15703,15,1
1,NewOrder,1771507672.669100,28350,20,1
2,Payment,1771507672.670778,2637,22,1
1,NewOrder,1771507672.670863,26117,17,1
2,Payment,1771507672.671038,1975,7,1
1,NewOrder,1771507672.671250,18185,18,1
2,Payment,1771507672.673037,3104,7,1
2,Payment,1771507672.673432,6719,22,1
2,Payment,1771507672.673779,1692,0,1
1,NewOrder,1771507672.674590,12970,3,1
2,Payment,1771507672.675104,8059,19,1
1,NewOrder,1771507672.675489,7699,0,1
1,NewOrder,1771507672.676156,18009,7,1
1,NewOrder,1771507672.676927,3828,2,1
1,NewOrder,1771507672.677202,5395,9,1
3,OrderStatus,1771507672.680167,5049,22,1
1,NewOrder,1771507672.680774,5258,2,1
1,NewOrder,1771507672.681498,52095,15,1
2,Payment,1771507672.682613,11262,9,1
2,Payment,1771507672.682685,7533,13,1
1,NewOrder,1771507672.683180,67578,19,1
1,NewOrder,1771507672.683204,50625,0,1
2,Payment,1771507672.683313,4283,1,1
2,Payment,1771507672.684254,7046,14,1
3,OrderStatus,1771507672.685237,6278,22,1
2,Payment,1771507672.685494,5337,5,1
2,Payment,1771507672.686050,6953,2,1
2,Payment,1771507672.687332,41932,4,1
1,NewOrder,1771507672.687534,40325,11,1
2,Payment,1771507672.687559,42019,8,1
2,Payment,1771507672.687577,45559,3,1
4,Delivery,1771507672.687612,65186,1,1
1,NewOrder,1771507672.689448,17423,18,1
1,NewOrder,1771507672.690246,54536,13,1
2,Payment,1771507672.690848,47359,5,1
2,Payment,1771507672.691319,1180,14,1
1,NewOrder,1771507672.691530,20218,22,1
2,Payment,1771507672.692524,2037,14,1
5,StockLevel,1771507672.693029,41423,2,1
2,Payment,1771507672.693227,11090,10,1
2,Payment,1771507672.693269,1595,23,1
2,Payment,1771507672.693898,6154,9,1
1,NewOrder,1771507672.694180,10433,7,1
2,Payment,1771507672.694487,4406,12,1
1,NewOrder,1771507672.694577,46661,14,1
2,Payment,1771507672.694878,1798,23,1
1,NewOrder,1771507672.696686,11865,21,1
5,StockLevel,1771507672.696694,41483,23,1
2,Payment,1771507672.697004,3241,17,1
2,Payment,1771507672.697465,4800,20,1
2,Payment,1771507672.698254,2976,6,1
1,NewOrder,1771507672.698911,9362,12,1
1,NewOrder,1771507672.700068,67931,9,1
1,NewOrder,1771507672.700271,2785,17,1
1,NewOrder,1771507672.701246,27772,6,1
2,Payment,1771507672.702279,4191,20,1
2,Payment,1771507672.703075,1511,17,1
2,Payment,1771507672.704345,1952,10,1
1,NewOrder,1771507672.704602,18876,17,1
2,Payment,1771507672.704630,10133,7,1
4,Delivery,1771507672.706313,25224,10,1
1,NewOrder,1771507672.706489,5092,20,1
5,StockLevel,1771507672.706802,1852,16,1
1,NewOrder,1771507672.706889,5041,18,1
1,NewOrder,1771507672.708300,2760,12,1
1,NewOrder,1771507672.708566,7767,21,1
2,Payment,1771507672.708664,3294,16,1
1,NewOrder,1771507672.711078,6796,12,1
2,Payment,1771507672.711598,2225,20,1
2,Payment,1771507672.711775,3877,22,1
2,Payment,1771507672.711946,5595,18,1
2,Payment,1771507672.711985,3281,16,1
4,Delivery,1771507672.713839,21860,20,1
4,Delivery,1771507672.714779,16282,7,1
1,NewOrder,1771507672.715284,15844,16,1
4,Delivery,1771507672.715679,20316,22,1
2,Payment,1771507672.716347,2556,21,1
1,NewOrder,1771507672.717568,4742,18,1
2,Payment,1771507672.717892,1328,12,1
2,Payment,1771507672.718930,2107,21,1
5,StockLevel,1771507672.719235,1160,12,1
2,Payment,1771507672.720406,1347,12,1
2,Payment,1771507672.721054,2753,21,1
3,OrderStatus,1771507672.721768,1455,12,1
2,Payment,1771507672.722328,2635,18,1
1,NewOrder,1771507672.723236,36887,12,1
3,OrderStatus,1771507672.723504,3440,17,1
2,Payment,1771507672.723822,2743,21,1
1,NewOrder,1771507672.724989,3163,18,1
2,Payment,1771507672.726583,18617,21,1
2,Payment,1771507672.726969,6561,17,1
2,Payment,1771507672.727878,3297,11,1
2,Payment,1771507672.728169,18702,18,1
2,Payment,1771507672.729044,7062,6,1
1,NewOrder,1771507672.729280,16174,4,1
2,Payment,1771507672.729605,9124,8,1
4,Delivery,1771507672.731088,13648,7,1
2,Payment,1771507672.731142,8022,16,1
2,Payment,1771507672.731191,13164,11,1
1,NewOrder,1771507672.731558,10174,10,1
2,Payment,1771507672.733150,30233,3,1
1,NewOrder,1771507672.733556,11774,17,1
1,NewOrder,1771507672.733619,9473,15,1
3,OrderStatus,1771507672.733845,1614,0,1
1,NewOrder,1771507672.734464,40098,2,1
2,Payment,1771507672.735473,25889,0,1
5,StockLevel,1771507672.735713,30612,20,1
5,StockLevel,1771507672.736017,1608,22,1
2,Payment,1771507672.736125,12704,6,1
3,OrderStatus,1771507672.737641,1613,22,1
1,NewOrder,1771507672.738204,41422,23,1
1,NewOrder,1771507672.738229,49881,5,1
1,NewOrder,1771507672.738743,47297,8,1
5,StockLevel,1771507672.739190,4728,16,1
1,NewOrder,1771507672.739270,23782,22,1
2,Payment,1771507672.741256,18750,14,1
2,Payment,1771507672.741759,4202,10,1
2,Payment,1771507672.743118,18496,15,1
1,NewOrder,1771507672.743943,4427,16,1
5,StockLevel,1771507672.744382,41217,11,1
1,NewOrder,1771507672.744751,27826,7,1
1,NewOrder,1771507672.744798,43651,13,1
3,OrderStatus,1771507672.745227,3671,21,1
2,Payment,1771507672.745356,17996,17,1
3,OrderStatus,1771507672.745469,1112,4,1
3,OrderStatus,1771507672.745988,1073,10,1
1,NewOrder,1771507672.746596,4632,4,1
4,Delivery,1771507672.746884,2887,18,1
1,NewOrder,1771507672.747079,42361,10,1
1,NewOrder,1771507672.748397,5952,16,1
1,NewOrder,1771507672.748856,40243,6,1
1,NewOrder,1771507672.748915,5661,21,1
1,NewOrder,1771507672.749785,41900,18,1
2,Payment,1771507672.750767,13672,19,1
1,NewOrder,1771507672.751238,28913,4,1
2,Payment,1771507672.752825,12269,1,1
1,NewOrder,1771507672.754364,23186,16,1
5,StockLevel,1771507672.754593,1399,21,1
1,NewOrder,1771507672.756004,3495,21,1
2,Payment,1771507672.759512,10205,21,1
2,Payment,1771507672.760032,5787,14,1
2,Payment,1771507672.760149,7449,12,1
1,NewOrder,1771507672.761377,35887,0,1
1,NewOrder,1771507672.761641,7152,15,1
1,NewOrder,1771507672.763073,17666,22,1
1,NewOrder,1771507672.763373,49667,17,1
2,Payment,1771507672.763399,3387,3,1
1,NewOrder,1771507672.764465,23778,19,1
2,Payment,1771507672.765112,5339,1,1
4,Delivery,1771507672.765846,46839,14,1
1,NewOrder,1771507672.766339,27189,20,1
2,Payment,1771507672.766801,5402,3,1
2,Payment,1771507672.767618,1737,12,1
1,NewOrder,1771507672.768012,19780,9,1
1,NewOrder,1771507672.768820,17986,15,1
2,Payment,1771507672.769373,5311,12,1
1,NewOrder,1771507672.769741,4907,21,1
2,Payment,1771507672.770467,11003,1,1
2,Payment,1771507672.772221,6039,3,1
2,Payment,1771507672.772594,1559,7,1
1,NewOrder,1771507672.774166,34114,7,1
1,NewOrder,1771507672.774589,6039,2,1
3,OrderStatus,1771507672.774663,4896,21,1
1,NewOrder,1771507672.774701,31740,12,1
1,NewOrder,1771507672.777567,17590,16,1
1,NewOrder,1771507672.778272,27901,3,1
2,Payment,1771507672.779575,7348,21,1
3,OrderStatus,1771507672.779653,6432,23,1
2,Payment,1771507672.780167,26241,4,1
2,Payment,1771507672.780639,24155,2,1
2,Payment,1771507672.780759,7287,22,1
3,OrderStatus,1771507672.781496,4329,1,1
2,Payment,1771507672.785627,6483,11,1
1,NewOrder,1771507672.785841,31063,1,1
3,OrderStatus,1771507672.786052,2765,8,1
2,Payment,1771507672.786111,3768,23,1
2,Payment,1771507672.786823,24063,15,1
1,NewOrder,1771507672.786941,33955,21,1
3,OrderStatus,1771507672.787828,4075,9,1
4,Delivery,1771507672.788072,31242,22,1
1,NewOrder,1771507672.788137,9500,5,1
2,Payment,1771507672.788256,3085,19,1
2,Payment,1771507672.788465,23356,13,1
2,Payment,1771507672.788832,5274,8,1
4,Delivery,1771507672.789126,7526,6,1
1,NewOrder,1771507672.789454,58537,10,1
1,NewOrder,1771507672.789906,9678,23,1
2,Payment,1771507672.791356,1809,19,1
2,Payment,1771507672.791702,2997,18,1
1,NewOrder,1771507672.791928,61789,9,1
1,NewOrder,1771507672.792128,12724,11,1
1,NewOrder,1771507672.793202,16001,19,1
2,Payment,1771507672.793543,4102,20,1
1,NewOrder,1771507672.794124,12898,8,1
3,OrderStatus,1771507672.794712,1046,18,1
1,NewOrder,1771507672.795184,3096,16,1
2,Payment,1771507672.795774,4593,18,1
1,NewOrder,1771507672.796679,61934,6,1
2,Payment,1771507672.797279,11789,0,1
5,StockLevel,1771507672.797665,9899,5,1
1,NewOrder,1771507672.797667,59843,20,1
2,Payment,1771507672.798298,41511,16,1
1,NewOrder,1771507672.799596,21271,23,1
1,NewOrder,1771507672.800379,62787,18,1
2,Payment,1771507672.804821,6195,2,1
2,Payment,1771507672.804870,14842,11,1
2,Payment,1771507672.806199,5955,3,1
2,Payment,1771507672.806433,15732,4,1
2,Payment,1771507672.806468,6494,12,1
1,NewOrder,1771507672.807036,71164,8,1
1,NewOrder,1771507672.807590,63157,5,1
1,NewOrder,1771507672.808308,52764,7,1
1,NewOrder,1771507672.809090,58858,0,1
1,NewOrder,1771507672.809219,45303,19,1
2,Payment,1771507672.810906,3819,15,1
1,NewOrder,1771507672.811035,33334,2,1
2,Payment,1771507672.811838,20904,13,1
2,Payment,1771507672.812181,10988,3,1
2,Payment,1771507672.812712,11144,14,1
1,NewOrder,1771507672.812990,3187,12,1
1,NewOrder,1771507672.813056,9799,17,1
3,OrderStatus,1771507672.814742,1204,15,1
1,NewOrder,1771507672.815961,12749,15,1
2,Payment,1771507672.816204,4694,12,1
2,Payment,1771507672.816923,7762,1,1
2,Payment,1771507672.819332,3531,22,1
1,NewOrder,1771507672.819731,67087,11,1
4,Delivery,1771507672.820882,7652,23,1
1,NewOrder,1771507672.820913,15656,12,1
2,Payment,1771507672.820926,4515,21,1
2,Payment,1771507672.822180,14323,4,1
1,NewOrder,1771507672.822879,19917,22,1
2,Payment,1771507672.822884,19212,17,1
1,NewOrder,1771507672.823184,18857,3,1
2,Payment,1771507672.823873,3815,14,1
1,NewOrder,1771507672.824705,7608,1,1
1,NewOrder,1771507672.825455,21826,21,1
1,NewOrder,1771507672.827704,18780,14,1
4,Delivery,1771507672.828559,7292,23,1
1,NewOrder,1771507672.828728,29131,15,1
5,StockLevel,1771507672.832340,22553,1,1
2,Payment,1771507672.832769,10636,13,1
2,Payment,1771507672.835867,1516,23,1
1,NewOrder,1771507672.836515,3505,4,1
1,NewOrder,1771507672.836596,21289,12,1
1,NewOrder,1771507672.837410,48229,23,1
1,NewOrder,1771507672.839836,38223,16,1
2,Payment,1771507672.840034,1132,4,1
1,NewOrder,1771507672.841200,23156,4,1
2,Payment,1771507672.842068,1905,3,1
2,Payment,1771507672.842121,2846,17,1
1,NewOrder,1771507672.842822,31738,22,1
1,NewOrder,1771507672.843421,7430,13,1
2,Payment,1771507672.843989,3824,3,1
1,NewOrder,1771507672.844381,5522,2,1
2,Payment,1771507672.844994,2695,17,1
1,NewOrder,1771507672.846509,23974,14,1
5,StockLevel,1771507672.847304,20885,21,1
1,NewOrder,1771507672.847708,8635,17,1
2,Payment,1771507672.847841,2889,3,1
2,Payment,1771507672.848017,1805,10,1
1,NewOrder,1771507672.849849,17314,10,1
1,NewOrder,1771507672.849919,21208,2,1
2,Payment,1771507672.850757,3471,3,1
1,NewOrder,1771507672.850868,20254,13,1
1,NewOrder,1771507672.853734,31803,9,1
2,Payment,1771507672.854240,6588,3,1
1,NewOrder,1771507672.854549,6549,19,1
1,NewOrder,1771507672.854919,40377,1,1
2,Payment,1771507672.856370,10880,17,1
5,StockLevel,1771507672.857525,19211,20,1
1,NewOrder,1771507672.857875,26927,15,1
1,NewOrder,1771507672.857903,46009,12,1
2,Payment,1771507672.858627,14101,6,1
1,NewOrder,1771507672.860850,20112,3,1
2,Payment,1771507672.861084,13642,7,1
1,NewOrder,1771507672.861125,6004,19,1
1,NewOrder,1771507672.863180,26953,18,1
1,NewOrder,1771507672.864373,16566,4,1
2,Payment,1771507672.867148,1744,19,1
1,NewOrder,1771507672.867190,4458,10,1
3,OrderStatus,1771507672.867283,1228,17,1
1,NewOrder,1771507672.867974,35896,0,1
1,NewOrder,1771507672.868208,49644,21,1
1,NewOrder,1771507672.868530,14012,17,1
2,Payment,1771507672.868908,2290,19,1
1,NewOrder,1771507672.870509,53306,14,1
3,OrderStatus,1771507672.870764,13322,5,1
2,Payment,1771507672.871149,4599,13,1
2,Payment,1771507672.871157,4954,2,1
2,Payment,1771507672.871213,3532,19,1
1,NewOrder,1771507672.871674,11670,10,1
1,NewOrder,1771507672.872753,48830,6,1
1,NewOrder,1771507672.874575,31600,22,1
4,Delivery,1771507672.874746,3416,7,1
1,NewOrder,1771507672.874774,14498,19,1
1,NewOrder,1771507672.875774,12401,13,1
1,NewOrder,1771507672.876137,7890,2,1
2,Payment,1771507672.876754,12713,20,1
2,Payment,1771507672.878082,13168,16,1
1,NewOrder,1771507672.878188,10224,7,1
2,Payment,1771507672.878227,11197,8,1
2,Payment,1771507672.880965,6456,4,1
2,Payment,1771507672.880978,4561,3,1
2,Payment,1771507672.882569,10028,17,1
2,Payment,1771507672.883371,8685,10,1
4,Delivery,1771507672.884046,24840,2,1
1,NewOrder,1771507672.884117,23563,5,1
1,NewOrder,1771507672.884818,47589,15,1
1,NewOrder,1771507672.885551,27207,3,1
2,Payment,1771507672.885565,11028,9,1
2,Payment,1771507672.885651,7009,23,1
1,NewOrder,1771507672.886840,41008,11,1
1,NewOrder,1771507672.887447,14244,4,1
4,Delivery,1771507672.888194,19209,13,1
2,Payment,1771507672.888439,4562,7,1
1,NewOrder,1771507672.889288,22193,19,1
2,Payment,1771507672.889440,15474,8,1
1,NewOrder,1771507672.889494,42525,20,1
1,NewOrder,1771507672.890159,30220,18,1
2,Payment,1771507672.891276,12551,16,1
2,Payment,1771507672.892083,17135,10,1
1,NewOrder,1771507672.892617,15058,17,1
1,NewOrder,1771507672.892680,21292,23,1
2,Payment,1771507672.893012,10411,7,1
1,NewOrder,1771507672.895323,44633,1,1
2,Payment,1771507672.896620,9817,9,1
1,NewOrder,1771507672.901718,20903,4,1
4,Delivery,1771507672.903438,41668,7,1
1,NewOrder,1771507672.903854,41796,16,1
1,NewOrder,1771507672.903898,44341,0,1
1,NewOrder,1771507672.903932,24746,12,1
2,Payment,1771507672.904929,3233,8,1
1,NewOrder,1771507672.906199,40639,22,1
1,NewOrder,1771507672.906453,4179,9,1
1,NewOrder,1771507672.907421,17749,13,1
2,Payment,1771507672.907689,5418,17,1
2,Payment,1771507672.907708,15095,5,1
1,NewOrder,1771507672.908188,35012,8,1
3,OrderStatus,1771507672.908900,4501,2,1
5,StockLevel,1771507672.909237,1833,10,1
2,Payment,1771507672.910660,5943,9,1
2,Payment,1771507672.911084,7126,10,1
2,Payment,1771507672.911507,4865,19,1
2,Payment,1771507672.912777,10381,3,1
2,Payment,1771507672.913124,4283,17,1
1,NewOrder,1771507672.913412,15216,2,1
1,NewOrder,1771507672.913982,24508,23,1
2,Payment,1771507672.916392,7229,19,1
2,Payment,1771507672.916621,17882,9,1
1,NewOrder,1771507672.917419,30029,17,1
1,NewOrder,1771507672.917867,26730,21,1
1,NewOrder,1771507672.918228,39235,10,1
2,Payment,1771507672.920404,10740,18,1
2,Payment,1771507672.921611,17079,6,1
2,Payment,1771507672.922637,15832,4,1
2,Payment,1771507672.922821,9554,5,1
1,NewOrder,1771507672.923180,22550,3,1
1,NewOrder,1771507672.923637,22063,19,1
4,Delivery,1771507672.923841,36480,14,1
1,NewOrder,1771507672.925201,13380,13,1
5,StockLevel,1771507672.927867,16627,11,1
1,NewOrder,1771507672.928656,24377,2,1
1,NewOrder,1771507672.928705,21458,12,1
1,NewOrder,1771507672.931158,37726,18,1
1,NewOrder,1771507672.932046,27727,20,1
1,NewOrder,1771507672.932393,34335,5,1
1,NewOrder,1771507672.932425,31088,15,1
2,Payment,1771507672.934519,5803,9,1
4,Delivery,1771507672.938497,32309,4,1
2,Payment,1771507672.938507,8914,23,1
1,NewOrder,1771507672.938607,20613,13,1
3,OrderStatus,1771507672.938717,731,6,1
1,NewOrder,1771507672.939465,4180,6,1
2,Payment,1771507672.939984,8529,1,1
2,Payment,1771507672.940340,17531,9,1
4,Delivery,1771507672.943216,3529,8,1
2,Payment,1771507672.943665,16034,6,1
2,Payment,1771507672.944507,16459,11,1
2,Payment,1771507672.944608,7760,21,1
1,NewOrder,1771507672.945120,40487,7,1
1,NewOrder,1771507672.945669,40286,16,1
1,NewOrder,1771507672.945720,12548,19,1
4,Delivery,1771507672.945758,25434,3,1
2,Payment,1771507672.946758,15617,8,1
2,Payment,1771507672.946845,7396,22,1
1,NewOrder,1771507672.947433,12377,23,1
1,NewOrder,1771507672.947464,22648,17,1
1,NewOrder,1771507672.948264,47119,0,1
1,NewOrder,1771507672.948528,33895,1,1
2,Payment,1771507672.950191,9135,12,1
1,NewOrder,1771507672.952384,48186,21,1
2,Payment,1771507672.953051,5503,2,1
1,NewOrder,1771507672.954257,8505,22,1
2,Payment,1771507672.957482,9122,10,1
3,OrderStatus,1771507672.957892,863,9,1
3,OrderStatus,1771507672.958285,11532,19,1
1,NewOrder,1771507672.958571,14902,2,1
2,Payment,1771507672.958773,5762,9,1
2,Payment,1771507672.959247,10973,13,1
2,Payment,1771507672.959353,21547,12,1
2,Payment,1771507672.959717,9272,6,1
1,NewOrder,1771507672.959789,4440,20,1
1,NewOrder,1771507672.959824,14141,23,1
5,StockLevel,1771507672.960335,27910,14,1
1,NewOrder,1771507672.960981,4662,11,1
2,Payment,1771507672.962392,17601,8,1
2,Payment,1771507672.962773,7418,22,1
1,NewOrder,1771507672.963539,35727,15,1
1,NewOrder,1771507672.964247,5019,20,1
1,NewOrder,1771507672.964552,4740,9,1
2,Payment,1771507672.965666,4964,11,1
1,NewOrder,1771507672.966622,32669,10,1
1,NewOrder,1771507672.966749,32931,5,1
2,Payment,1771507672.968909,23115,18,1
2,Payment,1771507672.969005,5520,6,1
1,NewOrder,1771507672.969291,29041,20,1
1,NewOrder,1771507672.969308,30909,9,1
1,NewOrder,1771507672.969834,17869,19,1
2,Payment,1771507672.970126,18487,17,1
5,StockLevel,1771507672.970207,28087,22,1
1,NewOrder,1771507672.970243,9858,13,1
2,Payment,1771507672.970644,12077,11,1
1,NewOrder,1771507672.970820,5239,4,1
2,Payment,1771507672.971205,1286,3,1
2,Payment,1771507672.972504,1258,3,1
2,Payment,1771507672.973487,6820,2,1
1,NewOrder,1771507672.973776,5478,3,1
1,NewOrder,1771507672.973980,42154,23,1
2,Payment,1771507672.974543,6677,6,1
1,NewOrder,1771507672.976072,3592,4,1
1,NewOrder,1771507672.979270,23727,3,1
2,Payment,1771507672.979679,9641,4,1
2,Payment,1771507672.980019,4200,8,1
1,NewOrder,1771507672.980115,52026,13,1
2,Payment,1771507672.980334,28768,2,1
1,NewOrder,1771507672.980924,18692,12,1
1,NewOrder,1771507672.981243,5289,6,1
1,NewOrder,1771507672.982450,27017,1,1
1,NewOrder,1771507672.982734,5610,11,1
2,Payment,1771507672.984238,1711,8,1
1,NewOrder,1771507672.985624,24420,7,1
2,Payment,1771507672.985962,1812,8,1
1,NewOrder,1771507672.985972,24411,16,1
2,Payment,1771507672.986544,2743,6,1
2,Payment,1771507672.987720,23775,19,1
1,NewOrder,1771507672.987800,39007,8,1
2,Payment,1771507672.988262,5506,14,1
1,NewOrder,1771507672.988357,35725,11,1
2,Payment,1771507672.988627,3928,17,1
2,Payment,1771507672.989298,3183,6,1
4,Delivery,1771507672.989347,67152,4,1
5,StockLevel,1771507672.992043,11912,18,1
1,NewOrder,1771507672.992495,49618,6,1
1,NewOrder,1771507672.992575,22789,17,1
2,Payment,1771507672.993788,1141,14,1
3,OrderStatus,1771507672.994942,671,14,1
2,Payment,1771507672.995411,5958,0,1
2,Payment,1771507672.995627,1358,14,1
2,Payment,1771507672.996998,1950,14,1
2,Payment,1771507672.998317,15182,22,1
1,NewOrder,1771507672.998351,29902,20,1
1,NewOrder,1771507672.998961,32902,14,1
4,Delivery,1771507672.999293,11062,15,1
1,NewOrder,1771507672.999311,4476,10,1
1,NewOrder,1771507672.999631,27508,12,1
4,Delivery,1771507672.999696,57134,5,1
5,StockLevel,1771507673.000235,23592,9,1
2,Payment,1771507673.000583,15026,21,1
1,NewOrder,1771507673.001385,5547,0,1
1,NewOrder,1771507673.003021,13684,3,1
1,NewOrder,1771507673.003803,4927,10,1
2,Payment,1771507673.003970,14958,18,1
1,NewOrder,1771507673.006949,27594,0,1
1,NewOrder,1771507673.008748,36839,10,1
2,Payment,1771507673.009122,6582,2,1
1,NewOrder,1771507673.009488,20402,1,1
2,Payment,1771507673.010072,7447,7,1
4,Delivery,1771507673.010374,35466,15,1
2,Payment,1771507673.010400,7176,16,1
1,NewOrder,1771507673.011510,20661,19,1
2,Payment,1771507673.013517,7383,22,1
1,NewOrder,1771507673.015379,26529,17,1
2,Payment,1771507673.015627,8570,21,1
2,Payment,1771507673.015732,6597,2,1
1,NewOrder,1771507673.016152,18702,23,1
5,StockLevel,1771507673.016717,17939,3,1
1,NewOrder,1771507673.017537,59998,7,1
1,NewOrder,1771507673.017592,20959,16,1
2,Payment,1771507673.018942,7619,18,1
1,NewOrder,1771507673.020920,7620,22,1
1,NewOrder,1771507673.022346,38402,2,1
1,NewOrder,1771507673.023843,61652,9,1
3,OrderStatus,1771507673.024110,10760,11,1
1,NewOrder,1771507673.024216,4219,21,1
2,Payment,1771507673.026580,1880,18,1
2,Payment,1771507673.026824,1585,8,1
2,Payment,1771507673.027156,9760,12,1
2,Payment,1771507673.028280,11228,20,1
1,NewOrder,1771507673.028421,19481,8,1
1,NewOrder,1771507673.028451,27962,21,1
1,NewOrder,1771507673.028477,46600,18,1
2,Payment,1771507673.028566,9537,22,1
1,NewOrder,1771507673.029908,26905,1,1
2,Payment,1771507673.031882,10308,14,1
4,Delivery,1771507673.032159,13953,13,1
1,NewOrder,1771507673.032187,29513,19,1
5,StockLevel,1771507673.034571,21173,0,1
1,NewOrder,1771507673.034673,46361,3,1
3,OrderStatus,1771507673.034869,5479,23,1
1,NewOrder,1771507673.034891,21703,11,1
2,Payment,1771507673.036931,36271,12,1
1,NewOrder,1771507673.038120,18760,22,1
2,Payment,1771507673.038564,39193,16,1
2,Payment,1771507673.039527,16914,20,1
1,NewOrder,1771507673.040375,20224,23,1
2,Payment,1771507673.041927,16002,17,1
1,NewOrder,1771507673.042140,3620,6,1
1,NewOrder,1771507673.042206,5853,14,1
2,Payment,1771507673.045613,10335,10,1
2,Payment,1771507673.045778,14522,6,1
2,Payment,1771507673.045867,34836,15,1
1,NewOrder,1771507673.046131,10398,13,1
2,Payment,1771507673.047921,35284,8,1
2,Payment,1771507673.048070,27106,14,1
1,NewOrder,1771507673.055771,22655,0,1
2,Payment,1771507673.055975,7497,10,1
2,Payment,1771507673.056439,4648,21,1
2,Payment,1771507673.056460,28939,20,1
1,NewOrder,1771507673.056517,23582,4,1
1,NewOrder,1771507673.056556,6882,13,1
4,Delivery,1771507673.056620,55936,11,1
2,Payment,1771507673.056841,4268,1,1
5,StockLevel,1771507673.056846,2830,5,1
5,StockLevel,1771507673.056899,6673,22,1
2,Payment,1771507673.057955,1833,17,1
2,Payment,1771507673.059689,6843,5,1
1,NewOrder,1771507673.059805,4897,17,1
2,Payment,1771507673.060327,8953,6,1
2,Payment,1771507673.060633,5414,23,1
2,Payment,1771507673.060767,1531,2,1
2,Payment,1771507673.061103,1923,21,1
2,Payment,1771507673.061135,40693,1,1
1,NewOrder,1771507673.061718,21256,19,1
2,Payment,1771507673.062314,1396,2,1
2,Payment,1771507673.063043,4426,21,1
1,NewOrder,1771507673.063465,12334,13,1
1,NewOrder,1771507673.063489,23767,10,1
2,Payment,1771507673.063598,5280,22,1
2,Payment,1771507673.063725,1198,2,1
2,Payment,1771507673.064718,11530,17,1
1,NewOrder,1771507673.064938,4662,2,1
1,NewOrder,1771507673.066062,14003,23,1
1,NewOrder,1771507673.066549,7980,5,1
1,NewOrder,1771507673.067483,13568,21,1
2,Payment,1771507673.068906,14931,22,1
1,NewOrder,1771507673.069308,17650,6,1
2,Payment,1771507673.069612,1552,2,1
2,Payment,1771507673.071177,1894,2,1
3,OrderStatus,1771507673.073089,9514,2,1
2,Payment,1771507673.073229,9998,12,1
1,NewOrder,1771507673.074547,26942,5,1
1,NewOrder,1771507673.075104,24031,18,1
1,NewOrder,1771507673.075196,32064,14,1
1,NewOrder,1771507673.075821,33454,13,1
1,NewOrder,1771507673.076267,3103,17,1
1,NewOrder,1771507673.077563,21162,7,1
1,NewOrder,1771507673.077775,39670,16,1
1,NewOrder,1771507673.078458,26293,0,1
2,Payment,1771507673.079388,1905,17,1
1,NewOrder,1771507673.080083,30758,23,1
1,NewOrder,1771507673.080127,32198,4,1
4,Delivery,1771507673.080730,52918,15,1
1,NewOrder,1771507673.081053,37949,3,1
2,Payment,1771507673.081065,16668,21,1
1,NewOrder,1771507673.081312,8106,17,1
2,Payment,1771507673.082624,7203,2,1
1,NewOrder,1771507673.082988,26301,19,1
1,NewOrder,1771507673.083222,3418,8,1
2,Payment,1771507673.083243,1613,12,1
2,Payment,1771507673.083854,6396,22,1
1,NewOrder,1771507673.084875,25307,12,1
2,Payment,1771507673.085414,3152,20,1
1,NewOrder,1771507673.085513,20733,9,1
1,NewOrder,1771507673.086657,22600,8,1
1,NewOrder,1771507673.086976,22377,6,1
1,NewOrder,1771507673.087274,32929,10,1
2,Payment,1771507673.088581,2706,20,1
1,NewOrder,1771507673.089435,19795,17,1
2,Payment,1771507673.089837,7569,2,1
1,NewOrder,1771507673.090264,24739,22,1
2,Payment,1771507673.091305,7795,20,1
2,Payment,1771507673.097435,21093,2,1
5,StockLevel,1771507673.097758,10363,21,1
2,Payment,1771507673.098746,16200,7,1
2,Payment,1771507673.099113,2673,20,1
5,StockLevel,1771507673.099156,19822,18,1
1,NewOrder,1771507673.101518,41409,5,1
2,Payment,1771507673.101813,18962,20,1
5,StockLevel,1771507673.101842,22391,1,1
2,Payment,1771507673.104779,14980,0,1
5,StockLevel,1771507673.106274,26125,9,1
4,Delivery,1771507673.107280,26803,14,1
1,NewOrder,1771507673.108140,17625,21,1
1,NewOrder,1771507673.109248,11360,17,1
2,Payment,1771507673.109276,7169,8,1
1,NewOrder,1771507673.109300,6805,13,1
1,NewOrder,1771507673.109307,5269,19,1
1,NewOrder,1771507673.109380,37307,6,1
1,NewOrder,1771507673.110201,12610,12,1
4,Delivery,1771507673.110852,71995,23,1
4,Delivery,1771507673.112344,70089,4,1
3,OrderStatus,1771507673.112570,2614,11,1
2,Payment,1771507673.114604,7284,19,1
2,Payment,1771507673.114961,10905,7,1
5,StockLevel,1771507673.115020,8656,22,1
2,Payment,1771507673.115200,8019,11,1
2,Payment,1771507673.116123,2183,13,1
3,OrderStatus,1771507673.116472,955,8,1
2,Payment,1771507673.117441,10039,8,1
1,NewOrder,1771507673.117461,23381,16,1
1,NewOrder,1771507673.118325,20851,13,1
2,Payment,1771507673.118539,2336,2,1
2,Payment,1771507673.119005,11501,18,1
2,Payment,1771507673.119017,10750,3,1
1,NewOrder,1771507673.119776,6026,0,1
2,Payment,1771507673.120220,17770,10,1
2,Payment,1771507673.120623,17250,17,1
1,NewOrder,1771507673.120790,33762,20,1
1,NewOrder,1771507673.120892,33687,2,1
1,NewOrder,1771507673.121904,3373,19,1
1,NewOrder,1771507673.122833,10399,12,1
2,Payment,1771507673.123236,31758,11,1
2,Payment,1771507673.123690,8568,22,1
1,NewOrder,1771507673.124245,30859,1,1
1,NewOrder,1771507673.125293,11828,19,1
1,NewOrder,1771507673.125787,47170,21,1
2,Payment,1771507673.125827,5637,0,1
1,NewOrder,1771507673.125882,25670,7,1
5,StockLevel,1771507673.127506,26481,8,1
1,NewOrder,1771507673.129782,24825,3,1
2,Payment,1771507673.130527,9185,18,1
1,NewOrder,1771507673.131481,42583,0,1
2,Payment,1771507673.132276,35762,22,1
1,NewOrder,1771507673.132415,24720,9,1
1,NewOrder,1771507673.133252,49162,12,1
1,NewOrder,1771507673.133676,19756,15,1
2,Payment,1771507673.134105,5282,14,1
2,Payment,1771507673.137149,25033,19,1
2,Payment,1771507673.137890,7490,17,1
2,Payment,1771507673.138008,1726,10,1
1,NewOrder,1771507673.139193,50891,13,1
2,Payment,1771507673.139407,6409,14,1
1,NewOrder,1771507673.139731,5776,18,1
2,Payment,1771507673.139755,1289,10,1
1,NewOrder,1771507673.140868,13196,16,1
4,Delivery,1771507673.141059,36529,10,1
2,Payment,1771507673.142943,7742,5,1
1,NewOrder,1771507673.145397,37096,17,1
1,NewOrder,1771507673.145521,5491,18,1
5,StockLevel,1771507673.145835,1298,14,1
2,Payment,1771507673.146701,8855,6,1
1,NewOrder,1771507673.147144,4198,14,1
2,Payment,1771507673.150710,3815,5,1
3,OrderStatus,1771507673.151034,13076,18,1
2,Payment,1771507673.151358,1982,14,1
2,Payment,1771507673.151567,5507,7,1
2,Payment,1771507673.153361,16157,14,1
2,Payment,1771507673.153450,1705,15,1
1,NewOrder,1771507673.154006,53965,8,1
3,OrderStatus,1771507673.154091,3354,16,1
1,NewOrder,1771507673.154540,54337,5,1
1,NewOrder,1771507673.154567,9765,20,1
1,NewOrder,1771507673.154593,51052,2,1
1,NewOrder,1771507673.154635,55772,3,1
1,NewOrder,1771507673.155013,16147,11,1
1,NewOrder,1771507673.155117,53288,1,1
2,Payment,1771507673.155182,1366,15,1
2,Payment,1771507673.155566,3099,6,1
1,NewOrder,1771507673.156563,6873,15,1
1,NewOrder,1771507673.157092,4802,7,1
2,Payment,1771507673.157153,4407,9,1
1,NewOrder,1771507673.157465,51992,16,1
1,NewOrder,1771507673.158680,3705,6,1
2,Payment,1771507673.161577,6219,9,1
5,StockLevel,1771507673.161911,5668,7,1
1,NewOrder,1771507673.162199,4377,19,1
2,Payment,1771507673.162396,9619,6,1
2,Payment,1771507673.163453,7224,15,1
2,Payment,1771507673.164137,5763,18,1
1,NewOrder,1771507673.164355,54288,20,1
1,NewOrder,1771507673.166591,4514,19,1
1,NewOrder,1771507673.167605,55660,7,1
1,NewOrder,1771507673.167812,52427,9,1
1,NewOrder,1771507673.168071,5044,22,1
3,OrderStatus,1771507673.169536,5517,14,1
2,Payment,1771507673.169918,3484,18,1
2,Payment,1771507673.170704,7973,15,1
2,Payment,1771507673.171129,5306,19,1
4,Delivery,1771507673.171178,6655,11,1
2,Payment,1771507673.172031,24596,6,1
4,Delivery,1771507673.172975,10258,21,1
1,NewOrder,1771507673.173142,30855,22,1
2,Payment,1771507673.173418,23919,18,1
1,NewOrder,1771507673.174084,16385,0,1
2,Payment,1771507673.175071,3607,14,1
2,Payment,1771507673.176451,5722,19,1
2,Payment,1771507673.177608,26935,10,1
1,NewOrder,1771507673.177855,4604,11,1
5,StockLevel,1771507673.178702,3250,14,1
5,StockLevel,1771507673.178706,27254,15,1
2,Payment,1771507673.181976,13373,14,1
1,NewOrder,1771507673.182195,28736,19,1
2,Payment,1771507673.182430,14162,12,1
1,NewOrder,1771507673.182451,4941,4,1
1,NewOrder,1771507673.182477,12686,11,1
2,Payment,1771507673.182517,16072,17,1
2,Payment,1771507673.182865,7880,23,1
1,NewOrder,1771507673.183256,5532,21,1
1,NewOrder,1771507673.187408,6054,4,1
1,NewOrder,1771507673.188806,15867,21,1
2,Payment,1771507673.190103,16896,13,1
1,NewOrder,1771507673.190486,5874,0,1
1,NewOrder,1771507673.190773,3014,23,1
2,Payment,1771507673.193478,3515,4,1
2,Payment,1771507673.193804,32254,23,1
1,NewOrder,1771507673.195189,9980,11,1
1,NewOrder,1771507673.195363,16867,14,1
1,NewOrder,1771507673.196373,40909,0,1
1,NewOrder,1771507673.196607,34824,12,1
1,NewOrder,1771507673.196643,12048,6,1
1,NewOrder,1771507673.197006,28261,4,1
1,NewOrder,1771507673.197362,25537,18,1
2,Payment,1771507673.198615,2195,17,1
1,NewOrder,1771507673.200826,30575,17,1
2,Payment,1771507673.204013,39955,22,1
2,Payment,1771507673.204560,3941,10,1
2,Payment,1771507673.204698,41851,21,1
2,Payment,1771507673.205228,4812,11,1
5,StockLevel,1771507673.205661,8407,2,1
2,Payment,1771507673.205977,6387,15,1
1,NewOrder,1771507673.207017,25516,13,1
2,Payment,1771507673.207997,4408,8,1
2,Payment,1771507673.208431,3585,1,1
1,NewOrder,1771507673.208527,17463,10,1
1,NewOrder,1771507673.208710,12773,6,1
3,OrderStatus,1771507673.208888,2672,5,1
1,NewOrder,1771507673.209475,47467,16,1
2,Payment,1771507673.210066,4652,11,1
1,NewOrder,1771507673.210423,49900,3,1
1,NewOrder,1771507673.210951,20343,19,1
2,Payment,1771507673.211580,6644,5,1
2,Payment,1771507673.212031,3280,1,1
1,NewOrder,1771507673.212246,20303,14,1
1,NewOrder,1771507673.212381,40842,15,1
1,NewOrder,1771507673.212423,40850,8,1
2,Payment,1771507673.214084,6077,2,1
2,Payment,1771507673.214733,2209,11,1
5,StockLevel,1771507673.215324,9125,1,1
2,Payment,1771507673.216957,5001,11,1
1,NewOrder,1771507673.218241,45919,5,1
2,Payment,1771507673.218654,29434,20,1
1,NewOrder,1771507673.220187,42462,2,1
1,NewOrder,1771507673.220266,40082,9,1
2,Payment,1771507673.221503,17860,6,1
3,OrderStatus,1771507673.221973,4349,11,1
1,NewOrder,1771507673.222919,11167,18,1
2,Payment,1771507673.223280,29726,7,1
4,Delivery,1771507673.224483,45037,1,1
1,NewOrder,1771507673.225294,8409,4,1
1,NewOrder,1771507673.226006,27633,10,1
1,NewOrder,1771507673.226073,2852,23,1
2,Payment,1771507673.226340,28615,11,1
1,NewOrder,1771507673.228951,11056,23,1
4,Delivery,1771507673.231311,21390,19,1
4,Delivery,1771507673.231415,39190,17,1
3,OrderStatus,1771507673.231446,1305,12,1
2,Payment,1771507673.232556,1983,13,1
2,Payment,1771507673.232563,8757,14,1
1,NewOrder,1771507673.232765,4263,12,1
4,Delivery,1771507673.233731,36269,4,1
2,Payment,1771507673.234107,10631,18,1
1,NewOrder,1771507673.234556,4955,13,1
2,Payment,1771507673.237045,5656,12,1
3,OrderStatus,1771507673.237296,819,0,1
4,Delivery,1771507673.238131,31817,0,1
2,Payment,1771507673.239375,4968,6,1
1,NewOrder,1771507673.239525,25135,13,1
2,Payment,1771507673.240023,9490,23,1
2,Payment,1771507673.241348,4867,14,1
2,Payment,1771507673.242718,5029,12,1
2,Payment,1771507673.243982,7044,22,1
2,Payment,1771507673.244363,4603,6,1
1,NewOrder,1771507673.244758,3423,18,1
4,Delivery,1771507673.246237,24629,14,1
1,NewOrder,1771507673.246566,36605,21,1
1,NewOrder,1771507673.247762,14217,12,1
2,Payment,1771507673.248114,4248,20,1
1,NewOrder,1771507673.248198,34490,18,1
1,NewOrder,1771507673.248980,13354,6,1
1,NewOrder,1771507673.249529,35443,23,1
2,Payment,1771507673.251052,10573,22,1
1,NewOrder,1771507673.252380,39501,20,1
1,NewOrder,1771507673.252715,52730,19,1
1,NewOrder,1771507673.253022,33736,7,1
2,Payment,1771507673.253238,6766,15,1
4,Delivery,1771507673.253289,15848,8,1
1,NewOrder,1771507673.253667,15808,10,1
2,Payment,1771507673.254971,1517,11,1
1,NewOrder,1771507673.256501,26213,11,1
1,NewOrder,1771507673.256966,35815,16,1
1,NewOrder,1771507673.260023,11393,15,1
2,Payment,1771507673.260343,4326,3,1
2,Payment,1771507673.260363,4681,9,1
1,NewOrder,1771507673.261638,31612,22,1
1,NewOrder,1771507673.261994,23004,12,1
1,NewOrder,1771507673.262360,14271,6,1
1,NewOrder,1771507673.262666,21045,2,1
2,Payment,1771507673.264175,5257,5,1
1,NewOrder,1771507673.264689,17529,13,1
1,NewOrder,1771507673.264690,8035,3,1
2,Payment,1771507673.265060,4538,9,1
1,NewOrder,1771507673.269164,17525,8,1
2,Payment,1771507673.269445,35779,5,1
1,NewOrder,1771507673.269501,34216,10,1
1,NewOrder,1771507673.269548,13869,1,1
2,Payment,1771507673.269607,34715,9,1
5,StockLevel,1771507673.269968,6445,0,1
1,NewOrder,1771507673.270022,12718,4,1
2,Payment,1771507673.270629,45153,17,1
2,Payment,1771507673.270888,46107,14,1
2,Payment,1771507673.271432,49196,15,1
2,Payment,1771507673.272749,54097,3,1
1,NewOrder,1771507673.276428,16866,0,1
2,Payment,1771507673.276658,29015,6,1
3,OrderStatus,1771507673.282245,1221,13,1
1,NewOrder,1771507673.282707,5301,18,1
1,NewOrder,1771507673.282740,9445,11,1
1,NewOrder,1771507673.282767,3298,4,1
1,NewOrder,1771507673.283189,15181,21,1
1,NewOrder,1771507673.283432,7931,1,1
2,Payment,1771507673.283483,34724,13,1
2,Payment,1771507673.283736,49995,2,1
2,Payment,1771507673.284999,3721,23,1
1,NewOrder,1771507673.285024,16047,12,1
4,Delivery,1771507673.286092,20819,4,1
2,Payment,1771507673.286715,20541,8,1
2,Payment,1771507673.286776,22147,7,1
2,Payment,1771507673.288025,2455,18,1
2,Payment,1771507673.288746,3107,23,1
1,NewOrder,1771507673.290499,7541,18,1
1,NewOrder,1771507673.291390,11933,1,1
1,NewOrder,1771507673.291874,8587,23,1
2,Payment,1771507673.291900,1883,20,1
1,NewOrder,1771507673.292200,7864,11,1
5,StockLevel,1771507673.292808,13303,16,1
2,Payment,1771507673.293265,4351,22,1
2,Payment,1771507673.293322,35447,0,1
1,NewOrder,1771507673.293799,30459,20,1
1,NewOrder,1771507673.297643,22385,22,1
4,Delivery,1771507673.298066,2273,18,1
2,Payment,1771507673.298396,1920,21,1
1,NewOrder,1771507673.300078,23858,11,1
3,OrderStatus,1771507673.300331,872,21,1
2,Payment,1771507673.300359,2719,18,1
2,Payment,1771507673.300479,1194,23,1
2,Payment,1771507673.301098,66375,12,1
1,NewOrder,1771507673.301219,5418,21,1
2,Payment,1771507673.301688,2526,23,1
1,NewOrder,1771507673.303095,64752,18,1
1,NewOrder,1771507673.303337,20536,1,1
1,NewOrder,1771507673.303744,21381,10,1
1,NewOrder,1771507673.304228,75210,23,1
3,OrderStatus,1771507673.304348,6129,9,1
2,Payment,1771507673.305250,5568,5,1
2,Payment,1771507673.305474,4942,19,1
1,NewOrder,1771507673.305688,5834,6,1
2,Payment,1771507673.306137,22787,16,1
1,NewOrder,1771507673.306650,71940,21,1
2,Payment,1771507673.306925,6636,4,1
1,NewOrder,1771507673.307283,4485,8,1
1,NewOrder,1771507673.308938,4995,7,1
4,Delivery,1771507673.310442,20493,19,1
5,StockLevel,1771507673.310497,13285,9,1
1,NewOrder,1771507673.310835,21235,5,1
4,Delivery,1771507673.311549,2724,6,1
1,NewOrder,1771507673.311786,46204,8,1
3,OrderStatus,1771507673.313576,6442,4,1
4,Delivery,1771507673.313948,637,7,1
2,Payment,1771507673.314292,1606,6,1
2,Payment,1771507673.314599,2832,7,1
2,Payment,1771507673.315809,6409,17,1
2,Payment,1771507673.315914,34799,6,1
1,NewOrder,1771507673.317022,4866,14,1
2,Payment,1771507673.317447,35147,7,1
5,StockLevel,1771507673.318224,22045,13,1
2,Payment,1771507673.320044,10060,4,1
2,Payment,1771507673.320055,2929,22,1
1,NewOrder,1771507673.320655,16403,15,1
2,Payment,1771507673.321908,1632,14,1
2,Payment,1771507673.322244,3178,17,1
2,Payment,1771507673.323004,3648,22,1
3,OrderStatus,1771507673.323566,709,14,1
1,NewOrder,1771507673.323796,13334,9,1
1,NewOrder,1771507673.323892,10250,1,1
1,NewOrder,1771507673.323961,11959,11,1
2,Payment,1771507673.324274,17044,20,1
2,Payment,1771507673.324293,2615,14,1
1,NewOrder,1771507673.325138,23768,10,1
1,NewOrder,1771507673.325441,11376,17,1
2,Payment,1771507673.326667,12947,22,1
2,Payment,1771507673.326873,4799,3,1
1,NewOrder,1771507673.326924,13722,14,1
1,NewOrder,1771507673.328785,27017,0,1
1,NewOrder,1771507673.328940,26290,16,1
1,NewOrder,1771507673.330132,9835,4,1
1,NewOrder,1771507673.330959,22065,19,1
2,Payment,1771507673.331690,4777,3,1
1,NewOrder,1771507673.332088,19465,5,1
5,StockLevel,1771507673.333747,3549,2,1
2,Payment,1771507673.334158,3807,1,1
1,NewOrder,1771507673.335943,21989,11,1
2,Payment,1771507673.336492,6559,3,1
1,NewOrder,1771507673.336843,57848,17,1
1,NewOrder,1771507673.337074,11291,15,1
2,Payment,1771507673.337157,22884,9,1
2,Payment,1771507673.337322,2550,2,1
1,NewOrder,1771507673.337983,41478,1,1
1,NewOrder,1771507673.339640,22559,22,1
2,Payment,1771507673.339890,4141,2,1
1,NewOrder,1771507673.339994,28069,4,1
2,Payment,1771507673.340295,5762,13,1
1,NewOrder,1771507673.340673,23800,14,1
5,StockLevel,1771507673.341337,1518,20,1
1,NewOrder,1771507673.342868,27724,20,1
1,NewOrder,1771507673.343071,21804,3,1
1,NewOrder,1771507673.344051,4816,2,1
1,NewOrder,1771507673.346069,19040,13,1
2,Payment,1771507673.348383,6450,15,1
2,Payment,1771507673.348884,4663,2,1
2,Payment,1771507673.348933,16180,10,1
2,Payment,1771507673.350740,6677,6,1
1,NewOrder,1771507673.351568,33021,5,1
4,Delivery,1771507673.352611,16996,7,1
2,Payment,1771507673.353046,6258,19,1
1,NewOrder,1771507673.353574,31040,2,1
1,NewOrder,1771507673.354853,25789,15,1
1,NewOrder,1771507673.355255,23779,16,1
2,Payment,1771507673.355820,5914,0,1
2,Payment,1771507673.357431,3270,6,1
1,NewOrder,1771507673.357960,13254,11,1
1,NewOrder,1771507673.358015,28758,8,1
2,Payment,1771507673.359320,15337,19,1
1,NewOrder,1771507673.360062,22109,9,1
1,NewOrder,1771507673.360716,2852,6,1
1,NewOrder,1771507673.361761,23335,0,1
3,OrderStatus,1771507673.362226,4619,22,1
1,NewOrder,1771507673.363583,4791,6,1
5,StockLevel,1771507673.364483,12409,14,1
1,NewOrder,1771507673.364901,50305,3,1
1,NewOrder,1771507673.365135,13736,10,1
2,Payment,1771507673.365139,9569,13,1
2,Payment,1771507673.366870,9090,22,1
1,NewOrder,1771507673.367499,21475,12,1
1,NewOrder,1771507673.367860,30432,18,1
2,Payment,1771507673.368089,11309,4,1
2,Payment,1771507673.368388,13095,6,1
1,NewOrder,1771507673.369625,15042,7,1
1,NewOrder,1771507673.370606,44247,20,1
1,NewOrder,1771507673.371227,47724,11,1
2,Payment,1771507673.374678,10289,19,1
1,NewOrder,1771507673.374735,4111,13,1
1,NewOrder,1771507673.375987,13072,22,1
2,Payment,1771507673.376907,7716,14,1
2,Payment,1771507673.378616,8172,21,1
2,Payment,1771507673.378866,8833,13,1
2,Payment,1771507673.378885,7594,10,1
2,Payment,1771507673.379060,10412,16,1
1,NewOrder,1771507673.379422,4611,4,1
2,Payment,1771507673.379464,9976,23,1
2,Payment,1771507673.379475,7293,1,1
1,NewOrder,1771507673.380669,21970,15,1
2,Payment,1771507673.381499,13931,6,1
1,NewOrder,1771507673.382197,48211,9,1
2,Payment,1771507673.384048,5288,4,1
2,Payment,1771507673.384605,12304,5,1
4,Delivery,1771507673.384633,48858,2,1
1,NewOrder,1771507673.384640,26554,14,1
2,Payment,1771507673.384694,13291,7,1
2,Payment,1771507673.384980,2826,19,1
3,OrderStatus,1771507673.385123,1399,0,1
2,Payment,1771507673.386506,12587,10,1
2,Payment,1771507673.386540,14396,0,1
2,Payment,1771507673.386797,21745,1,1
1,NewOrder,1771507673.386802,32664,8,1
1,NewOrder,1771507673.386815,30530,21,1
2,Payment,1771507673.387713,6388,13,1
1,NewOrder,1771507673.387822,4827,19,1
2,Payment,1771507673.389000,11635,12,1
1,NewOrder,1771507673.389085,35878,22,1
2,Payment,1771507673.389351,39749,4,1
2,Payment,1771507673.389456,1669,23,1
1,NewOrder,1771507673.389488,4900,16,1
2,Payment,1771507673.391141,1695,23,1
2,Payment,1771507673.392663,4558,19,1
2,Payment,1771507673.392847,2061,23,1
2,Payment,1771507673.394128,10233,13,1
2,Payment,1771507673.394405,14829,16,1
1,NewOrder,1771507673.394705,37368,17,1
2,Payment,1771507673.394926,7571,23,1
1,NewOrder,1771507673.395456,46546,6,1
2,Payment,1771507673.396922,33428,5,1
1,NewOrder,1771507673.397234,2537,19,1
2,Payment,1771507673.398001,2239,7,1
2,Payment,1771507673.398304,5472,18,1
1,NewOrder,1771507673.399108,31166,10,1
1,NewOrder,1771507673.399785,2994,19,1
1,NewOrder,1771507673.400254,20529,7,1
2,Payment,1771507673.400662,4794,12,1
2,Payment,1771507673.400963,1851,0,1
1,NewOrder,1771507673.402511,7323,23,1
1,NewOrder,1771507673.402665,27460,15,1
1,NewOrder,1771507673.402792,3321,19,1
3,OrderStatus,1771507673.402834,1245,0,1
2,Payment,1771507673.403801,8046,18,1
2,Payment,1771507673.404095,29440,0,1
2,Payment,1771507673.404389,9184,13,1
5,StockLevel,1771507673.405471,1328,12,1
1,NewOrder,1771507673.406127,12935,19,1
2,Payment,1771507673.406812,4945,12,1
1,NewOrder,1771507673.408560,21748,1,1
2,Payment,1771507673.409258,7073,16,1
1,NewOrder,1771507673.409861,41140,23,1
2,Payment,1771507673.411220,12740,14,1
1,NewOrder,1771507673.411777,62539,12,1
2,Payment,1771507673.411874,5220,18,1
5,StockLevel,1771507673.413600,7254,13,1
5,StockLevel,1771507673.414879,14553,20,1
2,Payment,1771507673.415222,17390,3,1
4,Delivery,1771507673.416358,78657,16,1
2,Payment,1771507673.417112,11133,18,1
2,Payment,1771507673.417372,2016,21,1
2,Payment,1771507673.418968,9432,11,1
2,Payment,1771507673.419089,14069,19,1
2,Payment,1771507673.419414,12380,21,1
1,NewOrder,1771507673.419480,26635,8,1
1,NewOrder,1771507673.420810,4383,7,1
1,NewOrder,1771507673.420878,49619,13,1
3,OrderStatus,1771507673.423986,2826,14,1
5,StockLevel,1771507673.424989,21503,22,1
2,Payment,1771507673.425212,5781,7,1
4,Delivery,1771507673.426837,68567,14,1
1,NewOrder,1771507673.428272,27635,18,1
1,NewOrder,1771507673.428427,13400,11,1
2,Payment,1771507673.429120,54749,4,1
2,Payment,1771507673.429447,7231,20,1
1,NewOrder,1771507673.430152,18435,15,1
2,Payment,1771507673.430291,3158,10,1
4,Delivery,1771507673.430329,4327,1,1
2,Payment,1771507673.430364,7373,5,1
2,Payment,1771507673.430435,6810,9,1
2,Payment,1771507673.431007,4478,7,1
2,Payment,1771507673.431819,3149,21,1
1,NewOrder,1771507673.432089,77221,17,1
2,Payment,1771507673.432638,9565,3,1
4,Delivery,1771507673.433204,40417,19,1
4,Delivery,1771507673.433465,91847,10,1
2,Payment,1771507673.433517,6764,2,1
2,Payment,1771507673.433554,20844,0,1
5,StockLevel,1771507673.434670,3937,1,1
1,NewOrder,1771507673.434995,42515,21,1
1,NewOrder,1771507673.435503,30333,7,1
2,Payment,1771507673.436692,2370,20,1
1,NewOrder,1771507673.437272,34788,9,1
2,Payment,1771507673.437752,26195,5,1
2,Payment,1771507673.438634,5041,1,1
5,StockLevel,1771507673.439076,9124,20,1
1,NewOrder,1771507673.440307,34725,2,1
2,Payment,1771507673.441842,6260,11,1
1,NewOrder,1771507673.442028,9072,6,1
2,Payment,1771507673.442230,32207,3,1
4,Delivery,1771507673.443688,3987,1,1
2,Payment,1771507673.446132,4586,8,1
1,NewOrder,1771507673.446509,22063,22,1
2,Payment,1771507673.447689,47212,1,1
1,NewOrder,1771507673.448129,5003,11,1
2,Payment,1771507673.448212,4602,20,1
1,NewOrder,1771507673.448607,15601,15,1
1,NewOrder,1771507673.450745,5418,8,1
2,Payment,1771507673.451027,7676,23,1
2,Payment,1771507673.451127,2371,6,1
2,Payment,1771507673.452840,7021,20,1
1,NewOrder,1771507673.453153,3827,11,1
2,Payment,1771507673.453510,1672,6,1
1,NewOrder,1771507673.454424,16289,0,1
2,Payment,1771507673.455197,2156,6,1
2,Payment,1771507673.455933,6111,18,1
1,NewOrder,1771507673.456180,4632,8,1
1,NewOrder,1771507673.456998,9942,11,1
1,NewOrder,1771507673.457370,7670,6,1
2,Payment,1771507673.458731,35508,23,1
2,Payment,1771507673.459887,22053,20,1
1,NewOrder,1771507673.460828,10264,8,1
2,Payment,1771507673.462071,6939,18,1
1,NewOrder,1771507673.463962,24380,5,1
1,NewOrder,1771507673.464235,44550,15,1
1,NewOrder,1771507673.465055,24087,6,1
1,NewOrder,1771507673.465860,9411,7,1
1,NewOrder,1771507673.466967,9921,11,1
2,Payment,1771507673.468589,12124,22,1
2,Payment,1771507673.469037,9255,18,1
1,NewOrder,1771507673.470522,40899,13,1
2,Payment,1771507673.470739,4829,0,1
2,Payment,1771507673.471105,4257,8,1
2,Payment,1771507673.472088,12236,9,1
2,Payment,1771507673.473643,3669,19,1
1,NewOrder,1771507673.474340,5767,12,1
1,NewOrder,1771507673.474457,37236,3,1
2,Payment,1771507673.475048,10396,2,1
1,NewOrder,1771507673.475287,33011,7,1
1,NewOrder,1771507673.475377,19925,8,1
1,NewOrder,1771507673.475595,3842,0,1
1,NewOrder,1771507673.476915,39431,11,1
2,Payment,1771507673.477339,6481,19,1
2,Payment,1771507673.477529,30877,21,1
1,NewOrder,1771507673.478316,30813,18,1
5,StockLevel,1771507673.479464,1601,0,1
2,Payment,1771507673.480133,37170,12,1
1,NewOrder,1771507673.480732,56151,22,1
2,Payment,1771507673.481092,20808,0,1
2,Payment,1771507673.481956,9380,20,1
1,NewOrder,1771507673.483847,64988,19,1
2,Payment,1771507673.483896,3135,4,1
1,NewOrder,1771507673.484342,19992,9,1
1,NewOrder,1771507673.485462,17797,2,1
1,NewOrder,1771507673.487050,14025,4,1
1,NewOrder,1771507673.488370,23413,5,1
2,Payment,1771507673.489168,8318,6,1
1,NewOrder,1771507673.491363,42031,20,1
2,Payment,1771507673.494254,4022,23,1
1,NewOrder,1771507673.494929,19670,1,1
2,Payment,1771507673.495034,23487,16,1
1,NewOrder,1771507673.495329,18902,8,1
1,NewOrder,1771507673.495419,7443,14,1
2,Payment,1771507673.497514,8840,6,1
3,OrderStatus,1771507673.498303,3955,23,1
2,Payment,1771507673.501091,5767,4,1
2,Payment,1771507673.501926,6841,0,1
2,Payment,1771507673.502283,17606,23,1
2,Payment,1771507673.502876,19510,14,1
1,NewOrder,1771507673.503285,43101,2,1
1,NewOrder,1771507673.504360,47369,9,1
1,NewOrder,1771507673.506367,31224,6,1
2,Payment,1771507673.506886,21069,4,1
4,Delivery,1771507673.508325,17450,7,1
1,NewOrder,1771507673.508432,33486,21,1
1,NewOrder,1771507673.508781,41924,0,1
1,NewOrder,1771507673.508812,6056,15,1
1,NewOrder,1771507673.509156,5736,18,1
1,NewOrder,1771507673.509326,2894,17,1
1,NewOrder,1771507673.511447,12582,13,1
1,NewOrder,1771507673.511720,43852,3,1
1,NewOrder,1771507673.511810,26318,5,1
2,Payment,1771507673.512238,7795,17,1
1,NewOrder,1771507673.514249,25746,8,1
5,StockLevel,1771507673.514624,7407,1,1
1,NewOrder,1771507673.514895,25728,15,1
1,NewOrder,1771507673.514917,28790,18,1
1,NewOrder,1771507673.516369,36382,11,1
2,Payment,1771507673.517330,15052,12,1
1,NewOrder,1771507673.518546,5721,16,1
2,Payment,1771507673.519913,11685,23,1
2,Payment,1771507673.520058,3383,17,1
2,Payment,1771507673.522059,16021,1,1
1,NewOrder,1771507673.522414,8740,14,1
1,NewOrder,1771507673.523459,36145,17,1
1,NewOrder,1771507673.524046,53418,13,1
1,NewOrder,1771507673.524285,4802,16,1
1,NewOrder,1771507673.525327,43669,10,1
2,Payment,1771507673.525796,1356,7,1
1,NewOrder,1771507673.527166,7465,7,1
1,NewOrder,1771507673.527983,22864,4,1
2,Payment,1771507673.529114,5412,16,1
1,NewOrder,1771507673.531181,19500,14,1
2,Payment,1771507673.531614,8618,23,1
1,NewOrder,1771507673.532409,19184,12,1
1,NewOrder,1771507673.533421,3812,20,1
2,Payment,1771507673.534544,25357,16,1
2,Payment,1771507673.534658,26830,7,1
1,NewOrder,1771507673.536908,16751,22,1
2,Payment,1771507673.537251,5475,20,1
5,StockLevel,1771507673.537605,29483,6,1
2,Payment,1771507673.538092,24795,1,1
3,OrderStatus,1771507673.538155,21734,5,1
1,NewOrder,1771507673.540019,38944,8,1
1,NewOrder,1771507673.540258,6433,23,1
2,Payment,1771507673.540650,20853,15,1
2,Payment,1771507673.541944,2012,21,1
1,NewOrder,1771507673.542743,24984,20,1
1,NewOrder,1771507673.543734,15265,18,1
1,NewOrder,1771507673.543972,4573,21,1
2,Payment,1771507673.546413,23207,2,1
1,NewOrder,1771507673.546719,29611,23,1
2,Payment,1771507673.548561,6992,21,1
1,NewOrder,1771507673.548862,7961,19,1
1,NewOrder,1771507673.550700,6182,14,1
1,NewOrder,1771507673.550731,42114,0,1
2,Payment,1771507673.550874,29595,4,1
1,NewOrder,1771507673.551619,40953,12,1
2,Payment,1771507673.551754,12333,9,1
1,NewOrder,1771507673.552778,44974,11,1
2,Payment,1771507673.553674,2747,22,1
4,Delivery,1771507673.555569,26573,21,1
1,NewOrder,1771507673.555598,4274,3,1
1,NewOrder,1771507673.556445,48094,22,1
2,Payment,1771507673.556841,3297,19,1
2,Payment,1771507673.556900,32895,14,1
1,NewOrder,1771507673.559026,41007,18,1
2,Payment,1771507673.559623,3523,17,1
2,Payment,1771507673.559888,11643,3,1
1,NewOrder,1771507673.559906,61632,5,1
2,Payment,1771507673.559925,5211,16,1
2,Payment,1771507673.560152,8196,19,1
1,NewOrder,1771507673.561515,17397,7,1
2,Payment,1771507673.561522,27260,15,1
2,Payment,1771507673.562903,7423,1,1
1,NewOrder,1771507673.563162,2269,17,1
2,Payment,1771507673.564110,15948,9,1
2,Payment,1771507673.565163,1843,16,1
3,OrderStatus,1771507673.565445,667,17,1
2,Payment,1771507673.566124,2910,17,1
2,Payment,1771507673.567033,11319,16,1
2,Payment,1771507673.567116,14416,6,1
1,NewOrder,1771507673.567742,15564,20,1
1,NewOrder,1771507673.568377,35896,19,1
1,NewOrder,1771507673.569011,59344,10,1
5,StockLevel,1771507673.569050,10819,17,1
2,Payment,1771507673.569639,12752,2,1
2,Payment,1771507673.570342,2332,1,1
4,Delivery,1771507673.571548,12500,3,1
5,StockLevel,1771507673.572689,1467,1,1
1,NewOrder,1771507673.574169,4763,1,1
1,NewOrder,1771507673.576356,48023,23,1
2,Payment,1771507673.577492,39781,13,1
1,NewOrder,1771507673.578371,15223,16,1
2,Payment,1771507673.578939,43761,7,1
1,NewOrder,1771507673.578949,48865,1,1
2,Payment,1771507673.578990,41925,8,1
1,NewOrder,1771507673.579884,23531,17,1
1,NewOrder,1771507673.580077,22246,9,1
1,NewOrder,1771507673.580497,11229,4,1
1,NewOrder,1771507673.581549,48421,6,1
2,Payment,1771507673.582169,4147,21,1
2,Payment,1771507673.582418,1604,2,1
1,NewOrder,1771507673.583321,52228,20,1
1,NewOrder,1771507673.584040,4152,2,1
1,NewOrder,1771507673.584064,39531,3,1
2,Payment,1771507673.586343,13312,21,1
1,NewOrder,1771507673.588219,29077,2,1
2,Payment,1771507673.588807,2476,15,1
2,Payment,1771507673.589814,3923,14,1
1,NewOrder,1771507673.591301,13166,15,1
1,NewOrder,1771507673.591740,17055,4,1
2,Payment,1771507673.592584,2096,12,1
1,NewOrder,1771507673.592872,3025,0,1
2,Payment,1771507673.593609,10073,16,1
2,Payment,1771507673.593757,10776,14,1
1,NewOrder,1771507673.594697,5742,12,1
4,Delivery,1771507673.595925,2347,0,1
1,NewOrder,1771507673.597780,8765,11,1
2,Payment,1771507673.598290,2489,0,1
2,Payment,1771507673.599680,9265,21,1
1,NewOrder,1771507673.600060,6997,18,1
2,Payment,1771507673.600454,5586,12,1
2,Payment,1771507673.600796,2183,0,1
1,NewOrder,1771507673.602350,7315,9,1
2,Payment,1771507673.602993,6341,0,1
1,NewOrder,1771507673.603442,13899,17,1
1,NewOrder,1771507673.603706,18064,16,1
2,Payment,1771507673.604301,6006,19,1
2,Payment,1771507673.604493,5403,15,1
2,Payment,1771507673.604551,3209,14,1
2,Payment,1771507673.604558,6783,22,1
1,NewOrder,1771507673.606054,22108,12,1
1,NewOrder,1771507673.606556,42012,11,1
5,StockLevel,1771507673.607075,1778,18,1
2,Payment,1771507673.607774,3305,14,1
2,Payment,1771507673.608822,30630,4,1
1,NewOrder,1771507673.608881,44113,18,1
1,NewOrder,1771507673.608959,19903,21,1
2,Payment,1771507673.609362,31855,0,1
2,Payment,1771507673.609690,25062,9,1
1,NewOrder,1771507673.609910,2602,15,1
2,Payment,1771507673.610323,3779,19,1
2,Payment,1771507673.611102,1942,14,1
1,NewOrder,1771507673.611368,3231,22,1
3,OrderStatus,1771507673.612526,779,15,1
1,NewOrder,1771507673.613057,6212,14,1
2,Payment,1771507673.613322,1622,15,1
2,Payment,1771507673.614130,2518,19,1
2,Payment,1771507673.614617,11106,22,1
1,NewOrder,1771507673.614957,30232,15,1
5,StockLevel,1771507673.616669,38810,19,1
4,Delivery,1771507673.617300,22951,13,1
1,NewOrder,1771507673.617327,5237,2,1
1,NewOrder,1771507673.617369,25415,17,1
1,NewOrder,1771507673.619285,23814,14,1
1,NewOrder,1771507673.620940,19419,8,1
2,Payment,1771507673.621572,28349,5,1
1,NewOrder,1771507673.621785,21252,16,1
2,Payment,1771507673.622585,23731,2,1
1,NewOrder,1771507673.622712,5412,7,1
2,Payment,1771507673.623619,29176,3,1
1,NewOrder,1771507673.624406,15773,23,1
1,NewOrder,1771507673.625739,30840,22,1
2,Payment,1771507673.627829,26567,1,1
1,NewOrder,1771507673.628142,3572,7,1
3,OrderStatus,1771507673.628189,2474,12,1
1,NewOrder,1771507673.628381,21840,10,1
2,Payment,1771507673.628889,2618,21,1
2,Payment,1771507673.629985,20223,6,1
3,OrderStatus,1771507673.630684,903,12,1
2,Payment,1771507673.631524,2635,21,1
2,Payment,1771507673.631605,8762,12,1
2,Payment,1771507673.631728,15577,7,1
2,Payment,1771507673.634175,4730,21,1
2,Payment,1771507673.634769,7051,9,1
2,Payment,1771507673.638920,4892,21,1
2,Payment,1771507673.639463,3576,4,1
2,Payment,1771507673.640207,30680,23,1
2,Payment,1771507673.641232,6783,0,1
1,NewOrder,1771507673.641837,4022,9,1
2,Payment,1771507673.642811,4740,17,1
1,NewOrder,1771507673.643067,15387,16,1
1,NewOrder,1771507673.643126,17978,14,1
2,Payment,1771507673.643838,4206,21,1
1,NewOrder,1771507673.645204,15473,15,1
1,NewOrder,1771507673.647571,14037,17,1
2,Payment,1771507673.648032,3326,0,1
1,NewOrder,1771507673.648060,13643,21,1
2,Payment,1771507673.648585,6031,11,1
2,Payment,1771507673.649941,18270,5,1
2,Payment,1771507673.650239,5839,10,1
2,Payment,1771507673.651374,5041,0,1
2,Payment,1771507673.653018,19075,18,1
2,Payment,1771507673.654633,2499,11,1
1,NewOrder,1771507673.655498,14258,19,1
2,Payment,1771507673.656430,13580,0,1
2,Payment,1771507673.656594,17137,22,1
1,NewOrder,1771507673.657159,4801,11,1
2,Payment,1771507673.658481,2752,16,1
2,Payment,1771507673.660704,1719,15,1
2,Payment,1771507673.661624,4023,17,1
1,NewOrder,1771507673.662442,3541,15,1
2,Payment,1771507673.668238,3159,5,1
1,NewOrder,1771507673.670037,4646,0,1
2,Payment,1771507673.671423,1206,5,1
2,Payment,1771507673.673756,1281,22,1
2,Payment,1771507673.675055,4031,22,1
