Transaction Type Index,Transaction Name,Start Time (microseconds),Latency (microseconds),Worker Id (start number),Phase Id (index in config file)
2,Payment,1772074569.972376,113773,23,1
1,NewOrder,1772074569.972377,71562,21,1
1,NewOrder,1772074569.972379,110608,22,1
2,Payment,1772074569.972379,60122,20,1
2,Payment,1772074569.972490,89869,19,1
2,Payment,1772074569.972574,42564,18,1
1,NewOrder,1772074569.972785,99925,17,1
3,OrderStatus,1772074569.972995,47122,16,1
2,Payment,1772074569.973217,56368,14,1
2,Payment,1772074569.973420,140999,13,1
2,Payment,1772074569.973634,102949,12,1
2,Payment,1772074569.973857,78939,15,1
2,Payment,1772074569.974057,141071,11,1
2,Payment,1772074569.974278,98010,9,1
2,Payment,1772074569.974481,74692,7,1
2,Payment,1772074569.974705,56014,6,1
5,StockLevel,1772074569.974911,69229,10,1
1,NewOrder,1772074569.975132,91190,1,1
2,Payment,1772074569.975344,87937,3,1
1,NewOrder,1772074569.975562,102757,8,1
2,Payment,1772074569.975773,106313,4,1
1,NewOrder,1772074569.975990,72324,2,1
2,Payment,1772074569.976332,58241,0,1
1,NewOrder,1772074569.976417,103119,5,1
1,NewOrder,1772074570.015260,35428,18,1
1,NewOrder,1772074570.020158,57470,16,1
1,NewOrder,1772074570.029626,71008,14,1
1,NewOrder,1772074570.030850,56390,6,1
2,Payment,1772074570.032534,63510,20,1
1,NewOrder,1772074570.034604,71709,0,1
4,Delivery,1772074570.043992,52172,21,1
2,Payment,1772074570.044170,51434,10,1
2,Payment,1772074570.048347,49701,2,1
3,OrderStatus,1772074570.049210,8273,7,1
1,NewOrder,1772074570.050704,32360,18,1
2,Payment,1772074570.052837,39201,15,1
3,OrderStatus,1772074570.057504,3195,7,1
1,NewOrder,1772074570.060722,58246,7,1
2,Payment,1772074570.062396,42847,19,1
2,Payment,1772074570.063309,120660,3,1
2,Payment,1772074570.066356,47411,1,1
4,Delivery,1772074570.072328,70940,9,1
5,StockLevel,1772074570.072749,33540,17,1
1,NewOrder,1772074570.076623,64342,12,1
1,NewOrder,1772074570.077650,24742,16,1
1,NewOrder,1772074570.078350,23100,8,1
1,NewOrder,1772074570.079565,23211,5,1
2,Payment,1772074570.082127,50748,4,1
1,NewOrder,1772074570.083010,30081,22,1
2,Payment,1772074570.083085,38579,18,1
1,NewOrder,1772074570.086183,67042,23,1
2,Payment,1772074570.087262,41647,6,1
1,NewOrder,1772074570.092070,75844,15,1
1,NewOrder,1772074570.095626,72849,10,1
2,Payment,1772074570.096072,57798,20,1
3,OrderStatus,1772074570.096191,12955,21,1
3,OrderStatus,1772074570.098077,6141,2,1
2,Payment,1772074570.100655,22419,14,1
2,Payment,1772074570.101467,57529,8,1
1,NewOrder,1772074570.102408,24827,16,1
3,OrderStatus,1772074570.102794,6076,5,1
1,NewOrder,1772074570.104244,40155,2,1
5,StockLevel,1772074570.105261,33801,19,1
2,Payment,1772074570.106307,35969,17,1
2,Payment,1772074570.106330,39024,0,1
2,Payment,1772074570.108892,51065,5,1
1,NewOrder,1772074570.109166,36165,21,1
2,Payment,1772074570.113111,29218,22,1
1,NewOrder,1772074570.113788,41473,1,1
5,StockLevel,1772074570.114466,39029,13,1
1,NewOrder,1772074570.115156,80654,11,1
2,Payment,1772074570.118991,19090,7,1
1,NewOrder,1772074570.121685,33939,18,1
1,NewOrder,1772074570.123097,46852,14,1
2,Payment,1772074570.127257,28369,16,1
1,NewOrder,1772074570.128939,46489,6,1
1,NewOrder,1772074570.132901,82794,4,1
3,OrderStatus,1772074570.138108,6378,7,1
1,NewOrder,1772074570.139082,73531,19,1
1,NewOrder,1772074570.140984,46053,12,1
2,Payment,1772074570.142294,25250,17,1
2,Payment,1772074570.142353,23065,22,1
2,Payment,1772074570.143289,30108,9,1
1,NewOrder,1772074570.144417,42649,2,1
4,Delivery,1772074570.144507,41322,7,1
1,NewOrder,1772074570.145351,40508,21,1
1,NewOrder,1772074570.145372,30813,0,1
1,NewOrder,1772074570.153253,33854,23,1
4,Delivery,1772074570.153506,47714,13,1
2,Payment,1772074570.153880,23563,20,1
2,Payment,1772074570.155284,15766,1,1
1,NewOrder,1772074570.155644,38270,18,1
2,Payment,1772074570.155651,27490,16,1
1,NewOrder,1772074570.159018,26763,8,1
2,Payment,1772074570.159982,46554,5,1
4,Delivery,1772074570.165442,103256,22,1
2,Payment,1772074570.167560,28923,17,1
1,NewOrder,1772074570.167929,33234,15,1
2,Payment,1772074570.168493,18554,10,1
1,NewOrder,1772074570.169982,30376,14,1
2,Payment,1772074570.171088,49497,1,1
4,Delivery,1772074570.173416,12758,9,1
2,Payment,1772074570.175452,23573,6,1
5,StockLevel,1772074570.176204,32625,0,1
2,Payment,1772074570.177461,14737,20,1
4,Delivery,1772074570.183166,18304,16,1
2,Payment,1772074570.183985,48042,3,1
2,Payment,1772074570.185803,23101,8,1
1,NewOrder,1772074570.185848,31000,7,1
1,NewOrder,1772074570.185878,34993,21,1
1,NewOrder,1772074570.186191,72503,9,1
1,NewOrder,1772074570.187051,37456,12,1
1,NewOrder,1772074570.187061,35220,10,1
1,NewOrder,1772074570.187084,24994,2,1
2,Payment,1772074570.187125,14133,23,1
1,NewOrder,1772074570.192220,67718,20,1
2,Payment,1772074570.193935,19854,18,1
1,NewOrder,1772074570.195829,29699,11,1
2,Payment,1772074570.196497,15176,17,1
2,Payment,1772074570.199044,21619,6,1
1,NewOrder,1772074570.200381,30225,14,1
2,Payment,1772074570.201181,22343,15,1
1,NewOrder,1772074570.201243,64003,13,1
1,NewOrder,1772074570.201283,32419,23,1
3,OrderStatus,1772074570.201487,5148,16,1
1,NewOrder,1772074570.206561,31477,5,1
1,NewOrder,1772074570.206655,25774,16,1
1,NewOrder,1772074570.208863,37192,0,1
1,NewOrder,1772074570.208930,47482,8,1
1,NewOrder,1772074570.211700,34563,17,1
1,NewOrder,1772074570.212099,35417,2,1
2,Payment,1772074570.212632,16933,19,1
5,StockLevel,1772074570.213807,33763,18,1
1,NewOrder,1772074570.215713,40747,4,1
2,Payment,1772074570.216863,15603,7,1
1,NewOrder,1772074570.220612,48045,1,1
2,Payment,1772074570.220686,24667,6,1
2,Payment,1772074570.220883,22815,21,1
2,Payment,1772074570.222301,35380,10,1
2,Payment,1772074570.223544,13870,15,1
3,OrderStatus,1772074570.224524,9997,12,1
1,NewOrder,1772074570.225544,30484,11,1
1,NewOrder,1772074570.229591,27736,19,1
1,NewOrder,1772074570.230628,31650,14,1
1,NewOrder,1772074570.232045,75659,3,1
2,Payment,1772074570.232448,15349,16,1
1,NewOrder,1772074570.232481,28199,7,1
2,Payment,1772074570.233719,22790,23,1
1,NewOrder,1772074570.234545,42447,12,1
1,NewOrder,1772074570.237439,47967,15,1
1,NewOrder,1772074570.238055,39679,5,1
2,Payment,1772074570.243735,22696,21,1
2,Payment,1772074570.245378,22718,6,1
2,Payment,1772074570.246072,19668,0,1
1,NewOrder,1772074570.246284,29957,17,1
1,NewOrder,1772074570.247546,36209,2,1
2,Payment,1772074570.247592,28717,18,1
1,NewOrder,1772074570.247817,26739,16,1
1,NewOrder,1772074570.256056,46226,11,1
1,NewOrder,1772074570.256433,33732,8,1
2,Payment,1772074570.256474,20483,4,1
1,NewOrder,1772074570.256528,23078,23,1
2,Payment,1772074570.257343,30259,19,1
5,StockLevel,1772074570.257700,18307,10,1
2,Payment,1772074570.258713,19855,9,1
3,OrderStatus,1772074570.259954,8966,20,1
1,NewOrder,1772074570.260695,39452,7,1
1,NewOrder,1772074570.262295,26622,14,1
2,Payment,1772074570.265265,27229,13,1
1,NewOrder,1772074570.265760,42034,0,1
2,Payment,1772074570.266446,45249,21,1
1,NewOrder,1772074570.268114,33023,6,1
2,Payment,1772074570.268672,17892,1,1
3,OrderStatus,1772074570.268710,7642,22,1
1,NewOrder,1772074570.268939,47566,20,1
4,Delivery,1772074570.274581,93866,16,1
3,OrderStatus,1772074570.276029,8063,10,1
2,Payment,1772074570.276261,28661,17,1
1,NewOrder,1772074570.276324,24002,18,1
2,Payment,1772074570.276371,23725,22,1
1,NewOrder,1772074570.276970,43009,4,1
2,Payment,1772074570.277012,42287,12,1
2,Payment,1772074570.277748,22378,5,1
2,Payment,1772074570.278589,12747,9,1
1,NewOrder,1772074570.279627,33540,23,1
4,Delivery,1772074570.283779,66906,2,1
4,Delivery,1772074570.284110,82055,10,1
1,NewOrder,1772074570.285423,25306,15,1
2,Payment,1772074570.286579,24806,1,1
2,Payment,1772074570.287616,34865,19,1
1,NewOrder,1772074570.288935,34531,14,1
1,NewOrder,1772074570.290179,36062,8,1
2,Payment,1772074570.291354,14826,9,1
2,Payment,1772074570.292512,37819,13,1
5,StockLevel,1772074570.300123,29253,22,1
1,NewOrder,1772074570.300152,25549,5,1
3,OrderStatus,1772074570.300165,7607,7,1
4,Delivery,1772074570.300339,14981,18,1
1,NewOrder,1772074570.301150,26150,6,1
1,NewOrder,1772074570.302299,38710,11,1
2,Payment,1772074570.304943,33215,17,1
1,NewOrder,1772074570.306196,22804,9,1
4,Delivery,1772074570.307722,43604,3,1
2,Payment,1772074570.307790,13127,7,1
2,Payment,1772074570.307813,12307,0,1
2,Payment,1772074570.310750,51851,15,1
2,Payment,1772074570.311404,16993,1,1
2,Payment,1772074570.311716,19242,21,1
1,NewOrder,1772074570.313189,30568,23,1
1,NewOrder,1772074570.315350,37950,18,1
1,NewOrder,1772074570.316528,41473,20,1
2,Payment,1772074570.319331,31500,12,1
1,NewOrder,1772074570.319998,35411,4,1
1,NewOrder,1772074570.320146,18558,0,1
1,NewOrder,1772074570.320931,33314,7,1
1,NewOrder,1772074570.322500,43008,19,1
2,Payment,1772074570.323481,74585,14,1
2,Payment,1772074570.325717,12898,5,1
2,Payment,1772074570.326259,12322,8,1
1,NewOrder,1772074570.327315,16847,6,1
2,Payment,1772074570.328413,15784,1,1
2,Payment,1772074570.329011,22321,9,1
2,Payment,1772074570.329390,33077,22,1
2,Payment,1772074570.330348,39535,13,1
2,Payment,1772074570.330972,19752,21,1
1,NewOrder,1772074570.338186,30551,17,1
5,StockLevel,1772074570.338603,24717,8,1
2,Payment,1772074570.338635,14259,5,1
1,NewOrder,1772074570.338717,23399,0,1
2,Payment,1772074570.341027,27750,11,1
4,Delivery,1772074570.343776,90146,23,1
1,NewOrder,1772074570.344175,27187,6,1
2,Payment,1772074570.344213,17936,1,1
2,Payment,1772074570.350729,26335,2,1
1,NewOrder,1772074570.350760,26939,21,1
1,NewOrder,1772074570.350848,28480,12,1
1,NewOrder,1772074570.351345,22300,3,1
4,Delivery,1772074570.351352,14996,9,1
2,Payment,1772074570.352925,39399,5,1
1,NewOrder,1772074570.353317,32391,18,1
2,Payment,1772074570.354263,29552,7,1
2,Payment,1772074570.355424,58612,4,1
2,Payment,1772074570.358017,14157,20,1
1,NewOrder,1772074570.362137,15305,0,1
2,Payment,1772074570.362167,58969,1,1
4,Delivery,1772074570.362483,71920,22,1
2,Payment,1772074570.362618,14975,15,1
1,NewOrder,1772074570.363337,14229,8,1
5,StockLevel,1772074570.365525,26195,19,1
2,Payment,1772074570.366182,25728,10,1
5,StockLevel,1772074570.366364,34905,9,1
1,NewOrder,1772074570.368462,33287,16,1
1,NewOrder,1772074570.368747,22357,17,1
1,NewOrder,1772074570.368792,19175,11,1
2,Payment,1772074570.369906,14784,13,1
1,NewOrder,1772074570.371383,20445,6,1
3,OrderStatus,1772074570.372186,7674,20,1
1,NewOrder,1772074570.373662,33605,3,1
2,Payment,1772074570.377085,58161,2,1
3,OrderStatus,1772074570.377469,6954,0,1
2,Payment,1772074570.377582,36836,8,1
4,Delivery,1772074570.377611,51067,15,1
2,Payment,1772074570.377715,17763,21,1
1,NewOrder,1772074570.379344,43895,12,1
2,Payment,1772074570.379871,30119,20,1
1,NewOrder,1772074570.383835,17091,7,1
2,Payment,1772074570.384442,63326,0,1
1,NewOrder,1772074570.384704,22221,13,1
3,OrderStatus,1772074570.385724,5269,18,1
1,NewOrder,1772074570.387984,30198,11,1
1,NewOrder,1772074570.391011,13433,18,1
1,NewOrder,1772074570.391122,28130,17,1
2,Payment,1772074570.391731,23990,19,1
1,NewOrder,1772074570.391853,35893,6,1
1,NewOrder,1772074570.391935,25866,10,1
2,Payment,1772074570.392351,62688,5,1
2,Payment,1772074570.395499,32173,21,1
3,OrderStatus,1772074570.398096,9708,14,1
2,Payment,1772074570.400945,19802,7,1
1,NewOrder,1772074570.401296,35983,9,1
2,Payment,1772074570.401761,6429,16,1
3,OrderStatus,1772074570.404465,3690,18,1
1,NewOrder,1772074570.406944,20834,13,1
2,Payment,1772074570.407278,60527,3,1
2,Payment,1772074570.407822,12373,14,1
1,NewOrder,1772074570.408169,20826,18,1
1,NewOrder,1772074570.408205,24534,16,1
2,Payment,1772074570.410006,28807,20,1
4,Delivery,1772074570.414054,61366,4,1
2,Payment,1772074570.414431,19935,8,1
4,Delivery,1772074570.415737,18621,19,1
4,Delivery,1772074570.417816,28954,10,1
4,Delivery,1772074570.418198,29010,11,1
1,NewOrder,1772074570.419266,14268,17,1
2,Payment,1772074570.420205,8140,14,1
1,NewOrder,1772074570.420764,16921,7,1
2,Payment,1772074570.421152,40350,1,1
2,Payment,1772074570.423252,10213,12,1
2,Payment,1772074570.427691,27142,21,1
1,NewOrder,1772074570.427761,21680,6,1
1,NewOrder,1772074570.427793,25765,13,1
2,Payment,1772074570.428362,15903,14,1
1,NewOrder,1772074570.428690,21431,15,1
2,Payment,1772074570.429003,19606,18,1
3,OrderStatus,1772074570.432760,3589,16,1
1,NewOrder,1772074570.433480,10762,12,1
2,Payment,1772074570.433556,17567,17,1
2,Payment,1772074570.433937,57625,23,1
2,Payment,1772074570.434374,31199,19,1
1,NewOrder,1772074570.434377,25958,8,1
1,NewOrder,1772074570.434417,17481,22,1
1,NewOrder,1772074570.435255,19936,2,1
2,Payment,1772074570.436360,33193,16,1
1,NewOrder,1772074570.437297,20727,9,1
1,NewOrder,1772074570.437698,28936,7,1
5,StockLevel,1772074570.438826,26411,20,1
1,NewOrder,1772074570.444263,18633,12,1
5,StockLevel,1772074570.444284,39476,14,1
1,NewOrder,1772074570.446795,19216,10,1
1,NewOrder,1772074570.447225,18750,11,1
2,Payment,1772074570.447786,27353,0,1
2,Payment,1772074570.448624,34223,18,1
1,NewOrder,1772074570.449456,16480,6,1
2,Payment,1772074570.450132,38884,15,1
2,Payment,1772074570.451133,26944,17,1
1,NewOrder,1772074570.451909,29529,22,1
1,NewOrder,1772074570.453574,24046,13,1
2,Payment,1772074570.454844,49304,21,1
1,NewOrder,1772074570.455056,23163,5,1
2,Payment,1772074570.455204,28156,2,1
1,NewOrder,1772074570.458042,31904,9,1
2,Payment,1772074570.460354,9495,8,1
1,NewOrder,1772074570.461521,17414,1,1
3,OrderStatus,1772074570.462912,4355,12,1
2,Payment,1772074570.465257,51906,20,1
1,NewOrder,1772074570.465591,22477,19,1
2,Payment,1772074570.465951,12932,6,1
2,Payment,1772074570.465990,21405,11,1
1,NewOrder,1772074570.466032,15895,10,1
4,Delivery,1772074570.466645,24807,7,1
2,Payment,1772074570.467281,42314,12,1
2,Payment,1772074570.467814,26058,3,1
2,Payment,1772074570.469569,51250,16,1
1,NewOrder,1772074570.469868,21166,8,1
2,Payment,1772074570.475161,27323,0,1
5,StockLevel,1772074570.475437,53188,4,1
1,NewOrder,1772074570.477636,31917,13,1
3,OrderStatus,1772074570.478090,7932,17,1
1,NewOrder,1772074570.478236,35715,5,1
1,NewOrder,1772074570.478897,15501,6,1
2,Payment,1772074570.478949,30669,1,1
1,NewOrder,1772074570.481454,23076,22,1
3,OrderStatus,1772074570.481943,5493,10,1
2,Payment,1772074570.482858,69074,18,1
1,NewOrder,1772074570.483373,36816,2,1
1,NewOrder,1772074570.483776,20774,14,1
1,NewOrder,1772074570.486038,37668,17,1
1,NewOrder,1772074570.487414,13506,11,1
2,Payment,1772074570.487455,13889,10,1
1,NewOrder,1772074570.488080,18016,19,1
1,NewOrder,1772074570.489030,38431,15,1
1,NewOrder,1772074570.489960,31416,9,1
1,NewOrder,1772074570.491050,13449,8,1
2,Payment,1772074570.491468,18182,7,1
2,Payment,1772074570.491583,52462,23,1
1,NewOrder,1772074570.493883,32691,3,1
2,Payment,1772074570.494412,24490,6,1
1,NewOrder,1772074570.500945,5765,11,1
1,NewOrder,1772074570.501364,8016,10,1
2,Payment,1772074570.502503,15110,0,1
1,NewOrder,1772074570.504165,33031,21,1
1,NewOrder,1772074570.504514,32642,8,1
2,Payment,1772074570.504547,23044,22,1
1,NewOrder,1772074570.504562,25978,14,1
1,NewOrder,1772074570.506112,8757,19,1
2,Payment,1772074570.506724,27632,11,1
2,Payment,1772074570.509396,14679,10,1
2,Payment,1772074570.509569,21643,13,1
2,Payment,1772074570.509611,37179,12,1
1,NewOrder,1772074570.509634,39361,1,1
1,NewOrder,1772074570.509663,29404,7,1
2,Payment,1772074570.513971,13534,5,1
5,StockLevel,1772074570.514890,8392,19,1
1,NewOrder,1772074570.517213,34817,20,1
2,Payment,1772074570.517630,19038,0,1
2,Payment,1772074570.518936,22425,6,1
1,NewOrder,1772074570.520210,34363,2,1
1,NewOrder,1772074570.520867,38323,16,1
1,NewOrder,1772074570.521386,30016,9,1
3,OrderStatus,1772074570.523294,6901,19,1
1,NewOrder,1772074570.523720,28176,17,1
1,NewOrder,1772074570.524087,25553,10,1
2,Payment,1772074570.526589,19622,3,1
2,Payment,1772074570.527473,34099,15,1
2,Payment,1772074570.527519,36436,5,1
1,NewOrder,1772074570.527605,30408,22,1
1,NewOrder,1772074570.528635,35353,4,1
1,NewOrder,1772074570.530210,27282,19,1
2,Payment,1772074570.530554,44752,14,1
1,NewOrder,1772074570.531222,22314,13,1
1,NewOrder,1772074570.534368,23551,11,1
5,StockLevel,1772074570.536681,14777,0,1
1,NewOrder,1772074570.537167,17259,8,1
3,OrderStatus,1772074570.537209,6292,21,1
1,NewOrder,1772074570.539079,20506,7,1
2,Payment,1772074570.541373,14082,6,1
2,Payment,1772074570.543516,16063,21,1
1,NewOrder,1772074570.544076,19216,23,1
1,NewOrder,1772074570.546245,36876,3,1
2,Payment,1772074570.546801,38129,12,1
2,Payment,1772074570.549005,17373,1,1
2,Payment,1772074570.549649,21334,10,1
1,NewOrder,1772074570.551416,28354,9,1
1,NewOrder,1772074570.551470,11301,0,1
1,NewOrder,1772074570.551911,21977,17,1
2,Payment,1772074570.551941,13220,18,1
2,Payment,1772074570.552039,24158,20,1
2,Payment,1772074570.553546,37191,13,1
4,Delivery,1772074570.554435,21024,8,1
2,Payment,1772074570.554583,18981,2,1
2,Payment,1772074570.555469,24724,6,1
4,Delivery,1772074570.557507,11902,19,1
2,Payment,1772074570.557931,27816,11,1
2,Payment,1772074570.558025,26371,22,1
2,Payment,1772074570.559201,58318,16,1
4,Delivery,1772074570.559588,10058,21,1
2,Payment,1772074570.559594,34738,7,1
2,Payment,1772074570.561582,40139,15,1
1,NewOrder,1772074570.562784,9136,0,1
1,NewOrder,1772074570.563311,19442,23,1
1,NewOrder,1772074570.563964,37676,5,1
2,Payment,1772074570.563999,14727,4,1
2,Payment,1772074570.565171,26578,18,1
2,Payment,1772074570.566392,14762,1,1
2,Payment,1772074570.569421,31169,19,1
2,Payment,1772074570.569658,49789,21,1
1,NewOrder,1772074570.570993,39517,10,1
1,NewOrder,1772074570.571931,10342,0,1
4,Delivery,1772074570.573576,31332,2,1
5,StockLevel,1772074570.573900,20779,17,1
1,NewOrder,1772074570.575320,22474,14,1
2,Payment,1772074570.575470,55494,8,1
1,NewOrder,1772074570.576207,22909,20,1
2,Payment,1772074570.578740,18354,4,1
1,NewOrder,1772074570.579777,23125,9,1
2,Payment,1772074570.580202,41908,6,1
1,NewOrder,1772074570.581173,24620,1,1
1,NewOrder,1772074570.582285,14193,0,1
2,Payment,1772074570.582768,47654,23,1
2,Payment,1772074570.583135,20212,3,1
1,NewOrder,1772074570.584404,24689,22,1
1,NewOrder,1772074570.584940,27536,12,1
2,Payment,1772074570.585757,16694,11,1
3,OrderStatus,1772074570.590751,6829,13,1
2,Payment,1772074570.591759,19527,18,1
2,Payment,1772074570.594343,46216,7,1
1,NewOrder,1772074570.594692,36310,17,1
1,NewOrder,1772074570.596489,14426,0,1
2,Payment,1772074570.597106,14793,4,1
1,NewOrder,1772074570.597590,13294,13,1
2,Payment,1772074570.597801,25753,14,1
1,NewOrder,1772074570.599126,18788,20,1
1,NewOrder,1772074570.600601,10339,19,1
1,NewOrder,1772074570.601647,31567,5,1
1,NewOrder,1772074570.601733,42857,15,1
1,NewOrder,1772074570.602463,42146,11,1
2,Payment,1772074570.602909,57084,9,1
1,NewOrder,1772074570.603357,32939,3,1
1,NewOrder,1772074570.604914,40515,2,1
2,Payment,1772074570.605805,7651,1,1
4,Delivery,1772074570.609109,43615,22,1
1,NewOrder,1772074570.610519,31402,10,1
1,NewOrder,1772074570.610889,28451,13,1
2,Payment,1772074570.610928,5975,0,1
2,Payment,1772074570.610946,33517,19,1
2,Payment,1772074570.611298,25649,18,1
2,Payment,1772074570.611909,12144,4,1
2,Payment,1772074570.612487,18502,12,1
1,NewOrder,1772074570.613467,12906,1,1
1,NewOrder,1772074570.616913,25579,0,1
1,NewOrder,1772074570.617537,14935,16,1
1,NewOrder,1772074570.617935,26181,20,1
1,NewOrder,1772074570.619459,21413,21,1
2,Payment,1772074570.622129,45268,6,1
2,Payment,1772074570.623564,17491,14,1
4,Delivery,1772074570.624064,73123,4,1
1,NewOrder,1772074570.626387,14513,1,1
1,NewOrder,1772074570.630433,16084,23,1
1,NewOrder,1772074570.630976,36819,8,1
5,StockLevel,1772074570.631003,38392,12,1
1,NewOrder,1772074570.631016,38480,17,1
1,NewOrder,1772074570.632480,37542,16,1
1,NewOrder,1772074570.633226,40333,5,1
2,Payment,1772074570.636310,8110,3,1
2,Payment,1772074570.636957,14624,18,1
2,Payment,1772074570.639357,16461,13,1
1,NewOrder,1772074570.640579,50197,7,1
2,Payment,1772074570.640881,20355,21,1
3,OrderStatus,1772074570.640909,9498,1,1
1,NewOrder,1772074570.641068,51851,14,1
1,NewOrder,1772074570.641934,12534,10,1
3,OrderStatus,1772074570.642503,13552,0,1
2,Payment,1772074570.644128,36660,20,1
1,NewOrder,1772074570.644429,48462,3,1
2,Payment,1772074570.644478,27755,19,1
3,OrderStatus,1772074570.644603,10859,15,1
1,NewOrder,1772074570.644616,50782,11,1
2,Payment,1772074570.645438,4745,2,1
5,StockLevel,1772074570.646528,9358,23,1
1,NewOrder,1772074570.650195,11463,2,1
1,NewOrder,1772074570.650418,30210,1,1
2,Payment,1772074570.651619,34788,18,1
5,StockLevel,1772074570.652746,4033,22,1
2,Payment,1772074570.654478,15592,10,1
1,NewOrder,1772074570.655474,36905,15,1
1,NewOrder,1772074570.655829,36153,13,1
1,NewOrder,1772074570.655891,8552,23,1
1,NewOrder,1772074570.656066,40048,0,1
4,Delivery,1772074570.656787,18080,22,1
2,Payment,1772074570.660006,18642,9,1
1,NewOrder,1772074570.661250,40961,21,1
5,StockLevel,1772074570.661674,4706,2,1
4,Delivery,1772074570.664454,10758,23,1
2,Payment,1772074570.666393,3645,2,1
2,Payment,1772074570.667407,22403,6,1
1,NewOrder,1772074570.667804,33355,8,1
2,Payment,1772074570.669403,5430,12,1
1,NewOrder,1772074570.669507,32033,17,1
1,NewOrder,1772074570.670036,21357,16,1
2,Payment,1772074570.670044,4472,2,1
3,OrderStatus,1772074570.670080,3844,10,1
1,NewOrder,1772074570.672244,25900,19,1
1,NewOrder,1772074570.673569,29187,5,1
2,Payment,1772074570.673932,9914,10,1
1,NewOrder,1772074570.674525,19719,2,1
2,Payment,1772074570.674867,5727,12,1
1,NewOrder,1772074570.674878,14865,22,1
1,NewOrder,1772074570.675244,14064,23,1
1,NewOrder,1772074570.678656,27921,9,1
2,Payment,1772074570.680605,6445,12,1
2,Payment,1772074570.680636,9134,1,1
2,Payment,1772074570.680796,11113,20,1
2,Payment,1772074570.683853,16936,10,1
2,Payment,1772074570.686416,12181,18,1
2,Payment,1772074570.687060,5637,12,1
1,NewOrder,1772074570.689317,42892,23,1
1,NewOrder,1772074570.689751,24009,22,1
1,NewOrder,1772074570.689779,45280,1,1
2,Payment,1772074570.689815,16699,6,1
2,Payment,1772074570.690785,20216,7,1
2,Payment,1772074570.691404,15883,16,1
2,Payment,1772074570.691917,14686,20,1
2,Payment,1772074570.691988,24533,13,1
2,Payment,1772074570.692389,34670,15,1
1,NewOrder,1772074570.692704,22241,12,1
1,NewOrder,1772074570.692897,22399,3,1
1,NewOrder,1772074570.692926,28852,14,1
2,Payment,1772074570.694254,12297,2,1
2,Payment,1772074570.695404,22738,11,1
5,StockLevel,1772074570.696122,7672,0,1
2,Payment,1772074570.697194,13769,4,1
1,NewOrder,1772074570.698152,18314,19,1
3,OrderStatus,1772074570.698607,8545,18,1
1,NewOrder,1772074570.700799,25475,10,1
2,Payment,1772074570.701168,21248,8,1
1,NewOrder,1772074570.701549,9071,17,1
1,NewOrder,1772074570.702220,45679,21,1
1,NewOrder,1772074570.702763,9229,5,1
2,Payment,1772074570.703804,22880,0,1
2,Payment,1772074570.706521,20050,6,1
2,Payment,1772074570.706560,14008,2,1
1,NewOrder,1772074570.706583,23509,9,1
1,NewOrder,1772074570.706612,37803,20,1
1,NewOrder,1772074570.707157,30836,18,1
1,NewOrder,1772074570.707290,21584,16,1
1,NewOrder,1772074570.710630,10727,17,1
3,OrderStatus,1772074570.710973,6418,4,1
1,NewOrder,1772074570.711010,21753,7,1
3,OrderStatus,1772074570.712001,3606,5,1
1,NewOrder,1772074570.713768,50868,22,1
1,NewOrder,1772074570.714951,33682,12,1
1,NewOrder,1772074570.715300,23656,3,1
2,Payment,1772074570.715617,22540,5,1
1,NewOrder,1772074570.716473,28504,19,1
5,StockLevel,1772074570.716530,22879,13,1
2,Payment,1772074570.717398,29332,4,1
2,Payment,1772074570.718155,19863,11,1
1,NewOrder,1772074570.720576,28087,2,1
2,Payment,1772074570.721366,16621,17,1
1,NewOrder,1772074570.721787,31495,14,1
1,NewOrder,1772074570.722426,17515,8,1
1,NewOrder,1772074570.726285,14126,10,1
3,OrderStatus,1772074570.726580,9813,6,1
5,StockLevel,1772074570.726691,11027,0,1
1,NewOrder,1772074570.727069,64943,15,1
1,NewOrder,1772074570.728882,21251,16,1
2,Payment,1772074570.730103,26439,9,1
2,Payment,1772074570.732220,11418,23,1
2,Payment,1772074570.732772,31899,7,1
1,NewOrder,1772074570.735071,31521,1,1
1,NewOrder,1772074570.736400,27326,6,1
2,Payment,1772074570.737726,18676,0,1
1,NewOrder,1772074570.737997,33733,17,1
2,Payment,1772074570.738001,10576,18,1
2,Payment,1772074570.738024,46224,11,1
1,NewOrder,1772074570.738167,17820,5,1
4,Delivery,1772074570.738966,66067,3,1
2,Payment,1772074570.739419,9190,13,1
2,Payment,1772074570.739951,33316,8,1
2,Payment,1772074570.740419,49735,10,1
1,NewOrder,1772074570.743648,21030,23,1
1,NewOrder,1772074570.744424,26609,20,1
3,OrderStatus,1772074570.744985,7304,19,1
1,NewOrder,1772074570.746741,30166,4,1
1,NewOrder,1772074570.747910,24353,21,1
1,NewOrder,1772074570.748584,42656,18,1
1,NewOrder,1772074570.748619,28306,13,1
1,NewOrder,1772074570.748642,22426,12,1
2,Payment,1772074570.748668,13698,2,1
2,Payment,1772074570.750140,14566,16,1
2,Payment,1772074570.752296,8309,19,1
2,Payment,1772074570.753290,27735,14,1
1,NewOrder,1772074570.755996,19780,5,1
2,Payment,1772074570.756412,13466,0,1
1,NewOrder,1772074570.756550,44177,9,1
2,Payment,1772074570.760613,9818,19,1
2,Payment,1772074570.762374,15357,2,1
1,NewOrder,1772074570.763740,28621,6,1
2,Payment,1772074570.764644,16894,22,1
1,NewOrder,1772074570.764682,19710,7,1
1,NewOrder,1772074570.764694,15660,23,1
2,Payment,1772074570.764711,23549,16,1
5,StockLevel,1772074570.766602,21129,1,1
2,Payment,1772074570.769887,13101,0,1
2,Payment,1772074570.770439,20696,19,1
1,NewOrder,1772074570.771040,24959,20,1
1,NewOrder,1772074570.771078,24555,12,1
2,Payment,1772074570.771741,34526,17,1
2,Payment,1772074570.772268,25139,21,1
1,NewOrder,1772074570.773272,28377,8,1
2,Payment,1772074570.775788,15597,5,1
2,Payment,1772074570.776916,21719,4,1
1,NewOrder,1772074570.776933,15041,13,1
1,NewOrder,1772074570.777741,36574,2,1
1,NewOrder,1772074570.780360,24707,23,1
1,NewOrder,1772074570.781033,34891,14,1
1,NewOrder,1772074570.781546,31083,22,1
2,Payment,1772074570.782997,43062,0,1
2,Payment,1772074570.784260,21395,11,1
2,Payment,1772074570.784399,9995,7,1
2,Payment,1772074570.787741,16595,1,1
1,NewOrder,1772074570.788268,30018,16,1
1,NewOrder,1772074570.790165,28747,10,1
1,NewOrder,1772074570.791143,51171,19,1
1,NewOrder,1772074570.791248,21354,18,1
2,Payment,1772074570.791391,30061,5,1
1,NewOrder,1772074570.791981,32378,13,1
1,NewOrder,1772074570.792025,29846,15,1
1,NewOrder,1772074570.792369,28699,6,1
1,NewOrder,1772074570.794401,36242,7,1
2,Payment,1772074570.795642,16586,12,1
2,Payment,1772074570.796005,7553,20,1
1,NewOrder,1772074570.797415,19365,21,1
1,NewOrder,1772074570.798639,19918,4,1
2,Payment,1772074570.800736,26879,9,1
2,Payment,1772074570.801660,40206,8,1
4,Delivery,1772074570.803567,52276,20,1
2,Payment,1772074570.804342,34539,1,1
1,NewOrder,1772074570.805039,36506,3,1
1,NewOrder,1772074570.805075,29360,23,1
1,NewOrder,1772074570.805666,39985,11,1
3,OrderStatus,1772074570.806273,14572,17,1
1,NewOrder,1772074570.812237,20849,12,1
4,Delivery,1772074570.812611,43144,18,1
2,Payment,1772074570.812635,21144,22,1
2,Payment,1772074570.814323,14280,2,1
5,StockLevel,1772074570.815933,11963,14,1
1,NewOrder,1772074570.816790,23852,21,1
1,NewOrder,1772074570.818294,45612,16,1
4,Delivery,1772074570.818564,35753,4,1
2,Payment,1772074570.818919,35842,10,1
1,NewOrder,1772074570.820850,32142,17,1
1,NewOrder,1772074570.821078,13332,6,1
2,Payment,1772074570.821462,13976,5,1
2,Payment,1772074570.821878,6200,15,1
1,NewOrder,1772074570.824371,17068,13,1
1,NewOrder,1772074570.826068,28137,0,1
1,NewOrder,1772074570.827625,22419,9,1
2,Payment,1772074570.827904,5845,14,1
1,NewOrder,1772074570.828085,20428,15,1
2,Payment,1772074570.828607,14913,2,1
2,Payment,1772074570.830650,34887,7,1
2,Payment,1772074570.833094,21528,12,1
2,Payment,1772074570.833757,7294,14,1
2,Payment,1772074570.833787,10437,22,1
1,NewOrder,1772074570.834423,12433,6,1
1,NewOrder,1772074570.834446,18174,23,1
1,NewOrder,1772074570.835465,22684,5,1
2,Payment,1772074570.838891,8537,1,1
1,NewOrder,1772074570.840649,27856,21,1
2,Payment,1772074570.841062,23491,14,1
1,NewOrder,1772074570.841449,26169,13,1
5,StockLevel,1772074570.841553,26976,3,1
4,Delivery,1772074570.841877,46561,8,1
1,NewOrder,1772074570.842326,35722,19,1
2,Payment,1772074570.843531,8410,2,1
4,Delivery,1772074570.844231,11523,22,1
2,Payment,1772074570.845659,25470,11,1
3,OrderStatus,1772074570.846866,3643,6,1
4,Delivery,1772074570.847438,7644,1,1
1,NewOrder,1772074570.848523,24162,15,1
1,NewOrder,1772074570.850055,18926,9,1
2,Payment,1772074570.850519,37017,6,1
5,StockLevel,1772074570.851951,19742,2,1
1,NewOrder,1772074570.852628,14684,23,1
1,NewOrder,1772074570.853003,26059,17,1
1,NewOrder,1772074570.854213,67031,0,1
1,NewOrder,1772074570.854328,56227,4,1
1,NewOrder,1772074570.854631,40585,12,1
2,Payment,1772074570.854767,28770,10,1
2,Payment,1772074570.855094,8843,1,1
1,NewOrder,1772074570.855762,21429,22,1
4,Delivery,1772074570.855765,9798,18,1
4,Delivery,1772074570.855853,9686,20,1
1,NewOrder,1772074570.858158,18119,5,1
2,Payment,1772074570.863915,21560,16,1
2,Payment,1772074570.863949,11366,1,1
1,NewOrder,1772074570.864562,51829,14,1
3,OrderStatus,1772074570.865543,12219,7,1
2,Payment,1772074570.865549,5174,20,1
4,Delivery,1772074570.865574,13517,18,1
1,NewOrder,1772074570.867321,16499,23,1
1,NewOrder,1772074570.867629,19106,13,1
1,NewOrder,1772074570.868515,14744,21,1
1,NewOrder,1772074570.868539,37131,3,1
1,NewOrder,1772074570.868986,31914,9,1
2,Payment,1772074570.870733,8387,20,1
4,Delivery,1772074570.871140,17549,11,1
1,NewOrder,1772074570.871704,15833,2,1
2,Payment,1772074570.872693,30003,15,1
1,NewOrder,1772074570.875326,37642,1,1
1,NewOrder,1772074570.876286,12629,5,1
1,NewOrder,1772074570.877200,30327,22,1
1,NewOrder,1772074570.877770,53588,7,1
1,NewOrder,1772074570.878055,11270,19,1
2,Payment,1772074570.879073,30666,17,1
4,Delivery,1772074570.879097,16968,18,1
2,Payment,1772074570.879127,7183,20,1
2,Payment,1772074570.883268,17226,21,1
1,NewOrder,1772074570.883544,42660,10,1
1,NewOrder,1772074570.883826,15341,23,1
1,NewOrder,1772074570.885481,48987,16,1
1,NewOrder,1772074570.886317,36633,20,1
2,Payment,1772074570.886748,30671,13,1
1,NewOrder,1772074570.887549,31913,6,1
1,NewOrder,1772074570.887549,10781,2,1
1,NewOrder,1772074570.888449,9085,8,1
1,NewOrder,1772074570.888697,33894,11,1
2,Payment,1772074570.888922,4069,5,1
3,OrderStatus,1772074570.889337,4055,19,1
5,StockLevel,1772074570.893001,7405,5,1
2,Payment,1772074570.893403,23049,19,1
2,Payment,1772074570.895224,29475,12,1
1,NewOrder,1772074570.896071,14128,18,1
1,NewOrder,1772074570.897544,6065,8,1
2,Payment,1772074570.898336,2535,2,1
2,Payment,1772074570.899179,20319,23,1
1,NewOrder,1772074570.900413,5568,5,1
4,Delivery,1772074570.900502,44417,21,1
2,Payment,1772074570.900878,12449,2,1
1,NewOrder,1772074570.900908,27377,9,1
1,NewOrder,1772074570.902701,36573,15,1
2,Payment,1772074570.903618,2337,8,1
2,Payment,1772074570.905676,23129,3,1
2,Payment,1772074570.905963,1935,8,1
1,NewOrder,1772074570.905988,8005,5,1
2,Payment,1772074570.907535,19004,22,1
5,StockLevel,1772074570.907906,3724,8,1
2,Payment,1772074570.909748,24638,17,1
1,NewOrder,1772074570.910206,13231,18,1
2,Payment,1772074570.910562,27565,4,1
2,Payment,1772074570.911640,2717,8,1
2,Payment,1772074570.912975,2443,1,1
4,Delivery,1772074570.913331,27249,2,1
2,Payment,1772074570.914000,5111,5,1
1,NewOrder,1772074570.914366,9953,8,1
1,NewOrder,1772074570.915428,16305,1,1
5,StockLevel,1772074570.916401,16446,14,1
2,Payment,1772074570.916459,31061,19,1
1,NewOrder,1772074570.917431,26358,13,1
2,Payment,1772074570.919118,23110,5,1
1,NewOrder,1772074570.919470,22307,6,1
2,Payment,1772074570.919507,11519,23,1
1,NewOrder,1772074570.921251,20959,0,1
1,NewOrder,1772074570.922602,19570,11,1
2,Payment,1772074570.922956,32161,20,1
2,Payment,1772074570.923441,37956,18,1
2,Payment,1772074570.924327,4594,8,1
1,NewOrder,1772074570.924706,41614,12,1
2,Payment,1772074570.926212,13083,10,1
1,NewOrder,1772074570.926544,32761,22,1
5,StockLevel,1772074570.928290,12774,9,1
1,NewOrder,1772074570.928812,41712,3,1
2,Payment,1772074570.928930,15411,8,1
1,NewOrder,1772074570.931036,16058,23,1
1,NewOrder,1772074570.931364,26819,7,1
1,NewOrder,1772074570.931744,44597,1,1
1,NewOrder,1772074570.932854,12091,14,1
1,NewOrder,1772074570.934396,24634,17,1
2,Payment,1772074570.934473,10910,16,1
1,NewOrder,1772074570.938138,42193,4,1
2,Payment,1772074570.939283,11776,15,1
1,NewOrder,1772074570.939302,33735,10,1
1,NewOrder,1772074570.940591,9407,2,1
2,Payment,1772074570.941070,13571,9,1
2,Payment,1772074570.941783,19984,6,1
3,OrderStatus,1772074570.942182,15062,11,1
1,NewOrder,1772074570.942215,43186,0,1
2,Payment,1772074570.942238,7505,5,1
2,Payment,1772074570.943800,10840,13,1
4,Delivery,1772074570.944349,37771,8,1
4,Delivery,1772074570.944928,18584,21,1
2,Payment,1772074570.944952,16930,14,1
1,NewOrder,1772074570.945392,9215,16,1
1,NewOrder,1772074570.947103,16452,23,1
1,NewOrder,1772074570.947532,32770,19,1
5,StockLevel,1772074570.949752,19837,5,1
2,Payment,1772074570.950007,2603,2,1
2,Payment,1772074570.951067,15577,15,1
1,NewOrder,1772074570.952620,18575,2,1
1,NewOrder,1772074570.954616,12052,16,1
1,NewOrder,1772074570.954651,21377,9,1
1,NewOrder,1772074570.954654,22885,13,1
1,NewOrder,1772074570.955123,34328,20,1
1,NewOrder,1772074570.957250,30782,11,1
2,Payment,1772074570.958192,16800,7,1
1,NewOrder,1772074570.959036,25926,17,1
1,NewOrder,1772074570.959312,24949,22,1
2,Payment,1772074570.961402,10116,18,1
2,Payment,1772074570.961777,15783,6,1
3,OrderStatus,1772074570.961892,4433,14,1
2,Payment,1772074570.963521,19092,21,1
2,Payment,1772074570.963565,13702,23,1
1,NewOrder,1772074570.966331,22130,12,1
1,NewOrder,1772074570.966334,13663,14,1
2,Payment,1772074570.966651,6832,15,1
1,NewOrder,1772074570.966676,32744,16,1
2,Payment,1772074570.969595,9633,5,1
4,Delivery,1772074570.970532,28846,3,1
2,Payment,1772074570.971205,12672,2,1
2,Payment,1772074570.971525,20317,18,1
1,NewOrder,1772074570.973044,15394,10,1
1,NewOrder,1772074570.973487,25495,15,1
2,Payment,1772074570.974997,16400,7,1
1,NewOrder,1772074570.976038,39356,9,1
2,Payment,1772074570.976351,22279,1,1
1,NewOrder,1772074570.977274,25844,23,1
2,Payment,1772074570.977550,9442,13,1
3,OrderStatus,1772074570.977570,7489,6,1
1,NewOrder,1772074570.979236,13295,5,1
1,NewOrder,1772074570.980005,26848,14,1
4,Delivery,1772074570.980309,55880,19,1
2,Payment,1772074570.980339,21773,4,1
2,Payment,1772074570.982131,23579,8,1
1,NewOrder,1772074570.982619,28596,21,1
2,Payment,1772074570.983885,16698,2,1
1,NewOrder,1772074570.984272,42281,22,1
1,NewOrder,1772074570.984970,11464,17,1
5,StockLevel,1772074570.985065,28858,6,1
1,NewOrder,1772074570.985411,11347,0,1
2,Payment,1772074570.987003,9557,13,1
1,NewOrder,1772074570.988040,22818,11,1
1,NewOrder,1772074570.988447,10600,10,1
2,Payment,1772074570.988467,21120,12,1
2,Payment,1772074570.989457,11481,20,1
1,NewOrder,1772074570.991402,44374,7,1
1,NewOrder,1772074570.991851,27565,18,1
1,NewOrder,1772074570.992542,22515,5,1
1,NewOrder,1772074570.996441,31107,17,1
1,NewOrder,1772074570.996571,37461,13,1
3,OrderStatus,1772074570.996765,12447,0,1
2,Payment,1772074570.998640,5609,1,1
1,NewOrder,1772074570.998990,31563,15,1
1,NewOrder,1772074570.999050,23197,10,1
2,Payment,1772074570.999383,11641,3,1
2,Payment,1772074570.999429,17760,16,1
1,NewOrder,1772074571.000597,10624,2,1
2,Payment,1772074571.000946,2147,20,1
2,Payment,1772074571.002131,15247,4,1
2,Payment,1772074571.003099,2257,20,1
2,Payment,1772074571.003126,7974,23,1
2,Payment,1772074571.004258,15882,1,1
1,NewOrder,1772074571.005364,13599,20,1
2,Payment,1772074571.005723,5394,8,1
2,Payment,1772074571.006861,16348,14,1
1,NewOrder,1772074571.009220,26989,0,1
1,NewOrder,1772074571.009594,24399,12,1
2,Payment,1772074571.010880,14281,11,1
2,Payment,1772074571.011029,13015,3,1
1,NewOrder,1772074571.011112,17160,23,1
2,Payment,1772074571.011129,6372,8,1
2,Payment,1772074571.011221,9693,21,1
3,OrderStatus,1772074571.011231,5088,2,1
2,Payment,1772074571.013930,24212,6,1
1,NewOrder,1772074571.015067,23830,5,1
2,Payment,1772074571.015403,53240,9,1
1,NewOrder,1772074571.016332,21684,2,1
1,NewOrder,1772074571.017195,22715,16,1
2,Payment,1772074571.017384,10557,4,1
2,Payment,1772074571.017515,12157,8,1
2,Payment,1772074571.018971,4559,20,1
2,Payment,1772074571.019426,8817,18,1
2,Payment,1772074571.020146,13487,1,1
1,NewOrder,1772074571.020922,29083,21,1
2,Payment,1772074571.022255,33038,10,1
2,Payment,1772074571.023223,9430,14,1
1,NewOrder,1772074571.023536,17125,20,1
2,Payment,1772074571.024048,14729,3,1
1,NewOrder,1772074571.025178,30125,11,1
1,NewOrder,1772074571.026560,29016,22,1
1,NewOrder,1772074571.027555,19439,17,1
1,NewOrder,1772074571.027947,28515,4,1
1,NewOrder,1772074571.028252,29091,18,1
5,StockLevel,1772074571.028278,21377,23,1
2,Payment,1772074571.029683,13471,8,1
2,Payment,1772074571.030562,8631,15,1
1,NewOrder,1772074571.032663,26197,14,1
1,NewOrder,1772074571.033640,31560,1,1
2,Payment,1772074571.034001,16777,12,1
1,NewOrder,1772074571.034044,46977,13,1
1,NewOrder,1772074571.035782,13487,7,1
2,Payment,1772074571.036199,8103,19,1
1,NewOrder,1772074571.036218,19776,0,1
3,OrderStatus,1772074571.038024,7454,2,1
2,Payment,1772074571.038150,45545,6,1
2,Payment,1772074571.038785,19021,3,1
2,Payment,1772074571.038903,7692,5,1
1,NewOrder,1772074571.039198,32801,15,1
2,Payment,1772074571.039919,15688,16,1
2,Payment,1772074571.040667,6901,20,1
2,Payment,1772074571.043168,28877,8,1
2,Payment,1772074571.044309,7637,19,1
2,Payment,1772074571.045487,7969,2,1
1,NewOrder,1772074571.046603,23338,5,1
5,StockLevel,1772074571.047000,11910,17,1
1,NewOrder,1772074571.047577,26340,20,1
1,NewOrder,1772074571.049280,12434,7,1
1,NewOrder,1772074571.049661,24878,23,1
1,NewOrder,1772074571.050010,13337,21,1
2,Payment,1772074571.050782,11876,12,1
2,Payment,1772074571.051957,3995,19,1
2,Payment,1772074571.053463,7944,2,1
2,Payment,1772074571.055301,23727,10,1
1,NewOrder,1772074571.055315,40807,11,1
1,NewOrder,1772074571.055587,26423,22,1
1,NewOrder,1772074571.055615,36722,16,1
1,NewOrder,1772074571.055964,18548,19,1
1,NewOrder,1772074571.056000,19252,0,1
1,NewOrder,1772074571.056473,23743,4,1
2,Payment,1772074571.057352,8557,18,1
2,Payment,1772074571.057812,7766,3,1
2,Payment,1772074571.058867,6661,14,1
2,Payment,1772074571.058918,12992,17,1
1,NewOrder,1772074571.061416,15752,2,1
1,NewOrder,1772074571.061718,15601,7,1
2,Payment,1772074571.062663,22904,12,1
2,Payment,1772074571.063353,16058,21,1
2,Payment,1772074571.065208,6979,1,1
2,Payment,1772074571.065540,11262,14,1
1,NewOrder,1772074571.065584,20094,3,1
1,NewOrder,1772074571.065916,28283,18,1
2,Payment,1772074571.068650,21008,9,1
2,Payment,1772074571.069948,6177,5,1
2,Payment,1772074571.071919,18102,17,1
1,NewOrder,1772074571.072007,17249,15,1
1,NewOrder,1772074571.072055,31279,8,1
1,NewOrder,1772074571.072195,23473,1,1
1,NewOrder,1772074571.073925,23949,20,1
4,Delivery,1772074571.074519,26141,19,1
3,OrderStatus,1772074571.074548,10325,23,1
2,Payment,1772074571.075260,7429,0,1
1,NewOrder,1772074571.076132,35965,5,1
2,Payment,1772074571.076811,23115,14,1
2,Payment,1772074571.077176,8707,2,1
1,NewOrder,1772074571.077323,21338,7,1
1,NewOrder,1772074571.079038,26021,10,1
1,NewOrder,1772074571.079420,16657,21,1
2,Payment,1772074571.080223,10130,4,1
1,NewOrder,1772074571.081029,30617,13,1
1,NewOrder,1772074571.082018,26485,22,1
2,Payment,1772074571.082695,18003,0,1
1,NewOrder,1772074571.083703,34054,6,1
3,OrderStatus,1772074571.084883,5702,23,1
2,Payment,1772074571.085575,27485,12,1
2,Payment,1772074571.085686,30759,3,1
3,OrderStatus,1772074571.085888,4866,2,1
1,NewOrder,1772074571.089265,23313,15,1
1,NewOrder,1772074571.089663,27060,9,1
1,NewOrder,1772074571.090030,38716,17,1
1,NewOrder,1772074571.090364,26379,4,1
2,Payment,1772074571.090592,6202,23,1
1,NewOrder,1772074571.090760,28687,2,1
2,Payment,1772074571.092346,13220,16,1
1,NewOrder,1772074571.094206,18848,18,1
4,Delivery,1772074571.095678,40123,1,1
1,NewOrder,1772074571.096086,20753,21,1
1,NewOrder,1772074571.096134,26180,11,1
1,NewOrder,1772074571.096801,22324,23,1
2,Payment,1772074571.097882,7598,20,1
3,OrderStatus,1772074571.098666,5232,7,1
4,Delivery,1772074571.099934,71987,14,1
2,Payment,1772074571.100667,8673,19,1
1,NewOrder,1772074571.100706,43193,0,1
5,StockLevel,1772074571.103344,23037,8,1
2,Payment,1772074571.103907,9018,7,1
2,Payment,1772074571.105069,11771,10,1
2,Payment,1772074571.105490,12129,20,1
4,Delivery,1772074571.105574,66809,16,1
1,NewOrder,1772074571.108509,18434,22,1
1,NewOrder,1772074571.109349,17118,19,1
2,Payment,1772074571.111653,14488,13,1
2,Payment,1772074571.112104,9266,5,1
2,Payment,1772074571.112588,16677,15,1
1,NewOrder,1772074571.112937,14563,7,1
1,NewOrder,1772074571.113064,23152,18,1
2,Payment,1772074571.113068,7455,12,1
2,Payment,1772074571.116455,17942,3,1
2,Payment,1772074571.116737,8123,9,1
1,NewOrder,1772074571.116749,24696,4,1
1,NewOrder,1772074571.116852,17923,21,1
5,StockLevel,1772074571.116854,19979,10,1
1,NewOrder,1772074571.117629,29948,20,1
2,Payment,1772074571.117763,11372,6,1
1,NewOrder,1772074571.119135,15059,23,1
2,Payment,1772074571.119454,20583,2,1
2,Payment,1772074571.120529,15918,12,1
2,Payment,1772074571.121379,16389,5,1
2,Payment,1772074571.122325,14964,11,1
1,NewOrder,1772074571.124869,14216,9,1
2,Payment,1772074571.126150,19350,13,1
2,Payment,1772074571.126391,14106,8,1
3,OrderStatus,1772074571.126474,5489,19,1
2,Payment,1772074571.126949,7217,22,1
1,NewOrder,1772074571.127509,14728,7,1
2,Payment,1772074571.128753,12582,17,1
1,NewOrder,1772074571.129144,28316,6,1
1,NewOrder,1772074571.129275,19212,15,1
2,Payment,1772074571.131975,11222,19,1
1,NewOrder,1772074571.134173,12449,22,1
1,NewOrder,1772074571.134204,12441,23,1
2,Payment,1772074571.134408,12100,3,1
2,Payment,1772074571.134780,11247,21,1
2,Payment,1772074571.135812,18256,1,1
2,Payment,1772074571.136225,13872,18,1
2,Payment,1772074571.136452,12368,12,1
2,Payment,1772074571.136844,7556,10,1
1,NewOrder,1772074571.137301,28569,11,1
2,Payment,1772074571.137777,28064,5,1
2,Payment,1772074571.139096,8971,9,1
2,Payment,1772074571.140044,17981,2,1
2,Payment,1772074571.140508,17490,8,1
2,Payment,1772074571.141344,11081,17,1
1,NewOrder,1772074571.141456,31581,4,1
2,Payment,1772074571.142243,9148,7,1
2,Payment,1772074571.143203,9629,19,1
1,NewOrder,1772074571.143911,11267,0,1
1,NewOrder,1772074571.144407,14315,10,1
2,Payment,1772074571.145507,20391,13,1
1,NewOrder,1772074571.146033,22436,21,1
1,NewOrder,1772074571.146513,32352,3,1
3,OrderStatus,1772074571.146631,4972,22,1
2,Payment,1772074571.146653,8965,23,1
2,Payment,1772074571.147584,12322,20,1
1,NewOrder,1772074571.148075,30419,9,1
2,Payment,1772074571.148493,11352,15,1
2,Payment,1772074571.148829,6747,12,1
2,Payment,1772074571.150105,12548,18,1
2,Payment,1772074571.151397,9654,7,1
2,Payment,1772074571.151607,22692,22,1
2,Payment,1772074571.152433,19158,17,1
2,Payment,1772074571.152837,13764,19,1
1,NewOrder,1772074571.154079,36494,1,1
1,NewOrder,1772074571.155191,19630,0,1
1,NewOrder,1772074571.155583,31871,12,1
2,Payment,1772074571.155626,14139,23,1
3,OrderStatus,1772074571.157470,6692,6,1
1,NewOrder,1772074571.158010,45857,8,1
2,Payment,1772074571.158033,16214,2,1
2,Payment,1772074571.158728,7102,10,1
1,NewOrder,1772074571.159856,22564,15,1
2,Payment,1772074571.159915,16841,20,1
1,NewOrder,1772074571.161060,18988,7,1
5,StockLevel,1772074571.162668,11193,18,1
2,Payment,1772074571.164172,6997,6,1
2,Payment,1772074571.165837,9934,10,1
2,Payment,1772074571.165850,17506,5,1
1,NewOrder,1772074571.165884,25870,11,1
2,Payment,1772074571.165903,12669,13,1
5,StockLevel,1772074571.166608,25100,19,1
2,Payment,1772074571.168476,11100,21,1
1,NewOrder,1772074571.169773,13336,23,1
2,Payment,1772074571.171179,7364,6,1
2,Payment,1772074571.171597,10855,17,1
1,NewOrder,1772074571.171929,25602,14,1
2,Payment,1772074571.172392,16603,16,1
2,Payment,1772074571.173044,15855,4,1
1,NewOrder,1772074571.173868,13558,18,1
2,Payment,1772074571.174253,26017,2,1
1,NewOrder,1772074571.174305,12298,22,1
2,Payment,1772074571.174833,19363,0,1
1,NewOrder,1772074571.175779,37027,10,1
2,Payment,1772074571.176761,5754,20,1
4,Delivery,1772074571.178506,55443,9,1
1,NewOrder,1772074571.178548,36855,6,1
1,NewOrder,1772074571.178580,31016,13,1
2,Payment,1772074571.178871,29065,3,1
2,Payment,1772074571.179582,6055,21,1
2,Payment,1772074571.180053,4738,7,1
1,NewOrder,1772074571.182427,25145,15,1
2,Payment,1772074571.182462,12100,17,1
2,Payment,1772074571.182519,4462,20,1
2,Payment,1772074571.183120,7317,23,1
1,NewOrder,1772074571.183364,24916,5,1
1,NewOrder,1772074571.184797,6494,7,1
2,Payment,1772074571.185645,6649,21,1
2,Payment,1772074571.186609,11692,22,1
2,Payment,1772074571.186985,16238,20,1
2,Payment,1772074571.187433,20542,18,1
2,Payment,1772074571.187467,27389,12,1
1,NewOrder,1772074571.188904,39408,4,1
2,Payment,1772074571.188999,33904,16,1
2,Payment,1772074571.190446,3935,23,1
2,Payment,1772074571.190583,12061,1,1
1,NewOrder,1772074571.191297,24439,7,1
1,NewOrder,1772074571.191719,21510,19,1
1,NewOrder,1772074571.191757,33101,11,1
1,NewOrder,1772074571.192300,10881,21,1
4,Delivery,1772074571.194217,12230,0,1
2,Payment,1772074571.194388,16731,23,1
2,Payment,1772074571.194568,9941,17,1
1,NewOrder,1772074571.197540,41873,14,1
5,StockLevel,1772074571.198306,16128,22,1
2,Payment,1772074571.200277,16285,2,1
1,NewOrder,1772074571.202654,26281,1,1
1,NewOrder,1772074571.203188,17020,21,1
1,NewOrder,1772074571.203234,10649,20,1
1,NewOrder,1772074571.203877,35466,8,1
1,NewOrder,1772074571.204515,34941,17,1
4,Delivery,1772074571.206453,9808,0,1
5,StockLevel,1772074571.207583,24090,15,1
2,Payment,1772074571.207944,18922,3,1
2,Payment,1772074571.207986,8339,18,1
5,StockLevel,1772074571.208286,14674,5,1
1,NewOrder,1772074571.209605,35457,13,1
1,NewOrder,1772074571.211127,28238,23,1
1,NewOrder,1772074571.212816,31835,10,1
1,NewOrder,1772074571.213238,32645,19,1
2,Payment,1772074571.213893,10939,20,1
1,NewOrder,1772074571.214441,20221,22,1
1,NewOrder,1772074571.214860,54772,12,1
2,Payment,1772074571.215412,8653,6,1
1,NewOrder,1772074571.215746,9839,7,1
2,Payment,1772074571.216270,14447,0,1
1,NewOrder,1772074571.216329,50404,18,1
1,NewOrder,1772074571.216568,35670,2,1
3,OrderStatus,1772074571.220214,6160,21,1
1,NewOrder,1772074571.222913,22174,16,1
2,Payment,1772074571.222968,16415,5,1
1,NewOrder,1772074571.224070,23196,6,1
2,Payment,1772074571.224842,6020,20,1
2,Payment,1772074571.224868,6078,11,1
1,NewOrder,1772074571.225594,24269,7,1
2,Payment,1772074571.226381,6906,21,1
1,NewOrder,1772074571.226871,41525,3,1
1,NewOrder,1772074571.228316,23910,4,1
2,Payment,1772074571.228946,14901,1,1
2,Payment,1772074571.230727,19201,0,1
2,Payment,1772074571.230871,8468,20,1
1,NewOrder,1772074571.230957,19000,11,1
1,NewOrder,1772074571.231679,33155,15,1
5,StockLevel,1772074571.233296,15422,21,1
2,Payment,1772074571.233959,9074,9,1
1,NewOrder,1772074571.234671,23250,22,1
2,Payment,1772074571.239348,10549,20,1
2,Payment,1772074571.239354,9821,8,1
2,Payment,1772074571.239373,5303,23,1
2,Payment,1772074571.239390,18213,5,1
1,NewOrder,1772074571.239440,18267,14,1
2,Payment,1772074571.239463,11313,17,1
1,NewOrder,1772074571.243043,28294,9,1
1,NewOrder,1772074571.243853,21792,1,1
1,NewOrder,1772074571.244660,36930,10,1
2,Payment,1772074571.244686,11340,23,1
2,Payment,1772074571.245073,10920,13,1
3,OrderStatus,1772074571.245097,10122,16,1
1,NewOrder,1772074571.245888,18392,19,1
2,Payment,1772074571.247273,10139,6,1
2,Payment,1772074571.248723,11539,21,1
2,Payment,1772074571.249191,13379,8,1
3,OrderStatus,1772074571.249871,4229,7,1
1,NewOrder,1772074571.249905,15011,20,1
1,NewOrder,1772074571.249934,31308,0,1
2,Payment,1772074571.249965,17229,11,1
2,Payment,1772074571.250781,9826,17,1
1,NewOrder,1772074571.252233,17373,4,1
2,Payment,1772074571.252244,9029,2,1
1,NewOrder,1772074571.254108,16468,7,1
2,Payment,1772074571.255224,10178,16,1
2,Payment,1772074571.256003,13502,13,1
1,NewOrder,1772074571.256033,20364,23,1
3,OrderStatus,1772074571.257421,6720,6,1
2,Payment,1772074571.257607,7676,5,1
1,NewOrder,1772074571.257716,40950,14,1
2,Payment,1772074571.257927,7392,22,1
2,Payment,1772074571.260268,10214,21,1
1,NewOrder,1772074571.260615,23469,17,1
1,NewOrder,1772074571.261277,24095,2,1
2,Payment,1772074571.262579,9429,8,1
1,NewOrder,1772074571.264159,33903,6,1
1,NewOrder,1772074571.264295,28442,19,1
2,Payment,1772074571.264840,9932,15,1
1,NewOrder,1772074571.264923,26693,20,1
2,Payment,1772074571.265288,7333,5,1
5,StockLevel,1772074571.265327,18422,22,1
2,Payment,1772074571.265407,13361,16,1
1,NewOrder,1772074571.265651,33718,1,1
2,Payment,1772074571.266740,7697,18,1
2,Payment,1772074571.267197,9552,11,1
3,OrderStatus,1772074571.268401,7365,3,1
1,NewOrder,1772074571.269509,28184,13,1
2,Payment,1772074571.269613,8969,4,1
1,NewOrder,1772074571.269637,30238,12,1
2,Payment,1772074571.270487,7400,21,1
1,NewOrder,1772074571.270579,26695,7,1
2,Payment,1772074571.271343,10288,9,1
2,Payment,1772074571.272018,16178,8,1
2,Payment,1772074571.272626,10170,5,1
2,Payment,1772074571.274444,10492,18,1
2,Payment,1772074571.274785,7105,15,1
1,NewOrder,1772074571.275773,22900,3,1
2,Payment,1772074571.276407,13185,23,1
5,StockLevel,1772074571.276759,24897,11,1
1,NewOrder,1772074571.277894,34549,21,1
1,NewOrder,1772074571.278587,28709,4,1
2,Payment,1772074571.278776,6914,16,1
3,OrderStatus,1772074571.281251,7051,0,1
1,NewOrder,1772074571.281599,28145,10,1
2,Payment,1772074571.281642,11725,9,1
2,Payment,1772074571.281900,9252,15,1
1,NewOrder,1772074571.282803,33277,5,1
5,StockLevel,1772074571.283753,14311,22,1
1,NewOrder,1772074571.284091,26002,17,1
2,Payment,1772074571.284942,12634,18,1
2,Payment,1772074571.285377,8587,2,1
2,Payment,1772074571.285697,13135,16,1
2,Payment,1772074571.288207,8384,8,1
1,NewOrder,1772074571.288309,28547,0,1
1,NewOrder,1772074571.289601,37372,23,1
1,NewOrder,1772074571.291157,28541,15,1
1,NewOrder,1772074571.291620,23391,20,1
1,NewOrder,1772074571.292746,29750,19,1
2,Payment,1772074571.293379,7583,9,1
1,NewOrder,1772074571.293971,14047,2,1
2,Payment,1772074571.296601,8753,8,1
2,Payment,1772074571.297282,13763,7,1
1,NewOrder,1772074571.297583,26223,18,1
2,Payment,1772074571.297700,9554,13,1
4,Delivery,1772074571.298070,16324,6,1
1,NewOrder,1772074571.298072,19469,22,1
2,Payment,1772074571.298672,17963,14,1
1,NewOrder,1772074571.298679,21359,3,1
2,Payment,1772074571.298840,22112,16,1
2,Payment,1772074571.299374,7012,1,1
1,NewOrder,1772074571.299879,38668,12,1
1,NewOrder,1772074571.300973,36512,9,1
4,Delivery,1772074571.301667,12978,11,1
1,NewOrder,1772074571.305359,16745,8,1
1,NewOrder,1772074571.306394,16942,1,1
2,Payment,1772074571.307262,35038,13,1
2,Payment,1772074571.307302,6528,4,1
1,NewOrder,1772074571.308027,16539,2,1
2,Payment,1772074571.309751,8548,10,1
1,NewOrder,1772074571.310104,38814,17,1
2,Payment,1772074571.311050,19286,7,1
2,Payment,1772074571.312451,6178,21,1
1,NewOrder,1772074571.313840,37795,4,1
1,NewOrder,1772074571.314399,38031,6,1
2,Payment,1772074571.314652,28139,11,1
2,Payment,1772074571.315020,13115,20,1
1,NewOrder,1772074571.316088,19733,5,1
1,NewOrder,1772074571.316642,12719,14,1
1,NewOrder,1772074571.316862,18177,0,1
1,NewOrder,1772074571.317547,11786,22,1
1,NewOrder,1772074571.318307,31955,10,1
1,NewOrder,1772074571.318635,38399,21,1
2,Payment,1772074571.319706,9326,15,1
1,NewOrder,1772074571.320043,62163,3,1
1,NewOrder,1772074571.320957,18971,16,1
1,NewOrder,1772074571.322112,20655,8,1
1,NewOrder,1772074571.322504,25302,19,1
1,NewOrder,1772074571.323342,15993,1,1
1,NewOrder,1772074571.323812,15137,18,1
1,NewOrder,1772074571.324585,11620,2,1
2,Payment,1772074571.326984,11598,23,1
2,Payment,1772074571.328141,20691,20,1
1,NewOrder,1772074571.329036,31068,15,1
1,NewOrder,1772074571.329340,56940,22,1
1,NewOrder,1772074571.329368,52766,14,1
1,NewOrder,1772074571.330343,49058,7,1
1,NewOrder,1772074571.335047,8809,0,1
2,Payment,1772074571.335828,6870,5,1
1,NewOrder,1772074571.336211,17281,2,1
1,NewOrder,1772074571.337496,29746,9,1
2,Payment,1772074571.338558,10967,12,1
1,NewOrder,1772074571.338593,40069,23,1
1,NewOrder,1772074571.338954,14227,18,1
1,NewOrder,1772074571.339342,16107,1,1
1,NewOrder,1772074571.339936,17450,16,1
1,NewOrder,1772074571.342305,42249,13,1
1,NewOrder,1772074571.342704,11107,5,1
2,Payment,1772074571.342777,16950,8,1
2,Payment,1772074571.342798,7148,11,1
2,Payment,1772074571.343861,4936,0,1
2,Payment,1772074571.347816,9831,19,1
1,NewOrder,1772074571.348804,8552,0,1
1,NewOrder,1772074571.348842,16910,20,1
2,Payment,1772074571.348929,13738,17,1
2,Payment,1772074571.349531,19220,12,1
2,Payment,1772074571.349951,20864,11,1
1,NewOrder,1772074571.350271,28757,10,1
2,Payment,1772074571.351641,8436,4,1
1,NewOrder,1772074571.352435,29200,6,1
1,NewOrder,1772074571.353187,14397,18,1
1,NewOrder,1772074571.353502,6511,2,1
2,Payment,1772074571.353818,9231,5,1
2,Payment,1772074571.355456,9484,1,1
1,NewOrder,1772074571.357042,33599,21,1
1,NewOrder,1772074571.357364,13459,0,1
5,StockLevel,1772074571.357397,15349,16,1
2,Payment,1772074571.357654,5730,19,1
1,NewOrder,1772074571.359734,27000,8,1
2,Payment,1772074571.360019,7633,2,1
1,NewOrder,1772074571.360082,24439,4,1
1,NewOrder,1772074571.360112,30504,15,1
1,NewOrder,1772074571.362677,36698,17,1
2,Payment,1772074571.363058,6187,5,1
2,Payment,1772074571.363393,4279,19,1
2,Payment,1772074571.364947,7826,1,1
2,Payment,1772074571.365758,5460,20,1
1,NewOrder,1772074571.367254,30892,9,1
2,Payment,1772074571.367592,6715,18,1
2,Payment,1772074571.367662,11583,2,1
2,Payment,1772074571.367682,11539,19,1
1,NewOrder,1772074571.368773,39473,12,1
1,NewOrder,1772074571.369252,10082,5,1
4,Delivery,1772074571.370822,110493,11,1
1,NewOrder,1772074571.370828,10014,0,1
1,NewOrder,1772074571.371225,39007,20,1
2,Payment,1772074571.372754,6962,16,1
1,NewOrder,1772074571.372783,17393,1,1
2,Payment,1772074571.374315,9728,18,1
1,NewOrder,1772074571.378673,24906,23,1
2,Payment,1772074571.379037,8759,10,1
1,NewOrder,1772074571.379229,20107,19,1
2,Payment,1772074571.379253,6429,2,1
1,NewOrder,1772074571.379339,20870,5,1
2,Payment,1772074571.379410,22851,7,1
1,NewOrder,1772074571.379721,16329,16,1
2,Payment,1772074571.380857,9730,0,1
1,NewOrder,1772074571.381661,19097,6,1
3,OrderStatus,1772074571.382140,6719,14,1
1,NewOrder,1772074571.382211,38609,3,1
2,Payment,1772074571.384054,6504,18,1
1,NewOrder,1772074571.384527,13978,4,1
2,Payment,1772074571.384563,16386,13,1
1,NewOrder,1772074571.385708,12735,2,1
1,NewOrder,1772074571.386306,39456,22,1
2,Payment,1772074571.386740,20218,8,1
1,NewOrder,1772074571.387805,35354,10,1
2,Payment,1772074571.388869,11855,14,1
1,NewOrder,1772074571.390193,40754,1,1
1,NewOrder,1772074571.390564,32206,18,1
2,Payment,1772074571.390595,13869,0,1
1,NewOrder,1772074571.390626,27802,15,1
1,NewOrder,1772074571.390649,36292,21,1
1,NewOrder,1772074571.396075,11510,16,1
2,Payment,1772074571.398156,14484,9,1
1,NewOrder,1772074571.398452,36771,2,1
2,Payment,1772074571.398514,8029,4,1
2,Payment,1772074571.399342,9993,19,1
2,Payment,1772074571.399385,16468,17,1
1,NewOrder,1772074571.400217,6833,5,1
2,Payment,1772074571.400728,18918,14,1
5,StockLevel,1772074571.400767,5449,6,1
2,Payment,1772074571.400960,25318,13,1
1,NewOrder,1772074571.402271,29290,7,1
1,NewOrder,1772074571.403589,33497,23,1
1,NewOrder,1772074571.404476,36328,0,1
1,NewOrder,1772074571.406232,9227,6,1
1,NewOrder,1772074571.406551,7582,4,1
2,Payment,1772074571.406968,9101,8,1
3,OrderStatus,1772074571.407057,2969,5,1
1,NewOrder,1772074571.407598,8314,16,1
2,Payment,1772074571.408266,22748,12,1
1,NewOrder,1772074571.409340,21675,19,1
3,OrderStatus,1772074571.410031,3224,5,1
1,NewOrder,1772074571.410242,28195,20,1
1,NewOrder,1772074571.412653,22628,9,1
2,Payment,1772074571.413265,2940,5,1
2,Payment,1772074571.414147,4329,4,1
1,NewOrder,1772074571.415469,14249,6,1
2,Payment,1772074571.415878,19283,17,1
2,Payment,1772074571.415929,28211,16,1
2,Payment,1772074571.416095,7029,8,1
2,Payment,1772074571.416216,4247,5,1
4,Delivery,1772074571.418435,43316,15,1
2,Payment,1772074571.418483,4722,4,1
1,NewOrder,1772074571.419659,8212,14,1
2,Payment,1772074571.420470,5625,5,1
2,Payment,1772074571.420830,10811,3,1
2,Payment,1772074571.422789,7213,18,1
4,Delivery,1772074571.423136,58584,8,1
2,Payment,1772074571.423175,5598,10,1
2,Payment,1772074571.423224,16323,4,1
2,Payment,1772074571.425797,9507,22,1
2,Payment,1772074571.426099,17196,5,1
2,Payment,1772074571.426284,30339,13,1
1,NewOrder,1772074571.426957,23689,21,1
2,Payment,1772074571.427877,12538,14,1
5,StockLevel,1772074571.428787,20256,10,1
2,Payment,1772074571.429730,3789,6,1
2,Payment,1772074571.430008,15649,18,1
2,Payment,1772074571.430973,5642,1,1
1,NewOrder,1772074571.431042,21633,12,1
2,Payment,1772074571.431044,17617,19,1
3,OrderStatus,1772074571.431572,5828,7,1
1,NewOrder,1772074571.431646,21254,3,1
2,Payment,1772074571.433539,4362,6,1
2,Payment,1772074571.435188,13831,17,1
1,NewOrder,1772074571.435250,12666,2,1
2,Payment,1772074571.435307,8678,9,1
1,NewOrder,1772074571.435324,27649,22,1
1,NewOrder,1772074571.436626,25154,1,1
2,Payment,1772074571.437096,16088,23,1
2,Payment,1772074571.437424,11092,7,1
2,Payment,1772074571.437909,19393,6,1
2,Payment,1772074571.438463,18678,20,1
2,Payment,1772074571.439557,9361,4,1
1,NewOrder,1772074571.440441,27709,14,1
1,NewOrder,1772074571.440810,14000,0,1
4,Delivery,1772074571.443315,41521,5,1
1,NewOrder,1772074571.443990,23630,9,1
1,NewOrder,1772074571.444144,14828,16,1
1,NewOrder,1772074571.445667,21247,18,1
2,Payment,1772074571.447925,16286,2,1
2,Payment,1772074571.448533,13688,7,1
1,NewOrder,1772074571.448667,30777,19,1
2,Payment,1772074571.448927,10075,4,1
2,Payment,1772074571.449030,16558,17,1
1,NewOrder,1772074571.449053,19334,10,1
2,Payment,1772074571.450656,18948,21,1
1,NewOrder,1772074571.452685,15676,12,1
5,StockLevel,1772074571.452905,13226,3,1
2,Payment,1772074571.453210,24961,23,1
5,StockLevel,1772074571.454839,24062,0,1
1,NewOrder,1772074571.456645,45131,13,1
2,Payment,1772074571.457166,27670,20,1
2,Payment,1772074571.457331,16256,6,1
1,NewOrder,1772074571.458981,42323,16,1
1,NewOrder,1772074571.459012,50037,4,1
1,NewOrder,1772074571.461761,41716,15,1
2,Payment,1772074571.461790,7713,1,1
2,Payment,1772074571.462228,16130,7,1
1,NewOrder,1772074571.462981,39274,22,1
1,NewOrder,1772074571.464221,22123,2,1
1,NewOrder,1772074571.465595,41894,17,1
1,NewOrder,1772074571.466139,7169,3,1
2,Payment,1772074571.466925,26008,18,1
2,Payment,1772074571.467626,19401,9,1
4,Delivery,1772074571.468161,11644,14,1
1,NewOrder,1772074571.468366,5355,12,1
2,Payment,1772074571.468392,21819,10,1
1,NewOrder,1772074571.469514,27629,1,1
2,Payment,1772074571.469615,28142,21,1
1,NewOrder,1772074571.473315,32580,3,1
1,NewOrder,1772074571.473598,30999,6,1
2,Payment,1772074571.473725,13773,12,1
2,Payment,1772074571.478191,24510,23,1
1,NewOrder,1772074571.478378,27607,7,1
1,NewOrder,1772074571.478929,32322,0,1
5,StockLevel,1772074571.479451,8890,19,1
1,NewOrder,1772074571.479814,47908,14,1
1,NewOrder,1772074571.481333,18700,11,1
2,Payment,1772074571.481729,11538,8,1
2,Payment,1772074571.484842,2560,5,1
2,Payment,1772074571.484847,35464,20,1
2,Payment,1772074571.486359,3344,2,1
2,Payment,1772074571.487036,10961,9,1
2,Payment,1772074571.487409,4930,5,1
1,NewOrder,1772074571.487505,12871,12,1
2,Payment,1772074571.488353,42494,19,1
1,NewOrder,1772074571.489710,24431,2,1
2,Payment,1772074571.490220,11589,10,1
2,Payment,1772074571.492352,5080,5,1
1,NewOrder,1772074571.492959,17644,18,1
1,NewOrder,1772074571.493295,17691,8,1
2,Payment,1772074571.497169,12212,1,1
2,Payment,1772074571.497442,7611,5,1
1,NewOrder,1772074571.497766,18917,21,1
2,Payment,1772074571.498007,13695,9,1
1,NewOrder,1772074571.500043,14065,11,1
5,StockLevel,1772074571.500386,11643,12,1
2,Payment,1772074571.501332,5875,16,1
2,Payment,1772074571.501787,11307,13,1
1,NewOrder,1772074571.501819,24962,10,1
2,Payment,1772074571.502264,8012,22,1
5,StockLevel,1772074571.502718,9599,23,1
2,Payment,1772074571.503503,15445,15,1
1,NewOrder,1772074571.504622,35475,6,1
1,NewOrder,1772074571.505063,37484,5,1
1,NewOrder,1772074571.505906,34283,3,1
2,Payment,1772074571.505995,19875,7,1
2,Payment,1772074571.507224,20526,16,1
1,NewOrder,1772074571.507516,27070,17,1
2,Payment,1772074571.509054,10281,4,1
1,NewOrder,1772074571.509395,35321,1,1
1,NewOrder,1772074571.510301,31979,22,1
2,Payment,1772074571.510620,23998,18,1
2,Payment,1772074571.510992,10291,8,1
1,NewOrder,1772074571.511263,15464,0,1
2,Payment,1772074571.511729,18435,9,1
2,Payment,1772074571.512044,17916,12,1
5,StockLevel,1772074571.512344,5451,23,1
1,NewOrder,1772074571.513104,33988,13,1
2,Payment,1772074571.514134,22258,11,1
1,NewOrder,1772074571.514174,8974,2,1
5,StockLevel,1772074571.516696,4792,21,1
1,NewOrder,1772074571.517805,8470,23,1
2,Payment,1772074571.518957,17503,15,1
1,NewOrder,1772074571.519344,27240,4,1
5,StockLevel,1772074571.520337,18386,20,1
2,Payment,1772074571.521292,26647,8,1
2,Payment,1772074571.521499,18196,21,1
2,Payment,1772074571.523157,4578,2,1
1,NewOrder,1772074571.525897,28116,7,1
1,NewOrder,1772074571.526301,10813,23,1
2,Payment,1772074571.526733,7639,0,1
1,NewOrder,1772074571.526789,20230,10,1
2,Payment,1772074571.527732,18050,14,1
2,Payment,1772074571.527747,13441,2,1
1,NewOrder,1772074571.527761,28008,16,1
2,Payment,1772074571.529968,17075,12,1
5,StockLevel,1772074571.530171,26765,9,1
1,NewOrder,1772074571.530873,14304,19,1
2,Payment,1772074571.534399,17115,0,1
3,OrderStatus,1772074571.534591,12323,17,1
1,NewOrder,1772074571.534628,32170,18,1
4,Delivery,1772074571.536403,45424,11,1
1,NewOrder,1772074571.536471,25022,15,1
2,Payment,1772074571.537131,6211,23,1
1,NewOrder,1772074571.538734,9097,20,1
1,NewOrder,1772074571.539704,15773,21,1
2,Payment,1772074571.540107,9133,6,1
2,Payment,1772074571.540200,16317,3,1
2,Payment,1772074571.541199,21085,2,1
2,Payment,1772074571.542289,13862,22,1
2,Payment,1772074571.542555,26806,5,1
1,NewOrder,1772074571.543352,25547,23,1
1,NewOrder,1772074571.544723,29141,1,1
1,NewOrder,1772074571.545181,9345,19,1
1,NewOrder,1772074571.545793,31002,14,1
2,Payment,1772074571.546594,29860,4,1
1,NewOrder,1772074571.546923,27811,17,1
1,NewOrder,1772074571.547025,25409,10,1
2,Payment,1772074571.547052,9589,12,1
1,NewOrder,1772074571.547102,4503,13,1
2,Payment,1772074571.547841,11973,20,1
4,Delivery,1772074571.547952,34246,8,1
2,Payment,1772074571.549246,2385,6,1
2,Payment,1772074571.551532,38668,0,1
1,NewOrder,1772074571.551612,12575,13,1
1,NewOrder,1772074571.551638,17692,6,1
4,Delivery,1772074571.554025,28119,7,1
1,NewOrder,1772074571.554536,25208,19,1
2,Payment,1772074571.555487,14976,21,1
1,NewOrder,1772074571.555777,45637,16,1
2,Payment,1772074571.556155,11002,22,1
1,NewOrder,1772074571.556528,29163,3,1
2,Payment,1772074571.556645,5754,12,1
2,Payment,1772074571.556947,6933,9,1
2,Payment,1772074571.559827,16338,20,1
1,NewOrder,1772074571.561504,18096,15,1
1,NewOrder,1772074571.562310,29273,2,1
2,Payment,1772074571.562412,6850,12,1
2,Payment,1772074571.563906,5738,9,1
1,NewOrder,1772074571.564214,25892,13,1
1,NewOrder,1772074571.566809,24259,18,1
1,NewOrder,1772074571.567168,46726,22,1
1,NewOrder,1772074571.568910,13476,23,1
2,Payment,1772074571.569272,15732,12,1
2,Payment,1772074571.569341,9759,6,1
5,StockLevel,1772074571.569372,27791,5,1
1,NewOrder,1772074571.569658,39454,9,1
2,Payment,1772074571.570488,10499,21,1
2,Payment,1772074571.572459,20980,10,1
1,NewOrder,1772074571.573874,11526,1,1
1,NewOrder,1772074571.574744,8508,17,1
3,OrderStatus,1772074571.576176,14056,20,1
1,NewOrder,1772074571.576465,29230,4,1
1,NewOrder,1772074571.576798,39206,14,1
2,Payment,1772074571.579125,17738,6,1
1,NewOrder,1772074571.579625,40024,15,1
1,NewOrder,1772074571.579770,16744,19,1
1,NewOrder,1772074571.580996,40093,21,1
2,Payment,1772074571.581833,17245,11,1
1,NewOrder,1772074571.582152,6743,7,1
2,Payment,1772074571.582225,22388,8,1
2,Payment,1772074571.582395,2981,23,1
2,Payment,1772074571.583261,9684,17,1
1,NewOrder,1772074571.585019,32832,12,1
4,Delivery,1772074571.585387,61644,23,1
1,NewOrder,1772074571.585405,34396,1,1
1,NewOrder,1772074571.585695,30349,3,1
2,Payment,1772074571.588903,23255,7,1
2,Payment,1772074571.590131,10188,13,1
1,NewOrder,1772074571.590228,30945,0,1
1,NewOrder,1772074571.590258,29493,20,1
2,Payment,1772074571.591089,2196,18,1
1,NewOrder,1772074571.591612,19812,2,1
2,Payment,1772074571.592956,11318,17,1
1,NewOrder,1772074571.593292,28810,18,1
1,NewOrder,1772074571.593445,29978,10,1
2,Payment,1772074571.596526,12583,19,1
1,NewOrder,1772074571.596874,23060,6,1
2,Payment,1772074571.597173,10786,5,1
5,StockLevel,1772074571.599087,16885,11,1
2,Payment,1772074571.600330,10965,13,1
2,Payment,1772074571.601421,13503,16,1
1,NewOrder,1772074571.604282,30095,17,1
5,StockLevel,1772074571.604624,13986,8,1
1,NewOrder,1772074571.605706,36053,4,1
5,StockLevel,1772074571.607969,17363,5,1
2,Payment,1772074571.609119,6506,19,1
2,Payment,1772074571.609129,11230,9,1
1,NewOrder,1772074571.611306,29814,13,1
2,Payment,1772074571.611432,7335,2,1
2,Payment,1772074571.612168,10470,7,1
2,Payment,1772074571.613904,8786,22,1
4,Delivery,1772074571.614936,42811,16,1
2,Payment,1772074571.615631,11774,19,1
2,Payment,1772074571.615979,12106,11,1
1,NewOrder,1772074571.616012,28162,14,1
2,Payment,1772074571.616054,10098,3,1
2,Payment,1772074571.617857,12346,12,1
1,NewOrder,1772074571.618618,23481,8,1
1,NewOrder,1772074571.618776,28289,2,1
2,Payment,1772074571.619657,17251,15,1
1,NewOrder,1772074571.619762,20291,20,1
4,Delivery,1772074571.619808,31718,1,1
2,Payment,1772074571.619941,12286,6,1
1,NewOrder,1772074571.620364,38211,9,1
2,Payment,1772074571.621095,25854,21,1
2,Payment,1772074571.621181,8936,0,1
5,StockLevel,1772074571.622110,18977,18,1
1,NewOrder,1772074571.622645,33482,7,1
1,NewOrder,1772074571.622700,20863,22,1
4,Delivery,1772074571.623429,38559,10,1
2,Payment,1772074571.625342,10793,5,1
1,NewOrder,1772074571.626157,20257,3,1
2,Payment,1772074571.627411,28031,19,1
1,NewOrder,1772074571.628092,21485,11,1
1,NewOrder,1772074571.630126,32047,0,1
2,Payment,1772074571.630210,24751,12,1
2,Payment,1772074571.632237,10490,6,1
2,Payment,1772074571.634382,27769,17,1
2,Payment,1772074571.636143,7360,5,1
1,NewOrder,1772074571.636913,30119,15,1
1,NewOrder,1772074571.640064,18459,20,1
2,Payment,1772074571.641094,49954,18,1
2,Payment,1772074571.641136,26244,13,1
1,NewOrder,1772074571.641769,18547,4,1
2,Payment,1772074571.642104,16441,8,1
3,OrderStatus,1772074571.642731,6305,6,1
3,OrderStatus,1772074571.643509,6306,5,1
5,StockLevel,1772074571.643566,10040,22,1
2,Payment,1772074571.644181,35887,14,1
1,NewOrder,1772074571.646424,19847,3,1
2,Payment,1772074571.646955,23345,21,1
2,Payment,1772074571.647042,14828,23,1
1,NewOrder,1772074571.647072,22828,2,1
1,NewOrder,1772074571.649042,20888,6,1
1,NewOrder,1772074571.649587,20366,11,1
2,Payment,1772074571.649823,6435,5,1
1,NewOrder,1772074571.651535,20374,1,1
3,OrderStatus,1772074571.653614,5997,22,1
1,NewOrder,1772074571.654971,31484,12,1
2,Payment,1772074571.655448,44892,19,1
3,OrderStatus,1772074571.656131,6387,7,1
2,Payment,1772074571.656271,4869,5,1
2,Payment,1772074571.657755,40494,16,1
1,NewOrder,1772074571.658533,17646,20,1
1,NewOrder,1772074571.658552,19522,8,1
2,Payment,1772074571.658582,15062,9,1
2,Payment,1772074571.659621,18959,22,1
2,Payment,1772074571.660327,6750,4,1
2,Payment,1772074571.661144,11456,5,1
2,Payment,1772074571.661874,23950,23,1
2,Payment,1772074571.661999,22331,10,1
2,Payment,1772074571.662158,44086,17,1
2,Payment,1772074571.662182,18389,0,1
5,StockLevel,1772074571.662522,18872,7,1
1,NewOrder,1772074571.666282,13729,3,1
2,Payment,1772074571.667043,23374,15,1
1,NewOrder,1772074571.667088,12863,4,1
1,NewOrder,1772074571.667388,14093,13,1
2,Payment,1772074571.669908,22864,2,1
1,NewOrder,1772074571.669938,16541,6,1
1,NewOrder,1772074571.669960,17946,11,1
1,NewOrder,1772074571.670306,17596,21,1
2,Payment,1772074571.671919,28982,1,1
2,Payment,1772074571.672606,11210,5,1
1,NewOrder,1772074571.673654,13492,9,1
1,NewOrder,1772074571.676189,20659,20,1
5,StockLevel,1772074571.678082,10238,8,1
2,Payment,1772074571.678586,39722,22,1
2,Payment,1772074571.679957,31338,4,1
2,Payment,1772074571.680019,38549,3,1
2,Payment,1772074571.680075,35375,14,1
1,NewOrder,1772074571.680578,40592,0,1
2,Payment,1772074571.681400,9364,7,1
2,Payment,1772074571.681487,44641,13,1
1,NewOrder,1772074571.683822,26020,5,1
1,NewOrder,1772074571.684357,24847,10,1
2,Payment,1772074571.685835,47451,23,1
5,StockLevel,1772074571.686461,8126,12,1
1,NewOrder,1772074571.686490,11393,6,1
1,NewOrder,1772074571.687158,7874,9,1
2,Payment,1772074571.687910,19046,21,1
2,Payment,1772074571.687916,17269,11,1
4,Delivery,1772074571.688327,13801,8,1
2,Payment,1772074571.690423,18143,15,1
1,NewOrder,1772074571.690770,29922,7,1
2,Payment,1772074571.691053,22514,18,1
1,NewOrder,1772074571.692775,20980,2,1
1,NewOrder,1772074571.694592,7908,12,1
5,StockLevel,1772074571.695043,4300,9,1
2,Payment,1772074571.696858,32324,20,1
3,OrderStatus,1772074571.697894,9205,6,1
5,StockLevel,1772074571.698256,20895,16,1
1,NewOrder,1772074571.699347,4480,9,1
3,OrderStatus,1772074571.700349,10965,19,1
2,Payment,1772074571.700905,21943,1,1
1,NewOrder,1772074571.702135,31528,8,1
2,Payment,1772074571.702504,9078,12,1
1,NewOrder,1772074571.703834,4401,9,1
1,NewOrder,1772074571.705196,28499,11,1
2,Payment,1772074571.706253,34786,17,1
2,Payment,1772074571.706966,15133,21,1
2,Payment,1772074571.707105,10978,6,1
1,NewOrder,1772074571.708241,10422,9,1
2,Payment,1772074571.708574,36887,15,1
2,Payment,1772074571.709211,15746,10,1
1,NewOrder,1772074571.709850,19620,5,1
1,NewOrder,1772074571.711302,12206,4,1
1,NewOrder,1772074571.711324,26972,19,1
2,Payment,1772074571.711587,17273,12,1
1,NewOrder,1772074571.713574,23518,18,1
3,OrderStatus,1772074571.713760,3861,2,1
1,NewOrder,1772074571.715460,32482,14,1
2,Payment,1772074571.717628,19468,2,1
4,Delivery,1772074571.718089,12416,6,1
1,NewOrder,1772074571.718318,18751,22,1
2,Payment,1772074571.718577,9666,3,1
1,NewOrder,1772074571.718674,10169,9,1
2,Payment,1772074571.719157,15553,16,1
2,Payment,1772074571.720699,12387,7,1
2,Payment,1772074571.721177,19929,0,1
1,NewOrder,1772074571.722108,16953,21,1
4,Delivery,1772074571.722854,33373,1,1
1,NewOrder,1772074571.723518,32989,4,1
2,Payment,1772074571.724974,13523,10,1
2,Payment,1772074571.726134,28547,13,1
1,NewOrder,1772074571.728254,20089,3,1
2,Payment,1772074571.728854,17106,9,1
2,Payment,1772074571.728868,21797,12,1
2,Payment,1772074571.729191,8924,20,1
3,OrderStatus,1772074571.729476,8387,5,1
2,Payment,1772074571.730515,18976,6,1
2,Payment,1772074571.733094,29221,7,1
2,Payment,1772074571.733296,8308,23,1
1,NewOrder,1772074571.733669,20639,8,1
2,Payment,1772074571.733705,34497,11,1
1,NewOrder,1772074571.734722,18892,16,1
2,Payment,1772074571.737076,7359,22,1
5,StockLevel,1772074571.737098,10658,18,1
2,Payment,1772074571.737105,7827,2,1
1,NewOrder,1772074571.737868,26922,5,1
1,NewOrder,1772074571.738129,48189,20,1
1,NewOrder,1772074571.738308,24406,19,1
1,NewOrder,1772074571.738523,32885,10,1
1,NewOrder,1772074571.739084,26984,21,1
2,Payment,1772074571.741054,22479,17,1
5,StockLevel,1772074571.741143,16190,0,1
2,Payment,1772074571.741614,6756,23,1
2,Payment,1772074571.744459,9133,22,1
2,Payment,1772074571.744939,8468,2,1
1,NewOrder,1772074571.745478,22320,15,1
1,NewOrder,1772074571.745970,40837,9,1
1,NewOrder,1772074571.747761,42699,18,1
1,NewOrder,1772074571.747952,23480,14,1
1,NewOrder,1772074571.748362,38420,3,1
1,NewOrder,1772074571.748380,21089,23,1
4,Delivery,1772074571.749496,18369,6,1
1,NewOrder,1772074571.750672,16627,12,1
2,Payment,1772074571.753417,8865,2,1
2,Payment,1772074571.753604,8073,22,1
1,NewOrder,1772074571.753621,36465,16,1
1,NewOrder,1772074571.754315,37974,8,1
1,NewOrder,1772074571.754708,32730,13,1
2,Payment,1772074571.756256,18278,1,1
1,NewOrder,1772074571.756533,15313,4,1
5,StockLevel,1772074571.757350,8476,0,1
2,Payment,1772074571.761686,9532,22,1
5,StockLevel,1772074571.762309,35622,2,1
1,NewOrder,1772074571.762340,36576,7,1
1,NewOrder,1772074571.762726,38695,19,1
2,Payment,1772074571.763546,10966,17,1
2,Payment,1772074571.764814,13217,5,1
1,NewOrder,1772074571.765833,6638,0,1
2,Payment,1772074571.766077,7445,21,1
2,Payment,1772074571.767324,11147,12,1
2,Payment,1772074571.767806,15231,15,1
3,OrderStatus,1772074571.767876,6195,6,1
1,NewOrder,1772074571.768213,19092,11,1
1,NewOrder,1772074571.769492,31546,23,1
1,NewOrder,1772074571.771244,29089,22,1
1,NewOrder,1772074571.771425,37537,10,1
3,OrderStatus,1772074571.771458,11651,14,1
1,NewOrder,1772074571.771873,25918,4,1
2,Payment,1772074571.772480,8967,0,1
2,Payment,1772074571.773542,8626,21,1
2,Payment,1772074571.774076,10099,6,1
3,OrderStatus,1772074571.774538,6817,17,1
4,Delivery,1772074571.774551,23722,1,1
2,Payment,1772074571.778039,7461,5,1
1,NewOrder,1772074571.778482,16794,12,1
1,NewOrder,1772074571.781362,34951,17,1
2,Payment,1772074571.781455,6153,0,1
1,NewOrder,1772074571.782193,28798,21,1
2,Payment,1772074571.783063,4516,15,1
5,StockLevel,1772074571.783135,20116,14,1
1,NewOrder,1772074571.784202,27521,6,1
2,Payment,1772074571.785506,4975,5,1
4,Delivery,1772074571.786329,38454,20,1
1,NewOrder,1772074571.786792,25323,3,1
2,Payment,1772074571.786813,9665,9,1
2,Payment,1772074571.787315,14201,11,1
1,NewOrder,1772074571.787449,29236,13,1
1,NewOrder,1772074571.787585,26288,15,1
1,NewOrder,1772074571.787618,17912,0,1
4,Delivery,1772074571.790095,35947,16,1
2,Payment,1772074571.790467,6628,18,1
2,Payment,1772074571.790488,3658,5,1
2,Payment,1772074571.792300,23530,8,1
1,NewOrder,1772074571.794159,22598,5,1
2,Payment,1772074571.795292,8859,12,1
1,NewOrder,1772074571.796490,45013,9,1
2,Payment,1772074571.797120,10886,18,1
1,NewOrder,1772074571.797802,36700,4,1
2,Payment,1772074571.797936,7111,2,1
4,Delivery,1772074571.798291,19153,1,1
2,Payment,1772074571.798923,33418,7,1
2,Payment,1772074571.800344,15117,22,1
2,Payment,1772074571.801064,20161,23,1
2,Payment,1772074571.801438,27736,19,1
2,Payment,1772074571.801543,18379,11,1
2,Payment,1772074571.803261,9967,14,1
2,Payment,1772074571.804157,13905,12,1
1,NewOrder,1772074571.805058,20377,2,1
1,NewOrder,1772074571.805536,24703,0,1
1,NewOrder,1772074571.808013,22516,18,1
2,Payment,1772074571.808988,37993,10,1
2,Payment,1772074571.811017,25535,21,1
2,Payment,1772074571.811733,25939,6,1
2,Payment,1772074571.812132,3276,3,1
1,NewOrder,1772074571.813239,42018,14,1
2,Payment,1772074571.813898,7627,15,1
2,Payment,1772074571.815415,5025,3,1
1,NewOrder,1772074571.815471,24902,22,1
1,NewOrder,1772074571.815840,35161,8,1
1,NewOrder,1772074571.816328,24243,17,1
3,OrderStatus,1772074571.816696,4019,13,1
2,Payment,1772074571.816767,10158,5,1
2,Payment,1772074571.817472,14105,1,1
2,Payment,1772074571.818070,10542,12,1
1,NewOrder,1772074571.819943,26695,11,1
2,Payment,1772074571.820450,20223,3,1
1,NewOrder,1772074571.820722,14430,13,1
5,StockLevel,1772074571.821236,18930,23,1
1,NewOrder,1772074571.821534,52607,15,1
4,Delivery,1772074571.824809,26496,20,1
2,Payment,1772074571.825447,25044,2,1
1,NewOrder,1772074571.826066,25471,16,1
1,NewOrder,1772074571.826950,31876,5,1
1,NewOrder,1772074571.828622,30981,12,1
2,Payment,1772074571.829186,15684,19,1
1,NewOrder,1772074571.830264,14631,0,1
1,NewOrder,1772074571.830555,13975,18,1
1,NewOrder,1772074571.831590,19687,1,1
4,Delivery,1772074571.832347,31134,7,1
1,NewOrder,1772074571.834528,26571,4,1
1,NewOrder,1772074571.835163,38611,13,1
1,NewOrder,1772074571.836563,36970,21,1
1,NewOrder,1772074571.837687,20191,6,1
1,NewOrder,1772074571.840175,21659,23,1
1,NewOrder,1772074571.840383,33452,22,1
2,Payment,1772074571.840597,11024,17,1
1,NewOrder,1772074571.840699,39845,3,1
1,NewOrder,1772074571.841523,19491,9,1
2,Payment,1772074571.844537,6452,18,1
2,Payment,1772074571.844874,15761,19,1
2,Payment,1772074571.844904,15713,0,1
1,NewOrder,1772074571.846647,14017,11,1
3,OrderStatus,1772074571.846990,4109,10,1
1,NewOrder,1772074571.850501,25801,2,1
1,NewOrder,1772074571.850994,24283,18,1
2,Payment,1772074571.851012,12380,8,1
5,StockLevel,1772074571.851109,10576,10,1
1,NewOrder,1772074571.851282,30571,1,1
2,Payment,1772074571.851312,15375,20,1
1,NewOrder,1772074571.851542,31686,16,1
2,Payment,1772074571.851628,11500,17,1
1,NewOrder,1772074571.855268,11306,14,1
2,Payment,1772074571.857905,10973,6,1
2,Payment,1772074571.858837,11030,5,1
1,NewOrder,1772074571.859628,17727,12,1
2,Payment,1772074571.860645,20407,0,1
2,Payment,1772074571.860652,11415,19,1
2,Payment,1772074571.860691,12683,11,1
1,NewOrder,1772074571.861019,5691,9,1
2,Payment,1772074571.861109,13472,4,1
4,Delivery,1772074571.861705,2069,10,1
2,Payment,1772074571.861840,13837,23,1
3,OrderStatus,1772074571.863139,9555,17,1
1,NewOrder,1772074571.863398,26273,8,1
2,Payment,1772074571.863493,14143,7,1
2,Payment,1772074571.863787,16434,10,1
2,Payment,1772074571.866584,1886,14,1
2,Payment,1772074571.866698,14752,20,1
1,NewOrder,1772074571.866720,11861,9,1
1,NewOrder,1772074571.868479,12088,14,1
2,Payment,1772074571.868903,17452,6,1
1,NewOrder,1772074571.869893,21805,5,1
2,Payment,1772074571.872084,25698,19,1
3,OrderStatus,1772074571.872712,5176,17,1
1,NewOrder,1772074571.873401,27896,11,1
2,Payment,1772074571.873549,14090,21,1
2,Payment,1772074571.873784,8502,13,1
2,Payment,1772074571.873840,17269,22,1
2,Payment,1772074571.874149,15649,15,1
2,Payment,1772074571.874600,14957,4,1
2,Payment,1772074571.875304,19909,18,1
2,Payment,1772074571.875683,9152,23,1
2,Payment,1772074571.876312,15895,2,1
1,NewOrder,1772074571.877361,17217,12,1
2,Payment,1772074571.877648,16025,7,1
2,Payment,1772074571.877896,17942,17,1
2,Payment,1772074571.878592,24264,9,1
2,Payment,1772074571.880246,43842,10,1
1,NewOrder,1772074571.880570,21983,3,1
4,Delivery,1772074571.880583,22259,14,1
1,NewOrder,1772074571.881081,17742,0,1
5,StockLevel,1772074571.881476,14075,20,1
2,Payment,1772074571.881859,16687,1,1
1,NewOrder,1772074571.882296,37827,13,1
2,Payment,1772074571.883254,9047,16,1
5,StockLevel,1772074571.884845,12146,23,1
1,NewOrder,1772074571.886363,33363,6,1
2,Payment,1772074571.887662,13367,21,1
1,NewOrder,1772074571.889566,55329,4,1
2,Payment,1772074571.889677,19337,8,1
1,NewOrder,1772074571.889808,32280,15,1
2,Payment,1772074571.891119,21353,22,1
2,Payment,1772074571.891709,15010,5,1
2,Payment,1772074571.892217,10616,2,1
1,NewOrder,1772074571.892310,28915,16,1
2,Payment,1772074571.893686,21417,7,1
4,Delivery,1772074571.894588,8529,12,1
2,Payment,1772074571.895222,20926,18,1
1,NewOrder,1772074571.895561,11757,20,1
5,StockLevel,1772074571.895846,18641,17,1
1,NewOrder,1772074571.896998,7829,23,1
1,NewOrder,1772074571.897792,8882,19,1
1,NewOrder,1772074571.898557,15863,1,1
3,OrderStatus,1772074571.898829,11513,0,1
2,Payment,1772074571.901039,51509,21,1
1,NewOrder,1772074571.901307,25677,11,1
2,Payment,1772074571.902560,7738,3,1
2,Payment,1772074571.902842,9508,2,1
2,Payment,1772074571.902850,3431,14,1
2,Payment,1772074571.902867,33779,9,1
2,Payment,1772074571.903123,4906,12,1
2,Payment,1772074571.904834,19250,23,1
2,Payment,1772074571.906289,3257,14,1
2,Payment,1772074571.906678,13915,19,1
2,Payment,1772074571.906729,8023,5,1
2,Payment,1772074571.907328,38348,20,1
2,Payment,1772074571.908035,5083,12,1
1,NewOrder,1772074571.909024,15013,8,1
2,Payment,1772074571.909552,5806,14,1
1,NewOrder,1772074571.910307,13316,3,1
1,NewOrder,1772074571.910353,26114,0,1
1,NewOrder,1772074571.912359,16577,2,1
2,Payment,1772074571.912483,28018,22,1
2,Payment,1772074571.913134,5498,12,1
2,Payment,1772074571.914425,8463,1,1
2,Payment,1772074571.914498,12524,17,1
1,NewOrder,1772074571.914757,33153,5,1
4,Delivery,1772074571.915113,38120,7,1
2,Payment,1772074571.915364,25955,14,1
2,Payment,1772074571.916153,20290,18,1
3,OrderStatus,1772074571.918637,7296,12,1
2,Payment,1772074571.919732,21346,6,1
3,OrderStatus,1772074571.920134,16646,13,1
1,NewOrder,1772074571.920598,38366,19,1
4,Delivery,1772074571.921233,40424,16,1
2,Payment,1772074571.922096,14349,15,1
1,NewOrder,1772074571.922899,28372,1,1
2,Payment,1772074571.923628,4403,3,1
2,Payment,1772074571.924047,22071,8,1
2,Payment,1772074571.924097,29207,10,1
1,NewOrder,1772074571.924097,27551,23,1
1,NewOrder,1772074571.925940,30026,12,1
2,Payment,1772074571.926993,35933,11,1
3,OrderStatus,1772074571.927028,15380,17,1
2,Payment,1772074571.928036,11338,3,1
1,NewOrder,1772074571.928943,39469,2,1
2,Payment,1772074571.936459,24615,18,1
2,Payment,1772074571.936460,7761,15,1
2,Payment,1772074571.936476,20566,0,1
1,NewOrder,1772074571.936651,19550,9,1
1,NewOrder,1772074571.936783,35318,13,1
3,OrderStatus,1772074571.939381,7716,3,1
1,NewOrder,1772074571.940510,16555,22,1
2,Payment,1772074571.941086,29294,6,1
2,Payment,1772074571.941329,5186,14,1
1,NewOrder,1772074571.942414,29195,17,1
1,NewOrder,1772074571.944229,13244,15,1
2,Payment,1772074571.944901,16143,4,1
1,NewOrder,1772074571.945685,45914,20,1
4,Delivery,1772074571.946125,7339,8,1
2,Payment,1772074571.946522,9046,14,1
1,NewOrder,1772074571.947105,39276,3,1
2,Payment,1772074571.947919,17339,5,1
1,NewOrder,1772074571.951278,25005,1,1
1,NewOrder,1772074571.951659,20510,23,1
2,Payment,1772074571.952558,18103,21,1
1,NewOrder,1772074571.953243,25353,7,1
1,NewOrder,1772074571.953311,38947,10,1
2,Payment,1772074571.953471,27447,8,1
1,NewOrder,1772074571.955574,56691,14,1
1,NewOrder,1772074571.955973,27520,12,1
1,NewOrder,1772074571.956211,10221,9,1
2,Payment,1772074571.957052,16683,0,1
2,Payment,1772074571.957072,15736,22,1
1,NewOrder,1772074571.957481,20170,15,1
1,NewOrder,1772074571.958970,23671,19,1
1,NewOrder,1772074571.961051,24656,4,1
1,NewOrder,1772074571.961079,40790,18,1
3,OrderStatus,1772074571.961663,5714,16,1
1,NewOrder,1772074571.962937,52224,11,1
1,NewOrder,1772074571.965271,25514,5,1
2,Payment,1772074571.966440,7036,9,1
2,Payment,1772074571.967387,6025,16,1
1,NewOrder,1772074571.968423,34970,2,1
1,NewOrder,1772074571.970387,42797,6,1
2,Payment,1772074571.970669,15067,21,1
1,NewOrder,1772074571.971616,19859,17,1
1,NewOrder,1772074571.972105,35270,13,1
1,NewOrder,1772074571.972181,14160,23,1
2,Payment,1772074571.972818,19064,22,1
1,NewOrder,1772074571.973420,27352,16,1
1,NewOrder,1772074571.973483,19207,9,1
2,Payment,1772074571.973741,9406,0,1
1,NewOrder,1772074571.976289,33271,1,1
2,Payment,1772074571.977663,5507,15,1
1,NewOrder,1772074571.978605,19698,7,1
1,NewOrder,1772074571.980928,35536,8,1
2,Payment,1772074571.982646,14894,19,1
1,NewOrder,1772074571.983173,21697,0,1
1,NewOrder,1772074571.983200,37847,15,1
1,NewOrder,1772074571.983505,58021,12,1
2,Payment,1772074571.985724,9916,4,1
1,NewOrder,1772074571.985763,29531,21,1
2,Payment,1772074571.986367,14493,23,1
1,NewOrder,1772074571.986408,31805,3,1
1,NewOrder,1772074571.990791,24175,5,1
1,NewOrder,1772074571.991485,32942,17,1
2,Payment,1772074571.991604,15606,20,1
1,NewOrder,1772074571.991891,23366,22,1
2,Payment,1772074571.992268,8966,10,1
1,NewOrder,1772074571.992714,24430,9,1
2,Payment,1772074571.995653,5591,4,1
2,Payment,1772074571.997547,14709,19,1
1,NewOrder,1772074571.998318,22229,7,1
1,NewOrder,1772074572.000798,33973,16,1
1,NewOrder,1772074572.000870,23300,23,1
2,Payment,1772074572.001244,10437,10,1
1,NewOrder,1772074572.001251,26307,4,1
5,StockLevel,1772074572.001880,15452,18,1
2,Payment,1772074572.003419,11436,2,1
1,NewOrder,1772074572.004886,20377,0,1
1,NewOrder,1772074572.007227,26204,20,1
1,NewOrder,1772074572.007401,25915,13,1
2,Payment,1772074572.009585,9939,1,1
2,Payment,1772074572.011697,20427,10,1
5,StockLevel,1772074572.012266,24077,19,1
1,NewOrder,1772074572.012272,51631,14,1
1,NewOrder,1772074572.013194,49132,6,1
1,NewOrder,1772074572.014865,18365,2,1
1,NewOrder,1772074572.014972,22505,5,1
2,Payment,1772074572.015172,27038,11,1
2,Payment,1772074572.015268,6835,22,1
5,StockLevel,1772074572.015303,24036,21,1
1,NewOrder,1772074572.016470,28608,8,1
1,NewOrder,1772074572.017154,26539,9,1
2,Payment,1772074572.017337,8932,18,1
1,NewOrder,1772074572.018218,24692,3,1
1,NewOrder,1772074572.019528,20660,1,1
2,Payment,1772074572.020554,26494,7,1
2,Payment,1772074572.021059,7309,15,1
1,NewOrder,1772074572.022108,30880,22,1
2,Payment,1772074572.024180,8873,23,1
2,Payment,1772074572.024437,8249,17,1
2,Payment,1772074572.025273,7522,0,1
1,NewOrder,1772074572.026279,28764,18,1
1,NewOrder,1772074572.027562,14655,4,1
1,NewOrder,1772074572.028395,23224,15,1
1,NewOrder,1772074572.032148,30924,10,1
1,NewOrder,1772074572.032695,28146,17,1
5,StockLevel,1772074572.032806,27911,0,1
1,NewOrder,1772074572.033064,42741,23,1
3,OrderStatus,1772074572.033238,6899,2,1
2,Payment,1772074572.033321,8193,13,1
2,Payment,1772074572.033451,7103,20,1
1,NewOrder,1772074572.034782,27071,16,1
1,NewOrder,1772074572.036349,28382,19,1
2,Payment,1772074572.037487,6722,5,1
1,NewOrder,1772074572.039345,35023,21,1
2,Payment,1772074572.040145,8238,2,1
1,NewOrder,1772074572.040198,44101,1,1
1,NewOrder,1772074572.040560,18815,20,1
2,Payment,1772074572.041525,8396,13,1
5,StockLevel,1772074572.041531,27254,12,1
2,Payment,1772074572.042221,8399,11,1
1,NewOrder,1772074572.042228,19512,4,1
1,NewOrder,1772074572.042920,38173,3,1
1,NewOrder,1772074572.043717,16023,9,1
1,NewOrder,1772074572.044221,17629,5,1
1,NewOrder,1772074572.045085,20799,8,1
3,OrderStatus,1772074572.047056,8099,7,1
1,NewOrder,1772074572.048393,35035,2,1
1,NewOrder,1772074572.049932,24861,13,1
2,Payment,1772074572.050631,7524,11,1
5,StockLevel,1772074572.051630,16328,15,1
2,Payment,1772074572.052998,6970,22,1
1,NewOrder,1772074572.055068,42001,18,1
1,NewOrder,1772074572.055178,19599,7,1
1,NewOrder,1772074572.058165,27405,11,1
1,NewOrder,1772074572.059385,20226,20,1
2,Payment,1772074572.059768,14054,9,1
4,Delivery,1772074572.059993,56158,22,1
1,NewOrder,1772074572.060731,23606,0,1
2,Payment,1772074572.060844,9684,17,1
1,NewOrder,1772074572.061748,21720,4,1
1,NewOrder,1772074572.061872,35135,5,1
2,Payment,1772074572.061875,22487,16,1
1,NewOrder,1772074572.062331,24367,6,1
2,Payment,1772074572.063083,16096,10,1
5,StockLevel,1772074572.063929,18492,14,1
1,NewOrder,1772074572.064737,49366,19,1
1,NewOrder,1772074572.065895,36106,8,1
1,NewOrder,1772074572.067969,21229,15,1
2,Payment,1772074572.068811,20442,12,1
1,NewOrder,1772074572.070539,36163,17,1
1,NewOrder,1772074572.073850,47621,9,1
2,Payment,1772074572.074394,9130,21,1
2,Payment,1772074572.074783,13086,7,1
1,NewOrder,1772074572.074802,24804,13,1
2,Payment,1772074572.075817,12911,23,1
1,NewOrder,1772074572.079189,22785,10,1
2,Payment,1772074572.079621,21891,20,1
1,NewOrder,1772074572.081100,35397,3,1
1,NewOrder,1772074572.082429,25326,14,1
1,NewOrder,1772074572.083434,24328,2,1
2,Payment,1772074572.083479,6893,4,1
1,NewOrder,1772074572.083533,23748,21,1
1,NewOrder,1772074572.084311,29457,1,1
5,StockLevel,1772074572.084342,14296,0,1
2,Payment,1772074572.084369,20119,16,1
2,Payment,1772074572.085581,8014,11,1
2,Payment,1772074572.086705,15243,6,1
1,NewOrder,1772074572.087876,31610,7,1
1,NewOrder,1772074572.088734,22345,23,1
2,Payment,1772074572.089204,18571,15,1
1,NewOrder,1772074572.089263,32591,12,1
5,StockLevel,1772074572.090381,21339,4,1
1,NewOrder,1772074572.093629,24622,11,1
2,Payment,1772074572.097016,7403,5,1
1,NewOrder,1772074572.097079,20713,18,1
2,Payment,1772074572.098664,8585,0,1
2,Payment,1772074572.099615,11906,13,1
1,NewOrder,1772074572.101538,23804,20,1
1,NewOrder,1772074572.101974,27435,6,1
2,Payment,1772074572.102000,10434,10,1
2,Payment,1772074572.102027,6302,8,1
1,NewOrder,1772074572.104445,31242,5,1
2,Payment,1772074572.104513,21446,16,1
1,NewOrder,1772074572.106727,17599,17,1
2,Payment,1772074572.107275,6175,0,1
1,NewOrder,1772074572.107306,21364,21,1
2,Payment,1772074572.107761,7177,14,1
2,Payment,1772074572.107773,11377,2,1
1,NewOrder,1772074572.107786,20013,15,1
2,Payment,1772074572.108340,8581,8,1
2,Payment,1772074572.111091,6405,23,1
2,Payment,1772074572.111532,17384,13,1
1,NewOrder,1772074572.111725,15297,4,1
1,NewOrder,1772074572.112445,26792,10,1
1,NewOrder,1772074572.113460,32234,0,1
1,NewOrder,1772074572.113773,37887,1,1
2,Payment,1772074572.114116,11551,19,1
2,Payment,1772074572.114945,20782,14,1
2,Payment,1772074572.116161,16922,22,1
2,Payment,1772074572.116502,12154,3,1
1,NewOrder,1772074572.116931,55533,8,1
2,Payment,1772074572.117506,22248,23,1
1,NewOrder,1772074572.117801,54067,18,1
5,StockLevel,1772074572.118258,18367,11,1
1,NewOrder,1772074572.119174,34248,2,1
2,Payment,1772074572.119500,11385,7,1
1,NewOrder,1772074572.121497,16640,9,1
2,Payment,1772074572.121875,22066,12,1
1,NewOrder,1772074572.124336,19061,17,1
4,Delivery,1772074572.125353,20735,20,1
1,NewOrder,1772074572.125675,18265,19,1
2,Payment,1772074572.125965,27266,16,1
1,NewOrder,1772074572.127032,13198,4,1
1,NewOrder,1772074572.127825,13577,15,1
2,Payment,1772074572.128662,5666,3,1
1,NewOrder,1772074572.128681,15935,21,1
2,Payment,1772074572.128938,38070,13,1
1,NewOrder,1772074572.129426,11188,6,1
1,NewOrder,1772074572.130895,36422,7,1
1,NewOrder,1772074572.133089,31963,22,1
1,NewOrder,1772074572.134335,34157,3,1
4,Delivery,1772074572.135712,83329,5,1
2,Payment,1772074572.135763,39905,14,1
2,Payment,1772074572.136634,8018,11,1
2,Payment,1772074572.138164,9572,9,1
2,Payment,1772074572.139263,17577,10,1
2,Payment,1772074572.139780,4120,23,1
2,Payment,1772074572.140257,3657,4,1
2,Payment,1772074572.140628,25194,6,1
1,NewOrder,1772074572.141412,15773,15,1
2,Payment,1772074572.143407,15762,17,1
1,NewOrder,1772074572.143911,19939,23,1
1,NewOrder,1772074572.143927,8758,4,1
2,Payment,1772074572.143947,4531,19,1
1,NewOrder,1772074572.143953,21141,12,1
2,Payment,1772074572.144622,7553,21,1
2,Payment,1772074572.144664,34493,11,1
1,NewOrder,1772074572.145701,29369,0,1
2,Payment,1772074572.146097,8854,20,1
1,NewOrder,1772074572.147742,26831,9,1
1,NewOrder,1772074572.148485,17268,19,1
2,Payment,1772074572.151668,11567,1,1
2,Payment,1772074572.152183,7847,21,1
2,Payment,1772074572.152696,4477,4,1
2,Payment,1772074572.153241,26883,16,1
2,Payment,1772074572.153432,12671,2,1
2,Payment,1772074572.154957,12816,20,1
2,Payment,1772074572.156845,27970,10,1
3,OrderStatus,1772074572.157181,4276,4,1
5,StockLevel,1772074572.157195,6483,15,1
2,Payment,1772074572.159176,13334,17,1
5,StockLevel,1772074572.160038,16974,21,1
4,Delivery,1772074572.161465,57834,4,1
2,Payment,1772074572.163241,11867,1,1
1,NewOrder,1772074572.163688,6186,15,1
1,NewOrder,1772074572.163860,8574,23,1
2,Payment,1772074572.165064,16042,22,1
1,NewOrder,1772074572.165105,34464,12,1
2,Payment,1772074572.165764,26939,19,1
3,OrderStatus,1772074572.165832,16340,6,1
1,NewOrder,1772074572.166109,39063,2,1
1,NewOrder,1772074572.167017,55396,13,1
1,NewOrder,1772074572.167323,54588,7,1
1,NewOrder,1772074572.167780,51033,20,1
2,Payment,1772074572.168501,17604,3,1
5,StockLevel,1772074572.169882,4192,15,1
1,NewOrder,1772074572.171877,29898,18,1
2,Payment,1772074572.172443,25441,23,1
1,NewOrder,1772074572.172471,13023,8,1
5,StockLevel,1772074572.172518,11556,17,1
4,Delivery,1772074572.174080,44703,15,1
5,StockLevel,1772074572.174581,22794,9,1
1,NewOrder,1772074572.175077,27866,0,1
1,NewOrder,1772074572.175113,45715,1,1
2,Payment,1772074572.175676,7385,14,1
3,OrderStatus,1772074572.177019,12447,21,1
2,Payment,1772074572.179168,13183,11,1
1,NewOrder,1772074572.180134,26181,16,1
2,Payment,1772074572.181114,29901,22,1
5,StockLevel,1772074572.182179,18857,6,1
2,Payment,1772074572.183069,7588,14,1
1,NewOrder,1772074572.184084,31739,17,1
1,NewOrder,1772074572.184823,16404,10,1
3,OrderStatus,1772074572.185503,8816,8,1
2,Payment,1772074572.186112,12895,3,1
4,Delivery,1772074572.189486,20151,21,1
2,Payment,1772074572.190668,7328,14,1
2,Payment,1772074572.192373,13503,11,1
2,Payment,1772074572.192711,20906,19,1
2,Payment,1772074572.194327,15357,8,1
5,StockLevel,1772074572.197401,6402,9,1
3,OrderStatus,1772074572.197895,7353,23,1
3,OrderStatus,1772074572.198001,8353,14,1
2,Payment,1772074572.199030,13817,3,1
2,Payment,1772074572.199594,5601,12,1
1,NewOrder,1772074572.201045,6236,6,1
2,Payment,1772074572.201237,16584,10,1
4,Delivery,1772074572.201785,8147,18,1
2,Payment,1772074572.202969,12003,0,1
1,NewOrder,1772074572.203812,6291,9,1
1,NewOrder,1772074572.205182,29326,2,1
1,NewOrder,1772074572.205205,29862,12,1
1,NewOrder,1772074572.205258,22681,23,1
1,NewOrder,1772074572.205885,32278,11,1
2,Payment,1772074572.206320,8452,16,1
2,Payment,1772074572.206360,13528,14,1
1,NewOrder,1772074572.207308,7143,6,1
1,NewOrder,1772074572.209646,22065,21,1
2,Payment,1772074572.209695,14913,8,1
1,NewOrder,1772074572.209939,19434,18,1
5,StockLevel,1772074572.210109,5888,9,1
2,Payment,1772074572.211042,7259,22,1
2,Payment,1772074572.212853,11318,3,1
1,NewOrder,1772074572.213623,26333,19,1
2,Payment,1772074572.214477,14190,6,1
2,Payment,1772074572.214783,11228,16,1
1,NewOrder,1772074572.214982,17976,0,1
1,NewOrder,1772074572.215848,35502,17,1
1,NewOrder,1772074572.216012,22497,9,1
1,NewOrder,1772074572.217845,23944,10,1
3,OrderStatus,1772074572.218330,9579,22,1
2,Payment,1772074572.218792,13433,15,1
2,Payment,1772074572.218824,8206,20,1
1,NewOrder,1772074572.219051,37091,5,1
1,NewOrder,1772074572.219306,35826,4,1
1,NewOrder,1772074572.219895,34248,14,1
2,Payment,1772074572.220839,12155,1,1
2,Payment,1772074572.221922,14958,7,1
2,Payment,1772074572.222420,17250,13,1
2,Payment,1772074572.224183,13660,3,1
1,NewOrder,1772074572.224632,22464,8,1
1,NewOrder,1772074572.226038,21006,16,1
2,Payment,1772074572.227041,5906,20,1
2,Payment,1772074572.227927,11511,22,1
2,Payment,1772074572.227968,7919,23,1
2,Payment,1772074572.228676,11928,6,1
1,NewOrder,1772074572.229388,15027,18,1
1,NewOrder,1772074572.231736,17607,21,1
2,Payment,1772074572.232251,23371,15,1
1,NewOrder,1772074572.232958,24974,20,1
2,Payment,1772074572.232965,8103,0,1
2,Payment,1772074572.233002,17997,1,1
2,Payment,1772074572.234526,14567,2,1
2,Payment,1772074572.235078,25266,12,1
1,NewOrder,1772074572.235899,25881,23,1
5,StockLevel,1772074572.236886,9385,7,1
2,Payment,1772074572.237851,17620,3,1
2,Payment,1772074572.238173,8504,11,1
1,NewOrder,1772074572.238515,27143,9,1
2,Payment,1772074572.239463,7842,22,1
1,NewOrder,1772074572.239676,29530,13,1
2,Payment,1772074572.239966,12417,19,1
4,Delivery,1772074572.240619,11720,6,1
1,NewOrder,1772074572.241072,9033,0,1
2,Payment,1772074572.241804,13733,10,1
2,Payment,1772074572.244440,11132,18,1
1,NewOrder,1772074572.246295,8209,7,1
2,Payment,1772074572.246704,14769,11,1
2,Payment,1772074572.247055,20466,16,1
1,NewOrder,1772074572.247102,42654,8,1
1,NewOrder,1772074572.247316,25293,22,1
1,NewOrder,1772074572.249102,39220,2,1
2,Payment,1772074572.249353,11492,21,1
2,Payment,1772074572.250130,3451,0,1
1,NewOrder,1772074572.251005,25375,1,1
1,NewOrder,1772074572.251361,18487,17,1
2,Payment,1772074572.252358,18040,6,1
2,Payment,1772074572.252396,16291,19,1
2,Payment,1772074572.253585,6062,0,1
2,Payment,1772074572.254168,20291,14,1
2,Payment,1772074572.254510,9859,7,1
2,Payment,1772074572.255148,11626,4,1
2,Payment,1772074572.255482,18854,3,1
4,Delivery,1772074572.255548,37697,10,1
2,Payment,1772074572.255577,23159,18,1
1,NewOrder,1772074572.255630,38013,15,1
2,Payment,1772074572.256147,28502,5,1
1,NewOrder,1772074572.257943,25057,20,1
1,NewOrder,1772074572.259657,32863,0,1
5,StockLevel,1772074572.260354,16822,12,1
4,Delivery,1772074572.260850,50289,21,1
3,OrderStatus,1772074572.261503,12636,11,1
1,NewOrder,1772074572.261784,42899,23,1
1,NewOrder,1772074572.264379,27692,7,1
1,NewOrder,1772074572.265678,7280,9,1
1,NewOrder,1772074572.266780,31059,4,1
2,Payment,1772074572.267531,15101,16,1
2,Payment,1772074572.268712,17347,19,1
4,Delivery,1772074572.269232,18263,13,1
2,Payment,1772074572.269854,22644,17,1
2,Payment,1772074572.270409,11786,6,1
2,Payment,1772074572.272618,22913,22,1
1,NewOrder,1772074572.272964,9650,9,1
1,NewOrder,1772074572.274163,34626,11,1
2,Payment,1772074572.274347,19362,3,1
1,NewOrder,1772074572.274468,20381,14,1
5,StockLevel,1772074572.276405,10142,1,1
1,NewOrder,1772074572.277189,17939,12,1
2,Payment,1772074572.278749,23299,18,1
1,NewOrder,1772074572.282206,22451,6,1
2,Payment,1772074572.282620,5092,9,1
1,NewOrder,1772074572.282640,23279,16,1
1,NewOrder,1772074572.283011,25791,20,1
2,Payment,1772074572.284660,15032,5,1
2,Payment,1772074572.286085,26121,19,1
2,Payment,1772074572.286560,17600,1,1
1,NewOrder,1772074572.287506,14112,13,1
2,Payment,1772074572.287719,4746,9,1
5,StockLevel,1772074572.288333,31792,2,1
1,NewOrder,1772074572.289767,17351,8,1
5,StockLevel,1772074572.292096,18500,7,1
2,Payment,1772074572.292471,7131,9,1
1,NewOrder,1772074572.292507,18606,17,1
5,StockLevel,1772074572.292526,12755,0,1
2,Payment,1772074572.293250,14181,10,1
1,NewOrder,1772074572.293668,42150,15,1
1,NewOrder,1772074572.293735,37405,3,1
5,StockLevel,1772074572.294860,20487,14,1
2,Payment,1772074572.295133,5888,12,1
1,NewOrder,1772074572.295545,41857,22,1
1,NewOrder,1772074572.297852,43138,4,1
1,NewOrder,1772074572.299628,36145,9,1
2,Payment,1772074572.299702,15756,5,1
1,NewOrder,1772074572.301030,39980,12,1
2,Payment,1772074572.301645,9071,13,1
2,Payment,1772074572.302074,16829,18,1
2,Payment,1772074572.304176,16293,1,1
3,OrderStatus,1772074572.304683,13135,6,1
1,NewOrder,1772074572.304712,30712,23,1
2,Payment,1772074572.305291,17011,0,1
2,Payment,1772074572.305923,6831,16,1
1,NewOrder,1772074572.307146,6614,8,1
3,OrderStatus,1772074572.307444,9935,10,1
2,Payment,1772074572.308798,8001,11,1
2,Payment,1772074572.308813,12552,20,1
1,NewOrder,1772074572.310614,41390,7,1
1,NewOrder,1772074572.310739,7572,13,1
1,NewOrder,1772074572.311139,30483,17,1
2,Payment,1772074572.311153,13671,21,1
2,Payment,1772074572.312232,17476,19,1
1,NewOrder,1772074572.312760,7276,16,1
1,NewOrder,1772074572.313772,5164,8,1
2,Payment,1772074572.315355,10113,14,1
1,NewOrder,1772074572.315469,36281,5,1
2,Payment,1772074572.316810,8326,11,1
1,NewOrder,1772074572.317386,33088,10,1
1,NewOrder,1772074572.317839,22820,6,1
2,Payment,1772074572.318320,12638,13,1
2,Payment,1772074572.318917,18156,18,1
2,Payment,1772074572.318965,8613,8,1
2,Payment,1772074572.320048,15690,16,1
3,OrderStatus,1772074572.320140,9490,2,1
1,NewOrder,1772074572.320496,15363,1,1
2,Payment,1772074572.321375,28273,20,1
1,NewOrder,1772074572.322310,36438,0,1
1,NewOrder,1772074572.324834,48340,21,1
1,NewOrder,1772074572.325142,50410,11,1
1,NewOrder,1772074572.325478,45922,14,1
2,Payment,1772074572.327590,4711,8,1
1,NewOrder,1772074572.329654,17674,2,1
1,NewOrder,1772074572.329718,29108,19,1
1,NewOrder,1772074572.330974,52044,13,1
5,StockLevel,1772074572.331165,31686,3,1
2,Payment,1772074572.332329,4899,8,1
2,Payment,1772074572.335450,32056,23,1
1,NewOrder,1772074572.335764,36173,16,1
2,Payment,1772074572.335803,12480,9,1
1,NewOrder,1772074572.335834,16426,15,1
2,Payment,1772074572.335871,7986,1,1
1,NewOrder,1772074572.337099,31709,18,1
2,Payment,1772074572.337256,21744,8,1
1,NewOrder,1772074572.337418,37534,22,1
1,NewOrder,1772074572.340686,12111,6,1
3,OrderStatus,1772074572.341010,4976,4,1
1,NewOrder,1772074572.341028,11258,12,1
2,Payment,1772074572.341628,4458,17,1
1,NewOrder,1772074572.343863,39560,1,1
1,NewOrder,1772074572.345996,8926,4,1
2,Payment,1772074572.346093,6155,17,1
2,Payment,1772074572.347338,13910,2,1
4,Delivery,1772074572.348292,48419,9,1
5,StockLevel,1772074572.349658,31000,20,1
1,NewOrder,1772074572.350484,29116,10,1
1,NewOrder,1772074572.351760,26831,5,1
2,Payment,1772074572.352014,13225,7,1
1,NewOrder,1772074572.352255,6609,17,1
5,StockLevel,1772074572.352267,26417,15,1
2,Payment,1772074572.352291,11184,12,1
2,Payment,1772074572.352820,7143,6,1
2,Payment,1772074572.354932,8182,4,1
2,Payment,1772074572.358758,10564,0,1
5,StockLevel,1772074572.358836,7686,19,1
1,NewOrder,1772074572.358874,19396,17,1
2,Payment,1772074572.359012,14537,8,1
2,Payment,1772074572.359972,7935,6,1
1,NewOrder,1772074572.361273,24797,2,1
3,OrderStatus,1772074572.362876,6381,3,1
1,NewOrder,1772074572.363139,10362,4,1
1,NewOrder,1772074572.363490,49103,12,1
1,NewOrder,1772074572.365261,31567,7,1
2,Payment,1772074572.366548,7101,19,1
2,Payment,1772074572.367519,13981,23,1
2,Payment,1772074572.367916,11410,6,1
1,NewOrder,1772074572.368825,43965,18,1
4,Delivery,1772074572.369283,50093,3,1
1,NewOrder,1772074572.369345,36123,0,1
1,NewOrder,1772074572.371421,24402,14,1
1,NewOrder,1772074572.371953,16299,16,1
2,Payment,1772074572.373190,16250,21,1
2,Payment,1772074572.373507,4366,4,1
1,NewOrder,1772074572.373561,29143,8,1
1,NewOrder,1772074572.373659,33478,19,1
2,Payment,1772074572.374968,23642,22,1
1,NewOrder,1772074572.375561,20726,11,1
1,NewOrder,1772074572.377879,22310,4,1
1,NewOrder,1772074572.378285,49146,17,1
1,NewOrder,1772074572.378602,32191,5,1
2,Payment,1772074572.378689,8142,15,1
2,Payment,1772074572.379337,5897,6,1
1,NewOrder,1772074572.379610,46270,10,1
2,Payment,1772074572.380683,25584,20,1
1,NewOrder,1772074572.381511,31700,23,1
1,NewOrder,1772074572.383044,24242,13,1
2,Payment,1772074572.383449,4766,1,1
2,Payment,1772074572.385266,5106,6,1
1,NewOrder,1772074572.386082,18872,2,1
3,OrderStatus,1772074572.386848,6125,15,1
1,NewOrder,1772074572.388226,19153,1,1
1,NewOrder,1772074572.388259,14904,16,1
1,NewOrder,1772074572.389447,53688,21,1
2,Payment,1772074572.390383,6914,6,1
2,Payment,1772074572.392980,6460,15,1
2,Payment,1772074572.395848,7294,14,1
1,NewOrder,1772074572.396313,11021,11,1
2,Payment,1772074572.396716,10219,9,1
1,NewOrder,1772074572.396848,29448,7,1
1,NewOrder,1772074572.397321,18334,6,1
1,NewOrder,1772074572.398621,61278,22,1
2,Payment,1772074572.399451,15145,15,1
2,Payment,1772074572.400199,6880,4,1
2,Payment,1772074572.402715,6639,8,1
2,Payment,1772074572.403152,16670,14,1
3,OrderStatus,1772074572.403173,13634,16,1
1,NewOrder,1772074572.404979,8180,2,1
1,NewOrder,1772074572.405494,21592,0,1
2,Payment,1772074572.406279,7136,20,1
2,Payment,1772074572.406945,6247,9,1
2,Payment,1772074572.407090,8676,4,1
1,NewOrder,1772074572.407150,17336,19,1
2,Payment,1772074572.407290,24463,13,1
5,StockLevel,1772074572.407345,23976,11,1
2,Payment,1772074572.407389,12824,1,1
3,OrderStatus,1772074572.409362,10060,8,1
2,Payment,1772074572.410820,13499,5,1
2,Payment,1772074572.412603,29425,12,1
1,NewOrder,1772074572.412794,22746,18,1
2,Payment,1772074572.413170,15593,2,1
1,NewOrder,1772074572.413201,25942,9,1
1,NewOrder,1772074572.413220,23238,23,1
1,NewOrder,1772074572.413424,23719,20,1
4,Delivery,1772074572.414622,27788,15,1
1,NewOrder,1772074572.415670,23517,6,1
1,NewOrder,1772074572.415792,23028,4,1
2,Payment,1772074572.416812,33432,16,1
5,StockLevel,1772074572.419385,15468,3,1
2,Payment,1772074572.419433,9575,8,1
1,NewOrder,1772074572.419836,29432,14,1
2,Payment,1772074572.420240,22801,1,1
1,NewOrder,1772074572.424344,35238,5,1
2,Payment,1772074572.424505,8034,19,1
1,NewOrder,1772074572.425890,17886,10,1
1,NewOrder,1772074572.426307,10783,7,1
2,Payment,1772074572.427099,21398,0,1
2,Payment,1772074572.427451,27579,17,1
1,NewOrder,1772074572.428788,26553,2,1
2,Payment,1772074572.429025,9391,8,1
1,NewOrder,1772074572.431348,9183,11,1
1,NewOrder,1772074572.431757,31317,13,1
2,Payment,1772074572.432555,6269,19,1
1,NewOrder,1772074572.434863,25086,3,1
2,Payment,1772074572.435549,18312,18,1
2,Payment,1772074572.436483,21336,23,1
1,NewOrder,1772074572.437100,12780,7,1
1,NewOrder,1772074572.437149,22777,20,1
5,StockLevel,1772074572.438422,22969,8,1
1,NewOrder,1772074572.438830,24819,4,1
2,Payment,1772074572.438832,26757,19,1
1,NewOrder,1772074572.439159,18622,9,1
4,Delivery,1772074572.439216,20504,6,1
2,Payment,1772074572.440535,2181,11,1
2,Payment,1772074572.442055,19940,12,1
1,NewOrder,1772074572.442422,15055,15,1
1,NewOrder,1772074572.442721,16402,11,1
4,Delivery,1772074572.443051,21771,1,1
2,Payment,1772074572.443144,28400,21,1
1,NewOrder,1772074572.443788,20503,10,1
2,Payment,1772074572.448520,5423,0,1
1,NewOrder,1772074572.449293,14929,14,1
2,Payment,1772074572.449890,4961,7,1
2,Payment,1772074572.450252,17212,16,1
2,Payment,1772074572.453872,21792,18,1
2,Payment,1772074572.453948,10438,0,1
1,NewOrder,1772074572.454877,29079,7,1
2,Payment,1772074572.455056,14918,17,1
1,NewOrder,1772074572.455367,26946,2,1
2,Payment,1772074572.457489,15245,15,1
4,Delivery,1772074572.457791,2810,9,1
1,NewOrder,1772074572.457830,23900,23,1
1,NewOrder,1772074572.459139,9267,11,1
1,NewOrder,1772074572.459592,33609,5,1
5,StockLevel,1772074572.459732,25010,6,1
1,NewOrder,1772074572.459906,36346,22,1
2,Payment,1772074572.459936,22822,20,1
2,Payment,1772074572.459959,10066,3,1
2,Payment,1772074572.460623,11236,9,1
2,Payment,1772074572.461397,12369,8,1
2,Payment,1772074572.462005,14171,12,1
1,NewOrder,1772074572.463100,3965,13,1
2,Payment,1772074572.463659,11455,4,1
2,Payment,1772074572.464228,14816,14,1
2,Payment,1772074572.464295,11990,10,1
1,NewOrder,1772074572.464397,30047,0,1
1,NewOrder,1772074572.464832,34557,1,1
2,Payment,1772074572.465602,20772,19,1
2,Payment,1772074572.467089,14699,13,1
1,NewOrder,1772074572.467478,16175,16,1
1,NewOrder,1772074572.468411,8534,11,1
2,Payment,1772074572.469991,17106,17,1
2,Payment,1772074572.470051,12227,3,1
1,NewOrder,1772074572.471569,30603,21,1
1,NewOrder,1772074572.471863,25971,9,1
1,NewOrder,1772074572.472760,24988,15,1
1,NewOrder,1772074572.473772,34689,8,1
1,NewOrder,1772074572.475141,19336,4,1
1,NewOrder,1772074572.475673,19862,18,1
2,Payment,1772074572.476203,15388,12,1
1,NewOrder,1772074572.476313,26156,10,1
2,Payment,1772074572.476950,4197,11,1
1,NewOrder,1772074572.479069,20892,14,1
3,OrderStatus,1772074572.481152,9896,11,1
1,NewOrder,1772074572.481756,26534,23,1
2,Payment,1772074572.481814,14882,13,1
1,NewOrder,1772074572.482304,28138,3,1
2,Payment,1772074572.482338,11741,2,1
2,Payment,1772074572.482763,13950,20,1
2,Payment,1772074572.483663,18944,16,1
2,Payment,1772074572.483963,14492,7,1
1,NewOrder,1772074572.484749,61504,6,1
1,NewOrder,1772074572.486384,52692,19,1
5,StockLevel,1772074572.487108,15808,17,1
5,StockLevel,1772074572.491055,15385,11,1
1,NewOrder,1772074572.491616,23544,12,1
1,NewOrder,1772074572.493211,23233,5,1
2,Payment,1772074572.494088,8484,2,1
1,NewOrder,1772074572.494459,17917,0,1
1,NewOrder,1772074572.494486,20946,4,1
2,Payment,1772074572.495546,5086,18,1
2,Payment,1772074572.496258,8104,22,1
1,NewOrder,1772074572.496707,23315,13,1
1,NewOrder,1772074572.496724,33692,20,1
2,Payment,1772074572.497757,7917,15,1
1,NewOrder,1772074572.497844,47419,9,1
2,Payment,1772074572.498463,14473,7,1
2,Payment,1772074572.499397,7735,1,1
2,Payment,1772074572.499972,8392,14,1
2,Payment,1772074572.500647,7318,18,1
1,NewOrder,1772074572.502187,23200,21,1
1,NewOrder,1772074572.502480,38887,10,1
4,Delivery,1772074572.502583,38676,2,1
1,NewOrder,1772074572.502615,25827,16,1
1,NewOrder,1772074572.502922,39952,17,1
2,Payment,1772074572.504368,7986,22,1
2,Payment,1772074572.505684,7772,15,1
2,Payment,1772074572.506453,11106,11,1
2,Payment,1772074572.507139,7169,1,1
1,NewOrder,1772074572.507978,20653,18,1
2,Payment,1772074572.508297,18592,23,1
2,Payment,1772074572.508374,9658,14,1
1,NewOrder,1772074572.508467,36017,8,1
1,NewOrder,1772074572.510453,56754,3,1
1,NewOrder,1772074572.512364,41879,22,1
2,Payment,1772074572.512387,13036,0,1
1,NewOrder,1772074572.512950,43217,7,1
2,Payment,1772074572.513482,9965,15,1
2,Payment,1772074572.514318,14044,1,1
2,Payment,1772074572.515171,12789,12,1
1,NewOrder,1772074572.515445,15289,4,1
4,Delivery,1772074572.516470,25070,5,1
1,NewOrder,1772074572.517565,37505,11,1
1,NewOrder,1772074572.518042,27185,14,1
3,OrderStatus,1772074572.520033,6877,13,1
1,NewOrder,1772074572.523472,28250,15,1
2,Payment,1772074572.525396,3083,21,1
2,Payment,1772074572.525431,7366,0,1
2,Payment,1772074572.526909,5366,23,1
1,NewOrder,1772074572.526935,32557,13,1
2,Payment,1772074572.527969,7734,12,1
4,Delivery,1772074572.528372,13113,1,1
2,Payment,1772074572.528469,10224,16,1
2,Payment,1772074572.528487,11825,21,1
2,Payment,1772074572.528636,5482,18,1
4,Delivery,1772074572.530441,42048,20,1
1,NewOrder,1772074572.530744,27573,4,1
1,NewOrder,1772074572.532292,21981,23,1
2,Payment,1772074572.532807,6884,0,1
1,NewOrder,1772074572.534143,19011,18,1
1,NewOrder,1772074572.535730,26587,12,1
1,NewOrder,1772074572.538703,19335,16,1
1,NewOrder,1772074572.539098,44316,19,1
2,Payment,1772074572.539697,7196,0,1
2,Payment,1772074572.540319,9138,21,1
1,NewOrder,1772074572.541264,24163,2,1
2,Payment,1772074572.541373,12554,10,1
2,Payment,1772074572.541492,9950,1,1
2,Payment,1772074572.541549,14917,5,1
1,NewOrder,1772074572.542886,24358,17,1
1,NewOrder,1772074572.544502,22160,8,1
1,NewOrder,1772074572.545240,20707,14,1
1,NewOrder,1772074572.545274,18511,9,1
2,Payment,1772074572.546268,24264,6,1
1,NewOrder,1772074572.546918,35040,0,1
1,NewOrder,1772074572.549482,34234,21,1
2,Payment,1772074572.551468,13845,1,1
1,NewOrder,1772074572.551748,26794,15,1
1,NewOrder,1772074572.553170,25772,18,1
2,Payment,1772074572.553953,21042,10,1
1,NewOrder,1772074572.554257,19496,22,1
2,Payment,1772074572.554290,10195,23,1
1,NewOrder,1772074572.555078,24672,11,1
2,Payment,1772074572.556192,22820,7,1
5,StockLevel,1772074572.556479,17193,5,1
2,Payment,1772074572.558063,6984,16,1
1,NewOrder,1772074572.558332,18869,4,1
5,StockLevel,1772074572.559501,18475,13,1
2,Payment,1772074572.562327,11060,12,1
2,Payment,1772074572.563796,27666,9,1
1,NewOrder,1772074572.564510,15729,23,1
2,Payment,1772074572.565074,12542,16,1
1,NewOrder,1772074572.565338,21986,1,1
2,Payment,1772074572.565460,7860,2,1
1,NewOrder,1772074572.565952,11749,14,1
5,StockLevel,1772074572.566680,10661,8,1
1,NewOrder,1772074572.567219,28909,3,1
2,Payment,1772074572.567260,13629,17,1
2,Payment,1772074572.570543,16551,6,1
2,Payment,1772074572.572493,8090,20,1
1,NewOrder,1772074572.573346,24092,2,1
1,NewOrder,1772074572.573413,20802,12,1
1,NewOrder,1772074572.573682,13778,5,1
1,NewOrder,1772074572.573764,27956,22,1
2,Payment,1772074572.575004,28157,10,1
2,Payment,1772074572.577228,6639,4,1
1,NewOrder,1772074572.577368,23901,8,1
4,Delivery,1772074572.577629,51890,16,1
2,Payment,1772074572.577712,6079,14,1
2,Payment,1772074572.577982,15677,13,1
5,StockLevel,1772074572.578553,13894,15,1
1,NewOrder,1772074572.578952,25096,18,1
2,Payment,1772074572.579024,20138,7,1
2,Payment,1772074572.579776,37281,11,1
2,Payment,1772074572.580265,14545,23,1
2,Payment,1772074572.580597,10186,20,1
1,NewOrder,1772074572.580900,23185,17,1
5,StockLevel,1772074572.581968,11280,0,1
4,Delivery,1772074572.583436,22642,19,1
1,NewOrder,1772074572.583726,29319,21,1
2,Payment,1772074572.583802,18001,14,1
1,NewOrder,1772074572.583877,22999,4,1
2,Payment,1772074572.587106,20400,6,1
2,Payment,1772074572.587334,6788,1,1
1,NewOrder,1772074572.587471,20272,5,1
2,Payment,1772074572.590811,8904,20,1
1,NewOrder,1772074572.591477,19109,9,1
2,Payment,1772074572.592457,13067,15,1
1,NewOrder,1772074572.593266,30703,0,1
1,NewOrder,1772074572.593679,20520,13,1
1,NewOrder,1772074572.594149,26381,1,1
1,NewOrder,1772074572.594241,19178,12,1
1,NewOrder,1772074572.594820,25870,23,1
4,Delivery,1772074572.596155,30320,3,1
2,Payment,1772074572.597464,7071,2,1
2,Payment,1772074572.599172,28144,7,1
3,OrderStatus,1772074572.599724,7056,20,1
1,NewOrder,1772074572.601294,37899,8,1
1,NewOrder,1772074572.601730,21839,22,1
2,Payment,1772074572.601814,12763,14,1
2,Payment,1772074572.603185,29754,10,1
1,NewOrder,1772074572.604064,17306,18,1
2,Payment,1772074572.604105,16621,17,1
2,Payment,1772074572.604549,8896,2,1
5,StockLevel,1772074572.605535,15110,15,1
1,NewOrder,1772074572.606088,25516,19,1
1,NewOrder,1772074572.606793,22221,20,1
1,NewOrder,1772074572.606903,17078,4,1
1,NewOrder,1772074572.607533,24801,6,1
1,NewOrder,1772074572.607754,22599,5,1
2,Payment,1772074572.610614,8968,9,1
2,Payment,1772074572.613061,7212,21,1
2,Payment,1772074572.613445,13711,12,1
2,Payment,1772074572.613470,6810,2,1
1,NewOrder,1772074572.614208,26043,13,1
2,Payment,1772074572.614584,18252,14,1
2,Payment,1772074572.617062,22354,11,1
2,Payment,1772074572.619593,29096,9,1
1,NewOrder,1772074572.620283,24464,21,1
1,NewOrder,1772074572.620292,28354,2,1
2,Payment,1772074572.620539,9008,1,1
2,Payment,1772074572.620656,15746,15,1
1,NewOrder,1772074572.620699,16140,23,1
2,Payment,1772074572.620733,30067,17,1
5,StockLevel,1772074572.621380,8206,18,1
1,NewOrder,1772074572.623579,20821,22,1
1,NewOrder,1772074572.623980,9122,0,1
1,NewOrder,1772074572.623988,45329,4,1
1,NewOrder,1772074572.626500,15202,3,1
2,Payment,1772074572.627166,33253,12,1
2,Payment,1772074572.627327,26471,7,1
3,OrderStatus,1772074572.629025,5782,20,1
2,Payment,1772074572.629530,11817,16,1
1,NewOrder,1772074572.629559,27118,1,1
2,Payment,1772074572.629597,3969,18,1
2,Payment,1772074572.630359,8915,5,1
3,OrderStatus,1772074572.631629,5191,19,1
1,NewOrder,1772074572.632360,39234,6,1
1,NewOrder,1772074572.632843,36444,14,1
1,NewOrder,1772074572.632952,30923,10,1
2,Payment,1772074572.633108,9546,0,1
2,Payment,1772074572.633569,5228,18,1
2,Payment,1772074572.634818,13438,20,1
5,StockLevel,1772074572.636428,13561,15,1
1,NewOrder,1772074572.636826,26441,19,1
2,Payment,1772074572.636848,20638,23,1
1,NewOrder,1772074572.638805,19837,18,1
2,Payment,1772074572.639200,18706,8,1
1,NewOrder,1772074572.639284,46370,5,1
1,NewOrder,1772074572.639427,44707,11,1
1,NewOrder,1772074572.640262,12789,13,1
2,Payment,1772074572.641362,12883,16,1
2,Payment,1772074572.641712,3011,3,1
1,NewOrder,1772074572.642665,34632,0,1
4,Delivery,1772074572.644411,34677,22,1
1,NewOrder,1772074572.644734,7759,3,1
2,Payment,1772074572.644764,17244,21,1
3,OrderStatus,1772074572.648266,13583,20,1
1,NewOrder,1772074572.648652,40301,2,1
1,NewOrder,1772074572.648700,16225,9,1
1,NewOrder,1772074572.649999,33846,15,1
2,Payment,1772074572.650807,15645,17,1
2,Payment,1772074572.652519,7019,3,1
1,NewOrder,1772074572.653060,27155,13,1
1,NewOrder,1772074572.653803,19054,7,1
1,NewOrder,1772074572.654255,42809,16,1
2,Payment,1772074572.656687,11168,1,1
1,NewOrder,1772074572.657504,31397,23,1
1,NewOrder,1772074572.657914,14526,8,1
1,NewOrder,1772074572.658651,41475,18,1
1,NewOrder,1772074572.659548,22382,3,1
1,NewOrder,1772074572.660430,48281,12,1
1,NewOrder,1772074572.661876,33630,20,1
2,Payment,1772074572.662025,6798,21,1
1,NewOrder,1772074572.663273,19307,19,1
3,OrderStatus,1772074572.663879,7675,10,1
1,NewOrder,1772074572.664953,23979,9,1
1,NewOrder,1772074572.666462,30991,17,1
2,Payment,1772074572.667865,11942,1,1
2,Payment,1772074572.668829,8798,21,1
1,NewOrder,1772074572.669314,28960,14,1
5,StockLevel,1772074572.669343,18601,4,1
1,NewOrder,1772074572.671571,28513,10,1
1,NewOrder,1772074572.671621,24220,6,1
2,Payment,1772074572.672447,6668,8,1
2,Payment,1772074572.672879,10713,7,1
1,NewOrder,1772074572.677323,20097,0,1
2,Payment,1772074572.677652,6448,21,1
1,NewOrder,1772074572.679097,39092,22,1
2,Payment,1772074572.679123,9343,8,1
1,NewOrder,1772074572.679817,40453,1,1
1,NewOrder,1772074572.680233,28877,13,1
1,NewOrder,1772074572.681940,30047,3,1
4,Delivery,1772074572.682590,14834,19,1
1,NewOrder,1772074572.683607,25413,7,1
1,NewOrder,1772074572.683872,41971,15,1
1,NewOrder,1772074572.684126,33669,21,1
2,Payment,1772074572.684161,15533,11,1
1,NewOrder,1772074572.685685,18578,5,1
2,Payment,1772074572.687956,7846,4,1
3,OrderStatus,1772074572.688491,8532,8,1
1,NewOrder,1772074572.688908,40475,23,1
1,NewOrder,1772074572.688943,41370,9,1
2,Payment,1772074572.688958,11246,2,1
1,NewOrder,1772074572.695534,9122,20,1
2,Payment,1772074572.695811,7433,4,1
1,NewOrder,1772074572.695849,8835,6,1
1,NewOrder,1772074572.697048,27038,8,1
1,NewOrder,1772074572.697083,38836,16,1
2,Payment,1772074572.697459,8942,0,1
2,Payment,1772074572.697460,16683,19,1
2,Payment,1772074572.697465,13655,17,1
2,Payment,1772074572.698283,14384,14,1
2,Payment,1772074572.699704,24427,11,1
2,Payment,1772074572.700103,19810,10,1
1,NewOrder,1772074572.700154,41618,18,1
1,NewOrder,1772074572.700227,38817,2,1
2,Payment,1772074572.703270,5726,4,1
1,NewOrder,1772074572.704275,12033,5,1
3,OrderStatus,1772074572.704666,2221,20,1
1,NewOrder,1772074572.704696,19061,6,1
2,Payment,1772074572.706427,8163,0,1
2,Payment,1772074572.706894,11275,20,1
1,NewOrder,1772074572.708721,27243,12,1
1,NewOrder,1772074572.709004,19099,4,1
2,Payment,1772074572.709026,21799,7,1
1,NewOrder,1772074572.709120,15240,13,1
1,NewOrder,1772074572.711145,30720,17,1
1,NewOrder,1772074572.711998,31884,3,1
1,NewOrder,1772074572.712692,29375,14,1
1,NewOrder,1772074572.714154,30181,19,1
1,NewOrder,1772074572.714600,34331,0,1
2,Payment,1772074572.716334,5627,5,1
1,NewOrder,1772074572.717822,30430,21,1
1,NewOrder,1772074572.718200,14628,20,1
1,NewOrder,1772074572.718217,42874,22,1
4,Delivery,1772074572.719925,37146,10,1
1,NewOrder,1772074572.720296,17523,1,1
1,NewOrder,1772074572.721988,27001,5,1
2,Payment,1772074572.723784,11542,6,1
1,NewOrder,1772074572.724112,49142,8,1
1,NewOrder,1772074572.724158,36897,11,1
2,Payment,1772074572.724375,11563,13,1
1,NewOrder,1772074572.725855,18937,15,1
1,NewOrder,1772074572.728129,36499,4,1
1,NewOrder,1772074572.729394,15345,23,1
1,NewOrder,1772074572.730332,17754,9,1
2,Payment,1772074572.730836,10650,7,1
2,Payment,1772074572.732838,10681,20,1
2,Payment,1772074572.735338,11996,6,1
1,NewOrder,1772074572.735929,39487,16,1
2,Payment,1772074572.735948,8966,13,1
1,NewOrder,1772074572.735975,33761,12,1
5,StockLevel,1772074572.737827,22469,1,1
2,Payment,1772074572.739063,5316,2,1
3,OrderStatus,1772074572.741499,6626,7,1
1,NewOrder,1772074572.741782,26371,18,1
2,Payment,1772074572.741876,15312,17,1
1,NewOrder,1772074572.742074,33399,14,1
2,Payment,1772074572.743545,9016,20,1
1,NewOrder,1772074572.743887,31070,3,1
1,NewOrder,1772074572.744361,33995,19,1
1,NewOrder,1772074572.744405,35586,2,1
1,NewOrder,1772074572.744744,23918,23,1
2,Payment,1772074572.744803,3500,15,1
2,Payment,1772074572.744924,18850,13,1
1,NewOrder,1772074572.747345,35245,6,1
1,NewOrder,1772074572.748097,15268,9,1
1,NewOrder,1772074572.748132,32534,7,1
1,NewOrder,1772074572.748258,15546,21,1
2,Payment,1772074572.748308,20355,15,1
4,Delivery,1772074572.748943,16454,0,1
2,Payment,1772074572.748994,7716,5,1
2,Payment,1772074572.752589,7277,20,1
2,Payment,1772074572.756725,8864,5,1
1,NewOrder,1772074572.757098,23304,10,1
5,StockLevel,1772074572.757213,17443,17,1
2,Payment,1772074572.759893,8747,20,1
2,Payment,1772074572.760305,12059,1,1
2,Payment,1772074572.761072,9639,11,1
2,Payment,1772074572.761102,14909,22,1
2,Payment,1772074572.763377,12712,9,1
1,NewOrder,1772074572.763785,32658,13,1
1,NewOrder,1772074572.763814,12683,21,1
2,Payment,1772074572.764650,15748,4,1
5,StockLevel,1772074572.765425,18567,0,1
2,Payment,1772074572.765615,11341,5,1
1,NewOrder,1772074572.768164,14822,18,1
2,Payment,1772074572.768654,26782,20,1
2,Payment,1772074572.768669,18322,23,1
2,Payment,1772074572.768675,4953,15,1
1,NewOrder,1772074572.769743,22956,12,1
3,OrderStatus,1772074572.770722,7131,11,1
4,Delivery,1772074572.772389,20048,1,1
1,NewOrder,1772074572.773280,14860,8,1
1,NewOrder,1772074572.773639,16107,15,1
2,Payment,1772074572.774667,6370,17,1
4,Delivery,1772074572.774968,16890,3,1
2,Payment,1772074572.775443,15041,16,1
1,NewOrder,1772074572.775488,19418,14,1
1,NewOrder,1772074572.776037,37884,22,1
2,Payment,1772074572.776108,8940,9,1
2,Payment,1772074572.776508,26819,21,1
2,Payment,1772074572.776963,7608,5,1
2,Payment,1772074572.777863,9932,11,1
1,NewOrder,1772074572.778364,18653,19,1
1,NewOrder,1772074572.779997,20916,2,1
2,Payment,1772074572.780402,15633,4,1
1,NewOrder,1772074572.780413,26064,10,1
1,NewOrder,1772074572.780672,30234,7,1
1,NewOrder,1772074572.781063,16276,17,1
1,NewOrder,1772074572.782616,18697,6,1
5,StockLevel,1772074572.783008,11756,18,1
1,NewOrder,1772074572.784003,19880,0,1
2,Payment,1772074572.784585,14464,5,1
1,NewOrder,1772074572.785059,21120,9,1
1,NewOrder,1772074572.786998,33097,23,1
1,NewOrder,1772074572.787806,13532,11,1
2,Payment,1772074572.788177,9202,8,1
2,Payment,1772074572.789756,10014,15,1
2,Payment,1772074572.790494,16366,16,1
1,NewOrder,1772074572.791865,33859,3,1
1,NewOrder,1772074572.792442,25888,1,1
2,Payment,1772074572.792713,22467,12,1
2,Payment,1772074572.794775,22088,18,1
2,Payment,1772074572.794912,24368,14,1
2,Payment,1772074572.795463,12974,20,1
2,Payment,1772074572.796048,14276,4,1
1,NewOrder,1772074572.796481,21434,13,1
1,NewOrder,1772074572.797026,16793,19,1
2,Payment,1772074572.797345,34027,17,1
2,Payment,1772074572.797390,6741,8,1
2,Payment,1772074572.799065,14355,5,1
2,Payment,1772074572.799777,65866,15,1
1,NewOrder,1772074572.800924,14916,2,1
1,NewOrder,1772074572.801339,16948,6,1
1,NewOrder,1772074572.801364,12530,11,1
2,Payment,1772074572.803349,21433,21,1
1,NewOrder,1772074572.803895,26664,0,1
4,Delivery,1772074572.804138,61769,8,1
1,NewOrder,1772074572.806190,36062,9,1
1,NewOrder,1772074572.806483,21577,10,1
1,NewOrder,1772074572.806877,21300,16,1
1,NewOrder,1772074572.808447,43094,20,1
2,Payment,1772074572.810333,9436,4,1
2,Payment,1772074572.810926,8312,7,1
2,Payment,1772074572.813434,10402,5,1
1,NewOrder,1772074572.813845,40145,19,1
2,Payment,1772074572.813921,13768,11,1
2,Payment,1772074572.813947,22219,22,1
2,Payment,1772074572.815199,20994,12,1
2,Payment,1772074572.815851,14256,2,1
1,NewOrder,1772074572.816890,26433,18,1
2,Payment,1772074572.817925,22914,13,1
1,NewOrder,1772074572.818294,9794,6,1
1,NewOrder,1772074572.818341,19439,1,1
4,Delivery,1772074572.819245,47984,7,1
2,Payment,1772074572.819291,27887,14,1
1,NewOrder,1772074572.819795,38349,4,1
1,NewOrder,1772074572.820109,8103,23,1
2,Payment,1772074572.823852,10836,5,1
2,Payment,1772074572.824792,16050,21,1
1,NewOrder,1772074572.825733,40236,3,1
2,Payment,1772074572.827699,3209,11,1
1,NewOrder,1772074572.828065,18854,10,1
2,Payment,1772074572.828098,4747,6,1
5,StockLevel,1772074572.828188,12326,16,1
1,NewOrder,1772074572.828222,12595,23,1
2,Payment,1772074572.830124,10750,2,1
3,OrderStatus,1772074572.830587,8260,0,1
1,NewOrder,1772074572.830915,11779,11,1
2,Payment,1772074572.831398,20985,17,1
2,Payment,1772074572.832855,2879,6,1
1,NewOrder,1772074572.834698,30904,5,1
2,Payment,1772074572.835742,3154,6,1
1,NewOrder,1772074572.836172,32623,22,1
1,NewOrder,1772074572.836203,31258,12,1
1,NewOrder,1772074572.837807,13686,1,1
1,NewOrder,1772074572.838865,27125,0,1
2,Payment,1772074572.838923,3683,6,1
2,Payment,1772074572.840525,35930,16,1
1,NewOrder,1772074572.840825,9435,23,1
1,NewOrder,1772074572.840850,26412,13,1
2,Payment,1772074572.840855,6035,21,1
5,StockLevel,1772074572.840884,15569,2,1
2,Payment,1772074572.842265,9572,9,1
1,NewOrder,1772074572.842613,22287,6,1
2,Payment,1772074572.842705,11901,11,1
1,NewOrder,1772074572.843333,22599,18,1
1,NewOrder,1772074572.846909,19002,21,1
1,NewOrder,1772074572.846930,18760,10,1
1,NewOrder,1772074572.847188,21437,14,1
1,NewOrder,1772074572.850286,15468,23,1
2,Payment,1772074572.851499,3208,1,1
2,Payment,1772074572.851552,14189,20,1
2,Payment,1772074572.851848,13858,9,1
1,NewOrder,1772074572.852410,16907,17,1
2,Payment,1772074572.854005,25583,19,1
1,NewOrder,1772074572.854632,11238,11,1
1,NewOrder,1772074572.854725,11098,1,1
4,Delivery,1772074572.856480,20593,2,1
3,OrderStatus,1772074572.858172,6780,4,1
2,Payment,1772074572.864925,10881,6,1
1,NewOrder,1772074572.864978,5696,4,1
1,NewOrder,1772074572.865626,44257,5,1
1,NewOrder,1772074572.865657,31691,15,1
5,StockLevel,1772074572.865717,22149,10,1
2,Payment,1772074572.865733,13015,9,1
1,NewOrder,1772074572.865773,25430,23,1
2,Payment,1772074572.865774,30898,20,1
4,Delivery,1772074572.865847,11595,1,1
1,NewOrder,1772074572.865897,7290,11,1
1,NewOrder,1772074572.865923,28619,8,1
2,Payment,1772074572.865940,19128,21,1
1,NewOrder,1772074572.865948,40880,18,1
1,NewOrder,1772074572.865984,42862,3,1
2,Payment,1772074572.866002,11926,0,1
1,NewOrder,1772074572.867247,42305,7,1
1,NewOrder,1772074572.867275,26670,13,1
2,Payment,1772074572.867466,12091,12,1
2,Payment,1772074572.868636,13819,14,1
2,Payment,1772074572.868806,19998,22,1
1,NewOrder,1772074572.869325,8125,17,1
2,Payment,1772074572.870684,9827,4,1
1,NewOrder,1772074572.873197,8994,11,1
4,Delivery,1772074572.875833,16908,6,1
1,NewOrder,1772074572.876466,39792,16,1
2,Payment,1772074572.877091,14672,2,1
2,Payment,1772074572.877450,19578,1,1
4,Delivery,1772074572.877461,94508,17,1
2,Payment,1772074572.877934,5833,0,1
1,NewOrder,1772074572.878758,34235,9,1
2,Payment,1772074572.879564,5751,12,1
1,NewOrder,1772074572.879599,23677,19,1
2,Payment,1772074572.880516,5218,4,1
3,OrderStatus,1772074572.882217,7146,11,1
1,NewOrder,1772074572.882481,12062,14,1
2,Payment,1772074572.883794,16726,0,1
2,Payment,1772074572.885094,15408,21,1
1,NewOrder,1772074572.885341,14188,12,1
1,NewOrder,1772074572.885744,14285,4,1
3,OrderStatus,1772074572.887893,7869,10,1
1,NewOrder,1772074572.888815,33879,22,1
3,OrderStatus,1772074572.889389,6612,11,1
1,NewOrder,1772074572.891213,19531,23,1
1,NewOrder,1772074572.891770,24134,2,1
2,Payment,1772074572.892771,12863,6,1
2,Payment,1772074572.893953,8237,13,1
1,NewOrder,1772074572.894552,22179,8,1
1,NewOrder,1772074572.894555,30630,14,1
2,Payment,1772074572.895772,27212,10,1
2,Payment,1772074572.896009,15257,11,1
2,Payment,1772074572.896698,6997,20,1
1,NewOrder,1772074572.897035,35413,1,1
1,NewOrder,1772074572.897370,32290,15,1
1,NewOrder,1772074572.899546,22756,12,1
5,StockLevel,1772074572.900038,16179,4,1
2,Payment,1772074572.900509,6781,21,1
1,NewOrder,1772074572.900530,28565,0,1
2,Payment,1772074572.902200,7783,13,1
2,Payment,1772074572.903288,20539,19,1
2,Payment,1772074572.903723,23271,20,1
1,NewOrder,1772074572.905640,15541,6,1
5,StockLevel,1772074572.906837,10168,18,1
2,Payment,1772074572.907301,25002,21,1
1,NewOrder,1772074572.908872,20075,3,1
5,StockLevel,1772074572.909557,10018,7,1
2,Payment,1772074572.909897,6380,5,1
4,Delivery,1772074572.910008,61531,13,1
1,NewOrder,1772074572.910753,11137,23,1
5,StockLevel,1772074572.911276,15284,11,1
2,Payment,1772074572.913002,13471,9,1
1,NewOrder,1772074572.915914,20339,2,1
1,NewOrder,1772074572.916221,24858,4,1
1,NewOrder,1772074572.916268,22128,16,1
4,Delivery,1772074572.916284,48586,5,1
2,Payment,1772074572.916735,15359,8,1
1,NewOrder,1772074572.917008,12678,18,1
2,Payment,1772074572.919599,17086,7,1
1,NewOrder,1772074572.921206,19847,6,1
4,Delivery,1772074572.921907,61759,23,1
2,Payment,1772074572.922311,9290,12,1
2,Payment,1772074572.922704,18009,22,1
2,Payment,1772074572.923000,27177,10,1
1,NewOrder,1772074572.923844,19027,19,1
1,NewOrder,1772074572.925195,19638,14,1
3,OrderStatus,1772074572.926481,8536,9,1
2,Payment,1772074572.926570,34214,11,1
2,Payment,1772074572.926998,22438,20,1
1,NewOrder,1772074572.928953,24925,3,1
1,NewOrder,1772074572.929106,53944,0,1
2,Payment,1772074572.929670,11497,15,1
1,NewOrder,1772074572.929691,34171,18,1
3,OrderStatus,1772074572.931608,15379,12,1
1,NewOrder,1772074572.932105,33717,8,1
1,NewOrder,1772074572.932312,41631,21,1
5,StockLevel,1772074572.932453,11532,1,1
1,NewOrder,1772074572.935024,19577,9,1
1,NewOrder,1772074572.936259,13606,2,1
2,Payment,1772074572.936690,17280,7,1
2,Payment,1772074572.938422,14597,16,1
1,NewOrder,1772074572.940724,28779,22,1
4,Delivery,1772074572.941063,16191,6,1
1,NewOrder,1772074572.941090,37187,4,1
2,Payment,1772074572.941177,17955,15,1
1,NewOrder,1772074572.942881,10964,19,1
1,NewOrder,1772074572.943995,20813,1,1
1,NewOrder,1772074572.944864,21020,14,1
2,Payment,1772074572.946999,17763,12,1
1,NewOrder,1772074572.949461,25674,20,1
2,Payment,1772074572.949888,9943,2,1
1,NewOrder,1772074572.950196,29566,10,1
1,NewOrder,1772074572.953028,28497,16,1
1,NewOrder,1772074572.953854,17735,19,1
2,Payment,1772074572.953886,13463,3,1
1,NewOrder,1772074572.953979,50991,7,1
2,Payment,1772074572.954625,12978,9,1
4,Delivery,1772074572.957279,14260,6,1
1,NewOrder,1772074572.959157,24786,15,1
2,Payment,1772074572.959839,15474,2,1
1,NewOrder,1772074572.960793,40609,11,1
1,NewOrder,1772074572.963868,19073,18,1
2,Payment,1772074572.964799,7394,12,1
2,Payment,1772074572.964825,14151,1,1
1,NewOrder,1772074572.964894,24315,5,1
2,Payment,1772074572.965835,11020,8,1
1,NewOrder,1772074572.965898,27298,14,1
1,NewOrder,1772074572.967373,33008,3,1
1,NewOrder,1772074572.967630,37798,9,1
4,Delivery,1772074572.969513,14358,22,1
2,Payment,1772074572.971546,11403,13,1
2,Payment,1772074572.971548,17933,6,1
1,NewOrder,1772074572.971593,18391,19,1
1,NewOrder,1772074572.971992,35397,17,1
3,OrderStatus,1772074572.972212,6466,12,1
2,Payment,1772074572.973953,5367,21,1
2,Payment,1772074572.975146,13497,20,1
1,NewOrder,1772074572.975323,30874,2,1
1,NewOrder,1772074572.976860,31929,8,1
2,Payment,1772074572.978293,11730,4,1
1,NewOrder,1772074572.978690,11331,12,1
1,NewOrder,1772074572.978987,35842,1,1
1,NewOrder,1772074572.979327,26068,21,1
2,Payment,1772074572.979787,15069,10,1
1,NewOrder,1772074572.981533,10853,16,1
2,Payment,1772074572.982968,10637,18,1
2,Payment,1772074572.982974,10602,13,1
2,Payment,1772074572.983074,12263,0,1
2,Payment,1772074572.983676,16728,23,1
1,NewOrder,1772074572.983879,14881,22,1
1,NewOrder,1772074572.983953,7998,15,1
1,NewOrder,1772074572.988656,19602,20,1
5,StockLevel,1772074572.989219,18132,5,1
2,Payment,1772074572.989491,11161,6,1
1,NewOrder,1772074572.989995,30405,19,1
2,Payment,1772074572.990032,5735,12,1
1,NewOrder,1772074572.990034,27707,4,1
1,NewOrder,1772074572.991961,8723,15,1
2,Payment,1772074572.992402,5630,16,1
1,NewOrder,1772074572.993212,37019,14,1
2,Payment,1772074572.993600,7083,13,1
5,StockLevel,1772074572.993633,15172,18,1
1,NewOrder,1772074572.994866,18650,10,1
2,Payment,1772074572.995355,5530,0,1
2,Payment,1772074572.995777,9559,12,1
2,Payment,1772074572.998045,12166,16,1
2,Payment,1772074572.998771,7726,22,1
2,Payment,1772074573.000396,19883,3,1
4,Delivery,1772074573.000416,46198,23,1
1,NewOrder,1772074573.000662,19586,6,1
1,NewOrder,1772074573.000695,29014,13,1
2,Payment,1772074573.000696,13241,15,1
2,Payment,1772074573.000890,31039,0,1
5,StockLevel,1772074573.001415,13182,11,1
1,NewOrder,1772074573.004981,31791,7,1
2,Payment,1772074573.005359,14512,12,1
1,NewOrder,1772074573.005421,22021,21,1
3,OrderStatus,1772074573.005456,9897,9,1
4,Delivery,1772074573.006221,28724,2,1
1,NewOrder,1772074573.006521,13902,22,1
1,NewOrder,1772074573.007361,29475,5,1
1,NewOrder,1772074573.007398,36079,17,1
1,NewOrder,1772074573.008269,23142,20,1
1,NewOrder,1772074573.008800,26209,8,1
2,Payment,1772074573.008814,5143,18,1
4,Delivery,1772074573.010221,35218,16,1
2,Payment,1772074573.013522,7343,10,1
2,Payment,1772074573.013962,17950,15,1
1,NewOrder,1772074573.013968,19501,18,1
2,Payment,1772074573.014612,12174,11,1
1,NewOrder,1772074573.014838,19833,1,1
2,Payment,1772074573.015357,21000,9,1
2,Payment,1772074573.017748,19583,4,1
5,StockLevel,1772074573.019881,27565,12,1
1,NewOrder,1772074573.020260,34047,6,1
2,Payment,1772074573.020286,26064,3,1
2,Payment,1772074573.020409,11416,19,1
1,NewOrder,1772074573.020432,37005,22,1
1,NewOrder,1772074573.020886,16891,10,1
1,NewOrder,1772074573.026793,29520,11,1
2,Payment,1772074573.027452,9758,21,1
4,Delivery,1772074573.029719,15997,13,1
5,StockLevel,1772074573.030235,13608,14,1
2,Payment,1772074573.031422,22722,20,1
2,Payment,1772074573.031835,14636,19,1
1,NewOrder,1772074573.031920,26008,15,1
2,Payment,1772074573.031941,22176,0,1
2,Payment,1772074573.033482,30439,18,1
1,NewOrder,1772074573.034679,22717,1,1
1,NewOrder,1772074573.034955,10553,2,1
1,NewOrder,1772074573.035013,17276,8,1
2,Payment,1772074573.036363,12428,9,1
5,StockLevel,1772074573.036782,14475,7,1
1,NewOrder,1772074573.036846,20605,5,1
2,Payment,1772074573.037220,33724,21,1
1,NewOrder,1772074573.037337,20030,4,1
2,Payment,1772074573.037783,16432,10,1
2,Payment,1772074573.043487,6882,17,1
2,Payment,1772074573.043849,18408,14,1
2,Payment,1772074573.045444,25418,16,1
1,NewOrder,1772074573.045516,16659,2,1
1,NewOrder,1772074573.045728,20047,13,1
4,Delivery,1772074573.046356,35789,3,1
3,OrderStatus,1772074573.046481,6544,19,1
1,NewOrder,1772074573.046619,15696,23,1
2,Payment,1772074573.047454,30191,12,1
1,NewOrder,1772074573.048796,11820,9,1
2,Payment,1772074573.050379,32839,17,1
2,Payment,1772074573.051261,12524,7,1
1,NewOrder,1772074573.052293,9989,8,1
2,Payment,1772074573.053034,29032,19,1
2,Payment,1772074573.054130,9682,0,1
2,Payment,1772074573.054152,23561,20,1
1,NewOrder,1772074573.054222,20940,10,1
2,Payment,1772074573.054317,20869,6,1
2,Payment,1772074573.056322,28594,11,1
1,NewOrder,1772074573.057374,23527,4,1
1,NewOrder,1772074573.057403,13556,1,1
1,NewOrder,1772074573.057449,12107,22,1
5,StockLevel,1772074573.057456,11879,5,1
1,NewOrder,1772074573.057934,14924,15,1
2,Payment,1772074573.060623,32559,9,1
1,NewOrder,1772074573.062180,14468,2,1
1,NewOrder,1772074573.062262,26837,14,1
3,OrderStatus,1772074573.062288,4638,8,1
2,Payment,1772074573.062325,23830,23,1
1,NewOrder,1772074573.063793,18331,7,1
2,Payment,1772074573.063821,7132,0,1
3,OrderStatus,1772074573.063930,6000,18,1
2,Payment,1772074573.065780,20308,13,1
2,Payment,1772074573.066936,34676,8,1
1,NewOrder,1772074573.069340,7282,5,1
1,NewOrder,1772074573.069565,7116,22,1
2,Payment,1772074573.069943,25580,18,1
2,Payment,1772074573.070869,24664,16,1
1,NewOrder,1772074573.070950,11220,21,1
5,StockLevel,1772074573.070964,8194,0,1
1,NewOrder,1772074573.070967,28179,1,1
2,Payment,1772074573.072868,28707,15,1
5,StockLevel,1772074573.075172,10171,10,1
2,Payment,1772074573.075191,33564,6,1
1,NewOrder,1772074573.076631,20281,5,1
3,OrderStatus,1772074573.076655,8495,2,1
1,NewOrder,1772074573.076691,18736,22,1
2,Payment,1772074573.077656,30944,12,1
3,OrderStatus,1772074573.077723,6674,20,1
1,NewOrder,1772074573.079166,5755,0,1
2,Payment,1772074573.080908,6474,4,1
2,Payment,1772074573.082073,25226,19,1
2,Payment,1772074573.082133,34829,7,1
2,Payment,1772074573.082152,13412,3,1
2,Payment,1772074573.082177,18195,21,1
2,Payment,1772074573.083228,32808,17,1
1,NewOrder,1772074573.084405,18093,20,1
1,NewOrder,1772074573.084927,19833,0,1
2,Payment,1772074573.084928,38100,11,1
1,NewOrder,1772074573.085158,11801,2,1
1,NewOrder,1772074573.085352,13832,10,1
1,NewOrder,1772074573.086094,17364,13,1
1,NewOrder,1772074573.086162,17203,23,1
5,StockLevel,1772074573.087395,19951,4,1
2,Payment,1772074573.089120,34008,14,1
2,Payment,1772074573.093198,35451,9,1
1,NewOrder,1772074573.095441,25831,22,1
1,NewOrder,1772074573.095543,17220,18,1
1,NewOrder,1772074573.095559,17109,16,1
5,StockLevel,1772074573.095591,13632,3,1
1,NewOrder,1772074573.096931,19953,5,1
2,Payment,1772074573.096986,3320,2,1
1,NewOrder,1772074573.099163,11645,1,1
2,Payment,1772074573.099198,34906,10,1
1,NewOrder,1772074573.100321,17632,2,1
1,NewOrder,1772074573.100384,25035,21,1
1,NewOrder,1772074573.101585,21388,15,1
1,NewOrder,1772074573.101618,11974,8,1
3,OrderStatus,1772074573.102508,3373,20,1
2,Payment,1772074573.103370,13545,23,1
2,Payment,1772074573.103468,25101,13,1
2,Payment,1772074573.104770,5990,0,1
1,NewOrder,1772074573.105886,8810,20,1
1,NewOrder,1772074573.107305,15712,19,1
2,Payment,1772074573.107352,9483,4,1
2,Payment,1772074573.108610,25179,12,1
2,Payment,1772074573.108766,31484,6,1
2,Payment,1772074573.109237,13625,3,1
1,NewOrder,1772074573.110793,16540,0,1
1,NewOrder,1772074573.110819,12176,1,1
2,Payment,1772074573.112683,47021,16,1
2,Payment,1772074573.112772,12709,18,1
4,Delivery,1772074573.113607,26502,8,1
2,Payment,1772074573.114703,19298,20,1
2,Payment,1772074573.116061,51827,17,1
2,Payment,1772074573.116839,15362,4,1
2,Payment,1772074573.116891,10409,5,1
1,NewOrder,1772074573.116924,10330,23,1
2,Payment,1772074573.116970,42668,7,1
1,NewOrder,1772074573.117965,16061,2,1
2,Payment,1772074573.121297,7312,22,1
2,Payment,1772074573.122872,17588,3,1
1,NewOrder,1772074573.122983,21233,15,1
1,NewOrder,1772074573.123001,11053,1,1
2,Payment,1772074573.123023,17122,19,1
2,Payment,1772074573.123038,24393,11,1
2,Payment,1772074573.123138,14992,14,1
2,Payment,1772074573.125429,21989,21,1
1,NewOrder,1772074573.125488,23563,18,1
5,StockLevel,1772074573.127267,14935,23,1
1,NewOrder,1772074573.127314,18739,5,1
1,NewOrder,1772074573.127358,31036,0,1
2,Payment,1772074573.128586,18853,13,1
1,NewOrder,1772074573.128633,22134,22,1
1,NewOrder,1772074573.128667,18861,9,1
2,Payment,1772074573.132216,15287,4,1
1,NewOrder,1772074573.133798,24607,12,1
1,NewOrder,1772074573.134014,28964,20,1
1,NewOrder,1772074573.134036,19355,2,1
5,StockLevel,1772074573.134063,12338,1,1
1,NewOrder,1772074573.134110,24161,10,1
5,StockLevel,1772074573.138140,12152,14,1
1,NewOrder,1772074573.140118,16688,8,1
4,Delivery,1772074573.140155,14983,19,1
1,NewOrder,1772074573.140253,14811,6,1
5,StockLevel,1772074573.140471,11582,3,1
2,Payment,1772074573.142214,19482,23,1
1,NewOrder,1772074573.144230,37142,15,1
1,NewOrder,1772074573.146077,25964,5,1
2,Payment,1772074573.146425,10586,1,1
1,NewOrder,1772074573.147428,22531,21,1
1,NewOrder,1772074573.147441,27779,11,1
2,Payment,1772074573.147445,32559,13,1
1,NewOrder,1772074573.147510,24543,4,1
2,Payment,1772074573.147540,20448,9,1
1,NewOrder,1772074573.149055,10607,18,1
2,Payment,1772074573.150299,39401,14,1
1,NewOrder,1772074573.150777,5995,22,1
2,Payment,1772074573.152079,7418,3,1
3,OrderStatus,1772074573.153397,7096,2,1
2,Payment,1772074573.155081,24817,6,1
1,NewOrder,1772074573.155163,22884,19,1
1,NewOrder,1772074573.156776,15358,22,1
1,NewOrder,1772074573.156816,9104,8,1
5,StockLevel,1772074573.157023,12595,1,1
2,Payment,1772074573.158293,31444,10,1
1,NewOrder,1772074573.158419,19676,0,1
2,Payment,1772074573.158429,39300,12,1
1,NewOrder,1772074573.159504,20632,3,1
2,Payment,1772074573.159647,41514,7,1
1,NewOrder,1772074573.159666,23575,18,1
1,NewOrder,1772074573.159710,27914,16,1
2,Payment,1772074573.160499,9551,2,1
1,NewOrder,1772074573.161706,25965,23,1
2,Payment,1772074573.163003,7080,20,1
4,Delivery,1772074573.165924,24576,8,1
2,Payment,1772074573.167898,36763,17,1
1,NewOrder,1772074573.167999,21670,9,1
1,NewOrder,1772074573.169623,10301,1,1
5,StockLevel,1772074573.169968,16182,21,1
2,Payment,1772074573.170055,10058,2,1
2,Payment,1772074573.170092,7832,20,1
1,NewOrder,1772074573.172067,13750,5,1
3,OrderStatus,1772074573.172081,8327,4,1
2,Payment,1772074573.172159,18612,22,1
1,NewOrder,1772074573.175227,29438,11,1
1,NewOrder,1772074573.177942,35289,20,1
2,Payment,1772074573.178061,18322,19,1
2,Payment,1772074573.178103,9560,0,1
2,Payment,1772074573.179907,27596,6,1
4,Delivery,1772074573.179931,22934,1,1
1,NewOrder,1772074573.180014,36184,13,1
1,NewOrder,1772074573.180124,36314,2,1
2,Payment,1772074573.180141,11581,3,1
1,NewOrder,1772074573.180414,10137,4,1
4,Delivery,1772074573.181378,50681,15,1
4,Delivery,1772074573.183251,7329,18,1
2,Payment,1772074573.185826,11839,5,1
1,NewOrder,1772074573.186160,12915,21,1
1,NewOrder,1772074573.187650,21589,16,1
4,Delivery,1772074573.187674,15563,0,1
1,NewOrder,1772074573.187677,34427,23,1
1,NewOrder,1772074573.189691,22155,9,1
2,Payment,1772074573.189707,22102,14,1
1,NewOrder,1772074573.189742,23613,10,1
5,StockLevel,1772074573.190509,5510,8,1
2,Payment,1772074573.190555,12337,4,1
1,NewOrder,1772074573.190584,21194,18,1
1,NewOrder,1772074573.190780,25373,22,1
2,Payment,1772074573.191726,17416,3,1
2,Payment,1772074573.196044,20275,8,1
1,NewOrder,1772074573.196408,50572,19,1
2,Payment,1772074573.197691,18541,5,1
1,NewOrder,1772074573.197754,43586,12,1
1,NewOrder,1772074573.199081,24925,21,1
1,NewOrder,1772074573.201177,25688,7,1
1,NewOrder,1772074573.202881,27432,1,1
1,NewOrder,1772074573.202902,17722,4,1
1,NewOrder,1772074573.203244,23500,0,1
5,StockLevel,1772074573.204665,16763,17,1
1,NewOrder,1772074573.204703,40105,11,1
2,Payment,1772074573.207514,17983,6,1
2,Payment,1772074573.209168,19534,3,1
1,NewOrder,1772074573.209266,16396,16,1
1,NewOrder,1772074573.211803,13761,18,1
2,Payment,1772074573.211834,7175,14,1
2,Payment,1772074573.211873,22373,9,1
1,NewOrder,1772074573.213246,28130,20,1
1,NewOrder,1772074573.213381,25362,10,1
1,NewOrder,1772074573.216170,19845,22,1
1,NewOrder,1772074573.216224,37015,13,1
1,NewOrder,1772074573.216259,24024,5,1
1,NewOrder,1772074573.216330,21637,8,1
2,Payment,1772074573.216448,21714,2,1
1,NewOrder,1772074573.219016,21306,14,1
1,NewOrder,1772074573.220634,19729,4,1
4,Delivery,1772074573.221439,10795,17,1
1,NewOrder,1772074573.222118,33148,23,1
3,OrderStatus,1772074573.224031,5257,21,1
2,Payment,1772074573.225511,14822,6,1
1,NewOrder,1772074573.225589,19229,18,1
1,NewOrder,1772074573.225674,17145,16,1
3,OrderStatus,1772074573.226771,6498,0,1
2,Payment,1772074573.226890,21550,7,1
1,NewOrder,1772074573.228712,28436,3,1
1,NewOrder,1772074573.229300,12323,21,1
2,Payment,1772074573.230324,11066,1,1
2,Payment,1772074573.232064,10789,15,1
1,NewOrder,1772074573.232242,19163,17,1
2,Payment,1772074573.233283,16999,0,1
2,Payment,1772074573.234272,20885,9,1
1,NewOrder,1772074573.236020,19160,22,1
2,Payment,1772074573.238000,26994,8,1
2,Payment,1772074573.238189,22101,2,1
1,NewOrder,1772074573.238752,22715,10,1
3,OrderStatus,1772074573.240308,6106,5,1
1,NewOrder,1772074573.240347,23272,14,1
1,NewOrder,1772074573.240358,31229,6,1
3,OrderStatus,1772074573.240390,4690,4,1
3,OrderStatus,1772074573.241350,4870,12,1
1,NewOrder,1772074573.241384,16998,20,1
1,NewOrder,1772074573.241399,28237,1,1
3,OrderStatus,1772074573.241632,5971,21,1
2,Payment,1772074573.242836,7447,16,1
2,Payment,1772074573.242863,17576,15,1
1,NewOrder,1772074573.244821,16615,11,1
2,Payment,1772074573.244830,6488,18,1
5,StockLevel,1772074573.245092,11250,4,1
3,OrderStatus,1772074573.246230,4939,12,1
1,NewOrder,1772074573.246424,15069,5,1
2,Payment,1772074573.246990,11423,19,1
1,NewOrder,1772074573.247610,24145,21,1
2,Payment,1772074573.248446,24698,7,1
2,Payment,1772074573.250294,14694,16,1
2,Payment,1772074573.250295,16283,0,1
2,Payment,1772074573.251178,29447,12,1
1,NewOrder,1772074573.251324,20232,18,1
2,Payment,1772074573.251415,21584,17,1
4,Delivery,1772074573.253250,19763,13,1
2,Payment,1772074573.255167,25335,9,1
3,OrderStatus,1772074573.255187,9394,22,1
2,Payment,1772074573.255276,11326,23,1
2,Payment,1772074573.256352,15280,4,1
2,Payment,1772074573.257158,18364,3,1
1,NewOrder,1772074573.258393,18954,20,1
1,NewOrder,1772074573.258420,18755,19,1
2,Payment,1772074573.260301,20215,2,1
2,Payment,1772074573.260444,27247,15,1
1,NewOrder,1772074573.261439,19115,11,1
2,Payment,1772074573.261477,22523,10,1
4,Delivery,1772074573.261504,53621,5,1
1,NewOrder,1772074573.263627,16845,14,1
2,Payment,1772074573.264585,16008,22,1
1,NewOrder,1772074573.264997,15528,16,1
5,StockLevel,1772074573.265004,14197,8,1
2,Payment,1772074573.266583,22078,0,1
1,NewOrder,1772074573.266612,19322,23,1
1,NewOrder,1772074573.269646,9706,1,1
2,Payment,1772074573.271561,24138,18,1
1,NewOrder,1772074573.271597,8951,6,1
2,Payment,1772074573.271642,24233,4,1
2,Payment,1772074573.271760,15967,21,1
2,Payment,1772074573.273010,22723,17,1
1,NewOrder,1772074573.273038,14443,13,1
1,NewOrder,1772074573.273169,8359,7,1
2,Payment,1772074573.275530,30418,3,1
2,Payment,1772074573.277188,28983,19,1
2,Payment,1772074573.277372,33159,20,1
2,Payment,1772074573.279210,41246,8,1
2,Payment,1772074573.279361,35843,1,1
2,Payment,1772074573.280496,25317,14,1
2,Payment,1772074573.280520,24318,9,1
4,Delivery,1772074573.280545,35050,2,1
1,NewOrder,1772074573.280546,13948,16,1
2,Payment,1772074573.280576,7029,11,1
2,Payment,1772074573.280578,15187,6,1
1,NewOrder,1772074573.280618,15104,22,1
1,NewOrder,1772074573.280635,15198,12,1
1,NewOrder,1772074573.281530,4413,7,1
2,Payment,1772074573.284021,29834,10,1
2,Payment,1772074573.285943,30878,23,1
1,NewOrder,1772074573.285950,30234,7,1
1,NewOrder,1772074573.287504,29314,13,1
1,NewOrder,1772074573.287618,31318,11,1
1,NewOrder,1772074573.287699,21056,15,1
1,NewOrder,1772074573.287751,36567,21,1
2,Payment,1772074573.288674,32235,0,1
2,Payment,1772074573.294504,20752,16,1
5,StockLevel,1772074573.295724,22485,18,1
2,Payment,1772074573.295747,31419,22,1
1,NewOrder,1772074573.295760,21085,17,1
5,StockLevel,1772074573.295790,22601,6,1
2,Payment,1772074573.295855,23383,12,1
2,Payment,1772074573.295901,31861,4,1
2,Payment,1772074573.304853,23055,9,1
1,NewOrder,1772074573.305823,23104,14,1
1,NewOrder,1772074573.305961,24805,3,1
2,Payment,1772074573.306176,28617,19,1
2,Payment,1772074573.308780,19500,15,1
1,NewOrder,1772074573.310557,19903,20,1
3,OrderStatus,1772074573.313879,9120,10,1
2,Payment,1772074573.315135,16313,5,1
2,Payment,1772074573.315215,21986,1,1
2,Payment,1772074573.315265,18872,16,1
5,StockLevel,1772074573.315603,4285,2,1
2,Payment,1772074573.316203,18790,7,1
1,NewOrder,1772074573.316833,18906,13,1
1,NewOrder,1772074573.316834,17748,23,1
1,NewOrder,1772074573.316855,21408,17,1
1,NewOrder,1772074573.318227,21109,18,1
1,NewOrder,1772074573.318402,23549,6,1
2,Payment,1772074573.318939,24191,11,1
2,Payment,1772074573.319246,19711,12,1
1,NewOrder,1772074573.319898,5748,2,1
1,NewOrder,1772074573.320466,22320,8,1
1,NewOrder,1772074573.320934,18318,0,1
2,Payment,1772074573.323005,25918,10,1
2,Payment,1772074573.324344,18063,21,1
2,Payment,1772074573.325650,15294,2,1
3,OrderStatus,1772074573.327191,7478,22,1
3,OrderStatus,1772074573.327789,8340,4,1
1,NewOrder,1772074573.327933,29950,9,1
2,Payment,1772074573.328304,20717,15,1
2,Payment,1772074573.328947,23749,14,1
2,Payment,1772074573.330469,15327,20,1
1,NewOrder,1772074573.330771,11989,3,1
2,Payment,1772074573.331473,14178,5,1
1,NewOrder,1772074573.334147,22305,16,1
2,Payment,1772074573.334587,14002,23,1
2,Payment,1772074573.334674,24501,22,1
2,Payment,1772074573.334804,18328,19,1
1,NewOrder,1772074573.335001,27319,7,1
1,NewOrder,1772074573.335749,8879,13,1
2,Payment,1772074573.336139,12898,4,1
4,Delivery,1772074573.337226,28341,1,1
2,Payment,1772074573.338279,18776,17,1
1,NewOrder,1772074573.338971,27107,12,1
2,Payment,1772074573.339267,14380,0,1
1,NewOrder,1772074573.339347,22347,18,1
1,NewOrder,1772074573.340961,29064,2,1
1,NewOrder,1772074573.341972,4522,6,1
2,Payment,1772074573.342432,23543,21,1
1,NewOrder,1772074573.342773,25822,3,1
2,Payment,1772074573.342794,10963,8,1
1,NewOrder,1772074573.343141,29960,11,1
1,NewOrder,1772074573.344633,12865,13,1
2,Payment,1772074573.345661,12931,5,1
2,Payment,1772074573.345806,27917,20,1
1,NewOrder,1772074573.346510,7107,6,1
2,Payment,1772074573.348595,32283,23,1
1,NewOrder,1772074573.348926,17174,10,1
1,NewOrder,1772074573.349031,26523,15,1
1,NewOrder,1772074573.349049,46610,4,1
1,NewOrder,1772074573.352706,25653,14,1
1,NewOrder,1772074573.353139,45042,19,1
4,Delivery,1772074573.353621,7736,6,1
1,NewOrder,1772074573.353655,26078,0,1
2,Payment,1772074573.353775,7084,8,1
4,Delivery,1772074573.356462,31506,16,1
2,Payment,1772074573.357066,11166,17,1
2,Payment,1772074573.357503,5442,13,1
2,Payment,1772074573.357889,9797,9,1
1,NewOrder,1772074573.358603,37825,5,1
1,NewOrder,1772074573.359201,41579,22,1
1,NewOrder,1772074573.360865,50928,8,1
2,Payment,1772074573.361365,10222,6,1
1,NewOrder,1772074573.361713,35188,18,1
2,Payment,1772074573.362344,23850,7,1
1,NewOrder,1772074573.362954,15117,13,1
2,Payment,1772074573.365572,5109,1,1
2,Payment,1772074573.365991,25648,21,1
2,Payment,1772074573.366103,12215,12,1
1,NewOrder,1772074573.366112,30833,10,1
2,Payment,1772074573.367710,26202,9,1
1,NewOrder,1772074573.368246,40506,17,1
1,NewOrder,1772074573.368601,48150,3,1
1,NewOrder,1772074573.370030,11204,2,1
2,Payment,1772074573.370684,4260,1,1
1,NewOrder,1772074573.371592,40849,6,1
1,NewOrder,1772074573.373115,9146,11,1
1,NewOrder,1772074573.373733,27816,20,1
1,NewOrder,1772074573.374952,10843,1,1
4,Delivery,1772074573.375579,12708,15,1
2,Payment,1772074573.378095,10263,13,1
1,NewOrder,1772074573.378344,27999,12,1
1,NewOrder,1772074573.378383,38393,14,1
2,Payment,1772074573.379748,11927,0,1
5,StockLevel,1772074573.380884,24248,23,1
1,NewOrder,1772074573.381244,35201,2,1
3,OrderStatus,1772074573.382272,3187,11,1
1,NewOrder,1772074573.385482,12752,11,1
1,NewOrder,1772074573.385800,12408,1,1
1,NewOrder,1772074573.386204,25986,7,1
2,Payment,1772074573.387995,15082,16,1
2,Payment,1772074573.388295,2953,15,1
2,Payment,1772074573.388369,12575,13,1
2,Payment,1772074573.391254,15047,15,1
2,Payment,1772074573.391657,5649,21,1
2,Payment,1772074573.391702,6115,0,1
3,OrderStatus,1772074573.393930,10511,9,1
2,Payment,1772074573.395670,9530,4,1
5,StockLevel,1772074573.396436,16351,5,1
2,Payment,1772074573.396917,7290,18,1
2,Payment,1772074573.396970,9264,10,1
1,NewOrder,1772074573.397333,32247,21,1
1,NewOrder,1772074573.397826,28133,0,1
1,NewOrder,1772074573.398188,48462,19,1
1,NewOrder,1772074573.398215,29892,1,1
1,NewOrder,1772074573.398242,28048,11,1
2,Payment,1772074573.400804,11260,22,1
2,Payment,1772074573.400968,14649,13,1
1,NewOrder,1772074573.401563,21692,20,1
2,Payment,1772074573.403101,17226,16,1
4,Delivery,1772074573.404232,22084,18,1
1,NewOrder,1772074573.404466,16271,9,1
2,Payment,1772074573.405139,16881,23,1
4,Delivery,1772074573.405211,71873,4,1
2,Payment,1772074573.406243,9018,10,1
1,NewOrder,1772074573.406326,31210,15,1
1,NewOrder,1772074573.406373,33148,12,1
2,Payment,1772074573.408761,22964,17,1
2,Payment,1772074573.411800,19737,8,1
2,Payment,1772074573.412075,18369,22,1
2,Payment,1772074573.412200,23675,7,1
1,NewOrder,1772074573.412456,11389,6,1
3,OrderStatus,1772074573.412797,3770,5,1
1,NewOrder,1772074573.415267,38582,10,1
2,Payment,1772074573.415644,21590,13,1
1,NewOrder,1772074573.416472,13999,2,1
1,NewOrder,1772074573.416580,25876,5,1
5,StockLevel,1772074573.416762,7242,3,1
5,StockLevel,1772074573.416790,7023,14,1
2,Payment,1772074573.420334,22530,16,1
2,Payment,1772074573.420748,22189,9,1
1,NewOrder,1772074573.422045,31004,23,1
1,NewOrder,1772074573.423278,10321,20,1
1,NewOrder,1772074573.423847,17403,14,1
1,NewOrder,1772074573.423851,10604,6,1
2,Payment,1772074573.424015,3257,3,1
3,OrderStatus,1772074573.425969,11186,0,1
4,Delivery,1772074573.426295,63567,11,1
1,NewOrder,1772074573.426322,31495,18,1
2,Payment,1772074573.427297,3511,3,1
1,NewOrder,1772074573.428118,29352,1,1
2,Payment,1772074573.429592,7178,21,1
2,Payment,1772074573.430454,12444,22,1
5,StockLevel,1772074573.430483,8592,2,1
2,Payment,1772074573.430824,4716,3,1
2,Payment,1772074573.431560,27686,8,1
2,Payment,1772074573.431734,24048,17,1
2,Payment,1772074573.433626,19432,20,1
1,NewOrder,1772074573.434479,12994,6,1
2,Payment,1772074573.435550,5126,3,1
2,Payment,1772074573.435886,27058,7,1
1,NewOrder,1772074573.436795,16231,21,1
2,Payment,1772074573.437182,6170,0,1
1,NewOrder,1772074573.437248,15844,13,1
2,Payment,1772074573.437550,24042,15,1
2,Payment,1772074573.439101,18634,2,1
1,NewOrder,1772074573.439546,13553,12,1
2,Payment,1772074573.440689,6222,3,1
2,Payment,1772074573.441261,24539,14,1
2,Payment,1772074573.442481,22797,5,1
1,NewOrder,1772074573.442871,35585,16,1
1,NewOrder,1772074573.442909,35888,22,1
5,StockLevel,1772074573.442949,26271,9,1
1,NewOrder,1772074573.443363,8984,0,1
1,NewOrder,1772074573.446675,32490,19,1
1,NewOrder,1772074573.446921,27411,3,1
1,NewOrder,1772074573.447483,34204,6,1
2,Payment,1772074573.452356,17075,0,1
1,NewOrder,1772074573.453043,12728,21,1
3,OrderStatus,1772074573.453058,5711,23,1
3,OrderStatus,1772074573.453085,3767,20,1
1,NewOrder,1772074573.453105,8043,13,1
1,NewOrder,1772074573.453111,14929,12,1
1,NewOrder,1772074573.453875,27330,10,1
2,Payment,1772074573.455792,18093,17,1
1,NewOrder,1772074573.456859,33055,20,1
2,Payment,1772074573.457480,18411,1,1
2,Payment,1772074573.457747,32985,2,1
1,NewOrder,1772074573.457826,31672,18,1
1,NewOrder,1772074573.458776,52307,23,1
2,Payment,1772074573.459250,8236,8,1
4,Delivery,1772074573.461155,12934,13,1
4,Delivery,1772074573.461602,12719,15,1
2,Payment,1772074573.462948,9737,7,1
2,Payment,1772074573.465288,38716,5,1
1,NewOrder,1772074573.465782,10401,21,1
2,Payment,1772074573.465809,17197,14,1
1,NewOrder,1772074573.467491,18518,8,1
3,OrderStatus,1772074573.468051,7056,12,1
2,Payment,1772074573.469229,9293,9,1
2,Payment,1772074573.469441,8655,0,1
2,Payment,1772074573.472695,13380,7,1
1,NewOrder,1772074573.473890,57159,17,1
2,Payment,1772074573.474095,11502,13,1
4,Delivery,1772074573.474327,70314,15,1
1,NewOrder,1772074573.474342,61392,3,1
1,NewOrder,1772074573.475118,55864,12,1
2,Payment,1772074573.475909,35199,1,1
1,NewOrder,1772074573.476196,17878,21,1
1,NewOrder,1772074573.477098,8935,4,1
2,Payment,1772074573.478113,16310,0,1
1,NewOrder,1772074573.478466,57809,16,1
2,Payment,1772074573.478526,19392,9,1
2,Payment,1772074573.478816,11072,22,1
1,NewOrder,1772074573.479191,35494,19,1
3,OrderStatus,1772074573.481230,10936,10,1
2,Payment,1772074573.481692,28502,6,1
2,Payment,1772074573.483016,20940,14,1
1,NewOrder,1772074573.485612,19785,13,1
2,Payment,1772074573.486035,34906,8,1
1,NewOrder,1772074573.486049,31160,4,1
2,Payment,1772074573.486102,42459,7,1
1,NewOrder,1772074573.489503,38839,18,1
2,Payment,1772074573.489882,49871,11,1
1,NewOrder,1772074573.489898,42413,22,1
1,NewOrder,1772074573.489924,46441,20,1
1,NewOrder,1772074573.490759,60188,2,1
1,NewOrder,1772074573.492190,38174,10,1
2,Payment,1772074573.494083,8474,21,1
1,NewOrder,1772074573.494448,40359,0,1
2,Payment,1772074573.497943,37913,9,1
4,Delivery,1772074573.502574,62324,21,1
2,Payment,1772074573.503966,14621,14,1
1,NewOrder,1772074573.504018,49790,5,1
1,NewOrder,1772074573.505416,50919,13,1
1,NewOrder,1772074573.510218,37774,6,1
1,NewOrder,1772074573.511093,50406,23,1
2,Payment,1772074573.511118,15341,1,1
1,NewOrder,1772074573.514695,37960,19,1
1,NewOrder,1772074573.517219,37102,4,1
1,NewOrder,1772074573.518597,32448,14,1
1,NewOrder,1772074573.520963,40580,8,1
2,Payment,1772074573.526468,12050,1,1
2,Payment,1772074573.528349,22299,18,1
1,NewOrder,1772074573.528572,39252,7,1
1,NewOrder,1772074573.530374,25136,10,1
2,Payment,1772074573.530991,13362,12,1
2,Payment,1772074573.531056,18034,17,1
2,Payment,1772074573.532336,25691,22,1
4,Delivery,1772074573.534831,9851,0,1
3,OrderStatus,1772074573.535755,2023,3,1
1,NewOrder,1772074573.535867,17582,9,1
2,Payment,1772074573.536285,31641,16,1
2,Payment,1772074573.536375,26290,20,1
2,Payment,1772074573.537805,3995,3,1
4,Delivery,1772074573.538544,6366,1,1
1,NewOrder,1772074573.539765,24761,11,1
1,NewOrder,1772074573.541817,18133,3,1
1,NewOrder,1772074573.544370,24913,12,1
1,NewOrder,1772074573.544657,23984,15,1
1,NewOrder,1772074573.544719,27566,0,1
1,NewOrder,1772074573.544918,22246,1,1
2,Payment,1772074573.548017,8344,6,1
2,Payment,1772074573.549110,8731,17,1
4,Delivery,1772074573.550660,14709,18,1
1,NewOrder,1772074573.550956,18053,2,1
2,Payment,1772074573.551054,10486,14,1
2,Payment,1772074573.552680,25408,19,1
2,Payment,1772074573.553464,7398,9,1
1,NewOrder,1772074573.553817,24396,5,1
1,NewOrder,1772074573.554331,25809,4,1
1,NewOrder,1772074573.555536,13391,10,1
1,NewOrder,1772074573.556361,12734,13,1
1,NewOrder,1772074573.556386,12600,6,1
2,Payment,1772074573.557845,17233,17,1
2,Payment,1772074573.558036,26204,22,1
1,NewOrder,1772074573.559954,30876,3,1
5,StockLevel,1772074573.560872,18241,9,1
2,Payment,1772074573.561523,27152,23,1
1,NewOrder,1772074573.561551,30917,14,1
4,Delivery,1772074573.561554,33787,8,1
4,Delivery,1772074573.562690,2933,20,1
1,NewOrder,1772074573.564530,13805,11,1
2,Payment,1772074573.564914,36518,21,1
2,Payment,1772074573.565378,43742,18,1
2,Payment,1772074573.565627,50575,20,1
1,NewOrder,1772074573.567190,22675,1,1
3,OrderStatus,1772074573.567851,6227,7,1
2,Payment,1772074573.567951,12015,16,1
2,Payment,1772074573.568666,22638,15,1
1,NewOrder,1772074573.568932,5759,10,1
2,Payment,1772074573.568996,5869,6,1
2,Payment,1772074573.569019,5643,2,1
2,Payment,1772074573.569104,14236,13,1
1,NewOrder,1772074573.569291,3726,12,1
2,Payment,1772074573.572310,10966,0,1
1,NewOrder,1772074573.573042,5250,12,1
1,NewOrder,1772074573.574096,21608,7,1
2,Payment,1772074573.574672,13950,2,1
2,Payment,1772074573.574698,3598,10,1
1,NewOrder,1772074573.574868,13277,6,1
1,NewOrder,1772074573.575082,11035,17,1
2,Payment,1772074573.578093,17625,19,1
2,Payment,1772074573.578222,17643,5,1
2,Payment,1772074573.578304,15002,12,1
1,NewOrder,1772074573.578307,6312,10,1
1,NewOrder,1772074573.578346,20795,11,1
2,Payment,1772074573.579138,9505,9,1
2,Payment,1772074573.579980,19439,16,1
1,NewOrder,1772074573.580161,15512,4,1
2,Payment,1772074573.583286,18792,0,1
1,NewOrder,1772074573.583350,15271,13,1
2,Payment,1772074573.584265,40496,22,1
2,Payment,1772074573.584636,8197,10,1
3,OrderStatus,1772074573.586141,5752,17,1
1,NewOrder,1772074573.588154,20484,6,1
2,Payment,1772074573.588637,20731,2,1
1,NewOrder,1772074573.588664,42444,9,1
1,NewOrder,1772074573.588685,26809,23,1
1,NewOrder,1772074573.589872,15051,1,1
1,NewOrder,1772074573.590839,37713,3,1
2,Payment,1772074573.591337,18504,15,1
2,Payment,1772074573.591900,29683,17,1
2,Payment,1772074573.592477,39055,14,1
1,NewOrder,1772074573.592840,23991,10,1
2,Payment,1772074573.593317,8811,12,1
2,Payment,1772074573.595365,4766,8,1
1,NewOrder,1772074573.595688,14508,4,1
1,NewOrder,1772074573.595728,9545,7,1
2,Payment,1772074573.595733,34390,19,1
1,NewOrder,1772074573.595875,42348,5,1
1,NewOrder,1772074573.598647,35747,13,1
2,Payment,1772074573.599147,10112,11,1
1,NewOrder,1772074573.599425,35362,16,1
2,Payment,1772074573.600145,28703,8,1
2,Payment,1772074573.601442,33369,21,1
1,NewOrder,1772074573.602102,38177,0,1
2,Payment,1772074573.602154,11628,12,1
1,NewOrder,1772074573.604932,9343,1,1
1,NewOrder,1772074573.605279,8035,7,1
1,NewOrder,1772074573.608644,41274,6,1
2,Payment,1772074573.609140,41062,18,1
2,Payment,1772074573.609270,9569,11,1
1,NewOrder,1772074573.609379,41859,2,1
1,NewOrder,1772074573.609851,30695,15,1
2,Payment,1772074573.610207,3545,4,1
3,OrderStatus,1772074573.613324,973,7,1
2,Payment,1772074573.613778,2752,4,1
2,Payment,1772074573.613802,12472,12,1
1,NewOrder,1772074573.614301,12388,1,1
5,StockLevel,1772074573.614315,3544,7,1
1,NewOrder,1772074573.615519,39377,23,1
1,NewOrder,1772074573.616215,29293,20,1
2,Payment,1772074573.616555,9049,4,1
2,Payment,1772074573.616835,16646,10,1
4,Delivery,1772074573.617869,6218,7,1
2,Payment,1772074573.618843,17857,11,1
2,Payment,1772074573.621594,18957,17,1
1,NewOrder,1772074573.624095,12524,7,1
2,Payment,1772074573.624769,15253,22,1
2,Payment,1772074573.625616,9342,4,1
2,Payment,1772074573.626284,10507,12,1
2,Payment,1772074573.626698,2103,1,1
2,Payment,1772074573.628577,9738,3,1
2,Payment,1772074573.628826,11690,1,1
1,NewOrder,1772074573.628874,22714,8,1
3,OrderStatus,1772074573.630133,8110,19,1
1,NewOrder,1772074573.631133,23179,9,1
3,OrderStatus,1772074573.631544,7734,14,1
2,Payment,1772074573.633506,7806,10,1
2,Payment,1772074573.634419,9541,13,1
2,Payment,1772074573.634792,13835,16,1
2,Payment,1772074573.634820,8949,21,1
2,Payment,1772074573.634969,12022,4,1
2,Payment,1772074573.636641,8564,7,1
1,NewOrder,1772074573.636725,41551,11,1
1,NewOrder,1772074573.636815,30249,12,1
2,Payment,1772074573.638248,13784,5,1
2,Payment,1772074573.638266,16161,19,1
2,Payment,1772074573.638340,22941,3,1
1,NewOrder,1772074573.639293,17230,14,1
1,NewOrder,1772074573.640042,27837,22,1
1,NewOrder,1772074573.640304,27054,0,1
1,NewOrder,1772074573.640526,11659,1,1
2,Payment,1772074573.640551,16191,15,1
2,Payment,1772074573.640561,22859,17,1
2,Payment,1772074573.641322,11503,10,1
2,Payment,1772074573.643775,14545,21,1
3,OrderStatus,1772074573.643970,7366,13,1
2,Payment,1772074573.645216,10932,7,1
2,Payment,1772074573.645514,20698,20,1
1,NewOrder,1772074573.647001,47161,4,1
3,OrderStatus,1772074573.648636,6034,16,1
1,NewOrder,1772074573.649928,17525,6,1
2,Payment,1772074573.650212,24014,18,1
1,NewOrder,1772074573.651265,29573,2,1
2,Payment,1772074573.651361,21558,13,1
2,Payment,1772074573.651613,14031,8,1
5,StockLevel,1772074573.652041,34546,5,1
1,NewOrder,1772074573.652221,21470,1,1
1,NewOrder,1772074573.652835,34762,10,1
1,NewOrder,1772074573.654322,13529,9,1
1,NewOrder,1772074573.654437,17201,19,1
5,StockLevel,1772074573.654676,12560,16,1
1,NewOrder,1772074573.654906,22279,23,1
1,NewOrder,1772074573.656151,36557,7,1
1,NewOrder,1772074573.656528,33068,14,1
2,Payment,1772074573.656753,26240,15,1
2,Payment,1772074573.658345,19255,21,1
1,NewOrder,1772074573.661307,24388,3,1
2,Payment,1772074573.663445,22849,17,1
1,NewOrder,1772074573.665655,28928,8,1
1,NewOrder,1772074573.666221,23360,20,1
2,Payment,1772074573.667090,31892,12,1
1,NewOrder,1772074573.667259,62406,16,1
2,Payment,1772074573.667376,4798,0,1
1,NewOrder,1772074573.667479,17194,6,1
2,Payment,1772074573.667855,6121,9,1
1,NewOrder,1772074573.667884,18817,22,1
2,Payment,1772074573.671643,8753,19,1
2,Payment,1772074573.672200,3704,0,1
1,NewOrder,1772074573.672931,39125,13,1
2,Payment,1772074573.673695,9785,1,1
1,NewOrder,1772074573.673983,10351,9,1
1,NewOrder,1772074573.674233,25958,18,1
1,NewOrder,1772074573.675910,16017,0,1
2,Payment,1772074573.677195,5347,23,1
2,Payment,1772074573.677610,17006,21,1
2,Payment,1772074573.678293,9748,11,1
4,Delivery,1772074573.680401,10673,19,1
2,Payment,1772074573.680849,5831,2,1
1,NewOrder,1772074573.682551,46646,23,1
2,Payment,1772074573.683003,19779,15,1
1,NewOrder,1772074573.683490,14590,1,1
2,Payment,1772074573.684343,6397,9,1
5,StockLevel,1772074573.684679,7002,6,1
2,Payment,1772074573.685706,9108,3,1
2,Payment,1772074573.686302,18015,17,1
2,Payment,1772074573.686594,14808,5,1
2,Payment,1772074573.686691,3697,2,1
2,Payment,1772074573.686707,23188,22,1
3,OrderStatus,1772074573.687607,6506,10,1
3,OrderStatus,1772074573.688051,7525,11,1
1,NewOrder,1772074573.689586,21832,20,1
1,NewOrder,1772074573.689608,24233,14,1
2,Payment,1772074573.690396,22990,2,1
1,NewOrder,1772074573.690751,8841,9,1
2,Payment,1772074573.691079,25544,19,1
2,Payment,1772074573.691686,3211,6,1
1,NewOrder,1772074573.691939,9828,0,1
3,OrderStatus,1772074573.692716,5077,7,1
1,NewOrder,1772074573.694122,37394,10,1
2,Payment,1772074573.694171,24311,4,1
2,Payment,1772074573.694588,9182,8,1
2,Payment,1772074573.694623,26310,21,1
1,NewOrder,1772074573.694825,27856,3,1
1,NewOrder,1772074573.694905,7558,6,1
2,Payment,1772074573.695580,10195,11,1
1,NewOrder,1772074573.697802,28110,7,1
2,Payment,1772074573.698084,28771,1,1
2,Payment,1772074573.698989,7539,12,1
2,Payment,1772074573.699597,8085,9,1
1,NewOrder,1772074573.700196,4915,18,1
1,NewOrder,1772074573.701405,27418,5,1
3,OrderStatus,1772074573.701770,9550,0,1
2,Payment,1772074573.702469,7205,6,1
2,Payment,1772074573.702789,5352,15,1
1,NewOrder,1772074573.703780,37367,8,1
1,NewOrder,1772074573.704325,13021,17,1
2,Payment,1772074573.705117,20463,18,1
2,Payment,1772074573.705780,7688,11,1
2,Payment,1772074573.706534,4053,12,1
2,Payment,1772074573.707692,10446,9,1
1,NewOrder,1772074573.708148,14871,15,1
1,NewOrder,1772074573.709680,15522,6,1
1,NewOrder,1772074573.709901,21199,22,1
1,NewOrder,1772074573.710594,22835,12,1
1,NewOrder,1772074573.711325,27404,0,1
2,Payment,1772074573.711427,21517,20,1
1,NewOrder,1772074573.712066,33048,13,1
3,OrderStatus,1772074573.713392,7710,2,1
1,NewOrder,1772074573.713476,25019,11,1
2,Payment,1772074573.713846,5359,14,1
2,Payment,1772074573.716629,23589,19,1
1,NewOrder,1772074573.717352,21766,17,1
1,NewOrder,1772074573.718143,15264,9,1
2,Payment,1772074573.718487,14981,4,1
1,NewOrder,1772074573.719211,23663,14,1
2,Payment,1772074573.720944,29709,21,1
1,NewOrder,1772074573.721109,28339,2,1
1,NewOrder,1772074573.722691,29098,3,1
1,NewOrder,1772074573.723025,28779,15,1
1,NewOrder,1772074573.725208,22290,6,1
1,NewOrder,1772074573.725584,34330,18,1
2,Payment,1772074573.725919,10760,7,1
1,NewOrder,1772074573.726864,39190,1,1
2,Payment,1772074573.728829,14612,5,1
2,Payment,1772074573.729208,26225,23,1
1,NewOrder,1772074573.729672,19059,16,1
1,NewOrder,1772074573.731105,20670,22,1
1,NewOrder,1772074573.731526,20225,10,1
2,Payment,1772074573.732949,29845,20,1
2,Payment,1772074573.733417,9353,9,1
2,Payment,1772074573.733434,7340,12,1
2,Payment,1772074573.733476,13206,4,1
1,NewOrder,1772074573.736686,38245,7,1
1,NewOrder,1772074573.738504,20756,11,1
1,NewOrder,1772074573.738734,15564,0,1
1,NewOrder,1772074573.739125,32160,17,1
4,Delivery,1772074573.740229,26382,19,1
5,StockLevel,1772074573.740781,18227,12,1
2,Payment,1772074573.741154,8063,8,1
2,Payment,1772074573.742777,11944,9,1
2,Payment,1772074573.742884,8559,14,1
1,NewOrder,1772074573.743447,27002,5,1
1,NewOrder,1772074573.745119,26293,13,1
2,Payment,1772074573.746689,9227,4,1
1,NewOrder,1772074573.747506,25021,6,1
4,Delivery,1772074573.748740,51105,16,1
1,NewOrder,1772074573.749221,28136,8,1
2,Payment,1772074573.749460,11702,2,1
1,NewOrder,1772074573.750662,25963,21,1
1,NewOrder,1772074573.751448,26931,14,1
1,NewOrder,1772074573.751758,23594,10,1
1,NewOrder,1772074573.751782,22662,22,1
2,Payment,1772074573.751799,14778,3,1
1,NewOrder,1772074573.751809,31477,15,1
2,Payment,1772074573.754303,29726,0,1
3,OrderStatus,1772074573.754728,15025,9,1
5,StockLevel,1772074573.755442,26699,23,1
1,NewOrder,1772074573.755927,36275,4,1
3,OrderStatus,1772074573.759018,7782,12,1
1,NewOrder,1772074573.759267,16992,11,1
2,Payment,1772074573.759920,12684,18,1
1,NewOrder,1772074573.761170,31675,2,1
2,Payment,1772074573.762804,20578,20,1
2,Payment,1772074573.766060,12545,1,1
4,Delivery,1772074573.766591,37342,3,1
3,OrderStatus,1772074573.766622,8772,19,1
1,NewOrder,1772074573.766812,11047,12,1
2,Payment,1772074573.769764,14467,9,1
1,NewOrder,1772074573.770457,8365,5,1
2,Payment,1772074573.771291,5365,17,1
4,Delivery,1772074573.771423,28708,13,1
1,NewOrder,1772074573.772534,7549,6,1
1,NewOrder,1772074573.772614,14565,18,1
2,Payment,1772074573.774454,13335,22,1
2,Payment,1772074573.774938,12879,7,1
1,NewOrder,1772074573.775358,24448,10,1
2,Payment,1772074573.775402,17412,19,1
1,NewOrder,1772074573.776265,27660,11,1
1,NewOrder,1772074573.776629,22751,21,1
2,Payment,1772074573.776667,9263,17,1
2,Payment,1772074573.777361,12472,8,1
2,Payment,1772074573.777866,11313,12,1
2,Payment,1772074573.778385,13407,14,1
1,NewOrder,1772074573.778611,23154,1,1
1,NewOrder,1772074573.778827,3199,5,1
2,Payment,1772074573.780089,12847,6,1
2,Payment,1772074573.782035,2670,5,1
2,Payment,1772074573.782146,23599,23,1
1,NewOrder,1772074573.783294,20605,15,1
2,Payment,1772074573.783392,15027,20,1
2,Payment,1772074573.784039,8147,0,1
2,Payment,1772074573.784240,15463,9,1
1,NewOrder,1772074573.784711,6474,5,1
5,StockLevel,1772074573.785936,12343,17,1
1,NewOrder,1772074573.787189,34063,18,1
2,Payment,1772074573.787795,28859,22,1
2,Payment,1772074573.787826,18304,7,1
2,Payment,1772074573.789186,6672,12,1
3,OrderStatus,1772074573.789839,6074,8,1
2,Payment,1772074573.791195,12517,5,1
1,NewOrder,1772074573.791801,17196,14,1
2,Payment,1772074573.792192,7841,0,1
1,NewOrder,1772074573.792213,31586,4,1
2,Payment,1772074573.792823,36654,19,1
2,Payment,1772074573.792851,14908,2,1
4,Delivery,1772074573.792941,14052,6,1
1,NewOrder,1772074573.795870,25354,12,1
4,Delivery,1772074573.795920,11406,8,1
1,NewOrder,1772074573.798288,18816,17,1
1,NewOrder,1772074573.798430,25887,20,1
1,NewOrder,1772074573.799391,17562,21,1
4,Delivery,1772074573.799709,7619,9,1
1,NewOrder,1772074573.799809,25398,10,1
1,NewOrder,1772074573.799855,17265,16,1
3,OrderStatus,1772074573.800041,9472,0,1
4,Delivery,1772074573.800138,24149,13,1
1,NewOrder,1772074573.801771,32366,1,1
2,Payment,1772074573.803721,8321,5,1
2,Payment,1772074573.803905,7448,15,1
2,Payment,1772074573.803930,9100,11,1
1,NewOrder,1772074573.803943,37261,3,1
1,NewOrder,1772074573.805753,45870,23,1
1,NewOrder,1772074573.806140,34663,7,1
1,NewOrder,1772074573.807001,14281,6,1
2,Payment,1772074573.807333,14819,8,1
1,NewOrder,1772074573.807337,17897,9,1
2,Payment,1772074573.807765,15348,2,1
1,NewOrder,1772074573.809001,43570,14,1
1,NewOrder,1772074573.809523,15734,0,1
2,Payment,1772074573.811359,7932,15,1
2,Payment,1772074573.812047,20944,5,1
1,NewOrder,1772074573.813036,28187,11,1
4,Delivery,1772074573.816660,53056,22,1
2,Payment,1772074573.816961,17762,21,1
4,Delivery,1772074573.817114,6621,17,1
2,Payment,1772074573.817132,11647,16,1
2,Payment,1772074573.819297,15481,15,1
1,NewOrder,1772074573.821231,24732,12,1
5,StockLevel,1772074573.821258,28095,18,1
2,Payment,1772074573.821289,15807,6,1
1,NewOrder,1772074573.822159,35597,8,1
5,StockLevel,1772074573.823126,28989,2,1
1,NewOrder,1772074573.823741,21846,17,1
1,NewOrder,1772074573.823810,23884,4,1
1,NewOrder,1772074573.824293,32826,13,1
2,Payment,1772074573.824321,13778,20,1
1,NewOrder,1772074573.825217,7413,10,1
1,NewOrder,1772074573.825244,10547,9,1
4,Delivery,1772074573.825265,5982,0,1
1,NewOrder,1772074573.828789,29861,16,1
5,StockLevel,1772074573.829487,16958,19,1
1,NewOrder,1772074573.831258,11265,0,1
2,Payment,1772074573.832635,6560,10,1
1,NewOrder,1772074573.833001,26645,5,1
2,Payment,1772074573.834144,8157,1,1
4,Delivery,1772074573.834731,35358,21,1
2,Payment,1772074573.834783,5631,15,1
2,Payment,1772074573.835801,6233,9,1
2,Payment,1772074573.837105,12263,6,1
2,Payment,1772074573.838107,4376,20,1
1,NewOrder,1772074573.839200,28860,10,1
1,NewOrder,1772074573.840420,31928,15,1
2,Payment,1772074573.840813,15967,7,1
1,NewOrder,1772074573.841215,30313,3,1
1,NewOrder,1772074573.841228,23244,11,1
1,NewOrder,1772074573.842040,25614,9,1
2,Payment,1772074573.842315,13186,1,1
2,Payment,1772074573.842488,4691,20,1
1,NewOrder,1772074573.842534,19868,0,1
1,NewOrder,1772074573.845597,24952,17,1
2,Payment,1772074573.845972,6224,12,1
4,Delivery,1772074573.846450,23591,19,1
1,NewOrder,1772074573.847185,24834,20,1
1,NewOrder,1772074573.847705,41434,4,1
1,NewOrder,1772074573.849361,21157,18,1
1,NewOrder,1772074573.849373,21069,6,1
1,NewOrder,1772074573.851630,19012,23,1
1,NewOrder,1772074573.852128,20824,2,1
2,Payment,1772074573.852203,5889,12,1
1,NewOrder,1772074573.852576,35185,14,1
2,Payment,1772074573.855507,12287,1,1
2,Payment,1772074573.856784,12489,7,1
2,Payment,1772074573.857130,11314,13,1
2,Payment,1772074573.857763,16723,8,1
2,Payment,1772074573.858100,15625,12,1
5,StockLevel,1772074573.858661,19522,16,1
1,NewOrder,1772074573.859652,32980,5,1
2,Payment,1772074573.862406,17455,0,1
2,Payment,1772074573.864478,18076,11,1
2,Payment,1772074573.867662,18302,9,1
1,NewOrder,1772074573.867799,40430,1,1
1,NewOrder,1772074573.868064,21621,10,1
2,Payment,1772074573.868448,13657,13,1
1,NewOrder,1772074573.869276,38608,7,1
1,NewOrder,1772074573.869726,7637,22,1
2,Payment,1772074573.870047,7023,19,1
1,NewOrder,1772074573.870097,29381,21,1
5,StockLevel,1772074573.870447,4699,6,1
4,Delivery,1772074573.870521,14171,18,1
2,Payment,1772074573.870559,16099,17,1
2,Payment,1772074573.870656,15411,23,1
2,Payment,1772074573.871533,11034,3,1
1,NewOrder,1772074573.872029,5309,20,1
2,Payment,1772074573.872352,19135,15,1
2,Payment,1772074573.872964,18997,2,1
3,OrderStatus,1772074573.873732,5774,12,1
1,NewOrder,1772074573.874497,24716,8,1
1,NewOrder,1772074573.875151,24301,6,1
4,Delivery,1772074573.877081,7818,19,1
1,NewOrder,1772074573.877345,27378,20,1
2,Payment,1772074573.877369,18732,22,1
4,Delivery,1772074573.878193,60678,16,1
1,NewOrder,1772074573.879517,24858,12,1
1,NewOrder,1772074573.879871,56350,0,1
2,Payment,1772074573.882111,11974,13,1
2,Payment,1772074573.882561,19175,11,1
1,NewOrder,1772074573.882576,21132,3,1
1,NewOrder,1772074573.884698,22072,18,1
2,Payment,1772074573.884906,28184,19,1
1,NewOrder,1772074573.885972,39200,9,1
1,NewOrder,1772074573.886073,33134,23,1
1,NewOrder,1772074573.886668,20505,17,1
1,NewOrder,1772074573.887766,23668,14,1
4,Delivery,1772074573.889149,40540,4,1
1,NewOrder,1772074573.889691,49278,10,1
2,Payment,1772074573.891497,7653,15,1
1,NewOrder,1772074573.891966,44942,2,1
1,NewOrder,1772074573.892639,20066,5,1
1,NewOrder,1772074573.894089,18090,13,1
5,StockLevel,1772074573.896107,28531,22,1
2,Payment,1772074573.899158,12228,15,1
1,NewOrder,1772074573.899224,36179,8,1
1,NewOrder,1772074573.899456,26149,6,1
1,NewOrder,1772074573.899485,38402,21,1
1,NewOrder,1772074573.901742,32033,11,1
2,Payment,1772074573.903717,7280,3,1
1,NewOrder,1772074573.904382,31017,12,1
5,StockLevel,1772074573.904735,18985,20,1
2,Payment,1772074573.906774,8765,18,1
3,OrderStatus,1772074573.907184,3100,17,1
2,Payment,1772074573.907891,4919,7,1
2,Payment,1772074573.908237,18990,1,1
1,NewOrder,1772074573.910291,8532,17,1
4,Delivery,1772074573.911004,18966,3,1
1,NewOrder,1772074573.911394,38743,15,1
1,NewOrder,1772074573.911444,27773,14,1
1,NewOrder,1772074573.912189,24697,13,1
2,Payment,1772074573.912709,18663,5,1
2,Payment,1772074573.912816,4159,7,1
4,Delivery,1772074573.913095,25712,19,1
1,NewOrder,1772074573.915547,16297,18,1
1,NewOrder,1772074573.916981,32769,7,1
2,Payment,1772074573.918832,8805,17,1
3,OrderStatus,1772074573.919212,16059,23,1
1,NewOrder,1772074573.923728,27614,20,1
1,NewOrder,1772074573.924647,23098,22,1
2,Payment,1772074573.925179,17737,9,1
2,Payment,1772074573.925610,8582,6,1
1,NewOrder,1772074573.927233,24029,1,1
1,NewOrder,1772074573.927642,25644,17,1
3,OrderStatus,1772074573.929699,5948,4,1
1,NewOrder,1772074573.929977,31616,3,1
1,NewOrder,1772074573.931377,19293,5,1
1,NewOrder,1772074573.931854,28566,18,1
2,Payment,1772074573.933781,18622,11,1
1,NewOrder,1772074573.934197,47045,6,1
1,NewOrder,1772074573.935277,49610,23,1
4,Delivery,1772074573.935411,55506,8,1
2,Payment,1772074573.935411,17306,12,1
1,NewOrder,1772074573.935653,20986,4,1
1,NewOrder,1772074573.936225,15748,0,1
2,Payment,1772074573.936891,19200,13,1
3,OrderStatus,1772074573.936920,3754,2,1
1,NewOrder,1772074573.937897,14829,21,1
1,NewOrder,1772074573.938811,26127,19,1
1,NewOrder,1772074573.938876,43159,16,1
2,Payment,1772074573.938980,23038,10,1
2,Payment,1772074573.939223,27527,14,1
4,Delivery,1772074573.940685,16534,2,1
1,NewOrder,1772074573.942920,40959,9,1
1,NewOrder,1772074573.947750,6827,22,1
2,Payment,1772074573.949756,15639,7,1
2,Payment,1772074573.950148,19155,15,1
2,Payment,1772074573.950678,28185,5,1
2,Payment,1772074573.951272,11993,1,1
1,NewOrder,1772074573.951352,30579,20,1
2,Payment,1772074573.951980,21923,0,1
2,Payment,1772074573.952409,26164,11,1
2,Payment,1772074573.952727,18888,12,1
2,Payment,1772074573.952731,2264,21,1
1,NewOrder,1772074573.953291,21838,17,1
1,NewOrder,1772074573.954583,12194,22,1
1,NewOrder,1772074573.954998,6945,21,1
2,Payment,1772074573.956105,18190,13,1
2,Payment,1772074573.956642,28256,4,1
1,NewOrder,1772074573.957244,23657,2,1
1,NewOrder,1772074573.960446,34772,18,1
1,NewOrder,1772074573.961617,42693,3,1
1,NewOrder,1772074573.961970,24851,21,1
1,NewOrder,1772074573.962036,27074,10,1
2,Payment,1772074573.963275,25726,1,1
2,Payment,1772074573.964949,9840,19,1
5,StockLevel,1772074573.965415,15876,7,1
1,NewOrder,1772074573.966762,27247,14,1
2,Payment,1772074573.966801,10539,22,1
1,NewOrder,1772074573.969313,12789,15,1
2,Payment,1772074573.971625,9998,12,1
2,Payment,1772074573.973912,26460,0,1
1,NewOrder,1772074573.974300,18002,13,1
1,NewOrder,1772074573.974796,23047,19,1
4,Delivery,1772074573.975133,63697,17,1
1,NewOrder,1772074573.977353,19587,22,1
5,StockLevel,1772074573.978583,21059,11,1
2,Payment,1772074573.978874,30226,5,1
1,NewOrder,1772074573.980912,33307,2,1
1,NewOrder,1772074573.981252,28125,6,1
1,NewOrder,1772074573.981301,36801,7,1
2,Payment,1772074573.981634,7102,12,1
2,Payment,1772074573.981953,7005,20,1
5,StockLevel,1772074573.982060,25710,16,1
2,Payment,1772074573.982113,11195,15,1
2,Payment,1772074573.983884,7490,9,1
1,NewOrder,1772074573.984914,31790,4,1
1,NewOrder,1772074573.984919,33591,23,1
1,NewOrder,1772074573.986830,36545,21,1
2,Payment,1772074573.988763,8522,12,1
3,OrderStatus,1772074573.988983,5202,20,1
2,Payment,1772074573.989026,33291,1,1
3,OrderStatus,1772074573.989149,4530,10,1
1,NewOrder,1772074573.990927,23591,8,1
2,Payment,1772074573.991381,7585,9,1
1,NewOrder,1772074573.992327,31122,13,1
5,StockLevel,1772074573.993318,13390,15,1
2,Payment,1772074573.993690,10224,10,1
4,Delivery,1772074573.994018,45086,14,1
2,Payment,1772074573.994195,7941,20,1
1,NewOrder,1772074573.995243,31198,18,1
1,NewOrder,1772074573.996949,26889,22,1
1,NewOrder,1772074573.997298,29469,12,1
1,NewOrder,1772074573.997849,29994,19,1
2,Payment,1772074573.998979,9052,9,1
1,NewOrder,1772074573.999651,27183,11,1
2,Payment,1772074574.000375,27118,0,1
1,NewOrder,1772074574.002145,21326,20,1
2,Payment,1772074574.003923,8554,10,1
1,NewOrder,1772074574.004320,21035,3,1
1,NewOrder,1772074574.006733,26915,15,1
2,Payment,1772074574.007781,16090,16,1
1,NewOrder,1772074574.008037,30388,9,1
1,NewOrder,1772074574.009112,38516,5,1
1,NewOrder,1772074574.009383,23810,6,1
1,NewOrder,1772074574.012497,33024,10,1
1,NewOrder,1772074574.014238,27869,2,1
4,Delivery,1772074574.014545,35279,8,1
3,OrderStatus,1772074574.016714,6281,4,1
5,StockLevel,1772074574.018116,17082,7,1
1,NewOrder,1772074574.018543,36773,23,1
1,NewOrder,1772074574.022330,27127,1,1
2,Payment,1772074574.023005,8522,4,1
1,NewOrder,1772074574.023382,30581,21,1
2,Payment,1772074574.023459,11403,13,1
1,NewOrder,1772074574.023476,32173,20,1
5,StockLevel,1772074574.023850,29182,22,1
4,Delivery,1772074574.023878,15307,16,1
1,NewOrder,1772074574.025358,34093,3,1
1,NewOrder,1772074574.026452,20350,18,1
2,Payment,1772074574.026779,12423,12,1
1,NewOrder,1772074574.026840,14729,11,1
5,StockLevel,1772074574.027500,24101,0,1
1,NewOrder,1772074574.027847,25629,19,1
1,NewOrder,1772074574.031538,14789,4,1
1,NewOrder,1772074574.033199,21742,6,1
1,NewOrder,1772074574.033653,33094,15,1
2,Payment,1772074574.034872,11330,13,1
1,NewOrder,1772074574.035205,33724,7,1
1,NewOrder,1772074574.038430,31037,9,1
1,NewOrder,1772074574.038834,27240,17,1
1,NewOrder,1772074574.039110,22161,14,1
2,Payment,1772074574.039191,14322,16,1
2,Payment,1772074574.039217,10603,12,1
4,Delivery,1772074574.041582,8470,11,1
2,Payment,1772074574.042113,12663,2,1
2,Payment,1772074574.045541,7955,10,1
2,Payment,1772074574.046212,12449,13,1
1,NewOrder,1772074574.046333,16816,4,1
2,Payment,1772074574.046812,7188,18,1
2,Payment,1772074574.047654,11797,5,1
1,NewOrder,1772074574.049470,31388,1,1
1,NewOrder,1772074574.049827,31416,12,1
1,NewOrder,1772074574.049832,18040,8,1
1,NewOrder,1772074574.050057,39565,11,1
1,NewOrder,1772074574.051605,21392,0,1
1,NewOrder,1772074574.053037,19859,22,1
1,NewOrder,1772074574.053489,25204,19,1
1,NewOrder,1772074574.053513,33240,10,1
2,Payment,1772074574.053525,10867,16,1
1,NewOrder,1772074574.053988,33799,21,1
1,NewOrder,1772074574.054025,51384,18,1
2,Payment,1772074574.054781,17748,2,1
2,Payment,1772074574.054951,7824,6,1
1,NewOrder,1772074574.055321,22635,23,1
2,Payment,1772074574.055659,7457,20,1
1,NewOrder,1772074574.058670,26259,13,1
2,Payment,1772074574.059457,25096,3,1
2,Payment,1772074574.059463,29812,5,1
2,Payment,1772074574.061281,8162,14,1
2,Payment,1772074574.062787,8347,6,1
2,Payment,1772074574.063142,6353,20,1
1,NewOrder,1772074574.063175,18831,4,1
2,Payment,1772074574.064400,9336,16,1
2,Payment,1772074574.066090,11571,17,1
1,NewOrder,1772074574.066758,23512,15,1
2,Payment,1772074574.067881,6858,8,1
2,Payment,1772074574.068944,12587,7,1
1,NewOrder,1772074574.069468,52181,14,1
1,NewOrder,1772074574.069481,16807,9,1
2,Payment,1772074574.069520,5731,20,1
1,NewOrder,1772074574.071137,19767,6,1
1,NewOrder,1772074574.072535,41337,2,1
1,NewOrder,1772074574.072906,52060,22,1
1,NewOrder,1772074574.073023,16634,0,1
3,OrderStatus,1772074574.073740,6085,16,1
1,NewOrder,1772074574.074745,28553,8,1
2,Payment,1772074574.075255,6667,20,1
1,NewOrder,1772074574.077672,20030,17,1
2,Payment,1772074574.077963,9193,23,1
3,OrderStatus,1772074574.078703,6797,19,1
1,NewOrder,1772074574.079832,35017,16,1
1,NewOrder,1772074574.080868,22334,1,1
4,Delivery,1772074574.081255,26569,12,1
2,Payment,1772074574.081541,5508,7,1
2,Payment,1772074574.081931,8822,20,1
5,StockLevel,1772074574.082016,18807,4,1
1,NewOrder,1772074574.084577,35677,3,1
2,Payment,1772074574.084934,7146,13,1
2,Payment,1772074574.085518,13294,19,1
4,Delivery,1772074574.086313,23215,9,1
1,NewOrder,1772074574.086778,13339,10,1
1,NewOrder,1772074574.087063,17253,7,1
1,NewOrder,1772074574.087181,16492,23,1
2,Payment,1772074574.087790,6814,21,1
2,Payment,1772074574.089302,6444,5,1
2,Payment,1772074574.089635,11337,11,1
2,Payment,1772074574.089684,10092,0,1
2,Payment,1772074574.090274,6525,15,1
1,NewOrder,1772074574.090763,19506,20,1
4,Delivery,1772074574.090911,18846,6,1
1,NewOrder,1772074574.092090,27807,13,1
2,Payment,1772074574.094610,11401,21,1
1,NewOrder,1772074574.095773,37423,5,1
4,Delivery,1772074574.096818,11213,15,1
2,Payment,1772074574.097713,5134,17,1
2,Payment,1772074574.098822,28612,19,1
1,NewOrder,1772074574.099786,19210,0,1
2,Payment,1772074574.100128,7062,10,1
1,NewOrder,1772074574.100849,10897,4,1
2,Payment,1772074574.100984,13828,11,1
2,Payment,1772074574.102856,3493,17,1
2,Payment,1772074574.103206,5582,1,1
2,Payment,1772074574.103312,15779,8,1
2,Payment,1772074574.103684,14874,23,1
2,Payment,1772074574.104326,17367,7,1
2,Payment,1772074574.105419,8973,18,1
2,Payment,1772074574.106018,33655,21,1
4,Delivery,1772074574.106356,1854,17,1
1,NewOrder,1772074574.107215,23693,10,1
2,Payment,1772074574.107841,13461,12,1
2,Payment,1772074574.108039,9055,15,1
1,NewOrder,1772074574.108218,18582,17,1
1,NewOrder,1772074574.108797,43198,1,1
1,NewOrder,1772074574.109533,29086,9,1
1,NewOrder,1772074574.109765,26271,6,1
5,StockLevel,1772074574.110279,11239,20,1
2,Payment,1772074574.111755,5278,4,1
1,NewOrder,1772074574.113882,22939,2,1
1,NewOrder,1772074574.114417,22307,18,1
1,NewOrder,1772074574.114817,21991,11,1
1,NewOrder,1772074574.114855,21853,16,1
2,Payment,1772074574.117067,5812,4,1
1,NewOrder,1772074574.117118,19561,15,1
1,NewOrder,1772074574.118563,21486,23,1
2,Payment,1772074574.119021,13873,0,1
2,Payment,1772074574.119116,9357,8,1
5,StockLevel,1772074574.119906,15598,13,1
2,Payment,1772074574.120268,27710,3,1
1,NewOrder,1772074574.121319,16815,12,1
1,NewOrder,1772074574.121544,21593,20,1
5,StockLevel,1772074574.121657,19981,14,1
2,Payment,1772074574.121703,11128,7,1
1,NewOrder,1772074574.122892,36351,4,1
2,Payment,1772074574.124990,23125,22,1
2,Payment,1772074574.126824,7616,17,1
1,NewOrder,1772074574.127450,39807,19,1
1,NewOrder,1772074574.128497,26532,8,1
1,NewOrder,1772074574.130932,9423,10,1
2,Payment,1772074574.132857,9130,7,1
5,StockLevel,1772074574.132921,33756,0,1
1,NewOrder,1772074574.133206,47289,5,1
2,Payment,1772074574.134452,8964,17,1
2,Payment,1772074574.135526,10744,13,1
1,NewOrder,1772074574.136046,23227,6,1
4,Delivery,1772074574.136696,48211,15,1
2,Payment,1772074574.136734,12625,16,1
1,NewOrder,1772074574.136750,40447,18,1
2,Payment,1772074574.136833,11740,11,1
2,Payment,1772074574.136846,18154,2,1
1,NewOrder,1772074574.138143,10205,12,1
2,Payment,1772074574.138644,18736,9,1
1,NewOrder,1772074574.139705,29036,21,1
2,Payment,1772074574.140059,14552,23,1
3,OrderStatus,1772074574.140365,1850,10,1
1,NewOrder,1772074574.141651,30254,14,1
1,NewOrder,1772074574.142010,32647,7,1
2,Payment,1772074574.142232,9341,10,1
1,NewOrder,1772074574.143162,37714,20,1
1,NewOrder,1772074574.143426,23482,17,1
2,Payment,1772074574.146285,5605,13,1
1,NewOrder,1772074574.148002,25174,3,1
1,NewOrder,1772074574.148133,28617,22,1
2,Payment,1772074574.148365,8523,12,1
4,Delivery,1772074574.148598,50940,11,1
2,Payment,1772074574.149364,13152,16,1
2,Payment,1772074574.151599,7322,10,1
4,Delivery,1772074574.151894,33313,13,1
2,Payment,1772074574.151999,9772,1,1
2,Payment,1772074574.154621,9629,23,1
1,NewOrder,1772074574.155005,26591,2,1
2,Payment,1772074574.155040,10067,8,1
1,NewOrder,1772074574.156897,20690,12,1
2,Payment,1772074574.157406,11267,9,1
1,NewOrder,1772074574.158930,21922,10,1
1,NewOrder,1772074574.159249,15740,4,1
1,NewOrder,1772074574.159300,35504,6,1
2,Payment,1772074574.161777,5457,1,1
1,NewOrder,1772074574.162519,30810,16,1
1,NewOrder,1772074574.164260,24440,23,1
2,Payment,1772074574.165144,8053,8,1
2,Payment,1772074574.166703,10389,0,1
2,Payment,1772074574.166919,10267,17,1
1,NewOrder,1772074574.167239,37077,1,1
1,NewOrder,1772074574.167261,41156,19,1
1,NewOrder,1772074574.168684,32296,9,1
2,Payment,1772074574.168751,8309,21,1
1,NewOrder,1772074574.171917,13442,14,1
2,Payment,1772074574.173203,17753,3,1
2,Payment,1772074574.173221,5210,8,1
2,Payment,1772074574.174667,13598,7,1
2,Payment,1772074574.174998,27613,4,1
1,NewOrder,1772074574.176777,49959,22,1
2,Payment,1772074574.177066,15430,21,1
1,NewOrder,1772074574.177098,34459,0,1
1,NewOrder,1772074574.177195,36031,17,1
1,NewOrder,1772074574.177208,54006,18,1
1,NewOrder,1772074574.177597,28801,12,1
1,NewOrder,1772074574.178441,37190,8,1
1,NewOrder,1772074574.180514,12787,5,1
2,Payment,1772074574.180863,18620,10,1
2,Payment,1772074574.180886,13505,20,1
4,Delivery,1772074574.181622,14069,2,1
2,Payment,1772074574.184913,3757,15,1
1,NewOrder,1772074574.185228,21676,13,1
1,NewOrder,1772074574.185371,11433,14,1
1,NewOrder,1772074574.188290,32931,7,1
2,Payment,1772074574.188676,18264,15,1
2,Payment,1772074574.188710,9588,23,1
2,Payment,1772074574.190982,14350,3,1
1,NewOrder,1772074574.192519,43353,21,1
2,Payment,1772074574.193307,16131,5,1
2,Payment,1772074574.193339,18624,16,1
1,NewOrder,1772074574.194401,10447,20,1
1,NewOrder,1772074574.194814,14057,6,1
1,NewOrder,1772074574.195717,6227,2,1
2,Payment,1772074574.196814,25078,14,1
1,NewOrder,1772074574.198308,12676,23,1
2,Payment,1772074574.199500,18320,10,1
5,StockLevel,1772074574.199545,4853,11,1
2,Payment,1772074574.200990,20619,9,1
2,Payment,1772074574.201961,9670,2,1
2,Payment,1772074574.202622,13778,4,1
2,Payment,1772074574.204325,9418,1,1
4,Delivery,1772074574.204407,31950,11,1
1,NewOrder,1772074574.204873,13342,20,1
1,NewOrder,1772074574.205356,13894,3,1
1,NewOrder,1772074574.206404,28394,12,1
1,NewOrder,1772074574.206931,20218,13,1
2,Payment,1772074574.206966,18865,15,1
2,Payment,1772074574.208442,13288,19,1
2,Payment,1772074574.208882,16996,6,1
1,NewOrder,1772074574.209455,16893,5,1
1,NewOrder,1772074574.211008,10101,23,1
2,Payment,1772074574.211565,21659,0,1
2,Payment,1772074574.211642,14150,2,1
1,NewOrder,1772074574.211968,25261,16,1
2,Payment,1772074574.213243,18683,17,1
1,NewOrder,1772074574.213755,11659,1,1
2,Payment,1772074574.215641,16228,8,1
2,Payment,1772074574.216422,31042,4,1
2,Payment,1772074574.217847,23485,10,1
1,NewOrder,1772074574.218240,18699,20,1
2,Payment,1772074574.219259,17234,3,1
1,NewOrder,1772074574.221115,15243,23,1
2,Payment,1772074574.221232,36329,7,1
4,Delivery,1772074574.221620,15182,9,1
1,NewOrder,1772074574.221739,18296,19,1
2,Payment,1772074574.221902,20127,14,1
1,NewOrder,1772074574.225425,26661,1,1
1,NewOrder,1772074574.225798,17867,2,1
2,Payment,1772074574.225839,23165,15,1
2,Payment,1772074574.225889,38983,6,1
1,NewOrder,1772074574.226354,13327,5,1
1,NewOrder,1772074574.226742,13259,22,1
2,Payment,1772074574.227159,31490,13,1
1,NewOrder,1772074574.231238,46846,18,1
4,Delivery,1772074574.231893,4882,8,1
2,Payment,1772074574.231940,30732,17,1
2,Payment,1772074574.233227,25529,0,1
2,Payment,1772074574.234803,33004,12,1
3,OrderStatus,1772074574.235881,2430,21,1
2,Payment,1772074574.236385,10093,11,1
4,Delivery,1772074574.236387,71364,23,1
5,StockLevel,1772074574.236518,16984,3,1
2,Payment,1772074574.236783,36541,8,1
1,NewOrder,1772074574.236814,27080,9,1
1,NewOrder,1772074574.236951,46597,20,1
2,Payment,1772074574.237239,35728,16,1
1,NewOrder,1772074574.238336,20345,21,1
2,Payment,1772074574.239706,23097,5,1
1,NewOrder,1772074574.240026,32105,22,1
1,NewOrder,1772074574.240061,43867,19,1
1,NewOrder,1772074574.241342,47144,10,1
1,NewOrder,1772074574.242038,39211,14,1
1,NewOrder,1772074574.243686,37583,2,1
1,NewOrder,1772074574.246504,34798,11,1
1,NewOrder,1772074574.247488,37349,4,1
1,NewOrder,1772074574.249014,38186,15,1
3,OrderStatus,1772074574.252095,7506,1,1
5,StockLevel,1772074574.253512,12913,3,1
1,NewOrder,1772074574.257572,28681,7,1
1,NewOrder,1772074574.258662,21690,13,1
2,Payment,1772074574.258705,3117,21,1
2,Payment,1772074574.258782,8491,0,1
1,NewOrder,1772074574.259612,8791,1,1
1,NewOrder,1772074574.261828,31834,21,1
1,NewOrder,1772074574.262696,22774,17,1
3,OrderStatus,1772074574.262830,5858,5,1
2,Payment,1772074574.263905,16998,9,1
1,NewOrder,1772074574.264882,36072,6,1
1,NewOrder,1772074574.266429,33741,3,1
1,NewOrder,1772074574.267298,31303,0,1
2,Payment,1772074574.267817,11119,12,1
1,NewOrder,1772074574.268420,20369,1,1
2,Payment,1772074574.268699,7358,5,1
1,NewOrder,1772074574.272141,20736,22,1
1,NewOrder,1772074574.272978,25226,16,1
1,NewOrder,1772074574.273335,24288,8,1
2,Payment,1772074574.276073,10159,5,1
1,NewOrder,1772074574.278098,36259,18,1
2,Payment,1772074574.278942,14338,12,1
1,NewOrder,1772074574.280356,28048,13,1
3,OrderStatus,1772074574.280913,9585,9,1
1,NewOrder,1772074574.281260,21959,14,1
2,Payment,1772074574.281276,13416,2,1
2,Payment,1772074574.281313,5922,11,1
1,NewOrder,1772074574.283560,24564,20,1
1,NewOrder,1772074574.283937,30552,19,1
2,Payment,1772074574.284846,17936,4,1
5,StockLevel,1772074574.285480,35563,17,1
1,NewOrder,1772074574.286244,28251,5,1
2,Payment,1772074574.286262,13546,7,1
1,NewOrder,1772074574.287211,24670,15,1
5,StockLevel,1772074574.287245,33496,11,1
1,NewOrder,1772074574.288497,30970,10,1
3,OrderStatus,1772074574.288797,11084,1,1
1,NewOrder,1772074574.290508,22471,9,1
1,NewOrder,1772074574.292890,21558,22,1
2,Payment,1772074574.293306,12316,12,1
1,NewOrder,1772074574.293703,30908,21,1
1,NewOrder,1772074574.294704,23817,2,1
1,NewOrder,1772074574.297633,18827,8,1
1,NewOrder,1772074574.298219,16568,16,1
4,Delivery,1772074574.298604,10267,0,1
2,Payment,1772074574.299811,15391,7,1
1,NewOrder,1772074574.299889,52237,1,1
2,Payment,1772074574.300182,10037,3,1
1,NewOrder,1772074574.300964,21626,6,1
2,Payment,1772074574.302792,12038,4,1
2,Payment,1772074574.303243,12056,14,1
1,NewOrder,1772074574.305631,53574,12,1
5,StockLevel,1772074574.307776,18698,23,1
2,Payment,1772074574.308133,7045,20,1
2,Payment,1772074574.308409,18681,13,1
1,NewOrder,1772074574.308896,12514,0,1
2,Payment,1772074574.310245,22335,3,1
2,Payment,1772074574.311898,19868,15,1
1,NewOrder,1772074574.312987,6837,9,1
1,NewOrder,1772074574.314384,48013,18,1
1,NewOrder,1772074574.314472,58361,22,1
1,NewOrder,1772074574.314515,51610,19,1
1,NewOrder,1772074574.314524,55051,5,1
2,Payment,1772074574.314800,25643,16,1
2,Payment,1772074574.314840,24463,4,1
5,StockLevel,1772074574.315186,17308,20,1
1,NewOrder,1772074574.315207,55289,7,1
1,NewOrder,1772074574.315308,47892,14,1
2,Payment,1772074574.316486,3368,8,1
1,NewOrder,1772074574.318533,15546,2,1
4,Delivery,1772074574.319477,60921,10,1
1,NewOrder,1772074574.319835,43784,9,1
1,NewOrder,1772074574.319878,46556,8,1
1,NewOrder,1772074574.320757,49716,11,1
1,NewOrder,1772074574.321047,50603,17,1
1,NewOrder,1772074574.321436,4455,0,1
1,NewOrder,1772074574.322615,13312,6,1
2,Payment,1772074574.324632,21130,21,1
5,StockLevel,1772074574.325899,3411,0,1
1,NewOrder,1772074574.326480,38504,23,1
5,StockLevel,1772074574.327098,38388,13,1
2,Payment,1772074574.329316,11761,0,1
1,NewOrder,1772074574.331776,37426,15,1
1,NewOrder,1772074574.332520,40711,20,1
4,Delivery,1772074574.332605,46780,3,1
1,NewOrder,1772074574.334096,8304,2,1
1,NewOrder,1772074574.335945,8707,6,1
4,Delivery,1772074574.339329,40321,4,1
5,StockLevel,1772074574.340452,25723,16,1
1,NewOrder,1772074574.341086,11413,0,1
1,NewOrder,1772074574.342425,6323,2,1
2,Payment,1772074574.344662,3074,6,1
2,Payment,1772074574.345769,13414,21,1
2,Payment,1772074574.347741,3522,6,1
2,Payment,1772074574.348769,3830,2,1
2,Payment,1772074574.351281,3391,6,1
1,NewOrder,1772074574.352135,20703,1,1
2,Payment,1772074574.352508,3171,0,1
1,NewOrder,1772074574.352609,16231,2,1
1,NewOrder,1772074574.354682,12175,6,1
2,Payment,1772074574.355686,3163,0,1
2,Payment,1772074574.358853,4772,0,1
1,NewOrder,1772074574.359192,22509,21,1
5,StockLevel,1772074574.359210,15515,12,1
1,NewOrder,1772074574.362422,21168,18,1
1,NewOrder,1772074574.363226,17807,14,1
2,Payment,1772074574.363629,7728,9,1
2,Payment,1772074574.363635,3173,0,1
2,Payment,1772074574.364988,8311,23,1
2,Payment,1772074574.365498,16687,13,1
2,Payment,1772074574.366149,17202,19,1
2,Payment,1772074574.366202,7397,16,1
2,Payment,1772074574.366447,7873,8,1
1,NewOrder,1772074574.366817,30419,0,1
5,StockLevel,1772074574.366868,9966,6,1
2,Payment,1772074574.368849,5186,2,1
2,Payment,1772074574.369207,22673,15,1
2,Payment,1772074574.369586,10843,5,1
5,StockLevel,1772074574.370499,23528,11,1
2,Payment,1772074574.370523,21145,7,1
2,Payment,1772074574.371362,5404,9,1
1,NewOrder,1772074574.371661,14161,17,1
1,NewOrder,1772074574.372836,26794,22,1
1,NewOrder,1772074574.372848,26530,1,1
2,Payment,1772074574.373241,19291,20,1
1,NewOrder,1772074574.373305,20379,23,1
2,Payment,1772074574.373609,23666,16,1
1,NewOrder,1772074574.374046,19978,2,1
2,Payment,1772074574.374341,5741,8,1
2,Payment,1772074574.374738,30175,12,1
2,Payment,1772074574.376777,29746,9,1
2,Payment,1772074574.376844,19100,6,1
1,NewOrder,1772074574.379395,7860,3,1
1,NewOrder,1772074574.379658,7340,4,1
5,StockLevel,1772074574.380092,22853,8,1
2,Payment,1772074574.380423,34102,10,1
1,NewOrder,1772074574.380442,25234,5,1
1,NewOrder,1772074574.381040,6185,14,1
2,Payment,1772074574.381727,15493,21,1
2,Payment,1772074574.382196,36708,13,1
4,Delivery,1772074574.383376,19958,19,1
1,NewOrder,1772074574.383600,16112,18,1
2,Payment,1772074574.385837,38351,17,1
1,NewOrder,1772074574.387023,4671,4,1
2,Payment,1772074574.387235,40367,14,1
3,OrderStatus,1772074574.387282,1650,3,1
2,Payment,1772074574.388940,2780,3,1
1,NewOrder,1772074574.391679,45328,7,1
2,Payment,1772074574.391705,2720,4,1
1,NewOrder,1772074574.391727,12933,3,1
1,NewOrder,1772074574.391889,12981,15,1
1,NewOrder,1772074574.392543,14520,20,1
2,Payment,1772074574.393693,7119,23,1
1,NewOrder,1772074574.394030,43797,2,1
2,Payment,1772074574.394037,34965,11,1
2,Payment,1772074574.394433,2393,4,1
1,NewOrder,1772074574.395952,47806,6,1
2,Payment,1772074574.396832,6061,4,1
1,NewOrder,1772074574.397231,33940,21,1
1,NewOrder,1772074574.397247,52181,0,1
1,NewOrder,1772074574.397280,36113,16,1
2,Payment,1772074574.399389,11834,1,1
2,Payment,1772074574.399636,9600,22,1
1,NewOrder,1772074574.399722,11021,18,1
1,NewOrder,1772074574.400815,13051,23,1
2,Payment,1772074574.402902,12621,4,1
2,Payment,1772074574.402955,32284,8,1
2,Payment,1772074574.403345,14650,19,1
2,Payment,1772074574.404688,15152,3,1
3,OrderStatus,1772074574.404885,8143,15,1
2,Payment,1772074574.404933,32885,12,1
2,Payment,1772074574.405713,23644,5,1
1,NewOrder,1772074574.406539,38144,9,1
1,NewOrder,1772074574.407068,21784,20,1
1,NewOrder,1772074574.409247,36490,22,1
2,Payment,1772074574.410753,18103,18,1
2,Payment,1772074574.411240,22469,1,1
1,NewOrder,1772074574.413038,26855,15,1
1,NewOrder,1772074574.413877,23021,23,1
1,NewOrder,1772074574.414549,45495,10,1
2,Payment,1772074574.415532,23360,4,1
2,Payment,1772074574.418019,15657,19,1
1,NewOrder,1772074574.418914,38348,13,1
2,Payment,1772074574.419849,27182,3,1
2,Payment,1772074574.424212,7270,17,1
1,NewOrder,1772074574.427613,17747,14,1
2,Payment,1772074574.428861,8505,20,1
1,NewOrder,1772074574.428866,23595,18,1
2,Payment,1772074574.429013,12504,11,1
1,NewOrder,1772074574.429369,50405,5,1
1,NewOrder,1772074574.431197,26439,21,1
2,Payment,1772074574.431507,12166,17,1
1,NewOrder,1772074574.433420,23868,16,1
2,Payment,1772074574.433688,12126,19,1
1,NewOrder,1772074574.433746,44175,1,1
4,Delivery,1772074574.435247,46807,8,1
1,NewOrder,1772074574.436922,14569,23,1
2,Payment,1772074574.437031,12870,7,1
1,NewOrder,1772074574.437392,33630,20,1
2,Payment,1772074574.437829,11909,12,1
1,NewOrder,1772074574.437833,37549,2,1
2,Payment,1772074574.438919,13568,4,1
1,NewOrder,1772074574.439915,26598,15,1
2,Payment,1772074574.441531,16785,11,1
2,Payment,1772074574.443678,13157,17,1
2,Payment,1772074574.443770,23880,6,1
1,NewOrder,1772074574.444693,21799,9,1
2,Payment,1772074574.445385,21388,14,1
3,OrderStatus,1772074574.445754,8601,22,1
1,NewOrder,1772074574.445825,42650,19,1
1,NewOrder,1772074574.447041,42251,3,1
1,NewOrder,1772074574.449437,10907,0,1
2,Payment,1772074574.449742,21374,12,1
5,StockLevel,1772074574.449904,32350,7,1
1,NewOrder,1772074574.451495,16900,23,1
1,NewOrder,1772074574.452485,38506,18,1
1,NewOrder,1772074574.452512,33424,4,1
2,Payment,1772074574.454366,14809,22,1
2,Payment,1772074574.456845,18556,17,1
1,NewOrder,1772074574.457273,40091,13,1
1,NewOrder,1772074574.457298,38913,16,1
1,NewOrder,1772074574.457642,17325,21,1
1,NewOrder,1772074574.458326,33826,11,1
1,NewOrder,1772074574.460069,9889,10,1
2,Payment,1772074574.460371,2920,0,1
1,NewOrder,1772074574.463308,7292,0,1
4,Delivery,1772074574.466513,15879,9,1
3,OrderStatus,1772074574.466528,3250,15,1
1,NewOrder,1772074574.466811,30502,14,1
1,NewOrder,1772074574.467662,35491,6,1
2,Payment,1772074574.468406,4421,23,1
2,Payment,1772074574.469189,9041,22,1
1,NewOrder,1772074574.469804,12815,15,1
1,NewOrder,1772074574.469969,20372,10,1
4,Delivery,1772074574.470606,6973,0,1
2,Payment,1772074574.471032,13184,20,1
1,NewOrder,1772074574.471126,27939,12,1
2,Payment,1772074574.472831,14500,23,1
2,Payment,1772074574.474972,15226,21,1
4,Delivery,1772074574.475404,2512,2,1
2,Payment,1772074574.475414,7073,17,1
2,Payment,1772074574.477605,4839,0,1
2,Payment,1772074574.477925,15271,2,1
1,NewOrder,1772074574.477932,41620,1,1
4,Delivery,1772074574.478240,89592,22,1
1,NewOrder,1772074574.479787,17608,5,1
2,Payment,1772074574.482075,13577,8,1
1,NewOrder,1772074574.482281,20772,7,1
2,Payment,1772074574.482408,5195,9,1
2,Payment,1772074574.482469,14409,0,1
1,NewOrder,1772074574.482511,24794,17,1
4,Delivery,1772074574.482630,39456,15,1
2,Payment,1772074574.484241,13780,20,1
2,Payment,1772074574.485943,23115,4,1
1,NewOrder,1772074574.487356,24532,23,1
2,Payment,1772074574.487622,12089,9,1
1,NewOrder,1772074574.488485,14127,19,1
1,NewOrder,1772074574.489301,15941,3,1
1,NewOrder,1772074574.490208,27167,21,1
4,Delivery,1772074574.490359,61416,10,1
2,Payment,1772074574.490996,19402,18,1
1,NewOrder,1772074574.492162,12810,11,1
2,Payment,1772074574.493206,24970,2,1
1,NewOrder,1772074574.495664,35379,8,1
1,NewOrder,1772074574.496228,9331,16,1
1,NewOrder,1772074574.496885,26493,0,1
1,NewOrder,1772074574.497340,29974,14,1
2,Payment,1772074574.497388,13211,13,1
1,NewOrder,1772074574.497415,32605,5,1
1,NewOrder,1772074574.498026,50052,20,1
2,Payment,1772074574.499089,17512,12,1
2,Payment,1772074574.499718,8859,9,1
4,Delivery,1772074574.502621,65630,19,1
2,Payment,1772074574.503058,15087,7,1
2,Payment,1772074574.503163,18895,6,1
1,NewOrder,1772074574.504982,9650,11,1
2,Payment,1772074574.505251,8192,3,1
1,NewOrder,1772074574.505566,12575,16,1
2,Payment,1772074574.507314,13978,17,1
1,NewOrder,1772074574.508587,38730,9,1
2,Payment,1772074574.509062,16831,4,1
1,NewOrder,1772074574.510408,30185,18,1
1,NewOrder,1772074574.510610,29328,13,1
2,Payment,1772074574.511893,11178,23,1
1,NewOrder,1772074574.513449,19090,3,1
1,NewOrder,1772074574.514643,15794,11,1
1,NewOrder,1772074574.516606,32420,12,1
2,Payment,1772074574.517385,10758,21,1
2,Payment,1772074574.518148,7121,16,1
2,Payment,1772074574.518151,12261,7,1
4,Delivery,1772074574.518185,27091,2,1
1,NewOrder,1772074574.519563,36778,1,1
1,NewOrder,1772074574.521299,33453,17,1
1,NewOrder,1772074574.522068,14443,6,1
2,Payment,1772074574.522096,12114,15,1
1,NewOrder,1772074574.523077,31309,23,1
1,NewOrder,1772074574.523382,26119,0,1
3,OrderStatus,1772074574.525274,4585,16,1
3,OrderStatus,1772074574.525900,3451,4,1
1,NewOrder,1772074574.527320,19180,14,1
2,Payment,1772074574.528152,8725,21,1
1,NewOrder,1772074574.529361,21086,4,1
2,Payment,1772074574.529864,7610,16,1
1,NewOrder,1772074574.530032,25736,5,1
2,Payment,1772074574.530418,11742,7,1
1,NewOrder,1772074574.530443,14544,11,1
2,Payment,1772074574.531050,14258,8,1
1,NewOrder,1772074574.532545,28159,3,1
2,Payment,1772074574.534216,13084,15,1
1,NewOrder,1772074574.536522,25953,6,1
1,NewOrder,1772074574.536887,44614,21,1
2,Payment,1772074574.537479,13328,16,1
2,Payment,1772074574.539948,31674,13,1
2,Payment,1772074574.540599,7854,18,1
1,NewOrder,1772074574.542169,41529,7,1
2,Payment,1772074574.544997,9660,11,1
1,NewOrder,1772074574.545287,17761,2,1
2,Payment,1772074574.545316,5174,8,1
2,Payment,1772074574.546506,15308,14,1
2,Payment,1772074574.547308,29872,15,1
2,Payment,1772074574.547326,18546,9,1
1,NewOrder,1772074574.548089,14988,20,1
1,NewOrder,1772074574.548462,14204,18,1
3,OrderStatus,1772074574.549032,3346,12,1
2,Payment,1772074574.549506,5183,0,1
2,Payment,1772074574.550452,9143,4,1
1,NewOrder,1772074574.550496,22389,8,1
1,NewOrder,1772074574.550813,16738,16,1
1,NewOrder,1772074574.551785,10461,10,1
1,NewOrder,1772074574.552385,10291,12,1
1,NewOrder,1772074574.554391,13335,23,1
1,NewOrder,1772074574.554665,27429,11,1
2,Payment,1772074574.554693,13965,0,1
2,Payment,1772074574.554755,26316,17,1
1,NewOrder,1772074574.555777,27042,5,1
4,Delivery,1772074574.556347,10591,1,1
1,NewOrder,1772074574.559600,20219,4,1
2,Payment,1772074574.560709,14835,3,1
2,Payment,1772074574.561825,28314,14,1
2,Payment,1772074574.562269,7995,10,1
2,Payment,1772074574.562502,13456,6,1
2,Payment,1772074574.562672,4310,18,1
2,Payment,1772074574.562686,31072,12,1
2,Payment,1772074574.563053,17669,2,1
4,Delivery,1772074574.563086,5202,20,1
1,NewOrder,1772074574.565882,19149,9,1
3,OrderStatus,1772074574.566943,3320,1,1
1,NewOrder,1772074574.566987,18702,18,1
1,NewOrder,1772074574.567557,20125,16,1
1,NewOrder,1772074574.567753,24938,23,1
1,NewOrder,1772074574.567859,22305,22,1
2,Payment,1772074574.568264,5434,19,1
1,NewOrder,1772074574.568305,17354,20,1
1,NewOrder,1772074574.568673,19620,0,1
2,Payment,1772074574.570274,16335,1,1
1,NewOrder,1772074574.570280,17302,10,1
2,Payment,1772074574.571626,27231,13,1
2,Payment,1772074574.572896,9635,8,1
2,Payment,1772074574.573704,5437,19,1
1,NewOrder,1772074574.575553,12082,3,1
2,Payment,1772074574.575970,14235,6,1
2,Payment,1772074574.577186,25414,15,1
1,NewOrder,1772074574.579169,31907,19,1
1,NewOrder,1772074574.579824,35546,4,1
1,NewOrder,1772074574.580733,35218,2,1
2,Payment,1772074574.581076,25795,17,1
2,Payment,1772074574.581538,10381,21,1
4,Delivery,1772074574.582104,55890,11,1
2,Payment,1772074574.582542,11815,8,1
1,NewOrder,1772074574.582829,33327,5,1
2,Payment,1772074574.583857,12308,7,1
2,Payment,1772074574.585057,13321,9,1
1,NewOrder,1772074574.585670,30515,20,1
3,OrderStatus,1772074574.585695,6740,18,1
1,NewOrder,1772074574.586616,29560,1,1
2,Payment,1772074574.587591,16067,10,1
1,NewOrder,1772074574.587644,23859,3,1
1,NewOrder,1772074574.587696,8545,16,1
2,Payment,1772074574.588303,1437,0,1
1,NewOrder,1772074574.589745,13792,0,1
2,Payment,1772074574.590144,21411,14,1
1,NewOrder,1772074574.590170,16289,22,1
2,Payment,1772074574.590219,16688,6,1
1,NewOrder,1772074574.591938,24195,21,1
1,NewOrder,1772074574.592444,26765,18,1
1,NewOrder,1772074574.592702,23114,23,1
2,Payment,1772074574.593766,26956,12,1
2,Payment,1772074574.594374,18680,8,1
2,Payment,1772074574.596175,20930,7,1
2,Payment,1772074574.596247,32628,16,1
2,Payment,1772074574.598385,21743,9,1
5,StockLevel,1772074574.598867,9687,13,1
2,Payment,1772074574.602615,33864,15,1
2,Payment,1772074574.603548,1887,0,1
2,Payment,1772074574.603683,27765,10,1
2,Payment,1772074574.605447,2967,0,1
1,NewOrder,1772074574.606462,50053,22,1
1,NewOrder,1772074574.606906,17729,17,1
2,Payment,1772074574.606935,29760,6,1
1,NewOrder,1772074574.608428,21980,0,1
1,NewOrder,1772074574.608578,50203,13,1
5,StockLevel,1772074574.611082,7529,19,1
2,Payment,1772074574.611507,9420,3,1
2,Payment,1772074574.611564,33262,14,1
2,Payment,1772074574.613082,32127,8,1
1,NewOrder,1772074574.615379,29435,4,1
2,Payment,1772074574.615841,15556,23,1
1,NewOrder,1772074574.615987,45538,2,1
2,Payment,1772074574.616145,21698,21,1
5,StockLevel,1772074574.616178,31872,5,1
2,Payment,1772074574.616201,14186,1,1
2,Payment,1772074574.616213,31602,20,1
1,NewOrder,1772074574.617118,39363,7,1
2,Payment,1772074574.618619,32368,19,1
2,Payment,1772074574.619220,40102,18,1
1,NewOrder,1772074574.620138,35959,9,1
4,Delivery,1772074574.620731,26523,12,1
1,NewOrder,1772074574.620931,51910,3,1
1,NewOrder,1772074574.624644,39653,17,1
1,NewOrder,1772074574.628894,30357,16,1
1,NewOrder,1772074574.630412,30434,1,1
5,StockLevel,1772074574.630432,23143,0,1
2,Payment,1772074574.631422,24117,23,1
4,Delivery,1772074574.631473,7411,10,1
1,NewOrder,1772074574.636503,37249,15,1
2,Payment,1772074574.636722,13655,6,1
2,Payment,1772074574.637848,27524,21,1
2,Payment,1772074574.638005,14670,11,1
1,NewOrder,1772074574.638891,15980,10,1
2,Payment,1772074574.644824,11341,4,1
2,Payment,1772074574.644834,10623,14,1
1,NewOrder,1772074574.645215,36953,8,1
4,Delivery,1772074574.647278,18725,12,1
4,Delivery,1772074574.647824,34875,20,1
1,NewOrder,1772074574.648061,26924,5,1
1,NewOrder,1772074574.650404,27473,6,1
2,Payment,1772074574.650993,16779,19,1
2,Payment,1772074574.652681,4041,11,1
1,NewOrder,1772074574.653579,23389,0,1
1,NewOrder,1772074574.654881,38826,10,1
1,NewOrder,1772074574.655468,38717,14,1
2,Payment,1772074574.655549,20502,23,1
2,Payment,1772074574.656100,7591,9,1
1,NewOrder,1772074574.656170,22920,4,1
2,Payment,1772074574.656486,15060,7,1
2,Payment,1772074574.656524,28993,22,1
2,Payment,1772074574.656732,17947,11,1
2,Payment,1772074574.658785,8583,13,1
1,NewOrder,1772074574.659261,22882,16,1
1,NewOrder,1772074574.659332,29030,18,1
2,Payment,1772074574.660856,10173,1,1
1,NewOrder,1772074574.661536,24362,2,1
2,Payment,1772074574.663701,20236,9,1
1,NewOrder,1772074574.664307,37695,17,1
2,Payment,1772074574.665379,28728,21,1
2,Payment,1772074574.666009,8951,12,1
1,NewOrder,1772074574.667375,21494,13,1
1,NewOrder,1772074574.667775,31950,19,1
1,NewOrder,1772074574.671032,38997,1,1
1,NewOrder,1772074574.671559,18459,7,1
3,OrderStatus,1772074574.672848,4522,3,1
2,Payment,1772074574.673764,9391,15,1
1,NewOrder,1772074574.674690,34020,11,1
3,OrderStatus,1772074574.674970,4019,12,1
1,NewOrder,1772074574.674997,38695,5,1
1,NewOrder,1772074574.676056,29827,23,1
2,Payment,1772074574.676973,4723,0,1
1,NewOrder,1772074574.677376,11402,3,1
1,NewOrder,1772074574.677885,11128,6,1
2,Payment,1772074574.678997,15375,12,1
1,NewOrder,1772074574.679096,38017,4,1
2,Payment,1772074574.681701,4565,0,1
1,NewOrder,1772074574.682148,6579,16,1
2,Payment,1772074574.682173,11982,8,1
2,Payment,1772074574.682704,17381,20,1
2,Payment,1772074574.683161,17203,15,1
2,Payment,1772074574.683949,16178,9,1
1,NewOrder,1772074574.685522,32926,22,1
2,Payment,1772074574.685910,10874,2,1
1,NewOrder,1772074574.686271,23102,0,1
1,NewOrder,1772074574.688372,24974,18,1
3,OrderStatus,1772074574.688735,7963,16,1
2,Payment,1772074574.688783,12567,3,1
1,NewOrder,1772074574.688879,16802,13,1
1,NewOrder,1772074574.689021,5049,6,1
2,Payment,1772074574.690023,15395,7,1
2,Payment,1772074574.693718,17920,10,1
1,NewOrder,1772074574.694076,21688,6,1
1,NewOrder,1772074574.694113,11237,21,1
1,NewOrder,1772074574.694165,30279,8,1
2,Payment,1772074574.694190,11283,14,1
2,Payment,1772074574.694376,15625,12,1
2,Payment,1772074574.696704,20802,16,1
2,Payment,1772074574.696794,8156,2,1
1,NewOrder,1772074574.699731,15361,19,1
1,NewOrder,1772074574.700088,23142,20,1
2,Payment,1772074574.700132,17758,9,1
2,Payment,1772074574.700372,23621,15,1
2,Payment,1772074574.701356,7017,3,1
4,Delivery,1772074574.702007,33766,17,1
1,NewOrder,1772074574.704961,16541,2,1
1,NewOrder,1772074574.705360,34349,21,1
1,NewOrder,1772074574.705423,27736,7,1
2,Payment,1772074574.705484,24138,14,1
2,Payment,1772074574.705687,32067,13,1
2,Payment,1772074574.705889,6666,23,1
1,NewOrder,1772074574.708382,14408,3,1
1,NewOrder,1772074574.708720,17677,11,1
1,NewOrder,1772074574.709378,16190,0,1
4,Delivery,1772074574.710004,26082,12,1
2,Payment,1772074574.710037,7605,1,1
2,Payment,1772074574.711648,12157,10,1
2,Payment,1772074574.712565,8466,23,1
1,NewOrder,1772074574.713356,25997,18,1
2,Payment,1772074574.713703,12240,5,1
2,Payment,1772074574.715099,11954,19,1
1,NewOrder,1772074574.715771,17021,6,1
2,Payment,1772074574.717130,14930,4,1
2,Payment,1772074574.717514,26694,16,1
1,NewOrder,1772074574.717647,49715,1,1
2,Payment,1772074574.717894,11134,9,1
1,NewOrder,1772074574.718457,9891,22,1
2,Payment,1772074574.721041,15100,23,1
2,Payment,1772074574.721507,25638,2,1
4,Delivery,1772074574.722806,12995,3,1
2,Payment,1772074574.723235,21776,20,1
2,Payment,1772074574.723811,18513,10,1
2,Payment,1772074574.724001,28013,15,1
2,Payment,1772074574.724454,10528,8,1
2,Payment,1772074574.725574,14178,0,1
2,Payment,1772074574.725950,27402,5,1
2,Payment,1772074574.726408,31866,11,1
2,Payment,1772074574.727057,24927,19,1
3,OrderStatus,1772074574.728359,2116,22,1
1,NewOrder,1772074574.729033,36170,9,1
3,OrderStatus,1772074574.729627,8836,14,1
2,Payment,1772074574.730481,27893,22,1
2,Payment,1772074574.732071,39223,4,1
2,Payment,1772074574.732803,31876,6,1
2,Payment,1772074574.733168,39661,7,1
1,NewOrder,1772074574.734993,40645,8,1
2,Payment,1772074574.735780,20934,17,1
1,NewOrder,1772074574.735806,35977,3,1
3,OrderStatus,1772074574.736093,4253,12,1
2,Payment,1772074574.736147,28854,23,1
1,NewOrder,1772074574.737764,34103,13,1
1,NewOrder,1772074574.738473,41138,14,1
2,Payment,1772074574.739358,35068,18,1
1,NewOrder,1772074574.739715,35924,21,1
2,Payment,1772074574.739755,20400,0,1
2,Payment,1772074574.740349,23161,12,1
2,Payment,1772074574.742330,38100,10,1
1,NewOrder,1772074574.744218,35399,16,1
1,NewOrder,1772074574.745017,56715,20,1
2,Payment,1772074574.747155,17690,2,1
2,Payment,1772074574.751989,27658,19,1
1,NewOrder,1772074574.752025,47808,15,1
1,NewOrder,1772074574.753360,46475,5,1
3,OrderStatus,1772074574.756724,11862,17,1
2,Payment,1772074574.758284,30145,11,1
2,Payment,1772074574.758381,30266,22,1
4,Delivery,1772074574.760166,15084,0,1
3,OrderStatus,1772074574.763518,9232,12,1
1,NewOrder,1772074574.764691,41139,6,1
2,Payment,1772074574.764853,13465,2,1
1,NewOrder,1772074574.765011,41675,23,1
2,Payment,1772074574.765215,27687,9,1
2,Payment,1772074574.767373,19930,1,1
1,NewOrder,1772074574.768593,38034,17,1
1,NewOrder,1772074574.771303,34470,4,1
2,Payment,1772074574.771793,20377,3,1
1,NewOrder,1772074574.771878,27992,13,1
1,NewOrder,1772074574.772759,31459,12,1
1,NewOrder,1772074574.772833,32966,7,1
1,NewOrder,1772074574.774436,32221,18,1
2,Payment,1772074574.775255,20172,0,1
2,Payment,1772074574.775642,5920,21,1
2,Payment,1772074574.775648,20252,8,1
1,NewOrder,1772074574.778328,27387,2,1
5,StockLevel,1772074574.779622,22360,14,1
1,NewOrder,1772074574.779627,9048,16,1
3,OrderStatus,1772074574.779658,8143,19,1
1,NewOrder,1772074574.780436,25306,10,1
4,Delivery,1772074574.781568,14496,21,1
2,Payment,1772074574.787313,22649,1,1
2,Payment,1772074574.787810,10856,19,1
2,Payment,1772074574.788438,14364,11,1
2,Payment,1772074574.788652,3893,22,1
2,Payment,1772074574.788680,1667,16,1
1,NewOrder,1772074574.790351,25562,16,1
2,Payment,1772074574.792181,53938,3,1
2,Payment,1772074574.792550,13166,22,1
2,Payment,1772074574.792906,17774,9,1
2,Payment,1772074574.795432,20196,0,1
3,OrderStatus,1772074574.795911,4445,8,1
1,NewOrder,1772074574.796068,24004,21,1
2,Payment,1772074574.798672,10948,19,1
1,NewOrder,1772074574.799847,24377,15,1
2,Payment,1772074574.799847,26838,5,1
4,Delivery,1772074574.799880,26818,13,1
4,Delivery,1772074574.800362,34752,8,1
1,NewOrder,1772074574.801738,8770,20,1
2,Payment,1772074574.801988,4613,14,1
5,StockLevel,1772074574.802807,24604,11,1
3,OrderStatus,1772074574.804228,6345,12,1
2,Payment,1772074574.805721,8089,22,1
2,Payment,1772074574.805727,31560,2,1
4,Delivery,1772074574.805748,29637,10,1
1,NewOrder,1772074574.805784,29288,4,1
2,Payment,1772074574.805806,9030,7,1
1,NewOrder,1772074574.805841,22783,6,1
2,Payment,1772074574.806605,6132,14,1
2,Payment,1772074574.806632,3792,17,1
2,Payment,1772074574.806661,11591,18,1
1,NewOrder,1772074574.806691,7146,23,1
1,NewOrder,1772074574.809627,17081,19,1
1,NewOrder,1772074574.809973,26355,1,1
3,OrderStatus,1772074574.810430,1242,17,1
2,Payment,1772074574.810518,10630,20,1
1,NewOrder,1772074574.810578,19118,12,1
1,NewOrder,1772074574.810683,20211,9,1
2,Payment,1772074574.811679,5053,17,1
1,NewOrder,1772074574.812747,12489,14,1
1,NewOrder,1772074574.813816,17044,22,1
1,NewOrder,1772074574.813844,3531,23,1
4,Delivery,1772074574.814841,20453,7,1
2,Payment,1772074574.815631,17526,0,1
1,NewOrder,1772074574.815922,18185,16,1
1,NewOrder,1772074574.816737,23758,17,1
4,Delivery,1772074574.817381,20742,23,1
2,Payment,1772074574.818258,7067,18,1
2,Payment,1772074574.820077,9654,21,1
2,Payment,1772074574.821155,20445,20,1
2,Payment,1772074574.824236,7812,15,1
2,Payment,1772074574.825244,14458,14,1
4,Delivery,1772074574.825329,13639,18,1
2,Payment,1772074574.826690,23686,5,1
2,Payment,1772074574.826708,23634,13,1
2,Payment,1772074574.826714,27432,19,1
3,OrderStatus,1772074574.827417,6065,11,1
1,NewOrder,1772074574.828644,9632,6,1
1,NewOrder,1772074574.829708,28482,12,1
1,NewOrder,1772074574.829737,16332,21,1
2,Payment,1772074574.830863,15289,22,1
2,Payment,1772074574.830900,2191,9,1
1,NewOrder,1772074574.832055,23795,15,1
2,Payment,1772074574.833096,4270,9,1
3,OrderStatus,1772074574.833160,1924,0,1
2,Payment,1772074574.833490,14347,11,1
2,Payment,1772074574.834112,10291,16,1
2,Payment,1772074574.835083,22612,4,1
2,Payment,1772074574.835097,34063,0,1
1,NewOrder,1772074574.835124,46430,8,1
1,NewOrder,1772074574.835300,25599,7,1
5,StockLevel,1772074574.835393,25281,10,1
5,StockLevel,1772074574.836339,21251,1,1
1,NewOrder,1772074574.837297,25158,2,1
2,Payment,1772074574.837373,5759,9,1
1,NewOrder,1772074574.838129,32171,23,1
2,Payment,1772074574.838287,14080,6,1
2,Payment,1772074574.838976,10586,18,1
2,Payment,1772074574.839706,21165,14,1
2,Payment,1772074574.840499,12540,17,1
1,NewOrder,1772074574.841606,39916,20,1
2,Payment,1772074574.843136,13643,9,1
1,NewOrder,1772074574.844406,41688,16,1
2,Payment,1772074574.846073,11652,21,1
2,Payment,1772074574.846126,35010,3,1
2,Payment,1772074574.846160,22915,22,1
1,NewOrder,1772074574.847842,31780,11,1
1,NewOrder,1772074574.849572,26882,18,1
1,NewOrder,1772074574.850353,13758,13,1
2,Payment,1772074574.850381,43640,5,1
1,NewOrder,1772074574.852379,24272,6,1
1,NewOrder,1772074574.853046,11959,17,1
1,NewOrder,1772074574.854155,20967,19,1
1,NewOrder,1772074574.855858,45515,15,1
1,NewOrder,1772074574.856785,48126,9,1
1,NewOrder,1772074574.857594,42974,1,1
1,NewOrder,1772074574.857700,50099,4,1
1,NewOrder,1772074574.857730,57983,21,1
1,NewOrder,1772074574.858193,40267,12,1
5,StockLevel,1772074574.860680,25248,10,1
2,Payment,1772074574.860879,4882,14,1
2,Payment,1772074574.860904,7281,7,1
1,NewOrder,1772074574.862469,25888,2,1
1,NewOrder,1772074574.864123,14869,13,1
2,Payment,1772074574.865015,5067,17,1
1,NewOrder,1772074574.865767,10716,14,1
2,Payment,1772074574.868195,4327,7,1
2,Payment,1772074574.869081,17546,22,1
2,Payment,1772074574.869170,33088,0,1
2,Payment,1772074574.870089,14459,17,1
2,Payment,1772074574.870304,22982,23,1
1,NewOrder,1772074574.872528,43157,7,1
5,StockLevel,1772074574.875130,33648,19,1
2,Payment,1772074574.876458,29402,18,1
1,NewOrder,1772074574.876494,38424,14,1
2,Payment,1772074574.876658,10951,6,1
3,OrderStatus,1772074574.879003,2876,13,1
1,NewOrder,1772074574.879629,35701,11,1
2,Payment,1772074574.881146,24575,3,1
2,Payment,1772074574.881528,16968,20,1
2,Payment,1772074574.881562,12415,8,1
1,NewOrder,1772074574.881887,13801,13,1
1,NewOrder,1772074574.884559,31099,17,1
1,NewOrder,1772074574.885939,24265,10,1
2,Payment,1772074574.886098,11517,16,1
2,Payment,1772074574.886637,15576,22,1
1,NewOrder,1772074574.887620,25049,6,1
2,Payment,1772074574.888366,22924,2,1
1,NewOrder,1772074574.893300,22075,23,1
1,NewOrder,1772074574.893988,23749,8,1
1,NewOrder,1772074574.894032,26019,5,1
5,StockLevel,1772074574.895700,5846,13,1
2,Payment,1772074574.897622,4886,16,1
1,NewOrder,1772074574.898470,25052,12,1
1,NewOrder,1772074574.898501,33569,20,1
2,Payment,1772074574.900572,19033,1,1
2,Payment,1772074574.901385,6037,15,1
2,Payment,1772074574.901556,17980,13,1
2,Payment,1772074574.902222,7601,22,1
2,Payment,1772074574.902264,21758,0,1
2,Payment,1772074574.902513,13243,16,1
1,NewOrder,1772074574.904917,18267,9,1
2,Payment,1772074574.905729,23985,3,1
1,NewOrder,1772074574.905867,31047,18,1
1,NewOrder,1772074574.907433,27083,15,1
1,NewOrder,1772074574.907805,26116,4,1
2,Payment,1772074574.908782,10786,19,1
5,StockLevel,1772074574.909833,15605,22,1
2,Payment,1772074574.910217,8521,10,1
2,Payment,1772074574.911302,31440,2,1
2,Payment,1772074574.912674,8663,6,1
1,NewOrder,1772074574.914925,23821,14,1
2,Payment,1772074574.915336,18031,11,1
1,NewOrder,1772074574.915386,23333,23,1
2,Payment,1772074574.915664,6216,17,1
2,Payment,1772074574.915694,27338,7,1
1,NewOrder,1772074574.915719,20315,21,1
2,Payment,1772074574.915759,16360,16,1
1,NewOrder,1772074574.917748,24798,8,1
2,Payment,1772074574.918746,40981,10,1
2,Payment,1772074574.919546,22780,13,1
1,NewOrder,1772074574.919583,16803,19,1
1,NewOrder,1772074574.919612,23128,1,1
2,Payment,1772074574.920058,14324,5,1
1,NewOrder,1772074574.921341,16974,6,1
5,StockLevel,1772074574.921887,9837,17,1
1,NewOrder,1772074574.923193,29490,9,1
3,OrderStatus,1772074574.923533,4812,12,1
1,NewOrder,1772074574.924026,24144,0,1
2,Payment,1772074574.925443,7103,22,1
2,Payment,1772074574.928349,26844,12,1
5,StockLevel,1772074574.931735,15025,17,1
2,Payment,1772074574.932085,5525,20,1
1,NewOrder,1772074574.932558,13550,22,1
2,Payment,1772074574.933373,38258,11,1
2,Payment,1772074574.933936,17798,4,1
1,NewOrder,1772074574.934408,35701,5,1
2,Payment,1772074574.934544,32173,15,1
2,Payment,1772074574.936044,17260,21,1
1,NewOrder,1772074574.936392,11047,19,1
1,NewOrder,1772074574.936917,15775,18,1
1,NewOrder,1772074574.937637,11644,20,1
5,StockLevel,1772074574.938452,17237,6,1
2,Payment,1772074574.938730,27089,23,1
5,StockLevel,1772074574.938752,25694,14,1
2,Payment,1772074574.942751,19241,1,1
1,NewOrder,1772074574.946118,12811,22,1
5,StockLevel,1772074574.947444,5819,19,1
1,NewOrder,1772074574.949291,12666,20,1
2,Payment,1772074574.952702,17818,18,1
3,OrderStatus,1772074574.953276,2245,19,1
1,NewOrder,1772074574.955531,5919,19,1
1,NewOrder,1772074574.958939,9931,22,1
3,OrderStatus,1772074574.961455,2287,19,1
2,Payment,1772074574.962017,5140,1,1
