Transaction Type Index,Transaction Name,Start Time (microseconds),Latency (microseconds),Worker Id (start number),Phase Id (index in config file)
2,Payment,1770904889.795398,129282,22,1
2,Payment,1770904889.795400,116585,8,1
1,NewOrder,1770904889.795400,173424,5,1
2,Payment,1770904889.795422,122581,0,1
2,Payment,1770904889.795442,106359,10,1
2,Payment,1770904889.795453,84009,1,1
1,NewOrder,1770904889.795464,160638,9,1
1,NewOrder,1770904889.795496,189607,4,1
1,NewOrder,1770904889.795504,132038,7,1
1,NewOrder,1770904889.795524,163876,3,1
1,NewOrder,1770904889.795539,141919,2,1
1,NewOrder,1770904889.795554,144050,6,1
2,Payment,1770904889.795667,89321,12,1
1,NewOrder,1770904889.795864,171212,13,1
1,NewOrder,1770904889.796075,139663,11,1
5,StockLevel,1770904889.796406,93991,16,1
2,Payment,1770904889.796538,104318,17,1
2,Payment,1770904889.796748,96416,19,1
5,StockLevel,1770904889.796948,88349,15,1
2,Payment,1770904889.797162,111914,14,1
1,NewOrder,1770904889.797366,160259,18,1
1,NewOrder,1770904889.797577,164549,21,1
2,Payment,1770904889.797804,154016,23,1
1,NewOrder,1770904889.797992,154202,20,1
2,Payment,1770904889.879710,56288,1,1
2,Payment,1770904889.885064,50892,12,1
1,NewOrder,1770904889.885378,116313,15,1
2,Payment,1770904889.890559,35960,16,1
1,NewOrder,1770904889.893234,75089,19,1
4,Delivery,1770904889.900890,100919,17,1
2,Payment,1770904889.901982,13929,10,1
1,NewOrder,1770904889.909144,41913,14,1
2,Payment,1770904889.912049,14451,8,1
2,Payment,1770904889.915958,20123,10,1
1,NewOrder,1770904889.918038,65122,0,1
2,Payment,1770904889.924749,32140,22,1
2,Payment,1770904889.926547,13568,8,1
1,NewOrder,1770904889.926549,65251,16,1
2,Payment,1770904889.927578,36142,7,1
2,Payment,1770904889.935791,37727,11,1
4,Delivery,1770904889.935981,66440,12,1
2,Payment,1770904889.936039,4339,1,1
1,NewOrder,1770904889.936127,97511,10,1
4,Delivery,1770904889.937517,72483,2,1
1,NewOrder,1770904889.939637,35049,6,1
5,StockLevel,1770904889.940149,25155,8,1
2,Payment,1770904889.940402,7765,1,1
3,OrderStatus,1770904889.948217,6095,1,1
4,Delivery,1770904889.951102,51497,14,1
1,NewOrder,1770904889.951873,66429,23,1
1,NewOrder,1770904889.952261,30948,20,1
2,Payment,1770904889.954357,4083,1,1
1,NewOrder,1770904889.956174,45573,9,1
3,OrderStatus,1770904889.956933,4671,22,1
2,Payment,1770904889.957749,21135,18,1
3,OrderStatus,1770904889.958483,2616,1,1
2,Payment,1770904889.959474,29005,3,1
2,Payment,1770904889.961139,30858,1,1
1,NewOrder,1770904889.961650,67189,22,1
1,NewOrder,1770904889.962194,44272,21,1
1,NewOrder,1770904889.963762,47327,7,1
2,Payment,1770904889.965345,21009,8,1
5,StockLevel,1770904889.967144,33874,13,1
3,OrderStatus,1770904889.968372,13219,19,1
1,NewOrder,1770904889.968882,38801,5,1
1,NewOrder,1770904889.973565,44024,11,1
1,NewOrder,1770904889.974789,33033,6,1
5,StockLevel,1770904889.978929,49989,18,1
5,StockLevel,1770904889.981635,39729,19,1
1,NewOrder,1770904889.983208,42930,0,1
1,NewOrder,1770904889.983283,17480,20,1
1,NewOrder,1770904889.985180,43633,4,1
1,NewOrder,1770904889.986404,61733,8,1
1,NewOrder,1770904889.988521,45828,3,1
4,Delivery,1770904889.991847,11779,16,1
2,Payment,1770904889.992045,3254,1,1
2,Payment,1770904889.995345,4049,1,1
2,Payment,1770904889.999441,5415,1,1
4,Delivery,1770904890.000806,77290,20,1
1,NewOrder,1770904890.001080,39709,13,1
2,Payment,1770904890.001733,31246,15,1
2,Payment,1770904890.001808,26490,9,1
1,NewOrder,1770904890.001865,83494,17,1
1,NewOrder,1770904890.002466,11238,12,1
4,Delivery,1770904890.002646,19337,14,1
1,NewOrder,1770904890.003668,25827,16,1
1,NewOrder,1770904890.004900,27222,1,1
4,Delivery,1770904890.006509,72086,21,1
4,Delivery,1770904890.007726,8347,5,1
2,Payment,1770904890.007857,32963,6,1
2,Payment,1770904890.010038,17336,2,1
1,NewOrder,1770904890.011130,23189,7,1
1,NewOrder,1770904890.013746,10086,12,1
2,Payment,1770904890.016117,18390,5,1
1,NewOrder,1770904890.017640,22866,11,1
2,Payment,1770904890.018347,14706,23,1
1,NewOrder,1770904890.021390,42745,19,1
1,NewOrder,1770904890.022024,29188,14,1
2,Payment,1770904890.023877,12566,12,1
1,NewOrder,1770904890.026187,36644,0,1
1,NewOrder,1770904890.027428,22627,2,1
2,Payment,1770904890.028331,17676,9,1
2,Payment,1770904890.028862,23633,4,1
2,Payment,1770904890.028899,14680,22,1
2,Payment,1770904890.028963,40041,18,1
2,Payment,1770904890.029530,23515,16,1
2,Payment,1770904890.032150,23892,1,1
2,Payment,1770904890.033021,15560,15,1
2,Payment,1770904890.033102,15388,23,1
1,NewOrder,1770904890.033700,38780,10,1
1,NewOrder,1770904890.034368,28408,7,1
1,NewOrder,1770904890.034388,49367,3,1
4,Delivery,1770904890.034550,124222,5,1
4,Delivery,1770904890.036487,4275,12,1
5,StockLevel,1770904890.040587,41824,11,1
2,Payment,1770904890.040805,16312,12,1
1,NewOrder,1770904890.040831,30254,13,1
2,Payment,1770904890.040861,14675,6,1
2,Payment,1770904890.043622,19752,22,1
1,NewOrder,1770904890.046048,33921,9,1
1,NewOrder,1770904890.048157,55166,8,1
2,Payment,1770904890.048534,24350,23,1
1,NewOrder,1770904890.048646,32900,15,1
1,NewOrder,1770904890.050106,49188,2,1
1,NewOrder,1770904890.051233,27642,14,1
1,NewOrder,1770904890.052538,51902,4,1
1,NewOrder,1770904890.053088,30653,16,1
1,NewOrder,1770904890.055594,30732,6,1
2,Payment,1770904890.056089,4163,1,1
1,NewOrder,1770904890.057163,17919,12,1
1,NewOrder,1770904890.060298,22045,1,1
1,NewOrder,1770904890.062822,41167,7,1
1,NewOrder,1770904890.062877,39896,0,1
1,NewOrder,1770904890.063419,26096,22,1
2,Payment,1770904890.064179,17402,19,1
1,NewOrder,1770904890.069051,14730,18,1
2,Payment,1770904890.071127,22417,13,1
2,Payment,1770904890.072524,20235,10,1
1,NewOrder,1770904890.072927,37819,23,1
1,NewOrder,1770904890.075124,35689,12,1
2,Payment,1770904890.078142,22832,20,1
4,Delivery,1770904890.078642,19574,21,1
2,Payment,1770904890.078916,22059,14,1
2,Payment,1770904890.080016,20565,9,1
4,Delivery,1770904890.081602,66648,15,1
1,NewOrder,1770904890.081631,36400,19,1
1,NewOrder,1770904890.082387,53392,1,1
2,Payment,1770904890.082455,21826,11,1
2,Payment,1770904890.083778,23858,3,1
1,NewOrder,1770904890.083796,38230,16,1
5,StockLevel,1770904890.083818,18603,18,1
4,Delivery,1770904890.085435,59354,17,1
2,Payment,1770904890.086379,50592,6,1
2,Payment,1770904890.089535,14839,22,1
2,Payment,1770904890.092804,19267,10,1
2,Payment,1770904890.093603,15425,13,1
1,NewOrder,1770904890.098269,37949,21,1
1,NewOrder,1770904890.099340,38745,2,1
2,Payment,1770904890.100631,15680,9,1
1,NewOrder,1770904890.100998,29964,20,1
1,NewOrder,1770904890.101027,26524,14,1
2,Payment,1770904890.102473,16707,18,1
1,NewOrder,1770904890.102815,23814,0,1
1,NewOrder,1770904890.103366,26663,8,1
2,Payment,1770904890.104029,19897,7,1
2,Payment,1770904890.104345,15429,11,1
1,NewOrder,1770904890.104417,20551,22,1
1,NewOrder,1770904890.104479,27287,4,1
1,NewOrder,1770904890.107680,26031,3,1
4,Delivery,1770904890.109073,35746,13,1
2,Payment,1770904890.110788,14873,23,1
1,NewOrder,1770904890.110844,21408,12,1
1,NewOrder,1770904890.112116,48222,10,1
2,Payment,1770904890.116357,17854,9,1
5,StockLevel,1770904890.118078,10601,19,1
2,Payment,1770904890.119217,17152,18,1
2,Payment,1770904890.119815,20272,11,1
2,Payment,1770904890.122068,14412,16,1
2,Payment,1770904890.123969,21911,7,1
2,Payment,1770904890.125011,15641,22,1
1,NewOrder,1770904890.125704,31019,23,1
1,NewOrder,1770904890.126674,18279,0,1
1,NewOrder,1770904890.127593,35104,14,1
2,Payment,1770904890.128717,16731,19,1
2,Payment,1770904890.130073,19528,8,1
1,NewOrder,1770904890.130997,29964,20,1
4,Delivery,1770904890.131803,27868,4,1
2,Payment,1770904890.132279,17846,12,1
1,NewOrder,1770904890.133755,57259,3,1
1,NewOrder,1770904890.134254,40026,9,1
2,Payment,1770904890.135818,8927,1,1
2,Payment,1770904890.136263,21016,21,1
2,Payment,1770904890.136411,35214,18,1
1,NewOrder,1770904890.136515,44425,16,1
2,Payment,1770904890.137015,5218,6,1
2,Payment,1770904890.138119,24743,2,1
1,NewOrder,1770904890.140132,40804,11,1
2,Payment,1770904890.140696,20585,22,1
2,Payment,1770904890.142252,14955,6,1
3,OrderStatus,1770904890.144796,10182,1,1
1,NewOrder,1770904890.144836,10697,17,1
5,StockLevel,1770904890.144864,1932,13,1
1,NewOrder,1770904890.144996,47272,0,1
2,Payment,1770904890.145480,19468,19,1
2,Payment,1770904890.145923,7759,7,1
4,Delivery,1770904890.146835,15245,13,1
2,Payment,1770904890.148293,18061,15,1
1,NewOrder,1770904890.149652,37502,8,1
2,Payment,1770904890.150166,21183,12,1
1,NewOrder,1770904890.153730,53091,7,1
1,NewOrder,1770904890.155021,54800,1,1
1,NewOrder,1770904890.155574,6987,17,1
2,Payment,1770904890.156760,18491,23,1
3,OrderStatus,1770904890.157236,2572,6,1
1,NewOrder,1770904890.157322,50902,21,1
1,NewOrder,1770904890.158810,54810,5,1
1,NewOrder,1770904890.159715,10766,4,1
1,NewOrder,1770904890.159837,7000,6,1
2,Payment,1770904890.160380,17875,10,1
1,NewOrder,1770904890.160981,46847,20,1
2,Payment,1770904890.161306,7174,22,1
2,Payment,1770904890.162102,26382,13,1
2,Payment,1770904890.162599,12184,17,1
1,NewOrder,1770904890.162726,30284,14,1
1,NewOrder,1770904890.162880,51356,2,1
1,NewOrder,1770904890.164992,48030,19,1
2,Payment,1770904890.166402,27498,15,1
2,Payment,1770904890.166869,14280,6,1
1,NewOrder,1770904890.168504,44060,22,1
1,NewOrder,1770904890.170522,29067,4,1
1,NewOrder,1770904890.171382,43538,12,1
2,Payment,1770904890.171670,5673,18,1
1,NewOrder,1770904890.174314,38109,9,1
5,StockLevel,1770904890.174826,29720,17,1
1,NewOrder,1770904890.175281,31768,23,1
2,Payment,1770904890.177387,3802,18,1
1,NewOrder,1770904890.178277,33525,10,1
1,NewOrder,1770904890.180968,33209,16,1
2,Payment,1770904890.180980,24107,11,1
2,Payment,1770904890.181184,2808,6,1
1,NewOrder,1770904890.181230,26510,18,1
2,Payment,1770904890.184033,4309,6,1
1,NewOrder,1770904890.187225,34596,8,1
4,Delivery,1770904890.188381,4572,6,1
5,StockLevel,1770904890.188516,13448,13,1
1,NewOrder,1770904890.191056,34707,3,1
1,NewOrder,1770904890.192298,41514,0,1
3,OrderStatus,1770904890.192996,2467,6,1
1,NewOrder,1770904890.193053,28246,14,1
1,NewOrder,1770904890.193930,33958,15,1
1,NewOrder,1770904890.195504,8697,6,1
2,Payment,1770904890.199633,14576,4,1
2,Payment,1770904890.202007,16075,13,1
1,NewOrder,1770904890.204248,23130,6,1
2,Payment,1770904890.204599,18600,17,1
2,Payment,1770904890.205144,11828,11,1
2,Payment,1770904890.206863,14996,7,1
1,NewOrder,1770904890.207091,29771,23,1
1,NewOrder,1770904890.207776,28783,18,1
2,Payment,1770904890.207863,14642,20,1
1,NewOrder,1770904890.208266,48328,21,1
1,NewOrder,1770904890.209864,26060,1,1
2,Payment,1770904890.211842,13238,10,1
1,NewOrder,1770904890.212460,32936,9,1
4,Delivery,1770904890.212606,100594,22,1
2,Payment,1770904890.213062,14726,19,1
1,NewOrder,1770904890.213652,37271,5,1
1,NewOrder,1770904890.214209,37312,16,1
2,Payment,1770904890.214255,13613,4,1
2,Payment,1770904890.214272,16673,2,1
2,Payment,1770904890.214956,11360,12,1
1,NewOrder,1770904890.217011,29606,11,1
1,NewOrder,1770904890.218132,35632,13,1
1,NewOrder,1770904890.221362,34540,14,1
2,Payment,1770904890.221896,12831,8,1
2,Payment,1770904890.221906,15354,7,1
2,Payment,1770904890.222539,14058,20,1
2,Payment,1770904890.223237,13455,17,1
2,Payment,1770904890.225124,17619,10,1
1,NewOrder,1770904890.225825,29206,3,1
3,OrderStatus,1770904890.226352,5837,12,1
1,NewOrder,1770904890.227415,35326,6,1
2,Payment,1770904890.227816,13843,19,1
1,NewOrder,1770904890.227908,47118,4,1
1,NewOrder,1770904890.227926,36216,15,1
1,NewOrder,1770904890.230986,39644,2,1
2,Payment,1770904890.232232,11166,12,1
2,Payment,1770904890.233852,14512,0,1
1,NewOrder,1770904890.234759,34303,8,1
1,NewOrder,1770904890.235963,44674,1,1
2,Payment,1770904890.236599,21741,18,1
1,NewOrder,1770904890.236631,21105,20,1
1,NewOrder,1770904890.236733,34503,17,1
2,Payment,1770904890.236908,18651,23,1
1,NewOrder,1770904890.237294,39585,7,1
2,Payment,1770904890.241698,10775,19,1
1,NewOrder,1770904890.242786,29890,10,1
1,NewOrder,1770904890.243437,39965,12,1
2,Payment,1770904890.245436,16144,9,1
2,Payment,1770904890.246655,22073,11,1
1,NewOrder,1770904890.248400,22797,0,1
1,NewOrder,1770904890.250964,36493,5,1
1,NewOrder,1770904890.251558,35924,16,1
1,NewOrder,1770904890.252507,31281,19,1
1,NewOrder,1770904890.253818,48057,13,1
1,NewOrder,1770904890.255073,43056,3,1
2,Payment,1770904890.255587,9495,23,1
2,Payment,1770904890.255938,16281,14,1
5,StockLevel,1770904890.256629,37984,21,1
2,Payment,1770904890.257776,14917,20,1
1,NewOrder,1770904890.258367,44571,18,1
4,Delivery,1770904890.261620,12338,9,1
4,Delivery,1770904890.262778,10630,6,1
1,NewOrder,1770904890.264168,33378,15,1
1,NewOrder,1770904890.265123,43342,23,1
3,OrderStatus,1770904890.268760,6461,11,1
1,NewOrder,1770904890.269102,23414,8,1
1,NewOrder,1770904890.270674,39564,2,1
2,Payment,1770904890.271222,15512,0,1
2,Payment,1770904890.271269,20267,17,1
1,NewOrder,1770904890.272257,37956,14,1
1,NewOrder,1770904890.272711,26968,10,1
2,Payment,1770904890.272726,14711,20,1
2,Payment,1770904890.273446,14081,6,1
2,Payment,1770904890.273989,18340,9,1
1,NewOrder,1770904890.275053,30024,4,1
1,NewOrder,1770904890.275264,37276,11,1
1,NewOrder,1770904890.276917,21182,7,1
2,Payment,1770904890.280678,11805,1,1
1,NewOrder,1770904890.283442,32556,12,1
2,Payment,1770904890.283828,12353,19,1
1,NewOrder,1770904890.286774,30645,0,1
2,Payment,1770904890.287476,15247,20,1
1,NewOrder,1770904890.287499,27895,5,1
2,Payment,1770904890.287519,16035,16,1
5,StockLevel,1770904890.287568,23493,6,1
4,Delivery,1770904890.291575,56343,17,1
1,NewOrder,1770904890.292365,17252,9,1
1,NewOrder,1770904890.292524,25959,1,1
2,Payment,1770904890.292558,15294,8,1
2,Payment,1770904890.294661,23464,21,1
1,NewOrder,1770904890.296219,32829,19,1
2,Payment,1770904890.297587,14289,15,1
2,Payment,1770904890.298139,12933,7,1
1,NewOrder,1770904890.298167,20661,3,1
2,Payment,1770904890.299713,14903,10,1
2,Payment,1770904890.301915,13160,13,1
4,Delivery,1770904890.302762,9807,20,1
3,OrderStatus,1770904890.302975,8270,18,1
1,NewOrder,1770904890.303584,31699,16,1
2,Payment,1770904890.305109,14689,4,1
1,NewOrder,1770904890.307892,28163,8,1
2,Payment,1770904890.308491,13389,23,1
2,Payment,1770904890.309649,11767,9,1
2,Payment,1770904890.310243,12607,14,1
2,Payment,1770904890.310280,14742,2,1
1,NewOrder,1770904890.311096,40173,6,1
1,NewOrder,1770904890.311102,44067,7,1
2,Payment,1770904890.311285,16056,18,1
2,Payment,1770904890.311904,14139,15,1
1,NewOrder,1770904890.312571,42025,11,1
2,Payment,1770904890.312610,11967,20,1
1,NewOrder,1770904890.313236,34593,22,1
4,Delivery,1770904890.314647,111340,10,1
3,OrderStatus,1770904890.315118,5729,13,1
1,NewOrder,1770904890.315428,34281,5,1
1,NewOrder,1770904890.316034,37284,12,1
2,Payment,1770904890.317454,21282,0,1
1,NewOrder,1770904890.318160,37042,21,1
2,Payment,1770904890.318522,23115,1,1
3,OrderStatus,1770904890.318857,10688,3,1
2,Payment,1770904890.319832,30323,4,1
1,NewOrder,1770904890.320890,26959,13,1
1,NewOrder,1770904890.321452,33794,9,1
2,Payment,1770904890.321916,8934,23,1
3,OrderStatus,1770904890.322886,10125,14,1
2,Payment,1770904890.324613,8900,20,1
2,Payment,1770904890.325050,39412,2,1
1,NewOrder,1770904890.326080,29138,15,1
2,Payment,1770904890.327383,9075,18,1
1,NewOrder,1770904890.329087,26656,19,1
2,Payment,1770904890.329583,29274,3,1
2,Payment,1770904890.330885,11191,23,1
1,NewOrder,1770904890.333085,37338,14,1
2,Payment,1770904890.333552,5792,20,1
4,Delivery,1770904890.335321,13538,16,1
1,NewOrder,1770904890.336095,48981,8,1
1,NewOrder,1770904890.336499,56333,18,1
2,Payment,1770904890.338773,16946,0,1
1,NewOrder,1770904890.339384,7506,20,1
5,StockLevel,1770904890.341682,20304,1,1
2,Payment,1770904890.342113,9183,23,1
2,Payment,1770904890.346934,7035,20,1
1,NewOrder,1770904890.347871,42594,22,1
2,Payment,1770904890.347889,11228,13,1
5,StockLevel,1770904890.347944,12013,17,1
2,Payment,1770904890.348893,16025,16,1
2,Payment,1770904890.349754,26760,5,1
1,NewOrder,1770904890.350190,29616,4,1
2,Payment,1770904890.351314,12719,6,1
2,Payment,1770904890.351332,7216,23,1
2,Payment,1770904890.353354,15354,12,1
2,Payment,1770904890.353993,6964,20,1
2,Payment,1770904890.354636,14015,11,1
2,Payment,1770904890.355201,17181,7,1
2,Payment,1770904890.355243,20836,21,1
2,Payment,1770904890.355255,15905,15,1
1,NewOrder,1770904890.355292,34998,9,1
2,Payment,1770904890.355748,27531,0,1
2,Payment,1770904890.355783,13106,19,1
5,StockLevel,1770904890.358586,36827,23,1
2,Payment,1770904890.358897,9000,3,1
1,NewOrder,1770904890.359158,33784,13,1
5,StockLevel,1770904890.359997,13812,17,1
2,Payment,1770904890.360987,17813,20,1
1,NewOrder,1770904890.362023,42523,1,1
1,NewOrder,1770904890.364073,23679,6,1
2,Payment,1770904890.364491,7045,2,1
1,NewOrder,1770904890.364953,40612,16,1
1,NewOrder,1770904890.367934,26912,3,1
1,NewOrder,1770904890.368687,30742,11,1
1,NewOrder,1770904890.368742,44206,12,1
2,Payment,1770904890.368922,13192,19,1
2,Payment,1770904890.370457,19385,14,1
3,OrderStatus,1770904890.371205,2091,15,1
2,Payment,1770904890.371573,7742,2,1
5,StockLevel,1770904890.372421,29024,7,1
1,NewOrder,1770904890.373333,28998,15,1
2,Payment,1770904890.373846,18635,17,1
2,Payment,1770904890.376126,16725,21,1
1,NewOrder,1770904890.376545,13767,5,1
1,NewOrder,1770904890.378843,14122,20,1
2,Payment,1770904890.379351,9033,2,1
5,StockLevel,1770904890.379840,26189,4,1
1,NewOrder,1770904890.382145,41527,19,1
2,Payment,1770904890.383318,3047,0,1
2,Payment,1770904890.385107,10027,8,1
2,Payment,1770904890.386399,7889,0,1
1,NewOrder,1770904890.387782,26151,6,1
2,Payment,1770904890.388421,7726,2,1
2,Payment,1770904890.389871,16876,14,1
1,NewOrder,1770904890.390332,19142,9,1
1,NewOrder,1770904890.390337,40689,5,1
2,Payment,1770904890.390505,17035,22,1
2,Payment,1770904890.392521,16800,17,1
2,Payment,1770904890.392866,16825,18,1
2,Payment,1770904890.392884,21573,21,1
4,Delivery,1770904890.392978,49446,13,1
1,NewOrder,1770904890.392991,38413,20,1
2,Payment,1770904890.394316,14814,0,1
2,Payment,1770904890.394881,11252,3,1
2,Payment,1770904890.395160,8945,8,1
1,NewOrder,1770904890.395457,46060,23,1
4,Delivery,1770904890.396182,7234,2,1
2,Payment,1770904890.399463,7938,11,1
2,Payment,1770904890.401480,10536,7,1
2,Payment,1770904890.402363,14494,15,1
2,Payment,1770904890.403444,9427,2,1
1,NewOrder,1770904890.404141,49573,8,1
2,Payment,1770904890.404582,22050,1,1
1,NewOrder,1770904890.405607,25784,16,1
2,Payment,1770904890.406058,23075,4,1
1,NewOrder,1770904890.406172,25202,3,1
1,NewOrder,1770904890.406773,29108,14,1
5,StockLevel,1770904890.407436,21397,11,1
1,NewOrder,1770904890.407562,29627,22,1
2,Payment,1770904890.409150,16559,0,1
1,NewOrder,1770904890.409352,43681,17,1
1,NewOrder,1770904890.409507,40729,9,1
2,Payment,1770904890.409727,6657,18,1
4,Delivery,1770904890.412053,14617,7,1
1,NewOrder,1770904890.412905,6502,2,1
2,Payment,1770904890.412985,9939,12,1
2,Payment,1770904890.413963,10381,6,1
1,NewOrder,1770904890.414494,28175,21,1
1,NewOrder,1770904890.416414,18861,18,1
1,NewOrder,1770904890.416891,37203,15,1
1,NewOrder,1770904890.419441,43602,2,1
1,NewOrder,1770904890.422964,28054,12,1
2,Payment,1770904890.423710,12198,19,1
1,NewOrder,1770904890.424382,33058,6,1
5,StockLevel,1770904890.425744,26385,0,1
2,Payment,1770904890.426023,12937,10,1
2,Payment,1770904890.426660,7707,1,1
2,Payment,1770904890.426708,16256,7,1
2,Payment,1770904890.428857,16663,11,1
2,Payment,1770904890.429171,9407,4,1
1,NewOrder,1770904890.431059,23863,5,1
1,NewOrder,1770904890.431412,47069,3,1
2,Payment,1770904890.431427,15118,16,1
5,StockLevel,1770904890.431435,22857,20,1
4,Delivery,1770904890.434389,53676,1,1
2,Payment,1770904890.435310,12023,18,1
2,Payment,1770904890.435915,14990,14,1
2,Payment,1770904890.435942,8242,19,1
5,StockLevel,1770904890.437223,23680,22,1
5,StockLevel,1770904890.438604,24273,4,1
2,Payment,1770904890.438994,12976,10,1
1,NewOrder,1770904890.441548,19824,23,1
2,Payment,1770904890.442442,11693,13,1
2,Payment,1770904890.442698,13452,21,1
2,Payment,1770904890.442985,5689,7,1
1,NewOrder,1770904890.444202,30986,19,1
2,Payment,1770904890.445560,9670,11,1
3,OrderStatus,1770904890.446564,9172,16,1
1,NewOrder,1770904890.447366,24818,18,1
2,Payment,1770904890.448708,8526,7,1
1,NewOrder,1770904890.450265,30272,9,1
2,Payment,1770904890.450945,9314,14,1
2,Payment,1770904890.451041,11846,12,1
2,Payment,1770904890.452007,7711,10,1
2,Payment,1770904890.452325,12648,0,1
1,NewOrder,1770904890.453079,32092,17,1
2,Payment,1770904890.453745,12868,8,1
2,Payment,1770904890.454123,15190,15,1
2,Payment,1770904890.454161,12065,13,1
1,NewOrder,1770904890.454326,26633,20,1
1,NewOrder,1770904890.454959,33739,5,1
2,Payment,1770904890.455254,13615,11,1
1,NewOrder,1770904890.455761,30942,16,1
1,NewOrder,1770904890.456186,42728,21,1
2,Payment,1770904890.457305,14848,7,1
4,Delivery,1770904890.457469,13983,6,1
1,NewOrder,1770904890.459747,30960,10,1
1,NewOrder,1770904890.460288,40376,14,1
1,NewOrder,1770904890.460928,36958,22,1
1,NewOrder,1770904890.461395,29446,23,1
1,NewOrder,1770904890.462912,29081,4,1
1,NewOrder,1770904890.462922,22782,12,1
1,NewOrder,1770904890.463078,28668,2,1
1,NewOrder,1770904890.465003,36274,0,1
2,Payment,1770904890.466256,12065,13,1
2,Payment,1770904890.466633,11105,8,1
2,Payment,1770904890.468905,5468,11,1
2,Payment,1770904890.469348,11533,15,1
1,NewOrder,1770904890.471567,25390,6,1
1,NewOrder,1770904890.472242,44124,7,1
2,Payment,1770904890.472272,9404,18,1
1,NewOrder,1770904890.474458,45696,11,1
1,NewOrder,1770904890.475253,35242,19,1
1,NewOrder,1770904890.477767,33993,8,1
2,Payment,1770904890.478343,13485,13,1
1,NewOrder,1770904890.478505,40568,3,1
2,Payment,1770904890.480562,12977,9,1
2,Payment,1770904890.480913,13221,15,1
1,NewOrder,1770904890.480977,30324,20,1
1,NewOrder,1770904890.481693,25509,18,1
2,Payment,1770904890.485199,13198,17,1
1,NewOrder,1770904890.485731,30306,12,1
2,Payment,1770904890.486724,29194,16,1
1,NewOrder,1770904890.488101,29228,1,1
3,OrderStatus,1770904890.488726,18326,5,1
2,Payment,1770904890.490735,12371,10,1
3,OrderStatus,1770904890.490873,8493,23,1
1,NewOrder,1770904890.491772,23687,2,1
2,Payment,1770904890.491851,10482,13,1
1,NewOrder,1770904890.492020,27829,4,1
5,StockLevel,1770904890.493559,27544,9,1
1,NewOrder,1770904890.494164,21961,15,1
2,Payment,1770904890.496993,9064,6,1
3,OrderStatus,1770904890.497908,7722,22,1
1,NewOrder,1770904890.498427,35506,17,1
1,NewOrder,1770904890.498944,40815,21,1
4,Delivery,1770904890.499392,145237,23,1
2,Payment,1770904890.500689,11121,14,1
1,NewOrder,1770904890.501310,23195,0,1
2,Payment,1770904890.502355,16062,13,1
2,Payment,1770904890.503133,11075,10,1
1,NewOrder,1770904890.505654,36267,22,1
2,Payment,1770904890.506084,10127,6,1
2,Payment,1770904890.507071,13816,5,1
1,NewOrder,1770904890.507229,24537,18,1
2,Payment,1770904890.510531,13396,19,1
1,NewOrder,1770904890.511330,30044,20,1
4,Delivery,1770904890.511792,71596,8,1
2,Payment,1770904890.511840,13231,14,1
1,NewOrder,1770904890.514240,34452,10,1
2,Payment,1770904890.515486,9756,2,1
2,Payment,1770904890.515937,11993,16,1
1,NewOrder,1770904890.516059,24724,12,1
1,NewOrder,1770904890.516156,25299,15,1
1,NewOrder,1770904890.516241,21988,6,1
2,Payment,1770904890.516387,8138,7,1
1,NewOrder,1770904890.517349,28528,1,1
2,Payment,1770904890.518449,12682,13,1
2,Payment,1770904890.519096,19556,3,1
2,Payment,1770904890.519882,21393,4,1
2,Payment,1770904890.520178,10133,11,1
1,NewOrder,1770904890.520910,29062,5,1
1,NewOrder,1770904890.521121,31200,9,1
1,NewOrder,1770904890.523950,27436,19,1
2,Payment,1770904890.524535,11399,0,1
1,NewOrder,1770904890.524556,31325,7,1
1,NewOrder,1770904890.525092,37098,14,1
2,Payment,1770904890.525268,18459,2,1
1,NewOrder,1770904890.527963,7492,16,1
1,NewOrder,1770904890.530338,35140,11,1
1,NewOrder,1770904890.531165,12276,13,1
2,Payment,1770904890.531785,8859,18,1
2,Payment,1770904890.533958,12414,17,1
2,Payment,1770904890.535480,14835,16,1
1,NewOrder,1770904890.535968,32851,0,1
2,Payment,1770904890.538256,8143,6,1
2,Payment,1770904890.538680,12810,3,1
2,Payment,1770904890.539779,16574,21,1
1,NewOrder,1770904890.540681,31606,18,1
1,NewOrder,1770904890.540807,23512,12,1
2,Payment,1770904890.541305,5743,4,1
1,NewOrder,1770904890.541404,15394,20,1
1,NewOrder,1770904890.541476,30275,15,1
2,Payment,1770904890.541939,11375,22,1
2,Payment,1770904890.543461,9294,13,1
1,NewOrder,1770904890.543754,20316,2,1
1,NewOrder,1770904890.545905,33574,1,1
1,NewOrder,1770904890.546399,35496,17,1
4,Delivery,1770904890.546428,37322,6,1
2,Payment,1770904890.547068,12290,4,1
4,Delivery,1770904890.548717,35165,10,1
2,Payment,1770904890.550000,14439,5,1
2,Payment,1770904890.550339,12505,16,1
1,NewOrder,1770904890.551409,17776,19,1
1,NewOrder,1770904890.551507,35458,3,1
1,NewOrder,1770904890.552352,35237,9,1
1,NewOrder,1770904890.552781,18884,13,1
5,StockLevel,1770904890.553339,13139,22,1
2,Payment,1770904890.555909,8560,7,1
1,NewOrder,1770904890.556379,26973,21,1
2,Payment,1770904890.556825,7783,20,1
1,NewOrder,1770904890.559385,30306,4,1
2,Payment,1770904890.562216,7858,14,1
2,Payment,1770904890.562874,10933,16,1
2,Payment,1770904890.564097,10998,2,1
1,NewOrder,1770904890.564347,18315,12,1
5,StockLevel,1770904890.564468,30922,5,1
3,OrderStatus,1770904890.564490,9778,7,1
1,NewOrder,1770904890.564632,18825,20,1
1,NewOrder,1770904890.565498,24968,11,1
1,NewOrder,1770904890.566503,35340,22,1
1,NewOrder,1770904890.568841,26674,0,1
1,NewOrder,1770904890.569394,20992,19,1
1,NewOrder,1770904890.570118,36508,14,1
4,Delivery,1770904890.571690,34060,13,1
2,Payment,1770904890.571776,9329,15,1
2,Payment,1770904890.572364,7981,18,1
4,Delivery,1770904890.573832,32186,16,1
2,Payment,1770904890.574298,9031,7,1
4,Delivery,1770904890.575119,32298,2,1
1,NewOrder,1770904890.579500,28888,1,1
1,NewOrder,1770904890.580368,21975,18,1
1,NewOrder,1770904890.581122,22694,15,1
1,NewOrder,1770904890.581912,37209,17,1
1,NewOrder,1770904890.582678,19537,12,1
2,Payment,1770904890.583351,6771,7,1
1,NewOrder,1770904890.583372,25236,21,1
1,NewOrder,1770904890.583404,32188,8,1
1,NewOrder,1770904890.583493,43730,20,1
4,Delivery,1770904890.583761,2267,6,1
2,Payment,1770904890.583898,8022,10,1
2,Payment,1770904890.586045,19695,6,1
2,Payment,1770904890.586981,15261,3,1
2,Payment,1770904890.587613,14601,9,1
1,NewOrder,1770904890.589712,34948,4,1
1,NewOrder,1770904890.590139,37216,7,1
2,Payment,1770904890.590401,7891,19,1
1,NewOrder,1770904890.590480,39148,11,1
4,Delivery,1770904890.591936,19081,10,1
2,Payment,1770904890.595400,16377,5,1
1,NewOrder,1770904890.595522,26776,0,1
1,NewOrder,1770904890.598310,28886,19,1
2,Payment,1770904890.601864,14691,22,1
1,NewOrder,1770904890.602230,48554,12,1
2,Payment,1770904890.602240,8437,9,1
4,Delivery,1770904890.602253,5458,3,1
2,Payment,1770904890.602362,19670,18,1
2,Payment,1770904890.603835,12744,15,1
2,Payment,1770904890.605763,6237,6,1
4,Delivery,1770904890.605763,42385,13,1
1,NewOrder,1770904890.606035,5792,16,1
4,Delivery,1770904890.606644,42329,14,1
2,Payment,1770904890.607437,8513,2,1
2,Payment,1770904890.607721,14575,3,1
2,Payment,1770904890.608404,16834,1,1
2,Payment,1770904890.608624,36620,21,1
1,NewOrder,1770904890.610691,28809,9,1
2,Payment,1770904890.611036,11296,10,1
1,NewOrder,1770904890.611802,40920,5,1
1,NewOrder,1770904890.611853,10118,16,1
1,NewOrder,1770904890.612025,9987,6,1
1,NewOrder,1770904890.615612,39990,8,1
2,Payment,1770904890.615970,14264,2,1
2,Payment,1770904890.616567,26198,22,1
1,NewOrder,1770904890.616594,45153,15,1
2,Payment,1770904890.619146,29719,17,1
1,NewOrder,1770904890.621998,6704,16,1
2,Payment,1770904890.622042,6260,6,1
1,NewOrder,1770904890.622053,17878,18,1
2,Payment,1770904890.622313,14908,3,1
1,NewOrder,1770904890.622320,2531,0,1
1,NewOrder,1770904890.622345,4164,10,1
2,Payment,1770904890.624685,23466,4,1
1,NewOrder,1770904890.624868,7438,0,1
2,Payment,1770904890.625256,16160,1,1
2,Payment,1770904890.626531,3400,10,1
5,StockLevel,1770904890.627218,39856,19,1
1,NewOrder,1770904890.627245,31785,20,1
1,NewOrder,1770904890.627371,39519,7,1
1,NewOrder,1770904890.628325,10305,6,1
1,NewOrder,1770904890.628721,5540,16,1
2,Payment,1770904890.629649,8070,11,1
2,Payment,1770904890.629951,1661,10,1
1,NewOrder,1770904890.630259,36606,2,1
1,NewOrder,1770904890.631633,6595,10,1
2,Payment,1770904890.632327,7088,0,1
1,NewOrder,1770904890.634281,5706,16,1
1,NewOrder,1770904890.637241,39649,3,1
2,Payment,1770904890.637746,9945,11,1
2,Payment,1770904890.638245,11009,10,1
1,NewOrder,1770904890.638657,22075,6,1
2,Payment,1770904890.639440,5818,0,1
2,Payment,1770904890.639521,11877,9,1
2,Payment,1770904890.639955,34072,18,1
2,Payment,1770904890.640003,10630,16,1
1,NewOrder,1770904890.641435,10836,1,1
1,NewOrder,1770904890.642786,18498,22,1
2,Payment,1770904890.644650,14891,23,1
2,Payment,1770904890.645260,16888,21,1
1,NewOrder,1770904890.645272,37376,0,1
1,NewOrder,1770904890.647707,30645,11,1
1,NewOrder,1770904890.648174,17938,4,1
3,OrderStatus,1770904890.648178,10096,13,1
1,NewOrder,1770904890.648888,28252,17,1
1,NewOrder,1770904890.648994,7721,14,1
2,Payment,1770904890.649267,3761,10,1
1,NewOrder,1770904890.650642,5126,16,1
1,NewOrder,1770904890.650799,31536,12,1
1,NewOrder,1770904890.651420,37890,9,1
1,NewOrder,1770904890.652290,26727,1,1
2,Payment,1770904890.652737,16706,5,1
1,NewOrder,1770904890.653040,36321,10,1
1,NewOrder,1770904890.655623,37818,8,1
1,NewOrder,1770904890.655778,4198,16,1
1,NewOrder,1770904890.656732,17877,14,1
2,Payment,1770904890.658302,7267,13,1
2,Payment,1770904890.659057,10913,20,1
2,Payment,1770904890.659567,4627,23,1
1,NewOrder,1770904890.659994,6076,16,1
4,Delivery,1770904890.660749,12095,6,1
2,Payment,1770904890.661308,17362,22,1
1,NewOrder,1770904890.661773,29206,15,1
2,Payment,1770904890.662171,9703,21,1
1,NewOrder,1770904890.664208,27271,23,1
2,Payment,1770904890.665592,9636,13,1
2,Payment,1770904890.666085,12089,16,1
2,Payment,1770904890.666133,9050,4,1
2,Payment,1770904890.666879,11209,2,1
1,NewOrder,1770904890.666909,35459,7,1
1,NewOrder,1770904890.667101,20714,19,1
1,NewOrder,1770904890.669460,23509,5,1
1,NewOrder,1770904890.669997,19839,20,1
2,Payment,1770904890.671892,3593,21,1
2,Payment,1770904890.672870,11595,6,1
1,NewOrder,1770904890.674046,4453,18,1
2,Payment,1770904890.674637,11438,14,1
2,Payment,1770904890.675210,11977,4,1
2,Payment,1770904890.675255,16133,13,1
2,Payment,1770904890.675500,4790,21,1
2,Payment,1770904890.676906,12828,3,1
4,Delivery,1770904890.677151,73525,17,1
2,Payment,1770904890.678112,5462,2,1
2,Payment,1770904890.678191,11512,16,1
2,Payment,1770904890.678380,8090,11,1
2,Payment,1770904890.678516,4154,18,1
1,NewOrder,1770904890.678698,12260,22,1
1,NewOrder,1770904890.679032,26865,1,1
2,Payment,1770904890.680308,4659,21,1
1,NewOrder,1770904890.682353,27631,12,1
1,NewOrder,1770904890.682666,22423,0,1
4,Delivery,1770904890.682683,19283,18,1
1,NewOrder,1770904890.683601,27713,2,1
2,Payment,1770904890.684491,6317,6,1
1,NewOrder,1770904890.684985,18322,21,1
2,Payment,1770904890.686088,10583,14,1
1,NewOrder,1770904890.686487,14975,11,1
5,StockLevel,1770904890.687210,15885,4,1
1,NewOrder,1770904890.687842,41116,19,1
1,NewOrder,1770904890.689329,22392,9,1
2,Payment,1770904890.689386,8312,10,1
2,Payment,1770904890.689728,3725,16,1
2,Payment,1770904890.689753,10435,3,1
2,Payment,1770904890.689859,9504,20,1
1,NewOrder,1770904890.690822,32528,6,1
2,Payment,1770904890.690972,10419,22,1
1,NewOrder,1770904890.690999,25104,15,1
1,NewOrder,1770904890.691407,38363,13,1
1,NewOrder,1770904890.691493,46986,23,1
2,Payment,1770904890.692991,12936,5,1
4,Delivery,1770904890.693468,57723,8,1
1,NewOrder,1770904890.693471,17131,16,1
2,Payment,1770904890.696687,8725,14,1
1,NewOrder,1770904890.697725,36884,10,1
1,NewOrder,1770904890.699390,36876,20,1
2,Payment,1770904890.700212,10476,3,1
1,NewOrder,1770904890.701409,33092,22,1
2,Payment,1770904890.701480,9308,11,1
3,OrderStatus,1770904890.701987,10489,18,1
2,Payment,1770904890.702388,10395,7,1
4,Delivery,1770904890.703114,107284,4,1
2,Payment,1770904890.703318,11660,21,1
1,NewOrder,1770904890.705116,32249,0,1
2,Payment,1770904890.705430,9580,14,1
2,Payment,1770904890.705917,8748,1,1
3,OrderStatus,1770904890.705944,7652,5,1
1,NewOrder,1770904890.710003,20912,12,1
1,NewOrder,1770904890.710627,34444,16,1
1,NewOrder,1770904890.710716,24521,3,1
1,NewOrder,1770904890.710815,28781,11,1
2,Payment,1770904890.711332,8691,2,1
1,NewOrder,1770904890.711747,19543,9,1
1,NewOrder,1770904890.712502,23286,18,1
2,Payment,1770904890.712801,7743,7,1
2,Payment,1770904890.713623,12217,5,1
1,NewOrder,1770904890.714689,23937,1,1
2,Payment,1770904890.714996,1397,21,1
1,NewOrder,1770904890.715030,27755,14,1
3,OrderStatus,1770904890.716116,12489,15,1
2,Payment,1770904890.716410,2421,21,1
1,NewOrder,1770904890.718847,4603,21,1
2,Payment,1770904890.720039,8336,2,1
1,NewOrder,1770904890.720555,33722,7,1
1,NewOrder,1770904890.723367,37310,6,1
2,Payment,1770904890.723466,2686,21,1
1,NewOrder,1770904890.725867,29183,5,1
2,Payment,1770904890.726170,2644,21,1
2,Payment,1770904890.728393,7372,2,1
1,NewOrder,1770904890.728623,32083,15,1
2,Payment,1770904890.728831,2421,21,1
2,Payment,1770904890.728984,9015,19,1
2,Payment,1770904890.729809,9050,13,1
1,NewOrder,1770904890.730933,28448,12,1
1,NewOrder,1770904890.731268,4923,21,1
2,Payment,1770904890.731312,7218,9,1
1,NewOrder,1770904890.734522,32684,22,1
3,OrderStatus,1770904890.734633,6272,10,1
2,Payment,1770904890.735252,8862,3,1
2,Payment,1770904890.735781,6611,2,1
2,Payment,1770904890.735802,7755,18,1
2,Payment,1770904890.736204,10138,21,1
2,Payment,1770904890.736280,19610,20,1
2,Payment,1770904890.737391,9499,0,1
5,StockLevel,1770904890.738020,14924,19,1
1,NewOrder,1770904890.738507,26559,23,1
2,Payment,1770904890.738555,7469,9,1
2,Payment,1770904890.738641,10109,1,1
1,NewOrder,1770904890.738873,31397,13,1
1,NewOrder,1770904890.739613,39515,11,1
1,NewOrder,1770904890.740923,22909,10,1
1,NewOrder,1770904890.742419,28604,2,1
4,Delivery,1770904890.742799,8361,14,1
2,Payment,1770904890.743572,10369,18,1
1,NewOrder,1770904890.744138,26859,3,1
1,NewOrder,1770904890.745093,19999,16,1
2,Payment,1770904890.746051,10497,9,1
1,NewOrder,1770904890.746357,27098,21,1
2,Payment,1770904890.746917,9628,0,1
2,Payment,1770904890.748769,11606,1,1
1,NewOrder,1770904890.750703,38973,17,1
4,Delivery,1770904890.751179,49965,14,1
1,NewOrder,1770904890.751215,27930,8,1
2,Payment,1770904890.752968,10269,19,1
1,NewOrder,1770904890.753961,24276,18,1
2,Payment,1770904890.754297,9971,7,1
1,NewOrder,1770904890.755079,37293,5,1
2,Payment,1770904890.755909,10013,20,1
5,StockLevel,1770904890.756565,15845,9,1
1,NewOrder,1770904890.756575,30704,0,1
2,Payment,1770904890.759402,8141,12,1
2,Payment,1770904890.760397,7123,1,1
2,Payment,1770904890.760702,6810,6,1
1,NewOrder,1770904890.760729,22423,15,1
2,Payment,1770904890.763258,7740,19,1
1,NewOrder,1770904890.763848,31300,10,1
2,Payment,1770904890.764283,7269,7,1
2,Payment,1770904890.765079,13195,23,1
2,Payment,1770904890.765106,7808,16,1
2,Payment,1770904890.765943,7955,20,1
2,Payment,1770904890.767232,13890,22,1
2,Payment,1770904890.767542,11208,6,1
1,NewOrder,1770904890.767542,32445,1,1
2,Payment,1770904890.767571,15162,12,1
4,Delivery,1770904890.770287,31315,13,1
1,NewOrder,1770904890.771009,23268,3,1
1,NewOrder,1770904890.771027,31994,19,1
2,Payment,1770904890.771039,6264,2,1
2,Payment,1770904890.771573,12104,7,1
5,StockLevel,1770904890.772425,14085,9,1
2,Payment,1770904890.772937,14468,16,1
1,NewOrder,1770904890.773483,6632,21,1
1,NewOrder,1770904890.773918,19317,20,1
1,NewOrder,1770904890.777319,33865,2,1
2,Payment,1770904890.778248,8672,18,1
2,Payment,1770904890.778301,10899,23,1
1,NewOrder,1770904890.778767,17880,6,1
1,NewOrder,1770904890.779159,32091,11,1
1,NewOrder,1770904890.779170,33118,8,1
1,NewOrder,1770904890.780135,16888,21,1
4,Delivery,1770904890.781140,66937,22,1
1,NewOrder,1770904890.782754,32202,12,1
1,NewOrder,1770904890.783174,26648,15,1
2,Payment,1770904890.783691,9613,7,1
5,StockLevel,1770904890.786527,13743,9,1
2,Payment,1770904890.786946,9027,18,1
5,StockLevel,1770904890.787304,16931,0,1
1,NewOrder,1770904890.787432,19115,16,1
2,Payment,1770904890.789214,8812,23,1
2,Payment,1770904890.789701,8055,17,1
2,Payment,1770904890.792389,12649,5,1
2,Payment,1770904890.793260,8271,20,1
1,NewOrder,1770904890.793330,22839,7,1
2,Payment,1770904890.794298,12921,3,1
5,StockLevel,1770904890.795158,28134,10,1
2,Payment,1770904890.796000,8586,18,1
2,Payment,1770904890.796674,9491,6,1
1,NewOrder,1770904890.797047,35884,21,1
1,NewOrder,1770904890.797808,18574,17,1
1,NewOrder,1770904890.798048,23893,23,1
1,NewOrder,1770904890.800004,31722,1,1
1,NewOrder,1770904890.800289,33364,9,1
2,Payment,1770904890.801163,9574,14,1
1,NewOrder,1770904890.801541,33816,20,1
2,Payment,1770904890.801618,10899,13,1
1,NewOrder,1770904890.803047,30540,19,1
1,NewOrder,1770904890.804261,36969,0,1
2,Payment,1770904890.804613,6145,18,1
2,Payment,1770904890.805058,13653,5,1
1,NewOrder,1770904890.806191,27371,6,1
2,Payment,1770904890.806573,9773,16,1
1,NewOrder,1770904890.807240,26387,3,1
1,NewOrder,1770904890.809841,32754,15,1
2,Payment,1770904890.810420,10434,4,1
1,NewOrder,1770904890.810756,34419,14,1
1,NewOrder,1770904890.810780,27401,18,1
2,Payment,1770904890.811206,11649,2,1
1,NewOrder,1770904890.811265,21686,11,1
2,Payment,1770904890.812307,11392,8,1
1,NewOrder,1770904890.812530,3798,13,1
3,OrderStatus,1770904890.814984,7682,12,1
1,NewOrder,1770904890.816186,23810,7,1
5,StockLevel,1770904890.816345,1414,13,1
2,Payment,1770904890.816365,6068,16,1
1,NewOrder,1770904890.816409,27349,17,1
2,Payment,1770904890.817773,6953,13,1
1,NewOrder,1770904890.818731,28877,5,1
2,Payment,1770904890.820874,8001,4,1
2,Payment,1770904890.821960,15439,23,1
2,Payment,1770904890.822453,10004,16,1
1,NewOrder,1770904890.822689,40645,12,1
1,NewOrder,1770904890.822877,32126,2,1
1,NewOrder,1770904890.823309,36786,10,1
1,NewOrder,1770904890.823719,26832,8,1
2,Payment,1770904890.824744,1597,13,1
1,NewOrder,1770904890.826359,7744,13,1
1,NewOrder,1770904890.828897,17240,4,1
2,Payment,1770904890.831742,6473,1,1
2,Payment,1770904890.832478,10803,16,1
2,Payment,1770904890.832946,7759,21,1
1,NewOrder,1770904890.832969,25362,11,1
1,NewOrder,1770904890.833582,39139,6,1
1,NewOrder,1770904890.833599,20250,19,1
2,Payment,1770904890.833640,8969,3,1
2,Payment,1770904890.833675,8258,9,1
1,NewOrder,1770904890.834117,36455,13,1
1,NewOrder,1770904890.835369,22518,20,1
2,Payment,1770904890.837417,7233,23,1
1,NewOrder,1770904890.838195,17502,18,1
1,NewOrder,1770904890.838232,22069,1,1
2,Payment,1770904890.840020,7211,7,1
1,NewOrder,1770904890.840720,18826,21,1
2,Payment,1770904890.841242,9339,0,1
1,NewOrder,1770904890.841956,22427,9,1
2,Payment,1770904890.842612,13537,15,1
1,NewOrder,1770904890.842624,28732,3,1
2,Payment,1770904890.843300,6606,16,1
2,Payment,1770904890.843771,14458,17,1
2,Payment,1770904890.844671,7665,23,1
1,NewOrder,1770904890.845188,38157,14,1
2,Payment,1770904890.846151,6643,4,1
2,Payment,1770904890.847245,9652,7,1
1,NewOrder,1770904890.847624,17996,5,1
1,NewOrder,1770904890.848093,33867,22,1
1,NewOrder,1770904890.849926,39402,16,1
2,Payment,1770904890.850566,9499,8,1
1,NewOrder,1770904890.850596,30652,0,1
1,NewOrder,1770904890.852349,39385,23,1
1,NewOrder,1770904890.852811,12466,4,1
1,NewOrder,1770904890.853861,29460,19,1
1,NewOrder,1770904890.855030,34509,2,1
1,NewOrder,1770904890.855711,29176,18,1
1,NewOrder,1770904890.856162,30828,15,1
1,NewOrder,1770904890.856916,33094,7,1
1,NewOrder,1770904890.857901,34993,20,1
1,NewOrder,1770904890.858249,15273,17,1
2,Payment,1770904890.858359,7947,11,1
2,Payment,1770904890.859565,9393,21,1
1,NewOrder,1770904890.860084,33453,8,1
1,NewOrder,1770904890.860117,20749,10,1
3,OrderStatus,1770904890.860315,6547,1,1
1,NewOrder,1770904890.863351,35669,12,1
2,Payment,1770904890.864401,8664,9,1
1,NewOrder,1770904890.865294,19621,4,1
1,NewOrder,1770904890.865646,31503,5,1
2,Payment,1770904890.866319,8614,11,1
2,Payment,1770904890.866882,9516,1,1
2,Payment,1770904890.868985,7841,21,1
2,Payment,1770904890.870594,8734,13,1
1,NewOrder,1770904890.871383,21895,3,1
2,Payment,1770904890.872739,18962,6,1
1,NewOrder,1770904890.873091,29644,9,1
1,NewOrder,1770904890.873548,27609,17,1
2,Payment,1770904890.874952,7925,11,1
2,Payment,1770904890.876420,8117,1,1
1,NewOrder,1770904890.876852,26641,21,1
1,NewOrder,1770904890.879354,35974,13,1
2,Payment,1770904890.880888,7920,10,1
1,NewOrder,1770904890.881275,36276,0,1
3,OrderStatus,1770904890.881987,6589,22,1
1,NewOrder,1770904890.882904,21704,11,1
2,Payment,1770904890.883337,7118,19,1
2,Payment,1770904890.883363,6963,14,1
2,Payment,1770904890.884550,5796,1,1
1,NewOrder,1770904890.884913,46702,18,1
2,Payment,1770904890.884941,8358,4,1
1,NewOrder,1770904890.887010,35533,15,1
5,StockLevel,1770904890.888603,16611,22,1
2,Payment,1770904890.888830,8013,10,1
2,Payment,1770904890.889343,10324,16,1
2,Payment,1770904890.889564,8353,2,1
2,Payment,1770904890.890025,10018,7,1
2,Payment,1770904890.890352,11259,14,1
1,NewOrder,1770904890.890369,25881,1,1
5,StockLevel,1770904890.890465,23225,19,1
2,Payment,1770904890.891717,2110,6,1
2,Payment,1770904890.891760,9924,23,1
1,NewOrder,1770904890.892908,27009,20,1
1,NewOrder,1770904890.893305,22597,3,1
2,Payment,1770904890.893318,10213,4,1
1,NewOrder,1770904890.893552,24771,8,1
2,Payment,1770904890.893843,3872,6,1
1,NewOrder,1770904890.896870,20999,10,1
2,Payment,1770904890.897166,26648,5,1
1,NewOrder,1770904890.897734,3679,6,1
2,Payment,1770904890.897947,28675,2,1
1,NewOrder,1770904890.899038,28398,12,1
2,Payment,1770904890.899693,8592,16,1
2,Payment,1770904890.900062,8545,7,1
3,OrderStatus,1770904890.901184,7177,17,1
2,Payment,1770904890.901430,8232,6,1
1,NewOrder,1770904890.901623,34085,14,1
4,Delivery,1770904890.901698,63481,23,1
1,NewOrder,1770904890.902750,42751,9,1
1,NewOrder,1770904890.903505,25266,21,1
2,Payment,1770904890.903548,24977,4,1
1,NewOrder,1770904890.904625,31325,11,1
1,NewOrder,1770904890.905241,22790,22,1
2,Payment,1770904890.908303,7774,16,1
1,NewOrder,1770904890.908382,41854,17,1
2,Payment,1770904890.908622,7929,7,1
2,Payment,1770904890.909680,1596,6,1
1,NewOrder,1770904890.911292,2087,6,1
2,Payment,1770904890.913395,4696,6,1
1,NewOrder,1770904890.913708,39583,19,1
1,NewOrder,1770904890.915349,40141,13,1
4,Delivery,1770904890.915929,91272,3,1
4,Delivery,1770904890.916104,98763,16,1
2,Payment,1770904890.916263,15730,1,1
2,Payment,1770904890.916563,9546,7,1
1,NewOrder,1770904890.917564,33815,0,1
2,Payment,1770904890.917886,18086,10,1
1,NewOrder,1770904890.918104,3107,6,1
1,NewOrder,1770904890.918342,31368,8,1
2,Payment,1770904890.919944,10659,20,1
1,NewOrder,1770904890.921231,5349,6,1
2,Payment,1770904890.922559,7545,15,1
1,NewOrder,1770904890.923832,32244,5,1
1,NewOrder,1770904890.926126,36387,7,1
1,NewOrder,1770904890.926599,4165,6,1
1,NewOrder,1770904890.926641,24251,2,1
2,Payment,1770904890.927451,11303,12,1
1,NewOrder,1770904890.928049,22698,22,1
2,Payment,1770904890.928550,1787,4,1
1,NewOrder,1770904890.928799,32496,21,1
2,Payment,1770904890.930127,14086,15,1
1,NewOrder,1770904890.930353,5536,4,1
1,NewOrder,1770904890.930626,31302,20,1
1,NewOrder,1770904890.930783,6993,6,1
2,Payment,1770904890.931633,11210,18,1
1,NewOrder,1770904890.932010,27220,1,1
1,NewOrder,1770904890.935735,26160,14,1
2,Payment,1770904890.935907,1226,4,1
2,Payment,1770904890.935970,5938,11,1
2,Payment,1770904890.935989,7751,10,1
2,Payment,1770904890.937145,1776,4,1
2,Payment,1770904890.937810,9315,6,1
1,NewOrder,1770904890.938775,26702,12,1
4,Delivery,1770904890.938931,66999,4,1
5,StockLevel,1770904890.941926,19686,11,1
2,Payment,1770904890.942859,8059,18,1
2,Payment,1770904890.943762,6335,10,1
4,Delivery,1770904890.944239,71044,15,1
2,Payment,1770904890.945517,10589,9,1
2,Payment,1770904890.947144,10630,6,1
2,Payment,1770904890.949728,9878,8,1
1,NewOrder,1770904890.950115,18263,10,1
1,NewOrder,1770904890.950263,30197,17,1
2,Payment,1770904890.950762,10073,22,1
1,NewOrder,1770904890.950914,23008,2,1
2,Payment,1770904890.950933,11971,18,1
2,Payment,1770904890.951392,5009,0,1
1,NewOrder,1770904890.953310,24981,19,1
1,NewOrder,1770904890.955510,26403,13,1
1,NewOrder,1770904890.956093,26704,5,1
1,NewOrder,1770904890.956120,16551,9,1
1,NewOrder,1770904890.956418,28438,0,1
1,NewOrder,1770904890.957812,26312,6,1
1,NewOrder,1770904890.959244,18514,1,1
2,Payment,1770904890.959623,6322,8,1
2,Payment,1770904890.960862,8014,22,1
2,Payment,1770904890.961323,9963,21,1
1,NewOrder,1770904890.961630,26810,11,1
1,NewOrder,1770904890.961908,28289,14,1
1,NewOrder,1770904890.961943,30119,20,1
2,Payment,1770904890.962529,6967,7,1
4,Delivery,1770904890.962915,3136,18,1
1,NewOrder,1770904890.965197,15652,23,1
2,Payment,1770904890.965497,9584,12,1
2,Payment,1770904890.965966,7179,8,1
1,NewOrder,1770904890.966067,16506,18,1
1,NewOrder,1770904890.968397,16920,10,1
2,Payment,1770904890.968888,8919,22,1
2,Payment,1770904890.969513,7964,7,1
5,StockLevel,1770904890.971310,13932,21,1
1,NewOrder,1770904890.972688,31746,9,1
1,NewOrder,1770904890.973162,35093,8,1
2,Payment,1770904890.973951,8657,2,1
2,Payment,1770904890.975094,5729,12,1
1,NewOrder,1770904890.977489,25411,7,1
2,Payment,1770904890.977778,7559,1,1
1,NewOrder,1770904890.977833,16212,22,1
1,NewOrder,1770904890.978304,14980,19,1
1,NewOrder,1770904890.980486,21436,17,1
2,Payment,1770904890.980841,6998,12,1
1,NewOrder,1770904890.980867,30674,23,1
2,Payment,1770904890.981925,10531,13,1
1,NewOrder,1770904890.982598,31269,18,1
2,Payment,1770904890.982625,8402,2,1
1,NewOrder,1770904890.982820,41750,5,1
2,Payment,1770904890.984139,1800,6,1
1,NewOrder,1770904890.984878,20762,0,1
2,Payment,1770904890.985269,7999,21,1
1,NewOrder,1770904890.985333,33248,10,1
2,Payment,1770904890.985360,7792,1,1
1,NewOrder,1770904890.985957,8510,6,1
1,NewOrder,1770904890.987856,22284,12,1
1,NewOrder,1770904890.988457,39485,11,1
2,Payment,1770904890.990224,6895,14,1
1,NewOrder,1770904890.991055,29887,2,1
1,NewOrder,1770904890.992078,45668,20,1
1,NewOrder,1770904890.992483,17138,13,1
2,Payment,1770904890.993176,11687,1,1
1,NewOrder,1770904890.993298,40300,21,1
4,Delivery,1770904890.993300,55361,19,1
1,NewOrder,1770904890.994060,16114,22,1
2,Payment,1770904890.994485,8017,6,1
2,Payment,1770904890.997146,6826,14,1
1,NewOrder,1770904891.001943,34546,17,1
2,Payment,1770904891.002521,7070,6,1
2,Payment,1770904891.002928,9626,7,1
2,Payment,1770904891.003997,10736,14,1
5,StockLevel,1770904891.004448,17205,9,1
1,NewOrder,1770904891.004876,29040,1,1
1,NewOrder,1770904891.005667,23249,0,1
2,Payment,1770904891.005947,2458,4,1
2,Payment,1770904891.007228,11387,3,1
1,NewOrder,1770904891.008275,26177,8,1
1,NewOrder,1770904891.008423,3360,4,1
1,NewOrder,1770904891.009612,30293,6,1
2,Payment,1770904891.009648,6998,13,1
1,NewOrder,1770904891.010167,49220,12,1
2,Payment,1770904891.010202,7745,22,1
2,Payment,1770904891.011557,11844,23,1
2,Payment,1770904891.011794,9102,4,1
1,NewOrder,1770904891.012574,28695,7,1
2,Payment,1770904891.013893,11161,18,1
3,OrderStatus,1770904891.014760,18455,14,1
1,NewOrder,1770904891.014882,36365,16,1
1,NewOrder,1770904891.015305,5615,15,1
2,Payment,1770904891.016665,17280,13,1
1,NewOrder,1770904891.017974,38952,22,1
2,Payment,1770904891.018595,8044,10,1
1,NewOrder,1770904891.018636,37566,3,1
2,Payment,1770904891.020919,2630,4,1
1,NewOrder,1770904891.020939,6971,15,1
2,Payment,1770904891.020971,6354,2,1
1,NewOrder,1770904891.021681,22601,9,1
2,Payment,1770904891.023427,15977,23,1
2,Payment,1770904891.023566,1172,4,1
2,Payment,1770904891.024595,9358,5,1
5,StockLevel,1770904891.024753,1494,4,1
2,Payment,1770904891.025079,16550,18,1
1,NewOrder,1770904891.026261,7620,4,1
4,Delivery,1770904891.026652,67326,10,1
1,NewOrder,1770904891.027352,39725,2,1
1,NewOrder,1770904891.027928,9495,15,1
2,Payment,1770904891.027967,6814,11,1
2,Payment,1770904891.028930,6941,0,1
1,NewOrder,1770904891.033236,28627,14,1
3,OrderStatus,1770904891.033623,8511,21,1
2,Payment,1770904891.033900,3747,4,1
2,Payment,1770904891.033931,9906,1,1
2,Payment,1770904891.033973,9158,13,1
1,NewOrder,1770904891.033981,34976,5,1
1,NewOrder,1770904891.034464,21397,8,1
3,OrderStatus,1770904891.034808,8198,11,1
2,Payment,1770904891.035888,10953,0,1
2,Payment,1770904891.036508,9752,17,1
2,Payment,1770904891.037450,11488,15,1
2,Payment,1770904891.037662,1977,4,1
1,NewOrder,1770904891.037772,29766,20,1
1,NewOrder,1770904891.039420,32759,23,1
2,Payment,1770904891.039654,5619,4,1
2,Payment,1770904891.039930,10591,6,1
2,Payment,1770904891.041286,10954,7,1
2,Payment,1770904891.041644,2614,18,1
5,StockLevel,1770904891.042157,18000,21,1
1,NewOrder,1770904891.043027,78515,11,1
1,NewOrder,1770904891.043157,28670,13,1
1,NewOrder,1770904891.043850,50103,1,1
1,NewOrder,1770904891.044272,19631,18,1
2,Payment,1770904891.044303,10800,9,1
2,Payment,1770904891.045293,3615,4,1
1,NewOrder,1770904891.046284,35691,17,1
2,Payment,1770904891.046858,7755,0,1
1,NewOrder,1770904891.048681,33054,19,1
3,OrderStatus,1770904891.048929,1197,4,1
2,Payment,1770904891.048958,7600,15,1
1,NewOrder,1770904891.050153,6021,4,1
1,NewOrder,1770904891.050535,43493,6,1
1,NewOrder,1770904891.051267,22801,16,1
2,Payment,1770904891.052254,8079,7,1
2,Payment,1770904891.054635,10678,0,1
1,NewOrder,1770904891.055127,38809,9,1
2,Payment,1770904891.055874,15462,8,1
1,NewOrder,1770904891.056194,4668,4,1
1,NewOrder,1770904891.056222,37647,3,1
1,NewOrder,1770904891.056585,86697,15,1
2,Payment,1770904891.056939,7446,22,1
1,NewOrder,1770904891.059405,25463,12,1
2,Payment,1770904891.060170,11146,21,1
1,NewOrder,1770904891.060353,33503,7,1
1,NewOrder,1770904891.060875,20481,4,1
1,NewOrder,1770904891.061880,33497,14,1
3,OrderStatus,1770904891.063915,10351,18,1
2,Payment,1770904891.064405,9742,22,1
2,Payment,1770904891.065331,7552,0,1
2,Payment,1770904891.067092,11186,2,1
1,NewOrder,1770904891.067559,27790,20,1
2,Payment,1770904891.068971,15255,5,1
1,NewOrder,1770904891.071350,121687,21,1
2,Payment,1770904891.071373,2387,8,1
2,Payment,1770904891.071843,3110,13,1
1,NewOrder,1770904891.072191,6310,23,1
2,Payment,1770904891.073125,13596,0,1
1,NewOrder,1770904891.074071,4435,8,1
1,NewOrder,1770904891.074098,21955,16,1
2,Payment,1770904891.074159,11521,22,1
2,Payment,1770904891.074301,14844,18,1
2,Payment,1770904891.074970,1427,13,1
1,NewOrder,1770904891.076415,34431,13,1
1,NewOrder,1770904891.078301,54178,2,1
2,Payment,1770904891.078525,1349,8,1
1,NewOrder,1770904891.078538,4536,23,1
1,NewOrder,1770904891.079891,3969,8,1
2,Payment,1770904891.081384,22083,4,1
2,Payment,1770904891.081756,13161,19,1
2,Payment,1770904891.082010,11784,17,1
2,Payment,1770904891.083090,3917,23,1
1,NewOrder,1770904891.083876,3161,8,1
2,Payment,1770904891.084255,65252,5,1
2,Payment,1770904891.084894,93981,12,1
2,Payment,1770904891.085690,12049,22,1
2,Payment,1770904891.086755,64555,0,1
1,NewOrder,1770904891.087024,4065,23,1
1,NewOrder,1770904891.087056,54879,8,1
1,NewOrder,1770904891.089154,15922,18,1
2,Payment,1770904891.091106,28489,23,1
3,OrderStatus,1770904891.093807,93952,17,1
1,NewOrder,1770904891.093884,7472,3,1
2,Payment,1770904891.093892,15154,7,1
1,NewOrder,1770904891.093955,10163,9,1
1,NewOrder,1770904891.093982,9522,1,1
2,Payment,1770904891.093990,6424,10,1
2,Payment,1770904891.094047,4760,6,1
2,Payment,1770904891.094997,4252,19,1
1,NewOrder,1770904891.095362,8554,20,1
1,NewOrder,1770904891.095422,11199,14,1
2,Payment,1770904891.096071,2748,16,1
1,NewOrder,1770904891.097754,8509,22,1
2,Payment,1770904891.098819,5082,6,1
1,NewOrder,1770904891.098836,11654,16,1
2,Payment,1770904891.099268,1788,19,1
2,Payment,1770904891.100436,5458,10,1
1,NewOrder,1770904891.101070,7659,19,1
2,Payment,1770904891.101369,29042,3,1
2,Payment,1770904891.103496,25591,4,1
4,Delivery,1770904891.103514,18553,1,1
1,NewOrder,1770904891.103919,30560,6,1
1,NewOrder,1770904891.103930,90358,20,1
1,NewOrder,1770904891.104133,12981,9,1
2,Payment,1770904891.105088,3231,18,1
1,NewOrder,1770904891.105905,31903,10,1
1,NewOrder,1770904891.106269,8084,22,1
1,NewOrder,1770904891.106640,8633,14,1
2,Payment,1770904891.108327,3637,18,1
2,Payment,1770904891.108742,5960,19,1
1,NewOrder,1770904891.109075,8481,7,1
1,NewOrder,1770904891.110513,6968,16,1
2,Payment,1770904891.110862,69297,13,1
5,StockLevel,1770904891.111979,7425,18,1
2,Payment,1770904891.114365,3055,22,1
1,NewOrder,1770904891.114718,5181,19,1
2,Payment,1770904891.115292,66714,14,1
1,NewOrder,1770904891.117128,10009,9,1
2,Payment,1770904891.117445,6328,22,1
2,Payment,1770904891.117499,67217,16,1
1,NewOrder,1770904891.117584,11407,7,1
2,Payment,1770904891.119419,3085,18,1
1,NewOrder,1770904891.119608,9980,23,1
2,Payment,1770904891.119916,5288,19,1
5,StockLevel,1770904891.121558,18052,11,1
2,Payment,1770904891.122092,11827,1,1
1,NewOrder,1770904891.122521,7712,18,1
2,Payment,1770904891.123798,4102,22,1
4,Delivery,1770904891.125226,5665,19,1
1,NewOrder,1770904891.127164,14769,9,1
2,Payment,1770904891.127915,2160,22,1
2,Payment,1770904891.129019,3046,7,1
2,Payment,1770904891.129103,9558,4,1
2,Payment,1770904891.129614,5574,23,1
1,NewOrder,1770904891.130090,5421,22,1
2,Payment,1770904891.130250,8192,18,1
2,Payment,1770904891.130426,5389,3,1
5,StockLevel,1770904891.130909,1647,19,1
5,StockLevel,1770904891.132086,10544,7,1
1,NewOrder,1770904891.132494,14277,2,1
1,NewOrder,1770904891.132573,4928,19,1
1,NewOrder,1770904891.133936,3991,1,1
2,Payment,1770904891.134494,10328,6,1
1,NewOrder,1770904891.135207,7149,23,1
1,NewOrder,1770904891.135526,6802,22,1
2,Payment,1770904891.135841,3800,3,1
2,Payment,1770904891.137522,9685,19,1
4,Delivery,1770904891.137823,143812,10,1
2,Payment,1770904891.137944,4778,1,1
2,Payment,1770904891.138458,4757,18,1
1,NewOrder,1770904891.138671,16512,4,1
4,Delivery,1770904891.139636,139029,11,1
5,StockLevel,1770904891.139656,1961,3,1
2,Payment,1770904891.141628,2817,3,1
2,Payment,1770904891.141949,5265,9,1
2,Payment,1770904891.141958,16108,8,1
5,StockLevel,1770904891.142342,1438,22,1
1,NewOrder,1770904891.142371,24893,23,1
1,NewOrder,1770904891.142643,18183,7,1
2,Payment,1770904891.142741,3283,1,1
2,Payment,1770904891.143231,1562,18,1
2,Payment,1770904891.143307,44428,15,1
2,Payment,1770904891.143795,5372,22,1
2,Payment,1770904891.144458,3111,3,1
1,NewOrder,1770904891.144808,24023,18,1
2,Payment,1770904891.144836,5329,6,1
2,Payment,1770904891.146057,7343,1,1
1,NewOrder,1770904891.146783,26484,2,1
1,NewOrder,1770904891.147213,7673,19,1
2,Payment,1770904891.147240,5044,9,1
3,OrderStatus,1770904891.147591,2165,3,1
2,Payment,1770904891.149188,2708,22,1
2,Payment,1770904891.149515,5916,5,1
1,NewOrder,1770904891.149808,5648,3,1
3,OrderStatus,1770904891.150183,3559,6,1
1,NewOrder,1770904891.151335,13875,0,1
1,NewOrder,1770904891.151912,11244,22,1
1,NewOrder,1770904891.152302,16468,9,1
2,Payment,1770904891.153420,4907,1,1
2,Payment,1770904891.153760,8829,6,1
5,StockLevel,1770904891.154903,7068,19,1
1,NewOrder,1770904891.155194,15801,4,1
1,NewOrder,1770904891.155451,2869,5,1
3,OrderStatus,1770904891.155476,1649,3,1
1,NewOrder,1770904891.157144,10846,3,1
1,NewOrder,1770904891.158080,29790,8,1
2,Payment,1770904891.158338,1432,5,1
2,Payment,1770904891.158347,3518,1,1
2,Payment,1770904891.159785,3640,5,1
5,StockLevel,1770904891.160849,6650,7,1
1,NewOrder,1770904891.161878,4727,1,1
1,NewOrder,1770904891.161985,35308,19,1
2,Payment,1770904891.162605,5357,6,1
3,OrderStatus,1770904891.163175,6354,22,1
2,Payment,1770904891.163444,2169,5,1
2,Payment,1770904891.165224,6334,0,1
1,NewOrder,1770904891.165623,3304,5,1
2,Payment,1770904891.166621,7144,1,1
2,Payment,1770904891.167284,5326,23,1
2,Payment,1770904891.167532,9999,7,1
1,NewOrder,1770904891.167980,22194,6,1
1,NewOrder,1770904891.168008,20719,3,1
2,Payment,1770904891.168797,5696,9,1
1,NewOrder,1770904891.168847,26560,18,1
1,NewOrder,1770904891.168942,3153,5,1
1,NewOrder,1770904891.169546,18310,22,1
4,Delivery,1770904891.171015,65959,4,1
3,OrderStatus,1770904891.171572,5794,0,1
1,NewOrder,1770904891.172110,3205,5,1
5,StockLevel,1770904891.172634,21329,23,1
2,Payment,1770904891.173298,9157,2,1
2,Payment,1770904891.173777,5329,1,1
1,NewOrder,1770904891.174511,46124,9,1
1,NewOrder,1770904891.175329,3995,5,1
2,Payment,1770904891.177391,15696,0,1
1,NewOrder,1770904891.177550,21196,7,1
1,NewOrder,1770904891.178895,28186,12,1
1,NewOrder,1770904891.179132,48957,1,1
1,NewOrder,1770904891.179336,17017,5,1
1,NewOrder,1770904891.180181,6184,13,1
3,OrderStatus,1770904891.182024,1929,14,1
1,NewOrder,1770904891.182480,30993,2,1
2,Payment,1770904891.183978,8490,14,1
4,Delivery,1770904891.184741,8775,16,1
4,Delivery,1770904891.186388,8399,13,1
2,Payment,1770904891.187758,7905,15,1
3,OrderStatus,1770904891.187786,5944,17,1
1,NewOrder,1770904891.187871,23069,22,1
1,NewOrder,1770904891.187897,42837,8,1
1,NewOrder,1770904891.188743,23766,3,1
2,Payment,1770904891.190200,7708,6,1
2,Payment,1770904891.192493,12552,14,1
2,Payment,1770904891.193055,7992,21,1
2,Payment,1770904891.193114,6375,0,1
2,Payment,1770904891.193534,14486,16,1
2,Payment,1770904891.193750,15739,17,1
1,NewOrder,1770904891.193976,33615,23,1
2,Payment,1770904891.194315,8750,20,1
1,NewOrder,1770904891.194805,3531,13,1
2,Payment,1770904891.195425,10063,18,1
1,NewOrder,1770904891.195682,26506,15,1
4,Delivery,1770904891.196379,41091,5,1
1,NewOrder,1770904891.197308,24411,19,1
1,NewOrder,1770904891.197927,22676,6,1
1,NewOrder,1770904891.198348,7593,13,1
1,NewOrder,1770904891.198760,32421,7,1
2,Payment,1770904891.199515,6044,0,1
1,NewOrder,1770904891.201061,29707,21,1
2,Payment,1770904891.203089,4578,20,1
1,NewOrder,1770904891.205069,24102,14,1
1,NewOrder,1770904891.205504,26099,18,1
2,Payment,1770904891.205586,14521,0,1
1,NewOrder,1770904891.205953,37803,13,1
5,StockLevel,1770904891.207097,19184,12,1
2,Payment,1770904891.207686,1828,20,1
2,Payment,1770904891.208039,3855,16,1
3,OrderStatus,1770904891.209504,1847,17,1
1,NewOrder,1770904891.209531,4720,20,1
2,Payment,1770904891.210954,20675,22,1
1,NewOrder,1770904891.211370,5943,17,1
3,OrderStatus,1770904891.211916,1576,16,1
1,NewOrder,1770904891.212536,18725,3,1
2,Payment,1770904891.213499,19474,2,1
1,NewOrder,1770904891.213511,6821,16,1
1,NewOrder,1770904891.214265,20793,20,1
2,Payment,1770904891.217330,2978,17,1
2,Payment,1770904891.220134,15094,0,1
1,NewOrder,1770904891.220329,4634,17,1
1,NewOrder,1770904891.220350,7700,16,1
1,NewOrder,1770904891.220617,30133,6,1
1,NewOrder,1770904891.220659,34120,9,1
1,NewOrder,1770904891.221741,29127,19,1
2,Payment,1770904891.222204,9034,15,1
1,NewOrder,1770904891.224988,8372,17,1
3,OrderStatus,1770904891.226303,9094,12,1
2,Payment,1770904891.227617,13406,23,1
2,Payment,1770904891.228066,5328,16,1
5,StockLevel,1770904891.228117,18520,1,1
2,Payment,1770904891.229198,9417,14,1
4,Delivery,1770904891.230761,48468,8,1
2,Payment,1770904891.230786,13365,21,1
1,NewOrder,1770904891.231208,34094,7,1
1,NewOrder,1770904891.231264,27270,15,1
1,NewOrder,1770904891.231287,42013,3,1
2,Payment,1770904891.231617,15491,18,1
1,NewOrder,1770904891.231655,23621,22,1
5,StockLevel,1770904891.232987,20616,2,1
1,NewOrder,1770904891.233377,6737,17,1
1,NewOrder,1770904891.233421,22522,16,1
1,NewOrder,1770904891.235077,21157,20,1
1,NewOrder,1770904891.235244,24944,0,1
5,StockLevel,1770904891.235421,20831,12,1
1,NewOrder,1770904891.236998,38081,4,1
3,OrderStatus,1770904891.237487,2221,5,1
1,NewOrder,1770904891.238643,26760,14,1
1,NewOrder,1770904891.239728,6037,5,1
1,NewOrder,1770904891.240136,6246,17,1
1,NewOrder,1770904891.241050,20497,23,1
1,NewOrder,1770904891.243784,30254,13,1
1,NewOrder,1770904891.244174,11765,21,1
2,Payment,1770904891.245810,4100,5,1
1,NewOrder,1770904891.246401,18473,17,1
1,NewOrder,1770904891.246650,24451,1,1
2,Payment,1770904891.247135,4424,18,1
2,Payment,1770904891.249935,8273,5,1
1,NewOrder,1770904891.250773,45829,6,1
1,NewOrder,1770904891.250893,25912,19,1
1,NewOrder,1770904891.251583,22437,18,1
2,Payment,1770904891.253624,8512,2,1
2,Payment,1770904891.254800,11946,9,1
1,NewOrder,1770904891.255295,30274,22,1
1,NewOrder,1770904891.255952,19864,21,1
2,Payment,1770904891.255964,9335,16,1
2,Payment,1770904891.256248,9215,20,1
2,Payment,1770904891.256267,10986,12,1
2,Payment,1770904891.258227,4998,5,1
1,NewOrder,1770904891.258554,52676,15,1
2,Payment,1770904891.260210,9543,0,1
2,Payment,1770904891.261572,10496,23,1
1,NewOrder,1770904891.262157,23077,2,1
1,NewOrder,1770904891.263242,3855,5,1
1,NewOrder,1770904891.264899,35985,17,1
2,Payment,1770904891.265335,7241,7,1
1,NewOrder,1770904891.265343,36458,16,1
2,Payment,1770904891.265428,7849,14,1
2,Payment,1770904891.265477,8108,20,1
1,NewOrder,1770904891.266774,47545,9,1
5,StockLevel,1770904891.267113,2074,5,1
1,NewOrder,1770904891.267278,17910,12,1
2,Payment,1770904891.269213,2270,5,1
2,Payment,1770904891.269774,7421,0,1
5,StockLevel,1770904891.271128,13416,1,1
2,Payment,1770904891.271500,7576,5,1
1,NewOrder,1770904891.272083,45378,23,1
2,Payment,1770904891.272594,7866,7,1
1,NewOrder,1770904891.273304,40565,14,1
2,Payment,1770904891.273313,14170,3,1
1,NewOrder,1770904891.273599,34217,20,1
1,NewOrder,1770904891.274045,34840,18,1
1,NewOrder,1770904891.274050,54007,13,1
1,NewOrder,1770904891.275094,36439,4,1
2,Payment,1770904891.275834,11262,21,1
2,Payment,1770904891.276817,11823,19,1
2,Payment,1770904891.277210,8048,0,1
1,NewOrder,1770904891.278681,40854,11,1
4,Delivery,1770904891.279093,40420,5,1
1,NewOrder,1770904891.279263,5874,8,1
2,Payment,1770904891.280479,15969,7,1
1,NewOrder,1770904891.281654,3681,10,1
1,NewOrder,1770904891.284572,29595,1,1
2,Payment,1770904891.285153,12527,8,1
1,NewOrder,1770904891.285205,42880,12,1
1,NewOrder,1770904891.285256,37961,2,1
2,Payment,1770904891.285274,8366,0,1
1,NewOrder,1770904891.285353,3866,10,1
3,OrderStatus,1770904891.285586,8758,22,1
1,NewOrder,1770904891.287109,40564,21,1
2,Payment,1770904891.287500,20610,3,1
1,NewOrder,1770904891.288655,34944,19,1
1,NewOrder,1770904891.289238,2322,10,1
1,NewOrder,1770904891.291574,5730,10,1
5,StockLevel,1770904891.293657,22956,0,1
4,Delivery,1770904891.294364,59666,22,1
5,StockLevel,1770904891.296474,27866,7,1
1,NewOrder,1770904891.296625,36908,6,1
2,Payment,1770904891.297320,3780,10,1
1,NewOrder,1770904891.297701,4284,8,1
1,NewOrder,1770904891.300900,47150,17,1
1,NewOrder,1770904891.301117,3855,10,1
1,NewOrder,1770904891.301817,33335,16,1
2,Payment,1770904891.302007,2702,8,1
1,NewOrder,1770904891.304729,6623,8,1
2,Payment,1770904891.304988,2076,10,1
1,NewOrder,1770904891.307077,3898,10,1
2,Payment,1770904891.307843,9602,20,1
3,OrderStatus,1770904891.308128,14100,3,1
1,NewOrder,1770904891.308905,50583,18,1
1,NewOrder,1770904891.310993,3377,10,1
5,StockLevel,1770904891.311249,28575,15,1
2,Payment,1770904891.311368,2695,8,1
2,Payment,1770904891.311551,18127,4,1
2,Payment,1770904891.313890,17969,14,1
1,NewOrder,1770904891.314080,5373,8,1
1,NewOrder,1770904891.314184,32050,1,1
1,NewOrder,1770904891.314334,40599,9,1
1,NewOrder,1770904891.314396,9955,10,1
5,StockLevel,1770904891.316639,16173,0,1
1,NewOrder,1770904891.317458,49522,20,1
3,OrderStatus,1770904891.317478,6319,23,1
2,Payment,1770904891.319467,2523,8,1
4,Delivery,1770904891.319527,53113,5,1
2,Payment,1770904891.319561,6154,11,1
2,Payment,1770904891.322006,6082,8,1
5,StockLevel,1770904891.322255,24731,3,1
2,Payment,1770904891.323233,8830,2,1
5,StockLevel,1770904891.323621,15442,19,1
2,Payment,1770904891.323818,10479,23,1
2,Payment,1770904891.324358,13387,7,1
1,NewOrder,1770904891.324370,5656,10,1
1,NewOrder,1770904891.325733,28728,11,1
2,Payment,1770904891.327686,11859,21,1
1,NewOrder,1770904891.328073,3321,13,1
2,Payment,1770904891.328103,12645,12,1
1,NewOrder,1770904891.328108,21554,8,1
1,NewOrder,1770904891.329696,48496,4,1
3,OrderStatus,1770904891.330053,1552,10,1
2,Payment,1770904891.331407,15980,13,1
2,Payment,1770904891.331624,8250,10,1
1,NewOrder,1770904891.331886,36824,14,1
1,NewOrder,1770904891.332080,4370,2,1
1,NewOrder,1770904891.332838,27326,0,1
1,NewOrder,1770904891.333558,44608,6,1
1,NewOrder,1770904891.334313,21975,23,1
5,StockLevel,1770904891.335178,15565,16,1
1,NewOrder,1770904891.336468,3383,2,1
1,NewOrder,1770904891.337771,48894,7,1
1,NewOrder,1770904891.339079,16134,19,1
1,NewOrder,1770904891.339564,39985,21,1
1,NewOrder,1770904891.339835,47318,15,1
4,Delivery,1770904891.339866,33415,2,1
5,StockLevel,1770904891.339893,25302,10,1
2,Payment,1770904891.340774,8650,12,1
2,Payment,1770904891.346252,6078,1,1
2,Payment,1770904891.346998,13078,3,1
1,NewOrder,1770904891.347397,63524,13,1
2,Payment,1770904891.348068,6765,17,1
2,Payment,1770904891.349451,12502,12,1
1,NewOrder,1770904891.349676,4184,8,1
1,NewOrder,1770904891.350755,13609,16,1
2,Payment,1770904891.352350,9998,1,1
1,NewOrder,1770904891.353885,6134,8,1
1,NewOrder,1770904891.354044,26754,22,1
2,Payment,1770904891.354476,5711,11,1
1,NewOrder,1770904891.354859,19037,17,1
4,Delivery,1770904891.354947,132339,9,1
2,Payment,1770904891.355224,5386,19,1
2,Payment,1770904891.356307,6572,23,1
2,Payment,1770904891.359507,12211,18,1
1,NewOrder,1770904891.360058,27083,8,1
1,NewOrder,1770904891.360090,21322,3,1
2,Payment,1770904891.360189,4342,0,1
1,NewOrder,1770904891.360205,34460,11,1
2,Payment,1770904891.360628,21199,19,1
1,NewOrder,1770904891.361979,37816,12,1
1,NewOrder,1770904891.362370,10781,1,1
1,NewOrder,1770904891.362894,27093,23,1
2,Payment,1770904891.364378,8255,16,1
1,NewOrder,1770904891.364556,12560,0,1
2,Payment,1770904891.365212,11264,10,1
3,OrderStatus,1770904891.366998,10094,20,1
2,Payment,1770904891.368722,8988,14,1
2,Payment,1770904891.371745,7853,18,1
1,NewOrder,1770904891.372651,36857,16,1
1,NewOrder,1770904891.372668,37128,5,1
1,NewOrder,1770904891.373177,30897,1,1
1,NewOrder,1770904891.373300,4913,2,1
1,NewOrder,1770904891.373916,46514,17,1
1,NewOrder,1770904891.376501,78263,10,1
1,NewOrder,1770904891.377120,25949,20,1
2,Payment,1770904891.377145,6427,0,1
2,Payment,1770904891.377739,9297,14,1
1,NewOrder,1770904891.378190,34144,6,1
2,Payment,1770904891.378207,9035,4,1
1,NewOrder,1770904891.378231,32521,2,1
2,Payment,1770904891.379564,12513,21,1
2,Payment,1770904891.379620,9999,18,1
1,NewOrder,1770904891.380812,29460,22,1
1,NewOrder,1770904891.381429,38786,3,1
1,NewOrder,1770904891.381845,6574,19,1
3,OrderStatus,1770904891.383601,12995,0,1
2,Payment,1770904891.386682,7879,7,1
1,NewOrder,1770904891.387062,4684,14,1
2,Payment,1770904891.387164,14906,8,1
2,Payment,1770904891.387173,7523,15,1
2,Payment,1770904891.387265,1586,4,1
1,NewOrder,1770904891.388446,21294,19,1
3,OrderStatus,1770904891.388868,1484,4,1
2,Payment,1770904891.389634,16717,18,1
2,Payment,1770904891.390014,21266,23,1
1,NewOrder,1770904891.390372,16260,4,1
2,Payment,1770904891.391759,8887,14,1
1,NewOrder,1770904891.392094,61073,21,1
1,NewOrder,1770904891.394578,61239,7,1
5,StockLevel,1770904891.394688,1561,11,1
2,Payment,1770904891.394708,18805,15,1
1,NewOrder,1770904891.396274,7517,11,1
2,Payment,1770904891.396621,3203,0,1
2,Payment,1770904891.399822,16048,12,1
1,NewOrder,1770904891.399847,2614,0,1
4,Delivery,1770904891.400663,69492,14,1
2,Payment,1770904891.402095,11809,8,1
2,Payment,1770904891.402482,1607,0,1
5,StockLevel,1770904891.403117,29665,20,1
2,Payment,1770904891.403811,7500,11,1
1,NewOrder,1770904891.404112,35715,0,1
2,Payment,1770904891.404121,16383,1,1
1,NewOrder,1770904891.406371,46562,18,1
1,NewOrder,1770904891.406663,4583,4,1
1,NewOrder,1770904891.409539,29577,16,1
2,Payment,1770904891.409757,11648,19,1
1,NewOrder,1770904891.409820,38901,5,1
1,NewOrder,1770904891.410301,39268,22,1
2,Payment,1770904891.410781,11641,2,1
2,Payment,1770904891.410938,6876,13,1
1,NewOrder,1770904891.411267,5819,4,1
2,Payment,1770904891.411304,7226,23,1
2,Payment,1770904891.411330,12234,11,1
1,NewOrder,1770904891.412358,28221,6,1
1,NewOrder,1770904891.413530,76838,15,1
2,Payment,1770904891.413926,3632,8,1
1,NewOrder,1770904891.415892,24166,12,1
2,Payment,1770904891.417106,33310,4,1
2,Payment,1770904891.417580,18876,8,1
2,Payment,1770904891.417833,3578,13,1
2,Payment,1770904891.418550,6456,23,1
2,Payment,1770904891.420235,42338,3,1
2,Payment,1770904891.420450,2458,17,1
2,Payment,1770904891.420529,4147,1,1
1,NewOrder,1770904891.421424,21465,19,1
1,NewOrder,1770904891.421436,21622,13,1
1,NewOrder,1770904891.422437,8796,2,1
2,Payment,1770904891.422922,3432,17,1
2,Payment,1770904891.423574,16161,11,1
1,NewOrder,1770904891.424695,16879,1,1
1,NewOrder,1770904891.425021,4119,23,1
1,NewOrder,1770904891.426375,18351,17,1
3,OrderStatus,1770904891.429163,1502,23,1
1,NewOrder,1770904891.430684,11339,23,1
2,Payment,1770904891.431261,8583,2,1
2,Payment,1770904891.432807,29536,20,1
1,NewOrder,1770904891.436472,33012,8,1
1,NewOrder,1770904891.439129,3423,16,1
2,Payment,1770904891.439755,2470,11,1
5,StockLevel,1770904891.439846,20735,0,1
1,NewOrder,1770904891.439865,5485,2,1
3,OrderStatus,1770904891.440078,1156,12,1
1,NewOrder,1770904891.440598,7281,6,1
4,Delivery,1770904891.441250,29314,12,1
1,NewOrder,1770904891.441590,7104,1,1
2,Payment,1770904891.442038,21682,23,1
1,NewOrder,1770904891.442238,10487,11,1
2,Payment,1770904891.442566,2457,16,1
1,NewOrder,1770904891.442906,20491,19,1
1,NewOrder,1770904891.443073,5595,13,1
4,Delivery,1770904891.444740,25888,17,1
2,Payment,1770904891.445041,3262,16,1
1,NewOrder,1770904891.445367,7692,2,1
4,Delivery,1770904891.447891,39750,6,1
2,Payment,1770904891.448317,3899,16,1
2,Payment,1770904891.448686,4799,13,1
1,NewOrder,1770904891.448708,4421,1,1
2,Payment,1770904891.448738,6364,5,1
1,NewOrder,1770904891.449586,32568,22,1
2,Payment,1770904891.450436,6625,4,1
2,Payment,1770904891.452229,9603,16,1
2,Payment,1770904891.452740,3031,11,1
4,Delivery,1770904891.452950,17868,18,1
1,NewOrder,1770904891.453098,4759,2,1
1,NewOrder,1770904891.453142,27811,1,1
2,Payment,1770904891.453182,12233,21,1
1,NewOrder,1770904891.453502,5038,13,1
1,NewOrder,1770904891.454787,27217,10,1
1,NewOrder,1770904891.455115,38918,5,1
1,NewOrder,1770904891.455787,8890,11,1
1,NewOrder,1770904891.455833,25651,7,1
1,NewOrder,1770904891.457073,14504,4,1
2,Payment,1770904891.457872,6564,2,1
2,Payment,1770904891.458551,4779,13,1
1,NewOrder,1770904891.460592,30439,0,1
2,Payment,1770904891.461849,14116,16,1
1,NewOrder,1770904891.462359,45833,20,1
3,OrderStatus,1770904891.462594,8459,3,1
1,NewOrder,1770904891.463343,20242,13,1
1,NewOrder,1770904891.463413,24468,19,1
2,Payment,1770904891.463737,3543,23,1
5,StockLevel,1770904891.464454,5525,2,1
2,Payment,1770904891.464689,19416,11,1
2,Payment,1770904891.465433,3068,21,1
1,NewOrder,1770904891.467289,5480,23,1
1,NewOrder,1770904891.468521,5185,21,1
1,NewOrder,1770904891.469499,42900,8,1
1,NewOrder,1770904891.469996,39161,2,1
2,Payment,1770904891.470170,12672,14,1
2,Payment,1770904891.470579,6802,12,1
1,NewOrder,1770904891.470644,4775,17,1
1,NewOrder,1770904891.470832,34889,18,1
2,Payment,1770904891.471078,10899,3,1
1,NewOrder,1770904891.471599,27772,4,1
1,NewOrder,1770904891.472781,45127,23,1
1,NewOrder,1770904891.473722,7205,21,1
2,Payment,1770904891.475436,5035,17,1
1,NewOrder,1770904891.475980,29683,16,1
1,NewOrder,1770904891.477398,6761,12,1
2,Payment,1770904891.480499,3965,17,1
1,NewOrder,1770904891.480944,14927,21,1
4,Delivery,1770904891.480980,29883,1,1
2,Payment,1770904891.481499,10109,7,1
1,NewOrder,1770904891.481993,48937,3,1
3,OrderStatus,1770904891.482022,11790,10,1
3,OrderStatus,1770904891.482165,6879,22,1
1,NewOrder,1770904891.482853,22756,14,1
4,Delivery,1770904891.483600,16402,13,1
2,Payment,1770904891.484120,15737,11,1
1,NewOrder,1770904891.484178,16823,12,1
1,NewOrder,1770904891.484483,5432,17,1
2,Payment,1770904891.487305,9625,9,1
2,Payment,1770904891.487650,4966,6,1
2,Payment,1770904891.487903,5728,19,1
1,NewOrder,1770904891.489069,20431,22,1
2,Payment,1770904891.489932,1649,17,1
2,Payment,1770904891.490387,9904,15,1
2,Payment,1770904891.491048,6243,0,1
2,Payment,1770904891.491603,11490,17,1
2,Payment,1770904891.491624,11584,7,1
3,OrderStatus,1770904891.492627,954,6,1
2,Payment,1770904891.493588,7379,6,1
1,NewOrder,1770904891.493649,18685,19,1
1,NewOrder,1770904891.493838,38572,10,1
4,Delivery,1770904891.494049,17316,5,1
1,NewOrder,1770904891.495898,21967,21,1
1,NewOrder,1770904891.496949,55837,9,1
2,Payment,1770904891.497318,5409,0,1
1,NewOrder,1770904891.499385,27909,4,1
2,Payment,1770904891.499875,5761,11,1
1,NewOrder,1770904891.500029,17816,13,1
2,Payment,1770904891.500308,14149,15,1
1,NewOrder,1770904891.500981,4114,6,1
2,Payment,1770904891.501017,16790,12,1
5,StockLevel,1770904891.502754,12335,0,1
1,NewOrder,1770904891.503108,6855,17,1
4,Delivery,1770904891.503235,55320,7,1
2,Payment,1770904891.505108,2308,6,1
2,Payment,1770904891.505624,29762,14,1
2,Payment,1770904891.505661,4334,11,1
1,NewOrder,1770904891.505675,13964,16,1
2,Payment,1770904891.505744,11643,18,1
2,Payment,1770904891.507435,3943,6,1
2,Payment,1770904891.508204,17501,20,1
2,Payment,1770904891.509166,14489,2,1
2,Payment,1770904891.509514,18212,22,1
2,Payment,1770904891.509983,9956,17,1
2,Payment,1770904891.510011,3306,11,1
2,Payment,1770904891.510876,15619,1,1
4,Delivery,1770904891.511383,40582,5,1
1,NewOrder,1770904891.511392,6517,6,1
1,NewOrder,1770904891.512361,20649,19,1
2,Payment,1770904891.512412,13187,8,1
1,NewOrder,1770904891.513331,45659,11,1
2,Payment,1770904891.514483,24337,15,1
1,NewOrder,1770904891.515113,33302,0,1
2,Payment,1770904891.517473,14296,18,1
2,Payment,1770904891.517834,3440,12,1
3,OrderStatus,1770904891.517860,1434,13,1
2,Payment,1770904891.517876,12466,21,1
4,Delivery,1770904891.517930,55836,23,1
2,Payment,1770904891.517931,9281,6,1
5,StockLevel,1770904891.519311,17856,13,1
2,Payment,1770904891.519660,12647,16,1
1,NewOrder,1770904891.519958,5163,17,1
1,NewOrder,1770904891.521290,44801,12,1
2,Payment,1770904891.523676,11819,2,1
4,Delivery,1770904891.525137,49974,17,1
1,NewOrder,1770904891.525610,34431,8,1
1,NewOrder,1770904891.525729,46144,20,1
2,Payment,1770904891.526520,10686,1,1
2,Payment,1770904891.527237,3678,6,1
1,NewOrder,1770904891.527307,31644,4,1
1,NewOrder,1770904891.527741,4654,22,1
2,Payment,1770904891.530362,4762,21,1
5,StockLevel,1770904891.530941,24003,6,1
2,Payment,1770904891.530952,14578,3,1
2,Payment,1770904891.531793,6712,18,1
2,Payment,1770904891.532323,4578,16,1
2,Payment,1770904891.532411,8309,22,1
2,Payment,1770904891.532428,12690,10,1
1,NewOrder,1770904891.533022,25938,19,1
1,NewOrder,1770904891.535142,19562,21,1
2,Payment,1770904891.535405,4989,14,1
1,NewOrder,1770904891.535507,24788,2,1
1,NewOrder,1770904891.536925,22899,16,1
3,OrderStatus,1770904891.537180,8097,13,1
1,NewOrder,1770904891.537221,14502,1,1
5,StockLevel,1770904891.538531,17985,18,1
2,Payment,1770904891.538835,4378,15,1
2,Payment,1770904891.540421,5084,14,1
1,NewOrder,1770904891.540746,24428,22,1
1,NewOrder,1770904891.543237,22006,15,1
5,StockLevel,1770904891.545142,15570,10,1
1,NewOrder,1770904891.545296,19918,13,1
2,Payment,1770904891.545524,4961,14,1
1,NewOrder,1770904891.545543,40168,3,1
1,NewOrder,1770904891.548442,23477,0,1
2,Payment,1770904891.550503,6648,14,1
5,StockLevel,1770904891.551748,11251,1,1
1,NewOrder,1770904891.551995,15589,5,1
2,Payment,1770904891.552808,7107,9,1
2,Payment,1770904891.554731,5567,21,1
2,Payment,1770904891.554969,6369,6,1
1,NewOrder,1770904891.556531,21824,18,1
2,Payment,1770904891.557173,7193,14,1
2,Payment,1770904891.558581,7867,7,1
1,NewOrder,1770904891.558970,31004,4,1
1,NewOrder,1770904891.558975,13114,19,1
1,NewOrder,1770904891.559015,30927,11,1
2,Payment,1770904891.559847,6634,16,1
2,Payment,1770904891.559934,10672,9,1
1,NewOrder,1770904891.560053,37050,8,1
2,Payment,1770904891.560311,8891,2,1
2,Payment,1770904891.560318,4869,21,1
1,NewOrder,1770904891.560739,29180,10,1
2,Payment,1770904891.561365,10695,6,1
1,NewOrder,1770904891.563025,27018,1,1
5,StockLevel,1770904891.564390,26485,14,1
1,NewOrder,1770904891.565201,16435,22,1
1,NewOrder,1770904891.565203,19872,21,1
1,NewOrder,1770904891.565228,26326,13,1
1,NewOrder,1770904891.565269,22093,15,1
1,NewOrder,1770904891.566107,24339,12,1
2,Payment,1770904891.566464,9536,7,1
2,Payment,1770904891.566495,4739,16,1
1,NewOrder,1770904891.567611,27093,5,1
2,Payment,1770904891.569228,7469,2,1
2,Payment,1770904891.570623,13254,9,1
2,Payment,1770904891.571256,7418,16,1
2,Payment,1770904891.571887,7780,20,1
2,Payment,1770904891.571943,6757,0,1
4,Delivery,1770904891.572075,1762,6,1
1,NewOrder,1770904891.572116,17883,19,1
1,NewOrder,1770904891.573809,26140,23,1
2,Payment,1770904891.573856,7393,6,1
1,NewOrder,1770904891.575126,21664,17,1
1,NewOrder,1770904891.576025,34115,7,1
1,NewOrder,1770904891.576721,20406,2,1
1,NewOrder,1770904891.578367,38240,18,1
1,NewOrder,1770904891.578691,16471,16,1
2,Payment,1770904891.578719,5889,0,1
2,Payment,1770904891.579693,9533,20,1
1,NewOrder,1770904891.581263,48689,6,1
2,Payment,1770904891.581649,9840,22,1
1,NewOrder,1770904891.583901,41313,9,1
1,NewOrder,1770904891.584624,25861,0,1
1,NewOrder,1770904891.585102,15261,21,1
1,NewOrder,1770904891.585737,35029,3,1
2,Payment,1770904891.587389,10225,15,1
1,NewOrder,1770904891.589239,25613,20,1
5,StockLevel,1770904891.589944,18558,10,1
2,Payment,1770904891.589970,7592,11,1
2,Payment,1770904891.589999,7531,4,1
1,NewOrder,1770904891.590015,19013,19,1
3,OrderStatus,1770904891.590076,5793,1,1
4,Delivery,1770904891.590461,17253,12,1
1,NewOrder,1770904891.590900,59371,14,1
3,OrderStatus,1770904891.591504,2596,22,1
2,Payment,1770904891.591572,7804,13,1
1,NewOrder,1770904891.594116,23838,22,1
2,Payment,1770904891.594716,6224,5,1
3,OrderStatus,1770904891.595173,5002,16,1
1,NewOrder,1770904891.595894,16447,1,1
1,NewOrder,1770904891.596814,27948,17,1
2,Payment,1770904891.597128,9642,8,1
1,NewOrder,1770904891.597153,26612,2,1
4,Delivery,1770904891.597545,66139,4,1
1,NewOrder,1770904891.597587,27319,11,1
1,NewOrder,1770904891.597641,27595,15,1
1,NewOrder,1770904891.599403,21660,13,1
5,StockLevel,1770904891.599965,13764,23,1
1,NewOrder,1770904891.600193,21382,16,1
1,NewOrder,1770904891.600389,24879,21,1
2,Payment,1770904891.600957,8604,5,1
2,Payment,1770904891.606795,9511,8,1
1,NewOrder,1770904891.607733,42683,12,1
3,OrderStatus,1770904891.608529,9378,10,1
1,NewOrder,1770904891.609054,19529,19,1
1,NewOrder,1770904891.609578,41064,5,1
1,NewOrder,1770904891.610151,14908,7,1
2,Payment,1770904891.610508,6135,0,1
2,Payment,1770904891.612362,6476,1,1
2,Payment,1770904891.613745,7353,23,1
1,NewOrder,1770904891.614867,49740,20,1
1,NewOrder,1770904891.616331,46327,8,1
2,Payment,1770904891.616631,9197,18,1
1,NewOrder,1770904891.616669,33493,0,1
2,Payment,1770904891.617929,13007,10,1
1,NewOrder,1770904891.617979,32293,22,1
1,NewOrder,1770904891.618864,31428,1,1
2,Payment,1770904891.620783,8917,3,1
4,Delivery,1770904891.621079,48853,13,1
2,Payment,1770904891.621114,6857,23,1
2,Payment,1770904891.621601,5896,16,1
2,Payment,1770904891.623791,9190,2,1
1,NewOrder,1770904891.624788,51982,17,1
1,NewOrder,1770904891.624932,34801,11,1
1,NewOrder,1770904891.625081,40270,7,1
1,NewOrder,1770904891.625230,45295,9,1
1,NewOrder,1770904891.625252,56431,15,1
3,OrderStatus,1770904891.625293,8479,21,1
3,OrderStatus,1770904891.625846,8515,18,1
2,Payment,1770904891.627513,7096,16,1
1,NewOrder,1770904891.627986,75065,23,1
1,NewOrder,1770904891.628610,56120,19,1
1,NewOrder,1770904891.629726,37553,3,1
4,Delivery,1770904891.629964,1618,6,1
4,Delivery,1770904891.630946,67948,10,1
2,Payment,1770904891.631606,3450,6,1
2,Payment,1770904891.632996,22293,2,1
1,NewOrder,1770904891.633808,57268,21,1
3,OrderStatus,1770904891.634384,22421,18,1
1,NewOrder,1770904891.634620,66940,16,1
2,Payment,1770904891.635083,23794,6,1
1,NewOrder,1770904891.650197,56557,0,1
2,Payment,1770904891.650300,21224,22,1
1,NewOrder,1770904891.650302,17652,14,1
5,StockLevel,1770904891.650317,27330,1,1
2,Payment,1770904891.650441,10833,12,1
1,NewOrder,1770904891.650653,40701,5,1
1,NewOrder,1770904891.655309,31564,2,1
2,Payment,1770904891.656824,15655,18,1
1,NewOrder,1770904891.658895,28001,6,1
1,NewOrder,1770904891.659743,22259,11,1
1,NewOrder,1770904891.661299,19388,12,1
2,Payment,1770904891.662684,9288,8,1
2,Payment,1770904891.663698,2459,4,1
1,NewOrder,1770904891.664630,23075,20,1
1,NewOrder,1770904891.665377,26011,7,1
2,Payment,1770904891.666182,2177,4,1
1,NewOrder,1770904891.667296,24100,3,1
2,Payment,1770904891.667981,6093,14,1
1,NewOrder,1770904891.668388,25531,4,1
4,Delivery,1770904891.669958,32668,13,1
1,NewOrder,1770904891.670541,23986,9,1
1,NewOrder,1770904891.671550,40817,22,1
2,Payment,1770904891.671989,7806,8,1
5,StockLevel,1770904891.672505,1396,18,1
2,Payment,1770904891.673915,1276,18,1
4,Delivery,1770904891.674098,28860,14,1
1,NewOrder,1770904891.675206,11310,18,1
2,Payment,1770904891.676788,13359,17,1
2,Payment,1770904891.677673,32301,1,1
1,NewOrder,1770904891.679809,5139,8,1
2,Payment,1770904891.680713,10620,12,1
1,NewOrder,1770904891.681703,31587,15,1
4,Delivery,1770904891.682030,17351,11,1
2,Payment,1770904891.684756,9821,19,1
1,NewOrder,1770904891.684964,3034,8,1
1,NewOrder,1770904891.686532,82079,18,1
2,Payment,1770904891.686899,24240,2,1
1,NewOrder,1770904891.686911,35132,6,1
1,NewOrder,1770904891.687731,31327,20,1
4,Delivery,1770904891.688011,11390,8,1
1,NewOrder,1770904891.690172,33363,17,1
1,NewOrder,1770904891.691088,16618,21,1
2,Payment,1770904891.691359,1191,12,1
5,StockLevel,1770904891.691366,16759,5,1
1,NewOrder,1770904891.691418,25920,7,1
1,NewOrder,1770904891.691418,27066,3,1
1,NewOrder,1770904891.692565,3910,12,1
2,Payment,1770904891.693934,22677,4,1
5,StockLevel,1770904891.694538,25964,9,1
1,NewOrder,1770904891.694612,4319,19,1
1,NewOrder,1770904891.696490,2956,12,1
5,StockLevel,1770904891.698920,22028,10,1
2,Payment,1770904891.698958,2847,19,1
1,NewOrder,1770904891.699402,22939,11,1
2,Payment,1770904891.699424,2409,8,1
1,NewOrder,1770904891.699460,16670,12,1
1,NewOrder,1770904891.701572,25751,16,1
1,NewOrder,1770904891.701825,5461,19,1
1,NewOrder,1770904891.701858,17871,8,1
1,NewOrder,1770904891.702652,51875,13,1
2,Payment,1770904891.702973,1851,14,1
1,NewOrder,1770904891.703078,43158,23,1
1,NewOrder,1770904891.704838,16229,14,1
2,Payment,1770904891.706780,32172,0,1
1,NewOrder,1770904891.707313,4473,19,1
2,Payment,1770904891.707721,14320,21,1
1,NewOrder,1770904891.708139,25045,5,1
1,NewOrder,1770904891.709990,53205,1,1
1,NewOrder,1770904891.711156,4313,2,1
2,Payment,1770904891.711802,40546,19,1
3,OrderStatus,1770904891.712382,12329,22,1
2,Payment,1770904891.713315,7780,15,1
1,NewOrder,1770904891.715484,4248,2,1
1,NewOrder,1770904891.716157,9333,12,1
2,Payment,1770904891.716632,4237,4,1
2,Payment,1770904891.717353,48147,7,1
1,NewOrder,1770904891.718510,74032,3,1
2,Payment,1770904891.719075,52593,20,1
1,NewOrder,1770904891.719753,9958,2,1
2,Payment,1770904891.719757,53149,8,1
2,Payment,1770904891.720520,56899,9,1
2,Payment,1770904891.720884,25986,4,1
2,Payment,1770904891.720962,60923,10,1
1,NewOrder,1770904891.721085,14304,14,1
1,NewOrder,1770904891.721109,6169,15,1
2,Payment,1770904891.722055,4041,21,1
2,Payment,1770904891.722070,53531,6,1
1,NewOrder,1770904891.722367,5912,11,1
1,NewOrder,1770904891.723562,9241,17,1
1,NewOrder,1770904891.724728,8388,22,1
3,OrderStatus,1770904891.725504,5225,12,1
1,NewOrder,1770904891.726121,5124,21,1
1,NewOrder,1770904891.727294,3400,15,1
1,NewOrder,1770904891.727340,15796,16,1
2,Payment,1770904891.728292,51575,11,1
2,Payment,1770904891.729725,10437,2,1
4,Delivery,1770904891.730708,6036,15,1
1,NewOrder,1770904891.730747,6403,12,1
2,Payment,1770904891.731262,1829,21,1
4,Delivery,1770904891.732817,4302,17,1
2,Payment,1770904891.733105,2498,21,1
2,Payment,1770904891.733139,4482,22,1
5,StockLevel,1770904891.733211,1720,5,1
2,Payment,1770904891.734945,17450,5,1
1,NewOrder,1770904891.735405,57882,14,1
4,Delivery,1770904891.735614,11834,21,1
2,Payment,1770904891.736761,1211,15,1
1,NewOrder,1770904891.737132,10610,17,1
1,NewOrder,1770904891.737163,23956,12,1
2,Payment,1770904891.737638,4446,22,1
2,Payment,1770904891.737987,1832,15,1
2,Payment,1770904891.738967,16571,0,1
2,Payment,1770904891.739835,1753,15,1
2,Payment,1770904891.740187,10353,2,1
4,Delivery,1770904891.741602,7940,15,1
1,NewOrder,1770904891.742095,10545,22,1
2,Payment,1770904891.743163,3088,16,1
3,OrderStatus,1770904891.746249,4922,23,1
1,NewOrder,1770904891.746271,7038,16,1
1,NewOrder,1770904891.746885,18258,4,1
2,Payment,1770904891.747466,6076,21,1
5,StockLevel,1770904891.747759,9484,17,1
1,NewOrder,1770904891.749565,15124,15,1
2,Payment,1770904891.750569,6274,2,1
5,StockLevel,1770904891.751186,11899,23,1
2,Payment,1770904891.752367,5548,19,1
1,NewOrder,1770904891.752428,5550,5,1
2,Payment,1770904891.752656,9358,22,1
1,NewOrder,1770904891.753319,19276,16,1
1,NewOrder,1770904891.753556,3944,21,1
1,NewOrder,1770904891.754550,14908,13,1
1,NewOrder,1770904891.755563,14770,0,1
1,NewOrder,1770904891.756859,5124,2,1
2,Payment,1770904891.757259,9196,17,1
2,Payment,1770904891.757516,1921,21,1
1,NewOrder,1770904891.757939,9483,19,1
2,Payment,1770904891.757994,4633,5,1
1,NewOrder,1770904891.759453,7338,21,1
1,NewOrder,1770904891.761146,52209,12,1
1,NewOrder,1770904891.761998,4757,2,1
2,Payment,1770904891.762024,2447,22,1
2,Payment,1770904891.762653,10314,5,1
2,Payment,1770904891.763100,110002,23,1
3,OrderStatus,1770904891.763204,5841,1,1
2,Payment,1770904891.764486,11402,22,1
5,StockLevel,1770904891.764697,7856,15,1
1,NewOrder,1770904891.765159,33836,4,1
1,NewOrder,1770904891.765527,24715,7,1
1,NewOrder,1770904891.766473,29513,17,1
1,NewOrder,1770904891.766769,4446,2,1
1,NewOrder,1770904891.766817,25960,21,1
2,Payment,1770904891.767448,40127,19,1
1,NewOrder,1770904891.768637,21552,18,1
1,NewOrder,1770904891.769057,120913,1,1
2,Payment,1770904891.769483,5888,13,1
2,Payment,1770904891.770342,28578,0,1
2,Payment,1770904891.771228,38663,2,1
1,NewOrder,1770904891.771690,24869,20,1
2,Payment,1770904891.772567,29536,15,1
1,NewOrder,1770904891.772623,24312,16,1
3,OrderStatus,1770904891.772925,7804,8,1
1,NewOrder,1770904891.772990,118653,5,1
2,Payment,1770904891.775397,111360,13,1
1,NewOrder,1770904891.775613,7233,6,1
1,NewOrder,1770904891.775901,38224,22,1
3,OrderStatus,1770904891.777443,1402,9,1
1,NewOrder,1770904891.778860,10663,9,1
2,Payment,1770904891.779892,3735,11,1
4,Delivery,1770904891.780754,18544,8,1
1,NewOrder,1770904891.781911,8802,10,1
1,NewOrder,1770904891.782864,28062,6,1
1,NewOrder,1770904891.783649,3478,11,1
5,StockLevel,1770904891.787144,1561,11,1
1,NewOrder,1770904891.788716,4154,11,1
2,Payment,1770904891.789551,2262,9,1
2,Payment,1770904891.790213,33107,18,1
1,NewOrder,1770904891.790269,9051,7,1
1,NewOrder,1770904891.790730,7723,10,1
4,Delivery,1770904891.791839,8356,9,1
5,StockLevel,1770904891.792568,3891,3,1
1,NewOrder,1770904891.792798,21914,21,1
1,NewOrder,1770904891.792884,6831,11,1
1,NewOrder,1770904891.793313,5651,14,1
2,Payment,1770904891.796013,43035,17,1
1,NewOrder,1770904891.796485,32783,3,1
2,Payment,1770904891.796573,2779,20,1
2,Payment,1770904891.796962,47841,16,1
2,Payment,1770904891.798478,7194,10,1
1,NewOrder,1770904891.798946,6155,0,1
1,NewOrder,1770904891.798982,4529,14,1
2,Payment,1770904891.799021,1489,4,1
2,Payment,1770904891.799310,17893,8,1
2,Payment,1770904891.799346,16187,7,1
2,Payment,1770904891.799378,1444,20,1
1,NewOrder,1770904891.799728,9704,11,1
2,Payment,1770904891.800217,33322,9,1
2,Payment,1770904891.800525,1932,4,1
1,NewOrder,1770904891.800839,21256,20,1
1,NewOrder,1770904891.802115,28401,15,1
1,NewOrder,1770904891.802474,7382,4,1
1,NewOrder,1770904891.803524,33222,14,1
2,Payment,1770904891.805124,1594,0,1
1,NewOrder,1770904891.805694,32531,10,1
2,Payment,1770904891.806735,4553,0,1
1,NewOrder,1770904891.807600,15694,19,1
2,Payment,1770904891.809447,4588,11,1
2,Payment,1770904891.809872,3756,4,1
2,Payment,1770904891.809909,8121,2,1
1,NewOrder,1770904891.810953,3140,6,1
2,Payment,1770904891.811303,3589,0,1
1,NewOrder,1770904891.813382,103977,12,1
1,NewOrder,1770904891.813642,52804,4,1
1,NewOrder,1770904891.814061,17993,11,1
2,Payment,1770904891.814110,20932,6,1
2,Payment,1770904891.814141,13440,22,1
1,NewOrder,1770904891.814725,55573,21,1
3,OrderStatus,1770904891.814919,1155,0,1
2,Payment,1770904891.815559,3225,7,1
1,NewOrder,1770904891.816090,4855,0,1
1,NewOrder,1770904891.817229,12596,8,1
1,NewOrder,1770904891.818044,44405,2,1
1,NewOrder,1770904891.818801,4960,7,1
1,NewOrder,1770904891.820960,21031,0,1
1,NewOrder,1770904891.822108,8075,20,1
5,StockLevel,1770904891.823321,8869,19,1
5,StockLevel,1770904891.823337,6072,18,1
1,NewOrder,1770904891.823776,5984,7,1
2,Payment,1770904891.827607,2758,22,1
2,Payment,1770904891.829295,3843,3,1
2,Payment,1770904891.829433,14890,18,1
3,OrderStatus,1770904891.829808,1663,7,1
1,NewOrder,1770904891.829851,10854,8,1
2,Payment,1770904891.830191,10880,20,1
2,Payment,1770904891.830383,2033,22,1
1,NewOrder,1770904891.830542,26990,15,1
1,NewOrder,1770904891.831497,5603,7,1
1,NewOrder,1770904891.832070,26033,11,1
2,Payment,1770904891.832208,13975,19,1
2,Payment,1770904891.832433,10108,22,1
2,Payment,1770904891.833154,9870,3,1
1,NewOrder,1770904891.833565,6091,9,1
1,NewOrder,1770904891.835068,6358,6,1
2,Payment,1770904891.836772,4760,14,1
2,Payment,1770904891.837119,2542,7,1
1,NewOrder,1770904891.838252,66327,10,1
2,Payment,1770904891.839074,12260,17,1
2,Payment,1770904891.839680,2333,7,1
2,Payment,1770904891.839686,4987,9,1
2,Payment,1770904891.840732,15523,8,1
1,NewOrder,1770904891.841086,8567,20,1
2,Payment,1770904891.841443,5707,6,1
1,NewOrder,1770904891.841558,29918,14,1
1,NewOrder,1770904891.842003,17421,0,1
2,Payment,1770904891.842032,10402,7,1
1,NewOrder,1770904891.842567,8337,22,1
2,Payment,1770904891.843039,8235,3,1
1,NewOrder,1770904891.844340,15857,18,1
2,Payment,1770904891.844698,4210,9,1
1,NewOrder,1770904891.844827,13294,16,1
1,NewOrder,1770904891.846198,12831,19,1
2,Payment,1770904891.847166,3059,6,1
2,Payment,1770904891.848933,5599,9,1
2,Payment,1770904891.849679,10759,20,1
1,NewOrder,1770904891.850240,11367,6,1
2,Payment,1770904891.850920,11365,22,1
1,NewOrder,1770904891.851300,9913,3,1
2,Payment,1770904891.851360,6884,17,1
2,Payment,1770904891.852453,5696,7,1
1,NewOrder,1770904891.854558,23322,9,1
2,Payment,1770904891.856280,3493,8,1
1,NewOrder,1770904891.857557,29160,15,1
1,NewOrder,1770904891.858120,44056,11,1
2,Payment,1770904891.858144,5933,16,1
1,NewOrder,1770904891.858173,13988,7,1
4,Delivery,1770904891.858270,65762,17,1
2,Payment,1770904891.859047,9726,19,1
1,NewOrder,1770904891.859448,24615,0,1
1,NewOrder,1770904891.859792,15427,8,1
1,NewOrder,1770904891.860224,27715,18,1
3,OrderStatus,1770904891.860451,8626,20,1
2,Payment,1770904891.861232,10566,3,1
1,NewOrder,1770904891.861631,13212,6,1
1,NewOrder,1770904891.862300,19611,22,1
1,NewOrder,1770904891.862463,33168,2,1
1,NewOrder,1770904891.864093,24342,16,1
1,NewOrder,1770904891.866472,2926,4,1
2,Payment,1770904891.868790,5718,19,1
1,NewOrder,1770904891.869088,33361,20,1
2,Payment,1770904891.869415,3940,4,1
2,Payment,1770904891.870311,11988,21,1
1,NewOrder,1770904891.871499,24852,14,1
2,Payment,1770904891.871823,10496,3,1
1,NewOrder,1770904891.872188,19015,7,1
2,Payment,1770904891.873117,11422,23,1
1,NewOrder,1770904891.873381,16035,4,1
4,Delivery,1770904891.874524,42580,19,1
1,NewOrder,1770904891.874859,5827,6,1
1,NewOrder,1770904891.875233,22330,8,1
1,NewOrder,1770904891.877897,37530,9,1
2,Payment,1770904891.880699,4955,6,1
2,Payment,1770904891.881938,9092,22,1
1,NewOrder,1770904891.882326,8603,21,1
1,NewOrder,1770904891.882346,39591,3,1
2,Payment,1770904891.884090,8196,0,1
2,Payment,1770904891.884555,7800,23,1
2,Payment,1770904891.885666,19576,6,1
1,NewOrder,1770904891.886743,41309,15,1
1,NewOrder,1770904891.886783,20274,13,1
1,NewOrder,1770904891.887960,45496,18,1
1,NewOrder,1770904891.888462,46921,16,1
2,Payment,1770904891.889440,17211,4,1
1,NewOrder,1770904891.889985,33434,1,1
1,NewOrder,1770904891.890956,49556,21,1
1,NewOrder,1770904891.891055,21165,22,1
1,NewOrder,1770904891.891212,10822,7,1
2,Payment,1770904891.891669,2511,5,1
1,NewOrder,1770904891.892311,40219,0,1
1,NewOrder,1770904891.892381,5537,23,1
1,NewOrder,1770904891.894199,4278,5,1
1,NewOrder,1770904891.895650,39082,2,1
2,Payment,1770904891.896362,9894,14,1
2,Payment,1770904891.897581,14618,8,1
3,OrderStatus,1770904891.897935,3618,23,1
5,StockLevel,1770904891.898492,1520,5,1
1,NewOrder,1770904891.900024,3591,5,1
4,Delivery,1770904891.901573,15871,23,1
2,Payment,1770904891.902058,23500,7,1
1,NewOrder,1770904891.902194,26445,11,1
2,Payment,1770904891.902470,14914,20,1
2,Payment,1770904891.903629,4428,5,1
1,NewOrder,1770904891.904602,36700,10,1
1,NewOrder,1770904891.905256,17370,6,1
1,NewOrder,1770904891.906266,33053,14,1
2,Payment,1770904891.906673,3823,4,1
2,Payment,1770904891.907070,15103,13,1
2,Payment,1770904891.908073,3765,5,1
1,NewOrder,1770904891.910511,58182,4,1
1,NewOrder,1770904891.911856,5508,5,1
2,Payment,1770904891.912216,15617,8,1
1,NewOrder,1770904891.912235,46956,22,1
1,NewOrder,1770904891.915449,23808,9,1
2,Payment,1770904891.917120,13775,19,1
2,Payment,1770904891.917383,6496,12,1
1,NewOrder,1770904891.917384,6105,5,1
2,Payment,1770904891.917398,16433,20,1
1,NewOrder,1770904891.917466,4709,23,1
3,OrderStatus,1770904891.921951,10331,3,1
2,Payment,1770904891.922200,5300,13,1
1,NewOrder,1770904891.922202,7143,23,1
2,Payment,1770904891.922641,10358,6,1
1,NewOrder,1770904891.923431,42534,1,1
1,NewOrder,1770904891.923514,36548,5,1
2,Payment,1770904891.923897,9149,12,1
1,NewOrder,1770904891.924058,36187,17,1
2,Payment,1770904891.925573,10506,7,1
1,NewOrder,1770904891.927516,24394,13,1
2,Payment,1770904891.927859,6335,8,1
1,NewOrder,1770904891.928062,28882,15,1
1,NewOrder,1770904891.928654,32621,11,1
1,NewOrder,1770904891.929372,18067,23,1
1,NewOrder,1770904891.930922,40947,19,1
2,Payment,1770904891.932299,19796,3,1
1,NewOrder,1770904891.932556,40819,0,1
2,Payment,1770904891.933016,5539,6,1
2,Payment,1770904891.933064,7805,12,1
1,NewOrder,1770904891.933473,24146,18,1
1,NewOrder,1770904891.933856,9934,20,1
1,NewOrder,1770904891.934210,3748,8,1
1,NewOrder,1770904891.934747,35201,2,1
2,Payment,1770904891.935408,7933,16,1
2,Payment,1770904891.936098,4745,7,1
1,NewOrder,1770904891.937971,5909,8,1
2,Payment,1770904891.938569,4427,6,1
1,NewOrder,1770904891.939274,31086,9,1
2,Payment,1770904891.939333,8449,14,1
1,NewOrder,1770904891.940524,36482,21,1
2,Payment,1770904891.940852,3917,7,1
1,NewOrder,1770904891.940882,26358,12,1
2,Payment,1770904891.941312,8985,10,1
1,NewOrder,1770904891.943009,25229,6,1
1,NewOrder,1770904891.943360,23481,16,1
2,Payment,1770904891.943807,7997,20,1
3,OrderStatus,1770904891.943907,1388,8,1
1,NewOrder,1770904891.944785,5099,7,1
2,Payment,1770904891.945314,7076,8,1
2,Payment,1770904891.947464,6872,23,1
2,Payment,1770904891.947794,17271,14,1
2,Payment,1770904891.949898,5448,7,1
2,Payment,1770904891.950323,15671,10,1
5,StockLevel,1770904891.951821,22711,20,1
1,NewOrder,1770904891.951923,43662,13,1
1,NewOrder,1770904891.952119,17807,3,1
2,Payment,1770904891.952417,4928,8,1
1,NewOrder,1770904891.954354,6240,23,1
1,NewOrder,1770904891.955373,25973,7,1
2,Payment,1770904891.956970,10438,15,1
2,Payment,1770904891.957370,2118,8,1
2,Payment,1770904891.957644,8792,18,1
1,NewOrder,1770904891.959222,36195,22,1
1,NewOrder,1770904891.959507,21270,8,1
2,Payment,1770904891.960090,10195,5,1
5,StockLevel,1770904891.960260,19117,17,1
1,NewOrder,1770904891.960620,9652,23,1
1,NewOrder,1770904891.961299,30686,11,1
1,NewOrder,1770904891.965091,36223,14,1
2,Payment,1770904891.965978,6673,1,1
2,Payment,1770904891.966020,5221,10,1
2,Payment,1770904891.966462,5502,18,1
1,NewOrder,1770904891.966856,20061,16,1
2,Payment,1770904891.967256,8301,12,1
1,NewOrder,1770904891.967435,21223,15,1
2,Payment,1770904891.968251,8449,6,1
1,NewOrder,1770904891.968710,23312,4,1
1,NewOrder,1770904891.969950,30590,3,1
1,NewOrder,1770904891.969970,17764,2,1
1,NewOrder,1770904891.970285,29485,23,1
2,Payment,1770904891.970312,7368,5,1
2,Payment,1770904891.970374,7801,9,1
2,Payment,1770904891.971252,13065,10,1
3,OrderStatus,1770904891.971884,7587,19,1
1,NewOrder,1770904891.971990,23464,18,1
5,StockLevel,1770904891.972667,14747,1,1
5,StockLevel,1770904891.973391,13290,0,1
2,Payment,1770904891.974559,8272,20,1
2,Payment,1770904891.975583,10901,12,1
1,NewOrder,1770904891.976725,25410,6,1
3,OrderStatus,1770904891.977023,6465,21,1
1,NewOrder,1770904891.977706,17679,5,1
2,Payment,1770904891.978192,9190,9,1
1,NewOrder,1770904891.979402,25147,17,1
1,NewOrder,1770904891.979489,24630,19,1
2,Payment,1770904891.980804,8451,8,1
2,Payment,1770904891.981365,13621,7,1
2,Payment,1770904891.982856,8616,20,1
1,NewOrder,1770904891.983513,30536,21,1
2,Payment,1770904891.984338,7525,10,1
1,NewOrder,1770904891.986510,18598,12,1
3,OrderStatus,1770904891.986716,8557,0,1
2,Payment,1770904891.986943,8391,16,1
1,NewOrder,1770904891.987396,19768,9,1
1,NewOrder,1770904891.987440,26287,1,1
1,NewOrder,1770904891.987759,25923,2,1
5,StockLevel,1770904891.988684,14245,15,1
1,NewOrder,1770904891.989273,24491,8,1
2,Payment,1770904891.991497,7331,20,1
1,NewOrder,1770904891.991877,44001,10,1
5,StockLevel,1770904891.992011,13480,11,1
1,NewOrder,1770904891.992049,29941,4,1
1,NewOrder,1770904891.995011,32972,7,1
5,StockLevel,1770904891.995301,11482,0,1
2,Payment,1770904891.995357,7272,16,1
2,Payment,1770904891.995410,4692,5,1
2,Payment,1770904891.995431,5114,22,1
2,Payment,1770904891.995472,7482,18,1
2,Payment,1770904891.995595,8866,13,1
1,NewOrder,1770904891.998855,35019,20,1
1,NewOrder,1770904891.999795,38535,23,1
1,NewOrder,1770904892.000130,18043,5,1
2,Payment,1770904892.000569,7090,3,1
4,Delivery,1770904892.000573,47275,22,1
2,Payment,1770904892.001327,12381,14,1
2,Payment,1770904892.002157,6435,6,1
2,Payment,1770904892.002656,13377,16,1
1,NewOrder,1770904892.002944,28070,15,1
1,NewOrder,1770904892.002973,22047,18,1
1,NewOrder,1770904892.004134,26917,19,1
5,StockLevel,1770904892.004487,15497,13,1
2,Payment,1770904892.004576,13591,17,1
1,NewOrder,1770904892.005122,39833,12,1
1,NewOrder,1770904892.005516,15949,11,1
2,Payment,1770904892.006796,6636,0,1
1,NewOrder,1770904892.007177,23542,9,1
2,Payment,1770904892.007687,7209,3,1
2,Payment,1770904892.008619,7103,6,1
2,Payment,1770904892.013459,8416,0,1
2,Payment,1770904892.013708,3273,2,1
2,Payment,1770904892.013733,9137,14,1
2,Payment,1770904892.013742,10772,1,1
1,NewOrder,1770904892.013812,18981,8,1
2,Payment,1770904892.014073,7829,21,1
2,Payment,1770904892.014921,5268,3,1
2,Payment,1770904892.015735,6224,6,1
1,NewOrder,1770904892.016056,16319,16,1
1,NewOrder,1770904892.017006,62642,2,1
3,OrderStatus,1770904892.018191,2594,17,1
1,NewOrder,1770904892.018201,21361,5,1
1,NewOrder,1770904892.020009,37900,13,1
2,Payment,1770904892.020214,6532,3,1
2,Payment,1770904892.020811,8953,17,1
1,NewOrder,1770904892.021483,20147,11,1
2,Payment,1770904892.021893,7310,0,1
1,NewOrder,1770904892.021916,26763,21,1
1,NewOrder,1770904892.021985,31039,6,1
1,NewOrder,1770904892.022004,37948,4,1
2,Payment,1770904892.022887,9458,14,1
1,NewOrder,1770904892.024533,40349,1,1
2,Payment,1770904892.025034,8868,18,1
2,Payment,1770904892.026771,6835,3,1
1,NewOrder,1770904892.028006,39289,7,1
1,NewOrder,1770904892.029220,21385,0,1
3,OrderStatus,1770904892.029809,8368,17,1
2,Payment,1770904892.030745,9904,9,1
2,Payment,1770904892.031029,7793,15,1
2,Payment,1770904892.031075,10044,19,1
2,Payment,1770904892.032362,8836,14,1
5,StockLevel,1770904892.032398,16842,16,1
1,NewOrder,1770904892.032817,20852,8,1
1,NewOrder,1770904892.033632,37568,3,1
1,NewOrder,1770904892.033889,40229,20,1
1,NewOrder,1770904892.033926,25568,18,1
2,Payment,1770904892.035894,6960,10,1
4,Delivery,1770904892.038194,69696,17,1
1,NewOrder,1770904892.038357,31362,23,1
2,Payment,1770904892.038847,7002,15,1
4,Delivery,1770904892.039589,62376,5,1
2,Payment,1770904892.040675,8432,9,1
1,NewOrder,1770904892.041134,15644,19,1
1,NewOrder,1770904892.041213,35609,14,1
1,NewOrder,1770904892.041656,16747,11,1
2,Payment,1770904892.042879,9720,10,1
1,NewOrder,1770904892.044986,39299,12,1
1,NewOrder,1770904892.045864,18628,15,1
2,Payment,1770904892.047875,6611,22,1
1,NewOrder,1770904892.048695,21995,21,1
2,Payment,1770904892.049124,10655,9,1
2,Payment,1770904892.049265,9586,16,1
1,NewOrder,1770904892.050620,21796,0,1
5,StockLevel,1770904892.052623,16891,10,1
1,NewOrder,1770904892.053047,24855,6,1
4,Delivery,1770904892.053686,29598,8,1
2,Payment,1770904892.054512,6379,22,1
1,NewOrder,1770904892.056804,17707,19,1
1,NewOrder,1770904892.057935,26385,13,1
1,NewOrder,1770904892.058415,37650,11,1
1,NewOrder,1770904892.058877,30831,16,1
3,OrderStatus,1770904892.059510,6569,18,1
1,NewOrder,1770904892.059795,30848,9,1
2,Payment,1770904892.059989,8225,4,1
5,StockLevel,1770904892.060917,14104,22,1
2,Payment,1770904892.064518,7558,15,1
1,NewOrder,1770904892.064908,31767,1,1
1,NewOrder,1770904892.066101,37968,18,1
2,Payment,1770904892.067321,13203,7,1
2,Payment,1770904892.068237,6738,4,1
1,NewOrder,1770904892.069541,26552,10,1
2,Payment,1770904892.069736,7445,23,1
2,Payment,1770904892.070706,9949,21,1
1,NewOrder,1770904892.071225,32874,3,1
2,Payment,1770904892.072102,4671,15,1
2,Payment,1770904892.072438,3856,0,1
2,Payment,1770904892.074138,10164,20,1
1,NewOrder,1770904892.074532,23329,19,1
1,NewOrder,1770904892.075002,27223,4,1
2,Payment,1770904892.075036,13638,22,1
2,Payment,1770904892.076312,6934,0,1
1,NewOrder,1770904892.076790,34913,15,1
1,NewOrder,1770904892.076837,30340,14,1
1,NewOrder,1770904892.077191,33593,23,1
1,NewOrder,1770904892.077911,36312,6,1
2,Payment,1770904892.079673,9383,2,1
2,Payment,1770904892.080533,8503,7,1
5,StockLevel,1770904892.080679,17636,21,1
4,Delivery,1770904892.083274,18591,0,1
2,Payment,1770904892.083310,11330,8,1
2,Payment,1770904892.084299,7906,12,1
4,Delivery,1770904892.084317,6721,20,1
2,Payment,1770904892.084348,8329,13,1
2,Payment,1770904892.088695,8976,22,1
1,NewOrder,1770904892.089061,21128,7,1
2,Payment,1770904892.089075,8227,2,1
1,NewOrder,1770904892.089721,35441,16,1
2,Payment,1770904892.090659,9365,9,1
1,NewOrder,1770904892.091049,5621,20,1
1,NewOrder,1770904892.092221,24410,12,1
2,Payment,1770904892.092703,5957,13,1
1,NewOrder,1770904892.094654,32738,8,1
2,Payment,1770904892.096092,7488,11,1
3,OrderStatus,1770904892.096117,5620,10,1
2,Payment,1770904892.096694,11789,1,1
2,Payment,1770904892.096700,3640,20,1
1,NewOrder,1770904892.097316,29763,2,1
2,Payment,1770904892.097678,7787,22,1
2,Payment,1770904892.097885,10263,19,1
2,Payment,1770904892.098325,12586,21,1
1,NewOrder,1770904892.098686,40439,13,1
1,NewOrder,1770904892.100048,29645,9,1
1,NewOrder,1770904892.100365,41586,20,1
1,NewOrder,1770904892.101756,33575,10,1
1,NewOrder,1770904892.101883,7064,0,1
2,Payment,1770904892.101979,8794,5,1
1,NewOrder,1770904892.102240,18982,4,1
2,Payment,1770904892.103603,5292,11,1
1,NewOrder,1770904892.104083,18489,18,1
2,Payment,1770904892.104114,8490,3,1
3,OrderStatus,1770904892.105477,2360,22,1
1,NewOrder,1770904892.107202,22069,14,1
4,Delivery,1770904892.107855,52766,22,1
1,NewOrder,1770904892.107915,34538,17,1
2,Payment,1770904892.108168,14347,19,1
1,NewOrder,1770904892.108496,18912,1,1
1,NewOrder,1770904892.108910,27817,11,1
2,Payment,1770904892.108975,11219,0,1
2,Payment,1770904892.110204,8533,7,1
1,NewOrder,1770904892.110786,16624,5,1
2,Payment,1770904892.110797,8277,23,1
1,NewOrder,1770904892.110929,20593,21,1
1,NewOrder,1770904892.111729,26011,15,1
3,OrderStatus,1770904892.112631,5060,3,1
2,Payment,1770904892.114237,8312,6,1
2,Payment,1770904892.116647,8544,12,1
2,Payment,1770904892.117714,9718,3,1
2,Payment,1770904892.118756,8614,7,1
1,NewOrder,1770904892.119085,36044,23,1
5,StockLevel,1770904892.120221,14904,0,1
1,NewOrder,1770904892.121248,17822,4,1
2,Payment,1770904892.122539,1730,19,1
1,NewOrder,1770904892.122566,23791,6,1
1,NewOrder,1770904892.122592,32193,18,1
2,Payment,1770904892.124294,3070,19,1
2,Payment,1770904892.125176,9745,16,1
2,Payment,1770904892.125208,5795,12,1
1,NewOrder,1770904892.127103,27974,2,1
2,Payment,1770904892.127379,4129,19,1
2,Payment,1770904892.127384,6334,7,1
1,NewOrder,1770904892.127407,15059,8,1
2,Payment,1770904892.127422,7439,5,1
1,NewOrder,1770904892.127435,27673,1,1
2,Payment,1770904892.127452,9192,3,1
2,Payment,1770904892.129288,10512,14,1
1,NewOrder,1770904892.129709,34014,9,1
4,Delivery,1770904892.131028,17626,12,1
2,Payment,1770904892.131536,5796,19,1
1,NewOrder,1770904892.131537,14218,21,1
2,Payment,1770904892.133735,7844,7,1
1,NewOrder,1770904892.134879,19886,5,1
1,NewOrder,1770904892.134946,24783,16,1
2,Payment,1770904892.135152,11746,0,1
2,Payment,1770904892.135347,9189,10,1
1,NewOrder,1770904892.136662,15295,3,1
1,NewOrder,1770904892.136740,31555,11,1
1,NewOrder,1770904892.137357,30443,19,1
3,OrderStatus,1770904892.137755,6769,15,1
2,Payment,1770904892.139086,9971,4,1
3,OrderStatus,1770904892.139152,8649,13,1
3,OrderStatus,1770904892.139826,7624,14,1
2,Payment,1770904892.141593,9543,7,1
1,NewOrder,1770904892.141977,18111,20,1
1,NewOrder,1770904892.142470,36789,17,1
1,NewOrder,1770904892.142481,23471,8,1
1,NewOrder,1770904892.144548,29875,15,1
1,NewOrder,1770904892.144564,16826,10,1
2,Payment,1770904892.145778,8512,21,1
1,NewOrder,1770904892.146374,19986,6,1
2,Payment,1770904892.146922,7753,0,1
1,NewOrder,1770904892.147467,18930,14,1
2,Payment,1770904892.147819,8130,13,1
1,NewOrder,1770904892.148680,34634,12,1
1,NewOrder,1770904892.149072,32988,4,1
2,Payment,1770904892.151160,7975,7,1
2,Payment,1770904892.151976,8467,3,1
2,Payment,1770904892.154315,6788,21,1
2,Payment,1770904892.154702,7329,0,1
2,Payment,1770904892.154791,9332,5,1
1,NewOrder,1770904892.154812,18576,18,1
1,NewOrder,1770904892.155094,29157,2,1
1,NewOrder,1770904892.155128,32997,1,1
1,NewOrder,1770904892.155142,32573,23,1
1,NewOrder,1770904892.155975,31444,13,1
1,NewOrder,1770904892.159160,23723,7,1
2,Payment,1770904892.159742,8439,16,1
2,Payment,1770904892.160109,8085,20,1
1,NewOrder,1770904892.160463,26949,3,1
1,NewOrder,1770904892.160648,28313,22,1
2,Payment,1770904892.161129,9000,21,1
1,NewOrder,1770904892.161416,35772,10,1
1,NewOrder,1770904892.162047,19613,0,1
1,NewOrder,1770904892.163737,29577,9,1
2,Payment,1770904892.164141,4025,5,1
1,NewOrder,1770904892.165977,25298,8,1
4,Delivery,1770904892.166385,11268,6,1
1,NewOrder,1770904892.166411,33613,14,1
1,NewOrder,1770904892.167818,22735,19,1
1,NewOrder,1770904892.168183,23921,5,1
1,NewOrder,1770904892.168196,13281,16,1
2,Payment,1770904892.168206,6916,20,1
3,OrderStatus,1770904892.168306,7349,11,1
1,NewOrder,1770904892.170154,20718,21,1
2,Payment,1770904892.173405,7812,18,1
4,Delivery,1770904892.174443,40942,15,1
1,NewOrder,1770904892.175137,18716,20,1
2,Payment,1770904892.175669,11779,11,1
2,Payment,1770904892.177667,12770,6,1
2,Payment,1770904892.179285,6915,17,1
5,StockLevel,1770904892.181243,13576,18,1
3,OrderStatus,1770904892.181498,7629,16,1
2,Payment,1770904892.181683,7715,0,1
2,Payment,1770904892.182085,9200,4,1
2,Payment,1770904892.182908,9680,7,1
1,NewOrder,1770904892.183331,37795,12,1
2,Payment,1770904892.184277,9409,2,1
2,Payment,1770904892.186225,9256,17,1
5,StockLevel,1770904892.187427,12055,3,1
1,NewOrder,1770904892.187446,23896,13,1
1,NewOrder,1770904892.187467,25540,11,1
4,Delivery,1770904892.187736,68816,23,1
2,Payment,1770904892.188138,10070,1,1
1,NewOrder,1770904892.188974,15706,22,1
1,NewOrder,1770904892.189140,32229,16,1
1,NewOrder,1770904892.189426,29514,0,1
2,Payment,1770904892.190461,4646,6,1
2,Payment,1770904892.190563,6935,19,1
1,NewOrder,1770904892.190898,26946,21,1
2,Payment,1770904892.191287,6337,8,1
1,NewOrder,1770904892.191311,35406,4,1
1,NewOrder,1770904892.192121,20942,5,1
1,NewOrder,1770904892.192599,24102,7,1
2,Payment,1770904892.193342,9359,9,1
2,Payment,1770904892.193712,6337,2,1
2,Payment,1770904892.193868,5831,20,1
2,Payment,1770904892.194845,7279,18,1
1,NewOrder,1770904892.195118,18550,6,1
2,Payment,1770904892.195508,11070,17,1
2,Payment,1770904892.197214,8089,10,1
2,Payment,1770904892.197521,6650,19,1
1,NewOrder,1770904892.197640,22917,8,1
1,NewOrder,1770904892.198216,39277,1,1
1,NewOrder,1770904892.199494,19121,3,1
1,NewOrder,1770904892.199714,28638,20,1
4,Delivery,1770904892.200041,15733,14,1
1,NewOrder,1770904892.200075,33546,2,1
2,Payment,1770904892.202149,8581,18,1
2,Payment,1770904892.202719,8616,9,1
2,Payment,1770904892.204186,8380,19,1
5,StockLevel,1770904892.204697,13486,22,1
1,NewOrder,1770904892.205318,32207,10,1
2,Payment,1770904892.206604,9426,17,1
1,NewOrder,1770904892.210754,35605,18,1
1,NewOrder,1770904892.211359,34657,9,1
5,StockLevel,1770904892.211369,18720,13,1
1,NewOrder,1770904892.212583,22053,19,1
2,Payment,1770904892.213022,8566,11,1
4,Delivery,1770904892.213089,63969,5,1
2,Payment,1770904892.213684,9429,6,1
2,Payment,1770904892.215409,6829,15,1
1,NewOrder,1770904892.215788,20716,14,1
1,NewOrder,1770904892.216056,20401,17,1
1,NewOrder,1770904892.216728,26511,7,1
2,Payment,1770904892.217869,7213,21,1
2,Payment,1770904892.218197,9020,22,1
1,NewOrder,1770904892.218641,26995,3,1
2,Payment,1770904892.218967,8865,0,1
1,NewOrder,1770904892.220582,32540,8,1
2,Payment,1770904892.221149,11584,12,1
1,NewOrder,1770904892.221385,22828,16,1
2,Payment,1770904892.221604,7385,11,1
2,Payment,1770904892.222252,8207,15,1
2,Payment,1770904892.223136,7880,6,1
1,NewOrder,1770904892.225109,24563,21,1
2,Payment,1770904892.226730,9298,4,1
2,Payment,1770904892.227233,6821,22,1
1,NewOrder,1770904892.227849,16852,0,1
1,NewOrder,1770904892.228378,34748,20,1
1,NewOrder,1770904892.229007,22493,11,1
1,NewOrder,1770904892.230115,30413,13,1
3,OrderStatus,1770904892.230472,8597,15,1
1,NewOrder,1770904892.231041,14255,6,1
2,Payment,1770904892.232747,3718,12,1
1,NewOrder,1770904892.233637,23561,2,1
1,NewOrder,1770904892.234079,22056,22,1
2,Payment,1770904892.234652,10955,19,1
5,StockLevel,1770904892.236049,16597,4,1
1,NewOrder,1770904892.236485,21531,12,1
3,OrderStatus,1770904892.236486,7420,17,1
2,Payment,1770904892.236530,8695,14,1
4,Delivery,1770904892.237512,40035,1,1
1,NewOrder,1770904892.237551,32366,10,1
1,NewOrder,1770904892.239094,17522,15,1
1,NewOrder,1770904892.243265,33144,7,1
1,NewOrder,1770904892.243930,19791,17,1
2,Payment,1770904892.244231,7989,16,1
1,NewOrder,1770904892.244717,37230,0,1
2,Payment,1770904892.245251,8366,14,1
1,NewOrder,1770904892.245310,25017,6,1
2,Payment,1770904892.245633,10274,19,1
1,NewOrder,1770904892.245663,30204,3,1
5,StockLevel,1770904892.246033,14151,9,1
2,Payment,1770904892.246372,10147,18,1
2,Payment,1770904892.249688,8912,21,1
1,NewOrder,1770904892.251526,22899,11,1
1,NewOrder,1770904892.252236,23606,16,1
2,Payment,1770904892.252671,7427,4,1
1,NewOrder,1770904892.253137,34564,8,1
2,Payment,1770904892.253643,4740,14,1
1,NewOrder,1770904892.255922,23944,19,1
2,Payment,1770904892.256158,8768,22,1
1,NewOrder,1770904892.256541,26416,18,1
2,Payment,1770904892.256579,12490,23,1
1,NewOrder,1770904892.256631,32744,15,1
1,NewOrder,1770904892.257225,19804,2,1
1,NewOrder,1770904892.258032,26873,12,1
2,Payment,1770904892.258395,5865,14,1
2,Payment,1770904892.258623,8276,21,1
1,NewOrder,1770904892.260124,20285,4,1
2,Payment,1770904892.260211,7612,9,1
2,Payment,1770904892.260554,7091,13,1
1,NewOrder,1770904892.263152,24745,20,1
2,Payment,1770904892.263738,8308,17,1
1,NewOrder,1770904892.264278,34030,14,1
2,Payment,1770904892.264950,8860,22,1
1,NewOrder,1770904892.266915,25105,21,1
1,NewOrder,1770904892.267663,18401,13,1
2,Payment,1770904892.267834,7664,9,1
1,NewOrder,1770904892.269093,19357,23,1
3,OrderStatus,1770904892.269930,6263,10,1
2,Payment,1770904892.270351,11135,6,1
1,NewOrder,1770904892.272063,39119,17,1
2,Payment,1770904892.273836,7703,22,1
1,NewOrder,1770904892.274451,32899,11,1
2,Payment,1770904892.275525,7790,9,1
1,NewOrder,1770904892.275861,35374,16,1
2,Payment,1770904892.275891,8386,3,1
2,Payment,1770904892.276206,8944,10,1
2,Payment,1770904892.276422,10731,7,1
1,NewOrder,1770904892.277055,26287,2,1
5,StockLevel,1770904892.277075,12587,5,1
2,Payment,1770904892.277569,8587,1,1
1,NewOrder,1770904892.279880,22889,19,1
2,Payment,1770904892.280420,9953,4,1
1,NewOrder,1770904892.281508,32176,6,1
1,NewOrder,1770904892.281564,22612,22,1
1,NewOrder,1770904892.281971,23911,0,1
1,NewOrder,1770904892.282984,14652,18,1
2,Payment,1770904892.283334,9828,9,1
1,NewOrder,1770904892.284299,24950,3,1
2,Payment,1770904892.284932,11227,12,1
2,Payment,1770904892.285175,11438,10,1
2,Payment,1770904892.286089,12097,13,1
1,NewOrder,1770904892.286172,6650,1,1
1,NewOrder,1770904892.287179,25657,7,1
2,Payment,1770904892.287715,10263,8,1
1,NewOrder,1770904892.287923,31950,20,1
2,Payment,1770904892.288466,9754,23,1
1,NewOrder,1770904892.289401,35605,15,1
2,Payment,1770904892.289688,14010,5,1
2,Payment,1770904892.290397,8695,4,1
1,NewOrder,1770904892.292046,28206,21,1
2,Payment,1770904892.292839,8276,1,1
2,Payment,1770904892.293173,10099,9,1
1,NewOrder,1770904892.296186,27046,12,1
2,Payment,1770904892.296639,8338,10,1
2,Payment,1770904892.297662,11009,18,1
1,NewOrder,1770904892.297994,27119,8,1
3,OrderStatus,1770904892.298205,6360,13,1
2,Payment,1770904892.298247,8557,23,1
3,OrderStatus,1770904892.298334,7827,14,1
2,Payment,1770904892.299108,8181,4,1
2,Payment,1770904892.301132,8521,1,1
2,Payment,1770904892.302784,7582,19,1
2,Payment,1770904892.303298,6390,9,1
1,NewOrder,1770904892.303363,36596,2,1
2,Payment,1770904892.303711,7743,5,1
2,Payment,1770904892.304189,9531,22,1
2,Payment,1770904892.304591,8674,13,1
2,Payment,1770904892.304993,8252,10,1
4,Delivery,1770904892.305907,19127,0,1
1,NewOrder,1770904892.306176,22508,14,1
2,Payment,1770904892.306826,8605,23,1
1,NewOrder,1770904892.307306,24999,4,1
1,NewOrder,1770904892.307375,31625,11,1
1,NewOrder,1770904892.308697,18184,18,1
1,NewOrder,1770904892.309265,18511,3,1
2,Payment,1770904892.309670,3550,1,1
1,NewOrder,1770904892.309704,29546,9,1
2,Payment,1770904892.310374,10475,19,1
1,NewOrder,1770904892.311197,21499,17,1
1,NewOrder,1770904892.311261,39406,16,1
1,NewOrder,1770904892.311472,13517,5,1
4,Delivery,1770904892.312862,44617,7,1
2,Payment,1770904892.313235,4306,1,1
2,Payment,1770904892.313259,6905,10,1
2,Payment,1770904892.313293,6896,13,1
2,Payment,1770904892.313702,7947,6,1
1,NewOrder,1770904892.313735,29478,22,1
2,Payment,1770904892.315456,9079,23,1
2,Payment,1770904892.317565,8982,1,1
1,NewOrder,1770904892.319886,32323,20,1
1,NewOrder,1770904892.320179,24187,10,1
1,NewOrder,1770904892.320214,29637,13,1
2,Payment,1770904892.320279,6563,21,1
2,Payment,1770904892.320862,13989,19,1
1,NewOrder,1770904892.321665,21113,6,1
2,Payment,1770904892.323243,8314,12,1
2,Payment,1770904892.324553,8254,23,1
2,Payment,1770904892.325017,7302,5,1
3,OrderStatus,1770904892.325032,5705,15,1
1,NewOrder,1770904892.325047,18198,0,1
1,NewOrder,1770904892.325131,23815,8,1
4,Delivery,1770904892.326574,28089,1,1
2,Payment,1770904892.326861,14464,21,1
2,Payment,1770904892.326894,10190,18,1
2,Payment,1770904892.327789,6485,3,1
2,Payment,1770904892.328710,12572,14,1
2,Payment,1770904892.330757,14742,15,1
1,NewOrder,1770904892.331573,25399,12,1
2,Payment,1770904892.332332,9031,4,1
1,NewOrder,1770904892.332346,33709,5,1
2,Payment,1770904892.332711,10811,17,1
1,NewOrder,1770904892.332832,32333,23,1
1,NewOrder,1770904892.334299,30520,3,1
2,Payment,1770904892.334877,8315,19,1
2,Payment,1770904892.337100,7861,18,1
5,StockLevel,1770904892.339027,18131,11,1
1,NewOrder,1770904892.339276,30980,9,1
1,NewOrder,1770904892.339986,24042,2,1
1,NewOrder,1770904892.341308,34068,14,1
2,Payment,1770904892.341353,5462,21,1
2,Payment,1770904892.341389,6813,4,1
1,NewOrder,1770904892.342791,22396,6,1
1,NewOrder,1770904892.343218,11850,19,1
4,Delivery,1770904892.343230,55655,22,1
2,Payment,1770904892.343272,9153,0,1
2,Payment,1770904892.343535,5454,17,1
1,NewOrder,1770904892.344391,25252,10,1
3,OrderStatus,1770904892.344987,4204,18,1
3,OrderStatus,1770904892.345516,1268,15,1
1,NewOrder,1770904892.346802,30297,15,1
3,OrderStatus,1770904892.346833,3864,21,1
1,NewOrder,1770904892.348228,32865,4,1
1,NewOrder,1770904892.348963,27493,8,1
1,NewOrder,1770904892.349006,22398,17,1
2,Payment,1770904892.349208,5883,18,1
1,NewOrder,1770904892.349865,34403,13,1
1,NewOrder,1770904892.350684,32184,16,1
1,NewOrder,1770904892.350715,23939,21,1
2,Payment,1770904892.352235,7345,20,1
2,Payment,1770904892.352450,6710,0,1
2,Payment,1770904892.354675,8243,1,1
2,Payment,1770904892.355094,7244,19,1
1,NewOrder,1770904892.355105,21659,18,1
2,Payment,1770904892.356998,8131,12,1
2,Payment,1770904892.357184,7172,11,1
1,NewOrder,1770904892.357495,19672,7,1
1,NewOrder,1770904892.359179,21464,0,1
2,Payment,1770904892.359607,7664,20,1
2,Payment,1770904892.362353,7026,19,1
1,NewOrder,1770904892.362937,21868,1,1
1,NewOrder,1770904892.364038,38944,2,1
2,Payment,1770904892.364382,9156,11,1
3,OrderStatus,1770904892.364842,7497,3,1
1,NewOrder,1770904892.365143,18551,12,1
1,NewOrder,1770904892.365192,26857,23,1
1,NewOrder,1770904892.365213,27352,6,1
2,Payment,1770904892.366082,8538,5,1
2,Payment,1770904892.367297,6981,20,1
5,StockLevel,1770904892.369394,14030,19,1
2,Payment,1770904892.369668,8165,10,1
2,Payment,1770904892.370271,9605,9,1
1,NewOrder,1770904892.371430,17395,17,1
1,NewOrder,1770904892.372360,31888,3,1
1,NewOrder,1770904892.373551,26512,11,1
2,Payment,1770904892.374304,6727,20,1
2,Payment,1770904892.374633,6616,5,1
4,Delivery,1770904892.374672,23869,21,1
1,NewOrder,1770904892.375401,37200,14,1
1,NewOrder,1770904892.376482,31420,8,1
1,NewOrder,1770904892.376779,26638,18,1
3,OrderStatus,1770904892.377126,5275,15,1
2,Payment,1770904892.377192,9580,7,1
1,NewOrder,1770904892.377859,21810,10,1
2,Payment,1770904892.379894,8224,9,1
2,Payment,1770904892.380667,10702,0,1
1,NewOrder,1770904892.381057,17436,20,1
2,Payment,1770904892.381106,7692,4,1
1,NewOrder,1770904892.381266,15952,5,1
1,NewOrder,1770904892.382417,17632,15,1
1,NewOrder,1770904892.382892,23140,16,1
2,Payment,1770904892.383449,6651,19,1
2,Payment,1770904892.383711,8604,12,1
1,NewOrder,1770904892.384282,25611,13,1
1,NewOrder,1770904892.384818,20582,1,1
1,NewOrder,1770904892.386798,25690,7,1
3,OrderStatus,1770904892.388134,7837,9,1
2,Payment,1770904892.388811,10887,4,1
1,NewOrder,1770904892.388851,20637,17,1
1,NewOrder,1770904892.390126,29484,19,1
2,Payment,1770904892.391388,9939,0,1
1,NewOrder,1770904892.392074,27936,23,1
1,NewOrder,1770904892.392342,29347,12,1
1,NewOrder,1770904892.392588,24485,6,1
1,NewOrder,1770904892.395997,30310,9,1
1,NewOrder,1770904892.397242,33584,5,1
2,Payment,1770904892.398510,6422,20,1
2,Payment,1770904892.398559,8192,21,1
1,NewOrder,1770904892.398901,19246,22,1
2,Payment,1770904892.399692,11970,10,1
4,Delivery,1770904892.399711,56076,4,1
1,NewOrder,1770904892.400075,17695,15,1
2,Payment,1770904892.400096,13396,11,1
1,NewOrder,1770904892.401342,22895,0,1
2,Payment,1770904892.403006,9535,2,1
4,Delivery,1770904892.403432,15467,18,1
1,NewOrder,1770904892.404275,25902,3,1
1,NewOrder,1770904892.404947,22885,20,1
1,NewOrder,1770904892.405415,27351,1,1
2,Payment,1770904892.406046,8260,16,1
1,NewOrder,1770904892.406776,5766,21,1
1,NewOrder,1770904892.407928,27184,8,1
4,Delivery,1770904892.409514,77322,17,1
1,NewOrder,1770904892.409918,39972,13,1
1,NewOrder,1770904892.411687,40200,10,1
2,Payment,1770904892.412506,8789,7,1
1,NewOrder,1770904892.412556,20689,2,1
2,Payment,1770904892.412569,2154,21,1
2,Payment,1770904892.412627,8168,14,1
2,Payment,1770904892.413509,9649,11,1
1,NewOrder,1770904892.414333,21090,16,1
1,NewOrder,1770904892.414739,28902,21,1
2,Payment,1770904892.417106,10115,6,1
1,NewOrder,1770904892.417813,18190,15,1
2,Payment,1770904892.418172,8566,22,1
1,NewOrder,1770904892.418913,32995,18,1
2,Payment,1770904892.419632,10581,19,1
1,NewOrder,1770904892.420023,29472,23,1
2,Payment,1770904892.420813,8862,14,1
1,NewOrder,1770904892.421308,21134,7,1
2,Payment,1770904892.421707,9462,12,1
1,NewOrder,1770904892.423174,15002,11,1
1,NewOrder,1770904892.424264,29777,0,1
1,NewOrder,1770904892.426331,24881,9,1
2,Payment,1770904892.426756,8323,22,1
2,Payment,1770904892.427238,7325,6,1
2,Payment,1770904892.427843,8778,20,1
1,NewOrder,1770904892.429701,25575,14,1
2,Payment,1770904892.430203,6532,3,1
3,OrderStatus,1770904892.430239,7249,19,1
2,Payment,1770904892.430845,7961,5,1
1,NewOrder,1770904892.431181,29268,12,1
2,Payment,1770904892.432777,12040,1,1
2,Payment,1770904892.433271,16587,2,1
2,Payment,1770904892.434588,8669,6,1
3,OrderStatus,1770904892.435106,6531,22,1
2,Payment,1770904892.435134,10117,8,1
1,NewOrder,1770904892.435450,24387,16,1
1,NewOrder,1770904892.436021,25829,15,1
2,Payment,1770904892.436636,6578,20,1
1,NewOrder,1770904892.436761,30907,3,1
4,Delivery,1770904892.437508,25551,19,1
2,Payment,1770904892.438191,8545,11,1
2,Payment,1770904892.438831,8797,5,1
2,Payment,1770904892.441681,10638,22,1
3,OrderStatus,1770904892.442485,14048,7,1
2,Payment,1770904892.443251,11264,20,1
1,NewOrder,1770904892.443304,18089,6,1
2,Payment,1770904892.443654,13388,21,1
1,NewOrder,1770904892.444834,18685,1,1
4,Delivery,1770904892.445269,27713,8,1
5,StockLevel,1770904892.446753,14994,11,1
1,NewOrder,1770904892.447648,21620,5,1
1,NewOrder,1770904892.449507,35218,23,1
1,NewOrder,1770904892.449884,22308,2,1
1,NewOrder,1770904892.449903,38367,13,1
1,NewOrder,1770904892.451237,24751,9,1
2,Payment,1770904892.451914,8526,10,1
1,NewOrder,1770904892.451925,18920,18,1
1,NewOrder,1770904892.452344,35951,22,1
3,OrderStatus,1770904892.454066,7895,0,1
5,StockLevel,1770904892.454540,10684,20,1
2,Payment,1770904892.455303,8087,14,1
2,Payment,1770904892.455814,7757,4,1
1,NewOrder,1770904892.456558,26622,7,1
4,Delivery,1770904892.457066,6372,21,1
2,Payment,1770904892.459851,6903,16,1
2,Payment,1770904892.460467,8448,10,1
1,NewOrder,1770904892.460473,37389,12,1
4,Delivery,1770904892.461420,11921,6,1
4,Delivery,1770904892.461772,11607,11,1
2,Payment,1770904892.461860,11771,15,1
2,Payment,1770904892.461983,7313,0,1
1,NewOrder,1770904892.463075,32574,19,1
2,Payment,1770904892.463404,7833,14,1
1,NewOrder,1770904892.463453,18090,21,1
2,Payment,1770904892.463532,8491,1,1
2,Payment,1770904892.463598,11119,4,1
1,NewOrder,1770904892.465236,29195,20,1
2,Payment,1770904892.466773,9754,16,1
1,NewOrder,1770904892.467695,23143,3,1
2,Payment,1770904892.468928,10419,10,1
1,NewOrder,1770904892.469284,30427,5,1
1,NewOrder,1770904892.469315,21586,0,1
1,NewOrder,1770904892.470873,30037,18,1
2,Payment,1770904892.471255,9980,14,1
2,Payment,1770904892.472033,11475,1,1
2,Payment,1770904892.472218,9388,2,1
1,NewOrder,1770904892.473008,27351,8,1
1,NewOrder,1770904892.473362,20588,6,1
1,NewOrder,1770904892.473393,9606,11,1
2,Payment,1770904892.473648,4862,15,1
1,NewOrder,1770904892.474743,25653,4,1
4,Delivery,1770904892.476002,57221,9,1
2,Payment,1770904892.476541,11086,16,1
1,NewOrder,1770904892.478536,26214,15,1
2,Payment,1770904892.479359,7459,10,1
2,Payment,1770904892.481262,8022,14,1
3,OrderStatus,1770904892.481566,7935,21,1
1,NewOrder,1770904892.481620,39548,2,1
3,OrderStatus,1770904892.483025,7569,11,1
1,NewOrder,1770904892.483197,29279,7,1
1,NewOrder,1770904892.483519,16910,1,1
1,NewOrder,1770904892.484751,41390,23,1
2,Payment,1770904892.486845,6589,10,1
2,Payment,1770904892.486855,7028,17,1
2,Payment,1770904892.487642,10733,16,1
1,NewOrder,1770904892.488297,37878,13,1
2,Payment,1770904892.488322,6705,22,1
3,OrderStatus,1770904892.489309,8958,14,1
1,NewOrder,1770904892.489516,21248,21,1
1,NewOrder,1770904892.490614,26801,11,1
3,OrderStatus,1770904892.490854,7722,3,1
1,NewOrder,1770904892.490913,26010,0,1
2,Payment,1770904892.493452,8132,10,1
5,StockLevel,1770904892.493901,18543,17,1
2,Payment,1770904892.493976,10744,6,1
1,NewOrder,1770904892.494458,27075,20,1
5,StockLevel,1770904892.495043,14639,22,1
2,Payment,1770904892.495664,8333,19,1
2,Payment,1770904892.497885,6526,12,1
2,Payment,1770904892.498293,9605,14,1
2,Payment,1770904892.498402,7498,16,1
1,NewOrder,1770904892.498590,26453,3,1
2,Payment,1770904892.499728,8544,5,1
5,StockLevel,1770904892.500385,16881,8,1
1,NewOrder,1770904892.500410,27481,4,1
1,NewOrder,1770904892.500456,25741,1,1
3,OrderStatus,1770904892.500936,6578,18,1
2,Payment,1770904892.501599,7905,10,1
1,NewOrder,1770904892.504023,17890,19,1
2,Payment,1770904892.504437,8682,12,1
1,NewOrder,1770904892.504746,28434,6,1
1,NewOrder,1770904892.504764,16717,15,1
1,NewOrder,1770904892.505925,32123,16,1
1,NewOrder,1770904892.507541,26168,18,1
2,Payment,1770904892.507923,8262,14,1
1,NewOrder,1770904892.508288,29033,5,1
1,NewOrder,1770904892.509523,19178,10,1
2,Payment,1770904892.509699,7191,22,1
2,Payment,1770904892.510777,8035,21,1
4,Delivery,1770904892.512461,74914,17,1
2,Payment,1770904892.512501,21612,7,1
2,Payment,1770904892.513135,8816,12,1
5,StockLevel,1770904892.516211,13188,14,1
1,NewOrder,1770904892.516916,25756,22,1
2,Payment,1770904892.516950,7272,0,1
2,Payment,1770904892.517292,27754,8,1
2,Payment,1770904892.517442,25755,11,1
1,NewOrder,1770904892.518828,22758,21,1
2,Payment,1770904892.521194,9668,2,1
2,Payment,1770904892.521494,7453,15,1
1,NewOrder,1770904892.521559,22600,20,1
1,NewOrder,1770904892.521938,17620,19,1
1,NewOrder,1770904892.521970,19644,12,1
2,Payment,1770904892.524244,8595,0,1
1,NewOrder,1770904892.525055,30050,3,1
1,NewOrder,1770904892.526167,25785,23,1
3,OrderStatus,1770904892.526201,5065,13,1
4,Delivery,1770904892.526222,22071,1,1
2,Payment,1770904892.527917,6754,4,1
4,Delivery,1770904892.528728,5115,10,1
1,NewOrder,1770904892.528966,35100,15,1
2,Payment,1770904892.529425,11988,14,1
1,NewOrder,1770904892.530887,23375,2,1
2,Payment,1770904892.531282,12270,13,1
2,Payment,1770904892.532865,5696,0,1
2,Payment,1770904892.533195,16281,6,1
1,NewOrder,1770904892.533240,30375,9,1
5,StockLevel,1770904892.533735,17462,18,1
2,Payment,1770904892.533867,7744,10,1
1,NewOrder,1770904892.534129,13111,7,1
1,NewOrder,1770904892.534690,29347,4,1
1,NewOrder,1770904892.537343,23183,5,1
1,NewOrder,1770904892.538071,25483,16,1
2,Payment,1770904892.538577,4724,0,1
2,Payment,1770904892.539582,11865,19,1
1,NewOrder,1770904892.541435,16791,14,1
4,Delivery,1770904892.541612,32495,21,1
1,NewOrder,1770904892.541628,26198,12,1
3,OrderStatus,1770904892.541640,4560,10,1
2,Payment,1770904892.542689,14416,22,1
3,OrderStatus,1770904892.543223,1408,11,1
1,NewOrder,1770904892.543314,19841,0,1
1,NewOrder,1770904892.543578,19533,13,1
1,NewOrder,1770904892.544174,21736,20,1
2,Payment,1770904892.544656,3296,11,1
4,Delivery,1770904892.545062,10899,8,1
1,NewOrder,1770904892.546218,32548,10,1
1,NewOrder,1770904892.547265,16927,7,1
1,NewOrder,1770904892.547964,19071,11,1
1,NewOrder,1770904892.548311,35532,1,1
2,Payment,1770904892.549502,5554,6,1
4,Delivery,1770904892.551215,23292,18,1
1,NewOrder,1770904892.551460,23628,19,1
1,NewOrder,1770904892.551968,30679,23,1
1,NewOrder,1770904892.554275,37659,2,1
2,Payment,1770904892.555081,5667,6,1
2,Payment,1770904892.555127,6120,3,1
2,Payment,1770904892.555977,6407,8,1
4,Delivery,1770904892.557118,17477,22,1
2,Payment,1770904892.558249,8967,14,1
1,NewOrder,1770904892.560548,35996,5,1
1,NewOrder,1770904892.560774,32983,6,1
1,NewOrder,1770904892.561274,25248,3,1
1,NewOrder,1770904892.562414,34180,8,1
1,NewOrder,1770904892.563128,18449,13,1
5,StockLevel,1770904892.563181,11367,0,1
5,StockLevel,1770904892.563580,18503,16,1
2,Payment,1770904892.563640,9659,9,1
1,NewOrder,1770904892.564049,20100,4,1
1,NewOrder,1770904892.564082,29645,15,1
2,Payment,1770904892.564207,13227,7,1
4,Delivery,1770904892.565922,8628,20,1
2,Payment,1770904892.567062,12085,11,1
3,OrderStatus,1770904892.567228,7917,14,1
1,NewOrder,1770904892.567844,28919,12,1
1,NewOrder,1770904892.573315,28317,9,1
1,NewOrder,1770904892.574122,46050,21,1
2,Payment,1770904892.574529,1634,18,1
2,Payment,1770904892.574561,12380,0,1
4,Delivery,1770904892.574572,24720,20,1
2,Payment,1770904892.574616,4513,22,1
2,Payment,1770904892.575102,11791,19,1
1,NewOrder,1770904892.575159,30704,14,1
1,NewOrder,1770904892.576179,11909,18,1
1,NewOrder,1770904892.577447,32494,7,1
1,NewOrder,1770904892.578791,19983,10,1
2,Payment,1770904892.579146,9441,22,1
1,NewOrder,1770904892.579163,20953,11,1
2,Payment,1770904892.581590,6872,13,1
2,Payment,1770904892.582109,8511,16,1
2,Payment,1770904892.582674,10216,23,1
1,NewOrder,1770904892.583870,29968,1,1
2,Payment,1770904892.584164,9379,4,1
2,Payment,1770904892.586547,9972,3,1
1,NewOrder,1770904892.586908,29224,19,1
1,NewOrder,1770904892.586968,21641,0,1
2,Payment,1770904892.587399,10223,17,1
2,Payment,1770904892.588104,9063,18,1
1,NewOrder,1770904892.588489,23312,13,1
1,NewOrder,1770904892.588602,20753,22,1
1,NewOrder,1770904892.590646,22205,16,1
4,Delivery,1770904892.591956,36867,2,1
2,Payment,1770904892.592917,8072,23,1
1,NewOrder,1770904892.593565,15017,4,1
2,Payment,1770904892.593752,15155,15,1
1,NewOrder,1770904892.593808,29781,6,1
2,Payment,1770904892.596547,12688,3,1
2,Payment,1770904892.596571,10257,5,1
2,Payment,1770904892.596620,9406,8,1
2,Payment,1770904892.596779,14485,12,1
1,NewOrder,1770904892.597182,28786,18,1
2,Payment,1770904892.597637,15796,17,1
1,NewOrder,1770904892.598802,23469,10,1
1,NewOrder,1770904892.599318,30692,20,1
5,StockLevel,1770904892.600129,22670,11,1
1,NewOrder,1770904892.601006,16361,23,1
2,Payment,1770904892.601658,6491,9,1
2,Payment,1770904892.605877,16800,14,1
3,OrderStatus,1770904892.606052,9127,8,1
1,NewOrder,1770904892.606855,21846,5,1
1,NewOrder,1770904892.608175,20159,9,1
2,Payment,1770904892.608607,11288,4,1
2,Payment,1770904892.608635,8123,0,1
2,Payment,1770904892.608922,9767,15,1
1,NewOrder,1770904892.609260,24548,3,1
1,NewOrder,1770904892.609381,23123,22,1
1,NewOrder,1770904892.609968,25588,7,1
2,Payment,1770904892.611279,9219,12,1
1,NewOrder,1770904892.611827,31732,13,1
1,NewOrder,1770904892.612876,22991,16,1
1,NewOrder,1770904892.613452,16167,17,1
2,Payment,1770904892.613862,8913,1,1
4,Delivery,1770904892.615195,30949,8,1
1,NewOrder,1770904892.616146,21427,19,1
4,Delivery,1770904892.616785,12440,0,1
4,Delivery,1770904892.617394,71367,23,1
1,NewOrder,1770904892.618700,20592,15,1
2,Payment,1770904892.619922,7942,4,1
2,Payment,1770904892.620198,8074,21,1
2,Payment,1770904892.620514,3791,12,1
2,Payment,1770904892.622297,9657,10,1
1,NewOrder,1770904892.622695,12114,14,1
1,NewOrder,1770904892.622801,25791,1,1
2,Payment,1770904892.622813,11310,11,1
5,StockLevel,1770904892.623612,14447,6,1
1,NewOrder,1770904892.624331,24558,12,1
1,NewOrder,1770904892.625994,30044,18,1
2,Payment,1770904892.627880,7972,4,1
1,NewOrder,1770904892.628299,28447,21,1
1,NewOrder,1770904892.628350,35722,9,1
2,Payment,1770904892.628716,9279,5,1
2,Payment,1770904892.628840,10766,2,1
1,NewOrder,1770904892.629240,16878,0,1
3,OrderStatus,1770904892.629646,6885,17,1
1,NewOrder,1770904892.630025,20156,20,1
2,Payment,1770904892.631980,10162,10,1
2,Payment,1770904892.632530,6103,22,1
1,NewOrder,1770904892.633834,25669,3,1
2,Payment,1770904892.634148,9381,11,1
2,Payment,1770904892.634826,9646,14,1
1,NewOrder,1770904892.635582,24356,7,1
1,NewOrder,1770904892.635870,23411,4,1
1,NewOrder,1770904892.635881,23999,16,1
1,NewOrder,1770904892.636552,29531,17,1
4,Delivery,1770904892.637599,51692,19,1
1,NewOrder,1770904892.638014,27193,5,1
2,Payment,1770904892.638072,15556,6,1
2,Payment,1770904892.638659,6579,22,1
2,Payment,1770904892.639307,6538,15,1
3,OrderStatus,1770904892.639621,8002,2,1
2,Payment,1770904892.642160,10132,10,1
2,Payment,1770904892.643555,12840,11,1
5,StockLevel,1770904892.643575,15233,13,1
2,Payment,1770904892.644498,7694,14,1
1,NewOrder,1770904892.645263,29335,22,1
1,NewOrder,1770904892.645871,20767,15,1
2,Payment,1770904892.646133,5433,0,1
1,NewOrder,1770904892.646158,19781,8,1
1,NewOrder,1770904892.647637,27452,2,1
1,NewOrder,1770904892.648619,29809,1,1
2,Payment,1770904892.648902,11584,12,1
1,NewOrder,1770904892.650198,32897,20,1
2,Payment,1770904892.651580,8270,0,1
2,Payment,1770904892.652213,9878,14,1
2,Payment,1770904892.652309,7595,10,1
1,NewOrder,1770904892.653647,13341,6,1
1,NewOrder,1770904892.656065,22330,18,1
2,Payment,1770904892.656420,5118,11,1
1,NewOrder,1770904892.656759,15130,21,1
2,Payment,1770904892.658824,10398,13,1
1,NewOrder,1770904892.659297,18722,4,1
1,NewOrder,1770904892.659530,33845,3,1
2,Payment,1770904892.659869,9035,0,1
2,Payment,1770904892.659902,6715,16,1
2,Payment,1770904892.659918,6082,10,1
2,Payment,1770904892.659952,10330,7,1
2,Payment,1770904892.660499,18464,12,1
1,NewOrder,1770904892.661555,12675,11,1
1,NewOrder,1770904892.662106,21342,14,1
2,Payment,1770904892.664086,8832,9,1
3,OrderStatus,1770904892.665225,5737,5,1
1,NewOrder,1770904892.665965,21139,8,1
2,Payment,1770904892.666027,8959,10,1
5,StockLevel,1770904892.666110,16670,17,1
1,NewOrder,1770904892.666634,37127,16,1
2,Payment,1770904892.666652,5578,15,1
2,Payment,1770904892.667003,12699,6,1
1,NewOrder,1770904892.668931,35189,0,1
1,NewOrder,1770904892.669239,17902,13,1
2,Payment,1770904892.670296,7813,7,1
1,NewOrder,1770904892.670980,32542,5,1
1,NewOrder,1770904892.671905,17358,21,1
2,Payment,1770904892.672245,5144,15,1
1,NewOrder,1770904892.672935,32480,9,1
2,Payment,1770904892.674250,7089,11,1
1,NewOrder,1770904892.674612,20163,22,1
4,Delivery,1770904892.675007,57053,10,1
3,OrderStatus,1770904892.675103,9068,2,1
2,Payment,1770904892.677403,9372,15,1
1,NewOrder,1770904892.678035,34315,4,1
1,NewOrder,1770904892.678124,26503,7,1
1,NewOrder,1770904892.678408,25746,18,1
1,NewOrder,1770904892.678440,35966,1,1
5,StockLevel,1770904892.678973,7278,12,1
2,Payment,1770904892.679716,3695,6,1
1,NewOrder,1770904892.681366,28016,11,1
2,Payment,1770904892.682804,7900,17,1
1,NewOrder,1770904892.683106,34300,20,1
1,NewOrder,1770904892.683424,29364,6,1
1,NewOrder,1770904892.683464,21746,14,1
3,OrderStatus,1770904892.684187,8017,2,1
1,NewOrder,1770904892.686265,33248,12,1
2,Payment,1770904892.686785,19837,15,1
1,NewOrder,1770904892.687120,32037,8,1
2,Payment,1770904892.687154,12523,13,1
2,Payment,1770904892.688778,15100,23,1
2,Payment,1770904892.689279,19291,21,1
2,Payment,1770904892.689307,1741,19,1
2,Payment,1770904892.690718,13595,17,1
1,NewOrder,1770904892.691064,12436,19,1
2,Payment,1770904892.692221,11611,2,1
1,NewOrder,1770904892.693388,27804,3,1
4,Delivery,1770904892.694801,54864,22,1
1,NewOrder,1770904892.699693,16361,13,1
2,Payment,1770904892.703525,2214,19,1
1,NewOrder,1770904892.703536,16348,5,1
2,Payment,1770904892.703779,5497,16,1
1,NewOrder,1770904892.703851,32128,2,1
1,NewOrder,1770904892.703905,23499,23,1
1,NewOrder,1770904892.704145,20327,0,1
1,NewOrder,1770904892.704180,15173,18,1
2,Payment,1770904892.704327,6784,17,1
1,NewOrder,1770904892.704640,16404,7,1
2,Payment,1770904892.705228,7601,14,1
2,Payment,1770904892.705429,7428,9,1
1,NewOrder,1770904892.705754,4969,19,1
5,StockLevel,1770904892.706636,10239,15,1
1,NewOrder,1770904892.708588,12740,21,1
1,NewOrder,1770904892.709303,36111,16,1
2,Payment,1770904892.709403,6998,11,1
2,Payment,1770904892.710739,4891,19,1
1,NewOrder,1770904892.711137,34031,17,1
2,Payment,1770904892.712367,8367,4,1
2,Payment,1770904892.712808,8273,6,1
2,Payment,1770904892.712846,6704,14,1
1,NewOrder,1770904892.712873,31081,9,1
1,NewOrder,1770904892.714420,26531,1,1
1,NewOrder,1770904892.715644,16105,19,1
2,Payment,1770904892.716070,7974,13,1
2,Payment,1770904892.716417,7960,11,1
4,Delivery,1770904892.716888,37826,15,1
1,NewOrder,1770904892.717418,20994,20,1
2,Payment,1770904892.719171,7039,8,1
1,NewOrder,1770904892.719368,22482,18,1
2,Payment,1770904892.719530,8179,12,1
2,Payment,1770904892.719566,9620,14,1
1,NewOrder,1770904892.719897,25290,5,1
2,Payment,1770904892.720748,11288,4,1
1,NewOrder,1770904892.721057,37819,7,1
1,NewOrder,1770904892.721097,31238,6,1
1,NewOrder,1770904892.721206,19991,3,1
1,NewOrder,1770904892.721340,19820,21,1
1,NewOrder,1770904892.724060,24169,13,1
2,Payment,1770904892.724392,6498,11,1
1,NewOrder,1770904892.724487,31638,0,1
2,Payment,1770904892.726222,8881,8,1
2,Payment,1770904892.727429,9252,23,1
1,NewOrder,1770904892.727725,38023,12,1
1,NewOrder,1770904892.729203,27782,14,1
2,Payment,1770904892.730903,6951,11,1
1,NewOrder,1770904892.731766,27460,19,1
2,Payment,1770904892.732061,8424,4,1
4,Delivery,1770904892.732074,55839,10,1
2,Payment,1770904892.735118,8821,8,1
1,NewOrder,1770904892.735998,36158,2,1
1,NewOrder,1770904892.736694,26404,23,1
2,Payment,1770904892.737865,9608,11,1
1,NewOrder,1770904892.738426,23910,20,1
2,Payment,1770904892.740503,7763,4,1
2,Payment,1770904892.740978,9352,1,1
2,Payment,1770904892.741172,9122,21,1
4,Delivery,1770904892.741224,56586,3,1
1,NewOrder,1770904892.741868,19684,18,1
1,NewOrder,1770904892.743953,23297,8,1
1,NewOrder,1770904892.743969,29856,9,1
1,NewOrder,1770904892.745184,35730,17,1
2,Payment,1770904892.745203,6618,5,1
2,Payment,1770904892.745436,11610,16,1
1,NewOrder,1770904892.747487,17691,11,1
1,NewOrder,1770904892.748242,41210,13,1
1,NewOrder,1770904892.748278,18534,4,1
2,Payment,1770904892.749680,7039,22,1
2,Payment,1770904892.750312,7892,21,1
2,Payment,1770904892.750351,6664,1,1
2,Payment,1770904892.751837,6791,5,1
1,NewOrder,1770904892.752352,34134,6,1
1,NewOrder,1770904892.754727,21724,15,1
2,Payment,1770904892.756144,7521,0,1
2,Payment,1770904892.756745,8857,22,1
1,NewOrder,1770904892.757002,25758,14,1
2,Payment,1770904892.757032,10101,1,1
4,Delivery,1770904892.757072,51037,16,1
2,Payment,1770904892.758220,5330,21,1
2,Payment,1770904892.758643,6925,5,1
2,Payment,1770904892.758887,7814,7,1
2,Payment,1770904892.759251,8872,19,1
1,NewOrder,1770904892.761566,32363,18,1
2,Payment,1770904892.762348,9691,20,1
4,Delivery,1770904892.763126,70752,23,1
1,NewOrder,1770904892.763576,20243,21,1
1,NewOrder,1770904892.763679,25771,0,1
1,NewOrder,1770904892.765203,27528,11,1
5,StockLevel,1770904892.765581,14581,5,1
1,NewOrder,1770904892.765629,20840,22,1
1,NewOrder,1770904892.765766,27424,12,1
1,NewOrder,1770904892.766718,28469,7,1
2,Payment,1770904892.766839,7768,4,1
2,Payment,1770904892.767148,4516,1,1
2,Payment,1770904892.767261,6944,8,1
2,Payment,1770904892.768149,6352,19,1
2,Payment,1770904892.771690,7200,1,1
1,NewOrder,1770904892.772053,26354,20,1
1,NewOrder,1770904892.772163,26629,2,1
1,NewOrder,1770904892.773842,21796,9,1
2,Payment,1770904892.774231,8037,8,1
2,Payment,1770904892.774519,7372,19,1
1,NewOrder,1770904892.774633,25307,4,1
5,StockLevel,1770904892.776477,13521,15,1
2,Payment,1770904892.778906,7168,1,1
1,NewOrder,1770904892.780187,20560,5,1
2,Payment,1770904892.780941,12150,17,1
1,NewOrder,1770904892.781915,17974,19,1
2,Payment,1770904892.782294,6342,8,1
2,Payment,1770904892.782774,12806,14,1
1,NewOrder,1770904892.783834,27026,21,1
2,Payment,1770904892.786085,9568,1,1
1,NewOrder,1770904892.786495,26689,22,1
1,NewOrder,1770904892.786508,19171,6,1
4,Delivery,1770904892.787934,62708,10,1
5,StockLevel,1770904892.788663,16578,8,1
1,NewOrder,1770904892.789473,30758,13,1
1,NewOrder,1770904892.789479,25073,0,1
2,Payment,1770904892.790014,7724,15,1
2,Payment,1770904892.792755,6647,11,1
1,NewOrder,1770904892.793106,39831,17,1
2,Payment,1770904892.793208,9089,12,1
2,Payment,1770904892.793956,7245,18,1
2,Payment,1770904892.795203,8944,7,1
1,NewOrder,1770904892.795602,21329,14,1
1,NewOrder,1770904892.795658,35869,9,1
1,NewOrder,1770904892.795669,24009,1,1
1,NewOrder,1770904892.797764,18154,15,1
2,Payment,1770904892.797836,6705,3,1
2,Payment,1770904892.798434,9271,20,1
2,Payment,1770904892.798818,11227,2,1
1,NewOrder,1770904892.799417,20761,11,1
1,NewOrder,1770904892.799905,15326,19,1
1,NewOrder,1770904892.799964,36561,4,1
2,Payment,1770904892.800763,11308,5,1
2,Payment,1770904892.801216,8085,18,1
2,Payment,1770904892.802324,10546,12,1
1,NewOrder,1770904892.804174,31423,7,1
1,NewOrder,1770904892.804568,17422,3,1
2,Payment,1770904892.805267,9870,8,1
2,Payment,1770904892.805706,12277,6,1
2,Payment,1770904892.807734,8274,20,1
2,Payment,1770904892.808129,9696,16,1
2,Payment,1770904892.809327,9102,18,1
2,Payment,1770904892.810065,7356,2,1
2,Payment,1770904892.810886,11108,21,1
2,Payment,1770904892.812096,8152,5,1
2,Payment,1770904892.812889,16067,12,1
4,Delivery,1770904892.813211,21431,22,1
2,Payment,1770904892.814577,10865,0,1
3,OrderStatus,1770904892.815163,9644,8,1
1,NewOrder,1770904892.815246,21013,19,1
5,StockLevel,1770904892.815928,14974,15,1
2,Payment,1770904892.816024,12444,20,1
4,Delivery,1770904892.816958,36242,14,1
2,Payment,1770904892.817443,10726,2,1
2,Payment,1770904892.817851,12578,16,1
2,Payment,1770904892.818003,4099,6,1
2,Payment,1770904892.818443,8454,18,1
1,NewOrder,1770904892.819695,25385,1,1
5,StockLevel,1770904892.820205,14972,11,1
1,NewOrder,1770904892.820252,17155,13,1
5,StockLevel,1770904892.820273,9177,5,1
1,NewOrder,1770904892.822018,29463,3,1
1,NewOrder,1770904892.822022,16090,21,1
1,NewOrder,1770904892.822117,14526,6,1
5,StockLevel,1770904892.824828,14827,8,1
2,Payment,1770904892.825456,6917,0,1
1,NewOrder,1770904892.826916,24591,18,1
2,Payment,1770904892.828183,13378,2,1
2,Payment,1770904892.828498,3901,20,1
1,NewOrder,1770904892.828973,26576,12,1
1,NewOrder,1770904892.829475,34278,5,1
1,NewOrder,1770904892.830445,29491,16,1
1,NewOrder,1770904892.830932,17028,15,1
2,Payment,1770904892.831553,11114,9,1
2,Payment,1770904892.832390,7159,0,1
1,NewOrder,1770904892.832412,31374,20,1
2,Payment,1770904892.832953,5520,17,1
1,NewOrder,1770904892.833905,31384,23,1
2,Payment,1770904892.834657,1945,22,1
1,NewOrder,1770904892.835203,20399,11,1
2,Payment,1770904892.835612,8831,7,1
1,NewOrder,1770904892.836274,23723,19,1
2,Payment,1770904892.836541,8893,4,1
2,Payment,1770904892.836616,1847,22,1
1,NewOrder,1770904892.836670,31073,6,1
1,NewOrder,1770904892.837433,22454,13,1
2,Payment,1770904892.838128,8252,21,1
2,Payment,1770904892.838477,1890,22,1
2,Payment,1770904892.838488,12631,17,1
2,Payment,1770904892.839575,8820,0,1
2,Payment,1770904892.839682,8753,8,1
2,Payment,1770904892.840384,7981,22,1
1,NewOrder,1770904892.841583,11594,2,1
1,NewOrder,1770904892.842696,27550,9,1
1,NewOrder,1770904892.844468,22025,7,1
1,NewOrder,1770904892.845102,37556,1,1
2,Payment,1770904892.845449,7338,4,1
3,OrderStatus,1770904892.846394,7825,21,1
4,Delivery,1770904892.847985,6237,15,1
2,Payment,1770904892.848377,7253,22,1
2,Payment,1770904892.848420,6785,0,1
3,OrderStatus,1770904892.848462,7863,8,1
2,Payment,1770904892.850662,8442,10,1
1,NewOrder,1770904892.851145,27127,17,1
2,Payment,1770904892.851507,9614,3,1
1,NewOrder,1770904892.851523,19665,18,1
2,Payment,1770904892.852804,13968,4,1
1,NewOrder,1770904892.853204,32156,2,1
1,NewOrder,1770904892.853219,32116,14,1
3,OrderStatus,1770904892.854238,2365,15,1
1,NewOrder,1770904892.854246,29129,21,1
2,Payment,1770904892.855223,9676,0,1
2,Payment,1770904892.855563,7723,12,1
4,Delivery,1770904892.855620,69953,11,1
1,NewOrder,1770904892.855647,29243,22,1
1,NewOrder,1770904892.856340,31815,8,1
5,StockLevel,1770904892.856618,13040,15,1
2,Payment,1770904892.859129,7670,10,1
1,NewOrder,1770904892.859901,25039,13,1
1,NewOrder,1770904892.859962,19421,16,1
2,Payment,1770904892.860012,6872,19,1
4,Delivery,1770904892.861142,38647,3,1
1,NewOrder,1770904892.863313,23279,12,1
3,OrderStatus,1770904892.863768,6862,5,1
2,Payment,1770904892.863811,7396,20,1
1,NewOrder,1770904892.864912,19955,0,1
5,StockLevel,1770904892.865315,19496,23,1
2,Payment,1770904892.866519,10546,7,1
2,Payment,1770904892.866798,4370,4,1
1,NewOrder,1770904892.866818,20517,10,1
1,NewOrder,1770904892.866911,16940,19,1
1,NewOrder,1770904892.867768,22246,6,1
2,Payment,1770904892.869675,9248,15,1
2,Payment,1770904892.870273,9426,9,1
5,StockLevel,1770904892.870651,13757,5,1
2,Payment,1770904892.871183,7185,4,1
4,Delivery,1770904892.871203,12082,18,1
2,Payment,1770904892.871223,7729,20,1
1,NewOrder,1770904892.877090,33210,7,1
2,Payment,1770904892.878300,7103,17,1
1,NewOrder,1770904892.878387,22123,4,1
1,NewOrder,1770904892.878939,34227,15,1
1,NewOrder,1770904892.878969,21536,20,1
1,NewOrder,1770904892.879395,25407,16,1
2,Payment,1770904892.879724,5658,9,1
1,NewOrder,1770904892.882673,37194,1,1
1,NewOrder,1770904892.883311,28792,18,1
2,Payment,1770904892.883402,5226,21,1
2,Payment,1770904892.883868,7126,19,1
2,Payment,1770904892.884425,8107,5,1
1,NewOrder,1770904892.884825,30681,23,1
1,NewOrder,1770904892.884883,26186,0,1
2,Payment,1770904892.884905,8062,22,1
1,NewOrder,1770904892.884968,18558,13,1
2,Payment,1770904892.885349,7819,14,1
2,Payment,1770904892.885373,9103,2,1
1,NewOrder,1770904892.885396,30082,9,1
1,NewOrder,1770904892.885416,26494,17,1
1,NewOrder,1770904892.886612,32302,12,1
1,NewOrder,1770904892.887348,33405,10,1
1,NewOrder,1770904892.888172,37878,8,1
2,Payment,1770904892.888641,8121,21,1
1,NewOrder,1770904892.890027,25404,6,1
2,Payment,1770904892.891019,7490,19,1
2,Payment,1770904892.892550,8227,5,1
1,NewOrder,1770904892.892983,18099,22,1
2,Payment,1770904892.893182,8840,14,1
1,NewOrder,1770904892.894491,36145,2,1
2,Payment,1770904892.896776,8743,21,1
2,Payment,1770904892.898524,8391,19,1
1,NewOrder,1770904892.899802,21860,3,1
1,NewOrder,1770904892.900530,29215,4,1
1,NewOrder,1770904892.900534,34798,20,1
2,Payment,1770904892.900797,6842,5,1
1,NewOrder,1770904892.902034,38124,14,1
1,NewOrder,1770904892.903542,31978,13,1
2,Payment,1770904892.904817,14984,16,1
2,Payment,1770904892.905546,7076,21,1
2,Payment,1770904892.906931,7702,19,1
4,Delivery,1770904892.907660,67249,5,1
2,Payment,1770904892.910317,9441,7,1
1,NewOrder,1770904892.911096,29693,0,1
2,Payment,1770904892.911101,9013,22,1
1,NewOrder,1770904892.911922,36650,17,1
1,NewOrder,1770904892.912115,39544,18,1
1,NewOrder,1770904892.912638,27428,21,1
1,NewOrder,1770904892.913181,21319,15,1
1,NewOrder,1770904892.914650,18017,19,1
1,NewOrder,1770904892.915443,17990,6,1
4,Delivery,1770904892.915504,10849,9,1
1,NewOrder,1770904892.915533,32775,23,1
1,NewOrder,1770904892.918940,24305,12,1
1,NewOrder,1770904892.919784,19253,7,1
5,StockLevel,1770904892.919828,17127,16,1
2,Payment,1770904892.919883,9070,1,1
2,Payment,1770904892.920141,7029,22,1
2,Payment,1770904892.920780,10284,10,1
2,Payment,1770904892.921688,9771,3,1
1,NewOrder,1770904892.925590,30743,11,1
5,StockLevel,1770904892.926068,13596,8,1
5,StockLevel,1770904892.926375,7634,9,1
1,NewOrder,1770904892.927187,15166,22,1
2,Payment,1770904892.928979,8335,1,1
1,NewOrder,1770904892.929771,22744,4,1
2,Payment,1770904892.930652,8905,2,1
1,NewOrder,1770904892.931089,28533,10,1
1,NewOrder,1770904892.931485,14208,3,1
1,NewOrder,1770904892.932681,15515,19,1
2,Payment,1770904892.933450,6605,6,1
1,NewOrder,1770904892.934034,28876,9,1
2,Payment,1770904892.934526,5502,15,1
1,NewOrder,1770904892.935352,18151,20,1
2,Payment,1770904892.935546,7676,13,1
1,NewOrder,1770904892.936980,26539,16,1
2,Payment,1770904892.937334,9730,1,1
1,NewOrder,1770904892.939062,31449,7,1
2,Payment,1770904892.939584,9620,2,1
2,Payment,1770904892.939678,8835,8,1
1,NewOrder,1770904892.940055,28026,15,1
2,Payment,1770904892.940077,7025,6,1
1,NewOrder,1770904892.940092,18077,21,1
2,Payment,1770904892.940184,8225,14,1
2,Payment,1770904892.940805,11242,0,1
1,NewOrder,1770904892.942367,33122,22,1
4,Delivery,1770904892.943248,21552,13,1
2,Payment,1770904892.943274,8813,12,1
4,Delivery,1770904892.945719,29701,3,1
1,NewOrder,1770904892.947084,30658,1,1
1,NewOrder,1770904892.947118,37316,6,1
1,NewOrder,1770904892.948211,36584,19,1
2,Payment,1770904892.948335,9136,23,1
2,Payment,1770904892.948435,10646,14,1
1,NewOrder,1770904892.948538,34388,8,1
1,NewOrder,1770904892.948586,34742,17,1
1,NewOrder,1770904892.949227,33500,2,1
1,NewOrder,1770904892.951684,10015,18,1
1,NewOrder,1770904892.952074,21594,0,1
2,Payment,1770904892.952114,9620,12,1
3,OrderStatus,1770904892.952543,6866,4,1
2,Payment,1770904892.953529,7675,20,1
2,Payment,1770904892.956348,9350,11,1
1,NewOrder,1770904892.957497,25223,23,1
1,NewOrder,1770904892.958195,26577,21,1
1,NewOrder,1770904892.959101,33051,14,1
2,Payment,1770904892.959435,9198,4,1
2,Payment,1770904892.959636,8893,10,1
3,OrderStatus,1770904892.961229,8011,20,1
5,StockLevel,1770904892.961718,12497,18,1
3,OrderStatus,1770904892.961759,5237,12,1
2,Payment,1770904892.962927,9397,9,1
1,NewOrder,1770904892.963537,24941,16,1
1,NewOrder,1770904892.964825,19521,13,1
2,Payment,1770904892.965724,13519,11,1
1,NewOrder,1770904892.967014,25797,12,1
2,Payment,1770904892.968107,6142,15,1
2,Payment,1770904892.968556,8355,10,1
2,Payment,1770904892.968646,7832,4,1
2,Payment,1770904892.969261,5786,20,1
3,OrderStatus,1770904892.970524,7898,7,1
1,NewOrder,1770904892.972351,17077,9,1
2,Payment,1770904892.973681,11177,0,1
2,Payment,1770904892.974241,13259,18,1
2,Payment,1770904892.974275,10556,15,1
1,NewOrder,1770904892.974935,24266,5,1
1,NewOrder,1770904892.975075,28487,20,1
5,StockLevel,1770904892.975439,1923,3,1
5,StockLevel,1770904892.975503,18224,22,1
1,NewOrder,1770904892.976490,31660,4,1
4,Delivery,1770904892.976925,53626,10,1
1,NewOrder,1770904892.977376,12349,3,1
2,Payment,1770904892.977753,10080,1,1
1,NewOrder,1770904892.978438,36052,7,1
2,Payment,1770904892.979269,2621,11,1
1,NewOrder,1770904892.981906,14500,11,1
1,NewOrder,1770904892.982743,23911,2,1
1,NewOrder,1770904892.982749,23116,23,1
2,Payment,1770904892.982953,6792,8,1
2,Payment,1770904892.983350,8323,17,1
2,Payment,1770904892.984371,11452,13,1
5,StockLevel,1770904892.984460,13291,6,1
1,NewOrder,1770904892.984786,13372,21,1
1,NewOrder,1770904892.984814,22222,19,1
2,Payment,1770904892.984853,19859,15,1
1,NewOrder,1770904892.984885,17400,0,1
2,Payment,1770904892.987523,5198,18,1
1,NewOrder,1770904892.987852,34017,1,1
3,OrderStatus,1770904892.988503,8874,16,1
1,NewOrder,1770904892.989445,37682,9,1
2,Payment,1770904892.989752,6618,3,1
2,Payment,1770904892.989759,6587,8,1
5,StockLevel,1770904892.991700,17975,17,1
1,NewOrder,1770904892.992162,28153,14,1
2,Payment,1770904892.992739,6045,18,1
2,Payment,1770904892.992829,9646,12,1
1,NewOrder,1770904892.993738,31431,22,1
1,NewOrder,1770904892.995843,16861,13,1
1,NewOrder,1770904892.996363,15749,8,1
2,Payment,1770904892.996383,6575,3,1
4,Delivery,1770904892.996434,35002,11,1
2,Payment,1770904892.997389,9229,16,1
1,NewOrder,1770904892.997778,24909,6,1
2,Payment,1770904892.998183,6187,21,1
2,Payment,1770904892.998806,7371,18,1
1,NewOrder,1770904892.999227,26245,5,1
2,Payment,1770904893.002299,9398,0,1
1,NewOrder,1770904893.002502,37522,12,1
2,Payment,1770904893.002985,6422,3,1
2,Payment,1770904893.003588,8488,20,1
2,Payment,1770904893.004395,13368,21,1
2,Payment,1770904893.004734,3743,15,1
2,Payment,1770904893.005884,10310,23,1
1,NewOrder,1770904893.006195,18177,18,1
1,NewOrder,1770904893.006638,34227,16,1
1,NewOrder,1770904893.006682,37459,2,1
1,NewOrder,1770904893.007048,30889,19,1
1,NewOrder,1770904893.008167,38647,4,1
1,NewOrder,1770904893.008488,14505,15,1
1,NewOrder,1770904893.009432,35131,3,1
1,NewOrder,1770904893.009702,20810,17,1
1,NewOrder,1770904893.011722,16778,0,1
1,NewOrder,1770904893.012103,27906,20,1
1,NewOrder,1770904893.012139,24469,8,1
2,Payment,1770904893.012723,9478,13,1
1,NewOrder,1770904893.014504,29184,7,1
1,NewOrder,1770904893.016219,37477,23,1
1,NewOrder,1770904893.017807,21668,21,1
1,NewOrder,1770904893.020332,25535,14,1
1,NewOrder,1770904893.021891,20902,1,1
2,Payment,1770904893.022227,7889,13,1
2,Payment,1770904893.022699,9898,6,1
1,NewOrder,1770904893.023020,34271,15,1
5,StockLevel,1770904893.024398,18542,18,1
1,NewOrder,1770904893.025194,21504,22,1
1,NewOrder,1770904893.025485,31836,5,1
1,NewOrder,1770904893.027153,28370,9,1
1,NewOrder,1770904893.028524,23131,0,1
1,NewOrder,1770904893.030143,39467,13,1
1,NewOrder,1770904893.030538,24156,17,1
1,NewOrder,1770904893.030577,18617,10,1
2,Payment,1770904893.031459,3439,11,1
1,NewOrder,1770904893.032624,31975,6,1
2,Payment,1770904893.034916,2019,11,1
1,NewOrder,1770904893.036622,16906,8,1
2,Payment,1770904893.036946,1382,11,1
1,NewOrder,1770904893.037964,32604,19,1
2,Payment,1770904893.038343,2157,11,1
2,Payment,1770904893.039501,8613,21,1
1,NewOrder,1770904893.040029,28433,20,1
2,Payment,1770904893.040041,6808,12,1
3,OrderStatus,1770904893.040513,1091,11,1
1,NewOrder,1770904893.040891,24028,16,1
1,NewOrder,1770904893.041621,17937,11,1
1,NewOrder,1770904893.042808,18908,1,1
2,Payment,1770904893.042966,8653,18,1
2,Payment,1770904893.043715,6228,7,1
2,Payment,1770904893.044154,6810,2,1
1,NewOrder,1770904893.044580,28612,3,1
2,Payment,1770904893.045892,10154,14,1
2,Payment,1770904893.046723,7705,22,1
2,Payment,1770904893.046828,6246,4,1
2,Payment,1770904893.046877,6932,12,1
2,Payment,1770904893.048140,9118,21,1
2,Payment,1770904893.049221,7825,10,1
2,Payment,1770904893.049969,10338,7,1
2,Payment,1770904893.050982,9843,2,1
2,Payment,1770904893.051645,8619,18,1
4,Delivery,1770904893.051682,14856,0,1
3,OrderStatus,1770904893.053101,11430,4,1
2,Payment,1770904893.053555,10220,8,1
1,NewOrder,1770904893.053723,32860,23,1
1,NewOrder,1770904893.053835,26390,12,1
2,Payment,1770904893.054454,10847,22,1
2,Payment,1770904893.054720,9965,17,1
1,NewOrder,1770904893.055548,36619,9,1
1,NewOrder,1770904893.056063,34700,14,1
1,NewOrder,1770904893.057059,33456,10,1
5,StockLevel,1770904893.057283,13462,21,1
1,NewOrder,1770904893.057306,26168,15,1
1,NewOrder,1770904893.057332,34288,5,1
1,NewOrder,1770904893.059575,24343,11,1
1,NewOrder,1770904893.060290,28725,18,1
1,NewOrder,1770904893.060333,24097,7,1
2,Payment,1770904893.060851,7027,2,1
1,NewOrder,1770904893.061735,23998,1,1
1,NewOrder,1770904893.063801,13580,8,1
1,NewOrder,1770904893.064555,34065,4,1
2,Payment,1770904893.064623,6452,6,1
1,NewOrder,1770904893.064712,18225,17,1
2,Payment,1770904893.064933,7785,16,1
1,NewOrder,1770904893.065316,19633,22,1
2,Payment,1770904893.066555,9954,0,1
1,NewOrder,1770904893.067904,30267,2,1
1,NewOrder,1770904893.068488,22298,20,1
1,NewOrder,1770904893.069625,20096,13,1
1,NewOrder,1770904893.070586,29407,19,1
2,Payment,1770904893.070772,9745,21,1
1,NewOrder,1770904893.071088,25352,6,1
2,Payment,1770904893.072738,9755,16,1
1,NewOrder,1770904893.073204,33249,3,1
5,StockLevel,1770904893.076525,12566,0,1
2,Payment,1770904893.077402,6976,8,1
3,OrderStatus,1770904893.080252,6234,12,1
1,NewOrder,1770904893.080543,27039,21,1
1,NewOrder,1770904893.082519,36044,16,1
2,Payment,1770904893.082948,7850,17,1
2,Payment,1770904893.083500,8788,15,1
3,OrderStatus,1770904893.083944,5099,11,1
1,NewOrder,1770904893.084391,35643,8,1
5,StockLevel,1770904893.084457,19545,7,1
1,NewOrder,1770904893.084975,16709,22,1
2,Payment,1770904893.085746,9722,1,1
1,NewOrder,1770904893.086498,37891,12,1
1,NewOrder,1770904893.086607,40530,23,1
2,Payment,1770904893.089041,7250,18,1
1,NewOrder,1770904893.089069,26465,11,1
2,Payment,1770904893.089111,9561,0,1
4,Delivery,1770904893.089747,26150,13,1
4,Delivery,1770904893.090542,60809,10,1
3,OrderStatus,1770904893.090780,5890,14,1
2,Payment,1770904893.090803,8750,20,1
2,Payment,1770904893.090825,8799,17,1
1,NewOrder,1770904893.091646,25098,5,1
1,NewOrder,1770904893.092181,40322,9,1
1,NewOrder,1770904893.092314,31976,15,1
2,Payment,1770904893.095486,11019,1,1
2,Payment,1770904893.096311,7805,18,1
1,NewOrder,1770904893.096468,30749,6,1
3,OrderStatus,1770904893.096684,21631,14,1
2,Payment,1770904893.098193,13292,2,1
1,NewOrder,1770904893.098647,29849,4,1
2,Payment,1770904893.098699,20868,0,1
1,NewOrder,1770904893.099571,24121,20,1
1,NewOrder,1770904893.099651,35458,17,1
2,Payment,1770904893.100006,5943,19,1
1,NewOrder,1770904893.101710,28293,22,1
1,NewOrder,1770904893.104029,26993,7,1
3,OrderStatus,1770904893.104131,6319,18,1
2,Payment,1770904893.105963,8011,19,1
1,NewOrder,1770904893.106471,29408,3,1
2,Payment,1770904893.106530,10881,1,1
1,NewOrder,1770904893.107608,19578,21,1
1,NewOrder,1770904893.110474,20897,18,1
1,NewOrder,1770904893.111511,27945,2,1
2,Payment,1770904893.113994,11817,19,1
1,NewOrder,1770904893.115560,38427,11,1
2,Payment,1770904893.115916,8389,13,1
2,Payment,1770904893.116770,9947,5,1
1,NewOrder,1770904893.117430,20064,1,1
1,NewOrder,1770904893.118336,30862,14,1
1,NewOrder,1770904893.118588,30901,16,1
3,OrderStatus,1770904893.119592,1277,0,1
1,NewOrder,1770904893.120052,17906,8,1
1,NewOrder,1770904893.120885,10467,0,1
1,NewOrder,1770904893.123707,33753,20,1
2,Payment,1770904893.124316,7690,15,1
1,NewOrder,1770904893.124331,34302,13,1
1,NewOrder,1770904893.124415,23942,12,1
1,NewOrder,1770904893.125837,29261,19,1
1,NewOrder,1770904893.126733,34351,5,1
1,NewOrder,1770904893.127150,19222,23,1
1,NewOrder,1770904893.127200,16018,21,1
2,Payment,1770904893.127233,7141,6,1
2,Payment,1770904893.128513,7868,4,1
1,NewOrder,1770904893.130030,20369,22,1
2,Payment,1770904893.131037,7796,7,1
3,OrderStatus,1770904893.131379,5121,0,1
1,NewOrder,1770904893.131389,29346,18,1
2,Payment,1770904893.132018,7295,15,1
2,Payment,1770904893.132519,8535,9,1
1,NewOrder,1770904893.134400,28612,6,1
4,Delivery,1770904893.135124,70546,17,1
2,Payment,1770904893.135901,8432,3,1
1,NewOrder,1770904893.136394,26770,4,1
1,NewOrder,1770904893.136517,21514,0,1
1,NewOrder,1770904893.137505,38943,1,1
1,NewOrder,1770904893.137971,40289,8,1
2,Payment,1770904893.138861,7883,7,1
1,NewOrder,1770904893.139326,21725,15,1
2,Payment,1770904893.139471,7237,2,1
2,Payment,1770904893.141070,8315,9,1
4,Delivery,1770904893.143244,48121,21,1
2,Payment,1770904893.144358,8604,3,1
1,NewOrder,1770904893.146393,28441,23,1
5,StockLevel,1770904893.146721,22499,2,1
2,Payment,1770904893.146762,14282,7,1
1,NewOrder,1770904893.148384,31799,12,1
2,Payment,1770904893.149212,13962,14,1
2,Payment,1770904893.149411,13713,9,1
1,NewOrder,1770904893.149504,21802,16,1
1,NewOrder,1770904893.150424,17862,22,1
1,NewOrder,1770904893.151378,23433,10,1
1,NewOrder,1770904893.152988,32237,3,1
3,OrderStatus,1770904893.154014,5433,11,1
2,Payment,1770904893.155118,6533,19,1
2,Payment,1770904893.157486,7286,20,1
2,Payment,1770904893.158058,11225,0,1
2,Payment,1770904893.158660,6018,13,1
3,OrderStatus,1770904893.159462,6632,11,1
2,Payment,1770904893.160761,10326,18,1
1,NewOrder,1770904893.161058,25346,7,1
1,NewOrder,1770904893.161065,40495,15,1
1,NewOrder,1770904893.161111,34967,5,1
2,Payment,1770904893.161667,12492,19,1
1,NewOrder,1770904893.163038,28665,6,1
2,Payment,1770904893.163141,1177,9,1
1,NewOrder,1770904893.163194,16295,4,1
1,NewOrder,1770904893.163194,17432,14,1
2,Payment,1770904893.164332,1272,9,1
1,NewOrder,1770904893.164704,37381,13,1
1,NewOrder,1770904893.164797,30075,20,1
2,Payment,1770904893.165617,2294,9,1
1,NewOrder,1770904893.166119,29269,11,1
2,Payment,1770904893.167924,1556,9,1
2,Payment,1770904893.168312,12296,22,1
1,NewOrder,1770904893.169234,15591,2,1
2,Payment,1770904893.169310,13508,0,1
2,Payment,1770904893.169491,1794,9,1
5,StockLevel,1770904893.171104,19711,18,1
1,NewOrder,1770904893.171300,6931,9,1
2,Payment,1770904893.171327,6591,16,1
1,NewOrder,1770904893.174176,21562,19,1
2,Payment,1770904893.174829,6121,10,1
1,NewOrder,1770904893.174847,32061,23,1
1,NewOrder,1770904893.176476,30408,1,1
1,NewOrder,1770904893.177944,24003,16,1
2,Payment,1770904893.178246,5127,9,1
1,NewOrder,1770904893.178275,30176,8,1
1,NewOrder,1770904893.179506,30445,4,1
1,NewOrder,1770904893.180198,36048,12,1
2,Payment,1770904893.180624,10306,22,1
1,NewOrder,1770904893.180653,26706,14,1
2,Payment,1770904893.180964,7662,10,1
2,Payment,1770904893.182836,9579,0,1
1,NewOrder,1770904893.183384,3408,9,1
2,Payment,1770904893.184852,12601,2,1
1,NewOrder,1770904893.185252,24664,3,1
1,NewOrder,1770904893.186423,36889,7,1
1,NewOrder,1770904893.186807,3566,9,1
2,Payment,1770904893.188651,13269,10,1
4,Delivery,1770904893.190387,53045,9,1
2,Payment,1770904893.190840,7520,18,1
1,NewOrder,1770904893.190955,25064,22,1
2,Payment,1770904893.191390,8632,21,1
2,Payment,1770904893.191716,11849,6,1
1,NewOrder,1770904893.192433,22194,0,1
3,OrderStatus,1770904893.194893,8378,20,1
2,Payment,1770904893.195402,9758,11,1
1,NewOrder,1770904893.195765,21514,19,1
1,NewOrder,1770904893.196094,21577,5,1
1,NewOrder,1770904893.197479,16660,2,1
2,Payment,1770904893.198373,8438,18,1
5,StockLevel,1770904893.200036,10534,21,1
2,Payment,1770904893.201576,7815,15,1
3,OrderStatus,1770904893.201946,4740,10,1
2,Payment,1770904893.201970,9725,16,1
1,NewOrder,1770904893.202111,22091,13,1
3,OrderStatus,1770904893.203288,6698,20,1
4,Delivery,1770904893.203584,40271,6,1
2,Payment,1770904893.205186,5094,11,1
2,Payment,1770904893.205684,8855,17,1
2,Payment,1770904893.206706,10985,10,1
1,NewOrder,1770904893.206825,16953,18,1
1,NewOrder,1770904893.206903,16859,1,1
2,Payment,1770904893.206924,7573,23,1
1,NewOrder,1770904893.207375,34781,14,1
1,NewOrder,1770904893.208464,15289,8,1
2,Payment,1770904893.209406,6809,15,1
1,NewOrder,1770904893.209937,18857,3,1
2,Payment,1770904893.209963,8686,4,1
1,NewOrder,1770904893.210001,22689,20,1
2,Payment,1770904893.210295,8954,11,1
1,NewOrder,1770904893.210583,30251,21,1
1,NewOrder,1770904893.211715,26551,16,1
4,Delivery,1770904893.214153,35132,2,1
2,Payment,1770904893.214507,7150,23,1
1,NewOrder,1770904893.214565,30117,17,1
1,NewOrder,1770904893.214642,34252,0,1
2,Payment,1770904893.216045,7770,22,1
1,NewOrder,1770904893.216241,22530,15,1
2,Payment,1770904893.216261,7460,12,1
2,Payment,1770904893.217293,8033,19,1
2,Payment,1770904893.217685,9534,5,1
1,NewOrder,1770904893.217703,26237,10,1
1,NewOrder,1770904893.218663,36100,4,1
2,Payment,1770904893.219264,4970,11,1
2,Payment,1770904893.221668,8431,23,1
1,NewOrder,1770904893.223327,32275,7,1
2,Payment,1770904893.223738,8136,12,1
1,NewOrder,1770904893.223766,28437,8,1
1,NewOrder,1770904893.223789,37453,1,1
1,NewOrder,1770904893.223791,14839,18,1
1,NewOrder,1770904893.223832,23120,22,1
1,NewOrder,1770904893.224218,25095,13,1
2,Payment,1770904893.224251,7080,11,1
5,StockLevel,1770904893.225342,12432,19,1
1,NewOrder,1770904893.227235,14889,5,1
2,Payment,1770904893.228807,6624,3,1
2,Payment,1770904893.230113,10047,23,1
1,NewOrder,1770904893.231357,30656,11,1
1,NewOrder,1770904893.231890,26985,12,1
1,NewOrder,1770904893.232705,27441,20,1
2,Payment,1770904893.235445,6298,3,1
3,OrderStatus,1770904893.237819,6368,19,1
2,Payment,1770904893.238284,9983,16,1
1,NewOrder,1770904893.238658,23607,18,1
4,Delivery,1770904893.238784,40089,15,1
2,Payment,1770904893.240185,8814,23,1
1,NewOrder,1770904893.240851,20409,21,1
2,Payment,1770904893.241758,9585,3,1
2,Payment,1770904893.242136,11096,5,1
2,Payment,1770904893.242172,7227,14,1
1,NewOrder,1770904893.243456,28679,9,1
1,NewOrder,1770904893.243877,5413,6,1
2,Payment,1770904893.243954,7706,10,1
1,NewOrder,1770904893.244199,26154,19,1
2,Payment,1770904893.244698,7495,17,1
5,StockLevel,1770904893.246975,16408,22,1
2,Payment,1770904893.248282,7908,16,1
2,Payment,1770904893.248905,11265,0,1
2,Payment,1770904893.249026,5043,23,1
2,Payment,1770904893.249309,4233,6,1
2,Payment,1770904893.249314,7648,2,1
1,NewOrder,1770904893.249324,15945,13,1
2,Payment,1770904893.249415,8122,14,1
2,Payment,1770904893.251360,15147,3,1
1,NewOrder,1770904893.251675,34535,10,1
2,Payment,1770904893.252209,7548,17,1
2,Payment,1770904893.252230,11394,8,1
4,Delivery,1770904893.253251,62531,5,1
1,NewOrder,1770904893.253557,6930,6,1
2,Payment,1770904893.254082,7132,23,1
2,Payment,1770904893.254779,6970,4,1
2,Payment,1770904893.255616,9630,7,1
1,NewOrder,1770904893.256216,33420,16,1
2,Payment,1770904893.256975,7786,2,1
1,NewOrder,1770904893.257563,35073,14,1
2,Payment,1770904893.258888,8277,12,1
1,NewOrder,1770904893.259773,28923,17,1
1,NewOrder,1770904893.260166,36718,20,1
2,Payment,1770904893.260187,7724,0,1
1,NewOrder,1770904893.260504,17048,6,1
2,Payment,1770904893.261228,7880,23,1
2,Payment,1770904893.261254,8662,1,1
1,NewOrder,1770904893.261276,14896,21,1
1,NewOrder,1770904893.261774,34510,4,1
2,Payment,1770904893.262025,7241,11,1
2,Payment,1770904893.262276,8352,18,1
2,Payment,1770904893.263397,9169,22,1
2,Payment,1770904893.263641,10210,8,1
1,NewOrder,1770904893.264772,25978,2,1
4,Delivery,1770904893.265260,36400,7,1
1,NewOrder,1770904893.265281,34140,13,1
1,NewOrder,1770904893.266526,19243,3,1
2,Payment,1770904893.267181,11272,12,1
1,NewOrder,1770904893.267927,35066,0,1
2,Payment,1770904893.269135,10930,23,1
2,Payment,1770904893.269280,6349,11,1
1,NewOrder,1770904893.269930,27754,1,1
2,Payment,1770904893.270368,13526,19,1
2,Payment,1770904893.270643,10984,18,1
1,NewOrder,1770904893.272148,21956,9,1
2,Payment,1770904893.272579,13573,22,1
1,NewOrder,1770904893.273875,31535,8,1
1,NewOrder,1770904893.275643,25984,11,1
1,NewOrder,1770904893.276188,30380,21,1
1,NewOrder,1770904893.277579,23272,6,1
5,StockLevel,1770904893.278467,17687,12,1
1,NewOrder,1770904893.278890,32273,15,1
1,NewOrder,1770904893.280091,37587,23,1
4,Delivery,1770904893.281646,11810,18,1
1,NewOrder,1770904893.283918,17735,19,1
4,Delivery,1770904893.285812,30368,3,1
2,Payment,1770904893.286167,2956,22,1
1,NewOrder,1770904893.286225,33309,10,1
1,NewOrder,1770904893.288713,32666,17,1
5,StockLevel,1770904893.289138,14533,22,1
4,Delivery,1770904893.289662,52761,16,1
1,NewOrder,1770904893.290766,35971,2,1
1,NewOrder,1770904893.292662,27134,14,1
2,Payment,1770904893.293473,6941,18,1
1,NewOrder,1770904893.294121,28252,9,1
1,NewOrder,1770904893.296174,22647,12,1
2,Payment,1770904893.296311,7284,4,1
2,Payment,1770904893.296900,7070,20,1
3,OrderStatus,1770904893.297698,6941,1,1
1,NewOrder,1770904893.299437,20339,13,1
2,Payment,1770904893.300429,5651,18,1
1,NewOrder,1770904893.300866,23109,6,1
4,Delivery,1770904893.301654,27021,11,1
4,Delivery,1770904893.301682,26568,7,1
2,Payment,1770904893.301685,7432,19,1
2,Payment,1770904893.303012,6583,0,1
1,NewOrder,1770904893.303607,24588,4,1
2,Payment,1770904893.303685,6896,22,1
1,NewOrder,1770904893.303988,29333,20,1
1,NewOrder,1770904893.304650,22900,1,1
2,Payment,1770904893.305437,5698,8,1
1,NewOrder,1770904893.306096,33911,18,1
1,NewOrder,1770904893.306581,39748,21,1
1,NewOrder,1770904893.309136,43656,19,1
2,Payment,1770904893.309611,5942,0,1
2,Payment,1770904893.310598,5150,22,1
1,NewOrder,1770904893.311148,43281,8,1
2,Payment,1770904893.311180,7414,15,1
2,Payment,1770904893.315579,10548,0,1
2,Payment,1770904893.315764,9518,22,1
2,Payment,1770904893.315799,12073,5,1
1,NewOrder,1770904893.316199,5692,3,1
1,NewOrder,1770904893.317690,20934,23,1
1,NewOrder,1770904893.318610,31954,15,1
2,Payment,1770904893.318834,1237,12,1
1,NewOrder,1770904893.319561,35542,10,1
1,NewOrder,1770904893.319793,15561,13,1
1,NewOrder,1770904893.319810,23047,14,1
1,NewOrder,1770904893.320084,2274,12,1
2,Payment,1770904893.321393,6828,17,1
2,Payment,1770904893.321904,7488,3,1
4,Delivery,1770904893.322371,20420,12,1
1,NewOrder,1770904893.322391,24440,9,1
2,Payment,1770904893.323988,9745,6,1
2,Payment,1770904893.325296,11026,22,1
1,NewOrder,1770904893.326153,24867,0,1
2,Payment,1770904893.326759,7629,2,1
1,NewOrder,1770904893.327566,55443,1,1
2,Payment,1770904893.327888,8998,5,1
1,NewOrder,1770904893.328211,44552,4,1
3,OrderStatus,1770904893.328236,6050,17,1
4,Delivery,1770904893.328267,17070,7,1
1,NewOrder,1770904893.328691,5021,11,1
1,NewOrder,1770904893.329407,11182,3,1
1,NewOrder,1770904893.333336,61097,20,1
2,Payment,1770904893.333728,4093,11,1
2,Payment,1770904893.333748,8274,6,1
1,NewOrder,1770904893.334305,39753,17,1
1,NewOrder,1770904893.334406,50915,2,1
2,Payment,1770904893.335371,7084,13,1
2,Payment,1770904893.336335,8150,22,1
1,NewOrder,1770904893.336900,34682,5,1
1,NewOrder,1770904893.337830,57653,11,1
1,NewOrder,1770904893.338639,37128,23,1
1,NewOrder,1770904893.340023,31524,18,1
1,NewOrder,1770904893.340603,42239,3,1
2,Payment,1770904893.342037,8876,6,1
1,NewOrder,1770904893.342443,40521,16,1
2,Payment,1770904893.342474,5155,13,1
1,NewOrder,1770904893.342804,4793,12,1
2,Payment,1770904893.342871,12273,14,1
2,Payment,1770904893.344501,7849,22,1
2,Payment,1770904893.345355,13736,7,1
1,NewOrder,1770904893.346344,31119,21,1
1,NewOrder,1770904893.346845,40345,9,1
2,Payment,1770904893.347613,9102,12,1
1,NewOrder,1770904893.347645,37714,13,1
2,Payment,1770904893.350580,20380,15,1
1,NewOrder,1770904893.350940,20734,6,1
2,Payment,1770904893.351046,33441,0,1
1,NewOrder,1770904893.352366,66874,22,1
2,Payment,1770904893.352820,42044,19,1
1,NewOrder,1770904893.354445,29605,8,1
1,NewOrder,1770904893.355122,27850,10,1
1,NewOrder,1770904893.355171,32535,14,1
1,NewOrder,1770904893.356730,26617,12,1
1,NewOrder,1770904893.359106,29627,7,1
2,Payment,1770904893.370986,3485,15,1
1,NewOrder,1770904893.371563,13215,18,1
5,StockLevel,1770904893.371610,5440,5,1
4,Delivery,1770904893.371701,5732,6,1
4,Delivery,1770904893.372777,10148,4,1
1,NewOrder,1770904893.374081,6551,17,1
2,Payment,1770904893.374487,2592,15,1
1,NewOrder,1770904893.375794,5188,23,1
2,Payment,1770904893.377065,15861,5,1
1,NewOrder,1770904893.377093,6343,15,1
2,Payment,1770904893.377459,2521,6,1
1,NewOrder,1770904893.377478,13277,21,1
2,Payment,1770904893.379998,3800,6,1
2,Payment,1770904893.380646,2371,17,1
2,Payment,1770904893.381000,17468,23,1
1,NewOrder,1770904893.382863,37132,3,1
2,Payment,1770904893.382939,3124,4,1
2,Payment,1770904893.382978,2296,16,1
1,NewOrder,1770904893.382999,33467,10,1
1,NewOrder,1770904893.383035,8280,17,1
2,Payment,1770904893.383042,4536,1,1
2,Payment,1770904893.383361,12551,12,1
2,Payment,1770904893.383448,8906,15,1
2,Payment,1770904893.383811,23608,6,1
2,Payment,1770904893.384065,21904,8,1
1,NewOrder,1770904893.384516,35033,0,1
1,NewOrder,1770904893.384792,7502,18,1
2,Payment,1770904893.385287,1494,16,1
2,Payment,1770904893.385335,6218,2,1
2,Payment,1770904893.385377,5803,13,1
2,Payment,1770904893.386076,3618,4,1
2,Payment,1770904893.386794,2243,16,1
2,Payment,1770904893.387207,66964,9,1
1,NewOrder,1770904893.387595,4458,1,1
1,NewOrder,1770904893.387733,88228,14,1
2,Payment,1770904893.388758,73705,7,1
2,Payment,1770904893.389048,63790,16,1
2,Payment,1770904893.389707,16169,4,1
1,NewOrder,1770904893.390772,26233,21,1
2,Payment,1770904893.391197,68138,13,1
1,NewOrder,1770904893.391326,58885,17,1
3,OrderStatus,1770904893.391570,56701,2,1
1,NewOrder,1770904893.392068,4769,1,1
2,Payment,1770904893.392304,44814,18,1
1,NewOrder,1770904893.392367,4860,15,1
3,OrderStatus,1770904893.392944,1266,5,1
2,Payment,1770904893.394227,1655,5,1
2,Payment,1770904893.394446,14768,20,1
2,Payment,1770904893.394891,12858,19,1
1,NewOrder,1770904893.395505,27889,11,1
1,NewOrder,1770904893.395899,3012,5,1
1,NewOrder,1770904893.395931,65944,12,1
5,StockLevel,1770904893.396853,1469,1,1
1,NewOrder,1770904893.397241,7748,15,1
1,NewOrder,1770904893.398337,6218,1,1
2,Payment,1770904893.398494,52052,23,1
1,NewOrder,1770904893.398927,4576,5,1
2,Payment,1770904893.403517,42700,5,1
1,NewOrder,1770904893.404569,19346,1,1
1,NewOrder,1770904893.405006,54390,15,1
2,Payment,1770904893.405902,50334,4,1
1,NewOrder,1770904893.405982,22145,8,1
2,Payment,1770904893.407436,8968,6,1
2,Payment,1770904893.407765,9969,19,1
2,Payment,1770904893.409241,11218,20,1
1,NewOrder,1770904893.416423,16539,6,1
1,NewOrder,1770904893.416487,77549,10,1
2,Payment,1770904893.417027,7734,21,1
5,StockLevel,1770904893.417756,1854,19,1
2,Payment,1770904893.419263,2668,22,1
2,Payment,1770904893.419563,34962,0,1
1,NewOrder,1770904893.419631,11151,19,1
1,NewOrder,1770904893.420012,5252,3,1
1,NewOrder,1770904893.420476,3413,20,1
2,Payment,1770904893.421954,4423,22,1
2,Payment,1770904893.423420,32387,11,1
1,NewOrder,1770904893.423904,9195,20,1
1,NewOrder,1770904893.423930,3435,1,1
2,Payment,1770904893.424777,4261,21,1
2,Payment,1770904893.425276,32705,3,1
2,Payment,1770904893.426390,4847,22,1
1,NewOrder,1770904893.427382,16006,1,1
1,NewOrder,1770904893.428153,20947,8,1
2,Payment,1770904893.429056,4752,21,1
5,StockLevel,1770904893.430808,1807,19,1
2,Payment,1770904893.431254,4005,22,1
1,NewOrder,1770904893.432640,25704,19,1
1,NewOrder,1770904893.432988,13636,6,1
1,NewOrder,1770904893.433126,27335,20,1
1,NewOrder,1770904893.433834,25513,21,1
1,NewOrder,1770904893.435275,6136,22,1
5,StockLevel,1770904893.437135,7540,18,1
1,NewOrder,1770904893.441424,15200,22,1
2,Payment,1770904893.443414,16294,1,1
3,OrderStatus,1770904893.444701,4528,18,1
2,Payment,1770904893.446244,6280,5,1
1,NewOrder,1770904893.446650,19060,6,1
2,Payment,1770904893.448286,19458,2,1
1,NewOrder,1770904893.449125,14380,8,1
2,Payment,1770904893.449256,2964,18,1
4,Delivery,1770904893.450239,75824,17,1
1,NewOrder,1770904893.450560,44355,23,1
1,NewOrder,1770904893.452245,39529,18,1
3,OrderStatus,1770904893.452545,1006,5,1
5,StockLevel,1770904893.452865,10444,16,1
2,Payment,1770904893.453568,15986,5,1
2,Payment,1770904893.454197,6848,9,1
2,Payment,1770904893.454537,6824,0,1
2,Payment,1770904893.455835,8680,11,1
2,Payment,1770904893.456255,8122,4,1
1,NewOrder,1770904893.456637,28844,22,1
1,NewOrder,1770904893.458008,26312,3,1
2,Payment,1770904893.458357,5533,19,1
2,Payment,1770904893.459364,4501,13,1
1,NewOrder,1770904893.459366,11223,21,1
1,NewOrder,1770904893.459422,13450,15,1
2,Payment,1770904893.459734,17417,1,1
2,Payment,1770904893.460475,4844,20,1
2,Payment,1770904893.461070,23630,9,1
2,Payment,1770904893.461374,22915,0,1
4,Delivery,1770904893.461887,64757,12,1
1,NewOrder,1770904893.462480,32626,7,1
1,NewOrder,1770904893.463337,20497,16,1
2,Payment,1770904893.463521,2496,8,1
2,Payment,1770904893.463877,4379,13,1
1,NewOrder,1770904893.463905,57558,19,1
1,NewOrder,1770904893.464394,31764,4,1
2,Payment,1770904893.464541,3730,11,1
2,Payment,1770904893.465334,3208,20,1
2,Payment,1770904893.465724,4414,6,1
1,NewOrder,1770904893.466034,28112,8,1
2,Payment,1770904893.467759,24439,2,1
1,NewOrder,1770904893.468283,53046,13,1
1,NewOrder,1770904893.468285,15965,11,1
2,Payment,1770904893.468566,3163,20,1
1,NewOrder,1770904893.469581,17380,5,1
2,Payment,1770904893.470154,2001,6,1
1,NewOrder,1770904893.470615,5720,21,1
2,Payment,1770904893.471742,3362,20,1
2,Payment,1770904893.472166,15811,6,1
1,NewOrder,1770904893.472887,57025,15,1
4,Delivery,1770904893.475117,18518,20,1
1,NewOrder,1770904893.475979,32343,14,1
1,NewOrder,1770904893.476350,42797,21,1
2,Payment,1770904893.477168,21950,1,1
2,Payment,1770904893.483853,1643,16,1
1,NewOrder,1770904893.484264,5010,11,1
2,Payment,1770904893.484309,1494,0,1
2,Payment,1770904893.484345,4038,3,1
1,NewOrder,1770904893.484712,38043,9,1
2,Payment,1770904893.485508,6717,22,1
2,Payment,1770904893.485511,1549,16,1
2,Payment,1770904893.485820,9654,0,1
2,Payment,1770904893.486987,7586,5,1
2,Payment,1770904893.487074,1584,16,1
1,NewOrder,1770904893.487988,30763,6,1
2,Payment,1770904893.488398,8338,3,1
2,Payment,1770904893.488671,2163,16,1
1,NewOrder,1770904893.489289,20908,11,1
1,NewOrder,1770904893.490850,20075,16,1
1,NewOrder,1770904893.491801,27361,18,1
2,Payment,1770904893.492225,16640,2,1
1,NewOrder,1770904893.492236,23519,22,1
1,NewOrder,1770904893.493650,52815,20,1
1,NewOrder,1770904893.494062,28978,10,1
2,Payment,1770904893.494171,6314,8,1
2,Payment,1770904893.494586,18188,5,1
2,Payment,1770904893.494925,7276,23,1
2,Payment,1770904893.495120,8043,7,1
1,NewOrder,1770904893.495488,5900,0,1
2,Payment,1770904893.496172,7675,4,1
1,NewOrder,1770904893.496762,4325,3,1
1,NewOrder,1770904893.499134,9992,1,1
2,Payment,1770904893.500501,6831,8,1
2,Payment,1770904893.501113,4601,3,1
1,NewOrder,1770904893.501401,7364,0,1
1,NewOrder,1770904893.502228,42140,23,1
1,NewOrder,1770904893.503190,19669,7,1
2,Payment,1770904893.503863,6391,4,1
1,NewOrder,1770904893.505740,5081,3,1
1,NewOrder,1770904893.507346,37771,8,1
2,Payment,1770904893.508348,10848,14,1
1,NewOrder,1770904893.508782,23935,0,1
1,NewOrder,1770904893.508877,22488,2,1
2,Payment,1770904893.509147,6065,1,1
1,NewOrder,1770904893.510223,37788,11,1
1,NewOrder,1770904893.510267,14339,4,1
2,Payment,1770904893.510847,6247,3,1
2,Payment,1770904893.510951,11702,16,1
1,NewOrder,1770904893.512800,9805,5,1
2,Payment,1770904893.515230,3876,1,1
1,NewOrder,1770904893.515781,26590,22,1
3,OrderStatus,1770904893.517120,1488,3,1
1,NewOrder,1770904893.518630,35624,3,1
2,Payment,1770904893.518767,13731,6,1
5,StockLevel,1770904893.519116,19000,1,1
2,Payment,1770904893.519174,24083,21,1
1,NewOrder,1770904893.519189,30244,18,1
1,NewOrder,1770904893.519209,26963,14,1
2,Payment,1770904893.521354,3528,13,1
2,Payment,1770904893.521475,44709,19,1
4,Delivery,1770904893.522618,59689,5,1
1,NewOrder,1770904893.522679,37730,16,1
1,NewOrder,1770904893.522782,30188,9,1
1,NewOrder,1770904893.522871,48014,7,1
1,NewOrder,1770904893.523067,44238,10,1
2,Payment,1770904893.524626,5296,4,1
1,NewOrder,1770904893.524895,5051,13,1
3,OrderStatus,1770904893.526079,14502,17,1
1,NewOrder,1770904893.526660,31454,12,1
1,NewOrder,1770904893.529941,32863,15,1
2,Payment,1770904893.529941,1791,4,1
2,Payment,1770904893.529963,31447,13,1
1,NewOrder,1770904893.531379,24178,2,1
1,NewOrder,1770904893.531743,18489,4,1
2,Payment,1770904893.532517,10641,6,1
2,Payment,1770904893.532734,10473,0,1
2,Payment,1770904893.538142,7575,1,1
2,Payment,1770904893.540597,39361,17,1
1,NewOrder,1770904893.542398,31782,22,1
1,NewOrder,1770904893.543185,33944,6,1
1,NewOrder,1770904893.543233,3832,0,1
2,Payment,1770904893.543272,4460,21,1
2,Payment,1770904893.544381,6159,23,1
2,Payment,1770904893.545133,5418,8,1
1,NewOrder,1770904893.545742,34935,1,1
1,NewOrder,1770904893.546198,8493,14,1
2,Payment,1770904893.546480,17653,20,1
1,NewOrder,1770904893.547084,32755,0,1
2,Payment,1770904893.547766,14642,21,1
5,StockLevel,1770904893.548037,1597,11,1
2,Payment,1770904893.549445,3108,18,1
1,NewOrder,1770904893.549660,5283,11,1
1,NewOrder,1770904893.550248,11578,4,1
1,NewOrder,1770904893.550555,10118,23,1
1,NewOrder,1770904893.550564,10798,8,1
2,Payment,1770904893.552565,2115,18,1
2,Payment,1770904893.552996,3389,9,1
2,Payment,1770904893.554280,7401,3,1
5,StockLevel,1770904893.554694,3795,18,1
2,Payment,1770904893.554718,18508,14,1
1,NewOrder,1770904893.554970,4603,11,1
5,StockLevel,1770904893.555582,8681,2,1
1,NewOrder,1770904893.556404,23903,9,1
2,Payment,1770904893.558140,18983,12,1
1,NewOrder,1770904893.558502,27670,18,1
2,Payment,1770904893.559592,5163,11,1
2,Payment,1770904893.560436,14925,16,1
2,Payment,1770904893.560687,21959,23,1
1,NewOrder,1770904893.561388,38654,8,1
1,NewOrder,1770904893.561436,22772,13,1
2,Payment,1770904893.561701,1660,3,1
2,Payment,1770904893.561852,3264,4,1
2,Payment,1770904893.562435,22090,21,1
2,Payment,1770904893.562818,8034,15,1
1,NewOrder,1770904893.563377,35664,3,1
2,Payment,1770904893.564150,16144,20,1
2,Payment,1770904893.564276,16040,2,1
1,NewOrder,1770904893.564781,17049,11,1
2,Payment,1770904893.565142,20842,4,1
1,NewOrder,1770904893.566201,31566,19,1
2,Payment,1770904893.567321,3472,10,1
1,NewOrder,1770904893.570805,10860,10,1
2,Payment,1770904893.570866,13933,15,1
1,NewOrder,1770904893.570910,11417,7,1
1,NewOrder,1770904893.573242,6218,14,1
1,NewOrder,1770904893.574204,7423,22,1
1,NewOrder,1770904893.575388,42025,16,1
2,Payment,1770904893.577152,5123,6,1
2,Payment,1770904893.577152,5098,12,1
1,NewOrder,1770904893.579477,58199,14,1
1,NewOrder,1770904893.579866,32176,0,1
1,NewOrder,1770904893.579984,38784,17,1
2,Payment,1770904893.580307,6446,20,1
2,Payment,1770904893.580336,11894,2,1
1,NewOrder,1770904893.580336,30987,9,1
2,Payment,1770904893.580690,13082,1,1
1,NewOrder,1770904893.581643,58742,22,1
1,NewOrder,1770904893.581692,34409,10,1
1,NewOrder,1770904893.581855,29863,11,1
1,NewOrder,1770904893.582270,2734,12,1
4,Delivery,1770904893.582292,4453,6,1
1,NewOrder,1770904893.582323,19522,5,1
2,Payment,1770904893.582341,3705,7,1
2,Payment,1770904893.582656,5584,23,1
1,NewOrder,1770904893.584220,25813,13,1
4,Delivery,1770904893.584543,42066,21,1
2,Payment,1770904893.584815,6570,15,1
2,Payment,1770904893.585019,8467,12,1
1,NewOrder,1770904893.586011,26848,4,1
2,Payment,1770904893.586072,1799,7,1
2,Payment,1770904893.586186,12178,18,1
1,NewOrder,1770904893.586771,12974,20,1
1,NewOrder,1770904893.586776,17338,6,1
1,NewOrder,1770904893.587886,29326,7,1
2,Payment,1770904893.588255,11841,23,1
3,OrderStatus,1770904893.591409,10823,15,1
2,Payment,1770904893.592256,8122,2,1
1,NewOrder,1770904893.593510,16466,12,1
2,Payment,1770904893.593818,1523,1,1
2,Payment,1770904893.595355,2024,1,1
2,Payment,1770904893.597391,6632,1,1
1,NewOrder,1770904893.597813,32756,19,1
2,Payment,1770904893.598391,11622,18,1
2,Payment,1770904893.599066,6856,3,1
1,NewOrder,1770904893.599770,21844,20,1
2,Payment,1770904893.600055,2141,8,1
1,NewOrder,1770904893.600110,14750,23,1
2,Payment,1770904893.600393,1842,2,1
2,Payment,1770904893.601870,9486,5,1
2,Payment,1770904893.602222,7504,8,1
1,NewOrder,1770904893.602247,34302,15,1
1,NewOrder,1770904893.602251,21579,2,1
1,NewOrder,1770904893.604035,5959,1,1
2,Payment,1770904893.604124,8968,6,1
2,Payment,1770904893.605935,7740,3,1
3,OrderStatus,1770904893.609752,44588,8,1
2,Payment,1770904893.610002,1991,12,1
1,NewOrder,1770904893.610021,31988,1,1
2,Payment,1770904893.610039,6799,18,1
1,NewOrder,1770904893.610048,27949,13,1
1,NewOrder,1770904893.611338,46413,9,1
2,Payment,1770904893.611382,5924,5,1
2,Payment,1770904893.611746,9070,11,1
2,Payment,1770904893.612010,12058,12,1
2,Payment,1770904893.612060,9162,0,1
1,NewOrder,1770904893.612885,56003,4,1
1,NewOrder,1770904893.613107,54071,6,1
2,Payment,1770904893.613699,11701,3,1
2,Payment,1770904893.614886,9351,23,1
3,OrderStatus,1770904893.616125,12852,10,1
1,NewOrder,1770904893.616871,19321,18,1
1,NewOrder,1770904893.617230,50683,7,1
2,Payment,1770904893.617325,17685,5,1
1,NewOrder,1770904893.617423,4070,16,1
1,NewOrder,1770904893.618794,5258,17,1
2,Payment,1770904893.620828,10151,11,1
4,Delivery,1770904893.621249,15305,0,1
1,NewOrder,1770904893.621507,28477,16,1
2,Payment,1770904893.621640,9374,20,1
2,Payment,1770904893.623855,35541,2,1
1,NewOrder,1770904893.624079,4341,17,1
4,Delivery,1770904893.624094,2954,12,1
1,NewOrder,1770904893.624264,26175,23,1
1,NewOrder,1770904893.625426,52259,3,1
1,NewOrder,1770904893.626624,29306,21,1
1,NewOrder,1770904893.627072,16845,12,1
2,Payment,1770904893.628437,2483,17,1
2,Payment,1770904893.628994,4683,10,1
1,NewOrder,1770904893.630582,12970,19,1
2,Payment,1770904893.630940,14088,17,1
1,NewOrder,1770904893.630995,4669,11,1
2,Payment,1770904893.631040,1730,20,1
2,Payment,1770904893.632794,2256,20,1
3,OrderStatus,1770904893.633712,1844,10,1
4,Delivery,1770904893.635025,65152,5,1
3,OrderStatus,1770904893.635071,1268,20,1
1,NewOrder,1770904893.635580,23062,10,1
2,Payment,1770904893.635678,4295,11,1
2,Payment,1770904893.636218,2201,18,1
1,NewOrder,1770904893.636357,18660,20,1
1,NewOrder,1770904893.636571,5022,0,1
2,Payment,1770904893.636577,10872,15,1
1,NewOrder,1770904893.637700,16002,14,1
4,Delivery,1770904893.638015,14430,13,1
1,NewOrder,1770904893.638430,10518,18,1
1,NewOrder,1770904893.639999,12460,11,1
2,Payment,1770904893.640401,5591,22,1
2,Payment,1770904893.641609,19313,0,1
1,NewOrder,1770904893.642024,10078,1,1
2,Payment,1770904893.643579,6887,19,1
4,Delivery,1770904893.643944,8980,12,1
1,NewOrder,1770904893.645055,22445,17,1
1,NewOrder,1770904893.646018,24807,22,1
1,NewOrder,1770904893.647475,30604,15,1
3,OrderStatus,1770904893.648974,1624,18,1
2,Payment,1770904893.649998,4724,16,1
2,Payment,1770904893.650456,4064,23,1
1,NewOrder,1770904893.650485,48685,19,1
2,Payment,1770904893.650608,5688,18,1
2,Payment,1770904893.652128,10401,1,1
2,Payment,1770904893.652470,10476,13,1
2,Payment,1770904893.652486,4254,11,1
2,Payment,1770904893.652946,12109,12,1
2,Payment,1770904893.653728,14948,14,1
1,NewOrder,1770904893.654355,27240,8,1
1,NewOrder,1770904893.654546,47653,23,1
1,NewOrder,1770904893.654743,51639,16,1
1,NewOrder,1770904893.655042,9327,20,1
2,Payment,1770904893.655956,17213,21,1
1,NewOrder,1770904893.656321,40922,18,1
1,NewOrder,1770904893.656766,5434,11,1
2,Payment,1770904893.657768,9771,9,1
1,NewOrder,1770904893.658669,27081,10,1
1,NewOrder,1770904893.659418,36843,2,1
1,NewOrder,1770904893.660946,6603,0,1
2,Payment,1770904893.662219,32801,11,1
2,Payment,1770904893.662555,2830,1,1
1,NewOrder,1770904893.662973,38745,13,1
2,Payment,1770904893.664394,34738,20,1
5,StockLevel,1770904893.665081,12296,12,1
1,NewOrder,1770904893.665398,29650,1,1
1,NewOrder,1770904893.667205,27721,6,1
2,Payment,1770904893.667517,2670,17,1
2,Payment,1770904893.667565,30588,9,1
1,NewOrder,1770904893.667576,6679,0,1
1,NewOrder,1770904893.667929,28419,7,1
1,NewOrder,1770904893.668701,41452,14,1
2,Payment,1770904893.668915,1877,4,1
1,NewOrder,1770904893.670201,25980,17,1
3,OrderStatus,1770904893.670809,1168,4,1
1,NewOrder,1770904893.670851,42206,22,1
3,OrderStatus,1770904893.671992,896,4,1
1,NewOrder,1770904893.672902,8053,4,1
1,NewOrder,1770904893.673195,31201,21,1
2,Payment,1770904893.674273,1588,0,1
2,Payment,1770904893.675875,2092,0,1
2,Payment,1770904893.677403,19968,12,1
1,NewOrder,1770904893.677712,18598,3,1
2,Payment,1770904893.677979,1491,0,1
2,Payment,1770904893.678096,24924,15,1
1,NewOrder,1770904893.679483,15403,0,1
1,NewOrder,1770904893.680972,27815,4,1
2,Payment,1770904893.681622,21630,8,1
2,Payment,1770904893.685765,33653,10,1
1,NewOrder,1770904893.694912,8395,0,1
1,NewOrder,1770904893.694952,24380,6,1
1,NewOrder,1770904893.695049,16319,11,1
2,Payment,1770904893.695075,10747,1,1
1,NewOrder,1770904893.696207,22605,17,1
2,Payment,1770904893.696277,32838,2,1
1,NewOrder,1770904893.696337,23015,3,1
1,NewOrder,1770904893.696371,22994,7,1
2,Payment,1770904893.697269,8399,18,1
2,Payment,1770904893.697397,12035,12,1
3,OrderStatus,1770904893.698171,1288,9,1
2,Payment,1770904893.699159,12265,20,1
1,NewOrder,1770904893.699196,47204,19,1
2,Payment,1770904893.699476,10195,9,1
2,Payment,1770904893.700203,25640,5,1
4,Delivery,1770904893.701736,16808,13,1
2,Payment,1770904893.702225,32918,23,1
2,Payment,1770904893.703041,10352,15,1
3,OrderStatus,1770904893.703266,2026,8,1
1,NewOrder,1770904893.703333,17794,0,1
2,Payment,1770904893.704421,17014,21,1
2,Payment,1770904893.705309,17323,8,1
1,NewOrder,1770904893.705695,15785,18,1
2,Payment,1770904893.705839,7109,1,1
1,NewOrder,1770904893.706409,39737,16,1
1,NewOrder,1770904893.708804,37627,4,1
1,NewOrder,1770904893.709449,14847,12,1
1,NewOrder,1770904893.709688,15862,9,1
2,Payment,1770904893.710170,36086,14,1
5,StockLevel,1770904893.711393,3614,11,1
2,Payment,1770904893.711440,16257,20,1
2,Payment,1770904893.712974,8324,1,1
2,Payment,1770904893.713071,46046,22,1
1,NewOrder,1770904893.713403,13744,15,1
1,NewOrder,1770904893.715033,95776,11,1
1,NewOrder,1770904893.718560,68009,13,1
3,OrderStatus,1770904893.718829,28651,17,1
2,Payment,1770904893.719350,8126,6,1
2,Payment,1770904893.719367,13805,3,1
2,Payment,1770904893.719392,12033,7,1
2,Payment,1770904893.719430,34291,10,1
2,Payment,1770904893.721145,38137,0,1
2,Payment,1770904893.721325,56197,1,1
1,NewOrder,1770904893.721447,102533,21,1
1,NewOrder,1770904893.721505,93991,18,1
5,StockLevel,1770904893.722647,1779,8,1
1,NewOrder,1770904893.724313,28434,12,1
2,Payment,1770904893.724452,25548,8,1
2,Payment,1770904893.725575,13811,9,1
2,Payment,1770904893.725868,24731,5,1
1,NewOrder,1770904893.727172,58891,15,1
2,Payment,1770904893.727502,8371,6,1
2,Payment,1770904893.727711,24355,20,1
1,NewOrder,1770904893.729129,7957,2,1
1,NewOrder,1770904893.731452,18871,7,1
2,Payment,1770904893.733186,3859,3,1
2,Payment,1770904893.735170,41773,23,1
2,Payment,1770904893.735899,7200,6,1
4,Delivery,1770904893.737071,14950,3,1
1,NewOrder,1770904893.737113,14956,2,1
1,NewOrder,1770904893.739401,7487,9,1
1,NewOrder,1770904893.743125,8923,6,1
2,Payment,1770904893.746173,55173,16,1
2,Payment,1770904893.746276,5684,14,1
2,Payment,1770904893.746413,64354,19,1
4,Delivery,1770904893.746441,7238,4,1
2,Payment,1770904893.746905,10573,9,1
1,NewOrder,1770904893.747495,39220,17,1
4,Delivery,1770904893.750014,7559,8,1
2,Payment,1770904893.750349,14436,7,1
2,Payment,1770904893.750625,5055,5,1
4,Delivery,1770904893.751978,33150,14,1
1,NewOrder,1770904893.752034,19474,3,1
1,NewOrder,1770904893.752064,19308,6,1
1,NewOrder,1770904893.752079,13962,2,1
1,NewOrder,1770904893.752093,28330,20,1
2,Payment,1770904893.752762,49888,12,1
1,NewOrder,1770904893.753695,42214,4,1
2,Payment,1770904893.753748,7236,10,1
1,NewOrder,1770904893.755697,15715,5,1
1,NewOrder,1770904893.757504,8623,9,1
1,NewOrder,1770904893.757588,8538,8,1
2,Payment,1770904893.759133,38912,22,1
1,NewOrder,1770904893.759308,28605,0,1
1,NewOrder,1770904893.761011,7725,10,1
1,NewOrder,1770904893.764805,33333,7,1
1,NewOrder,1770904893.766055,32002,2,1
5,StockLevel,1770904893.766155,10123,8,1
3,OrderStatus,1770904893.766157,7022,9,1
2,Payment,1770904893.768755,5522,10,1
1,NewOrder,1770904893.771396,16512,6,1
2,Payment,1770904893.771438,9795,5,1
2,Payment,1770904893.771534,13634,3,1
2,Payment,1770904893.773204,14756,9,1
1,NewOrder,1770904893.774304,13629,10,1
1,NewOrder,1770904893.776295,24478,8,1
2,Payment,1770904893.776954,14093,23,1
1,NewOrder,1770904893.777540,26791,1,1
3,OrderStatus,1770904893.780449,10788,20,1
1,NewOrder,1770904893.781259,34622,5,1
1,NewOrder,1770904893.785139,31557,14,1
1,NewOrder,1770904893.785185,30819,3,1
2,Payment,1770904893.786091,20305,15,1
1,NewOrder,1770904893.786591,37335,13,1
2,Payment,1770904893.786742,27500,17,1
1,NewOrder,1770904893.787934,42011,6,1
4,Delivery,1770904893.787942,16420,0,1
2,Payment,1770904893.787960,7801,10,1
1,NewOrder,1770904893.787987,36020,9,1
1,NewOrder,1770904893.791060,42890,23,1
5,StockLevel,1770904893.791262,12383,20,1
1,NewOrder,1770904893.795787,43220,10,1
2,Payment,1770904893.795920,14848,4,1
1,NewOrder,1770904893.798070,21751,22,1
1,NewOrder,1770904893.798084,34988,2,1
2,Payment,1770904893.798165,16141,7,1
4,Delivery,1770904893.800794,35223,8,1
1,NewOrder,1770904893.801374,25726,16,1
1,NewOrder,1770904893.802677,33553,12,1
1,NewOrder,1770904893.803671,36535,20,1
1,NewOrder,1770904893.804357,22169,1,1
1,NewOrder,1770904893.804387,42150,0,1
2,Payment,1770904893.806417,11988,15,1
2,Payment,1770904893.810786,5570,4,1
2,Payment,1770904893.810795,7720,19,1
2,Payment,1770904893.810836,13275,11,1
1,NewOrder,1770904893.814267,24692,17,1
4,Delivery,1770904893.814323,22058,7,1
1,NewOrder,1770904893.815513,38068,18,1
2,Payment,1770904893.815903,10576,5,1
2,Payment,1770904893.816016,6059,3,1
1,NewOrder,1770904893.816382,22649,4,1
2,Payment,1770904893.816722,7365,14,1
1,NewOrder,1770904893.818431,20483,15,1
1,NewOrder,1770904893.818531,40470,19,1
2,Payment,1770904893.819848,6759,22,1
1,NewOrder,1770904893.822100,18468,3,1
1,NewOrder,1770904893.823952,19342,13,1
3,OrderStatus,1770904893.824007,2042,21,1
1,NewOrder,1770904893.824034,22618,9,1
1,NewOrder,1770904893.824113,22015,14,1
2,Payment,1770904893.824131,12915,11,1
2,Payment,1770904893.826068,12051,21,1
2,Payment,1770904893.826505,23886,5,1
2,Payment,1770904893.826542,19984,1,1
1,NewOrder,1770904893.826633,18002,22,1
2,Payment,1770904893.827116,19466,16,1
2,Payment,1770904893.829963,11520,6,1
1,NewOrder,1770904893.833098,25732,2,1
2,Payment,1770904893.833967,33429,23,1
2,Payment,1770904893.836031,28259,8,1
2,Payment,1770904893.836257,33272,12,1
1,NewOrder,1770904893.836399,30795,7,1
2,Payment,1770904893.837062,8049,11,1
2,Payment,1770904893.838147,13484,21,1
1,NewOrder,1770904893.838930,30068,15,1
1,NewOrder,1770904893.838986,37598,17,1
2,Payment,1770904893.839034,9449,10,1
2,Payment,1770904893.839057,15929,4,1
2,Payment,1770904893.840226,14880,20,1
1,NewOrder,1770904893.840594,28110,3,1
1,NewOrder,1770904893.841500,27597,6,1
1,NewOrder,1770904893.843308,23832,13,1
1,NewOrder,1770904893.844662,22500,22,1
1,NewOrder,1770904893.845137,42429,11,1
2,Payment,1770904893.846144,7090,14,1
2,Payment,1770904893.846552,20946,1,1
1,NewOrder,1770904893.846563,12163,0,1
2,Payment,1770904893.846609,17148,16,1
2,Payment,1770904893.846683,22939,9,1
2,Payment,1770904893.848509,4637,10,1
2,Payment,1770904893.850411,12075,5,1
4,Delivery,1770904893.851651,35565,21,1
1,NewOrder,1770904893.853164,14201,10,1
2,Payment,1770904893.853260,17992,14,1
2,Payment,1770904893.853595,9370,18,1
1,NewOrder,1770904893.855000,14055,4,1
2,Payment,1770904893.855128,15221,20,1
5,StockLevel,1770904893.858744,2528,0,1
1,NewOrder,1770904893.858857,72009,2,1
2,Payment,1770904893.859022,17097,19,1
2,Payment,1770904893.861298,57881,0,1
2,Payment,1770904893.862501,7811,5,1
2,Payment,1770904893.862976,9497,18,1
5,StockLevel,1770904893.863783,4022,16,1
1,NewOrder,1770904893.864316,26631,8,1
2,Payment,1770904893.867153,31177,13,1
2,Payment,1770904893.867188,17087,22,1
2,Payment,1770904893.867220,28493,7,1
1,NewOrder,1770904893.867378,10104,10,1
4,Delivery,1770904893.867413,20164,23,1
1,NewOrder,1770904893.867509,19375,1,1
1,NewOrder,1770904893.867822,49510,16,1
1,NewOrder,1770904893.868731,21897,3,1
2,Payment,1770904893.869013,18724,15,1
1,NewOrder,1770904893.869082,17632,4,1
1,NewOrder,1770904893.869124,22622,6,1
1,NewOrder,1770904893.869543,12011,12,1
1,NewOrder,1770904893.869635,12599,9,1
3,OrderStatus,1770904893.870327,1064,5,1
1,NewOrder,1770904893.870359,21773,20,1
2,Payment,1770904893.871271,1470,14,1
1,NewOrder,1770904893.871406,3498,5,1
2,Payment,1770904893.872486,5389,18,1
1,NewOrder,1770904893.872756,9279,14,1
2,Payment,1770904893.874920,4829,5,1
2,Payment,1770904893.876133,6269,19,1
1,NewOrder,1770904893.876600,21134,17,1
5,StockLevel,1770904893.877509,19566,10,1
5,StockLevel,1770904893.877893,4111,18,1
5,StockLevel,1770904893.879776,12174,5,1
2,Payment,1770904893.881574,2133,12,1
1,NewOrder,1770904893.882019,34980,18,1
2,Payment,1770904893.882049,4063,14,1
2,Payment,1770904893.882260,4893,9,1
2,Payment,1770904893.882417,3117,19,1
3,OrderStatus,1770904893.883722,11435,12,1
4,Delivery,1770904893.884301,3612,22,1
2,Payment,1770904893.885547,5973,19,1
1,NewOrder,1770904893.886126,19705,14,1
1,NewOrder,1770904893.886732,16693,4,1
1,NewOrder,1770904893.886896,14648,1,1
2,Payment,1770904893.887170,10652,9,1
1,NewOrder,1770904893.887231,35503,21,1
1,NewOrder,1770904893.887579,47680,11,1
2,Payment,1770904893.887594,6007,23,1
1,NewOrder,1770904893.887751,9629,15,1
1,NewOrder,1770904893.887925,21686,22,1
1,NewOrder,1770904893.890640,35767,3,1
2,Payment,1770904893.890961,23081,8,1
1,NewOrder,1770904893.891531,23180,19,1
2,Payment,1770904893.891757,7677,6,1
1,NewOrder,1770904893.891964,44858,5,1
4,Delivery,1770904893.892143,48320,20,1
2,Payment,1770904893.893618,1739,23,1
2,Payment,1770904893.895172,8549,12,1
1,NewOrder,1770904893.895371,10371,23,1
2,Payment,1770904893.895729,6154,7,1
2,Payment,1770904893.897105,6704,10,1
1,NewOrder,1770904893.897399,19259,15,1
1,NewOrder,1770904893.897755,44494,17,1
1,NewOrder,1770904893.897837,15919,9,1
2,Payment,1770904893.898341,7008,13,1
4,Delivery,1770904893.899450,2668,6,1
1,NewOrder,1770904893.901560,18609,1,1
1,NewOrder,1770904893.901897,32164,7,1
2,Payment,1770904893.902144,23189,6,1
1,NewOrder,1770904893.903441,44440,4,1
1,NewOrder,1770904893.903736,9538,12,1
1,NewOrder,1770904893.903825,34643,10,1
1,NewOrder,1770904893.905363,6044,13,1
2,Payment,1770904893.905757,1511,23,1
1,NewOrder,1770904893.905856,16096,14,1
2,Payment,1770904893.907282,1486,23,1
2,Payment,1770904893.908781,2127,23,1
1,NewOrder,1770904893.909626,16012,22,1
1,NewOrder,1770904893.910921,19928,23,1
4,Delivery,1770904893.911421,27415,13,1
1,NewOrder,1770904893.913292,23088,12,1
2,Payment,1770904893.913807,2451,9,1
1,NewOrder,1770904893.914054,33008,8,1
4,Delivery,1770904893.916281,32079,9,1
1,NewOrder,1770904893.916670,11216,15,1
2,Payment,1770904893.917025,1801,18,1
2,Payment,1770904893.917346,3281,16,1
4,Delivery,1770904893.919197,6160,0,1
1,NewOrder,1770904893.920180,10265,1,1
3,OrderStatus,1770904893.920641,2539,16,1
2,Payment,1770904893.921965,2285,14,1
1,NewOrder,1770904893.922751,28584,21,1
2,Payment,1770904893.923196,5135,16,1
2,Payment,1770904893.924261,6629,14,1
3,OrderStatus,1770904893.925354,9263,6,1
2,Payment,1770904893.925372,2846,0,1
5,StockLevel,1770904893.925653,4122,22,1
2,Payment,1770904893.926424,4390,3,1
2,Payment,1770904893.927913,6587,15,1
1,NewOrder,1770904893.928236,48948,0,1
1,NewOrder,1770904893.928358,55265,16,1
1,NewOrder,1770904893.929807,56212,22,1
2,Payment,1770904893.930459,44931,1,1
2,Payment,1770904893.930827,1557,3,1
1,NewOrder,1770904893.930874,4050,23,1
2,Payment,1770904893.930878,3550,2,1
1,NewOrder,1770904893.930908,52759,14,1
2,Payment,1770904893.932398,3476,3,1
1,NewOrder,1770904893.934075,17481,7,1
2,Payment,1770904893.934455,3499,2,1
1,NewOrder,1770904893.934526,41854,15,1
2,Payment,1770904893.934639,6565,6,1
2,Payment,1770904893.934943,5741,23,1
1,NewOrder,1770904893.935271,5563,11,1
2,Payment,1770904893.935887,5012,3,1
1,NewOrder,1770904893.936398,13448,12,1
2,Payment,1770904893.936835,5689,5,1
1,NewOrder,1770904893.937972,43613,2,1
2,Payment,1770904893.938481,5258,10,1
2,Payment,1770904893.938853,2612,13,1
1,NewOrder,1770904893.940488,14561,20,1
5,StockLevel,1770904893.940699,38432,23,1
2,Payment,1770904893.940844,12990,11,1
1,NewOrder,1770904893.940929,26234,3,1
2,Payment,1770904893.941217,3855,6,1
2,Payment,1770904893.941480,7170,13,1
2,Payment,1770904893.942264,7662,17,1
5,StockLevel,1770904893.942535,1314,5,1
1,NewOrder,1770904893.943753,18451,10,1
2,Payment,1770904893.943862,1659,5,1
1,NewOrder,1770904893.945091,6935,6,1
1,NewOrder,1770904893.945531,3849,5,1
2,Payment,1770904893.947089,8965,8,1
5,StockLevel,1770904893.947907,6227,4,1
1,NewOrder,1770904893.948374,6265,9,1
1,NewOrder,1770904893.948679,22386,13,1
2,Payment,1770904893.949396,12475,5,1
2,Payment,1770904893.949863,3043,12,1
1,NewOrder,1770904893.949941,5775,17,1
1,NewOrder,1770904893.951358,8561,21,1
1,NewOrder,1770904893.951581,3983,7,1
1,NewOrder,1770904893.952042,21951,6,1
1,NewOrder,1770904893.952921,6365,12,1
2,Payment,1770904893.953861,9193,11,1
2,Payment,1770904893.954161,10470,4,1
2,Payment,1770904893.954666,3824,9,1
1,NewOrder,1770904893.955061,10746,20,1
2,Payment,1770904893.955580,4669,7,1
1,NewOrder,1770904893.955730,5653,17,1
1,NewOrder,1770904893.956071,3532,8,1
1,NewOrder,1770904893.958508,13215,9,1
2,Payment,1770904893.959303,2688,12,1
2,Payment,1770904893.959619,8355,8,1
2,Payment,1770904893.959946,30568,21,1
2,Payment,1770904893.960265,6275,7,1
2,Payment,1770904893.961396,2060,17,1
2,Payment,1770904893.961898,4926,5,1
2,Payment,1770904893.962008,35435,12,1
1,NewOrder,1770904893.962219,3894,10,1
5,StockLevel,1770904893.963068,9305,11,1
4,Delivery,1770904893.963474,43649,17,1
2,Payment,1770904893.964647,4449,4,1
2,Payment,1770904893.965830,36275,20,1
2,Payment,1770904893.966125,7065,10,1
2,Payment,1770904893.966551,3039,7,1
2,Payment,1770904893.966851,3821,5,1
2,Payment,1770904893.967176,6240,3,1
4,Delivery,1770904893.967985,32195,8,1
2,Payment,1770904893.969113,21453,4,1
2,Payment,1770904893.969603,6378,7,1
5,StockLevel,1770904893.970697,2345,5,1
2,Payment,1770904893.971091,27965,13,1
2,Payment,1770904893.971740,15273,9,1
1,NewOrder,1770904893.972400,11229,11,1
2,Payment,1770904893.973067,18895,5,1
3,OrderStatus,1770904893.973216,21854,10,1
1,NewOrder,1770904893.973442,9957,3,1
2,Payment,1770904893.974008,3725,6,1
1,NewOrder,1770904893.975416,11259,1,1
1,NewOrder,1770904893.976007,23651,7,1
1,NewOrder,1770904893.976407,12665,15,1
1,NewOrder,1770904893.977211,50612,0,1
2,Payment,1770904893.977748,3576,6,1
2,Payment,1770904893.979158,22155,23,1
1,NewOrder,1770904893.981336,50949,6,1
1,NewOrder,1770904893.981612,7020,2,1
2,Payment,1770904893.983425,10220,3,1
1,NewOrder,1770904893.983649,60781,16,1
2,Payment,1770904893.983657,38203,11,1
2,Payment,1770904893.983693,36220,14,1
1,NewOrder,1770904893.986046,52407,22,1
1,NewOrder,1770904893.986702,3654,1,1
2,Payment,1770904893.987029,1943,9,1
1,NewOrder,1770904893.988657,3730,2,1
2,Payment,1770904893.988991,7195,9,1
2,Payment,1770904893.989100,21842,15,1
1,NewOrder,1770904893.990382,51630,1,1
1,NewOrder,1770904893.990537,15020,21,1
1,NewOrder,1770904893.990585,5387,4,1
1,NewOrder,1770904893.991983,5049,5,1
4,Delivery,1770904893.992406,5797,2,1
2,Payment,1770904893.993662,2766,3,1
3,OrderStatus,1770904893.995097,2625,10,1
1,NewOrder,1770904893.995987,5832,4,1
1,NewOrder,1770904893.996211,32541,9,1
2,Payment,1770904893.996442,16048,3,1
2,Payment,1770904893.997049,21647,5,1
2,Payment,1770904893.997470,3959,12,1
2,Payment,1770904893.997747,2883,10,1
1,NewOrder,1770904893.998218,31946,2,1
2,Payment,1770904893.999072,10210,13,1
2,Payment,1770904893.999685,3342,7,1
1,NewOrder,1770904894.000197,6905,8,1
1,NewOrder,1770904894.000646,11163,10,1
2,Payment,1770904894.001340,17395,23,1
1,NewOrder,1770904894.001456,8476,12,1
1,NewOrder,1770904894.001833,26834,4,1
3,OrderStatus,1770904894.002119,994,20,1
1,NewOrder,1770904894.003042,12310,7,1
1,NewOrder,1770904894.003127,3650,20,1
2,Payment,1770904894.005584,2621,21,1
1,NewOrder,1770904894.006791,4546,20,1
2,Payment,1770904894.007130,4731,8,1
1,NewOrder,1770904894.007139,12536,17,1
1,NewOrder,1770904894.008223,7574,21,1
1,NewOrder,1770904894.009296,16288,13,1
2,Payment,1770904894.009955,2292,12,1
2,Payment,1770904894.010968,2645,15,1
1,NewOrder,1770904894.011350,59360,20,1
5,StockLevel,1770904894.011826,4437,10,1
1,NewOrder,1770904894.011887,63966,8,1
2,Payment,1770904894.012262,5763,12,1
2,Payment,1770904894.012507,7708,3,1
2,Payment,1770904894.013630,7738,15,1
1,NewOrder,1770904894.015376,15130,7,1
1,NewOrder,1770904894.015823,53691,21,1
1,NewOrder,1770904894.016276,55795,10,1
1,NewOrder,1770904894.018039,21109,12,1
1,NewOrder,1770904894.018723,15252,5,1
1,NewOrder,1770904894.018763,20083,23,1
1,NewOrder,1770904894.019687,59176,17,1
2,Payment,1770904894.019939,2795,14,1
1,NewOrder,1770904894.020232,19836,3,1
2,Payment,1770904894.021386,6027,15,1
2,Payment,1770904894.021872,1692,11,1
1,NewOrder,1770904894.022750,3789,14,1
2,Payment,1770904894.023591,2919,11,1
4,Delivery,1770904894.025598,12419,13,1
1,NewOrder,1770904894.026521,5075,11,1
1,NewOrder,1770904894.026553,7976,14,1
2,Payment,1770904894.027439,12274,15,1
2,Payment,1770904894.027835,1527,0,1
1,NewOrder,1770904894.028690,12101,4,1
1,NewOrder,1770904894.028771,21566,9,1
1,NewOrder,1770904894.029373,7755,0,1
1,NewOrder,1770904894.030193,16928,2,1
1,NewOrder,1770904894.030519,19240,7,1
2,Payment,1770904894.031616,2938,11,1
1,NewOrder,1770904894.032312,22013,6,1
1,NewOrder,1770904894.033990,27584,5,1
1,NewOrder,1770904894.034553,15945,14,1
1,NewOrder,1770904894.034571,40543,11,1
4,Delivery,1770904894.037155,2011,0,1
4,Delivery,1770904894.038044,10981,13,1
5,StockLevel,1770904894.038466,9301,22,1
2,Payment,1770904894.038872,5289,23,1
2,Payment,1770904894.039175,11824,12,1
2,Payment,1770904894.039183,4709,0,1
2,Payment,1770904894.039727,6081,15,1
2,Payment,1770904894.040096,7899,3,1
1,NewOrder,1770904894.040808,22511,4,1
1,NewOrder,1770904894.042025,11091,1,1
1,NewOrder,1770904894.043909,22387,0,1
2,Payment,1770904894.044188,1445,23,1
2,Payment,1770904894.044443,3787,16,1
2,Payment,1770904894.045650,1753,23,1
1,NewOrder,1770904894.045825,15735,15,1
1,NewOrder,1770904894.047147,32397,2,1
2,Payment,1770904894.047417,1302,23,1
1,NewOrder,1770904894.047782,36096,22,1
2,Payment,1770904894.048014,8829,3,1
1,NewOrder,1770904894.048257,3270,16,1
2,Payment,1770904894.048733,1946,23,1
1,NewOrder,1770904894.049048,13557,13,1
2,Payment,1770904894.049809,5711,7,1
1,NewOrder,1770904894.050354,36334,9,1
1,NewOrder,1770904894.050510,16485,14,1
1,NewOrder,1770904894.050691,36882,23,1
2,Payment,1770904894.051023,2437,12,1
1,NewOrder,1770904894.051543,4270,16,1
2,Payment,1770904894.053142,6093,1,1
4,Delivery,1770904894.053475,8744,12,1
1,NewOrder,1770904894.054343,24796,6,1
2,Payment,1770904894.055531,5574,7,1
2,Payment,1770904894.055827,1588,16,1
1,NewOrder,1770904894.056862,8669,3,1
2,Payment,1770904894.057429,11911,16,1
2,Payment,1770904894.059253,3249,1,1
2,Payment,1770904894.061117,18488,7,1
2,Payment,1770904894.061586,9803,15,1
2,Payment,1770904894.061600,2498,5,1
1,NewOrder,1770904894.062236,31572,12,1
1,NewOrder,1770904894.062516,5479,1,1
1,NewOrder,1770904894.062620,29004,13,1
1,NewOrder,1770904894.063330,7246,4,1
1,NewOrder,1770904894.064115,5412,5,1
2,Payment,1770904894.065547,1987,3,1
1,NewOrder,1770904894.066314,60334,0,1
2,Payment,1770904894.067012,6086,14,1
1,NewOrder,1770904894.067550,11807,3,1
1,NewOrder,1770904894.068009,18368,1,1
1,NewOrder,1770904894.069366,19892,16,1
2,Payment,1770904894.069532,1394,21,1
2,Payment,1770904894.069542,11927,5,1
1,NewOrder,1770904894.070591,56807,4,1
4,Delivery,1770904894.070727,67914,20,1
1,NewOrder,1770904894.070943,3780,21,1
1,NewOrder,1770904894.071413,7595,15,1
2,Payment,1770904894.072085,49227,10,1
1,NewOrder,1770904894.073121,4712,14,1
1,NewOrder,1770904894.074737,4970,21,1
2,Payment,1770904894.075128,25988,11,1
1,NewOrder,1770904894.075863,58490,8,1
2,Payment,1770904894.077858,2073,14,1
2,Payment,1770904894.078877,44613,17,1
2,Payment,1770904894.079034,47992,15,1
2,Payment,1770904894.079153,6881,6,1
4,Delivery,1770904894.079383,72531,3,1
2,Payment,1770904894.079559,3142,2,1
1,NewOrder,1770904894.079621,6238,7,1
1,NewOrder,1770904894.079721,52698,21,1
1,NewOrder,1770904894.079946,50550,14,1
2,Payment,1770904894.081483,3371,5,1
2,Payment,1770904894.082717,3339,2,1
2,Payment,1770904894.083894,4295,22,1
1,NewOrder,1770904894.084867,41225,5,1
5,StockLevel,1770904894.085876,39965,7,1
1,NewOrder,1770904894.086051,4729,6,1
2,Payment,1770904894.086074,1808,2,1
1,NewOrder,1770904894.086391,8754,1,1
2,Payment,1770904894.086702,15685,9,1
2,Payment,1770904894.087600,2544,23,1
1,NewOrder,1770904894.087894,17624,2,1
1,NewOrder,1770904894.088205,5938,22,1
1,NewOrder,1770904894.089285,8094,16,1
2,Payment,1770904894.090162,2347,23,1
1,NewOrder,1770904894.090795,10571,6,1
1,NewOrder,1770904894.091649,9257,13,1
1,NewOrder,1770904894.092526,12659,23,1
1,NewOrder,1770904894.093824,6570,12,1
2,Payment,1770904894.094158,1894,22,1
1,NewOrder,1770904894.095160,8798,1,1
1,NewOrder,1770904894.096067,12045,22,1
1,NewOrder,1770904894.097396,12972,16,1
2,Payment,1770904894.100410,3816,12,1
5,StockLevel,1770904894.100923,6749,13,1
1,NewOrder,1770904894.101128,7738,11,1
1,NewOrder,1770904894.101381,13355,6,1
1,NewOrder,1770904894.102402,2642,9,1
1,NewOrder,1770904894.103972,13321,1,1
1,NewOrder,1770904894.104240,10578,12,1
1,NewOrder,1770904894.105057,5827,9,1
3,OrderStatus,1770904894.105211,9400,23,1
3,OrderStatus,1770904894.105534,3163,2,1
1,NewOrder,1770904894.107686,8592,13,1
1,NewOrder,1770904894.108139,18169,22,1
1,NewOrder,1770904894.108722,6243,2,1
2,Payment,1770904894.108878,5038,11,1
5,StockLevel,1770904894.110394,3167,16,1
1,NewOrder,1770904894.110898,6713,9,1
1,NewOrder,1770904894.113576,62185,16,1
2,Payment,1770904894.113931,5612,11,1
1,NewOrder,1770904894.114630,23443,23,1
3,OrderStatus,1770904894.114763,4361,6,1
2,Payment,1770904894.114844,2007,12,1
2,Payment,1770904894.114991,46156,2,1
1,NewOrder,1770904894.116296,60040,13,1
2,Payment,1770904894.116868,1528,12,1
1,NewOrder,1770904894.117319,92667,1,1
1,NewOrder,1770904894.117623,30073,9,1
2,Payment,1770904894.118409,27398,12,1
2,Payment,1770904894.119149,12803,6,1
1,NewOrder,1770904894.119559,21317,11,1
1,NewOrder,1770904894.121329,5439,10,1
5,StockLevel,1770904894.123503,1854,17,1
1,NewOrder,1770904894.125368,52890,17,1
1,NewOrder,1770904894.125858,9868,7,1
1,NewOrder,1770904894.126110,13579,5,1
2,Payment,1770904894.126323,7680,22,1
1,NewOrder,1770904894.126656,21461,0,1
4,Delivery,1770904894.126784,19061,10,1
1,NewOrder,1770904894.127049,6080,15,1
5,StockLevel,1770904894.127414,1481,4,1
2,Payment,1770904894.128906,33340,4,1
5,StockLevel,1770904894.130514,11773,14,1
2,Payment,1770904894.131978,5624,6,1
2,Payment,1770904894.132434,3185,21,1
1,NewOrder,1770904894.133144,5374,15,1
3,OrderStatus,1770904894.134020,2923,22,1
1,NewOrder,1770904894.134369,24875,8,1
2,Payment,1770904894.135636,2410,21,1
1,NewOrder,1770904894.135742,22295,7,1
2,Payment,1770904894.136956,5741,22,1
1,NewOrder,1770904894.137615,11161,6,1
1,NewOrder,1770904894.138066,4174,21,1
2,Payment,1770904894.138087,6285,23,1
1,NewOrder,1770904894.138533,8035,15,1
2,Payment,1770904894.138654,15273,20,1
1,NewOrder,1770904894.139715,20311,5,1
1,NewOrder,1770904894.140892,21232,11,1
2,Payment,1770904894.142253,6185,21,1
2,Payment,1770904894.142301,5083,14,1
2,Payment,1770904894.142712,3825,22,1
2,Payment,1770904894.144390,6022,23,1
1,NewOrder,1770904894.145824,28700,12,1
2,Payment,1770904894.145861,4209,10,1
1,NewOrder,1770904894.146552,7764,22,1
1,NewOrder,1770904894.146584,4729,15,1
2,Payment,1770904894.147401,9855,14,1
5,StockLevel,1770904894.147714,5557,9,1
2,Payment,1770904894.148135,16252,0,1
1,NewOrder,1770904894.148451,34570,21,1
1,NewOrder,1770904894.148788,3413,6,1
1,NewOrder,1770904894.150086,5617,10,1
2,Payment,1770904894.150430,7162,23,1
4,Delivery,1770904894.151329,14773,15,1
2,Payment,1770904894.151941,15421,3,1
5,StockLevel,1770904894.152219,28772,6,1
2,Payment,1770904894.153285,2783,9,1
2,Payment,1770904894.153943,5995,20,1
1,NewOrder,1770904894.154339,23839,22,1
4,Delivery,1770904894.155717,60369,10,1
2,Payment,1770904894.156079,1304,9,1
2,Payment,1770904894.157271,8182,14,1
1,NewOrder,1770904894.157390,14440,9,1
2,Payment,1770904894.157605,18465,23,1
2,Payment,1770904894.158050,8019,7,1
4,Delivery,1770904894.159256,57276,8,1
1,NewOrder,1770904894.159955,19500,20,1
1,NewOrder,1770904894.160053,26013,5,1
1,NewOrder,1770904894.161163,54522,2,1
1,NewOrder,1770904894.162139,11103,11,1
3,OrderStatus,1770904894.162273,971,4,1
2,Payment,1770904894.163259,2550,4,1
1,NewOrder,1770904894.164403,15358,0,1
1,NewOrder,1770904894.165468,18853,14,1
2,Payment,1770904894.165824,4358,4,1
1,NewOrder,1770904894.166088,20905,7,1
1,NewOrder,1770904894.166119,5080,15,1
3,OrderStatus,1770904894.167378,1065,3,1
1,NewOrder,1770904894.168457,26719,3,1
5,StockLevel,1770904894.170197,1777,4,1
2,Payment,1770904894.171213,3933,15,1
2,Payment,1770904894.171846,7057,9,1
1,NewOrder,1770904894.171985,16866,4,1
2,Payment,1770904894.173258,6470,11,1
1,NewOrder,1770904894.174542,50931,12,1
1,NewOrder,1770904894.175160,46489,15,1
1,NewOrder,1770904894.175775,46326,16,1
2,Payment,1770904894.176085,5317,23,1
1,NewOrder,1770904894.176348,49420,13,1
2,Payment,1770904894.178191,25485,22,1
2,Payment,1770904894.178275,2281,17,1
1,NewOrder,1770904894.178917,48669,9,1
2,Payment,1770904894.179463,8444,20,1
1,NewOrder,1770904894.179742,12307,11,1
1,NewOrder,1770904894.179780,6765,0,1
1,NewOrder,1770904894.180566,15003,17,1
1,NewOrder,1770904894.181006,18958,6,1
2,Payment,1770904894.181417,4027,23,1
1,NewOrder,1770904894.183044,16550,21,1
1,NewOrder,1770904894.184335,20243,14,1
4,Delivery,1770904894.185458,69776,23,1
2,Payment,1770904894.186082,5977,5,1
1,NewOrder,1770904894.186559,6892,0,1
1,NewOrder,1770904894.187006,6396,7,1
1,NewOrder,1770904894.187923,6022,20,1
2,Payment,1770904894.188867,6946,4,1
2,Payment,1770904894.192077,5985,5,1
1,NewOrder,1770904894.192078,15158,11,1
1,NewOrder,1770904894.193414,11145,7,1
2,Payment,1770904894.193462,6418,0,1
1,NewOrder,1770904894.193962,6322,20,1
1,NewOrder,1770904894.195200,53194,3,1
1,NewOrder,1770904894.195584,8950,17,1
1,NewOrder,1770904894.195826,4107,4,1
1,NewOrder,1770904894.198087,49936,5,1
1,NewOrder,1770904894.199622,48804,21,1
4,Delivery,1770904894.199898,2014,0,1
4,Delivery,1770904894.199948,2415,4,1
2,Payment,1770904894.199981,7222,6,1
3,OrderStatus,1770904894.200297,1110,20,1
2,Payment,1770904894.201422,3556,20,1
1,NewOrder,1770904894.201926,46140,0,1
1,NewOrder,1770904894.202377,45767,4,1
1,NewOrder,1770904894.203702,65290,22,1
2,Payment,1770904894.204559,1812,17,1
1,NewOrder,1770904894.204586,7504,7,1
1,NewOrder,1770904894.204593,46570,14,1
1,NewOrder,1770904894.204991,45560,20,1
2,Payment,1770904894.206387,2016,17,1
4,Delivery,1770904894.207217,12091,6,1
3,OrderStatus,1770904894.207253,1042,11,1
2,Payment,1770904894.208323,1434,11,1
2,Payment,1770904894.208415,1898,17,1
1,NewOrder,1770904894.209774,39279,11,1
2,Payment,1770904894.210004,1367,1,1
1,NewOrder,1770904894.210328,6341,17,1
2,Payment,1770904894.211386,1229,1,1
1,NewOrder,1770904894.212117,16374,7,1
1,NewOrder,1770904894.212627,6719,1,1
2,Payment,1770904894.215703,7033,2,1
1,NewOrder,1770904894.216110,11066,10,1
5,StockLevel,1770904894.216550,2663,8,1
2,Payment,1770904894.216689,3714,17,1
4,Delivery,1770904894.219240,15230,8,1
2,Payment,1770904894.219322,23928,6,1
2,Payment,1770904894.219362,4891,1,1
3,OrderStatus,1770904894.220430,793,17,1
1,NewOrder,1770904894.221238,4296,17,1
2,Payment,1770904894.221664,4156,15,1
2,Payment,1770904894.222113,5393,16,1
2,Payment,1770904894.222748,2991,2,1
3,OrderStatus,1770904894.224270,1239,1,1
1,NewOrder,1770904894.225490,12086,12,1
2,Payment,1770904894.225524,3803,1,1
1,NewOrder,1770904894.225553,22133,17,1
2,Payment,1770904894.225753,1850,2,1
2,Payment,1770904894.225809,2966,13,1
1,NewOrder,1770904894.225833,12652,15,1
2,Payment,1770904894.227189,19371,10,1
2,Payment,1770904894.227533,2943,16,1
1,NewOrder,1770904894.227599,13668,9,1
2,Payment,1770904894.227617,3174,2,1
1,NewOrder,1770904894.228516,5628,7,1
1,NewOrder,1770904894.228788,2615,13,1
2,Payment,1770904894.229353,2769,1,1
2,Payment,1770904894.230496,3708,16,1
1,NewOrder,1770904894.230804,64614,2,1
1,NewOrder,1770904894.231415,2409,13,1
1,NewOrder,1770904894.232140,15572,1,1
2,Payment,1770904894.233839,1807,13,1
1,NewOrder,1770904894.234159,48948,7,1
1,NewOrder,1770904894.234220,60826,16,1
1,NewOrder,1770904894.234496,18493,8,1
1,NewOrder,1770904894.235659,7358,13,1
1,NewOrder,1770904894.237587,8131,12,1
1,NewOrder,1770904894.238500,63116,15,1
2,Payment,1770904894.241288,48099,9,1
1,NewOrder,1770904894.243037,56834,13,1
5,StockLevel,1770904894.243261,1311,6,1
2,Payment,1770904894.244584,3378,6,1
2,Payment,1770904894.245740,48315,12,1
2,Payment,1770904894.246579,31149,10,1
2,Payment,1770904894.247701,49311,17,1
1,NewOrder,1770904894.247736,57397,1,1
1,NewOrder,1770904894.247990,26535,6,1
1,NewOrder,1770904894.248050,9155,5,1
1,NewOrder,1770904894.248082,11187,0,1
1,NewOrder,1770904894.248171,12723,4,1
2,Payment,1770904894.248408,2723,3,1
2,Payment,1770904894.248446,2668,21,1
1,NewOrder,1770904894.249067,9228,11,1
3,OrderStatus,1770904894.250564,3416,20,1
2,Payment,1770904894.251144,2204,21,1
1,NewOrder,1770904894.251147,7998,3,1
5,StockLevel,1770904894.251191,6275,14,1
1,NewOrder,1770904894.253016,7476,8,1
2,Payment,1770904894.253362,2425,21,1
1,NewOrder,1770904894.253995,7738,20,1
1,NewOrder,1770904894.255257,10497,23,1
1,NewOrder,1770904894.255800,12034,21,1
1,NewOrder,1770904894.257233,15353,5,1
2,Payment,1770904894.257491,57960,14,1
1,NewOrder,1770904894.258314,13580,11,1
1,NewOrder,1770904894.259161,11777,3,1
1,NewOrder,1770904894.259291,12575,0,1
1,NewOrder,1770904894.260511,9257,8,1
4,Delivery,1770904894.260920,62521,4,1
1,NewOrder,1770904894.261746,8581,20,1
1,NewOrder,1770904894.265809,6444,23,1
1,NewOrder,1770904894.267848,6584,21,1
5,StockLevel,1770904894.269010,4289,22,1
2,Payment,1770904894.269808,2544,8,1
1,NewOrder,1770904894.270340,54834,20,1
2,Payment,1770904894.270956,2988,3,1
2,Payment,1770904894.271890,3415,0,1
1,NewOrder,1770904894.271912,66747,11,1
1,NewOrder,1770904894.272264,65473,23,1
2,Payment,1770904894.272366,4629,8,1
1,NewOrder,1770904894.272606,4898,5,1
2,Payment,1770904894.273325,3775,22,1
2,Payment,1770904894.273961,2755,3,1
1,NewOrder,1770904894.274446,8882,21,1
1,NewOrder,1770904894.274543,9218,6,1
4,Delivery,1770904894.275320,48648,0,1
1,NewOrder,1770904894.276731,6682,3,1
2,Payment,1770904894.277007,4579,8,1
2,Payment,1770904894.277116,2440,22,1
2,Payment,1770904894.277517,1421,5,1
2,Payment,1770904894.277744,5235,10,1
2,Payment,1770904894.278951,1528,5,1
1,NewOrder,1770904894.279570,6595,22,1
2,Payment,1770904894.280505,43621,5,1
5,StockLevel,1770904894.281599,55626,8,1
1,NewOrder,1770904894.282997,2886,10,1
1,NewOrder,1770904894.283121,57083,7,1
2,Payment,1770904894.283338,2254,21,1
1,NewOrder,1770904894.283427,4732,3,1
1,NewOrder,1770904894.283775,4085,6,1
2,Payment,1770904894.285605,1977,21,1
1,NewOrder,1770904894.285898,6656,10,1
2,Payment,1770904894.286181,3454,22,1
2,Payment,1770904894.287607,4436,21,1
1,NewOrder,1770904894.287873,5794,6,1
2,Payment,1770904894.288173,37250,3,1
1,NewOrder,1770904894.289406,11451,9,1
1,NewOrder,1770904894.289662,4964,22,1
1,NewOrder,1770904894.292062,19506,21,1
1,NewOrder,1770904894.292568,24734,10,1
2,Payment,1770904894.293694,5426,6,1
4,Delivery,1770904894.294082,5448,12,1
2,Payment,1770904894.294645,1872,22,1
2,Payment,1770904894.295061,4350,16,1
1,NewOrder,1770904894.295435,2673,2,1
1,NewOrder,1770904894.296543,4769,22,1
3,OrderStatus,1770904894.297027,8016,17,1
1,NewOrder,1770904894.298124,7359,2,1
2,Payment,1770904894.299147,4558,6,1
2,Payment,1770904894.299437,1807,16,1
1,NewOrder,1770904894.299541,28131,12,1
2,Payment,1770904894.299898,3777,13,1
1,NewOrder,1770904894.300870,18231,9,1
1,NewOrder,1770904894.301257,6284,16,1
2,Payment,1770904894.301328,1947,22,1
3,OrderStatus,1770904894.301633,1802,15,1
2,Payment,1770904894.303294,2603,22,1
1,NewOrder,1770904894.303450,42902,15,1
2,Payment,1770904894.303702,3549,13,1
2,Payment,1770904894.303722,1709,6,1
2,Payment,1770904894.305057,3277,17,1
2,Payment,1770904894.305160,36610,1,1
1,NewOrder,1770904894.305443,32094,6,1
1,NewOrder,1770904894.305508,25589,2,1
2,Payment,1770904894.305912,2157,22,1
5,StockLevel,1770904894.307278,13653,13,1
1,NewOrder,1770904894.307558,9457,16,1
1,NewOrder,1770904894.308083,10270,22,1
1,NewOrder,1770904894.308355,5564,17,1
5,StockLevel,1770904894.311588,3955,21,1
2,Payment,1770904894.313933,3342,17,1
5,StockLevel,1770904894.315479,2463,14,1
1,NewOrder,1770904894.315558,9024,21,1
2,Payment,1770904894.317042,4810,16,1
2,Payment,1770904894.317288,1633,17,1
3,OrderStatus,1770904894.317318,962,10,1
2,Payment,1770904894.317968,28666,14,1
3,OrderStatus,1770904894.318298,939,10,1
2,Payment,1770904894.318368,2644,22,1
2,Payment,1770904894.318935,1174,17,1
1,NewOrder,1770904894.319115,38283,9,1
1,NewOrder,1770904894.319253,9049,10,1
1,NewOrder,1770904894.320121,7775,17,1
2,Payment,1770904894.320947,24686,13,1
1,NewOrder,1770904894.321026,10057,22,1
1,NewOrder,1770904894.321877,11588,16,1
1,NewOrder,1770904894.323453,33797,4,1
1,NewOrder,1770904894.323984,9867,0,1
2,Payment,1770904894.324153,16423,5,1
1,NewOrder,1770904894.324595,6535,21,1
4,Delivery,1770904894.325187,70652,20,1
4,Delivery,1770904894.325450,12308,3,1
2,Payment,1770904894.327687,24048,12,1
1,NewOrder,1770904894.327909,7097,17,1
4,Delivery,1770904894.328320,24747,10,1
2,Payment,1770904894.331111,18586,22,1
2,Payment,1770904894.331112,13792,2,1
1,NewOrder,1770904894.331145,6426,21,1
1,NewOrder,1770904894.333479,8116,16,1
2,Payment,1770904894.333878,12723,0,1
1,NewOrder,1770904894.335019,17618,17,1
1,NewOrder,1770904894.337242,38461,8,1
1,NewOrder,1770904894.337551,54210,6,1
1,NewOrder,1770904894.337585,36164,21,1
1,NewOrder,1770904894.337755,50467,23,1
3,OrderStatus,1770904894.337770,765,3,1
1,NewOrder,1770904894.338546,3933,3,1
1,NewOrder,1770904894.338684,47724,11,1
1,NewOrder,1770904894.340231,6442,7,1
2,Payment,1770904894.340589,18833,5,1
1,NewOrder,1770904894.341609,28869,16,1
5,StockLevel,1770904894.341808,1626,1,1
2,Payment,1770904894.342491,19441,3,1
1,NewOrder,1770904894.343444,3832,1,1
2,Payment,1770904894.344929,5763,2,1
2,Payment,1770904894.345647,10131,13,1
2,Payment,1770904894.346370,15150,15,1
2,Payment,1770904894.346628,10032,0,1
1,NewOrder,1770904894.346650,4106,14,1
2,Payment,1770904894.346685,2070,7,1
1,NewOrder,1770904894.347290,5024,1,1
1,NewOrder,1770904894.348768,5259,7,1
1,NewOrder,1770904894.349722,25797,22,1
2,Payment,1770904894.350714,8103,2,1
2,Payment,1770904894.350771,3296,14,1
2,Payment,1770904894.351751,7146,12,1
2,Payment,1770904894.352328,11021,1,1
1,NewOrder,1770904894.352660,29880,17,1
2,Payment,1770904894.353081,5229,10,1
1,NewOrder,1770904894.354039,3184,7,1
1,NewOrder,1770904894.354080,6833,14,1
5,StockLevel,1770904894.355793,24847,13,1
2,Payment,1770904894.356688,3173,0,1
1,NewOrder,1770904894.357236,5387,7,1
2,Payment,1770904894.357264,13240,4,1
1,NewOrder,1770904894.357424,32529,9,1
1,NewOrder,1770904894.358328,34685,10,1
2,Payment,1770904894.358829,13150,2,1
1,NewOrder,1770904894.358915,31975,12,1
1,NewOrder,1770904894.359449,46167,5,1
1,NewOrder,1770904894.359879,5030,0,1
1,NewOrder,1770904894.360927,10678,14,1
2,Payment,1770904894.361533,14836,15,1
2,Payment,1770904894.361958,3507,3,1
1,NewOrder,1770904894.362640,7248,7,1
1,NewOrder,1770904894.363362,17514,1,1
1,NewOrder,1770904894.364929,5515,0,1
4,Delivery,1770904894.365491,7094,3,1
1,NewOrder,1770904894.369902,30385,7,1
1,NewOrder,1770904894.370459,4979,0,1
2,Payment,1770904894.370503,19893,16,1
1,NewOrder,1770904894.370520,57090,4,1
1,NewOrder,1770904894.371615,63829,14,1
3,OrderStatus,1770904894.371996,1468,2,1
1,NewOrder,1770904894.372609,3264,3,1
1,NewOrder,1770904894.373489,6131,2,1
2,Payment,1770904894.373775,7612,21,1
1,NewOrder,1770904894.375452,5086,0,1
1,NewOrder,1770904894.375535,28569,22,1
2,Payment,1770904894.375716,19814,8,1
1,NewOrder,1770904894.375885,4190,3,1
1,NewOrder,1770904894.376396,30481,15,1
1,NewOrder,1770904894.379636,24836,2,1
2,Payment,1770904894.380095,1668,3,1
1,NewOrder,1770904894.380555,20518,0,1
2,Payment,1770904894.380653,11020,13,1
2,Payment,1770904894.380889,2303,1,1
2,Payment,1770904894.381401,5208,21,1
2,Payment,1770904894.381803,2795,3,1
2,Payment,1770904894.382589,21809,17,1
1,NewOrder,1770904894.383206,3810,1,1
2,Payment,1770904894.384609,2432,3,1
1,NewOrder,1770904894.386425,40209,11,1
1,NewOrder,1770904894.386620,19204,21,1
2,Payment,1770904894.387026,1587,1,1
1,NewOrder,1770904894.387052,31833,3,1
1,NewOrder,1770904894.388234,40493,23,1
2,Payment,1770904894.388622,3016,1,1
2,Payment,1770904894.389968,16142,9,1
2,Payment,1770904894.390418,3633,16,1
1,NewOrder,1770904894.390915,19098,12,1
2,Payment,1770904894.391663,2851,1,1
2,Payment,1770904894.391689,9114,13,1
1,NewOrder,1770904894.391773,17802,6,1
1,NewOrder,1770904894.393028,18088,10,1
1,NewOrder,1770904894.394066,6334,16,1
2,Payment,1770904894.394529,7313,1,1
1,NewOrder,1770904894.395555,5190,8,1
1,NewOrder,1770904894.395852,41841,20,1
2,Payment,1770904894.400302,22280,7,1
2,Payment,1770904894.400412,1786,16,1
2,Payment,1770904894.400757,18060,8,1
2,Payment,1770904894.400816,4955,13,1
1,NewOrder,1770904894.401301,15359,0,1
1,NewOrder,1770904894.401898,40637,1,1
2,Payment,1770904894.402214,9225,16,1
1,NewOrder,1770904894.404162,48613,22,1
2,Payment,1770904894.404455,3478,17,1
2,Payment,1770904894.404484,27122,2,1
2,Payment,1770904894.405640,28601,5,1
1,NewOrder,1770904894.405807,7577,13,1
2,Payment,1770904894.405847,2857,21,1
1,NewOrder,1770904894.406123,4582,9,1
1,NewOrder,1770904894.406887,14813,15,1
2,Payment,1770904894.407953,1974,17,1
1,NewOrder,1770904894.408727,13301,21,1
2,Payment,1770904894.409588,11539,6,1
2,Payment,1770904894.409938,2757,17,1
2,Payment,1770904894.410037,6433,12,1
5,StockLevel,1770904894.410729,2212,9,1
2,Payment,1770904894.411136,13512,10,1
2,Payment,1770904894.411461,2911,16,1
1,NewOrder,1770904894.412706,6608,17,1
1,NewOrder,1770904894.412953,3886,9,1
1,NewOrder,1770904894.413398,5634,13,1
1,NewOrder,1770904894.414388,16825,16,1
1,NewOrder,1770904894.416490,31658,12,1
2,Payment,1770904894.416683,16284,0,1
3,OrderStatus,1770904894.416850,1670,9,1
1,NewOrder,1770904894.418533,7652,9,1
1,NewOrder,1770904894.418839,23330,8,1
1,NewOrder,1770904894.418900,49993,3,1
5,StockLevel,1770904894.419043,1319,13,1
1,NewOrder,1770904894.419337,34882,17,1
1,NewOrder,1770904894.420385,3846,13,1
2,Payment,1770904894.421142,5506,6,1
2,Payment,1770904894.421723,8581,15,1
1,NewOrder,1770904894.422041,25638,21,1
1,NewOrder,1770904894.422605,17772,7,1
2,Payment,1770904894.424243,8220,13,1
1,NewOrder,1770904894.424670,23508,10,1
1,NewOrder,1770904894.426208,10313,9,1
2,Payment,1770904894.426656,7018,11,1
1,NewOrder,1770904894.426661,21022,6,1
1,NewOrder,1770904894.427626,40126,4,1
2,Payment,1770904894.428741,7382,23,1
2,Payment,1770904894.430327,15811,15,1
2,Payment,1770904894.431236,23423,16,1
1,NewOrder,1770904894.431620,7167,2,1
1,NewOrder,1770904894.432473,13462,13,1
1,NewOrder,1770904894.432991,3651,0,1
2,Payment,1770904894.433690,4747,11,1
1,NewOrder,1770904894.434254,4585,5,1
2,Payment,1770904894.435456,20292,14,1
1,NewOrder,1770904894.436143,34929,23,1
1,NewOrder,1770904894.436537,6050,9,1
1,NewOrder,1770904894.436652,5917,0,1
2,Payment,1770904894.437716,20790,20,1
5,StockLevel,1770904894.438449,28941,11,1
4,Delivery,1770904894.438805,37353,2,1
1,NewOrder,1770904894.438862,33527,5,1
1,NewOrder,1770904894.440400,11019,7,1
1,NewOrder,1770904894.442192,32426,8,1
2,Payment,1770904894.442546,1753,1,1
3,OrderStatus,1770904894.442581,1423,0,1
2,Payment,1770904894.442609,2955,9,1
1,NewOrder,1770904894.444017,17598,0,1
2,Payment,1770904894.444313,1645,1,1
2,Payment,1770904894.445576,18932,9,1
2,Payment,1770904894.445951,2907,13,1
1,NewOrder,1770904894.445969,22413,1,1
2,Payment,1770904894.446145,1199,15,1
2,Payment,1770904894.447353,2679,15,1
1,NewOrder,1770904894.447691,3289,21,1
1,NewOrder,1770904894.447695,11883,6,1
5,StockLevel,1770904894.448172,6309,12,1
1,NewOrder,1770904894.448192,73918,10,1
2,Payment,1770904894.448881,3098,13,1
2,Payment,1770904894.450041,2898,15,1
2,Payment,1770904894.450990,8470,21,1
1,NewOrder,1770904894.451442,11960,7,1
1,NewOrder,1770904894.451999,6482,13,1
2,Payment,1770904894.452798,13819,22,1
2,Payment,1770904894.452948,11640,15,1
2,Payment,1770904894.454243,40492,17,1
1,NewOrder,1770904894.454496,73634,12,1
2,Payment,1770904894.454675,4391,16,1
2,Payment,1770904894.455761,4638,14,1
1,NewOrder,1770904894.458505,3495,13,1
2,Payment,1770904894.458529,12042,20,1
2,Payment,1770904894.459077,40771,16,1
1,NewOrder,1770904894.459473,4130,21,1
3,OrderStatus,1770904894.459587,33561,6,1
1,NewOrder,1770904894.460422,2739,14,1
1,NewOrder,1770904894.461637,31438,0,1
2,Payment,1770904894.462015,5714,13,1
2,Payment,1770904894.463174,2347,14,1
1,NewOrder,1770904894.463412,96982,7,1
2,Payment,1770904894.463619,4772,21,1
1,NewOrder,1770904894.464531,10832,9,1
2,Payment,1770904894.464611,28917,15,1
1,NewOrder,1770904894.465534,5942,14,1
2,Payment,1770904894.466627,6858,22,1
3,OrderStatus,1770904894.467413,2971,11,1
2,Payment,1770904894.467743,24441,13,1
2,Payment,1770904894.467768,1353,4,1
2,Payment,1770904894.468405,3519,21,1
2,Payment,1770904894.468408,21407,1,1
2,Payment,1770904894.468903,11220,3,1
1,NewOrder,1770904894.469132,7463,4,1
2,Payment,1770904894.470407,6923,11,1
1,NewOrder,1770904894.470594,15004,20,1
2,Payment,1770904894.471084,3786,23,1
5,StockLevel,1770904894.471486,5081,14,1
1,NewOrder,1770904894.471947,3645,21,1
1,NewOrder,1770904894.472412,13779,5,1
2,Payment,1770904894.473496,3435,22,1
1,NewOrder,1770904894.474641,8338,8,1
2,Payment,1770904894.474893,3964,23,1
2,Payment,1770904894.475386,16855,9,1
1,NewOrder,1770904894.475609,3602,21,1
1,NewOrder,1770904894.476173,10149,2,1
2,Payment,1770904894.476576,24934,14,1
1,NewOrder,1770904894.476607,13661,4,1
2,Payment,1770904894.476940,3424,22,1
1,NewOrder,1770904894.477351,8939,11,1
1,NewOrder,1770904894.478871,7395,23,1
2,Payment,1770904894.479224,11023,21,1
1,NewOrder,1770904894.480134,7717,3,1
1,NewOrder,1770904894.480375,6181,22,1
3,OrderStatus,1770904894.483002,2055,8,1
1,NewOrder,1770904894.485079,21420,8,1
1,NewOrder,1770904894.485622,22927,20,1
2,Payment,1770904894.486214,3699,5,1
2,Payment,1770904894.486280,15662,23,1
1,NewOrder,1770904894.486305,12066,11,1
1,NewOrder,1770904894.486334,50776,2,1
1,NewOrder,1770904894.486567,7406,22,1
2,Payment,1770904894.487862,3616,3,1
2,Payment,1770904894.489837,8233,1,1
2,Payment,1770904894.489936,21351,5,1
2,Payment,1770904894.490264,7446,21,1
2,Payment,1770904894.490277,10450,4,1
2,Payment,1770904894.491489,12750,3,1
1,NewOrder,1770904894.492207,17259,13,1
2,Payment,1770904894.492264,2910,9,1
4,Delivery,1770904894.493099,2052,0,1
1,NewOrder,1770904894.493170,70600,6,1
2,Payment,1770904894.493550,3504,15,1
1,NewOrder,1770904894.493985,12539,22,1
3,OrderStatus,1770904894.494751,1075,17,1
2,Payment,1770904894.495165,37128,0,1
1,NewOrder,1770904894.495188,29886,9,1
1,NewOrder,1770904894.495839,4328,17,1
2,Payment,1770904894.497077,17785,15,1
1,NewOrder,1770904894.497734,8924,21,1
1,NewOrder,1770904894.498083,10314,1,1
5,StockLevel,1770904894.498381,1280,11,1
2,Payment,1770904894.499670,1312,11,1
2,Payment,1770904894.499869,17876,16,1
2,Payment,1770904894.500178,15855,17,1
2,Payment,1770904894.500740,1548,4,1
2,Payment,1770904894.500994,2220,11,1
1,NewOrder,1770904894.501524,22635,14,1
1,NewOrder,1770904894.501964,4480,23,1
1,NewOrder,1770904894.502299,17487,4,1
2,Payment,1770904894.503235,2987,11,1
3,OrderStatus,1770904894.504249,1025,3,1
2,Payment,1770904894.505284,3369,3,1
1,NewOrder,1770904894.506244,9023,11,1
1,NewOrder,1770904894.506458,30087,23,1
2,Payment,1770904894.506522,1639,8,1
1,NewOrder,1770904894.506547,6048,22,1
1,NewOrder,1770904894.506681,19444,21,1
2,Payment,1770904894.508182,6096,8,1
2,Payment,1770904894.508406,7049,1,1
2,Payment,1770904894.508570,6594,20,1
2,Payment,1770904894.508677,4593,3,1
1,NewOrder,1770904894.509490,13800,13,1
2,Payment,1770904894.511300,23222,5,1
2,Payment,1770904894.512609,10137,22,1
1,NewOrder,1770904894.513293,24851,3,1
1,NewOrder,1770904894.514293,35417,8,1
1,NewOrder,1770904894.514875,15496,15,1
1,NewOrder,1770904894.515187,30047,20,1
1,NewOrder,1770904894.515290,14459,11,1
2,Payment,1770904894.515478,14769,1,1
4,Delivery,1770904894.516057,10538,17,1
1,NewOrder,1770904894.517761,5507,16,1
1,NewOrder,1770904894.519809,15077,4,1
2,Payment,1770904894.522122,5325,10,1
2,Payment,1770904894.522769,6221,22,1
1,NewOrder,1770904894.523284,7869,16,1
5,StockLevel,1770904894.523303,8935,13,1
2,Payment,1770904894.524173,4465,14,1
2,Payment,1770904894.525092,3809,9,1
2,Payment,1770904894.526146,5079,21,1
2,Payment,1770904894.526611,4147,17,1
2,Payment,1770904894.527459,17572,10,1
1,NewOrder,1770904894.528154,52999,12,1
1,NewOrder,1770904894.528661,41831,14,1
1,NewOrder,1770904894.528923,41231,9,1
1,NewOrder,1770904894.529013,12390,22,1
2,Payment,1770904894.529760,26428,11,1
2,Payment,1770904894.530261,5655,1,1
2,Payment,1770904894.530395,25311,15,1
2,Payment,1770904894.530768,1672,17,1
1,NewOrder,1770904894.531176,29684,16,1
1,NewOrder,1770904894.531239,49627,21,1
1,NewOrder,1770904894.532261,14550,13,1
5,StockLevel,1770904894.532305,23355,0,1
1,NewOrder,1770904894.532455,30738,17,1
1,NewOrder,1770904894.534534,14744,5,1
1,NewOrder,1770904894.534900,11195,4,1
2,Payment,1770904894.535929,1783,1,1
2,Payment,1770904894.536568,3805,23,1
2,Payment,1770904894.537121,2382,2,1
1,NewOrder,1770904894.537733,27182,1,1
3,OrderStatus,1770904894.538168,1006,3,1
3,OrderStatus,1770904894.539187,845,3,1
2,Payment,1770904894.539516,1472,2,1
2,Payment,1770904894.540044,2377,3,1
2,Payment,1770904894.540387,4876,23,1
1,NewOrder,1770904894.540999,4273,2,1
2,Payment,1770904894.541419,6598,22,1
1,NewOrder,1770904894.542433,16117,3,1
2,Payment,1770904894.545044,12352,10,1
1,NewOrder,1770904894.545255,55512,20,1
2,Payment,1770904894.545286,2330,2,1
1,NewOrder,1770904894.545289,4313,23,1
1,NewOrder,1770904894.546118,4961,4,1
1,NewOrder,1770904894.546834,40139,13,1
1,NewOrder,1770904894.547627,4410,2,1
1,NewOrder,1770904894.548039,5221,22,1
2,Payment,1770904894.549301,3186,5,1
1,NewOrder,1770904894.549615,17101,23,1
4,Delivery,1770904894.549733,23970,8,1
2,Payment,1770904894.551095,3146,4,1
2,Payment,1770904894.552048,4108,2,1
1,NewOrder,1770904894.552510,29261,5,1
1,NewOrder,1770904894.553278,31318,22,1
3,OrderStatus,1770904894.554255,12268,4,1
1,NewOrder,1770904894.555670,25579,0,1
1,NewOrder,1770904894.555729,31165,15,1
5,StockLevel,1770904894.556168,15268,2,1
1,NewOrder,1770904894.556200,9120,11,1
2,Payment,1770904894.557407,1383,10,1
1,NewOrder,1770904894.558574,31870,3,1
2,Payment,1770904894.558800,1113,10,1
3,OrderStatus,1770904894.559923,664,10,1
2,Payment,1770904894.560418,7646,7,1
5,StockLevel,1770904894.560598,1424,10,1
2,Payment,1770904894.560872,7871,16,1
5,StockLevel,1770904894.562031,2546,10,1
1,NewOrder,1770904894.563216,31087,17,1
1,NewOrder,1770904894.563791,21643,6,1
2,Payment,1770904894.564587,5985,10,1
2,Payment,1770904894.564937,9599,1,1
1,NewOrder,1770904894.565343,11220,11,1
2,Payment,1770904894.566540,10893,4,1
2,Payment,1770904894.566740,12719,23,1
1,NewOrder,1770904894.568086,31676,7,1
1,NewOrder,1770904894.568757,18164,16,1
5,StockLevel,1770904894.570178,15178,9,1
1,NewOrder,1770904894.570515,37316,14,1
2,Payment,1770904894.570595,2480,10,1
2,Payment,1770904894.571459,25683,2,1
1,NewOrder,1770904894.573098,26889,10,1
4,Delivery,1770904894.573717,29928,8,1
1,NewOrder,1770904894.574560,4694,1,1
2,Payment,1770904894.576586,10364,11,1
1,NewOrder,1770904894.577448,26886,4,1
1,NewOrder,1770904894.579276,4153,1,1
1,NewOrder,1770904894.579483,29101,23,1
1,NewOrder,1770904894.580880,18889,21,1
5,StockLevel,1770904894.581166,11690,12,1
1,NewOrder,1770904894.581273,26999,0,1
1,NewOrder,1770904894.581807,23356,5,1
3,OrderStatus,1770904894.583453,6203,1,1
1,NewOrder,1770904894.584619,32976,22,1
2,Payment,1770904894.585369,2816,9,1
1,NewOrder,1770904894.585446,34578,6,1
1,NewOrder,1770904894.586916,3096,15,1
2,Payment,1770904894.586944,2748,16,1
5,StockLevel,1770904894.586973,18276,11,1
2,Payment,1770904894.586983,33882,13,1
1,NewOrder,1770904894.588198,30866,9,1
1,NewOrder,1770904894.589672,17547,1,1
1,NewOrder,1770904894.589708,5007,16,1
2,Payment,1770904894.590023,1487,15,1
2,Payment,1770904894.590459,7225,3,1
1,NewOrder,1770904894.591523,8083,15,1
1,NewOrder,1770904894.592866,29747,12,1
2,Payment,1770904894.594326,18843,17,1
1,NewOrder,1770904894.594726,28277,16,1
2,Payment,1770904894.597164,3304,2,1
2,Payment,1770904894.597708,14460,3,1
2,Payment,1770904894.599617,15012,15,1
1,NewOrder,1770904894.599785,22877,7,1
1,NewOrder,1770904894.599794,22436,21,1
2,Payment,1770904894.600010,1516,10,1
1,NewOrder,1770904894.600482,8992,2,1
1,NewOrder,1770904894.600790,19763,20,1
1,NewOrder,1770904894.601539,6677,10,1
2,Payment,1770904894.603669,4139,8,1
2,Payment,1770904894.604346,3492,4,1
5,StockLevel,1770904894.605187,2068,5,1
2,Payment,1770904894.605262,6219,11,1
4,Delivery,1770904894.607230,23629,1,1
2,Payment,1770904894.607280,24280,5,1
1,NewOrder,1770904894.607824,27040,8,1
2,Payment,1770904894.607842,8123,14,1
3,OrderStatus,1770904894.607848,2649,4,1
2,Payment,1770904894.608225,5373,10,1
2,Payment,1770904894.608294,5615,0,1
2,Payment,1770904894.608608,2573,23,1
1,NewOrder,1770904894.609497,14007,2,1
1,NewOrder,1770904894.610512,24991,4,1
2,Payment,1770904894.611196,18113,23,1
2,Payment,1770904894.611491,18509,11,1
3,OrderStatus,1770904894.612191,3260,3,1
1,NewOrder,1770904894.613193,9717,17,1
5,StockLevel,1770904894.613609,21101,10,1
2,Payment,1770904894.613934,1522,0,1
2,Payment,1770904894.614644,3703,15,1
2,Payment,1770904894.615474,8327,0,1
2,Payment,1770904894.615474,6845,3,1
1,NewOrder,1770904894.615989,5972,14,1
2,Payment,1770904894.617606,40155,22,1
1,NewOrder,1770904894.618359,8821,15,1
2,Payment,1770904894.619078,39313,9,1
1,NewOrder,1770904894.620045,5860,6,1
2,Payment,1770904894.620575,17251,20,1
2,Payment,1770904894.620886,8078,13,1
1,NewOrder,1770904894.621984,13833,14,1
2,Payment,1770904894.622250,41218,21,1
1,NewOrder,1770904894.622342,81613,3,1
2,Payment,1770904894.622636,42023,12,1
2,Payment,1770904894.622676,37912,7,1
2,Payment,1770904894.622922,38741,17,1
2,Payment,1770904894.623023,44812,16,1
1,NewOrder,1770904894.623528,63433,2,1
1,NewOrder,1770904894.623825,3681,0,1
4,Delivery,1770904894.625919,2784,6,1
1,NewOrder,1770904894.627193,6265,15,1
4,Delivery,1770904894.627520,4285,0,1
1,NewOrder,1770904894.628714,87742,6,1
2,Payment,1770904894.628973,1605,13,1
2,Payment,1770904894.629332,2447,23,1
2,Payment,1770904894.630023,1799,11,1
2,Payment,1770904894.630594,1877,13,1
2,Payment,1770904894.630873,5265,1,1
1,NewOrder,1770904894.631583,10809,5,1
3,OrderStatus,1770904894.631789,1007,23,1
1,NewOrder,1770904894.631826,31577,0,1
1,NewOrder,1770904894.631836,22357,11,1
1,NewOrder,1770904894.632483,11478,13,1
2,Payment,1770904894.632808,1650,23,1
1,NewOrder,1770904894.633472,3474,15,1
2,Payment,1770904894.634468,2032,23,1
2,Payment,1770904894.634727,5233,10,1
2,Payment,1770904894.634887,8174,8,1
1,NewOrder,1770904894.635514,9655,4,1
2,Payment,1770904894.635832,24479,14,1
1,NewOrder,1770904894.636161,26877,1,1
1,NewOrder,1770904894.636510,12561,23,1
1,NewOrder,1770904894.636958,5782,15,1
1,NewOrder,1770904894.637837,5313,20,1
1,NewOrder,1770904894.639973,16551,10,1
2,Payment,1770904894.642416,3284,5,1
2,Payment,1770904894.642764,1921,15,1
1,NewOrder,1770904894.643084,3052,8,1
2,Payment,1770904894.643172,1948,20,1
1,NewOrder,1770904894.643973,14421,13,1
2,Payment,1770904894.644699,1668,15,1
1,NewOrder,1770904894.645136,3828,20,1
1,NewOrder,1770904894.645181,4902,4,1
2,Payment,1770904894.645724,2773,5,1
4,Delivery,1770904894.646146,18935,8,1
2,Payment,1770904894.646379,3450,15,1
1,NewOrder,1770904894.648514,23466,5,1
1,NewOrder,1770904894.648977,3360,20,1
2,Payment,1770904894.649094,1978,23,1
2,Payment,1770904894.649852,2133,15,1
1,NewOrder,1770904894.650095,4552,4,1
4,Delivery,1770904894.651082,17544,23,1
4,Delivery,1770904894.652001,23508,15,1
1,NewOrder,1770904894.652348,3634,20,1
2,Payment,1770904894.654205,15385,11,1
1,NewOrder,1770904894.654671,4726,4,1
2,Payment,1770904894.656006,7075,20,1
2,Payment,1770904894.656537,9931,10,1
2,Payment,1770904894.657808,17724,22,1
2,Payment,1770904894.658408,13845,13,1
2,Payment,1770904894.658415,4529,9,1
1,NewOrder,1770904894.659409,7668,4,1
1,NewOrder,1770904894.660323,31950,14,1
2,Payment,1770904894.660597,4538,7,1
3,OrderStatus,1770904894.661674,1157,17,1
2,Payment,1770904894.662842,10220,17,1
1,NewOrder,1770904894.662967,4478,9,1
2,Payment,1770904894.663059,7050,1,1
2,Payment,1770904894.663099,13620,20,1
1,NewOrder,1770904894.663414,46881,0,1
1,NewOrder,1770904894.663486,31300,21,1
1,NewOrder,1770904894.664672,34329,12,1
1,NewOrder,1770904894.665091,6930,8,1
1,NewOrder,1770904894.665158,18086,7,1
1,NewOrder,1770904894.666491,24982,10,1
1,NewOrder,1770904894.667088,22419,4,1
2,Payment,1770904894.667461,6075,9,1
3,OrderStatus,1770904894.667847,8848,16,1
2,Payment,1770904894.668636,18954,23,1
1,NewOrder,1770904894.669613,6321,11,1
1,NewOrder,1770904894.670121,54791,1,1
1,NewOrder,1770904894.672005,50832,5,1
2,Payment,1770904894.672045,3911,8,1
1,NewOrder,1770904894.672266,32682,13,1
1,NewOrder,1770904894.673075,28024,17,1
1,NewOrder,1770904894.673559,27033,9,1
4,Delivery,1770904894.675532,61512,15,1
2,Payment,1770904894.675556,2469,22,1
2,Payment,1770904894.675945,1776,11,1
1,NewOrder,1770904894.675973,26529,8,1
5,StockLevel,1770904894.676710,17111,16,1
2,Payment,1770904894.676734,2491,20,1
2,Payment,1770904894.677732,1898,11,1
2,Payment,1770904894.678041,2296,22,1
2,Payment,1770904894.679239,2302,20,1
1,NewOrder,1770904894.679661,5471,11,1
2,Payment,1770904894.680348,3182,22,1
2,Payment,1770904894.681552,3687,20,1
1,NewOrder,1770904894.683255,23505,7,1
1,NewOrder,1770904894.683546,4353,22,1
1,NewOrder,1770904894.685146,46305,11,1
1,NewOrder,1770904894.685253,7034,20,1
1,NewOrder,1770904894.686973,30992,2,1
1,NewOrder,1770904894.687611,10841,23,1
2,Payment,1770904894.687910,1985,22,1
1,NewOrder,1770904894.689519,21656,4,1
2,Payment,1770904894.689906,2123,22,1
1,NewOrder,1770904894.691483,18041,10,1
2,Payment,1770904894.692040,1525,22,1
1,NewOrder,1770904894.692297,3362,14,1
1,NewOrder,1770904894.692301,6200,20,1
2,Payment,1770904894.693574,2565,22,1
2,Payment,1770904894.693834,6710,16,1
1,NewOrder,1770904894.694810,18079,21,1
1,NewOrder,1770904894.695673,3206,14,1
2,Payment,1770904894.696152,2376,22,1
2,Payment,1770904894.698464,27641,23,1
2,Payment,1770904894.698513,1794,20,1
1,NewOrder,1770904894.698539,33708,22,1
2,Payment,1770904894.698890,4766,14,1
1,NewOrder,1770904894.699026,17862,12,1
1,NewOrder,1770904894.700320,30095,20,1
1,NewOrder,1770904894.700553,4963,16,1
2,Payment,1770904894.700615,2983,9,1
1,NewOrder,1770904894.701110,15257,17,1
2,Payment,1770904894.702517,16067,8,1
2,Payment,1770904894.703609,2246,9,1
2,Payment,1770904894.703668,2991,14,1
3,OrderStatus,1770904894.703979,2856,3,1
1,NewOrder,1770904894.704971,40357,13,1
1,NewOrder,1770904894.705527,5769,16,1
2,Payment,1770904894.705869,1456,9,1
2,Payment,1770904894.706671,4599,14,1
2,Payment,1770904894.706771,4198,7,1
1,NewOrder,1770904894.706845,44615,3,1
5,StockLevel,1770904894.707336,1638,9,1
2,Payment,1770904894.708987,4223,9,1
2,Payment,1770904894.709545,10284,10,1
1,NewOrder,1770904894.710309,19992,0,1
2,Payment,1770904894.710980,8988,7,1
1,NewOrder,1770904894.711188,6750,4,1
1,NewOrder,1770904894.711279,8094,14,1
1,NewOrder,1770904894.711311,4291,16,1
2,Payment,1770904894.712900,14765,21,1
1,NewOrder,1770904894.713222,40370,9,1
1,NewOrder,1770904894.715618,5703,16,1
1,NewOrder,1770904894.716380,38003,17,1
1,NewOrder,1770904894.716469,34375,6,1
1,NewOrder,1770904894.716903,39409,12,1
2,Payment,1770904894.717949,3038,4,1
2,Payment,1770904894.717977,10993,2,1
2,Payment,1770904894.718599,2698,8,1
1,NewOrder,1770904894.719384,4710,14,1
2,Payment,1770904894.719841,27070,10,1
2,Payment,1770904894.719981,29708,7,1
2,Payment,1770904894.720997,12595,4,1
2,Payment,1770904894.721309,27179,8,1
1,NewOrder,1770904894.721332,23713,16,1
1,NewOrder,1770904894.722853,14522,5,1
1,NewOrder,1770904894.724108,9603,14,1
2,Payment,1770904894.724924,10837,1,1
2,Payment,1770904894.726119,4323,23,1
2,Payment,1770904894.727679,11017,21,1
2,Payment,1770904894.728993,20322,2,1
4,Delivery,1770904894.730313,22469,0,1
1,NewOrder,1770904894.730428,3701,20,1
1,NewOrder,1770904894.730458,3646,23,1
1,NewOrder,1770904894.731475,12390,11,1
1,NewOrder,1770904894.732259,8995,22,1
1,NewOrder,1770904894.733607,24204,4,1
1,NewOrder,1770904894.733734,7545,14,1
2,Payment,1770904894.734140,4779,20,1
1,NewOrder,1770904894.735782,12170,1,1
2,Payment,1770904894.737058,6871,15,1
1,NewOrder,1770904894.737391,4335,5,1
2,Payment,1770904894.738707,11777,21,1
2,Payment,1770904894.738940,1742,20,1
1,NewOrder,1770904894.740694,3043,20,1
1,NewOrder,1770904894.741268,4402,22,1
2,Payment,1770904894.741298,4058,14,1
1,NewOrder,1770904894.741740,34192,5,1
2,Payment,1770904894.743888,29489,11,1
2,Payment,1770904894.743952,3955,15,1
2,Payment,1770904894.745056,25967,16,1
1,NewOrder,1770904894.745339,2925,13,1
2,Payment,1770904894.745369,24045,14,1
1,NewOrder,1770904894.746922,14035,10,1
2,Payment,1770904894.747970,2946,1,1
1,NewOrder,1770904894.748277,6668,13,1
2,Payment,1770904894.748498,17272,8,1
2,Payment,1770904894.749338,3832,2,1
1,NewOrder,1770904894.749701,5516,7,1
1,NewOrder,1770904894.750499,8953,21,1
2,Payment,1770904894.750855,16738,6,1
1,NewOrder,1770904894.750927,7401,1,1
2,Payment,1770904894.751482,4456,3,1
1,NewOrder,1770904894.752805,11263,0,1
2,Payment,1770904894.753180,5170,2,1
2,Payment,1770904894.753614,26811,9,1
2,Payment,1770904894.754396,21821,17,1
1,NewOrder,1770904894.754968,12872,13,1
1,NewOrder,1770904894.755240,8254,7,1
1,NewOrder,1770904894.755949,6959,3,1
2,Payment,1770904894.756335,21687,12,1
2,Payment,1770904894.757834,2282,4,1
4,Delivery,1770904894.758352,6575,1,1
1,NewOrder,1770904894.758363,3479,2,1
1,NewOrder,1770904894.759464,23955,21,1
2,Payment,1770904894.760132,2041,4,1
2,Payment,1770904894.761853,2118,2,1
1,NewOrder,1770904894.762184,19243,4,1
4,Delivery,1770904894.762931,2464,3,1
2,Payment,1770904894.763505,6935,7,1
1,NewOrder,1770904894.763986,18601,2,1
2,Payment,1770904894.764091,4604,0,1
1,NewOrder,1770904894.764943,18056,1,1
2,Payment,1770904894.765414,10897,3,1
2,Payment,1770904894.765810,3129,8,1
2,Payment,1770904894.767604,11354,6,1
2,Payment,1770904894.767855,22969,13,1
1,NewOrder,1770904894.768953,4341,8,1
2,Payment,1770904894.769435,3565,14,1
1,NewOrder,1770904894.770455,5721,7,1
2,Payment,1770904894.773305,3893,8,1
1,NewOrder,1770904894.773392,7384,11,1
2,Payment,1770904894.776188,10743,7,1
3,OrderStatus,1770904894.776229,1414,17,1
2,Payment,1770904894.776333,9777,3,1
2,Payment,1770904894.777220,14160,8,1
1,NewOrder,1770904894.777657,7871,17,1
3,OrderStatus,1770904894.778034,3603,12,1
1,NewOrder,1770904894.778969,8240,6,1
1,NewOrder,1770904894.780438,4519,9,1
2,Payment,1770904894.780788,2523,11,1
1,NewOrder,1770904894.781647,6635,12,1
1,NewOrder,1770904894.783023,3203,1,1
2,Payment,1770904894.783324,2022,11,1
1,NewOrder,1770904894.785551,3984,17,1
2,Payment,1770904894.786122,2862,3,1
2,Payment,1770904894.786943,1660,7,1
2,Payment,1770904894.787224,2852,6,1
1,NewOrder,1770904894.789551,4352,17,1
5,StockLevel,1770904894.790847,2323,13,1
2,Payment,1770904894.791395,1415,8,1
